,,,,,,,,,,,,,,,,,TRAIL 12M,AÑO DE INICIO,TICKER,Nombre,,,,,,,,,,RATING,UPSIDE,PRECIO ACTUAL,PRECIO COMPRA,MEDIANA MAXIMA,PRECIO MAXIMO,BANDA MAXIMA,YIELD MAXIMO,YIELD OVERVALUED,YIELD MEDIO,YOC MAXIMO,G/P MAXIMAS,G/P MAXIMAS CON DIV,RATING MAXIMO,,,,COTIZACIÓN,,,SI,,,MAXIMO,MINIMO,ANCHO,DIVISION,MARCAS
,,,,,,,,,,,,,,,,,NO,2016,AAPL US,Apple,,,,,,,,,,,,$    333.02,,,,,,,,,,,,,,,,,,NO,,,,,,,
,,,,,,,,,,,,,,,,,CONFIANZA,EXTRA,YOC,FECHA COMPRA,,,,,,,,,,PRECIO MEDIANA,UPSIDE MEDIANA,YIELD ACTUAL,PRECIO VENTA,MEDIANA MINIMA,PRECIO MINIMO,BANDA MINIMA,YIELD MINIMO,YIELD UNDERVALUED,MEDIANA YIELD,YOC MINIMO,G/P MINIMAS,G/P MINIMAS CON DIV,RATING MINIMO,,,,3Y CAGR,1.38%,,Apple - Max. DrawDown (%),,,,,,,
,,,,,,,,,,,,,,,,,90%,NO,,11/10/2017,,,,,,,,,,,,,,,,,,,,,,,,,,,5Y CAGR,2.74%,,Apple - Returns (%),,,,,,,
,,,,,,,,,,,,,,,,,,,,,,,,,,,,,,,,,,,,,,,,,,,,,,,10Y CAGR,5.91%,,Apple - Yield On Cost (YOC),,,,,,,
,,,,,,,,,,,,,,,,,,YEAR,Date,Close,RSM POSITIVO,RSM NEGATIVO,Date,Close,Date,Close,RSD,MA(RSD),MRS = (( RSD(today) /ma(RSD(today). n)) - 1 ) * 100,YIELD,PRICE,DPS,CHANEL O,CHANEL U,CHANEL M,RATING,UPSIDE,OVERVALUED,UNDERVALUED,YOC,PRECIO,DIVIDENDOS,DIVIDENDOS DESDE COMPRA,MEDIANA YIELD,MAX. DRAWDOWN,,AÑO,DIVIDENDOS,% YoY,,,,Nº,INTERVALOS,FRECUENCIA,F. ACUMULADA,% TOTAL
,,,,,,,,,,,,,,,,,,2016,1/4/2016,$                                                       26.34,,,12/29/2014,,12/29/2014,,,,,2.12%,$             26.34,0.56,,,,,,,,3.61%,,,2.6375,,0.00%,,1997,0.00,-,,,,0,,,,
,,,,,,,,,,,,,,,,,,2016,1/5/2016,$                                                       25.68,,,1/5/2015,,1/5/2015,,,,,2.17%,$             25.68,0.56,,,,,,,,3.70%,,,2.6375,,-2.51%,,1998,0.00,,,,,1,,,,
,,,,,,,,,,,,,,,,,,2016,1/6/2016,$                                                        25.18,,,1/12/2015,,1/12/2015,,,,,2.21%,$              25.18,0.56,,,,,,,,3.77%,,,2.6375,,-4.41%,,1999,0.00,,,,,2,,,,
,,,,,,,,,,,,,,,,,,2016,1/7/2016,$                                                         24.11,,,1/20/2015,,1/20/2015,,,,,2.31%,$               24.11,0.56,,,,,,,,3.94%,,,2.6375,,-8.45%,,2000,0.00,,1/1/1970,1970,,3,,,,
,,,,,,,,,,,,,,,,,,2016,1/8/2016,$                                                       24.24,,,1/26/2015,,1/26/2015,,,,,2.30%,$             24.24,0.56,,,,,,,,3.92%,,,2.6375,,-7.96%,,2001,0.00,,1/1/1971,1971,,4,,,,
,,,,,,,,,,,,,,,,,,2016,1/11/2016,$                                                       24.63,,,2/2/2015,,2/2/2015,,,,,2.26%,$             24.63,0.56,,,,,,,,3.86%,,,2.6375,,-6.47%,,2002,0.00,,1/1/1972,1972,,5,,,,
,,,,,,,,,,,,,,,,,,2016,1/12/2016,$                                                       24.99,,,2/9/2015,,2/9/2015,,,,,2.23%,$             24.99,0.56,,,,,,,,3.80%,,,2.6375,,-5.12%,,2003,0.00,,1/1/1973,1973,,6,,,,
,,,,,,,,,,,,,,,,,,2016,1/13/2016,$                                                       24.35,,,2/17/2015,,2/17/2015,,,,,2.29%,$             24.35,0.56,,,,,,,,3.90%,,,2.6375,,-7.56%,,2004,0.00,,1/1/1974,1974,,7,,,,
,,,,,,,,,,,,,,,,,,2016,1/14/2016,$                                                       24.88,,,2/23/2015,,2/23/2015,,,,,2.24%,$             24.88,0.56,,,,,,,,3.82%,,,2.6375,,-5.53%,,2005,0.00,,1/1/1975,1975,,8,,,,
,,,,,,,,,,,,,,,,,,2016,1/15/2016,$                                                       24.28,,,3/2/2015,,3/2/2015,,,,,2.30%,$             24.28,0.56,,,,,,,,3.91%,,,2.6375,,-7.80%,,2006,0.00,,1/1/1976,1976,,9,,,,
,,,,,,,,,,,,,,,,,,2016,1/19/2016,$                                                        24.17,,,3/9/2015,,3/9/2015,,,,,2.31%,$              24.17,0.56,,,,,,,,3.93%,,,2.6375,,-8.25%,,2007,0.00,,1/1/1977,1977,,10,,,,
,,,,,,,,,,,,,,,,,,2016,1/20/2016,$                                                       24.20,,,3/16/2015,,3/16/2015,,,,,2.30%,$             24.20,0.56,,,,,,,,3.93%,,,2.6375,,-8.13%,,2008,0.00,,1/1/1978,1978,,11,,,,
,,,,,,,,,,,,,,,,,,2016,1/21/2016,$                                                       24.08,,,3/23/2015,,3/23/2015,,,,,2.32%,$             24.08,0.56,,,,,,,,3.95%,,,2.6375,,-8.59%,,2009,0.00,,1/1/1979,1979,,12,,,,
,,,,,,,,,,,,,,,,,,2016,1/22/2016,$                                                       25.36,,,3/30/2015,,3/30/2015,,,,,2.20%,$             25.36,0.56,,,,,,,,3.75%,,,2.6375,,-3.73%,,2010,0.00,,1/1/1980,1980,,13,,,,
,,,,,,,,,,,,,,,,,,2016,1/25/2016,$                                                       24.86,,,4/6/2015,,4/6/2015,,,,,2.24%,$             24.86,0.56,,,,,,,,3.82%,,,2.6375,,-5.61%,,2011,0.00,,1/1/1981,1981,,14,,,,
,,,,,,,,,,,,,,,,,,2016,1/26/2016,$                                                       25.00,,,4/13/2015,,4/13/2015,,,,,2.23%,$             25.00,0.56,,,,,,,,3.80%,,,2.6375,,-5.09%,,2012,0.19,,1/1/1982,1982,,15,,,,
,,,,,,,,,,,,,,,,,,2016,1/27/2016,$                                                       23.36,,,4/20/2015,,4/20/2015,,,,,2.39%,$             23.36,0.56,,,,,,,,4.07%,,,2.6375,,-11.32%,,2013,0.42,122.64%,1/1/1983,1983,,16,,,,
,,,,,,,,,,,,,,,,,,2016,1/28/2016,$                                                       23.52,,,4/27/2015,,4/27/2015,,,,,2.37%,$             23.52,0.56,,,,,,,,4.04%,,,2.6375,,-10.69%,,2014,0.46,9.49%,1/1/1984,1984,,17,,,,
,,,,,,,,,,,,,,,,,,2016,1/29/2016,$                                                       24.34,,,5/4/2015,,5/4/2015,,,,,2.29%,$             24.34,0.56,,,,,,,,3.90%,,,2.6375,,-7.60%,,2015,0.51,9.98%,1/1/1985,1985,,18,,,,
,,,,,,,,,,,,,,,,,,2016,2/1/2016,$                                                         24.11,,,5/11/2015,,5/11/2015,,,,,2.31%,$               24.11,0.56,,,,,,,,3.94%,,,2.6375,,-8.47%,,2016,0.56,9.85%,1/1/1986,1986,,19,,,,
,,,,,,,,,,,,,,,,,,2016,2/2/2016,$                                                       23.62,,,5/18/2015,,5/18/2015,,,,,2.36%,$             23.62,0.56,,,,,,,,4.02%,,,2.6375,,-10.32%,,2017,0.62,10.31%,1/1/1987,1987,,20,,,,
,,,,,,,,,,,,,,,,,,2016,2/3/2016,$                                                       24.09,,,5/26/2015,,5/26/2015,,,,,2.31%,$             24.09,0.56,,,,,,,,3.94%,,,2.6375,,-8.54%,,2018,0.71,14.63%,1/1/1988,1988,,21,,,,
,,,,,,,,,,,,,,,,,,2016,2/4/2016,$                                                        24.15,,,6/1/2015,,6/1/2015,,,,,2.31%,$              24.15,0.56,,,,,,,,3.93%,,,2.6375,,-8.31%,,2019,0.76,7.80%,1/1/1989,1989,,22,,,,
,,,,,,,,,,,,,,,,,,2016,2/5/2016,$                                                        23.51,,,6/8/2015,,6/8/2015,,,,,2.37%,$              23.51,0.56,,,,,,,,4.04%,,,2.6375,,-10.75%,,2020,0.81,6.25%,1/1/1990,1990,,23,,,,
,,,,,,,,,,,,,,,,,,2016,2/8/2016,$                                                       23.75,,,6/15/2015,,6/15/2015,,,,,2.35%,$             23.75,0.56,,,,,,,,4.00%,,,2.6375,,-9.81%,,2021,0.87,7.12%,1/1/1991,1991,,24,,,,
,,,,,,,,,,,,,,,,,,2016,2/9/2016,$                                                       23.75,,,6/22/2015,,6/22/2015,,,,,2.35%,$             23.75,0.56,,,,,,,,4.00%,,,2.6375,,-9.83%,,2022,0.91,5.20%,1/1/1992,1992,,25,,,,
,,,,,,,,,,,,,,,,,,2016,2/10/2016,$                                                       23.57,,,6/29/2015,,6/29/2015,,,,,2.37%,$             23.57,0.56,,,,,,,,4.03%,,,2.6375,,-10.52%,,2023,0.95,4.40%,1/1/1993,1993,,26,,,,
,,,,,,,,,,,,,,,,,,2016,2/11/2016,$                                                       23.43,,,7/6/2015,,7/6/2015,,,,,2.38%,$             23.43,0.56,,,,,,,,4.06%,,,2.6375,,-11.06%,,2024,0.99,4.21%,1/1/1994,1994,,27,,,,
,,,,,,,,,,,,,,,,,,2016,2/12/2016,$                                                       23.50,,,7/13/2015,,7/13/2015,,,,,2.37%,$             23.50,0.56,,,,,,,,4.04%,,,2.6375,,-10.78%,,2025,0.99,0.00%,1/1/1995,1995,,28,,,,
,,,,,,,,,,,,,,,,,,2016,2/16/2016,$                                                        24.16,,,7/20/2015,,7/20/2015,,,,,2.31%,$              24.16,0.56,,,,,,,,3.93%,,,2.6375,,-8.27%,,2026,0.99,0.00%,1/1/1996,1996,,29,,,,
,,,,,,,,,,,,,,,,,,2016,2/17/2016,$                                                       24.53,,,7/27/2015,,7/27/2015,,,,,2.27%,$             24.53,0.56,,,,,,,,3.87%,,,2.6375,,-6.86%,,,,,1/1/1997,1997,,30,,,,
,,,,,,,,,,,,,,,,,,2016,2/18/2016,$                                                       24.07,,,8/3/2015,,8/3/2015,,,,,2.32%,$             24.07,0.56,,,,,,,,3.95%,,,2.6375,,-8.63%,,,,,1/1/1998,1998,,31,,,,
,,,,,,,,,,,,,,,,,,2016,2/19/2016,$                                                        24.01,,,8/10/2015,,8/10/2015,,,,,2.32%,$              24.01,0.56,,,,,,,,3.96%,,,2.6375,,-8.84%,,,,,1/1/1999,1999,,32,,,,
,,,,,,,,,,,,,,,,,,2016,2/22/2016,$                                                       24.22,,,8/17/2015,,8/17/2015,,,,,2.30%,$             24.22,0.56,,,,,,,,3.92%,,,2.6375,,-8.04%,,,,,1/1/2000,2000,,33,,,,
,,,,,,,,,,,,,,,,,,2016,2/23/2016,$                                                       23.67,,,8/24/2015,,8/24/2015,,,,,2.36%,$             23.67,0.56,,,,,,,,4.01%,,,2.6375,,-10.12%,,,,,1/1/2001,2001,,34,,,,
,,,,,,,,,,,,,,,,,,2016,2/24/2016,$                                                       24.03,,,8/31/2015,,8/31/2015,,,,,2.32%,$             24.03,0.56,,,,,,,,3.95%,,,2.6375,,-8.78%,,,,,1/1/2002,2002,,35,,,,
,,,,,,,,,,,,,,,,,,2016,2/25/2016,$                                                        24.19,,,9/8/2015,,9/8/2015,,,,,2.30%,$              24.19,0.56,,,,,,,,3.93%,,,2.6375,,-8.15%,,,,,1/1/2003,2003,,36,,,,
,,,,,,,,,,,,,,,,,,2016,2/26/2016,$                                                       24.23,,,9/14/2015,,9/14/2015,,,,,2.30%,$             24.23,0.56,,,,,,,,3.92%,,,2.6375,,-8.01%,,,,,1/1/2004,2004,,37,,,,
,,,,,,,,,,,,,,,,,,2016,2/29/2016,$                                                        24.17,,,9/21/2015,,9/21/2015,,,,,2.31%,$              24.17,0.56,,,,,,,,3.93%,,,2.6375,,-8.22%,,,,,1/1/2005,2005,,38,,,,
,,,,,,,,,,,,,,,,,,2016,3/1/2016,$                                                        25.13,,,9/28/2015,,9/28/2015,,,,,2.22%,$              25.13,0.56,,,,,,,,3.78%,,,2.6375,,-4.58%,,,,,1/1/2006,2006,,39,,,,
,,,,,,,,,,,,,,,,,,2016,3/2/2016,$                                                        25.19,,,10/5/2015,,10/5/2015,,,,,2.21%,$              25.19,0.56,,,,,,,,3.77%,,,2.6375,,-4.37%,,,,,1/1/2007,2007,,40,,,,
,,,,,,,,,,,,,,,,,,2016,3/3/2016,$                                                       25.38,,,10/12/2015,,10/12/2015,,,,,2.20%,$             25.38,0.56,,,,,,,,3.74%,,,2.6375,,-3.65%,,,,,1/1/2008,2008,,41,,,,
,,,,,,,,,,,,,,,,,,2016,3/4/2016,$                                                       25.75,,,10/19/2015,,10/19/2015,,,,,2.16%,$             25.75,0.56,,,,,,,,3.69%,,,2.6375,,-2.22%,,,,,1/1/2009,2009,,42,,,,
,,,,,,,,,,,,,,,,,,2016,3/7/2016,$                                                       25.47,,,10/26/2015,,10/26/2015,,,,,2.19%,$             25.47,0.56,,,,,,,,3.73%,,,2.6375,,-3.30%,,,,,1/1/2010,2010,,43,,,,
,,,,,,,,,,,,,,,,,,2016,3/8/2016,$                                                       25.26,,,11/2/2015,,11/2/2015,,,,,2.21%,$             25.26,0.56,,,,,,,,3.76%,,,2.6375,,-4.10%,,,,,1/1/2011,2011,,44,,,,
,,,,,,,,,,,,,,,,,,2016,3/9/2016,$                                                       25.28,,,11/9/2015,,11/9/2015,,,,,2.21%,$             25.28,0.56,,,,,,,,3.76%,,,2.6375,,-4.02%,,,,,1/1/2012,2012,,45,,,,
,,,,,,,,,,,,,,,,,,2016,3/10/2016,$                                                       25.29,,,11/16/2015,,11/16/2015,,,,,2.20%,$             25.29,0.56,,,,,,,,3.76%,,,2.6375,,-3.97%,,,,,1/1/2013,2013,,46,,,,
,,,,,,,,,,,,,,,,,,2016,3/11/2016,$                                                       25.57,,,11/23/2015,,11/23/2015,,,,,2.18%,$             25.57,0.56,,,,,,,,3.72%,,,2.6375,,-2.93%,,,,,1/1/2014,2014,,47,,,,
,,,,,,,,,,,,,,,,,,2016,3/14/2016,$                                                       25.63,,,11/30/2015,,11/30/2015,,,,,2.18%,$             25.63,0.56,,,,,,,,3.71%,,,2.6375,,-2.69%,,,,,1/1/2015,2015,,48,,,,
,,,,,,,,,,,,,,,,,,2016,3/15/2016,$                                                        26.15,,,12/7/2015,,12/7/2015,,,,,2.13%,$              26.15,0.56,,,,,,,,3.63%,,,2.6375,,-0.73%,,,,,1/1/2016,2016,,49,,,,
,,,,,,,,,,,,,,,,,,2016,3/16/2016,$                                                       26.49,,,12/14/2015,,12/14/2015,,,,,2.10%,$             26.49,0.56,,,,,,,,3.59%,,,2.6375,,0.00%,,,,,1/1/2017,2017,,50,,,,
,,,,,,,,,,,,,,,,,,2016,3/17/2016,$                                                       26.45,,,12/21/2015,,12/21/2015,,,,,2.11%,$             26.45,0.56,,,,,,,,3.59%,,,2.6375,,-0.16%,,,,,1/1/2018,2018,,51,,,,
,,,,,,,,,,,,,,,,,,2016,3/18/2016,$                                                       26.48,,,12/28/2015,,12/28/2015,,,,,2.11%,$             26.48,0.56,,,,,,,,3.59%,,,2.6375,,-0.05%,,,,,1/1/2019,2019,,52,,,,
,,,,,,,,,,,,,,,,,,2016,3/21/2016,$                                                       26.48,,,1/4/2016,,1/4/2016,,,,,,$             26.48,,,,,,,,,3.59%,,,2.6375,,-0.06%,,,,,1/1/2020,2020,,53,,,,
,,,,,,,,,,,,,,,,,,2016,3/22/2016,$                                                       26.68,,,1/11/2016,,1/11/2016,,,,,2.09%,$             26.68,0.56,,,,,,,,3.56%,,,2.6375,,0.00%,,,,,,,,54,,,,
,,,,,,,,,,,,,,,,,,2016,3/23/2016,$                                                       26.53,,,1/19/2016,,1/19/2016,,,,,2.10%,$             26.53,0.56,,,,,,,,3.58%,,,2.6375,,-0.55%,,,,,,,,55,,,,
,,,,,,,,,,,,,,,,,,2016,3/24/2016,$                                                       26.42,,,1/25/2016,,1/25/2016,,,,,2.11%,$             26.42,0.56,,,,,,,,3.60%,,,2.6375,,-0.98%,,,,,,,,56,,,,
,,,,,,,,,,,,,,,,,,2016,3/28/2016,$                                                       26.30,,,2/1/2016,,2/1/2016,,,,,2.12%,$             26.30,0.56,,,,,,,,3.61%,,,2.6375,,-1.43%,,,,,,80%,,57,,,,
,,,,,,,,,,,,,,,,,,2016,3/29/2016,$                                                       26.92,,,2/8/2016,,2/8/2016,,,,,,$             26.92,,,,,,,,,3.53%,,,2.6375,,0.00%,,,,,,81%,,58,,,,
,,,,,,,,,,,,,,,,,,2016,3/30/2016,$                                                       27.39,,,2/16/2016,,2/16/2016,,,,,2.04%,$             27.39,0.56,,,,,,,,3.47%,,,2.6375,,0.00%,,,,,,82%,,59,,,,
,,,,,,,,,,,,,,,,,,2016,3/31/2016,$                                                       27.25,,,2/22/2016,,2/22/2016,,,,,2.05%,$             27.25,0.56,,,,,,,,3.49%,,,2.6375,,-0.52%,,,,,,83%,,60,,,,
,,,,,,,,,,,,,,,,,,2016,4/1/2016,$                                                       27.50,,,2/29/2016,,2/29/2016,,,,,2.03%,$             27.50,0.56,,,,,,,,3.45%,,,2.6375,,0.00%,,,,,,84%,,61,,,,
,,,,,,,,,,,,,,,,,,2016,4/4/2016,$                                                       27.78,,,3/7/2016,,3/7/2016,,,,,2.01%,$             27.78,0.56,,,,,,,,3.42%,,,2.6375,,0.00%,,,,,,85%,,62,,,,
,,,,,,,,,,,,,,,,,,2016,4/5/2016,$                                                       27.45,,,3/14/2016,,3/14/2016,,,,,2.03%,$             27.45,0.56,,,,,,,,3.46%,,,2.6375,,-1.18%,,,,,,86%,,63,,,,
,,,,,,,,,,,,,,,,,,2016,4/6/2016,$                                                       27.74,,,3/21/2016,,3/21/2016,,,,,2.01%,$             27.74,0.56,,,,,,,,3.42%,,,2.6375,,-0.14%,,,,,,87%,,64,,,,
,,,,,,,,,,,,,,,,,,2016,4/7/2016,$                                                        27.14,,,3/28/2016,,3/28/2016,,,,,2.05%,$              27.14,0.56,,,,,,,,3.50%,,,2.6375,,-2.32%,,,,,,88%,,65,,,,
,,,,,,,,,,,,,,,,,,2016,4/8/2016,$                                                        27.17,,,4/4/2016,,4/4/2016,,,,,2.05%,$              27.17,0.56,,,,,,,,3.50%,,,2.6375,,-2.21%,,,,,,89%,,66,,,,
,,,,,,,,,,,,,,,,,,2016,4/11/2016,$                                                       27.26,,,4/11/2016,,4/11/2016,,,,,2.05%,$             27.26,0.56,,,,,,,,3.49%,,,2.6375,,-1.89%,,,,,,90%,,67,,,,
,,,,,,,,,,,,,,,,,,2016,4/12/2016,$                                                        27.61,,,4/18/2016,,4/18/2016,,,,,2.02%,$              27.61,0.56,,,,,,,,3.44%,,,2.6375,,-0.61%,,,,,,91%,,68,,,,
,,,,,,,,,,,,,,,,,,2016,4/13/2016,$                                                        28.01,,,4/25/2016,,4/25/2016,,,,,1.99%,$              28.01,0.56,,,,,,,,3.39%,,,2.6375,,0.00%,,,,,,92%,,69,,,,
,,,,,,,,,,,,,,,,,,2016,4/14/2016,$                                                       28.03,,,5/2/2016,,5/2/2016,,,,,1.99%,$             28.03,0.56,,,,,,,,3.39%,,,2.6375,,0.00%,,,,,,93%,,70,,,,
,,,,,,,,,,,,,,,,,,2016,4/15/2016,$                                                       27.46,,,5/9/2016,,5/9/2016,,,,,2.03%,$             27.46,0.56,,,,,,,,3.46%,,,2.6375,,-2.01%,,,,,,94%,,71,,,,
,,,,,,,,,,,,,,,,,,2016,4/18/2016,$                                                       26.87,,,5/16/2016,,5/16/2016,,,,,2.07%,$             26.87,0.56,,,,,,,,3.54%,,,2.6375,,-4.12%,,,,,,95%,,72,,,,
,,,,,,,,,,,,,,,,,,2016,4/19/2016,$                                                       26.73,,,5/23/2016,,5/23/2016,,,,,2.09%,$             26.73,0.56,,,,,,,,3.55%,,,2.6375,,-4.63%,,,,,,96%,,73,,,,
,,,,,,,,,,,,,,,,,,2016,4/20/2016,$                                                       26.78,,,5/31/2016,,5/31/2016,,,,,2.08%,$             26.78,0.56,,,,,,,,3.55%,,,2.6375,,-4.43%,,,,,,97%,,74,,,,
,,,,,,,,,,,,,,,,,,2016,4/21/2016,$                                                       26.49,,,6/6/2016,,6/6/2016,,,,,2.10%,$             26.49,0.56,,,,,,,,3.59%,,,2.6375,,-5.47%,,,,,,98%,,75,,,,
,,,,,,,,,,,,,,,,,,2016,4/22/2016,$                                                       26.42,,,6/13/2016,,6/13/2016,,,,,2.11%,$             26.42,0.56,,,,,,,,3.60%,,,2.6375,,-5.73%,,,,,,99%,,76,,,,
,,,,,,,,,,,,,,,,,,2016,4/25/2016,$                                                       26.27,,,6/20/2016,,6/20/2016,,,,,2.12%,$             26.27,0.56,,,,,,,,3.62%,,,2.6375,,-6.26%,,,,,,100%,,77,,,,
,,,,,,,,,,,,,,,,,,2016,4/26/2016,$                                                       26.09,,,6/27/2016,,6/27/2016,,,,,2.14%,$             26.09,0.56,,,,,,,,3.64%,,,2.6375,,-6.91%,,,,,,,,78,,,,
,,,,,,,,,,,,,,,,,,2016,4/27/2016,$                                                       24.46,,,7/5/2016,,7/5/2016,,,,,2.28%,$             24.46,0.56,,,,,,,,3.88%,,,2.6375,,-12.74%,,,,,,,,79,,,,
,,,,,,,,,,,,,,,,,,2016,4/28/2016,$                                                        23.71,,,7/11/2016,,7/11/2016,,,,,2.35%,$              23.71,0.56,,,,,,,,4.01%,,,2.6375,,-15.41%,,,,,,,,80,,,,
,,,,,,,,,,,,,,,,,,2016,4/29/2016,$                                                       23.44,,,7/18/2016,,7/18/2016,,,,,2.38%,$             23.44,0.56,,,,,,,,4.05%,,,2.6375,,-16.38%,,,,,,,,,,,,
,,,,,,,,,,,,,,,,,,2016,5/2/2016,$                                                        23.41,,,7/25/2016,,7/25/2016,,,,,2.38%,$              23.41,0.56,,,,,,,,4.06%,,,2.6375,,-16.47%,,,,,,,,,,,,
,,,,,,,,,,,,,,,,,,2016,5/3/2016,$                                                       23.80,,,8/1/2016,,8/1/2016,,,,,2.34%,$             23.80,0.56,,,,,,,,3.99%,,,2.6375,,-15.09%,,,,,,,,,,,,
,,,,,,,,,,,,,,,,,,2016,5/4/2016,$                                                       23.55,,,8/8/2016,,8/8/2016,,,,,2.37%,$             23.55,0.56,,,,,,,,4.03%,,,2.6375,,-15.98%,,,,,,,,,,,,
,,,,,,,,,,,,,,,,,,2016,5/5/2016,$                                                        23.31,,,8/15/2016,,8/15/2016,,,,,2.39%,$              23.31,0.56,,,,,,,,4.08%,,,2.6375,,-16.82%,,,,,,,,,,,,
,,,,,,,,,,,,,,,,,,2016,5/6/2016,$                                                        23.18,,,8/22/2016,,8/22/2016,,,,,2.41%,$              23.18,0.56,,,,,,,,4.10%,,,2.6375,,-17.29%,,,,,,,,,,,,
,,,,,,,,,,,,,,,,,,2016,5/9/2016,$                                                       23.20,,,8/29/2016,,8/29/2016,,,,,2.40%,$             23.20,0.56,,,,,,,,4.10%,,,2.6375,,-17.23%,,,,,,,,,,,,
,,,,,,,,,,,,,,,,,,2016,5/10/2016,$                                                       23.36,,,9/6/2016,,9/6/2016,,,,,2.39%,$             23.36,0.56,,,,,,,,4.07%,,,2.6375,,-16.66%,,,,,,,,,,,,
,,,,,,,,,,,,,,,,,,2016,5/11/2016,$                                                        23.13,,,9/12/2016,,9/12/2016,,,,,2.41%,$              23.13,0.56,,,,,,,,4.11%,,,2.6375,,-17.48%,,,,,,,,,,,,
,,,,,,,,,,,,,,,,,,2016,5/12/2016,$                                                       22.59,,,9/19/2016,,9/19/2016,,,,,2.47%,$             22.59,0.56,,,,,,,,4.21%,,,2.6375,,-19.41%,,,,,,,,,,,,
,,,,,,,,,,,,,,,,,,2016,5/13/2016,$                                                       22.63,,,9/26/2016,,9/26/2016,,,,,2.46%,$             22.63,0.56,,,,,,,,4.20%,,,2.6375,,-19.25%,,,,,,,,,,,,
,,,,,,,,,,,,,,,,,,2016,5/16/2016,$                                                       23.47,,,10/3/2016,,10/3/2016,,,,,2.38%,$             23.47,0.56,,,,,,,,4.05%,,,2.6375,,-16.25%,,,,,,,,,,,,
,,,,,,,,,,,,,,,,,,2016,5/17/2016,$                                                       23.37,,,10/10/2016,,10/10/2016,,,,,2.39%,$             23.37,0.56,,,,,,,,4.06%,,,2.6375,,-16.60%,,,,,,,,,,,,
,,,,,,,,,,,,,,,,,,2016,5/18/2016,$                                                       23.64,,,10/17/2016,,10/17/2016,,,,,2.36%,$             23.64,0.56,,,,,,,,4.02%,,,2.6375,,-15.65%,,,,,,,,,,,,
,,,,,,,,,,,,,,,,,,2016,5/19/2016,$                                                       23.55,,,10/24/2016,,10/24/2016,,,,,2.37%,$             23.55,0.56,,,,,,,,4.03%,,,2.6375,,-15.97%,,,,,,,,,,,,
,,,,,,,,,,,,,,,,,,2016,5/20/2016,$                                                        23.81,,,10/31/2016,,10/31/2016,,,,,2.34%,$              23.81,0.56,,,,,,,,3.99%,,,2.6375,,-15.06%,,,,,,,,,,,,
,,,,,,,,,,,,,,,,,,2016,5/23/2016,$                                                         24.11,,,11/7/2016,,11/7/2016,,,,,2.31%,$               24.11,0.56,,,,,,,,3.94%,,,2.6375,,-13.98%,,,,,,,,,,,,
,,,,,,,,,,,,,,,,,,2016,5/24/2016,$                                                       24.48,,,11/14/2016,,11/14/2016,,,,,2.28%,$             24.48,0.56,,,,,,,,3.88%,,,2.6375,,-12.67%,,,,,,,,,,,,
,,,,,,,,,,,,,,,,,,2016,5/25/2016,$                                                        24.91,,,11/21/2016,,11/21/2016,,,,,2.24%,$              24.91,0.56,,,,,,,,3.81%,,,2.6375,,-11.13%,,,,,,,,,,,,
,,,,,,,,,,,,,,,,,,2016,5/26/2016,$                                                        25.10,,,11/28/2016,,11/28/2016,,,,,2.22%,$              25.10,0.56,,,,,,,,3.78%,,,2.6375,,-10.43%,,,,,,,,,,,,
,,,,,,,,,,,,,,,,,,2016,5/27/2016,$                                                       25.09,,,12/5/2016,,12/5/2016,,,,,2.22%,$             25.09,0.56,,,,,,,,3.79%,,,2.6375,,-10.48%,,,,,,,,,,,,
,,,,,,,,,,,,,,,,,,2016,5/31/2016,$                                                       24.97,,,12/12/2016,,12/12/2016,,,,,2.23%,$             24.97,0.56,,,,,,,,3.81%,,,2.6375,,-10.92%,,,,,,,,,,,,
,,,,,,,,,,,,,,,,,,2016,6/1/2016,$                                                       24.62,,,12/19/2016,,12/19/2016,,,,,2.26%,$             24.62,0.56,,,,,,,,3.86%,,,2.6375,,-12.17%,,,,,,,,,,,,
,,,,,,,,,,,,,,,,,,2016,6/2/2016,$                                                       24.43,,,12/27/2016,,12/27/2016,,,,,2.28%,$             24.43,0.56,,,,,,,,3.89%,,,2.6375,,-12.83%,,,,,,,,,,,,
,,,,,,,,,,,,,,,,,,2016,6/3/2016,$                                                       24.48,,,1/3/2017,,1/3/2017,,,,,2.28%,$             24.48,0.56,,,,,,,,3.88%,,,2.6375,,-12.65%,,,,,,,,,,,,
,,,,,,,,,,,,,,,,,,2016,6/6/2016,$                                                       24.66,,,1/9/2017,,1/9/2017,,,,,2.26%,$             24.66,0.56,,,,,,,,3.85%,,,2.6375,,-12.02%,,,,,,,,,,,,
,,,,,,,,,,,,,,,,,,2016,6/7/2016,$                                                       24.76,,,1/17/2017,,1/17/2017,,,,,2.25%,$             24.76,0.56,,,,,,,,3.84%,,,2.6375,,-11.66%,,,,,,,,,,,,
,,,,,,,,,,,,,,,,,,2016,6/8/2016,$                                                       24.74,,,1/23/2017,,1/23/2017,,,,,2.25%,$             24.74,0.56,,,,,,,,3.84%,,,2.6375,,-11.74%,,,,,,,,,,,,
,,,,,,,,,,,,,,,,,,2016,6/9/2016,$                                                        24.91,,,1/30/2017,,1/30/2017,,,,,2.24%,$              24.91,0.56,,,,,,,,3.81%,,,2.6375,,-11.11%,,,,,,,,,,,,
,,,,,,,,,,,,,,,,,,2016,6/10/2016,$                                                        24.71,,,2/6/2017,,2/6/2017,,,,,2.26%,$              24.71,0.56,,,,,,,,3.84%,,,2.6375,,-11.84%,,,,,,,,,,,,
,,,,,,,,,,,,,,,,,,2016,6/13/2016,$                                                       24.34,,,2/13/2017,,2/13/2017,,,,,2.29%,$             24.34,0.56,,,,,,,,3.90%,,,2.6375,,-13.17%,,,,,,,,,,,,
,,,,,,,,,,,,,,,,,,2016,6/14/2016,$                                                       24.37,,,2/21/2017,,2/21/2017,,,,,2.29%,$             24.37,0.56,,,,,,,,3.90%,,,2.6375,,-13.06%,,,,,,,,,,,,
,,,,,,,,,,,,,,,,,,2016,6/15/2016,$                                                       24.29,,,2/27/2017,,2/27/2017,,,,,2.30%,$             24.29,0.56,,,,,,,,3.91%,,,2.6375,,-13.35%,,,,,,,,,,,,
,,,,,,,,,,,,,,,,,,2016,6/16/2016,$                                                       24.39,,,3/6/2017,,3/6/2017,,,,,2.29%,$             24.39,0.56,,,,,,,,3.90%,,,2.6375,,-12.98%,,,,,,,,,,,,
,,,,,,,,,,,,,,,,,,2016,6/17/2016,$                                                       23.83,,,3/13/2017,,3/13/2017,,,,,2.34%,$             23.83,0.56,,,,,,,,3.99%,,,2.6375,,-14.96%,,,,,,,,,,,,
,,,,,,,,,,,,,,,,,,2016,6/20/2016,$                                                       23.78,,,3/20/2017,,3/20/2017,,,,,2.34%,$             23.78,0.56,,,,,,,,4.00%,,,2.6375,,-15.17%,,,,,,,,,,,,
,,,,,,,,,,,,,,,,,,2016,6/21/2016,$                                                       23.98,,,3/27/2017,,3/27/2017,,,,,2.33%,$             23.98,0.56,,,,,,,,3.96%,,,2.6375,,-14.44%,,,,,,,,,,,,
,,,,,,,,,,,,,,,,,,2016,6/22/2016,$                                                       23.89,,,4/3/2017,,4/3/2017,,,,,2.33%,$             23.89,0.56,,,,,,,,3.98%,,,2.6375,,-14.76%,,,,,,,,,,,,
,,,,,,,,,,,,,,,,,,2016,6/23/2016,$                                                       24.03,,,4/10/2017,,4/10/2017,,,,,2.32%,$             24.03,0.56,,,,,,,,3.95%,,,2.6375,,-14.27%,,,,,,,,,,,,
,,,,,,,,,,,,,,,,,,2016,6/24/2016,$                                                       23.35,,,4/17/2017,,4/17/2017,,,,,2.39%,$             23.35,0.56,,,,,,,,4.07%,,,2.6375,,-16.68%,,,,,,,,,,,,
,,,,,,,,,,,,,,,,,,2016,6/27/2016,$                                                        23.01,,,4/24/2017,,4/24/2017,,,,,2.42%,$              23.01,0.56,,,,,,,,4.13%,,,2.6375,,-17.89%,,,,,,,,,,,,
,,,,,,,,,,,,,,,,,,2016,6/28/2016,$                                                       23.40,,,5/1/2017,,5/1/2017,,,,,2.38%,$             23.40,0.56,,,,,,,,4.06%,,,2.6375,,-16.51%,,,,,,,,,,,,
,,,,,,,,,,,,,,,,,,2016,6/29/2016,$                                                       23.60,,,5/8/2017,,5/8/2017,,,,,,$             23.60,,,,,,,,,4.03%,,,2.6375,,-15.79%,,,,,,,,,,,,
,,,,,,,,,,,,,,,,,,2016,6/30/2016,$                                                       23.90,,,5/15/2017,,5/15/2017,,,,,2.33%,$             23.90,0.56,,,,,,,,3.97%,,,2.6375,,-14.72%,,,,,,,,,,,,
,,,,,,,,,,,,,,,,,,2016,7/1/2016,$                                                       23.97,,,5/22/2017,,5/22/2017,,,,,2.33%,$             23.97,0.56,,,,,,,,3.96%,,,2.6375,,-14.46%,,,,,,,,,,,,
,,,,,,,,,,,,,,,,,,2016,7/5/2016,$                                                       23.75,,,5/30/2017,,5/30/2017,,,,,2.35%,$             23.75,0.56,,,,,,,,4.00%,,,2.6375,,-15.26%,,,,,,,,,,,,
,,,,,,,,,,,,,,,,,,2016,7/6/2016,$                                                       23.88,,,6/5/2017,,6/5/2017,,,,,2.33%,$             23.88,0.56,,,,,,,,3.98%,,,2.6375,,-14.78%,,,,,,,,,,,,
,,,,,,,,,,,,,,,,,,2016,7/7/2016,$                                                       23.99,,,6/12/2017,,6/12/2017,,,,,2.32%,$             23.99,0.56,,,,,,,,3.96%,,,2.6375,,-14.42%,,,,,,,,,,,,
,,,,,,,,,,,,,,,,,,2016,7/8/2016,$                                                        24.17,,,6/19/2017,,6/19/2017,,,,,2.31%,$              24.17,0.56,,,,,,,,3.93%,,,2.6375,,-13.76%,,,,,,,,,,,,
,,,,,,,,,,,,,,,,,,2016,7/11/2016,$                                                       24.25,,,6/26/2017,,6/26/2017,,,,,2.30%,$             24.25,0.56,,,,,,,,3.92%,,,2.6375,,-13.49%,,,,,,,,,,,,
,,,,,,,,,,,,,,,,,,2016,7/12/2016,$                                                       24.36,,,7/3/2017,,7/3/2017,,,,,2.29%,$             24.36,0.56,,,,,,,,3.90%,,,2.6375,,-13.10%,,,,,,,,,,,,
,,,,,,,,,,,,,,,,,,2016,7/13/2016,$                                                       24.22,,,7/10/2017,,7/10/2017,,,,,2.30%,$             24.22,0.56,,,,,,,,3.92%,,,2.6375,,-13.59%,,,,,,,,,,,,
,,,,,,,,,,,,,,,,,,2016,7/14/2016,$                                                       24.70,,,7/17/2017,,7/17/2017,,,,,2.26%,$             24.70,0.56,,,,,,,,3.85%,,,2.6375,,-11.87%,,,,,,,,,,,,
,,,,,,,,,,,,,,,,,,2016,7/15/2016,$                                                       24.70,,,7/24/2017,,7/24/2017,,,,,2.26%,$             24.70,0.56,,,,,,,,3.85%,,,2.6375,,-11.88%,,,,,,,,,,,,
,,,,,,,,,,,,,,,,,,2016,7/18/2016,$                                                       24.96,,,7/31/2017,,7/31/2017,,,,,2.23%,$             24.96,0.56,,,,,,,,3.81%,,,2.6375,,-10.95%,,,,,,,,,,,,
,,,,,,,,,,,,,,,,,,2016,7/19/2016,$                                                       24.97,,,8/7/2017,,8/7/2017,,,,,2.23%,$             24.97,0.56,,,,,,,,3.80%,,,2.6375,,-10.91%,,,,,,,,,,,,
,,,,,,,,,,,,,,,,,,2016,7/20/2016,$                                                       24.99,,,8/14/2017,,8/14/2017,,,,,2.23%,$             24.99,0.56,,,,,,,,3.80%,,,2.6375,,-10.83%,,,,,,,,,,,,
,,,,,,,,,,,,,,,,,,2016,7/21/2016,$                                                       24.86,,,8/21/2017,,8/21/2017,,,,,2.24%,$             24.86,0.56,,,,,,,,3.82%,,,2.6375,,-11.30%,,,,,,,,,,,,
,,,,,,,,,,,,,,,,,,2016,7/22/2016,$                                                       24.67,,,8/28/2017,,8/28/2017,,,,,2.26%,$             24.67,0.56,,,,,,,,3.85%,,,2.6375,,-11.99%,,,,,,,,,,,,
,,,,,,,,,,,,,,,,,,2016,7/25/2016,$                                                       24.34,,,9/5/2017,,9/5/2017,,,,,2.29%,$             24.34,0.56,,,,,,,,3.90%,,,2.6375,,-13.17%,,,,,,,,,,,,
,,,,,,,,,,,,,,,,,,2016,7/26/2016,$                                                        24.17,,,9/11/2017,,9/11/2017,,,,,2.31%,$              24.17,0.56,,,,,,,,3.93%,,,2.6375,,-13.76%,,,,,,,,,,,,
,,,,,,,,,,,,,,,,,,2016,7/27/2016,$                                                       25.74,,,9/18/2017,,9/18/2017,,,,,2.17%,$             25.74,0.56,,,,,,,,3.69%,,,2.6375,,-8.16%,,,,,,,,,,,,
,,,,,,,,,,,,,,,,,,2016,7/28/2016,$                                                       26.09,,,9/25/2017,,9/25/2017,,,,,2.14%,$             26.09,0.56,,,,,,,,3.64%,,,2.6375,,-6.92%,,,,,,,,,,,,
,,,,,,,,,,,,,,,,,,2016,7/29/2016,$                                                       26.05,,,10/2/2017,,10/2/2017,,,,,2.14%,$             26.05,0.56,,,,,,,,3.65%,,,2.6375,,-7.04%,,,,,,,,,,,,
,,,,,,,,,,,,,,,,,,2016,8/1/2016,$                                                        26.51,,,10/9/2017,,10/9/2017,,,,,2.10%,$              26.51,0.56,,,,,,,,3.58%,,,2.6375,,-5.40%,,,,,,,,,,,,
,,,,,,,,,,,,,,,,,,2016,8/2/2016,$                                                        26.12,,,10/16/2017,,10/16/2017,,,,,2.13%,$              26.12,0.56,,,,,,,,3.64%,,,2.6375,,-6.80%,,,,,,,,,,,,
,,,,,,,,,,,,,,,,,,2016,8/3/2016,$                                                       26.45,,,10/23/2017,,10/23/2017,,,,,2.11%,$             26.45,0.56,,,,,,,,3.59%,,,2.6375,,-5.63%,,,,,,,,,,,,
,,,,,,,,,,,,,,,,,,2016,8/4/2016,$                                                       26.47,,,10/30/2017,,10/30/2017,,,,,2.11%,$             26.47,0.56,,,,,,,,3.59%,,,2.6375,,-5.56%,,,,,,,,,,,,
,,,,,,,,,,,,,,,,,,2016,8/5/2016,$                                                       26.87,,,11/6/2017,,11/6/2017,,,,,2.07%,$             26.87,0.56,,,,,,,,3.54%,,,2.6375,,-4.12%,,,,,,,,,,,,
,,,,,,,,,,,,,,,,,,2016,8/8/2016,$                                                       27.09,,,11/13/2017,,11/13/2017,,,,,2.06%,$             27.09,0.56,,,,,,,,3.51%,,,2.6375,,-3.33%,,,,,,,,,,,,
,,,,,,,,,,,,,,,,,,2016,8/9/2016,$                                                       27.20,,,11/20/2017,,11/20/2017,,,,,2.05%,$             27.20,0.56,,,,,,,,3.49%,,,2.6375,,-2.93%,,,,,,,,,,,,
,,,,,,,,,,,,,,,,,,2016,8/10/2016,$                                                       27.00,,,11/27/2017,,11/27/2017,,,,,2.06%,$             27.00,0.56,,,,,,,,3.52%,,,2.6375,,-3.66%,,,,,,,,,,,,
,,,,,,,,,,,,,,,,,,2016,8/11/2016,$                                                       26.98,,,12/4/2017,,12/4/2017,,,,,2.07%,$             26.98,0.56,,,,,,,,3.52%,,,2.6375,,-3.72%,,,,,,,,,,,,
,,,,,,,,,,,,,,,,,,2016,8/12/2016,$                                                       27.05,,,12/11/2017,,12/11/2017,,,,,2.06%,$             27.05,0.56,,,,,,,,3.51%,,,2.6375,,-3.50%,,,,,,,,,,,,
,,,,,,,,,,,,,,,,,,2016,8/15/2016,$                                                       27.37,,,12/18/2017,,12/18/2017,,,,,2.04%,$             27.37,0.56,,,,,,,,3.47%,,,2.6375,,-2.34%,,,,,,,,,,,,
,,,,,,,,,,,,,,,,,,2016,8/16/2016,$                                                       27.35,,,12/26/2017,,12/26/2017,,,,,2.04%,$             27.35,0.56,,,,,,,,3.47%,,,2.6375,,-2.43%,,,,,,,,,,,,
,,,,,,,,,,,,,,,,,,2016,8/17/2016,$                                                        27.31,,,1/2/2018,,1/2/2018,,,,,2.04%,$              27.31,0.56,,,,,,,,3.48%,,,2.6375,,-2.57%,,,,,,,,,,,,
,,,,,,,,,,,,,,,,,,2016,8/18/2016,$                                                       27.27,,,1/8/2018,,1/8/2018,,,,,2.04%,$             27.27,0.56,,,,,,,,3.48%,,,2.6375,,-2.69%,,,,,,,,,,,,
,,,,,,,,,,,,,,,,,,2016,8/19/2016,$                                                       27.34,,,1/16/2018,,1/16/2018,,,,,2.04%,$             27.34,0.56,,,,,,,,3.47%,,,2.6375,,-2.44%,,,,,,,,,,,,
,,,,,,,,,,,,,,,,,,2016,8/22/2016,$                                                        27.13,,,1/22/2018,,1/22/2018,,,,,2.06%,$              27.13,0.56,,,,,,,,3.50%,,,2.6375,,-3.20%,,,,,,,,,,,,
,,,,,,,,,,,,,,,,,,2016,8/23/2016,$                                                        27.21,,,1/29/2018,,1/29/2018,,,,,2.05%,$              27.21,0.56,,,,,,,,3.49%,,,2.6375,,-2.90%,,,,,,,,,,,,
,,,,,,,,,,,,,,,,,,2016,8/24/2016,$                                                        27.01,,,2/5/2018,,2/5/2018,,,,,2.06%,$              27.01,0.56,,,,,,,,3.52%,,,2.6375,,-3.63%,,,,,,,,,,,,
,,,,,,,,,,,,,,,,,,2016,8/25/2016,$                                                       26.89,,,2/12/2018,,2/12/2018,,,,,2.07%,$             26.89,0.56,,,,,,,,3.53%,,,2.6375,,-4.04%,,,,,,,,,,,,
,,,,,,,,,,,,,,,,,,2016,8/26/2016,$                                                       26.74,,,2/20/2018,,2/20/2018,,,,,2.09%,$             26.74,0.56,,,,,,,,3.55%,,,2.6375,,-4.60%,,,,,,,,,,,,
,,,,,,,,,,,,,,,,,,2016,8/29/2016,$                                                        26.71,,,2/26/2018,,2/26/2018,,,,,2.09%,$              26.71,0.56,,,,,,,,3.56%,,,2.6375,,-4.71%,,,,,,,,,,,,
,,,,,,,,,,,,,,,,,,2016,8/30/2016,$                                                       26.50,,,3/5/2018,,3/5/2018,,,,,2.10%,$             26.50,0.56,,,,,,,,3.58%,,,2.6375,,-5.44%,,,,,,,,,,,,
,,,,,,,,,,,,,,,,,,2016,8/31/2016,$                                                       26.53,,,3/12/2018,,3/12/2018,,,,,2.10%,$             26.53,0.56,,,,,,,,3.58%,,,2.6375,,-5.35%,,,,,,,,,,,,
,,,,,,,,,,,,,,,,,,2016,9/1/2016,$                                                       26.68,,,3/19/2018,,3/19/2018,,,,,2.09%,$             26.68,0.56,,,,,,,,3.56%,,,2.6375,,-4.79%,,,,,,,,,,,,
,,,,,,,,,,,,,,,,,,2016,9/2/2016,$                                                       26.93,,,3/26/2018,,3/26/2018,,,,,2.07%,$             26.93,0.56,,,,,,,,3.53%,,,2.6375,,-3.90%,,,,,,,,,,,,
,,,,,,,,,,,,,,,,,,2016,9/6/2016,$                                                       26.93,,,4/2/2018,,4/2/2018,,,,,2.07%,$             26.93,0.56,,,,,,,,3.53%,,,2.6375,,-3.93%,,,,,,,,,,,,
,,,,,,,,,,,,,,,,,,2016,9/7/2016,$                                                       27.09,,,4/9/2018,,4/9/2018,,,,,2.06%,$             27.09,0.56,,,,,,,,3.51%,,,2.6375,,-3.34%,,,,,,,,,,,,
,,,,,,,,,,,,,,,,,,2016,9/8/2016,$                                                       26.38,,,4/16/2018,,4/16/2018,,,,,2.11%,$             26.38,0.56,,,,,,,,3.60%,,,2.6375,,-5.87%,,,,,,,,,,,,
,,,,,,,,,,,,,,,,,,2016,9/9/2016,$                                                       25.78,,,4/23/2018,,4/23/2018,,,,,2.16%,$             25.78,0.56,,,,,,,,3.68%,,,2.6375,,-8.00%,,,,,,,,,,,,
,,,,,,,,,,,,,,,,,,2016,9/12/2016,$                                                       26.36,,,4/30/2018,,4/30/2018,,,,,2.11%,$             26.36,0.56,,,,,,,,3.60%,,,2.6375,,-5.94%,,,,,,,,,,,,
,,,,,,,,,,,,,,,,,,2016,9/13/2016,$                                                       26.99,,,5/7/2018,,5/7/2018,,,,,2.07%,$             26.99,0.56,,,,,,,,3.52%,,,2.6375,,-3.70%,,,,,,,,,,,,
,,,,,,,,,,,,,,,,,,2016,9/14/2016,$                                                       27.94,,,5/14/2018,,5/14/2018,,,,,2.00%,$             27.94,0.56,,,,,,,,3.40%,,,2.6375,,-0.29%,,,,,,,,,,,,
,,,,,,,,,,,,,,,,,,2016,9/15/2016,$                                                       28.89,,,5/21/2018,,5/21/2018,,,,,1.93%,$             28.89,0.56,,,,,,,,3.29%,,,2.6375,,0.00%,,,,,,,,,,,,
,,,,,,,,,,,,,,,,,,2016,9/16/2016,$                                                       28.73,,,5/29/2018,,5/29/2018,,,,,1.94%,$             28.73,0.56,,,,,,,,3.31%,,,2.6375,,-0.56%,,,,,,,,,,,,
,,,,,,,,,,,,,,,,,,2016,9/19/2016,$                                                       28.40,,,6/4/2018,,6/4/2018,,,,,1.96%,$             28.40,0.56,,,,,,,,3.35%,,,2.6375,,-1.72%,,,,,,,,,,,,
,,,,,,,,,,,,,,,,,,2016,9/20/2016,$                                                       28.39,,,6/11/2018,,6/11/2018,,,,,1.96%,$             28.39,0.56,,,,,,,,3.35%,,,2.6375,,-1.73%,,,,,,,,,,,,
,,,,,,,,,,,,,,,,,,2016,9/21/2016,$                                                       28.39,,,6/18/2018,,6/18/2018,,,,,1.96%,$             28.39,0.56,,,,,,,,3.35%,,,2.6375,,-1.75%,,,,,,,,,,,,
,,,,,,,,,,,,,,,,,,2016,9/22/2016,$                                                       28.66,,,6/25/2018,,6/25/2018,,,,,1.95%,$             28.66,0.56,,,,,,,,3.32%,,,2.6375,,-0.82%,,,,,,,,,,,,
,,,,,,,,,,,,,,,,,,2016,9/23/2016,$                                                        28.18,,,7/2/2018,,7/2/2018,,,,,1.98%,$              28.18,0.56,,,,,,,,3.37%,,,2.6375,,-2.47%,,,,,,,,,,,,
,,,,,,,,,,,,,,,,,,2016,9/26/2016,$                                                       28.22,,,7/9/2018,,7/9/2018,,,,,1.98%,$             28.22,0.56,,,,,,,,3.37%,,,2.6375,,-2.33%,,,,,,,,,,,,
,,,,,,,,,,,,,,,,,,2016,9/27/2016,$                                                       28.27,,,7/16/2018,,7/16/2018,,,,,1.97%,$             28.27,0.56,,,,,,,,3.36%,,,2.6375,,-2.15%,,,,,,,,,,,,
,,,,,,,,,,,,,,,,,,2016,9/28/2016,$                                                       28.49,,,7/23/2018,,7/23/2018,,,,,1.96%,$             28.49,0.56,,,,,,,,3.33%,,,2.6375,,-1.40%,,,,,,,,,,,,
,,,,,,,,,,,,,,,,,,2016,9/29/2016,$                                                       28.05,,,7/30/2018,,7/30/2018,,,,,1.99%,$             28.05,0.56,,,,,,,,3.39%,,,2.6375,,-2.93%,,,,,,,,,,,,
,,,,,,,,,,,,,,,,,,2016,9/30/2016,$                                                       28.26,,,8/6/2018,,8/6/2018,,,,,1.97%,$             28.26,0.56,,,,,,,,3.36%,,,2.6375,,-2.18%,,,,,,,,,,,,
,,,,,,,,,,,,,,,,,,2016,10/3/2016,$                                                        28.13,,,8/13/2018,,8/13/2018,,,,,1.98%,$              28.13,0.56,,,,,,,,3.38%,,,2.6375,,-2.64%,,,,,,,,,,,,
,,,,,,,,,,,,,,,,,,2016,10/4/2016,$                                                       28.25,,,8/20/2018,,8/20/2018,,,,,1.97%,$             28.25,0.56,,,,,,,,3.36%,,,2.6375,,-2.22%,,,,,,,,,,,,
,,,,,,,,,,,,,,,,,,2016,10/5/2016,$                                                       28.26,,,8/27/2018,,8/27/2018,,,,,1.97%,$             28.26,0.56,,,,,,,,3.36%,,,2.6375,,-2.18%,,,,,,,,,,,,
,,,,,,,,,,,,,,,,,,2016,10/6/2016,$                                                       28.47,,,9/4/2018,,9/4/2018,,,,,1.96%,$             28.47,0.56,,,,,,,,3.34%,,,2.6375,,-1.45%,,,,,,,,,,,,
,,,,,,,,,,,,,,,,,,2016,10/7/2016,$                                                       28.52,,,9/10/2018,,9/10/2018,,,,,1.96%,$             28.52,0.56,,,,,,,,3.33%,,,2.6375,,-1.31%,,,,,,,,,,,,
,,,,,,,,,,,,,,,,,,2016,10/10/2016,$                                                        29.01,,,9/17/2018,,9/17/2018,,,,,1.92%,$              29.01,0.56,,,,,,,,3.27%,,,2.6375,,0.00%,,,,,,,,,,,,
,,,,,,,,,,,,,,,,,,2016,10/11/2016,$                                                       29.08,,,9/24/2018,,9/24/2018,,,,,1.92%,$             29.08,0.56,,,,,,,,3.27%,,,2.6375,,0.00%,,,,,,,,,,,,
,,,,,,,,,,,,,,,,,,2016,10/12/2016,$                                                       29.34,,,10/1/2018,,10/1/2018,,,,,1.90%,$             29.34,0.56,,,,,,,,3.24%,,,2.6375,,0.00%,,,,,,,,,,,,
,,,,,,,,,,,,,,,,,,2016,10/13/2016,$                                                       29.25,,,10/8/2018,,10/8/2018,,,,,1.91%,$             29.25,0.56,,,,,,,,3.25%,,,2.6375,,-0.31%,,,,,,,,,,,,
,,,,,,,,,,,,,,,,,,2016,10/14/2016,$                                                        29.41,,,10/15/2018,,10/15/2018,,,,,1.90%,$              29.41,0.56,,,,,,,,3.23%,,,2.6375,,0.00%,,,,,,,,,,,,
,,,,,,,,,,,,,,,,,,2016,10/17/2016,$                                                       29.39,,,10/22/2018,,10/22/2018,,,,,1.90%,$             29.39,0.56,,,,,,,,3.23%,,,2.6375,,-0.07%,,,,,,,,,,,,
,,,,,,,,,,,,,,,,,,2016,10/18/2016,$                                                       29.37,,,10/29/2018,,10/29/2018,,,,,1.90%,$             29.37,0.56,,,,,,,,3.23%,,,2.6375,,-0.14%,,,,,,,,,,,,
,,,,,,,,,,,,,,,,,,2016,10/19/2016,$                                                       29.28,,,11/5/2018,,11/5/2018,,,,,1.90%,$             29.28,0.56,,,,,,,,3.24%,,,2.6375,,-0.43%,,,,,,,,,,,,
,,,,,,,,,,,,,,,,,,2016,10/20/2016,$                                                       29.27,,,11/12/2018,,11/12/2018,,,,,1.91%,$             29.27,0.56,,,,,,,,3.25%,,,2.6375,,-0.48%,,,,,,,,,,,,
,,,,,,,,,,,,,,,,,,2016,10/21/2016,$                                                        29.15,,,11/19/2018,,11/19/2018,,,,,1.91%,$              29.15,0.56,,,,,,,,3.26%,,,2.6375,,-0.88%,,,,,,,,,,,,
,,,,,,,,,,,,,,,,,,2016,10/24/2016,$                                                        29.41,,,11/26/2018,,11/26/2018,,,,,1.90%,$              29.41,0.56,,,,,,,,3.23%,,,2.6375,,0.00%,,,,,,,,,,,,
,,,,,,,,,,,,,,,,,,2016,10/25/2016,$                                                       29.56,,,12/3/2018,,12/3/2018,,,,,1.89%,$             29.56,0.56,,,,,,,,3.21%,,,2.6375,,0.00%,,,,,,,,,,,,
,,,,,,,,,,,,,,,,,,2016,10/26/2016,$                                                       28.90,,,12/10/2018,,12/10/2018,,,,,1.93%,$             28.90,0.56,,,,,,,,3.29%,,,2.6375,,-2.25%,,,,,,,,,,,,
,,,,,,,,,,,,,,,,,,2016,10/27/2016,$                                                       28.62,,,12/17/2018,,12/17/2018,,,,,1.95%,$             28.62,0.56,,,,,,,,3.32%,,,2.6375,,-3.19%,,,,,,,,,,,,
,,,,,,,,,,,,,,,,,,2016,10/28/2016,$                                                       28.43,,,12/24/2018,,12/24/2018,,,,,1.96%,$             28.43,0.56,,,,,,,,3.34%,,,2.6375,,-3.83%,,,,,,,,,,,,
,,,,,,,,,,,,,,,,,,2016,10/31/2016,$                                                       28.39,,,12/31/2018,,12/31/2018,,,,,1.96%,$             28.39,0.56,,,,,,,,3.35%,,,2.6375,,-3.98%,,,,,,,,,,,,
,,,,,,,,,,,,,,,,,,2016,11/1/2016,$                                                       27.87,,,1/7/2019,,1/7/2019,,,,,2.00%,$             27.87,0.56,,,,,,,,3.41%,,,2.6375,,-5.72%,,,,,,,,,,,,
,,,,,,,,,,,,,,,,,,2016,11/2/2016,$                                                       27.90,,,1/14/2019,,1/14/2019,,,,,2.00%,$             27.90,0.56,,,,,,,,3.41%,,,2.6375,,-5.63%,,,,,,,,,,,,
,,,,,,,,,,,,,,,,,,2016,11/3/2016,$                                                       27.46,,,1/22/2019,,1/22/2019,,,,,2.03%,$             27.46,0.56,,,,,,,,3.46%,,,2.6375,,-7.12%,,,,,,,,,,,,
,,,,,,,,,,,,,,,,,,2016,11/4/2016,$                                                        27.21,,,1/28/2019,,1/28/2019,,,,,2.05%,$              27.21,0.56,,,,,,,,3.49%,,,2.6375,,-7.96%,,,,,,,,,,,,
,,,,,,,,,,,,,,,,,,2016,11/7/2016,$                                                       27.60,,,2/4/2019,,2/4/2019,,,,,2.02%,$             27.60,0.56,,,,,,,,3.44%,,,2.6375,,-6.63%,,,,,,,,,,,,
,,,,,,,,,,,,,,,,,,2016,11/8/2016,$                                                       27.77,,,2/11/2019,,2/11/2019,,,,,2.01%,$             27.77,0.56,,,,,,,,3.42%,,,2.6375,,-6.08%,,,,,,,,,,,,
,,,,,,,,,,,,,,,,,,2016,11/9/2016,$                                                       27.72,,,2/19/2019,,2/19/2019,,,,,2.01%,$             27.72,0.56,,,,,,,,3.43%,,,2.6375,,-6.23%,,,,,,,,,,,,
,,,,,,,,,,,,,,,,,,2016,11/10/2016,$                                                       26.95,,,2/25/2019,,2/25/2019,,,,,2.07%,$             26.95,0.56,,,,,,,,3.53%,,,2.6375,,-8.85%,,,,,,,,,,,,
,,,,,,,,,,,,,,,,,,2016,11/11/2016,$                                                         27.11,,,3/4/2019,,3/4/2019,,,,,2.06%,$               27.11,0.56,,,,,,,,3.50%,,,2.6375,,-8.30%,,,,,,,,,,,,
,,,,,,,,,,,,,,,,,,2016,11/14/2016,$                                                       26.43,,,3/11/2019,,3/11/2019,,,,,2.11%,$             26.43,0.56,,,,,,,,3.59%,,,2.6375,,-10.60%,,,,,,,,,,,,
,,,,,,,,,,,,,,,,,,2016,11/15/2016,$                                                       26.78,,,3/18/2019,,3/18/2019,,,,,2.08%,$             26.78,0.56,,,,,,,,3.55%,,,2.6375,,-9.42%,,,,,,,,,,,,
,,,,,,,,,,,,,,,,,,2016,11/16/2016,$                                                       27.50,,,3/25/2019,,3/25/2019,,,,,2.03%,$             27.50,0.56,,,,,,,,3.45%,,,2.6375,,-6.99%,,,,,,,,,,,,
,,,,,,,,,,,,,,,,,,2016,11/17/2016,$                                                       27.49,,,4/1/2019,,4/1/2019,,,,,2.03%,$             27.49,0.56,,,,,,,,3.46%,,,2.6375,,-7.02%,,,,,,,,,,,,
,,,,,,,,,,,,,,,,,,2016,11/18/2016,$                                                       27.52,,,4/8/2019,,4/8/2019,,,,,,$             27.52,,,,,,,,,3.45%,,,2.6375,,-6.93%,,,,,,,,,,,,
,,,,,,,,,,,,,,,,,,2016,11/21/2016,$                                                       27.93,,,4/15/2019,,4/15/2019,,,,,2.00%,$             27.93,0.56,,,,,,,,3.40%,,,2.6375,,-5.51%,,,,,,,,,,,,
,,,,,,,,,,,,,,,,,,2016,11/22/2016,$                                                       27.95,,,4/22/2019,,4/22/2019,,,,,1.99%,$             27.95,0.56,,,,,,,,3.40%,,,2.6375,,-5.45%,,,,,,,,,,,,
,,,,,,,,,,,,,,,,,,2016,11/23/2016,$                                                        27.81,,,4/29/2019,,4/29/2019,,,,,2.00%,$              27.81,0.56,,,,,,,,3.42%,,,2.6375,,-5.94%,,,,,,,,,,,,
,,,,,,,,,,,,,,,,,,2016,11/25/2016,$                                                       27.95,,,5/6/2019,,5/6/2019,,,,,1.99%,$             27.95,0.56,,,,,,,,3.40%,,,2.6375,,-5.46%,,,,,,,,,,,,
,,,,,,,,,,,,,,,,,,2016,11/28/2016,$                                                       27.89,,,5/13/2019,,5/13/2019,,,,,2.00%,$             27.89,0.56,,,,,,,,3.41%,,,2.6375,,-5.65%,,,,,,,,,,,,
,,,,,,,,,,,,,,,,,,2016,11/29/2016,$                                                       27.87,,,5/20/2019,,5/20/2019,,,,,2.00%,$             27.87,0.56,,,,,,,,3.41%,,,2.6375,,-5.74%,,,,,,,,,,,,
,,,,,,,,,,,,,,,,,,2016,11/30/2016,$                                                       27.63,,,5/28/2019,,5/28/2019,,,,,2.02%,$             27.63,0.56,,,,,,,,3.44%,,,2.6375,,-6.54%,,,,,,,,,,,,
,,,,,,,,,,,,,,,,,,2016,12/1/2016,$                                                       27.37,,,6/3/2019,,6/3/2019,,,,,2.04%,$             27.37,0.56,,,,,,,,3.47%,,,2.6375,,-7.41%,,,,,,,,,,,,
,,,,,,,,,,,,,,,,,,2016,12/2/2016,$                                                       27.48,,,6/10/2019,,6/10/2019,,,,,2.03%,$             27.48,0.56,,,,,,,,3.46%,,,2.6375,,-7.06%,,,,,,,,,,,,
,,,,,,,,,,,,,,,,,,2016,12/5/2016,$                                                       27.28,,,6/17/2019,,6/17/2019,,,,,2.04%,$             27.28,0.56,,,,,,,,3.48%,,,2.6375,,-7.73%,,,,,,,,,,,,
,,,,,,,,,,,,,,,,,,2016,12/6/2016,$                                                       27.49,,,6/24/2019,,6/24/2019,,,,,2.03%,$             27.49,0.56,,,,,,,,3.46%,,,2.6375,,-7.02%,,,,,,,,,,,,
,,,,,,,,,,,,,,,,,,2016,12/7/2016,$                                                       27.76,,,7/1/2019,,7/1/2019,,,,,2.01%,$             27.76,0.56,,,,,,,,3.42%,,,2.6375,,-6.11%,,,,,,,,,,,,
,,,,,,,,,,,,,,,,,,2016,12/8/2016,$                                                       28.03,,,7/8/2019,,7/8/2019,,,,,1.99%,$             28.03,0.56,,,,,,,,3.39%,,,2.6375,,-5.18%,,,,,,,,,,,,
,,,,,,,,,,,,,,,,,,2016,12/9/2016,$                                                       28.49,,,7/15/2019,,7/15/2019,,,,,1.96%,$             28.49,0.56,,,,,,,,3.33%,,,2.6375,,-3.64%,,,,,,,,,,,,
,,,,,,,,,,,,,,,,,,2016,12/12/2016,$                                                       28.33,,,7/22/2019,,7/22/2019,,,,,1.97%,$             28.33,0.56,,,,,,,,3.35%,,,2.6375,,-4.19%,,,,,,,,,,,,
,,,,,,,,,,,,,,,,,,2016,12/13/2016,$                                                       28.80,,,7/29/2019,,7/29/2019,,,,,1.94%,$             28.80,0.56,,,,,,,,3.30%,,,2.6375,,-2.59%,,,,,,,,,,,,
,,,,,,,,,,,,,,,,,,2016,12/14/2016,$                                                       28.80,,,8/5/2019,,8/5/2019,,,,,1.94%,$             28.80,0.56,,,,,,,,3.30%,,,2.6375,,-2.59%,,,,,,,,,,,,
,,,,,,,,,,,,,,,,,,2016,12/15/2016,$                                                       28.96,,,8/12/2019,,8/12/2019,,,,,1.93%,$             28.96,0.56,,,,,,,,3.28%,,,2.6375,,-2.05%,,,,,,,,,,,,
,,,,,,,,,,,,,,,,,,2016,12/16/2016,$                                                       28.99,,,8/19/2019,,8/19/2019,,,,,1.92%,$             28.99,0.56,,,,,,,,3.28%,,,2.6375,,-1.93%,,,,,,,,,,,,
,,,,,,,,,,,,,,,,,,2016,12/19/2016,$                                                        29.16,,,8/26/2019,,8/26/2019,,,,,1.91%,$              29.16,0.56,,,,,,,,3.26%,,,2.6375,,-1.36%,,,,,,,,,,,,
,,,,,,,,,,,,,,,,,,2016,12/20/2016,$                                                       29.24,,,9/3/2019,,9/3/2019,,,,,1.91%,$             29.24,0.56,,,,,,,,3.25%,,,2.6375,,-1.10%,,,,,,,,,,,,
,,,,,,,,,,,,,,,,,,2016,12/21/2016,$                                                       29.27,,,9/9/2019,,9/9/2019,,,,,1.91%,$             29.27,0.56,,,,,,,,3.25%,,,2.6375,,-1.01%,,,,,,,,,,,,
,,,,,,,,,,,,,,,,,,2016,12/22/2016,$                                                       29.07,,,9/16/2019,,9/16/2019,,,,,1.92%,$             29.07,0.56,,,,,,,,3.27%,,,2.6375,,-1.66%,,,,,,,,,,,,
,,,,,,,,,,,,,,,,,,2016,12/23/2016,$                                                        29.13,,,9/23/2019,,9/23/2019,,,,,1.91%,$              29.13,0.56,,,,,,,,3.26%,,,2.6375,,-1.46%,,,,,,,,,,,,
,,,,,,,,,,,,,,,,,,2016,12/27/2016,$                                                       29.32,,,9/30/2019,,9/30/2019,,,,,1.90%,$             29.32,0.56,,,,,,,,3.24%,,,2.6375,,-0.84%,,,,,,,,,,,,
,,,,,,,,,,,,,,,,,,2016,12/28/2016,$                                                        29.19,,,10/7/2019,,10/7/2019,,,,,1.91%,$              29.19,0.56,,,,,,,,3.25%,,,2.6375,,-1.26%,,,,,,,,,,,,
,,,,,,,,,,,,,,,,,,2016,12/29/2016,$                                                        29.18,,,10/14/2019,,10/14/2019,,,,,1.91%,$              29.18,0.56,,,,,,,,3.26%,,,2.6375,,-1.29%,,,,,,,,,,,,
,,,,,,,,,,,,,,,,,,2016,12/30/2016,$                                                       28.96,,,10/21/2019,,10/21/2019,,,,,1.93%,$             28.96,0.56,,,,,,,,3.28%,,,2.6375,,-2.05%,,,,,,,,,,,,
,,,,,,,,,,,,,,,,,,2017,1/3/2017,$                                                       29.04,,,10/28/2019,,10/28/2019,,,,,2.12%,$             29.04,0.62,,,,,,,,3.27%,,,2.08,,-1.78%,,,,,,,,,,,,
,,,,,,,,,,,,,,,,,,2017,1/4/2017,$                                                        29.01,,,11/4/2019,,11/4/2019,,,,,2.12%,$              29.01,0.62,,,,,,,,3.28%,,,2.08,,-1.89%,,,,,,,,,,,,
,,,,,,,,,,,,,,,,,,2017,1/5/2017,$                                                        29.15,,,11/11/2019,,11/11/2019,,,,,2.11%,$              29.15,0.62,,,,,,,,3.26%,,,2.08,,-1.39%,,,,,,,,,,,,
,,,,,,,,,,,,,,,,,,2017,1/6/2017,$                                                       29.48,,,11/18/2019,,11/18/2019,,,,,2.09%,$             29.48,0.62,,,,,,,,3.22%,,,2.08,,-0.29%,,,,,,,,,,,,
,,,,,,,,,,,,,,,,,,2017,1/9/2017,$                                                       29.75,,,11/25/2019,,11/25/2019,,,,,2.07%,$             29.75,0.62,,,,,,,,3.19%,,,2.08,,0.00%,,,,,,,,,,,,
,,,,,,,,,,,,,,,,,,2017,1/10/2017,$                                                       29.78,,,12/2/2019,,12/2/2019,,,,,2.07%,$             29.78,0.62,,,,,,,,3.19%,,,2.08,,0.00%,,,,,,,,,,,,
,,,,,,,,,,,,,,,,,,2017,1/11/2017,$                                                       29.94,,,12/9/2019,,12/9/2019,,,,,2.05%,$             29.94,0.62,,,,,,,,3.17%,,,2.08,,0.00%,,,,,,,,,,,,
,,,,,,,,,,,,,,,,,,2017,1/12/2017,$                                                        29.81,,,12/16/2019,,12/16/2019,,,,,2.06%,$              29.81,0.62,,,,,,,,3.19%,,,2.08,,-0.42%,,,,,,,,,,,,
,,,,,,,,,,,,,,,,,,2017,1/13/2017,$                                                       29.76,,,12/23/2019,,12/23/2019,,,,,2.07%,$             29.76,0.62,,,,,,,,3.19%,,,2.08,,-0.59%,,,,,,,,,,,,
,,,,,,,,,,,,,,,,,,2017,1/17/2017,$                                                       30.00,,,12/30/2019,,12/30/2019,,,,,2.05%,$             30.00,0.62,,,,,,,,3.17%,,,2.08,,0.00%,,,,,,,,,,,,
,,,,,,,,,,,,,,,,,,2017,1/18/2017,$                                                       30.00,,,1/6/2020,,1/6/2020,,,,,2.05%,$             30.00,0.62,,,,,,,,3.17%,,,2.08,,-0.01%,,,,,,,,,,,,
,,,,,,,,,,,,,,,,,,2017,1/19/2017,$                                                       29.95,,,1/13/2020,,1/13/2020,,,,,2.05%,$             29.95,0.62,,,,,,,,3.17%,,,2.08,,-0.18%,,,,,,,,,,,,
,,,,,,,,,,,,,,,,,,2017,1/20/2017,$                                                       30.00,,,1/21/2020,,1/21/2020,,,,,2.05%,$             30.00,0.62,,,,,,,,3.17%,,,2.08,,0.00%,,,,,,,,,,,,
,,,,,,,,,,,,,,,,,,2017,1/23/2017,$                                                       30.02,,,1/27/2020,,1/27/2020,,,,,2.05%,$             30.02,0.62,,,,,,,,3.16%,,,2.08,,0.00%,,,,,,,,,,,,
,,,,,,,,,,,,,,,,,,2017,1/24/2017,$                                                       29.99,,,2/3/2020,,2/3/2020,,,,,2.05%,$             29.99,0.62,,,,,,,,3.17%,,,2.08,,-0.09%,,,,,,,,,,,,
,,,,,,,,,,,,,,,,,,2017,1/25/2017,$                                                       30.47,,,2/10/2020,,2/10/2020,,,,,2.02%,$             30.47,0.62,,,,,,,,3.12%,,,2.08,,0.00%,,,,,,,,,,,,
,,,,,,,,,,,,,,,,,,2017,1/26/2017,$                                                       30.49,,,2/18/2020,,2/18/2020,,,,,2.02%,$             30.49,0.62,,,,,,,,3.12%,,,2.08,,0.00%,,,,,,,,,,,,
,,,,,,,,,,,,,,,,,,2017,1/27/2017,$                                                       30.49,,,2/24/2020,,2/24/2020,,,,,2.02%,$             30.49,0.62,,,,,,,,3.12%,,,2.08,,0.00%,,,,,,,,,,,,
,,,,,,,,,,,,,,,,,,2017,1/30/2017,$                                                        30.41,,,3/2/2020,,3/2/2020,,,,,2.02%,$              30.41,0.62,,,,,,,,3.12%,,,2.08,,-0.26%,,,,,,,,,,,,
,,,,,,,,,,,,,,,,,,2017,1/31/2017,$                                                       30.34,,,3/9/2020,,3/9/2020,,,,,2.03%,$             30.34,0.62,,,,,,,,3.13%,,,2.08,,-0.49%,,,,,,,,,,,,
,,,,,,,,,,,,,,,,,,2017,2/1/2017,$                                                        32.19,,,3/16/2020,,3/16/2020,,,,,1.91%,$              32.19,0.62,,,,,,,,2.95%,,,2.08,,0.00%,,,,,,,,,,,,
,,,,,,,,,,,,,,,,,,2017,2/2/2017,$                                                        32.13,,,3/23/2020,,3/23/2020,,,,,1.91%,$              32.13,0.62,,,,,,,,2.96%,,,2.08,,-0.17%,,,,,,,,,,,,
,,,,,,,,,,,,,,,,,,2017,2/3/2017,$                                                       32.27,,,3/30/2020,,3/30/2020,,,,,1.91%,$             32.27,0.62,,,,,,,,2.94%,,,2.08,,0.00%,,,,,,,,,,,,
,,,,,,,,,,,,,,,,,,2017,2/6/2017,$                                                       32.57,,,4/6/2020,,4/6/2020,,,,,1.89%,$             32.57,0.62,,,,,,,,2.92%,,,2.08,,0.00%,,,,,,,,,,,,
,,,,,,,,,,,,,,,,,,2017,2/7/2017,$                                                       32.88,,,4/13/2020,,4/13/2020,,,,,1.87%,$             32.88,0.62,,,,,,,,2.89%,,,2.08,,0.00%,,,,,,,,,,,,
,,,,,,,,,,,,,,,,,,2017,2/8/2017,$                                                        33.01,,,4/20/2020,,4/20/2020,,,,,1.86%,$              33.01,0.62,,,,,,,,2.88%,,,2.08,,0.00%,,,,,,,,,,,,
,,,,,,,,,,,,,,,,,,2017,2/9/2017,$                                                         33.11,,,4/27/2020,,4/27/2020,,,,,1.86%,$               33.11,0.62,,,,,,,,2.87%,,,2.08,,0.00%,,,,,,,,,,,,
,,,,,,,,,,,,,,,,,,2017,2/10/2017,$                                                       33.03,,,5/4/2020,,5/4/2020,,,,,1.86%,$             33.03,0.62,,,,,,,,2.88%,,,2.08,,-0.23%,,,,,,,,,,,,
,,,,,,,,,,,,,,,,,,2017,2/13/2017,$                                                       33.32,,,5/11/2020,,5/11/2020,,,,,1.85%,$             33.32,0.62,,,,,,,,2.85%,,,2.08,,0.00%,,,,,,,,,,,,
,,,,,,,,,,,,,,,,,,2017,2/14/2017,$                                                       33.76,,,5/18/2020,,5/18/2020,,,,,1.82%,$             33.76,0.62,,,,,,,,2.81%,,,2.08,,0.00%,,,,,,,,,,,,
,,,,,,,,,,,,,,,,,,2017,2/15/2017,$                                                       33.88,,,5/26/2020,,5/26/2020,,,,,1.82%,$             33.88,0.62,,,,,,,,2.80%,,,2.08,,0.00%,,,,,,,,,,,,
,,,,,,,,,,,,,,,,,,2017,2/16/2017,$                                                       33.84,,,6/1/2020,,6/1/2020,,,,,1.82%,$             33.84,0.62,,,,,,,,2.81%,,,2.08,,-0.12%,,,,,,,,,,,,
,,,,,,,,,,,,,,,,,,2017,2/17/2017,$                                                       33.93,,,6/8/2020,,6/8/2020,,,,,1.81%,$             33.93,0.62,,,,,,,,2.80%,,,2.08,,0.00%,,,,,,,,,,,,
,,,,,,,,,,,,,,,,,,2017,2/21/2017,$                                                        34.18,,,6/15/2020,,6/15/2020,,,,,1.80%,$              34.18,0.62,,,,,,,,2.78%,,,2.08,,0.00%,,,,,,,,,,,,
,,,,,,,,,,,,,,,,,,2017,2/22/2017,$                                                       34.28,,,6/22/2020,,6/22/2020,,,,,1.79%,$             34.28,0.62,,,,,,,,2.77%,,,2.08,,0.00%,,,,,,,,,,,,
,,,,,,,,,,,,,,,,,,2017,2/23/2017,$                                                        34.13,,,6/29/2020,,6/29/2020,,,,,1.80%,$              34.13,0.62,,,,,,,,2.78%,,,2.08,,-0.42%,,,,,,,,,,,,
,,,,,,,,,,,,,,,,,,2017,2/24/2017,$                                                        34.17,,,7/6/2020,,7/6/2020,,,,,1.80%,$              34.17,0.62,,,,,,,,2.78%,,,2.08,,-0.33%,,,,,,,,,,,,
,,,,,,,,,,,,,,,,,,2017,2/27/2017,$                                                       34.23,,,7/13/2020,,7/13/2020,,,,,1.80%,$             34.23,0.62,,,,,,,,2.78%,,,2.08,,-0.13%,,,,,,,,,,,,
,,,,,,,,,,,,,,,,,,2017,2/28/2017,$                                                       34.25,,,7/20/2020,,7/20/2020,,,,,1.80%,$             34.25,0.62,,,,,,,,2.77%,,,2.08,,-0.09%,,,,,,,,,,,,
,,,,,,,,,,,,,,,,,,2017,3/1/2017,$                                                       34.95,,,7/27/2020,,7/27/2020,,,,,1.76%,$             34.95,0.62,,,,,,,,2.72%,,,2.08,,0.00%,,,,,,,,,,,,
,,,,,,,,,,,,,,,,,,2017,3/2/2017,$                                                       34.74,,,8/3/2020,,8/3/2020,,,,,1.77%,$             34.74,0.62,,,,,,,,2.73%,,,2.08,,-0.59%,,,,,,,,,,,,
,,,,,,,,,,,,,,,,,,2017,3/3/2017,$                                                       34.95,,,8/10/2020,,8/10/2020,,,,,1.76%,$             34.95,0.62,,,,,,,,2.72%,,,2.08,,-0.01%,,,,,,,,,,,,
,,,,,,,,,,,,,,,,,,2017,3/6/2017,$                                                       34.84,,,8/17/2020,,8/17/2020,,,,,1.77%,$             34.84,0.62,,,,,,,,2.73%,,,2.08,,-0.32%,,,,,,,,,,,,
,,,,,,,,,,,,,,,,,,2017,3/7/2017,$                                                       34.88,,,8/24/2020,,8/24/2020,,,,,1.76%,$             34.88,0.62,,,,,,,,2.72%,,,2.08,,-0.19%,,,,,,,,,,,,
,,,,,,,,,,,,,,,,,,2017,3/8/2017,$                                                       34.75,,,8/31/2020,,8/31/2020,,,,,1.77%,$             34.75,0.62,,,,,,,,2.73%,,,2.08,,-0.57%,,,,,,,,,,,,
,,,,,,,,,,,,,,,,,,2017,3/9/2017,$                                                       34.67,,,9/8/2020,,9/8/2020,,,,,1.77%,$             34.67,0.62,,,,,,,,2.74%,,,2.08,,-0.79%,,,,,,,,,,,,
,,,,,,,,,,,,,,,,,,2017,3/10/2017,$                                                       34.79,,,9/14/2020,,9/14/2020,,,,,1.77%,$             34.79,0.62,,,,,,,,2.73%,,,2.08,,-0.46%,,,,,,,,,,,,
,,,,,,,,,,,,,,,,,,2017,3/13/2017,$                                                       34.80,,,9/21/2020,,9/21/2020,,,,,1.77%,$             34.80,0.62,,,,,,,,2.73%,,,2.08,,-0.42%,,,,,,,,,,,,
,,,,,,,,,,,,,,,,,,2017,3/14/2017,$                                                       34.75,,,9/28/2020,,9/28/2020,,,,,1.77%,$             34.75,0.62,,,,,,,,2.73%,,,2.08,,-0.57%,,,,,,,,,,,,
,,,,,,,,,,,,,,,,,,2017,3/15/2017,$                                                        35.12,,,10/5/2020,,10/5/2020,,,,,1.75%,$              35.12,0.62,,,,,,,,2.71%,,,2.08,,0.00%,,,,,,,,,,,,
,,,,,,,,,,,,,,,,,,2017,3/16/2017,$                                                        35.17,,,10/12/2020,,10/12/2020,,,,,1.75%,$              35.17,0.62,,,,,,,,2.70%,,,2.08,,0.00%,,,,,,,,,,,,
,,,,,,,,,,,,,,,,,,2017,3/17/2017,$                                                       35.00,,,10/19/2020,,10/19/2020,,,,,1.76%,$             35.00,0.62,,,,,,,,2.71%,,,2.08,,-0.50%,,,,,,,,,,,,
,,,,,,,,,,,,,,,,,,2017,3/20/2017,$                                                       35.37,,,10/26/2020,,10/26/2020,,,,,1.74%,$             35.37,0.62,,,,,,,,2.69%,,,2.08,,0.00%,,,,,,,,,,,,
,,,,,,,,,,,,,,,,,,2017,3/21/2017,$                                                       34.96,,,11/2/2020,,11/2/2020,,,,,1.76%,$             34.96,0.62,,,,,,,,2.72%,,,2.08,,-1.15%,,,,,,,,,,,,
,,,,,,,,,,,,,,,,,,2017,3/22/2017,$                                                       35.36,,,11/9/2020,,11/9/2020,,,,,1.74%,$             35.36,0.62,,,,,,,,2.69%,,,2.08,,-0.03%,,,,,,,,,,,,
,,,,,,,,,,,,,,,,,,2017,3/23/2017,$                                                       35.23,,,11/16/2020,,11/16/2020,,,,,1.75%,$             35.23,0.62,,,,,,,,2.70%,,,2.08,,-0.38%,,,,,,,,,,,,
,,,,,,,,,,,,,,,,,,2017,3/24/2017,$                                                        35.16,,,11/23/2020,,11/23/2020,,,,,1.75%,$              35.16,0.62,,,,,,,,2.70%,,,2.08,,-0.58%,,,,,,,,,,,,
,,,,,,,,,,,,,,,,,,2017,3/27/2017,$                                                       35.22,,,11/30/2020,,11/30/2020,,,,,1.75%,$             35.22,0.62,,,,,,,,2.70%,,,2.08,,-0.41%,,,,,,,,,,,,
,,,,,,,,,,,,,,,,,,2017,3/28/2017,$                                                       35.95,,,12/7/2020,,12/7/2020,,,,,1.71%,$             35.95,0.62,,,,,,,,2.64%,,,2.08,,0.00%,,,,,,,,,,,,
,,,,,,,,,,,,,,,,,,2017,3/29/2017,$                                                       36.03,,,12/14/2020,,12/14/2020,,,,,1.71%,$             36.03,0.62,,,,,,,,2.64%,,,2.08,,0.00%,,,,,,,,,,,,
,,,,,,,,,,,,,,,,,,2017,3/30/2017,$                                                       35.98,,,12/21/2020,,12/21/2020,,,,,1.71%,$             35.98,0.62,,,,,,,,2.64%,,,2.08,,-0.13%,,,,,,,,,,,,
,,,,,,,,,,,,,,,,,,2017,3/31/2017,$                                                       35.92,,,12/28/2020,,12/28/2020,,,,,1.71%,$             35.92,0.62,,,,,,,,2.65%,,,2.08,,-0.32%,,,,,,,,,,,,
,,,,,,,,,,,,,,,,,,2017,4/3/2017,$                                                       35.93,,,1/4/2021,,1/4/2021,,,,,1.71%,$             35.93,0.62,,,,,,,,2.64%,,,2.08,,-0.29%,,,,,,,,,,,,
,,,,,,,,,,,,,,,,,,2017,4/4/2017,$                                                        36.19,,,1/11/2021,,1/11/2021,,,,,1.70%,$              36.19,0.62,,,,,,,,2.62%,,,2.08,,0.00%,,,,,,,,,,,,
,,,,,,,,,,,,,,,,,,2017,4/5/2017,$                                                        36.01,,,1/19/2021,,1/19/2021,,,,,1.71%,$              36.01,0.62,,,,,,,,2.64%,,,2.08,,-0.52%,,,,,,,,,,,,
,,,,,,,,,,,,,,,,,,2017,4/6/2017,$                                                       35.92,,,1/25/2021,,1/25/2021,,,,,1.71%,$             35.92,0.62,,,,,,,,2.65%,,,2.08,,-0.77%,,,,,,,,,,,,
,,,,,,,,,,,,,,,,,,2017,4/7/2017,$                                                       35.84,,,2/1/2021,,2/1/2021,,,,,1.72%,$             35.84,0.62,,,,,,,,2.65%,,,2.08,,-0.99%,,,,,,,,,,,,
,,,,,,,,,,,,,,,,,,2017,4/10/2017,$                                                       35.79,,,2/8/2021,,2/8/2021,,,,,1.72%,$             35.79,0.62,,,,,,,,2.65%,,,2.08,,-1.11%,,,,,,,,,,,,
,,,,,,,,,,,,,,,,,,2017,4/11/2017,$                                                        35.41,,,2/16/2021,,2/16/2021,,,,,1.74%,$              35.41,0.62,,,,,,,,2.68%,,,2.08,,-2.17%,,,,,,,,,,,,
,,,,,,,,,,,,,,,,,,2017,4/12/2017,$                                                       35.45,,,2/22/2021,,2/22/2021,,,,,1.73%,$             35.45,0.62,,,,,,,,2.68%,,,2.08,,-2.05%,,,,,,,,,,,,
,,,,,,,,,,,,,,,,,,2017,4/13/2017,$                                                       35.26,,,3/1/2021,,3/1/2021,,,,,1.74%,$             35.26,0.62,,,,,,,,2.69%,,,2.08,,-2.57%,,,,,,,,,,,,
,,,,,,,,,,,,,,,,,,2017,4/17/2017,$                                                       35.46,,,3/8/2021,,3/8/2021,,,,,1.73%,$             35.46,0.62,,,,,,,,2.68%,,,2.08,,-2.03%,,,,,,,,,,,,
,,,,,,,,,,,,,,,,,,2017,4/18/2017,$                                                       35.30,,,3/15/2021,,3/15/2021,,,,,1.74%,$             35.30,0.62,,,,,,,,2.69%,,,2.08,,-2.47%,,,,,,,,,,,,
,,,,,,,,,,,,,,,,,,2017,4/19/2017,$                                                        35.17,,,3/22/2021,,3/22/2021,,,,,1.75%,$              35.17,0.62,,,,,,,,2.70%,,,2.08,,-2.83%,,,,,,,,,,,,
,,,,,,,,,,,,,,,,,,2017,4/20/2017,$                                                        35.61,,,3/29/2021,,3/29/2021,,,,,1.73%,$              35.61,0.62,,,,,,,,2.67%,,,2.08,,-1.61%,,,,,,,,,,,,
,,,,,,,,,,,,,,,,,,2017,4/21/2017,$                                                       35.57,,,4/5/2021,,4/5/2021,,,,,1.73%,$             35.57,0.62,,,,,,,,2.67%,,,2.08,,-1.73%,,,,,,,,,,,,
,,,,,,,,,,,,,,,,,,2017,4/24/2017,$                                                        35.91,,,4/12/2021,,4/12/2021,,,,,1.71%,$              35.91,0.62,,,,,,,,2.65%,,,2.08,,-0.78%,,,,,,,,,,,,
,,,,,,,,,,,,,,,,,,2017,4/25/2017,$                                                        36.13,,,4/19/2021,,4/19/2021,,,,,1.70%,$              36.13,0.62,,,,,,,,2.63%,,,2.08,,-0.17%,,,,,,,,,,,,
,,,,,,,,,,,,,,,,,,2017,4/26/2017,$                                                       35.92,,,4/26/2021,,4/26/2021,,,,,1.71%,$             35.92,0.62,,,,,,,,2.64%,,,2.08,,-0.75%,,,,,,,,,,,,
,,,,,,,,,,,,,,,,,,2017,4/27/2017,$                                                       35.95,,,5/3/2021,,5/3/2021,,,,,1.71%,$             35.95,0.62,,,,,,,,2.64%,,,2.08,,-0.68%,,,,,,,,,,,,
,,,,,,,,,,,,,,,,,,2017,4/28/2017,$                                                        35.91,,,5/10/2021,,5/10/2021,,,,,1.71%,$              35.91,0.62,,,,,,,,2.65%,,,2.08,,-0.77%,,,,,,,,,,,,
,,,,,,,,,,,,,,,,,,2017,5/1/2017,$                                                       36.65,,,5/17/2021,,5/17/2021,,,,,1.68%,$             36.65,0.62,,,,,,,,2.59%,,,2.08,,0.00%,,,,,,,,,,,,
,,,,,,,,,,,,,,,,,,2017,5/2/2017,$                                                       36.88,,,5/24/2021,,5/24/2021,,,,,1.67%,$             36.88,0.62,,,,,,,,2.58%,,,2.08,,0.00%,,,,,,,,,,,,
,,,,,,,,,,,,,,,,,,2017,5/3/2017,$                                                       36.77,,,6/1/2021,,6/1/2021,,,,,1.67%,$             36.77,0.62,,,,,,,,2.58%,,,2.08,,-0.31%,,,,,,,,,,,,
,,,,,,,,,,,,,,,,,,2017,5/4/2017,$                                                       36.63,,,6/7/2021,,6/7/2021,,,,,1.68%,$             36.63,0.62,,,,,,,,2.59%,,,2.08,,-0.66%,,,,,,,,,,,,
,,,,,,,,,,,,,,,,,,2017,5/5/2017,$                                                       37.24,,,6/14/2021,,6/14/2021,,,,,1.65%,$             37.24,0.62,,,,,,,,2.55%,,,2.08,,0.00%,,,,,,,,,,,,
,,,,,,,,,,,,,,,,,,2017,5/8/2017,$                                                       38.25,,,6/21/2021,,6/21/2021,,,,,1.61%,$             38.25,0.62,,,,,,,,2.48%,,,2.08,,0.00%,,,,,,,,,,,,
,,,,,,,,,,,,,,,,,,2017,5/9/2017,$                                                       38.50,,,6/28/2021,,6/28/2021,,,,,1.60%,$             38.50,0.62,,,,,,,,2.47%,,,2.08,,0.00%,,,,,,,,,,,,
,,,,,,,,,,,,,,,,,,2017,5/10/2017,$                                                       38.32,,,7/6/2021,,7/6/2021,,,,,1.61%,$             38.32,0.62,,,,,,,,2.48%,,,2.08,,-0.47%,,,,,,,,,,,,
,,,,,,,,,,,,,,,,,,2017,5/11/2017,$                                                       38.49,,,7/12/2021,,7/12/2021,,,,,1.60%,$             38.49,0.62,,,,,,,,2.47%,,,2.08,,-0.03%,,,,,,,,,,,,
,,,,,,,,,,,,,,,,,,2017,5/12/2017,$                                                       39.03,,,7/19/2021,,7/19/2021,,,,,1.58%,$             39.03,0.62,,,,,,,,2.43%,,,2.08,,0.00%,,,,,,,,,,,,
,,,,,,,,,,,,,,,,,,2017,5/15/2017,$                                                       38.93,,,7/26/2021,,7/26/2021,,,,,1.58%,$             38.93,0.62,,,,,,,,2.44%,,,2.08,,-0.26%,,,,,,,,,,,,
,,,,,,,,,,,,,,,,,,2017,5/16/2017,$                                                       38.87,,,8/2/2021,,8/2/2021,,,,,1.58%,$             38.87,0.62,,,,,,,,2.44%,,,2.08,,-0.40%,,,,,,,,,,,,
,,,,,,,,,,,,,,,,,,2017,5/17/2017,$                                                       37.56,,,8/9/2021,,8/9/2021,,,,,1.64%,$             37.56,0.62,,,,,,,,2.53%,,,2.08,,-3.75%,,,,,,,,,,,,
,,,,,,,,,,,,,,,,,,2017,5/18/2017,$                                                        38.14,,,8/16/2021,,8/16/2021,,,,,1.61%,$              38.14,0.62,,,,,,,,2.49%,,,2.08,,-2.28%,,,,,,,,,,,,
,,,,,,,,,,,,,,,,,,2017,5/19/2017,$                                                       38.27,,,8/23/2021,,8/23/2021,,,,,1.61%,$             38.27,0.62,,,,,,,,2.48%,,,2.08,,-1.95%,,,,,,,,,,,,
,,,,,,,,,,,,,,,,,,2017,5/22/2017,$                                                       38.50,,,8/30/2021,,8/30/2021,,,,,1.60%,$             38.50,0.62,,,,,,,,2.47%,,,2.08,,-1.35%,,,,,,,,,,,,
,,,,,,,,,,,,,,,,,,2017,5/23/2017,$                                                       38.45,,,9/7/2021,,9/7/2021,,,,,1.60%,$             38.45,0.62,,,,,,,,2.47%,,,2.08,,-1.47%,,,,,,,,,,,,
,,,,,,,,,,,,,,,,,,2017,5/24/2017,$                                                       38.34,,,9/13/2021,,9/13/2021,,,,,1.60%,$             38.34,0.62,,,,,,,,2.48%,,,2.08,,-1.77%,,,,,,,,,,,,
,,,,,,,,,,,,,,,,,,2017,5/25/2017,$                                                       38.47,,,9/20/2021,,9/20/2021,,,,,1.60%,$             38.47,0.62,,,,,,,,2.47%,,,2.08,,-1.43%,,,,,,,,,,,,
,,,,,,,,,,,,,,,,,,2017,5/26/2017,$                                                       38.40,,,9/27/2021,,9/27/2021,,,,,1.60%,$             38.40,0.62,,,,,,,,2.47%,,,2.08,,-1.60%,,,,,,,,,,,,
,,,,,,,,,,,,,,,,,,2017,5/30/2017,$                                                       38.42,,,10/4/2021,,10/4/2021,,,,,1.60%,$             38.42,0.62,,,,,,,,2.47%,,,2.08,,-1.56%,,,,,,,,,,,,
,,,,,,,,,,,,,,,,,,2017,5/31/2017,$                                                        38.19,,,10/11/2021,,10/11/2021,,,,,1.61%,$              38.19,0.62,,,,,,,,2.49%,,,2.08,,-2.14%,,,,,,,,,,,,
,,,,,,,,,,,,,,,,,,2017,6/1/2017,$                                                       38.30,,,10/18/2021,,10/18/2021,,,,,1.61%,$             38.30,0.62,,,,,,,,2.48%,,,2.08,,-1.87%,,,,,,,,,,,,
,,,,,,,,,,,,,,,,,,2017,6/2/2017,$                                                       38.86,,,10/25/2021,,10/25/2021,,,,,1.58%,$             38.86,0.62,,,,,,,,2.44%,,,2.08,,-0.42%,,,,,,,,,,,,
,,,,,,,,,,,,,,,,,,2017,6/5/2017,$                                                       38.48,,,11/1/2021,,11/1/2021,,,,,1.60%,$             38.48,0.62,,,,,,,,2.47%,,,2.08,,-1.39%,,,,,,,,,,,,
,,,,,,,,,,,,,,,,,,2017,6/6/2017,$                                                        38.61,,,11/8/2021,,11/8/2021,,,,,1.59%,$              38.61,0.62,,,,,,,,2.46%,,,2.08,,-1.06%,,,,,,,,,,,,
,,,,,,,,,,,,,,,,,,2017,6/7/2017,$                                                       38.84,,,11/15/2021,,11/15/2021,,,,,1.58%,$             38.84,0.62,,,,,,,,2.45%,,,2.08,,-0.47%,,,,,,,,,,,,
,,,,,,,,,,,,,,,,,,2017,6/8/2017,$                                                       38.75,,,11/22/2021,,11/22/2021,,,,,1.59%,$             38.75,0.62,,,,,,,,2.45%,,,2.08,,-0.71%,,,,,,,,,,,,
,,,,,,,,,,,,,,,,,,2017,6/9/2017,$                                                       37.25,,,11/29/2021,,11/29/2021,,,,,1.65%,$             37.25,0.62,,,,,,,,2.55%,,,2.08,,-4.56%,,,,,,,,,,,,
,,,,,,,,,,,,,,,,,,2017,6/12/2017,$                                                       36.36,,,12/6/2021,,12/6/2021,,,,,1.69%,$             36.36,0.62,,,,,,,,2.61%,,,2.08,,-6.84%,,,,,,,,,,,,
,,,,,,,,,,,,,,,,,,2017,6/13/2017,$                                                       36.65,,,12/13/2021,,12/13/2021,,,,,1.68%,$             36.65,0.62,,,,,,,,2.59%,,,2.08,,-6.09%,,,,,,,,,,,,
,,,,,,,,,,,,,,,,,,2017,6/14/2017,$                                                       36.29,,,12/20/2021,,12/20/2021,,,,,1.69%,$             36.29,0.62,,,,,,,,2.62%,,,2.08,,-7.01%,,,,,,,,,,,,
,,,,,,,,,,,,,,,,,,2017,6/15/2017,$                                                       36.07,,,12/27/2021,,12/27/2021,,,,,1.70%,$             36.07,0.62,,,,,,,,2.63%,,,2.08,,-7.57%,,,,,,,,,,,,
,,,,,,,,,,,,,,,,,,2017,6/16/2017,$                                                       35.57,,,1/3/2022,,1/3/2022,,,,,1.73%,$             35.57,0.62,,,,,,,,2.67%,,,2.08,,-8.86%,,,,,,,,,,,,
,,,,,,,,,,,,,,,,,,2017,6/19/2017,$                                                       36.59,,,1/10/2022,,1/10/2022,,,,,1.68%,$             36.59,0.62,,,,,,,,2.60%,,,2.08,,-6.25%,,,,,,,,,,,,
,,,,,,,,,,,,,,,,,,2017,6/20/2017,$                                                       36.25,,,1/18/2022,,1/18/2022,,,,,1.70%,$             36.25,0.62,,,,,,,,2.62%,,,2.08,,-7.10%,,,,,,,,,,,,
,,,,,,,,,,,,,,,,,,2017,6/21/2017,$                                                       36.47,,,1/24/2022,,1/24/2022,,,,,1.69%,$             36.47,0.62,,,,,,,,2.61%,,,2.08,,-6.55%,,,,,,,,,,,,
,,,,,,,,,,,,,,,,,,2017,6/22/2017,$                                                        36.41,,,1/31/2022,,1/31/2022,,,,,1.69%,$              36.41,0.62,,,,,,,,2.61%,,,2.08,,-6.71%,,,,,,,,,,,,
,,,,,,,,,,,,,,,,,,2017,6/23/2017,$                                                       36.57,,,2/7/2022,,2/7/2022,,,,,1.68%,$             36.57,0.62,,,,,,,,2.60%,,,2.08,,-6.29%,,,,,,,,,,,,
,,,,,,,,,,,,,,,,,,2017,6/26/2017,$                                                       36.46,,,2/14/2022,,2/14/2022,,,,,1.69%,$             36.46,0.62,,,,,,,,2.61%,,,2.08,,-6.59%,,,,,,,,,,,,
,,,,,,,,,,,,,,,,,,2017,6/27/2017,$                                                       35.93,,,2/22/2022,,2/22/2022,,,,,1.71%,$             35.93,0.62,,,,,,,,2.64%,,,2.08,,-7.92%,,,,,,,,,,,,
,,,,,,,,,,,,,,,,,,2017,6/28/2017,$                                                       36.46,,,2/28/2022,,2/28/2022,,,,,1.69%,$             36.46,0.62,,,,,,,,2.61%,,,2.08,,-6.58%,,,,,,,,,,,,
,,,,,,,,,,,,,,,,,,2017,6/29/2017,$                                                       35.92,,,3/7/2022,,3/7/2022,,,,,1.71%,$             35.92,0.62,,,,,,,,2.64%,,,2.08,,-7.96%,,,,,,,,,,,,
,,,,,,,,,,,,,,,,,,2017,6/30/2017,$                                                        36.01,,,3/14/2022,,3/14/2022,,,,,1.71%,$              36.01,0.62,,,,,,,,2.64%,,,2.08,,-7.74%,,,,,,,,,,,,
,,,,,,,,,,,,,,,,,,2017,7/3/2017,$                                                       35.88,,,3/21/2022,,3/21/2022,,,,,1.71%,$             35.88,0.62,,,,,,,,2.65%,,,2.08,,-8.07%,,,,,,,,,,,,
,,,,,,,,,,,,,,,,,,2017,7/5/2017,$                                                       36.02,,,3/28/2022,,3/28/2022,,,,,1.71%,$             36.02,0.62,,,,,,,,2.64%,,,2.08,,-7.69%,,,,,,,,,,,,
,,,,,,,,,,,,,,,,,,2017,7/6/2017,$                                                       35.68,,,4/4/2022,,4/4/2022,,,,,1.72%,$             35.68,0.62,,,,,,,,2.66%,,,2.08,,-8.57%,,,,,,,,,,,,
,,,,,,,,,,,,,,,,,,2017,7/7/2017,$                                                       36.05,,,4/11/2022,,4/11/2022,,,,,1.71%,$             36.05,0.62,,,,,,,,2.64%,,,2.08,,-7.64%,,,,,,,,,,,,
,,,,,,,,,,,,,,,,,,2017,7/10/2017,$                                                       36.27,,,4/18/2022,,4/18/2022,,,,,1.70%,$             36.27,0.62,,,,,,,,2.62%,,,2.08,,-7.07%,,,,,,,,,,,,
,,,,,,,,,,,,,,,,,,2017,7/11/2017,$                                                       36.38,,,4/25/2022,,4/25/2022,,,,,1.69%,$             36.38,0.62,,,,,,,,2.61%,,,2.08,,-6.77%,,,,,,,,,,,,
,,,,,,,,,,,,,,,,,,2017,7/12/2017,$                                                       36.44,,,5/2/2022,,5/2/2022,,,,,1.69%,$             36.44,0.62,,,,,,,,2.61%,,,2.08,,-6.64%,,,,,,,,,,,,
,,,,,,,,,,,,,,,,,,2017,7/13/2017,$                                                       36.94,,,5/9/2022,,5/9/2022,,,,,1.66%,$             36.94,0.62,,,,,,,,2.57%,,,2.08,,-5.34%,,,,,,,,,,,,
,,,,,,,,,,,,,,,,,,2017,7/14/2017,$                                                       37.26,,,5/16/2022,,5/16/2022,,,,,1.65%,$             37.26,0.62,,,,,,,,2.55%,,,2.08,,-4.52%,,,,,,,,,,,,
,,,,,,,,,,,,,,,,,,2017,7/17/2017,$                                                       37.39,,,5/23/2022,,5/23/2022,,,,,1.64%,$             37.39,0.62,,,,,,,,2.54%,,,2.08,,-4.19%,,,,,,,,,,,,
,,,,,,,,,,,,,,,,,,2017,7/18/2017,$                                                       37.52,,,5/31/2022,,5/31/2022,,,,,1.64%,$             37.52,0.62,,,,,,,,2.53%,,,2.08,,-3.86%,,,,,,,,,,,,
,,,,,,,,,,,,,,,,,,2017,7/19/2017,$                                                       37.76,,,6/6/2022,,6/6/2022,,,,,1.63%,$             37.76,0.62,,,,,,,,2.52%,,,2.08,,-3.25%,,,,,,,,,,,,
,,,,,,,,,,,,,,,,,,2017,7/20/2017,$                                                       37.59,,,6/13/2022,,6/13/2022,,,,,1.64%,$             37.59,0.62,,,,,,,,2.53%,,,2.08,,-3.69%,,,,,,,,,,,,
,,,,,,,,,,,,,,,,,,2017,7/21/2017,$                                                       37.57,,,6/21/2022,,6/21/2022,,,,,1.64%,$             37.57,0.62,,,,,,,,2.53%,,,2.08,,-3.73%,,,,,,,,,,,,
,,,,,,,,,,,,,,,,,,2017,7/24/2017,$                                                       38.02,,,6/27/2022,,6/27/2022,,,,,1.62%,$             38.02,0.62,,,,,,,,2.50%,,,2.08,,-2.57%,,,,,,,,,,,,
,,,,,,,,,,,,,,,,,,2017,7/25/2017,$                                                        38.19,,,7/5/2022,,7/5/2022,,,,,1.61%,$              38.19,0.62,,,,,,,,2.49%,,,2.08,,-2.15%,,,,,,,,,,,,
,,,,,,,,,,,,,,,,,,2017,7/26/2017,$                                                       38.37,,,7/11/2022,,7/11/2022,,,,,1.60%,$             38.37,0.62,,,,,,,,2.48%,,,2.08,,-1.69%,,,,,,,,,,,,
,,,,,,,,,,,,,,,,,,2017,7/27/2017,$                                                       37.64,,,7/18/2022,,7/18/2022,,,,,1.63%,$             37.64,0.62,,,,,,,,2.52%,,,2.08,,-3.55%,,,,,,,,,,,,
,,,,,,,,,,,,,,,,,,2017,7/28/2017,$                                                       37.38,,,7/25/2022,,7/25/2022,,,,,1.65%,$             37.38,0.62,,,,,,,,2.54%,,,2.08,,-4.23%,,,,,,,,,,,,
,,,,,,,,,,,,,,,,,,2017,7/31/2017,$                                                        37.18,,,8/1/2022,,8/1/2022,,,,,1.65%,$              37.18,0.62,,,,,,,,2.55%,,,2.08,,-4.72%,,,,,,,,,,,,
,,,,,,,,,,,,,,,,,,2017,8/1/2017,$                                                        37.51,,,8/8/2022,,8/8/2022,,,,,1.64%,$              37.51,0.62,,,,,,,,2.53%,,,2.08,,-3.88%,,,,,,,,,,,,
,,,,,,,,,,,,,,,,,,2017,8/2/2017,$                                                       39.29,,,8/15/2022,,8/15/2022,,,,,1.57%,$             39.29,0.62,,,,,,,,2.42%,,,2.08,,0.00%,,,,,,,,,,,,
,,,,,,,,,,,,,,,,,,2017,8/3/2017,$                                                       38.89,,,8/22/2022,,8/22/2022,,,,,1.58%,$             38.89,0.62,,,,,,,,2.44%,,,2.08,,-1.00%,,,,,,,,,,,,
,,,,,,,,,,,,,,,,,,2017,8/4/2017,$                                                        39.10,,,8/29/2022,,8/29/2022,,,,,1.57%,$              39.10,0.62,,,,,,,,2.43%,,,2.08,,-0.48%,,,,,,,,,,,,
,,,,,,,,,,,,,,,,,,2017,8/7/2017,$                                                       39.70,,,9/6/2022,,9/6/2022,,,,,1.55%,$             39.70,0.62,,,,,,,,2.39%,,,2.08,,0.00%,,,,,,,,,,,,
,,,,,,,,,,,,,,,,,,2017,8/8/2017,$                                                       40.02,,,9/12/2022,,9/12/2022,,,,,1.54%,$             40.02,0.62,,,,,,,,2.37%,,,2.08,,0.00%,,,,,,,,,,,,
,,,,,,,,,,,,,,,,,,2017,8/9/2017,$                                                       40.27,,,9/19/2022,,9/19/2022,,,,,1.53%,$             40.27,0.62,,,,,,,,2.36%,,,2.08,,0.00%,,,,,,,,,,,,
,,,,,,,,,,,,,,,,,,2017,8/10/2017,$                                                       38.83,,,9/26/2022,,9/26/2022,,,,,1.58%,$             38.83,0.62,,,,,,,,2.45%,,,2.08,,-3.56%,,,,,,,,,,,,
,,,,,,,,,,,,,,,,,,2017,8/11/2017,$                                                       39.37,,,10/3/2022,,10/3/2022,,,,,1.56%,$             39.37,0.62,,,,,,,,2.41%,,,2.08,,-2.22%,,,,,,,,,,,,
,,,,,,,,,,,,,,,,,,2017,8/14/2017,$                                                       39.96,,,10/10/2022,,10/10/2022,,,,,1.54%,$             39.96,0.62,,,,,,,,2.38%,,,2.08,,-0.75%,,,,,,,,,,,,
,,,,,,,,,,,,,,,,,,2017,8/15/2017,$                                                       40.40,,,10/17/2022,,10/17/2022,,,,,1.52%,$             40.40,0.62,,,,,,,,2.35%,,,2.08,,0.00%,,,,,,,,,,,,
,,,,,,,,,,,,,,,,,,2017,8/16/2017,$                                                       40.24,,,10/24/2022,,10/24/2022,,,,,1.53%,$             40.24,0.62,,,,,,,,2.36%,,,2.08,,-0.40%,,,,,,,,,,,,
,,,,,,,,,,,,,,,,,,2017,8/17/2017,$                                                       39.47,,,10/31/2022,,10/31/2022,,,,,1.56%,$             39.47,0.62,,,,,,,,2.41%,,,2.08,,-2.31%,,,,,,,,,,,,
,,,,,,,,,,,,,,,,,,2017,8/18/2017,$                                                       39.38,,,11/7/2022,,11/7/2022,,,,,1.56%,$             39.38,0.62,,,,,,,,2.41%,,,2.08,,-2.54%,,,,,,,,,,,,
,,,,,,,,,,,,,,,,,,2017,8/21/2017,$                                                       39.30,,,11/14/2022,,11/14/2022,,,,,1.56%,$             39.30,0.62,,,,,,,,2.42%,,,2.08,,-2.72%,,,,,,,,,,,,
,,,,,,,,,,,,,,,,,,2017,8/22/2017,$                                                       39.95,,,11/21/2022,,11/21/2022,,,,,1.54%,$             39.95,0.62,,,,,,,,2.38%,,,2.08,,-1.13%,,,,,,,,,,,,
,,,,,,,,,,,,,,,,,,2017,8/23/2017,$                                                       40.00,,,11/28/2022,,11/28/2022,,,,,1.54%,$             40.00,0.62,,,,,,,,2.38%,,,2.08,,-1.00%,,,,,,,,,,,,
,,,,,,,,,,,,,,,,,,2017,8/24/2017,$                                                       39.82,,,12/5/2022,,12/5/2022,,,,,1.54%,$             39.82,0.62,,,,,,,,2.39%,,,2.08,,-1.44%,,,,,,,,,,,,
,,,,,,,,,,,,,,,,,,2017,8/25/2017,$                                                       39.97,,,12/12/2022,,12/12/2022,,,,,1.54%,$             39.97,0.62,,,,,,,,2.38%,,,2.08,,-1.08%,,,,,,,,,,,,
,,,,,,,,,,,,,,,,,,2017,8/28/2017,$                                                       40.37,,,12/19/2022,,12/19/2022,,,,,1.52%,$             40.37,0.62,,,,,,,,2.35%,,,2.08,,-0.08%,,,,,,,,,,,,
,,,,,,,,,,,,,,,,,,2017,8/29/2017,$                                                       40.73,,,12/27/2022,,12/27/2022,,,,,1.51%,$             40.73,0.62,,,,,,,,2.33%,,,2.08,,0.00%,,,,,,,,,,,,
,,,,,,,,,,,,,,,,,,2017,8/30/2017,$                                                       40.84,,,1/3/2023,,1/3/2023,,,,,1.51%,$             40.84,0.62,,,,,,,,2.33%,,,2.08,,0.00%,,,,,,,,,,,,
,,,,,,,,,,,,,,,,,,2017,8/31/2017,$                                                        41.00,,,1/9/2023,,1/9/2023,,,,,1.50%,$              41.00,0.62,,,,,,,,2.32%,,,2.08,,0.00%,,,,,,,,,,,,
,,,,,,,,,,,,,,,,,,2017,9/1/2017,$                                                         41.01,,,1/17/2023,,1/17/2023,,,,,1.50%,$               41.01,0.62,,,,,,,,2.32%,,,2.08,,0.00%,,,,,,,,,,,,
,,,,,,,,,,,,,,,,,,2017,9/5/2017,$                                                       40.52,,,1/23/2023,,1/23/2023,,,,,1.52%,$             40.52,0.62,,,,,,,,2.34%,,,2.08,,-1.20%,,,,,,,,,,,,
,,,,,,,,,,,,,,,,,,2017,9/6/2017,$                                                       40.48,,,1/30/2023,,1/30/2023,,,,,1.52%,$             40.48,0.62,,,,,,,,2.35%,,,2.08,,-1.30%,,,,,,,,,,,,
,,,,,,,,,,,,,,,,,,2017,9/7/2017,$                                                       40.32,,,2/6/2023,,2/6/2023,,,,,1.53%,$             40.32,0.62,,,,,,,,2.36%,,,2.08,,-1.70%,,,,,,,,,,,,
,,,,,,,,,,,,,,,,,,2017,9/8/2017,$                                                       39.66,,,2/13/2023,,2/13/2023,,,,,1.55%,$             39.66,0.62,,,,,,,,2.40%,,,2.08,,-3.30%,,,,,,,,,,,,
,,,,,,,,,,,,,,,,,,2017,9/11/2017,$                                                       40.38,,,2/21/2023,,2/21/2023,,,,,1.52%,$             40.38,0.62,,,,,,,,2.35%,,,2.08,,-1.55%,,,,,,,,,,,,
,,,,,,,,,,,,,,,,,,2017,9/12/2017,$                                                       40.22,,,2/27/2023,,2/27/2023,,,,,1.53%,$             40.22,0.62,,,,,,,,2.36%,,,2.08,,-1.94%,,,,,,,,,,,,
,,,,,,,,,,,,,,,,,,2017,9/13/2017,$                                                        39.91,,,3/6/2023,,3/6/2023,,,,,1.54%,$              39.91,0.62,,,,,,,,2.38%,,,2.08,,-2.68%,,,,,,,,,,,,
,,,,,,,,,,,,,,,,,,2017,9/14/2017,$                                                       39.57,,,3/13/2023,,3/13/2023,,,,,1.55%,$             39.57,0.62,,,,,,,,2.40%,,,2.08,,-3.52%,,,,,,,,,,,,
,,,,,,,,,,,,,,,,,,2017,9/15/2017,$                                                       39.97,,,3/20/2023,,3/20/2023,,,,,1.54%,$             39.97,0.62,,,,,,,,2.38%,,,2.08,,-2.54%,,,,,,,,,,,,
,,,,,,,,,,,,,,,,,,2017,9/18/2017,$                                                       39.67,,,3/27/2023,,3/27/2023,,,,,1.55%,$             39.67,0.62,,,,,,,,2.39%,,,2.08,,-3.28%,,,,,,,,,,,,
,,,,,,,,,,,,,,,,,,2017,9/19/2017,$                                                       39.68,,,4/3/2023,,4/3/2023,,,,,1.55%,$             39.68,0.62,,,,,,,,2.39%,,,2.08,,-3.24%,,,,,,,,,,,,
,,,,,,,,,,,,,,,,,,2017,9/20/2017,$                                                       39.02,,,4/10/2023,,4/10/2023,,,,,1.58%,$             39.02,0.62,,,,,,,,2.43%,,,2.08,,-4.86%,,,,,,,,,,,,
,,,,,,,,,,,,,,,,,,2017,9/21/2017,$                                                       38.35,,,4/17/2023,,4/17/2023,,,,,1.60%,$             38.35,0.62,,,,,,,,2.48%,,,2.08,,-6.50%,,,,,,,,,,,,
,,,,,,,,,,,,,,,,,,2017,9/22/2017,$                                                       37.97,,,4/24/2023,,4/24/2023,,,,,1.62%,$             37.97,0.62,,,,,,,,2.50%,,,2.08,,-7.41%,,,,,,,,,,,,
,,,,,,,,,,,,,,,,,,2017,9/25/2017,$                                                       37.64,,,5/1/2023,,5/1/2023,,,,,1.63%,$             37.64,0.62,,,,,,,,2.52%,,,2.08,,-8.23%,,,,,,,,,,,,
,,,,,,,,,,,,,,,,,,2017,9/26/2017,$                                                       38.29,,,5/8/2023,,5/8/2023,,,,,1.61%,$             38.29,0.62,,,,,,,,2.48%,,,2.08,,-6.65%,,,,,,,,,,,,
,,,,,,,,,,,,,,,,,,2017,9/27/2017,$                                                       38.56,,,5/15/2023,,5/15/2023,,,,,1.60%,$             38.56,0.62,,,,,,,,2.46%,,,2.08,,-5.99%,,,,,,,,,,,,
,,,,,,,,,,,,,,,,,,2017,9/28/2017,$                                                       38.32,,,5/22/2023,,5/22/2023,,,,,1.60%,$             38.32,0.62,,,,,,,,2.48%,,,2.08,,-6.57%,,,,,,,,,,,,
,,,,,,,,,,,,,,,,,,2017,9/29/2017,$                                                       38.53,,,5/30/2023,,5/30/2023,,,,,1.60%,$             38.53,0.62,,,,,,,,2.47%,,,2.08,,-6.05%,,,,,,,,,,,,
,,,,,,,,,,,,,,,,,,2017,10/2/2017,$                                                       38.45,,,6/5/2023,,6/5/2023,,,,,1.60%,$             38.45,0.62,,,,,,,,2.47%,,,2.08,,-6.24%,,,,,,,,,,,,
,,,,,,,,,,,,,,,,,,2017,10/3/2017,$                                                       38.62,,,6/12/2023,,6/12/2023,,,,,1.59%,$             38.62,0.62,,,,,,,,2.46%,,,2.08,,-5.83%,,,,,,,,,,,,
,,,,,,,,,,,,,,,,,,2017,10/4/2017,$                                                       38.37,,,6/20/2023,,6/20/2023,,,,,1.60%,$             38.37,0.62,,,,,,,,2.48%,,,2.08,,-6.44%,,,,,,,,,,,,
,,,,,,,,,,,,,,,,,,2017,10/5/2017,$                                                       38.85,,,6/26/2023,,6/26/2023,,,,,1.58%,$             38.85,0.62,,,,,,,,2.45%,,,2.08,,-5.28%,,,,,,,,,,,,
,,,,,,,,,,,,,,,,,,2017,10/6/2017,$                                                       38.83,,,7/3/2023,,7/3/2023,,,,,1.58%,$             38.83,0.62,,,,,,,,2.45%,,,2.08,,-5.33%,,,,,,,,,,,,
,,,,,,,,,,,,,,,,,,2017,10/9/2017,$                                                       38.96,,,7/10/2023,,7/10/2023,,,,,1.58%,$             38.96,0.62,,,,,,,,2.44%,,,2.08,,-5.00%,,,,,,,,,,,,
,,,,,,,,,,,,,,,,,,2017,10/10/2017,$                                                       38.98,,,7/17/2023,,7/17/2023,,,,,1.58%,$             38.98,0.62,,,,,,,,2.44%,,,2.08,,-4.97%,,,,,,,,,,,,
,,,,,,,,,,,,,,,,,,2017,10/11/2017,$                                                        39.14,,,7/24/2023,,7/24/2023,,,,,1.57%,$              39.14,0.62,,,,,,,,2.43%,,,2.08,,-4.57%,,,,,,,,,,,,
,,,,,,,,,,,,,,,,,,2017,10/12/2017,$                                                       39.00,,,7/31/2023,,7/31/2023,,,,,1.58%,$             39.00,0.62,,,,,,,,2.44%,,,2.08,,-4.91%,,,,,,,,,,,,
,,,,,,,,,,,,,,,,,,2017,10/13/2017,$                                                       39.25,,,8/7/2023,,8/7/2023,,,,,1.57%,$             39.25,0.62,,,,,,,,2.42%,,,2.08,,-4.30%,,,,,,,,,,,,
,,,,,,,,,,,,,,,,,,2017,10/16/2017,$                                                       39.97,,,8/14/2023,,8/14/2023,,,,,1.54%,$             39.97,0.62,,,,,,,,2.38%,,,2.08,,-2.54%,,,,,,,,,,,,
,,,,,,,,,,,,,,,,,,2017,10/17/2017,$                                                        40.12,,,8/21/2023,,8/21/2023,,,,,1.53%,$              40.12,0.62,,,,,,,,2.37%,,,2.08,,-2.18%,,,,,,,,,,,,
,,,,,,,,,,,,,,,,,,2017,10/18/2017,$                                                       39.94,,,8/28/2023,,8/28/2023,,,,,1.54%,$             39.94,0.62,,,,,,,,2.38%,,,2.08,,-2.62%,,,,,,,,,,,,
,,,,,,,,,,,,,,,,,,2017,10/19/2017,$                                                       39.00,,,9/5/2023,,9/5/2023,,,,,1.58%,$             39.00,0.62,,,,,,,,2.44%,,,2.08,,-4.92%,,,,,,,,,,,,
,,,,,,,,,,,,,,,,,,2017,10/20/2017,$                                                       39.06,,,9/11/2023,,9/11/2023,,,,,1.57%,$             39.06,0.62,,,,,,,,2.43%,,,2.08,,-4.75%,,,,,,,,,,,,
,,,,,,,,,,,,,,,,,,2017,10/23/2017,$                                                       39.04,,,9/18/2023,,9/18/2023,,,,,1.58%,$             39.04,0.62,,,,,,,,2.43%,,,2.08,,-4.80%,,,,,,,,,,,,
,,,,,,,,,,,,,,,,,,2017,10/24/2017,$                                                       39.28,,,9/25/2023,,9/25/2023,,,,,1.57%,$             39.28,0.62,,,,,,,,2.42%,,,2.08,,-4.24%,,,,,,,,,,,,
,,,,,,,,,,,,,,,,,,2017,10/25/2017,$                                                        39.10,,,10/2/2023,,10/2/2023,,,,,1.57%,$              39.10,0.62,,,,,,,,2.43%,,,2.08,,-4.66%,,,,,,,,,,,,
,,,,,,,,,,,,,,,,,,2017,10/26/2017,$                                                       39.35,,,10/9/2023,,10/9/2023,,,,,1.56%,$             39.35,0.62,,,,,,,,2.41%,,,2.08,,-4.05%,,,,,,,,,,,,
,,,,,,,,,,,,,,,,,,2017,10/27/2017,$                                                       40.76,,,10/16/2023,,10/16/2023,,,,,1.51%,$             40.76,0.62,,,,,,,,2.33%,,,2.08,,-0.61%,,,,,,,,,,,,
,,,,,,,,,,,,,,,,,,2017,10/30/2017,$                                                        41.68,,,10/23/2023,,10/23/2023,,,,,1.48%,$              41.68,0.62,,,,,,,,2.28%,,,2.08,,0.00%,,,,,,,,,,,,
,,,,,,,,,,,,,,,,,,2017,10/31/2017,$                                                       42.26,,,10/30/2023,,10/30/2023,,,,,1.46%,$             42.26,0.62,,,,,,,,2.25%,,,2.08,,0.00%,,,,,,,,,,,,
,,,,,,,,,,,,,,,,,,2017,11/1/2017,$                                                        41.72,,,11/6/2023,,11/6/2023,,,,,1.47%,$              41.72,0.62,,,,,,,,2.28%,,,2.08,,-1.27%,,,,,,,,,,,,
,,,,,,,,,,,,,,,,,,2017,11/2/2017,$                                                       42.03,,,11/13/2023,,11/13/2023,,,,,1.46%,$             42.03,0.62,,,,,,,,2.26%,,,2.08,,-0.55%,,,,,,,,,,,,
,,,,,,,,,,,,,,,,,,2017,11/3/2017,$                                                        43.13,,,11/20/2023,,11/20/2023,,,,,1.43%,$              43.13,0.62,,,,,,,,2.20%,,,2.08,,0.00%,,,,,,,,,,,,
,,,,,,,,,,,,,,,,,,2017,11/6/2017,$                                                       43.56,,,11/27/2023,,11/27/2023,,,,,1.41%,$             43.56,0.62,,,,,,,,2.18%,,,2.08,,0.00%,,,,,,,,,,,,
,,,,,,,,,,,,,,,,,,2017,11/7/2017,$                                                       43.70,,,12/4/2023,,12/4/2023,,,,,1.41%,$             43.70,0.62,,,,,,,,2.17%,,,2.08,,0.00%,,,,,,,,,,,,
,,,,,,,,,,,,,,,,,,2017,11/8/2017,$                                                       44.06,,,12/11/2023,,12/11/2023,,,,,1.40%,$             44.06,0.62,,,,,,,,2.16%,,,2.08,,0.00%,,,,,,,,,,,,
,,,,,,,,,,,,,,,,,,2017,11/9/2017,$                                                       43.97,,,12/18/2023,,12/18/2023,,,,,1.40%,$             43.97,0.62,,,,,,,,2.16%,,,2.08,,-0.20%,,,,,,,,,,,,
,,,,,,,,,,,,,,,,,,2017,11/10/2017,$                                                       43.67,,,12/26/2023,,12/26/2023,,,,,1.41%,$             43.67,0.62,,,,,,,,2.18%,,,2.08,,-0.89%,,,,,,,,,,,,
,,,,,,,,,,,,,,,,,,2017,11/13/2017,$                                                       43.49,,,1/2/2024,,1/2/2024,,,,,1.41%,$             43.49,0.62,,,,,,,,2.18%,,,2.08,,-1.29%,,,,,,,,,,,,
,,,,,,,,,,,,,,,,,,2017,11/14/2017,$                                                       42.84,,,1/8/2024,,1/8/2024,,,,,1.44%,$             42.84,0.62,,,,,,,,2.22%,,,2.08,,-2.78%,,,,,,,,,,,,
,,,,,,,,,,,,,,,,,,2017,11/15/2017,$                                                       42.27,,,1/16/2024,,1/16/2024,,,,,1.45%,$             42.27,0.62,,,,,,,,2.25%,,,2.08,,-4.06%,,,,,,,,,,,,
,,,,,,,,,,,,,,,,,,2017,11/16/2017,$                                                       42.78,,,1/22/2024,,1/22/2024,,,,,1.44%,$             42.78,0.62,,,,,,,,2.22%,,,2.08,,-2.92%,,,,,,,,,,,,
,,,,,,,,,,,,,,,,,,2017,11/17/2017,$                                                       42.54,,,1/29/2024,,1/29/2024,,,,,1.45%,$             42.54,0.62,,,,,,,,2.23%,,,2.08,,-3.46%,,,,,,,,,,,,
,,,,,,,,,,,,,,,,,,2017,11/20/2017,$                                                       42.50,,,2/5/2024,,2/5/2024,,,,,1.45%,$             42.50,0.62,,,,,,,,2.24%,,,2.08,,-3.55%,,,,,,,,,,,,
,,,,,,,,,,,,,,,,,,2017,11/21/2017,$                                                       43.29,,,2/12/2024,,2/12/2024,,,,,1.42%,$             43.29,0.62,,,,,,,,2.19%,,,2.08,,-1.76%,,,,,,,,,,,,
,,,,,,,,,,,,,,,,,,2017,11/22/2017,$                                                       43.74,,,2/20/2024,,2/20/2024,,,,,1.41%,$             43.74,0.62,,,,,,,,2.17%,,,2.08,,-0.73%,,,,,,,,,,,,
,,,,,,,,,,,,,,,,,,2017,11/24/2017,$                                                       43.74,,,2/26/2024,,2/26/2024,,,,,1.41%,$             43.74,0.62,,,,,,,,2.17%,,,2.08,,-0.72%,,,,,,,,,,,,
,,,,,,,,,,,,,,,,,,2017,11/27/2017,$                                                       43.52,,,3/4/2024,,3/4/2024,,,,,1.41%,$             43.52,0.62,,,,,,,,2.18%,,,2.08,,-1.22%,,,,,,,,,,,,
,,,,,,,,,,,,,,,,,,2017,11/28/2017,$                                                       43.27,,,3/11/2024,,3/11/2024,,,,,1.42%,$             43.27,0.62,,,,,,,,2.20%,,,2.08,,-1.80%,,,,,,,,,,,,
,,,,,,,,,,,,,,,,,,2017,11/29/2017,$                                                       42.37,,,3/18/2024,,3/18/2024,,,,,1.45%,$             42.37,0.62,,,,,,,,2.24%,,,2.08,,-3.84%,,,,,,,,,,,,
,,,,,,,,,,,,,,,,,,2017,11/30/2017,$                                                       42.96,,,3/25/2024,,3/25/2024,,,,,1.43%,$             42.96,0.62,,,,,,,,2.21%,,,2.08,,-2.49%,,,,,,,,,,,,
,,,,,,,,,,,,,,,,,,2017,12/1/2017,$                                                       42.76,,,4/1/2024,,4/1/2024,,,,,1.44%,$             42.76,0.62,,,,,,,,2.22%,,,2.08,,-2.94%,,,,,,,,,,,,
,,,,,,,,,,,,,,,,,,2017,12/4/2017,$                                                       42.45,,,4/8/2024,,4/8/2024,,,,,1.45%,$             42.45,0.62,,,,,,,,2.24%,,,2.08,,-3.65%,,,,,,,,,,,,
,,,,,,,,,,,,,,,,,,2017,12/5/2017,$                                                        42.41,,,4/15/2024,,4/15/2024,,,,,1.45%,$              42.41,0.62,,,,,,,,2.24%,,,2.08,,-3.74%,,,,,,,,,,,,
,,,,,,,,,,,,,,,,,,2017,12/6/2017,$                                                       42.25,,,4/22/2024,,4/22/2024,,,,,1.46%,$             42.25,0.62,,,,,,,,2.25%,,,2.08,,-4.10%,,,,,,,,,,,,
,,,,,,,,,,,,,,,,,,2017,12/7/2017,$                                                       42.33,,,4/29/2024,,4/29/2024,,,,,1.45%,$             42.33,0.62,,,,,,,,2.24%,,,2.08,,-3.93%,,,,,,,,,,,,
,,,,,,,,,,,,,,,,,,2017,12/8/2017,$                                                       42.34,,,5/6/2024,,5/6/2024,,,,,1.45%,$             42.34,0.62,,,,,,,,2.24%,,,2.08,,-3.90%,,,,,,,,,,,,
,,,,,,,,,,,,,,,,,,2017,12/11/2017,$                                                        43.17,,,5/13/2024,,5/13/2024,,,,,1.42%,$              43.17,0.62,,,,,,,,2.20%,,,2.08,,-2.03%,,,,,,,,,,,,
,,,,,,,,,,,,,,,,,,2017,12/12/2017,$                                                       42.93,,,5/20/2024,,5/20/2024,,,,,1.43%,$             42.93,0.62,,,,,,,,2.21%,,,2.08,,-2.58%,,,,,,,,,,,,
,,,,,,,,,,,,,,,,,,2017,12/13/2017,$                                                       43.07,,,5/28/2024,,5/28/2024,,,,,1.43%,$             43.07,0.62,,,,,,,,2.21%,,,2.08,,-2.25%,,,,,,,,,,,,
,,,,,,,,,,,,,,,,,,2017,12/14/2017,$                                                       43.06,,,6/3/2024,,6/3/2024,,,,,1.43%,$             43.06,0.62,,,,,,,,2.21%,,,2.08,,-2.28%,,,,,,,,,,,,
,,,,,,,,,,,,,,,,,,2017,12/15/2017,$                                                       43.49,,,6/10/2024,,6/10/2024,,,,,1.41%,$             43.49,0.62,,,,,,,,2.18%,,,2.08,,-1.29%,,,,,,,,,,,,
,,,,,,,,,,,,,,,,,,2017,12/18/2017,$                                                         44.11,,,6/17/2024,,6/17/2024,,,,,1.39%,$               44.11,0.62,,,,,,,,2.15%,,,2.08,,0.00%,,,,,,,,,,,,
,,,,,,,,,,,,,,,,,,2017,12/19/2017,$                                                       43.64,,,6/24/2024,,6/24/2024,,,,,1.41%,$             43.64,0.62,,,,,,,,2.18%,,,2.08,,-1.07%,,,,,,,,,,,,
,,,,,,,,,,,,,,,,,,2017,12/20/2017,$                                                       43.59,,,7/1/2024,,7/1/2024,,,,,1.41%,$             43.59,0.62,,,,,,,,2.18%,,,2.08,,-1.17%,,,,,,,,,,,,
,,,,,,,,,,,,,,,,,,2017,12/21/2017,$                                                       43.75,,,7/8/2024,,7/8/2024,,,,,1.41%,$             43.75,0.62,,,,,,,,2.17%,,,2.08,,-0.80%,,,,,,,,,,,,
,,,,,,,,,,,,,,,,,,2017,12/22/2017,$                                                       43.75,,,7/15/2024,,7/15/2024,,,,,1.41%,$             43.75,0.62,,,,,,,,2.17%,,,2.08,,-0.80%,,,,,,,,,,,,
,,,,,,,,,,,,,,,,,,2017,12/26/2017,$                                                       42.64,,,7/22/2024,,7/22/2024,,,,,1.44%,$             42.64,0.62,,,,,,,,2.23%,,,2.08,,-3.32%,,,,,,,,,,,,
,,,,,,,,,,,,,,,,,,2017,12/27/2017,$                                                       42.65,,,7/29/2024,,7/29/2024,,,,,1.44%,$             42.65,0.62,,,,,,,,2.23%,,,2.08,,-3.30%,,,,,,,,,,,,
,,,,,,,,,,,,,,,,,,2017,12/28/2017,$                                                       42.77,,,8/5/2024,,8/5/2024,,,,,1.44%,$             42.77,0.62,,,,,,,,2.22%,,,2.08,,-3.03%,,,,,,,,,,,,
,,,,,,,,,,,,,,,,,,2017,12/29/2017,$                                                        42.31,,,8/12/2024,,8/12/2024,,,,,1.45%,$              42.31,0.62,,,,,,,,2.25%,,,2.08,,-4.08%,,,,,,,,,,,,
,,,,,,,,,,,,,,,,,,2018,1/2/2018,$                                                       43.07,,,8/19/2024,,8/19/2024,,,,,1.64%,$             43.07,0.71,,,,,,,,2.21%,,,1.465,,-2.36%,,,,,,,,,,,,
,,,,,,,,,,,,,,,,,,2018,1/3/2018,$                                                       43.06,,,8/26/2024,,8/26/2024,,,,,1.64%,$             43.06,0.71,,,,,,,,2.21%,,,1.465,,-2.38%,,,,,,,,,,,,
,,,,,,,,,,,,,,,,,,2018,1/4/2018,$                                                       43.26,,,9/3/2024,,9/3/2024,,,,,1.63%,$             43.26,0.71,,,,,,,,2.20%,,,1.465,,-1.92%,,,,,,,,,,,,
,,,,,,,,,,,,,,,,,,2018,1/5/2018,$                                                       43.75,,,9/9/2024,,9/9/2024,,,,,1.61%,$             43.75,0.71,,,,,,,,2.17%,,,1.465,,-0.80%,,,,,,,,,,,,
,,,,,,,,,,,,,,,,,,2018,1/8/2018,$                                                       43.59,,,9/16/2024,,9/16/2024,,,,,1.62%,$             43.59,0.71,,,,,,,,2.18%,,,1.465,,-1.17%,,,,,,,,,,,,
,,,,,,,,,,,,,,,,,,2018,1/9/2018,$                                                       43.58,,,9/23/2024,,9/23/2024,,,,,1.62%,$             43.58,0.71,,,,,,,,2.18%,,,1.465,,-1.18%,,,,,,,,,,,,
,,,,,,,,,,,,,,,,,,2018,1/10/2018,$                                                       43.57,,,9/30/2024,,9/30/2024,,,,,1.62%,$             43.57,0.71,,,,,,,,2.18%,,,1.465,,-1.21%,,,,,,,,,,,,
,,,,,,,,,,,,,,,,,,2018,1/11/2018,$                                                       43.82,,,10/7/2024,,10/7/2024,,,,,1.61%,$             43.82,0.71,,,,,,,,2.17%,,,1.465,,-0.65%,,,,,,,,,,,,
,,,,,,,,,,,,,,,,,,2018,1/12/2018,$                                                       44.27,,,10/14/2024,,10/14/2024,,,,,1.59%,$             44.27,0.71,,,,,,,,2.15%,,,1.465,,0.00%,,,,,,,,,,,,
,,,,,,,,,,,,,,,,,,2018,1/16/2018,$                                                       44.05,,,10/21/2024,,10/21/2024,,,,,1.60%,$             44.05,0.71,,,,,,,,2.16%,,,1.465,,-0.51%,,,,,,,,,,,,
,,,,,,,,,,,,,,,,,,2018,1/17/2018,$                                                       44.78,,,10/28/2024,,10/28/2024,,,,,1.57%,$             44.78,0.71,,,,,,,,2.12%,,,1.465,,0.00%,,,,,,,,,,,,
,,,,,,,,,,,,,,,,,,2018,1/18/2018,$                                                       44.82,,,11/4/2024,,11/4/2024,,,,,1.57%,$             44.82,0.71,,,,,,,,2.12%,,,1.465,,0.00%,,,,,,,,,,,,
,,,,,,,,,,,,,,,,,,2018,1/19/2018,$                                                       44.62,,,11/11/2024,,11/11/2024,,,,,1.58%,$             44.62,0.71,,,,,,,,2.13%,,,1.465,,-0.45%,,,,,,,,,,,,
,,,,,,,,,,,,,,,,,,2018,1/22/2018,$                                                       44.25,,,11/18/2024,,11/18/2024,,,,,1.59%,$             44.25,0.71,,,,,,,,2.15%,,,1.465,,-1.26%,,,,,,,,,,,,
,,,,,,,,,,,,,,,,,,2018,1/23/2018,$                                                       44.26,,,11/25/2024,,11/25/2024,,,,,1.59%,$             44.26,0.71,,,,,,,,2.15%,,,1.465,,-1.24%,,,,,,,,,,,,
,,,,,,,,,,,,,,,,,,2018,1/24/2018,$                                                       43.56,,,12/2/2024,,12/2/2024,,,,,1.62%,$             43.56,0.71,,,,,,,,2.18%,,,1.465,,-2.81%,,,,,,,,,,,,
,,,,,,,,,,,,,,,,,,2018,1/25/2018,$                                                       42.78,,,12/9/2024,,12/9/2024,,,,,1.65%,$             42.78,0.71,,,,,,,,2.22%,,,1.465,,-4.55%,,,,,,,,,,,,
,,,,,,,,,,,,,,,,,,2018,1/26/2018,$                                                       42.88,,,12/16/2024,,12/16/2024,,,,,1.64%,$             42.88,0.71,,,,,,,,2.22%,,,1.465,,-4.32%,,,,,,,,,,,,
,,,,,,,,,,,,,,,,,,2018,1/29/2018,$                                                        41.99,,,12/23/2024,,12/23/2024,,,,,1.68%,$              41.99,0.71,,,,,,,,2.26%,,,1.465,,-6.30%,,,,,,,,,,,,
,,,,,,,,,,,,,,,,,,2018,1/30/2018,$                                                        41.74,,,12/30/2024,,12/30/2024,,,,,1.69%,$              41.74,0.71,,,,,,,,2.28%,,,1.465,,-6.86%,,,,,,,,,,,,
,,,,,,,,,,,,,,,,,,2018,1/31/2018,$                                                        41.86,,,1/6/2025,,1/6/2025,,,,,1.68%,$              41.86,0.71,,,,,,,,2.27%,,,1.465,,-6.60%,,,,,,,,,,,,
,,,,,,,,,,,,,,,,,,2018,2/1/2018,$                                                        41.95,,,1/13/2025,,1/13/2025,,,,,1.68%,$              41.95,0.71,,,,,,,,2.26%,,,1.465,,-6.40%,,,,,,,,,,,,
,,,,,,,,,,,,,,,,,,2018,2/2/2018,$                                                        40.13,,,1/21/2025,,1/21/2025,,,,,1.76%,$              40.13,0.71,,,,,,,,2.37%,,,1.465,,-10.47%,,,,,,,,,,,,
,,,,,,,,,,,,,,,,,,2018,2/5/2018,$                                                        39.12,,,1/27/2025,,1/27/2025,,,,,1.80%,$              39.12,0.71,,,,,,,,2.43%,,,1.465,,-12.70%,,,,,,,,,,,,
,,,,,,,,,,,,,,,,,,2018,2/6/2018,$                                                       40.76,,,2/3/2025,,2/3/2025,,,,,1.73%,$             40.76,0.71,,,,,,,,2.33%,,,1.465,,-9.05%,,,,,,,,,,,,
,,,,,,,,,,,,,,,,,,2018,2/7/2018,$                                                       39.89,,,2/10/2025,,2/10/2025,,,,,1.77%,$             39.89,0.71,,,,,,,,2.38%,,,1.465,,-11.00%,,,,,,,,,,,,
,,,,,,,,,,,,,,,,,,2018,2/8/2018,$                                                       38.79,,,2/18/2025,,2/18/2025,,,,,1.82%,$             38.79,0.71,,,,,,,,2.45%,,,1.465,,-13.45%,,,,,,,,,,,,
,,,,,,,,,,,,,,,,,,2018,2/9/2018,$                                                        39.10,,,2/24/2025,,2/24/2025,,,,,1.80%,$              39.10,0.71,,,,,,,,2.43%,,,1.465,,-12.75%,,,,,,,,,,,,
,,,,,,,,,,,,,,,,,,2018,2/12/2018,$                                                       40.68,,,3/3/2025,,3/3/2025,,,,,1.73%,$             40.68,0.71,,,,,,,,2.34%,,,1.465,,-9.23%,,,,,,,,,,,,
,,,,,,,,,,,,,,,,,,2018,2/13/2018,$                                                        41.09,,,3/10/2025,,3/10/2025,,,,,1.72%,$              41.09,0.71,,,,,,,,2.31%,,,1.465,,-8.32%,,,,,,,,,,,,
,,,,,,,,,,,,,,,,,,2018,2/14/2018,$                                                        41.84,,,3/17/2025,,3/17/2025,,,,,1.68%,$              41.84,0.71,,,,,,,,2.27%,,,1.465,,-6.63%,,,,,,,,,,,,
,,,,,,,,,,,,,,,,,,2018,2/15/2018,$                                                       43.25,,,3/24/2025,,3/24/2025,,,,,1.63%,$             43.25,0.71,,,,,,,,2.20%,,,1.465,,-3.50%,,,,,,,,,,,,
,,,,,,,,,,,,,,,,,,2018,2/16/2018,$                                                         43.11,,,3/31/2025,,3/31/2025,,,,,1.64%,$               43.11,0.71,,,,,,,,2.20%,,,1.465,,-3.81%,,,,,,,,,,,,
,,,,,,,,,,,,,,,,,,2018,2/20/2018,$                                                       42.96,,,4/7/2025,,4/7/2025,,,,,1.64%,$             42.96,0.71,,,,,,,,2.21%,,,1.465,,-4.13%,,,,,,,,,,,,
,,,,,,,,,,,,,,,,,,2018,2/21/2018,$                                                       42.77,,,4/14/2025,,4/14/2025,,,,,1.65%,$             42.77,0.71,,,,,,,,2.22%,,,1.465,,-4.57%,,,,,,,,,,,,
,,,,,,,,,,,,,,,,,,2018,2/22/2018,$                                                        43.13,,,4/21/2025,,4/21/2025,,,,,1.63%,$              43.13,0.71,,,,,,,,2.20%,,,1.465,,-3.77%,,,,,,,,,,,,
,,,,,,,,,,,,,,,,,,2018,2/23/2018,$                                                       43.88,,,4/28/2025,,4/28/2025,,,,,1.61%,$             43.88,0.71,,,,,,,,2.17%,,,1.465,,-2.10%,,,,,,,,,,,,
,,,,,,,,,,,,,,,,,,2018,2/26/2018,$                                                       44.74,,,5/5/2025,,5/5/2025,,,,,1.58%,$             44.74,0.71,,,,,,,,2.12%,,,1.465,,-0.16%,,,,,,,,,,,,
,,,,,,,,,,,,,,,,,,2018,2/27/2018,$                                                       44.60,,,5/12/2025,,5/12/2025,,,,,1.58%,$             44.60,0.71,,,,,,,,2.13%,,,1.465,,-0.49%,,,,,,,,,,,,
,,,,,,,,,,,,,,,,,,2018,2/28/2018,$                                                       44.53,,,5/19/2025,,5/19/2025,,,,,1.58%,$             44.53,0.71,,,,,,,,2.13%,,,1.465,,-0.64%,,,,,,,,,,,,
,,,,,,,,,,,,,,,,,,2018,3/1/2018,$                                                       43.75,,,5/27/2025,,5/27/2025,,,,,1.61%,$             43.75,0.71,,,,,,,,2.17%,,,1.465,,-2.38%,,,,,,,,,,,,
,,,,,,,,,,,,,,,,,,2018,3/2/2018,$                                                       44.05,,,6/2/2025,,6/2/2025,,,,,1.60%,$             44.05,0.71,,,,,,,,2.16%,,,1.465,,-1.70%,,,,,,,,,,,,
,,,,,,,,,,,,,,,,,,2018,3/5/2018,$                                                        44.21,,,6/9/2025,,6/9/2025,,,,,1.59%,$              44.21,0.71,,,,,,,,2.15%,,,1.465,,-1.36%,,,,,,,,,,,,
,,,,,,,,,,,,,,,,,,2018,3/6/2018,$                                                        44.17,,,6/16/2025,,6/16/2025,,,,,1.60%,$              44.17,0.71,,,,,,,,2.15%,,,1.465,,-1.44%,,,,,,,,,,,,
,,,,,,,,,,,,,,,,,,2018,3/7/2018,$                                                       43.76,,,6/23/2025,,6/23/2025,,,,,1.61%,$             43.76,0.71,,,,,,,,2.17%,,,1.465,,-2.36%,,,,,,,,,,,,
,,,,,,,,,,,,,,,,,,2018,3/8/2018,$                                                       44.24,,,6/30/2025,,6/30/2025,,,,,1.59%,$             44.24,0.71,,,,,,,,2.15%,,,1.465,,-1.29%,,,,,,,,,,,,
,,,,,,,,,,,,,,,,,,2018,3/9/2018,$                                                       45.00,,,7/7/2025,,7/7/2025,,,,,1.57%,$             45.00,0.71,,,,,,,,2.11%,,,1.465,,0.00%,,,,,,,,,,,,
,,,,,,,,,,,,,,,,,,2018,3/12/2018,$                                                       45.43,,,7/14/2025,,7/14/2025,,,,,1.55%,$             45.43,0.71,,,,,,,,2.09%,,,1.465,,0.00%,,,,,,,,,,,,
,,,,,,,,,,,,,,,,,,2018,3/13/2018,$                                                       44.99,,,7/21/2025,,7/21/2025,,,,,1.57%,$             44.99,0.71,,,,,,,,2.11%,,,1.465,,-0.96%,,,,,,,,,,,,
,,,,,,,,,,,,,,,,,,2018,3/14/2018,$                                                        44.61,,,7/28/2025,,7/28/2025,,,,,1.58%,$              44.61,0.71,,,,,,,,2.13%,,,1.465,,-1.80%,,,,,,,,,,,,
,,,,,,,,,,,,,,,,,,2018,3/15/2018,$                                                       44.66,,,8/4/2025,,8/4/2025,,,,,1.58%,$             44.66,0.71,,,,,,,,2.13%,,,1.465,,-1.69%,,,,,,,,,,,,
,,,,,,,,,,,,,,,,,,2018,3/16/2018,$                                                        44.51,,,8/11/2025,,8/11/2025,,,,,1.58%,$              44.51,0.71,,,,,,,,2.13%,,,1.465,,-2.04%,,,,,,,,,,,,
,,,,,,,,,,,,,,,,,,2018,3/19/2018,$                                                       43.83,,,8/18/2025,,8/18/2025,,,,,1.61%,$             43.83,0.71,,,,,,,,2.17%,,,1.465,,-3.53%,,,,,,,,,,,,
,,,,,,,,,,,,,,,,,,2018,3/20/2018,$                                                        43.81,,,8/25/2025,,8/25/2025,,,,,1.61%,$              43.81,0.71,,,,,,,,2.17%,,,1.465,,-3.57%,,,,,,,,,,,,
,,,,,,,,,,,,,,,,,,2018,3/21/2018,$                                                       42.82,,,9/2/2025,,9/2/2025,,,,,1.65%,$             42.82,0.71,,,,,,,,2.22%,,,1.465,,-5.75%,,,,,,,,,,,,
,,,,,,,,,,,,,,,,,,2018,3/22/2018,$                                                        42.21,,,9/8/2025,,9/8/2025,,,,,1.67%,$              42.21,0.71,,,,,,,,2.25%,,,1.465,,-7.08%,,,,,,,,,,,,
,,,,,,,,,,,,,,,,,,2018,3/23/2018,$                                                        41.24,,,9/15/2025,,9/15/2025,,,,,1.71%,$              41.24,0.71,,,,,,,,2.30%,,,1.465,,-9.23%,,,,,,,,,,,,
,,,,,,,,,,,,,,,,,,2018,3/26/2018,$                                                        43.19,,,9/22/2025,,9/22/2025,,,,,1.63%,$              43.19,0.71,,,,,,,,2.20%,,,1.465,,-4.93%,,,,,,,,,,,,
,,,,,,,,,,,,,,,,,,2018,3/27/2018,$                                                       42.09,,,9/29/2025,,9/29/2025,,,,,1.68%,$             42.09,0.71,,,,,,,,2.26%,,,1.465,,-7.36%,,,,,,,,,,,,
,,,,,,,,,,,,,,,,,,2018,3/28/2018,$                                                        41.62,,,10/6/2025,,10/6/2025,,,,,1.69%,$              41.62,0.71,,,,,,,,2.28%,,,1.465,,-8.39%,,,,,,,,,,,,
,,,,,,,,,,,,,,,,,,2018,3/29/2018,$                                                        41.95,,,10/13/2025,,10/13/2025,,,,,1.68%,$              41.95,0.71,,,,,,,,2.26%,,,1.465,,-7.67%,,,,,,,,,,,,
,,,,,,,,,,,,,,,,,,2018,4/2/2018,$                                                        41.67,,,10/20/2025,,10/20/2025,,,,,1.69%,$              41.67,0.71,,,,,,,,2.28%,,,1.465,,-8.28%,,,,,,,,,,,,
,,,,,,,,,,,,,,,,,,2018,4/3/2018,$                                                        42.10,,,10/27/2025,,10/27/2025,,,,,1.67%,$              42.10,0.71,,,,,,,,2.26%,,,1.465,,-7.34%,,,,,,,,,,,,
,,,,,,,,,,,,,,,,,,2018,4/4/2018,$                                                       42.90,,,11/3/2025,,11/3/2025,,,,,1.64%,$             42.90,0.71,,,,,,,,2.21%,,,1.465,,-5.56%,,,,,,,,,,,,
,,,,,,,,,,,,,,,,,,2018,4/5/2018,$                                                       43.20,,,11/10/2025,,11/10/2025,,,,,1.63%,$             43.20,0.71,,,,,,,,2.20%,,,1.465,,-4.91%,,,,,,,,,,,,
,,,,,,,,,,,,,,,,,,2018,4/6/2018,$                                                        42.10,,,11/17/2025,,11/17/2025,,,,,1.67%,$              42.10,0.71,,,,,,,,2.26%,,,1.465,,-7.34%,,,,,,,,,,,,
,,,,,,,,,,,,,,,,,,2018,4/9/2018,$                                                        42.51,,,11/24/2025,,11/24/2025,,,,,1.66%,$              42.51,0.71,,,,,,,,2.23%,,,1.465,,-6.42%,,,,,,,,,,,,
,,,,,,,,,,,,,,,,,,2018,4/10/2018,$                                                        43.31,,,12/1/2025,,12/1/2025,,,,,1.63%,$              43.31,0.71,,,,,,,,2.19%,,,1.465,,-4.66%,,,,,,,,,,,,
,,,,,,,,,,,,,,,,,,2018,4/11/2018,$                                                         43.11,,,12/8/2025,,12/8/2025,,,,,1.64%,$               43.11,0.71,,,,,,,,2.20%,,,1.465,,-5.11%,,,,,,,,,,,,
,,,,,,,,,,,,,,,,,,2018,4/12/2018,$                                                       43.54,,,12/15/2025,,12/15/2025,,,,,1.62%,$             43.54,0.71,,,,,,,,2.18%,,,1.465,,-4.17%,,,,,,,,,,,,
,,,,,,,,,,,,,,,,,,2018,4/13/2018,$                                                       43.68,,,12/22/2025,,12/22/2025,,,,,1.61%,$             43.68,0.71,,,,,,,,2.17%,,,1.465,,-3.85%,,,,,,,,,,,,
,,,,,,,,,,,,,,,,,,2018,4/16/2018,$                                                       43.96,,,12/29/2025,,12/29/2025,,,,,1.60%,$             43.96,0.71,,,,,,,,2.16%,,,1.465,,-3.25%,,,,,,,,,,,,
,,,,,,,,,,,,,,,,,,2018,4/17/2018,$                                                       44.56,,,1/5/2026,,1/5/2026,,,,,1.58%,$             44.56,0.71,,,,,,,,2.13%,,,1.465,,-1.92%,,,,,,,,,,,,
,,,,,,,,,,,,,,,,,,2018,4/18/2018,$                                                       44.46,,,1/12/2026,,1/12/2026,,,,,1.59%,$             44.46,0.71,,,,,,,,2.14%,,,1.465,,-2.14%,,,,,,,,,,,,
,,,,,,,,,,,,,,,,,,2018,4/19/2018,$                                                       43.20,,,1/20/2026,,1/20/2026,,,,,1.63%,$             43.20,0.71,,,,,,,,2.20%,,,1.465,,-4.91%,,,,,,,,,,,,
,,,,,,,,,,,,,,,,,,2018,4/20/2018,$                                                        41.43,,,1/26/2026,,1/26/2026,,,,,1.70%,$              41.43,0.71,,,,,,,,2.29%,,,1.465,,-8.80%,,,,,,,,,,,,
,,,,,,,,,,,,,,,,,,2018,4/23/2018,$                                                         41.31,,,2/2/2026,,2/2/2026,,,,,1.71%,$               41.31,0.71,,,,,,,,2.30%,,,1.465,,-9.07%,,,,,,,,,,,,
,,,,,,,,,,,,,,,,,,2018,4/24/2018,$                                                       40.74,,,2/9/2026,,2/9/2026,,,,,1.73%,$             40.74,0.71,,,,,,,,2.33%,,,1.465,,-10.33%,,,,,,,,,,,,
,,,,,,,,,,,,,,,,,,2018,4/25/2018,$                                                        40.91,,,2/17/2026,,2/17/2026,,,,,1.72%,$              40.91,0.71,,,,,,,,2.32%,,,1.465,,-9.94%,,,,,,,,,,,,
,,,,,,,,,,,,,,,,,,2018,4/26/2018,$                                                        41.06,,,2/23/2026,,2/23/2026,,,,,1.72%,$              41.06,0.71,,,,,,,,2.31%,,,1.465,,-9.63%,,,,,,,,,,,,
,,,,,,,,,,,,,,,,,,2018,4/27/2018,$                                                       40.58,,,3/2/2026,,3/2/2026,,,,,1.74%,$             40.58,0.71,,,,,,,,2.34%,,,1.465,,-10.68%,,,,,,,,,,,,
,,,,,,,,,,,,,,,,,,2018,4/30/2018,$                                                        41.32,,,3/9/2026,,3/9/2026,,,,,1.71%,$              41.32,0.71,,,,,,,,2.30%,,,1.465,,-9.06%,,,,,,,,,,,,
,,,,,,,,,,,,,,,,,,2018,5/1/2018,$                                                       42.28,,,3/16/2026,,3/16/2026,,,,,1.67%,$             42.28,0.71,,,,,,,,2.25%,,,1.465,,-6.94%,,,,,,,,,,,,
,,,,,,,,,,,,,,,,,,2018,5/2/2018,$                                                        44.14,,,3/23/2026,,3/23/2026,,,,,1.60%,$              44.14,0.71,,,,,,,,2.15%,,,1.465,,-2.83%,,,,,,,,,,,,
,,,,,,,,,,,,,,,,,,2018,5/3/2018,$                                                       44.22,,,3/30/2026,,3/30/2026,,,,,1.59%,$             44.22,0.71,,,,,,,,2.15%,,,1.465,,-2.66%,,,,,,,,,,,,
,,,,,,,,,,,,,,,,,,2018,5/4/2018,$                                                       45.96,,,4/6/2026,,4/6/2026,,,,,1.53%,$             45.96,0.71,,,,,,,,2.07%,,,1.465,,0.00%,,,,,,,,,,,,
,,,,,,,,,,,,,,,,,,2018,5/7/2018,$                                                       46.29,,,4/13/2026,,4/13/2026,,,,,1.52%,$             46.29,0.71,,,,,,,,2.05%,,,1.465,,0.00%,,,,,,,,,,,,
,,,,,,,,,,,,,,,,,,2018,5/8/2018,$                                                        46.51,,,4/20/2026,,4/20/2026,,,,,1.52%,$              46.51,0.71,,,,,,,,2.04%,,,1.465,,0.00%,,,,,,,,,,,,
,,,,,,,,,,,,,,,,,,2018,5/9/2018,$                                                       46.84,,,4/27/2026,,4/27/2026,,,,,1.51%,$             46.84,0.71,,,,,,,,2.03%,,,1.465,,0.00%,,,,,,,,,,,,
,,,,,,,,,,,,,,,,,,2018,5/10/2018,$                                                        47.51,,,5/4/2026,,5/4/2026,,,,,1.48%,$              47.51,0.71,,,,,,,,2.00%,,,1.465,,0.00%,,,,,,,,,,,,
,,,,,,,,,,,,,,,,,,2018,5/11/2018,$                                                        47.15,,,5/11/2026,,5/11/2026,,,,,1.50%,$              47.15,0.71,,,,,,,,2.01%,,,1.465,,-0.76%,,,,,,,,,,,,
,,,,,,,,,,,,,,,,,,2018,5/14/2018,$                                                       47.04,,,5/18/2026,,5/18/2026,,,,,1.50%,$             47.04,0.71,,,,,,,,2.02%,,,1.465,,-0.99%,,,,,,,,,,,,
,,,,,,,,,,,,,,,,,,2018,5/15/2018,$                                                        46.61,,,5/26/2026,,5/26/2026,,,,,1.51%,$              46.61,0.71,,,,,,,,2.04%,,,1.465,,-1.89%,,,,,,,,,,,,
,,,,,,,,,,,,,,,,,,2018,5/16/2018,$                                                       47.05,,,6/1/2026,,6/1/2026,,,,,1.50%,$             47.05,0.71,,,,,,,,2.02%,,,1.465,,-0.98%,,,,,,,,,,,,
,,,,,,,,,,,,,,,,,,2018,5/17/2018,$                                                       46.75,,,6/8/2026,,6/8/2026,,,,,1.51%,$             46.75,0.71,,,,,,,,2.03%,,,1.465,,-1.60%,,,,,,,,,,,,
,,,,,,,,,,,,,,,,,,2018,5/18/2018,$                                                       46.58,,,6/15/2026,,6/15/2026,,,,,1.51%,$             46.58,0.71,,,,,,,,2.04%,,,1.465,,-1.96%,,,,,,,,,,,,
,,,,,,,,,,,,,,,,,,2018,5/21/2018,$                                                        46.91,,,6/22/2026,,6/22/2026,,,,,1.50%,$              46.91,0.71,,,,,,,,2.03%,,,1.465,,-1.27%,,,,,,,,,,,,
,,,,,,,,,,,,,,,,,,2018,5/22/2018,$                                                       46.79,,,6/29/2026,,6/29/2026,,,,,1.51%,$             46.79,0.71,,,,,,,,2.03%,,,1.465,,-1.52%,,,,,,,,,,,,
,,,,,,,,,,,,,,,,,,2018,5/23/2018,$                                                       47.09,,,7/6/2026,,7/6/2026,,,,,1.50%,$             47.09,0.71,,,,,,,,2.02%,,,1.465,,-0.88%,,,,,,,,,,,,
,,,,,,,,,,,,,,,,,,2018,5/24/2018,$                                                       47.04,,,7/13/2026,,7/13/2026,,,,,1.50%,$             47.04,0.71,,,,,,,,2.02%,,,1.465,,-0.99%,,,,,,,,,,,,
,,,,,,,,,,,,,,,,,,2018,5/25/2018,$                                                        47.15,,,7/20/2026,,7/20/2026,,,,,1.50%,$              47.15,0.71,,,,,,,,2.02%,,,1.465,,-0.77%,,,,,,,,,,,,
,,,,,,,,,,,,,,,,,,2018,5/29/2018,$                                                       46.98,,,,,,,,,,1.50%,$             46.98,0.71,,,,,,,,2.02%,,,1.465,,-1.13%,,,,,,,,,,,,
,,,,,,,,,,,,,,,,,,2018,5/30/2018,$                                                       46.88,,,,,,,,,,,$             46.88,,,,,,,,,2.03%,,,1.465,,-1.34%,,,,,,,,,,,,
,,,,,,,,,,,,,,,,,,2018,5/31/2018,$                                                       46.72,,,,,,,,,,1.51%,$             46.72,0.71,,,,,,,,2.03%,,,1.465,,-1.67%,,,,,,,,,,,,
,,,,,,,,,,,,,,,,,,2018,6/1/2018,$                                                       47.56,,,,,,,,,,1.48%,$             47.56,0.71,,,,,,,,2.00%,,,1.465,,0.00%,,,,,,,,,,,,
,,,,,,,,,,,,,,,,,,2018,6/4/2018,$                                                       47.96,,,,,,,,,,1.47%,$             47.96,0.71,,,,,,,,1.98%,,,1.465,,0.00%,,,,,,,,,,,,
,,,,,,,,,,,,,,,,,,2018,6/5/2018,$                                                       48.33,,,,,,,,,,1.46%,$             48.33,0.71,,,,,,,,1.97%,,,1.465,,0.00%,,,,,,,,,,,,
,,,,,,,,,,,,,,,,,,2018,6/6/2018,$                                                       48.50,,,,,,,,,,1.45%,$             48.50,0.71,,,,,,,,1.96%,,,1.465,,0.00%,,,,,,,,,,,,
,,,,,,,,,,,,,,,,,,2018,6/7/2018,$                                                       48.37,,,,,,,,,,1.46%,$             48.37,0.71,,,,,,,,1.96%,,,1.465,,-0.27%,,,,,,,,,,,,
,,,,,,,,,,,,,,,,,,2018,6/8/2018,$                                                       47.93,,,,,,,,,,1.47%,$             47.93,0.71,,,,,,,,1.98%,,,1.465,,-1.18%,,,,,,,,,,,,
,,,,,,,,,,,,,,,,,,2018,6/11/2018,$                                                        47.81,,,,,,,,,,1.47%,$              47.81,0.71,,,,,,,,1.99%,,,1.465,,-1.42%,,,,,,,,,,,,
,,,,,,,,,,,,,,,,,,2018,6/12/2018,$                                                       48.07,,,,,,,,,,1.47%,$             48.07,0.71,,,,,,,,1.98%,,,1.465,,-0.88%,,,,,,,,,,,,
,,,,,,,,,,,,,,,,,,2018,6/13/2018,$                                                       47.68,,,,,,,,,,1.48%,$             47.68,0.71,,,,,,,,1.99%,,,1.465,,-1.69%,,,,,,,,,,,,
,,,,,,,,,,,,,,,,,,2018,6/14/2018,$                                                       47.70,,,,,,,,,,1.48%,$             47.70,0.71,,,,,,,,1.99%,,,1.465,,-1.64%,,,,,,,,,,,,
,,,,,,,,,,,,,,,,,,2018,6/15/2018,$                                                        47.21,,,,,,,,,,1.49%,$              47.21,0.71,,,,,,,,2.01%,,,1.465,,-2.65%,,,,,,,,,,,,
,,,,,,,,,,,,,,,,,,2018,6/18/2018,$                                                        47.19,,,,,,,,,,1.49%,$              47.19,0.71,,,,,,,,2.01%,,,1.465,,-2.70%,,,,,,,,,,,,
,,,,,,,,,,,,,,,,,,2018,6/19/2018,$                                                       46.42,,,,,,,,,,1.52%,$             46.42,0.71,,,,,,,,2.05%,,,1.465,,-4.27%,,,,,,,,,,,,
,,,,,,,,,,,,,,,,,,2018,6/20/2018,$                                                       46.63,,,,,,,,,,1.51%,$             46.63,0.71,,,,,,,,2.04%,,,1.465,,-3.86%,,,,,,,,,,,,
,,,,,,,,,,,,,,,,,,2018,6/21/2018,$                                                       46.37,,,,,,,,,,1.52%,$             46.37,0.71,,,,,,,,2.05%,,,1.465,,-4.39%,,,,,,,,,,,,
,,,,,,,,,,,,,,,,,,2018,6/22/2018,$                                                       46.23,,,,,,,,,,1.52%,$             46.23,0.71,,,,,,,,2.05%,,,1.465,,-4.67%,,,,,,,,,,,,
,,,,,,,,,,,,,,,,,,2018,6/25/2018,$                                                       45.54,,,,,,,,,,1.55%,$             45.54,0.71,,,,,,,,2.09%,,,1.465,,-6.09%,,,,,,,,,,,,
,,,,,,,,,,,,,,,,,,2018,6/26/2018,$                                                         46.11,,,,,,,,,,1.53%,$               46.11,0.71,,,,,,,,2.06%,,,1.465,,-4.92%,,,,,,,,,,,,
,,,,,,,,,,,,,,,,,,2018,6/27/2018,$                                                       46.04,,,,,,,,,,1.53%,$             46.04,0.71,,,,,,,,2.06%,,,1.465,,-5.06%,,,,,,,,,,,,
,,,,,,,,,,,,,,,,,,2018,6/28/2018,$                                                       46.38,,,,,,,,,,1.52%,$             46.38,0.71,,,,,,,,2.05%,,,1.465,,-4.37%,,,,,,,,,,,,
,,,,,,,,,,,,,,,,,,2018,6/29/2018,$                                                       46.28,,,,,,,,,,1.52%,$             46.28,0.71,,,,,,,,2.05%,,,1.465,,-4.57%,,,,,,,,,,,,
,,,,,,,,,,,,,,,,,,2018,7/2/2018,$                                                       46.80,,,,,,,,,,1.51%,$             46.80,0.71,,,,,,,,2.03%,,,1.465,,-3.51%,,,,,,,,,,,,
,,,,,,,,,,,,,,,,,,2018,7/3/2018,$                                                       45.98,,,,,,,,,,1.53%,$             45.98,0.71,,,,,,,,2.07%,,,1.465,,-5.19%,,,,,,,,,,,,
,,,,,,,,,,,,,,,,,,2018,7/5/2018,$                                                       46.35,,,,,,,,,,1.52%,$             46.35,0.71,,,,,,,,2.05%,,,1.465,,-4.42%,,,,,,,,,,,,
,,,,,,,,,,,,,,,,,,2018,7/6/2018,$                                                       46.99,,,,,,,,,,1.50%,$             46.99,0.71,,,,,,,,2.02%,,,1.465,,-3.10%,,,,,,,,,,,,
,,,,,,,,,,,,,,,,,,2018,7/9/2018,$                                                       47.65,,,,,,,,,,1.48%,$             47.65,0.71,,,,,,,,1.99%,,,1.465,,-1.75%,,,,,,,,,,,,
,,,,,,,,,,,,,,,,,,2018,7/10/2018,$                                                       47.59,,,,,,,,,,1.48%,$             47.59,0.71,,,,,,,,2.00%,,,1.465,,-1.87%,,,,,,,,,,,,
,,,,,,,,,,,,,,,,,,2018,7/11/2018,$                                                       46.97,,,,,,,,,,1.50%,$             46.97,0.71,,,,,,,,2.02%,,,1.465,,-3.14%,,,,,,,,,,,,
,,,,,,,,,,,,,,,,,,2018,7/12/2018,$                                                       47.76,,,,,,,,,,1.48%,$             47.76,0.71,,,,,,,,1.99%,,,1.465,,-1.52%,,,,,,,,,,,,
,,,,,,,,,,,,,,,,,,2018,7/13/2018,$                                                       47.83,,,,,,,,,,1.47%,$             47.83,0.71,,,,,,,,1.99%,,,1.465,,-1.37%,,,,,,,,,,,,
,,,,,,,,,,,,,,,,,,2018,7/16/2018,$                                                       47.73,,,,,,,,,,1.48%,$             47.73,0.71,,,,,,,,1.99%,,,1.465,,-1.58%,,,,,,,,,,,,
,,,,,,,,,,,,,,,,,,2018,7/17/2018,$                                                       47.86,,,,,,,,,,1.47%,$             47.86,0.71,,,,,,,,1.98%,,,1.465,,-1.30%,,,,,,,,,,,,
,,,,,,,,,,,,,,,,,,2018,7/18/2018,$                                                       47.60,,,,,,,,,,1.48%,$             47.60,0.71,,,,,,,,2.00%,,,1.465,,-1.85%,,,,,,,,,,,,
,,,,,,,,,,,,,,,,,,2018,7/19/2018,$                                                       47.97,,,,,,,,,,1.47%,$             47.97,0.71,,,,,,,,1.98%,,,1.465,,-1.08%,,,,,,,,,,,,
,,,,,,,,,,,,,,,,,,2018,7/20/2018,$                                                       47.86,,,,,,,,,,1.47%,$             47.86,0.71,,,,,,,,1.98%,,,1.465,,-1.31%,,,,,,,,,,,,
,,,,,,,,,,,,,,,,,,2018,7/23/2018,$                                                       47.90,,,,,,,,,,1.47%,$             47.90,0.71,,,,,,,,1.98%,,,1.465,,-1.22%,,,,,,,,,,,,
,,,,,,,,,,,,,,,,,,2018,7/24/2018,$                                                       48.25,,,,,,,,,,1.46%,$             48.25,0.71,,,,,,,,1.97%,,,1.465,,-0.51%,,,,,,,,,,,,
,,,,,,,,,,,,,,,,,,2018,7/25/2018,$                                                        48.71,,,,,,,,,,1.45%,$              48.71,0.71,,,,,,,,1.95%,,,1.465,,0.00%,,,,,,,,,,,,
,,,,,,,,,,,,,,,,,,2018,7/26/2018,$                                                       48.55,,,,,,,,,,1.45%,$             48.55,0.71,,,,,,,,1.96%,,,1.465,,-0.31%,,,,,,,,,,,,
,,,,,,,,,,,,,,,,,,2018,7/27/2018,$                                                       47.75,,,,,,,,,,1.48%,$             47.75,0.71,,,,,,,,1.99%,,,1.465,,-1.97%,,,,,,,,,,,,
,,,,,,,,,,,,,,,,,,2018,7/30/2018,$                                                       47.48,,,,,,,,,,1.48%,$             47.48,0.71,,,,,,,,2.00%,,,1.465,,-2.52%,,,,,,,,,,,,
,,,,,,,,,,,,,,,,,,2018,7/31/2018,$                                                       47.57,,,,,,,,,,1.48%,$             47.57,0.71,,,,,,,,2.00%,,,1.465,,-2.33%,,,,,,,,,,,,
,,,,,,,,,,,,,,,,,,2018,8/1/2018,$                                                       50.38,,,,,,,,,,1.40%,$             50.38,0.71,,,,,,,,1.89%,,,1.465,,0.00%,,,,,,,,,,,,
,,,,,,,,,,,,,,,,,,2018,8/2/2018,$                                                        51.85,,,,,,,,,,1.36%,$              51.85,0.71,,,,,,,,1.83%,,,1.465,,0.00%,,,,,,,,,,,,
,,,,,,,,,,,,,,,,,,2018,8/3/2018,$                                                       52.00,,,,,,,,,,1.36%,$             52.00,0.71,,,,,,,,1.83%,,,1.465,,0.00%,,,,,,,,,,,,
,,,,,,,,,,,,,,,,,,2018,8/6/2018,$                                                       52.27,,,,,,,,,,1.35%,$             52.27,0.71,,,,,,,,1.82%,,,1.465,,0.00%,,,,,,,,,,,,
,,,,,,,,,,,,,,,,,,2018,8/7/2018,$                                                        51.78,,,,,,,,,,1.36%,$              51.78,0.71,,,,,,,,1.83%,,,1.465,,-0.94%,,,,,,,,,,,,
,,,,,,,,,,,,,,,,,,2018,8/8/2018,$                                                         51.81,,,,,,,,,,1.36%,$               51.81,0.71,,,,,,,,1.83%,,,1.465,,-0.87%,,,,,,,,,,,,
,,,,,,,,,,,,,,,,,,2018,8/9/2018,$                                                       52.22,,,,,,,,,,1.35%,$             52.22,0.71,,,,,,,,1.82%,,,1.465,,-0.09%,,,,,,,,,,,,
,,,,,,,,,,,,,,,,,,2018,8/10/2018,$                                                        51.88,,,,,,,,,,1.36%,$              51.88,0.71,,,,,,,,1.83%,,,1.465,,-0.74%,,,,,,,,,,,,
,,,,,,,,,,,,,,,,,,2018,8/13/2018,$                                                       52.22,,,,,,,,,,1.35%,$             52.22,0.71,,,,,,,,1.82%,,,1.465,,-0.10%,,,,,,,,,,,,
,,,,,,,,,,,,,,,,,,2018,8/14/2018,$                                                       52.44,,,,,,,,,,1.34%,$             52.44,0.71,,,,,,,,1.81%,,,1.465,,0.00%,,,,,,,,,,,,
,,,,,,,,,,,,,,,,,,2018,8/15/2018,$                                                       52.56,,,,,,,,,,1.34%,$             52.56,0.71,,,,,,,,1.81%,,,1.465,,0.00%,,,,,,,,,,,,
,,,,,,,,,,,,,,,,,,2018,8/16/2018,$                                                       53.33,,,,,,,,,,1.32%,$             53.33,0.71,,,,,,,,1.78%,,,1.465,,0.00%,,,,,,,,,,,,
,,,,,,,,,,,,,,,,,,2018,8/17/2018,$                                                       54.40,,,,,,,,,,1.30%,$             54.40,0.71,,,,,,,,1.75%,,,1.465,,0.00%,,,,,,,,,,,,
,,,,,,,,,,,,,,,,,,2018,8/20/2018,$                                                       53.87,,,,,,,,,,1.31%,$             53.87,0.71,,,,,,,,1.76%,,,1.465,,-0.97%,,,,,,,,,,,,
,,,,,,,,,,,,,,,,,,2018,8/21/2018,$                                                       53.76,,,,,,,,,,1.31%,$             53.76,0.71,,,,,,,,1.77%,,,1.465,,-1.17%,,,,,,,,,,,,
,,,,,,,,,,,,,,,,,,2018,8/22/2018,$                                                       53.76,,,,,,,,,,1.31%,$             53.76,0.71,,,,,,,,1.77%,,,1.465,,-1.16%,,,,,,,,,,,,
,,,,,,,,,,,,,,,,,,2018,8/23/2018,$                                                       53.87,,,,,,,,,,1.31%,$             53.87,0.71,,,,,,,,1.76%,,,1.465,,-0.96%,,,,,,,,,,,,
,,,,,,,,,,,,,,,,,,2018,8/24/2018,$                                                       54.04,,,,,,,,,,1.30%,$             54.04,0.71,,,,,,,,1.76%,,,1.465,,-0.65%,,,,,,,,,,,,
,,,,,,,,,,,,,,,,,,2018,8/27/2018,$                                                       54.49,,,,,,,,,,1.29%,$             54.49,0.71,,,,,,,,1.74%,,,1.465,,0.00%,,,,,,,,,,,,
,,,,,,,,,,,,,,,,,,2018,8/28/2018,$                                                       54.93,,,,,,,,,,1.28%,$             54.93,0.71,,,,,,,,1.73%,,,1.465,,0.00%,,,,,,,,,,,,
,,,,,,,,,,,,,,,,,,2018,8/29/2018,$                                                       55.75,,,,,,,,,,1.26%,$             55.75,0.71,,,,,,,,1.70%,,,1.465,,0.00%,,,,,,,,,,,,
,,,,,,,,,,,,,,,,,,2018,8/30/2018,$                                                       56.26,,,,,,,,,,1.25%,$             56.26,0.71,,,,,,,,1.69%,,,1.465,,0.00%,,,,,,,,,,,,
,,,,,,,,,,,,,,,,,,2018,8/31/2018,$                                                        56.91,,,,,,,,,,1.24%,$              56.91,0.71,,,,,,,,1.67%,,,1.465,,0.00%,,,,,,,,,,,,
,,,,,,,,,,,,,,,,,,2018,9/4/2018,$                                                       57.09,,,,,,,,,,1.23%,$             57.09,0.71,,,,,,,,1.66%,,,1.465,,0.00%,,,,,,,,,,,,
,,,,,,,,,,,,,,,,,,2018,9/5/2018,$                                                       56.72,,,,,,,,,,1.24%,$             56.72,0.71,,,,,,,,1.67%,,,1.465,,-0.65%,,,,,,,,,,,,
,,,,,,,,,,,,,,,,,,2018,9/6/2018,$                                                       55.78,,,,,,,,,,1.26%,$             55.78,0.71,,,,,,,,1.70%,,,1.465,,-2.30%,,,,,,,,,,,,
,,,,,,,,,,,,,,,,,,2018,9/7/2018,$                                                       55.33,,,,,,,,,,1.27%,$             55.33,0.71,,,,,,,,1.72%,,,1.465,,-3.09%,,,,,,,,,,,,
,,,,,,,,,,,,,,,,,,2018,9/10/2018,$                                                       54.58,,,,,,,,,,1.29%,$             54.58,0.71,,,,,,,,1.74%,,,1.465,,-4.39%,,,,,,,,,,,,
,,,,,,,,,,,,,,,,,,2018,9/11/2018,$                                                       55.96,,,,,,,,,,1.26%,$             55.96,0.71,,,,,,,,1.70%,,,1.465,,-1.97%,,,,,,,,,,,,
,,,,,,,,,,,,,,,,,,2018,9/12/2018,$                                                       55.27,,,,,,,,,,1.28%,$             55.27,0.71,,,,,,,,1.72%,,,1.465,,-3.19%,,,,,,,,,,,,
,,,,,,,,,,,,,,,,,,2018,9/13/2018,$                                                       56.60,,,,,,,,,,1.25%,$             56.60,0.71,,,,,,,,1.68%,,,1.465,,-0.85%,,,,,,,,,,,,
,,,,,,,,,,,,,,,,,,2018,9/14/2018,$                                                       55.96,,,,,,,,,,1.26%,$             55.96,0.71,,,,,,,,1.70%,,,1.465,,-1.98%,,,,,,,,,,,,
,,,,,,,,,,,,,,,,,,2018,9/17/2018,$                                                       54.47,,,,,,,,,,1.29%,$             54.47,0.71,,,,,,,,1.74%,,,1.465,,-4.59%,,,,,,,,,,,,
,,,,,,,,,,,,,,,,,,2018,9/18/2018,$                                                       54.56,,,,,,,,,,1.29%,$             54.56,0.71,,,,,,,,1.74%,,,1.465,,-4.43%,,,,,,,,,,,,
,,,,,,,,,,,,,,,,,,2018,9/19/2018,$                                                       54.59,,,,,,,,,,1.29%,$             54.59,0.71,,,,,,,,1.74%,,,1.465,,-4.37%,,,,,,,,,,,,
,,,,,,,,,,,,,,,,,,2018,9/20/2018,$                                                        55.01,,,,,,,,,,1.28%,$              55.01,0.71,,,,,,,,1.73%,,,1.465,,-3.65%,,,,,,,,,,,,
,,,,,,,,,,,,,,,,,,2018,9/21/2018,$                                                       54.42,,,,,,,,,,1.30%,$             54.42,0.71,,,,,,,,1.75%,,,1.465,,-4.69%,,,,,,,,,,,,
,,,,,,,,,,,,,,,,,,2018,9/24/2018,$                                                       55.20,,,,,,,,,,1.28%,$             55.20,0.71,,,,,,,,1.72%,,,1.465,,-3.31%,,,,,,,,,,,,
,,,,,,,,,,,,,,,,,,2018,9/25/2018,$                                                       55.55,,,,,,,,,,1.27%,$             55.55,0.71,,,,,,,,1.71%,,,1.465,,-2.70%,,,,,,,,,,,,
,,,,,,,,,,,,,,,,,,2018,9/26/2018,$                                                         55.11,,,,,,,,,,1.28%,$               55.11,0.71,,,,,,,,1.72%,,,1.465,,-3.48%,,,,,,,,,,,,
,,,,,,,,,,,,,,,,,,2018,9/27/2018,$                                                       56.24,,,,,,,,,,1.25%,$             56.24,0.71,,,,,,,,1.69%,,,1.465,,-1.49%,,,,,,,,,,,,
,,,,,,,,,,,,,,,,,,2018,9/28/2018,$                                                       56.44,,,,,,,,,,1.25%,$             56.44,0.71,,,,,,,,1.68%,,,1.465,,-1.15%,,,,,,,,,,,,
,,,,,,,,,,,,,,,,,,2018,10/1/2018,$                                                       56.82,,,,,,,,,,1.24%,$             56.82,0.71,,,,,,,,1.67%,,,1.465,,-0.48%,,,,,,,,,,,,
,,,,,,,,,,,,,,,,,,2018,10/2/2018,$                                                       57.32,,,,,,,,,,,$             57.32,,,,,,,,,1.66%,,,1.465,,0.00%,,,,,,,,,,,,
,,,,,,,,,,,,,,,,,,2018,10/3/2018,$                                                       58.02,,,,,,,,,,1.22%,$             58.02,0.71,,,,,,,,1.64%,,,1.465,,0.00%,,,,,,,,,,,,
,,,,,,,,,,,,,,,,,,2018,10/4/2018,$                                                       57.00,,,,,,,,,,1.24%,$             57.00,0.71,,,,,,,,1.67%,,,1.465,,-1.76%,,,,,,,,,,,,
,,,,,,,,,,,,,,,,,,2018,10/5/2018,$                                                       56.07,,,,,,,,,,1.26%,$             56.07,0.71,,,,,,,,1.69%,,,1.465,,-3.35%,,,,,,,,,,,,
,,,,,,,,,,,,,,,,,,2018,10/8/2018,$                                                       55.94,,,,,,,,,,1.26%,$             55.94,0.71,,,,,,,,1.70%,,,1.465,,-3.58%,,,,,,,,,,,,
,,,,,,,,,,,,,,,,,,2018,10/9/2018,$                                                       56.72,,,,,,,,,,1.24%,$             56.72,0.71,,,,,,,,1.67%,,,1.465,,-2.24%,,,,,,,,,,,,
,,,,,,,,,,,,,,,,,,2018,10/10/2018,$                                                       54.09,,,,,,,,,,1.30%,$             54.09,0.71,,,,,,,,1.76%,,,1.465,,-6.77%,,,,,,,,,,,,
,,,,,,,,,,,,,,,,,,2018,10/11/2018,$                                                        53.61,,,,,,,,,,1.31%,$              53.61,0.71,,,,,,,,1.77%,,,1.465,,-7.59%,,,,,,,,,,,,
,,,,,,,,,,,,,,,,,,2018,10/12/2018,$                                                       55.53,,,,,,,,,,1.27%,$             55.53,0.71,,,,,,,,1.71%,,,1.465,,-4.29%,,,,,,,,,,,,
,,,,,,,,,,,,,,,,,,2018,10/15/2018,$                                                       54.34,,,,,,,,,,1.30%,$             54.34,0.71,,,,,,,,1.75%,,,1.465,,-6.34%,,,,,,,,,,,,
,,,,,,,,,,,,,,,,,,2018,10/16/2018,$                                                       55.54,,,,,,,,,,1.27%,$             55.54,0.71,,,,,,,,1.71%,,,1.465,,-4.27%,,,,,,,,,,,,
,,,,,,,,,,,,,,,,,,2018,10/17/2018,$                                                       55.30,,,,,,,,,,1.27%,$             55.30,0.71,,,,,,,,1.72%,,,1.465,,-4.69%,,,,,,,,,,,,
,,,,,,,,,,,,,,,,,,2018,10/18/2018,$                                                        54.01,,,,,,,,,,1.31%,$              54.01,0.71,,,,,,,,1.76%,,,1.465,,-6.92%,,,,,,,,,,,,
,,,,,,,,,,,,,,,,,,2018,10/19/2018,$                                                       54.83,,,,,,,,,,1.29%,$             54.83,0.71,,,,,,,,1.73%,,,1.465,,-5.50%,,,,,,,,,,,,
,,,,,,,,,,,,,,,,,,2018,10/22/2018,$                                                        55.16,,,,,,,,,,1.28%,$              55.16,0.71,,,,,,,,1.72%,,,1.465,,-4.92%,,,,,,,,,,,,
,,,,,,,,,,,,,,,,,,2018,10/23/2018,$                                                       55.68,,,,,,,,,,1.27%,$             55.68,0.71,,,,,,,,1.71%,,,1.465,,-4.02%,,,,,,,,,,,,
,,,,,,,,,,,,,,,,,,2018,10/24/2018,$                                                       53.77,,,,,,,,,,1.31%,$             53.77,0.71,,,,,,,,1.77%,,,1.465,,-7.32%,,,,,,,,,,,,
,,,,,,,,,,,,,,,,,,2018,10/25/2018,$                                                       54.95,,,,,,,,,,1.28%,$             54.95,0.71,,,,,,,,1.73%,,,1.465,,-5.29%,,,,,,,,,,,,
,,,,,,,,,,,,,,,,,,2018,10/26/2018,$                                                       54.08,,,,,,,,,,1.30%,$             54.08,0.71,,,,,,,,1.76%,,,1.465,,-6.80%,,,,,,,,,,,,
,,,,,,,,,,,,,,,,,,2018,10/29/2018,$                                                       53.06,,,,,,,,,,1.33%,$             53.06,0.71,,,,,,,,1.79%,,,1.465,,-8.54%,,,,,,,,,,,,
,,,,,,,,,,,,,,,,,,2018,10/30/2018,$                                                       53.33,,,,,,,,,,1.32%,$             53.33,0.71,,,,,,,,1.78%,,,1.465,,-8.09%,,,,,,,,,,,,
,,,,,,,,,,,,,,,,,,2018,10/31/2018,$                                                       54.72,,,,,,,,,,1.29%,$             54.72,0.71,,,,,,,,1.74%,,,1.465,,-5.69%,,,,,,,,,,,,
,,,,,,,,,,,,,,,,,,2018,11/1/2018,$                                                       55.56,,,,,,,,,,1.27%,$             55.56,0.71,,,,,,,,1.71%,,,1.465,,-4.24%,,,,,,,,,,,,
,,,,,,,,,,,,,,,,,,2018,11/2/2018,$                                                        51.87,,,,,,,,,,1.36%,$              51.87,0.71,,,,,,,,1.83%,,,1.465,,-10.60%,,,,,,,,,,,,
,,,,,,,,,,,,,,,,,,2018,11/5/2018,$                                                       50.40,,,,,,,,,,1.40%,$             50.40,0.71,,,,,,,,1.89%,,,1.465,,-13.13%,,,,,,,,,,,,
,,,,,,,,,,,,,,,,,,2018,11/6/2018,$                                                       50.94,,,,,,,,,,1.38%,$             50.94,0.71,,,,,,,,1.86%,,,1.465,,-12.19%,,,,,,,,,,,,
,,,,,,,,,,,,,,,,,,2018,11/7/2018,$                                                       52.49,,,,,,,,,,1.34%,$             52.49,0.71,,,,,,,,1.81%,,,1.465,,-9.53%,,,,,,,,,,,,
,,,,,,,,,,,,,,,,,,2018,11/8/2018,$                                                        52.12,,,,,,,,,,1.35%,$              52.12,0.71,,,,,,,,1.82%,,,1.465,,-10.16%,,,,,,,,,,,,
,,,,,,,,,,,,,,,,,,2018,11/9/2018,$                                                         51.12,,,,,,,,,,1.38%,$               51.12,0.71,,,,,,,,1.86%,,,1.465,,-11.89%,,,,,,,,,,,,
,,,,,,,,,,,,,,,,,,2018,11/12/2018,$                                                       48.54,,,,,,,,,,1.45%,$             48.54,0.71,,,,,,,,1.96%,,,1.465,,-16.33%,,,,,,,,,,,,
,,,,,,,,,,,,,,,,,,2018,11/13/2018,$                                                       48.06,,,,,,,,,,1.47%,$             48.06,0.71,,,,,,,,1.98%,,,1.465,,-17.17%,,,,,,,,,,,,
,,,,,,,,,,,,,,,,,,2018,11/14/2018,$                                                       46.70,,,,,,,,,,1.51%,$             46.70,0.71,,,,,,,,2.03%,,,1.465,,-19.51%,,,,,,,,,,,,
,,,,,,,,,,,,,,,,,,2018,11/15/2018,$                                                       47.85,,,,,,,,,,1.47%,$             47.85,0.71,,,,,,,,1.99%,,,1.465,,-17.52%,,,,,,,,,,,,
,,,,,,,,,,,,,,,,,,2018,11/16/2018,$                                                       48.38,,,,,,,,,,1.46%,$             48.38,0.71,,,,,,,,1.96%,,,1.465,,-16.61%,,,,,,,,,,,,
,,,,,,,,,,,,,,,,,,2018,11/19/2018,$                                                       46.47,,,,,,,,,,1.52%,$             46.47,0.71,,,,,,,,2.04%,,,1.465,,-19.91%,,,,,,,,,,,,
,,,,,,,,,,,,,,,,,,2018,11/20/2018,$                                                       44.25,,,,,,,,,,1.59%,$             44.25,0.71,,,,,,,,2.15%,,,1.465,,-23.74%,,,,,,,,,,,,
,,,,,,,,,,,,,,,,,,2018,11/21/2018,$                                                       44.20,,,,,,,,,,1.60%,$             44.20,0.71,,,,,,,,2.15%,,,1.465,,-23.82%,,,,,,,,,,,,
,,,,,,,,,,,,,,,,,,2018,11/23/2018,$                                                       43.07,,,,,,,,,,1.64%,$             43.07,0.71,,,,,,,,2.21%,,,1.465,,-25.76%,,,,,,,,,,,,
,,,,,,,,,,,,,,,,,,2018,11/26/2018,$                                                       43.66,,,,,,,,,,1.61%,$             43.66,0.71,,,,,,,,2.18%,,,1.465,,-24.76%,,,,,,,,,,,,
,,,,,,,,,,,,,,,,,,2018,11/27/2018,$                                                       43.56,,,,,,,,,,1.62%,$             43.56,0.71,,,,,,,,2.18%,,,1.465,,-24.92%,,,,,,,,,,,,
,,,,,,,,,,,,,,,,,,2018,11/28/2018,$                                                       45.24,,,,,,,,,,1.56%,$             45.24,0.71,,,,,,,,2.10%,,,1.465,,-22.03%,,,,,,,,,,,,
,,,,,,,,,,,,,,,,,,2018,11/29/2018,$                                                       44.89,,,,,,,,,,1.57%,$             44.89,0.71,,,,,,,,2.12%,,,1.465,,-22.63%,,,,,,,,,,,,
,,,,,,,,,,,,,,,,,,2018,11/30/2018,$                                                       44.65,,,,,,,,,,1.58%,$             44.65,0.71,,,,,,,,2.13%,,,1.465,,-23.05%,,,,,,,,,,,,
,,,,,,,,,,,,,,,,,,2018,12/3/2018,$                                                        46.21,,,,,,,,,,1.53%,$              46.21,0.71,,,,,,,,2.06%,,,1.465,,-20.36%,,,,,,,,,,,,
,,,,,,,,,,,,,,,,,,2018,12/4/2018,$                                                        44.17,,,,,,,,,,1.60%,$              44.17,0.71,,,,,,,,2.15%,,,1.465,,-23.86%,,,,,,,,,,,,
,,,,,,,,,,,,,,,,,,2018,12/6/2018,$                                                       43.68,,,,,,,,,,1.61%,$             43.68,0.71,,,,,,,,2.17%,,,1.465,,-24.71%,,,,,,,,,,,,
,,,,,,,,,,,,,,,,,,2018,12/7/2018,$                                                        42.12,,,,,,,,,,1.67%,$              42.12,0.71,,,,,,,,2.26%,,,1.465,,-27.40%,,,,,,,,,,,,
,,,,,,,,,,,,,,,,,,2018,12/10/2018,$                                                       42.40,,,,,,,,,,1.66%,$             42.40,0.71,,,,,,,,2.24%,,,1.465,,-26.92%,,,,,,,,,,,,
,,,,,,,,,,,,,,,,,,2018,12/11/2018,$                                                        42.16,,,,,,,,,,1.67%,$              42.16,0.71,,,,,,,,2.25%,,,1.465,,-27.34%,,,,,,,,,,,,
,,,,,,,,,,,,,,,,,,2018,12/12/2018,$                                                       42.28,,,,,,,,,,1.67%,$             42.28,0.71,,,,,,,,2.25%,,,1.465,,-27.13%,,,,,,,,,,,,
,,,,,,,,,,,,,,,,,,2018,12/13/2018,$                                                       42.74,,,,,,,,,,1.65%,$             42.74,0.71,,,,,,,,2.22%,,,1.465,,-26.34%,,,,,,,,,,,,
,,,,,,,,,,,,,,,,,,2018,12/14/2018,$                                                        41.37,,,,,,,,,,1.70%,$              41.37,0.71,,,,,,,,2.30%,,,1.465,,-28.69%,,,,,,,,,,,,
,,,,,,,,,,,,,,,,,,2018,12/17/2018,$                                                       40.99,,,,,,,,,,1.72%,$             40.99,0.71,,,,,,,,2.32%,,,1.465,,-29.36%,,,,,,,,,,,,
,,,,,,,,,,,,,,,,,,2018,12/18/2018,$                                                        41.52,,,,,,,,,,1.70%,$              41.52,0.71,,,,,,,,2.29%,,,1.465,,-28.44%,,,,,,,,,,,,
,,,,,,,,,,,,,,,,,,2018,12/19/2018,$                                                       40.22,,,,,,,,,,1.75%,$             40.22,0.71,,,,,,,,2.36%,,,1.465,,-30.67%,,,,,,,,,,,,
,,,,,,,,,,,,,,,,,,2018,12/20/2018,$                                                        39.21,,,,,,,,,,1.80%,$              39.21,0.71,,,,,,,,2.42%,,,1.465,,-32.42%,,,,,,,,,,,,
,,,,,,,,,,,,,,,,,,2018,12/21/2018,$                                                       37.68,,,,,,,,,,1.87%,$             37.68,0.71,,,,,,,,2.52%,,,1.465,,-35.05%,,,,,,,,,,,,
,,,,,,,,,,,,,,,,,,2018,12/24/2018,$                                                        36.71,,,,,,,,,,1.92%,$              36.71,0.71,,,,,,,,2.59%,,,1.465,,-36.73%,,,,,,,,,,,,
,,,,,,,,,,,,,,,,,,2018,12/26/2018,$                                                       39.29,,,,,,,,,,1.79%,$             39.29,0.71,,,,,,,,2.42%,,,1.465,,-32.27%,,,,,,,,,,,,
,,,,,,,,,,,,,,,,,,2018,12/27/2018,$                                                       39.04,,,,,,,,,,1.81%,$             39.04,0.71,,,,,,,,2.43%,,,1.465,,-32.71%,,,,,,,,,,,,
,,,,,,,,,,,,,,,,,,2018,12/28/2018,$                                                       39.06,,,,,,,,,,1.81%,$             39.06,0.71,,,,,,,,2.43%,,,1.465,,-32.68%,,,,,,,,,,,,
,,,,,,,,,,,,,,,,,,2018,12/31/2018,$                                                       39.44,,,,,,,,,,1.79%,$             39.44,0.71,,,,,,,,2.41%,,,1.465,,-32.03%,,,,,,,,,,,,
,,,,,,,,,,,,,,,,,,2019,1/2/2019,$                                                       39.48,,,,,,,,,,1.93%,$             39.48,0.76,,,,,,,,2.41%,,,0.76,,-31.95%,,,,,,,,,,,,
,,,,,,,,,,,,,,,,,,2019,1/3/2019,$                                                       35.55,,,,,,,,,,2.14%,$             35.55,0.76,,,,,,,,2.67%,,,0.76,,-38.73%,,,,,,,,,,,,
,,,,,,,,,,,,,,,,,,2019,1/4/2019,$                                                       37.07,,,,,,,,,,2.05%,$             37.07,0.76,,,,,,,,2.56%,,,0.76,,-36.11%,,,,,,,,,,,,
,,,,,,,,,,,,,,,,,,2019,1/7/2019,$                                                       36.98,,,,,,,,,,2.06%,$             36.98,0.76,,,,,,,,2.57%,,,0.76,,-36.26%,,,,,,,,,,,,
,,,,,,,,,,,,,,,,,,2019,1/8/2019,$                                                       37.69,,,,,,,,,,2.02%,$             37.69,0.76,,,,,,,,2.52%,,,0.76,,-35.04%,,,,,,,,,,,,
,,,,,,,,,,,,,,,,,,2019,1/9/2019,$                                                       38.33,,,,,,,,,,1.98%,$             38.33,0.76,,,,,,,,2.48%,,,0.76,,-33.94%,,,,,,,,,,,,
,,,,,,,,,,,,,,,,,,2019,1/10/2019,$                                                       38.45,,,,,,,,,,1.98%,$             38.45,0.76,,,,,,,,2.47%,,,0.76,,-33.73%,,,,,,,,,,,,
,,,,,,,,,,,,,,,,,,2019,1/11/2019,$                                                       38.07,,,,,,,,,,2.00%,$             38.07,0.76,,,,,,,,2.50%,,,0.76,,-34.38%,,,,,,,,,,,,
,,,,,,,,,,,,,,,,,,2019,1/14/2019,$                                                       37.50,,,,,,,,,,2.03%,$             37.50,0.76,,,,,,,,2.53%,,,0.76,,-35.36%,,,,,,,,,,,,
,,,,,,,,,,,,,,,,,,2019,1/15/2019,$                                                       38.27,,,,,,,,,,1.99%,$             38.27,0.76,,,,,,,,2.48%,,,0.76,,-34.04%,,,,,,,,,,,,
,,,,,,,,,,,,,,,,,,2019,1/16/2019,$                                                       38.74,,,,,,,,,,1.96%,$             38.74,0.76,,,,,,,,2.45%,,,0.76,,-33.24%,,,,,,,,,,,,
,,,,,,,,,,,,,,,,,,2019,1/17/2019,$                                                       38.97,,,,,,,,,,1.95%,$             38.97,0.76,,,,,,,,2.44%,,,0.76,,-32.84%,,,,,,,,,,,,
,,,,,,,,,,,,,,,,,,2019,1/18/2019,$                                                        39.21,,,,,,,,,,1.94%,$              39.21,0.76,,,,,,,,2.42%,,,0.76,,-32.43%,,,,,,,,,,,,
,,,,,,,,,,,,,,,,,,2019,1/22/2019,$                                                       38.33,,,,,,,,,,1.98%,$             38.33,0.76,,,,,,,,2.48%,,,0.76,,-33.94%,,,,,,,,,,,,
,,,,,,,,,,,,,,,,,,2019,1/23/2019,$                                                       38.48,,,,,,,,,,1.98%,$             38.48,0.76,,,,,,,,2.47%,,,0.76,,-33.68%,,,,,,,,,,,,
,,,,,,,,,,,,,,,,,,2019,1/24/2019,$                                                        38.18,,,,,,,,,,1.99%,$              38.18,0.76,,,,,,,,2.49%,,,0.76,,-34.20%,,,,,,,,,,,,
,,,,,,,,,,,,,,,,,,2019,1/25/2019,$                                                       39.44,,,,,,,,,,1.93%,$             39.44,0.76,,,,,,,,2.41%,,,0.76,,-32.02%,,,,,,,,,,,,
,,,,,,,,,,,,,,,,,,2019,1/28/2019,$                                                       39.08,,,,,,,,,,1.94%,$             39.08,0.76,,,,,,,,2.43%,,,0.76,,-32.65%,,,,,,,,,,,,
,,,,,,,,,,,,,,,,,,2019,1/29/2019,$                                                       38.67,,,,,,,,,,1.97%,$             38.67,0.76,,,,,,,,2.46%,,,0.76,,-33.35%,,,,,,,,,,,,
,,,,,,,,,,,,,,,,,,2019,1/30/2019,$                                                         41.31,,,,,,,,,,1.84%,$               41.31,0.76,,,,,,,,2.30%,,,0.76,,-28.79%,,,,,,,,,,,,
,,,,,,,,,,,,,,,,,,2019,1/31/2019,$                                                         41.61,,,,,,,,,,1.83%,$               41.61,0.76,,,,,,,,2.28%,,,0.76,,-28.28%,,,,,,,,,,,,
,,,,,,,,,,,,,,,,,,2019,2/1/2019,$                                                        41.63,,,,,,,,,,1.83%,$              41.63,0.76,,,,,,,,2.28%,,,0.76,,-28.25%,,,,,,,,,,,,
,,,,,,,,,,,,,,,,,,2019,2/4/2019,$                                                        42.81,,,,,,,,,,1.78%,$              42.81,0.76,,,,,,,,2.22%,,,0.76,,-26.21%,,,,,,,,,,,,
,,,,,,,,,,,,,,,,,,2019,2/5/2019,$                                                       43.55,,,,,,,,,,1.75%,$             43.55,0.76,,,,,,,,2.18%,,,0.76,,-24.95%,,,,,,,,,,,,
,,,,,,,,,,,,,,,,,,2019,2/6/2019,$                                                       43.56,,,,,,,,,,1.74%,$             43.56,0.76,,,,,,,,2.18%,,,0.76,,-24.92%,,,,,,,,,,,,
,,,,,,,,,,,,,,,,,,2019,2/7/2019,$                                                       42.74,,,,,,,,,,1.78%,$             42.74,0.76,,,,,,,,2.22%,,,0.76,,-26.34%,,,,,,,,,,,,
,,,,,,,,,,,,,,,,,,2019,2/8/2019,$                                                       42.60,,,,,,,,,,1.78%,$             42.60,0.76,,,,,,,,2.23%,,,0.76,,-26.57%,,,,,,,,,,,,
,,,,,,,,,,,,,,,,,,2019,2/11/2019,$                                                       42.36,,,,,,,,,,1.79%,$             42.36,0.76,,,,,,,,2.24%,,,0.76,,-26.99%,,,,,,,,,,,,
,,,,,,,,,,,,,,,,,,2019,2/12/2019,$                                                       42.72,,,,,,,,,,1.78%,$             42.72,0.76,,,,,,,,2.22%,,,0.76,,-26.36%,,,,,,,,,,,,
,,,,,,,,,,,,,,,,,,2019,2/13/2019,$                                                       42.55,,,,,,,,,,1.79%,$             42.55,0.76,,,,,,,,2.23%,,,0.76,,-26.67%,,,,,,,,,,,,
,,,,,,,,,,,,,,,,,,2019,2/14/2019,$                                                       42.70,,,,,,,,,,1.78%,$             42.70,0.76,,,,,,,,2.22%,,,0.76,,-26.40%,,,,,,,,,,,,
,,,,,,,,,,,,,,,,,,2019,2/15/2019,$                                                        42.61,,,,,,,,,,1.78%,$              42.61,0.76,,,,,,,,2.23%,,,0.76,,-26.57%,,,,,,,,,,,,
,,,,,,,,,,,,,,,,,,2019,2/19/2019,$                                                       42.73,,,,,,,,,,1.78%,$             42.73,0.76,,,,,,,,2.22%,,,0.76,,-26.35%,,,,,,,,,,,,
,,,,,,,,,,,,,,,,,,2019,2/20/2019,$                                                        43.01,,,,,,,,,,1.77%,$              43.01,0.76,,,,,,,,2.21%,,,0.76,,-25.87%,,,,,,,,,,,,
,,,,,,,,,,,,,,,,,,2019,2/21/2019,$                                                       42.77,,,,,,,,,,1.78%,$             42.77,0.76,,,,,,,,2.22%,,,0.76,,-26.29%,,,,,,,,,,,,
,,,,,,,,,,,,,,,,,,2019,2/22/2019,$                                                       43.24,,,,,,,,,,1.76%,$             43.24,0.76,,,,,,,,2.20%,,,0.76,,-25.47%,,,,,,,,,,,,
,,,,,,,,,,,,,,,,,,2019,2/25/2019,$                                                       43.56,,,,,,,,,,1.74%,$             43.56,0.76,,,,,,,,2.18%,,,0.76,,-24.92%,,,,,,,,,,,,
,,,,,,,,,,,,,,,,,,2019,2/26/2019,$                                                       43.58,,,,,,,,,,1.74%,$             43.58,0.76,,,,,,,,2.18%,,,0.76,,-24.88%,,,,,,,,,,,,
,,,,,,,,,,,,,,,,,,2019,2/27/2019,$                                                       43.72,,,,,,,,,,1.74%,$             43.72,0.76,,,,,,,,2.17%,,,0.76,,-24.65%,,,,,,,,,,,,
,,,,,,,,,,,,,,,,,,2019,2/28/2019,$                                                       43.29,,,,,,,,,,1.76%,$             43.29,0.76,,,,,,,,2.19%,,,0.76,,-25.39%,,,,,,,,,,,,
,,,,,,,,,,,,,,,,,,2019,3/1/2019,$                                                       43.74,,,,,,,,,,1.74%,$             43.74,0.76,,,,,,,,2.17%,,,0.76,,-24.60%,,,,,,,,,,,,
,,,,,,,,,,,,,,,,,,2019,3/4/2019,$                                                       43.96,,,,,,,,,,1.73%,$             43.96,0.76,,,,,,,,2.16%,,,0.76,,-24.23%,,,,,,,,,,,,
,,,,,,,,,,,,,,,,,,2019,3/5/2019,$                                                       43.88,,,,,,,,,,1.73%,$             43.88,0.76,,,,,,,,2.16%,,,0.76,,-24.36%,,,,,,,,,,,,
,,,,,,,,,,,,,,,,,,2019,3/6/2019,$                                                       43.63,,,,,,,,,,1.74%,$             43.63,0.76,,,,,,,,2.18%,,,0.76,,-24.80%,,,,,,,,,,,,
,,,,,,,,,,,,,,,,,,2019,3/7/2019,$                                                        43.13,,,,,,,,,,1.76%,$              43.13,0.76,,,,,,,,2.20%,,,0.76,,-25.67%,,,,,,,,,,,,
,,,,,,,,,,,,,,,,,,2019,3/8/2019,$                                                       43.23,,,,,,,,,,1.76%,$             43.23,0.76,,,,,,,,2.20%,,,0.76,,-25.49%,,,,,,,,,,,,
,,,,,,,,,,,,,,,,,,2019,3/11/2019,$                                                       44.73,,,,,,,,,,1.70%,$             44.73,0.76,,,,,,,,2.12%,,,0.76,,-22.91%,,,,,,,,,,,,
,,,,,,,,,,,,,,,,,,2019,3/12/2019,$                                                       45.23,,,,,,,,,,1.68%,$             45.23,0.76,,,,,,,,2.10%,,,0.76,,-22.05%,,,,,,,,,,,,
,,,,,,,,,,,,,,,,,,2019,3/13/2019,$                                                       45.43,,,,,,,,,,1.67%,$             45.43,0.76,,,,,,,,2.09%,,,0.76,,-21.70%,,,,,,,,,,,,
,,,,,,,,,,,,,,,,,,2019,3/14/2019,$                                                       45.93,,,,,,,,,,1.65%,$             45.93,0.76,,,,,,,,2.07%,,,0.76,,-20.83%,,,,,,,,,,,,
,,,,,,,,,,,,,,,,,,2019,3/15/2019,$                                                       46.53,,,,,,,,,,1.63%,$             46.53,0.76,,,,,,,,2.04%,,,0.76,,-19.80%,,,,,,,,,,,,
,,,,,,,,,,,,,,,,,,2019,3/18/2019,$                                                        47.01,,,,,,,,,,1.62%,$              47.01,0.76,,,,,,,,2.02%,,,0.76,,-18.98%,,,,,,,,,,,,
,,,,,,,,,,,,,,,,,,2019,3/19/2019,$                                                       46.63,,,,,,,,,,1.63%,$             46.63,0.76,,,,,,,,2.04%,,,0.76,,-19.62%,,,,,,,,,,,,
,,,,,,,,,,,,,,,,,,2019,3/20/2019,$                                                       47.04,,,,,,,,,,1.62%,$             47.04,0.76,,,,,,,,2.02%,,,0.76,,-18.92%,,,,,,,,,,,,
,,,,,,,,,,,,,,,,,,2019,3/21/2019,$                                                       48.77,,,,,,,,,,1.56%,$             48.77,0.76,,,,,,,,1.95%,,,0.76,,-15.93%,,,,,,,,,,,,
,,,,,,,,,,,,,,,,,,2019,3/22/2019,$                                                       47.76,,,,,,,,,,1.59%,$             47.76,0.76,,,,,,,,1.99%,,,0.76,,-17.68%,,,,,,,,,,,,
,,,,,,,,,,,,,,,,,,2019,3/25/2019,$                                                        47.19,,,,,,,,,,1.61%,$              47.19,0.76,,,,,,,,2.01%,,,0.76,,-18.67%,,,,,,,,,,,,
,,,,,,,,,,,,,,,,,,2019,3/26/2019,$                                                       46.70,,,,,,,,,,1.63%,$             46.70,0.76,,,,,,,,2.03%,,,0.76,,-19.51%,,,,,,,,,,,,
,,,,,,,,,,,,,,,,,,2019,3/27/2019,$                                                        47.12,,,,,,,,,,1.61%,$              47.12,0.76,,,,,,,,2.02%,,,0.76,,-18.79%,,,,,,,,,,,,
,,,,,,,,,,,,,,,,,,2019,3/28/2019,$                                                        47.18,,,,,,,,,,1.61%,$              47.18,0.76,,,,,,,,2.01%,,,0.76,,-18.68%,,,,,,,,,,,,
,,,,,,,,,,,,,,,,,,2019,3/29/2019,$                                                       47.49,,,,,,,,,,1.60%,$             47.49,0.76,,,,,,,,2.00%,,,0.76,,-18.15%,,,,,,,,,,,,
,,,,,,,,,,,,,,,,,,2019,4/1/2019,$                                                        47.81,,,,,,,,,,1.59%,$              47.81,0.76,,,,,,,,1.99%,,,0.76,,-17.59%,,,,,,,,,,,,
,,,,,,,,,,,,,,,,,,2019,4/2/2019,$                                                        48.51,,,,,,,,,,1.57%,$              48.51,0.76,,,,,,,,1.96%,,,0.76,,-16.40%,,,,,,,,,,,,
,,,,,,,,,,,,,,,,,,2019,4/3/2019,$                                                       48.84,,,,,,,,,,1.56%,$             48.84,0.76,,,,,,,,1.95%,,,0.76,,-15.82%,,,,,,,,,,,,
,,,,,,,,,,,,,,,,,,2019,4/4/2019,$                                                       48.92,,,,,,,,,,1.55%,$             48.92,0.76,,,,,,,,1.94%,,,0.76,,-15.68%,,,,,,,,,,,,
,,,,,,,,,,,,,,,,,,2019,4/5/2019,$                                                       49.25,,,,,,,,,,1.54%,$             49.25,0.76,,,,,,,,1.93%,,,0.76,,-15.11%,,,,,,,,,,,,
,,,,,,,,,,,,,,,,,,2019,4/8/2019,$                                                       50.03,,,,,,,,,,1.52%,$             50.03,0.76,,,,,,,,1.90%,,,0.76,,-13.78%,,,,,,,,,,,,
,,,,,,,,,,,,,,,,,,2019,4/9/2019,$                                                       49.88,,,,,,,,,,1.52%,$             49.88,0.76,,,,,,,,1.90%,,,0.76,,-14.03%,,,,,,,,,,,,
,,,,,,,,,,,,,,,,,,2019,4/10/2019,$                                                        50.16,,,,,,,,,,1.52%,$              50.16,0.76,,,,,,,,1.89%,,,0.76,,-13.55%,,,,,,,,,,,,
,,,,,,,,,,,,,,,,,,2019,4/11/2019,$                                                       49.74,,,,,,,,,,1.53%,$             49.74,0.76,,,,,,,,1.91%,,,0.76,,-14.27%,,,,,,,,,,,,
,,,,,,,,,,,,,,,,,,2019,4/12/2019,$                                                       49.72,,,,,,,,,,1.53%,$             49.72,0.76,,,,,,,,1.91%,,,0.76,,-14.31%,,,,,,,,,,,,
,,,,,,,,,,,,,,,,,,2019,4/15/2019,$                                                        49.81,,,,,,,,,,1.53%,$              49.81,0.76,,,,,,,,1.91%,,,0.76,,-14.15%,,,,,,,,,,,,
,,,,,,,,,,,,,,,,,,2019,4/16/2019,$                                                        49.81,,,,,,,,,,1.53%,$              49.81,0.76,,,,,,,,1.91%,,,0.76,,-14.14%,,,,,,,,,,,,
,,,,,,,,,,,,,,,,,,2019,4/17/2019,$                                                       50.78,,,,,,,,,,1.50%,$             50.78,0.76,,,,,,,,1.87%,,,0.76,,-12.47%,,,,,,,,,,,,
,,,,,,,,,,,,,,,,,,2019,4/18/2019,$                                                       50.97,,,,,,,,,,1.49%,$             50.97,0.76,,,,,,,,1.86%,,,0.76,,-12.16%,,,,,,,,,,,,
,,,,,,,,,,,,,,,,,,2019,4/22/2019,$                                                         51.13,,,,,,,,,,1.49%,$               51.13,0.76,,,,,,,,1.86%,,,0.76,,-11.87%,,,,,,,,,,,,
,,,,,,,,,,,,,,,,,,2019,4/23/2019,$                                                        51.87,,,,,,,,,,1.47%,$              51.87,0.76,,,,,,,,1.83%,,,0.76,,-10.60%,,,,,,,,,,,,
,,,,,,,,,,,,,,,,,,2019,4/24/2019,$                                                        51.79,,,,,,,,,,1.47%,$              51.79,0.76,,,,,,,,1.83%,,,0.76,,-10.73%,,,,,,,,,,,,
,,,,,,,,,,,,,,,,,,2019,4/25/2019,$                                                        51.32,,,,,,,,,,1.48%,$              51.32,0.76,,,,,,,,1.85%,,,0.76,,-11.54%,,,,,,,,,,,,
,,,,,,,,,,,,,,,,,,2019,4/26/2019,$                                                        51.08,,,,,,,,,,1.49%,$              51.08,0.76,,,,,,,,1.86%,,,0.76,,-11.97%,,,,,,,,,,,,
,,,,,,,,,,,,,,,,,,2019,4/29/2019,$                                                         51.15,,,,,,,,,,1.49%,$               51.15,0.76,,,,,,,,1.86%,,,0.76,,-11.83%,,,,,,,,,,,,
,,,,,,,,,,,,,,,,,,2019,4/30/2019,$                                                        50.17,,,,,,,,,,1.51%,$              50.17,0.76,,,,,,,,1.89%,,,0.76,,-13.53%,,,,,,,,,,,,
,,,,,,,,,,,,,,,,,,2019,5/1/2019,$                                                       52.63,,,,,,,,,,1.44%,$             52.63,0.76,,,,,,,,1.81%,,,0.76,,-9.29%,,,,,,,,,,,,
,,,,,,,,,,,,,,,,,,2019,5/2/2019,$                                                       52.29,,,,,,,,,,1.45%,$             52.29,0.76,,,,,,,,1.82%,,,0.76,,-9.88%,,,,,,,,,,,,
,,,,,,,,,,,,,,,,,,2019,5/3/2019,$                                                       52.94,,,,,,,,,,1.44%,$             52.94,0.76,,,,,,,,1.79%,,,0.76,,-8.76%,,,,,,,,,,,,
,,,,,,,,,,,,,,,,,,2019,5/6/2019,$                                                        52.12,,,,,,,,,,1.46%,$              52.12,0.76,,,,,,,,1.82%,,,0.76,,-10.17%,,,,,,,,,,,,
,,,,,,,,,,,,,,,,,,2019,5/7/2019,$                                                       50.72,,,,,,,,,,1.50%,$             50.72,0.76,,,,,,,,1.87%,,,0.76,,-12.59%,,,,,,,,,,,,
,,,,,,,,,,,,,,,,,,2019,5/8/2019,$                                                       50.73,,,,,,,,,,1.50%,$             50.73,0.76,,,,,,,,1.87%,,,0.76,,-12.57%,,,,,,,,,,,,
,,,,,,,,,,,,,,,,,,2019,5/9/2019,$                                                        50.18,,,,,,,,,,1.51%,$              50.18,0.76,,,,,,,,1.89%,,,0.76,,-13.51%,,,,,,,,,,,,
,,,,,,,,,,,,,,,,,,2019,5/10/2019,$                                                       49.30,,,,,,,,,,1.54%,$             49.30,0.76,,,,,,,,1.93%,,,0.76,,-15.03%,,,,,,,,,,,,
,,,,,,,,,,,,,,,,,,2019,5/13/2019,$                                                       46.43,,,,,,,,,,1.64%,$             46.43,0.76,,,,,,,,2.05%,,,0.76,,-19.97%,,,,,,,,,,,,
,,,,,,,,,,,,,,,,,,2019,5/14/2019,$                                                        47.17,,,,,,,,,,1.61%,$              47.17,0.76,,,,,,,,2.01%,,,0.76,,-18.71%,,,,,,,,,,,,
,,,,,,,,,,,,,,,,,,2019,5/15/2019,$                                                       47.73,,,,,,,,,,1.59%,$             47.73,0.76,,,,,,,,1.99%,,,0.76,,-17.73%,,,,,,,,,,,,
,,,,,,,,,,,,,,,,,,2019,5/16/2019,$                                                       47.52,,,,,,,,,,1.60%,$             47.52,0.76,,,,,,,,2.00%,,,0.76,,-18.09%,,,,,,,,,,,,
,,,,,,,,,,,,,,,,,,2019,5/17/2019,$                                                       47.25,,,,,,,,,,1.61%,$             47.25,0.76,,,,,,,,2.01%,,,0.76,,-18.56%,,,,,,,,,,,,
,,,,,,,,,,,,,,,,,,2019,5/20/2019,$                                                       45.77,,,,,,,,,,1.66%,$             45.77,0.76,,,,,,,,2.08%,,,0.76,,-21.11%,,,,,,,,,,,,
,,,,,,,,,,,,,,,,,,2019,5/21/2019,$                                                       46.65,,,,,,,,,,1.63%,$             46.65,0.76,,,,,,,,2.04%,,,0.76,,-19.59%,,,,,,,,,,,,
,,,,,,,,,,,,,,,,,,2019,5/22/2019,$                                                       45.70,,,,,,,,,,1.66%,$             45.70,0.76,,,,,,,,2.08%,,,0.76,,-21.24%,,,,,,,,,,,,
,,,,,,,,,,,,,,,,,,2019,5/23/2019,$                                                       44.92,,,,,,,,,,1.69%,$             44.92,0.76,,,,,,,,2.12%,,,0.76,,-22.58%,,,,,,,,,,,,
,,,,,,,,,,,,,,,,,,2019,5/24/2019,$                                                       44.74,,,,,,,,,,1.70%,$             44.74,0.76,,,,,,,,2.12%,,,0.76,,-22.88%,,,,,,,,,,,,
,,,,,,,,,,,,,,,,,,2019,5/28/2019,$                                                       44.56,,,,,,,,,,1.71%,$             44.56,0.76,,,,,,,,2.13%,,,0.76,,-23.20%,,,,,,,,,,,,
,,,,,,,,,,,,,,,,,,2019,5/29/2019,$                                                       44.35,,,,,,,,,,1.71%,$             44.35,0.76,,,,,,,,2.14%,,,0.76,,-23.57%,,,,,,,,,,,,
,,,,,,,,,,,,,,,,,,2019,5/30/2019,$                                                       44.58,,,,,,,,,,1.70%,$             44.58,0.76,,,,,,,,2.13%,,,0.76,,-23.17%,,,,,,,,,,,,
,,,,,,,,,,,,,,,,,,2019,5/31/2019,$                                                       43.77,,,,,,,,,,1.74%,$             43.77,0.76,,,,,,,,2.17%,,,0.76,,-24.56%,,,,,,,,,,,,
,,,,,,,,,,,,,,,,,,2019,6/3/2019,$                                                       43.33,,,,,,,,,,1.75%,$             43.33,0.76,,,,,,,,2.19%,,,0.76,,-25.32%,,,,,,,,,,,,
,,,,,,,,,,,,,,,,,,2019,6/4/2019,$                                                        44.91,,,,,,,,,,1.69%,$              44.91,0.76,,,,,,,,2.12%,,,0.76,,-22.59%,,,,,,,,,,,,
,,,,,,,,,,,,,,,,,,2019,6/5/2019,$                                                       45.64,,,,,,,,,,1.67%,$             45.64,0.76,,,,,,,,2.08%,,,0.76,,-21.34%,,,,,,,,,,,,
,,,,,,,,,,,,,,,,,,2019,6/6/2019,$                                                        46.31,,,,,,,,,,1.64%,$              46.31,0.76,,,,,,,,2.05%,,,0.76,,-20.19%,,,,,,,,,,,,
,,,,,,,,,,,,,,,,,,2019,6/7/2019,$                                                       47.54,,,,,,,,,,1.60%,$             47.54,0.76,,,,,,,,2.00%,,,0.76,,-18.06%,,,,,,,,,,,,
,,,,,,,,,,,,,,,,,,2019,6/10/2019,$                                                        48.15,,,,,,,,,,1.58%,$              48.15,0.76,,,,,,,,1.97%,,,0.76,,-17.02%,,,,,,,,,,,,
,,,,,,,,,,,,,,,,,,2019,6/11/2019,$                                                       48.70,,,,,,,,,,1.56%,$             48.70,0.76,,,,,,,,1.95%,,,0.76,,-16.06%,,,,,,,,,,,,
,,,,,,,,,,,,,,,,,,2019,6/12/2019,$                                                       48.55,,,,,,,,,,1.57%,$             48.55,0.76,,,,,,,,1.96%,,,0.76,,-16.32%,,,,,,,,,,,,
,,,,,,,,,,,,,,,,,,2019,6/13/2019,$                                                       48.54,,,,,,,,,,1.57%,$             48.54,0.76,,,,,,,,1.96%,,,0.76,,-16.34%,,,,,,,,,,,,
,,,,,,,,,,,,,,,,,,2019,6/14/2019,$                                                        48.19,,,,,,,,,,1.58%,$              48.19,0.76,,,,,,,,1.97%,,,0.76,,-16.95%,,,,,,,,,,,,
,,,,,,,,,,,,,,,,,,2019,6/17/2019,$                                                       48.47,,,,,,,,,,1.57%,$             48.47,0.76,,,,,,,,1.96%,,,0.76,,-16.45%,,,,,,,,,,,,
,,,,,,,,,,,,,,,,,,2019,6/18/2019,$                                                        49.61,,,,,,,,,,1.53%,$              49.61,0.76,,,,,,,,1.91%,,,0.76,,-14.49%,,,,,,,,,,,,
,,,,,,,,,,,,,,,,,,2019,6/19/2019,$                                                       49.47,,,,,,,,,,1.54%,$             49.47,0.76,,,,,,,,1.92%,,,0.76,,-14.74%,,,,,,,,,,,,
,,,,,,,,,,,,,,,,,,2019,6/20/2019,$                                                       49.87,,,,,,,,,,1.52%,$             49.87,0.76,,,,,,,,1.91%,,,0.76,,-14.05%,,,,,,,,,,,,
,,,,,,,,,,,,,,,,,,2019,6/21/2019,$                                                       49.70,,,,,,,,,,1.53%,$             49.70,0.76,,,,,,,,1.91%,,,0.76,,-14.34%,,,,,,,,,,,,
,,,,,,,,,,,,,,,,,,2019,6/24/2019,$                                                       49.65,,,,,,,,,,1.53%,$             49.65,0.76,,,,,,,,1.91%,,,0.76,,-14.43%,,,,,,,,,,,,
,,,,,,,,,,,,,,,,,,2019,6/25/2019,$                                                       48.89,,,,,,,,,,1.55%,$             48.89,0.76,,,,,,,,1.94%,,,0.76,,-15.73%,,,,,,,,,,,,
,,,,,,,,,,,,,,,,,,2019,6/26/2019,$                                                       49.95,,,,,,,,,,1.52%,$             49.95,0.76,,,,,,,,1.90%,,,0.76,,-13.91%,,,,,,,,,,,,
,,,,,,,,,,,,,,,,,,2019,6/27/2019,$                                                       49.94,,,,,,,,,,1.52%,$             49.94,0.76,,,,,,,,1.90%,,,0.76,,-13.93%,,,,,,,,,,,,
,,,,,,,,,,,,,,,,,,2019,6/28/2019,$                                                       49.48,,,,,,,,,,1.54%,$             49.48,0.76,,,,,,,,1.92%,,,0.76,,-14.72%,,,,,,,,,,,,
,,,,,,,,,,,,,,,,,,2019,7/1/2019,$                                                       50.39,,,,,,,,,,1.51%,$             50.39,0.76,,,,,,,,1.89%,,,0.76,,-13.15%,,,,,,,,,,,,
,,,,,,,,,,,,,,,,,,2019,7/2/2019,$                                                       50.68,,,,,,,,,,1.50%,$             50.68,0.76,,,,,,,,1.87%,,,0.76,,-12.64%,,,,,,,,,,,,
,,,,,,,,,,,,,,,,,,2019,7/3/2019,$                                                         51.10,,,,,,,,,,1.49%,$               51.10,0.76,,,,,,,,1.86%,,,0.76,,-11.92%,,,,,,,,,,,,
,,,,,,,,,,,,,,,,,,2019,7/5/2019,$                                                        51.06,,,,,,,,,,1.49%,$              51.06,0.76,,,,,,,,1.86%,,,0.76,,-12.00%,,,,,,,,,,,,
,,,,,,,,,,,,,,,,,,2019,7/8/2019,$                                                        50.01,,,,,,,,,,1.52%,$              50.01,0.76,,,,,,,,1.90%,,,0.76,,-13.81%,,,,,,,,,,,,
,,,,,,,,,,,,,,,,,,2019,7/9/2019,$                                                        50.31,,,,,,,,,,1.51%,$              50.31,0.76,,,,,,,,1.89%,,,0.76,,-13.28%,,,,,,,,,,,,
,,,,,,,,,,,,,,,,,,2019,7/10/2019,$                                                        50.81,,,,,,,,,,1.50%,$              50.81,0.76,,,,,,,,1.87%,,,0.76,,-12.43%,,,,,,,,,,,,
,,,,,,,,,,,,,,,,,,2019,7/11/2019,$                                                       50.44,,,,,,,,,,1.51%,$             50.44,0.76,,,,,,,,1.88%,,,0.76,,-13.07%,,,,,,,,,,,,
,,,,,,,,,,,,,,,,,,2019,7/12/2019,$                                                       50.83,,,,,,,,,,1.50%,$             50.83,0.76,,,,,,,,1.87%,,,0.76,,-12.40%,,,,,,,,,,,,
,,,,,,,,,,,,,,,,,,2019,7/15/2019,$                                                        51.30,,,,,,,,,,1.48%,$              51.30,0.76,,,,,,,,1.85%,,,0.76,,-11.57%,,,,,,,,,,,,
,,,,,,,,,,,,,,,,,,2019,7/16/2019,$                                                         51.13,,,,,,,,,,1.49%,$               51.13,0.76,,,,,,,,1.86%,,,0.76,,-11.88%,,,,,,,,,,,,
,,,,,,,,,,,,,,,,,,2019,7/17/2019,$                                                       50.84,,,,,,,,,,1.49%,$             50.84,0.76,,,,,,,,1.87%,,,0.76,,-12.38%,,,,,,,,,,,,
,,,,,,,,,,,,,,,,,,2019,7/18/2019,$                                                        51.42,,,,,,,,,,1.48%,$              51.42,0.76,,,,,,,,1.85%,,,0.76,,-11.38%,,,,,,,,,,,,
,,,,,,,,,,,,,,,,,,2019,7/19/2019,$                                                       50.65,,,,,,,,,,1.50%,$             50.65,0.76,,,,,,,,1.88%,,,0.76,,-12.70%,,,,,,,,,,,,
,,,,,,,,,,,,,,,,,,2019,7/22/2019,$                                                         51.81,,,,,,,,,,1.47%,$               51.81,0.76,,,,,,,,1.83%,,,0.76,,-10.71%,,,,,,,,,,,,
,,,,,,,,,,,,,,,,,,2019,7/23/2019,$                                                        52.21,,,,,,,,,,1.46%,$              52.21,0.76,,,,,,,,1.82%,,,0.76,,-10.01%,,,,,,,,,,,,
,,,,,,,,,,,,,,,,,,2019,7/24/2019,$                                                        52.17,,,,,,,,,,1.46%,$              52.17,0.76,,,,,,,,1.82%,,,0.76,,-10.08%,,,,,,,,,,,,
,,,,,,,,,,,,,,,,,,2019,7/25/2019,$                                                        51.76,,,,,,,,,,1.47%,$              51.76,0.76,,,,,,,,1.84%,,,0.76,,-10.79%,,,,,,,,,,,,
,,,,,,,,,,,,,,,,,,2019,7/26/2019,$                                                        51.94,,,,,,,,,,1.46%,$              51.94,0.76,,,,,,,,1.83%,,,0.76,,-10.48%,,,,,,,,,,,,
,,,,,,,,,,,,,,,,,,2019,7/29/2019,$                                                       52.42,,,,,,,,,,1.45%,$             52.42,0.76,,,,,,,,1.81%,,,0.76,,-9.65%,,,,,,,,,,,,
,,,,,,,,,,,,,,,,,,2019,7/30/2019,$                                                       52.20,,,,,,,,,,1.46%,$             52.20,0.76,,,,,,,,1.82%,,,0.76,,-10.04%,,,,,,,,,,,,
,,,,,,,,,,,,,,,,,,2019,7/31/2019,$                                                       53.26,,,,,,,,,,1.43%,$             53.26,0.76,,,,,,,,1.78%,,,0.76,,-8.20%,,,,,,,,,,,,
,,,,,,,,,,,,,,,,,,2019,8/1/2019,$                                                         52.11,,,,,,,,,,1.46%,$               52.11,0.76,,,,,,,,1.82%,,,0.76,,-10.19%,,,,,,,,,,,,
,,,,,,,,,,,,,,,,,,2019,8/2/2019,$                                                         51.01,,,,,,,,,,1.49%,$               51.01,0.76,,,,,,,,1.86%,,,0.76,,-12.09%,,,,,,,,,,,,
,,,,,,,,,,,,,,,,,,2019,8/5/2019,$                                                       48.34,,,,,,,,,,1.57%,$             48.34,0.76,,,,,,,,1.97%,,,0.76,,-16.69%,,,,,,,,,,,,
,,,,,,,,,,,,,,,,,,2019,8/6/2019,$                                                       49.25,,,,,,,,,,1.54%,$             49.25,0.76,,,,,,,,1.93%,,,0.76,,-15.11%,,,,,,,,,,,,
,,,,,,,,,,,,,,,,,,2019,8/7/2019,$                                                       49.76,,,,,,,,,,1.53%,$             49.76,0.76,,,,,,,,1.91%,,,0.76,,-14.23%,,,,,,,,,,,,
,,,,,,,,,,,,,,,,,,2019,8/8/2019,$                                                       50.86,,,,,,,,,,1.49%,$             50.86,0.76,,,,,,,,1.87%,,,0.76,,-12.34%,,,,,,,,,,,,
,,,,,,,,,,,,,,,,,,2019,8/9/2019,$                                                       50.25,,,,,,,,,,1.51%,$             50.25,0.76,,,,,,,,1.89%,,,0.76,,-13.39%,,,,,,,,,,,,
,,,,,,,,,,,,,,,,,,2019,8/12/2019,$                                                        50.12,,,,,,,,,,1.52%,$              50.12,0.76,,,,,,,,1.90%,,,0.76,,-13.61%,,,,,,,,,,,,
,,,,,,,,,,,,,,,,,,2019,8/13/2019,$                                                       52.24,,,,,,,,,,1.45%,$             52.24,0.76,,,,,,,,1.82%,,,0.76,,-9.95%,,,,,,,,,,,,
,,,,,,,,,,,,,,,,,,2019,8/14/2019,$                                                       50.69,,,,,,,,,,1.50%,$             50.69,0.76,,,,,,,,1.87%,,,0.76,,-12.63%,,,,,,,,,,,,
,,,,,,,,,,,,,,,,,,2019,8/15/2019,$                                                       50.44,,,,,,,,,,1.51%,$             50.44,0.76,,,,,,,,1.88%,,,0.76,,-13.07%,,,,,,,,,,,,
,,,,,,,,,,,,,,,,,,2019,8/16/2019,$                                                        51.63,,,,,,,,,,1.47%,$              51.63,0.76,,,,,,,,1.84%,,,0.76,,-11.02%,,,,,,,,,,,,
,,,,,,,,,,,,,,,,,,2019,8/19/2019,$                                                       52.59,,,,,,,,,,1.45%,$             52.59,0.76,,,,,,,,1.81%,,,0.76,,-9.36%,,,,,,,,,,,,
,,,,,,,,,,,,,,,,,,2019,8/20/2019,$                                                       52.59,,,,,,,,,,1.45%,$             52.59,0.76,,,,,,,,1.81%,,,0.76,,-9.35%,,,,,,,,,,,,
,,,,,,,,,,,,,,,,,,2019,8/21/2019,$                                                        53.16,,,,,,,,,,1.43%,$              53.16,0.76,,,,,,,,1.79%,,,0.76,,-8.37%,,,,,,,,,,,,
,,,,,,,,,,,,,,,,,,2019,8/22/2019,$                                                        53.12,,,,,,,,,,1.43%,$              53.12,0.76,,,,,,,,1.79%,,,0.76,,-8.45%,,,,,,,,,,,,
,,,,,,,,,,,,,,,,,,2019,8/23/2019,$                                                       50.66,,,,,,,,,,1.50%,$             50.66,0.76,,,,,,,,1.88%,,,0.76,,-12.68%,,,,,,,,,,,,
,,,,,,,,,,,,,,,,,,2019,8/26/2019,$                                                        51.62,,,,,,,,,,1.47%,$              51.62,0.76,,,,,,,,1.84%,,,0.76,,-11.02%,,,,,,,,,,,,
,,,,,,,,,,,,,,,,,,2019,8/27/2019,$                                                        51.04,,,,,,,,,,1.49%,$              51.04,0.76,,,,,,,,1.86%,,,0.76,,-12.03%,,,,,,,,,,,,
,,,,,,,,,,,,,,,,,,2019,8/28/2019,$                                                        51.38,,,,,,,,,,1.48%,$              51.38,0.76,,,,,,,,1.85%,,,0.76,,-11.44%,,,,,,,,,,,,
,,,,,,,,,,,,,,,,,,2019,8/29/2019,$                                                       52.25,,,,,,,,,,1.45%,$             52.25,0.76,,,,,,,,1.82%,,,0.76,,-9.94%,,,,,,,,,,,,
,,,,,,,,,,,,,,,,,,2019,8/30/2019,$                                                        52.19,,,,,,,,,,1.46%,$              52.19,0.76,,,,,,,,1.82%,,,0.76,,-10.05%,,,,,,,,,,,,
,,,,,,,,,,,,,,,,,,2019,9/3/2019,$                                                        51.43,,,,,,,,,,1.48%,$              51.43,0.76,,,,,,,,1.85%,,,0.76,,-11.36%,,,,,,,,,,,,
,,,,,,,,,,,,,,,,,,2019,9/4/2019,$                                                       52.30,,,,,,,,,,1.45%,$             52.30,0.76,,,,,,,,1.82%,,,0.76,,-9.86%,,,,,,,,,,,,
,,,,,,,,,,,,,,,,,,2019,9/5/2019,$                                                       53.32,,,,,,,,,,1.43%,$             53.32,0.76,,,,,,,,1.78%,,,0.76,,-8.10%,,,,,,,,,,,,
,,,,,,,,,,,,,,,,,,2019,9/6/2019,$                                                       53.32,,,,,,,,,,1.43%,$             53.32,0.76,,,,,,,,1.78%,,,0.76,,-8.11%,,,,,,,,,,,,
,,,,,,,,,,,,,,,,,,2019,9/9/2019,$                                                       53.54,,,,,,,,,,1.42%,$             53.54,0.76,,,,,,,,1.77%,,,0.76,,-7.71%,,,,,,,,,,,,
,,,,,,,,,,,,,,,,,,2019,9/10/2019,$                                                        54.18,,,,,,,,,,1.40%,$              54.18,0.76,,,,,,,,1.75%,,,0.76,,-6.62%,,,,,,,,,,,,
,,,,,,,,,,,,,,,,,,2019,9/11/2019,$                                                       55.90,,,,,,,,,,1.36%,$             55.90,0.76,,,,,,,,1.70%,,,0.76,,-3.65%,,,,,,,,,,,,
,,,,,,,,,,,,,,,,,,2019,9/12/2019,$                                                       55.77,,,,,,,,,,1.36%,$             55.77,0.76,,,,,,,,1.70%,,,0.76,,-3.87%,,,,,,,,,,,,
,,,,,,,,,,,,,,,,,,2019,9/13/2019,$                                                       54.69,,,,,,,,,,1.39%,$             54.69,0.76,,,,,,,,1.74%,,,0.76,,-5.74%,,,,,,,,,,,,
,,,,,,,,,,,,,,,,,,2019,9/16/2019,$                                                       54.98,,,,,,,,,,1.38%,$             54.98,0.76,,,,,,,,1.73%,,,0.76,,-5.24%,,,,,,,,,,,,
,,,,,,,,,,,,,,,,,,2019,9/17/2019,$                                                        55.18,,,,,,,,,,1.38%,$              55.18,0.76,,,,,,,,1.72%,,,0.76,,-4.90%,,,,,,,,,,,,
,,,,,,,,,,,,,,,,,,2019,9/18/2019,$                                                       55.69,,,,,,,,,,1.36%,$             55.69,0.76,,,,,,,,1.71%,,,0.76,,-4.01%,,,,,,,,,,,,
,,,,,,,,,,,,,,,,,,2019,9/19/2019,$                                                       55.24,,,,,,,,,,1.38%,$             55.24,0.76,,,,,,,,1.72%,,,0.76,,-4.79%,,,,,,,,,,,,
,,,,,,,,,,,,,,,,,,2019,9/20/2019,$                                                       54.43,,,,,,,,,,1.40%,$             54.43,0.76,,,,,,,,1.75%,,,0.76,,-6.18%,,,,,,,,,,,,
,,,,,,,,,,,,,,,,,,2019,9/23/2019,$                                                       54.68,,,,,,,,,,1.39%,$             54.68,0.76,,,,,,,,1.74%,,,0.76,,-5.75%,,,,,,,,,,,,
,,,,,,,,,,,,,,,,,,2019,9/24/2019,$                                                       54.42,,,,,,,,,,1.40%,$             54.42,0.76,,,,,,,,1.75%,,,0.76,,-6.20%,,,,,,,,,,,,
,,,,,,,,,,,,,,,,,,2019,9/25/2019,$                                                       55.26,,,,,,,,,,1.38%,$             55.26,0.76,,,,,,,,1.72%,,,0.76,,-4.76%,,,,,,,,,,,,
,,,,,,,,,,,,,,,,,,2019,9/26/2019,$                                                       54.97,,,,,,,,,,1.38%,$             54.97,0.76,,,,,,,,1.73%,,,0.76,,-5.25%,,,,,,,,,,,,
,,,,,,,,,,,,,,,,,,2019,9/27/2019,$                                                        54.71,,,,,,,,,,1.39%,$              54.71,0.76,,,,,,,,1.74%,,,0.76,,-5.71%,,,,,,,,,,,,
,,,,,,,,,,,,,,,,,,2019,9/30/2019,$                                                       55.99,,,,,,,,,,1.36%,$             55.99,0.76,,,,,,,,1.70%,,,0.76,,-3.49%,,,,,,,,,,,,
,,,,,,,,,,,,,,,,,,2019,10/1/2019,$                                                        56.15,,,,,,,,,,1.35%,$              56.15,0.76,,,,,,,,1.69%,,,0.76,,-3.22%,,,,,,,,,,,,
,,,,,,,,,,,,,,,,,,2019,10/2/2019,$                                                       54.74,,,,,,,,,,1.39%,$             54.74,0.76,,,,,,,,1.74%,,,0.76,,-5.65%,,,,,,,,,,,,
,,,,,,,,,,,,,,,,,,2019,10/3/2019,$                                                        55.21,,,,,,,,,,1.38%,$              55.21,0.76,,,,,,,,1.72%,,,0.76,,-4.85%,,,,,,,,,,,,
,,,,,,,,,,,,,,,,,,2019,10/4/2019,$                                                       56.75,,,,,,,,,,1.34%,$             56.75,0.76,,,,,,,,1.67%,,,0.76,,-2.18%,,,,,,,,,,,,
,,,,,,,,,,,,,,,,,,2019,10/7/2019,$                                                       56.77,,,,,,,,,,1.34%,$             56.77,0.76,,,,,,,,1.67%,,,0.76,,-2.16%,,,,,,,,,,,,
,,,,,,,,,,,,,,,,,,2019,10/8/2019,$                                                        56.10,,,,,,,,,,1.35%,$              56.10,0.76,,,,,,,,1.69%,,,0.76,,-3.31%,,,,,,,,,,,,
,,,,,,,,,,,,,,,,,,2019,10/9/2019,$                                                       56.76,,,,,,,,,,1.34%,$             56.76,0.76,,,,,,,,1.67%,,,0.76,,-2.17%,,,,,,,,,,,,
,,,,,,,,,,,,,,,,,,2019,10/10/2019,$                                                       57.52,,,,,,,,,,1.32%,$             57.52,0.76,,,,,,,,1.65%,,,0.76,,-0.85%,,,,,,,,,,,,
,,,,,,,,,,,,,,,,,,2019,10/11/2019,$                                                       59.05,,,,,,,,,,1.29%,$             59.05,0.76,,,,,,,,1.61%,,,0.76,,0.00%,,,,,,,,,,,,
,,,,,,,,,,,,,,,,,,2019,10/14/2019,$                                                       58.97,,,,,,,,,,1.29%,$             58.97,0.76,,,,,,,,1.61%,,,0.76,,-0.14%,,,,,,,,,,,,
,,,,,,,,,,,,,,,,,,2019,10/15/2019,$                                                       58.83,,,,,,,,,,1.29%,$             58.83,0.76,,,,,,,,1.61%,,,0.76,,-0.38%,,,,,,,,,,,,
,,,,,,,,,,,,,,,,,,2019,10/16/2019,$                                                       58.59,,,,,,,,,,1.30%,$             58.59,0.76,,,,,,,,1.62%,,,0.76,,-0.78%,,,,,,,,,,,,
,,,,,,,,,,,,,,,,,,2019,10/17/2019,$                                                       58.82,,,,,,,,,,1.29%,$             58.82,0.76,,,,,,,,1.62%,,,0.76,,-0.39%,,,,,,,,,,,,
,,,,,,,,,,,,,,,,,,2019,10/18/2019,$                                                        59.10,,,,,,,,,,1.29%,$              59.10,0.76,,,,,,,,1.61%,,,0.76,,0.00%,,,,,,,,,,,,
,,,,,,,,,,,,,,,,,,2019,10/21/2019,$                                                        60.13,,,,,,,,,,1.26%,$              60.13,0.76,,,,,,,,1.58%,,,0.76,,0.00%,,,,,,,,,,,,
,,,,,,,,,,,,,,,,,,2019,10/22/2019,$                                                       59.99,,,,,,,,,,1.27%,$             59.99,0.76,,,,,,,,1.58%,,,0.76,,-0.23%,,,,,,,,,,,,
,,,,,,,,,,,,,,,,,,2019,10/23/2019,$                                                       60.80,,,,,,,,,,1.25%,$             60.80,0.76,,,,,,,,1.56%,,,0.76,,0.00%,,,,,,,,,,,,
,,,,,,,,,,,,,,,,,,2019,10/24/2019,$                                                       60.90,,,,,,,,,,1.25%,$             60.90,0.76,,,,,,,,1.56%,,,0.76,,0.00%,,,,,,,,,,,,
,,,,,,,,,,,,,,,,,,2019,10/25/2019,$                                                        61.65,,,,,,,,,,1.23%,$              61.65,0.76,,,,,,,,1.54%,,,0.76,,0.00%,,,,,,,,,,,,
,,,,,,,,,,,,,,,,,,2019,10/28/2019,$                                                       62.26,,,,,,,,,,1.22%,$             62.26,0.76,,,,,,,,1.53%,,,0.76,,0.00%,,,,,,,,,,,,
,,,,,,,,,,,,,,,,,,2019,10/29/2019,$                                                       60.82,,,,,,,,,,1.25%,$             60.82,0.76,,,,,,,,1.56%,,,0.76,,-2.31%,,,,,,,,,,,,
,,,,,,,,,,,,,,,,,,2019,10/30/2019,$                                                       60.82,,,,,,,,,,1.25%,$             60.82,0.76,,,,,,,,1.56%,,,0.76,,-2.32%,,,,,,,,,,,,
,,,,,,,,,,,,,,,,,,2019,10/31/2019,$                                                        62.19,,,,,,,,,,1.22%,$              62.19,0.76,,,,,,,,1.53%,,,0.76,,-0.12%,,,,,,,,,,,,
,,,,,,,,,,,,,,,,,,2019,11/1/2019,$                                                       63.96,,,,,,,,,,1.19%,$             63.96,0.76,,,,,,,,1.49%,,,0.76,,0.00%,,,,,,,,,,,,
,,,,,,,,,,,,,,,,,,2019,11/4/2019,$                                                       64.38,,,,,,,,,,1.18%,$             64.38,0.76,,,,,,,,1.48%,,,0.76,,0.00%,,,,,,,,,,,,
,,,,,,,,,,,,,,,,,,2019,11/5/2019,$                                                       64.28,,,,,,,,,,1.18%,$             64.28,0.76,,,,,,,,1.48%,,,0.76,,-0.14%,,,,,,,,,,,,
,,,,,,,,,,,,,,,,,,2019,11/6/2019,$                                                        64.31,,,,,,,,,,1.18%,$              64.31,0.76,,,,,,,,1.48%,,,0.76,,-0.10%,,,,,,,,,,,,
,,,,,,,,,,,,,,,,,,2019,11/7/2019,$                                                       64.86,,,,,,,,,,1.17%,$             64.86,0.76,,,,,,,,1.46%,,,0.76,,0.00%,,,,,,,,,,,,
,,,,,,,,,,,,,,,,,,2019,11/8/2019,$                                                       65.04,,,,,,,,,,1.17%,$             65.04,0.76,,,,,,,,1.46%,,,0.76,,0.00%,,,,,,,,,,,,
,,,,,,,,,,,,,,,,,,2019,11/11/2019,$                                                       65.55,,,,,,,,,,1.16%,$             65.55,0.76,,,,,,,,1.45%,,,0.76,,0.00%,,,,,,,,,,,,
,,,,,,,,,,,,,,,,,,2019,11/12/2019,$                                                       65.49,,,,,,,,,,1.16%,$             65.49,0.76,,,,,,,,1.45%,,,0.76,,-0.09%,,,,,,,,,,,,
,,,,,,,,,,,,,,,,,,2019,11/13/2019,$                                                        66.12,,,,,,,,,,1.15%,$              66.12,0.76,,,,,,,,1.44%,,,0.76,,0.00%,,,,,,,,,,,,
,,,,,,,,,,,,,,,,,,2019,11/14/2019,$                                                       65.66,,,,,,,,,,1.16%,$             65.66,0.76,,,,,,,,1.45%,,,0.76,,-0.69%,,,,,,,,,,,,
,,,,,,,,,,,,,,,,,,2019,11/15/2019,$                                                       66.44,,,,,,,,,,1.14%,$             66.44,0.76,,,,,,,,1.43%,,,0.76,,0.00%,,,,,,,,,,,,
,,,,,,,,,,,,,,,,,,2019,11/18/2019,$                                                       66.78,,,,,,,,,,1.14%,$             66.78,0.76,,,,,,,,1.42%,,,0.76,,0.00%,,,,,,,,,,,,
,,,,,,,,,,,,,,,,,,2019,11/19/2019,$                                                       66.57,,,,,,,,,,1.14%,$             66.57,0.76,,,,,,,,1.43%,,,0.76,,-0.30%,,,,,,,,,,,,
,,,,,,,,,,,,,,,,,,2019,11/20/2019,$                                                       65.80,,,,,,,,,,1.16%,$             65.80,0.76,,,,,,,,1.44%,,,0.76,,-1.46%,,,,,,,,,,,,
,,,,,,,,,,,,,,,,,,2019,11/21/2019,$                                                       65.50,,,,,,,,,,1.16%,$             65.50,0.76,,,,,,,,1.45%,,,0.76,,-1.91%,,,,,,,,,,,,
,,,,,,,,,,,,,,,,,,2019,11/22/2019,$                                                       65.45,,,,,,,,,,1.16%,$             65.45,0.76,,,,,,,,1.45%,,,0.76,,-1.99%,,,,,,,,,,,,
,,,,,,,,,,,,,,,,,,2019,11/25/2019,$                                                       66.59,,,,,,,,,,1.14%,$             66.59,0.76,,,,,,,,1.43%,,,0.76,,-0.27%,,,,,,,,,,,,
,,,,,,,,,,,,,,,,,,2019,11/26/2019,$                                                       66.07,,,,,,,,,,1.15%,$             66.07,0.76,,,,,,,,1.44%,,,0.76,,-1.05%,,,,,,,,,,,,
,,,,,,,,,,,,,,,,,,2019,11/27/2019,$                                                       66.96,,,,,,,,,,1.14%,$             66.96,0.76,,,,,,,,1.42%,,,0.76,,0.00%,,,,,,,,,,,,
,,,,,,,,,,,,,,,,,,2019,11/29/2019,$                                                        66.81,,,,,,,,,,1.14%,$              66.81,0.76,,,,,,,,1.42%,,,0.76,,-0.22%,,,,,,,,,,,,
,,,,,,,,,,,,,,,,,,2019,12/2/2019,$                                                       66.04,,,,,,,,,,1.15%,$             66.04,0.76,,,,,,,,1.44%,,,0.76,,-1.37%,,,,,,,,,,,,
,,,,,,,,,,,,,,,,,,2019,12/3/2019,$                                                       64.86,,,,,,,,,,1.17%,$             64.86,0.76,,,,,,,,1.46%,,,0.76,,-3.13%,,,,,,,,,,,,
,,,,,,,,,,,,,,,,,,2019,12/4/2019,$                                                       65.44,,,,,,,,,,1.16%,$             65.44,0.76,,,,,,,,1.45%,,,0.76,,-2.28%,,,,,,,,,,,,
,,,,,,,,,,,,,,,,,,2019,12/5/2019,$                                                       66.40,,,,,,,,,,1.14%,$             66.40,0.76,,,,,,,,1.43%,,,0.76,,-0.84%,,,,,,,,,,,,
,,,,,,,,,,,,,,,,,,2019,12/6/2019,$                                                       67.68,,,,,,,,,,1.12%,$             67.68,0.76,,,,,,,,1.40%,,,0.76,,0.00%,,,,,,,,,,,,
,,,,,,,,,,,,,,,,,,2019,12/9/2019,$                                                       66.73,,,,,,,,,,1.14%,$             66.73,0.76,,,,,,,,1.42%,,,0.76,,-1.40%,,,,,,,,,,,,
,,,,,,,,,,,,,,,,,,2019,12/10/2019,$                                                        67.12,,,,,,,,,,1.13%,$              67.12,0.76,,,,,,,,1.42%,,,0.76,,-0.82%,,,,,,,,,,,,
,,,,,,,,,,,,,,,,,,2019,12/11/2019,$                                                       67.69,,,,,,,,,,1.12%,$             67.69,0.76,,,,,,,,1.40%,,,0.76,,0.00%,,,,,,,,,,,,
,,,,,,,,,,,,,,,,,,2019,12/12/2019,$                                                       67.87,,,,,,,,,,1.12%,$             67.87,0.76,,,,,,,,1.40%,,,0.76,,0.00%,,,,,,,,,,,,
,,,,,,,,,,,,,,,,,,2019,12/13/2019,$                                                       68.79,,,,,,,,,,1.10%,$             68.79,0.76,,,,,,,,1.38%,,,0.76,,0.00%,,,,,,,,,,,,
,,,,,,,,,,,,,,,,,,2019,12/16/2019,$                                                       69.97,,,,,,,,,,1.09%,$             69.97,0.76,,,,,,,,1.36%,,,0.76,,0.00%,,,,,,,,,,,,
,,,,,,,,,,,,,,,,,,2019,12/17/2019,$                                                        70.10,,,,,,,,,,1.08%,$              70.10,0.76,,,,,,,,1.36%,,,0.76,,0.00%,,,,,,,,,,,,
,,,,,,,,,,,,,,,,,,2019,12/18/2019,$                                                       69.94,,,,,,,,,,1.09%,$             69.94,0.76,,,,,,,,1.36%,,,0.76,,-0.24%,,,,,,,,,,,,
,,,,,,,,,,,,,,,,,,2019,12/19/2019,$                                                        70.01,,,,,,,,,,1.09%,$              70.01,0.76,,,,,,,,1.36%,,,0.76,,-0.14%,,,,,,,,,,,,
,,,,,,,,,,,,,,,,,,2019,12/20/2019,$                                                       69.86,,,,,,,,,,1.09%,$             69.86,0.76,,,,,,,,1.36%,,,0.76,,-0.35%,,,,,,,,,,,,
,,,,,,,,,,,,,,,,,,2019,12/23/2019,$                                                        71.00,,,,,,,,,,1.07%,$              71.00,0.76,,,,,,,,1.34%,,,0.76,,0.00%,,,,,,,,,,,,
,,,,,,,,,,,,,,,,,,2019,12/24/2019,$                                                        71.07,,,,,,,,,,1.07%,$              71.07,0.76,,,,,,,,1.34%,,,0.76,,0.00%,,,,,,,,,,,,
,,,,,,,,,,,,,,,,,,2019,12/26/2019,$                                                       72.48,,,,,,,,,,1.05%,$             72.48,0.76,,,,,,,,1.31%,,,0.76,,0.00%,,,,,,,,,,,,
,,,,,,,,,,,,,,,,,,2019,12/27/2019,$                                                       72.45,,,,,,,,,,1.05%,$             72.45,0.76,,,,,,,,1.31%,,,0.76,,-0.04%,,,,,,,,,,,,
,,,,,,,,,,,,,,,,,,2019,12/30/2019,$                                                       72.88,,,,,,,,,,1.04%,$             72.88,0.76,,,,,,,,1.30%,,,0.76,,0.00%,,,,,,,,,,,,
,,,,,,,,,,,,,,,,,,2019,12/31/2019,$                                                        73.41,,,,,,,,,,1.04%,$              73.41,0.76,,,,,,,,1.29%,,,0.76,,0.00%,,,,,,,,,,,,
,,,,,,,,,,,,,,,,,,2020,1/2/2020,$                                                       75.09,,,,,,,,,,1.08%,$             75.09,0.81,,,,,,,,1.27%,,,0,,0.00%,,,,,,,,,,,,
,,,,,,,,,,,,,,,,,,2020,1/3/2020,$                                                       74.36,,,,,,,,,,1.09%,$             74.36,0.81,,,,,,,,1.28%,,,0,,-0.97%,,,,,,,,,,,,
,,,,,,,,,,,,,,,,,,2020,1/6/2020,$                                                       74.95,,,,,,,,,,1.08%,$             74.95,0.81,,,,,,,,1.27%,,,0,,-0.18%,,,,,,,,,,,,
,,,,,,,,,,,,,,,,,,2020,1/7/2020,$                                                       74.60,,,,,,,,,,1.08%,$             74.60,0.81,,,,,,,,1.27%,,,0,,-0.65%,,,,,,,,,,,,
,,,,,,,,,,,,,,,,,,2020,1/8/2020,$                                                       75.80,,,,,,,,,,1.07%,$             75.80,0.81,,,,,,,,1.25%,,,0,,0.00%,,,,,,,,,,,,
,,,,,,,,,,,,,,,,,,2020,1/9/2020,$                                                        77.41,,,,,,,,,,1.04%,$              77.41,0.81,,,,,,,,1.23%,,,0,,0.00%,,,,,,,,,,,,
,,,,,,,,,,,,,,,,,,2020,1/10/2020,$                                                       77.58,,,,,,,,,,1.04%,$             77.58,0.81,,,,,,,,1.22%,,,0,,0.00%,,,,,,,,,,,,
,,,,,,,,,,,,,,,,,,2020,1/13/2020,$                                                       79.24,,,,,,,,,,1.02%,$             79.24,0.81,,,,,,,,1.20%,,,0,,0.00%,,,,,,,,,,,,
,,,,,,,,,,,,,,,,,,2020,1/14/2020,$                                                        78.17,,,,,,,,,,1.03%,$              78.17,0.81,,,,,,,,1.22%,,,0,,-1.35%,,,,,,,,,,,,
,,,,,,,,,,,,,,,,,,2020,1/15/2020,$                                                       77.84,,,,,,,,,,,$             77.84,,,,,,,,,1.22%,,,0,,-1.77%,,,,,,,,,,,,
,,,,,,,,,,,,,,,,,,2020,1/16/2020,$                                                        78.81,,,,,,,,,,1.02%,$              78.81,0.81,,,,,,,,1.21%,,,0,,-0.54%,,,,,,,,,,,,
,,,,,,,,,,,,,,,,,,2020,1/17/2020,$                                                       79.68,,,,,,,,,,1.01%,$             79.68,0.81,,,,,,,,1.19%,,,0,,0.00%,,,,,,,,,,,,
,,,,,,,,,,,,,,,,,,2020,1/21/2020,$                                                        79.14,,,,,,,,,,1.02%,$              79.14,0.81,,,,,,,,1.20%,,,0,,-0.68%,,,,,,,,,,,,
,,,,,,,,,,,,,,,,,,2020,1/22/2020,$                                                       79.43,,,,,,,,,,1.02%,$             79.43,0.81,,,,,,,,1.20%,,,0,,-0.32%,,,,,,,,,,,,
,,,,,,,,,,,,,,,,,,2020,1/23/2020,$                                                        79.81,,,,,,,,,,1.01%,$              79.81,0.81,,,,,,,,1.19%,,,0,,0.00%,,,,,,,,,,,,
,,,,,,,,,,,,,,,,,,2020,1/24/2020,$                                                       79.58,,,,,,,,,,1.01%,$             79.58,0.81,,,,,,,,1.19%,,,0,,-0.29%,,,,,,,,,,,,
,,,,,,,,,,,,,,,,,,2020,1/27/2020,$                                                       77.24,,,,,,,,,,1.05%,$             77.24,0.81,,,,,,,,1.23%,,,0,,-3.22%,,,,,,,,,,,,
,,,,,,,,,,,,,,,,,,2020,1/28/2020,$                                                       79.42,,,,,,,,,,1.02%,$             79.42,0.81,,,,,,,,1.20%,,,0,,-0.48%,,,,,,,,,,,,
,,,,,,,,,,,,,,,,,,2020,1/29/2020,$                                                        81.09,,,,,,,,,,1.00%,$              81.09,0.81,,,,,,,,1.17%,,,0,,0.00%,,,,,,,,,,,,
,,,,,,,,,,,,,,,,,,2020,1/30/2020,$                                                       80.97,,,,,,,,,,1.00%,$             80.97,0.81,,,,,,,,1.17%,,,0,,-0.14%,,,,,,,,,,,,
,,,,,,,,,,,,,,,,,,2020,1/31/2020,$                                                       77.38,,,,,,,,,,1.04%,$             77.38,0.81,,,,,,,,1.23%,,,0,,-4.57%,,,,,,,,,,,,
,,,,,,,,,,,,,,,,,,2020,2/3/2020,$                                                        77.17,,,,,,,,,,1.05%,$              77.17,0.81,,,,,,,,1.23%,,,0,,-4.83%,,,,,,,,,,,,
,,,,,,,,,,,,,,,,,,2020,2/4/2020,$                                                        79.71,,,,,,,,,,1.01%,$              79.71,0.81,,,,,,,,1.19%,,,0,,-1.69%,,,,,,,,,,,,
,,,,,,,,,,,,,,,,,,2020,2/5/2020,$                                                       80.36,,,,,,,,,,1.00%,$             80.36,0.81,,,,,,,,1.18%,,,0,,-0.89%,,,,,,,,,,,,
,,,,,,,,,,,,,,,,,,2020,2/6/2020,$                                                        81.30,,,,,,,,,,0.99%,$              81.30,0.81,,,,,,,,1.17%,,,0,,0.00%,,,,,,,,,,,,
,,,,,,,,,,,,,,,,,,2020,2/7/2020,$                                                        80.01,,,,,,,,,,1.01%,$              80.01,0.81,,,,,,,,1.19%,,,0,,-1.59%,,,,,,,,,,,,
,,,,,,,,,,,,,,,,,,2020,2/10/2020,$                                                       80.39,,,,,,,,,,1.00%,$             80.39,0.81,,,,,,,,1.18%,,,0,,-1.13%,,,,,,,,,,,,
,,,,,,,,,,,,,,,,,,2020,2/11/2020,$                                                       79.90,,,,,,,,,,1.01%,$             79.90,0.81,,,,,,,,1.19%,,,0,,-1.72%,,,,,,,,,,,,
,,,,,,,,,,,,,,,,,,2020,2/12/2020,$                                                        81.80,,,,,,,,,,0.99%,$              81.80,0.81,,,,,,,,1.16%,,,0,,0.00%,,,,,,,,,,,,
,,,,,,,,,,,,,,,,,,2020,2/13/2020,$                                                        81.22,,,,,,,,,,0.99%,$              81.22,0.81,,,,,,,,1.17%,,,0,,-0.71%,,,,,,,,,,,,
,,,,,,,,,,,,,,,,,,2020,2/14/2020,$                                                        81.24,,,,,,,,,,0.99%,$              81.24,0.81,,,,,,,,1.17%,,,0,,-0.69%,,,,,,,,,,,,
,,,,,,,,,,,,,,,,,,2020,2/18/2020,$                                                       79.75,,,,,,,,,,1.01%,$             79.75,0.81,,,,,,,,1.19%,,,0,,-2.51%,,,,,,,,,,,,
,,,,,,,,,,,,,,,,,,2020,2/19/2020,$                                                        80.91,,,,,,,,,,1.00%,$              80.91,0.81,,,,,,,,1.17%,,,0,,-1.09%,,,,,,,,,,,,
,,,,,,,,,,,,,,,,,,2020,2/20/2020,$                                                       80.08,,,,,,,,,,1.01%,$             80.08,0.81,,,,,,,,1.19%,,,0,,-2.11%,,,,,,,,,,,,
,,,,,,,,,,,,,,,,,,2020,2/21/2020,$                                                       78.26,,,,,,,,,,1.03%,$             78.26,0.81,,,,,,,,1.21%,,,0,,-4.32%,,,,,,,,,,,,
,,,,,,,,,,,,,,,,,,2020,2/24/2020,$                                                       74.55,,,,,,,,,,1.08%,$             74.55,0.81,,,,,,,,1.27%,,,0,,-8.87%,,,,,,,,,,,,
,,,,,,,,,,,,,,,,,,2020,2/25/2020,$                                                       72.02,,,,,,,,,,1.12%,$             72.02,0.81,,,,,,,,1.32%,,,0,,-11.96%,,,,,,,,,,,,
,,,,,,,,,,,,,,,,,,2020,2/26/2020,$                                                        73.16,,,,,,,,,,1.10%,$              73.16,0.81,,,,,,,,1.30%,,,0,,-10.56%,,,,,,,,,,,,
,,,,,,,,,,,,,,,,,,2020,2/27/2020,$                                                       68.38,,,,,,,,,,1.18%,$             68.38,0.81,,,,,,,,1.39%,,,0,,-16.41%,,,,,,,,,,,,
,,,,,,,,,,,,,,,,,,2020,2/28/2020,$                                                       68.34,,,,,,,,,,1.18%,$             68.34,0.81,,,,,,,,1.39%,,,0,,-16.45%,,,,,,,,,,,,
,,,,,,,,,,,,,,,,,,2020,3/2/2020,$                                                       74.70,,,,,,,,,,1.08%,$             74.70,0.81,,,,,,,,1.27%,,,0,,-8.68%,,,,,,,,,,,,
,,,,,,,,,,,,,,,,,,2020,3/3/2020,$                                                       72.33,,,,,,,,,,1.12%,$             72.33,0.81,,,,,,,,1.31%,,,0,,-11.58%,,,,,,,,,,,,
,,,,,,,,,,,,,,,,,,2020,3/4/2020,$                                                       75.69,,,,,,,,,,1.07%,$             75.69,0.81,,,,,,,,1.26%,,,0,,-7.48%,,,,,,,,,,,,
,,,,,,,,,,,,,,,,,,2020,3/5/2020,$                                                       73.23,,,,,,,,,,1.10%,$             73.23,0.81,,,,,,,,1.30%,,,0,,-10.48%,,,,,,,,,,,,
,,,,,,,,,,,,,,,,,,2020,3/6/2020,$                                                       72.26,,,,,,,,,,1.12%,$             72.26,0.81,,,,,,,,1.31%,,,0,,-11.67%,,,,,,,,,,,,
,,,,,,,,,,,,,,,,,,2020,3/9/2020,$                                                       66.54,,,,,,,,,,1.21%,$             66.54,0.81,,,,,,,,1.43%,,,0,,-18.65%,,,,,,,,,,,,
,,,,,,,,,,,,,,,,,,2020,3/10/2020,$                                                        71.34,,,,,,,,,,1.13%,$              71.34,0.81,,,,,,,,1.33%,,,0,,-12.79%,,,,,,,,,,,,
,,,,,,,,,,,,,,,,,,2020,3/11/2020,$                                                       68.86,,,,,,,,,,1.17%,$             68.86,0.81,,,,,,,,1.38%,,,0,,-15.82%,,,,,,,,,,,,
,,,,,,,,,,,,,,,,,,2020,3/12/2020,$                                                       62.06,,,,,,,,,,1.30%,$             62.06,0.81,,,,,,,,1.53%,,,0,,-24.14%,,,,,,,,,,,,
,,,,,,,,,,,,,,,,,,2020,3/13/2020,$                                                       69.49,,,,,,,,,,1.16%,$             69.49,0.81,,,,,,,,1.37%,,,0,,-15.05%,,,,,,,,,,,,
,,,,,,,,,,,,,,,,,,2020,3/16/2020,$                                                       60.55,,,,,,,,,,1.33%,$             60.55,0.81,,,,,,,,1.57%,,,0,,-25.97%,,,,,,,,,,,,
,,,,,,,,,,,,,,,,,,2020,3/17/2020,$                                                       63.22,,,,,,,,,,1.28%,$             63.22,0.81,,,,,,,,1.50%,,,0,,-22.72%,,,,,,,,,,,,
,,,,,,,,,,,,,,,,,,2020,3/18/2020,$                                                        61.67,,,,,,,,,,1.31%,$              61.67,0.81,,,,,,,,1.54%,,,0,,-24.61%,,,,,,,,,,,,
,,,,,,,,,,,,,,,,,,2020,3/19/2020,$                                                        61.20,,,,,,,,,,1.32%,$              61.20,0.81,,,,,,,,1.55%,,,0,,-25.19%,,,,,,,,,,,,
,,,,,,,,,,,,,,,,,,2020,3/20/2020,$                                                        57.31,,,,,,,,,,,$              57.31,,,,,,,,,1.66%,,,0,,-29.94%,,,,,,,,,,,,
,,,,,,,,,,,,,,,,,,2020,3/23/2020,$                                                       56.09,,,,,,,,,,1.44%,$             56.09,0.81,,,,,,,,1.69%,,,0,,-31.43%,,,,,,,,,,,,
,,,,,,,,,,,,,,,,,,2020,3/24/2020,$                                                        61.72,,,,,,,,,,1.31%,$              61.72,0.81,,,,,,,,1.54%,,,0,,-24.55%,,,,,,,,,,,,
,,,,,,,,,,,,,,,,,,2020,3/25/2020,$                                                        61.38,,,,,,,,,,1.32%,$              61.38,0.81,,,,,,,,1.55%,,,0,,-24.96%,,,,,,,,,,,,
,,,,,,,,,,,,,,,,,,2020,3/26/2020,$                                                        64.61,,,,,,,,,,1.25%,$              64.61,0.81,,,,,,,,1.47%,,,0,,-21.01%,,,,,,,,,,,,
,,,,,,,,,,,,,,,,,,2020,3/27/2020,$                                                        61.94,,,,,,,,,,1.30%,$              61.94,0.81,,,,,,,,1.53%,,,0,,-24.28%,,,,,,,,,,,,
,,,,,,,,,,,,,,,,,,2020,3/30/2020,$                                                       63.70,,,,,,,,,,1.27%,$             63.70,0.81,,,,,,,,1.49%,,,0,,-22.12%,,,,,,,,,,,,
,,,,,,,,,,,,,,,,,,2020,3/31/2020,$                                                       63.57,,,,,,,,,,1.27%,$             63.57,0.81,,,,,,,,1.49%,,,0,,-22.28%,,,,,,,,,,,,
,,,,,,,,,,,,,,,,,,2020,4/1/2020,$                                                       60.23,,,,,,,,,,1.34%,$             60.23,0.81,,,,,,,,1.58%,,,0,,-26.37%,,,,,,,,,,,,
,,,,,,,,,,,,,,,,,,2020,4/2/2020,$                                                        61.23,,,,,,,,,,1.32%,$              61.23,0.81,,,,,,,,1.55%,,,0,,-25.14%,,,,,,,,,,,,
,,,,,,,,,,,,,,,,,,2020,4/3/2020,$                                                       60.35,,,,,,,,,,1.34%,$             60.35,0.81,,,,,,,,1.57%,,,0,,-26.22%,,,,,,,,,,,,
,,,,,,,,,,,,,,,,,,2020,4/6/2020,$                                                       65.62,,,,,,,,,,1.23%,$             65.62,0.81,,,,,,,,1.45%,,,0,,-19.78%,,,,,,,,,,,,
,,,,,,,,,,,,,,,,,,2020,4/7/2020,$                                                       64.86,,,,,,,,,,1.25%,$             64.86,0.81,,,,,,,,1.46%,,,0,,-20.71%,,,,,,,,,,,,
,,,,,,,,,,,,,,,,,,2020,4/8/2020,$                                                       66.52,,,,,,,,,,1.21%,$             66.52,0.81,,,,,,,,1.43%,,,0,,-18.68%,,,,,,,,,,,,
,,,,,,,,,,,,,,,,,,2020,4/9/2020,$                                                       67.00,,,,,,,,,,1.21%,$             67.00,0.81,,,,,,,,1.42%,,,0,,-18.10%,,,,,,,,,,,,
,,,,,,,,,,,,,,,,,,2020,4/13/2020,$                                                        68.31,,,,,,,,,,1.18%,$              68.31,0.81,,,,,,,,1.39%,,,0,,-16.49%,,,,,,,,,,,,
,,,,,,,,,,,,,,,,,,2020,4/14/2020,$                                                        71.76,,,,,,,,,,1.13%,$              71.76,0.81,,,,,,,,1.32%,,,0,,-12.27%,,,,,,,,,,,,
,,,,,,,,,,,,,,,,,,2020,4/15/2020,$                                                          71.11,,,,,,,,,,1.14%,$                71.11,0.81,,,,,,,,1.34%,,,0,,-13.07%,,,,,,,,,,,,
,,,,,,,,,,,,,,,,,,2020,4/16/2020,$                                                        71.67,,,,,,,,,,1.13%,$              71.67,0.81,,,,,,,,1.33%,,,0,,-12.38%,,,,,,,,,,,,
,,,,,,,,,,,,,,,,,,2020,4/17/2020,$                                                       70.70,,,,,,,,,,1.14%,$             70.70,0.81,,,,,,,,1.34%,,,0,,-13.57%,,,,,,,,,,,,
,,,,,,,,,,,,,,,,,,2020,4/20/2020,$                                                       69.23,,,,,,,,,,1.17%,$             69.23,0.81,,,,,,,,1.37%,,,0,,-15.36%,,,,,,,,,,,,
,,,,,,,,,,,,,,,,,,2020,4/21/2020,$                                                       67.09,,,,,,,,,,1.20%,$             67.09,0.81,,,,,,,,1.42%,,,0,,-17.98%,,,,,,,,,,,,
,,,,,,,,,,,,,,,,,,2020,4/22/2020,$                                                       69.03,,,,,,,,,,1.17%,$             69.03,0.81,,,,,,,,1.38%,,,0,,-15.62%,,,,,,,,,,,,
,,,,,,,,,,,,,,,,,,2020,4/23/2020,$                                                       68.76,,,,,,,,,,1.17%,$             68.76,0.81,,,,,,,,1.38%,,,0,,-15.94%,,,,,,,,,,,,
,,,,,,,,,,,,,,,,,,2020,4/24/2020,$                                                       70.74,,,,,,,,,,1.14%,$             70.74,0.81,,,,,,,,1.34%,,,0,,-13.52%,,,,,,,,,,,,
,,,,,,,,,,,,,,,,,,2020,4/27/2020,$                                                       70.79,,,,,,,,,,1.14%,$             70.79,0.81,,,,,,,,1.34%,,,0,,-13.46%,,,,,,,,,,,,
,,,,,,,,,,,,,,,,,,2020,4/28/2020,$                                                       69.65,,,,,,,,,,1.16%,$             69.65,0.81,,,,,,,,1.36%,,,0,,-14.86%,,,,,,,,,,,,
,,,,,,,,,,,,,,,,,,2020,4/29/2020,$                                                        71.93,,,,,,,,,,1.12%,$              71.93,0.81,,,,,,,,1.32%,,,0,,-12.06%,,,,,,,,,,,,
,,,,,,,,,,,,,,,,,,2020,4/30/2020,$                                                       73.45,,,,,,,,,,1.10%,$             73.45,0.81,,,,,,,,1.29%,,,0,,-10.21%,,,,,,,,,,,,
,,,,,,,,,,,,,,,,,,2020,5/1/2020,$                                                       72.27,,,,,,,,,,1.12%,$             72.27,0.81,,,,,,,,1.31%,,,0,,-11.65%,,,,,,,,,,,,
,,,,,,,,,,,,,,,,,,2020,5/4/2020,$                                                       73.29,,,,,,,,,,1.10%,$             73.29,0.81,,,,,,,,1.30%,,,0,,-10.40%,,,,,,,,,,,,
,,,,,,,,,,,,,,,,,,2020,5/5/2020,$                                                       74.39,,,,,,,,,,1.09%,$             74.39,0.81,,,,,,,,1.28%,,,0,,-9.06%,,,,,,,,,,,,
,,,,,,,,,,,,,,,,,,2020,5/6/2020,$                                                        75.16,,,,,,,,,,1.07%,$              75.16,0.81,,,,,,,,1.26%,,,0,,-8.12%,,,,,,,,,,,,
,,,,,,,,,,,,,,,,,,2020,5/7/2020,$                                                       75.94,,,,,,,,,,1.06%,$             75.94,0.81,,,,,,,,1.25%,,,0,,-7.17%,,,,,,,,,,,,
,,,,,,,,,,,,,,,,,,2020,5/8/2020,$                                                       77.53,,,,,,,,,,1.04%,$             77.53,0.81,,,,,,,,1.23%,,,0,,-5.22%,,,,,,,,,,,,
,,,,,,,,,,,,,,,,,,2020,5/11/2020,$                                                       78.75,,,,,,,,,,1.03%,$             78.75,0.81,,,,,,,,1.21%,,,0,,-3.73%,,,,,,,,,,,,
,,,,,,,,,,,,,,,,,,2020,5/12/2020,$                                                       77.85,,,,,,,,,,1.04%,$             77.85,0.81,,,,,,,,1.22%,,,0,,-4.83%,,,,,,,,,,,,
,,,,,,,,,,,,,,,,,,2020,5/13/2020,$                                                        76.91,,,,,,,,,,1.05%,$              76.91,0.81,,,,,,,,1.24%,,,0,,-5.97%,,,,,,,,,,,,
,,,,,,,,,,,,,,,,,,2020,5/14/2020,$                                                       77.39,,,,,,,,,,1.04%,$             77.39,0.81,,,,,,,,1.23%,,,0,,-5.40%,,,,,,,,,,,,
,,,,,,,,,,,,,,,,,,2020,5/15/2020,$                                                       76.93,,,,,,,,,,1.05%,$             76.93,0.81,,,,,,,,1.23%,,,0,,-5.96%,,,,,,,,,,,,
,,,,,,,,,,,,,,,,,,2020,5/18/2020,$                                                       78.74,,,,,,,,,,1.03%,$             78.74,0.81,,,,,,,,1.21%,,,0,,-3.74%,,,,,,,,,,,,
,,,,,,,,,,,,,,,,,,2020,5/19/2020,$                                                       78.29,,,,,,,,,,1.03%,$             78.29,0.81,,,,,,,,1.21%,,,0,,-4.30%,,,,,,,,,,,,
,,,,,,,,,,,,,,,,,,2020,5/20/2020,$                                                        79.81,,,,,,,,,,1.01%,$              79.81,0.81,,,,,,,,1.19%,,,0,,-2.44%,,,,,,,,,,,,
,,,,,,,,,,,,,,,,,,2020,5/21/2020,$                                                        79.21,,,,,,,,,,1.02%,$              79.21,0.81,,,,,,,,1.20%,,,0,,-3.16%,,,,,,,,,,,,
,,,,,,,,,,,,,,,,,,2020,5/22/2020,$                                                       79.72,,,,,,,,,,1.01%,$             79.72,0.81,,,,,,,,1.19%,,,0,,-2.54%,,,,,,,,,,,,
,,,,,,,,,,,,,,,,,,2020,5/26/2020,$                                                        79.18,,,,,,,,,,1.02%,$              79.18,0.81,,,,,,,,1.20%,,,0,,-3.20%,,,,,,,,,,,,
,,,,,,,,,,,,,,,,,,2020,5/27/2020,$                                                       79.53,,,,,,,,,,1.02%,$             79.53,0.81,,,,,,,,1.19%,,,0,,-2.78%,,,,,,,,,,,,
,,,,,,,,,,,,,,,,,,2020,5/28/2020,$                                                       79.56,,,,,,,,,,1.01%,$             79.56,0.81,,,,,,,,1.19%,,,0,,-2.74%,,,,,,,,,,,,
,,,,,,,,,,,,,,,,,,2020,5/29/2020,$                                                       79.49,,,,,,,,,,1.02%,$             79.49,0.81,,,,,,,,1.20%,,,0,,-2.83%,,,,,,,,,,,,
,,,,,,,,,,,,,,,,,,2020,6/1/2020,$                                                       80.46,,,,,,,,,,1.00%,$             80.46,0.81,,,,,,,,1.18%,,,0,,-1.64%,,,,,,,,,,,,
,,,,,,,,,,,,,,,,,,2020,6/2/2020,$                                                       80.84,,,,,,,,,,1.00%,$             80.84,0.81,,,,,,,,1.18%,,,0,,-1.18%,,,,,,,,,,,,
,,,,,,,,,,,,,,,,,,2020,6/3/2020,$                                                        81.28,,,,,,,,,,0.99%,$              81.28,0.81,,,,,,,,1.17%,,,0,,-0.64%,,,,,,,,,,,,
,,,,,,,,,,,,,,,,,,2020,6/4/2020,$                                                       80.58,,,,,,,,,,1.00%,$             80.58,0.81,,,,,,,,1.18%,,,0,,-1.49%,,,,,,,,,,,,
,,,,,,,,,,,,,,,,,,2020,6/5/2020,$                                                       82.88,,,,,,,,,,0.97%,$             82.88,0.81,,,,,,,,1.15%,,,0,,0.00%,,,,,,,,,,,,
,,,,,,,,,,,,,,,,,,2020,6/8/2020,$                                                       83.37,,,,,,,,,,0.97%,$             83.37,0.81,,,,,,,,1.14%,,,0,,0.00%,,,,,,,,,,,,
,,,,,,,,,,,,,,,,,,2020,6/9/2020,$                                                       86.00,,,,,,,,,,0.94%,$             86.00,0.81,,,,,,,,1.10%,,,0,,0.00%,,,,,,,,,,,,
,,,,,,,,,,,,,,,,,,2020,6/10/2020,$                                                        88.21,,,,,,,,,,,$              88.21,,,,,,,,,1.08%,,,0,,0.00%,,,,,,,,,,,,
,,,,,,,,,,,,,,,,,,2020,6/11/2020,$                                                       83.98,,,,,,,,,,0.96%,$             83.98,0.81,,,,,,,,1.13%,,,0,,-4.80%,,,,,,,,,,,,
,,,,,,,,,,,,,,,,,,2020,6/12/2020,$                                                       84.70,,,,,,,,,,0.95%,$             84.70,0.81,,,,,,,,1.12%,,,0,,-3.98%,,,,,,,,,,,,
,,,,,,,,,,,,,,,,,,2020,6/15/2020,$                                                       85.75,,,,,,,,,,0.94%,$             85.75,0.81,,,,,,,,1.11%,,,0,,-2.79%,,,,,,,,,,,,
,,,,,,,,,,,,,,,,,,2020,6/16/2020,$                                                       88.02,,,,,,,,,,0.92%,$             88.02,0.81,,,,,,,,1.08%,,,0,,-0.22%,,,,,,,,,,,,
,,,,,,,,,,,,,,,,,,2020,6/17/2020,$                                                       87.90,,,,,,,,,,0.92%,$             87.90,0.81,,,,,,,,1.08%,,,0,,-0.35%,,,,,,,,,,,,
,,,,,,,,,,,,,,,,,,2020,6/18/2020,$                                                       87.93,,,,,,,,,,0.92%,$             87.93,0.81,,,,,,,,1.08%,,,0,,-0.31%,,,,,,,,,,,,
,,,,,,,,,,,,,,,,,,2020,6/19/2020,$                                                       87.43,,,,,,,,,,0.92%,$             87.43,0.81,,,,,,,,1.09%,,,0,,-0.88%,,,,,,,,,,,,
,,,,,,,,,,,,,,,,,,2020,6/22/2020,$                                                       89.72,,,,,,,,,,0.90%,$             89.72,0.81,,,,,,,,1.06%,,,0,,0.00%,,,,,,,,,,,,
,,,,,,,,,,,,,,,,,,2020,6/23/2020,$                                                        91.63,,,,,,,,,,0.88%,$              91.63,0.81,,,,,,,,1.04%,,,0,,0.00%,,,,,,,,,,,,
,,,,,,,,,,,,,,,,,,2020,6/24/2020,$                                                       90.02,,,,,,,,,,0.90%,$             90.02,0.81,,,,,,,,1.06%,,,0,,-1.77%,,,,,,,,,,,,
,,,,,,,,,,,,,,,,,,2020,6/25/2020,$                                                         91.21,,,,,,,,,,0.89%,$               91.21,0.81,,,,,,,,1.04%,,,0,,-0.46%,,,,,,,,,,,,
,,,,,,,,,,,,,,,,,,2020,6/26/2020,$                                                        88.41,,,,,,,,,,0.91%,$              88.41,0.81,,,,,,,,1.07%,,,0,,-3.52%,,,,,,,,,,,,
,,,,,,,,,,,,,,,,,,2020,6/29/2020,$                                                       90.45,,,,,,,,,,0.89%,$             90.45,0.81,,,,,,,,1.05%,,,0,,-1.30%,,,,,,,,,,,,
,,,,,,,,,,,,,,,,,,2020,6/30/2020,$                                                        91.20,,,,,,,,,,0.89%,$              91.20,0.81,,,,,,,,1.04%,,,0,,-0.47%,,,,,,,,,,,,
,,,,,,,,,,,,,,,,,,2020,7/1/2020,$                                                        91.03,,,,,,,,,,0.89%,$              91.03,0.81,,,,,,,,1.04%,,,0,,-0.66%,,,,,,,,,,,,
,,,,,,,,,,,,,,,,,,2020,7/2/2020,$                                                        91.03,,,,,,,,,,0.89%,$              91.03,0.81,,,,,,,,1.04%,,,0,,-0.66%,,,,,,,,,,,,
,,,,,,,,,,,,,,,,,,2020,7/6/2020,$                                                       93.46,,,,,,,,,,0.86%,$             93.46,0.81,,,,,,,,1.02%,,,0,,0.00%,,,,,,,,,,,,
,,,,,,,,,,,,,,,,,,2020,7/7/2020,$                                                        93.17,,,,,,,,,,0.87%,$              93.17,0.81,,,,,,,,1.02%,,,0,,-0.31%,,,,,,,,,,,,
,,,,,,,,,,,,,,,,,,2020,7/8/2020,$                                                       95.34,,,,,,,,,,0.85%,$             95.34,0.81,,,,,,,,1.00%,,,0,,0.00%,,,,,,,,,,,,
,,,,,,,,,,,,,,,,,,2020,7/9/2020,$                                                       95.68,,,,,,,,,,0.84%,$             95.68,0.81,,,,,,,,0.99%,,,0,,0.00%,,,,,,,,,,,,
,,,,,,,,,,,,,,,,,,2020,7/10/2020,$                                                       95.92,,,,,,,,,,0.84%,$             95.92,0.81,,,,,,,,0.99%,,,0,,0.00%,,,,,,,,,,,,
,,,,,,,,,,,,,,,,,,2020,7/13/2020,$                                                       95.48,,,,,,,,,,0.85%,$             95.48,0.81,,,,,,,,0.99%,,,0,,-0.46%,,,,,,,,,,,,
,,,,,,,,,,,,,,,,,,2020,7/14/2020,$                                                       97.06,,,,,,,,,,0.83%,$             97.06,0.81,,,,,,,,0.98%,,,0,,0.00%,,,,,,,,,,,,
,,,,,,,,,,,,,,,,,,2020,7/15/2020,$                                                       97.73,,,,,,,,,,0.83%,$             97.73,0.81,,,,,,,,0.97%,,,0,,0.00%,,,,,,,,,,,,
,,,,,,,,,,,,,,,,,,2020,7/16/2020,$                                                       96.52,,,,,,,,,,0.84%,$             96.52,0.81,,,,,,,,0.98%,,,0,,-1.23%,,,,,,,,,,,,
,,,,,,,,,,,,,,,,,,2020,7/17/2020,$                                                       96.33,,,,,,,,,,0.84%,$             96.33,0.81,,,,,,,,0.99%,,,0,,-1.43%,,,,,,,,,,,,
,,,,,,,,,,,,,,,,,,2020,7/20/2020,$                                                       98.36,,,,,,,,,,0.82%,$             98.36,0.81,,,,,,,,0.97%,,,0,,0.00%,,,,,,,,,,,,
,,,,,,,,,,,,,,,,,,2020,7/21/2020,$                                                       97.00,,,,,,,,,,0.83%,$             97.00,0.81,,,,,,,,0.98%,,,0,,-1.38%,,,,,,,,,,,,
,,,,,,,,,,,,,,,,,,2020,7/22/2020,$                                                       97.27,,,,,,,,,,0.83%,$             97.27,0.81,,,,,,,,0.98%,,,0,,-1.10%,,,,,,,,,,,,
,,,,,,,,,,,,,,,,,,2020,7/23/2020,$                                                       92.85,,,,,,,,,,0.87%,$             92.85,0.81,,,,,,,,1.02%,,,0,,-5.60%,,,,,,,,,,,,
,,,,,,,,,,,,,,,,,,2020,7/24/2020,$                                                       92.62,,,,,,,,,,0.87%,$             92.62,0.81,,,,,,,,1.03%,,,0,,-5.84%,,,,,,,,,,,,
,,,,,,,,,,,,,,,,,,2020,7/27/2020,$                                                        94.81,,,,,,,,,,0.85%,$              94.81,0.81,,,,,,,,1.00%,,,0,,-3.61%,,,,,,,,,,,,
,,,,,,,,,,,,,,,,,,2020,7/28/2020,$                                                       93.25,,,,,,,,,,0.87%,$             93.25,0.81,,,,,,,,1.02%,,,0,,-5.19%,,,,,,,,,,,,
,,,,,,,,,,,,,,,,,,2020,7/29/2020,$                                                       95.04,,,,,,,,,,0.85%,$             95.04,0.81,,,,,,,,1.00%,,,0,,-3.37%,,,,,,,,,,,,
,,,,,,,,,,,,,,,,,,2020,7/30/2020,$                                                        96.19,,,,,,,,,,0.84%,$              96.19,0.81,,,,,,,,0.99%,,,0,,-2.20%,,,,,,,,,,,,
,,,,,,,,,,,,,,,,,,2020,7/31/2020,$                                                     106.26,,,,,,,,,,0.76%,$           106.26,0.81,,,,,,,,0.89%,,,0,,0.00%,,,,,,,,,,,,
,,,,,,,,,,,,,,,,,,2020,8/3/2020,$                                                     108.94,,,,,,,,,,0.74%,$           108.94,0.81,,,,,,,,0.87%,,,0,,0.00%,,,,,,,,,,,,
,,,,,,,,,,,,,,,,,,2020,8/4/2020,$                                                     109.67,,,,,,,,,,0.74%,$           109.67,0.81,,,,,,,,0.87%,,,0,,0.00%,,,,,,,,,,,,
,,,,,,,,,,,,,,,,,,2020,8/5/2020,$                                                      110.06,,,,,,,,,,0.73%,$            110.06,0.81,,,,,,,,0.86%,,,0,,0.00%,,,,,,,,,,,,
,,,,,,,,,,,,,,,,,,2020,8/6/2020,$                                                      113.90,,,,,,,,,,0.71%,$            113.90,0.81,,,,,,,,0.83%,,,0,,0.00%,,,,,,,,,,,,
,,,,,,,,,,,,,,,,,,2020,8/7/2020,$                                                         111.11,,,,,,,,,,0.73%,$               111.11,0.81,,,,,,,,0.85%,,,0,,-2.45%,,,,,,,,,,,,
,,,,,,,,,,,,,,,,,,2020,8/10/2020,$                                                      112.73,,,,,,,,,,0.72%,$            112.73,0.81,,,,,,,,0.84%,,,0,,-1.03%,,,,,,,,,,,,
,,,,,,,,,,,,,,,,,,2020,8/11/2020,$                                                     109.38,,,,,,,,,,0.74%,$           109.38,0.81,,,,,,,,0.87%,,,0,,-3.97%,,,,,,,,,,,,
,,,,,,,,,,,,,,,,,,2020,8/12/2020,$                                                       113.01,,,,,,,,,,0.71%,$             113.01,0.81,,,,,,,,0.84%,,,0,,-0.78%,,,,,,,,,,,,
,,,,,,,,,,,,,,,,,,2020,8/13/2020,$                                                       115.01,,,,,,,,,,0.70%,$             115.01,0.81,,,,,,,,0.83%,,,0,,0.00%,,,,,,,,,,,,
,,,,,,,,,,,,,,,,,,2020,8/14/2020,$                                                       114.91,,,,,,,,,,0.70%,$             114.91,0.81,,,,,,,,0.83%,,,0,,-0.09%,,,,,,,,,,,,
,,,,,,,,,,,,,,,,,,2020,8/17/2020,$                                                       114.61,,,,,,,,,,0.70%,$             114.61,0.81,,,,,,,,0.83%,,,0,,-0.35%,,,,,,,,,,,,
,,,,,,,,,,,,,,,,,,2020,8/18/2020,$                                                      115.56,,,,,,,,,,0.70%,$            115.56,0.81,,,,,,,,0.82%,,,0,,0.00%,,,,,,,,,,,,
,,,,,,,,,,,,,,,,,,2020,8/19/2020,$                                                       115.71,,,,,,,,,,0.70%,$             115.71,0.81,,,,,,,,0.82%,,,0,,0.00%,,,,,,,,,,,,
,,,,,,,,,,,,,,,,,,2020,8/20/2020,$                                                      118.28,,,,,,,,,,0.68%,$            118.28,0.81,,,,,,,,0.80%,,,0,,0.00%,,,,,,,,,,,,
,,,,,,,,,,,,,,,,,,2020,8/21/2020,$                                                     124.37,,,,,,,,,,0.65%,$           124.37,0.81,,,,,,,,0.76%,,,0,,0.00%,,,,,,,,,,,,
,,,,,,,,,,,,,,,,,,2020,8/24/2020,$                                                     125.86,,,,,,,,,,,$           125.86,,,,,,,,,0.75%,,,0,,0.00%,,,,,,,,,,,,
,,,,,,,,,,,,,,,,,,2020,8/25/2020,$                                                     124.83,,,,,,,,,,0.65%,$           124.83,0.81,,,,,,,,0.76%,,,0,,-0.82%,,,,,,,,,,,,
,,,,,,,,,,,,,,,,,,2020,8/26/2020,$                                                     126.52,,,,,,,,,,0.64%,$           126.52,0.81,,,,,,,,0.75%,,,0,,0.00%,,,,,,,,,,,,
,,,,,,,,,,,,,,,,,,2020,8/27/2020,$                                                      125.01,,,,,,,,,,0.65%,$            125.01,0.81,,,,,,,,0.76%,,,0,,-1.20%,,,,,,,,,,,,
,,,,,,,,,,,,,,,,,,2020,8/28/2020,$                                                      124.81,,,,,,,,,,0.65%,$            124.81,0.81,,,,,,,,0.76%,,,0,,-1.36%,,,,,,,,,,,,
,,,,,,,,,,,,,,,,,,2020,8/31/2020,$                                                     129.04,,,,,,,,,,0.63%,$           129.04,0.81,,,,,,,,0.74%,,,0,,0.00%,,,,,,,,,,,,
,,,,,,,,,,,,,,,,,,2020,9/1/2020,$                                                      134.18,,,,,,,,,,0.60%,$            134.18,0.81,,,,,,,,0.71%,,,0,,0.00%,,,,,,,,,,,,
,,,,,,,,,,,,,,,,,,2020,9/2/2020,$                                                      131.40,,,,,,,,,,0.61%,$            131.40,0.81,,,,,,,,0.72%,,,0,,-2.07%,,,,,,,,,,,,
,,,,,,,,,,,,,,,,,,2020,9/3/2020,$                                                     120.88,,,,,,,,,,0.67%,$           120.88,0.81,,,,,,,,0.79%,,,0,,-9.91%,,,,,,,,,,,,
,,,,,,,,,,,,,,,,,,2020,9/4/2020,$                                                     120.96,,,,,,,,,,0.67%,$           120.96,0.81,,,,,,,,0.79%,,,0,,-9.85%,,,,,,,,,,,,
,,,,,,,,,,,,,,,,,,2020,9/8/2020,$                                                      112.82,,,,,,,,,,0.72%,$            112.82,0.81,,,,,,,,0.84%,,,0,,-15.92%,,,,,,,,,,,,
,,,,,,,,,,,,,,,,,,2020,9/9/2020,$                                                      117.32,,,,,,,,,,0.69%,$            117.32,0.81,,,,,,,,0.81%,,,0,,-12.57%,,,,,,,,,,,,
,,,,,,,,,,,,,,,,,,2020,9/10/2020,$                                                      113.49,,,,,,,,,,0.71%,$            113.49,0.81,,,,,,,,0.84%,,,0,,-15.42%,,,,,,,,,,,,
,,,,,,,,,,,,,,,,,,2020,9/11/2020,$                                                      112.00,,,,,,,,,,0.72%,$            112.00,0.81,,,,,,,,0.85%,,,0,,-16.53%,,,,,,,,,,,,
,,,,,,,,,,,,,,,,,,2020,9/14/2020,$                                                      115.36,,,,,,,,,,0.70%,$            115.36,0.81,,,,,,,,0.82%,,,0,,-14.03%,,,,,,,,,,,,
,,,,,,,,,,,,,,,,,,2020,9/15/2020,$                                                      115.54,,,,,,,,,,0.70%,$            115.54,0.81,,,,,,,,0.82%,,,0,,-13.89%,,,,,,,,,,,,
,,,,,,,,,,,,,,,,,,2020,9/16/2020,$                                                       112.13,,,,,,,,,,0.72%,$             112.13,0.81,,,,,,,,0.85%,,,0,,-16.43%,,,,,,,,,,,,
,,,,,,,,,,,,,,,,,,2020,9/17/2020,$                                                      110.34,,,,,,,,,,0.73%,$            110.34,0.81,,,,,,,,0.86%,,,0,,-17.77%,,,,,,,,,,,,
,,,,,,,,,,,,,,,,,,2020,9/18/2020,$                                                     106.84,,,,,,,,,,0.76%,$           106.84,0.81,,,,,,,,0.89%,,,0,,-20.38%,,,,,,,,,,,,
,,,,,,,,,,,,,,,,,,2020,9/21/2020,$                                                      110.08,,,,,,,,,,0.73%,$            110.08,0.81,,,,,,,,0.86%,,,0,,-17.96%,,,,,,,,,,,,
,,,,,,,,,,,,,,,,,,2020,9/22/2020,$                                                        111.81,,,,,,,,,,0.72%,$              111.81,0.81,,,,,,,,0.85%,,,0,,-16.67%,,,,,,,,,,,,
,,,,,,,,,,,,,,,,,,2020,9/23/2020,$                                                      107.12,,,,,,,,,,0.75%,$            107.12,0.81,,,,,,,,0.89%,,,0,,-20.17%,,,,,,,,,,,,
,,,,,,,,,,,,,,,,,,2020,9/24/2020,$                                                     108.22,,,,,,,,,,0.75%,$           108.22,0.81,,,,,,,,0.88%,,,0,,-19.35%,,,,,,,,,,,,
,,,,,,,,,,,,,,,,,,2020,9/25/2020,$                                                      112.28,,,,,,,,,,0.72%,$            112.28,0.81,,,,,,,,0.85%,,,0,,-16.32%,,,,,,,,,,,,
,,,,,,,,,,,,,,,,,,2020,9/28/2020,$                                                      114.96,,,,,,,,,,0.70%,$            114.96,0.81,,,,,,,,0.83%,,,0,,-14.32%,,,,,,,,,,,,
,,,,,,,,,,,,,,,,,,2020,9/29/2020,$                                                      114.09,,,,,,,,,,0.71%,$            114.09,0.81,,,,,,,,0.83%,,,0,,-14.97%,,,,,,,,,,,,
,,,,,,,,,,,,,,,,,,2020,9/30/2020,$                                                       115.81,,,,,,,,,,0.70%,$             115.81,0.81,,,,,,,,0.82%,,,0,,-13.69%,,,,,,,,,,,,
,,,,,,,,,,,,,,,,,,2020,10/1/2020,$                                                      116.79,,,,,,,,,,0.69%,$            116.79,0.81,,,,,,,,0.81%,,,0,,-12.96%,,,,,,,,,,,,
,,,,,,,,,,,,,,,,,,2020,10/2/2020,$                                                      113.02,,,,,,,,,,0.71%,$            113.02,0.81,,,,,,,,0.84%,,,0,,-15.77%,,,,,,,,,,,,
,,,,,,,,,,,,,,,,,,2020,10/5/2020,$                                                      116.50,,,,,,,,,,0.69%,$            116.50,0.81,,,,,,,,0.82%,,,0,,-13.18%,,,,,,,,,,,,
,,,,,,,,,,,,,,,,,,2020,10/6/2020,$                                                       113.16,,,,,,,,,,0.71%,$             113.16,0.81,,,,,,,,0.84%,,,0,,-15.67%,,,,,,,,,,,,
,,,,,,,,,,,,,,,,,,2020,10/7/2020,$                                                      115.08,,,,,,,,,,0.70%,$            115.08,0.81,,,,,,,,0.83%,,,0,,-14.23%,,,,,,,,,,,,
,,,,,,,,,,,,,,,,,,2020,10/8/2020,$                                                      114.97,,,,,,,,,,0.70%,$            114.97,0.81,,,,,,,,0.83%,,,0,,-14.32%,,,,,,,,,,,,
,,,,,,,,,,,,,,,,,,2020,10/9/2020,$                                                      116.97,,,,,,,,,,0.69%,$            116.97,0.81,,,,,,,,0.81%,,,0,,-12.83%,,,,,,,,,,,,
,,,,,,,,,,,,,,,,,,2020,10/12/2020,$                                                     124.40,,,,,,,,,,0.65%,$           124.40,0.81,,,,,,,,0.76%,,,0,,-7.29%,,,,,,,,,,,,
,,,,,,,,,,,,,,,,,,2020,10/13/2020,$                                                       121.10,,,,,,,,,,0.67%,$             121.10,0.81,,,,,,,,0.78%,,,0,,-9.75%,,,,,,,,,,,,
,,,,,,,,,,,,,,,,,,2020,10/14/2020,$                                                       121.19,,,,,,,,,,0.67%,$             121.19,0.81,,,,,,,,0.78%,,,0,,-9.68%,,,,,,,,,,,,
,,,,,,,,,,,,,,,,,,2020,10/15/2020,$                                                      120.71,,,,,,,,,,0.67%,$            120.71,0.81,,,,,,,,0.79%,,,0,,-10.04%,,,,,,,,,,,,
,,,,,,,,,,,,,,,,,,2020,10/16/2020,$                                                      119.02,,,,,,,,,,0.68%,$            119.02,0.81,,,,,,,,0.80%,,,0,,-11.30%,,,,,,,,,,,,
,,,,,,,,,,,,,,,,,,2020,10/19/2020,$                                                      115.98,,,,,,,,,,0.70%,$            115.98,0.81,,,,,,,,0.82%,,,0,,-13.56%,,,,,,,,,,,,
,,,,,,,,,,,,,,,,,,2020,10/20/2020,$                                                       117.51,,,,,,,,,,0.69%,$             117.51,0.81,,,,,,,,0.81%,,,0,,-12.42%,,,,,,,,,,,,
,,,,,,,,,,,,,,,,,,2020,10/21/2020,$                                                      116.87,,,,,,,,,,0.69%,$            116.87,0.81,,,,,,,,0.81%,,,0,,-12.90%,,,,,,,,,,,,
,,,,,,,,,,,,,,,,,,2020,10/22/2020,$                                                      115.75,,,,,,,,,,0.70%,$            115.75,0.81,,,,,,,,0.82%,,,0,,-13.74%,,,,,,,,,,,,
,,,,,,,,,,,,,,,,,,2020,10/23/2020,$                                                      115.04,,,,,,,,,,0.70%,$            115.04,0.81,,,,,,,,0.83%,,,0,,-14.26%,,,,,,,,,,,,
,,,,,,,,,,,,,,,,,,2020,10/26/2020,$                                                      115.05,,,,,,,,,,0.70%,$            115.05,0.81,,,,,,,,0.83%,,,0,,-14.26%,,,,,,,,,,,,
,,,,,,,,,,,,,,,,,,2020,10/27/2020,$                                                      116.60,,,,,,,,,,0.69%,$            116.60,0.81,,,,,,,,0.81%,,,0,,-13.10%,,,,,,,,,,,,
,,,,,,,,,,,,,,,,,,2020,10/28/2020,$                                                       111.20,,,,,,,,,,0.73%,$             111.20,0.81,,,,,,,,0.85%,,,0,,-17.13%,,,,,,,,,,,,
,,,,,,,,,,,,,,,,,,2020,10/29/2020,$                                                      115.32,,,,,,,,,,0.70%,$            115.32,0.81,,,,,,,,0.82%,,,0,,-14.06%,,,,,,,,,,,,
,,,,,,,,,,,,,,,,,,2020,10/30/2020,$                                                     108.86,,,,,,,,,,0.74%,$           108.86,0.81,,,,,,,,0.87%,,,0,,-18.87%,,,,,,,,,,,,
,,,,,,,,,,,,,,,,,,2020,11/2/2020,$                                                     108.77,,,,,,,,,,0.74%,$           108.77,0.81,,,,,,,,0.87%,,,0,,-18.94%,,,,,,,,,,,,
,,,,,,,,,,,,,,,,,,2020,11/3/2020,$                                                      110.44,,,,,,,,,,0.73%,$            110.44,0.81,,,,,,,,0.86%,,,0,,-17.69%,,,,,,,,,,,,
,,,,,,,,,,,,,,,,,,2020,11/4/2020,$                                                      114.95,,,,,,,,,,0.70%,$            114.95,0.81,,,,,,,,0.83%,,,0,,-14.33%,,,,,,,,,,,,
,,,,,,,,,,,,,,,,,,2020,11/5/2020,$                                                      119.03,,,,,,,,,,0.68%,$            119.03,0.81,,,,,,,,0.80%,,,0,,-11.29%,,,,,,,,,,,,
,,,,,,,,,,,,,,,,,,2020,11/6/2020,$                                                      118.69,,,,,,,,,,0.68%,$            118.69,0.81,,,,,,,,0.80%,,,0,,-11.54%,,,,,,,,,,,,
,,,,,,,,,,,,,,,,,,2020,11/9/2020,$                                                      116.32,,,,,,,,,,0.69%,$            116.32,0.81,,,,,,,,0.82%,,,0,,-13.31%,,,,,,,,,,,,
,,,,,,,,,,,,,,,,,,2020,11/10/2020,$                                                      115.97,,,,,,,,,,0.70%,$            115.97,0.81,,,,,,,,0.82%,,,0,,-13.57%,,,,,,,,,,,,
,,,,,,,,,,,,,,,,,,2020,11/11/2020,$                                                      119.49,,,,,,,,,,0.68%,$            119.49,0.81,,,,,,,,0.80%,,,0,,-10.95%,,,,,,,,,,,,
,,,,,,,,,,,,,,,,,,2020,11/12/2020,$                                                       119.21,,,,,,,,,,0.68%,$             119.21,0.81,,,,,,,,0.80%,,,0,,-11.16%,,,,,,,,,,,,
,,,,,,,,,,,,,,,,,,2020,11/13/2020,$                                                      119.26,,,,,,,,,,0.68%,$            119.26,0.81,,,,,,,,0.80%,,,0,,-11.12%,,,,,,,,,,,,
,,,,,,,,,,,,,,,,,,2020,11/16/2020,$                                                     120.30,,,,,,,,,,0.67%,$           120.30,0.81,,,,,,,,0.79%,,,0,,-10.34%,,,,,,,,,,,,
,,,,,,,,,,,,,,,,,,2020,11/17/2020,$                                                      119.39,,,,,,,,,,0.68%,$            119.39,0.81,,,,,,,,0.80%,,,0,,-11.02%,,,,,,,,,,,,
,,,,,,,,,,,,,,,,,,2020,11/18/2020,$                                                      118.03,,,,,,,,,,0.68%,$            118.03,0.81,,,,,,,,0.80%,,,0,,-12.04%,,,,,,,,,,,,
,,,,,,,,,,,,,,,,,,2020,11/19/2020,$                                                      118.64,,,,,,,,,,0.68%,$            118.64,0.81,,,,,,,,0.80%,,,0,,-11.58%,,,,,,,,,,,,
,,,,,,,,,,,,,,,,,,2020,11/20/2020,$                                                      117.34,,,,,,,,,,0.69%,$            117.34,0.81,,,,,,,,0.81%,,,0,,-12.55%,,,,,,,,,,,,
,,,,,,,,,,,,,,,,,,2020,11/23/2020,$                                                      113.85,,,,,,,,,,0.71%,$            113.85,0.81,,,,,,,,0.83%,,,0,,-15.15%,,,,,,,,,,,,
,,,,,,,,,,,,,,,,,,2020,11/24/2020,$                                                       115.17,,,,,,,,,,0.70%,$             115.17,0.81,,,,,,,,0.82%,,,0,,-14.17%,,,,,,,,,,,,
,,,,,,,,,,,,,,,,,,2020,11/25/2020,$                                                      116.03,,,,,,,,,,0.70%,$            116.03,0.81,,,,,,,,0.82%,,,0,,-13.53%,,,,,,,,,,,,
,,,,,,,,,,,,,,,,,,2020,11/27/2020,$                                                      116.59,,,,,,,,,,,$            116.59,,,,,,,,,0.81%,,,0,,-13.11%,,,,,,,,,,,,
,,,,,,,,,,,,,,,,,,2020,11/30/2020,$                                                      119.05,,,,,,,,,,0.68%,$            119.05,0.81,,,,,,,,0.80%,,,0,,-11.28%,,,,,,,,,,,,
,,,,,,,,,,,,,,,,,,2020,12/1/2020,$                                                     122.72,,,,,,,,,,0.66%,$           122.72,0.81,,,,,,,,0.77%,,,0,,-8.54%,,,,,,,,,,,,
,,,,,,,,,,,,,,,,,,2020,12/2/2020,$                                                     123.08,,,,,,,,,,0.66%,$           123.08,0.81,,,,,,,,0.77%,,,0,,-8.27%,,,,,,,,,,,,
,,,,,,,,,,,,,,,,,,2020,12/3/2020,$                                                     122.94,,,,,,,,,,0.66%,$           122.94,0.81,,,,,,,,0.77%,,,0,,-8.38%,,,,,,,,,,,,
,,,,,,,,,,,,,,,,,,2020,12/4/2020,$                                                     122.25,,,,,,,,,,0.66%,$           122.25,0.81,,,,,,,,0.78%,,,0,,-8.89%,,,,,,,,,,,,
,,,,,,,,,,,,,,,,,,2020,12/7/2020,$                                                     123.75,,,,,,,,,,0.65%,$           123.75,0.81,,,,,,,,0.77%,,,0,,-7.77%,,,,,,,,,,,,
,,,,,,,,,,,,,,,,,,2020,12/8/2020,$                                                     124.38,,,,,,,,,,0.65%,$           124.38,0.81,,,,,,,,0.76%,,,0,,-7.30%,,,,,,,,,,,,
,,,,,,,,,,,,,,,,,,2020,12/9/2020,$                                                      121.78,,,,,,,,,,0.66%,$            121.78,0.81,,,,,,,,0.78%,,,0,,-9.24%,,,,,,,,,,,,
,,,,,,,,,,,,,,,,,,2020,12/10/2020,$                                                     123.24,,,,,,,,,,0.66%,$           123.24,0.81,,,,,,,,0.77%,,,0,,-8.15%,,,,,,,,,,,,
,,,,,,,,,,,,,,,,,,2020,12/11/2020,$                                                      122.41,,,,,,,,,,0.66%,$            122.41,0.81,,,,,,,,0.78%,,,0,,-8.77%,,,,,,,,,,,,
,,,,,,,,,,,,,,,,,,2020,12/14/2020,$                                                      121.78,,,,,,,,,,0.66%,$            121.78,0.81,,,,,,,,0.78%,,,0,,-9.24%,,,,,,,,,,,,
,,,,,,,,,,,,,,,,,,2020,12/15/2020,$                                                     127.88,,,,,,,,,,0.63%,$           127.88,0.81,,,,,,,,0.74%,,,0,,-4.70%,,,,,,,,,,,,
,,,,,,,,,,,,,,,,,,2020,12/16/2020,$                                                      127.81,,,,,,,,,,0.63%,$            127.81,0.81,,,,,,,,0.74%,,,0,,-4.75%,,,,,,,,,,,,
,,,,,,,,,,,,,,,,,,2020,12/17/2020,$                                                     128.70,,,,,,,,,,0.63%,$           128.70,0.81,,,,,,,,0.74%,,,0,,-4.08%,,,,,,,,,,,,
,,,,,,,,,,,,,,,,,,2020,12/18/2020,$                                                     126.66,,,,,,,,,,0.64%,$           126.66,0.81,,,,,,,,0.75%,,,0,,-5.61%,,,,,,,,,,,,
,,,,,,,,,,,,,,,,,,2020,12/21/2020,$                                                     128.23,,,,,,,,,,0.63%,$           128.23,0.81,,,,,,,,0.74%,,,0,,-4.43%,,,,,,,,,,,,
,,,,,,,,,,,,,,,,,,2020,12/22/2020,$                                                      131.88,,,,,,,,,,0.61%,$            131.88,0.81,,,,,,,,0.72%,,,0,,-1.71%,,,,,,,,,,,,
,,,,,,,,,,,,,,,,,,2020,12/23/2020,$                                                     130.96,,,,,,,,,,0.62%,$           130.96,0.81,,,,,,,,0.73%,,,0,,-2.40%,,,,,,,,,,,,
,,,,,,,,,,,,,,,,,,2020,12/24/2020,$                                                      131.97,,,,,,,,,,0.61%,$            131.97,0.81,,,,,,,,0.72%,,,0,,-1.65%,,,,,,,,,,,,
,,,,,,,,,,,,,,,,,,2020,12/28/2020,$                                                     136.69,,,,,,,,,,0.59%,$           136.69,0.81,,,,,,,,0.70%,,,0,,0.00%,,,,,,,,,,,,
,,,,,,,,,,,,,,,,,,2020,12/29/2020,$                                                     134.87,,,,,,,,,,0.60%,$           134.87,0.81,,,,,,,,0.70%,,,0,,-1.33%,,,,,,,,,,,,
,,,,,,,,,,,,,,,,,,2020,12/30/2020,$                                                     133.72,,,,,,,,,,0.60%,$           133.72,0.81,,,,,,,,0.71%,,,0,,-2.17%,,,,,,,,,,,,
,,,,,,,,,,,,,,,,,,2020,12/31/2020,$                                                     132.69,,,,,,,,,,0.61%,$           132.69,0.81,,,,,,,,0.72%,,,0,,-2.93%,,,,,,,,,,,,
,,,,,,,,,,,,,,,,,,2021,1/4/2021,$                                                      129.41,,,,,,,,,,0.67%,$            129.41,0.87,,,,,,,,0.73%,,,0,,-5.33%,,,,,,,,,,,,
,,,,,,,,,,,,,,,,,,2021,1/5/2021,$                                                       131.01,,,,,,,,,,0.66%,$             131.01,0.87,,,,,,,,0.73%,,,0,,-4.16%,,,,,,,,,,,,
,,,,,,,,,,,,,,,,,,2021,1/6/2021,$                                                     126.60,,,,,,,,,,0.68%,$           126.60,0.87,,,,,,,,0.75%,,,0,,-7.38%,,,,,,,,,,,,
,,,,,,,,,,,,,,,,,,2021,1/7/2021,$                                                     130.92,,,,,,,,,,0.66%,$           130.92,0.87,,,,,,,,0.73%,,,0,,-4.22%,,,,,,,,,,,,
,,,,,,,,,,,,,,,,,,2021,1/8/2021,$                                                     132.05,,,,,,,,,,0.66%,$           132.05,0.87,,,,,,,,0.72%,,,0,,-3.39%,,,,,,,,,,,,
,,,,,,,,,,,,,,,,,,2021,1/11/2021,$                                                     128.98,,,,,,,,,,0.67%,$           128.98,0.87,,,,,,,,0.74%,,,0,,-5.64%,,,,,,,,,,,,
,,,,,,,,,,,,,,,,,,2021,1/12/2021,$                                                     128.80,,,,,,,,,,0.67%,$           128.80,0.87,,,,,,,,0.74%,,,0,,-5.77%,,,,,,,,,,,,
,,,,,,,,,,,,,,,,,,2021,1/13/2021,$                                                     130.89,,,,,,,,,,0.66%,$           130.89,0.87,,,,,,,,0.73%,,,0,,-4.24%,,,,,,,,,,,,
,,,,,,,,,,,,,,,,,,2021,1/14/2021,$                                                      128.91,,,,,,,,,,0.67%,$            128.91,0.87,,,,,,,,0.74%,,,0,,-5.69%,,,,,,,,,,,,
,,,,,,,,,,,,,,,,,,2021,1/15/2021,$                                                      127.14,,,,,,,,,,0.68%,$            127.14,0.87,,,,,,,,0.75%,,,0,,-6.99%,,,,,,,,,,,,
,,,,,,,,,,,,,,,,,,2021,1/19/2021,$                                                     127.83,,,,,,,,,,0.68%,$           127.83,0.87,,,,,,,,0.74%,,,0,,-6.48%,,,,,,,,,,,,
,,,,,,,,,,,,,,,,,,2021,1/20/2021,$                                                     132.03,,,,,,,,,,0.66%,$           132.03,0.87,,,,,,,,0.72%,,,0,,-3.41%,,,,,,,,,,,,
,,,,,,,,,,,,,,,,,,2021,1/21/2021,$                                                     136.87,,,,,,,,,,0.63%,$           136.87,0.87,,,,,,,,0.69%,,,0,,0.00%,,,,,,,,,,,,
,,,,,,,,,,,,,,,,,,2021,1/22/2021,$                                                     139.07,,,,,,,,,,0.62%,$           139.07,0.87,,,,,,,,0.68%,,,0,,0.00%,,,,,,,,,,,,
,,,,,,,,,,,,,,,,,,2021,1/25/2021,$                                                     142.92,,,,,,,,,,0.61%,$           142.92,0.87,,,,,,,,0.66%,,,0,,0.00%,,,,,,,,,,,,
,,,,,,,,,,,,,,,,,,2021,1/26/2021,$                                                      143.16,,,,,,,,,,0.60%,$            143.16,0.87,,,,,,,,0.66%,,,0,,0.00%,,,,,,,,,,,,
,,,,,,,,,,,,,,,,,,2021,1/27/2021,$                                                     142.06,,,,,,,,,,0.61%,$           142.06,0.87,,,,,,,,0.67%,,,0,,-0.77%,,,,,,,,,,,,
,,,,,,,,,,,,,,,,,,2021,1/28/2021,$                                                     137.09,,,,,,,,,,0.63%,$           137.09,0.87,,,,,,,,0.69%,,,0,,-4.24%,,,,,,,,,,,,
,,,,,,,,,,,,,,,,,,2021,1/29/2021,$                                                      131.96,,,,,,,,,,0.66%,$            131.96,0.87,,,,,,,,0.72%,,,0,,-7.82%,,,,,,,,,,,,
,,,,,,,,,,,,,,,,,,2021,2/1/2021,$                                                      134.14,,,,,,,,,,0.64%,$            134.14,0.87,,,,,,,,0.71%,,,0,,-6.30%,,,,,,,,,,,,
,,,,,,,,,,,,,,,,,,2021,2/2/2021,$                                                     134.99,,,,,,,,,,0.64%,$           134.99,0.87,,,,,,,,0.70%,,,0,,-5.71%,,,,,,,,,,,,
,,,,,,,,,,,,,,,,,,2021,2/3/2021,$                                                     133.94,,,,,,,,,,0.65%,$           133.94,0.87,,,,,,,,0.71%,,,0,,-6.44%,,,,,,,,,,,,
,,,,,,,,,,,,,,,,,,2021,2/4/2021,$                                                     137.39,,,,,,,,,,0.63%,$           137.39,0.87,,,,,,,,0.69%,,,0,,-4.03%,,,,,,,,,,,,
,,,,,,,,,,,,,,,,,,2021,2/5/2021,$                                                     136.76,,,,,,,,,,0.63%,$           136.76,0.87,,,,,,,,0.69%,,,0,,-4.47%,,,,,,,,,,,,
,,,,,,,,,,,,,,,,,,2021,2/8/2021,$                                                      136.91,,,,,,,,,,0.63%,$            136.91,0.87,,,,,,,,0.69%,,,0,,-4.37%,,,,,,,,,,,,
,,,,,,,,,,,,,,,,,,2021,2/9/2021,$                                                      136.01,,,,,,,,,,0.64%,$            136.01,0.87,,,,,,,,0.70%,,,0,,-4.99%,,,,,,,,,,,,
,,,,,,,,,,,,,,,,,,2021,2/10/2021,$                                                     135.39,,,,,,,,,,0.64%,$           135.39,0.87,,,,,,,,0.70%,,,0,,-5.43%,,,,,,,,,,,,
,,,,,,,,,,,,,,,,,,2021,2/11/2021,$                                                      135.13,,,,,,,,,,0.64%,$            135.13,0.87,,,,,,,,0.70%,,,0,,-5.61%,,,,,,,,,,,,
,,,,,,,,,,,,,,,,,,2021,2/12/2021,$                                                     135.37,,,,,,,,,,0.64%,$           135.37,0.87,,,,,,,,0.70%,,,0,,-5.44%,,,,,,,,,,,,
,,,,,,,,,,,,,,,,,,2021,2/16/2021,$                                                      133.19,,,,,,,,,,0.65%,$            133.19,0.87,,,,,,,,0.71%,,,0,,-6.96%,,,,,,,,,,,,
,,,,,,,,,,,,,,,,,,2021,2/17/2021,$                                                     130.84,,,,,,,,,,0.66%,$           130.84,0.87,,,,,,,,0.73%,,,0,,-8.61%,,,,,,,,,,,,
,,,,,,,,,,,,,,,,,,2021,2/18/2021,$                                                      129.71,,,,,,,,,,0.67%,$            129.71,0.87,,,,,,,,0.73%,,,0,,-9.40%,,,,,,,,,,,,
,,,,,,,,,,,,,,,,,,2021,2/19/2021,$                                                     129.87,,,,,,,,,,0.67%,$           129.87,0.87,,,,,,,,0.73%,,,0,,-9.28%,,,,,,,,,,,,
,,,,,,,,,,,,,,,,,,2021,2/22/2021,$                                                     126.00,,,,,,,,,,0.69%,$           126.00,0.87,,,,,,,,0.75%,,,0,,-11.99%,,,,,,,,,,,,
,,,,,,,,,,,,,,,,,,2021,2/23/2021,$                                                     125.86,,,,,,,,,,0.69%,$           125.86,0.87,,,,,,,,0.75%,,,0,,-12.08%,,,,,,,,,,,,
,,,,,,,,,,,,,,,,,,2021,2/24/2021,$                                                     125.35,,,,,,,,,,0.69%,$           125.35,0.87,,,,,,,,0.76%,,,0,,-12.44%,,,,,,,,,,,,
,,,,,,,,,,,,,,,,,,2021,2/25/2021,$                                                     120.99,,,,,,,,,,0.71%,$           120.99,0.87,,,,,,,,0.79%,,,0,,-15.49%,,,,,,,,,,,,
,,,,,,,,,,,,,,,,,,2021,2/26/2021,$                                                      121.26,,,,,,,,,,0.71%,$            121.26,0.87,,,,,,,,0.78%,,,0,,-15.30%,,,,,,,,,,,,
,,,,,,,,,,,,,,,,,,2021,3/1/2021,$                                                     127.79,,,,,,,,,,0.68%,$           127.79,0.87,,,,,,,,0.74%,,,0,,-10.74%,,,,,,,,,,,,
,,,,,,,,,,,,,,,,,,2021,3/2/2021,$                                                      125.12,,,,,,,,,,0.69%,$            125.12,0.87,,,,,,,,0.76%,,,0,,-12.60%,,,,,,,,,,,,
,,,,,,,,,,,,,,,,,,2021,3/3/2021,$                                                     122.06,,,,,,,,,,0.71%,$           122.06,0.87,,,,,,,,0.78%,,,0,,-14.74%,,,,,,,,,,,,
,,,,,,,,,,,,,,,,,,2021,3/4/2021,$                                                      120.13,,,,,,,,,,0.72%,$            120.13,0.87,,,,,,,,0.79%,,,0,,-16.09%,,,,,,,,,,,,
,,,,,,,,,,,,,,,,,,2021,3/5/2021,$                                                      121.42,,,,,,,,,,0.71%,$            121.42,0.87,,,,,,,,0.78%,,,0,,-15.19%,,,,,,,,,,,,
,,,,,,,,,,,,,,,,,,2021,3/8/2021,$                                                      116.36,,,,,,,,,,0.74%,$            116.36,0.87,,,,,,,,0.82%,,,0,,-18.72%,,,,,,,,,,,,
,,,,,,,,,,,,,,,,,,2021,3/9/2021,$                                                      121.09,,,,,,,,,,0.71%,$            121.09,0.87,,,,,,,,0.78%,,,0,,-15.42%,,,,,,,,,,,,
,,,,,,,,,,,,,,,,,,2021,3/10/2021,$                                                      119.98,,,,,,,,,,0.72%,$            119.98,0.87,,,,,,,,0.79%,,,0,,-16.19%,,,,,,,,,,,,
,,,,,,,,,,,,,,,,,,2021,3/11/2021,$                                                      121.96,,,,,,,,,,0.71%,$            121.96,0.87,,,,,,,,0.78%,,,0,,-14.81%,,,,,,,,,,,,
,,,,,,,,,,,,,,,,,,2021,3/12/2021,$                                                      121.03,,,,,,,,,,0.71%,$            121.03,0.87,,,,,,,,0.78%,,,0,,-15.46%,,,,,,,,,,,,
,,,,,,,,,,,,,,,,,,2021,3/15/2021,$                                                     123.99,,,,,,,,,,,$           123.99,,,,,,,,,0.77%,,,0,,-13.39%,,,,,,,,,,,,
,,,,,,,,,,,,,,,,,,2021,3/16/2021,$                                                     125.57,,,,,,,,,,0.69%,$           125.57,0.87,,,,,,,,0.76%,,,0,,-12.29%,,,,,,,,,,,,
,,,,,,,,,,,,,,,,,,2021,3/17/2021,$                                                     124.76,,,,,,,,,,0.69%,$           124.76,0.87,,,,,,,,0.76%,,,0,,-12.85%,,,,,,,,,,,,
,,,,,,,,,,,,,,,,,,2021,3/18/2021,$                                                     120.53,,,,,,,,,,0.72%,$           120.53,0.87,,,,,,,,0.79%,,,0,,-15.81%,,,,,,,,,,,,
,,,,,,,,,,,,,,,,,,2021,3/19/2021,$                                                      119.99,,,,,,,,,,0.72%,$            119.99,0.87,,,,,,,,0.79%,,,0,,-16.18%,,,,,,,,,,,,
,,,,,,,,,,,,,,,,,,2021,3/22/2021,$                                                     123.39,,,,,,,,,,0.70%,$           123.39,0.87,,,,,,,,0.77%,,,0,,-13.81%,,,,,,,,,,,,
,,,,,,,,,,,,,,,,,,2021,3/23/2021,$                                                     122.54,,,,,,,,,,0.71%,$           122.54,0.87,,,,,,,,0.78%,,,0,,-14.40%,,,,,,,,,,,,
,,,,,,,,,,,,,,,,,,2021,3/24/2021,$                                                     120.09,,,,,,,,,,0.72%,$           120.09,0.87,,,,,,,,0.79%,,,0,,-16.11%,,,,,,,,,,,,
,,,,,,,,,,,,,,,,,,2021,3/25/2021,$                                                     120.59,,,,,,,,,,0.72%,$           120.59,0.87,,,,,,,,0.79%,,,0,,-15.77%,,,,,,,,,,,,
,,,,,,,,,,,,,,,,,,2021,3/26/2021,$                                                       121.21,,,,,,,,,,0.71%,$             121.21,0.87,,,,,,,,0.78%,,,0,,-15.33%,,,,,,,,,,,,
,,,,,,,,,,,,,,,,,,2021,3/29/2021,$                                                      121.39,,,,,,,,,,0.71%,$            121.39,0.87,,,,,,,,0.78%,,,0,,-15.21%,,,,,,,,,,,,
,,,,,,,,,,,,,,,,,,2021,3/30/2021,$                                                      119.90,,,,,,,,,,0.72%,$            119.90,0.87,,,,,,,,0.79%,,,0,,-16.25%,,,,,,,,,,,,
,,,,,,,,,,,,,,,,,,2021,3/31/2021,$                                                      122.15,,,,,,,,,,0.71%,$            122.15,0.87,,,,,,,,0.78%,,,0,,-14.68%,,,,,,,,,,,,
,,,,,,,,,,,,,,,,,,2021,4/1/2021,$                                                     123.00,,,,,,,,,,0.70%,$           123.00,0.87,,,,,,,,0.77%,,,0,,-14.08%,,,,,,,,,,,,
,,,,,,,,,,,,,,,,,,2021,4/5/2021,$                                                     125.90,,,,,,,,,,0.69%,$           125.90,0.87,,,,,,,,0.75%,,,0,,-12.06%,,,,,,,,,,,,
,,,,,,,,,,,,,,,,,,2021,4/6/2021,$                                                      126.21,,,,,,,,,,0.69%,$            126.21,0.87,,,,,,,,0.75%,,,0,,-11.84%,,,,,,,,,,,,
,,,,,,,,,,,,,,,,,,2021,4/7/2021,$                                                     127.90,,,,,,,,,,0.68%,$           127.90,0.87,,,,,,,,0.74%,,,0,,-10.66%,,,,,,,,,,,,
,,,,,,,,,,,,,,,,,,2021,4/8/2021,$                                                     130.36,,,,,,,,,,0.66%,$           130.36,0.87,,,,,,,,0.73%,,,0,,-8.94%,,,,,,,,,,,,
,,,,,,,,,,,,,,,,,,2021,4/9/2021,$                                                     133.00,,,,,,,,,,0.65%,$           133.00,0.87,,,,,,,,0.71%,,,0,,-7.10%,,,,,,,,,,,,
,,,,,,,,,,,,,,,,,,2021,4/12/2021,$                                                      131.24,,,,,,,,,,0.66%,$            131.24,0.87,,,,,,,,0.72%,,,0,,-8.33%,,,,,,,,,,,,
,,,,,,,,,,,,,,,,,,2021,4/13/2021,$                                                     134.43,,,,,,,,,,0.64%,$           134.43,0.87,,,,,,,,0.71%,,,0,,-6.10%,,,,,,,,,,,,
,,,,,,,,,,,,,,,,,,2021,4/14/2021,$                                                     132.03,,,,,,,,,,0.66%,$           132.03,0.87,,,,,,,,0.72%,,,0,,-7.77%,,,,,,,,,,,,
,,,,,,,,,,,,,,,,,,2021,4/15/2021,$                                                     134.50,,,,,,,,,,0.64%,$           134.50,0.87,,,,,,,,0.71%,,,0,,-6.05%,,,,,,,,,,,,
,,,,,,,,,,,,,,,,,,2021,4/16/2021,$                                                      134.16,,,,,,,,,,0.64%,$            134.16,0.87,,,,,,,,0.71%,,,0,,-6.29%,,,,,,,,,,,,
,,,,,,,,,,,,,,,,,,2021,4/19/2021,$                                                     134.84,,,,,,,,,,0.64%,$           134.84,0.87,,,,,,,,0.70%,,,0,,-5.81%,,,,,,,,,,,,
,,,,,,,,,,,,,,,,,,2021,4/20/2021,$                                                       133.11,,,,,,,,,,0.65%,$             133.11,0.87,,,,,,,,0.71%,,,0,,-7.02%,,,,,,,,,,,,
,,,,,,,,,,,,,,,,,,2021,4/21/2021,$                                                     133.50,,,,,,,,,,0.65%,$           133.50,0.87,,,,,,,,0.71%,,,0,,-6.75%,,,,,,,,,,,,
,,,,,,,,,,,,,,,,,,2021,4/22/2021,$                                                      131.94,,,,,,,,,,0.66%,$            131.94,0.87,,,,,,,,0.72%,,,0,,-7.84%,,,,,,,,,,,,
,,,,,,,,,,,,,,,,,,2021,4/23/2021,$                                                     134.32,,,,,,,,,,0.64%,$           134.32,0.87,,,,,,,,0.71%,,,0,,-6.17%,,,,,,,,,,,,
,,,,,,,,,,,,,,,,,,2021,4/26/2021,$                                                     134.72,,,,,,,,,,0.64%,$           134.72,0.87,,,,,,,,0.71%,,,0,,-5.90%,,,,,,,,,,,,
,,,,,,,,,,,,,,,,,,2021,4/27/2021,$                                                     134.39,,,,,,,,,,0.64%,$           134.39,0.87,,,,,,,,0.71%,,,0,,-6.13%,,,,,,,,,,,,
,,,,,,,,,,,,,,,,,,2021,4/28/2021,$                                                     133.58,,,,,,,,,,0.65%,$           133.58,0.87,,,,,,,,0.71%,,,0,,-6.69%,,,,,,,,,,,,
,,,,,,,,,,,,,,,,,,2021,4/29/2021,$                                                     133.48,,,,,,,,,,0.65%,$           133.48,0.87,,,,,,,,0.71%,,,0,,-6.76%,,,,,,,,,,,,
,,,,,,,,,,,,,,,,,,2021,4/30/2021,$                                                      131.46,,,,,,,,,,0.66%,$            131.46,0.87,,,,,,,,0.72%,,,0,,-8.17%,,,,,,,,,,,,
,,,,,,,,,,,,,,,,,,2021,5/3/2021,$                                                     132.54,,,,,,,,,,0.65%,$           132.54,0.87,,,,,,,,0.72%,,,0,,-7.42%,,,,,,,,,,,,
,,,,,,,,,,,,,,,,,,2021,5/4/2021,$                                                     127.85,,,,,,,,,,0.68%,$           127.85,0.87,,,,,,,,0.74%,,,0,,-10.69%,,,,,,,,,,,,
,,,,,,,,,,,,,,,,,,2021,5/5/2021,$                                                      128.10,,,,,,,,,,0.68%,$            128.10,0.87,,,,,,,,0.74%,,,0,,-10.52%,,,,,,,,,,,,
,,,,,,,,,,,,,,,,,,2021,5/6/2021,$                                                     129.74,,,,,,,,,,0.67%,$           129.74,0.87,,,,,,,,0.73%,,,0,,-9.37%,,,,,,,,,,,,
,,,,,,,,,,,,,,,,,,2021,5/7/2021,$                                                      130.21,,,,,,,,,,0.66%,$            130.21,0.87,,,,,,,,0.73%,,,0,,-9.05%,,,,,,,,,,,,
,,,,,,,,,,,,,,,,,,2021,5/10/2021,$                                                     126.85,,,,,,,,,,0.68%,$           126.85,0.87,,,,,,,,0.75%,,,0,,-11.39%,,,,,,,,,,,,
,,,,,,,,,,,,,,,,,,2021,5/11/2021,$                                                      125.91,,,,,,,,,,0.69%,$            125.91,0.87,,,,,,,,0.75%,,,0,,-12.05%,,,,,,,,,,,,
,,,,,,,,,,,,,,,,,,2021,5/12/2021,$                                                     122.77,,,,,,,,,,0.70%,$           122.77,0.87,,,,,,,,0.77%,,,0,,-14.24%,,,,,,,,,,,,
,,,,,,,,,,,,,,,,,,2021,5/13/2021,$                                                     124.97,,,,,,,,,,0.69%,$           124.97,0.87,,,,,,,,0.76%,,,0,,-12.71%,,,,,,,,,,,,
,,,,,,,,,,,,,,,,,,2021,5/14/2021,$                                                     127.45,,,,,,,,,,0.68%,$           127.45,0.87,,,,,,,,0.75%,,,0,,-10.97%,,,,,,,,,,,,
,,,,,,,,,,,,,,,,,,2021,5/17/2021,$                                                     126.27,,,,,,,,,,0.69%,$           126.27,0.87,,,,,,,,0.75%,,,0,,-11.80%,,,,,,,,,,,,
,,,,,,,,,,,,,,,,,,2021,5/18/2021,$                                                     124.85,,,,,,,,,,0.69%,$           124.85,0.87,,,,,,,,0.76%,,,0,,-12.79%,,,,,,,,,,,,
,,,,,,,,,,,,,,,,,,2021,5/19/2021,$                                                     124.69,,,,,,,,,,0.69%,$           124.69,0.87,,,,,,,,0.76%,,,0,,-12.90%,,,,,,,,,,,,
,,,,,,,,,,,,,,,,,,2021,5/20/2021,$                                                      127.31,,,,,,,,,,0.68%,$            127.31,0.87,,,,,,,,0.75%,,,0,,-11.07%,,,,,,,,,,,,
,,,,,,,,,,,,,,,,,,2021,5/21/2021,$                                                     125.43,,,,,,,,,,0.69%,$           125.43,0.87,,,,,,,,0.76%,,,0,,-12.38%,,,,,,,,,,,,
,,,,,,,,,,,,,,,,,,2021,5/24/2021,$                                                      127.10,,,,,,,,,,0.68%,$            127.10,0.87,,,,,,,,0.75%,,,0,,-11.22%,,,,,,,,,,,,
,,,,,,,,,,,,,,,,,,2021,5/25/2021,$                                                     126.90,,,,,,,,,,0.68%,$           126.90,0.87,,,,,,,,0.75%,,,0,,-11.36%,,,,,,,,,,,,
,,,,,,,,,,,,,,,,,,2021,5/26/2021,$                                                     126.85,,,,,,,,,,0.68%,$           126.85,0.87,,,,,,,,0.75%,,,0,,-11.39%,,,,,,,,,,,,
,,,,,,,,,,,,,,,,,,2021,5/27/2021,$                                                     125.28,,,,,,,,,,0.69%,$           125.28,0.87,,,,,,,,0.76%,,,0,,-12.49%,,,,,,,,,,,,
,,,,,,,,,,,,,,,,,,2021,5/28/2021,$                                                      124.61,,,,,,,,,,0.69%,$            124.61,0.87,,,,,,,,0.76%,,,0,,-12.96%,,,,,,,,,,,,
,,,,,,,,,,,,,,,,,,2021,6/1/2021,$                                                     124.28,,,,,,,,,,0.70%,$           124.28,0.87,,,,,,,,0.76%,,,0,,-13.19%,,,,,,,,,,,,
,,,,,,,,,,,,,,,,,,2021,6/2/2021,$                                                     125.06,,,,,,,,,,0.69%,$           125.06,0.87,,,,,,,,0.76%,,,0,,-12.64%,,,,,,,,,,,,
,,,,,,,,,,,,,,,,,,2021,6/3/2021,$                                                     123.54,,,,,,,,,,0.70%,$           123.54,0.87,,,,,,,,0.77%,,,0,,-13.70%,,,,,,,,,,,,
,,,,,,,,,,,,,,,,,,2021,6/4/2021,$                                                     125.89,,,,,,,,,,0.69%,$           125.89,0.87,,,,,,,,0.75%,,,0,,-12.06%,,,,,,,,,,,,
,,,,,,,,,,,,,,,,,,2021,6/7/2021,$                                                     125.90,,,,,,,,,,0.69%,$           125.90,0.87,,,,,,,,0.75%,,,0,,-12.06%,,,,,,,,,,,,
,,,,,,,,,,,,,,,,,,2021,6/8/2021,$                                                     126.74,,,,,,,,,,0.68%,$           126.74,0.87,,,,,,,,0.75%,,,0,,-11.47%,,,,,,,,,,,,
,,,,,,,,,,,,,,,,,,2021,6/9/2021,$                                                      127.13,,,,,,,,,,0.68%,$            127.13,0.87,,,,,,,,0.75%,,,0,,-11.20%,,,,,,,,,,,,
,,,,,,,,,,,,,,,,,,2021,6/10/2021,$                                                       126.11,,,,,,,,,,0.69%,$             126.11,0.87,,,,,,,,0.75%,,,0,,-11.91%,,,,,,,,,,,,
,,,,,,,,,,,,,,,,,,2021,6/11/2021,$                                                     127.35,,,,,,,,,,0.68%,$           127.35,0.87,,,,,,,,0.75%,,,0,,-11.04%,,,,,,,,,,,,
,,,,,,,,,,,,,,,,,,2021,6/14/2021,$                                                     130.48,,,,,,,,,,0.66%,$           130.48,0.87,,,,,,,,0.73%,,,0,,-8.86%,,,,,,,,,,,,
,,,,,,,,,,,,,,,,,,2021,6/15/2021,$                                                     129.64,,,,,,,,,,0.67%,$           129.64,0.87,,,,,,,,0.73%,,,0,,-9.44%,,,,,,,,,,,,
,,,,,,,,,,,,,,,,,,2021,6/16/2021,$                                                      130.15,,,,,,,,,,0.66%,$            130.15,0.87,,,,,,,,0.73%,,,0,,-9.09%,,,,,,,,,,,,
,,,,,,,,,,,,,,,,,,2021,6/17/2021,$                                                      131.79,,,,,,,,,,0.66%,$            131.79,0.87,,,,,,,,0.72%,,,0,,-7.94%,,,,,,,,,,,,
,,,,,,,,,,,,,,,,,,2021,6/18/2021,$                                                     130.46,,,,,,,,,,0.66%,$           130.46,0.87,,,,,,,,0.73%,,,0,,-8.87%,,,,,,,,,,,,
,,,,,,,,,,,,,,,,,,2021,6/21/2021,$                                                     132.30,,,,,,,,,,0.65%,$           132.30,0.87,,,,,,,,0.72%,,,0,,-7.59%,,,,,,,,,,,,
,,,,,,,,,,,,,,,,,,2021,6/22/2021,$                                                     133.98,,,,,,,,,,0.65%,$           133.98,0.87,,,,,,,,0.71%,,,0,,-6.41%,,,,,,,,,,,,
,,,,,,,,,,,,,,,,,,2021,6/23/2021,$                                                     133.70,,,,,,,,,,0.65%,$           133.70,0.87,,,,,,,,0.71%,,,0,,-6.61%,,,,,,,,,,,,
,,,,,,,,,,,,,,,,,,2021,6/24/2021,$                                                      133.41,,,,,,,,,,0.65%,$            133.41,0.87,,,,,,,,0.71%,,,0,,-6.81%,,,,,,,,,,,,
,,,,,,,,,,,,,,,,,,2021,6/25/2021,$                                                       133.11,,,,,,,,,,0.65%,$             133.11,0.87,,,,,,,,0.71%,,,0,,-7.02%,,,,,,,,,,,,
,,,,,,,,,,,,,,,,,,2021,6/28/2021,$                                                     134.78,,,,,,,,,,0.64%,$           134.78,0.87,,,,,,,,0.70%,,,0,,-5.85%,,,,,,,,,,,,
,,,,,,,,,,,,,,,,,,2021,6/29/2021,$                                                     136.33,,,,,,,,,,0.63%,$           136.33,0.87,,,,,,,,0.70%,,,0,,-4.77%,,,,,,,,,,,,
,,,,,,,,,,,,,,,,,,2021,6/30/2021,$                                                     136.96,,,,,,,,,,0.63%,$           136.96,0.87,,,,,,,,0.69%,,,0,,-4.33%,,,,,,,,,,,,
,,,,,,,,,,,,,,,,,,2021,7/1/2021,$                                                     137.27,,,,,,,,,,0.63%,$           137.27,0.87,,,,,,,,0.69%,,,0,,-4.11%,,,,,,,,,,,,
,,,,,,,,,,,,,,,,,,2021,7/2/2021,$                                                     139.96,,,,,,,,,,0.62%,$           139.96,0.87,,,,,,,,0.68%,,,0,,-2.24%,,,,,,,,,,,,
,,,,,,,,,,,,,,,,,,2021,7/6/2021,$                                                     142.02,,,,,,,,,,0.61%,$           142.02,0.87,,,,,,,,0.67%,,,0,,-0.80%,,,,,,,,,,,,
,,,,,,,,,,,,,,,,,,2021,7/7/2021,$                                                     144.57,,,,,,,,,,0.60%,$           144.57,0.87,,,,,,,,0.66%,,,0,,0.00%,,,,,,,,,,,,
,,,,,,,,,,,,,,,,,,2021,7/8/2021,$                                                     143.24,,,,,,,,,,0.60%,$           143.24,0.87,,,,,,,,0.66%,,,0,,-0.92%,,,,,,,,,,,,
,,,,,,,,,,,,,,,,,,2021,7/9/2021,$                                                       145.11,,,,,,,,,,0.60%,$             145.11,0.87,,,,,,,,0.65%,,,0,,0.00%,,,,,,,,,,,,
,,,,,,,,,,,,,,,,,,2021,7/12/2021,$                                                     144.50,,,,,,,,,,0.60%,$           144.50,0.87,,,,,,,,0.66%,,,0,,-0.42%,,,,,,,,,,,,
,,,,,,,,,,,,,,,,,,2021,7/13/2021,$                                                     145.64,,,,,,,,,,0.59%,$           145.64,0.87,,,,,,,,0.65%,,,0,,0.00%,,,,,,,,,,,,
,,,,,,,,,,,,,,,,,,2021,7/14/2021,$                                                      149.15,,,,,,,,,,0.58%,$            149.15,0.87,,,,,,,,0.64%,,,0,,0.00%,,,,,,,,,,,,
,,,,,,,,,,,,,,,,,,2021,7/15/2021,$                                                     148.48,,,,,,,,,,0.58%,$           148.48,0.87,,,,,,,,0.64%,,,0,,-0.45%,,,,,,,,,,,,
,,,,,,,,,,,,,,,,,,2021,7/16/2021,$                                                     146.39,,,,,,,,,,0.59%,$           146.39,0.87,,,,,,,,0.65%,,,0,,-1.85%,,,,,,,,,,,,
,,,,,,,,,,,,,,,,,,2021,7/19/2021,$                                                     142.45,,,,,,,,,,0.61%,$           142.45,0.87,,,,,,,,0.67%,,,0,,-4.49%,,,,,,,,,,,,
,,,,,,,,,,,,,,,,,,2021,7/20/2021,$                                                      146.15,,,,,,,,,,0.59%,$            146.15,0.87,,,,,,,,0.65%,,,0,,-2.01%,,,,,,,,,,,,
,,,,,,,,,,,,,,,,,,2021,7/21/2021,$                                                     145.40,,,,,,,,,,0.59%,$           145.40,0.87,,,,,,,,0.65%,,,0,,-2.51%,,,,,,,,,,,,
,,,,,,,,,,,,,,,,,,2021,7/22/2021,$                                                     146.80,,,,,,,,,,0.59%,$           146.80,0.87,,,,,,,,0.65%,,,0,,-1.58%,,,,,,,,,,,,
,,,,,,,,,,,,,,,,,,2021,7/23/2021,$                                                     148.56,,,,,,,,,,0.58%,$           148.56,0.87,,,,,,,,0.64%,,,0,,-0.40%,,,,,,,,,,,,
,,,,,,,,,,,,,,,,,,2021,7/26/2021,$                                                     148.99,,,,,,,,,,0.58%,$           148.99,0.87,,,,,,,,0.64%,,,0,,-0.11%,,,,,,,,,,,,
,,,,,,,,,,,,,,,,,,2021,7/27/2021,$                                                     146.77,,,,,,,,,,0.59%,$           146.77,0.87,,,,,,,,0.65%,,,0,,-1.60%,,,,,,,,,,,,
,,,,,,,,,,,,,,,,,,2021,7/28/2021,$                                                     144.98,,,,,,,,,,0.60%,$           144.98,0.87,,,,,,,,0.66%,,,0,,-2.80%,,,,,,,,,,,,
,,,,,,,,,,,,,,,,,,2021,7/29/2021,$                                                     145.64,,,,,,,,,,0.59%,$           145.64,0.87,,,,,,,,0.65%,,,0,,-2.35%,,,,,,,,,,,,
,,,,,,,,,,,,,,,,,,2021,7/30/2021,$                                                     145.86,,,,,,,,,,0.59%,$           145.86,0.87,,,,,,,,0.65%,,,0,,-2.21%,,,,,,,,,,,,
,,,,,,,,,,,,,,,,,,2021,8/2/2021,$                                                     145.52,,,,,,,,,,0.59%,$           145.52,0.87,,,,,,,,0.65%,,,0,,-2.43%,,,,,,,,,,,,
,,,,,,,,,,,,,,,,,,2021,8/3/2021,$                                                     147.36,,,,,,,,,,0.59%,$           147.36,0.87,,,,,,,,0.64%,,,0,,-1.20%,,,,,,,,,,,,
,,,,,,,,,,,,,,,,,,2021,8/4/2021,$                                                     146.95,,,,,,,,,,0.59%,$           146.95,0.87,,,,,,,,0.65%,,,0,,-1.48%,,,,,,,,,,,,
,,,,,,,,,,,,,,,,,,2021,8/5/2021,$                                                     147.06,,,,,,,,,,0.59%,$           147.06,0.87,,,,,,,,0.65%,,,0,,-1.40%,,,,,,,,,,,,
,,,,,,,,,,,,,,,,,,2021,8/6/2021,$                                                      146.14,,,,,,,,,,0.59%,$            146.14,0.87,,,,,,,,0.65%,,,0,,-2.02%,,,,,,,,,,,,
,,,,,,,,,,,,,,,,,,2021,8/9/2021,$                                                     146.09,,,,,,,,,,0.59%,$           146.09,0.87,,,,,,,,0.65%,,,0,,-2.05%,,,,,,,,,,,,
,,,,,,,,,,,,,,,,,,2021,8/10/2021,$                                                     145.60,,,,,,,,,,0.59%,$           145.60,0.87,,,,,,,,0.65%,,,0,,-2.38%,,,,,,,,,,,,
,,,,,,,,,,,,,,,,,,2021,8/11/2021,$                                                     145.86,,,,,,,,,,0.59%,$           145.86,0.87,,,,,,,,0.65%,,,0,,-2.21%,,,,,,,,,,,,
,,,,,,,,,,,,,,,,,,2021,8/12/2021,$                                                     148.89,,,,,,,,,,0.58%,$           148.89,0.87,,,,,,,,0.64%,,,0,,-0.17%,,,,,,,,,,,,
,,,,,,,,,,,,,,,,,,2021,8/13/2021,$                                                      149.10,,,,,,,,,,0.58%,$            149.10,0.87,,,,,,,,0.64%,,,0,,-0.03%,,,,,,,,,,,,
,,,,,,,,,,,,,,,,,,2021,8/16/2021,$                                                       151.12,,,,,,,,,,0.57%,$             151.12,0.87,,,,,,,,0.63%,,,0,,0.00%,,,,,,,,,,,,
,,,,,,,,,,,,,,,,,,2021,8/17/2021,$                                                      150.19,,,,,,,,,,0.58%,$            150.19,0.87,,,,,,,,0.63%,,,0,,-0.62%,,,,,,,,,,,,
,,,,,,,,,,,,,,,,,,2021,8/18/2021,$                                                     146.36,,,,,,,,,,0.59%,$           146.36,0.87,,,,,,,,0.65%,,,0,,-3.15%,,,,,,,,,,,,
,,,,,,,,,,,,,,,,,,2021,8/19/2021,$                                                     146.70,,,,,,,,,,0.59%,$           146.70,0.87,,,,,,,,0.65%,,,0,,-2.92%,,,,,,,,,,,,
,,,,,,,,,,,,,,,,,,2021,8/20/2021,$                                                      148.19,,,,,,,,,,0.58%,$            148.19,0.87,,,,,,,,0.64%,,,0,,-1.94%,,,,,,,,,,,,
,,,,,,,,,,,,,,,,,,2021,8/23/2021,$                                                      149.71,,,,,,,,,,0.58%,$            149.71,0.87,,,,,,,,0.63%,,,0,,-0.93%,,,,,,,,,,,,
,,,,,,,,,,,,,,,,,,2021,8/24/2021,$                                                     149.62,,,,,,,,,,0.58%,$           149.62,0.87,,,,,,,,0.63%,,,0,,-0.99%,,,,,,,,,,,,
,,,,,,,,,,,,,,,,,,2021,8/25/2021,$                                                     148.36,,,,,,,,,,0.58%,$           148.36,0.87,,,,,,,,0.64%,,,0,,-1.83%,,,,,,,,,,,,
,,,,,,,,,,,,,,,,,,2021,8/26/2021,$                                                     147.54,,,,,,,,,,0.59%,$           147.54,0.87,,,,,,,,0.64%,,,0,,-2.37%,,,,,,,,,,,,
,,,,,,,,,,,,,,,,,,2021,8/27/2021,$                                                     148.60,,,,,,,,,,0.58%,$           148.60,0.87,,,,,,,,0.64%,,,0,,-1.67%,,,,,,,,,,,,
,,,,,,,,,,,,,,,,,,2021,8/30/2021,$                                                      153.12,,,,,,,,,,0.56%,$            153.12,0.87,,,,,,,,0.62%,,,0,,0.00%,,,,,,,,,,,,
,,,,,,,,,,,,,,,,,,2021,8/31/2021,$                                                      151.83,,,,,,,,,,0.57%,$            151.83,0.87,,,,,,,,0.63%,,,0,,-0.84%,,,,,,,,,,,,
,,,,,,,,,,,,,,,,,,2021,9/1/2021,$                                                      152.51,,,,,,,,,,0.57%,$            152.51,0.87,,,,,,,,0.62%,,,0,,-0.40%,,,,,,,,,,,,
,,,,,,,,,,,,,,,,,,2021,9/2/2021,$                                                     153.65,,,,,,,,,,0.56%,$           153.65,0.87,,,,,,,,0.62%,,,0,,0.00%,,,,,,,,,,,,
,,,,,,,,,,,,,,,,,,2021,9/3/2021,$                                                     154.30,,,,,,,,,,0.56%,$           154.30,0.87,,,,,,,,0.62%,,,0,,0.00%,,,,,,,,,,,,
,,,,,,,,,,,,,,,,,,2021,9/7/2021,$                                                     156.69,,,,,,,,,,0.55%,$           156.69,0.87,,,,,,,,0.61%,,,0,,0.00%,,,,,,,,,,,,
,,,,,,,,,,,,,,,,,,2021,9/8/2021,$                                                       155.11,,,,,,,,,,0.56%,$             155.11,0.87,,,,,,,,0.61%,,,0,,-1.01%,,,,,,,,,,,,
,,,,,,,,,,,,,,,,,,2021,9/9/2021,$                                                     154.07,,,,,,,,,,0.56%,$           154.07,0.87,,,,,,,,0.62%,,,0,,-1.67%,,,,,,,,,,,,
,,,,,,,,,,,,,,,,,,2021,9/10/2021,$                                                     148.97,,,,,,,,,,0.58%,$           148.97,0.87,,,,,,,,0.64%,,,0,,-4.93%,,,,,,,,,,,,
,,,,,,,,,,,,,,,,,,2021,9/13/2021,$                                                     149.55,,,,,,,,,,0.58%,$           149.55,0.87,,,,,,,,0.64%,,,0,,-4.56%,,,,,,,,,,,,
,,,,,,,,,,,,,,,,,,2021,9/14/2021,$                                                      148.12,,,,,,,,,,0.58%,$            148.12,0.87,,,,,,,,0.64%,,,0,,-5.47%,,,,,,,,,,,,
,,,,,,,,,,,,,,,,,,2021,9/15/2021,$                                                     149.03,,,,,,,,,,0.58%,$           149.03,0.87,,,,,,,,0.64%,,,0,,-4.89%,,,,,,,,,,,,
,,,,,,,,,,,,,,,,,,2021,9/16/2021,$                                                     148.79,,,,,,,,,,0.58%,$           148.79,0.87,,,,,,,,0.64%,,,0,,-5.04%,,,,,,,,,,,,
,,,,,,,,,,,,,,,,,,2021,9/17/2021,$                                                     146.06,,,,,,,,,,0.59%,$           146.06,0.87,,,,,,,,0.65%,,,0,,-6.78%,,,,,,,,,,,,
,,,,,,,,,,,,,,,,,,2021,9/20/2021,$                                                     142.94,,,,,,,,,,0.61%,$           142.94,0.87,,,,,,,,0.66%,,,0,,-8.78%,,,,,,,,,,,,
,,,,,,,,,,,,,,,,,,2021,9/21/2021,$                                                     143.43,,,,,,,,,,0.60%,$           143.43,0.87,,,,,,,,0.66%,,,0,,-8.46%,,,,,,,,,,,,
,,,,,,,,,,,,,,,,,,2021,9/22/2021,$                                                     145.85,,,,,,,,,,0.59%,$           145.85,0.87,,,,,,,,0.65%,,,0,,-6.92%,,,,,,,,,,,,
,,,,,,,,,,,,,,,,,,2021,9/23/2021,$                                                     146.83,,,,,,,,,,0.59%,$           146.83,0.87,,,,,,,,0.65%,,,0,,-6.29%,,,,,,,,,,,,
,,,,,,,,,,,,,,,,,,2021,9/24/2021,$                                                     146.92,,,,,,,,,,0.59%,$           146.92,0.87,,,,,,,,0.65%,,,0,,-6.24%,,,,,,,,,,,,
,,,,,,,,,,,,,,,,,,2021,9/27/2021,$                                                     145.37,,,,,,,,,,0.60%,$           145.37,0.87,,,,,,,,0.65%,,,0,,-7.22%,,,,,,,,,,,,
,,,,,,,,,,,,,,,,,,2021,9/28/2021,$                                                       141.91,,,,,,,,,,0.61%,$             141.91,0.87,,,,,,,,0.67%,,,0,,-9.43%,,,,,,,,,,,,
,,,,,,,,,,,,,,,,,,2021,9/29/2021,$                                                     142.83,,,,,,,,,,0.61%,$           142.83,0.87,,,,,,,,0.67%,,,0,,-8.85%,,,,,,,,,,,,
,,,,,,,,,,,,,,,,,,2021,9/30/2021,$                                                      141.50,,,,,,,,,,0.61%,$            141.50,0.87,,,,,,,,0.67%,,,0,,-9.69%,,,,,,,,,,,,
,,,,,,,,,,,,,,,,,,2021,10/1/2021,$                                                     142.65,,,,,,,,,,0.61%,$           142.65,0.87,,,,,,,,0.67%,,,0,,-8.96%,,,,,,,,,,,,
,,,,,,,,,,,,,,,,,,2021,10/4/2021,$                                                      139.14,,,,,,,,,,0.62%,$            139.14,0.87,,,,,,,,0.68%,,,0,,-11.20%,,,,,,,,,,,,
,,,,,,,,,,,,,,,,,,2021,10/5/2021,$                                                        141.11,,,,,,,,,,,$              141.11,,,,,,,,,0.67%,,,0,,-9.94%,,,,,,,,,,,,
,,,,,,,,,,,,,,,,,,2021,10/6/2021,$                                                     142.00,,,,,,,,,,0.61%,$           142.00,0.87,,,,,,,,0.67%,,,0,,-9.38%,,,,,,,,,,,,
,,,,,,,,,,,,,,,,,,2021,10/7/2021,$                                                     143.29,,,,,,,,,,0.60%,$           143.29,0.87,,,,,,,,0.66%,,,0,,-8.55%,,,,,,,,,,,,
,,,,,,,,,,,,,,,,,,2021,10/8/2021,$                                                     142.90,,,,,,,,,,0.61%,$           142.90,0.87,,,,,,,,0.66%,,,0,,-8.80%,,,,,,,,,,,,
,,,,,,,,,,,,,,,,,,2021,10/11/2021,$                                                      142.81,,,,,,,,,,0.61%,$            142.81,0.87,,,,,,,,0.67%,,,0,,-8.86%,,,,,,,,,,,,
,,,,,,,,,,,,,,,,,,2021,10/12/2021,$                                                       141.51,,,,,,,,,,0.61%,$             141.51,0.87,,,,,,,,0.67%,,,0,,-9.69%,,,,,,,,,,,,
,,,,,,,,,,,,,,,,,,2021,10/13/2021,$                                                      140.91,,,,,,,,,,0.61%,$            140.91,0.87,,,,,,,,0.67%,,,0,,-10.07%,,,,,,,,,,,,
,,,,,,,,,,,,,,,,,,2021,10/14/2021,$                                                     143.76,,,,,,,,,,0.60%,$           143.76,0.87,,,,,,,,0.66%,,,0,,-8.25%,,,,,,,,,,,,
,,,,,,,,,,,,,,,,,,2021,10/15/2021,$                                                     144.84,,,,,,,,,,0.60%,$           144.84,0.87,,,,,,,,0.66%,,,0,,-7.56%,,,,,,,,,,,,
,,,,,,,,,,,,,,,,,,2021,10/18/2021,$                                                     146.55,,,,,,,,,,0.59%,$           146.55,0.87,,,,,,,,0.65%,,,0,,-6.47%,,,,,,,,,,,,
,,,,,,,,,,,,,,,,,,2021,10/19/2021,$                                                     148.76,,,,,,,,,,0.58%,$           148.76,0.87,,,,,,,,0.64%,,,0,,-5.06%,,,,,,,,,,,,
,,,,,,,,,,,,,,,,,,2021,10/20/2021,$                                                     149.26,,,,,,,,,,0.58%,$           149.26,0.87,,,,,,,,0.64%,,,0,,-4.74%,,,,,,,,,,,,
,,,,,,,,,,,,,,,,,,2021,10/21/2021,$                                                     149.48,,,,,,,,,,0.58%,$           149.48,0.87,,,,,,,,0.64%,,,0,,-4.60%,,,,,,,,,,,,
,,,,,,,,,,,,,,,,,,2021,10/22/2021,$                                                     148.69,,,,,,,,,,0.58%,$           148.69,0.87,,,,,,,,0.64%,,,0,,-5.11%,,,,,,,,,,,,
,,,,,,,,,,,,,,,,,,2021,10/25/2021,$                                                     148.64,,,,,,,,,,0.58%,$           148.64,0.87,,,,,,,,0.64%,,,0,,-5.14%,,,,,,,,,,,,
,,,,,,,,,,,,,,,,,,2021,10/26/2021,$                                                     149.32,,,,,,,,,,0.58%,$           149.32,0.87,,,,,,,,0.64%,,,0,,-4.70%,,,,,,,,,,,,
,,,,,,,,,,,,,,,,,,2021,10/27/2021,$                                                     148.85,,,,,,,,,,0.58%,$           148.85,0.87,,,,,,,,0.64%,,,0,,-5.00%,,,,,,,,,,,,
,,,,,,,,,,,,,,,,,,2021,10/28/2021,$                                                     152.57,,,,,,,,,,0.57%,$           152.57,0.87,,,,,,,,0.62%,,,0,,-2.63%,,,,,,,,,,,,
,,,,,,,,,,,,,,,,,,2021,10/29/2021,$                                                     149.80,,,,,,,,,,0.58%,$           149.80,0.87,,,,,,,,0.63%,,,0,,-4.40%,,,,,,,,,,,,
,,,,,,,,,,,,,,,,,,2021,11/1/2021,$                                                     148.96,,,,,,,,,,0.58%,$           148.96,0.87,,,,,,,,0.64%,,,0,,-4.93%,,,,,,,,,,,,
,,,,,,,,,,,,,,,,,,2021,11/2/2021,$                                                     150.02,,,,,,,,,,0.58%,$           150.02,0.87,,,,,,,,0.63%,,,0,,-4.26%,,,,,,,,,,,,
,,,,,,,,,,,,,,,,,,2021,11/3/2021,$                                                      151.49,,,,,,,,,,0.57%,$            151.49,0.87,,,,,,,,0.63%,,,0,,-3.32%,,,,,,,,,,,,
,,,,,,,,,,,,,,,,,,2021,11/4/2021,$                                                     150.96,,,,,,,,,,0.57%,$           150.96,0.87,,,,,,,,0.63%,,,0,,-3.66%,,,,,,,,,,,,
,,,,,,,,,,,,,,,,,,2021,11/5/2021,$                                                      151.28,,,,,,,,,,0.57%,$            151.28,0.87,,,,,,,,0.63%,,,0,,-3.45%,,,,,,,,,,,,
,,,,,,,,,,,,,,,,,,2021,11/8/2021,$                                                     150.44,,,,,,,,,,0.57%,$           150.44,0.87,,,,,,,,0.63%,,,0,,-3.99%,,,,,,,,,,,,
,,,,,,,,,,,,,,,,,,2021,11/9/2021,$                                                      150.81,,,,,,,,,,0.57%,$            150.81,0.87,,,,,,,,0.63%,,,0,,-3.75%,,,,,,,,,,,,
,,,,,,,,,,,,,,,,,,2021,11/10/2021,$                                                     147.92,,,,,,,,,,0.58%,$           147.92,0.87,,,,,,,,0.64%,,,0,,-5.60%,,,,,,,,,,,,
,,,,,,,,,,,,,,,,,,2021,11/11/2021,$                                                     147.87,,,,,,,,,,0.58%,$           147.87,0.87,,,,,,,,0.64%,,,0,,-5.63%,,,,,,,,,,,,
,,,,,,,,,,,,,,,,,,2021,11/12/2021,$                                                     149.99,,,,,,,,,,0.58%,$           149.99,0.87,,,,,,,,0.63%,,,0,,-4.28%,,,,,,,,,,,,
,,,,,,,,,,,,,,,,,,2021,11/15/2021,$                                                     150.00,,,,,,,,,,0.58%,$           150.00,0.87,,,,,,,,0.63%,,,0,,-4.27%,,,,,,,,,,,,
,,,,,,,,,,,,,,,,,,2021,11/16/2021,$                                                      151.00,,,,,,,,,,0.57%,$            151.00,0.87,,,,,,,,0.63%,,,0,,-3.63%,,,,,,,,,,,,
,,,,,,,,,,,,,,,,,,2021,11/17/2021,$                                                     153.49,,,,,,,,,,0.56%,$           153.49,0.87,,,,,,,,0.62%,,,0,,-2.04%,,,,,,,,,,,,
,,,,,,,,,,,,,,,,,,2021,11/18/2021,$                                                     157.87,,,,,,,,,,0.55%,$           157.87,0.87,,,,,,,,0.60%,,,0,,0.00%,,,,,,,,,,,,
,,,,,,,,,,,,,,,,,,2021,11/19/2021,$                                                     160.55,,,,,,,,,,0.54%,$           160.55,0.87,,,,,,,,0.59%,,,0,,0.00%,,,,,,,,,,,,
,,,,,,,,,,,,,,,,,,2021,11/22/2021,$                                                      161.02,,,,,,,,,,0.54%,$            161.02,0.87,,,,,,,,0.59%,,,0,,0.00%,,,,,,,,,,,,
,,,,,,,,,,,,,,,,,,2021,11/23/2021,$                                                       161.41,,,,,,,,,,0.54%,$             161.41,0.87,,,,,,,,0.59%,,,0,,0.00%,,,,,,,,,,,,
,,,,,,,,,,,,,,,,,,2021,11/24/2021,$                                                      161.94,,,,,,,,,,0.53%,$            161.94,0.87,,,,,,,,0.59%,,,0,,0.00%,,,,,,,,,,,,
,,,,,,,,,,,,,,,,,,2021,11/26/2021,$                                                      156.81,,,,,,,,,,0.55%,$            156.81,0.87,,,,,,,,0.61%,,,0,,-3.17%,,,,,,,,,,,,
,,,,,,,,,,,,,,,,,,2021,11/29/2021,$                                                     160.24,,,,,,,,,,0.54%,$           160.24,0.87,,,,,,,,0.59%,,,0,,-1.05%,,,,,,,,,,,,
,,,,,,,,,,,,,,,,,,2021,11/30/2021,$                                                     165.30,,,,,,,,,,0.52%,$           165.30,0.87,,,,,,,,0.57%,,,0,,0.00%,,,,,,,,,,,,
,,,,,,,,,,,,,,,,,,2021,12/1/2021,$                                                     164.77,,,,,,,,,,0.52%,$           164.77,0.87,,,,,,,,0.58%,,,0,,-0.32%,,,,,,,,,,,,
,,,,,,,,,,,,,,,,,,2021,12/2/2021,$                                                     163.76,,,,,,,,,,0.53%,$           163.76,0.87,,,,,,,,0.58%,,,0,,-0.93%,,,,,,,,,,,,
,,,,,,,,,,,,,,,,,,2021,12/3/2021,$                                                      161.84,,,,,,,,,,0.53%,$            161.84,0.87,,,,,,,,0.59%,,,0,,-2.09%,,,,,,,,,,,,
,,,,,,,,,,,,,,,,,,2021,12/6/2021,$                                                     165.32,,,,,,,,,,0.52%,$           165.32,0.87,,,,,,,,0.57%,,,0,,0.00%,,,,,,,,,,,,
,,,,,,,,,,,,,,,,,,2021,12/7/2021,$                                                       171.18,,,,,,,,,,0.51%,$             171.18,0.87,,,,,,,,0.55%,,,0,,0.00%,,,,,,,,,,,,
,,,,,,,,,,,,,,,,,,2021,12/8/2021,$                                                     175.08,,,,,,,,,,0.49%,$           175.08,0.87,,,,,,,,0.54%,,,0,,0.00%,,,,,,,,,,,,
,,,,,,,,,,,,,,,,,,2021,12/9/2021,$                                                     174.56,,,,,,,,,,0.50%,$           174.56,0.87,,,,,,,,0.54%,,,0,,-0.30%,,,,,,,,,,,,
,,,,,,,,,,,,,,,,,,2021,12/10/2021,$                                                     179.45,,,,,,,,,,0.48%,$           179.45,0.87,,,,,,,,0.53%,,,0,,0.00%,,,,,,,,,,,,
,,,,,,,,,,,,,,,,,,2021,12/13/2021,$                                                     175.74,,,,,,,,,,0.49%,$           175.74,0.87,,,,,,,,0.54%,,,0,,-2.07%,,,,,,,,,,,,
,,,,,,,,,,,,,,,,,,2021,12/14/2021,$                                                     174.33,,,,,,,,,,0.50%,$           174.33,0.87,,,,,,,,0.54%,,,0,,-2.85%,,,,,,,,,,,,
,,,,,,,,,,,,,,,,,,2021,12/15/2021,$                                                     179.30,,,,,,,,,,0.48%,$           179.30,0.87,,,,,,,,0.53%,,,0,,-0.08%,,,,,,,,,,,,
,,,,,,,,,,,,,,,,,,2021,12/16/2021,$                                                     172.26,,,,,,,,,,0.50%,$           172.26,0.87,,,,,,,,0.55%,,,0,,-4.01%,,,,,,,,,,,,
,,,,,,,,,,,,,,,,,,2021,12/17/2021,$                                                       171.14,,,,,,,,,,0.51%,$             171.14,0.87,,,,,,,,0.56%,,,0,,-4.63%,,,,,,,,,,,,
,,,,,,,,,,,,,,,,,,2021,12/20/2021,$                                                     169.75,,,,,,,,,,0.51%,$           169.75,0.87,,,,,,,,0.56%,,,0,,-5.41%,,,,,,,,,,,,
,,,,,,,,,,,,,,,,,,2021,12/21/2021,$                                                     172.99,,,,,,,,,,0.50%,$           172.99,0.87,,,,,,,,0.55%,,,0,,-3.60%,,,,,,,,,,,,
,,,,,,,,,,,,,,,,,,2021,12/22/2021,$                                                     175.64,,,,,,,,,,0.49%,$           175.64,0.87,,,,,,,,0.54%,,,0,,-2.12%,,,,,,,,,,,,
,,,,,,,,,,,,,,,,,,2021,12/23/2021,$                                                     176.28,,,,,,,,,,0.49%,$           176.28,0.87,,,,,,,,0.54%,,,0,,-1.77%,,,,,,,,,,,,
,,,,,,,,,,,,,,,,,,2021,12/27/2021,$                                                     180.33,,,,,,,,,,0.48%,$           180.33,0.87,,,,,,,,0.53%,,,0,,0.00%,,,,,,,,,,,,
,,,,,,,,,,,,,,,,,,2021,12/28/2021,$                                                     179.29,,,,,,,,,,0.48%,$           179.29,0.87,,,,,,,,0.53%,,,0,,-0.58%,,,,,,,,,,,,
,,,,,,,,,,,,,,,,,,2021,12/29/2021,$                                                     179.38,,,,,,,,,,0.48%,$           179.38,0.87,,,,,,,,0.53%,,,0,,-0.53%,,,,,,,,,,,,
,,,,,,,,,,,,,,,,,,2021,12/30/2021,$                                                     178.20,,,,,,,,,,0.49%,$           178.20,0.87,,,,,,,,0.53%,,,0,,-1.18%,,,,,,,,,,,,
,,,,,,,,,,,,,,,,,,2021,12/31/2021,$                                                     177.57,,,,,,,,,,0.49%,$           177.57,0.87,,,,,,,,0.54%,,,0,,-1.53%,,,,,,,,,,,,
,,,,,,,,,,,,,,,,,,2022,1/3/2022,$                                                      182.01,,,,,,,,,,0.50%,$            182.01,0.91,,,,,,,,0.52%,,,0,,0.00%,,,,,,,,,,,,
,,,,,,,,,,,,,,,,,,2022,1/4/2022,$                                                     179.70,,,,,,,,,,0.51%,$           179.70,0.91,,,,,,,,0.53%,,,0,,-1.27%,,,,,,,,,,,,
,,,,,,,,,,,,,,,,,,2022,1/5/2022,$                                                     174.92,,,,,,,,,,0.52%,$           174.92,0.91,,,,,,,,0.54%,,,0,,-3.90%,,,,,,,,,,,,
,,,,,,,,,,,,,,,,,,2022,1/6/2022,$                                                     172.00,,,,,,,,,,0.53%,$           172.00,0.91,,,,,,,,0.55%,,,0,,-5.50%,,,,,,,,,,,,
,,,,,,,,,,,,,,,,,,2022,1/7/2022,$                                                      172.17,,,,,,,,,,0.53%,$            172.17,0.91,,,,,,,,0.55%,,,0,,-5.41%,,,,,,,,,,,,
,,,,,,,,,,,,,,,,,,2022,1/10/2022,$                                                      172.19,,,,,,,,,,0.53%,$            172.19,0.91,,,,,,,,0.55%,,,0,,-5.40%,,,,,,,,,,,,
,,,,,,,,,,,,,,,,,,2022,1/11/2022,$                                                     175.08,,,,,,,,,,0.52%,$           175.08,0.91,,,,,,,,0.54%,,,0,,-3.81%,,,,,,,,,,,,
,,,,,,,,,,,,,,,,,,2022,1/12/2022,$                                                     175.53,,,,,,,,,,0.52%,$           175.53,0.91,,,,,,,,0.54%,,,0,,-3.56%,,,,,,,,,,,,
,,,,,,,,,,,,,,,,,,2022,1/13/2022,$                                                      172.19,,,,,,,,,,0.53%,$            172.19,0.91,,,,,,,,0.55%,,,0,,-5.40%,,,,,,,,,,,,
,,,,,,,,,,,,,,,,,,2022,1/14/2022,$                                                     173.07,,,,,,,,,,0.53%,$           173.07,0.91,,,,,,,,0.55%,,,0,,-4.91%,,,,,,,,,,,,
,,,,,,,,,,,,,,,,,,2022,1/18/2022,$                                                     169.80,,,,,,,,,,0.54%,$           169.80,0.91,,,,,,,,0.56%,,,0,,-6.71%,,,,,,,,,,,,
,,,,,,,,,,,,,,,,,,2022,1/19/2022,$                                                     166.23,,,,,,,,,,0.55%,$           166.23,0.91,,,,,,,,0.57%,,,0,,-8.67%,,,,,,,,,,,,
,,,,,,,,,,,,,,,,,,2022,1/20/2022,$                                                      164.51,,,,,,,,,,0.55%,$            164.51,0.91,,,,,,,,0.58%,,,0,,-9.61%,,,,,,,,,,,,
,,,,,,,,,,,,,,,,,,2022,1/21/2022,$                                                      162.41,,,,,,,,,,0.56%,$            162.41,0.91,,,,,,,,0.58%,,,0,,-10.77%,,,,,,,,,,,,
,,,,,,,,,,,,,,,,,,2022,1/24/2022,$                                                      161.62,,,,,,,,,,0.56%,$            161.62,0.91,,,,,,,,0.59%,,,0,,-11.20%,,,,,,,,,,,,
,,,,,,,,,,,,,,,,,,2022,1/25/2022,$                                                     159.78,,,,,,,,,,0.57%,$           159.78,0.91,,,,,,,,0.59%,,,0,,-12.21%,,,,,,,,,,,,
,,,,,,,,,,,,,,,,,,2022,1/26/2022,$                                                     159.69,,,,,,,,,,0.57%,$           159.69,0.91,,,,,,,,0.59%,,,0,,-12.26%,,,,,,,,,,,,
,,,,,,,,,,,,,,,,,,2022,1/27/2022,$                                                     159.22,,,,,,,,,,0.57%,$           159.22,0.91,,,,,,,,0.60%,,,0,,-12.52%,,,,,,,,,,,,
,,,,,,,,,,,,,,,,,,2022,1/28/2022,$                                                     170.33,,,,,,,,,,0.53%,$           170.33,0.91,,,,,,,,0.56%,,,0,,-6.42%,,,,,,,,,,,,
,,,,,,,,,,,,,,,,,,2022,1/31/2022,$                                                     174.78,,,,,,,,,,0.52%,$           174.78,0.91,,,,,,,,0.54%,,,0,,-3.97%,,,,,,,,,,,,
,,,,,,,,,,,,,,,,,,2022,2/1/2022,$                                                      174.61,,,,,,,,,,0.52%,$            174.61,0.91,,,,,,,,0.54%,,,0,,-4.07%,,,,,,,,,,,,
,,,,,,,,,,,,,,,,,,2022,2/2/2022,$                                                     175.84,,,,,,,,,,0.52%,$           175.84,0.91,,,,,,,,0.54%,,,0,,-3.39%,,,,,,,,,,,,
,,,,,,,,,,,,,,,,,,2022,2/3/2022,$                                                     172.90,,,,,,,,,,0.53%,$           172.90,0.91,,,,,,,,0.55%,,,0,,-5.01%,,,,,,,,,,,,
,,,,,,,,,,,,,,,,,,2022,2/4/2022,$                                                     172.39,,,,,,,,,,0.53%,$           172.39,0.91,,,,,,,,0.55%,,,0,,-5.29%,,,,,,,,,,,,
,,,,,,,,,,,,,,,,,,2022,2/7/2022,$                                                      171.66,,,,,,,,,,0.53%,$            171.66,0.91,,,,,,,,0.55%,,,0,,-5.69%,,,,,,,,,,,,
,,,,,,,,,,,,,,,,,,2022,2/8/2022,$                                                     174.83,,,,,,,,,,0.52%,$           174.83,0.91,,,,,,,,0.54%,,,0,,-3.94%,,,,,,,,,,,,
,,,,,,,,,,,,,,,,,,2022,2/9/2022,$                                                     176.28,,,,,,,,,,0.52%,$           176.28,0.91,,,,,,,,0.54%,,,0,,-3.15%,,,,,,,,,,,,
,,,,,,,,,,,,,,,,,,2022,2/10/2022,$                                                      172.12,,,,,,,,,,0.53%,$            172.12,0.91,,,,,,,,0.55%,,,0,,-5.43%,,,,,,,,,,,,
,,,,,,,,,,,,,,,,,,2022,2/11/2022,$                                                     168.64,,,,,,,,,,0.54%,$           168.64,0.91,,,,,,,,0.56%,,,0,,-7.35%,,,,,,,,,,,,
,,,,,,,,,,,,,,,,,,2022,2/14/2022,$                                                     168.88,,,,,,,,,,0.54%,$           168.88,0.91,,,,,,,,0.56%,,,0,,-7.21%,,,,,,,,,,,,
,,,,,,,,,,,,,,,,,,2022,2/15/2022,$                                                     172.79,,,,,,,,,,0.53%,$           172.79,0.91,,,,,,,,0.55%,,,0,,-5.07%,,,,,,,,,,,,
,,,,,,,,,,,,,,,,,,2022,2/16/2022,$                                                     172.55,,,,,,,,,,0.53%,$           172.55,0.91,,,,,,,,0.55%,,,0,,-5.20%,,,,,,,,,,,,
,,,,,,,,,,,,,,,,,,2022,2/17/2022,$                                                     168.88,,,,,,,,,,0.54%,$           168.88,0.91,,,,,,,,0.56%,,,0,,-7.21%,,,,,,,,,,,,
,,,,,,,,,,,,,,,,,,2022,2/18/2022,$                                                     167.30,,,,,,,,,,0.54%,$           167.30,0.91,,,,,,,,0.57%,,,0,,-8.08%,,,,,,,,,,,,
,,,,,,,,,,,,,,,,,,2022,2/22/2022,$                                                     164.32,,,,,,,,,,0.55%,$           164.32,0.91,,,,,,,,0.58%,,,0,,-9.72%,,,,,,,,,,,,
,,,,,,,,,,,,,,,,,,2022,2/23/2022,$                                                     160.07,,,,,,,,,,0.57%,$           160.07,0.91,,,,,,,,0.59%,,,0,,-12.05%,,,,,,,,,,,,
,,,,,,,,,,,,,,,,,,2022,2/24/2022,$                                                     162.74,,,,,,,,,,0.56%,$           162.74,0.91,,,,,,,,0.58%,,,0,,-10.59%,,,,,,,,,,,,
,,,,,,,,,,,,,,,,,,2022,2/25/2022,$                                                     164.85,,,,,,,,,,0.55%,$           164.85,0.91,,,,,,,,0.58%,,,0,,-9.43%,,,,,,,,,,,,
,,,,,,,,,,,,,,,,,,2022,2/28/2022,$                                                      165.12,,,,,,,,,,0.55%,$            165.12,0.91,,,,,,,,0.58%,,,0,,-9.28%,,,,,,,,,,,,
,,,,,,,,,,,,,,,,,,2022,3/1/2022,$                                                     163.20,,,,,,,,,,0.56%,$           163.20,0.91,,,,,,,,0.58%,,,0,,-10.33%,,,,,,,,,,,,
,,,,,,,,,,,,,,,,,,2022,3/2/2022,$                                                     166.56,,,,,,,,,,0.55%,$           166.56,0.91,,,,,,,,0.57%,,,0,,-8.49%,,,,,,,,,,,,
,,,,,,,,,,,,,,,,,,2022,3/3/2022,$                                                     166.23,,,,,,,,,,0.55%,$           166.23,0.91,,,,,,,,0.57%,,,0,,-8.67%,,,,,,,,,,,,
,,,,,,,,,,,,,,,,,,2022,3/4/2022,$                                                      163.17,,,,,,,,,,0.56%,$            163.17,0.91,,,,,,,,0.58%,,,0,,-10.35%,,,,,,,,,,,,
,,,,,,,,,,,,,,,,,,2022,3/7/2022,$                                                     159.30,,,,,,,,,,0.57%,$           159.30,0.91,,,,,,,,0.60%,,,0,,-12.48%,,,,,,,,,,,,
,,,,,,,,,,,,,,,,,,2022,3/8/2022,$                                                     157.44,,,,,,,,,,0.58%,$           157.44,0.91,,,,,,,,0.60%,,,0,,-13.50%,,,,,,,,,,,,
,,,,,,,,,,,,,,,,,,2022,3/9/2022,$                                                     162.95,,,,,,,,,,0.56%,$           162.95,0.91,,,,,,,,0.58%,,,0,,-10.47%,,,,,,,,,,,,
,,,,,,,,,,,,,,,,,,2022,3/10/2022,$                                                     158.52,,,,,,,,,,0.57%,$           158.52,0.91,,,,,,,,0.60%,,,0,,-12.91%,,,,,,,,,,,,
,,,,,,,,,,,,,,,,,,2022,3/11/2022,$                                                     154.73,,,,,,,,,,0.59%,$           154.73,0.91,,,,,,,,0.61%,,,0,,-14.99%,,,,,,,,,,,,
,,,,,,,,,,,,,,,,,,2022,3/14/2022,$                                                     150.62,,,,,,,,,,0.60%,$           150.62,0.91,,,,,,,,0.63%,,,0,,-17.25%,,,,,,,,,,,,
,,,,,,,,,,,,,,,,,,2022,3/15/2022,$                                                     155.09,,,,,,,,,,0.59%,$           155.09,0.91,,,,,,,,0.61%,,,0,,-14.79%,,,,,,,,,,,,
,,,,,,,,,,,,,,,,,,2022,3/16/2022,$                                                     159.59,,,,,,,,,,0.57%,$           159.59,0.91,,,,,,,,0.60%,,,0,,-12.32%,,,,,,,,,,,,
,,,,,,,,,,,,,,,,,,2022,3/17/2022,$                                                     160.62,,,,,,,,,,0.57%,$           160.62,0.91,,,,,,,,0.59%,,,0,,-11.75%,,,,,,,,,,,,
,,,,,,,,,,,,,,,,,,2022,3/18/2022,$                                                     163.98,,,,,,,,,,0.55%,$           163.98,0.91,,,,,,,,0.58%,,,0,,-9.91%,,,,,,,,,,,,
,,,,,,,,,,,,,,,,,,2022,3/21/2022,$                                                     165.38,,,,,,,,,,0.55%,$           165.38,0.91,,,,,,,,0.57%,,,0,,-9.14%,,,,,,,,,,,,
,,,,,,,,,,,,,,,,,,2022,3/22/2022,$                                                     168.82,,,,,,,,,,0.54%,$           168.82,0.91,,,,,,,,0.56%,,,0,,-7.25%,,,,,,,,,,,,
,,,,,,,,,,,,,,,,,,2022,3/23/2022,$                                                      170.21,,,,,,,,,,0.53%,$            170.21,0.91,,,,,,,,0.56%,,,0,,-6.48%,,,,,,,,,,,,
,,,,,,,,,,,,,,,,,,2022,3/24/2022,$                                                     174.07,,,,,,,,,,0.52%,$           174.07,0.91,,,,,,,,0.55%,,,0,,-4.36%,,,,,,,,,,,,
,,,,,,,,,,,,,,,,,,2022,3/25/2022,$                                                     174.72,,,,,,,,,,0.52%,$           174.72,0.91,,,,,,,,0.54%,,,0,,-4.01%,,,,,,,,,,,,
,,,,,,,,,,,,,,,,,,2022,3/28/2022,$                                                     175.60,,,,,,,,,,0.52%,$           175.60,0.91,,,,,,,,0.54%,,,0,,-3.52%,,,,,,,,,,,,
,,,,,,,,,,,,,,,,,,2022,3/29/2022,$                                                     178.96,,,,,,,,,,0.51%,$           178.96,0.91,,,,,,,,0.53%,,,0,,-1.68%,,,,,,,,,,,,
,,,,,,,,,,,,,,,,,,2022,3/30/2022,$                                                     177.77,,,,,,,,,,0.51%,$           177.77,0.91,,,,,,,,0.53%,,,0,,-2.33%,,,,,,,,,,,,
,,,,,,,,,,,,,,,,,,2022,3/31/2022,$                                                      174.61,,,,,,,,,,0.52%,$            174.61,0.91,,,,,,,,0.54%,,,0,,-4.07%,,,,,,,,,,,,
,,,,,,,,,,,,,,,,,,2022,4/1/2022,$                                                      174.31,,,,,,,,,,0.52%,$            174.31,0.91,,,,,,,,0.55%,,,0,,-4.23%,,,,,,,,,,,,
,,,,,,,,,,,,,,,,,,2022,4/4/2022,$                                                     178.44,,,,,,,,,,0.51%,$           178.44,0.91,,,,,,,,0.53%,,,0,,-1.96%,,,,,,,,,,,,
,,,,,,,,,,,,,,,,,,2022,4/5/2022,$                                                     175.06,,,,,,,,,,0.52%,$           175.06,0.91,,,,,,,,0.54%,,,0,,-3.82%,,,,,,,,,,,,
,,,,,,,,,,,,,,,,,,2022,4/6/2022,$                                                      171.83,,,,,,,,,,0.53%,$            171.83,0.91,,,,,,,,0.55%,,,0,,-5.59%,,,,,,,,,,,,
,,,,,,,,,,,,,,,,,,2022,4/7/2022,$                                                      172.14,,,,,,,,,,0.53%,$            172.14,0.91,,,,,,,,0.55%,,,0,,-5.42%,,,,,,,,,,,,
,,,,,,,,,,,,,,,,,,2022,4/8/2022,$                                                     170.09,,,,,,,,,,0.54%,$           170.09,0.91,,,,,,,,0.56%,,,0,,-6.55%,,,,,,,,,,,,
,,,,,,,,,,,,,,,,,,2022,4/11/2022,$                                                     165.75,,,,,,,,,,0.55%,$           165.75,0.91,,,,,,,,0.57%,,,0,,-8.93%,,,,,,,,,,,,
,,,,,,,,,,,,,,,,,,2022,4/12/2022,$                                                     167.66,,,,,,,,,,0.54%,$           167.66,0.91,,,,,,,,0.57%,,,0,,-7.88%,,,,,,,,,,,,
,,,,,,,,,,,,,,,,,,2022,4/13/2022,$                                                     170.40,,,,,,,,,,0.53%,$           170.40,0.91,,,,,,,,0.56%,,,0,,-6.38%,,,,,,,,,,,,
,,,,,,,,,,,,,,,,,,2022,4/14/2022,$                                                     165.29,,,,,,,,,,0.55%,$           165.29,0.91,,,,,,,,0.57%,,,0,,-9.19%,,,,,,,,,,,,
,,,,,,,,,,,,,,,,,,2022,4/18/2022,$                                                     165.07,,,,,,,,,,0.55%,$           165.07,0.91,,,,,,,,0.58%,,,0,,-9.31%,,,,,,,,,,,,
,,,,,,,,,,,,,,,,,,2022,4/19/2022,$                                                     167.40,,,,,,,,,,0.54%,$           167.40,0.91,,,,,,,,0.57%,,,0,,-8.03%,,,,,,,,,,,,
,,,,,,,,,,,,,,,,,,2022,4/20/2022,$                                                     167.23,,,,,,,,,,0.54%,$           167.23,0.91,,,,,,,,0.57%,,,0,,-8.12%,,,,,,,,,,,,
,,,,,,,,,,,,,,,,,,2022,4/21/2022,$                                                     166.42,,,,,,,,,,0.55%,$           166.42,0.91,,,,,,,,0.57%,,,0,,-8.57%,,,,,,,,,,,,
,,,,,,,,,,,,,,,,,,2022,4/22/2022,$                                                      161.79,,,,,,,,,,0.56%,$            161.79,0.91,,,,,,,,0.59%,,,0,,-11.11%,,,,,,,,,,,,
,,,,,,,,,,,,,,,,,,2022,4/25/2022,$                                                     162.88,,,,,,,,,,0.56%,$           162.88,0.91,,,,,,,,0.58%,,,0,,-10.51%,,,,,,,,,,,,
,,,,,,,,,,,,,,,,,,2022,4/26/2022,$                                                     156.80,,,,,,,,,,0.58%,$           156.80,0.91,,,,,,,,0.61%,,,0,,-13.85%,,,,,,,,,,,,
,,,,,,,,,,,,,,,,,,2022,4/27/2022,$                                                     156.57,,,,,,,,,,0.58%,$           156.57,0.91,,,,,,,,0.61%,,,0,,-13.98%,,,,,,,,,,,,
,,,,,,,,,,,,,,,,,,2022,4/28/2022,$                                                     163.64,,,,,,,,,,0.56%,$           163.64,0.91,,,,,,,,0.58%,,,0,,-10.09%,,,,,,,,,,,,
,,,,,,,,,,,,,,,,,,2022,4/29/2022,$                                                     157.65,,,,,,,,,,0.58%,$           157.65,0.91,,,,,,,,0.60%,,,0,,-13.38%,,,,,,,,,,,,
,,,,,,,,,,,,,,,,,,2022,5/2/2022,$                                                     157.96,,,,,,,,,,0.58%,$           157.96,0.91,,,,,,,,0.60%,,,0,,-13.21%,,,,,,,,,,,,
,,,,,,,,,,,,,,,,,,2022,5/3/2022,$                                                     159.48,,,,,,,,,,0.57%,$           159.48,0.91,,,,,,,,0.60%,,,0,,-12.38%,,,,,,,,,,,,
,,,,,,,,,,,,,,,,,,2022,5/4/2022,$                                                     166.02,,,,,,,,,,0.55%,$           166.02,0.91,,,,,,,,0.57%,,,0,,-8.79%,,,,,,,,,,,,
,,,,,,,,,,,,,,,,,,2022,5/5/2022,$                                                     156.77,,,,,,,,,,0.58%,$           156.77,0.91,,,,,,,,0.61%,,,0,,-13.87%,,,,,,,,,,,,
,,,,,,,,,,,,,,,,,,2022,5/6/2022,$                                                     157.28,,,,,,,,,,0.58%,$           157.28,0.91,,,,,,,,0.60%,,,0,,-13.59%,,,,,,,,,,,,
,,,,,,,,,,,,,,,,,,2022,5/9/2022,$                                                     152.06,,,,,,,,,,0.60%,$           152.06,0.91,,,,,,,,0.62%,,,0,,-16.46%,,,,,,,,,,,,
,,,,,,,,,,,,,,,,,,2022,5/10/2022,$                                                      154.51,,,,,,,,,,0.59%,$            154.51,0.91,,,,,,,,0.61%,,,0,,-15.11%,,,,,,,,,,,,
,,,,,,,,,,,,,,,,,,2022,5/11/2022,$                                                     146.50,,,,,,,,,,0.62%,$           146.50,0.91,,,,,,,,0.65%,,,0,,-19.51%,,,,,,,,,,,,
,,,,,,,,,,,,,,,,,,2022,5/12/2022,$                                                     142.56,,,,,,,,,,0.64%,$           142.56,0.91,,,,,,,,0.67%,,,0,,-21.67%,,,,,,,,,,,,
,,,,,,,,,,,,,,,,,,2022,5/13/2022,$                                                       147.11,,,,,,,,,,0.62%,$             147.11,0.91,,,,,,,,0.65%,,,0,,-19.17%,,,,,,,,,,,,
,,,,,,,,,,,,,,,,,,2022,5/16/2022,$                                                     145.54,,,,,,,,,,0.63%,$           145.54,0.91,,,,,,,,0.65%,,,0,,-20.04%,,,,,,,,,,,,
,,,,,,,,,,,,,,,,,,2022,5/17/2022,$                                                     149.24,,,,,,,,,,0.61%,$           149.24,0.91,,,,,,,,0.64%,,,0,,-18.00%,,,,,,,,,,,,
,,,,,,,,,,,,,,,,,,2022,5/18/2022,$                                                     140.82,,,,,,,,,,0.65%,$           140.82,0.91,,,,,,,,0.67%,,,0,,-22.63%,,,,,,,,,,,,
,,,,,,,,,,,,,,,,,,2022,5/19/2022,$                                                     137.35,,,,,,,,,,0.66%,$           137.35,0.91,,,,,,,,0.69%,,,0,,-24.54%,,,,,,,,,,,,
,,,,,,,,,,,,,,,,,,2022,5/20/2022,$                                                     137.59,,,,,,,,,,0.66%,$           137.59,0.91,,,,,,,,0.69%,,,0,,-24.41%,,,,,,,,,,,,
,,,,,,,,,,,,,,,,,,2022,5/23/2022,$                                                       143.11,,,,,,,,,,0.64%,$             143.11,0.91,,,,,,,,0.66%,,,0,,-21.37%,,,,,,,,,,,,
,,,,,,,,,,,,,,,,,,2022,5/24/2022,$                                                     140.36,,,,,,,,,,0.65%,$           140.36,0.91,,,,,,,,0.68%,,,0,,-22.88%,,,,,,,,,,,,
,,,,,,,,,,,,,,,,,,2022,5/25/2022,$                                                     140.52,,,,,,,,,,0.65%,$           140.52,0.91,,,,,,,,0.68%,,,0,,-22.80%,,,,,,,,,,,,
,,,,,,,,,,,,,,,,,,2022,5/26/2022,$                                                     143.78,,,,,,,,,,0.63%,$           143.78,0.91,,,,,,,,0.66%,,,0,,-21.00%,,,,,,,,,,,,
,,,,,,,,,,,,,,,,,,2022,5/27/2022,$                                                     149.64,,,,,,,,,,0.61%,$           149.64,0.91,,,,,,,,0.63%,,,0,,-17.78%,,,,,,,,,,,,
,,,,,,,,,,,,,,,,,,2022,5/31/2022,$                                                     148.84,,,,,,,,,,0.61%,$           148.84,0.91,,,,,,,,0.64%,,,0,,-18.22%,,,,,,,,,,,,
,,,,,,,,,,,,,,,,,,2022,6/1/2022,$                                                      148.71,,,,,,,,,,0.61%,$            148.71,0.91,,,,,,,,0.64%,,,0,,-18.30%,,,,,,,,,,,,
,,,,,,,,,,,,,,,,,,2022,6/2/2022,$                                                       151.21,,,,,,,,,,0.60%,$             151.21,0.91,,,,,,,,0.63%,,,0,,-16.92%,,,,,,,,,,,,
,,,,,,,,,,,,,,,,,,2022,6/3/2022,$                                                     145.38,,,,,,,,,,0.63%,$           145.38,0.91,,,,,,,,0.65%,,,0,,-20.13%,,,,,,,,,,,,
,,,,,,,,,,,,,,,,,,2022,6/6/2022,$                                                      146.14,,,,,,,,,,0.62%,$            146.14,0.91,,,,,,,,0.65%,,,0,,-19.71%,,,,,,,,,,,,
,,,,,,,,,,,,,,,,,,2022,6/7/2022,$                                                      148.71,,,,,,,,,,0.61%,$            148.71,0.91,,,,,,,,0.64%,,,0,,-18.30%,,,,,,,,,,,,
,,,,,,,,,,,,,,,,,,2022,6/8/2022,$                                                     147.96,,,,,,,,,,0.62%,$           147.96,0.91,,,,,,,,0.64%,,,0,,-18.71%,,,,,,,,,,,,
,,,,,,,,,,,,,,,,,,2022,6/9/2022,$                                                     142.64,,,,,,,,,,0.64%,$           142.64,0.91,,,,,,,,0.67%,,,0,,-21.63%,,,,,,,,,,,,
,,,,,,,,,,,,,,,,,,2022,6/10/2022,$                                                      137.13,,,,,,,,,,0.66%,$            137.13,0.91,,,,,,,,0.69%,,,0,,-24.66%,,,,,,,,,,,,
,,,,,,,,,,,,,,,,,,2022,6/13/2022,$                                                      131.88,,,,,,,,,,0.69%,$            131.88,0.91,,,,,,,,0.72%,,,0,,-27.54%,,,,,,,,,,,,
,,,,,,,,,,,,,,,,,,2022,6/14/2022,$                                                     132.76,,,,,,,,,,0.69%,$           132.76,0.91,,,,,,,,0.72%,,,0,,-27.06%,,,,,,,,,,,,
,,,,,,,,,,,,,,,,,,2022,6/15/2022,$                                                     135.43,,,,,,,,,,0.67%,$           135.43,0.91,,,,,,,,0.70%,,,0,,-25.59%,,,,,,,,,,,,
,,,,,,,,,,,,,,,,,,2022,6/16/2022,$                                                     130.06,,,,,,,,,,0.70%,$           130.06,0.91,,,,,,,,0.73%,,,0,,-28.54%,,,,,,,,,,,,
,,,,,,,,,,,,,,,,,,2022,6/17/2022,$                                                      131.56,,,,,,,,,,0.69%,$            131.56,0.91,,,,,,,,0.72%,,,0,,-27.72%,,,,,,,,,,,,
,,,,,,,,,,,,,,,,,,2022,6/21/2022,$                                                     135.87,,,,,,,,,,0.67%,$           135.87,0.91,,,,,,,,0.70%,,,0,,-25.35%,,,,,,,,,,,,
,,,,,,,,,,,,,,,,,,2022,6/22/2022,$                                                     135.35,,,,,,,,,,0.67%,$           135.35,0.91,,,,,,,,0.70%,,,0,,-25.64%,,,,,,,,,,,,
,,,,,,,,,,,,,,,,,,2022,6/23/2022,$                                                     138.27,,,,,,,,,,0.66%,$           138.27,0.91,,,,,,,,0.69%,,,0,,-24.03%,,,,,,,,,,,,
,,,,,,,,,,,,,,,,,,2022,6/24/2022,$                                                      141.66,,,,,,,,,,0.64%,$            141.66,0.91,,,,,,,,0.67%,,,0,,-22.17%,,,,,,,,,,,,
,,,,,,,,,,,,,,,,,,2022,6/27/2022,$                                                      141.66,,,,,,,,,,0.64%,$            141.66,0.91,,,,,,,,0.67%,,,0,,-22.17%,,,,,,,,,,,,
,,,,,,,,,,,,,,,,,,2022,6/28/2022,$                                                     137.44,,,,,,,,,,0.66%,$           137.44,0.91,,,,,,,,0.69%,,,0,,-24.49%,,,,,,,,,,,,
,,,,,,,,,,,,,,,,,,2022,6/29/2022,$                                                     139.23,,,,,,,,,,0.65%,$           139.23,0.91,,,,,,,,0.68%,,,0,,-23.50%,,,,,,,,,,,,
,,,,,,,,,,,,,,,,,,2022,6/30/2022,$                                                     136.72,,,,,,,,,,0.67%,$           136.72,0.91,,,,,,,,0.69%,,,0,,-24.88%,,,,,,,,,,,,
,,,,,,,,,,,,,,,,,,2022,7/1/2022,$                                                     138.93,,,,,,,,,,0.66%,$           138.93,0.91,,,,,,,,0.68%,,,0,,-23.67%,,,,,,,,,,,,
,,,,,,,,,,,,,,,,,,2022,7/5/2022,$                                                      141.56,,,,,,,,,,0.64%,$            141.56,0.91,,,,,,,,0.67%,,,0,,-22.22%,,,,,,,,,,,,
,,,,,,,,,,,,,,,,,,2022,7/6/2022,$                                                     142.92,,,,,,,,,,0.64%,$           142.92,0.91,,,,,,,,0.66%,,,0,,-21.48%,,,,,,,,,,,,
,,,,,,,,,,,,,,,,,,2022,7/7/2022,$                                                     146.35,,,,,,,,,,0.62%,$           146.35,0.91,,,,,,,,0.65%,,,0,,-19.59%,,,,,,,,,,,,
,,,,,,,,,,,,,,,,,,2022,7/8/2022,$                                                     147.04,,,,,,,,,,0.62%,$           147.04,0.91,,,,,,,,0.65%,,,0,,-19.21%,,,,,,,,,,,,
,,,,,,,,,,,,,,,,,,2022,7/11/2022,$                                                     144.87,,,,,,,,,,0.63%,$           144.87,0.91,,,,,,,,0.66%,,,0,,-20.41%,,,,,,,,,,,,
,,,,,,,,,,,,,,,,,,2022,7/12/2022,$                                                     145.86,,,,,,,,,,0.62%,$           145.86,0.91,,,,,,,,0.65%,,,0,,-19.86%,,,,,,,,,,,,
,,,,,,,,,,,,,,,,,,2022,7/13/2022,$                                                     145.49,,,,,,,,,,0.63%,$           145.49,0.91,,,,,,,,0.65%,,,0,,-20.06%,,,,,,,,,,,,
,,,,,,,,,,,,,,,,,,2022,7/14/2022,$                                                     148.47,,,,,,,,,,0.61%,$           148.47,0.91,,,,,,,,0.64%,,,0,,-18.43%,,,,,,,,,,,,
,,,,,,,,,,,,,,,,,,2022,7/15/2022,$                                                      150.17,,,,,,,,,,0.61%,$            150.17,0.91,,,,,,,,0.63%,,,0,,-17.49%,,,,,,,,,,,,
,,,,,,,,,,,,,,,,,,2022,7/18/2022,$                                                     147.07,,,,,,,,,,0.62%,$           147.07,0.91,,,,,,,,0.65%,,,0,,-19.20%,,,,,,,,,,,,
,,,,,,,,,,,,,,,,,,2022,7/19/2022,$                                                      151.00,,,,,,,,,,0.60%,$            151.00,0.91,,,,,,,,0.63%,,,0,,-17.04%,,,,,,,,,,,,
,,,,,,,,,,,,,,,,,,2022,7/20/2022,$                                                     153.04,,,,,,,,,,0.59%,$           153.04,0.91,,,,,,,,0.62%,,,0,,-15.92%,,,,,,,,,,,,
,,,,,,,,,,,,,,,,,,2022,7/21/2022,$                                                     155.35,,,,,,,,,,0.59%,$           155.35,0.91,,,,,,,,0.61%,,,0,,-14.65%,,,,,,,,,,,,
,,,,,,,,,,,,,,,,,,2022,7/22/2022,$                                                     154.09,,,,,,,,,,0.59%,$           154.09,0.91,,,,,,,,0.62%,,,0,,-15.34%,,,,,,,,,,,,
,,,,,,,,,,,,,,,,,,2022,7/25/2022,$                                                     152.95,,,,,,,,,,0.59%,$           152.95,0.91,,,,,,,,0.62%,,,0,,-15.97%,,,,,,,,,,,,
,,,,,,,,,,,,,,,,,,2022,7/26/2022,$                                                      151.60,,,,,,,,,,0.60%,$            151.60,0.91,,,,,,,,0.63%,,,0,,-16.71%,,,,,,,,,,,,
,,,,,,,,,,,,,,,,,,2022,7/27/2022,$                                                     156.79,,,,,,,,,,0.58%,$           156.79,0.91,,,,,,,,0.61%,,,0,,-13.86%,,,,,,,,,,,,
,,,,,,,,,,,,,,,,,,2022,7/28/2022,$                                                     157.35,,,,,,,,,,0.58%,$           157.35,0.91,,,,,,,,0.60%,,,0,,-13.55%,,,,,,,,,,,,
,,,,,,,,,,,,,,,,,,2022,7/29/2022,$                                                      162.51,,,,,,,,,,0.56%,$            162.51,0.91,,,,,,,,0.58%,,,0,,-10.71%,,,,,,,,,,,,
,,,,,,,,,,,,,,,,,,2022,8/1/2022,$                                                       161.51,,,,,,,,,,0.56%,$             161.51,0.91,,,,,,,,0.59%,,,0,,-11.26%,,,,,,,,,,,,
,,,,,,,,,,,,,,,,,,2022,8/2/2022,$                                                      160.01,,,,,,,,,,0.57%,$            160.01,0.91,,,,,,,,0.59%,,,0,,-12.09%,,,,,,,,,,,,
,,,,,,,,,,,,,,,,,,2022,8/3/2022,$                                                      166.13,,,,,,,,,,0.55%,$            166.13,0.91,,,,,,,,0.57%,,,0,,-8.72%,,,,,,,,,,,,
,,,,,,,,,,,,,,,,,,2022,8/4/2022,$                                                      165.81,,,,,,,,,,0.55%,$            165.81,0.91,,,,,,,,0.57%,,,0,,-8.90%,,,,,,,,,,,,
,,,,,,,,,,,,,,,,,,2022,8/5/2022,$                                                     165.35,,,,,,,,,,0.55%,$           165.35,0.91,,,,,,,,0.57%,,,0,,-9.15%,,,,,,,,,,,,
,,,,,,,,,,,,,,,,,,2022,8/8/2022,$                                                     164.87,,,,,,,,,,0.55%,$           164.87,0.91,,,,,,,,0.58%,,,0,,-9.42%,,,,,,,,,,,,
,,,,,,,,,,,,,,,,,,2022,8/9/2022,$                                                     164.92,,,,,,,,,,0.55%,$           164.92,0.91,,,,,,,,0.58%,,,0,,-9.39%,,,,,,,,,,,,
,,,,,,,,,,,,,,,,,,2022,8/10/2022,$                                                     169.24,,,,,,,,,,0.54%,$           169.24,0.91,,,,,,,,0.56%,,,0,,-7.02%,,,,,,,,,,,,
,,,,,,,,,,,,,,,,,,2022,8/11/2022,$                                                     168.49,,,,,,,,,,0.54%,$           168.49,0.91,,,,,,,,0.56%,,,0,,-7.43%,,,,,,,,,,,,
,,,,,,,,,,,,,,,,,,2022,8/12/2022,$                                                      172.10,,,,,,,,,,0.53%,$            172.10,0.91,,,,,,,,0.55%,,,0,,-5.44%,,,,,,,,,,,,
,,,,,,,,,,,,,,,,,,2022,8/15/2022,$                                                      173.19,,,,,,,,,,0.53%,$            173.19,0.91,,,,,,,,0.55%,,,0,,-4.85%,,,,,,,,,,,,
,,,,,,,,,,,,,,,,,,2022,8/16/2022,$                                                     173.03,,,,,,,,,,0.53%,$           173.03,0.91,,,,,,,,0.55%,,,0,,-4.93%,,,,,,,,,,,,
,,,,,,,,,,,,,,,,,,2022,8/17/2022,$                                                     174.55,,,,,,,,,,0.52%,$           174.55,0.91,,,,,,,,0.54%,,,0,,-4.10%,,,,,,,,,,,,
,,,,,,,,,,,,,,,,,,2022,8/18/2022,$                                                      174.15,,,,,,,,,,0.52%,$            174.15,0.91,,,,,,,,0.55%,,,0,,-4.32%,,,,,,,,,,,,
,,,,,,,,,,,,,,,,,,2022,8/19/2022,$                                                      171.52,,,,,,,,,,0.53%,$            171.52,0.91,,,,,,,,0.55%,,,0,,-5.76%,,,,,,,,,,,,
,,,,,,,,,,,,,,,,,,2022,8/22/2022,$                                                     167.57,,,,,,,,,,0.54%,$           167.57,0.91,,,,,,,,0.57%,,,0,,-7.93%,,,,,,,,,,,,
,,,,,,,,,,,,,,,,,,2022,8/23/2022,$                                                     167.23,,,,,,,,,,0.54%,$           167.23,0.91,,,,,,,,0.57%,,,0,,-8.12%,,,,,,,,,,,,
,,,,,,,,,,,,,,,,,,2022,8/24/2022,$                                                     167.53,,,,,,,,,,0.54%,$           167.53,0.91,,,,,,,,0.57%,,,0,,-7.96%,,,,,,,,,,,,
,,,,,,,,,,,,,,,,,,2022,8/25/2022,$                                                     170.03,,,,,,,,,,0.54%,$           170.03,0.91,,,,,,,,0.56%,,,0,,-6.58%,,,,,,,,,,,,
,,,,,,,,,,,,,,,,,,2022,8/26/2022,$                                                     163.62,,,,,,,,,,0.56%,$           163.62,0.91,,,,,,,,0.58%,,,0,,-10.10%,,,,,,,,,,,,
,,,,,,,,,,,,,,,,,,2022,8/29/2022,$                                                      161.38,,,,,,,,,,0.56%,$            161.38,0.91,,,,,,,,0.59%,,,0,,-11.33%,,,,,,,,,,,,
,,,,,,,,,,,,,,,,,,2022,8/30/2022,$                                                      158.91,,,,,,,,,,0.57%,$            158.91,0.91,,,,,,,,0.60%,,,0,,-12.69%,,,,,,,,,,,,
,,,,,,,,,,,,,,,,,,2022,8/31/2022,$                                                     157.22,,,,,,,,,,0.58%,$           157.22,0.91,,,,,,,,0.60%,,,0,,-13.62%,,,,,,,,,,,,
,,,,,,,,,,,,,,,,,,2022,9/1/2022,$                                                     157.96,,,,,,,,,,0.58%,$           157.96,0.91,,,,,,,,0.60%,,,0,,-13.21%,,,,,,,,,,,,
,,,,,,,,,,,,,,,,,,2022,9/2/2022,$                                                      155.81,,,,,,,,,,0.58%,$            155.81,0.91,,,,,,,,0.61%,,,0,,-14.39%,,,,,,,,,,,,
,,,,,,,,,,,,,,,,,,2022,9/6/2022,$                                                     154.53,,,,,,,,,,0.59%,$           154.53,0.91,,,,,,,,0.61%,,,0,,-15.10%,,,,,,,,,,,,
,,,,,,,,,,,,,,,,,,2022,9/7/2022,$                                                     155.96,,,,,,,,,,0.58%,$           155.96,0.91,,,,,,,,0.61%,,,0,,-14.31%,,,,,,,,,,,,
,,,,,,,,,,,,,,,,,,2022,9/8/2022,$                                                     154.46,,,,,,,,,,0.59%,$           154.46,0.91,,,,,,,,0.62%,,,0,,-15.14%,,,,,,,,,,,,
,,,,,,,,,,,,,,,,,,2022,9/9/2022,$                                                     157.37,,,,,,,,,,0.58%,$           157.37,0.91,,,,,,,,0.60%,,,0,,-13.54%,,,,,,,,,,,,
,,,,,,,,,,,,,,,,,,2022,9/12/2022,$                                                     163.43,,,,,,,,,,0.56%,$           163.43,0.91,,,,,,,,0.58%,,,0,,-10.21%,,,,,,,,,,,,
,,,,,,,,,,,,,,,,,,2022,9/13/2022,$                                                     153.84,,,,,,,,,,0.59%,$           153.84,0.91,,,,,,,,0.62%,,,0,,-15.48%,,,,,,,,,,,,
,,,,,,,,,,,,,,,,,,2022,9/14/2022,$                                                      155.31,,,,,,,,,,0.59%,$            155.31,0.91,,,,,,,,0.61%,,,0,,-14.67%,,,,,,,,,,,,
,,,,,,,,,,,,,,,,,,2022,9/15/2022,$                                                     152.37,,,,,,,,,,0.60%,$           152.37,0.91,,,,,,,,0.62%,,,0,,-16.28%,,,,,,,,,,,,
,,,,,,,,,,,,,,,,,,2022,9/16/2022,$                                                     150.70,,,,,,,,,,0.60%,$           150.70,0.91,,,,,,,,0.63%,,,0,,-17.20%,,,,,,,,,,,,
,,,,,,,,,,,,,,,,,,2022,9/19/2022,$                                                     154.48,,,,,,,,,,0.59%,$           154.48,0.91,,,,,,,,0.61%,,,0,,-15.13%,,,,,,,,,,,,
,,,,,,,,,,,,,,,,,,2022,9/20/2022,$                                                     156.90,,,,,,,,,,0.58%,$           156.90,0.91,,,,,,,,0.61%,,,0,,-13.80%,,,,,,,,,,,,
,,,,,,,,,,,,,,,,,,2022,9/21/2022,$                                                     153.72,,,,,,,,,,0.59%,$           153.72,0.91,,,,,,,,0.62%,,,0,,-15.54%,,,,,,,,,,,,
,,,,,,,,,,,,,,,,,,2022,9/22/2022,$                                                     152.74,,,,,,,,,,0.60%,$           152.74,0.91,,,,,,,,0.62%,,,0,,-16.08%,,,,,,,,,,,,
,,,,,,,,,,,,,,,,,,2022,9/23/2022,$                                                     150.43,,,,,,,,,,0.60%,$           150.43,0.91,,,,,,,,0.63%,,,0,,-17.35%,,,,,,,,,,,,
,,,,,,,,,,,,,,,,,,2022,9/26/2022,$                                                     150.77,,,,,,,,,,0.60%,$           150.77,0.91,,,,,,,,0.63%,,,0,,-17.16%,,,,,,,,,,,,
,,,,,,,,,,,,,,,,,,2022,9/27/2022,$                                                      151.76,,,,,,,,,,0.60%,$            151.76,0.91,,,,,,,,0.63%,,,0,,-16.62%,,,,,,,,,,,,
,,,,,,,,,,,,,,,,,,2022,9/28/2022,$                                                     149.84,,,,,,,,,,0.61%,$           149.84,0.91,,,,,,,,0.63%,,,0,,-17.67%,,,,,,,,,,,,
,,,,,,,,,,,,,,,,,,2022,9/29/2022,$                                                     142.48,,,,,,,,,,0.64%,$           142.48,0.91,,,,,,,,0.67%,,,0,,-21.72%,,,,,,,,,,,,
,,,,,,,,,,,,,,,,,,2022,9/30/2022,$                                                     138.20,,,,,,,,,,0.66%,$           138.20,0.91,,,,,,,,0.69%,,,0,,-24.07%,,,,,,,,,,,,
,,,,,,,,,,,,,,,,,,2022,10/3/2022,$                                                     142.45,,,,,,,,,,0.64%,$           142.45,0.91,,,,,,,,0.67%,,,0,,-21.74%,,,,,,,,,,,,
,,,,,,,,,,,,,,,,,,2022,10/4/2022,$                                                      146.10,,,,,,,,,,0.62%,$            146.10,0.91,,,,,,,,0.65%,,,0,,-19.73%,,,,,,,,,,,,
,,,,,,,,,,,,,,,,,,2022,10/5/2022,$                                                     146.40,,,,,,,,,,0.62%,$           146.40,0.91,,,,,,,,0.65%,,,0,,-19.56%,,,,,,,,,,,,
,,,,,,,,,,,,,,,,,,2022,10/6/2022,$                                                     145.43,,,,,,,,,,0.63%,$           145.43,0.91,,,,,,,,0.65%,,,0,,-20.10%,,,,,,,,,,,,
,,,,,,,,,,,,,,,,,,2022,10/7/2022,$                                                     140.09,,,,,,,,,,0.65%,$           140.09,0.91,,,,,,,,0.68%,,,0,,-23.03%,,,,,,,,,,,,
,,,,,,,,,,,,,,,,,,2022,10/10/2022,$                                                     140.42,,,,,,,,,,0.65%,$           140.42,0.91,,,,,,,,0.68%,,,0,,-22.85%,,,,,,,,,,,,
,,,,,,,,,,,,,,,,,,2022,10/11/2022,$                                                     138.98,,,,,,,,,,0.65%,$           138.98,0.91,,,,,,,,0.68%,,,0,,-23.64%,,,,,,,,,,,,
,,,,,,,,,,,,,,,,,,2022,10/12/2022,$                                                     138.34,,,,,,,,,,0.66%,$           138.34,0.91,,,,,,,,0.69%,,,0,,-23.99%,,,,,,,,,,,,
,,,,,,,,,,,,,,,,,,2022,10/13/2022,$                                                     142.99,,,,,,,,,,0.64%,$           142.99,0.91,,,,,,,,0.66%,,,0,,-21.44%,,,,,,,,,,,,
,,,,,,,,,,,,,,,,,,2022,10/14/2022,$                                                     138.38,,,,,,,,,,0.66%,$           138.38,0.91,,,,,,,,0.69%,,,0,,-23.97%,,,,,,,,,,,,
,,,,,,,,,,,,,,,,,,2022,10/17/2022,$                                                      142.41,,,,,,,,,,0.64%,$            142.41,0.91,,,,,,,,0.67%,,,0,,-21.76%,,,,,,,,,,,,
,,,,,,,,,,,,,,,,,,2022,10/18/2022,$                                                     143.75,,,,,,,,,,0.63%,$           143.75,0.91,,,,,,,,0.66%,,,0,,-21.02%,,,,,,,,,,,,
,,,,,,,,,,,,,,,,,,2022,10/19/2022,$                                                     143.86,,,,,,,,,,0.63%,$           143.86,0.91,,,,,,,,0.66%,,,0,,-20.96%,,,,,,,,,,,,
,,,,,,,,,,,,,,,,,,2022,10/20/2022,$                                                     143.39,,,,,,,,,,0.63%,$           143.39,0.91,,,,,,,,0.66%,,,0,,-21.22%,,,,,,,,,,,,
,,,,,,,,,,,,,,,,,,2022,10/21/2022,$                                                     147.27,,,,,,,,,,0.62%,$           147.27,0.91,,,,,,,,0.65%,,,0,,-19.09%,,,,,,,,,,,,
,,,,,,,,,,,,,,,,,,2022,10/24/2022,$                                                     149.45,,,,,,,,,,0.61%,$           149.45,0.91,,,,,,,,0.64%,,,0,,-17.89%,,,,,,,,,,,,
,,,,,,,,,,,,,,,,,,2022,10/25/2022,$                                                     152.34,,,,,,,,,,0.60%,$           152.34,0.91,,,,,,,,0.62%,,,0,,-16.30%,,,,,,,,,,,,
,,,,,,,,,,,,,,,,,,2022,10/26/2022,$                                                     149.35,,,,,,,,,,0.61%,$           149.35,0.91,,,,,,,,0.64%,,,0,,-17.94%,,,,,,,,,,,,
,,,,,,,,,,,,,,,,,,2022,10/27/2022,$                                                     144.80,,,,,,,,,,0.63%,$           144.80,0.91,,,,,,,,0.66%,,,0,,-20.44%,,,,,,,,,,,,
,,,,,,,,,,,,,,,,,,2022,10/28/2022,$                                                     155.74,,,,,,,,,,0.58%,$           155.74,0.91,,,,,,,,0.61%,,,0,,-14.43%,,,,,,,,,,,,
,,,,,,,,,,,,,,,,,,2022,10/31/2022,$                                                     153.34,,,,,,,,,,0.59%,$           153.34,0.91,,,,,,,,0.62%,,,0,,-15.75%,,,,,,,,,,,,
,,,,,,,,,,,,,,,,,,2022,11/1/2022,$                                                     150.65,,,,,,,,,,0.60%,$           150.65,0.91,,,,,,,,0.63%,,,0,,-17.23%,,,,,,,,,,,,
,,,,,,,,,,,,,,,,,,2022,11/2/2022,$                                                     145.03,,,,,,,,,,0.63%,$           145.03,0.91,,,,,,,,0.66%,,,0,,-20.32%,,,,,,,,,,,,
,,,,,,,,,,,,,,,,,,2022,11/3/2022,$                                                     138.88,,,,,,,,,,0.66%,$           138.88,0.91,,,,,,,,0.68%,,,0,,-23.70%,,,,,,,,,,,,
,,,,,,,,,,,,,,,,,,2022,11/4/2022,$                                                     138.38,,,,,,,,,,0.66%,$           138.38,0.91,,,,,,,,0.69%,,,0,,-23.97%,,,,,,,,,,,,
,,,,,,,,,,,,,,,,,,2022,11/7/2022,$                                                     138.92,,,,,,,,,,0.66%,$           138.92,0.91,,,,,,,,0.68%,,,0,,-23.67%,,,,,,,,,,,,
,,,,,,,,,,,,,,,,,,2022,11/8/2022,$                                                     139.50,,,,,,,,,,0.65%,$           139.50,0.91,,,,,,,,0.68%,,,0,,-23.36%,,,,,,,,,,,,
,,,,,,,,,,,,,,,,,,2022,11/9/2022,$                                                     134.87,,,,,,,,,,0.67%,$           134.87,0.91,,,,,,,,0.70%,,,0,,-25.90%,,,,,,,,,,,,
,,,,,,,,,,,,,,,,,,2022,11/10/2022,$                                                     146.87,,,,,,,,,,0.62%,$           146.87,0.91,,,,,,,,0.65%,,,0,,-19.31%,,,,,,,,,,,,
,,,,,,,,,,,,,,,,,,2022,11/11/2022,$                                                     149.70,,,,,,,,,,0.61%,$           149.70,0.91,,,,,,,,0.63%,,,0,,-17.75%,,,,,,,,,,,,
,,,,,,,,,,,,,,,,,,2022,11/14/2022,$                                                     148.28,,,,,,,,,,0.61%,$           148.28,0.91,,,,,,,,0.64%,,,0,,-18.53%,,,,,,,,,,,,
,,,,,,,,,,,,,,,,,,2022,11/15/2022,$                                                     150.04,,,,,,,,,,0.61%,$           150.04,0.91,,,,,,,,0.63%,,,0,,-17.56%,,,,,,,,,,,,
,,,,,,,,,,,,,,,,,,2022,11/16/2022,$                                                     148.79,,,,,,,,,,0.61%,$           148.79,0.91,,,,,,,,0.64%,,,0,,-18.25%,,,,,,,,,,,,
,,,,,,,,,,,,,,,,,,2022,11/17/2022,$                                                     150.72,,,,,,,,,,0.60%,$           150.72,0.91,,,,,,,,0.63%,,,0,,-17.19%,,,,,,,,,,,,
,,,,,,,,,,,,,,,,,,2022,11/18/2022,$                                                      151.29,,,,,,,,,,0.60%,$            151.29,0.91,,,,,,,,0.63%,,,0,,-16.88%,,,,,,,,,,,,
,,,,,,,,,,,,,,,,,,2022,11/21/2022,$                                                      148.01,,,,,,,,,,0.61%,$            148.01,0.91,,,,,,,,0.64%,,,0,,-18.68%,,,,,,,,,,,,
,,,,,,,,,,,,,,,,,,2022,11/22/2022,$                                                      150.18,,,,,,,,,,0.61%,$            150.18,0.91,,,,,,,,0.63%,,,0,,-17.49%,,,,,,,,,,,,
,,,,,,,,,,,,,,,,,,2022,11/23/2022,$                                                      151.07,,,,,,,,,,0.60%,$            151.07,0.91,,,,,,,,0.63%,,,0,,-17.00%,,,,,,,,,,,,
,,,,,,,,,,,,,,,,,,2022,11/25/2022,$                                                       148.11,,,,,,,,,,0.61%,$             148.11,0.91,,,,,,,,0.64%,,,0,,-18.63%,,,,,,,,,,,,
,,,,,,,,,,,,,,,,,,2022,11/28/2022,$                                                     144.22,,,,,,,,,,0.63%,$           144.22,0.91,,,,,,,,0.66%,,,0,,-20.76%,,,,,,,,,,,,
,,,,,,,,,,,,,,,,,,2022,11/29/2022,$                                                       141.17,,,,,,,,,,0.64%,$             141.17,0.91,,,,,,,,0.67%,,,0,,-22.44%,,,,,,,,,,,,
,,,,,,,,,,,,,,,,,,2022,11/30/2022,$                                                     148.03,,,,,,,,,,0.61%,$           148.03,0.91,,,,,,,,0.64%,,,0,,-18.67%,,,,,,,,,,,,
,,,,,,,,,,,,,,,,,,2022,12/1/2022,$                                                      148.31,,,,,,,,,,0.61%,$            148.31,0.91,,,,,,,,0.64%,,,0,,-18.52%,,,,,,,,,,,,
,,,,,,,,,,,,,,,,,,2022,12/2/2022,$                                                      147.81,,,,,,,,,,0.62%,$            147.81,0.91,,,,,,,,0.64%,,,0,,-18.79%,,,,,,,,,,,,
,,,,,,,,,,,,,,,,,,2022,12/5/2022,$                                                     146.63,,,,,,,,,,0.62%,$           146.63,0.91,,,,,,,,0.65%,,,0,,-19.44%,,,,,,,,,,,,
,,,,,,,,,,,,,,,,,,2022,12/6/2022,$                                                      142.91,,,,,,,,,,0.64%,$            142.91,0.91,,,,,,,,0.66%,,,0,,-21.48%,,,,,,,,,,,,
,,,,,,,,,,,,,,,,,,2022,12/7/2022,$                                                     140.94,,,,,,,,,,0.65%,$           140.94,0.91,,,,,,,,0.67%,,,0,,-22.56%,,,,,,,,,,,,
,,,,,,,,,,,,,,,,,,2022,12/8/2022,$                                                     142.65,,,,,,,,,,0.64%,$           142.65,0.91,,,,,,,,0.67%,,,0,,-21.63%,,,,,,,,,,,,
,,,,,,,,,,,,,,,,,,2022,12/9/2022,$                                                      142.16,,,,,,,,,,0.64%,$            142.16,0.91,,,,,,,,0.67%,,,0,,-21.89%,,,,,,,,,,,,
,,,,,,,,,,,,,,,,,,2022,12/12/2022,$                                                     144.49,,,,,,,,,,0.63%,$           144.49,0.91,,,,,,,,0.66%,,,0,,-20.61%,,,,,,,,,,,,
,,,,,,,,,,,,,,,,,,2022,12/13/2022,$                                                     145.47,,,,,,,,,,0.63%,$           145.47,0.91,,,,,,,,0.65%,,,0,,-20.08%,,,,,,,,,,,,
,,,,,,,,,,,,,,,,,,2022,12/14/2022,$                                                      143.21,,,,,,,,,,0.64%,$            143.21,0.91,,,,,,,,0.66%,,,0,,-21.32%,,,,,,,,,,,,
,,,,,,,,,,,,,,,,,,2022,12/15/2022,$                                                     136.50,,,,,,,,,,0.67%,$           136.50,0.91,,,,,,,,0.70%,,,0,,-25.00%,,,,,,,,,,,,
,,,,,,,,,,,,,,,,,,2022,12/16/2022,$                                                      134.51,,,,,,,,,,0.68%,$            134.51,0.91,,,,,,,,0.71%,,,0,,-26.10%,,,,,,,,,,,,
,,,,,,,,,,,,,,,,,,2022,12/19/2022,$                                                     132.37,,,,,,,,,,0.69%,$           132.37,0.91,,,,,,,,0.72%,,,0,,-27.27%,,,,,,,,,,,,
,,,,,,,,,,,,,,,,,,2022,12/20/2022,$                                                     132.30,,,,,,,,,,0.69%,$           132.30,0.91,,,,,,,,0.72%,,,0,,-27.31%,,,,,,,,,,,,
,,,,,,,,,,,,,,,,,,2022,12/21/2022,$                                                     135.45,,,,,,,,,,0.67%,$           135.45,0.91,,,,,,,,0.70%,,,0,,-25.58%,,,,,,,,,,,,
,,,,,,,,,,,,,,,,,,2022,12/22/2022,$                                                     132.23,,,,,,,,,,0.69%,$           132.23,0.91,,,,,,,,0.72%,,,0,,-27.35%,,,,,,,,,,,,
,,,,,,,,,,,,,,,,,,2022,12/23/2022,$                                                      131.86,,,,,,,,,,0.69%,$            131.86,0.91,,,,,,,,0.72%,,,0,,-27.55%,,,,,,,,,,,,
,,,,,,,,,,,,,,,,,,2022,12/27/2022,$                                                     130.03,,,,,,,,,,0.70%,$           130.03,0.91,,,,,,,,0.73%,,,0,,-28.56%,,,,,,,,,,,,
,,,,,,,,,,,,,,,,,,2022,12/28/2022,$                                                     126.04,,,,,,,,,,0.72%,$           126.04,0.91,,,,,,,,0.75%,,,0,,-30.75%,,,,,,,,,,,,
,,,,,,,,,,,,,,,,,,2022,12/29/2022,$                                                      129.61,,,,,,,,,,0.70%,$            129.61,0.91,,,,,,,,0.73%,,,0,,-28.79%,,,,,,,,,,,,
,,,,,,,,,,,,,,,,,,2022,12/30/2022,$                                                     129.93,,,,,,,,,,0.70%,$           129.93,0.91,,,,,,,,0.73%,,,0,,-28.61%,,,,,,,,,,,,
,,,,,,,,,,,,,,,,,,2023,1/3/2023,$                                                     125.07,,,,,,,,,,0.76%,$           125.07,0.95,,,,,,,,0.76%,,,0,,-31.28%,,,,,,,,,,,,
,,,,,,,,,,,,,,,,,,2023,1/4/2023,$                                                     126.36,,,,,,,,,,0.75%,$           126.36,0.95,,,,,,,,0.75%,,,0,,-30.58%,,,,,,,,,,,,
,,,,,,,,,,,,,,,,,,2023,1/5/2023,$                                                     125.02,,,,,,,,,,0.76%,$           125.02,0.95,,,,,,,,0.76%,,,0,,-31.31%,,,,,,,,,,,,
,,,,,,,,,,,,,,,,,,2023,1/6/2023,$                                                     129.62,,,,,,,,,,0.73%,$           129.62,0.95,,,,,,,,0.73%,,,0,,-28.78%,,,,,,,,,,,,
,,,,,,,,,,,,,,,,,,2023,1/9/2023,$                                                      130.15,,,,,,,,,,0.73%,$            130.15,0.95,,,,,,,,0.73%,,,0,,-28.49%,,,,,,,,,,,,
,,,,,,,,,,,,,,,,,,2023,1/10/2023,$                                                     130.73,,,,,,,,,,0.73%,$           130.73,0.95,,,,,,,,0.73%,,,0,,-28.17%,,,,,,,,,,,,
,,,,,,,,,,,,,,,,,,2023,1/11/2023,$                                                     133.49,,,,,,,,,,0.71%,$           133.49,0.95,,,,,,,,0.71%,,,0,,-26.66%,,,,,,,,,,,,
,,,,,,,,,,,,,,,,,,2023,1/12/2023,$                                                      133.41,,,,,,,,,,0.71%,$            133.41,0.95,,,,,,,,0.71%,,,0,,-26.70%,,,,,,,,,,,,
,,,,,,,,,,,,,,,,,,2023,1/13/2023,$                                                     134.76,,,,,,,,,,0.70%,$           134.76,0.95,,,,,,,,0.70%,,,0,,-25.96%,,,,,,,,,,,,
,,,,,,,,,,,,,,,,,,2023,1/17/2023,$                                                     135.94,,,,,,,,,,0.70%,$           135.94,0.95,,,,,,,,0.70%,,,0,,-25.31%,,,,,,,,,,,,
,,,,,,,,,,,,,,,,,,2023,1/18/2023,$                                                      135.21,,,,,,,,,,0.70%,$            135.21,0.95,,,,,,,,0.70%,,,0,,-25.71%,,,,,,,,,,,,
,,,,,,,,,,,,,,,,,,2023,1/19/2023,$                                                     135.27,,,,,,,,,,0.70%,$           135.27,0.95,,,,,,,,0.70%,,,0,,-25.68%,,,,,,,,,,,,
,,,,,,,,,,,,,,,,,,2023,1/20/2023,$                                                     137.87,,,,,,,,,,0.69%,$           137.87,0.95,,,,,,,,0.69%,,,0,,-24.25%,,,,,,,,,,,,
,,,,,,,,,,,,,,,,,,2023,1/23/2023,$                                                        141.11,,,,,,,,,,0.67%,$              141.11,0.95,,,,,,,,0.67%,,,0,,-22.47%,,,,,,,,,,,,
,,,,,,,,,,,,,,,,,,2023,1/24/2023,$                                                     142.53,,,,,,,,,,0.67%,$           142.53,0.95,,,,,,,,0.67%,,,0,,-21.69%,,,,,,,,,,,,
,,,,,,,,,,,,,,,,,,2023,1/25/2023,$                                                      141.86,,,,,,,,,,0.67%,$            141.86,0.95,,,,,,,,0.67%,,,0,,-22.06%,,,,,,,,,,,,
,,,,,,,,,,,,,,,,,,2023,1/26/2023,$                                                     143.96,,,,,,,,,,0.66%,$           143.96,0.95,,,,,,,,0.66%,,,0,,-20.91%,,,,,,,,,,,,
,,,,,,,,,,,,,,,,,,2023,1/27/2023,$                                                     145.93,,,,,,,,,,0.65%,$           145.93,0.95,,,,,,,,0.65%,,,0,,-19.82%,,,,,,,,,,,,
,,,,,,,,,,,,,,,,,,2023,1/30/2023,$                                                     143.00,,,,,,,,,,0.66%,$           143.00,0.95,,,,,,,,0.66%,,,0,,-21.43%,,,,,,,,,,,,
,,,,,,,,,,,,,,,,,,2023,1/31/2023,$                                                     144.29,,,,,,,,,,0.66%,$           144.29,0.95,,,,,,,,0.66%,,,0,,-20.72%,,,,,,,,,,,,
,,,,,,,,,,,,,,,,,,2023,2/1/2023,$                                                     145.43,,,,,,,,,,0.65%,$           145.43,0.95,,,,,,,,0.65%,,,0,,-20.10%,,,,,,,,,,,,
,,,,,,,,,,,,,,,,,,2023,2/2/2023,$                                                     150.82,,,,,,,,,,0.63%,$           150.82,0.95,,,,,,,,0.63%,,,0,,-17.14%,,,,,,,,,,,,
,,,,,,,,,,,,,,,,,,2023,2/3/2023,$                                                     154.50,,,,,,,,,,0.61%,$           154.50,0.95,,,,,,,,0.61%,,,0,,-15.11%,,,,,,,,,,,,
,,,,,,,,,,,,,,,,,,2023,2/6/2023,$                                                      151.73,,,,,,,,,,0.63%,$            151.73,0.95,,,,,,,,0.63%,,,0,,-16.64%,,,,,,,,,,,,
,,,,,,,,,,,,,,,,,,2023,2/7/2023,$                                                     154.65,,,,,,,,,,0.61%,$           154.65,0.95,,,,,,,,0.61%,,,0,,-15.03%,,,,,,,,,,,,
,,,,,,,,,,,,,,,,,,2023,2/8/2023,$                                                      151.92,,,,,,,,,,0.63%,$            151.92,0.95,,,,,,,,0.63%,,,0,,-16.53%,,,,,,,,,,,,
,,,,,,,,,,,,,,,,,,2023,2/9/2023,$                                                     150.87,,,,,,,,,,0.63%,$           150.87,0.95,,,,,,,,0.63%,,,0,,-17.11%,,,,,,,,,,,,
,,,,,,,,,,,,,,,,,,2023,2/10/2023,$                                                       151.01,,,,,,,,,,0.63%,$             151.01,0.95,,,,,,,,0.63%,,,0,,-17.03%,,,,,,,,,,,,
,,,,,,,,,,,,,,,,,,2023,2/13/2023,$                                                     153.85,,,,,,,,,,0.62%,$           153.85,0.95,,,,,,,,0.62%,,,0,,-15.47%,,,,,,,,,,,,
,,,,,,,,,,,,,,,,,,2023,2/14/2023,$                                                     153.20,,,,,,,,,,0.62%,$           153.20,0.95,,,,,,,,0.62%,,,0,,-15.83%,,,,,,,,,,,,
,,,,,,,,,,,,,,,,,,2023,2/15/2023,$                                                     155.33,,,,,,,,,,0.61%,$           155.33,0.95,,,,,,,,0.61%,,,0,,-14.66%,,,,,,,,,,,,
,,,,,,,,,,,,,,,,,,2023,2/16/2023,$                                                      153.71,,,,,,,,,,0.62%,$            153.71,0.95,,,,,,,,0.62%,,,0,,-15.55%,,,,,,,,,,,,
,,,,,,,,,,,,,,,,,,2023,2/17/2023,$                                                     152.55,,,,,,,,,,0.62%,$           152.55,0.95,,,,,,,,0.62%,,,0,,-16.19%,,,,,,,,,,,,
,,,,,,,,,,,,,,,,,,2023,2/21/2023,$                                                     148.48,,,,,,,,,,0.64%,$           148.48,0.95,,,,,,,,0.64%,,,0,,-18.42%,,,,,,,,,,,,
,,,,,,,,,,,,,,,,,,2023,2/22/2023,$                                                      148.91,,,,,,,,,,0.64%,$            148.91,0.95,,,,,,,,0.64%,,,0,,-18.19%,,,,,,,,,,,,
,,,,,,,,,,,,,,,,,,2023,2/23/2023,$                                                     149.40,,,,,,,,,,0.64%,$           149.40,0.95,,,,,,,,0.64%,,,0,,-17.92%,,,,,,,,,,,,
,,,,,,,,,,,,,,,,,,2023,2/24/2023,$                                                      146.71,,,,,,,,,,0.65%,$            146.71,0.95,,,,,,,,0.65%,,,0,,-19.39%,,,,,,,,,,,,
,,,,,,,,,,,,,,,,,,2023,2/27/2023,$                                                     147.92,,,,,,,,,,0.64%,$           147.92,0.95,,,,,,,,0.64%,,,0,,-18.73%,,,,,,,,,,,,
,,,,,,,,,,,,,,,,,,2023,2/28/2023,$                                                      147.41,,,,,,,,,,0.64%,$            147.41,0.95,,,,,,,,0.64%,,,0,,-19.01%,,,,,,,,,,,,
,,,,,,,,,,,,,,,,,,2023,3/1/2023,$                                                      145.31,,,,,,,,,,0.65%,$            145.31,0.95,,,,,,,,0.65%,,,0,,-20.16%,,,,,,,,,,,,
,,,,,,,,,,,,,,,,,,2023,3/2/2023,$                                                      145.91,,,,,,,,,,0.65%,$            145.91,0.95,,,,,,,,0.65%,,,0,,-19.83%,,,,,,,,,,,,
,,,,,,,,,,,,,,,,,,2023,3/3/2023,$                                                      151.03,,,,,,,,,,0.63%,$            151.03,0.95,,,,,,,,0.63%,,,0,,-17.02%,,,,,,,,,,,,
,,,,,,,,,,,,,,,,,,2023,3/6/2023,$                                                     153.83,,,,,,,,,,0.62%,$           153.83,0.95,,,,,,,,0.62%,,,0,,-15.48%,,,,,,,,,,,,
,,,,,,,,,,,,,,,,,,2023,3/7/2023,$                                                      151.60,,,,,,,,,,0.63%,$            151.60,0.95,,,,,,,,0.63%,,,0,,-16.71%,,,,,,,,,,,,
,,,,,,,,,,,,,,,,,,2023,3/8/2023,$                                                     152.87,,,,,,,,,,0.62%,$           152.87,0.95,,,,,,,,0.62%,,,0,,-16.01%,,,,,,,,,,,,
,,,,,,,,,,,,,,,,,,2023,3/9/2023,$                                                     150.59,,,,,,,,,,0.63%,$           150.59,0.95,,,,,,,,0.63%,,,0,,-17.26%,,,,,,,,,,,,
,,,,,,,,,,,,,,,,,,2023,3/10/2023,$                                                     148.50,,,,,,,,,,0.64%,$           148.50,0.95,,,,,,,,0.64%,,,0,,-18.41%,,,,,,,,,,,,
,,,,,,,,,,,,,,,,,,2023,3/13/2023,$                                                     150.47,,,,,,,,,,0.63%,$           150.47,0.95,,,,,,,,0.63%,,,0,,-17.33%,,,,,,,,,,,,
,,,,,,,,,,,,,,,,,,2023,3/14/2023,$                                                     152.59,,,,,,,,,,0.62%,$           152.59,0.95,,,,,,,,0.62%,,,0,,-16.16%,,,,,,,,,,,,
,,,,,,,,,,,,,,,,,,2023,3/15/2023,$                                                     152.99,,,,,,,,,,0.62%,$           152.99,0.95,,,,,,,,0.62%,,,0,,-15.94%,,,,,,,,,,,,
,,,,,,,,,,,,,,,,,,2023,3/16/2023,$                                                     155.85,,,,,,,,,,0.61%,$           155.85,0.95,,,,,,,,0.61%,,,0,,-14.37%,,,,,,,,,,,,
,,,,,,,,,,,,,,,,,,2023,3/17/2023,$                                                     155.00,,,,,,,,,,0.61%,$           155.00,0.95,,,,,,,,0.61%,,,0,,-14.84%,,,,,,,,,,,,
,,,,,,,,,,,,,,,,,,2023,3/20/2023,$                                                     157.40,,,,,,,,,,0.60%,$           157.40,0.95,,,,,,,,0.60%,,,0,,-13.52%,,,,,,,,,,,,
,,,,,,,,,,,,,,,,,,2023,3/21/2023,$                                                     159.28,,,,,,,,,,0.60%,$           159.28,0.95,,,,,,,,0.60%,,,0,,-12.49%,,,,,,,,,,,,
,,,,,,,,,,,,,,,,,,2023,3/22/2023,$                                                     157.83,,,,,,,,,,0.60%,$           157.83,0.95,,,,,,,,0.60%,,,0,,-13.28%,,,,,,,,,,,,
,,,,,,,,,,,,,,,,,,2023,3/23/2023,$                                                     158.93,,,,,,,,,,0.60%,$           158.93,0.95,,,,,,,,0.60%,,,0,,-12.68%,,,,,,,,,,,,
,,,,,,,,,,,,,,,,,,2023,3/24/2023,$                                                     160.25,,,,,,,,,,0.59%,$           160.25,0.95,,,,,,,,0.59%,,,0,,-11.96%,,,,,,,,,,,,
,,,,,,,,,,,,,,,,,,2023,3/27/2023,$                                                     158.28,,,,,,,,,,0.60%,$           158.28,0.95,,,,,,,,0.60%,,,0,,-13.04%,,,,,,,,,,,,
,,,,,,,,,,,,,,,,,,2023,3/28/2023,$                                                     157.65,,,,,,,,,,0.60%,$           157.65,0.95,,,,,,,,0.60%,,,0,,-13.38%,,,,,,,,,,,,
,,,,,,,,,,,,,,,,,,2023,3/29/2023,$                                                     160.77,,,,,,,,,,0.59%,$           160.77,0.95,,,,,,,,0.59%,,,0,,-11.67%,,,,,,,,,,,,
,,,,,,,,,,,,,,,,,,2023,3/30/2023,$                                                     162.36,,,,,,,,,,0.59%,$           162.36,0.95,,,,,,,,0.59%,,,0,,-10.80%,,,,,,,,,,,,
,,,,,,,,,,,,,,,,,,2023,3/31/2023,$                                                     164.90,,,,,,,,,,0.58%,$           164.90,0.95,,,,,,,,0.58%,,,0,,-9.40%,,,,,,,,,,,,
,,,,,,,,,,,,,,,,,,2023,4/3/2023,$                                                      166.17,,,,,,,,,,0.57%,$            166.17,0.95,,,,,,,,0.57%,,,0,,-8.70%,,,,,,,,,,,,
,,,,,,,,,,,,,,,,,,2023,4/4/2023,$                                                     165.63,,,,,,,,,,0.57%,$           165.63,0.95,,,,,,,,0.57%,,,0,,-9.00%,,,,,,,,,,,,
,,,,,,,,,,,,,,,,,,2023,4/5/2023,$                                                     163.76,,,,,,,,,,0.58%,$           163.76,0.95,,,,,,,,0.58%,,,0,,-10.03%,,,,,,,,,,,,
,,,,,,,,,,,,,,,,,,2023,4/6/2023,$                                                     164.66,,,,,,,,,,0.58%,$           164.66,0.95,,,,,,,,0.58%,,,0,,-9.53%,,,,,,,,,,,,
,,,,,,,,,,,,,,,,,,2023,4/10/2023,$                                                     162.03,,,,,,,,,,0.59%,$           162.03,0.95,,,,,,,,0.59%,,,0,,-10.98%,,,,,,,,,,,,
,,,,,,,,,,,,,,,,,,2023,4/11/2023,$                                                     160.80,,,,,,,,,,0.59%,$           160.80,0.95,,,,,,,,0.59%,,,0,,-11.65%,,,,,,,,,,,,
,,,,,,,,,,,,,,,,,,2023,4/12/2023,$                                                      160.10,,,,,,,,,,0.59%,$            160.10,0.95,,,,,,,,0.59%,,,0,,-12.04%,,,,,,,,,,,,
,,,,,,,,,,,,,,,,,,2023,4/13/2023,$                                                     165.56,,,,,,,,,,0.57%,$           165.56,0.95,,,,,,,,0.57%,,,0,,-9.04%,,,,,,,,,,,,
,,,,,,,,,,,,,,,,,,2023,4/14/2023,$                                                      165.21,,,,,,,,,,0.58%,$            165.21,0.95,,,,,,,,0.58%,,,0,,-9.23%,,,,,,,,,,,,
,,,,,,,,,,,,,,,,,,2023,4/17/2023,$                                                     165.23,,,,,,,,,,0.57%,$           165.23,0.95,,,,,,,,0.57%,,,0,,-9.22%,,,,,,,,,,,,
,,,,,,,,,,,,,,,,,,2023,4/18/2023,$                                                     166.47,,,,,,,,,,0.57%,$           166.47,0.95,,,,,,,,0.57%,,,0,,-8.54%,,,,,,,,,,,,
,,,,,,,,,,,,,,,,,,2023,4/19/2023,$                                                     167.63,,,,,,,,,,0.57%,$           167.63,0.95,,,,,,,,0.57%,,,0,,-7.90%,,,,,,,,,,,,
,,,,,,,,,,,,,,,,,,2023,4/20/2023,$                                                     166.65,,,,,,,,,,0.57%,$           166.65,0.95,,,,,,,,0.57%,,,0,,-8.44%,,,,,,,,,,,,
,,,,,,,,,,,,,,,,,,2023,4/21/2023,$                                                     165.02,,,,,,,,,,0.58%,$           165.02,0.95,,,,,,,,0.58%,,,0,,-9.33%,,,,,,,,,,,,
,,,,,,,,,,,,,,,,,,2023,4/24/2023,$                                                     165.33,,,,,,,,,,0.57%,$           165.33,0.95,,,,,,,,0.57%,,,0,,-9.16%,,,,,,,,,,,,
,,,,,,,,,,,,,,,,,,2023,4/25/2023,$                                                     163.77,,,,,,,,,,0.58%,$           163.77,0.95,,,,,,,,0.58%,,,0,,-10.02%,,,,,,,,,,,,
,,,,,,,,,,,,,,,,,,2023,4/26/2023,$                                                     163.76,,,,,,,,,,0.58%,$           163.76,0.95,,,,,,,,0.58%,,,0,,-10.03%,,,,,,,,,,,,
,,,,,,,,,,,,,,,,,,2023,4/27/2023,$                                                      168.41,,,,,,,,,,0.56%,$            168.41,0.95,,,,,,,,0.56%,,,0,,-7.47%,,,,,,,,,,,,
,,,,,,,,,,,,,,,,,,2023,4/28/2023,$                                                     169.68,,,,,,,,,,0.56%,$           169.68,0.95,,,,,,,,0.56%,,,0,,-6.77%,,,,,,,,,,,,
,,,,,,,,,,,,,,,,,,2023,5/1/2023,$                                                     169.59,,,,,,,,,,0.56%,$           169.59,0.95,,,,,,,,0.56%,,,0,,-6.82%,,,,,,,,,,,,
,,,,,,,,,,,,,,,,,,2023,5/2/2023,$                                                     168.54,,,,,,,,,,0.56%,$           168.54,0.95,,,,,,,,0.56%,,,0,,-7.40%,,,,,,,,,,,,
,,,,,,,,,,,,,,,,,,2023,5/3/2023,$                                                     167.45,,,,,,,,,,0.57%,$           167.45,0.95,,,,,,,,0.57%,,,0,,-8.00%,,,,,,,,,,,,
,,,,,,,,,,,,,,,,,,2023,5/4/2023,$                                                     165.79,,,,,,,,,,0.57%,$           165.79,0.95,,,,,,,,0.57%,,,0,,,,,,,,,,,,,,
,,,,,,,,,,,,,,,,,,2023,5/5/2023,$                                                     173.57,,,,,,,,,,,,0.95,,,,,,,,,,,0,,,,,,,,,,,,,,
,,,,,,,,,,,,,,,,,,2023,5/8/2023,$                                                     173.50,,,,,,,,,,,,0.95,,,,,,,,,,,0,,,,,,,,,,,,,,
,,,,,,,,,,,,,,,,,,2023,5/9/2023,$                                                      171.77,,,,,,,,,,,,0.95,,,,,,,,,,,0,,,,,,,,,,,,,,
,,,,,,,,,,,,,,,,,,2023,5/10/2023,$                                                     173.56,,,,,,,,,,,,0.95,,,,,,,,,,,0,,,,,,,,,,,,,,
,,,,,,,,,,,,,,,,,,2023,5/11/2023,$                                                     173.75,,,,,,,,,,,,0.95,,,,,,,,,,,0,,,,,,,,,,,,,,
,,,,,,,,,,,,,,,,,,2023,5/12/2023,$                                                     172.57,,,,,,,,,,,,0.95,,,,,,,,,,,0,,,,,,,,,,,,,,
,,,,,,,,,,,,,,,,,,2023,5/15/2023,$                                                     172.07,,,,,,,,,,,,0.95,,,,,,,,,,,0,,,,,,,,,,,,,,
,,,,,,,,,,,,,,,,,,2023,5/16/2023,$                                                     172.07,,,,,,,,,,,,0.95,,,,,,,,,,,0,,,,,,,,,,,,,,
,,,,,,,,,,,,,,,,,,2023,5/17/2023,$                                                     172.69,,,,,,,,,,,,0.95,,,,,,,,,,,0,,,,,,,,,,,,,,
,,,,,,,,,,,,,,,,,,2023,5/18/2023,$                                                     175.05,,,,,,,,,,,,0.95,,,,,,,,,,,0,,,,,,,,,,,,,,
,,,,,,,,,,,,,,,,,,2023,5/19/2023,$                                                      175.16,,,,,,,,,,,,0.95,,,,,,,,,,,0,,,,,,,,,,,,,,
,,,,,,,,,,,,,,,,,,2023,5/22/2023,$                                                     174.20,,,,,,,,,,,,0.95,,,,,,,,,,,0,,,,,,,,,,,,,,
,,,,,,,,,,,,,,,,,,2023,5/23/2023,$                                                      171.56,,,,,,,,,,,,0.95,,,,,,,,,,,0,,,,,,,,,,,,,,
,,,,,,,,,,,,,,,,,,2023,5/24/2023,$                                                      171.84,,,,,,,,,,,,0.95,,,,,,,,,,,0,,,,,,,,,,,,,,
,,,,,,,,,,,,,,,,,,2023,5/25/2023,$                                                     172.99,,,,,,,,,,,,0.95,,,,,,,,,,,0,,,,,,,,,,,,,,
,,,,,,,,,,,,,,,,,,2023,5/26/2023,$                                                     175.43,,,,,,,,,,,,0.95,,,,,,,,,,,0,,,,,,,,,,,,,,
,,,,,,,,,,,,,,,,,,2023,5/30/2023,$                                                     177.30,,,,,,,,,,,,0.95,,,,,,,,,,,0,,,,,,,,,,,,,,
,,,,,,,,,,,,,,,,,,2023,5/31/2023,$                                                     177.25,,,,,,,,,,,,0.95,,,,,,,,,,,0,,,,,,,,,,,,,,
,,,,,,,,,,,,,,,,,,2023,6/1/2023,$                                                     180.09,,,,,,,,,,,,0.95,,,,,,,,,,,0,,,,,,,,,,,,,,
,,,,,,,,,,,,,,,,,,2023,6/2/2023,$                                                     180.95,,,,,,,,,,,,0.95,,,,,,,,,,,0,,,,,,,,,,,,,,
,,,,,,,,,,,,,,,,,,2023,6/5/2023,$                                                     179.58,,,,,,,,,,,,0.95,,,,,,,,,,,0,,,,,,,,,,,,,,
,,,,,,,,,,,,,,,,,,2023,6/6/2023,$                                                      179.21,,,,,,,,,,,,0.95,,,,,,,,,,,0,,,,,,,,,,,,,,
,,,,,,,,,,,,,,,,,,2023,6/7/2023,$                                                     177.82,,,,,,,,,,,,0.95,,,,,,,,,,,0,,,,,,,,,,,,,,
,,,,,,,,,,,,,,,,,,2023,6/8/2023,$                                                     180.57,,,,,,,,,,,,0.95,,,,,,,,,,,0,,,,,,,,,,,,,,
,,,,,,,,,,,,,,,,,,2023,6/9/2023,$                                                     180.96,,,,,,,,,,,,0.95,,,,,,,,,,,0,,,,,,,,,,,,,,
,,,,,,,,,,,,,,,,,,2023,6/12/2023,$                                                     183.79,,,,,,,,,,,,0.95,,,,,,,,,,,0,,,,,,,,,,,,,,
,,,,,,,,,,,,,,,,,,2023,6/13/2023,$                                                      183.31,,,,,,,,,,,,0.95,,,,,,,,,,,0,,,,,,,,,,,,,,
,,,,,,,,,,,,,,,,,,2023,6/14/2023,$                                                     183.95,,,,,,,,,,,,0.95,,,,,,,,,,,0,,,,,,,,,,,,,,
,,,,,,,,,,,,,,,,,,2023,6/15/2023,$                                                      186.01,,,,,,,,,,,,0.95,,,,,,,,,,,0,,,,,,,,,,,,,,
,,,,,,,,,,,,,,,,,,2023,6/16/2023,$                                                     184.92,,,,,,,,,,,,0.95,,,,,,,,,,,0,,,,,,,,,,,,,,
,,,,,,,,,,,,,,,,,,2023,6/20/2023,$                                                      185.01,,,,,,,,,,,,0.95,,,,,,,,,,,0,,,,,,,,,,,,,,
,,,,,,,,,,,,,,,,,,2023,6/21/2023,$                                                     183.96,,,,,,,,,,,,0.95,,,,,,,,,,,0,,,,,,,,,,,,,,
,,,,,,,,,,,,,,,,,,2023,6/22/2023,$                                                     187.00,,,,,,,,,,,,0.95,,,,,,,,,,,0,,,,,,,,,,,,,,
,,,,,,,,,,,,,,,,,,2023,6/23/2023,$                                                     186.68,,,,,,,,,,,,0.95,,,,,,,,,,,0,,,,,,,,,,,,,,
,,,,,,,,,,,,,,,,,,2023,6/26/2023,$                                                     185.27,,,,,,,,,,,,0.95,,,,,,,,,,,0,,,,,,,,,,,,,,
,,,,,,,,,,,,,,,,,,2023,6/27/2023,$                                                     188.06,,,,,,,,,,,,0.95,,,,,,,,,,,0,,,,,,,,,,,,,,
,,,,,,,,,,,,,,,,,,2023,6/28/2023,$                                                     189.25,,,,,,,,,,,,0.95,,,,,,,,,,,0,,,,,,,,,,,,,,
,,,,,,,,,,,,,,,,,,2023,6/29/2023,$                                                     189.59,,,,,,,,,,,,0.95,,,,,,,,,,,0,,,,,,,,,,,,,,
,,,,,,,,,,,,,,,,,,2023,6/30/2023,$                                                     193.97,,,,,,,,,,,,0.95,,,,,,,,,,,0,,,,,,,,,,,,,,
,,,,,,,,,,,,,,,,,,2023,7/3/2023,$                                                     192.46,,,,,,,,,,,,0.95,,,,,,,,,,,0,,,,,,,,,,,,,,
,,,,,,,,,,,,,,,,,,2023,7/5/2023,$                                                      191.33,,,,,,,,,,,,0.95,,,,,,,,,,,0,,,,,,,,,,,,,,
,,,,,,,,,,,,,,,,,,2023,7/6/2023,$                                                       191.81,,,,,,,,,,,,0.95,,,,,,,,,,,0,,,,,,,,,,,,,,
,,,,,,,,,,,,,,,,,,2023,7/7/2023,$                                                     190.68,,,,,,,,,,,,0.95,,,,,,,,,,,0,,,,,,,,,,,,,,
,,,,,,,,,,,,,,,,,,2023,7/10/2023,$                                                      188.61,,,,,,,,,,,,0.95,,,,,,,,,,,0,,,,,,,,,,,,,,
,,,,,,,,,,,,,,,,,,2023,7/11/2023,$                                                     188.08,,,,,,,,,,,,0.95,,,,,,,,,,,0,,,,,,,,,,,,,,
,,,,,,,,,,,,,,,,,,2023,7/12/2023,$                                                     189.77,,,,,,,,,,,,0.95,,,,,,,,,,,0,,,,,,,,,,,,,,
,,,,,,,,,,,,,,,,,,2023,7/13/2023,$                                                     190.54,,,,,,,,,,,,0.95,,,,,,,,,,,0,,,,,,,,,,,,,,
,,,,,,,,,,,,,,,,,,2023,7/14/2023,$                                                     190.69,,,,,,,,,,,,0.95,,,,,,,,,,,0,,,,,,,,,,,,,,
,,,,,,,,,,,,,,,,,,2023,7/17/2023,$                                                     193.99,,,,,,,,,,,,0.95,,,,,,,,,,,0,,,,,,,,,,,,,,
,,,,,,,,,,,,,,,,,,2023,7/18/2023,$                                                     193.73,,,,,,,,,,,,0.95,,,,,,,,,,,0,,,,,,,,,,,,,,
,,,,,,,,,,,,,,,,,,2023,7/19/2023,$                                                      195.10,,,,,,,,,,,,0.95,,,,,,,,,,,0,,,,,,,,,,,,,,
,,,,,,,,,,,,,,,,,,2023,7/20/2023,$                                                      193.13,,,,,,,,,,,,0.95,,,,,,,,,,,0,,,,,,,,,,,,,,
,,,,,,,,,,,,,,,,,,2023,7/21/2023,$                                                      191.94,,,,,,,,,,,,0.95,,,,,,,,,,,0,,,,,,,,,,,,,,
,,,,,,,,,,,,,,,,,,2023,7/24/2023,$                                                     192.75,,,,,,,,,,,,0.95,,,,,,,,,,,0,,,,,,,,,,,,,,
,,,,,,,,,,,,,,,,,,2023,7/25/2023,$                                                     193.62,,,,,,,,,,,,0.95,,,,,,,,,,,0,,,,,,,,,,,,,,
,,,,,,,,,,,,,,,,,,2023,7/26/2023,$                                                     194.50,,,,,,,,,,,,0.95,,,,,,,,,,,0,,,,,,,,,,,,,,
,,,,,,,,,,,,,,,,,,2023,7/27/2023,$                                                     193.22,,,,,,,,,,,,0.95,,,,,,,,,,,0,,,,,,,,,,,,,,
,,,,,,,,,,,,,,,,,,2023,7/28/2023,$                                                     195.83,,,,,,,,,,,,0.95,,,,,,,,,,,0,,,,,,,,,,,,,,
,,,,,,,,,,,,,,,,,,2023,7/31/2023,$                                                     196.45,,,,,,,,,,,,0.95,,,,,,,,,,,0,,,,,,,,,,,,,,
,,,,,,,,,,,,,,,,,,2023,8/1/2023,$                                                      195.61,,,,,,,,,,,,0.95,,,,,,,,,,,0,,,,,,,,,,,,,,
,,,,,,,,,,,,,,,,,,2023,8/2/2023,$                                                     192.58,,,,,,,,,,,,0.95,,,,,,,,,,,0,,,,,,,,,,,,,,
,,,,,,,,,,,,,,,,,,2023,8/3/2023,$                                                       191.17,,,,,,,,,,,,0.95,,,,,,,,,,,0,,,,,,,,,,,,,,
,,,,,,,,,,,,,,,,,,2023,8/4/2023,$                                                      181.99,,,,,,,,,,,,0.95,,,,,,,,,,,0,,,,,,,,,,,,,,
,,,,,,,,,,,,,,,,,,2023,8/7/2023,$                                                     178.85,,,,,,,,,,,,0.95,,,,,,,,,,,0,,,,,,,,,,,,,,
,,,,,,,,,,,,,,,,,,2023,8/8/2023,$                                                     179.80,,,,,,,,,,,,0.95,,,,,,,,,,,0,,,,,,,,,,,,,,
,,,,,,,,,,,,,,,,,,2023,8/9/2023,$                                                      178.19,,,,,,,,,,,,0.95,,,,,,,,,,,0,,,,,,,,,,,,,,
,,,,,,,,,,,,,,,,,,2023,8/10/2023,$                                                     177.97,,,,,,,,,,,,0.95,,,,,,,,,,,0,,,,,,,,,,,,,,
,,,,,,,,,,,,,,,,,,2023,8/11/2023,$                                                     177.79,,,,,,,,,,,,0.95,,,,,,,,,,,0,,,,,,,,,,,,,,
,,,,,,,,,,,,,,,,,,2023,8/14/2023,$                                                     179.46,,,,,,,,,,,,0.95,,,,,,,,,,,0,,,,,,,,,,,,,,
,,,,,,,,,,,,,,,,,,2023,8/15/2023,$                                                     177.45,,,,,,,,,,,,0.95,,,,,,,,,,,0,,,,,,,,,,,,,,
,,,,,,,,,,,,,,,,,,2023,8/16/2023,$                                                     176.57,,,,,,,,,,,,0.95,,,,,,,,,,,0,,,,,,,,,,,,,,
,,,,,,,,,,,,,,,,,,2023,8/17/2023,$                                                     174.00,,,,,,,,,,,,0.95,,,,,,,,,,,0,,,,,,,,,,,,,,
,,,,,,,,,,,,,,,,,,2023,8/18/2023,$                                                     174.49,,,,,,,,,,,,0.95,,,,,,,,,,,0,,,,,,,,,,,,,,
,,,,,,,,,,,,,,,,,,2023,8/21/2023,$                                                     175.84,,,,,,,,,,,,0.95,,,,,,,,,,,0,,,,,,,,,,,,,,
,,,,,,,,,,,,,,,,,,2023,8/22/2023,$                                                     177.23,,,,,,,,,,,,0.95,,,,,,,,,,,0,,,,,,,,,,,,,,
,,,,,,,,,,,,,,,,,,2023,8/23/2023,$                                                       181.12,,,,,,,,,,,,0.95,,,,,,,,,,,0,,,,,,,,,,,,,,
,,,,,,,,,,,,,,,,,,2023,8/24/2023,$                                                     176.38,,,,,,,,,,,,0.95,,,,,,,,,,,0,,,,,,,,,,,,,,
,,,,,,,,,,,,,,,,,,2023,8/25/2023,$                                                      178.61,,,,,,,,,,,,0.95,,,,,,,,,,,0,,,,,,,,,,,,,,
,,,,,,,,,,,,,,,,,,2023,8/28/2023,$                                                      180.19,,,,,,,,,,,,0.95,,,,,,,,,,,0,,,,,,,,,,,,,,
,,,,,,,,,,,,,,,,,,2023,8/29/2023,$                                                      184.12,,,,,,,,,,,,0.95,,,,,,,,,,,0,,,,,,,,,,,,,,
,,,,,,,,,,,,,,,,,,2023,8/30/2023,$                                                     187.65,,,,,,,,,,,,0.95,,,,,,,,,,,0,,,,,,,,,,,,,,
,,,,,,,,,,,,,,,,,,2023,8/31/2023,$                                                     187.87,,,,,,,,,,,,0.95,,,,,,,,,,,0,,,,,,,,,,,,,,
,,,,,,,,,,,,,,,,,,2023,9/1/2023,$                                                     189.46,,,,,,,,,,,,0.95,,,,,,,,,,,0,,,,,,,,,,,,,,
,,,,,,,,,,,,,,,,,,2023,9/5/2023,$                                                     189.70,,,,,,,,,,,,0.95,,,,,,,,,,,0,,,,,,,,,,,,,,
,,,,,,,,,,,,,,,,,,2023,9/6/2023,$                                                      182.91,,,,,,,,,,,,0.95,,,,,,,,,,,0,,,,,,,,,,,,,,
,,,,,,,,,,,,,,,,,,2023,9/7/2023,$                                                     177.56,,,,,,,,,,,,0.95,,,,,,,,,,,0,,,,,,,,,,,,,,
,,,,,,,,,,,,,,,,,,2023,9/8/2023,$                                                      178.18,,,,,,,,,,,,0.95,,,,,,,,,,,0,,,,,,,,,,,,,,
,,,,,,,,,,,,,,,,,,2023,9/11/2023,$                                                     179.36,,,,,,,,,,,,0.95,,,,,,,,,,,0,,,,,,,,,,,,,,
,,,,,,,,,,,,,,,,,,2023,9/12/2023,$                                                     176.30,,,,,,,,,,,,0.95,,,,,,,,,,,0,,,,,,,,,,,,,,
,,,,,,,,,,,,,,,,,,2023,9/13/2023,$                                                      174.21,,,,,,,,,,,,0.95,,,,,,,,,,,0,,,,,,,,,,,,,,
,,,,,,,,,,,,,,,,,,2023,9/14/2023,$                                                     175.74,,,,,,,,,,,,0.95,,,,,,,,,,,0,,,,,,,,,,,,,,
,,,,,,,,,,,,,,,,,,2023,9/15/2023,$                                                      175.01,,,,,,,,,,,,0.95,,,,,,,,,,,0,,,,,,,,,,,,,,
,,,,,,,,,,,,,,,,,,2023,9/18/2023,$                                                     177.97,,,,,,,,,,,,0.95,,,,,,,,,,,0,,,,,,,,,,,,,,
,,,,,,,,,,,,,,,,,,2023,9/19/2023,$                                                     179.07,,,,,,,,,,,,0.95,,,,,,,,,,,0,,,,,,,,,,,,,,
,,,,,,,,,,,,,,,,,,2023,9/20/2023,$                                                     175.49,,,,,,,,,,,,0.95,,,,,,,,,,,0,,,,,,,,,,,,,,
,,,,,,,,,,,,,,,,,,2023,9/21/2023,$                                                     173.93,,,,,,,,,,,,0.95,,,,,,,,,,,0,,,,,,,,,,,,,,
,,,,,,,,,,,,,,,,,,2023,9/22/2023,$                                                     174.79,,,,,,,,,,,,0.95,,,,,,,,,,,0,,,,,,,,,,,,,,
,,,,,,,,,,,,,,,,,,2023,9/25/2023,$                                                     176.08,,,,,,,,,,,,0.95,,,,,,,,,,,0,,,,,,,,,,,,,,
,,,,,,,,,,,,,,,,,,2023,9/26/2023,$                                                      171.96,,,,,,,,,,,,0.95,,,,,,,,,,,0,,,,,,,,,,,,,,
,,,,,,,,,,,,,,,,,,2023,9/27/2023,$                                                     170.43,,,,,,,,,,,,0.95,,,,,,,,,,,0,,,,,,,,,,,,,,
,,,,,,,,,,,,,,,,,,2023,9/28/2023,$                                                     170.69,,,,,,,,,,,,0.95,,,,,,,,,,,0,,,,,,,,,,,,,,
,,,,,,,,,,,,,,,,,,2023,9/29/2023,$                                                       171.21,,,,,,,,,,,,0.95,,,,,,,,,,,0,,,,,,,,,,,,,,
,,,,,,,,,,,,,,,,,,2023,10/2/2023,$                                                     173.75,,,,,,,,,,,,0.95,,,,,,,,,,,0,,,,,,,,,,,,,,
,,,,,,,,,,,,,,,,,,2023,10/3/2023,$                                                     172.40,,,,,,,,,,,,0.95,,,,,,,,,,,0,,,,,,,,,,,,,,
,,,,,,,,,,,,,,,,,,2023,10/4/2023,$                                                     173.66,,,,,,,,,,,,0.95,,,,,,,,,,,0,,,,,,,,,,,,,,
,,,,,,,,,,,,,,,,,,2023,10/5/2023,$                                                      174.91,,,,,,,,,,,,0.95,,,,,,,,,,,0,,,,,,,,,,,,,,
,,,,,,,,,,,,,,,,,,2023,10/6/2023,$                                                     177.49,,,,,,,,,,,,0.95,,,,,,,,,,,0,,,,,,,,,,,,,,
,,,,,,,,,,,,,,,,,,2023,10/9/2023,$                                                     178.99,,,,,,,,,,,,0.95,,,,,,,,,,,0,,,,,,,,,,,,,,
,,,,,,,,,,,,,,,,,,2023,10/10/2023,$                                                     178.39,,,,,,,,,,,,0.95,,,,,,,,,,,0,,,,,,,,,,,,,,
,,,,,,,,,,,,,,,,,,2023,10/11/2023,$                                                     179.80,,,,,,,,,,,,0.95,,,,,,,,,,,0,,,,,,,,,,,,,,
,,,,,,,,,,,,,,,,,,2023,10/12/2023,$                                                      180.71,,,,,,,,,,,,0.95,,,,,,,,,,,0,,,,,,,,,,,,,,
,,,,,,,,,,,,,,,,,,2023,10/13/2023,$                                                     178.85,,,,,,,,,,,,0.95,,,,,,,,,,,0,,,,,,,,,,,,,,
,,,,,,,,,,,,,,,,,,2023,10/16/2023,$                                                     178.72,,,,,,,,,,,,0.95,,,,,,,,,,,0,,,,,,,,,,,,,,
,,,,,,,,,,,,,,,,,,2023,10/17/2023,$                                                      177.15,,,,,,,,,,,,0.95,,,,,,,,,,,0,,,,,,,,,,,,,,
,,,,,,,,,,,,,,,,,,2023,10/18/2023,$                                                     175.84,,,,,,,,,,,,0.95,,,,,,,,,,,0,,,,,,,,,,,,,,
,,,,,,,,,,,,,,,,,,2023,10/19/2023,$                                                     175.46,,,,,,,,,,,,0.95,,,,,,,,,,,0,,,,,,,,,,,,,,
,,,,,,,,,,,,,,,,,,2023,10/20/2023,$                                                     172.88,,,,,,,,,,,,0.95,,,,,,,,,,,0,,,,,,,,,,,,,,
,,,,,,,,,,,,,,,,,,2023,10/23/2023,$                                                     173.00,,,,,,,,,,,,0.95,,,,,,,,,,,0,,,,,,,,,,,,,,
,,,,,,,,,,,,,,,,,,2023,10/24/2023,$                                                     173.44,,,,,,,,,,,,0.95,,,,,,,,,,,0,,,,,,,,,,,,,,
,,,,,,,,,,,,,,,,,,2023,10/25/2023,$                                                       171.10,,,,,,,,,,,,0.95,,,,,,,,,,,0,,,,,,,,,,,,,,
,,,,,,,,,,,,,,,,,,2023,10/26/2023,$                                                     166.89,,,,,,,,,,,,0.95,,,,,,,,,,,0,,,,,,,,,,,,,,
,,,,,,,,,,,,,,,,,,2023,10/27/2023,$                                                     168.22,,,,,,,,,,,,0.95,,,,,,,,,,,0,,,,,,,,,,,,,,
,,,,,,,,,,,,,,,,,,2023,10/30/2023,$                                                     170.29,,,,,,,,,,,,0.95,,,,,,,,,,,0,,,,,,,,,,,,,,
,,,,,,,,,,,,,,,,,,2023,10/31/2023,$                                                     170.77,,,,,,,,,,,,0.95,,,,,,,,,,,0,,,,,,,,,,,,,,
,,,,,,,,,,,,,,,,,,2023,11/1/2023,$                                                     173.97,,,,,,,,,,,,0.95,,,,,,,,,,,0,,,,,,,,,,,,,,
,,,,,,,,,,,,,,,,,,2023,11/2/2023,$                                                     177.57,,,,,,,,,,,,0.95,,,,,,,,,,,0,,,,,,,,,,,,,,
,,,,,,,,,,,,,,,,,,2023,11/3/2023,$                                                     176.65,,,,,,,,,,,,0.95,,,,,,,,,,,0,,,,,,,,,,,,,,
,,,,,,,,,,,,,,,,,,2023,11/6/2023,$                                                     179.23,,,,,,,,,,,,0.95,,,,,,,,,,,0,,,,,,,,,,,,,,
,,,,,,,,,,,,,,,,,,2023,11/7/2023,$                                                      181.82,,,,,,,,,,,,0.95,,,,,,,,,,,0,,,,,,,,,,,,,,
,,,,,,,,,,,,,,,,,,2023,11/8/2023,$                                                     182.89,,,,,,,,,,,,0.95,,,,,,,,,,,0,,,,,,,,,,,,,,
,,,,,,,,,,,,,,,,,,2023,11/9/2023,$                                                      182.41,,,,,,,,,,,,0.95,,,,,,,,,,,0,,,,,,,,,,,,,,
,,,,,,,,,,,,,,,,,,2023,11/10/2023,$                                                     186.40,,,,,,,,,,,,0.95,,,,,,,,,,,0,,,,,,,,,,,,,,
,,,,,,,,,,,,,,,,,,2023,11/13/2023,$                                                     184.80,,,,,,,,,,,,0.95,,,,,,,,,,,0,,,,,,,,,,,,,,
,,,,,,,,,,,,,,,,,,2023,11/14/2023,$                                                     187.44,,,,,,,,,,,,0.95,,,,,,,,,,,0,,,,,,,,,,,,,,
,,,,,,,,,,,,,,,,,,2023,11/15/2023,$                                                      188.01,,,,,,,,,,,,0.95,,,,,,,,,,,0,,,,,,,,,,,,,,
,,,,,,,,,,,,,,,,,,2023,11/16/2023,$                                                      189.71,,,,,,,,,,,,0.95,,,,,,,,,,,0,,,,,,,,,,,,,,
,,,,,,,,,,,,,,,,,,2023,11/17/2023,$                                                     189.69,,,,,,,,,,,,0.95,,,,,,,,,,,0,,,,,,,,,,,,,,
,,,,,,,,,,,,,,,,,,2023,11/20/2023,$                                                      191.45,,,,,,,,,,,,0.95,,,,,,,,,,,0,,,,,,,,,,,,,,
,,,,,,,,,,,,,,,,,,2023,11/21/2023,$                                                     190.64,,,,,,,,,,,,0.95,,,,,,,,,,,0,,,,,,,,,,,,,,
,,,,,,,,,,,,,,,,,,2023,11/22/2023,$                                                       191.31,,,,,,,,,,,,0.95,,,,,,,,,,,0,,,,,,,,,,,,,,
,,,,,,,,,,,,,,,,,,2023,11/24/2023,$                                                     189.97,,,,,,,,,,,,0.95,,,,,,,,,,,0,,,,,,,,,,,,,,
,,,,,,,,,,,,,,,,,,2023,11/27/2023,$                                                     189.79,,,,,,,,,,,,0.95,,,,,,,,,,,0,,,,,,,,,,,,,,
,,,,,,,,,,,,,,,,,,2023,11/28/2023,$                                                     190.40,,,,,,,,,,,,0.95,,,,,,,,,,,0,,,,,,,,,,,,,,
,,,,,,,,,,,,,,,,,,2023,11/29/2023,$                                                     189.37,,,,,,,,,,,,0.95,,,,,,,,,,,0,,,,,,,,,,,,,,
,,,,,,,,,,,,,,,,,,2023,11/30/2023,$                                                     189.95,,,,,,,,,,,,0.95,,,,,,,,,,,0,,,,,,,,,,,,,,
,,,,,,,,,,,,,,,,,,2023,12/1/2023,$                                                      191.24,,,,,,,,,,,,0.95,,,,,,,,,,,0,,,,,,,,,,,,,,
,,,,,,,,,,,,,,,,,,2023,12/4/2023,$                                                     189.43,,,,,,,,,,,,0.95,,,,,,,,,,,0,,,,,,,,,,,,,,
,,,,,,,,,,,,,,,,,,2023,12/5/2023,$                                                     193.42,,,,,,,,,,,,0.95,,,,,,,,,,,0,,,,,,,,,,,,,,
,,,,,,,,,,,,,,,,,,2023,12/6/2023,$                                                     192.32,,,,,,,,,,,,0.95,,,,,,,,,,,0,,,,,,,,,,,,,,
,,,,,,,,,,,,,,,,,,2023,12/7/2023,$                                                     194.27,,,,,,,,,,,,0.95,,,,,,,,,,,0,,,,,,,,,,,,,,
,,,,,,,,,,,,,,,,,,2023,12/8/2023,$                                                      195.71,,,,,,,,,,,,0.95,,,,,,,,,,,0,,,,,,,,,,,,,,
,,,,,,,,,,,,,,,,,,2023,12/11/2023,$                                                      193.18,,,,,,,,,,,,0.95,,,,,,,,,,,0,,,,,,,,,,,,,,
,,,,,,,,,,,,,,,,,,2023,12/12/2023,$                                                      194.71,,,,,,,,,,,,0.95,,,,,,,,,,,0,,,,,,,,,,,,,,
,,,,,,,,,,,,,,,,,,2023,12/13/2023,$                                                     197.96,,,,,,,,,,,,0.95,,,,,,,,,,,0,,,,,,,,,,,,,,
,,,,,,,,,,,,,,,,,,2023,12/14/2023,$                                                       198.11,,,,,,,,,,,,0.95,,,,,,,,,,,0,,,,,,,,,,,,,,
,,,,,,,,,,,,,,,,,,2023,12/15/2023,$                                                     197.57,,,,,,,,,,,,0.95,,,,,,,,,,,0,,,,,,,,,,,,,,
,,,,,,,,,,,,,,,,,,2023,12/18/2023,$                                                     195.89,,,,,,,,,,,,0.95,,,,,,,,,,,0,,,,,,,,,,,,,,
,,,,,,,,,,,,,,,,,,2023,12/19/2023,$                                                     196.94,,,,,,,,,,,,0.95,,,,,,,,,,,0,,,,,,,,,,,,,,
,,,,,,,,,,,,,,,,,,2023,12/20/2023,$                                                     194.83,,,,,,,,,,,,0.95,,,,,,,,,,,0,,,,,,,,,,,,,,
,,,,,,,,,,,,,,,,,,2023,12/21/2023,$                                                     194.68,,,,,,,,,,,,0.95,,,,,,,,,,,0,,,,,,,,,,,,,,
,,,,,,,,,,,,,,,,,,2023,12/22/2023,$                                                     193.60,,,,,,,,,,,,0.95,,,,,,,,,,,0,,,,,,,,,,,,,,
,,,,,,,,,,,,,,,,,,2023,12/26/2023,$                                                     193.05,,,,,,,,,,,,0.95,,,,,,,,,,,0,,,,,,,,,,,,,,
,,,,,,,,,,,,,,,,,,2023,12/27/2023,$                                                      193.15,,,,,,,,,,,,0.95,,,,,,,,,,,0,,,,,,,,,,,,,,
,,,,,,,,,,,,,,,,,,2023,12/28/2023,$                                                     193.58,,,,,,,,,,,,0.95,,,,,,,,,,,0,,,,,,,,,,,,,,
,,,,,,,,,,,,,,,,,,2023,12/29/2023,$                                                     192.53,,,,,,,,,,,,0.95,,,,,,,,,,,0,,,,,,,,,,,,,,
,,,,,,,,,,,,,,,,,,2024,1/2/2024,$                                                     185.64,,,,,,,,,,,,0.99,,,,,,,,,,,0,,,,,,,,,,,,,,
,,,,,,,,,,,,,,,,,,2024,1/3/2024,$                                                     184.25,,,,,,,,,,,,0.99,,,,,,,,,,,0,,,,,,,,,,,,,,
,,,,,,,,,,,,,,,,,,2024,1/4/2024,$                                                       181.91,,,,,,,,,,,,0.99,,,,,,,,,,,0,,,,,,,,,,,,,,
,,,,,,,,,,,,,,,,,,2024,1/5/2024,$                                                       181.18,,,,,,,,,,,,0.99,,,,,,,,,,,0,,,,,,,,,,,,,,
,,,,,,,,,,,,,,,,,,2024,1/8/2024,$                                                     185.56,,,,,,,,,,,,0.99,,,,,,,,,,,0,,,,,,,,,,,,,,
,,,,,,,,,,,,,,,,,,2024,1/9/2024,$                                                      185.14,,,,,,,,,,,,0.99,,,,,,,,,,,0,,,,,,,,,,,,,,
,,,,,,,,,,,,,,,,,,2024,1/10/2024,$                                                      186.19,,,,,,,,,,,,0.99,,,,,,,,,,,0,,,,,,,,,,,,,,
,,,,,,,,,,,,,,,,,,2024,1/11/2024,$                                                     185.59,,,,,,,,,,,,0.99,,,,,,,,,,,0,,,,,,,,,,,,,,
,,,,,,,,,,,,,,,,,,2024,1/12/2024,$                                                     185.92,,,,,,,,,,,,0.99,,,,,,,,,,,0,,,,,,,,,,,,,,
,,,,,,,,,,,,,,,,,,2024,1/16/2024,$                                                     183.63,,,,,,,,,,,,0.99,,,,,,,,,,,0,,,,,,,,,,,,,,
,,,,,,,,,,,,,,,,,,2024,1/17/2024,$                                                     182.68,,,,,,,,,,,,0.99,,,,,,,,,,,0,,,,,,,,,,,,,,
,,,,,,,,,,,,,,,,,,2024,1/18/2024,$                                                     188.63,,,,,,,,,,,,0.99,,,,,,,,,,,0,,,,,,,,,,,,,,
,,,,,,,,,,,,,,,,,,2024,1/19/2024,$                                                      191.56,,,,,,,,,,,,0.99,,,,,,,,,,,0,,,,,,,,,,,,,,
,,,,,,,,,,,,,,,,,,2024,1/22/2024,$                                                     193.89,,,,,,,,,,,,0.99,,,,,,,,,,,0,,,,,,,,,,,,,,
,,,,,,,,,,,,,,,,,,2024,1/23/2024,$                                                      195.18,,,,,,,,,,,,0.99,,,,,,,,,,,0,,,,,,,,,,,,,,
,,,,,,,,,,,,,,,,,,2024,1/24/2024,$                                                     194.50,,,,,,,,,,,,0.99,,,,,,,,,,,0,,,,,,,,,,,,,,
,,,,,,,,,,,,,,,,,,2024,1/25/2024,$                                                      194.17,,,,,,,,,,,,0.99,,,,,,,,,,,0,,,,,,,,,,,,,,
,,,,,,,,,,,,,,,,,,2024,1/26/2024,$                                                     192.42,,,,,,,,,,,,0.99,,,,,,,,,,,0,,,,,,,,,,,,,,
,,,,,,,,,,,,,,,,,,2024,1/29/2024,$                                                      191.73,,,,,,,,,,,,0.99,,,,,,,,,,,0,,,,,,,,,,,,,,
,,,,,,,,,,,,,,,,,,2024,1/30/2024,$                                                     188.04,,,,,,,,,,,,0.99,,,,,,,,,,,0,,,,,,,,,,,,,,
,,,,,,,,,,,,,,,,,,2024,1/31/2024,$                                                     184.40,,,,,,,,,,,,0.99,,,,,,,,,,,0,,,,,,,,,,,,,,
,,,,,,,,,,,,,,,,,,2024,2/1/2024,$                                                     186.86,,,,,,,,,,,,0.99,,,,,,,,,,,0,,,,,,,,,,,,,,
,,,,,,,,,,,,,,,,,,2024,2/2/2024,$                                                     185.85,,,,,,,,,,,,0.99,,,,,,,,,,,0,,,,,,,,,,,,,,
,,,,,,,,,,,,,,,,,,2024,2/5/2024,$                                                     187.68,,,,,,,,,,,,0.99,,,,,,,,,,,0,,,,,,,,,,,,,,
,,,,,,,,,,,,,,,,,,2024,2/6/2024,$                                                     189.30,,,,,,,,,,,,0.99,,,,,,,,,,,0,,,,,,,,,,,,,,
,,,,,,,,,,,,,,,,,,2024,2/7/2024,$                                                      189.41,,,,,,,,,,,,0.99,,,,,,,,,,,0,,,,,,,,,,,,,,
,,,,,,,,,,,,,,,,,,2024,2/8/2024,$                                                     188.32,,,,,,,,,,,,0.99,,,,,,,,,,,0,,,,,,,,,,,,,,
,,,,,,,,,,,,,,,,,,2024,2/9/2024,$                                                     188.85,,,,,,,,,,,,0.99,,,,,,,,,,,0,,,,,,,,,,,,,,
,,,,,,,,,,,,,,,,,,2024,2/12/2024,$                                                      187.15,,,,,,,,,,,,0.99,,,,,,,,,,,0,,,,,,,,,,,,,,
,,,,,,,,,,,,,,,,,,2024,2/13/2024,$                                                     185.04,,,,,,,,,,,,0.99,,,,,,,,,,,0,,,,,,,,,,,,,,
,,,,,,,,,,,,,,,,,,2024,2/14/2024,$                                                      184.15,,,,,,,,,,,,0.99,,,,,,,,,,,0,,,,,,,,,,,,,,
,,,,,,,,,,,,,,,,,,2024,2/15/2024,$                                                     183.86,,,,,,,,,,,,0.99,,,,,,,,,,,0,,,,,,,,,,,,,,
,,,,,,,,,,,,,,,,,,2024,2/16/2024,$                                                      182.31,,,,,,,,,,,,0.99,,,,,,,,,,,0,,,,,,,,,,,,,,
,,,,,,,,,,,,,,,,,,2024,2/20/2024,$                                                      181.56,,,,,,,,,,,,0.99,,,,,,,,,,,0,,,,,,,,,,,,,,
,,,,,,,,,,,,,,,,,,2024,2/21/2024,$                                                     182.32,,,,,,,,,,,,0.99,,,,,,,,,,,0,,,,,,,,,,,,,,
,,,,,,,,,,,,,,,,,,2024,2/22/2024,$                                                     184.37,,,,,,,,,,,,0.99,,,,,,,,,,,0,,,,,,,,,,,,,,
,,,,,,,,,,,,,,,,,,2024,2/23/2024,$                                                     182.52,,,,,,,,,,,,0.99,,,,,,,,,,,0,,,,,,,,,,,,,,
,,,,,,,,,,,,,,,,,,2024,2/26/2024,$                                                       181.16,,,,,,,,,,,,0.99,,,,,,,,,,,0,,,,,,,,,,,,,,
,,,,,,,,,,,,,,,,,,2024,2/27/2024,$                                                     182.63,,,,,,,,,,,,0.99,,,,,,,,,,,0,,,,,,,,,,,,,,
,,,,,,,,,,,,,,,,,,2024,2/28/2024,$                                                      181.42,,,,,,,,,,,,0.99,,,,,,,,,,,0,,,,,,,,,,,,,,
,,,,,,,,,,,,,,,,,,2024,2/29/2024,$                                                     180.75,,,,,,,,,,,,0.99,,,,,,,,,,,0,,,,,,,,,,,,,,
,,,,,,,,,,,,,,,,,,2024,3/1/2024,$                                                     179.66,,,,,,,,,,,,0.99,,,,,,,,,,,0,,,,,,,,,,,,,,
,,,,,,,,,,,,,,,,,,2024,3/4/2024,$                                                      175.10,,,,,,,,,,,,0.99,,,,,,,,,,,0,,,,,,,,,,,,,,
,,,,,,,,,,,,,,,,,,2024,3/5/2024,$                                                      170.12,,,,,,,,,,,,0.99,,,,,,,,,,,0,,,,,,,,,,,,,,
,,,,,,,,,,,,,,,,,,2024,3/6/2024,$                                                      169.12,,,,,,,,,,,,0.99,,,,,,,,,,,0,,,,,,,,,,,,,,
,,,,,,,,,,,,,,,,,,2024,3/7/2024,$                                                     169.00,,,,,,,,,,,,0.99,,,,,,,,,,,0,,,,,,,,,,,,,,
,,,,,,,,,,,,,,,,,,2024,3/8/2024,$                                                     170.73,,,,,,,,,,,,0.99,,,,,,,,,,,0,,,,,,,,,,,,,,
,,,,,,,,,,,,,,,,,,2024,3/11/2024,$                                                     172.75,,,,,,,,,,,,0.99,,,,,,,,,,,0,,,,,,,,,,,,,,
,,,,,,,,,,,,,,,,,,2024,3/12/2024,$                                                     173.23,,,,,,,,,,,,0.99,,,,,,,,,,,0,,,,,,,,,,,,,,
,,,,,,,,,,,,,,,,,,2024,3/13/2024,$                                                       171.13,,,,,,,,,,,,0.99,,,,,,,,,,,0,,,,,,,,,,,,,,
,,,,,,,,,,,,,,,,,,2024,3/14/2024,$                                                     173.00,,,,,,,,,,,,0.99,,,,,,,,,,,0,,,,,,,,,,,,,,
,,,,,,,,,,,,,,,,,,2024,3/15/2024,$                                                     172.62,,,,,,,,,,,,0.99,,,,,,,,,,,0,,,,,,,,,,,,,,
,,,,,,,,,,,,,,,,,,2024,3/18/2024,$                                                     173.72,,,,,,,,,,,,0.99,,,,,,,,,,,0,,,,,,,,,,,,,,
,,,,,,,,,,,,,,,,,,2024,3/19/2024,$                                                     176.08,,,,,,,,,,,,0.99,,,,,,,,,,,0,,,,,,,,,,,,,,
,,,,,,,,,,,,,,,,,,2024,3/20/2024,$                                                     178.67,,,,,,,,,,,,0.99,,,,,,,,,,,0,,,,,,,,,,,,,,
,,,,,,,,,,,,,,,,,,2024,3/21/2024,$                                                      171.37,,,,,,,,,,,,0.99,,,,,,,,,,,0,,,,,,,,,,,,,,
,,,,,,,,,,,,,,,,,,2024,3/22/2024,$                                                     172.28,,,,,,,,,,,,0.99,,,,,,,,,,,0,,,,,,,,,,,,,,
,,,,,,,,,,,,,,,,,,2024,3/25/2024,$                                                     170.85,,,,,,,,,,,,0.99,,,,,,,,,,,0,,,,,,,,,,,,,,
,,,,,,,,,,,,,,,,,,2024,3/26/2024,$                                                      169.71,,,,,,,,,,,,0.99,,,,,,,,,,,0,,,,,,,,,,,,,,
,,,,,,,,,,,,,,,,,,2024,3/27/2024,$                                                      173.31,,,,,,,,,,,,0.99,,,,,,,,,,,0,,,,,,,,,,,,,,
,,,,,,,,,,,,,,,,,,2024,3/28/2024,$                                                      171.48,,,,,,,,,,,,0.99,,,,,,,,,,,0,,,,,,,,,,,,,,
,,,,,,,,,,,,,,,,,,2024,4/1/2024,$                                                     170.03,,,,,,,,,,,,0.99,,,,,,,,,,,0,,,,,,,,,,,,,,
,,,,,,,,,,,,,,,,,,2024,4/2/2024,$                                                     168.84,,,,,,,,,,,,0.99,,,,,,,,,,,0,,,,,,,,,,,,,,
,,,,,,,,,,,,,,,,,,2024,4/3/2024,$                                                     169.65,,,,,,,,,,,,0.99,,,,,,,,,,,0,,,,,,,,,,,,,,
,,,,,,,,,,,,,,,,,,2024,4/4/2024,$                                                     168.82,,,,,,,,,,,,0.99,,,,,,,,,,,0,,,,,,,,,,,,,,
,,,,,,,,,,,,,,,,,,2024,4/5/2024,$                                                     169.58,,,,,,,,,,,,0.99,,,,,,,,,,,0,,,,,,,,,,,,,,
,,,,,,,,,,,,,,,,,,2024,4/8/2024,$                                                     168.45,,,,,,,,,,,,0.99,,,,,,,,,,,0,,,,,,,,,,,,,,
,,,,,,,,,,,,,,,,,,2024,4/9/2024,$                                                     169.67,,,,,,,,,,,,0.99,,,,,,,,,,,0,,,,,,,,,,,,,,
,,,,,,,,,,,,,,,,,,2024,4/10/2024,$                                                     167.78,,,,,,,,,,,,0.99,,,,,,,,,,,0,,,,,,,,,,,,,,
,,,,,,,,,,,,,,,,,,2024,4/11/2024,$                                                     175.04,,,,,,,,,,,,0.99,,,,,,,,,,,0,,,,,,,,,,,,,,
,,,,,,,,,,,,,,,,,,2024,4/12/2024,$                                                     176.55,,,,,,,,,,,,0.99,,,,,,,,,,,0,,,,,,,,,,,,,,
,,,,,,,,,,,,,,,,,,2024,4/15/2024,$                                                     172.69,,,,,,,,,,,,0.99,,,,,,,,,,,0,,,,,,,,,,,,,,
,,,,,,,,,,,,,,,,,,2024,4/16/2024,$                                                     169.38,,,,,,,,,,,,0.99,,,,,,,,,,,0,,,,,,,,,,,,,,
,,,,,,,,,,,,,,,,,,2024,4/17/2024,$                                                     168.00,,,,,,,,,,,,0.99,,,,,,,,,,,0,,,,,,,,,,,,,,
,,,,,,,,,,,,,,,,,,2024,4/18/2024,$                                                     167.04,,,,,,,,,,,,0.99,,,,,,,,,,,0,,,,,,,,,,,,,,
,,,,,,,,,,,,,,,,,,2024,4/19/2024,$                                                     165.00,,,,,,,,,,,,0.99,,,,,,,,,,,0,,,,,,,,,,,,,,
,,,,,,,,,,,,,,,,,,2024,4/22/2024,$                                                     165.84,,,,,,,,,,,,0.99,,,,,,,,,,,0,,,,,,,,,,,,,,
,,,,,,,,,,,,,,,,,,2024,4/23/2024,$                                                     166.90,,,,,,,,,,,,0.99,,,,,,,,,,,0,,,,,,,,,,,,,,
,,,,,,,,,,,,,,,,,,2024,4/24/2024,$                                                     169.02,,,,,,,,,,,,0.99,,,,,,,,,,,0,,,,,,,,,,,,,,
,,,,,,,,,,,,,,,,,,2024,4/25/2024,$                                                     169.89,,,,,,,,,,,,0.99,,,,,,,,,,,0,,,,,,,,,,,,,,
,,,,,,,,,,,,,,,,,,2024,4/26/2024,$                                                     169.30,,,,,,,,,,,,0.99,,,,,,,,,,,0,,,,,,,,,,,,,,
,,,,,,,,,,,,,,,,,,2024,4/29/2024,$                                                     173.50,,,,,,,,,,,,0.99,,,,,,,,,,,0,,,,,,,,,,,,,,
,,,,,,,,,,,,,,,,,,2024,4/30/2024,$                                                     170.33,,,,,,,,,,,,0.99,,,,,,,,,,,0,,,,,,,,,,,,,,
,,,,,,,,,,,,,,,,,,2024,5/1/2024,$                                                     169.30,,,,,,,,,,,,0.99,,,,,,,,,,,0,,,,,,,,,,,,,,
,,,,,,,,,,,,,,,,,,2024,5/2/2024,$                                                     173.03,,,,,,,,,,,,0.99,,,,,,,,,,,0,,,,,,,,,,,,,,
,,,,,,,,,,,,,,,,,,2024,5/3/2024,$                                                     183.38,,,,,,,,,,,,0.99,,,,,,,,,,,0,,,,,,,,,,,,,,
,,,,,,,,,,,,,,,,,,2024,5/6/2024,$                                                       181.71,,,,,,,,,,,,0.99,,,,,,,,,,,0,,,,,,,,,,,,,,
,,,,,,,,,,,,,,,,,,2024,5/7/2024,$                                                     182.40,,,,,,,,,,,,0.99,,,,,,,,,,,0,,,,,,,,,,,,,,
,,,,,,,,,,,,,,,,,,2024,5/8/2024,$                                                     182.74,,,,,,,,,,,,0.99,,,,,,,,,,,0,,,,,,,,,,,,,,
,,,,,,,,,,,,,,,,,,2024,5/9/2024,$                                                     184.57,,,,,,,,,,,,0.99,,,,,,,,,,,0,,,,,,,,,,,,,,
,,,,,,,,,,,,,,,,,,2024,5/10/2024,$                                                     183.05,,,,,,,,,,,,0.99,,,,,,,,,,,0,,,,,,,,,,,,,,
,,,,,,,,,,,,,,,,,,2024,5/13/2024,$                                                     186.28,,,,,,,,,,,,0.99,,,,,,,,,,,0,,,,,,,,,,,,,,
,,,,,,,,,,,,,,,,,,2024,5/14/2024,$                                                     187.43,,,,,,,,,,,,0.99,,,,,,,,,,,0,,,,,,,,,,,,,,
,,,,,,,,,,,,,,,,,,2024,5/15/2024,$                                                     189.72,,,,,,,,,,,,0.99,,,,,,,,,,,0,,,,,,,,,,,,,,
,,,,,,,,,,,,,,,,,,2024,5/16/2024,$                                                     189.84,,,,,,,,,,,,0.99,,,,,,,,,,,0,,,,,,,,,,,,,,
,,,,,,,,,,,,,,,,,,2024,5/17/2024,$                                                     189.87,,,,,,,,,,,,0.99,,,,,,,,,,,0,,,,,,,,,,,,,,
,,,,,,,,,,,,,,,,,,2024,5/20/2024,$                                                      191.04,,,,,,,,,,,,0.99,,,,,,,,,,,0,,,,,,,,,,,,,,
,,,,,,,,,,,,,,,,,,2024,5/21/2024,$                                                     192.35,,,,,,,,,,,,0.99,,,,,,,,,,,0,,,,,,,,,,,,,,
,,,,,,,,,,,,,,,,,,2024,5/22/2024,$                                                     190.90,,,,,,,,,,,,0.99,,,,,,,,,,,0,,,,,,,,,,,,,,
,,,,,,,,,,,,,,,,,,2024,5/23/2024,$                                                     186.88,,,,,,,,,,,,0.99,,,,,,,,,,,0,,,,,,,,,,,,,,
,,,,,,,,,,,,,,,,,,2024,5/24/2024,$                                                     189.98,,,,,,,,,,,,0.99,,,,,,,,,,,0,,,,,,,,,,,,,,
,,,,,,,,,,,,,,,,,,2024,5/28/2024,$                                                     189.99,,,,,,,,,,,,0.99,,,,,,,,,,,0,,,,,,,,,,,,,,
,,,,,,,,,,,,,,,,,,2024,5/29/2024,$                                                     190.29,,,,,,,,,,,,0.99,,,,,,,,,,,0,,,,,,,,,,,,,,
,,,,,,,,,,,,,,,,,,2024,5/30/2024,$                                                      191.29,,,,,,,,,,,,0.99,,,,,,,,,,,0,,,,,,,,,,,,,,
,,,,,,,,,,,,,,,,,,2024,5/31/2024,$                                                     192.25,,,,,,,,,,,,0.99,,,,,,,,,,,0,,,,,,,,,,,,,,
,,,,,,,,,,,,,,,,,,2024,6/3/2024,$                                                     194.03,,,,,,,,,,,,0.99,,,,,,,,,,,0,,,,,,,,,,,,,,
,,,,,,,,,,,,,,,,,,2024,6/4/2024,$                                                     194.35,,,,,,,,,,,,0.99,,,,,,,,,,,0,,,,,,,,,,,,,,
,,,,,,,,,,,,,,,,,,2024,6/5/2024,$                                                     195.87,,,,,,,,,,,,0.99,,,,,,,,,,,0,,,,,,,,,,,,,,
,,,,,,,,,,,,,,,,,,2024,6/6/2024,$                                                     194.48,,,,,,,,,,,,0.99,,,,,,,,,,,0,,,,,,,,,,,,,,
,,,,,,,,,,,,,,,,,,2024,6/7/2024,$                                                     196.89,,,,,,,,,,,,0.99,,,,,,,,,,,0,,,,,,,,,,,,,,
,,,,,,,,,,,,,,,,,,2024,6/10/2024,$                                                      193.12,,,,,,,,,,,,0.99,,,,,,,,,,,0,,,,,,,,,,,,,,
,,,,,,,,,,,,,,,,,,2024,6/11/2024,$                                                     207.15,,,,,,,,,,,,0.99,,,,,,,,,,,0,,,,,,,,,,,,,,
,,,,,,,,,,,,,,,,,,2024,6/12/2024,$                                                     213.07,,,,,,,,,,,,0.99,,,,,,,,,,,0,,,,,,,,,,,,,,
,,,,,,,,,,,,,,,,,,2024,6/13/2024,$                                                     214.24,,,,,,,,,,,,0.99,,,,,,,,,,,0,,,,,,,,,,,,,,
,,,,,,,,,,,,,,,,,,2024,6/14/2024,$                                                     212.49,,,,,,,,,,,,0.99,,,,,,,,,,,0,,,,,,,,,,,,,,
,,,,,,,,,,,,,,,,,,2024,6/17/2024,$                                                     216.67,,,,,,,,,,,,0.99,,,,,,,,,,,0,,,,,,,,,,,,,,
,,,,,,,,,,,,,,,,,,2024,6/18/2024,$                                                     214.29,,,,,,,,,,,,0.99,,,,,,,,,,,0,,,,,,,,,,,,,,
,,,,,,,,,,,,,,,,,,2024,6/20/2024,$                                                    209.68,,,,,,,,,,,,0.99,,,,,,,,,,,0,,,,,,,,,,,,,,
,,,,,,,,,,,,,,,,,,2024,6/21/2024,$                                                    207.49,,,,,,,,,,,,0.99,,,,,,,,,,,0,,,,,,,,,,,,,,
,,,,,,,,,,,,,,,,,,2024,6/24/2024,$                                                     208.14,,,,,,,,,,,,0.99,,,,,,,,,,,0,,,,,,,,,,,,,,
,,,,,,,,,,,,,,,,,,2024,6/25/2024,$                                                    209.07,,,,,,,,,,,,0.99,,,,,,,,,,,0,,,,,,,,,,,,,,
,,,,,,,,,,,,,,,,,,2024,6/26/2024,$                                                     213.25,,,,,,,,,,,,0.99,,,,,,,,,,,0,,,,,,,,,,,,,,
,,,,,,,,,,,,,,,,,,2024,6/27/2024,$                                                      214.10,,,,,,,,,,,,0.99,,,,,,,,,,,0,,,,,,,,,,,,,,
,,,,,,,,,,,,,,,,,,2024,6/28/2024,$                                                     210.62,,,,,,,,,,,,0.99,,,,,,,,,,,0,,,,,,,,,,,,,,
,,,,,,,,,,,,,,,,,,2024,7/1/2024,$                                                     216.75,,,,,,,,,,,,0.99,,,,,,,,,,,0,,,,,,,,,,,,,,
,,,,,,,,,,,,,,,,,,2024,7/2/2024,$                                                    220.27,,,,,,,,,,,,0.99,,,,,,,,,,,0,,,,,,,,,,,,,,
,,,,,,,,,,,,,,,,,,2024,7/3/2024,$                                                     221.55,,,,,,,,,,,,0.99,,,,,,,,,,,0,,,,,,,,,,,,,,
,,,,,,,,,,,,,,,,,,2024,7/5/2024,$                                                    226.34,,,,,,,,,,,,0.99,,,,,,,,,,,0,,,,,,,,,,,,,,
,,,,,,,,,,,,,,,,,,2024,7/8/2024,$                                                    227.82,,,,,,,,,,,,0.99,,,,,,,,,,,0,,,,,,,,,,,,,,
,,,,,,,,,,,,,,,,,,2024,7/9/2024,$                                                    228.68,,,,,,,,,,,,0.99,,,,,,,,,,,0,,,,,,,,,,,,,,
,,,,,,,,,,,,,,,,,,2024,7/10/2024,$                                                    232.98,,,,,,,,,,,,0.99,,,,,,,,,,,0,,,,,,,,,,,,,,
,,,,,,,,,,,,,,,,,,2024,7/11/2024,$                                                    227.57,,,,,,,,,,,,0.99,,,,,,,,,,,0,,,,,,,,,,,,,,
,,,,,,,,,,,,,,,,,,2024,7/12/2024,$                                                    230.54,,,,,,,,,,,,0.99,,,,,,,,,,,0,,,,,,,,,,,,,,
,,,,,,,,,,,,,,,,,,2024,7/15/2024,$                                                    234.40,,,,,,,,,,,,0.99,,,,,,,,,,,0,,,,,,,,,,,,,,
,,,,,,,,,,,,,,,,,,2024,7/16/2024,$                                                    234.82,,,,,,,,,,,,0.99,,,,,,,,,,,0,,,,,,,,,,,,,,
,,,,,,,,,,,,,,,,,,2024,7/17/2024,$                                                    228.88,,,,,,,,,,,,0.99,,,,,,,,,,,0,,,,,,,,,,,,,,
,,,,,,,,,,,,,,,,,,2024,7/18/2024,$                                                     224.18,,,,,,,,,,,,0.99,,,,,,,,,,,0,,,,,,,,,,,,,,
,,,,,,,,,,,,,,,,,,2024,7/19/2024,$                                                     224.31,,,,,,,,,,,,0.99,,,,,,,,,,,0,,,,,,,,,,,,,,
,,,,,,,,,,,,,,,,,,2024,7/22/2024,$                                                    223.96,,,,,,,,,,,,0.99,,,,,,,,,,,0,,,,,,,,,,,,,,
,,,,,,,,,,,,,,,,,,2024,7/23/2024,$                                                     225.01,,,,,,,,,,,,0.99,,,,,,,,,,,0,,,,,,,,,,,,,,
,,,,,,,,,,,,,,,,,,2024,7/24/2024,$                                                     218.54,,,,,,,,,,,,0.99,,,,,,,,,,,0,,,,,,,,,,,,,,
,,,,,,,,,,,,,,,,,,2024,7/25/2024,$                                                     217.49,,,,,,,,,,,,0.99,,,,,,,,,,,0,,,,,,,,,,,,,,
,,,,,,,,,,,,,,,,,,2024,7/26/2024,$                                                     217.96,,,,,,,,,,,,0.99,,,,,,,,,,,0,,,,,,,,,,,,,,
,,,,,,,,,,,,,,,,,,2024,7/29/2024,$                                                     218.24,,,,,,,,,,,,0.99,,,,,,,,,,,0,,,,,,,,,,,,,,
,,,,,,,,,,,,,,,,,,2024,7/30/2024,$                                                     218.80,,,,,,,,,,,,0.99,,,,,,,,,,,0,,,,,,,,,,,,,,
,,,,,,,,,,,,,,,,,,2024,7/31/2024,$                                                    222.08,,,,,,,,,,,,0.99,,,,,,,,,,,0,,,,,,,,,,,,,,
,,,,,,,,,,,,,,,,,,2024,8/1/2024,$                                                     218.36,,,,,,,,,,,,0.99,,,,,,,,,,,0,,,,,,,,,,,,,,
,,,,,,,,,,,,,,,,,,2024,8/2/2024,$                                                     219.86,,,,,,,,,,,,0.99,,,,,,,,,,,0,,,,,,,,,,,,,,
,,,,,,,,,,,,,,,,,,2024,8/5/2024,$                                                    209.27,,,,,,,,,,,,0.99,,,,,,,,,,,0,,,,,,,,,,,,,,
,,,,,,,,,,,,,,,,,,2024,8/6/2024,$                                                    207.23,,,,,,,,,,,,0.99,,,,,,,,,,,0,,,,,,,,,,,,,,
,,,,,,,,,,,,,,,,,,2024,8/7/2024,$                                                    209.82,,,,,,,,,,,,0.99,,,,,,,,,,,0,,,,,,,,,,,,,,
,,,,,,,,,,,,,,,,,,2024,8/8/2024,$                                                      213.31,,,,,,,,,,,,0.99,,,,,,,,,,,0,,,,,,,,,,,,,,
,,,,,,,,,,,,,,,,,,2024,8/9/2024,$                                                     216.24,,,,,,,,,,,,0.99,,,,,,,,,,,0,,,,,,,,,,,,,,
,,,,,,,,,,,,,,,,,,2024,8/12/2024,$                                                     217.53,,,,,,,,,,,,0.99,,,,,,,,,,,0,,,,,,,,,,,,,,
,,,,,,,,,,,,,,,,,,2024,8/13/2024,$                                                     221.27,,,,,,,,,,,,0.99,,,,,,,,,,,0,,,,,,,,,,,,,,
,,,,,,,,,,,,,,,,,,2024,8/14/2024,$                                                     221.72,,,,,,,,,,,,0.99,,,,,,,,,,,0,,,,,,,,,,,,,,
,,,,,,,,,,,,,,,,,,2024,8/15/2024,$                                                    224.72,,,,,,,,,,,,0.99,,,,,,,,,,,0,,,,,,,,,,,,,,
,,,,,,,,,,,,,,,,,,2024,8/16/2024,$                                                    226.05,,,,,,,,,,,,0.99,,,,,,,,,,,0,,,,,,,,,,,,,,
,,,,,,,,,,,,,,,,,,2024,8/19/2024,$                                                    225.89,,,,,,,,,,,,0.99,,,,,,,,,,,0,,,,,,,,,,,,,,
,,,,,,,,,,,,,,,,,,2024,8/20/2024,$                                                     226.51,,,,,,,,,,,,0.99,,,,,,,,,,,0,,,,,,,,,,,,,,
,,,,,,,,,,,,,,,,,,2024,8/21/2024,$                                                    226.40,,,,,,,,,,,,0.99,,,,,,,,,,,0,,,,,,,,,,,,,,
,,,,,,,,,,,,,,,,,,2024,8/22/2024,$                                                    224.53,,,,,,,,,,,,0.99,,,,,,,,,,,0,,,,,,,,,,,,,,
,,,,,,,,,,,,,,,,,,2024,8/23/2024,$                                                    226.84,,,,,,,,,,,,0.99,,,,,,,,,,,0,,,,,,,,,,,,,,
,,,,,,,,,,,,,,,,,,2024,8/26/2024,$                                                     227.18,,,,,,,,,,,,0.99,,,,,,,,,,,0,,,,,,,,,,,,,,
,,,,,,,,,,,,,,,,,,2024,8/27/2024,$                                                    228.03,,,,,,,,,,,,0.99,,,,,,,,,,,0,,,,,,,,,,,,,,
,,,,,,,,,,,,,,,,,,2024,8/28/2024,$                                                    226.49,,,,,,,,,,,,0.99,,,,,,,,,,,0,,,,,,,,,,,,,,
,,,,,,,,,,,,,,,,,,2024,8/29/2024,$                                                    229.79,,,,,,,,,,,,0.99,,,,,,,,,,,0,,,,,,,,,,,,,,
,,,,,,,,,,,,,,,,,,2024,8/30/2024,$                                                    229.00,,,,,,,,,,,,0.99,,,,,,,,,,,0,,,,,,,,,,,,,,
,,,,,,,,,,,,,,,,,,2024,9/3/2024,$                                                    222.77,,,,,,,,,,,,0.99,,,,,,,,,,,0,,,,,,,,,,,,,,
,,,,,,,,,,,,,,,,,,2024,9/4/2024,$                                                    220.85,,,,,,,,,,,,0.99,,,,,,,,,,,0,,,,,,,,,,,,,,
,,,,,,,,,,,,,,,,,,2024,9/5/2024,$                                                    222.38,,,,,,,,,,,,0.99,,,,,,,,,,,0,,,,,,,,,,,,,,
,,,,,,,,,,,,,,,,,,2024,9/6/2024,$                                                    220.82,,,,,,,,,,,,0.99,,,,,,,,,,,0,,,,,,,,,,,,,,
,,,,,,,,,,,,,,,,,,2024,9/9/2024,$                                                     220.91,,,,,,,,,,,,0.99,,,,,,,,,,,0,,,,,,,,,,,,,,
,,,,,,,,,,,,,,,,,,2024,9/10/2024,$                                                      220.11,,,,,,,,,,,,0.99,,,,,,,,,,,0,,,,,,,,,,,,,,
,,,,,,,,,,,,,,,,,,2024,9/11/2024,$                                                    222.66,,,,,,,,,,,,0.99,,,,,,,,,,,0,,,,,,,,,,,,,,
,,,,,,,,,,,,,,,,,,2024,9/12/2024,$                                                    222.77,,,,,,,,,,,,0.99,,,,,,,,,,,0,,,,,,,,,,,,,,
,,,,,,,,,,,,,,,,,,2024,9/13/2024,$                                                    222.50,,,,,,,,,,,,0.99,,,,,,,,,,,0,,,,,,,,,,,,,,
,,,,,,,,,,,,,,,,,,2024,9/16/2024,$                                                     216.32,,,,,,,,,,,,0.99,,,,,,,,,,,0,,,,,,,,,,,,,,
,,,,,,,,,,,,,,,,,,2024,9/17/2024,$                                                     216.79,,,,,,,,,,,,0.99,,,,,,,,,,,0,,,,,,,,,,,,,,
,,,,,,,,,,,,,,,,,,2024,9/18/2024,$                                                    220.69,,,,,,,,,,,,0.99,,,,,,,,,,,0,,,,,,,,,,,,,,
,,,,,,,,,,,,,,,,,,2024,9/19/2024,$                                                    228.87,,,,,,,,,,,,0.99,,,,,,,,,,,0,,,,,,,,,,,,,,
,,,,,,,,,,,,,,,,,,2024,9/20/2024,$                                                    228.20,,,,,,,,,,,,0.99,,,,,,,,,,,0,,,,,,,,,,,,,,
,,,,,,,,,,,,,,,,,,2024,9/23/2024,$                                                    226.47,,,,,,,,,,,,0.99,,,,,,,,,,,0,,,,,,,,,,,,,,
,,,,,,,,,,,,,,,,,,2024,9/24/2024,$                                                    227.37,,,,,,,,,,,,0.99,,,,,,,,,,,0,,,,,,,,,,,,,,
,,,,,,,,,,,,,,,,,,2024,9/25/2024,$                                                    226.37,,,,,,,,,,,,0.99,,,,,,,,,,,0,,,,,,,,,,,,,,
,,,,,,,,,,,,,,,,,,2024,9/26/2024,$                                                    227.52,,,,,,,,,,,,0.99,,,,,,,,,,,0,,,,,,,,,,,,,,
,,,,,,,,,,,,,,,,,,2024,9/27/2024,$                                                    227.79,,,,,,,,,,,,0.99,,,,,,,,,,,0,,,,,,,,,,,,,,
,,,,,,,,,,,,,,,,,,2024,9/30/2024,$                                                    233.00,,,,,,,,,,,,0.99,,,,,,,,,,,0,,,,,,,,,,,,,,
,,,,,,,,,,,,,,,,,,2024,10/1/2024,$                                                     226.21,,,,,,,,,,,,0.99,,,,,,,,,,,0,,,,,,,,,,,,,,
,,,,,,,,,,,,,,,,,,2024,10/2/2024,$                                                    226.78,,,,,,,,,,,,0.99,,,,,,,,,,,0,,,,,,,,,,,,,,
,,,,,,,,,,,,,,,,,,2024,10/3/2024,$                                                    225.67,,,,,,,,,,,,0.99,,,,,,,,,,,0,,,,,,,,,,,,,,
,,,,,,,,,,,,,,,,,,2024,10/4/2024,$                                                    226.80,,,,,,,,,,,,0.99,,,,,,,,,,,0,,,,,,,,,,,,,,
,,,,,,,,,,,,,,,,,,2024,10/7/2024,$                                                     221.69,,,,,,,,,,,,0.99,,,,,,,,,,,0,,,,,,,,,,,,,,
,,,,,,,,,,,,,,,,,,2024,10/8/2024,$                                                    225.77,,,,,,,,,,,,0.99,,,,,,,,,,,0,,,,,,,,,,,,,,
,,,,,,,,,,,,,,,,,,2024,10/9/2024,$                                                    229.54,,,,,,,,,,,,0.99,,,,,,,,,,,0,,,,,,,,,,,,,,
,,,,,,,,,,,,,,,,,,2024,10/10/2024,$                                                    229.04,,,,,,,,,,,,0.99,,,,,,,,,,,0,,,,,,,,,,,,,,
,,,,,,,,,,,,,,,,,,2024,10/11/2024,$                                                    227.55,,,,,,,,,,,,0.99,,,,,,,,,,,0,,,,,,,,,,,,,,
,,,,,,,,,,,,,,,,,,2024,10/14/2024,$                                                     231.30,,,,,,,,,,,,0.99,,,,,,,,,,,0,,,,,,,,,,,,,,
,,,,,,,,,,,,,,,,,,2024,10/15/2024,$                                                    233.85,,,,,,,,,,,,0.99,,,,,,,,,,,0,,,,,,,,,,,,,,
,,,,,,,,,,,,,,,,,,2024,10/16/2024,$                                                     231.78,,,,,,,,,,,,0.99,,,,,,,,,,,0,,,,,,,,,,,,,,
,,,,,,,,,,,,,,,,,,2024,10/17/2024,$                                                     232.15,,,,,,,,,,,,0.99,,,,,,,,,,,0,,,,,,,,,,,,,,
,,,,,,,,,,,,,,,,,,2024,10/18/2024,$                                                    235.00,,,,,,,,,,,,0.99,,,,,,,,,,,0,,,,,,,,,,,,,,
,,,,,,,,,,,,,,,,,,2024,10/21/2024,$                                                    236.48,,,,,,,,,,,,0.99,,,,,,,,,,,0,,,,,,,,,,,,,,
,,,,,,,,,,,,,,,,,,2024,10/22/2024,$                                                    235.86,,,,,,,,,,,,0.99,,,,,,,,,,,0,,,,,,,,,,,,,,
,,,,,,,,,,,,,,,,,,2024,10/23/2024,$                                                    230.76,,,,,,,,,,,,0.99,,,,,,,,,,,0,,,,,,,,,,,,,,
,,,,,,,,,,,,,,,,,,2024,10/24/2024,$                                                    230.57,,,,,,,,,,,,0.99,,,,,,,,,,,0,,,,,,,,,,,,,,
,,,,,,,,,,,,,,,,,,2024,10/25/2024,$                                                      231.41,,,,,,,,,,,,0.99,,,,,,,,,,,0,,,,,,,,,,,,,,
,,,,,,,,,,,,,,,,,,2024,10/28/2024,$                                                    233.40,,,,,,,,,,,,0.99,,,,,,,,,,,0,,,,,,,,,,,,,,
,,,,,,,,,,,,,,,,,,2024,10/29/2024,$                                                    233.67,,,,,,,,,,,,0.99,,,,,,,,,,,0,,,,,,,,,,,,,,
,,,,,,,,,,,,,,,,,,2024,10/30/2024,$                                                     230.10,,,,,,,,,,,,0.99,,,,,,,,,,,0,,,,,,,,,,,,,,
,,,,,,,,,,,,,,,,,,2024,10/31/2024,$                                                     225.91,,,,,,,,,,,,0.99,,,,,,,,,,,0,,,,,,,,,,,,,,
,,,,,,,,,,,,,,,,,,2024,11/1/2024,$                                                     222.91,,,,,,,,,,,,0.99,,,,,,,,,,,0,,,,,,,,,,,,,,
,,,,,,,,,,,,,,,,,,2024,11/4/2024,$                                                     222.01,,,,,,,,,,,,0.99,,,,,,,,,,,0,,,,,,,,,,,,,,
,,,,,,,,,,,,,,,,,,2024,11/5/2024,$                                                    223.45,,,,,,,,,,,,0.99,,,,,,,,,,,0,,,,,,,,,,,,,,
,,,,,,,,,,,,,,,,,,2024,11/6/2024,$                                                    222.72,,,,,,,,,,,,0.99,,,,,,,,,,,0,,,,,,,,,,,,,,
,,,,,,,,,,,,,,,,,,2024,11/7/2024,$                                                    227.48,,,,,,,,,,,,0.99,,,,,,,,,,,0,,,,,,,,,,,,,,
,,,,,,,,,,,,,,,,,,2024,11/8/2024,$                                                    226.96,,,,,,,,,,,,0.99,,,,,,,,,,,0,,,,,,,,,,,,,,
,,,,,,,,,,,,,,,,,,2024,11/11/2024,$                                                    224.23,,,,,,,,,,,,0.99,,,,,,,,,,,0,,,,,,,,,,,,,,
,,,,,,,,,,,,,,,,,,2024,11/12/2024,$                                                    224.23,,,,,,,,,,,,0.99,,,,,,,,,,,0,,,,,,,,,,,,,,
,,,,,,,,,,,,,,,,,,2024,11/13/2024,$                                                     225.12,,,,,,,,,,,,0.99,,,,,,,,,,,0,,,,,,,,,,,,,,
,,,,,,,,,,,,,,,,,,2024,11/14/2024,$                                                    228.22,,,,,,,,,,,,0.99,,,,,,,,,,,0,,,,,,,,,,,,,,
,,,,,,,,,,,,,,,,,,2024,11/15/2024,$                                                    225.00,,,,,,,,,,,,0.99,,,,,,,,,,,0,,,,,,,,,,,,,,
,,,,,,,,,,,,,,,,,,2024,11/18/2024,$                                                    228.02,,,,,,,,,,,,0.99,,,,,,,,,,,0,,,,,,,,,,,,,,
,,,,,,,,,,,,,,,,,,2024,11/19/2024,$                                                    228.28,,,,,,,,,,,,0.99,,,,,,,,,,,0,,,,,,,,,,,,,,
,,,,,,,,,,,,,,,,,,2024,11/20/2024,$                                                    229.00,,,,,,,,,,,,0.99,,,,,,,,,,,0,,,,,,,,,,,,,,
,,,,,,,,,,,,,,,,,,2024,11/21/2024,$                                                    228.52,,,,,,,,,,,,0.99,,,,,,,,,,,0,,,,,,,,,,,,,,
,,,,,,,,,,,,,,,,,,2024,11/22/2024,$                                                    229.87,,,,,,,,,,,,0.99,,,,,,,,,,,0,,,,,,,,,,,,,,
,,,,,,,,,,,,,,,,,,2024,11/25/2024,$                                                    232.87,,,,,,,,,,,,0.99,,,,,,,,,,,0,,,,,,,,,,,,,,
,,,,,,,,,,,,,,,,,,2024,11/26/2024,$                                                    235.06,,,,,,,,,,,,0.99,,,,,,,,,,,0,,,,,,,,,,,,,,
,,,,,,,,,,,,,,,,,,2024,11/27/2024,$                                                    234.93,,,,,,,,,,,,0.99,,,,,,,,,,,0,,,,,,,,,,,,,,
,,,,,,,,,,,,,,,,,,2024,11/29/2024,$                                                    237.33,,,,,,,,,,,,0.99,,,,,,,,,,,0,,,,,,,,,,,,,,
,,,,,,,,,,,,,,,,,,2024,12/2/2024,$                                                    239.59,,,,,,,,,,,,0.99,,,,,,,,,,,0,,,,,,,,,,,,,,
,,,,,,,,,,,,,,,,,,2024,12/3/2024,$                                                    242.65,,,,,,,,,,,,0.99,,,,,,,,,,,0,,,,,,,,,,,,,,
,,,,,,,,,,,,,,,,,,2024,12/4/2024,$                                                     243.01,,,,,,,,,,,,0.99,,,,,,,,,,,0,,,,,,,,,,,,,,
,,,,,,,,,,,,,,,,,,2024,12/5/2024,$                                                    243.04,,,,,,,,,,,,0.99,,,,,,,,,,,0,,,,,,,,,,,,,,
,,,,,,,,,,,,,,,,,,2024,12/6/2024,$                                                    242.84,,,,,,,,,,,,0.99,,,,,,,,,,,0,,,,,,,,,,,,,,
,,,,,,,,,,,,,,,,,,2024,12/9/2024,$                                                    246.75,,,,,,,,,,,,0.99,,,,,,,,,,,0,,,,,,,,,,,,,,
,,,,,,,,,,,,,,,,,,2024,12/10/2024,$                                                    247.77,,,,,,,,,,,,0.99,,,,,,,,,,,0,,,,,,,,,,,,,,
,,,,,,,,,,,,,,,,,,2024,12/11/2024,$                                                    246.49,,,,,,,,,,,,0.99,,,,,,,,,,,0,,,,,,,,,,,,,,
,,,,,,,,,,,,,,,,,,2024,12/12/2024,$                                                    247.96,,,,,,,,,,,,0.99,,,,,,,,,,,0,,,,,,,,,,,,,,
,,,,,,,,,,,,,,,,,,2024,12/13/2024,$                                                     248.13,,,,,,,,,,,,0.99,,,,,,,,,,,0,,,,,,,,,,,,,,
,,,,,,,,,,,,,,,,,,2024,12/16/2024,$                                                     251.04,,,,,,,,,,,,0.99,,,,,,,,,,,0,,,,,,,,,,,,,,
,,,,,,,,,,,,,,,,,,2024,12/17/2024,$                                                    253.48,,,,,,,,,,,,0.99,,,,,,,,,,,0,,,,,,,,,,,,,,
,,,,,,,,,,,,,,,,,,2024,12/18/2024,$                                                    248.05,,,,,,,,,,,,0.99,,,,,,,,,,,0,,,,,,,,,,,,,,
,,,,,,,,,,,,,,,,,,2024,12/19/2024,$                                                    249.79,,,,,,,,,,,,0.99,,,,,,,,,,,0,,,,,,,,,,,,,,
,,,,,,,,,,,,,,,,,,2024,12/20/2024,$                                                    254.49,,,,,,,,,,,,0.99,,,,,,,,,,,0,,,,,,,,,,,,,,
,,,,,,,,,,,,,,,,,,2024,12/23/2024,$                                                    255.27,,,,,,,,,,,,0.99,,,,,,,,,,,0,,,,,,,,,,,,,,
,,,,,,,,,,,,,,,,,,2024,12/24/2024,$                                                    258.20,,,,,,,,,,,,0.99,,,,,,,,,,,0,,,,,,,,,,,,,,
,,,,,,,,,,,,,,,,,,2024,12/26/2024,$                                                    259.02,,,,,,,,,,,,0.99,,,,,,,,,,,0,,,,,,,,,,,,,,
,,,,,,,,,,,,,,,,,,2024,12/27/2024,$                                                    255.59,,,,,,,,,,,,0.99,,,,,,,,,,,0,,,,,,,,,,,,,,
,,,,,,,,,,,,,,,,,,2024,12/30/2024,$                                                    252.20,,,,,,,,,,,,0.99,,,,,,,,,,,0,,,,,,,,,,,,,,
,,,,,,,,,,,,,,,,,,2024,12/31/2024,$                                                    250.42,,,,,,,,,,,,0.99,,,,,,,,,,,0,,,,,,,,,,,,,,
,,,,,,,,,,,,,,,,,,2025,1/2/2025,$                                                    243.85,,,,,,,,,,,,0.99,,,,,,,,,,,0,,,,,,,,,,,,,,
,,,,,,,,,,,,,,,,,,2025,1/3/2025,$                                                    243.36,,,,,,,,,,,,0.99,,,,,,,,,,,0,,,,,,,,,,,,,,
,,,,,,,,,,,,,,,,,,2025,1/6/2025,$                                                    245.00,,,,,,,,,,,,0.99,,,,,,,,,,,0,,,,,,,,,,,,,,
,,,,,,,,,,,,,,,,,,2025,1/7/2025,$                                                     242.21,,,,,,,,,,,,0.99,,,,,,,,,,,0,,,,,,,,,,,,,,
,,,,,,,,,,,,,,,,,,2025,1/8/2025,$                                                    242.70,,,,,,,,,,,,0.99,,,,,,,,,,,0,,,,,,,,,,,,,,
,,,,,,,,,,,,,,,,,,2025,1/10/2025,$                                                    236.85,,,,,,,,,,,,0.99,,,,,,,,,,,0,,,,,,,,,,,,,,
,,,,,,,,,,,,,,,,,,2025,1/13/2025,$                                                    234.40,,,,,,,,,,,,0.99,,,,,,,,,,,0,,,,,,,,,,,,,,
,,,,,,,,,,,,,,,,,,2025,1/14/2025,$                                                    233.28,,,,,,,,,,,,0.99,,,,,,,,,,,0,,,,,,,,,,,,,,
,,,,,,,,,,,,,,,,,,2025,1/15/2025,$                                                    237.87,,,,,,,,,,,,0.99,,,,,,,,,,,0,,,,,,,,,,,,,,
,,,,,,,,,,,,,,,,,,2025,1/16/2025,$                                                    228.26,,,,,,,,,,,,0.99,,,,,,,,,,,0,,,,,,,,,,,,,,
,,,,,,,,,,,,,,,,,,2025,1/17/2025,$                                                    229.98,,,,,,,,,,,,0.99,,,,,,,,,,,0,,,,,,,,,,,,,,
,,,,,,,,,,,,,,,,,,2025,1/21/2025,$                                                    222.64,,,,,,,,,,,,0.99,,,,,,,,,,,0,,,,,,,,,,,,,,
,,,,,,,,,,,,,,,,,,2025,1/22/2025,$                                                    223.83,,,,,,,,,,,,0.99,,,,,,,,,,,0,,,,,,,,,,,,,,
,,,,,,,,,,,,,,,,,,2025,1/23/2025,$                                                    223.66,,,,,,,,,,,,0.99,,,,,,,,,,,0,,,,,,,,,,,,,,
,,,,,,,,,,,,,,,,,,2025,1/24/2025,$                                                    222.78,,,,,,,,,,,,0.99,,,,,,,,,,,0,,,,,,,,,,,,,,
,,,,,,,,,,,,,,,,,,2025,1/27/2025,$                                                    229.86,,,,,,,,,,,,0.99,,,,,,,,,,,0,,,,,,,,,,,,,,
,,,,,,,,,,,,,,,,,,2025,1/28/2025,$                                                    238.26,,,,,,,,,,,,0.99,,,,,,,,,,,0,,,,,,,,,,,,,,
,,,,,,,,,,,,,,,,,,2025,1/29/2025,$                                                    239.36,,,,,,,,,,,,0.99,,,,,,,,,,,0,,,,,,,,,,,,,,
,,,,,,,,,,,,,,,,,,2025,1/30/2025,$                                                    237.59,,,,,,,,,,,,0.99,,,,,,,,,,,0,,,,,,,,,,,,,,
,,,,,,,,,,,,,,,,,,2025,1/31/2025,$                                                    236.00,,,,,,,,,,,,0.99,,,,,,,,,,,0,,,,,,,,,,,,,,
,,,,,,,,,,,,,,,,,,2025,2/3/2025,$                                                     228.01,,,,,,,,,,,,0.99,,,,,,,,,,,0,,,,,,,,,,,,,,
,,,,,,,,,,,,,,,,,,2025,2/4/2025,$                                                    232.80,,,,,,,,,,,,0.99,,,,,,,,,,,0,,,,,,,,,,,,,,
,,,,,,,,,,,,,,,,,,2025,2/5/2025,$                                                    232.47,,,,,,,,,,,,0.99,,,,,,,,,,,0,,,,,,,,,,,,,,
,,,,,,,,,,,,,,,,,,2025,2/6/2025,$                                                    233.22,,,,,,,,,,,,0.99,,,,,,,,,,,0,,,,,,,,,,,,,,
,,,,,,,,,,,,,,,,,,2025,2/7/2025,$                                                    227.63,,,,,,,,,,,,0.99,,,,,,,,,,,0,,,,,,,,,,,,,,
,,,,,,,,,,,,,,,,,,2025,2/10/2025,$                                                    227.65,,,,,,,,,,,,0.99,,,,,,,,,,,0,,,,,,,,,,,,,,
,,,,,,,,,,,,,,,,,,2025,2/11/2025,$                                                    232.62,,,,,,,,,,,,0.99,,,,,,,,,,,0,,,,,,,,,,,,,,
,,,,,,,,,,,,,,,,,,2025,2/12/2025,$                                                    236.87,,,,,,,,,,,,0.99,,,,,,,,,,,0,,,,,,,,,,,,,,
,,,,,,,,,,,,,,,,,,2025,2/13/2025,$                                                     241.53,,,,,,,,,,,,0.99,,,,,,,,,,,0,,,,,,,,,,,,,,
,,,,,,,,,,,,,,,,,,2025,2/14/2025,$                                                    244.60,,,,,,,,,,,,0.99,,,,,,,,,,,0,,,,,,,,,,,,,,
,,,,,,,,,,,,,,,,,,2025,2/18/2025,$                                                    244.47,,,,,,,,,,,,0.99,,,,,,,,,,,0,,,,,,,,,,,,,,
,,,,,,,,,,,,,,,,,,2025,2/19/2025,$                                                    244.87,,,,,,,,,,,,0.99,,,,,,,,,,,0,,,,,,,,,,,,,,
,,,,,,,,,,,,,,,,,,2025,2/20/2025,$                                                    245.83,,,,,,,,,,,,0.99,,,,,,,,,,,0,,,,,,,,,,,,,,
,,,,,,,,,,,,,,,,,,2025,2/21/2025,$                                                    245.55,,,,,,,,,,,,0.99,,,,,,,,,,,0,,,,,,,,,,,,,,
,,,,,,,,,,,,,,,,,,2025,2/24/2025,$                                                     247.10,,,,,,,,,,,,0.99,,,,,,,,,,,0,,,,,,,,,,,,,,
,,,,,,,,,,,,,,,,,,2025,2/25/2025,$                                                    247.04,,,,,,,,,,,,0.99,,,,,,,,,,,0,,,,,,,,,,,,,,
,,,,,,,,,,,,,,,,,,2025,2/26/2025,$                                                    240.36,,,,,,,,,,,,0.99,,,,,,,,,,,0,,,,,,,,,,,,,,
,,,,,,,,,,,,,,,,,,2025,2/27/2025,$                                                    237.30,,,,,,,,,,,,0.99,,,,,,,,,,,0,,,,,,,,,,,,,,
,,,,,,,,,,,,,,,,,,2025,2/28/2025,$                                                     241.84,,,,,,,,,,,,0.99,,,,,,,,,,,0,,,,,,,,,,,,,,
,,,,,,,,,,,,,,,,,,2025,3/3/2025,$                                                    238.03,,,,,,,,,,,,0.99,,,,,,,,,,,0,,,,,,,,,,,,,,
,,,,,,,,,,,,,,,,,,2025,3/4/2025,$                                                    235.93,,,,,,,,,,,,0.99,,,,,,,,,,,0,,,,,,,,,,,,,,
,,,,,,,,,,,,,,,,,,2025,3/5/2025,$                                                    235.74,,,,,,,,,,,,0.99,,,,,,,,,,,0,,,,,,,,,,,,,,
,,,,,,,,,,,,,,,,,,2025,3/6/2025,$                                                    235.33,,,,,,,,,,,,0.99,,,,,,,,,,,0,,,,,,,,,,,,,,
,,,,,,,,,,,,,,,,,,2025,3/7/2025,$                                                    239.07,,,,,,,,,,,,0.99,,,,,,,,,,,0,,,,,,,,,,,,,,
,,,,,,,,,,,,,,,,,,2025,3/10/2025,$                                                    227.48,,,,,,,,,,,,0.99,,,,,,,,,,,0,,,,,,,,,,,,,,
,,,,,,,,,,,,,,,,,,2025,3/11/2025,$                                                    220.84,,,,,,,,,,,,0.99,,,,,,,,,,,0,,,,,,,,,,,,,,
,,,,,,,,,,,,,,,,,,2025,3/12/2025,$                                                     216.98,,,,,,,,,,,,0.99,,,,,,,,,,,0,,,,,,,,,,,,,,
,,,,,,,,,,,,,,,,,,2025,3/13/2025,$                                                    209.68,,,,,,,,,,,,0.99,,,,,,,,,,,0,,,,,,,,,,,,,,
,,,,,,,,,,,,,,,,,,2025,3/14/2025,$                                                     213.49,,,,,,,,,,,,0.99,,,,,,,,,,,0,,,,,,,,,,,,,,
,,,,,,,,,,,,,,,,,,2025,3/17/2025,$                                                     214.00,,,,,,,,,,,,0.99,,,,,,,,,,,0,,,,,,,,,,,,,,
,,,,,,,,,,,,,,,,,,2025,3/18/2025,$                                                     212.69,,,,,,,,,,,,0.99,,,,,,,,,,,0,,,,,,,,,,,,,,
,,,,,,,,,,,,,,,,,,2025,3/19/2025,$                                                     215.24,,,,,,,,,,,,0.99,,,,,,,,,,,0,,,,,,,,,,,,,,
,,,,,,,,,,,,,,,,,,2025,3/20/2025,$                                                      214.10,,,,,,,,,,,,0.99,,,,,,,,,,,0,,,,,,,,,,,,,,
,,,,,,,,,,,,,,,,,,2025,3/21/2025,$                                                     218.27,,,,,,,,,,,,0.99,,,,,,,,,,,0,,,,,,,,,,,,,,
,,,,,,,,,,,,,,,,,,2025,3/24/2025,$                                                    220.73,,,,,,,,,,,,0.99,,,,,,,,,,,0,,,,,,,,,,,,,,
,,,,,,,,,,,,,,,,,,2025,3/25/2025,$                                                    223.75,,,,,,,,,,,,0.99,,,,,,,,,,,0,,,,,,,,,,,,,,
,,,,,,,,,,,,,,,,,,2025,3/26/2025,$                                                     221.53,,,,,,,,,,,,0.99,,,,,,,,,,,0,,,,,,,,,,,,,,
,,,,,,,,,,,,,,,,,,2025,3/27/2025,$                                                    223.85,,,,,,,,,,,,0.99,,,,,,,,,,,0,,,,,,,,,,,,,,
,,,,,,,,,,,,,,,,,,2025,3/28/2025,$                                                     217.90,,,,,,,,,,,,0.99,,,,,,,,,,,0,,,,,,,,,,,,,,
,,,,,,,,,,,,,,,,,,2025,3/31/2025,$                                                     222.13,,,,,,,,,,,,0.99,,,,,,,,,,,0,,,,,,,,,,,,,,
,,,,,,,,,,,,,,,,,,2025,4/1/2025,$                                                     223.19,,,,,,,,,,,,0.99,,,,,,,,,,,0,,,,,,,,,,,,,,
,,,,,,,,,,,,,,,,,,2025,4/2/2025,$                                                    223.89,,,,,,,,,,,,0.99,,,,,,,,,,,0,,,,,,,,,,,,,,
,,,,,,,,,,,,,,,,,,2025,4/3/2025,$                                                     203.19,,,,,,,,,,,,0.99,,,,,,,,,,,0,,,,,,,,,,,,,,
,,,,,,,,,,,,,,,,,,2025,4/4/2025,$                                                     188.38,,,,,,,,,,,,0.99,,,,,,,,,,,0,,,,,,,,,,,,,,
,,,,,,,,,,,,,,,,,,2025,4/7/2025,$                                                      181.46,,,,,,,,,,,,0.99,,,,,,,,,,,0,,,,,,,,,,,,,,
,,,,,,,,,,,,,,,,,,2025,4/8/2025,$                                                     172.42,,,,,,,,,,,,0.99,,,,,,,,,,,0,,,,,,,,,,,,,,
,,,,,,,,,,,,,,,,,,2025,4/9/2025,$                                                     198.85,,,,,,,,,,,,0.99,,,,,,,,,,,0,,,,,,,,,,,,,,
,,,,,,,,,,,,,,,,,,2025,4/10/2025,$                                                     190.42,,,,,,,,,,,,0.99,,,,,,,,,,,0,,,,,,,,,,,,,,
,,,,,,,,,,,,,,,,,,2025,4/11/2025,$                                                      198.15,,,,,,,,,,,,0.99,,,,,,,,,,,0,,,,,,,,,,,,,,
,,,,,,,,,,,,,,,,,,2025,4/14/2025,$                                                    202.52,,,,,,,,,,,,0.99,,,,,,,,,,,0,,,,,,,,,,,,,,
,,,,,,,,,,,,,,,,,,2025,4/15/2025,$                                                     202.14,,,,,,,,,,,,0.99,,,,,,,,,,,0,,,,,,,,,,,,,,
,,,,,,,,,,,,,,,,,,2025,4/16/2025,$                                                     194.27,,,,,,,,,,,,0.99,,,,,,,,,,,0,,,,,,,,,,,,,,
,,,,,,,,,,,,,,,,,,2025,4/17/2025,$                                                     196.98,,,,,,,,,,,,0.99,,,,,,,,,,,0,,,,,,,,,,,,,,
,,,,,,,,,,,,,,,,,,2025,4/21/2025,$                                                      193.16,,,,,,,,,,,,0.99,,,,,,,,,,,0,,,,,,,,,,,,,,
,,,,,,,,,,,,,,,,,,2025,4/22/2025,$                                                     199.74,,,,,,,,,,,,0.99,,,,,,,,,,,0,,,,,,,,,,,,,,
,,,,,,,,,,,,,,,,,,2025,4/23/2025,$                                                    204.60,,,,,,,,,,,,0.99,,,,,,,,,,,0,,,,,,,,,,,,,,
,,,,,,,,,,,,,,,,,,2025,4/24/2025,$                                                    208.37,,,,,,,,,,,,0.99,,,,,,,,,,,0,,,,,,,,,,,,,,
,,,,,,,,,,,,,,,,,,2025,4/25/2025,$                                                    209.28,,,,,,,,,,,,0.99,,,,,,,,,,,0,,,,,,,,,,,,,,
,,,,,,,,,,,,,,,,,,2025,4/28/2025,$                                                      210.14,,,,,,,,,,,,0.99,,,,,,,,,,,0,,,,,,,,,,,,,,
,,,,,,,,,,,,,,,,,,2025,4/29/2025,$                                                       211.21,,,,,,,,,,,,0.99,,,,,,,,,,,0,,,,,,,,,,,,,,
,,,,,,,,,,,,,,,,,,2025,4/30/2025,$                                                     212.50,,,,,,,,,,,,0.99,,,,,,,,,,,0,,,,,,,,,,,,,,
,,,,,,,,,,,,,,,,,,2025,5/1/2025,$                                                     213.32,,,,,,,,,,,,0.99,,,,,,,,,,,0,,,,,,,,,,,,,,
,,,,,,,,,,,,,,,,,,2025,5/2/2025,$                                                    205.35,,,,,,,,,,,,0.99,,,,,,,,,,,0,,,,,,,,,,,,,,
,,,,,,,,,,,,,,,,,,2025,5/5/2025,$                                                     198.89,,,,,,,,,,,,0.99,,,,,,,,,,,0,,,,,,,,,,,,,,
,,,,,,,,,,,,,,,,,,2025,5/6/2025,$                                                      198.51,,,,,,,,,,,,0.99,,,,,,,,,,,0,,,,,,,,,,,,,,
,,,,,,,,,,,,,,,,,,2025,5/7/2025,$                                                     196.25,,,,,,,,,,,,0.99,,,,,,,,,,,0,,,,,,,,,,,,,,
,,,,,,,,,,,,,,,,,,2025,5/8/2025,$                                                     197.49,,,,,,,,,,,,0.99,,,,,,,,,,,0,,,,,,,,,,,,,,
,,,,,,,,,,,,,,,,,,2025,5/9/2025,$                                                     198.53,,,,,,,,,,,,0.99,,,,,,,,,,,0,,,,,,,,,,,,,,
,,,,,,,,,,,,,,,,,,2025,5/12/2025,$                                                     210.79,,,,,,,,,,,,0.99,,,,,,,,,,,0,,,,,,,,,,,,,,
,,,,,,,,,,,,,,,,,,2025,5/13/2025,$                                                     212.93,,,,,,,,,,,,0.99,,,,,,,,,,,0,,,,,,,,,,,,,,
,,,,,,,,,,,,,,,,,,2025,5/14/2025,$                                                     212.33,,,,,,,,,,,,0.99,,,,,,,,,,,0,,,,,,,,,,,,,,
,,,,,,,,,,,,,,,,,,2025,5/15/2025,$                                                      211.45,,,,,,,,,,,,0.99,,,,,,,,,,,0,,,,,,,,,,,,,,
,,,,,,,,,,,,,,,,,,2025,5/16/2025,$                                                      211.26,,,,,,,,,,,,0.99,,,,,,,,,,,0,,,,,,,,,,,,,,
,,,,,,,,,,,,,,,,,,2025,5/19/2025,$                                                    208.78,,,,,,,,,,,,0.99,,,,,,,,,,,0,,,,,,,,,,,,,,
,,,,,,,,,,,,,,,,,,2025,5/20/2025,$                                                    206.86,,,,,,,,,,,,0.99,,,,,,,,,,,0,,,,,,,,,,,,,,
,,,,,,,,,,,,,,,,,,2025,5/21/2025,$                                                    202.09,,,,,,,,,,,,0.99,,,,,,,,,,,0,,,,,,,,,,,,,,
,,,,,,,,,,,,,,,,,,2025,5/22/2025,$                                                     201.36,,,,,,,,,,,,0.99,,,,,,,,,,,0,,,,,,,,,,,,,,
,,,,,,,,,,,,,,,,,,2025,5/23/2025,$                                                     195.27,,,,,,,,,,,,0.99,,,,,,,,,,,0,,,,,,,,,,,,,,
,,,,,,,,,,,,,,,,,,2025,5/27/2025,$                                                     200.21,,,,,,,,,,,,0.99,,,,,,,,,,,0,,,,,,,,,,,,,,
,,,,,,,,,,,,,,,,,,2025,5/28/2025,$                                                    200.42,,,,,,,,,,,,0.99,,,,,,,,,,,0,,,,,,,,,,,,,,
,,,,,,,,,,,,,,,,,,2025,5/29/2025,$                                                     199.95,,,,,,,,,,,,0.99,,,,,,,,,,,0,,,,,,,,,,,,,,
,,,,,,,,,,,,,,,,,,2025,5/30/2025,$                                                    200.85,,,,,,,,,,,,0.99,,,,,,,,,,,0,,,,,,,,,,,,,,
,,,,,,,,,,,,,,,,,,2025,6/2/2025,$                                                     201.70,,,,,,,,,,,,0.99,,,,,,,,,,,0,,,,,,,,,,,,,,
,,,,,,,,,,,,,,,,,,2025,6/3/2025,$                                                    203.27,,,,,,,,,,,,0.99,,,,,,,,,,,0,,,,,,,,,,,,,,
,,,,,,,,,,,,,,,,,,2025,6/4/2025,$                                                    202.82,,,,,,,,,,,,0.99,,,,,,,,,,,0,,,,,,,,,,,,,,
,,,,,,,,,,,,,,,,,,2025,6/5/2025,$                                                    200.63,,,,,,,,,,,,0.99,,,,,,,,,,,0,,,,,,,,,,,,,,
,,,,,,,,,,,,,,,,,,2025,6/6/2025,$                                                    203.92,,,,,,,,,,,,0.99,,,,,,,,,,,0,,,,,,,,,,,,,,
,,,,,,,,,,,,,,,,,,2025,6/9/2025,$                                                     201.45,,,,,,,,,,,,0.99,,,,,,,,,,,0,,,,,,,,,,,,,,
,,,,,,,,,,,,,,,,,,2025,6/10/2025,$                                                    202.67,,,,,,,,,,,,0.99,,,,,,,,,,,0,,,,,,,,,,,,,,
,,,,,,,,,,,,,,,,,,2025,6/11/2025,$                                                     198.78,,,,,,,,,,,,0.99,,,,,,,,,,,0,,,,,,,,,,,,,,
,,,,,,,,,,,,,,,,,,2025,6/12/2025,$                                                     199.20,,,,,,,,,,,,0.99,,,,,,,,,,,0,,,,,,,,,,,,,,
,,,,,,,,,,,,,,,,,,2025,6/13/2025,$                                                     196.45,,,,,,,,,,,,0.99,,,,,,,,,,,0,,,,,,,,,,,,,,
,,,,,,,,,,,,,,,,,,2025,6/16/2025,$                                                     198.42,,,,,,,,,,,,0.99,,,,,,,,,,,0,,,,,,,,,,,,,,
,,,,,,,,,,,,,,,,,,2025,6/17/2025,$                                                     195.64,,,,,,,,,,,,0.99,,,,,,,,,,,0,,,,,,,,,,,,,,
,,,,,,,,,,,,,,,,,,2025,6/18/2025,$                                                     196.58,,,,,,,,,,,,0.99,,,,,,,,,,,0,,,,,,,,,,,,,,
,,,,,,,,,,,,,,,,,,2025,6/20/2025,$                                                     201.00,,,,,,,,,,,,0.99,,,,,,,,,,,0,,,,,,,,,,,,,,
,,,,,,,,,,,,,,,,,,2025,6/23/2025,$                                                     201.50,,,,,,,,,,,,0.99,,,,,,,,,,,0,,,,,,,,,,,,,,
,,,,,,,,,,,,,,,,,,2025,6/24/2025,$                                                    200.30,,,,,,,,,,,,0.99,,,,,,,,,,,0,,,,,,,,,,,,,,
,,,,,,,,,,,,,,,,,,2025,6/25/2025,$                                                     201.56,,,,,,,,,,,,0.99,,,,,,,,,,,0,,,,,,,,,,,,,,
,,,,,,,,,,,,,,,,,,2025,6/26/2025,$                                                     201.00,,,,,,,,,,,,0.99,,,,,,,,,,,0,,,,,,,,,,,,,,
,,,,,,,,,,,,,,,,,,2025,6/27/2025,$                                                     201.08,,,,,,,,,,,,0.99,,,,,,,,,,,0,,,,,,,,,,,,,,
,,,,,,,,,,,,,,,,,,2025,6/30/2025,$                                                     205.17,,,,,,,,,,,,0.99,,,,,,,,,,,0,,,,,,,,,,,,,,
,,,,,,,,,,,,,,,,,,2025,7/1/2025,$                                                    207.82,,,,,,,,,,,,0.99,,,,,,,,,,,0,,,,,,,,,,,,,,
,,,,,,,,,,,,,,,,,,2025,7/2/2025,$                                                     212.44,,,,,,,,,,,,0.99,,,,,,,,,,,0,,,,,,,,,,,,,,
,,,,,,,,,,,,,,,,,,2025,7/3/2025,$                                                     213.55,,,,,,,,,,,,0.99,,,,,,,,,,,0,,,,,,,,,,,,,,
,,,,,,,,,,,,,,,,,,2025,7/7/2025,$                                                    209.95,,,,,,,,,,,,0.99,,,,,,,,,,,0,,,,,,,,,,,,,,
,,,,,,,,,,,,,,,,,,2025,7/8/2025,$                                                      210.01,,,,,,,,,,,,0.99,,,,,,,,,,,0,,,,,,,,,,,,,,
,,,,,,,,,,,,,,,,,,2025,7/9/2025,$                                                       211.14,,,,,,,,,,,,0.99,,,,,,,,,,,0,,,,,,,,,,,,,,
,,,,,,,,,,,,,,,,,,2025,7/10/2025,$                                                      212.41,,,,,,,,,,,,0.99,,,,,,,,,,,0,,,,,,,,,,,,,,
,,,,,,,,,,,,,,,,,,2025,7/11/2025,$                                                       211.16,,,,,,,,,,,,0.99,,,,,,,,,,,0,,,,,,,,,,,,,,
,,,,,,,,,,,,,,,,,,2025,7/14/2025,$                                                    208.62,,,,,,,,,,,,0.99,,,,,,,,,,,0,,,,,,,,,,,,,,
,,,,,,,,,,,,,,,,,,2025,7/15/2025,$                                                      209.11,,,,,,,,,,,,0.99,,,,,,,,,,,0,,,,,,,,,,,,,,
,,,,,,,,,,,,,,,,,,2025,7/16/2025,$                                                      210.16,,,,,,,,,,,,0.99,,,,,,,,,,,0,,,,,,,,,,,,,,
,,,,,,,,,,,,,,,,,,2025,7/17/2025,$                                                     210.02,,,,,,,,,,,,0.99,,,,,,,,,,,0,,,,,,,,,,,,,,
,,,,,,,,,,,,,,,,,,2025,7/18/2025,$                                                       211.18,,,,,,,,,,,,0.99,,,,,,,,,,,0,,,,,,,,,,,,,,
,,,,,,,,,,,,,,,,,,2025,7/21/2025,$                                                     212.48,,,,,,,,,,,,0.99,,,,,,,,,,,0,,,,,,,,,,,,,,
,,,,,,,,,,,,,,,,,,2025,7/22/2025,$                                                     214.40,,,,,,,,,,,,0.99,,,,,,,,,,,0,,,,,,,,,,,,,,
,,,,,,,,,,,,,,,,,,2025,7/23/2025,$                                                      214.15,,,,,,,,,,,,0.99,,,,,,,,,,,0,,,,,,,,,,,,,,
,,,,,,,,,,,,,,,,,,2025,7/24/2025,$                                                     213.76,,,,,,,,,,,,0.99,,,,,,,,,,,0,,,,,,,,,,,,,,
,,,,,,,,,,,,,,,,,,2025,7/25/2025,$                                                     213.88,,,,,,,,,,,,0.99,,,,,,,,,,,0,,,,,,,,,,,,,,
,,,,,,,,,,,,,,,,,,2025,7/28/2025,$                                                     214.05,,,,,,,,,,,,0.99,,,,,,,,,,,0,,,,,,,,,,,,,,
,,,,,,,,,,,,,,,,,,2025,7/29/2025,$                                                      211.27,,,,,,,,,,,,0.99,,,,,,,,,,,0,,,,,,,,,,,,,,
,,,,,,,,,,,,,,,,,,2025,7/30/2025,$                                                    209.05,,,,,,,,,,,,0.99,,,,,,,,,,,0,,,,,,,,,,,,,,
,,,,,,,,,,,,,,,,,,2025,7/31/2025,$                                                    207.57,,,,,,,,,,,,0.99,,,,,,,,,,,0,,,,,,,,,,,,,,
,,,,,,,,,,,,,,,,,,2025,8/1/2025,$                                                    202.38,,,,,,,,,,,,0.99,,,,,,,,,,,0,,,,,,,,,,,,,,
,,,,,,,,,,,,,,,,,,2025,8/4/2025,$                                                    203.35,,,,,,,,,,,,0.99,,,,,,,,,,,0,,,,,,,,,,,,,,
,,,,,,,,,,,,,,,,,,2025,8/5/2025,$                                                    202.92,,,,,,,,,,,,0.99,,,,,,,,,,,0,,,,,,,,,,,,,,
,,,,,,,,,,,,,,,,,,2025,8/6/2025,$                                                     213.25,,,,,,,,,,,,0.99,,,,,,,,,,,0,,,,,,,,,,,,,,
,,,,,,,,,,,,,,,,,,2025,8/7/2025,$                                                    220.03,,,,,,,,,,,,0.99,,,,,,,,,,,0,,,,,,,,,,,,,,
,,,,,,,,,,,,,,,,,,2025,8/8/2025,$                                                    229.35,,,,,,,,,,,,0.99,,,,,,,,,,,0,,,,,,,,,,,,,,
,,,,,,,,,,,,,,,,,,2025,8/11/2025,$                                                     227.18,,,,,,,,,,,,0.99,,,,,,,,,,,0,,,,,,,,,,,,,,
,,,,,,,,,,,,,,,,,,2025,8/12/2025,$                                                    229.65,,,,,,,,,,,,0.99,,,,,,,,,,,0,,,,,,,,,,,,,,
,,,,,,,,,,,,,,,,,,2025,8/13/2025,$                                                    233.33,,,,,,,,,,,,0.99,,,,,,,,,,,0,,,,,,,,,,,,,,
,,,,,,,,,,,,,,,,,,2025,8/14/2025,$                                                    232.78,,,,,,,,,,,,0.99,,,,,,,,,,,0,,,,,,,,,,,,,,
,,,,,,,,,,,,,,,,,,2025,8/15/2025,$                                                     231.59,,,,,,,,,,,,0.99,,,,,,,,,,,0,,,,,,,,,,,,,,
,,,,,,,,,,,,,,,,,,2025,8/18/2025,$                                                    230.89,,,,,,,,,,,,0.99,,,,,,,,,,,0,,,,,,,,,,,,,,
,,,,,,,,,,,,,,,,,,2025,8/19/2025,$                                                    230.56,,,,,,,,,,,,0.99,,,,,,,,,,,0,,,,,,,,,,,,,,
,,,,,,,,,,,,,,,,,,2025,8/20/2025,$                                                     226.01,,,,,,,,,,,,0.99,,,,,,,,,,,0,,,,,,,,,,,,,,
,,,,,,,,,,,,,,,,,,2025,8/21/2025,$                                                    224.90,,,,,,,,,,,,0.99,,,,,,,,,,,0,,,,,,,,,,,,,,
,,,,,,,,,,,,,,,,,,2025,8/22/2025,$                                                    227.76,,,,,,,,,,,,0.99,,,,,,,,,,,0,,,,,,,,,,,,,,
,,,,,,,,,,,,,,,,,,2025,8/25/2025,$                                                     227.16,,,,,,,,,,,,0.99,,,,,,,,,,,0,,,,,,,,,,,,,,
,,,,,,,,,,,,,,,,,,2025,8/26/2025,$                                                     229.31,,,,,,,,,,,,0.99,,,,,,,,,,,0,,,,,,,,,,,,,,
,,,,,,,,,,,,,,,,,,2025,8/27/2025,$                                                    230.49,,,,,,,,,,,,0.99,,,,,,,,,,,0,,,,,,,,,,,,,,
,,,,,,,,,,,,,,,,,,2025,8/28/2025,$                                                    232.56,,,,,,,,,,,,0.99,,,,,,,,,,,0,,,,,,,,,,,,,,
,,,,,,,,,,,,,,,,,,2025,8/29/2025,$                                                     232.14,,,,,,,,,,,,0.99,,,,,,,,,,,0,,,,,,,,,,,,,,
,,,,,,,,,,,,,,,,,,2025,9/2/2025,$                                                    229.72,,,,,,,,,,,,0.99,,,,,,,,,,,0,,,,,,,,,,,,,,
,,,,,,,,,,,,,,,,,,2025,9/3/2025,$                                                    238.47,,,,,,,,,,,,0.99,,,,,,,,,,,0,,,,,,,,,,,,,,
,,,,,,,,,,,,,,,,,,2025,9/4/2025,$                                                    239.78,,,,,,,,,,,,0.99,,,,,,,,,,,0,,,,,,,,,,,,,,
,,,,,,,,,,,,,,,,,,2025,9/5/2025,$                                                    239.69,,,,,,,,,,,,0.99,,,,,,,,,,,0,,,,,,,,,,,,,,
,,,,,,,,,,,,,,,,,,2025,9/8/2025,$                                                    237.88,,,,,,,,,,,,0.99,,,,,,,,,,,0,,,,,,,,,,,,,,
,,,,,,,,,,,,,,,,,,2025,9/9/2025,$                                                    234.35,,,,,,,,,,,,0.99,,,,,,,,,,,0,,,,,,,,,,,,,,
,,,,,,,,,,,,,,,,,,2025,9/10/2025,$                                                    226.79,,,,,,,,,,,,0.99,,,,,,,,,,,0,,,,,,,,,,,,,,
,,,,,,,,,,,,,,,,,,2025,9/11/2025,$                                                    230.03,,,,,,,,,,,,0.99,,,,,,,,,,,0,,,,,,,,,,,,,,
,,,,,,,,,,,,,,,,,,2025,9/12/2025,$                                                    234.07,,,,,,,,,,,,0.99,,,,,,,,,,,0,,,,,,,,,,,,,,
,,,,,,,,,,,,,,,,,,2025,9/15/2025,$                                                    236.70,,,,,,,,,,,,0.99,,,,,,,,,,,0,,,,,,,,,,,,,,
,,,,,,,,,,,,,,,,,,2025,9/16/2025,$                                                     238.15,,,,,,,,,,,,0.99,,,,,,,,,,,0,,,,,,,,,,,,,,
,,,,,,,,,,,,,,,,,,2025,9/17/2025,$                                                    238.99,,,,,,,,,,,,0.99,,,,,,,,,,,0,,,,,,,,,,,,,,
,,,,,,,,,,,,,,,,,,2025,9/18/2025,$                                                    237.88,,,,,,,,,,,,0.99,,,,,,,,,,,0,,,,,,,,,,,,,,
,,,,,,,,,,,,,,,,,,2025,9/19/2025,$                                                    245.50,,,,,,,,,,,,0.99,,,,,,,,,,,0,,,,,,,,,,,,,,
,,,,,,,,,,,,,,,,,,2025,9/22/2025,$                                                    256.08,,,,,,,,,,,,0.99,,,,,,,,,,,0,,,,,,,,,,,,,,
,,,,,,,,,,,,,,,,,,2025,9/23/2025,$                                                    254.43,,,,,,,,,,,,0.99,,,,,,,,,,,0,,,,,,,,,,,,,,
,,,,,,,,,,,,,,,,,,2025,9/24/2025,$                                                     252.31,,,,,,,,,,,,0.99,,,,,,,,,,,0,,,,,,,,,,,,,,
,,,,,,,,,,,,,,,,,,2025,9/25/2025,$                                                    256.87,,,,,,,,,,,,0.99,,,,,,,,,,,0,,,,,,,,,,,,,,
,,,,,,,,,,,,,,,,,,2025,9/26/2025,$                                                    255.46,,,,,,,,,,,,0.99,,,,,,,,,,,0,,,,,,,,,,,,,,
,,,,,,,,,,,,,,,,,,2025,9/29/2025,$                                                    254.43,,,,,,,,,,,,0.99,,,,,,,,,,,0,,,,,,,,,,,,,,
,,,,,,,,,,,,,,,,,,2025,9/30/2025,$                                                    254.63,,,,,,,,,,,,0.99,,,,,,,,,,,0,,,,,,,,,,,,,,
,,,,,,,,,,,,,,,,,,2025,10/1/2025,$                                                    255.45,,,,,,,,,,,,0.99,,,,,,,,,,,0,,,,,,,,,,,,,,
,,,,,,,,,,,,,,,,,,2025,10/2/2025,$                                                     257.13,,,,,,,,,,,,0.99,,,,,,,,,,,0,,,,,,,,,,,,,,
,,,,,,,,,,,,,,,,,,2025,10/3/2025,$                                                    258.02,,,,,,,,,,,,0.99,,,,,,,,,,,0,,,,,,,,,,,,,,
,,,,,,,,,,,,,,,,,,2025,10/6/2025,$                                                    256.69,,,,,,,,,,,,0.99,,,,,,,,,,,0,,,,,,,,,,,,,,
,,,,,,,,,,,,,,,,,,2025,10/7/2025,$                                                    256.48,,,,,,,,,,,,0.99,,,,,,,,,,,0,,,,,,,,,,,,,,
,,,,,,,,,,,,,,,,,,2025,10/8/2025,$                                                    258.06,,,,,,,,,,,,0.99,,,,,,,,,,,0,,,,,,,,,,,,,,
,,,,,,,,,,,,,,,,,,2025,10/9/2025,$                                                    254.04,,,,,,,,,,,,0.99,,,,,,,,,,,0,,,,,,,,,,,,,,
,,,,,,,,,,,,,,,,,,2025,10/10/2025,$                                                    245.27,,,,,,,,,,,,0.99,,,,,,,,,,,0,,,,,,,,,,,,,,
,,,,,,,,,,,,,,,,,,2025,10/13/2025,$                                                    247.66,,,,,,,,,,,,0.99,,,,,,,,,,,0,,,,,,,,,,,,,,
,,,,,,,,,,,,,,,,,,2025,10/14/2025,$                                                    247.77,,,,,,,,,,,,0.99,,,,,,,,,,,0,,,,,,,,,,,,,,
,,,,,,,,,,,,,,,,,,2025,10/15/2025,$                                                    249.34,,,,,,,,,,,,0.99,,,,,,,,,,,0,,,,,,,,,,,,,,
,,,,,,,,,,,,,,,,,,2025,10/16/2025,$                                                    247.45,,,,,,,,,,,,0.99,,,,,,,,,,,0,,,,,,,,,,,,,,
,,,,,,,,,,,,,,,,,,2025,10/17/2025,$                                                    252.29,,,,,,,,,,,,0.99,,,,,,,,,,,0,,,,,,,,,,,,,,
,,,,,,,,,,,,,,,,,,2025,10/20/2025,$                                                    262.24,,,,,,,,,,,,0.99,,,,,,,,,,,0,,,,,,,,,,,,,,
,,,,,,,,,,,,,,,,,,2025,10/21/2025,$                                                    262.77,,,,,,,,,,,,0.99,,,,,,,,,,,0,,,,,,,,,,,,,,
,,,,,,,,,,,,,,,,,,2025,10/22/2025,$                                                    258.45,,,,,,,,,,,,0.99,,,,,,,,,,,0,,,,,,,,,,,,,,
,,,,,,,,,,,,,,,,,,2025,10/23/2025,$                                                    259.58,,,,,,,,,,,,0.99,,,,,,,,,,,0,,,,,,,,,,,,,,
,,,,,,,,,,,,,,,,,,2025,10/24/2025,$                                                    262.82,,,,,,,,,,,,0.99,,,,,,,,,,,0,,,,,,,,,,,,,,
,,,,,,,,,,,,,,,,,,2025,10/27/2025,$                                                     268.81,,,,,,,,,,,,0.99,,,,,,,,,,,0,,,,,,,,,,,,,,
,,,,,,,,,,,,,,,,,,2025,10/28/2025,$                                                    269.00,,,,,,,,,,,,0.99,,,,,,,,,,,0,,,,,,,,,,,,,,
,,,,,,,,,,,,,,,,,,2025,10/29/2025,$                                                    269.70,,,,,,,,,,,,0.99,,,,,,,,,,,0,,,,,,,,,,,,,,
,,,,,,,,,,,,,,,,,,2025,10/30/2025,$                                                     271.40,,,,,,,,,,,,0.99,,,,,,,,,,,0,,,,,,,,,,,,,,
,,,,,,,,,,,,,,,,,,2025,10/31/2025,$                                                    270.37,,,,,,,,,,,,0.99,,,,,,,,,,,0,,,,,,,,,,,,,,
,,,,,,,,,,,,,,,,,,2025,11/3/2025,$                                                    269.05,,,,,,,,,,,,0.99,,,,,,,,,,,0,,,,,,,,,,,,,,
,,,,,,,,,,,,,,,,,,2025,11/4/2025,$                                                    270.04,,,,,,,,,,,,0.99,,,,,,,,,,,0,,,,,,,,,,,,,,
,,,,,,,,,,,,,,,,,,2025,11/5/2025,$                                                     270.14,,,,,,,,,,,,0.99,,,,,,,,,,,0,,,,,,,,,,,,,,
,,,,,,,,,,,,,,,,,,2025,11/6/2025,$                                                    269.77,,,,,,,,,,,,0.99,,,,,,,,,,,0,,,,,,,,,,,,,,
,,,,,,,,,,,,,,,,,,2025,11/7/2025,$                                                    268.47,,,,,,,,,,,,0.99,,,,,,,,,,,0,,,,,,,,,,,,,,
,,,,,,,,,,,,,,,,,,2025,11/10/2025,$                                                    269.43,,,,,,,,,,,,0.99,,,,,,,,,,,0,,,,,,,,,,,,,,
,,,,,,,,,,,,,,,,,,2025,11/11/2025,$                                                    275.25,,,,,,,,,,,,0.99,,,,,,,,,,,0,,,,,,,,,,,,,,
,,,,,,,,,,,,,,,,,,2025,11/12/2025,$                                                    273.47,,,,,,,,,,,,0.99,,,,,,,,,,,0,,,,,,,,,,,,,,
,,,,,,,,,,,,,,,,,,2025,11/13/2025,$                                                    272.95,,,,,,,,,,,,0.99,,,,,,,,,,,0,,,,,,,,,,,,,,
,,,,,,,,,,,,,,,,,,2025,11/14/2025,$                                                     272.41,,,,,,,,,,,,0.99,,,,,,,,,,,0,,,,,,,,,,,,,,
,,,,,,,,,,,,,,,,,,2025,11/17/2025,$                                                    267.46,,,,,,,,,,,,0.99,,,,,,,,,,,0,,,,,,,,,,,,,,
,,,,,,,,,,,,,,,,,,2025,11/18/2025,$                                                    267.44,,,,,,,,,,,,0.99,,,,,,,,,,,0,,,,,,,,,,,,,,
,,,,,,,,,,,,,,,,,,2025,11/19/2025,$                                                    268.56,,,,,,,,,,,,0.99,,,,,,,,,,,0,,,,,,,,,,,,,,
,,,,,,,,,,,,,,,,,,2025,11/20/2025,$                                                    266.25,,,,,,,,,,,,0.99,,,,,,,,,,,0,,,,,,,,,,,,,,
,,,,,,,,,,,,,,,,,,2025,11/21/2025,$                                                     271.49,,,,,,,,,,,,0.99,,,,,,,,,,,0,,,,,,,,,,,,,,
,,,,,,,,,,,,,,,,,,2025,11/24/2025,$                                                    275.92,,,,,,,,,,,,0.99,,,,,,,,,,,0,,,,,,,,,,,,,,
,,,,,,,,,,,,,,,,,,2025,11/25/2025,$                                                    276.97,,,,,,,,,,,,0.99,,,,,,,,,,,0,,,,,,,,,,,,,,
,,,,,,,,,,,,,,,,,,2025,11/26/2025,$                                                    277.55,,,,,,,,,,,,0.99,,,,,,,,,,,0,,,,,,,,,,,,,,
,,,,,,,,,,,,,,,,,,2025,11/28/2025,$                                                    278.85,,,,,,,,,,,,0.99,,,,,,,,,,,0,,,,,,,,,,,,,,
,,,,,,,,,,,,,,,,,,2025,12/1/2025,$                                                     283.10,,,,,,,,,,,,0.99,,,,,,,,,,,0,,,,,,,,,,,,,,
,,,,,,,,,,,,,,,,,,2025,12/2/2025,$                                                     286.19,,,,,,,,,,,,0.99,,,,,,,,,,,0,,,,,,,,,,,,,,
,,,,,,,,,,,,,,,,,,2025,12/3/2025,$                                                     284.15,,,,,,,,,,,,0.99,,,,,,,,,,,0,,,,,,,,,,,,,,
,,,,,,,,,,,,,,,,,,2025,12/4/2025,$                                                    280.70,,,,,,,,,,,,0.99,,,,,,,,,,,0,,,,,,,,,,,,,,
,,,,,,,,,,,,,,,,,,2025,12/5/2025,$                                                    278.78,,,,,,,,,,,,0.99,,,,,,,,,,,0,,,,,,,,,,,,,,
,,,,,,,,,,,,,,,,,,2025,12/8/2025,$                                                    277.89,,,,,,,,,,,,0.99,,,,,,,,,,,0,,,,,,,,,,,,,,
,,,,,,,,,,,,,,,,,,2025,12/9/2025,$                                                     277.18,,,,,,,,,,,,0.99,,,,,,,,,,,0,,,,,,,,,,,,,,
,,,,,,,,,,,,,,,,,,2025,12/10/2025,$                                                    278.78,,,,,,,,,,,,0.99,,,,,,,,,,,0,,,,,,,,,,,,,,
,,,,,,,,,,,,,,,,,,2025,12/11/2025,$                                                    278.03,,,,,,,,,,,,0.99,,,,,,,,,,,0,,,,,,,,,,,,,,
,,,,,,,,,,,,,,,,,,2025,12/12/2025,$                                                    278.28,,,,,,,,,,,,0.99,,,,,,,,,,,0,,,,,,,,,,,,,,
,,,,,,,,,,,,,,,,,,2025,12/15/2025,$                                                      274.11,,,,,,,,,,,,0.99,,,,,,,,,,,0,,,,,,,,,,,,,,
,,,,,,,,,,,,,,,,,,2025,12/16/2025,$                                                     274.61,,,,,,,,,,,,0.99,,,,,,,,,,,0,,,,,,,,,,,,,,
,,,,,,,,,,,,,,,,,,2025,12/17/2025,$                                                     271.84,,,,,,,,,,,,0.99,,,,,,,,,,,0,,,,,,,,,,,,,,
,,,,,,,,,,,,,,,,,,2025,12/18/2025,$                                                     272.19,,,,,,,,,,,,0.99,,,,,,,,,,,0,,,,,,,,,,,,,,
,,,,,,,,,,,,,,,,,,2025,12/19/2025,$                                                    273.67,,,,,,,,,,,,0.99,,,,,,,,,,,0,,,,,,,,,,,,,,
,,,,,,,,,,,,,,,,,,2025,12/22/2025,$                                                    270.97,,,,,,,,,,,,0.99,,,,,,,,,,,0,,,,,,,,,,,,,,
,,,,,,,,,,,,,,,,,,2025,12/23/2025,$                                                    272.36,,,,,,,,,,,,0.99,,,,,,,,,,,0,,,,,,,,,,,,,,
,,,,,,,,,,,,,,,,,,2025,12/24/2025,$                                                     273.81,,,,,,,,,,,,0.99,,,,,,,,,,,0,,,,,,,,,,,,,,
,,,,,,,,,,,,,,,,,,2025,12/26/2025,$                                                    273.40,,,,,,,,,,,,0.99,,,,,,,,,,,0,,,,,,,,,,,,,,
,,,,,,,,,,,,,,,,,,2025,12/29/2025,$                                                    273.76,,,,,,,,,,,,0.99,,,,,,,,,,,0,,,,,,,,,,,,,,
,,,,,,,,,,,,,,,,,,2025,12/30/2025,$                                                    273.08,,,,,,,,,,,,0.99,,,,,,,,,,,0,,,,,,,,,,,,,,
,,,,,,,,,,,,,,,,,,2025,12/31/2025,$                                                     271.86,,,,,,,,,,,,0.99,,,,,,,,,,,0,,,,,,,,,,,,,,
,,,,,,,,,,,,,,,,,,2026,1/2/2026,$                                                      271.01,,,,,,,,,,,,0.99,,,,,,,,,,,0,,,,,,,,,,,,,,
,,,,,,,,,,,,,,,,,,2026,1/5/2026,$                                                    267.26,,,,,,,,,,,,0.99,,,,,,,,,,,0,,,,,,,,,,,,,,
,,,,,,,,,,,,,,,,,,2026,1/6/2026,$                                                    262.36,,,,,,,,,,,,0.99,,,,,,,,,,,0,,,,,,,,,,,,,,
,,,,,,,,,,,,,,,,,,2026,1/7/2026,$                                                    260.33,,,,,,,,,,,,0.99,,,,,,,,,,,0,,,,,,,,,,,,,,
,,,,,,,,,,,,,,,,,,2026,1/8/2026,$                                                    259.04,,,,,,,,,,,,0.99,,,,,,,,,,,0,,,,,,,,,,,,,,
,,,,,,,,,,,,,,,,,,2026,1/9/2026,$                                                    259.37,,,,,,,,,,,,0.99,,,,,,,,,,,0,,,,,,,,,,,,,,
,,,,,,,,,,,,,,,,,,2026,1/12/2026,$                                                    260.25,,,,,,,,,,,,0.99,,,,,,,,,,,0,,,,,,,,,,,,,,
,,,,,,,,,,,,,,,,,,2026,1/13/2026,$                                                     261.05,,,,,,,,,,,,0.99,,,,,,,,,,,0,,,,,,,,,,,,,,
,,,,,,,,,,,,,,,,,,2026,1/14/2026,$                                                    259.96,,,,,,,,,,,,0.99,,,,,,,,,,,0,,,,,,,,,,,,,,
,,,,,,,,,,,,,,,,,,2026,1/15/2026,$                                                     258.21,,,,,,,,,,,,0.99,,,,,,,,,,,0,,,,,,,,,,,,,,
,,,,,,,,,,,,,,,,,,2026,1/16/2026,$                                                    255.53,,,,,,,,,,,,0.99,,,,,,,,,,,0,,,,,,,,,,,,,,
,,,,,,,,,,,,,,,,,,2026,1/20/2026,$                                                    246.70,,,,,,,,,,,,0.99,,,,,,,,,,,0,,,,,,,,,,,,,,
,,,,,,,,,,,,,,,,,,2026,1/21/2026,$                                                    247.65,,,,,,,,,,,,0.99,,,,,,,,,,,0,,,,,,,,,,,,,,
,,,,,,,,,,,,,,,,,,2026,1/22/2026,$                                                    248.35,,,,,,,,,,,,0.99,,,,,,,,,,,0,,,,,,,,,,,,,,
,,,,,,,,,,,,,,,,,,2026,1/23/2026,$                                                    248.04,,,,,,,,,,,,0.99,,,,,,,,,,,0,,,,,,,,,,,,,,
,,,,,,,,,,,,,,,,,,2026,1/26/2026,$                                                     255.41,,,,,,,,,,,,0.99,,,,,,,,,,,0,,,,,,,,,,,,,,
,,,,,,,,,,,,,,,,,,2026,1/27/2026,$                                                    258.27,,,,,,,,,,,,0.99,,,,,,,,,,,0,,,,,,,,,,,,,,
,,,,,,,,,,,,,,,,,,2026,1/28/2026,$                                                    256.44,,,,,,,,,,,,0.99,,,,,,,,,,,0,,,,,,,,,,,,,,
,,,,,,,,,,,,,,,,,,2026,1/29/2026,$                                                    258.28,,,,,,,,,,,,0.99,,,,,,,,,,,0,,,,,,,,,,,,,,
,,,,,,,,,,,,,,,,,,2026,1/30/2026,$                                                    259.48,,,,,,,,,,,,0.99,,,,,,,,,,,0,,,,,,,,,,,,,,
,,,,,,,,,,,,,,,,,,2026,2/2/2026,$                                                     270.01,,,,,,,,,,,,0.99,,,,,,,,,,,0,,,,,,,,,,,,,,
,,,,,,,,,,,,,,,,,,2026,2/3/2026,$                                                    269.48,,,,,,,,,,,,0.99,,,,,,,,,,,0,,,,,,,,,,,,,,
,,,,,,,,,,,,,,,,,,2026,2/4/2026,$                                                    276.49,,,,,,,,,,,,0.99,,,,,,,,,,,0,,,,,,,,,,,,,,
,,,,,,,,,,,,,,,,,,2026,2/5/2026,$                                                     275.91,,,,,,,,,,,,0.99,,,,,,,,,,,0,,,,,,,,,,,,,,
,,,,,,,,,,,,,,,,,,2026,2/6/2026,$                                                     278.12,,,,,,,,,,,,0.99,,,,,,,,,,,0,,,,,,,,,,,,,,
,,,,,,,,,,,,,,,,,,2026,2/9/2026,$                                                    274.62,,,,,,,,,,,,0.99,,,,,,,,,,,0,,,,,,,,,,,,,,
,,,,,,,,,,,,,,,,,,2026,2/10/2026,$                                                    273.68,,,,,,,,,,,,0.99,,,,,,,,,,,0,,,,,,,,,,,,,,
,,,,,,,,,,,,,,,,,,2026,2/11/2026,$                                                    275.50,,,,,,,,,,,,0.99,,,,,,,,,,,0,,,,,,,,,,,,,,
,,,,,,,,,,,,,,,,,,2026,2/12/2026,$                                                     261.73,,,,,,,,,,,,0.99,,,,,,,,,,,0,,,,,,,,,,,,,,
,,,,,,,,,,,,,,,,,,2026,2/13/2026,$                                                    255.78,,,,,,,,,,,,0.99,,,,,,,,,,,0,,,,,,,,,,,,,,
,,,,,,,,,,,,,,,,,,2026,2/17/2026,$                                                    263.88,,,,,,,,,,,,0.99,,,,,,,,,,,0,,,,,,,,,,,,,,
,,,,,,,,,,,,,,,,,,2026,2/18/2026,$                                                    264.35,,,,,,,,,,,,0.99,,,,,,,,,,,0,,,,,,,,,,,,,,
,,,,,,,,,,,,,,,,,,2026,2/19/2026,$                                                    260.58,,,,,,,,,,,,0.99,,,,,,,,,,,0,,,,,,,,,,,,,,
,,,,,,,,,,,,,,,,,,2026,2/20/2026,$                                                    264.58,,,,,,,,,,,,0.99,,,,,,,,,,,0,,,,,,,,,,,,,,
,,,,,,,,,,,,,,,,,,2026,2/23/2026,$                                                     266.18,,,,,,,,,,,,0.99,,,,,,,,,,,0,,,,,,,,,,,,,,
,,,,,,,,,,,,,,,,,,2026,2/24/2026,$                                                     272.14,,,,,,,,,,,,0.99,,,,,,,,,,,0,,,,,,,,,,,,,,
,,,,,,,,,,,,,,,,,,2026,2/25/2026,$                                                    274.23,,,,,,,,,,,,0.99,,,,,,,,,,,0,,,,,,,,,,,,,,
,,,,,,,,,,,,,,,,,,2026,2/26/2026,$                                                    272.95,,,,,,,,,,,,0.99,,,,,,,,,,,0,,,,,,,,,,,,,,
,,,,,,,,,,,,,,,,,,2026,2/27/2026,$                                                     264.18,,,,,,,,,,,,0.99,,,,,,,,,,,0,,,,,,,,,,,,,,
,,,,,,,,,,,,,,,,,,2026,3/2/2026,$                                                    264.72,,,,,,,,,,,,0.99,,,,,,,,,,,0,,,,,,,,,,,,,,
,,,,,,,,,,,,,,,,,,2026,3/3/2026,$                                                    263.75,,,,,,,,,,,,0.99,,,,,,,,,,,0,,,,,,,,,,,,,,
,,,,,,,,,,,,,,,,,,2026,3/4/2026,$                                                    262.52,,,,,,,,,,,,0.99,,,,,,,,,,,0,,,,,,,,,,,,,,
,,,,,,,,,,,,,,,,,,2026,3/5/2026,$                                                    260.29,,,,,,,,,,,,0.99,,,,,,,,,,,0,,,,,,,,,,,,,,
,,,,,,,,,,,,,,,,,,2026,3/6/2026,$                                                    257.46,,,,,,,,,,,,0.99,,,,,,,,,,,0,,,,,,,,,,,,,,
,,,,,,,,,,,,,,,,,,2026,3/9/2026,$                                                    259.88,,,,,,,,,,,,0.99,,,,,,,,,,,0,,,,,,,,,,,,,,
,,,,,,,,,,,,,,,,,,2026,3/10/2026,$                                                    260.83,,,,,,,,,,,,0.99,,,,,,,,,,,0,,,,,,,,,,,,,,
,,,,,,,,,,,,,,,,,,2026,3/11/2026,$                                                     260.81,,,,,,,,,,,,0.99,,,,,,,,,,,0,,,,,,,,,,,,,,
,,,,,,,,,,,,,,,,,,2026,3/12/2026,$                                                    255.76,,,,,,,,,,,,0.99,,,,,,,,,,,0,,,,,,,,,,,,,,
,,,,,,,,,,,,,,,,,,2026,3/13/2026,$                                                     250.12,,,,,,,,,,,,0.99,,,,,,,,,,,0,,,,,,,,,,,,,,
,,,,,,,,,,,,,,,,,,2026,3/16/2026,$                                                    252.82,,,,,,,,,,,,0.99,,,,,,,,,,,0,,,,,,,,,,,,,,
,,,,,,,,,,,,,,,,,,2026,3/17/2026,$                                                    254.23,,,,,,,,,,,,0.99,,,,,,,,,,,0,,,,,,,,,,,,,,
,,,,,,,,,,,,,,,,,,2026,3/18/2026,$                                                    249.94,,,,,,,,,,,,0.99,,,,,,,,,,,0,,,,,,,,,,,,,,
,,,,,,,,,,,,,,,,,,2026,3/19/2026,$                                                    248.96,,,,,,,,,,,,0.99,,,,,,,,,,,0,,,,,,,,,,,,,,
,,,,,,,,,,,,,,,,,,2026,3/20/2026,$                                                    247.99,,,,,,,,,,,,0.99,,,,,,,,,,,0,,,,,,,,,,,,,,
,,,,,,,,,,,,,,,,,,2026,3/23/2026,$                                                     251.49,,,,,,,,,,,,0.99,,,,,,,,,,,0,,,,,,,,,,,,,,
,,,,,,,,,,,,,,,,,,2026,3/24/2026,$                                                     251.64,,,,,,,,,,,,0.99,,,,,,,,,,,0,,,,,,,,,,,,,,
,,,,,,,,,,,,,,,,,,2026,3/25/2026,$                                                    252.62,,,,,,,,,,,,0.99,,,,,,,,,,,0,,,,,,,,,,,,,,
,,,,,,,,,,,,,,,,,,2026,3/26/2026,$                                                    252.89,,,,,,,,,,,,0.99,,,,,,,,,,,0,,,,,,,,,,,,,,
,,,,,,,,,,,,,,,,,,2026,3/27/2026,$                                                    248.80,,,,,,,,,,,,0.99,,,,,,,,,,,0,,,,,,,,,,,,,,
,,,,,,,,,,,,,,,,,,2026,3/30/2026,$                                                    246.63,,,,,,,,,,,,0.99,,,,,,,,,,,0,,,,,,,,,,,,,,
,,,,,,,,,,,,,,,,,,2026,3/31/2026,$                                                    253.79,,,,,,,,,,,,0.99,,,,,,,,,,,0,,,,,,,,,,,,,,
,,,,,,,,,,,,,,,,,,2026,4/1/2026,$                                                    255.63,,,,,,,,,,,,0.99,,,,,,,,,,,0,,,,,,,,,,,,,,
,,,,,,,,,,,,,,,,,,2026,4/2/2026,$                                                    255.92,,,,,,,,,,,,0.99,,,,,,,,,,,0,,,,,,,,,,,,,,
,,,,,,,,,,,,,,,,,,2026,4/6/2026,$                                                    258.86,,,,,,,,,,,,0.99,,,,,,,,,,,0,,,,,,,,,,,,,,
,,,,,,,,,,,,,,,,,,2026,4/7/2026,$                                                    253.50,,,,,,,,,,,,0.99,,,,,,,,,,,0,,,,,,,,,,,,,,
,,,,,,,,,,,,,,,,,,2026,4/8/2026,$                                                    258.90,,,,,,,,,,,,0.99,,,,,,,,,,,0,,,,,,,,,,,,,,
,,,,,,,,,,,,,,,,,,2026,4/9/2026,$                                                    260.49,,,,,,,,,,,,0.99,,,,,,,,,,,0,,,,,,,,,,,,,,
,,,,,,,,,,,,,,,,,,2026,4/10/2026,$                                                    260.48,,,,,,,,,,,,0.99,,,,,,,,,,,0,,,,,,,,,,,,,,
,,,,,,,,,,,,,,,,,,2026,4/13/2026,$                                                    259.20,,,,,,,,,,,,0.99,,,,,,,,,,,0,,,,,,,,,,,,,,
,,,,,,,,,,,,,,,,,,2026,4/14/2026,$                                                    258.83,,,,,,,,,,,,0.99,,,,,,,,,,,0,,,,,,,,,,,,,,
,,,,,,,,,,,,,,,,,,2026,4/15/2026,$                                                    266.43,,,,,,,,,,,,0.99,,,,,,,,,,,0,,,,,,,,,,,,,,
,,,,,,,,,,,,,,,,,,2026,4/16/2026,$                                                    263.40,,,,,,,,,,,,0.99,,,,,,,,,,,0,,,,,,,,,,,,,,
,,,,,,,,,,,,,,,,,,2026,4/17/2026,$                                                    270.23,,,,,,,,,,,,0.99,,,,,,,,,,,0,,,,,,,,,,,,,,
,,,,,,,,,,,,,,,,,,2026,4/20/2026,$                                                    273.05,,,,,,,,,,,,0.99,,,,,,,,,,,0,,,,,,,,,,,,,,
,,,,,,,,,,,,,,,,,,2026,4/21/2026,$                                                     266.17,,,,,,,,,,,,0.99,,,,,,,,,,,0,,,,,,,,,,,,,,
,,,,,,,,,,,,,,,,,,2026,4/22/2026,$                                                     273.17,,,,,,,,,,,,0.99,,,,,,,,,,,0,,,,,,,,,,,,,,
,,,,,,,,,,,,,,,,,,2026,4/23/2026,$                                                    273.43,,,,,,,,,,,,0.99,,,,,,,,,,,0,,,,,,,,,,,,,,
,,,,,,,,,,,,,,,,,,2026,4/24/2026,$                                                     271.06,,,,,,,,,,,,0.99,,,,,,,,,,,0,,,,,,,,,,,,,,
,,,,,,,,,,,,,,,,,,2026,4/27/2026,$                                                     267.61,,,,,,,,,,,,0.99,,,,,,,,,,,0,,,,,,,,,,,,,,
,,,,,,,,,,,,,,,,,,2026,4/28/2026,$                                                     270.71,,,,,,,,,,,,0.99,,,,,,,,,,,0,,,,,,,,,,,,,,
,,,,,,,,,,,,,,,,,,2026,4/29/2026,$                                                     270.17,,,,,,,,,,,,0.99,,,,,,,,,,,0,,,,,,,,,,,,,,
,,,,,,,,,,,,,,,,,,2026,4/30/2026,$                                                     271.35,,,,,,,,,,,,0.99,,,,,,,,,,,0,,,,,,,,,,,,,,
,,,,,,,,,,,,,,,,,,2026,5/1/2026,$                                                     280.14,,,,,,,,,,,,0.99,,,,,,,,,,,0,,,,,,,,,,,,,,
,,,,,,,,,,,,,,,,,,2026,5/4/2026,$                                                    276.83,,,,,,,,,,,,0.99,,,,,,,,,,,0,,,,,,,,,,,,,,
,,,,,,,,,,,,,,,,,,2026,5/5/2026,$                                                     284.18,,,,,,,,,,,,0.99,,,,,,,,,,,0,,,,,,,,,,,,,,
,,,,,,,,,,,,,,,,,,2026,5/6/2026,$                                                     287.51,,,,,,,,,,,,0.99,,,,,,,,,,,0,,,,,,,,,,,,,,
,,,,,,,,,,,,,,,,,,2026,5/7/2026,$                                                    287.44,,,,,,,,,,,,0.99,,,,,,,,,,,0,,,,,,,,,,,,,,
,,,,,,,,,,,,,,,,,,2026,5/8/2026,$                                                    293.32,,,,,,,,,,,,0.99,,,,,,,,,,,0,,,,,,,,,,,,,,
,,,,,,,,,,,,,,,,,,2026,5/11/2026,$                                                    292.68,,,,,,,,,,,,0.99,,,,,,,,,,,0,,,,,,,,,,,,,,
,,,,,,,,,,,,,,,,,,2026,5/12/2026,$                                                    294.80,,,,,,,,,,,,0.99,,,,,,,,,,,0,,,,,,,,,,,,,,
,,,,,,,,,,,,,,,,,,2026,5/13/2026,$                                                    298.87,,,,,,,,,,,,0.99,,,,,,,,,,,0,,,,,,,,,,,,,,
,,,,,,,,,,,,,,,,,,2026,5/14/2026,$                                                     298.21,,,,,,,,,,,,0.99,,,,,,,,,,,0,,,,,,,,,,,,,,
,,,,,,,,,,,,,,,,,,2026,5/15/2026,$                                                    300.23,,,,,,,,,,,,0.99,,,,,,,,,,,0,,,,,,,,,,,,,,
,,,,,,,,,,,,,,,,,,2026,5/18/2026,$                                                    297.84,,,,,,,,,,,,0.99,,,,,,,,,,,0,,,,,,,,,,,,,,
,,,,,,,,,,,,,,,,,,2026,5/19/2026,$                                                    298.97,,,,,,,,,,,,0.99,,,,,,,,,,,0,,,,,,,,,,,,,,
,,,,,,,,,,,,,,,,,,2026,5/20/2026,$                                                    302.25,,,,,,,,,,,,0.99,,,,,,,,,,,0,,,,,,,,,,,,,,
,,,,,,,,,,,,,,,,,,2026,5/21/2026,$                                                    304.99,,,,,,,,,,,,0.99,,,,,,,,,,,0,,,,,,,,,,,,,,
,,,,,,,,,,,,,,,,,,2026,5/22/2026,$                                                    308.82,,,,,,,,,,,,0.99,,,,,,,,,,,0,,,,,,,,,,,,,,
,,,,,,,,,,,,,,,,,,2026,5/26/2026,$                                                    308.33,,,,,,,,,,,,0.99,,,,,,,,,,,0,,,,,,,,,,,,,,
,,,,,,,,,,,,,,,,,,2026,5/27/2026,$                                                     310.85,,,,,,,,,,,,0.99,,,,,,,,,,,0,,,,,,,,,,,,,,
,,,,,,,,,,,,,,,,,,2026,5/28/2026,$                                                      312.51,,,,,,,,,,,,0.99,,,,,,,,,,,0,,,,,,,,,,,,,,
,,,,,,,,,,,,,,,,,,2026,5/29/2026,$                                                     312.06,,,,,,,,,,,,0.99,,,,,,,,,,,0,,,,,,,,,,,,,,
,,,,,,,,,,,,,,,,,,2026,6/1/2026,$                                                     306.31,,,,,,,,,,,,0.99,,,,,,,,,,,0,,,,,,,,,,,,,,
,,,,,,,,,,,,,,,,,,2026,6/2/2026,$                                                     315.20,,,,,,,,,,,,0.99,,,,,,,,,,,0,,,,,,,,,,,,,,
,,,,,,,,,,,,,,,,,,2026,6/3/2026,$                                                     310.26,,,,,,,,,,,,0.99,,,,,,,,,,,0,,,,,,,,,,,,,,
,,,,,,,,,,,,,,,,,,2026,6/4/2026,$                                                      311.23,,,,,,,,,,,,0.99,,,,,,,,,,,0,,,,,,,,,,,,,,
,,,,,,,,,,,,,,,,,,2026,6/5/2026,$                                                    307.34,,,,,,,,,,,,0.99,,,,,,,,,,,0,,,,,,,,,,,,,,
,,,,,,,,,,,,,,,,,,2026,6/8/2026,$                                                     301.54,,,,,,,,,,,,0.99,,,,,,,,,,,0,,,,,,,,,,,,,,
,,,,,,,,,,,,,,,,,,2026,6/9/2026,$                                                    290.55,,,,,,,,,,,,0.99,,,,,,,,,,,0,,,,,,,,,,,,,,
,,,,,,,,,,,,,,,,,,2026,6/10/2026,$                                                     291.58,,,,,,,,,,,,0.99,,,,,,,,,,,0,,,,,,,,,,,,,,
,,,,,,,,,,,,,,,,,,2026,6/11/2026,$                                                    295.63,,,,,,,,,,,,0.99,,,,,,,,,,,0,,,,,,,,,,,,,,
,,,,,,,,,,,,,,,,,,2026,6/12/2026,$                                                      291.13,,,,,,,,,,,,0.99,,,,,,,,,,,0,,,,,,,,,,,,,,
,,,,,,,,,,,,,,,,,,2026,6/15/2026,$                                                    296.42,,,,,,,,,,,,0.99,,,,,,,,,,,0,,,,,,,,,,,,,,
,,,,,,,,,,,,,,,,,,2026,6/16/2026,$                                                    299.24,,,,,,,,,,,,0.99,,,,,,,,,,,0,,,,,,,,,,,,,,
,,,,,,,,,,,,,,,,,,2026,6/17/2026,$                                                    295.95,,,,,,,,,,,,0.99,,,,,,,,,,,0,,,,,,,,,,,,,,
,,,,,,,,,,,,,,,,,,2026,6/18/2026,$                                                     298.01,,,,,,,,,,,,0.99,,,,,,,,,,,0,,,,,,,,,,,,,,
,,,,,,,,,,,,,,,,,,2026,6/22/2026,$                                                     297.01,,,,,,,,,,,,0.99,,,,,,,,,,,0,,,,,,,,,,,,,,
,,,,,,,,,,,,,,,,,,2026,6/23/2026,$                                                    294.30,,,,,,,,,,,,0.99,,,,,,,,,,,0,,,,,,,,,,,,,,
,,,,,,,,,,,,,,,,,,2026,6/24/2026,$                                                    293.08,,,,,,,,,,,,0.99,,,,,,,,,,,0,,,,,,,,,,,,,,
,,,,,,,,,,,,,,,,,,2026,6/25/2026,$                                                     275.15,,,,,,,,,,,,0.99,,,,,,,,,,,0,,,,,,,,,,,,,,
,,,,,,,,,,,,,,,,,,2026,6/26/2026,$                                                    283.78,,,,,,,,,,,,0.99,,,,,,,,,,,0,,,,,,,,,,,,,,
,,,,,,,,,,,,,,,,,,2026,6/29/2026,$                                                     281.74,,,,,,,,,,,,0.99,,,,,,,,,,,0,,,,,,,,,,,,,,
,,,,,,,,,,,,,,,,,,2026,6/30/2026,$                                                    289.36,,,,,,,,,,,,0.99,,,,,,,,,,,0,,,,,,,,,,,,,,
,,,,,,,,,,,,,,,,,,2026,7/1/2026,$                                                    294.38,,,,,,,,,,,,0.99,,,,,,,,,,,0,,,,,,,,,,,,,,
,,,,,,,,,,,,,,,,,,2026,7/2/2026,$                                                    308.63,,,,,,,,,,,,0.99,,,,,,,,,,,0,,,,,,,,,,,,,,
,,,,,,,,,,,,,,,,,,2026,7/6/2026,$                                                     312.66,,,,,,,,,,,,0.99,,,,,,,,,,,0,,,,,,,,,,,,,,
,,,,,,,,,,,,,,,,,,2026,7/7/2026,$                                                     310.66,,,,,,,,,,,,0.99,,,,,,,,,,,0,,,,,,,,,,,,,,
,,,,,,,,,,,,,,,,,,2026,7/8/2026,$                                                     313.39,,,,,,,,,,,,0.99,,,,,,,,,,,0,,,,,,,,,,,,,,
,,,,,,,,,,,,,,,,,,2026,7/9/2026,$                                                     316.22,,,,,,,,,,,,0.99,,,,,,,,,,,0,,,,,,,,,,,,,,
,,,,,,,,,,,,,,,,,,2026,7/10/2026,$                                                     315.32,,,,,,,,,,,,0.99,,,,,,,,,,,0,,,,,,,,,,,,,,
,,,,,,,,,,,,,,,,,,2026,7/13/2026,$                                                      317.31,,,,,,,,,,,,0.99,,,,,,,,,,,0,,,,,,,,,,,,,,
,,,,,,,,,,,,,,,,,,2026,7/14/2026,$                                                     314.86,,,,,,,,,,,,0.99,,,,,,,,,,,0,,,,,,,,,,,,,,
,,,,,,,,,,,,,,,,,,2026,7/15/2026,$                                                    327.50,,,,,,,,,,,,0.99,,,,,,,,,,,0,,,,,,,,,,,,,,
,,,,,,,,,,,,,,,,,,2026,7/16/2026,$                                                    333.26,,,,,,,,,,,,0.99,,,,,,,,,,,0,,,,,,,,,,,,,,
,,,,,,,,,,,,,,,,,,2026,7/17/2026,$                                                    333.74,,,,,,,,,,,,0.99,,,,,,,,,,,0,,,,,,,,,,,,,,
,,,,,,,,,,,,,,,,,,2026,7/20/2026,$                                                    326.59,,,,,,,,,,,,0.99,,,,,,,,,,,0,,,,,,,,,,,,,,
,,,,,,,,,,,,,,,,,,2026,7/21/2026,$                                                    327.74,,,,,,,,,,,,0.99,,,,,,,,,,,0,,,,,,,,,,,,,,
,,,,,,,,,,,,,,,,,,2026,7/22/2026,$                                                    325.89,,,,,,,,,,,,0.99,,,,,,,,,,,0,,,,,,,,,,,,,,
,,,,,,,,,,,,,,,,,,2026,7/23/2026,$                                                     321.66,,,,,,,,,,,,0.99,,,,,,,,,,,0,,,,,,,,,,,,,,
,,,,,,,,,,,,,,,,,,2026,7/24/2026,$                                                    333.02,,,,,,,,,,,,0.99,,,,,,,,,,,0,,,,,,,,,,,,,,
