,,,,,,,,,,,,,,,,,TRAIL 12M,AÑO DE INICIO,TICKER,Nombre,,,,,,,,,,RATING,UPSIDE,PRECIO ACTUAL,PRECIO COMPRA,MEDIANA MAXIMA,PRECIO MAXIMO,BANDA MAXIMA,YIELD MAXIMO,YIELD OVERVALUED,YIELD MEDIO,YOC MAXIMO,G/P MAXIMAS,G/P MAXIMAS CON DIV,RATING MAXIMO,,,,COTIZACIÓN,,,SI,,,MAXIMO,MINIMO,ANCHO,DIVISION,MARCAS
,,,,,,,,,,,,,,,,,NO,2016,ACN US,Accenture,,,,,,,,,,,,$     146.99,,,,,,,,,,,,,,,,,,NO,,,,,,,
,,,,,,,,,,,,,,,,,CONFIANZA,EXTRA,YOC,FECHA COMPRA,,,,,,,,,,PRECIO MEDIANA,UPSIDE MEDIANA,YIELD ACTUAL,PRECIO VENTA,MEDIANA MINIMA,PRECIO MINIMO,BANDA MINIMA,YIELD MINIMO,YIELD UNDERVALUED,MEDIANA YIELD,YOC MINIMO,G/P MINIMAS,G/P MINIMAS CON DIV,RATING MINIMO,,,,3Y CAGR,9.29%,,Accenture - Max. DrawDown (%),,,,,,,
,,,,,,,,,,,,,,,,,90%,NO,,11/10/2017,,,,,,,,,,,,,,,,,,,,,,,,,,,5Y CAGR,10.95%,,Accenture - Returns (%),,,,,,,
,,,,,,,,,,,,,,,,,,,,,,,,,,,,,,,,,,,,,,,,,,,,,,,10Y CAGR,10.14%,,Accenture - Yield On Cost (YOC),,,,,,,
,,,,,,,,,,,,,,,,,,YEAR,Date,Close,RSM POSITIVO,RSM NEGATIVO,Date,Close,Date,Close,RSD,MA(RSD),MRS = (( RSD(today) /ma(RSD(today). n)) - 1 ) * 100,YIELD,PRICE,DPS,CHANEL O,CHANEL U,CHANEL M,RATING,UPSIDE,OVERVALUED,UNDERVALUED,YOC,PRECIO,DIVIDENDOS,DIVIDENDOS DESDE COMPRA,MEDIANA YIELD,MAX. DRAWDOWN,,AÑO,DIVIDENDOS,% YoY,,,,Nº,INTERVALOS,FRECUENCIA,F. ACUMULADA,% TOTAL
,,,,,,,,,,,,,,,,,,2016,1/4/2016,$                                                      101.83,,,12/29/2014,,12/29/2014,,,,,2.27%,$            101.83,2.31,,,,,,,,4.57%,,,10.7,,0.00%,,1997,0.00,-,,,,0,,,,
,,,,,,,,,,,,,,,,,,2016,1/5/2016,$                                                     102.36,,,1/5/2015,,1/5/2015,,,,,2.26%,$           102.36,2.31,,,,,,,,4.54%,,,10.7,,0.00%,,1998,0.00,,,,,1,,,,
,,,,,,,,,,,,,,,,,,2016,1/6/2016,$                                                      102.16,,,1/12/2015,,1/12/2015,,,,,2.26%,$            102.16,2.31,,,,,,,,4.55%,,,10.7,,-0.20%,,1999,0.00,,,,,2,,,,
,,,,,,,,,,,,,,,,,,2016,1/7/2016,$                                                        99.16,,,1/20/2015,,1/20/2015,,,,,2.33%,$              99.16,2.31,,,,,,,,4.69%,,,10.7,,-3.13%,,2000,0.00,,1/1/1970,1970,,3,,,,
,,,,,,,,,,,,,,,,,,2016,1/8/2016,$                                                       98.20,,,1/26/2015,,1/26/2015,,,,,2.35%,$             98.20,2.31,,,,,,,,4.74%,,,10.7,,-4.06%,,2001,0.00,,1/1/1971,1971,,4,,,,
,,,,,,,,,,,,,,,,,,2016,1/11/2016,$                                                       99.23,,,2/2/2015,,2/2/2015,,,,,2.33%,$             99.23,2.31,,,,,,,,4.69%,,,10.7,,-3.06%,,2002,0.00,,1/1/1972,1972,,5,,,,
,,,,,,,,,,,,,,,,,,2016,1/12/2016,$                                                       101.01,,,2/9/2015,,2/9/2015,,,,,2.29%,$             101.01,2.31,,,,,,,,4.60%,,,10.7,,-1.32%,,2003,0.00,,1/1/1973,1973,,6,,,,
,,,,,,,,,,,,,,,,,,2016,1/13/2016,$                                                       99.26,,,2/17/2015,,2/17/2015,,,,,2.33%,$             99.26,2.31,,,,,,,,4.68%,,,10.7,,-3.03%,,2004,0.00,,1/1/1974,1974,,7,,,,
,,,,,,,,,,,,,,,,,,2016,1/14/2016,$                                                      101.88,,,2/23/2015,,2/23/2015,,,,,2.27%,$            101.88,2.31,,,,,,,,4.56%,,,10.7,,-0.47%,,2005,0.30,,1/1/1975,1975,,8,,,,
,,,,,,,,,,,,,,,,,,2016,1/15/2016,$                                                       99.27,,,3/2/2015,,3/2/2015,,,,,2.33%,$             99.27,2.31,,,,,,,,4.68%,,,10.7,,-3.02%,,2006,0.35,16.67%,1/1/1976,1976,,9,,,,
,,,,,,,,,,,,,,,,,,2016,1/19/2016,$                                                      101.38,,,3/9/2015,,3/9/2015,,,,,2.28%,$            101.38,2.31,,,,,,,,4.59%,,,10.7,,-0.96%,,2007,0.42,20.00%,1/1/1977,1977,,10,,,,
,,,,,,,,,,,,,,,,,,2016,1/20/2016,$                                                       99.06,,,3/16/2015,,3/16/2015,,,,,2.33%,$             99.06,2.31,,,,,,,,4.69%,,,10.7,,-3.22%,,2008,0.50,19.05%,1/1/1978,1978,,11,,,,
,,,,,,,,,,,,,,,,,,2016,1/21/2016,$                                                       98.29,,,3/23/2015,,3/23/2015,,,,,2.35%,$             98.29,2.31,,,,,,,,4.73%,,,10.7,,-3.98%,,2009,0.75,50.00%,1/1/1979,1979,,12,,,,
,,,,,,,,,,,,,,,,,,2016,1/22/2016,$                                                     102.24,,,3/30/2015,,3/30/2015,,,,,2.26%,$           102.24,2.31,,,,,,,,4.55%,,,10.7,,-0.12%,,2010,0.83,10.00%,1/1/1980,1980,,13,,,,
,,,,,,,,,,,,,,,,,,2016,1/25/2016,$                                                      101.75,,,4/6/2015,,4/6/2015,,,,,2.27%,$            101.75,2.31,,,,,,,,4.57%,,,10.7,,-0.60%,,2011,1.13,36.36%,1/1/1981,1981,,14,,,,
,,,,,,,,,,,,,,,,,,2016,1/26/2016,$                                                     102.53,,,4/13/2015,,4/13/2015,,,,,2.25%,$           102.53,2.31,,,,,,,,4.54%,,,10.7,,0.00%,,2012,1.49,32.00%,1/1/1982,1982,,15,,,,
,,,,,,,,,,,,,,,,,,2016,1/27/2016,$                                                      101.96,,,4/20/2015,,4/20/2015,,,,,2.27%,$            101.96,2.31,,,,,,,,4.56%,,,10.7,,-0.56%,,2013,1.74,17.17%,1/1/1983,1983,,16,,,,
,,,,,,,,,,,,,,,,,,2016,1/28/2016,$                                                     103.08,,,4/27/2015,,4/27/2015,,,,,2.24%,$           103.08,2.31,,,,,,,,4.51%,,,10.7,,0.00%,,2014,1.95,12.07%,1/1/1984,1984,,17,,,,
,,,,,,,,,,,,,,,,,,2016,1/29/2016,$                                                     105.54,,,5/4/2015,,5/4/2015,,,,,2.19%,$           105.54,2.31,,,,,,,,4.41%,,,10.7,,0.00%,,2015,2.12,8.72%,1/1/1985,1985,,18,,,,
,,,,,,,,,,,,,,,,,,2016,2/1/2016,$                                                     106.28,,,5/11/2015,,5/11/2015,,,,,2.17%,$           106.28,2.31,,,,,,,,4.38%,,,10.7,,0.00%,,2016,2.31,8.96%,1/1/1986,1986,,19,,,,
,,,,,,,,,,,,,,,,,,2016,2/2/2016,$                                                     103.82,,,5/18/2015,,5/18/2015,,,,,2.23%,$           103.82,2.31,,,,,,,,4.48%,,,10.7,,-2.31%,,2017,2.54,9.96%,1/1/1987,1987,,20,,,,
,,,,,,,,,,,,,,,,,,2016,2/3/2016,$                                                      102.10,,,5/26/2015,,5/26/2015,,,,,2.26%,$            102.10,2.31,,,,,,,,4.55%,,,10.7,,-3.93%,,2018,2.79,9.84%,1/1/1988,1988,,21,,,,
,,,,,,,,,,,,,,,,,,2016,2/4/2016,$                                                     102.73,,,6/1/2015,,6/1/2015,,,,,2.25%,$           102.73,2.31,,,,,,,,4.53%,,,10.7,,-3.34%,,2019,3.06,9.68%,1/1/1989,1989,,22,,,,
,,,,,,,,,,,,,,,,,,2016,2/5/2016,$                                                       98.97,,,6/8/2015,,6/8/2015,,,,,2.33%,$             98.97,2.31,,,,,,,,4.70%,,,10.7,,-6.88%,,2020,3.36,9.80%,1/1/1990,1990,,23,,,,
,,,,,,,,,,,,,,,,,,2016,2/8/2016,$                                                       95.07,,,6/15/2015,,6/15/2015,,,,,2.43%,$             95.07,2.31,,,,,,,,4.89%,,,10.7,,-10.55%,,2021,3.61,7.44%,1/1/1991,1991,,24,,,,
,,,,,,,,,,,,,,,,,,2016,2/9/2016,$                                                       93.32,,,6/22/2015,,6/22/2015,,,,,2.48%,$             93.32,2.31,,,,,,,,4.98%,,,10.7,,-12.19%,,2022,4.03,11.63%,1/1/1992,1992,,25,,,,
,,,,,,,,,,,,,,,,,,2016,2/10/2016,$                                                        94.21,,,6/29/2015,,6/29/2015,,,,,2.45%,$              94.21,2.31,,,,,,,,4.94%,,,10.7,,-11.36%,,2023,4.65,15.38%,1/1/1993,1993,,26,,,,
,,,,,,,,,,,,,,,,,,2016,2/11/2016,$                                                       93.43,,,7/6/2015,,7/6/2015,,,,,2.47%,$             93.43,2.31,,,,,,,,4.98%,,,10.7,,-12.09%,,2024,5.16,10.97%,1/1/1994,1994,,27,,,,
,,,,,,,,,,,,,,,,,,2016,2/12/2016,$                                                       94.70,,,7/13/2015,,7/13/2015,,,,,2.44%,$             94.70,2.31,,,,,,,,4.91%,,,10.7,,-10.90%,,2025,6.07,17.64%,1/1/1995,1995,,28,,,,
,,,,,,,,,,,,,,,,,,2016,2/16/2016,$                                                        96.91,,,7/20/2015,,7/20/2015,,,,,2.38%,$              96.91,2.31,,,,,,,,4.80%,,,10.7,,-8.82%,,2026,6.07,0.00%,1/1/1996,1996,,29,,,,
,,,,,,,,,,,,,,,,,,2016,2/17/2016,$                                                        99.01,,,7/27/2015,,7/27/2015,,,,,2.33%,$              99.01,2.31,,,,,,,,4.70%,,,10.7,,-6.84%,,,,,1/1/1997,1997,,30,,,,
,,,,,,,,,,,,,,,,,,2016,2/18/2016,$                                                       98.52,,,8/3/2015,,8/3/2015,,,,,2.34%,$             98.52,2.31,,,,,,,,4.72%,,,10.7,,-7.30%,,,,,1/1/1998,1998,,31,,,,
,,,,,,,,,,,,,,,,,,2016,2/19/2016,$                                                       98.95,,,8/10/2015,,8/10/2015,,,,,2.33%,$             98.95,2.31,,,,,,,,4.70%,,,10.7,,-6.90%,,,,,1/1/1999,1999,,32,,,,
,,,,,,,,,,,,,,,,,,2016,2/22/2016,$                                                     100.35,,,8/17/2015,,8/17/2015,,,,,2.30%,$           100.35,2.31,,,,,,,,4.63%,,,10.7,,-5.58%,,,,,1/1/2000,2000,,33,,,,
,,,,,,,,,,,,,,,,,,2016,2/23/2016,$                                                       99.65,,,8/24/2015,,8/24/2015,,,,,2.32%,$             99.65,2.31,,,,,,,,4.67%,,,10.7,,-6.24%,,,,,1/1/2001,2001,,34,,,,
,,,,,,,,,,,,,,,,,,2016,2/24/2016,$                                                       99.55,,,8/31/2015,,8/31/2015,,,,,2.32%,$             99.55,2.31,,,,,,,,4.67%,,,10.7,,-6.33%,,,,,1/1/2002,2002,,35,,,,
,,,,,,,,,,,,,,,,,,2016,2/25/2016,$                                                      100.91,,,9/8/2015,,9/8/2015,,,,,2.29%,$            100.91,2.31,,,,,,,,4.61%,,,10.7,,-5.05%,,,,,1/1/2003,2003,,36,,,,
,,,,,,,,,,,,,,,,,,2016,2/26/2016,$                                                       101.12,,,9/14/2015,,9/14/2015,,,,,2.28%,$             101.12,2.31,,,,,,,,4.60%,,,10.7,,-4.86%,,,,,1/1/2004,2004,,37,,,,
,,,,,,,,,,,,,,,,,,2016,2/29/2016,$                                                     100.26,,,9/21/2015,,9/21/2015,,,,,2.30%,$           100.26,2.31,,,,,,,,4.64%,,,10.7,,-5.66%,,,,,1/1/2005,2005,,38,,,,
,,,,,,,,,,,,,,,,,,2016,3/1/2016,$                                                     103.45,,,9/28/2015,,9/28/2015,,,,,2.23%,$           103.45,2.31,,,,,,,,4.49%,,,10.7,,-2.66%,,,,,1/1/2006,2006,,39,,,,
,,,,,,,,,,,,,,,,,,2016,3/2/2016,$                                                     102.66,,,10/5/2015,,10/5/2015,,,,,2.25%,$           102.66,2.31,,,,,,,,4.53%,,,10.7,,-3.41%,,,,,1/1/2007,2007,,40,,,,
,,,,,,,,,,,,,,,,,,2016,3/3/2016,$                                                     102.80,,,10/12/2015,,10/12/2015,,,,,2.25%,$           102.80,2.31,,,,,,,,4.52%,,,10.7,,-3.27%,,,,,1/1/2008,2008,,41,,,,
,,,,,,,,,,,,,,,,,,2016,3/4/2016,$                                                      103.18,,,10/19/2015,,10/19/2015,,,,,2.24%,$            103.18,2.31,,,,,,,,4.51%,,,10.7,,-2.92%,,,,,1/1/2009,2009,,42,,,,
,,,,,,,,,,,,,,,,,,2016,3/7/2016,$                                                     102.40,,,10/26/2015,,10/26/2015,,,,,2.26%,$           102.40,2.31,,,,,,,,4.54%,,,10.7,,-3.65%,,,,,1/1/2010,2010,,43,,,,
,,,,,,,,,,,,,,,,,,2016,3/8/2016,$                                                     102.62,,,11/2/2015,,11/2/2015,,,,,2.25%,$           102.62,2.31,,,,,,,,4.53%,,,10.7,,-3.44%,,,,,1/1/2011,2011,,44,,,,
,,,,,,,,,,,,,,,,,,2016,3/9/2016,$                                                     103.40,,,11/9/2015,,11/9/2015,,,,,2.23%,$           103.40,2.31,,,,,,,,4.50%,,,10.7,,-2.71%,,,,,1/1/2012,2012,,45,,,,
,,,,,,,,,,,,,,,,,,2016,3/10/2016,$                                                     103.58,,,11/16/2015,,11/16/2015,,,,,2.23%,$           103.58,2.31,,,,,,,,4.49%,,,10.7,,-2.54%,,,,,1/1/2013,2013,,46,,,,
,,,,,,,,,,,,,,,,,,2016,3/11/2016,$                                                     105.68,,,11/23/2015,,11/23/2015,,,,,2.19%,$           105.68,2.31,,,,,,,,4.40%,,,10.7,,-0.56%,,,,,1/1/2014,2014,,47,,,,
,,,,,,,,,,,,,,,,,,2016,3/14/2016,$                                                     106.32,,,11/30/2015,,11/30/2015,,,,,2.17%,$           106.32,2.31,,,,,,,,4.37%,,,10.7,,0.00%,,,,,1/1/2015,2015,,48,,,,
,,,,,,,,,,,,,,,,,,2016,3/15/2016,$                                                     107.07,,,12/7/2015,,12/7/2015,,,,,2.16%,$           107.07,2.31,,,,,,,,4.34%,,,10.7,,0.00%,,,,,1/1/2016,2016,,49,,,,
,,,,,,,,,,,,,,,,,,2016,3/16/2016,$                                                     107.59,,,12/14/2015,,12/14/2015,,,,,2.15%,$           107.59,2.31,,,,,,,,4.32%,,,10.7,,0.00%,,,,,1/1/2017,2017,,50,,,,
,,,,,,,,,,,,,,,,,,2016,3/17/2016,$                                                     108.56,,,12/21/2015,,12/21/2015,,,,,2.13%,$           108.56,2.31,,,,,,,,4.28%,,,10.7,,0.00%,,,,,1/1/2018,2018,,51,,,,
,,,,,,,,,,,,,,,,,,2016,3/18/2016,$                                                     107.77,,,12/28/2015,,12/28/2015,,,,,2.14%,$           107.77,2.31,,,,,,,,4.31%,,,10.7,,-0.73%,,,,,1/1/2019,2019,,52,,,,
,,,,,,,,,,,,,,,,,,2016,3/21/2016,$                                                      108.16,,,1/4/2016,,1/4/2016,,,,,,$            108.16,,,,,,,,,4.30%,,,10.7,,-0.37%,,,,,1/1/2020,2020,,53,,,,
,,,,,,,,,,,,,,,,,,2016,3/22/2016,$                                                     107.83,,,1/11/2016,,1/11/2016,,,,,2.14%,$           107.83,2.31,,,,,,,,4.31%,,,10.7,,-0.67%,,,,,,,,54,,,,
,,,,,,,,,,,,,,,,,,2016,3/23/2016,$                                                     107.66,,,1/19/2016,,1/19/2016,,,,,2.15%,$           107.66,2.31,,,,,,,,4.32%,,,10.7,,-0.83%,,,,,,,,55,,,,
,,,,,,,,,,,,,,,,,,2016,3/24/2016,$                                                      114.30,,,1/25/2016,,1/25/2016,,,,,2.02%,$            114.30,2.31,,,,,,,,4.07%,,,10.7,,0.00%,,,,,,,,56,,,,
,,,,,,,,,,,,,,,,,,2016,3/28/2016,$                                                       114.17,,,2/1/2016,,2/1/2016,,,,,2.02%,$             114.17,2.31,,,,,,,,4.07%,,,10.7,,-0.11%,,,,,,80%,,57,,,,
,,,,,,,,,,,,,,,,,,2016,3/29/2016,$                                                      115.26,,,2/8/2016,,2/8/2016,,,,,,$            115.26,,,,,,,,,4.03%,,,10.7,,0.00%,,,,,,81%,,58,,,,
,,,,,,,,,,,,,,,,,,2016,3/30/2016,$                                                      115.37,,,2/16/2016,,2/16/2016,,,,,2.00%,$            115.37,2.31,,,,,,,,4.03%,,,10.7,,0.00%,,,,,,82%,,59,,,,
,,,,,,,,,,,,,,,,,,2016,3/31/2016,$                                                      115.40,,,2/22/2016,,2/22/2016,,,,,2.00%,$            115.40,2.31,,,,,,,,4.03%,,,10.7,,0.00%,,,,,,83%,,60,,,,
,,,,,,,,,,,,,,,,,,2016,4/1/2016,$                                                      116.35,,,2/29/2016,,2/29/2016,,,,,1.99%,$            116.35,2.31,,,,,,,,4.00%,,,10.7,,0.00%,,,,,,84%,,61,,,,
,,,,,,,,,,,,,,,,,,2016,4/4/2016,$                                                      115.50,,,3/7/2016,,3/7/2016,,,,,2.00%,$            115.50,2.31,,,,,,,,4.03%,,,10.7,,-0.73%,,,,,,85%,,62,,,,
,,,,,,,,,,,,,,,,,,2016,4/5/2016,$                                                       114.13,,,3/14/2016,,3/14/2016,,,,,2.02%,$             114.13,2.31,,,,,,,,4.07%,,,10.7,,-1.91%,,,,,,86%,,63,,,,
,,,,,,,,,,,,,,,,,,2016,4/6/2016,$                                                      114.67,,,3/21/2016,,3/21/2016,,,,,2.01%,$            114.67,2.31,,,,,,,,4.06%,,,10.7,,-1.44%,,,,,,87%,,64,,,,
,,,,,,,,,,,,,,,,,,2016,4/7/2016,$                                                       112.10,,,3/28/2016,,3/28/2016,,,,,2.06%,$             112.10,2.31,,,,,,,,4.15%,,,10.7,,-3.65%,,,,,,88%,,65,,,,
,,,,,,,,,,,,,,,,,,2016,4/8/2016,$                                                      112.83,,,4/4/2016,,4/4/2016,,,,,2.05%,$            112.83,2.31,,,,,,,,4.12%,,,10.7,,-3.03%,,,,,,89%,,66,,,,
,,,,,,,,,,,,,,,,,,2016,4/11/2016,$                                                       113.10,,,4/11/2016,,4/11/2016,,,,,2.04%,$             113.10,2.31,,,,,,,,4.11%,,,10.7,,-2.79%,,,,,,90%,,67,,,,
,,,,,,,,,,,,,,,,,,2016,4/12/2016,$                                                      114.39,,,4/18/2016,,4/18/2016,,,,,2.02%,$            114.39,2.31,,,,,,,,4.07%,,,10.7,,-1.68%,,,,,,91%,,68,,,,
,,,,,,,,,,,,,,,,,,2016,4/13/2016,$                                                      114.96,,,4/25/2016,,4/25/2016,,,,,2.01%,$            114.96,2.31,,,,,,,,4.04%,,,10.7,,-1.19%,,,,,,92%,,69,,,,
,,,,,,,,,,,,,,,,,,2016,4/14/2016,$                                                      114.75,,,5/2/2016,,5/2/2016,,,,,2.01%,$            114.75,2.31,,,,,,,,4.05%,,,10.7,,-1.38%,,,,,,93%,,70,,,,
,,,,,,,,,,,,,,,,,,2016,4/15/2016,$                                                      114.82,,,5/9/2016,,5/9/2016,,,,,2.01%,$            114.82,2.31,,,,,,,,4.05%,,,10.7,,-1.31%,,,,,,94%,,71,,,,
,,,,,,,,,,,,,,,,,,2016,4/18/2016,$                                                      115.59,,,5/16/2016,,5/16/2016,,,,,2.00%,$            115.59,2.31,,,,,,,,4.02%,,,10.7,,-0.65%,,,,,,95%,,72,,,,
,,,,,,,,,,,,,,,,,,2016,4/19/2016,$                                                       115.10,,,5/23/2016,,5/23/2016,,,,,2.01%,$             115.10,2.31,,,,,,,,4.04%,,,10.7,,-1.07%,,,,,,96%,,73,,,,
,,,,,,,,,,,,,,,,,,2016,4/20/2016,$                                                      115.54,,,5/31/2016,,5/31/2016,,,,,2.00%,$            115.54,2.31,,,,,,,,4.02%,,,10.7,,-0.70%,,,,,,97%,,74,,,,
,,,,,,,,,,,,,,,,,,2016,4/21/2016,$                                                      114.48,,,6/6/2016,,6/6/2016,,,,,2.02%,$            114.48,2.31,,,,,,,,4.06%,,,10.7,,-1.61%,,,,,,98%,,75,,,,
,,,,,,,,,,,,,,,,,,2016,4/22/2016,$                                                      113.95,,,6/13/2016,,6/13/2016,,,,,2.03%,$            113.95,2.31,,,,,,,,4.08%,,,10.7,,-2.06%,,,,,,99%,,76,,,,
,,,,,,,,,,,,,,,,,,2016,4/25/2016,$                                                       114.10,,,6/20/2016,,6/20/2016,,,,,2.02%,$             114.10,2.31,,,,,,,,4.08%,,,10.7,,-1.93%,,,,,,100%,,77,,,,
,,,,,,,,,,,,,,,,,,2016,4/26/2016,$                                                       114.61,,,6/27/2016,,6/27/2016,,,,,2.02%,$             114.61,2.31,,,,,,,,4.06%,,,10.7,,-1.50%,,,,,,,,78,,,,
,,,,,,,,,,,,,,,,,,2016,4/27/2016,$                                                      115.48,,,7/5/2016,,7/5/2016,,,,,2.00%,$            115.48,2.31,,,,,,,,4.03%,,,10.7,,-0.75%,,,,,,,,79,,,,
,,,,,,,,,,,,,,,,,,2016,4/28/2016,$                                                      114.33,,,7/11/2016,,7/11/2016,,,,,2.02%,$            114.33,2.31,,,,,,,,4.07%,,,10.7,,-1.74%,,,,,,,,80,,,,
,,,,,,,,,,,,,,,,,,2016,4/29/2016,$                                                      112.92,,,7/18/2016,,7/18/2016,,,,,2.05%,$            112.92,2.31,,,,,,,,4.12%,,,10.7,,-2.95%,,,,,,,,,,,,
,,,,,,,,,,,,,,,,,,2016,5/2/2016,$                                                      114.40,,,7/25/2016,,7/25/2016,,,,,2.02%,$            114.40,2.31,,,,,,,,4.06%,,,10.7,,-1.68%,,,,,,,,,,,,
,,,,,,,,,,,,,,,,,,2016,5/3/2016,$                                                      113.30,,,8/1/2016,,8/1/2016,,,,,2.04%,$            113.30,2.31,,,,,,,,4.10%,,,10.7,,-2.62%,,,,,,,,,,,,
,,,,,,,,,,,,,,,,,,2016,5/4/2016,$                                                      113.55,,,8/8/2016,,8/8/2016,,,,,2.03%,$            113.55,2.31,,,,,,,,4.10%,,,10.7,,-2.41%,,,,,,,,,,,,
,,,,,,,,,,,,,,,,,,2016,5/5/2016,$                                                      114.08,,,8/15/2016,,8/15/2016,,,,,2.02%,$            114.08,2.31,,,,,,,,4.08%,,,10.7,,-1.95%,,,,,,,,,,,,
,,,,,,,,,,,,,,,,,,2016,5/6/2016,$                                                      115.55,,,8/22/2016,,8/22/2016,,,,,2.00%,$            115.55,2.31,,,,,,,,4.02%,,,10.7,,-0.69%,,,,,,,,,,,,
,,,,,,,,,,,,,,,,,,2016,5/9/2016,$                                                      115.47,,,8/29/2016,,8/29/2016,,,,,2.00%,$            115.47,2.31,,,,,,,,4.03%,,,10.7,,-0.76%,,,,,,,,,,,,
,,,,,,,,,,,,,,,,,,2016,5/10/2016,$                                                      116.94,,,9/6/2016,,9/6/2016,,,,,1.98%,$            116.94,2.31,,,,,,,,3.98%,,,10.7,,0.00%,,,,,,,,,,,,
,,,,,,,,,,,,,,,,,,2016,5/11/2016,$                                                      115.98,,,9/12/2016,,9/12/2016,,,,,1.99%,$            115.98,2.31,,,,,,,,4.01%,,,10.7,,-0.82%,,,,,,,,,,,,
,,,,,,,,,,,,,,,,,,2016,5/12/2016,$                                                      116.36,,,9/19/2016,,9/19/2016,,,,,1.99%,$            116.36,2.31,,,,,,,,4.00%,,,10.7,,-0.50%,,,,,,,,,,,,
,,,,,,,,,,,,,,,,,,2016,5/13/2016,$                                                      115.44,,,9/26/2016,,9/26/2016,,,,,2.00%,$            115.44,2.31,,,,,,,,4.03%,,,10.7,,-1.28%,,,,,,,,,,,,
,,,,,,,,,,,,,,,,,,2016,5/16/2016,$                                                       117.15,,,10/3/2016,,10/3/2016,,,,,1.97%,$             117.15,2.31,,,,,,,,3.97%,,,10.7,,0.00%,,,,,,,,,,,,
,,,,,,,,,,,,,,,,,,2016,5/17/2016,$                                                      116.22,,,10/10/2016,,10/10/2016,,,,,1.99%,$            116.22,2.31,,,,,,,,4.00%,,,10.7,,-0.79%,,,,,,,,,,,,
,,,,,,,,,,,,,,,,,,2016,5/18/2016,$                                                      116.52,,,10/17/2016,,10/17/2016,,,,,1.98%,$            116.52,2.31,,,,,,,,3.99%,,,10.7,,-0.54%,,,,,,,,,,,,
,,,,,,,,,,,,,,,,,,2016,5/19/2016,$                                                      116.03,,,10/24/2016,,10/24/2016,,,,,1.99%,$            116.03,2.31,,,,,,,,4.01%,,,10.7,,-0.96%,,,,,,,,,,,,
,,,,,,,,,,,,,,,,,,2016,5/20/2016,$                                                      116.47,,,10/31/2016,,10/31/2016,,,,,1.98%,$            116.47,2.31,,,,,,,,3.99%,,,10.7,,-0.58%,,,,,,,,,,,,
,,,,,,,,,,,,,,,,,,2016,5/23/2016,$                                                       116.18,,,11/7/2016,,11/7/2016,,,,,1.99%,$             116.18,2.31,,,,,,,,4.00%,,,10.7,,-0.83%,,,,,,,,,,,,
,,,,,,,,,,,,,,,,,,2016,5/24/2016,$                                                       119.12,,,11/14/2016,,11/14/2016,,,,,1.94%,$             119.12,2.31,,,,,,,,3.90%,,,10.7,,0.00%,,,,,,,,,,,,
,,,,,,,,,,,,,,,,,,2016,5/25/2016,$                                                      118.55,,,11/21/2016,,11/21/2016,,,,,1.95%,$            118.55,2.31,,,,,,,,3.92%,,,10.7,,-0.48%,,,,,,,,,,,,
,,,,,,,,,,,,,,,,,,2016,5/26/2016,$                                                       118.41,,,11/28/2016,,11/28/2016,,,,,1.95%,$             118.41,2.31,,,,,,,,3.93%,,,10.7,,-0.60%,,,,,,,,,,,,
,,,,,,,,,,,,,,,,,,2016,5/27/2016,$                                                      118.94,,,12/5/2016,,12/5/2016,,,,,1.94%,$            118.94,2.31,,,,,,,,3.91%,,,10.7,,-0.15%,,,,,,,,,,,,
,,,,,,,,,,,,,,,,,,2016,5/31/2016,$                                                      118.97,,,12/12/2016,,12/12/2016,,,,,1.94%,$            118.97,2.31,,,,,,,,3.91%,,,10.7,,-0.13%,,,,,,,,,,,,
,,,,,,,,,,,,,,,,,,2016,6/1/2016,$                                                       119.01,,,12/19/2016,,12/19/2016,,,,,1.94%,$             119.01,2.31,,,,,,,,3.91%,,,10.7,,-0.09%,,,,,,,,,,,,
,,,,,,,,,,,,,,,,,,2016,6/2/2016,$                                                      119.24,,,12/27/2016,,12/27/2016,,,,,1.94%,$            119.24,2.31,,,,,,,,3.90%,,,10.7,,0.00%,,,,,,,,,,,,
,,,,,,,,,,,,,,,,,,2016,6/3/2016,$                                                      118.90,,,1/3/2017,,1/3/2017,,,,,1.94%,$            118.90,2.31,,,,,,,,3.91%,,,10.7,,-0.29%,,,,,,,,,,,,
,,,,,,,,,,,,,,,,,,2016,6/6/2016,$                                                      119.60,,,1/9/2017,,1/9/2017,,,,,1.93%,$            119.60,2.31,,,,,,,,3.89%,,,10.7,,0.00%,,,,,,,,,,,,
,,,,,,,,,,,,,,,,,,2016,6/7/2016,$                                                      119.65,,,1/17/2017,,1/17/2017,,,,,1.93%,$            119.65,2.31,,,,,,,,3.89%,,,10.7,,0.00%,,,,,,,,,,,,
,,,,,,,,,,,,,,,,,,2016,6/8/2016,$                                                      119.32,,,1/23/2017,,1/23/2017,,,,,1.94%,$            119.32,2.31,,,,,,,,3.90%,,,10.7,,-0.28%,,,,,,,,,,,,
,,,,,,,,,,,,,,,,,,2016,6/9/2016,$                                                      119.44,,,1/30/2017,,1/30/2017,,,,,1.93%,$            119.44,2.31,,,,,,,,3.89%,,,10.7,,-0.18%,,,,,,,,,,,,
,,,,,,,,,,,,,,,,,,2016,6/10/2016,$                                                      118.27,,,2/6/2017,,2/6/2017,,,,,1.95%,$            118.27,2.31,,,,,,,,3.93%,,,10.7,,-1.15%,,,,,,,,,,,,
,,,,,,,,,,,,,,,,,,2016,6/13/2016,$                                                      117.08,,,2/13/2017,,2/13/2017,,,,,1.97%,$            117.08,2.31,,,,,,,,3.97%,,,10.7,,-2.15%,,,,,,,,,,,,
,,,,,,,,,,,,,,,,,,2016,6/14/2016,$                                                      118.09,,,2/21/2017,,2/21/2017,,,,,1.96%,$            118.09,2.31,,,,,,,,3.94%,,,10.7,,-1.30%,,,,,,,,,,,,
,,,,,,,,,,,,,,,,,,2016,6/15/2016,$                                                      117.45,,,2/27/2017,,2/27/2017,,,,,1.97%,$            117.45,2.31,,,,,,,,3.96%,,,10.7,,-1.84%,,,,,,,,,,,,
,,,,,,,,,,,,,,,,,,2016,6/16/2016,$                                                      118.30,,,3/6/2017,,3/6/2017,,,,,1.95%,$            118.30,2.31,,,,,,,,3.93%,,,10.7,,-1.13%,,,,,,,,,,,,
,,,,,,,,,,,,,,,,,,2016,6/17/2016,$                                                      117.57,,,3/13/2017,,3/13/2017,,,,,1.96%,$            117.57,2.31,,,,,,,,3.96%,,,10.7,,-1.74%,,,,,,,,,,,,
,,,,,,,,,,,,,,,,,,2016,6/20/2016,$                                                      119.05,,,3/20/2017,,3/20/2017,,,,,1.94%,$            119.05,2.31,,,,,,,,3.91%,,,10.7,,-0.50%,,,,,,,,,,,,
,,,,,,,,,,,,,,,,,,2016,6/21/2016,$                                                      119.43,,,3/27/2017,,3/27/2017,,,,,1.93%,$            119.43,2.31,,,,,,,,3.89%,,,10.7,,-0.18%,,,,,,,,,,,,
,,,,,,,,,,,,,,,,,,2016,6/22/2016,$                                                      119.03,,,4/3/2017,,4/3/2017,,,,,1.94%,$            119.03,2.31,,,,,,,,3.91%,,,10.7,,-0.52%,,,,,,,,,,,,
,,,,,,,,,,,,,,,,,,2016,6/23/2016,$                                                       118.91,,,4/10/2017,,4/10/2017,,,,,1.94%,$             118.91,2.31,,,,,,,,3.91%,,,10.7,,-0.62%,,,,,,,,,,,,
,,,,,,,,,,,,,,,,,,2016,6/24/2016,$                                                       111.45,,,4/17/2017,,4/17/2017,,,,,2.07%,$             111.45,2.31,,,,,,,,4.17%,,,10.7,,-6.85%,,,,,,,,,,,,
,,,,,,,,,,,,,,,,,,2016,6/27/2016,$                                                     109.29,,,4/24/2017,,4/24/2017,,,,,2.11%,$           109.29,2.31,,,,,,,,4.25%,,,10.7,,-8.66%,,,,,,,,,,,,
,,,,,,,,,,,,,,,,,,2016,6/28/2016,$                                                      110.56,,,5/1/2017,,5/1/2017,,,,,2.09%,$            110.56,2.31,,,,,,,,4.21%,,,10.7,,-7.60%,,,,,,,,,,,,
,,,,,,,,,,,,,,,,,,2016,6/29/2016,$                                                       111.76,,,5/8/2017,,5/8/2017,,,,,,$             111.76,,,,,,,,,4.16%,,,10.7,,-6.59%,,,,,,,,,,,,
,,,,,,,,,,,,,,,,,,2016,6/30/2016,$                                                      113.29,,,5/15/2017,,5/15/2017,,,,,2.04%,$            113.29,2.31,,,,,,,,4.10%,,,10.7,,-5.32%,,,,,,,,,,,,
,,,,,,,,,,,,,,,,,,2016,7/1/2016,$                                                      113.52,,,5/22/2017,,5/22/2017,,,,,2.03%,$            113.52,2.31,,,,,,,,4.10%,,,10.7,,-5.12%,,,,,,,,,,,,
,,,,,,,,,,,,,,,,,,2016,7/5/2016,$                                                       113.10,,,5/30/2017,,5/30/2017,,,,,2.04%,$             113.10,2.31,,,,,,,,4.11%,,,10.7,,-5.47%,,,,,,,,,,,,
,,,,,,,,,,,,,,,,,,2016,7/6/2016,$                                                      113.52,,,6/5/2017,,6/5/2017,,,,,2.03%,$            113.52,2.31,,,,,,,,4.10%,,,10.7,,-5.12%,,,,,,,,,,,,
,,,,,,,,,,,,,,,,,,2016,7/7/2016,$                                                      112.70,,,6/12/2017,,6/12/2017,,,,,2.05%,$            112.70,2.31,,,,,,,,4.13%,,,10.7,,-5.81%,,,,,,,,,,,,
,,,,,,,,,,,,,,,,,,2016,7/8/2016,$                                                        115.11,,,6/19/2017,,6/19/2017,,,,,2.01%,$              115.11,2.31,,,,,,,,4.04%,,,10.7,,-3.79%,,,,,,,,,,,,
,,,,,,,,,,,,,,,,,,2016,7/11/2016,$                                                      115.46,,,6/26/2017,,6/26/2017,,,,,2.00%,$            115.46,2.31,,,,,,,,4.03%,,,10.7,,-3.50%,,,,,,,,,,,,
,,,,,,,,,,,,,,,,,,2016,7/12/2016,$                                                      116.50,,,7/3/2017,,7/3/2017,,,,,1.98%,$            116.50,2.31,,,,,,,,3.99%,,,10.7,,-2.63%,,,,,,,,,,,,
,,,,,,,,,,,,,,,,,,2016,7/13/2016,$                                                      116.83,,,7/10/2017,,7/10/2017,,,,,1.98%,$            116.83,2.31,,,,,,,,3.98%,,,10.7,,-2.36%,,,,,,,,,,,,
,,,,,,,,,,,,,,,,,,2016,7/14/2016,$                                                      116.77,,,7/17/2017,,7/17/2017,,,,,1.98%,$            116.77,2.31,,,,,,,,3.98%,,,10.7,,-2.41%,,,,,,,,,,,,
,,,,,,,,,,,,,,,,,,2016,7/15/2016,$                                                      115.09,,,7/24/2017,,7/24/2017,,,,,2.01%,$            115.09,2.31,,,,,,,,4.04%,,,10.7,,-3.81%,,,,,,,,,,,,
,,,,,,,,,,,,,,,,,,2016,7/18/2016,$                                                       114.14,,,7/31/2017,,7/31/2017,,,,,2.02%,$             114.14,2.31,,,,,,,,4.07%,,,10.7,,-4.61%,,,,,,,,,,,,
,,,,,,,,,,,,,,,,,,2016,7/19/2016,$                                                      113.37,,,8/7/2017,,8/7/2017,,,,,2.04%,$            113.37,2.31,,,,,,,,4.10%,,,10.7,,-5.25%,,,,,,,,,,,,
,,,,,,,,,,,,,,,,,,2016,7/20/2016,$                                                      115.45,,,8/14/2017,,8/14/2017,,,,,2.00%,$            115.45,2.31,,,,,,,,4.03%,,,10.7,,-3.51%,,,,,,,,,,,,
,,,,,,,,,,,,,,,,,,2016,7/21/2016,$                                                      112.36,,,8/21/2017,,8/21/2017,,,,,2.06%,$            112.36,2.31,,,,,,,,4.14%,,,10.7,,-6.09%,,,,,,,,,,,,
,,,,,,,,,,,,,,,,,,2016,7/22/2016,$                                                      112.86,,,8/28/2017,,8/28/2017,,,,,2.05%,$            112.86,2.31,,,,,,,,4.12%,,,10.7,,-5.67%,,,,,,,,,,,,
,,,,,,,,,,,,,,,,,,2016,7/25/2016,$                                                      113.07,,,9/5/2017,,9/5/2017,,,,,2.04%,$            113.07,2.31,,,,,,,,4.11%,,,10.7,,-5.50%,,,,,,,,,,,,
,,,,,,,,,,,,,,,,,,2016,7/26/2016,$                                                      114.26,,,9/11/2017,,9/11/2017,,,,,2.02%,$            114.26,2.31,,,,,,,,4.07%,,,10.7,,-4.50%,,,,,,,,,,,,
,,,,,,,,,,,,,,,,,,2016,7/27/2016,$                                                       113.71,,,9/18/2017,,9/18/2017,,,,,2.03%,$             113.71,2.31,,,,,,,,4.09%,,,10.7,,-4.96%,,,,,,,,,,,,
,,,,,,,,,,,,,,,,,,2016,7/28/2016,$                                                      112.08,,,9/25/2017,,9/25/2017,,,,,2.06%,$            112.08,2.31,,,,,,,,4.15%,,,10.7,,-6.33%,,,,,,,,,,,,
,,,,,,,,,,,,,,,,,,2016,7/29/2016,$                                                       112.81,,,10/2/2017,,10/2/2017,,,,,2.05%,$             112.81,2.31,,,,,,,,4.12%,,,10.7,,-5.72%,,,,,,,,,,,,
,,,,,,,,,,,,,,,,,,2016,8/1/2016,$                                                      112.88,,,10/9/2017,,10/9/2017,,,,,2.05%,$            112.88,2.31,,,,,,,,4.12%,,,10.7,,-5.66%,,,,,,,,,,,,
,,,,,,,,,,,,,,,,,,2016,8/2/2016,$                                                      112.83,,,10/16/2017,,10/16/2017,,,,,2.05%,$            112.83,2.31,,,,,,,,4.12%,,,10.7,,-5.70%,,,,,,,,,,,,
,,,,,,,,,,,,,,,,,,2016,8/3/2016,$                                                       113.61,,,10/23/2017,,10/23/2017,,,,,2.03%,$             113.61,2.31,,,,,,,,4.09%,,,10.7,,-5.05%,,,,,,,,,,,,
,,,,,,,,,,,,,,,,,,2016,8/4/2016,$                                                       113.71,,,10/30/2017,,10/30/2017,,,,,2.03%,$             113.71,2.31,,,,,,,,4.09%,,,10.7,,-4.96%,,,,,,,,,,,,
,,,,,,,,,,,,,,,,,,2016,8/5/2016,$                                                      114.60,,,11/6/2017,,11/6/2017,,,,,2.02%,$            114.60,2.31,,,,,,,,4.06%,,,10.7,,-4.22%,,,,,,,,,,,,
,,,,,,,,,,,,,,,,,,2016,8/8/2016,$                                                      113.68,,,11/13/2017,,11/13/2017,,,,,2.03%,$            113.68,2.31,,,,,,,,4.09%,,,10.7,,-4.99%,,,,,,,,,,,,
,,,,,,,,,,,,,,,,,,2016,8/9/2016,$                                                      112.88,,,11/20/2017,,11/20/2017,,,,,2.05%,$            112.88,2.31,,,,,,,,4.12%,,,10.7,,-5.66%,,,,,,,,,,,,
,,,,,,,,,,,,,,,,,,2016,8/10/2016,$                                                      113.22,,,11/27/2017,,11/27/2017,,,,,2.04%,$            113.22,2.31,,,,,,,,4.11%,,,10.7,,-5.37%,,,,,,,,,,,,
,,,,,,,,,,,,,,,,,,2016,8/11/2016,$                                                      113.39,,,12/4/2017,,12/4/2017,,,,,2.04%,$            113.39,2.31,,,,,,,,4.10%,,,10.7,,-5.23%,,,,,,,,,,,,
,,,,,,,,,,,,,,,,,,2016,8/12/2016,$                                                      113.03,,,12/11/2017,,12/11/2017,,,,,2.04%,$            113.03,2.31,,,,,,,,4.11%,,,10.7,,-5.53%,,,,,,,,,,,,
,,,,,,,,,,,,,,,,,,2016,8/15/2016,$                                                      113.60,,,12/18/2017,,12/18/2017,,,,,2.03%,$            113.60,2.31,,,,,,,,4.09%,,,10.7,,-5.06%,,,,,,,,,,,,
,,,,,,,,,,,,,,,,,,2016,8/16/2016,$                                                      112.98,,,12/26/2017,,12/26/2017,,,,,2.04%,$            112.98,2.31,,,,,,,,4.12%,,,10.7,,-5.57%,,,,,,,,,,,,
,,,,,,,,,,,,,,,,,,2016,8/17/2016,$                                                      112.93,,,1/2/2018,,1/2/2018,,,,,2.05%,$            112.93,2.31,,,,,,,,4.12%,,,10.7,,-5.62%,,,,,,,,,,,,
,,,,,,,,,,,,,,,,,,2016,8/18/2016,$                                                      112.35,,,1/8/2018,,1/8/2018,,,,,2.06%,$            112.35,2.31,,,,,,,,4.14%,,,10.7,,-6.10%,,,,,,,,,,,,
,,,,,,,,,,,,,,,,,,2016,8/19/2016,$                                                      113.05,,,1/16/2018,,1/16/2018,,,,,2.04%,$            113.05,2.31,,,,,,,,4.11%,,,10.7,,-5.52%,,,,,,,,,,,,
,,,,,,,,,,,,,,,,,,2016,8/22/2016,$                                                      113.76,,,1/22/2018,,1/22/2018,,,,,2.03%,$            113.76,2.31,,,,,,,,4.09%,,,10.7,,-4.92%,,,,,,,,,,,,
,,,,,,,,,,,,,,,,,,2016,8/23/2016,$                                                      115.48,,,1/29/2018,,1/29/2018,,,,,2.00%,$            115.48,2.31,,,,,,,,4.03%,,,10.7,,-3.49%,,,,,,,,,,,,
,,,,,,,,,,,,,,,,,,2016,8/24/2016,$                                                      114.57,,,2/5/2018,,2/5/2018,,,,,2.02%,$            114.57,2.31,,,,,,,,4.06%,,,10.7,,-4.25%,,,,,,,,,,,,
,,,,,,,,,,,,,,,,,,2016,8/25/2016,$                                                      115.04,,,2/12/2018,,2/12/2018,,,,,2.01%,$            115.04,2.31,,,,,,,,4.04%,,,10.7,,-3.85%,,,,,,,,,,,,
,,,,,,,,,,,,,,,,,,2016,8/26/2016,$                                                      115.20,,,2/20/2018,,2/20/2018,,,,,2.01%,$            115.20,2.31,,,,,,,,4.04%,,,10.7,,-3.72%,,,,,,,,,,,,
,,,,,,,,,,,,,,,,,,2016,8/29/2016,$                                                      114.85,,,2/26/2018,,2/26/2018,,,,,2.01%,$            114.85,2.31,,,,,,,,4.05%,,,10.7,,-4.01%,,,,,,,,,,,,
,,,,,,,,,,,,,,,,,,2016,8/30/2016,$                                                      115.35,,,3/5/2018,,3/5/2018,,,,,2.00%,$            115.35,2.31,,,,,,,,4.03%,,,10.7,,-3.59%,,,,,,,,,,,,
,,,,,,,,,,,,,,,,,,2016,8/31/2016,$                                                      115.00,,,3/12/2018,,3/12/2018,,,,,2.01%,$            115.00,2.31,,,,,,,,4.04%,,,10.7,,-3.89%,,,,,,,,,,,,
,,,,,,,,,,,,,,,,,,2016,9/1/2016,$                                                      115.06,,,3/19/2018,,3/19/2018,,,,,2.01%,$            115.06,2.31,,,,,,,,4.04%,,,10.7,,-3.84%,,,,,,,,,,,,
,,,,,,,,,,,,,,,,,,2016,9/2/2016,$                                                      115.66,,,3/26/2018,,3/26/2018,,,,,2.00%,$            115.66,2.31,,,,,,,,4.02%,,,10.7,,-3.33%,,,,,,,,,,,,
,,,,,,,,,,,,,,,,,,2016,9/6/2016,$                                                      115.36,,,4/2/2018,,4/2/2018,,,,,2.00%,$            115.36,2.31,,,,,,,,4.03%,,,10.7,,-3.59%,,,,,,,,,,,,
,,,,,,,,,,,,,,,,,,2016,9/7/2016,$                                                       115.12,,,4/9/2018,,4/9/2018,,,,,2.01%,$             115.12,2.31,,,,,,,,4.04%,,,10.7,,-3.79%,,,,,,,,,,,,
,,,,,,,,,,,,,,,,,,2016,9/8/2016,$                                                      112.30,,,4/16/2018,,4/16/2018,,,,,2.06%,$            112.30,2.31,,,,,,,,4.14%,,,10.7,,-6.14%,,,,,,,,,,,,
,,,,,,,,,,,,,,,,,,2016,9/9/2016,$                                                      110.39,,,4/23/2018,,4/23/2018,,,,,2.09%,$            110.39,2.31,,,,,,,,4.21%,,,10.7,,-7.74%,,,,,,,,,,,,
,,,,,,,,,,,,,,,,,,2016,9/12/2016,$                                                      112.76,,,4/30/2018,,4/30/2018,,,,,2.05%,$            112.76,2.31,,,,,,,,4.12%,,,10.7,,-5.76%,,,,,,,,,,,,
,,,,,,,,,,,,,,,,,,2016,9/13/2016,$                                                      110.53,,,5/7/2018,,5/7/2018,,,,,2.09%,$            110.53,2.31,,,,,,,,4.21%,,,10.7,,-7.62%,,,,,,,,,,,,
,,,,,,,,,,,,,,,,,,2016,9/14/2016,$                                                     109.80,,,5/14/2018,,5/14/2018,,,,,2.10%,$           109.80,2.31,,,,,,,,4.23%,,,10.7,,-8.23%,,,,,,,,,,,,
,,,,,,,,,,,,,,,,,,2016,9/15/2016,$                                                      110.72,,,5/21/2018,,5/21/2018,,,,,2.09%,$            110.72,2.31,,,,,,,,4.20%,,,10.7,,-7.46%,,,,,,,,,,,,
,,,,,,,,,,,,,,,,,,2016,9/16/2016,$                                                     109.88,,,5/29/2018,,5/29/2018,,,,,2.10%,$           109.88,2.31,,,,,,,,4.23%,,,10.7,,-8.17%,,,,,,,,,,,,
,,,,,,,,,,,,,,,,,,2016,9/19/2016,$                                                      110.50,,,6/4/2018,,6/4/2018,,,,,2.09%,$            110.50,2.31,,,,,,,,4.21%,,,10.7,,-7.65%,,,,,,,,,,,,
,,,,,,,,,,,,,,,,,,2016,9/20/2016,$                                                      110.70,,,6/11/2018,,6/11/2018,,,,,2.09%,$            110.70,2.31,,,,,,,,4.20%,,,10.7,,-7.48%,,,,,,,,,,,,
,,,,,,,,,,,,,,,,,,2016,9/21/2016,$                                                       111.70,,,6/18/2018,,6/18/2018,,,,,2.07%,$             111.70,2.31,,,,,,,,4.16%,,,10.7,,-6.64%,,,,,,,,,,,,
,,,,,,,,,,,,,,,,,,2016,9/22/2016,$                                                      113.66,,,6/25/2018,,6/25/2018,,,,,2.03%,$            113.66,2.31,,,,,,,,4.09%,,,10.7,,-5.01%,,,,,,,,,,,,
,,,,,,,,,,,,,,,,,,2016,9/23/2016,$                                                      113.09,,,7/2/2018,,7/2/2018,,,,,2.04%,$            113.09,2.31,,,,,,,,4.11%,,,10.7,,-5.48%,,,,,,,,,,,,
,,,,,,,,,,,,,,,,,,2016,9/26/2016,$                                                      113.73,,,7/9/2018,,7/9/2018,,,,,2.03%,$            113.73,2.31,,,,,,,,4.09%,,,10.7,,-4.95%,,,,,,,,,,,,
,,,,,,,,,,,,,,,,,,2016,9/27/2016,$                                                       116.13,,,7/16/2018,,7/16/2018,,,,,1.99%,$             116.13,2.31,,,,,,,,4.00%,,,10.7,,-2.94%,,,,,,,,,,,,
,,,,,,,,,,,,,,,,,,2016,9/28/2016,$                                                      116.65,,,7/23/2018,,7/23/2018,,,,,1.98%,$            116.65,2.31,,,,,,,,3.99%,,,10.7,,-2.51%,,,,,,,,,,,,
,,,,,,,,,,,,,,,,,,2016,9/29/2016,$                                                      121.64,,,7/30/2018,,7/30/2018,,,,,1.90%,$            121.64,2.31,,,,,,,,3.82%,,,10.7,,0.00%,,,,,,,,,,,,
,,,,,,,,,,,,,,,,,,2016,9/30/2016,$                                                      122.17,,,8/6/2018,,8/6/2018,,,,,1.89%,$            122.17,2.31,,,,,,,,3.81%,,,10.7,,0.00%,,,,,,,,,,,,
,,,,,,,,,,,,,,,,,,2016,10/3/2016,$                                                     120.86,,,8/13/2018,,8/13/2018,,,,,1.91%,$           120.86,2.31,,,,,,,,3.85%,,,10.7,,-1.07%,,,,,,,,,,,,
,,,,,,,,,,,,,,,,,,2016,10/4/2016,$                                                      118.24,,,8/20/2018,,8/20/2018,,,,,1.95%,$            118.24,2.31,,,,,,,,3.93%,,,10.7,,-3.22%,,,,,,,,,,,,
,,,,,,,,,,,,,,,,,,2016,10/5/2016,$                                                       118.21,,,8/27/2018,,8/27/2018,,,,,1.95%,$             118.21,2.31,,,,,,,,3.93%,,,10.7,,-3.24%,,,,,,,,,,,,
,,,,,,,,,,,,,,,,,,2016,10/6/2016,$                                                      118.52,,,9/4/2018,,9/4/2018,,,,,1.95%,$            118.52,2.31,,,,,,,,3.92%,,,10.7,,-2.99%,,,,,,,,,,,,
,,,,,,,,,,,,,,,,,,2016,10/7/2016,$                                                      116.00,,,9/10/2018,,9/10/2018,,,,,1.99%,$            116.00,2.31,,,,,,,,4.01%,,,10.7,,-5.05%,,,,,,,,,,,,
,,,,,,,,,,,,,,,,,,2016,10/10/2016,$                                                      117.46,,,9/17/2018,,9/17/2018,,,,,1.97%,$            117.46,2.31,,,,,,,,3.96%,,,10.7,,-3.86%,,,,,,,,,,,,
,,,,,,,,,,,,,,,,,,2016,10/11/2016,$                                                      116.97,,,9/24/2018,,9/24/2018,,,,,1.97%,$            116.97,2.31,,,,,,,,3.98%,,,10.7,,-4.26%,,,,,,,,,,,,
,,,,,,,,,,,,,,,,,,2016,10/12/2016,$                                                      117.62,,,10/1/2018,,10/1/2018,,,,,1.96%,$            117.62,2.31,,,,,,,,3.95%,,,10.7,,-3.72%,,,,,,,,,,,,
,,,,,,,,,,,,,,,,,,2016,10/13/2016,$                                                        118.11,,,10/8/2018,,10/8/2018,,,,,1.96%,$              118.11,2.31,,,,,,,,3.94%,,,10.7,,-3.32%,,,,,,,,,,,,
,,,,,,,,,,,,,,,,,,2016,10/14/2016,$                                                      118.25,,,10/15/2018,,10/15/2018,,,,,1.95%,$            118.25,2.31,,,,,,,,3.93%,,,10.7,,-3.21%,,,,,,,,,,,,
,,,,,,,,,,,,,,,,,,2016,10/17/2016,$                                                      116.85,,,10/22/2018,,10/22/2018,,,,,1.98%,$            116.85,2.31,,,,,,,,3.98%,,,10.7,,-4.35%,,,,,,,,,,,,
,,,,,,,,,,,,,,,,,,2016,10/18/2016,$                                                      117.53,,,10/29/2018,,10/29/2018,,,,,1.97%,$            117.53,2.31,,,,,,,,3.96%,,,10.7,,-3.80%,,,,,,,,,,,,
,,,,,,,,,,,,,,,,,,2016,10/19/2016,$                                                      116.82,,,11/5/2018,,11/5/2018,,,,,1.98%,$            116.82,2.31,,,,,,,,3.98%,,,10.7,,-4.38%,,,,,,,,,,,,
,,,,,,,,,,,,,,,,,,2016,10/20/2016,$                                                      116.05,,,11/12/2018,,11/12/2018,,,,,1.99%,$            116.05,2.31,,,,,,,,4.01%,,,10.7,,-5.01%,,,,,,,,,,,,
,,,,,,,,,,,,,,,,,,2016,10/21/2016,$                                                      115.59,,,11/19/2018,,11/19/2018,,,,,2.00%,$            115.59,2.31,,,,,,,,4.02%,,,10.7,,-5.39%,,,,,,,,,,,,
,,,,,,,,,,,,,,,,,,2016,10/24/2016,$                                                      115.80,,,11/26/2018,,11/26/2018,,,,,1.99%,$            115.80,2.31,,,,,,,,4.02%,,,10.7,,-5.21%,,,,,,,,,,,,
,,,,,,,,,,,,,,,,,,2016,10/25/2016,$                                                      115.27,,,12/3/2018,,12/3/2018,,,,,2.00%,$            115.27,2.31,,,,,,,,4.03%,,,10.7,,-5.65%,,,,,,,,,,,,
,,,,,,,,,,,,,,,,,,2016,10/26/2016,$                                                      115.45,,,12/10/2018,,12/10/2018,,,,,2.00%,$            115.45,2.31,,,,,,,,4.03%,,,10.7,,-5.50%,,,,,,,,,,,,
,,,,,,,,,,,,,,,,,,2016,10/27/2016,$                                                      115.46,,,12/17/2018,,12/17/2018,,,,,2.00%,$            115.46,2.31,,,,,,,,4.03%,,,10.7,,-5.49%,,,,,,,,,,,,
,,,,,,,,,,,,,,,,,,2016,10/28/2016,$                                                      115.67,,,12/24/2018,,12/24/2018,,,,,2.00%,$            115.67,2.31,,,,,,,,4.02%,,,10.7,,-5.32%,,,,,,,,,,,,
,,,,,,,,,,,,,,,,,,2016,10/31/2016,$                                                      116.24,,,12/31/2018,,12/31/2018,,,,,1.99%,$            116.24,2.31,,,,,,,,4.00%,,,10.7,,-4.85%,,,,,,,,,,,,
,,,,,,,,,,,,,,,,,,2016,11/1/2016,$                                                       116.14,,,1/7/2019,,1/7/2019,,,,,1.99%,$             116.14,2.31,,,,,,,,4.00%,,,10.7,,-4.94%,,,,,,,,,,,,
,,,,,,,,,,,,,,,,,,2016,11/2/2016,$                                                       118.61,,,1/14/2019,,1/14/2019,,,,,1.95%,$             118.61,2.31,,,,,,,,3.92%,,,10.7,,-2.91%,,,,,,,,,,,,
,,,,,,,,,,,,,,,,,,2016,11/3/2016,$                                                      116.95,,,1/22/2019,,1/22/2019,,,,,1.98%,$            116.95,2.31,,,,,,,,3.98%,,,10.7,,-4.27%,,,,,,,,,,,,
,,,,,,,,,,,,,,,,,,2016,11/4/2016,$                                                      117.23,,,1/28/2019,,1/28/2019,,,,,1.97%,$            117.23,2.31,,,,,,,,3.97%,,,10.7,,-4.04%,,,,,,,,,,,,
,,,,,,,,,,,,,,,,,,2016,11/7/2016,$                                                      119.97,,,2/4/2019,,2/4/2019,,,,,1.93%,$            119.97,2.31,,,,,,,,3.88%,,,10.7,,-1.80%,,,,,,,,,,,,
,,,,,,,,,,,,,,,,,,2016,11/8/2016,$                                                       119.81,,,2/11/2019,,2/11/2019,,,,,1.93%,$             119.81,2.31,,,,,,,,3.88%,,,10.7,,-1.93%,,,,,,,,,,,,
,,,,,,,,,,,,,,,,,,2016,11/9/2016,$                                                       117.21,,,2/19/2019,,2/19/2019,,,,,1.97%,$             117.21,2.31,,,,,,,,3.97%,,,10.7,,-4.06%,,,,,,,,,,,,
,,,,,,,,,,,,,,,,,,2016,11/10/2016,$                                                     120.33,,,2/25/2019,,2/25/2019,,,,,1.92%,$           120.33,2.31,,,,,,,,3.86%,,,10.7,,-1.51%,,,,,,,,,,,,
,,,,,,,,,,,,,,,,,,2016,11/11/2016,$                                                       119.18,,,3/4/2019,,3/4/2019,,,,,1.94%,$             119.18,2.31,,,,,,,,3.90%,,,10.7,,-2.45%,,,,,,,,,,,,
,,,,,,,,,,,,,,,,,,2016,11/14/2016,$                                                      117.25,,,3/11/2019,,3/11/2019,,,,,1.97%,$            117.25,2.31,,,,,,,,3.97%,,,10.7,,-4.03%,,,,,,,,,,,,
,,,,,,,,,,,,,,,,,,2016,11/15/2016,$                                                      115.99,,,3/18/2019,,3/18/2019,,,,,1.99%,$            115.99,2.31,,,,,,,,4.01%,,,10.7,,-5.06%,,,,,,,,,,,,
,,,,,,,,,,,,,,,,,,2016,11/16/2016,$                                                      117.32,,,3/25/2019,,3/25/2019,,,,,1.97%,$            117.32,2.31,,,,,,,,3.96%,,,10.7,,-3.97%,,,,,,,,,,,,
,,,,,,,,,,,,,,,,,,2016,11/17/2016,$                                                      118.37,,,4/1/2019,,4/1/2019,,,,,1.95%,$            118.37,2.31,,,,,,,,3.93%,,,10.7,,-3.11%,,,,,,,,,,,,
,,,,,,,,,,,,,,,,,,2016,11/18/2016,$                                                      118.43,,,4/8/2019,,4/8/2019,,,,,,$            118.43,,,,,,,,,3.93%,,,10.7,,-3.06%,,,,,,,,,,,,
,,,,,,,,,,,,,,,,,,2016,11/21/2016,$                                                      119.68,,,4/15/2019,,4/15/2019,,,,,1.93%,$            119.68,2.31,,,,,,,,3.89%,,,10.7,,-2.04%,,,,,,,,,,,,
,,,,,,,,,,,,,,,,,,2016,11/22/2016,$                                                      119.48,,,4/22/2019,,4/22/2019,,,,,1.93%,$            119.48,2.31,,,,,,,,3.89%,,,10.7,,-2.20%,,,,,,,,,,,,
,,,,,,,,,,,,,,,,,,2016,11/23/2016,$                                                      119.82,,,4/29/2019,,4/29/2019,,,,,1.93%,$            119.82,2.31,,,,,,,,3.88%,,,10.7,,-1.92%,,,,,,,,,,,,
,,,,,,,,,,,,,,,,,,2016,11/25/2016,$                                                     120.74,,,5/6/2019,,5/6/2019,,,,,1.91%,$           120.74,2.31,,,,,,,,3.85%,,,10.7,,-1.17%,,,,,,,,,,,,
,,,,,,,,,,,,,,,,,,2016,11/28/2016,$                                                     120.76,,,5/13/2019,,5/13/2019,,,,,1.91%,$           120.76,2.31,,,,,,,,3.85%,,,10.7,,-1.15%,,,,,,,,,,,,
,,,,,,,,,,,,,,,,,,2016,11/29/2016,$                                                     120.94,,,5/20/2019,,5/20/2019,,,,,1.91%,$           120.94,2.31,,,,,,,,3.84%,,,10.7,,-1.01%,,,,,,,,,,,,
,,,,,,,,,,,,,,,,,,2016,11/30/2016,$                                                      119.43,,,5/28/2019,,5/28/2019,,,,,1.93%,$            119.43,2.31,,,,,,,,3.89%,,,10.7,,-2.24%,,,,,,,,,,,,
,,,,,,,,,,,,,,,,,,2016,12/1/2016,$                                                      117.66,,,6/3/2019,,6/3/2019,,,,,1.96%,$            117.66,2.31,,,,,,,,3.95%,,,10.7,,-3.69%,,,,,,,,,,,,
,,,,,,,,,,,,,,,,,,2016,12/2/2016,$                                                      117.29,,,6/10/2019,,6/10/2019,,,,,1.97%,$            117.29,2.31,,,,,,,,3.96%,,,10.7,,-3.99%,,,,,,,,,,,,
,,,,,,,,,,,,,,,,,,2016,12/5/2016,$                                                      117.72,,,6/17/2019,,6/17/2019,,,,,1.96%,$            117.72,2.31,,,,,,,,3.95%,,,10.7,,-3.64%,,,,,,,,,,,,
,,,,,,,,,,,,,,,,,,2016,12/6/2016,$                                                       118.41,,,6/24/2019,,6/24/2019,,,,,1.95%,$             118.41,2.31,,,,,,,,3.93%,,,10.7,,-3.08%,,,,,,,,,,,,
,,,,,,,,,,,,,,,,,,2016,12/7/2016,$                                                      121.57,,,7/1/2019,,7/1/2019,,,,,1.90%,$            121.57,2.31,,,,,,,,3.82%,,,10.7,,-0.49%,,,,,,,,,,,,
,,,,,,,,,,,,,,,,,,2016,12/8/2016,$                                                      121.74,,,7/8/2019,,7/8/2019,,,,,1.90%,$            121.74,2.31,,,,,,,,3.82%,,,10.7,,-0.35%,,,,,,,,,,,,
,,,,,,,,,,,,,,,,,,2016,12/9/2016,$                                                      123.31,,,7/15/2019,,7/15/2019,,,,,1.87%,$            123.31,2.31,,,,,,,,3.77%,,,10.7,,0.00%,,,,,,,,,,,,
,,,,,,,,,,,,,,,,,,2016,12/12/2016,$                                                      123.61,,,7/22/2019,,7/22/2019,,,,,1.87%,$            123.61,2.31,,,,,,,,3.76%,,,10.7,,0.00%,,,,,,,,,,,,
,,,,,,,,,,,,,,,,,,2016,12/13/2016,$                                                     125.40,,,7/29/2019,,7/29/2019,,,,,1.84%,$           125.40,2.31,,,,,,,,3.71%,,,10.7,,0.00%,,,,,,,,,,,,
,,,,,,,,,,,,,,,,,,2016,12/14/2016,$                                                     123.65,,,8/5/2019,,8/5/2019,,,,,1.87%,$           123.65,2.31,,,,,,,,3.76%,,,10.7,,-1.40%,,,,,,,,,,,,
,,,,,,,,,,,,,,,,,,2016,12/15/2016,$                                                     124.55,,,8/12/2019,,8/12/2019,,,,,1.85%,$           124.55,2.31,,,,,,,,3.73%,,,10.7,,-0.68%,,,,,,,,,,,,
,,,,,,,,,,,,,,,,,,2016,12/16/2016,$                                                     123.00,,,8/19/2019,,8/19/2019,,,,,1.88%,$           123.00,2.31,,,,,,,,3.78%,,,10.7,,-1.91%,,,,,,,,,,,,
,,,,,,,,,,,,,,,,,,2016,12/19/2016,$                                                     123.65,,,8/26/2019,,8/26/2019,,,,,1.87%,$           123.65,2.31,,,,,,,,3.76%,,,10.7,,-1.40%,,,,,,,,,,,,
,,,,,,,,,,,,,,,,,,2016,12/20/2016,$                                                      124.10,,,9/3/2019,,9/3/2019,,,,,1.86%,$            124.10,2.31,,,,,,,,3.75%,,,10.7,,-1.04%,,,,,,,,,,,,
,,,,,,,,,,,,,,,,,,2016,12/21/2016,$                                                      117.90,,,9/9/2019,,9/9/2019,,,,,1.96%,$            117.90,2.31,,,,,,,,3.94%,,,10.7,,-5.98%,,,,,,,,,,,,
,,,,,,,,,,,,,,,,,,2016,12/22/2016,$                                                      117.79,,,9/16/2019,,9/16/2019,,,,,1.96%,$            117.79,2.31,,,,,,,,3.95%,,,10.7,,-6.07%,,,,,,,,,,,,
,,,,,,,,,,,,,,,,,,2016,12/23/2016,$                                                      117.48,,,9/23/2019,,9/23/2019,,,,,1.97%,$            117.48,2.31,,,,,,,,3.96%,,,10.7,,-6.32%,,,,,,,,,,,,
,,,,,,,,,,,,,,,,,,2016,12/27/2016,$                                                      117.55,,,9/30/2019,,9/30/2019,,,,,1.97%,$            117.55,2.31,,,,,,,,3.96%,,,10.7,,-6.26%,,,,,,,,,,,,
,,,,,,,,,,,,,,,,,,2016,12/28/2016,$                                                       116.61,,,10/7/2019,,10/7/2019,,,,,1.98%,$             116.61,2.31,,,,,,,,3.99%,,,10.7,,-7.01%,,,,,,,,,,,,
,,,,,,,,,,,,,,,,,,2016,12/29/2016,$                                                       117.01,,,10/14/2019,,10/14/2019,,,,,1.97%,$             117.01,2.31,,,,,,,,3.97%,,,10.7,,-6.69%,,,,,,,,,,,,
,,,,,,,,,,,,,,,,,,2016,12/30/2016,$                                                       117.13,,,10/21/2019,,10/21/2019,,,,,1.97%,$             117.13,2.31,,,,,,,,3.97%,,,10.7,,-6.59%,,,,,,,,,,,,
,,,,,,,,,,,,,,,,,,2017,1/3/2017,$                                                      116.46,,,10/28/2019,,10/28/2019,,,,,2.18%,$            116.46,2.54,,,,,,,,3.99%,,,8.39,,-7.13%,,,,,,,,,,,,
,,,,,,,,,,,,,,,,,,2017,1/4/2017,$                                                      116.74,,,11/4/2019,,11/4/2019,,,,,2.18%,$            116.74,2.54,,,,,,,,3.98%,,,8.39,,-6.91%,,,,,,,,,,,,
,,,,,,,,,,,,,,,,,,2017,1/5/2017,$                                                      114.99,,,11/11/2019,,11/11/2019,,,,,2.21%,$            114.99,2.54,,,,,,,,4.04%,,,8.39,,-8.30%,,,,,,,,,,,,
,,,,,,,,,,,,,,,,,,2017,1/6/2017,$                                                      116.30,,,11/18/2019,,11/18/2019,,,,,2.18%,$            116.30,2.54,,,,,,,,4.00%,,,8.39,,-7.26%,,,,,,,,,,,,
,,,,,,,,,,,,,,,,,,2017,1/9/2017,$                                                      115.00,,,11/25/2019,,11/25/2019,,,,,2.21%,$            115.00,2.54,,,,,,,,4.04%,,,8.39,,-8.29%,,,,,,,,,,,,
,,,,,,,,,,,,,,,,,,2017,1/10/2017,$                                                      115.06,,,12/2/2019,,12/2/2019,,,,,2.21%,$            115.06,2.54,,,,,,,,4.04%,,,8.39,,-8.25%,,,,,,,,,,,,
,,,,,,,,,,,,,,,,,,2017,1/11/2017,$                                                       116.12,,,12/9/2019,,12/9/2019,,,,,2.19%,$             116.12,2.54,,,,,,,,4.00%,,,8.39,,-7.40%,,,,,,,,,,,,
,,,,,,,,,,,,,,,,,,2017,1/12/2017,$                                                      115.78,,,12/16/2019,,12/16/2019,,,,,2.19%,$            115.78,2.54,,,,,,,,4.02%,,,8.39,,-7.67%,,,,,,,,,,,,
,,,,,,,,,,,,,,,,,,2017,1/13/2017,$                                                      116.95,,,12/23/2019,,12/23/2019,,,,,2.17%,$            116.95,2.54,,,,,,,,3.98%,,,8.39,,-6.74%,,,,,,,,,,,,
,,,,,,,,,,,,,,,,,,2017,1/17/2017,$                                                      116.03,,,12/30/2019,,12/30/2019,,,,,2.19%,$            116.03,2.54,,,,,,,,4.01%,,,8.39,,-7.47%,,,,,,,,,,,,
,,,,,,,,,,,,,,,,,,2017,1/18/2017,$                                                      115.95,,,1/6/2020,,1/6/2020,,,,,2.19%,$            115.95,2.54,,,,,,,,4.01%,,,8.39,,-7.54%,,,,,,,,,,,,
,,,,,,,,,,,,,,,,,,2017,1/19/2017,$                                                      115.50,,,1/13/2020,,1/13/2020,,,,,2.20%,$            115.50,2.54,,,,,,,,4.03%,,,8.39,,-7.89%,,,,,,,,,,,,
,,,,,,,,,,,,,,,,,,2017,1/20/2017,$                                                      115.07,,,1/21/2020,,1/21/2020,,,,,2.21%,$            115.07,2.54,,,,,,,,4.04%,,,8.39,,-8.24%,,,,,,,,,,,,
,,,,,,,,,,,,,,,,,,2017,1/23/2017,$                                                      114.82,,,1/27/2020,,1/27/2020,,,,,2.21%,$            114.82,2.54,,,,,,,,4.05%,,,8.39,,-8.44%,,,,,,,,,,,,
,,,,,,,,,,,,,,,,,,2017,1/24/2017,$                                                      116.48,,,2/3/2020,,2/3/2020,,,,,2.18%,$            116.48,2.54,,,,,,,,3.99%,,,8.39,,-7.11%,,,,,,,,,,,,
,,,,,,,,,,,,,,,,,,2017,1/25/2017,$                                                      117.57,,,2/10/2020,,2/10/2020,,,,,2.16%,$            117.57,2.54,,,,,,,,3.96%,,,8.39,,-6.24%,,,,,,,,,,,,
,,,,,,,,,,,,,,,,,,2017,1/26/2017,$                                                      115.93,,,2/18/2020,,2/18/2020,,,,,2.19%,$            115.93,2.54,,,,,,,,4.01%,,,8.39,,-7.55%,,,,,,,,,,,,
,,,,,,,,,,,,,,,,,,2017,1/27/2017,$                                                      115.35,,,2/24/2020,,2/24/2020,,,,,2.20%,$            115.35,2.54,,,,,,,,4.03%,,,8.39,,-8.01%,,,,,,,,,,,,
,,,,,,,,,,,,,,,,,,2017,1/30/2017,$                                                      114.63,,,3/2/2020,,3/2/2020,,,,,2.22%,$            114.63,2.54,,,,,,,,4.06%,,,8.39,,-8.59%,,,,,,,,,,,,
,,,,,,,,,,,,,,,,,,2017,1/31/2017,$                                                      113.87,,,3/9/2020,,3/9/2020,,,,,2.23%,$            113.87,2.54,,,,,,,,4.08%,,,8.39,,-9.19%,,,,,,,,,,,,
,,,,,,,,,,,,,,,,,,2017,2/1/2017,$                                                       113.21,,,3/16/2020,,3/16/2020,,,,,2.24%,$             113.21,2.54,,,,,,,,4.11%,,,8.39,,-9.72%,,,,,,,,,,,,
,,,,,,,,,,,,,,,,,,2017,2/2/2017,$                                                      113.64,,,3/23/2020,,3/23/2020,,,,,2.24%,$            113.64,2.54,,,,,,,,4.09%,,,8.39,,-9.38%,,,,,,,,,,,,
,,,,,,,,,,,,,,,,,,2017,2/3/2017,$                                                      114.49,,,3/30/2020,,3/30/2020,,,,,2.22%,$            114.49,2.54,,,,,,,,4.06%,,,8.39,,-8.70%,,,,,,,,,,,,
,,,,,,,,,,,,,,,,,,2017,2/6/2017,$                                                       114.18,,,4/6/2020,,4/6/2020,,,,,2.22%,$             114.18,2.54,,,,,,,,4.07%,,,8.39,,-8.95%,,,,,,,,,,,,
,,,,,,,,,,,,,,,,,,2017,2/7/2017,$                                                      115.92,,,4/13/2020,,4/13/2020,,,,,2.19%,$            115.92,2.54,,,,,,,,4.01%,,,8.39,,-7.56%,,,,,,,,,,,,
,,,,,,,,,,,,,,,,,,2017,2/8/2017,$                                                      115.43,,,4/20/2020,,4/20/2020,,,,,2.20%,$            115.43,2.54,,,,,,,,4.03%,,,8.39,,-7.95%,,,,,,,,,,,,
,,,,,,,,,,,,,,,,,,2017,2/9/2017,$                                                      116.98,,,4/27/2020,,4/27/2020,,,,,2.17%,$            116.98,2.54,,,,,,,,3.98%,,,8.39,,-6.71%,,,,,,,,,,,,
,,,,,,,,,,,,,,,,,,2017,2/10/2017,$                                                      117.60,,,5/4/2020,,5/4/2020,,,,,2.16%,$            117.60,2.54,,,,,,,,3.95%,,,8.39,,-6.22%,,,,,,,,,,,,
,,,,,,,,,,,,,,,,,,2017,2/13/2017,$                                                      118.59,,,5/11/2020,,5/11/2020,,,,,2.14%,$            118.59,2.54,,,,,,,,3.92%,,,8.39,,-5.43%,,,,,,,,,,,,
,,,,,,,,,,,,,,,,,,2017,2/14/2017,$                                                     120.00,,,5/18/2020,,5/18/2020,,,,,2.12%,$           120.00,2.54,,,,,,,,3.88%,,,8.39,,-4.31%,,,,,,,,,,,,
,,,,,,,,,,,,,,,,,,2017,2/15/2017,$                                                      119.93,,,5/26/2020,,5/26/2020,,,,,2.12%,$            119.93,2.54,,,,,,,,3.88%,,,8.39,,-4.36%,,,,,,,,,,,,
,,,,,,,,,,,,,,,,,,2017,2/16/2017,$                                                     120.72,,,6/1/2020,,6/1/2020,,,,,2.10%,$           120.72,2.54,,,,,,,,3.85%,,,8.39,,-3.73%,,,,,,,,,,,,
,,,,,,,,,,,,,,,,,,2017,2/17/2017,$                                                      121.23,,,6/8/2020,,6/8/2020,,,,,2.10%,$            121.23,2.54,,,,,,,,3.84%,,,8.39,,-3.33%,,,,,,,,,,,,
,,,,,,,,,,,,,,,,,,2017,2/21/2017,$                                                      122.10,,,6/15/2020,,6/15/2020,,,,,2.08%,$            122.10,2.54,,,,,,,,3.81%,,,8.39,,-2.63%,,,,,,,,,,,,
,,,,,,,,,,,,,,,,,,2017,2/22/2017,$                                                      122.21,,,6/22/2020,,6/22/2020,,,,,2.08%,$            122.21,2.54,,,,,,,,3.80%,,,8.39,,-2.54%,,,,,,,,,,,,
,,,,,,,,,,,,,,,,,,2017,2/23/2017,$                                                     122.48,,,6/29/2020,,6/29/2020,,,,,2.07%,$           122.48,2.54,,,,,,,,3.80%,,,8.39,,-2.33%,,,,,,,,,,,,
,,,,,,,,,,,,,,,,,,2017,2/24/2017,$                                                     123.43,,,7/6/2020,,7/6/2020,,,,,2.06%,$           123.43,2.54,,,,,,,,3.77%,,,8.39,,-1.57%,,,,,,,,,,,,
,,,,,,,,,,,,,,,,,,2017,2/27/2017,$                                                     122.79,,,7/13/2020,,7/13/2020,,,,,2.07%,$           122.79,2.54,,,,,,,,3.79%,,,8.39,,-2.08%,,,,,,,,,,,,
,,,,,,,,,,,,,,,,,,2017,2/28/2017,$                                                     122.50,,,7/20/2020,,7/20/2020,,,,,2.07%,$           122.50,2.54,,,,,,,,3.80%,,,8.39,,-2.31%,,,,,,,,,,,,
,,,,,,,,,,,,,,,,,,2017,3/1/2017,$                                                     124.07,,,7/27/2020,,7/27/2020,,,,,2.05%,$           124.07,2.54,,,,,,,,3.75%,,,8.39,,-1.06%,,,,,,,,,,,,
,,,,,,,,,,,,,,,,,,2017,3/2/2017,$                                                     124.35,,,8/3/2020,,8/3/2020,,,,,2.04%,$           124.35,2.54,,,,,,,,3.74%,,,8.39,,-0.84%,,,,,,,,,,,,
,,,,,,,,,,,,,,,,,,2017,3/3/2017,$                                                     123.64,,,8/10/2020,,8/10/2020,,,,,2.05%,$           123.64,2.54,,,,,,,,3.76%,,,8.39,,-1.40%,,,,,,,,,,,,
,,,,,,,,,,,,,,,,,,2017,3/6/2017,$                                                     123.24,,,8/17/2020,,8/17/2020,,,,,2.06%,$           123.24,2.54,,,,,,,,3.77%,,,8.39,,-1.72%,,,,,,,,,,,,
,,,,,,,,,,,,,,,,,,2017,3/7/2017,$                                                      124.14,,,8/24/2020,,8/24/2020,,,,,2.05%,$            124.14,2.54,,,,,,,,3.75%,,,8.39,,-1.00%,,,,,,,,,,,,
,,,,,,,,,,,,,,,,,,2017,3/8/2017,$                                                     124.46,,,8/31/2020,,8/31/2020,,,,,2.04%,$           124.46,2.54,,,,,,,,3.74%,,,8.39,,-0.75%,,,,,,,,,,,,
,,,,,,,,,,,,,,,,,,2017,3/9/2017,$                                                      123.18,,,9/8/2020,,9/8/2020,,,,,2.06%,$            123.18,2.54,,,,,,,,3.77%,,,8.39,,-1.77%,,,,,,,,,,,,
,,,,,,,,,,,,,,,,,,2017,3/10/2017,$                                                     123.93,,,9/14/2020,,9/14/2020,,,,,2.05%,$           123.93,2.54,,,,,,,,3.75%,,,8.39,,-1.17%,,,,,,,,,,,,
,,,,,,,,,,,,,,,,,,2017,3/13/2017,$                                                     124.04,,,9/21/2020,,9/21/2020,,,,,2.05%,$           124.04,2.54,,,,,,,,3.75%,,,8.39,,-1.08%,,,,,,,,,,,,
,,,,,,,,,,,,,,,,,,2017,3/14/2017,$                                                      123.91,,,9/28/2020,,9/28/2020,,,,,2.05%,$            123.91,2.54,,,,,,,,3.75%,,,8.39,,-1.19%,,,,,,,,,,,,
,,,,,,,,,,,,,,,,,,2017,3/15/2017,$                                                     124.80,,,10/5/2020,,10/5/2020,,,,,2.04%,$           124.80,2.54,,,,,,,,3.73%,,,8.39,,-0.48%,,,,,,,,,,,,
,,,,,,,,,,,,,,,,,,2017,3/16/2017,$                                                      124.10,,,10/12/2020,,10/12/2020,,,,,2.05%,$            124.10,2.54,,,,,,,,3.75%,,,8.39,,-1.04%,,,,,,,,,,,,
,,,,,,,,,,,,,,,,,,2017,3/17/2017,$                                                     125.22,,,10/19/2020,,10/19/2020,,,,,2.03%,$           125.22,2.54,,,,,,,,3.71%,,,8.39,,-0.14%,,,,,,,,,,,,
,,,,,,,,,,,,,,,,,,2017,3/20/2017,$                                                     124.39,,,10/26/2020,,10/26/2020,,,,,2.04%,$           124.39,2.54,,,,,,,,3.74%,,,8.39,,-0.81%,,,,,,,,,,,,
,,,,,,,,,,,,,,,,,,2017,3/21/2017,$                                                     124.64,,,11/2/2020,,11/2/2020,,,,,2.04%,$           124.64,2.54,,,,,,,,3.73%,,,8.39,,-0.61%,,,,,,,,,,,,
,,,,,,,,,,,,,,,,,,2017,3/22/2017,$                                                     126.48,,,11/9/2020,,11/9/2020,,,,,2.01%,$           126.48,2.54,,,,,,,,3.68%,,,8.39,,0.00%,,,,,,,,,,,,
,,,,,,,,,,,,,,,,,,2017,3/23/2017,$                                                     120.76,,,11/16/2020,,11/16/2020,,,,,2.10%,$           120.76,2.54,,,,,,,,3.85%,,,8.39,,-4.52%,,,,,,,,,,,,
,,,,,,,,,,,,,,,,,,2017,3/24/2017,$                                                      118.98,,,11/23/2020,,11/23/2020,,,,,2.13%,$            118.98,2.54,,,,,,,,3.91%,,,8.39,,-5.93%,,,,,,,,,,,,
,,,,,,,,,,,,,,,,,,2017,3/27/2017,$                                                      119.39,,,11/30/2020,,11/30/2020,,,,,2.13%,$            119.39,2.54,,,,,,,,3.89%,,,8.39,,-5.61%,,,,,,,,,,,,
,,,,,,,,,,,,,,,,,,2017,3/28/2017,$                                                      121.35,,,12/7/2020,,12/7/2020,,,,,2.09%,$            121.35,2.54,,,,,,,,3.83%,,,8.39,,-4.06%,,,,,,,,,,,,
,,,,,,,,,,,,,,,,,,2017,3/29/2017,$                                                     120.98,,,12/14/2020,,12/14/2020,,,,,2.10%,$           120.98,2.54,,,,,,,,3.84%,,,8.39,,-4.35%,,,,,,,,,,,,
,,,,,,,,,,,,,,,,,,2017,3/30/2017,$                                                     120.52,,,12/21/2020,,12/21/2020,,,,,2.11%,$           120.52,2.54,,,,,,,,3.86%,,,8.39,,-4.71%,,,,,,,,,,,,
,,,,,,,,,,,,,,,,,,2017,3/31/2017,$                                                      119.88,,,12/28/2020,,12/28/2020,,,,,2.12%,$            119.88,2.54,,,,,,,,3.88%,,,8.39,,-5.22%,,,,,,,,,,,,
,,,,,,,,,,,,,,,,,,2017,4/3/2017,$                                                      117.64,,,1/4/2021,,1/4/2021,,,,,2.16%,$            117.64,2.54,,,,,,,,3.95%,,,8.39,,-6.99%,,,,,,,,,,,,
,,,,,,,,,,,,,,,,,,2017,4/4/2017,$                                                      118.04,,,1/11/2021,,1/11/2021,,,,,2.15%,$            118.04,2.54,,,,,,,,3.94%,,,8.39,,-6.67%,,,,,,,,,,,,
,,,,,,,,,,,,,,,,,,2017,4/5/2017,$                                                      117.64,,,1/19/2021,,1/19/2021,,,,,2.16%,$            117.64,2.54,,,,,,,,3.95%,,,8.39,,-6.99%,,,,,,,,,,,,
,,,,,,,,,,,,,,,,,,2017,4/6/2017,$                                                       116.81,,,1/25/2021,,1/25/2021,,,,,2.17%,$             116.81,2.54,,,,,,,,3.98%,,,8.39,,-7.65%,,,,,,,,,,,,
,,,,,,,,,,,,,,,,,,2017,4/7/2017,$                                                      117.44,,,2/1/2021,,2/1/2021,,,,,2.16%,$            117.44,2.54,,,,,,,,3.96%,,,8.39,,-7.15%,,,,,,,,,,,,
,,,,,,,,,,,,,,,,,,2017,4/10/2017,$                                                      117.84,,,2/8/2021,,2/8/2021,,,,,2.16%,$            117.84,2.54,,,,,,,,3.95%,,,8.39,,-6.83%,,,,,,,,,,,,
,,,,,,,,,,,,,,,,,,2017,4/11/2017,$                                                      116.08,,,2/16/2021,,2/16/2021,,,,,2.19%,$            116.08,2.54,,,,,,,,4.01%,,,8.39,,-8.22%,,,,,,,,,,,,
,,,,,,,,,,,,,,,,,,2017,4/12/2017,$                                                      115.58,,,2/22/2021,,2/22/2021,,,,,2.20%,$            115.58,2.54,,,,,,,,4.02%,,,8.39,,-8.62%,,,,,,,,,,,,
,,,,,,,,,,,,,,,,,,2017,4/13/2017,$                                                      114.86,,,3/1/2021,,3/1/2021,,,,,2.21%,$            114.86,2.54,,,,,,,,4.05%,,,8.39,,-9.19%,,,,,,,,,,,,
,,,,,,,,,,,,,,,,,,2017,4/17/2017,$                                                      115.72,,,3/8/2021,,3/8/2021,,,,,2.19%,$            115.72,2.54,,,,,,,,4.02%,,,8.39,,-8.51%,,,,,,,,,,,,
,,,,,,,,,,,,,,,,,,2017,4/18/2017,$                                                      116.24,,,3/15/2021,,3/15/2021,,,,,2.19%,$            116.24,2.54,,,,,,,,4.00%,,,8.39,,-8.10%,,,,,,,,,,,,
,,,,,,,,,,,,,,,,,,2017,4/19/2017,$                                                      116.95,,,3/22/2021,,3/22/2021,,,,,2.17%,$            116.95,2.54,,,,,,,,3.98%,,,8.39,,-7.53%,,,,,,,,,,,,
,,,,,,,,,,,,,,,,,,2017,4/20/2017,$                                                       119.21,,,3/29/2021,,3/29/2021,,,,,2.13%,$             119.21,2.54,,,,,,,,3.90%,,,8.39,,-5.75%,,,,,,,,,,,,
,,,,,,,,,,,,,,,,,,2017,4/21/2017,$                                                      119.23,,,4/5/2021,,4/5/2021,,,,,2.13%,$            119.23,2.54,,,,,,,,3.90%,,,8.39,,-5.73%,,,,,,,,,,,,
,,,,,,,,,,,,,,,,,,2017,4/24/2017,$                                                      119.36,,,4/12/2021,,4/12/2021,,,,,2.13%,$            119.36,2.54,,,,,,,,3.90%,,,8.39,,-5.63%,,,,,,,,,,,,
,,,,,,,,,,,,,,,,,,2017,4/25/2017,$                                                      118.69,,,4/19/2021,,4/19/2021,,,,,2.14%,$            118.69,2.54,,,,,,,,3.92%,,,8.39,,-6.16%,,,,,,,,,,,,
,,,,,,,,,,,,,,,,,,2017,4/26/2017,$                                                      118.98,,,4/26/2021,,4/26/2021,,,,,2.13%,$            118.98,2.54,,,,,,,,3.91%,,,8.39,,-5.93%,,,,,,,,,,,,
,,,,,,,,,,,,,,,,,,2017,4/27/2017,$                                                     120.49,,,5/3/2021,,5/3/2021,,,,,2.11%,$           120.49,2.54,,,,,,,,3.86%,,,8.39,,-4.74%,,,,,,,,,,,,
,,,,,,,,,,,,,,,,,,2017,4/28/2017,$                                                      121.30,,,5/10/2021,,5/10/2021,,,,,2.09%,$            121.30,2.54,,,,,,,,3.83%,,,8.39,,-4.10%,,,,,,,,,,,,
,,,,,,,,,,,,,,,,,,2017,5/1/2017,$                                                      121.25,,,5/17/2021,,5/17/2021,,,,,2.09%,$            121.25,2.54,,,,,,,,3.84%,,,8.39,,-4.14%,,,,,,,,,,,,
,,,,,,,,,,,,,,,,,,2017,5/2/2017,$                                                     120.68,,,5/24/2021,,5/24/2021,,,,,2.10%,$           120.68,2.54,,,,,,,,3.85%,,,8.39,,-4.59%,,,,,,,,,,,,
,,,,,,,,,,,,,,,,,,2017,5/3/2017,$                                                     120.30,,,6/1/2021,,6/1/2021,,,,,2.11%,$           120.30,2.54,,,,,,,,3.87%,,,8.39,,-4.89%,,,,,,,,,,,,
,,,,,,,,,,,,,,,,,,2017,5/4/2017,$                                                     120.82,,,6/7/2021,,6/7/2021,,,,,2.10%,$           120.82,2.54,,,,,,,,3.85%,,,8.39,,-4.48%,,,,,,,,,,,,
,,,,,,,,,,,,,,,,,,2017,5/5/2017,$                                                      121.52,,,6/14/2021,,6/14/2021,,,,,2.09%,$            121.52,2.54,,,,,,,,3.83%,,,8.39,,-3.92%,,,,,,,,,,,,
,,,,,,,,,,,,,,,,,,2017,5/8/2017,$                                                        121.11,,,6/21/2021,,6/21/2021,,,,,2.10%,$              121.11,2.54,,,,,,,,3.84%,,,8.39,,-4.25%,,,,,,,,,,,,
,,,,,,,,,,,,,,,,,,2017,5/9/2017,$                                                      121.07,,,6/28/2021,,6/28/2021,,,,,2.10%,$            121.07,2.54,,,,,,,,3.84%,,,8.39,,-4.28%,,,,,,,,,,,,
,,,,,,,,,,,,,,,,,,2017,5/10/2017,$                                                      121.20,,,7/6/2021,,7/6/2021,,,,,2.10%,$            121.20,2.54,,,,,,,,3.84%,,,8.39,,-4.17%,,,,,,,,,,,,
,,,,,,,,,,,,,,,,,,2017,5/11/2017,$                                                     120.80,,,7/12/2021,,7/12/2021,,,,,2.10%,$           120.80,2.54,,,,,,,,3.85%,,,8.39,,-4.49%,,,,,,,,,,,,
,,,,,,,,,,,,,,,,,,2017,5/12/2017,$                                                     120.96,,,7/19/2021,,7/19/2021,,,,,2.10%,$           120.96,2.54,,,,,,,,3.84%,,,8.39,,-4.36%,,,,,,,,,,,,
,,,,,,,,,,,,,,,,,,2017,5/15/2017,$                                                     122.25,,,7/26/2021,,7/26/2021,,,,,2.08%,$           122.25,2.54,,,,,,,,3.80%,,,8.39,,-3.34%,,,,,,,,,,,,
,,,,,,,,,,,,,,,,,,2017,5/16/2017,$                                                      123.14,,,8/2/2021,,8/2/2021,,,,,2.06%,$            123.14,2.54,,,,,,,,3.78%,,,8.39,,-2.64%,,,,,,,,,,,,
,,,,,,,,,,,,,,,,,,2017,5/17/2017,$                                                     120.44,,,8/9/2021,,8/9/2021,,,,,2.11%,$           120.44,2.54,,,,,,,,3.86%,,,8.39,,-4.78%,,,,,,,,,,,,
,,,,,,,,,,,,,,,,,,2017,5/18/2017,$                                                     120.40,,,8/16/2021,,8/16/2021,,,,,2.11%,$           120.40,2.54,,,,,,,,3.86%,,,8.39,,-4.81%,,,,,,,,,,,,
,,,,,,,,,,,,,,,,,,2017,5/19/2017,$                                                     120.98,,,8/23/2021,,8/23/2021,,,,,2.10%,$           120.98,2.54,,,,,,,,3.84%,,,8.39,,-4.35%,,,,,,,,,,,,
,,,,,,,,,,,,,,,,,,2017,5/22/2017,$                                                      122.71,,,8/30/2021,,8/30/2021,,,,,2.07%,$            122.71,2.54,,,,,,,,3.79%,,,8.39,,-2.98%,,,,,,,,,,,,
,,,,,,,,,,,,,,,,,,2017,5/23/2017,$                                                      122.15,,,9/7/2021,,9/7/2021,,,,,2.08%,$            122.15,2.54,,,,,,,,3.81%,,,8.39,,-3.42%,,,,,,,,,,,,
,,,,,,,,,,,,,,,,,,2017,5/24/2017,$                                                      121.95,,,9/13/2021,,9/13/2021,,,,,2.08%,$            121.95,2.54,,,,,,,,3.81%,,,8.39,,-3.58%,,,,,,,,,,,,
,,,,,,,,,,,,,,,,,,2017,5/25/2017,$                                                      123.10,,,9/20/2021,,9/20/2021,,,,,2.06%,$            123.10,2.54,,,,,,,,3.78%,,,8.39,,-2.67%,,,,,,,,,,,,
,,,,,,,,,,,,,,,,,,2017,5/26/2017,$                                                     122.89,,,9/27/2021,,9/27/2021,,,,,2.07%,$           122.89,2.54,,,,,,,,3.78%,,,8.39,,-2.84%,,,,,,,,,,,,
,,,,,,,,,,,,,,,,,,2017,5/30/2017,$                                                     123.77,,,10/4/2021,,10/4/2021,,,,,2.05%,$           123.77,2.54,,,,,,,,3.76%,,,8.39,,-2.14%,,,,,,,,,,,,
,,,,,,,,,,,,,,,,,,2017,5/31/2017,$                                                     124.47,,,10/11/2021,,10/11/2021,,,,,2.04%,$           124.47,2.54,,,,,,,,3.74%,,,8.39,,-1.59%,,,,,,,,,,,,
,,,,,,,,,,,,,,,,,,2017,6/1/2017,$                                                     125.29,,,10/18/2021,,10/18/2021,,,,,2.03%,$           125.29,2.54,,,,,,,,3.71%,,,8.39,,-0.94%,,,,,,,,,,,,
,,,,,,,,,,,,,,,,,,2017,6/2/2017,$                                                     125.74,,,10/25/2021,,10/25/2021,,,,,2.02%,$           125.74,2.54,,,,,,,,3.70%,,,8.39,,-0.59%,,,,,,,,,,,,
,,,,,,,,,,,,,,,,,,2017,6/5/2017,$                                                     126.58,,,11/1/2021,,11/1/2021,,,,,2.01%,$           126.58,2.54,,,,,,,,3.67%,,,8.39,,0.00%,,,,,,,,,,,,
,,,,,,,,,,,,,,,,,,2017,6/6/2017,$                                                     126.33,,,11/8/2021,,11/8/2021,,,,,2.01%,$           126.33,2.54,,,,,,,,3.68%,,,8.39,,-0.20%,,,,,,,,,,,,
,,,,,,,,,,,,,,,,,,2017,6/7/2017,$                                                     126.55,,,11/15/2021,,11/15/2021,,,,,2.01%,$           126.55,2.54,,,,,,,,3.67%,,,8.39,,-0.02%,,,,,,,,,,,,
,,,,,,,,,,,,,,,,,,2017,6/8/2017,$                                                      126.17,,,11/22/2021,,11/22/2021,,,,,2.01%,$            126.17,2.54,,,,,,,,3.69%,,,8.39,,-0.32%,,,,,,,,,,,,
,,,,,,,,,,,,,,,,,,2017,6/9/2017,$                                                     125.82,,,11/29/2021,,11/29/2021,,,,,2.02%,$           125.82,2.54,,,,,,,,3.70%,,,8.39,,-0.60%,,,,,,,,,,,,
,,,,,,,,,,,,,,,,,,2017,6/12/2017,$                                                     126.30,,,12/6/2021,,12/6/2021,,,,,2.01%,$           126.30,2.54,,,,,,,,3.68%,,,8.39,,-0.22%,,,,,,,,,,,,
,,,,,,,,,,,,,,,,,,2017,6/13/2017,$                                                     127.07,,,12/13/2021,,12/13/2021,,,,,2.00%,$           127.07,2.54,,,,,,,,3.66%,,,8.39,,0.00%,,,,,,,,,,,,
,,,,,,,,,,,,,,,,,,2017,6/14/2017,$                                                     127.25,,,12/20/2021,,12/20/2021,,,,,2.00%,$           127.25,2.54,,,,,,,,3.65%,,,8.39,,0.00%,,,,,,,,,,,,
,,,,,,,,,,,,,,,,,,2017,6/15/2017,$                                                     127.03,,,12/27/2021,,12/27/2021,,,,,2.00%,$           127.03,2.54,,,,,,,,3.66%,,,8.39,,-0.17%,,,,,,,,,,,,
,,,,,,,,,,,,,,,,,,2017,6/16/2017,$                                                     127.56,,,1/3/2022,,1/3/2022,,,,,1.99%,$           127.56,2.54,,,,,,,,3.65%,,,8.39,,0.00%,,,,,,,,,,,,
,,,,,,,,,,,,,,,,,,2017,6/19/2017,$                                                     127.77,,,1/10/2022,,1/10/2022,,,,,1.99%,$           127.77,2.54,,,,,,,,3.64%,,,8.39,,0.00%,,,,,,,,,,,,
,,,,,,,,,,,,,,,,,,2017,6/20/2017,$                                                     126.53,,,1/18/2022,,1/18/2022,,,,,2.01%,$           126.53,2.54,,,,,,,,3.68%,,,8.39,,-0.97%,,,,,,,,,,,,
,,,,,,,,,,,,,,,,,,2017,6/21/2017,$                                                       127.11,,,1/24/2022,,1/24/2022,,,,,2.00%,$             127.11,2.54,,,,,,,,3.66%,,,8.39,,-0.52%,,,,,,,,,,,,
,,,,,,,,,,,,,,,,,,2017,6/22/2017,$                                                     122.08,,,1/31/2022,,1/31/2022,,,,,2.08%,$           122.08,2.54,,,,,,,,3.81%,,,8.39,,-4.45%,,,,,,,,,,,,
,,,,,,,,,,,,,,,,,,2017,6/23/2017,$                                                     122.74,,,2/7/2022,,2/7/2022,,,,,2.07%,$           122.74,2.54,,,,,,,,3.79%,,,8.39,,-3.94%,,,,,,,,,,,,
,,,,,,,,,,,,,,,,,,2017,6/26/2017,$                                                     122.34,,,2/14/2022,,2/14/2022,,,,,2.08%,$           122.34,2.54,,,,,,,,3.80%,,,8.39,,-4.25%,,,,,,,,,,,,
,,,,,,,,,,,,,,,,,,2017,6/27/2017,$                                                      122.19,,,2/22/2022,,2/22/2022,,,,,2.08%,$            122.19,2.54,,,,,,,,3.81%,,,8.39,,-4.37%,,,,,,,,,,,,
,,,,,,,,,,,,,,,,,,2017,6/28/2017,$                                                     123.74,,,2/28/2022,,2/28/2022,,,,,2.05%,$           123.74,2.54,,,,,,,,3.76%,,,8.39,,-3.15%,,,,,,,,,,,,
,,,,,,,,,,,,,,,,,,2017,6/29/2017,$                                                     122.99,,,3/7/2022,,3/7/2022,,,,,2.07%,$           122.99,2.54,,,,,,,,3.78%,,,8.39,,-3.74%,,,,,,,,,,,,
,,,,,,,,,,,,,,,,,,2017,6/30/2017,$                                                     123.68,,,3/14/2022,,3/14/2022,,,,,2.05%,$           123.68,2.54,,,,,,,,3.76%,,,8.39,,-3.20%,,,,,,,,,,,,
,,,,,,,,,,,,,,,,,,2017,7/3/2017,$                                                     123.93,,,3/21/2022,,3/21/2022,,,,,2.05%,$           123.93,2.54,,,,,,,,3.75%,,,8.39,,-3.01%,,,,,,,,,,,,
,,,,,,,,,,,,,,,,,,2017,7/5/2017,$                                                     124.05,,,3/28/2022,,3/28/2022,,,,,2.05%,$           124.05,2.54,,,,,,,,3.75%,,,8.39,,-2.91%,,,,,,,,,,,,
,,,,,,,,,,,,,,,,,,2017,7/6/2017,$                                                     122.94,,,4/4/2022,,4/4/2022,,,,,2.07%,$           122.94,2.54,,,,,,,,3.78%,,,8.39,,-3.78%,,,,,,,,,,,,
,,,,,,,,,,,,,,,,,,2017,7/7/2017,$                                                      124.21,,,4/11/2022,,4/11/2022,,,,,2.04%,$            124.21,2.54,,,,,,,,3.74%,,,8.39,,-2.79%,,,,,,,,,,,,
,,,,,,,,,,,,,,,,,,2017,7/10/2017,$                                                     124.06,,,4/18/2022,,4/18/2022,,,,,2.05%,$           124.06,2.54,,,,,,,,3.75%,,,8.39,,-2.90%,,,,,,,,,,,,
,,,,,,,,,,,,,,,,,,2017,7/11/2017,$                                                     123.85,,,4/25/2022,,4/25/2022,,,,,2.05%,$           123.85,2.54,,,,,,,,3.75%,,,8.39,,-3.07%,,,,,,,,,,,,
,,,,,,,,,,,,,,,,,,2017,7/12/2017,$                                                     125.47,,,5/2/2022,,5/2/2022,,,,,2.02%,$           125.47,2.54,,,,,,,,3.71%,,,8.39,,-1.80%,,,,,,,,,,,,
,,,,,,,,,,,,,,,,,,2017,7/13/2017,$                                                     125.73,,,5/9/2022,,5/9/2022,,,,,2.02%,$           125.73,2.54,,,,,,,,3.70%,,,8.39,,-1.60%,,,,,,,,,,,,
,,,,,,,,,,,,,,,,,,2017,7/14/2017,$                                                     126.70,,,5/16/2022,,5/16/2022,,,,,2.00%,$           126.70,2.54,,,,,,,,3.67%,,,8.39,,-0.84%,,,,,,,,,,,,
,,,,,,,,,,,,,,,,,,2017,7/17/2017,$                                                     126.42,,,5/23/2022,,5/23/2022,,,,,2.01%,$           126.42,2.54,,,,,,,,3.68%,,,8.39,,-1.06%,,,,,,,,,,,,
,,,,,,,,,,,,,,,,,,2017,7/18/2017,$                                                     127.37,,,5/31/2022,,5/31/2022,,,,,1.99%,$           127.37,2.54,,,,,,,,3.65%,,,8.39,,-0.31%,,,,,,,,,,,,
,,,,,,,,,,,,,,,,,,2017,7/19/2017,$                                                     127.78,,,6/6/2022,,6/6/2022,,,,,1.99%,$           127.78,2.54,,,,,,,,3.64%,,,8.39,,0.00%,,,,,,,,,,,,
,,,,,,,,,,,,,,,,,,2017,7/20/2017,$                                                     128.54,,,6/13/2022,,6/13/2022,,,,,1.98%,$           128.54,2.54,,,,,,,,3.62%,,,8.39,,0.00%,,,,,,,,,,,,
,,,,,,,,,,,,,,,,,,2017,7/21/2017,$                                                     128.85,,,6/21/2022,,6/21/2022,,,,,1.97%,$           128.85,2.54,,,,,,,,3.61%,,,8.39,,0.00%,,,,,,,,,,,,
,,,,,,,,,,,,,,,,,,2017,7/24/2017,$                                                      128.01,,,6/27/2022,,6/27/2022,,,,,1.98%,$            128.01,2.54,,,,,,,,3.63%,,,8.39,,-0.65%,,,,,,,,,,,,
,,,,,,,,,,,,,,,,,,2017,7/25/2017,$                                                     128.95,,,7/5/2022,,7/5/2022,,,,,1.97%,$           128.95,2.54,,,,,,,,3.61%,,,8.39,,0.00%,,,,,,,,,,,,
,,,,,,,,,,,,,,,,,,2017,7/26/2017,$                                                      129.51,,,7/11/2022,,7/11/2022,,,,,1.96%,$            129.51,2.54,,,,,,,,3.59%,,,8.39,,0.00%,,,,,,,,,,,,
,,,,,,,,,,,,,,,,,,2017,7/27/2017,$                                                      128.16,,,7/18/2022,,7/18/2022,,,,,1.98%,$            128.16,2.54,,,,,,,,3.63%,,,8.39,,-1.04%,,,,,,,,,,,,
,,,,,,,,,,,,,,,,,,2017,7/28/2017,$                                                     128.40,,,7/25/2022,,7/25/2022,,,,,1.98%,$           128.40,2.54,,,,,,,,3.62%,,,8.39,,-0.86%,,,,,,,,,,,,
,,,,,,,,,,,,,,,,,,2017,7/31/2017,$                                                     128.82,,,8/1/2022,,8/1/2022,,,,,1.97%,$           128.82,2.54,,,,,,,,3.61%,,,8.39,,-0.53%,,,,,,,,,,,,
,,,,,,,,,,,,,,,,,,2017,8/1/2017,$                                                     129.86,,,8/8/2022,,8/8/2022,,,,,1.96%,$           129.86,2.54,,,,,,,,3.58%,,,8.39,,0.00%,,,,,,,,,,,,
,,,,,,,,,,,,,,,,,,2017,8/2/2017,$                                                     128.62,,,8/15/2022,,8/15/2022,,,,,1.97%,$           128.62,2.54,,,,,,,,3.62%,,,8.39,,-0.95%,,,,,,,,,,,,
,,,,,,,,,,,,,,,,,,2017,8/3/2017,$                                                     130.02,,,8/22/2022,,8/22/2022,,,,,1.95%,$           130.02,2.54,,,,,,,,3.58%,,,8.39,,0.00%,,,,,,,,,,,,
,,,,,,,,,,,,,,,,,,2017,8/4/2017,$                                                     130.20,,,8/29/2022,,8/29/2022,,,,,1.95%,$           130.20,2.54,,,,,,,,3.57%,,,8.39,,0.00%,,,,,,,,,,,,
,,,,,,,,,,,,,,,,,,2017,8/7/2017,$                                                     129.68,,,9/6/2022,,9/6/2022,,,,,1.96%,$           129.68,2.54,,,,,,,,3.59%,,,8.39,,-0.40%,,,,,,,,,,,,
,,,,,,,,,,,,,,,,,,2017,8/8/2017,$                                                      129.13,,,9/12/2022,,9/12/2022,,,,,1.97%,$            129.13,2.54,,,,,,,,3.60%,,,8.39,,-0.82%,,,,,,,,,,,,
,,,,,,,,,,,,,,,,,,2017,8/9/2017,$                                                     129.62,,,9/19/2022,,9/19/2022,,,,,1.96%,$           129.62,2.54,,,,,,,,3.59%,,,8.39,,-0.45%,,,,,,,,,,,,
,,,,,,,,,,,,,,,,,,2017,8/10/2017,$                                                     128.24,,,9/26/2022,,9/26/2022,,,,,1.98%,$           128.24,2.54,,,,,,,,3.63%,,,8.39,,-1.51%,,,,,,,,,,,,
,,,,,,,,,,,,,,,,,,2017,8/11/2017,$                                                     128.20,,,10/3/2022,,10/3/2022,,,,,1.98%,$           128.20,2.54,,,,,,,,3.63%,,,8.39,,-1.54%,,,,,,,,,,,,
,,,,,,,,,,,,,,,,,,2017,8/14/2017,$                                                     129.69,,,10/10/2022,,10/10/2022,,,,,1.96%,$           129.69,2.54,,,,,,,,3.59%,,,8.39,,-0.39%,,,,,,,,,,,,
,,,,,,,,,,,,,,,,,,2017,8/15/2017,$                                                     129.38,,,10/17/2022,,10/17/2022,,,,,1.96%,$           129.38,2.54,,,,,,,,3.59%,,,8.39,,-0.63%,,,,,,,,,,,,
,,,,,,,,,,,,,,,,,,2017,8/16/2017,$                                                     130.03,,,10/24/2022,,10/24/2022,,,,,1.95%,$           130.03,2.54,,,,,,,,3.58%,,,8.39,,-0.13%,,,,,,,,,,,,
,,,,,,,,,,,,,,,,,,2017,8/17/2017,$                                                     127.59,,,10/31/2022,,10/31/2022,,,,,1.99%,$           127.59,2.54,,,,,,,,3.64%,,,8.39,,-2.00%,,,,,,,,,,,,
,,,,,,,,,,,,,,,,,,2017,8/18/2017,$                                                     127.44,,,11/7/2022,,11/7/2022,,,,,1.99%,$           127.44,2.54,,,,,,,,3.65%,,,8.39,,-2.12%,,,,,,,,,,,,
,,,,,,,,,,,,,,,,,,2017,8/21/2017,$                                                      128.17,,,11/14/2022,,11/14/2022,,,,,1.98%,$            128.17,2.54,,,,,,,,3.63%,,,8.39,,-1.56%,,,,,,,,,,,,
,,,,,,,,,,,,,,,,,,2017,8/22/2017,$                                                      129.31,,,11/21/2022,,11/21/2022,,,,,1.96%,$            129.31,2.54,,,,,,,,3.60%,,,8.39,,-0.68%,,,,,,,,,,,,
,,,,,,,,,,,,,,,,,,2017,8/23/2017,$                                                     128.36,,,11/28/2022,,11/28/2022,,,,,1.98%,$           128.36,2.54,,,,,,,,3.62%,,,8.39,,-1.41%,,,,,,,,,,,,
,,,,,,,,,,,,,,,,,,2017,8/24/2017,$                                                     128.67,,,12/5/2022,,12/5/2022,,,,,1.97%,$           128.67,2.54,,,,,,,,3.61%,,,8.39,,-1.18%,,,,,,,,,,,,
,,,,,,,,,,,,,,,,,,2017,8/25/2017,$                                                     129.39,,,12/12/2022,,12/12/2022,,,,,1.96%,$           129.39,2.54,,,,,,,,3.59%,,,8.39,,-0.62%,,,,,,,,,,,,
,,,,,,,,,,,,,,,,,,2017,8/28/2017,$                                                     129.24,,,12/19/2022,,12/19/2022,,,,,1.97%,$           129.24,2.54,,,,,,,,3.60%,,,8.39,,-0.74%,,,,,,,,,,,,
,,,,,,,,,,,,,,,,,,2017,8/29/2017,$                                                     129.66,,,12/27/2022,,12/27/2022,,,,,1.96%,$           129.66,2.54,,,,,,,,3.59%,,,8.39,,-0.41%,,,,,,,,,,,,
,,,,,,,,,,,,,,,,,,2017,8/30/2017,$                                                     129.79,,,1/3/2023,,1/3/2023,,,,,1.96%,$           129.79,2.54,,,,,,,,3.58%,,,8.39,,-0.31%,,,,,,,,,,,,
,,,,,,,,,,,,,,,,,,2017,8/31/2017,$                                                     130.76,,,1/9/2023,,1/9/2023,,,,,1.94%,$           130.76,2.54,,,,,,,,3.56%,,,8.39,,0.00%,,,,,,,,,,,,
,,,,,,,,,,,,,,,,,,2017,9/1/2017,$                                                      130.10,,,1/17/2023,,1/17/2023,,,,,1.95%,$            130.10,2.54,,,,,,,,3.57%,,,8.39,,-0.50%,,,,,,,,,,,,
,,,,,,,,,,,,,,,,,,2017,9/5/2017,$                                                     129.77,,,1/23/2023,,1/23/2023,,,,,1.96%,$           129.77,2.54,,,,,,,,3.58%,,,8.39,,-0.76%,,,,,,,,,,,,
,,,,,,,,,,,,,,,,,,2017,9/6/2017,$                                                       131.12,,,1/30/2023,,1/30/2023,,,,,1.94%,$             131.12,2.54,,,,,,,,3.55%,,,8.39,,0.00%,,,,,,,,,,,,
,,,,,,,,,,,,,,,,,,2017,9/7/2017,$                                                     134.24,,,2/6/2023,,2/6/2023,,,,,1.89%,$           134.24,2.54,,,,,,,,3.46%,,,8.39,,0.00%,,,,,,,,,,,,
,,,,,,,,,,,,,,,,,,2017,9/8/2017,$                                                     133.72,,,2/13/2023,,2/13/2023,,,,,1.90%,$           133.72,2.54,,,,,,,,3.48%,,,8.39,,-0.39%,,,,,,,,,,,,
,,,,,,,,,,,,,,,,,,2017,9/11/2017,$                                                     136.23,,,2/21/2023,,2/21/2023,,,,,1.86%,$           136.23,2.54,,,,,,,,3.41%,,,8.39,,0.00%,,,,,,,,,,,,
,,,,,,,,,,,,,,,,,,2017,9/12/2017,$                                                     136.22,,,2/27/2023,,2/27/2023,,,,,1.86%,$           136.22,2.54,,,,,,,,3.41%,,,8.39,,-0.01%,,,,,,,,,,,,
,,,,,,,,,,,,,,,,,,2017,9/13/2017,$                                                     134.78,,,3/6/2023,,3/6/2023,,,,,1.88%,$           134.78,2.54,,,,,,,,3.45%,,,8.39,,-1.06%,,,,,,,,,,,,
,,,,,,,,,,,,,,,,,,2017,9/14/2017,$                                                     134.86,,,3/13/2023,,3/13/2023,,,,,1.88%,$           134.86,2.54,,,,,,,,3.45%,,,8.39,,-1.01%,,,,,,,,,,,,
,,,,,,,,,,,,,,,,,,2017,9/15/2017,$                                                     135.35,,,3/20/2023,,3/20/2023,,,,,1.88%,$           135.35,2.54,,,,,,,,3.44%,,,8.39,,-0.65%,,,,,,,,,,,,
,,,,,,,,,,,,,,,,,,2017,9/18/2017,$                                                     136.94,,,3/27/2023,,3/27/2023,,,,,1.85%,$           136.94,2.54,,,,,,,,3.40%,,,8.39,,0.00%,,,,,,,,,,,,
,,,,,,,,,,,,,,,,,,2017,9/19/2017,$                                                      136.71,,,4/3/2023,,4/3/2023,,,,,1.86%,$            136.71,2.54,,,,,,,,3.40%,,,8.39,,-0.17%,,,,,,,,,,,,
,,,,,,,,,,,,,,,,,,2017,9/20/2017,$                                                      138.01,,,4/10/2023,,4/10/2023,,,,,1.84%,$            138.01,2.54,,,,,,,,3.37%,,,8.39,,0.00%,,,,,,,,,,,,
,,,,,,,,,,,,,,,,,,2017,9/21/2017,$                                                     136.66,,,4/17/2023,,4/17/2023,,,,,1.86%,$           136.66,2.54,,,,,,,,3.40%,,,8.39,,-0.98%,,,,,,,,,,,,
,,,,,,,,,,,,,,,,,,2017,9/22/2017,$                                                     137.90,,,4/24/2023,,4/24/2023,,,,,1.84%,$           137.90,2.54,,,,,,,,3.37%,,,8.39,,-0.08%,,,,,,,,,,,,
,,,,,,,,,,,,,,,,,,2017,9/25/2017,$                                                      138.16,,,5/1/2023,,5/1/2023,,,,,1.84%,$            138.16,2.54,,,,,,,,3.37%,,,8.39,,0.00%,,,,,,,,,,,,
,,,,,,,,,,,,,,,,,,2017,9/26/2017,$                                                     136.84,,,5/8/2023,,5/8/2023,,,,,1.86%,$           136.84,2.54,,,,,,,,3.40%,,,8.39,,-0.96%,,,,,,,,,,,,
,,,,,,,,,,,,,,,,,,2017,9/27/2017,$                                                     136.64,,,5/15/2023,,5/15/2023,,,,,1.86%,$           136.64,2.54,,,,,,,,3.40%,,,8.39,,-1.10%,,,,,,,,,,,,
,,,,,,,,,,,,,,,,,,2017,9/28/2017,$                                                     136.32,,,5/22/2023,,5/22/2023,,,,,1.86%,$           136.32,2.54,,,,,,,,3.41%,,,8.39,,-1.33%,,,,,,,,,,,,
,,,,,,,,,,,,,,,,,,2017,9/29/2017,$                                                     135.07,,,5/30/2023,,5/30/2023,,,,,1.88%,$           135.07,2.54,,,,,,,,3.44%,,,8.39,,-2.24%,,,,,,,,,,,,
,,,,,,,,,,,,,,,,,,2017,10/2/2017,$                                                     135.44,,,6/5/2023,,6/5/2023,,,,,1.88%,$           135.44,2.54,,,,,,,,3.43%,,,8.39,,-1.97%,,,,,,,,,,,,
,,,,,,,,,,,,,,,,,,2017,10/3/2017,$                                                     134.25,,,6/12/2023,,6/12/2023,,,,,1.89%,$           134.25,2.54,,,,,,,,3.46%,,,8.39,,-2.83%,,,,,,,,,,,,
,,,,,,,,,,,,,,,,,,2017,10/4/2017,$                                                      135.16,,,6/20/2023,,6/20/2023,,,,,1.88%,$            135.16,2.54,,,,,,,,3.44%,,,8.39,,-2.17%,,,,,,,,,,,,
,,,,,,,,,,,,,,,,,,2017,10/5/2017,$                                                     136.22,,,6/26/2023,,6/26/2023,,,,,1.86%,$           136.22,2.54,,,,,,,,3.41%,,,8.39,,-1.40%,,,,,,,,,,,,
,,,,,,,,,,,,,,,,,,2017,10/6/2017,$                                                     136.25,,,7/3/2023,,7/3/2023,,,,,1.86%,$           136.25,2.54,,,,,,,,3.41%,,,8.39,,-1.38%,,,,,,,,,,,,
,,,,,,,,,,,,,,,,,,2017,10/9/2017,$                                                     136.99,,,7/10/2023,,7/10/2023,,,,,1.85%,$           136.99,2.54,,,,,,,,3.39%,,,8.39,,-0.85%,,,,,,,,,,,,
,,,,,,,,,,,,,,,,,,2017,10/10/2017,$                                                     137.52,,,7/17/2023,,7/17/2023,,,,,1.85%,$           137.52,2.54,,,,,,,,3.38%,,,8.39,,-0.46%,,,,,,,,,,,,
,,,,,,,,,,,,,,,,,,2017,10/11/2017,$                                                      136.91,,,7/24/2023,,7/24/2023,,,,,1.86%,$            136.91,2.54,,,,,,,,3.40%,,,8.39,,-0.90%,,,,,,,,,,,,
,,,,,,,,,,,,,,,,,,2017,10/12/2017,$                                                     139.20,,,7/31/2023,,7/31/2023,,,,,1.82%,$           139.20,2.54,,,,,,,,3.34%,,,8.39,,0.00%,,,,,,,,,,,,
,,,,,,,,,,,,,,,,,,2017,10/13/2017,$                                                     139.20,,,8/7/2023,,8/7/2023,,,,,1.82%,$           139.20,2.54,,,,,,,,3.34%,,,8.39,,0.00%,,,,,,,,,,,,
,,,,,,,,,,,,,,,,,,2017,10/16/2017,$                                                     139.09,,,8/14/2023,,8/14/2023,,,,,1.83%,$           139.09,2.54,,,,,,,,3.34%,,,8.39,,-0.08%,,,,,,,,,,,,
,,,,,,,,,,,,,,,,,,2017,10/17/2017,$                                                     138.65,,,8/21/2023,,8/21/2023,,,,,1.83%,$           138.65,2.54,,,,,,,,3.35%,,,8.39,,-0.40%,,,,,,,,,,,,
,,,,,,,,,,,,,,,,,,2017,10/18/2017,$                                                     137.42,,,8/28/2023,,8/28/2023,,,,,1.85%,$           137.42,2.54,,,,,,,,3.38%,,,8.39,,-1.28%,,,,,,,,,,,,
,,,,,,,,,,,,,,,,,,2017,10/19/2017,$                                                     138.62,,,9/5/2023,,9/5/2023,,,,,1.83%,$           138.62,2.54,,,,,,,,3.35%,,,8.39,,-0.42%,,,,,,,,,,,,
,,,,,,,,,,,,,,,,,,2017,10/20/2017,$                                                     139.49,,,9/11/2023,,9/11/2023,,,,,1.82%,$           139.49,2.54,,,,,,,,3.33%,,,8.39,,0.00%,,,,,,,,,,,,
,,,,,,,,,,,,,,,,,,2017,10/23/2017,$                                                     139.33,,,9/18/2023,,9/18/2023,,,,,1.82%,$           139.33,2.54,,,,,,,,3.34%,,,8.39,,-0.11%,,,,,,,,,,,,
,,,,,,,,,,,,,,,,,,2017,10/24/2017,$                                                      138.91,,,9/25/2023,,9/25/2023,,,,,1.83%,$            138.91,2.54,,,,,,,,3.35%,,,8.39,,-0.42%,,,,,,,,,,,,
,,,,,,,,,,,,,,,,,,2017,10/25/2017,$                                                       141.16,,,10/2/2023,,10/2/2023,,,,,1.80%,$             141.16,2.54,,,,,,,,3.29%,,,8.39,,0.00%,,,,,,,,,,,,
,,,,,,,,,,,,,,,,,,2017,10/26/2017,$                                                      141.97,,,10/9/2023,,10/9/2023,,,,,1.79%,$            141.97,2.54,,,,,,,,3.28%,,,8.39,,0.00%,,,,,,,,,,,,
,,,,,,,,,,,,,,,,,,2017,10/27/2017,$                                                     143.28,,,10/16/2023,,10/16/2023,,,,,1.77%,$           143.28,2.54,,,,,,,,3.25%,,,8.39,,0.00%,,,,,,,,,,,,
,,,,,,,,,,,,,,,,,,2017,10/30/2017,$                                                     143.29,,,10/23/2023,,10/23/2023,,,,,1.77%,$           143.29,2.54,,,,,,,,3.25%,,,8.39,,0.00%,,,,,,,,,,,,
,,,,,,,,,,,,,,,,,,2017,10/31/2017,$                                                     142.36,,,10/30/2023,,10/30/2023,,,,,1.78%,$           142.36,2.54,,,,,,,,3.27%,,,8.39,,-0.65%,,,,,,,,,,,,
,,,,,,,,,,,,,,,,,,2017,11/1/2017,$                                                     142.96,,,11/6/2023,,11/6/2023,,,,,1.78%,$           142.96,2.54,,,,,,,,3.25%,,,8.39,,-0.23%,,,,,,,,,,,,
,,,,,,,,,,,,,,,,,,2017,11/2/2017,$                                                     143.43,,,11/13/2023,,11/13/2023,,,,,1.77%,$           143.43,2.54,,,,,,,,3.24%,,,8.39,,0.00%,,,,,,,,,,,,
,,,,,,,,,,,,,,,,,,2017,11/3/2017,$                                                     144.04,,,11/20/2023,,11/20/2023,,,,,1.76%,$           144.04,2.54,,,,,,,,3.23%,,,8.39,,0.00%,,,,,,,,,,,,
,,,,,,,,,,,,,,,,,,2017,11/6/2017,$                                                     143.93,,,11/27/2023,,11/27/2023,,,,,1.76%,$           143.93,2.54,,,,,,,,3.23%,,,8.39,,-0.08%,,,,,,,,,,,,
,,,,,,,,,,,,,,,,,,2017,11/7/2017,$                                                     143.50,,,12/4/2023,,12/4/2023,,,,,1.77%,$           143.50,2.54,,,,,,,,3.24%,,,8.39,,-0.37%,,,,,,,,,,,,
,,,,,,,,,,,,,,,,,,2017,11/8/2017,$                                                     144.89,,,12/11/2023,,12/11/2023,,,,,1.75%,$           144.89,2.54,,,,,,,,3.21%,,,8.39,,0.00%,,,,,,,,,,,,
,,,,,,,,,,,,,,,,,,2017,11/9/2017,$                                                     143.83,,,12/18/2023,,12/18/2023,,,,,1.77%,$           143.83,2.54,,,,,,,,3.23%,,,8.39,,-0.73%,,,,,,,,,,,,
,,,,,,,,,,,,,,,,,,2017,11/10/2017,$                                                     143.89,,,12/26/2023,,12/26/2023,,,,,1.77%,$           143.89,2.54,,,,,,,,3.23%,,,8.39,,-0.69%,,,,,,,,,,,,
,,,,,,,,,,,,,,,,,,2017,11/13/2017,$                                                     143.92,,,1/2/2024,,1/2/2024,,,,,1.76%,$           143.92,2.54,,,,,,,,3.23%,,,8.39,,-0.67%,,,,,,,,,,,,
,,,,,,,,,,,,,,,,,,2017,11/14/2017,$                                                     144.96,,,1/8/2024,,1/8/2024,,,,,1.75%,$           144.96,2.54,,,,,,,,3.21%,,,8.39,,0.00%,,,,,,,,,,,,
,,,,,,,,,,,,,,,,,,2017,11/15/2017,$                                                     144.26,,,1/16/2024,,1/16/2024,,,,,1.76%,$           144.26,2.54,,,,,,,,3.22%,,,8.39,,-0.48%,,,,,,,,,,,,
,,,,,,,,,,,,,,,,,,2017,11/16/2017,$                                                     147.04,,,1/22/2024,,1/22/2024,,,,,1.73%,$           147.04,2.54,,,,,,,,3.16%,,,8.39,,0.00%,,,,,,,,,,,,
,,,,,,,,,,,,,,,,,,2017,11/17/2017,$                                                     145.45,,,1/29/2024,,1/29/2024,,,,,1.75%,$           145.45,2.54,,,,,,,,3.20%,,,8.39,,-1.08%,,,,,,,,,,,,
,,,,,,,,,,,,,,,,,,2017,11/20/2017,$                                                     146.57,,,2/5/2024,,2/5/2024,,,,,1.73%,$           146.57,2.54,,,,,,,,3.17%,,,8.39,,-0.32%,,,,,,,,,,,,
,,,,,,,,,,,,,,,,,,2017,11/21/2017,$                                                      148.01,,,2/12/2024,,2/12/2024,,,,,1.72%,$            148.01,2.54,,,,,,,,3.14%,,,8.39,,0.00%,,,,,,,,,,,,
,,,,,,,,,,,,,,,,,,2017,11/22/2017,$                                                       147.11,,,2/20/2024,,2/20/2024,,,,,1.73%,$             147.11,2.54,,,,,,,,3.16%,,,8.39,,-0.61%,,,,,,,,,,,,
,,,,,,,,,,,,,,,,,,2017,11/24/2017,$                                                     147.63,,,2/26/2024,,2/26/2024,,,,,1.72%,$           147.63,2.54,,,,,,,,3.15%,,,8.39,,-0.26%,,,,,,,,,,,,
,,,,,,,,,,,,,,,,,,2017,11/27/2017,$                                                     147.50,,,3/4/2024,,3/4/2024,,,,,1.72%,$           147.50,2.54,,,,,,,,3.15%,,,8.39,,-0.34%,,,,,,,,,,,,
,,,,,,,,,,,,,,,,,,2017,11/28/2017,$                                                     148.04,,,3/11/2024,,3/11/2024,,,,,1.72%,$           148.04,2.54,,,,,,,,3.14%,,,8.39,,0.00%,,,,,,,,,,,,
,,,,,,,,,,,,,,,,,,2017,11/29/2017,$                                                     146.95,,,3/18/2024,,3/18/2024,,,,,1.73%,$           146.95,2.54,,,,,,,,3.16%,,,8.39,,-0.74%,,,,,,,,,,,,
,,,,,,,,,,,,,,,,,,2017,11/30/2017,$                                                      148.01,,,3/25/2024,,3/25/2024,,,,,1.72%,$            148.01,2.54,,,,,,,,3.14%,,,8.39,,-0.02%,,,,,,,,,,,,
,,,,,,,,,,,,,,,,,,2017,12/1/2017,$                                                     146.57,,,4/1/2024,,4/1/2024,,,,,1.73%,$           146.57,2.54,,,,,,,,3.17%,,,8.39,,-0.99%,,,,,,,,,,,,
,,,,,,,,,,,,,,,,,,2017,12/4/2017,$                                                      147.15,,,4/8/2024,,4/8/2024,,,,,1.73%,$            147.15,2.54,,,,,,,,3.16%,,,8.39,,-0.60%,,,,,,,,,,,,
,,,,,,,,,,,,,,,,,,2017,12/5/2017,$                                                     147.67,,,4/15/2024,,4/15/2024,,,,,1.72%,$           147.67,2.54,,,,,,,,3.15%,,,8.39,,-0.25%,,,,,,,,,,,,
,,,,,,,,,,,,,,,,,,2017,12/6/2017,$                                                     148.27,,,4/22/2024,,4/22/2024,,,,,1.71%,$           148.27,2.54,,,,,,,,3.14%,,,8.39,,0.00%,,,,,,,,,,,,
,,,,,,,,,,,,,,,,,,2017,12/7/2017,$                                                     148.60,,,4/29/2024,,4/29/2024,,,,,1.71%,$           148.60,2.54,,,,,,,,3.13%,,,8.39,,0.00%,,,,,,,,,,,,
,,,,,,,,,,,,,,,,,,2017,12/8/2017,$                                                     150.53,,,5/6/2024,,5/6/2024,,,,,1.69%,$           150.53,2.54,,,,,,,,3.09%,,,8.39,,0.00%,,,,,,,,,,,,
,,,,,,,,,,,,,,,,,,2017,12/11/2017,$                                                     150.69,,,5/13/2024,,5/13/2024,,,,,1.69%,$           150.69,2.54,,,,,,,,3.09%,,,8.39,,0.00%,,,,,,,,,,,,
,,,,,,,,,,,,,,,,,,2017,12/12/2017,$                                                      152.10,,,5/20/2024,,5/20/2024,,,,,1.67%,$            152.10,2.54,,,,,,,,3.06%,,,8.39,,0.00%,,,,,,,,,,,,
,,,,,,,,,,,,,,,,,,2017,12/13/2017,$                                                      151.42,,,5/28/2024,,5/28/2024,,,,,1.68%,$            151.42,2.54,,,,,,,,3.07%,,,8.39,,-0.45%,,,,,,,,,,,,
,,,,,,,,,,,,,,,,,,2017,12/14/2017,$                                                       151.21,,,6/3/2024,,6/3/2024,,,,,1.68%,$             151.21,2.54,,,,,,,,3.08%,,,8.39,,-0.59%,,,,,,,,,,,,
,,,,,,,,,,,,,,,,,,2017,12/15/2017,$                                                     152.66,,,6/10/2024,,6/10/2024,,,,,1.66%,$           152.66,2.54,,,,,,,,3.05%,,,8.39,,0.00%,,,,,,,,,,,,
,,,,,,,,,,,,,,,,,,2017,12/18/2017,$                                                      151.72,,,6/17/2024,,6/17/2024,,,,,1.67%,$            151.72,2.54,,,,,,,,3.06%,,,8.39,,-0.62%,,,,,,,,,,,,
,,,,,,,,,,,,,,,,,,2017,12/19/2017,$                                                     152.22,,,6/24/2024,,6/24/2024,,,,,1.67%,$           152.22,2.54,,,,,,,,3.05%,,,8.39,,-0.29%,,,,,,,,,,,,
,,,,,,,,,,,,,,,,,,2017,12/20/2017,$                                                      151.75,,,7/1/2024,,7/1/2024,,,,,1.67%,$            151.75,2.54,,,,,,,,3.06%,,,8.39,,-0.60%,,,,,,,,,,,,
,,,,,,,,,,,,,,,,,,2017,12/21/2017,$                                                     154.20,,,7/8/2024,,7/8/2024,,,,,1.65%,$           154.20,2.54,,,,,,,,3.02%,,,8.39,,0.00%,,,,,,,,,,,,
,,,,,,,,,,,,,,,,,,2017,12/22/2017,$                                                     153.89,,,7/15/2024,,7/15/2024,,,,,1.65%,$           153.89,2.54,,,,,,,,3.02%,,,8.39,,-0.20%,,,,,,,,,,,,
,,,,,,,,,,,,,,,,,,2017,12/26/2017,$                                                     152.99,,,7/22/2024,,7/22/2024,,,,,1.66%,$           152.99,2.54,,,,,,,,3.04%,,,8.39,,-0.78%,,,,,,,,,,,,
,,,,,,,,,,,,,,,,,,2017,12/27/2017,$                                                     153.32,,,7/29/2024,,7/29/2024,,,,,1.66%,$           153.32,2.54,,,,,,,,3.03%,,,8.39,,-0.57%,,,,,,,,,,,,
,,,,,,,,,,,,,,,,,,2017,12/28/2017,$                                                     153.57,,,8/5/2024,,8/5/2024,,,,,1.65%,$           153.57,2.54,,,,,,,,3.03%,,,8.39,,-0.41%,,,,,,,,,,,,
,,,,,,,,,,,,,,,,,,2017,12/29/2017,$                                                     153.09,,,8/12/2024,,8/12/2024,,,,,1.66%,$           153.09,2.54,,,,,,,,3.04%,,,8.39,,-0.72%,,,,,,,,,,,,
,,,,,,,,,,,,,,,,,,2018,1/2/2018,$                                                     153.84,,,8/19/2024,,8/19/2024,,,,,1.81%,$           153.84,2.79,,,,,,,,3.02%,,,5.85,,-0.23%,,,,,,,,,,,,
,,,,,,,,,,,,,,,,,,2018,1/3/2018,$                                                     154.55,,,8/26/2024,,8/26/2024,,,,,1.81%,$           154.55,2.79,,,,,,,,3.01%,,,5.85,,0.00%,,,,,,,,,,,,
,,,,,,,,,,,,,,,,,,2018,1/4/2018,$                                                     156.38,,,9/3/2024,,9/3/2024,,,,,1.78%,$           156.38,2.79,,,,,,,,2.97%,,,5.85,,0.00%,,,,,,,,,,,,
,,,,,,,,,,,,,,,,,,2018,1/5/2018,$                                                     157.67,,,9/9/2024,,9/9/2024,,,,,1.77%,$           157.67,2.79,,,,,,,,2.95%,,,5.85,,0.00%,,,,,,,,,,,,
,,,,,,,,,,,,,,,,,,2018,1/8/2018,$                                                     158.93,,,9/16/2024,,9/16/2024,,,,,1.76%,$           158.93,2.79,,,,,,,,2.93%,,,5.85,,0.00%,,,,,,,,,,,,
,,,,,,,,,,,,,,,,,,2018,1/9/2018,$                                                     159.46,,,9/23/2024,,9/23/2024,,,,,1.75%,$           159.46,2.79,,,,,,,,2.92%,,,5.85,,0.00%,,,,,,,,,,,,
,,,,,,,,,,,,,,,,,,2018,1/10/2018,$                                                     158.90,,,9/30/2024,,9/30/2024,,,,,1.76%,$           158.90,2.79,,,,,,,,2.93%,,,5.85,,-0.35%,,,,,,,,,,,,
,,,,,,,,,,,,,,,,,,2018,1/11/2018,$                                                       159.11,,,10/7/2024,,10/7/2024,,,,,1.75%,$             159.11,2.79,,,,,,,,2.92%,,,5.85,,-0.22%,,,,,,,,,,,,
,,,,,,,,,,,,,,,,,,2018,1/12/2018,$                                                       160.11,,,10/14/2024,,10/14/2024,,,,,1.74%,$             160.11,2.79,,,,,,,,2.90%,,,5.85,,0.00%,,,,,,,,,,,,
,,,,,,,,,,,,,,,,,,2018,1/16/2018,$                                                     157.96,,,10/21/2024,,10/21/2024,,,,,1.77%,$           157.96,2.79,,,,,,,,2.94%,,,5.85,,-1.34%,,,,,,,,,,,,
,,,,,,,,,,,,,,,,,,2018,1/17/2018,$                                                      160.21,,,10/28/2024,,10/28/2024,,,,,1.74%,$            160.21,2.79,,,,,,,,2.90%,,,5.85,,0.00%,,,,,,,,,,,,
,,,,,,,,,,,,,,,,,,2018,1/18/2018,$                                                     160.94,,,11/4/2024,,11/4/2024,,,,,1.73%,$           160.94,2.79,,,,,,,,2.89%,,,5.85,,0.00%,,,,,,,,,,,,
,,,,,,,,,,,,,,,,,,2018,1/19/2018,$                                                      161.75,,,11/11/2024,,11/11/2024,,,,,1.72%,$            161.75,2.79,,,,,,,,2.87%,,,5.85,,0.00%,,,,,,,,,,,,
,,,,,,,,,,,,,,,,,,2018,1/22/2018,$                                                      161.43,,,11/18/2024,,11/18/2024,,,,,1.73%,$            161.43,2.79,,,,,,,,2.88%,,,5.85,,-0.20%,,,,,,,,,,,,
,,,,,,,,,,,,,,,,,,2018,1/23/2018,$                                                     160.88,,,11/25/2024,,11/25/2024,,,,,1.73%,$           160.88,2.79,,,,,,,,2.89%,,,5.85,,-0.54%,,,,,,,,,,,,
,,,,,,,,,,,,,,,,,,2018,1/24/2018,$                                                     160.60,,,12/2/2024,,12/2/2024,,,,,1.74%,$           160.60,2.79,,,,,,,,2.90%,,,5.85,,-0.71%,,,,,,,,,,,,
,,,,,,,,,,,,,,,,,,2018,1/25/2018,$                                                     160.79,,,12/9/2024,,12/9/2024,,,,,1.74%,$           160.79,2.79,,,,,,,,2.89%,,,5.85,,-0.59%,,,,,,,,,,,,
,,,,,,,,,,,,,,,,,,2018,1/26/2018,$                                                     162.55,,,12/16/2024,,12/16/2024,,,,,1.72%,$           162.55,2.79,,,,,,,,2.86%,,,5.85,,0.00%,,,,,,,,,,,,
,,,,,,,,,,,,,,,,,,2018,1/29/2018,$                                                       161.19,,,12/23/2024,,12/23/2024,,,,,1.73%,$             161.19,2.79,,,,,,,,2.88%,,,5.85,,-0.84%,,,,,,,,,,,,
,,,,,,,,,,,,,,,,,,2018,1/30/2018,$                                                     159.70,,,12/30/2024,,12/30/2024,,,,,1.75%,$           159.70,2.79,,,,,,,,2.91%,,,5.85,,-1.75%,,,,,,,,,,,,
,,,,,,,,,,,,,,,,,,2018,1/31/2018,$                                                     160.70,,,1/6/2025,,1/6/2025,,,,,1.74%,$           160.70,2.79,,,,,,,,2.89%,,,5.85,,-1.14%,,,,,,,,,,,,
,,,,,,,,,,,,,,,,,,2018,2/1/2018,$                                                     160.46,,,1/13/2025,,1/13/2025,,,,,1.74%,$           160.46,2.79,,,,,,,,2.90%,,,5.85,,-1.29%,,,,,,,,,,,,
,,,,,,,,,,,,,,,,,,2018,2/2/2018,$                                                     156.90,,,1/21/2025,,1/21/2025,,,,,1.78%,$           156.90,2.79,,,,,,,,2.96%,,,5.85,,-3.48%,,,,,,,,,,,,
,,,,,,,,,,,,,,,,,,2018,2/5/2018,$                                                      151.83,,,1/27/2025,,1/27/2025,,,,,1.84%,$            151.83,2.79,,,,,,,,3.06%,,,5.85,,-6.59%,,,,,,,,,,,,
,,,,,,,,,,,,,,,,,,2018,2/6/2018,$                                                     154.69,,,2/3/2025,,2/3/2025,,,,,1.80%,$           154.69,2.79,,,,,,,,3.01%,,,5.85,,-4.84%,,,,,,,,,,,,
,,,,,,,,,,,,,,,,,,2018,2/7/2018,$                                                      155.15,,,2/10/2025,,2/10/2025,,,,,1.80%,$            155.15,2.79,,,,,,,,3.00%,,,5.85,,-4.55%,,,,,,,,,,,,
,,,,,,,,,,,,,,,,,,2018,2/8/2018,$                                                      150.51,,,2/18/2025,,2/18/2025,,,,,1.85%,$            150.51,2.79,,,,,,,,3.09%,,,5.85,,-7.41%,,,,,,,,,,,,
,,,,,,,,,,,,,,,,,,2018,2/9/2018,$                                                     153.84,,,2/24/2025,,2/24/2025,,,,,1.81%,$           153.84,2.79,,,,,,,,3.02%,,,5.85,,-5.36%,,,,,,,,,,,,
,,,,,,,,,,,,,,,,,,2018,2/12/2018,$                                                     154.95,,,3/3/2025,,3/3/2025,,,,,1.80%,$           154.95,2.79,,,,,,,,3.00%,,,5.85,,-4.68%,,,,,,,,,,,,
,,,,,,,,,,,,,,,,,,2018,2/13/2018,$                                                     156.84,,,3/10/2025,,3/10/2025,,,,,1.78%,$           156.84,2.79,,,,,,,,2.96%,,,5.85,,-3.51%,,,,,,,,,,,,
,,,,,,,,,,,,,,,,,,2018,2/14/2018,$                                                     159.79,,,3/17/2025,,3/17/2025,,,,,1.75%,$           159.79,2.79,,,,,,,,2.91%,,,5.85,,-1.70%,,,,,,,,,,,,
,,,,,,,,,,,,,,,,,,2018,2/15/2018,$                                                      161.06,,,3/24/2025,,3/24/2025,,,,,1.73%,$            161.06,2.79,,,,,,,,2.89%,,,5.85,,-0.92%,,,,,,,,,,,,
,,,,,,,,,,,,,,,,,,2018,2/16/2018,$                                                     162.66,,,3/31/2025,,3/31/2025,,,,,1.72%,$           162.66,2.79,,,,,,,,2.86%,,,5.85,,0.00%,,,,,,,,,,,,
,,,,,,,,,,,,,,,,,,2018,2/20/2018,$                                                      161.44,,,4/7/2025,,4/7/2025,,,,,1.73%,$            161.44,2.79,,,,,,,,2.88%,,,5.85,,-0.75%,,,,,,,,,,,,
,,,,,,,,,,,,,,,,,,2018,2/21/2018,$                                                     160.46,,,4/14/2025,,4/14/2025,,,,,1.74%,$           160.46,2.79,,,,,,,,2.90%,,,5.85,,-1.35%,,,,,,,,,,,,
,,,,,,,,,,,,,,,,,,2018,2/22/2018,$                                                     160.32,,,4/21/2025,,4/21/2025,,,,,1.74%,$           160.32,2.79,,,,,,,,2.90%,,,5.85,,-1.44%,,,,,,,,,,,,
,,,,,,,,,,,,,,,,,,2018,2/23/2018,$                                                     162.95,,,4/28/2025,,4/28/2025,,,,,1.71%,$           162.95,2.79,,,,,,,,2.85%,,,5.85,,0.00%,,,,,,,,,,,,
,,,,,,,,,,,,,,,,,,2018,2/26/2018,$                                                     164.74,,,5/5/2025,,5/5/2025,,,,,1.69%,$           164.74,2.79,,,,,,,,2.82%,,,5.85,,0.00%,,,,,,,,,,,,
,,,,,,,,,,,,,,,,,,2018,2/27/2018,$                                                     162.55,,,5/12/2025,,5/12/2025,,,,,1.72%,$           162.55,2.79,,,,,,,,2.86%,,,5.85,,-1.33%,,,,,,,,,,,,
,,,,,,,,,,,,,,,,,,2018,2/28/2018,$                                                       161.01,,,5/19/2025,,5/19/2025,,,,,1.73%,$             161.01,2.79,,,,,,,,2.89%,,,5.85,,-2.26%,,,,,,,,,,,,
,,,,,,,,,,,,,,,,,,2018,3/1/2018,$                                                      156.15,,,5/27/2025,,5/27/2025,,,,,1.79%,$            156.15,2.79,,,,,,,,2.98%,,,5.85,,-5.21%,,,,,,,,,,,,
,,,,,,,,,,,,,,,,,,2018,3/2/2018,$                                                     157.50,,,6/2/2025,,6/2/2025,,,,,1.77%,$           157.50,2.79,,,,,,,,2.95%,,,5.85,,-4.39%,,,,,,,,,,,,
,,,,,,,,,,,,,,,,,,2018,3/5/2018,$                                                     158.85,,,6/9/2025,,6/9/2025,,,,,1.76%,$           158.85,2.79,,,,,,,,2.93%,,,5.85,,-3.58%,,,,,,,,,,,,
,,,,,,,,,,,,,,,,,,2018,3/6/2018,$                                                     158.03,,,6/16/2025,,6/16/2025,,,,,1.77%,$           158.03,2.79,,,,,,,,2.94%,,,5.85,,-4.07%,,,,,,,,,,,,
,,,,,,,,,,,,,,,,,,2018,3/7/2018,$                                                     158.55,,,6/23/2025,,6/23/2025,,,,,1.76%,$           158.55,2.79,,,,,,,,2.93%,,,5.85,,-3.76%,,,,,,,,,,,,
,,,,,,,,,,,,,,,,,,2018,3/8/2018,$                                                     158.50,,,6/30/2025,,6/30/2025,,,,,1.76%,$           158.50,2.79,,,,,,,,2.93%,,,5.85,,-3.79%,,,,,,,,,,,,
,,,,,,,,,,,,,,,,,,2018,3/9/2018,$                                                       161.51,,,7/7/2025,,7/7/2025,,,,,1.73%,$             161.51,2.79,,,,,,,,2.88%,,,5.85,,-1.96%,,,,,,,,,,,,
,,,,,,,,,,,,,,,,,,2018,3/12/2018,$                                                      161.69,,,7/14/2025,,7/14/2025,,,,,1.73%,$            161.69,2.79,,,,,,,,2.88%,,,5.85,,-1.85%,,,,,,,,,,,,
,,,,,,,,,,,,,,,,,,2018,3/13/2018,$                                                     162.49,,,7/21/2025,,7/21/2025,,,,,1.72%,$           162.49,2.79,,,,,,,,2.86%,,,5.85,,-1.37%,,,,,,,,,,,,
,,,,,,,,,,,,,,,,,,2018,3/14/2018,$                                                      161.00,,,7/28/2025,,7/28/2025,,,,,1.73%,$            161.00,2.79,,,,,,,,2.89%,,,5.85,,-2.27%,,,,,,,,,,,,
,,,,,,,,,,,,,,,,,,2018,3/15/2018,$                                                     162.86,,,8/4/2025,,8/4/2025,,,,,1.71%,$           162.86,2.79,,,,,,,,2.86%,,,5.85,,-1.14%,,,,,,,,,,,,
,,,,,,,,,,,,,,,,,,2018,3/16/2018,$                                                     160.89,,,8/11/2025,,8/11/2025,,,,,1.73%,$           160.89,2.79,,,,,,,,2.89%,,,5.85,,-2.34%,,,,,,,,,,,,
,,,,,,,,,,,,,,,,,,2018,3/19/2018,$                                                     160.62,,,8/18/2025,,8/18/2025,,,,,1.74%,$           160.62,2.79,,,,,,,,2.90%,,,5.85,,-2.50%,,,,,,,,,,,,
,,,,,,,,,,,,,,,,,,2018,3/20/2018,$                                                     162.88,,,8/25/2025,,8/25/2025,,,,,1.71%,$           162.88,2.79,,,,,,,,2.85%,,,5.85,,-1.13%,,,,,,,,,,,,
,,,,,,,,,,,,,,,,,,2018,3/21/2018,$                                                     162.03,,,9/2/2025,,9/2/2025,,,,,1.72%,$           162.03,2.79,,,,,,,,2.87%,,,5.85,,-1.65%,,,,,,,,,,,,
,,,,,,,,,,,,,,,,,,2018,3/22/2018,$                                                     150.23,,,9/8/2025,,9/8/2025,,,,,1.86%,$           150.23,2.79,,,,,,,,3.10%,,,5.85,,-8.81%,,,,,,,,,,,,
,,,,,,,,,,,,,,,,,,2018,3/23/2018,$                                                     147.35,,,9/15/2025,,9/15/2025,,,,,1.89%,$           147.35,2.79,,,,,,,,3.16%,,,5.85,,-10.56%,,,,,,,,,,,,
,,,,,,,,,,,,,,,,,,2018,3/26/2018,$                                                     152.85,,,9/22/2025,,9/22/2025,,,,,1.83%,$           152.85,2.79,,,,,,,,3.04%,,,5.85,,-7.22%,,,,,,,,,,,,
,,,,,,,,,,,,,,,,,,2018,3/27/2018,$                                                     148.86,,,9/29/2025,,9/29/2025,,,,,1.87%,$           148.86,2.79,,,,,,,,3.12%,,,5.85,,-9.64%,,,,,,,,,,,,
,,,,,,,,,,,,,,,,,,2018,3/28/2018,$                                                      147.41,,,10/6/2025,,10/6/2025,,,,,1.89%,$            147.41,2.79,,,,,,,,3.15%,,,5.85,,-10.52%,,,,,,,,,,,,
,,,,,,,,,,,,,,,,,,2018,3/29/2018,$                                                     153.50,,,10/13/2025,,10/13/2025,,,,,1.82%,$           153.50,2.79,,,,,,,,3.03%,,,5.85,,-6.82%,,,,,,,,,,,,
,,,,,,,,,,,,,,,,,,2018,4/2/2018,$                                                     147.98,,,10/20/2025,,10/20/2025,,,,,1.89%,$           147.98,2.79,,,,,,,,3.14%,,,5.85,,-10.17%,,,,,,,,,,,,
,,,,,,,,,,,,,,,,,,2018,4/3/2018,$                                                     148.79,,,10/27/2025,,10/27/2025,,,,,1.88%,$           148.79,2.79,,,,,,,,3.13%,,,5.85,,-9.68%,,,,,,,,,,,,
,,,,,,,,,,,,,,,,,,2018,4/4/2018,$                                                     149.97,,,11/3/2025,,11/3/2025,,,,,1.86%,$           149.97,2.79,,,,,,,,3.10%,,,5.85,,-8.97%,,,,,,,,,,,,
,,,,,,,,,,,,,,,,,,2018,4/5/2018,$                                                      151.57,,,11/10/2025,,11/10/2025,,,,,1.84%,$            151.57,2.79,,,,,,,,3.07%,,,5.85,,-7.99%,,,,,,,,,,,,
,,,,,,,,,,,,,,,,,,2018,4/6/2018,$                                                     147.38,,,11/17/2025,,11/17/2025,,,,,1.89%,$           147.38,2.79,,,,,,,,3.16%,,,5.85,,-10.54%,,,,,,,,,,,,
,,,,,,,,,,,,,,,,,,2018,4/9/2018,$                                                     148.25,,,11/24/2025,,11/24/2025,,,,,1.88%,$           148.25,2.79,,,,,,,,3.14%,,,5.85,,-10.01%,,,,,,,,,,,,
,,,,,,,,,,,,,,,,,,2018,4/10/2018,$                                                     152.05,,,12/1/2025,,12/1/2025,,,,,1.83%,$           152.05,2.79,,,,,,,,3.06%,,,5.85,,-7.70%,,,,,,,,,,,,
,,,,,,,,,,,,,,,,,,2018,4/11/2018,$                                                     148.40,,,12/8/2025,,12/8/2025,,,,,1.88%,$           148.40,2.79,,,,,,,,3.13%,,,5.85,,-9.92%,,,,,,,,,,,,
,,,,,,,,,,,,,,,,,,2018,4/12/2018,$                                                     150.09,,,12/15/2025,,12/15/2025,,,,,1.86%,$           150.09,2.79,,,,,,,,3.10%,,,5.85,,-8.89%,,,,,,,,,,,,
,,,,,,,,,,,,,,,,,,2018,4/13/2018,$                                                      150.13,,,12/22/2025,,12/22/2025,,,,,1.86%,$            150.13,2.79,,,,,,,,3.10%,,,5.85,,-8.87%,,,,,,,,,,,,
,,,,,,,,,,,,,,,,,,2018,4/16/2018,$                                                      151.42,,,12/29/2025,,12/29/2025,,,,,1.84%,$            151.42,2.79,,,,,,,,3.07%,,,5.85,,-8.09%,,,,,,,,,,,,
,,,,,,,,,,,,,,,,,,2018,4/17/2018,$                                                     154.24,,,1/5/2026,,1/5/2026,,,,,1.81%,$           154.24,2.79,,,,,,,,3.01%,,,5.85,,-6.37%,,,,,,,,,,,,
,,,,,,,,,,,,,,,,,,2018,4/18/2018,$                                                     155.52,,,1/12/2026,,1/12/2026,,,,,1.79%,$           155.52,2.79,,,,,,,,2.99%,,,5.85,,-5.60%,,,,,,,,,,,,
,,,,,,,,,,,,,,,,,,2018,4/19/2018,$                                                     154.59,,,1/20/2026,,1/20/2026,,,,,1.80%,$           154.59,2.79,,,,,,,,3.01%,,,5.85,,-6.16%,,,,,,,,,,,,
,,,,,,,,,,,,,,,,,,2018,4/20/2018,$                                                      152.41,,,1/26/2026,,1/26/2026,,,,,1.83%,$            152.41,2.79,,,,,,,,3.05%,,,5.85,,-7.48%,,,,,,,,,,,,
,,,,,,,,,,,,,,,,,,2018,4/23/2018,$                                                     153.04,,,2/2/2026,,2/2/2026,,,,,1.82%,$           153.04,2.79,,,,,,,,3.04%,,,5.85,,-7.10%,,,,,,,,,,,,
,,,,,,,,,,,,,,,,,,2018,4/24/2018,$                                                      151.07,,,2/9/2026,,2/9/2026,,,,,1.85%,$            151.07,2.79,,,,,,,,3.08%,,,5.85,,-8.30%,,,,,,,,,,,,
,,,,,,,,,,,,,,,,,,2018,4/25/2018,$                                                     150.09,,,2/17/2026,,2/17/2026,,,,,1.86%,$           150.09,2.79,,,,,,,,3.10%,,,5.85,,-8.89%,,,,,,,,,,,,
,,,,,,,,,,,,,,,,,,2018,4/26/2018,$                                                     152.29,,,2/23/2026,,2/23/2026,,,,,1.83%,$           152.29,2.79,,,,,,,,3.05%,,,5.85,,-7.56%,,,,,,,,,,,,
,,,,,,,,,,,,,,,,,,2018,4/27/2018,$                                                     152.39,,,3/2/2026,,3/2/2026,,,,,1.83%,$           152.39,2.79,,,,,,,,3.05%,,,5.85,,-7.50%,,,,,,,,,,,,
,,,,,,,,,,,,,,,,,,2018,4/30/2018,$                                                      151.20,,,3/9/2026,,3/9/2026,,,,,1.85%,$            151.20,2.79,,,,,,,,3.08%,,,5.85,,-8.22%,,,,,,,,,,,,
,,,,,,,,,,,,,,,,,,2018,5/1/2018,$                                                      151.92,,,3/16/2026,,3/16/2026,,,,,1.84%,$            151.92,2.79,,,,,,,,3.06%,,,5.85,,-7.78%,,,,,,,,,,,,
,,,,,,,,,,,,,,,,,,2018,5/2/2018,$                                                      150.71,,,3/23/2026,,3/23/2026,,,,,1.85%,$            150.71,2.79,,,,,,,,3.09%,,,5.85,,-8.52%,,,,,,,,,,,,
,,,,,,,,,,,,,,,,,,2018,5/3/2018,$                                                      151.73,,,3/30/2026,,3/30/2026,,,,,1.84%,$            151.73,2.79,,,,,,,,3.06%,,,5.85,,-7.90%,,,,,,,,,,,,
,,,,,,,,,,,,,,,,,,2018,5/4/2018,$                                                     153.44,,,4/6/2026,,4/6/2026,,,,,1.82%,$           153.44,2.79,,,,,,,,3.03%,,,5.85,,-6.86%,,,,,,,,,,,,
,,,,,,,,,,,,,,,,,,2018,5/7/2018,$                                                     152.30,,,4/13/2026,,4/13/2026,,,,,1.83%,$           152.30,2.79,,,,,,,,3.05%,,,5.85,,-7.55%,,,,,,,,,,,,
,,,,,,,,,,,,,,,,,,2018,5/8/2018,$                                                      151.94,,,4/20/2026,,4/20/2026,,,,,1.84%,$            151.94,2.79,,,,,,,,3.06%,,,5.85,,-7.77%,,,,,,,,,,,,
,,,,,,,,,,,,,,,,,,2018,5/9/2018,$                                                     154.62,,,4/27/2026,,4/27/2026,,,,,1.80%,$           154.62,2.79,,,,,,,,3.01%,,,5.85,,-6.14%,,,,,,,,,,,,
,,,,,,,,,,,,,,,,,,2018,5/10/2018,$                                                     156.54,,,5/4/2026,,5/4/2026,,,,,1.78%,$           156.54,2.79,,,,,,,,2.97%,,,5.85,,-4.98%,,,,,,,,,,,,
,,,,,,,,,,,,,,,,,,2018,5/11/2018,$                                                     157.08,,,5/11/2026,,5/11/2026,,,,,1.78%,$           157.08,2.79,,,,,,,,2.96%,,,5.85,,-4.65%,,,,,,,,,,,,
,,,,,,,,,,,,,,,,,,2018,5/14/2018,$                                                     155.57,,,5/18/2026,,5/18/2026,,,,,1.79%,$           155.57,2.79,,,,,,,,2.99%,,,5.85,,-5.57%,,,,,,,,,,,,
,,,,,,,,,,,,,,,,,,2018,5/15/2018,$                                                     154.07,,,5/26/2026,,5/26/2026,,,,,1.81%,$           154.07,2.79,,,,,,,,3.02%,,,5.85,,-6.48%,,,,,,,,,,,,
,,,,,,,,,,,,,,,,,,2018,5/16/2018,$                                                     154.08,,,6/1/2026,,6/1/2026,,,,,1.81%,$           154.08,2.79,,,,,,,,3.02%,,,5.85,,-6.47%,,,,,,,,,,,,
,,,,,,,,,,,,,,,,,,2018,5/17/2018,$                                                     154.93,,,6/8/2026,,6/8/2026,,,,,1.80%,$           154.93,2.79,,,,,,,,3.00%,,,5.85,,-5.95%,,,,,,,,,,,,
,,,,,,,,,,,,,,,,,,2018,5/18/2018,$                                                      155.31,,,6/15/2026,,6/15/2026,,,,,1.80%,$            155.31,2.79,,,,,,,,2.99%,,,5.85,,-5.72%,,,,,,,,,,,,
,,,,,,,,,,,,,,,,,,2018,5/21/2018,$                                                     156.94,,,6/22/2026,,6/22/2026,,,,,1.78%,$           156.94,2.79,,,,,,,,2.96%,,,5.85,,-4.73%,,,,,,,,,,,,
,,,,,,,,,,,,,,,,,,2018,5/22/2018,$                                                     155.33,,,6/29/2026,,6/29/2026,,,,,1.80%,$           155.33,2.79,,,,,,,,2.99%,,,5.85,,-5.71%,,,,,,,,,,,,
,,,,,,,,,,,,,,,,,,2018,5/23/2018,$                                                      155.31,,,7/6/2026,,7/6/2026,,,,,1.80%,$            155.31,2.79,,,,,,,,2.99%,,,5.85,,-5.72%,,,,,,,,,,,,
,,,,,,,,,,,,,,,,,,2018,5/24/2018,$                                                     155.59,,,7/13/2026,,7/13/2026,,,,,1.79%,$           155.59,2.79,,,,,,,,2.99%,,,5.85,,-5.55%,,,,,,,,,,,,
,,,,,,,,,,,,,,,,,,2018,5/25/2018,$                                                     155.99,,,7/20/2026,,7/20/2026,,,,,1.79%,$           155.99,2.79,,,,,,,,2.98%,,,5.85,,-5.31%,,,,,,,,,,,,
,,,,,,,,,,,,,,,,,,2018,5/29/2018,$                                                     153.54,,,,,,,,,,1.82%,$           153.54,2.79,,,,,,,,3.03%,,,5.85,,-6.80%,,,,,,,,,,,,
,,,,,,,,,,,,,,,,,,2018,5/30/2018,$                                                     156.03,,,,,,,,,,,$           156.03,,,,,,,,,2.98%,,,5.85,,-5.29%,,,,,,,,,,,,
,,,,,,,,,,,,,,,,,,2018,5/31/2018,$                                                     155.74,,,,,,,,,,1.79%,$           155.74,2.79,,,,,,,,2.99%,,,5.85,,-5.46%,,,,,,,,,,,,
,,,,,,,,,,,,,,,,,,2018,6/1/2018,$                                                     158.89,,,,,,,,,,1.76%,$           158.89,2.79,,,,,,,,2.93%,,,5.85,,-3.55%,,,,,,,,,,,,
,,,,,,,,,,,,,,,,,,2018,6/4/2018,$                                                     159.43,,,,,,,,,,1.75%,$           159.43,2.79,,,,,,,,2.92%,,,5.85,,-3.22%,,,,,,,,,,,,
,,,,,,,,,,,,,,,,,,2018,6/5/2018,$                                                     159.92,,,,,,,,,,1.74%,$           159.92,2.79,,,,,,,,2.91%,,,5.85,,-2.93%,,,,,,,,,,,,
,,,,,,,,,,,,,,,,,,2018,6/6/2018,$                                                      162.71,,,,,,,,,,1.71%,$            162.71,2.79,,,,,,,,2.86%,,,5.85,,-1.23%,,,,,,,,,,,,
,,,,,,,,,,,,,,,,,,2018,6/7/2018,$                                                      160.61,,,,,,,,,,1.74%,$            160.61,2.79,,,,,,,,2.90%,,,5.85,,-2.51%,,,,,,,,,,,,
,,,,,,,,,,,,,,,,,,2018,6/8/2018,$                                                      162.17,,,,,,,,,,1.72%,$            162.17,2.79,,,,,,,,2.87%,,,5.85,,-1.56%,,,,,,,,,,,,
,,,,,,,,,,,,,,,,,,2018,6/11/2018,$                                                     162.75,,,,,,,,,,1.71%,$           162.75,2.79,,,,,,,,2.86%,,,5.85,,-1.21%,,,,,,,,,,,,
,,,,,,,,,,,,,,,,,,2018,6/12/2018,$                                                     162.84,,,,,,,,,,1.71%,$           162.84,2.79,,,,,,,,2.86%,,,5.85,,-1.15%,,,,,,,,,,,,
,,,,,,,,,,,,,,,,,,2018,6/13/2018,$                                                     163.02,,,,,,,,,,1.71%,$           163.02,2.79,,,,,,,,2.85%,,,5.85,,-1.04%,,,,,,,,,,,,
,,,,,,,,,,,,,,,,,,2018,6/14/2018,$                                                     162.76,,,,,,,,,,1.71%,$           162.76,2.79,,,,,,,,2.86%,,,5.85,,-1.20%,,,,,,,,,,,,
,,,,,,,,,,,,,,,,,,2018,6/15/2018,$                                                     163.48,,,,,,,,,,1.71%,$           163.48,2.79,,,,,,,,2.84%,,,5.85,,-0.76%,,,,,,,,,,,,
,,,,,,,,,,,,,,,,,,2018,6/18/2018,$                                                     162.88,,,,,,,,,,1.71%,$           162.88,2.79,,,,,,,,2.85%,,,5.85,,-1.13%,,,,,,,,,,,,
,,,,,,,,,,,,,,,,,,2018,6/19/2018,$                                                      163.31,,,,,,,,,,1.71%,$            163.31,2.79,,,,,,,,2.85%,,,5.85,,-0.87%,,,,,,,,,,,,
,,,,,,,,,,,,,,,,,,2018,6/20/2018,$                                                      161.77,,,,,,,,,,1.72%,$            161.77,2.79,,,,,,,,2.87%,,,5.85,,-1.80%,,,,,,,,,,,,
,,,,,,,,,,,,,,,,,,2018,6/21/2018,$                                                     160.03,,,,,,,,,,1.74%,$           160.03,2.79,,,,,,,,2.91%,,,5.85,,-2.86%,,,,,,,,,,,,
,,,,,,,,,,,,,,,,,,2018,6/22/2018,$                                                     159.63,,,,,,,,,,1.75%,$           159.63,2.79,,,,,,,,2.91%,,,5.85,,-3.10%,,,,,,,,,,,,
,,,,,,,,,,,,,,,,,,2018,6/25/2018,$                                                      156.16,,,,,,,,,,1.79%,$            156.16,2.79,,,,,,,,2.98%,,,5.85,,-5.21%,,,,,,,,,,,,
,,,,,,,,,,,,,,,,,,2018,6/26/2018,$                                                     156.86,,,,,,,,,,1.78%,$           156.86,2.79,,,,,,,,2.96%,,,5.85,,-4.78%,,,,,,,,,,,,
,,,,,,,,,,,,,,,,,,2018,6/27/2018,$                                                     155.34,,,,,,,,,,1.80%,$           155.34,2.79,,,,,,,,2.99%,,,5.85,,-5.71%,,,,,,,,,,,,
,,,,,,,,,,,,,,,,,,2018,6/28/2018,$                                                     164.50,,,,,,,,,,1.70%,$           164.50,2.79,,,,,,,,2.83%,,,5.85,,-0.15%,,,,,,,,,,,,
,,,,,,,,,,,,,,,,,,2018,6/29/2018,$                                                     163.59,,,,,,,,,,1.71%,$           163.59,2.79,,,,,,,,2.84%,,,5.85,,-0.70%,,,,,,,,,,,,
,,,,,,,,,,,,,,,,,,2018,7/2/2018,$                                                     163.23,,,,,,,,,,1.71%,$           163.23,2.79,,,,,,,,2.85%,,,5.85,,-0.92%,,,,,,,,,,,,
,,,,,,,,,,,,,,,,,,2018,7/3/2018,$                                                     163.34,,,,,,,,,,1.71%,$           163.34,2.79,,,,,,,,2.85%,,,5.85,,-0.85%,,,,,,,,,,,,
,,,,,,,,,,,,,,,,,,2018,7/5/2018,$                                                     164.80,,,,,,,,,,1.69%,$           164.80,2.79,,,,,,,,2.82%,,,5.85,,0.00%,,,,,,,,,,,,
,,,,,,,,,,,,,,,,,,2018,7/6/2018,$                                                      164.51,,,,,,,,,,1.70%,$            164.51,2.79,,,,,,,,2.83%,,,5.85,,-0.18%,,,,,,,,,,,,
,,,,,,,,,,,,,,,,,,2018,7/9/2018,$                                                      166.13,,,,,,,,,,1.68%,$            166.13,2.79,,,,,,,,2.80%,,,5.85,,0.00%,,,,,,,,,,,,
,,,,,,,,,,,,,,,,,,2018,7/10/2018,$                                                     166.46,,,,,,,,,,1.68%,$           166.46,2.79,,,,,,,,2.79%,,,5.85,,0.00%,,,,,,,,,,,,
,,,,,,,,,,,,,,,,,,2018,7/11/2018,$                                                      166.31,,,,,,,,,,1.68%,$            166.31,2.79,,,,,,,,2.80%,,,5.85,,-0.09%,,,,,,,,,,,,
,,,,,,,,,,,,,,,,,,2018,7/12/2018,$                                                     168.03,,,,,,,,,,1.66%,$           168.03,2.79,,,,,,,,2.77%,,,5.85,,0.00%,,,,,,,,,,,,
,,,,,,,,,,,,,,,,,,2018,7/13/2018,$                                                     168.09,,,,,,,,,,1.66%,$           168.09,2.79,,,,,,,,2.77%,,,5.85,,0.00%,,,,,,,,,,,,
,,,,,,,,,,,,,,,,,,2018,7/16/2018,$                                                     167.64,,,,,,,,,,1.66%,$           167.64,2.79,,,,,,,,2.77%,,,5.85,,-0.27%,,,,,,,,,,,,
,,,,,,,,,,,,,,,,,,2018,7/17/2018,$                                                     168.07,,,,,,,,,,1.66%,$           168.07,2.79,,,,,,,,2.77%,,,5.85,,-0.01%,,,,,,,,,,,,
,,,,,,,,,,,,,,,,,,2018,7/18/2018,$                                                     166.38,,,,,,,,,,1.68%,$           166.38,2.79,,,,,,,,2.79%,,,5.85,,-1.02%,,,,,,,,,,,,
,,,,,,,,,,,,,,,,,,2018,7/19/2018,$                                                     166.89,,,,,,,,,,1.67%,$           166.89,2.79,,,,,,,,2.79%,,,5.85,,-0.71%,,,,,,,,,,,,
,,,,,,,,,,,,,,,,,,2018,7/20/2018,$                                                     166.52,,,,,,,,,,1.68%,$           166.52,2.79,,,,,,,,2.79%,,,5.85,,-0.93%,,,,,,,,,,,,
,,,,,,,,,,,,,,,,,,2018,7/23/2018,$                                                     165.96,,,,,,,,,,1.68%,$           165.96,2.79,,,,,,,,2.80%,,,5.85,,-1.27%,,,,,,,,,,,,
,,,,,,,,,,,,,,,,,,2018,7/24/2018,$                                                      165.17,,,,,,,,,,1.69%,$            165.17,2.79,,,,,,,,2.82%,,,5.85,,-1.74%,,,,,,,,,,,,
,,,,,,,,,,,,,,,,,,2018,7/25/2018,$                                                     167.08,,,,,,,,,,1.67%,$           167.08,2.79,,,,,,,,2.78%,,,5.85,,-0.60%,,,,,,,,,,,,
,,,,,,,,,,,,,,,,,,2018,7/26/2018,$                                                      165.17,,,,,,,,,,1.69%,$            165.17,2.79,,,,,,,,2.82%,,,5.85,,-1.74%,,,,,,,,,,,,
,,,,,,,,,,,,,,,,,,2018,7/27/2018,$                                                     162.02,,,,,,,,,,1.72%,$           162.02,2.79,,,,,,,,2.87%,,,5.85,,-3.61%,,,,,,,,,,,,
,,,,,,,,,,,,,,,,,,2018,7/30/2018,$                                                     159.42,,,,,,,,,,1.75%,$           159.42,2.79,,,,,,,,2.92%,,,5.85,,-5.16%,,,,,,,,,,,,
,,,,,,,,,,,,,,,,,,2018,7/31/2018,$                                                     159.33,,,,,,,,,,1.75%,$           159.33,2.79,,,,,,,,2.92%,,,5.85,,-5.21%,,,,,,,,,,,,
,,,,,,,,,,,,,,,,,,2018,8/1/2018,$                                                      159.71,,,,,,,,,,1.75%,$            159.71,2.79,,,,,,,,2.91%,,,5.85,,-4.99%,,,,,,,,,,,,
,,,,,,,,,,,,,,,,,,2018,8/2/2018,$                                                      160.15,,,,,,,,,,1.74%,$            160.15,2.79,,,,,,,,2.90%,,,5.85,,-4.72%,,,,,,,,,,,,
,,,,,,,,,,,,,,,,,,2018,8/3/2018,$                                                     160.37,,,,,,,,,,1.74%,$           160.37,2.79,,,,,,,,2.90%,,,5.85,,-4.59%,,,,,,,,,,,,
,,,,,,,,,,,,,,,,,,2018,8/6/2018,$                                                     160.58,,,,,,,,,,1.74%,$           160.58,2.79,,,,,,,,2.90%,,,5.85,,-4.47%,,,,,,,,,,,,
,,,,,,,,,,,,,,,,,,2018,8/7/2018,$                                                      161.20,,,,,,,,,,1.73%,$            161.20,2.79,,,,,,,,2.88%,,,5.85,,-4.10%,,,,,,,,,,,,
,,,,,,,,,,,,,,,,,,2018,8/8/2018,$                                                       161.14,,,,,,,,,,1.73%,$             161.14,2.79,,,,,,,,2.89%,,,5.85,,-4.13%,,,,,,,,,,,,
,,,,,,,,,,,,,,,,,,2018,8/9/2018,$                                                     160.64,,,,,,,,,,1.74%,$           160.64,2.79,,,,,,,,2.89%,,,5.85,,-4.43%,,,,,,,,,,,,
,,,,,,,,,,,,,,,,,,2018,8/10/2018,$                                                     160.68,,,,,,,,,,1.74%,$           160.68,2.79,,,,,,,,2.89%,,,5.85,,-4.41%,,,,,,,,,,,,
,,,,,,,,,,,,,,,,,,2018,8/13/2018,$                                                     160.23,,,,,,,,,,1.74%,$           160.23,2.79,,,,,,,,2.90%,,,5.85,,-4.68%,,,,,,,,,,,,
,,,,,,,,,,,,,,,,,,2018,8/14/2018,$                                                      161.24,,,,,,,,,,1.73%,$            161.24,2.79,,,,,,,,2.88%,,,5.85,,-4.08%,,,,,,,,,,,,
,,,,,,,,,,,,,,,,,,2018,8/15/2018,$                                                      160.41,,,,,,,,,,1.74%,$            160.41,2.79,,,,,,,,2.90%,,,5.85,,-4.57%,,,,,,,,,,,,
,,,,,,,,,,,,,,,,,,2018,8/16/2018,$                                                     162.89,,,,,,,,,,1.71%,$           162.89,2.79,,,,,,,,2.85%,,,5.85,,-3.09%,,,,,,,,,,,,
,,,,,,,,,,,,,,,,,,2018,8/17/2018,$                                                     164.89,,,,,,,,,,1.69%,$           164.89,2.79,,,,,,,,2.82%,,,5.85,,-1.90%,,,,,,,,,,,,
,,,,,,,,,,,,,,,,,,2018,8/20/2018,$                                                      165.12,,,,,,,,,,1.69%,$            165.12,2.79,,,,,,,,2.82%,,,5.85,,-1.77%,,,,,,,,,,,,
,,,,,,,,,,,,,,,,,,2018,8/21/2018,$                                                      164.61,,,,,,,,,,1.69%,$            164.61,2.79,,,,,,,,2.82%,,,5.85,,-2.07%,,,,,,,,,,,,
,,,,,,,,,,,,,,,,,,2018,8/22/2018,$                                                     164.92,,,,,,,,,,1.69%,$           164.92,2.79,,,,,,,,2.82%,,,5.85,,-1.89%,,,,,,,,,,,,
,,,,,,,,,,,,,,,,,,2018,8/23/2018,$                                                     165.20,,,,,,,,,,1.69%,$           165.20,2.79,,,,,,,,2.81%,,,5.85,,-1.72%,,,,,,,,,,,,
,,,,,,,,,,,,,,,,,,2018,8/24/2018,$                                                     165.88,,,,,,,,,,1.68%,$           165.88,2.79,,,,,,,,2.80%,,,5.85,,-1.31%,,,,,,,,,,,,
,,,,,,,,,,,,,,,,,,2018,8/27/2018,$                                                     166.87,,,,,,,,,,1.67%,$           166.87,2.79,,,,,,,,2.79%,,,5.85,,-0.73%,,,,,,,,,,,,
,,,,,,,,,,,,,,,,,,2018,8/28/2018,$                                                     167.67,,,,,,,,,,1.66%,$           167.67,2.79,,,,,,,,2.77%,,,5.85,,-0.25%,,,,,,,,,,,,
,,,,,,,,,,,,,,,,,,2018,8/29/2018,$                                                     169.77,,,,,,,,,,1.64%,$           169.77,2.79,,,,,,,,2.74%,,,5.85,,0.00%,,,,,,,,,,,,
,,,,,,,,,,,,,,,,,,2018,8/30/2018,$                                                     168.63,,,,,,,,,,1.65%,$           168.63,2.79,,,,,,,,2.76%,,,5.85,,-0.67%,,,,,,,,,,,,
,,,,,,,,,,,,,,,,,,2018,8/31/2018,$                                                     169.07,,,,,,,,,,1.65%,$           169.07,2.79,,,,,,,,2.75%,,,5.85,,-0.41%,,,,,,,,,,,,
,,,,,,,,,,,,,,,,,,2018,9/4/2018,$                                                     169.50,,,,,,,,,,1.65%,$           169.50,2.79,,,,,,,,2.74%,,,5.85,,-0.16%,,,,,,,,,,,,
,,,,,,,,,,,,,,,,,,2018,9/5/2018,$                                                     168.64,,,,,,,,,,1.65%,$           168.64,2.79,,,,,,,,2.76%,,,5.85,,-0.67%,,,,,,,,,,,,
,,,,,,,,,,,,,,,,,,2018,9/6/2018,$                                                     169.36,,,,,,,,,,1.65%,$           169.36,2.79,,,,,,,,2.75%,,,5.85,,-0.24%,,,,,,,,,,,,
,,,,,,,,,,,,,,,,,,2018,9/7/2018,$                                                     169.07,,,,,,,,,,1.65%,$           169.07,2.79,,,,,,,,2.75%,,,5.85,,-0.41%,,,,,,,,,,,,
,,,,,,,,,,,,,,,,,,2018,9/10/2018,$                                                     169.55,,,,,,,,,,1.65%,$           169.55,2.79,,,,,,,,2.74%,,,5.85,,-0.13%,,,,,,,,,,,,
,,,,,,,,,,,,,,,,,,2018,9/11/2018,$                                                     170.69,,,,,,,,,,1.63%,$           170.69,2.79,,,,,,,,2.72%,,,5.85,,0.00%,,,,,,,,,,,,
,,,,,,,,,,,,,,,,,,2018,9/12/2018,$                                                     170.35,,,,,,,,,,1.64%,$           170.35,2.79,,,,,,,,2.73%,,,5.85,,-0.20%,,,,,,,,,,,,
,,,,,,,,,,,,,,,,,,2018,9/13/2018,$                                                     172.07,,,,,,,,,,1.62%,$           172.07,2.79,,,,,,,,2.70%,,,5.85,,0.00%,,,,,,,,,,,,
,,,,,,,,,,,,,,,,,,2018,9/14/2018,$                                                      171.64,,,,,,,,,,1.63%,$            171.64,2.79,,,,,,,,2.71%,,,5.85,,-0.25%,,,,,,,,,,,,
,,,,,,,,,,,,,,,,,,2018,9/17/2018,$                                                      171.04,,,,,,,,,,1.63%,$            171.04,2.79,,,,,,,,2.72%,,,5.85,,-0.60%,,,,,,,,,,,,
,,,,,,,,,,,,,,,,,,2018,9/18/2018,$                                                      172.41,,,,,,,,,,1.62%,$            172.41,2.79,,,,,,,,2.70%,,,5.85,,0.00%,,,,,,,,,,,,
,,,,,,,,,,,,,,,,,,2018,9/19/2018,$                                                      173.14,,,,,,,,,,1.61%,$            173.14,2.79,,,,,,,,2.69%,,,5.85,,0.00%,,,,,,,,,,,,
,,,,,,,,,,,,,,,,,,2018,9/20/2018,$                                                      174.13,,,,,,,,,,1.60%,$            174.13,2.79,,,,,,,,2.67%,,,5.85,,0.00%,,,,,,,,,,,,
,,,,,,,,,,,,,,,,,,2018,9/21/2018,$                                                      174.19,,,,,,,,,,1.60%,$            174.19,2.79,,,,,,,,2.67%,,,5.85,,0.00%,,,,,,,,,,,,
,,,,,,,,,,,,,,,,,,2018,9/24/2018,$                                                     172.63,,,,,,,,,,1.62%,$           172.63,2.79,,,,,,,,2.69%,,,5.85,,-0.90%,,,,,,,,,,,,
,,,,,,,,,,,,,,,,,,2018,9/25/2018,$                                                     172.82,,,,,,,,,,1.61%,$           172.82,2.79,,,,,,,,2.69%,,,5.85,,-0.79%,,,,,,,,,,,,
,,,,,,,,,,,,,,,,,,2018,9/26/2018,$                                                     172.97,,,,,,,,,,1.61%,$           172.97,2.79,,,,,,,,2.69%,,,5.85,,-0.70%,,,,,,,,,,,,
,,,,,,,,,,,,,,,,,,2018,9/27/2018,$                                                     170.05,,,,,,,,,,1.64%,$           170.05,2.79,,,,,,,,2.73%,,,5.85,,-2.38%,,,,,,,,,,,,
,,,,,,,,,,,,,,,,,,2018,9/28/2018,$                                                     170.20,,,,,,,,,,1.64%,$           170.20,2.79,,,,,,,,2.73%,,,5.85,,-2.29%,,,,,,,,,,,,
,,,,,,,,,,,,,,,,,,2018,10/1/2018,$                                                      173.51,,,,,,,,,,1.61%,$            173.51,2.79,,,,,,,,2.68%,,,5.85,,-0.39%,,,,,,,,,,,,
,,,,,,,,,,,,,,,,,,2018,10/2/2018,$                                                      173.15,,,,,,,,,,,$            173.15,,,,,,,,,2.69%,,,5.85,,-0.60%,,,,,,,,,,,,
,,,,,,,,,,,,,,,,,,2018,10/3/2018,$                                                      174.14,,,,,,,,,,1.60%,$            174.14,2.79,,,,,,,,2.67%,,,5.85,,-0.03%,,,,,,,,,,,,
,,,,,,,,,,,,,,,,,,2018,10/4/2018,$                                                      171.86,,,,,,,,,,1.62%,$            171.86,2.79,,,,,,,,2.71%,,,5.85,,-1.34%,,,,,,,,,,,,
,,,,,,,,,,,,,,,,,,2018,10/5/2018,$                                                      171.23,,,,,,,,,,1.63%,$            171.23,2.79,,,,,,,,2.72%,,,5.85,,-1.70%,,,,,,,,,,,,
,,,,,,,,,,,,,,,,,,2018,10/8/2018,$                                                     169.90,,,,,,,,,,1.64%,$           169.90,2.79,,,,,,,,2.74%,,,5.85,,-2.46%,,,,,,,,,,,,
,,,,,,,,,,,,,,,,,,2018,10/9/2018,$                                                     168.80,,,,,,,,,,1.65%,$           168.80,2.79,,,,,,,,2.75%,,,5.85,,-3.09%,,,,,,,,,,,,
,,,,,,,,,,,,,,,,,,2018,10/10/2018,$                                                      161.74,,,,,,,,,,1.72%,$            161.74,2.79,,,,,,,,2.87%,,,5.85,,-7.15%,,,,,,,,,,,,
,,,,,,,,,,,,,,,,,,2018,10/11/2018,$                                                     156.00,,,,,,,,,,1.79%,$           156.00,2.79,,,,,,,,2.98%,,,5.85,,-10.44%,,,,,,,,,,,,
,,,,,,,,,,,,,,,,,,2018,10/12/2018,$                                                     159.44,,,,,,,,,,1.75%,$           159.44,2.79,,,,,,,,2.92%,,,5.85,,-8.47%,,,,,,,,,,,,
,,,,,,,,,,,,,,,,,,2018,10/15/2018,$                                                     157.92,,,,,,,,,,1.77%,$           157.92,2.79,,,,,,,,2.94%,,,5.85,,-9.34%,,,,,,,,,,,,
,,,,,,,,,,,,,,,,,,2018,10/16/2018,$                                                      161.20,,,,,,,,,,1.73%,$            161.20,2.79,,,,,,,,2.88%,,,5.85,,-7.46%,,,,,,,,,,,,
,,,,,,,,,,,,,,,,,,2018,10/17/2018,$                                                     158.90,,,,,,,,,,1.76%,$           158.90,2.79,,,,,,,,2.93%,,,5.85,,-8.78%,,,,,,,,,,,,
,,,,,,,,,,,,,,,,,,2018,10/18/2018,$                                                     156.20,,,,,,,,,,1.79%,$           156.20,2.79,,,,,,,,2.98%,,,5.85,,-10.33%,,,,,,,,,,,,
,,,,,,,,,,,,,,,,,,2018,10/19/2018,$                                                     158.28,,,,,,,,,,1.76%,$           158.28,2.79,,,,,,,,2.94%,,,5.85,,-9.13%,,,,,,,,,,,,
,,,,,,,,,,,,,,,,,,2018,10/22/2018,$                                                     159.55,,,,,,,,,,1.75%,$           159.55,2.79,,,,,,,,2.91%,,,5.85,,-8.40%,,,,,,,,,,,,
,,,,,,,,,,,,,,,,,,2018,10/23/2018,$                                                     158.09,,,,,,,,,,1.76%,$           158.09,2.79,,,,,,,,2.94%,,,5.85,,-9.24%,,,,,,,,,,,,
,,,,,,,,,,,,,,,,,,2018,10/24/2018,$                                                      153.12,,,,,,,,,,1.82%,$            153.12,2.79,,,,,,,,3.04%,,,5.85,,-12.10%,,,,,,,,,,,,
,,,,,,,,,,,,,,,,,,2018,10/25/2018,$                                                     156.92,,,,,,,,,,1.78%,$           156.92,2.79,,,,,,,,2.96%,,,5.85,,-9.91%,,,,,,,,,,,,
,,,,,,,,,,,,,,,,,,2018,10/26/2018,$                                                     154.45,,,,,,,,,,1.81%,$           154.45,2.79,,,,,,,,3.01%,,,5.85,,-11.33%,,,,,,,,,,,,
,,,,,,,,,,,,,,,,,,2018,10/29/2018,$                                                     152.74,,,,,,,,,,1.83%,$           152.74,2.79,,,,,,,,3.04%,,,5.85,,-12.31%,,,,,,,,,,,,
,,,,,,,,,,,,,,,,,,2018,10/30/2018,$                                                     154.62,,,,,,,,,,1.80%,$           154.62,2.79,,,,,,,,3.01%,,,5.85,,-11.23%,,,,,,,,,,,,
,,,,,,,,,,,,,,,,,,2018,10/31/2018,$                                                     157.62,,,,,,,,,,1.77%,$           157.62,2.79,,,,,,,,2.95%,,,5.85,,-9.51%,,,,,,,,,,,,
,,,,,,,,,,,,,,,,,,2018,11/1/2018,$                                                     158.58,,,,,,,,,,1.76%,$           158.58,2.79,,,,,,,,2.93%,,,5.85,,-8.96%,,,,,,,,,,,,
,,,,,,,,,,,,,,,,,,2018,11/2/2018,$                                                     157.39,,,,,,,,,,1.77%,$           157.39,2.79,,,,,,,,2.95%,,,5.85,,-9.64%,,,,,,,,,,,,
,,,,,,,,,,,,,,,,,,2018,11/5/2018,$                                                     158.60,,,,,,,,,,1.76%,$           158.60,2.79,,,,,,,,2.93%,,,5.85,,-8.95%,,,,,,,,,,,,
,,,,,,,,,,,,,,,,,,2018,11/6/2018,$                                                     159.42,,,,,,,,,,1.75%,$           159.42,2.79,,,,,,,,2.92%,,,5.85,,-8.48%,,,,,,,,,,,,
,,,,,,,,,,,,,,,,,,2018,11/7/2018,$                                                     163.87,,,,,,,,,,1.70%,$           163.87,2.79,,,,,,,,2.84%,,,5.85,,-5.92%,,,,,,,,,,,,
,,,,,,,,,,,,,,,,,,2018,11/8/2018,$                                                     164.50,,,,,,,,,,1.70%,$           164.50,2.79,,,,,,,,2.83%,,,5.85,,-5.56%,,,,,,,,,,,,
,,,,,,,,,,,,,,,,,,2018,11/9/2018,$                                                      165.15,,,,,,,,,,1.69%,$            165.15,2.79,,,,,,,,2.82%,,,5.85,,-5.19%,,,,,,,,,,,,
,,,,,,,,,,,,,,,,,,2018,11/12/2018,$                                                     162.44,,,,,,,,,,1.72%,$           162.44,2.79,,,,,,,,2.86%,,,5.85,,-6.75%,,,,,,,,,,,,
,,,,,,,,,,,,,,,,,,2018,11/13/2018,$                                                      161.45,,,,,,,,,,1.73%,$            161.45,2.79,,,,,,,,2.88%,,,5.85,,-7.31%,,,,,,,,,,,,
,,,,,,,,,,,,,,,,,,2018,11/14/2018,$                                                     160.29,,,,,,,,,,1.74%,$           160.29,2.79,,,,,,,,2.90%,,,5.85,,-7.98%,,,,,,,,,,,,
,,,,,,,,,,,,,,,,,,2018,11/15/2018,$                                                     162.49,,,,,,,,,,1.72%,$           162.49,2.79,,,,,,,,2.86%,,,5.85,,-6.72%,,,,,,,,,,,,
,,,,,,,,,,,,,,,,,,2018,11/16/2018,$                                                     165.00,,,,,,,,,,1.69%,$           165.00,2.79,,,,,,,,2.82%,,,5.85,,-5.28%,,,,,,,,,,,,
,,,,,,,,,,,,,,,,,,2018,11/19/2018,$                                                     162.77,,,,,,,,,,1.71%,$           162.77,2.79,,,,,,,,2.86%,,,5.85,,-6.56%,,,,,,,,,,,,
,,,,,,,,,,,,,,,,,,2018,11/20/2018,$                                                     158.90,,,,,,,,,,1.76%,$           158.90,2.79,,,,,,,,2.93%,,,5.85,,-8.78%,,,,,,,,,,,,
,,,,,,,,,,,,,,,,,,2018,11/21/2018,$                                                     156.98,,,,,,,,,,1.78%,$           156.98,2.79,,,,,,,,2.96%,,,5.85,,-9.88%,,,,,,,,,,,,
,,,,,,,,,,,,,,,,,,2018,11/23/2018,$                                                     156.93,,,,,,,,,,1.78%,$           156.93,2.79,,,,,,,,2.96%,,,5.85,,-9.91%,,,,,,,,,,,,
,,,,,,,,,,,,,,,,,,2018,11/26/2018,$                                                     158.40,,,,,,,,,,1.76%,$           158.40,2.79,,,,,,,,2.94%,,,5.85,,-9.06%,,,,,,,,,,,,
,,,,,,,,,,,,,,,,,,2018,11/27/2018,$                                                       159.11,,,,,,,,,,1.75%,$             159.11,2.79,,,,,,,,2.92%,,,5.85,,-8.66%,,,,,,,,,,,,
,,,,,,,,,,,,,,,,,,2018,11/28/2018,$                                                      162.21,,,,,,,,,,1.72%,$            162.21,2.79,,,,,,,,2.87%,,,5.85,,-6.88%,,,,,,,,,,,,
,,,,,,,,,,,,,,,,,,2018,11/29/2018,$                                                      161.07,,,,,,,,,,1.73%,$            161.07,2.79,,,,,,,,2.89%,,,5.85,,-7.53%,,,,,,,,,,,,
,,,,,,,,,,,,,,,,,,2018,11/30/2018,$                                                     164.52,,,,,,,,,,1.70%,$           164.52,2.79,,,,,,,,2.83%,,,5.85,,-5.55%,,,,,,,,,,,,
,,,,,,,,,,,,,,,,,,2018,12/3/2018,$                                                     166.82,,,,,,,,,,1.67%,$           166.82,2.79,,,,,,,,2.79%,,,5.85,,-4.23%,,,,,,,,,,,,
,,,,,,,,,,,,,,,,,,2018,12/4/2018,$                                                      164.21,,,,,,,,,,1.70%,$            164.21,2.79,,,,,,,,2.83%,,,5.85,,-5.73%,,,,,,,,,,,,
,,,,,,,,,,,,,,,,,,2018,12/6/2018,$                                                     159.25,,,,,,,,,,1.75%,$           159.25,2.79,,,,,,,,2.92%,,,5.85,,-8.58%,,,,,,,,,,,,
,,,,,,,,,,,,,,,,,,2018,12/7/2018,$                                                     157.45,,,,,,,,,,1.77%,$           157.45,2.79,,,,,,,,2.95%,,,5.85,,-9.61%,,,,,,,,,,,,
,,,,,,,,,,,,,,,,,,2018,12/10/2018,$                                                     157.72,,,,,,,,,,1.77%,$           157.72,2.79,,,,,,,,2.95%,,,5.85,,-9.46%,,,,,,,,,,,,
,,,,,,,,,,,,,,,,,,2018,12/11/2018,$                                                     158.30,,,,,,,,,,1.76%,$           158.30,2.79,,,,,,,,2.94%,,,5.85,,-9.12%,,,,,,,,,,,,
,,,,,,,,,,,,,,,,,,2018,12/12/2018,$                                                     158.62,,,,,,,,,,1.76%,$           158.62,2.79,,,,,,,,2.93%,,,5.85,,-8.94%,,,,,,,,,,,,
,,,,,,,,,,,,,,,,,,2018,12/13/2018,$                                                     160.25,,,,,,,,,,1.74%,$           160.25,2.79,,,,,,,,2.90%,,,5.85,,-8.00%,,,,,,,,,,,,
,,,,,,,,,,,,,,,,,,2018,12/14/2018,$                                                     155.53,,,,,,,,,,1.79%,$           155.53,2.79,,,,,,,,2.99%,,,5.85,,-10.71%,,,,,,,,,,,,
,,,,,,,,,,,,,,,,,,2018,12/17/2018,$                                                      151.67,,,,,,,,,,1.84%,$            151.67,2.79,,,,,,,,3.07%,,,5.85,,-12.93%,,,,,,,,,,,,
,,,,,,,,,,,,,,,,,,2018,12/18/2018,$                                                      152.14,,,,,,,,,,1.83%,$            152.14,2.79,,,,,,,,3.06%,,,5.85,,-12.66%,,,,,,,,,,,,
,,,,,,,,,,,,,,,,,,2018,12/19/2018,$                                                     150.96,,,,,,,,,,1.85%,$           150.96,2.79,,,,,,,,3.08%,,,5.85,,-13.34%,,,,,,,,,,,,
,,,,,,,,,,,,,,,,,,2018,12/20/2018,$                                                     143.50,,,,,,,,,,1.94%,$           143.50,2.79,,,,,,,,3.24%,,,5.85,,-17.62%,,,,,,,,,,,,
,,,,,,,,,,,,,,,,,,2018,12/21/2018,$                                                     137.20,,,,,,,,,,2.03%,$           137.20,2.79,,,,,,,,3.39%,,,5.85,,-21.24%,,,,,,,,,,,,
,,,,,,,,,,,,,,,,,,2018,12/24/2018,$                                                     133.67,,,,,,,,,,2.09%,$           133.67,2.79,,,,,,,,3.48%,,,5.85,,-23.26%,,,,,,,,,,,,
,,,,,,,,,,,,,,,,,,2018,12/26/2018,$                                                      139.01,,,,,,,,,,2.01%,$            139.01,2.79,,,,,,,,3.35%,,,5.85,,-20.20%,,,,,,,,,,,,
,,,,,,,,,,,,,,,,,,2018,12/27/2018,$                                                      140.41,,,,,,,,,,1.99%,$            140.41,2.79,,,,,,,,3.31%,,,5.85,,-19.39%,,,,,,,,,,,,
,,,,,,,,,,,,,,,,,,2018,12/28/2018,$                                                     139.82,,,,,,,,,,2.00%,$           139.82,2.79,,,,,,,,3.33%,,,5.85,,-19.73%,,,,,,,,,,,,
,,,,,,,,,,,,,,,,,,2018,12/31/2018,$                                                       141.01,,,,,,,,,,1.98%,$             141.01,2.79,,,,,,,,3.30%,,,5.85,,-19.05%,,,,,,,,,,,,
,,,,,,,,,,,,,,,,,,2019,1/2/2019,$                                                     140.59,,,,,,,,,,2.18%,$           140.59,3.06,,,,,,,,3.31%,,,3.06,,-19.29%,,,,,,,,,,,,
,,,,,,,,,,,,,,,,,,2019,1/3/2019,$                                                     135.79,,,,,,,,,,2.25%,$           135.79,3.06,,,,,,,,3.42%,,,3.06,,-22.04%,,,,,,,,,,,,
,,,,,,,,,,,,,,,,,,2019,1/4/2019,$                                                      141.07,,,,,,,,,,2.17%,$            141.07,3.06,,,,,,,,3.30%,,,3.06,,-19.01%,,,,,,,,,,,,
,,,,,,,,,,,,,,,,,,2019,1/7/2019,$                                                      141.56,,,,,,,,,,2.16%,$            141.56,3.06,,,,,,,,3.28%,,,3.06,,-18.73%,,,,,,,,,,,,
,,,,,,,,,,,,,,,,,,2019,1/8/2019,$                                                      145.14,,,,,,,,,,2.11%,$            145.14,3.06,,,,,,,,3.20%,,,3.06,,-16.68%,,,,,,,,,,,,
,,,,,,,,,,,,,,,,,,2019,1/9/2019,$                                                     145.87,,,,,,,,,,2.10%,$           145.87,3.06,,,,,,,,3.19%,,,3.06,,-16.26%,,,,,,,,,,,,
,,,,,,,,,,,,,,,,,,2019,1/10/2019,$                                                     147.02,,,,,,,,,,2.08%,$           147.02,3.06,,,,,,,,3.16%,,,3.06,,-15.60%,,,,,,,,,,,,
,,,,,,,,,,,,,,,,,,2019,1/11/2019,$                                                     146.23,,,,,,,,,,2.09%,$           146.23,3.06,,,,,,,,3.18%,,,3.06,,-16.05%,,,,,,,,,,,,
,,,,,,,,,,,,,,,,,,2019,1/14/2019,$                                                     144.93,,,,,,,,,,2.11%,$           144.93,3.06,,,,,,,,3.21%,,,3.06,,-16.80%,,,,,,,,,,,,
,,,,,,,,,,,,,,,,,,2019,1/15/2019,$                                                     146.89,,,,,,,,,,2.08%,$           146.89,3.06,,,,,,,,3.17%,,,3.06,,-15.67%,,,,,,,,,,,,
,,,,,,,,,,,,,,,,,,2019,1/16/2019,$                                                     147.88,,,,,,,,,,2.07%,$           147.88,3.06,,,,,,,,3.14%,,,3.06,,-15.10%,,,,,,,,,,,,
,,,,,,,,,,,,,,,,,,2019,1/17/2019,$                                                      149.12,,,,,,,,,,2.05%,$            149.12,3.06,,,,,,,,3.12%,,,3.06,,-14.39%,,,,,,,,,,,,
,,,,,,,,,,,,,,,,,,2019,1/18/2019,$                                                     150.45,,,,,,,,,,2.03%,$           150.45,3.06,,,,,,,,3.09%,,,3.06,,-13.63%,,,,,,,,,,,,
,,,,,,,,,,,,,,,,,,2019,1/22/2019,$                                                     148.97,,,,,,,,,,2.05%,$           148.97,3.06,,,,,,,,3.12%,,,3.06,,-14.48%,,,,,,,,,,,,
,,,,,,,,,,,,,,,,,,2019,1/23/2019,$                                                     148.42,,,,,,,,,,2.06%,$           148.42,3.06,,,,,,,,3.13%,,,3.06,,-14.79%,,,,,,,,,,,,
,,,,,,,,,,,,,,,,,,2019,1/24/2019,$                                                      150.15,,,,,,,,,,2.04%,$            150.15,3.06,,,,,,,,3.10%,,,3.06,,-13.80%,,,,,,,,,,,,
,,,,,,,,,,,,,,,,,,2019,1/25/2019,$                                                      151.85,,,,,,,,,,2.02%,$            151.85,3.06,,,,,,,,3.06%,,,3.06,,-12.83%,,,,,,,,,,,,
,,,,,,,,,,,,,,,,,,2019,1/28/2019,$                                                     152.24,,,,,,,,,,2.01%,$           152.24,3.06,,,,,,,,3.05%,,,3.06,,-12.60%,,,,,,,,,,,,
,,,,,,,,,,,,,,,,,,2019,1/29/2019,$                                                     152.02,,,,,,,,,,2.01%,$           152.02,3.06,,,,,,,,3.06%,,,3.06,,-12.73%,,,,,,,,,,,,
,,,,,,,,,,,,,,,,,,2019,1/30/2019,$                                                     154.09,,,,,,,,,,1.99%,$           154.09,3.06,,,,,,,,3.02%,,,3.06,,-11.54%,,,,,,,,,,,,
,,,,,,,,,,,,,,,,,,2019,1/31/2019,$                                                     153.55,,,,,,,,,,1.99%,$           153.55,3.06,,,,,,,,3.03%,,,3.06,,-11.85%,,,,,,,,,,,,
,,,,,,,,,,,,,,,,,,2019,2/1/2019,$                                                     154.74,,,,,,,,,,1.98%,$           154.74,3.06,,,,,,,,3.01%,,,3.06,,-11.17%,,,,,,,,,,,,
,,,,,,,,,,,,,,,,,,2019,2/4/2019,$                                                     156.55,,,,,,,,,,1.95%,$           156.55,3.06,,,,,,,,2.97%,,,3.06,,-10.13%,,,,,,,,,,,,
,,,,,,,,,,,,,,,,,,2019,2/5/2019,$                                                     157.32,,,,,,,,,,1.95%,$           157.32,3.06,,,,,,,,2.96%,,,3.06,,-9.68%,,,,,,,,,,,,
,,,,,,,,,,,,,,,,,,2019,2/6/2019,$                                                      157.16,,,,,,,,,,1.95%,$            157.16,3.06,,,,,,,,2.96%,,,3.06,,-9.78%,,,,,,,,,,,,
,,,,,,,,,,,,,,,,,,2019,2/7/2019,$                                                      155.18,,,,,,,,,,1.97%,$            155.18,3.06,,,,,,,,3.00%,,,3.06,,-10.91%,,,,,,,,,,,,
,,,,,,,,,,,,,,,,,,2019,2/8/2019,$                                                     155.59,,,,,,,,,,1.97%,$           155.59,3.06,,,,,,,,2.99%,,,3.06,,-10.68%,,,,,,,,,,,,
,,,,,,,,,,,,,,,,,,2019,2/11/2019,$                                                     155.32,,,,,,,,,,1.97%,$           155.32,3.06,,,,,,,,2.99%,,,3.06,,-10.83%,,,,,,,,,,,,
,,,,,,,,,,,,,,,,,,2019,2/12/2019,$                                                     156.63,,,,,,,,,,1.95%,$           156.63,3.06,,,,,,,,2.97%,,,3.06,,-10.08%,,,,,,,,,,,,
,,,,,,,,,,,,,,,,,,2019,2/13/2019,$                                                     158.03,,,,,,,,,,1.94%,$           158.03,3.06,,,,,,,,2.94%,,,3.06,,-9.28%,,,,,,,,,,,,
,,,,,,,,,,,,,,,,,,2019,2/14/2019,$                                                     157.85,,,,,,,,,,1.94%,$           157.85,3.06,,,,,,,,2.95%,,,3.06,,-9.38%,,,,,,,,,,,,
,,,,,,,,,,,,,,,,,,2019,2/15/2019,$                                                     159.23,,,,,,,,,,1.92%,$           159.23,3.06,,,,,,,,2.92%,,,3.06,,-8.59%,,,,,,,,,,,,
,,,,,,,,,,,,,,,,,,2019,2/19/2019,$                                                     159.48,,,,,,,,,,1.92%,$           159.48,3.06,,,,,,,,2.92%,,,3.06,,-8.44%,,,,,,,,,,,,
,,,,,,,,,,,,,,,,,,2019,2/20/2019,$                                                      159.71,,,,,,,,,,1.92%,$            159.71,3.06,,,,,,,,2.91%,,,3.06,,-8.31%,,,,,,,,,,,,
,,,,,,,,,,,,,,,,,,2019,2/21/2019,$                                                     159.53,,,,,,,,,,1.92%,$           159.53,3.06,,,,,,,,2.91%,,,3.06,,-8.42%,,,,,,,,,,,,
,,,,,,,,,,,,,,,,,,2019,2/22/2019,$                                                      161.50,,,,,,,,,,1.89%,$            161.50,3.06,,,,,,,,2.88%,,,3.06,,-7.29%,,,,,,,,,,,,
,,,,,,,,,,,,,,,,,,2019,2/25/2019,$                                                      161.67,,,,,,,,,,1.89%,$            161.67,3.06,,,,,,,,2.88%,,,3.06,,-7.19%,,,,,,,,,,,,
,,,,,,,,,,,,,,,,,,2019,2/26/2019,$                                                      161.34,,,,,,,,,,1.90%,$            161.34,3.06,,,,,,,,2.88%,,,3.06,,-7.38%,,,,,,,,,,,,
,,,,,,,,,,,,,,,,,,2019,2/27/2019,$                                                     160.63,,,,,,,,,,1.90%,$           160.63,3.06,,,,,,,,2.89%,,,3.06,,-7.78%,,,,,,,,,,,,
,,,,,,,,,,,,,,,,,,2019,2/28/2019,$                                                      161.38,,,,,,,,,,1.90%,$            161.38,3.06,,,,,,,,2.88%,,,3.06,,-7.35%,,,,,,,,,,,,
,,,,,,,,,,,,,,,,,,2019,3/1/2019,$                                                     164.20,,,,,,,,,,1.86%,$           164.20,3.06,,,,,,,,2.83%,,,3.06,,-5.74%,,,,,,,,,,,,
,,,,,,,,,,,,,,,,,,2019,3/4/2019,$                                                     162.82,,,,,,,,,,1.88%,$           162.82,3.06,,,,,,,,2.86%,,,3.06,,-6.53%,,,,,,,,,,,,
,,,,,,,,,,,,,,,,,,2019,3/5/2019,$                                                     163.67,,,,,,,,,,1.87%,$           163.67,3.06,,,,,,,,2.84%,,,3.06,,-6.04%,,,,,,,,,,,,
,,,,,,,,,,,,,,,,,,2019,3/6/2019,$                                                     162.39,,,,,,,,,,1.88%,$           162.39,3.06,,,,,,,,2.86%,,,3.06,,-6.77%,,,,,,,,,,,,
,,,,,,,,,,,,,,,,,,2019,3/7/2019,$                                                      161.85,,,,,,,,,,1.89%,$            161.85,3.06,,,,,,,,2.87%,,,3.06,,-7.08%,,,,,,,,,,,,
,,,,,,,,,,,,,,,,,,2019,3/8/2019,$                                                      161.69,,,,,,,,,,1.89%,$            161.69,3.06,,,,,,,,2.88%,,,3.06,,-7.18%,,,,,,,,,,,,
,,,,,,,,,,,,,,,,,,2019,3/11/2019,$                                                     163.94,,,,,,,,,,1.87%,$           163.94,3.06,,,,,,,,2.84%,,,3.06,,-5.88%,,,,,,,,,,,,
,,,,,,,,,,,,,,,,,,2019,3/12/2019,$                                                     163.99,,,,,,,,,,1.87%,$           163.99,3.06,,,,,,,,2.84%,,,3.06,,-5.86%,,,,,,,,,,,,
,,,,,,,,,,,,,,,,,,2019,3/13/2019,$                                                       164.11,,,,,,,,,,1.86%,$             164.11,3.06,,,,,,,,2.83%,,,3.06,,-5.79%,,,,,,,,,,,,
,,,,,,,,,,,,,,,,,,2019,3/14/2019,$                                                     164.82,,,,,,,,,,1.86%,$           164.82,3.06,,,,,,,,2.82%,,,3.06,,-5.38%,,,,,,,,,,,,
,,,,,,,,,,,,,,,,,,2019,3/15/2019,$                                                     166.39,,,,,,,,,,1.84%,$           166.39,3.06,,,,,,,,2.79%,,,3.06,,-4.48%,,,,,,,,,,,,
,,,,,,,,,,,,,,,,,,2019,3/18/2019,$                                                     166.43,,,,,,,,,,1.84%,$           166.43,3.06,,,,,,,,2.79%,,,3.06,,-4.45%,,,,,,,,,,,,
,,,,,,,,,,,,,,,,,,2019,3/19/2019,$                                                     166.20,,,,,,,,,,1.84%,$           166.20,3.06,,,,,,,,2.80%,,,3.06,,-4.59%,,,,,,,,,,,,
,,,,,,,,,,,,,,,,,,2019,3/20/2019,$                                                     166.27,,,,,,,,,,1.84%,$           166.27,3.06,,,,,,,,2.80%,,,3.06,,-4.55%,,,,,,,,,,,,
,,,,,,,,,,,,,,,,,,2019,3/21/2019,$                                                     168.24,,,,,,,,,,1.82%,$           168.24,3.06,,,,,,,,2.76%,,,3.06,,-3.42%,,,,,,,,,,,,
,,,,,,,,,,,,,,,,,,2019,3/22/2019,$                                                     165.24,,,,,,,,,,1.85%,$           165.24,3.06,,,,,,,,2.81%,,,3.06,,-5.14%,,,,,,,,,,,,
,,,,,,,,,,,,,,,,,,2019,3/25/2019,$                                                     165.08,,,,,,,,,,1.85%,$           165.08,3.06,,,,,,,,2.82%,,,3.06,,-5.23%,,,,,,,,,,,,
,,,,,,,,,,,,,,,,,,2019,3/26/2019,$                                                     166.94,,,,,,,,,,1.83%,$           166.94,3.06,,,,,,,,2.79%,,,3.06,,-4.16%,,,,,,,,,,,,
,,,,,,,,,,,,,,,,,,2019,3/27/2019,$                                                     166.47,,,,,,,,,,1.84%,$           166.47,3.06,,,,,,,,2.79%,,,3.06,,-4.43%,,,,,,,,,,,,
,,,,,,,,,,,,,,,,,,2019,3/28/2019,$                                                      175.12,,,,,,,,,,1.75%,$            175.12,3.06,,,,,,,,2.66%,,,3.06,,0.00%,,,,,,,,,,,,
,,,,,,,,,,,,,,,,,,2019,3/29/2019,$                                                     176.02,,,,,,,,,,1.74%,$           176.02,3.06,,,,,,,,2.64%,,,3.06,,0.00%,,,,,,,,,,,,
,,,,,,,,,,,,,,,,,,2019,4/1/2019,$                                                     176.32,,,,,,,,,,1.74%,$           176.32,3.06,,,,,,,,2.64%,,,3.06,,0.00%,,,,,,,,,,,,
,,,,,,,,,,,,,,,,,,2019,4/2/2019,$                                                     175.37,,,,,,,,,,1.74%,$           175.37,3.06,,,,,,,,2.65%,,,3.06,,-0.54%,,,,,,,,,,,,
,,,,,,,,,,,,,,,,,,2019,4/3/2019,$                                                      177.19,,,,,,,,,,1.73%,$            177.19,3.06,,,,,,,,2.62%,,,3.06,,0.00%,,,,,,,,,,,,
,,,,,,,,,,,,,,,,,,2019,4/4/2019,$                                                      177.16,,,,,,,,,,1.73%,$            177.16,3.06,,,,,,,,2.62%,,,3.06,,-0.02%,,,,,,,,,,,,
,,,,,,,,,,,,,,,,,,2019,4/5/2019,$                                                      178.15,,,,,,,,,,1.72%,$            178.15,3.06,,,,,,,,2.61%,,,3.06,,0.00%,,,,,,,,,,,,
,,,,,,,,,,,,,,,,,,2019,4/8/2019,$                                                      178.91,,,,,,,,,,1.71%,$            178.91,3.06,,,,,,,,2.60%,,,3.06,,0.00%,,,,,,,,,,,,
,,,,,,,,,,,,,,,,,,2019,4/9/2019,$                                                     177.73,,,,,,,,,,1.72%,$           177.73,3.06,,,,,,,,2.62%,,,3.06,,-0.66%,,,,,,,,,,,,
,,,,,,,,,,,,,,,,,,2019,4/10/2019,$                                                     177.00,,,,,,,,,,1.73%,$           177.00,3.06,,,,,,,,2.63%,,,3.06,,-1.07%,,,,,,,,,,,,
,,,,,,,,,,,,,,,,,,2019,4/11/2019,$                                                     178.36,,,,,,,,,,1.72%,$           178.36,3.06,,,,,,,,2.61%,,,3.06,,-0.31%,,,,,,,,,,,,
,,,,,,,,,,,,,,,,,,2019,4/12/2019,$                                                     178.64,,,,,,,,,,1.71%,$           178.64,3.06,,,,,,,,2.60%,,,3.06,,-0.15%,,,,,,,,,,,,
,,,,,,,,,,,,,,,,,,2019,4/15/2019,$                                                     179.30,,,,,,,,,,1.71%,$           179.30,3.06,,,,,,,,2.59%,,,3.06,,0.00%,,,,,,,,,,,,
,,,,,,,,,,,,,,,,,,2019,4/16/2019,$                                                     179.06,,,,,,,,,,1.71%,$           179.06,3.06,,,,,,,,2.60%,,,3.06,,-0.13%,,,,,,,,,,,,
,,,,,,,,,,,,,,,,,,2019,4/17/2019,$                                                     178.95,,,,,,,,,,1.71%,$           178.95,3.06,,,,,,,,2.60%,,,3.06,,-0.20%,,,,,,,,,,,,
,,,,,,,,,,,,,,,,,,2019,4/18/2019,$                                                      178.61,,,,,,,,,,1.71%,$            178.61,3.06,,,,,,,,2.60%,,,3.06,,-0.38%,,,,,,,,,,,,
,,,,,,,,,,,,,,,,,,2019,4/22/2019,$                                                     178.07,,,,,,,,,,1.72%,$           178.07,3.06,,,,,,,,2.61%,,,3.06,,-0.69%,,,,,,,,,,,,
,,,,,,,,,,,,,,,,,,2019,4/23/2019,$                                                     180.48,,,,,,,,,,1.70%,$           180.48,3.06,,,,,,,,2.58%,,,3.06,,0.00%,,,,,,,,,,,,
,,,,,,,,,,,,,,,,,,2019,4/24/2019,$                                                      180.81,,,,,,,,,,1.69%,$            180.81,3.06,,,,,,,,2.57%,,,3.06,,0.00%,,,,,,,,,,,,
,,,,,,,,,,,,,,,,,,2019,4/25/2019,$                                                     179.95,,,,,,,,,,1.70%,$           179.95,3.06,,,,,,,,2.58%,,,3.06,,-0.48%,,,,,,,,,,,,
,,,,,,,,,,,,,,,,,,2019,4/26/2019,$                                                     180.83,,,,,,,,,,1.69%,$           180.83,3.06,,,,,,,,2.57%,,,3.06,,0.00%,,,,,,,,,,,,
,,,,,,,,,,,,,,,,,,2019,4/29/2019,$                                                       181.21,,,,,,,,,,1.69%,$             181.21,3.06,,,,,,,,2.57%,,,3.06,,0.00%,,,,,,,,,,,,
,,,,,,,,,,,,,,,,,,2019,4/30/2019,$                                                     182.67,,,,,,,,,,1.68%,$           182.67,3.06,,,,,,,,2.55%,,,3.06,,0.00%,,,,,,,,,,,,
,,,,,,,,,,,,,,,,,,2019,5/1/2019,$                                                       181.31,,,,,,,,,,1.69%,$             181.31,3.06,,,,,,,,2.56%,,,3.06,,-0.74%,,,,,,,,,,,,
,,,,,,,,,,,,,,,,,,2019,5/2/2019,$                                                     179.39,,,,,,,,,,1.71%,$           179.39,3.06,,,,,,,,2.59%,,,3.06,,-1.80%,,,,,,,,,,,,
,,,,,,,,,,,,,,,,,,2019,5/3/2019,$                                                     176.98,,,,,,,,,,1.73%,$           176.98,3.06,,,,,,,,2.63%,,,3.06,,-3.11%,,,,,,,,,,,,
,,,,,,,,,,,,,,,,,,2019,5/6/2019,$                                                     176.26,,,,,,,,,,1.74%,$           176.26,3.06,,,,,,,,2.64%,,,3.06,,-3.51%,,,,,,,,,,,,
,,,,,,,,,,,,,,,,,,2019,5/7/2019,$                                                     173.94,,,,,,,,,,1.76%,$           173.94,3.06,,,,,,,,2.67%,,,3.06,,-4.78%,,,,,,,,,,,,
,,,,,,,,,,,,,,,,,,2019,5/8/2019,$                                                     173.82,,,,,,,,,,1.76%,$           173.82,3.06,,,,,,,,2.68%,,,3.06,,-4.84%,,,,,,,,,,,,
,,,,,,,,,,,,,,,,,,2019,5/9/2019,$                                                     174.46,,,,,,,,,,1.75%,$           174.46,3.06,,,,,,,,2.67%,,,3.06,,-4.49%,,,,,,,,,,,,
,,,,,,,,,,,,,,,,,,2019,5/10/2019,$                                                     174.30,,,,,,,,,,1.76%,$           174.30,3.06,,,,,,,,2.67%,,,3.06,,-4.58%,,,,,,,,,,,,
,,,,,,,,,,,,,,,,,,2019,5/13/2019,$                                                      171.02,,,,,,,,,,1.79%,$            171.02,3.06,,,,,,,,2.72%,,,3.06,,-6.38%,,,,,,,,,,,,
,,,,,,,,,,,,,,,,,,2019,5/14/2019,$                                                      173.61,,,,,,,,,,1.76%,$            173.61,3.06,,,,,,,,2.68%,,,3.06,,-4.96%,,,,,,,,,,,,
,,,,,,,,,,,,,,,,,,2019,5/15/2019,$                                                     175.40,,,,,,,,,,1.74%,$           175.40,3.06,,,,,,,,2.65%,,,3.06,,-3.98%,,,,,,,,,,,,
,,,,,,,,,,,,,,,,,,2019,5/16/2019,$                                                      178.17,,,,,,,,,,1.72%,$            178.17,3.06,,,,,,,,2.61%,,,3.06,,-2.46%,,,,,,,,,,,,
,,,,,,,,,,,,,,,,,,2019,5/17/2019,$                                                     178.33,,,,,,,,,,1.72%,$           178.33,3.06,,,,,,,,2.61%,,,3.06,,-2.38%,,,,,,,,,,,,
,,,,,,,,,,,,,,,,,,2019,5/20/2019,$                                                     178.54,,,,,,,,,,1.71%,$           178.54,3.06,,,,,,,,2.60%,,,3.06,,-2.26%,,,,,,,,,,,,
,,,,,,,,,,,,,,,,,,2019,5/21/2019,$                                                     179.57,,,,,,,,,,1.70%,$           179.57,3.06,,,,,,,,2.59%,,,3.06,,-1.70%,,,,,,,,,,,,
,,,,,,,,,,,,,,,,,,2019,5/22/2019,$                                                     180.39,,,,,,,,,,1.70%,$           180.39,3.06,,,,,,,,2.58%,,,3.06,,-1.25%,,,,,,,,,,,,
,,,,,,,,,,,,,,,,,,2019,5/23/2019,$                                                     178.27,,,,,,,,,,1.72%,$           178.27,3.06,,,,,,,,2.61%,,,3.06,,-2.41%,,,,,,,,,,,,
,,,,,,,,,,,,,,,,,,2019,5/24/2019,$                                                      178.81,,,,,,,,,,1.71%,$            178.81,3.06,,,,,,,,2.60%,,,3.06,,-2.11%,,,,,,,,,,,,
,,,,,,,,,,,,,,,,,,2019,5/28/2019,$                                                     178.39,,,,,,,,,,1.72%,$           178.39,3.06,,,,,,,,2.61%,,,3.06,,-2.34%,,,,,,,,,,,,
,,,,,,,,,,,,,,,,,,2019,5/29/2019,$                                                      177.61,,,,,,,,,,1.72%,$            177.61,3.06,,,,,,,,2.62%,,,3.06,,-2.77%,,,,,,,,,,,,
,,,,,,,,,,,,,,,,,,2019,5/30/2019,$                                                     178.82,,,,,,,,,,1.71%,$           178.82,3.06,,,,,,,,2.60%,,,3.06,,-2.11%,,,,,,,,,,,,
,,,,,,,,,,,,,,,,,,2019,5/31/2019,$                                                     178.07,,,,,,,,,,1.72%,$           178.07,3.06,,,,,,,,2.61%,,,3.06,,-2.52%,,,,,,,,,,,,
,,,,,,,,,,,,,,,,,,2019,6/3/2019,$                                                      175.16,,,,,,,,,,1.75%,$            175.16,3.06,,,,,,,,2.65%,,,3.06,,-4.11%,,,,,,,,,,,,
,,,,,,,,,,,,,,,,,,2019,6/4/2019,$                                                     177.97,,,,,,,,,,1.72%,$           177.97,3.06,,,,,,,,2.61%,,,3.06,,-2.57%,,,,,,,,,,,,
,,,,,,,,,,,,,,,,,,2019,6/5/2019,$                                                     179.56,,,,,,,,,,1.70%,$           179.56,3.06,,,,,,,,2.59%,,,3.06,,-1.70%,,,,,,,,,,,,
,,,,,,,,,,,,,,,,,,2019,6/6/2019,$                                                     180.40,,,,,,,,,,1.70%,$           180.40,3.06,,,,,,,,2.58%,,,3.06,,-1.24%,,,,,,,,,,,,
,,,,,,,,,,,,,,,,,,2019,6/7/2019,$                                                     182.92,,,,,,,,,,1.67%,$           182.92,3.06,,,,,,,,2.54%,,,3.06,,0.00%,,,,,,,,,,,,
,,,,,,,,,,,,,,,,,,2019,6/10/2019,$                                                     184.44,,,,,,,,,,1.66%,$           184.44,3.06,,,,,,,,2.52%,,,3.06,,0.00%,,,,,,,,,,,,
,,,,,,,,,,,,,,,,,,2019,6/11/2019,$                                                     183.37,,,,,,,,,,1.67%,$           183.37,3.06,,,,,,,,2.54%,,,3.06,,-0.58%,,,,,,,,,,,,
,,,,,,,,,,,,,,,,,,2019,6/12/2019,$                                                     184.59,,,,,,,,,,1.66%,$           184.59,3.06,,,,,,,,2.52%,,,3.06,,0.00%,,,,,,,,,,,,
,,,,,,,,,,,,,,,,,,2019,6/13/2019,$                                                     184.95,,,,,,,,,,1.65%,$           184.95,3.06,,,,,,,,2.51%,,,3.06,,0.00%,,,,,,,,,,,,
,,,,,,,,,,,,,,,,,,2019,6/14/2019,$                                                     184.97,,,,,,,,,,1.65%,$           184.97,3.06,,,,,,,,2.51%,,,3.06,,0.00%,,,,,,,,,,,,
,,,,,,,,,,,,,,,,,,2019,6/17/2019,$                                                     183.90,,,,,,,,,,1.66%,$           183.90,3.06,,,,,,,,2.53%,,,3.06,,-0.58%,,,,,,,,,,,,
,,,,,,,,,,,,,,,,,,2019,6/18/2019,$                                                     184.50,,,,,,,,,,1.66%,$           184.50,3.06,,,,,,,,2.52%,,,3.06,,-0.25%,,,,,,,,,,,,
,,,,,,,,,,,,,,,,,,2019,6/19/2019,$                                                     183.95,,,,,,,,,,1.66%,$           183.95,3.06,,,,,,,,2.53%,,,3.06,,-0.55%,,,,,,,,,,,,
,,,,,,,,,,,,,,,,,,2019,6/20/2019,$                                                     186.52,,,,,,,,,,1.64%,$           186.52,3.06,,,,,,,,2.49%,,,3.06,,0.00%,,,,,,,,,,,,
,,,,,,,,,,,,,,,,,,2019,6/21/2019,$                                                     185.56,,,,,,,,,,1.65%,$           185.56,3.06,,,,,,,,2.51%,,,3.06,,-0.51%,,,,,,,,,,,,
,,,,,,,,,,,,,,,,,,2019,6/24/2019,$                                                       186.11,,,,,,,,,,1.64%,$             186.11,3.06,,,,,,,,2.50%,,,3.06,,-0.22%,,,,,,,,,,,,
,,,,,,,,,,,,,,,,,,2019,6/25/2019,$                                                     184.90,,,,,,,,,,1.65%,$           184.90,3.06,,,,,,,,2.51%,,,3.06,,-0.87%,,,,,,,,,,,,
,,,,,,,,,,,,,,,,,,2019,6/26/2019,$                                                      183.31,,,,,,,,,,1.67%,$            183.31,3.06,,,,,,,,2.54%,,,3.06,,-1.72%,,,,,,,,,,,,
,,,,,,,,,,,,,,,,,,2019,6/27/2019,$                                                     183.00,,,,,,,,,,1.67%,$           183.00,3.06,,,,,,,,2.54%,,,3.06,,-1.89%,,,,,,,,,,,,
,,,,,,,,,,,,,,,,,,2019,6/28/2019,$                                                     184.77,,,,,,,,,,1.66%,$           184.77,3.06,,,,,,,,2.52%,,,3.06,,-0.94%,,,,,,,,,,,,
,,,,,,,,,,,,,,,,,,2019,7/1/2019,$                                                     186.87,,,,,,,,,,1.64%,$           186.87,3.06,,,,,,,,2.49%,,,3.06,,0.00%,,,,,,,,,,,,
,,,,,,,,,,,,,,,,,,2019,7/2/2019,$                                                     188.60,,,,,,,,,,1.62%,$           188.60,3.06,,,,,,,,2.47%,,,3.06,,0.00%,,,,,,,,,,,,
,,,,,,,,,,,,,,,,,,2019,7/3/2019,$                                                     190.97,,,,,,,,,,1.60%,$           190.97,3.06,,,,,,,,2.43%,,,3.06,,0.00%,,,,,,,,,,,,
,,,,,,,,,,,,,,,,,,2019,7/5/2019,$                                                      191.39,,,,,,,,,,1.60%,$            191.39,3.06,,,,,,,,2.43%,,,3.06,,0.00%,,,,,,,,,,,,
,,,,,,,,,,,,,,,,,,2019,7/8/2019,$                                                      190.31,,,,,,,,,,1.61%,$            190.31,3.06,,,,,,,,2.44%,,,3.06,,-0.56%,,,,,,,,,,,,
,,,,,,,,,,,,,,,,,,2019,7/9/2019,$                                                      191.09,,,,,,,,,,1.60%,$            191.09,3.06,,,,,,,,2.43%,,,3.06,,-0.16%,,,,,,,,,,,,
,,,,,,,,,,,,,,,,,,2019,7/10/2019,$                                                       191.71,,,,,,,,,,1.60%,$             191.71,3.06,,,,,,,,2.43%,,,3.06,,0.00%,,,,,,,,,,,,
,,,,,,,,,,,,,,,,,,2019,7/11/2019,$                                                     194.67,,,,,,,,,,1.57%,$           194.67,3.06,,,,,,,,2.39%,,,3.06,,0.00%,,,,,,,,,,,,
,,,,,,,,,,,,,,,,,,2019,7/12/2019,$                                                      196.21,,,,,,,,,,1.56%,$            196.21,3.06,,,,,,,,2.37%,,,3.06,,0.00%,,,,,,,,,,,,
,,,,,,,,,,,,,,,,,,2019,7/15/2019,$                                                     195.32,,,,,,,,,,1.57%,$           195.32,3.06,,,,,,,,2.38%,,,3.06,,-0.45%,,,,,,,,,,,,
,,,,,,,,,,,,,,,,,,2019,7/16/2019,$                                                     194.25,,,,,,,,,,1.58%,$           194.25,3.06,,,,,,,,2.39%,,,3.06,,-1.00%,,,,,,,,,,,,
,,,,,,,,,,,,,,,,,,2019,7/17/2019,$                                                      193.81,,,,,,,,,,1.58%,$            193.81,3.06,,,,,,,,2.40%,,,3.06,,-1.22%,,,,,,,,,,,,
,,,,,,,,,,,,,,,,,,2019,7/18/2019,$                                                     194.82,,,,,,,,,,1.57%,$           194.82,3.06,,,,,,,,2.39%,,,3.06,,-0.71%,,,,,,,,,,,,
,,,,,,,,,,,,,,,,,,2019,7/19/2019,$                                                     193.93,,,,,,,,,,1.58%,$           193.93,3.06,,,,,,,,2.40%,,,3.06,,-1.16%,,,,,,,,,,,,
,,,,,,,,,,,,,,,,,,2019,7/22/2019,$                                                     194.44,,,,,,,,,,1.57%,$           194.44,3.06,,,,,,,,2.39%,,,3.06,,-0.90%,,,,,,,,,,,,
,,,,,,,,,,,,,,,,,,2019,7/23/2019,$                                                     194.46,,,,,,,,,,1.57%,$           194.46,3.06,,,,,,,,2.39%,,,3.06,,-0.89%,,,,,,,,,,,,
,,,,,,,,,,,,,,,,,,2019,7/24/2019,$                                                     194.47,,,,,,,,,,1.57%,$           194.47,3.06,,,,,,,,2.39%,,,3.06,,-0.89%,,,,,,,,,,,,
,,,,,,,,,,,,,,,,,,2019,7/25/2019,$                                                     194.97,,,,,,,,,,1.57%,$           194.97,3.06,,,,,,,,2.38%,,,3.06,,-0.63%,,,,,,,,,,,,
,,,,,,,,,,,,,,,,,,2019,7/26/2019,$                                                     196.93,,,,,,,,,,1.55%,$           196.93,3.06,,,,,,,,2.36%,,,3.06,,0.00%,,,,,,,,,,,,
,,,,,,,,,,,,,,,,,,2019,7/29/2019,$                                                     197.35,,,,,,,,,,1.55%,$           197.35,3.06,,,,,,,,2.36%,,,3.06,,0.00%,,,,,,,,,,,,
,,,,,,,,,,,,,,,,,,2019,7/30/2019,$                                                     195.65,,,,,,,,,,1.56%,$           195.65,3.06,,,,,,,,2.38%,,,3.06,,-0.86%,,,,,,,,,,,,
,,,,,,,,,,,,,,,,,,2019,7/31/2019,$                                                     192.58,,,,,,,,,,1.59%,$           192.58,3.06,,,,,,,,2.41%,,,3.06,,-2.42%,,,,,,,,,,,,
,,,,,,,,,,,,,,,,,,2019,8/1/2019,$                                                      194.16,,,,,,,,,,1.58%,$            194.16,3.06,,,,,,,,2.39%,,,3.06,,-1.62%,,,,,,,,,,,,
,,,,,,,,,,,,,,,,,,2019,8/2/2019,$                                                      193.01,,,,,,,,,,1.59%,$            193.01,3.06,,,,,,,,2.41%,,,3.06,,-2.20%,,,,,,,,,,,,
,,,,,,,,,,,,,,,,,,2019,8/5/2019,$                                                     185.55,,,,,,,,,,1.65%,$           185.55,3.06,,,,,,,,2.51%,,,3.06,,-5.98%,,,,,,,,,,,,
,,,,,,,,,,,,,,,,,,2019,8/6/2019,$                                                      188.81,,,,,,,,,,1.62%,$            188.81,3.06,,,,,,,,2.46%,,,3.06,,-4.33%,,,,,,,,,,,,
,,,,,,,,,,,,,,,,,,2019,8/7/2019,$                                                     188.87,,,,,,,,,,1.62%,$           188.87,3.06,,,,,,,,2.46%,,,3.06,,-4.30%,,,,,,,,,,,,
,,,,,,,,,,,,,,,,,,2019,8/8/2019,$                                                      194.18,,,,,,,,,,1.58%,$            194.18,3.06,,,,,,,,2.39%,,,3.06,,-1.61%,,,,,,,,,,,,
,,,,,,,,,,,,,,,,,,2019,8/9/2019,$                                                      191.48,,,,,,,,,,1.60%,$            191.48,3.06,,,,,,,,2.43%,,,3.06,,-2.97%,,,,,,,,,,,,
,,,,,,,,,,,,,,,,,,2019,8/12/2019,$                                                     190.00,,,,,,,,,,1.61%,$           190.00,3.06,,,,,,,,2.45%,,,3.06,,-3.72%,,,,,,,,,,,,
,,,,,,,,,,,,,,,,,,2019,8/13/2019,$                                                     192.88,,,,,,,,,,1.59%,$           192.88,3.06,,,,,,,,2.41%,,,3.06,,-2.27%,,,,,,,,,,,,
,,,,,,,,,,,,,,,,,,2019,8/14/2019,$                                                     186.97,,,,,,,,,,1.64%,$           186.97,3.06,,,,,,,,2.49%,,,3.06,,-5.26%,,,,,,,,,,,,
,,,,,,,,,,,,,,,,,,2019,8/15/2019,$                                                     189.56,,,,,,,,,,1.61%,$           189.56,3.06,,,,,,,,2.45%,,,3.06,,-3.95%,,,,,,,,,,,,
,,,,,,,,,,,,,,,,,,2019,8/16/2019,$                                                     193.22,,,,,,,,,,1.58%,$           193.22,3.06,,,,,,,,2.41%,,,3.06,,-2.09%,,,,,,,,,,,,
,,,,,,,,,,,,,,,,,,2019,8/19/2019,$                                                      195.18,,,,,,,,,,1.57%,$            195.18,3.06,,,,,,,,2.38%,,,3.06,,-1.10%,,,,,,,,,,,,
,,,,,,,,,,,,,,,,,,2019,8/20/2019,$                                                     194.20,,,,,,,,,,1.58%,$           194.20,3.06,,,,,,,,2.39%,,,3.06,,-1.60%,,,,,,,,,,,,
,,,,,,,,,,,,,,,,,,2019,8/21/2019,$                                                     195.73,,,,,,,,,,1.56%,$           195.73,3.06,,,,,,,,2.38%,,,3.06,,-0.82%,,,,,,,,,,,,
,,,,,,,,,,,,,,,,,,2019,8/22/2019,$                                                     196.34,,,,,,,,,,1.56%,$           196.34,3.06,,,,,,,,2.37%,,,3.06,,-0.51%,,,,,,,,,,,,
,,,,,,,,,,,,,,,,,,2019,8/23/2019,$                                                      192.81,,,,,,,,,,1.59%,$            192.81,3.06,,,,,,,,2.41%,,,3.06,,-2.30%,,,,,,,,,,,,
,,,,,,,,,,,,,,,,,,2019,8/26/2019,$                                                     195.47,,,,,,,,,,1.57%,$           195.47,3.06,,,,,,,,2.38%,,,3.06,,-0.95%,,,,,,,,,,,,
,,,,,,,,,,,,,,,,,,2019,8/27/2019,$                                                      197.16,,,,,,,,,,1.55%,$            197.16,3.06,,,,,,,,2.36%,,,3.06,,-0.10%,,,,,,,,,,,,
,,,,,,,,,,,,,,,,,,2019,8/28/2019,$                                                     196.84,,,,,,,,,,1.55%,$           196.84,3.06,,,,,,,,2.36%,,,3.06,,-0.26%,,,,,,,,,,,,
,,,,,,,,,,,,,,,,,,2019,8/29/2019,$                                                     198.74,,,,,,,,,,1.54%,$           198.74,3.06,,,,,,,,2.34%,,,3.06,,0.00%,,,,,,,,,,,,
,,,,,,,,,,,,,,,,,,2019,8/30/2019,$                                                      198.17,,,,,,,,,,1.54%,$            198.17,3.06,,,,,,,,2.35%,,,3.06,,-0.29%,,,,,,,,,,,,
,,,,,,,,,,,,,,,,,,2019,9/3/2019,$                                                     195.75,,,,,,,,,,1.56%,$           195.75,3.06,,,,,,,,2.38%,,,3.06,,-1.50%,,,,,,,,,,,,
,,,,,,,,,,,,,,,,,,2019,9/4/2019,$                                                      197.71,,,,,,,,,,1.55%,$            197.71,3.06,,,,,,,,2.35%,,,3.06,,-0.52%,,,,,,,,,,,,
,,,,,,,,,,,,,,,,,,2019,9/5/2019,$                                                     199.49,,,,,,,,,,1.53%,$           199.49,3.06,,,,,,,,2.33%,,,3.06,,0.00%,,,,,,,,,,,,
,,,,,,,,,,,,,,,,,,2019,9/6/2019,$                                                      201.12,,,,,,,,,,1.52%,$            201.12,3.06,,,,,,,,2.31%,,,3.06,,0.00%,,,,,,,,,,,,
,,,,,,,,,,,,,,,,,,2019,9/9/2019,$                                                     194.83,,,,,,,,,,1.57%,$           194.83,3.06,,,,,,,,2.39%,,,3.06,,-3.13%,,,,,,,,,,,,
,,,,,,,,,,,,,,,,,,2019,9/10/2019,$                                                     189.66,,,,,,,,,,1.61%,$           189.66,3.06,,,,,,,,2.45%,,,3.06,,-5.70%,,,,,,,,,,,,
,,,,,,,,,,,,,,,,,,2019,9/11/2019,$                                                      191.37,,,,,,,,,,1.60%,$            191.37,3.06,,,,,,,,2.43%,,,3.06,,-4.85%,,,,,,,,,,,,
,,,,,,,,,,,,,,,,,,2019,9/12/2019,$                                                     195.52,,,,,,,,,,1.57%,$           195.52,3.06,,,,,,,,2.38%,,,3.06,,-2.78%,,,,,,,,,,,,
,,,,,,,,,,,,,,,,,,2019,9/13/2019,$                                                     194.62,,,,,,,,,,1.57%,$           194.62,3.06,,,,,,,,2.39%,,,3.06,,-3.23%,,,,,,,,,,,,
,,,,,,,,,,,,,,,,,,2019,9/16/2019,$                                                      194.16,,,,,,,,,,1.58%,$            194.16,3.06,,,,,,,,2.39%,,,3.06,,-3.46%,,,,,,,,,,,,
,,,,,,,,,,,,,,,,,,2019,9/17/2019,$                                                     194.95,,,,,,,,,,1.57%,$           194.95,3.06,,,,,,,,2.39%,,,3.06,,-3.07%,,,,,,,,,,,,
,,,,,,,,,,,,,,,,,,2019,9/18/2019,$                                                      194.13,,,,,,,,,,1.58%,$            194.13,3.06,,,,,,,,2.40%,,,3.06,,-3.48%,,,,,,,,,,,,
,,,,,,,,,,,,,,,,,,2019,9/19/2019,$                                                     194.67,,,,,,,,,,1.57%,$           194.67,3.06,,,,,,,,2.39%,,,3.06,,-3.21%,,,,,,,,,,,,
,,,,,,,,,,,,,,,,,,2019,9/20/2019,$                                                     193.09,,,,,,,,,,1.58%,$           193.09,3.06,,,,,,,,2.41%,,,3.06,,-3.99%,,,,,,,,,,,,
,,,,,,,,,,,,,,,,,,2019,9/23/2019,$                                                     192.84,,,,,,,,,,1.59%,$           192.84,3.06,,,,,,,,2.41%,,,3.06,,-4.12%,,,,,,,,,,,,
,,,,,,,,,,,,,,,,,,2019,9/24/2019,$                                                      190.14,,,,,,,,,,1.61%,$            190.14,3.06,,,,,,,,2.45%,,,3.06,,-5.46%,,,,,,,,,,,,
,,,,,,,,,,,,,,,,,,2019,9/25/2019,$                                                     190.87,,,,,,,,,,1.60%,$           190.87,3.06,,,,,,,,2.44%,,,3.06,,-5.10%,,,,,,,,,,,,
,,,,,,,,,,,,,,,,,,2019,9/26/2019,$                                                      192.12,,,,,,,,,,1.59%,$            192.12,3.06,,,,,,,,2.42%,,,3.06,,-4.47%,,,,,,,,,,,,
,,,,,,,,,,,,,,,,,,2019,9/27/2019,$                                                      191.38,,,,,,,,,,1.60%,$            191.38,3.06,,,,,,,,2.43%,,,3.06,,-4.84%,,,,,,,,,,,,
,,,,,,,,,,,,,,,,,,2019,9/30/2019,$                                                     192.35,,,,,,,,,,1.59%,$           192.35,3.06,,,,,,,,2.42%,,,3.06,,-4.36%,,,,,,,,,,,,
,,,,,,,,,,,,,,,,,,2019,10/1/2019,$                                                     189.62,,,,,,,,,,1.61%,$           189.62,3.06,,,,,,,,2.45%,,,3.06,,-5.72%,,,,,,,,,,,,
,,,,,,,,,,,,,,,,,,2019,10/2/2019,$                                                     184.85,,,,,,,,,,1.66%,$           184.85,3.06,,,,,,,,2.52%,,,3.06,,-8.09%,,,,,,,,,,,,
,,,,,,,,,,,,,,,,,,2019,10/3/2019,$                                                      185.81,,,,,,,,,,1.65%,$            185.81,3.06,,,,,,,,2.50%,,,3.06,,-7.61%,,,,,,,,,,,,
,,,,,,,,,,,,,,,,,,2019,10/4/2019,$                                                     189.64,,,,,,,,,,1.61%,$           189.64,3.06,,,,,,,,2.45%,,,3.06,,-5.71%,,,,,,,,,,,,
,,,,,,,,,,,,,,,,,,2019,10/7/2019,$                                                      186.81,,,,,,,,,,1.64%,$            186.81,3.06,,,,,,,,2.49%,,,3.06,,-7.12%,,,,,,,,,,,,
,,,,,,,,,,,,,,,,,,2019,10/8/2019,$                                                     182.20,,,,,,,,,,1.68%,$           182.20,3.06,,,,,,,,2.55%,,,3.06,,-9.41%,,,,,,,,,,,,
,,,,,,,,,,,,,,,,,,2019,10/9/2019,$                                                     184.34,,,,,,,,,,1.66%,$           184.34,3.06,,,,,,,,2.52%,,,3.06,,-8.34%,,,,,,,,,,,,
,,,,,,,,,,,,,,,,,,2019,10/10/2019,$                                                     183.83,,,,,,,,,,1.66%,$           183.83,3.06,,,,,,,,2.53%,,,3.06,,-8.60%,,,,,,,,,,,,
,,,,,,,,,,,,,,,,,,2019,10/11/2019,$                                                     184.97,,,,,,,,,,1.65%,$           184.97,3.06,,,,,,,,2.51%,,,3.06,,-8.03%,,,,,,,,,,,,
,,,,,,,,,,,,,,,,,,2019,10/14/2019,$                                                     185.50,,,,,,,,,,1.65%,$           185.50,3.06,,,,,,,,2.51%,,,3.06,,-7.77%,,,,,,,,,,,,
,,,,,,,,,,,,,,,,,,2019,10/15/2019,$                                                     187.00,,,,,,,,,,1.64%,$           187.00,3.06,,,,,,,,2.49%,,,3.06,,-7.02%,,,,,,,,,,,,
,,,,,,,,,,,,,,,,,,2019,10/16/2019,$                                                     186.57,,,,,,,,,,1.64%,$           186.57,3.06,,,,,,,,2.49%,,,3.06,,-7.23%,,,,,,,,,,,,
,,,,,,,,,,,,,,,,,,2019,10/17/2019,$                                                     186.04,,,,,,,,,,1.64%,$           186.04,3.06,,,,,,,,2.50%,,,3.06,,-7.50%,,,,,,,,,,,,
,,,,,,,,,,,,,,,,,,2019,10/18/2019,$                                                     187.08,,,,,,,,,,1.64%,$           187.08,3.06,,,,,,,,2.49%,,,3.06,,-6.98%,,,,,,,,,,,,
,,,,,,,,,,,,,,,,,,2019,10/21/2019,$                                                     187.34,,,,,,,,,,1.63%,$           187.34,3.06,,,,,,,,2.48%,,,3.06,,-6.85%,,,,,,,,,,,,
,,,,,,,,,,,,,,,,,,2019,10/22/2019,$                                                     182.72,,,,,,,,,,1.67%,$           182.72,3.06,,,,,,,,2.54%,,,3.06,,-9.15%,,,,,,,,,,,,
,,,,,,,,,,,,,,,,,,2019,10/23/2019,$                                                     184.07,,,,,,,,,,1.66%,$           184.07,3.06,,,,,,,,2.53%,,,3.06,,-8.48%,,,,,,,,,,,,
,,,,,,,,,,,,,,,,,,2019,10/24/2019,$                                                     185.00,,,,,,,,,,1.65%,$           185.00,3.06,,,,,,,,2.51%,,,3.06,,-8.02%,,,,,,,,,,,,
,,,,,,,,,,,,,,,,,,2019,10/25/2019,$                                                     183.07,,,,,,,,,,1.67%,$           183.07,3.06,,,,,,,,2.54%,,,3.06,,-8.97%,,,,,,,,,,,,
,,,,,,,,,,,,,,,,,,2019,10/28/2019,$                                                     182.87,,,,,,,,,,1.67%,$           182.87,3.06,,,,,,,,2.54%,,,3.06,,-9.07%,,,,,,,,,,,,
,,,,,,,,,,,,,,,,,,2019,10/29/2019,$                                                     184.80,,,,,,,,,,1.66%,$           184.80,3.06,,,,,,,,2.52%,,,3.06,,-8.11%,,,,,,,,,,,,
,,,,,,,,,,,,,,,,,,2019,10/30/2019,$                                                     186.58,,,,,,,,,,1.64%,$           186.58,3.06,,,,,,,,2.49%,,,3.06,,-7.23%,,,,,,,,,,,,
,,,,,,,,,,,,,,,,,,2019,10/31/2019,$                                                     185.42,,,,,,,,,,1.65%,$           185.42,3.06,,,,,,,,2.51%,,,3.06,,-7.81%,,,,,,,,,,,,
,,,,,,,,,,,,,,,,,,2019,11/1/2019,$                                                     188.22,,,,,,,,,,1.63%,$           188.22,3.06,,,,,,,,2.47%,,,3.06,,-6.41%,,,,,,,,,,,,
,,,,,,,,,,,,,,,,,,2019,11/4/2019,$                                                     187.80,,,,,,,,,,1.63%,$           187.80,3.06,,,,,,,,2.48%,,,3.06,,-6.62%,,,,,,,,,,,,
,,,,,,,,,,,,,,,,,,2019,11/5/2019,$                                                     186.88,,,,,,,,,,1.64%,$           186.88,3.06,,,,,,,,2.49%,,,3.06,,-7.08%,,,,,,,,,,,,
,,,,,,,,,,,,,,,,,,2019,11/6/2019,$                                                     189.23,,,,,,,,,,1.62%,$           189.23,3.06,,,,,,,,2.46%,,,3.06,,-5.91%,,,,,,,,,,,,
,,,,,,,,,,,,,,,,,,2019,11/7/2019,$                                                     189.09,,,,,,,,,,1.62%,$           189.09,3.06,,,,,,,,2.46%,,,3.06,,-5.98%,,,,,,,,,,,,
,,,,,,,,,,,,,,,,,,2019,11/8/2019,$                                                     189.70,,,,,,,,,,1.61%,$           189.70,3.06,,,,,,,,2.45%,,,3.06,,-5.68%,,,,,,,,,,,,
,,,,,,,,,,,,,,,,,,2019,11/11/2019,$                                                     190.06,,,,,,,,,,1.61%,$           190.06,3.06,,,,,,,,2.45%,,,3.06,,-5.50%,,,,,,,,,,,,
,,,,,,,,,,,,,,,,,,2019,11/12/2019,$                                                      191.43,,,,,,,,,,1.60%,$            191.43,3.06,,,,,,,,2.43%,,,3.06,,-4.82%,,,,,,,,,,,,
,,,,,,,,,,,,,,,,,,2019,11/13/2019,$                                                     194.50,,,,,,,,,,1.57%,$           194.50,3.06,,,,,,,,2.39%,,,3.06,,-3.29%,,,,,,,,,,,,
,,,,,,,,,,,,,,,,,,2019,11/14/2019,$                                                     196.25,,,,,,,,,,1.56%,$           196.25,3.06,,,,,,,,2.37%,,,3.06,,-2.42%,,,,,,,,,,,,
,,,,,,,,,,,,,,,,,,2019,11/15/2019,$                                                      196.81,,,,,,,,,,1.55%,$            196.81,3.06,,,,,,,,2.36%,,,3.06,,-2.14%,,,,,,,,,,,,
,,,,,,,,,,,,,,,,,,2019,11/18/2019,$                                                     198.02,,,,,,,,,,1.55%,$           198.02,3.06,,,,,,,,2.35%,,,3.06,,-1.54%,,,,,,,,,,,,
,,,,,,,,,,,,,,,,,,2019,11/19/2019,$                                                     198.34,,,,,,,,,,1.54%,$           198.34,3.06,,,,,,,,2.34%,,,3.06,,-1.38%,,,,,,,,,,,,
,,,,,,,,,,,,,,,,,,2019,11/20/2019,$                                                      197.71,,,,,,,,,,1.55%,$            197.71,3.06,,,,,,,,2.35%,,,3.06,,-1.70%,,,,,,,,,,,,
,,,,,,,,,,,,,,,,,,2019,11/21/2019,$                                                     196.78,,,,,,,,,,1.56%,$           196.78,3.06,,,,,,,,2.36%,,,3.06,,-2.16%,,,,,,,,,,,,
,,,,,,,,,,,,,,,,,,2019,11/22/2019,$                                                     196.66,,,,,,,,,,1.56%,$           196.66,3.06,,,,,,,,2.36%,,,3.06,,-2.22%,,,,,,,,,,,,
,,,,,,,,,,,,,,,,,,2019,11/25/2019,$                                                     198.36,,,,,,,,,,1.54%,$           198.36,3.06,,,,,,,,2.34%,,,3.06,,-1.37%,,,,,,,,,,,,
,,,,,,,,,,,,,,,,,,2019,11/26/2019,$                                                    200.92,,,,,,,,,,1.52%,$          200.92,3.06,,,,,,,,2.31%,,,3.06,,-0.10%,,,,,,,,,,,,
,,,,,,,,,,,,,,,,,,2019,11/27/2019,$                                                     201.25,,,,,,,,,,1.52%,$           201.25,3.06,,,,,,,,2.31%,,,3.06,,0.00%,,,,,,,,,,,,
,,,,,,,,,,,,,,,,,,2019,11/29/2019,$                                                      201.16,,,,,,,,,,1.52%,$            201.16,3.06,,,,,,,,2.31%,,,3.06,,-0.04%,,,,,,,,,,,,
,,,,,,,,,,,,,,,,,,2019,12/2/2019,$                                                     199.59,,,,,,,,,,1.53%,$           199.59,3.06,,,,,,,,2.33%,,,3.06,,-0.82%,,,,,,,,,,,,
,,,,,,,,,,,,,,,,,,2019,12/3/2019,$                                                     198.75,,,,,,,,,,1.54%,$           198.75,3.06,,,,,,,,2.34%,,,3.06,,-1.24%,,,,,,,,,,,,
,,,,,,,,,,,,,,,,,,2019,12/4/2019,$                                                     199.58,,,,,,,,,,1.53%,$           199.58,3.06,,,,,,,,2.33%,,,3.06,,-0.83%,,,,,,,,,,,,
,,,,,,,,,,,,,,,,,,2019,12/5/2019,$                                                     199.85,,,,,,,,,,1.53%,$           199.85,3.06,,,,,,,,2.33%,,,3.06,,-0.70%,,,,,,,,,,,,
,,,,,,,,,,,,,,,,,,2019,12/6/2019,$                                                    202.55,,,,,,,,,,1.51%,$          202.55,3.06,,,,,,,,2.30%,,,3.06,,0.00%,,,,,,,,,,,,
,,,,,,,,,,,,,,,,,,2019,12/9/2019,$                                                    202.03,,,,,,,,,,1.51%,$          202.03,3.06,,,,,,,,2.30%,,,3.06,,-0.26%,,,,,,,,,,,,
,,,,,,,,,,,,,,,,,,2019,12/10/2019,$                                                     201.88,,,,,,,,,,1.52%,$           201.88,3.06,,,,,,,,2.30%,,,3.06,,-0.33%,,,,,,,,,,,,
,,,,,,,,,,,,,,,,,,2019,12/11/2019,$                                                    202.30,,,,,,,,,,1.51%,$          202.30,3.06,,,,,,,,2.30%,,,3.06,,-0.12%,,,,,,,,,,,,
,,,,,,,,,,,,,,,,,,2019,12/12/2019,$                                                    203.92,,,,,,,,,,1.50%,$          203.92,3.06,,,,,,,,2.28%,,,3.06,,0.00%,,,,,,,,,,,,
,,,,,,,,,,,,,,,,,,2019,12/13/2019,$                                                    206.66,,,,,,,,,,1.48%,$          206.66,3.06,,,,,,,,2.25%,,,3.06,,0.00%,,,,,,,,,,,,
,,,,,,,,,,,,,,,,,,2019,12/16/2019,$                                                    205.00,,,,,,,,,,1.49%,$          205.00,3.06,,,,,,,,2.27%,,,3.06,,-0.80%,,,,,,,,,,,,
,,,,,,,,,,,,,,,,,,2019,12/17/2019,$                                                    203.40,,,,,,,,,,1.50%,$          203.40,3.06,,,,,,,,2.29%,,,3.06,,-1.58%,,,,,,,,,,,,
,,,,,,,,,,,,,,,,,,2019,12/18/2019,$                                                    205.76,,,,,,,,,,1.49%,$          205.76,3.06,,,,,,,,2.26%,,,3.06,,-0.44%,,,,,,,,,,,,
,,,,,,,,,,,,,,,,,,2019,12/19/2019,$                                                    208.30,,,,,,,,,,1.47%,$          208.30,3.06,,,,,,,,2.23%,,,3.06,,0.00%,,,,,,,,,,,,
,,,,,,,,,,,,,,,,,,2019,12/20/2019,$                                                       211.10,,,,,,,,,,1.45%,$             211.10,3.06,,,,,,,,2.20%,,,3.06,,0.00%,,,,,,,,,,,,
,,,,,,,,,,,,,,,,,,2019,12/23/2019,$                                                     210.83,,,,,,,,,,1.45%,$           210.83,3.06,,,,,,,,2.21%,,,3.06,,-0.13%,,,,,,,,,,,,
,,,,,,,,,,,,,,,,,,2019,12/24/2019,$                                                       211.61,,,,,,,,,,1.45%,$             211.61,3.06,,,,,,,,2.20%,,,3.06,,0.00%,,,,,,,,,,,,
,,,,,,,,,,,,,,,,,,2019,12/26/2019,$                                                     212.05,,,,,,,,,,1.44%,$           212.05,3.06,,,,,,,,2.19%,,,3.06,,0.00%,,,,,,,,,,,,
,,,,,,,,,,,,,,,,,,2019,12/27/2019,$                                                     212.22,,,,,,,,,,1.44%,$           212.22,3.06,,,,,,,,2.19%,,,3.06,,0.00%,,,,,,,,,,,,
,,,,,,,,,,,,,,,,,,2019,12/30/2019,$                                                     210.64,,,,,,,,,,1.45%,$           210.64,3.06,,,,,,,,2.21%,,,3.06,,-0.74%,,,,,,,,,,,,
,,,,,,,,,,,,,,,,,,2019,12/31/2019,$                                                     210.57,,,,,,,,,,1.45%,$           210.57,3.06,,,,,,,,2.21%,,,3.06,,-0.78%,,,,,,,,,,,,
,,,,,,,,,,,,,,,,,,2020,1/2/2020,$                                                      210.15,,,,,,,,,,1.60%,$            210.15,3.36,,,,,,,,2.21%,,,0,,-0.98%,,,,,,,,,,,,
,,,,,,,,,,,,,,,,,,2020,1/3/2020,$                                                    209.80,,,,,,,,,,1.60%,$          209.80,3.36,,,,,,,,2.22%,,,0,,-1.14%,,,,,,,,,,,,
,,,,,,,,,,,,,,,,,,2020,1/6/2020,$                                                    208.43,,,,,,,,,,1.61%,$          208.43,3.36,,,,,,,,2.23%,,,0,,-1.79%,,,,,,,,,,,,
,,,,,,,,,,,,,,,,,,2020,1/7/2020,$                                                    203.93,,,,,,,,,,1.65%,$          203.93,3.36,,,,,,,,2.28%,,,0,,-3.91%,,,,,,,,,,,,
,,,,,,,,,,,,,,,,,,2020,1/8/2020,$                                                    204.33,,,,,,,,,,1.64%,$          204.33,3.36,,,,,,,,2.28%,,,0,,-3.72%,,,,,,,,,,,,
,,,,,,,,,,,,,,,,,,2020,1/9/2020,$                                                     206.15,,,,,,,,,,1.63%,$           206.15,3.36,,,,,,,,2.26%,,,0,,-2.86%,,,,,,,,,,,,
,,,,,,,,,,,,,,,,,,2020,1/10/2020,$                                                    207.66,,,,,,,,,,1.62%,$          207.66,3.36,,,,,,,,2.24%,,,0,,-2.15%,,,,,,,,,,,,
,,,,,,,,,,,,,,,,,,2020,1/13/2020,$                                                    209.59,,,,,,,,,,1.60%,$          209.59,3.36,,,,,,,,2.22%,,,0,,-1.24%,,,,,,,,,,,,
,,,,,,,,,,,,,,,,,,2020,1/14/2020,$                                                    207.73,,,,,,,,,,1.62%,$          207.73,3.36,,,,,,,,2.24%,,,0,,-2.12%,,,,,,,,,,,,
,,,,,,,,,,,,,,,,,,2020,1/15/2020,$                                                    207.26,,,,,,,,,,,$          207.26,,,,,,,,,2.24%,,,0,,-2.34%,,,,,,,,,,,,
,,,,,,,,,,,,,,,,,,2020,1/16/2020,$                                                    208.98,,,,,,,,,,1.61%,$          208.98,3.36,,,,,,,,2.23%,,,0,,-1.53%,,,,,,,,,,,,
,,,,,,,,,,,,,,,,,,2020,1/17/2020,$                                                    209.20,,,,,,,,,,1.61%,$          209.20,3.36,,,,,,,,2.22%,,,0,,-1.42%,,,,,,,,,,,,
,,,,,,,,,,,,,,,,,,2020,1/21/2020,$                                                     209.15,,,,,,,,,,1.61%,$           209.15,3.36,,,,,,,,2.22%,,,0,,-1.45%,,,,,,,,,,,,
,,,,,,,,,,,,,,,,,,2020,1/22/2020,$                                                     209.41,,,,,,,,,,1.60%,$           209.41,3.36,,,,,,,,2.22%,,,0,,-1.32%,,,,,,,,,,,,
,,,,,,,,,,,,,,,,,,2020,1/23/2020,$                                                     210.68,,,,,,,,,,1.59%,$           210.68,3.36,,,,,,,,2.21%,,,0,,-0.73%,,,,,,,,,,,,
,,,,,,,,,,,,,,,,,,2020,1/24/2020,$                                                    208.57,,,,,,,,,,1.61%,$          208.57,3.36,,,,,,,,2.23%,,,0,,-1.72%,,,,,,,,,,,,
,,,,,,,,,,,,,,,,,,2020,1/27/2020,$                                                    206.55,,,,,,,,,,1.63%,$          206.55,3.36,,,,,,,,2.25%,,,0,,-2.67%,,,,,,,,,,,,
,,,,,,,,,,,,,,,,,,2020,1/28/2020,$                                                     210.24,,,,,,,,,,1.60%,$           210.24,3.36,,,,,,,,2.21%,,,0,,-0.93%,,,,,,,,,,,,
,,,,,,,,,,,,,,,,,,2020,1/29/2020,$                                                    207.96,,,,,,,,,,1.62%,$          207.96,3.36,,,,,,,,2.24%,,,0,,-2.01%,,,,,,,,,,,,
,,,,,,,,,,,,,,,,,,2020,1/30/2020,$                                                    208.37,,,,,,,,,,1.61%,$          208.37,3.36,,,,,,,,2.23%,,,0,,-1.81%,,,,,,,,,,,,
,,,,,,,,,,,,,,,,,,2020,1/31/2020,$                                                     205.21,,,,,,,,,,1.64%,$           205.21,3.36,,,,,,,,2.27%,,,0,,-3.30%,,,,,,,,,,,,
,,,,,,,,,,,,,,,,,,2020,2/3/2020,$                                                    207.80,,,,,,,,,,1.62%,$          207.80,3.36,,,,,,,,2.24%,,,0,,-2.08%,,,,,,,,,,,,
,,,,,,,,,,,,,,,,,,2020,2/4/2020,$                                                     212.53,,,,,,,,,,1.58%,$           212.53,3.36,,,,,,,,2.19%,,,0,,0.00%,,,,,,,,,,,,
,,,,,,,,,,,,,,,,,,2020,2/5/2020,$                                                     212.22,,,,,,,,,,1.58%,$           212.22,3.36,,,,,,,,2.19%,,,0,,-0.15%,,,,,,,,,,,,
,,,,,,,,,,,,,,,,,,2020,2/6/2020,$                                                      214.16,,,,,,,,,,1.57%,$            214.16,3.36,,,,,,,,2.17%,,,0,,0.00%,,,,,,,,,,,,
,,,,,,,,,,,,,,,,,,2020,2/7/2020,$                                                      211.58,,,,,,,,,,1.59%,$            211.58,3.36,,,,,,,,2.20%,,,0,,-1.20%,,,,,,,,,,,,
,,,,,,,,,,,,,,,,,,2020,2/10/2020,$                                                     212.55,,,,,,,,,,1.58%,$           212.55,3.36,,,,,,,,2.19%,,,0,,-0.75%,,,,,,,,,,,,
,,,,,,,,,,,,,,,,,,2020,2/11/2020,$                                                      212.14,,,,,,,,,,1.58%,$            212.14,3.36,,,,,,,,2.19%,,,0,,-0.94%,,,,,,,,,,,,
,,,,,,,,,,,,,,,,,,2020,2/12/2020,$                                                      211.99,,,,,,,,,,1.58%,$            211.99,3.36,,,,,,,,2.19%,,,0,,-1.01%,,,,,,,,,,,,
,,,,,,,,,,,,,,,,,,2020,2/13/2020,$                                                     212.40,,,,,,,,,,1.58%,$           212.40,3.36,,,,,,,,2.19%,,,0,,-0.82%,,,,,,,,,,,,
,,,,,,,,,,,,,,,,,,2020,2/14/2020,$                                                     212.37,,,,,,,,,,1.58%,$           212.37,3.36,,,,,,,,2.19%,,,0,,-0.84%,,,,,,,,,,,,
,,,,,,,,,,,,,,,,,,2020,2/18/2020,$                                                     213.76,,,,,,,,,,1.57%,$           213.76,3.36,,,,,,,,2.18%,,,0,,-0.19%,,,,,,,,,,,,
,,,,,,,,,,,,,,,,,,2020,2/19/2020,$                                                     215.92,,,,,,,,,,1.56%,$           215.92,3.36,,,,,,,,2.15%,,,0,,0.00%,,,,,,,,,,,,
,,,,,,,,,,,,,,,,,,2020,2/20/2020,$                                                     213.90,,,,,,,,,,1.57%,$           213.90,3.36,,,,,,,,2.17%,,,0,,-0.94%,,,,,,,,,,,,
,,,,,,,,,,,,,,,,,,2020,2/21/2020,$                                                      211.89,,,,,,,,,,1.59%,$            211.89,3.36,,,,,,,,2.19%,,,0,,-1.87%,,,,,,,,,,,,
,,,,,,,,,,,,,,,,,,2020,2/24/2020,$                                                    204.36,,,,,,,,,,1.64%,$          204.36,3.36,,,,,,,,2.28%,,,0,,-5.35%,,,,,,,,,,,,
,,,,,,,,,,,,,,,,,,2020,2/25/2020,$                                                      197.10,,,,,,,,,,1.70%,$            197.10,3.36,,,,,,,,2.36%,,,0,,-8.72%,,,,,,,,,,,,
,,,,,,,,,,,,,,,,,,2020,2/26/2020,$                                                     195.67,,,,,,,,,,1.72%,$           195.67,3.36,,,,,,,,2.38%,,,0,,-9.38%,,,,,,,,,,,,
,,,,,,,,,,,,,,,,,,2020,2/27/2020,$                                                     186.44,,,,,,,,,,1.80%,$           186.44,3.36,,,,,,,,2.49%,,,0,,-13.65%,,,,,,,,,,,,
,,,,,,,,,,,,,,,,,,2020,2/28/2020,$                                                     180.59,,,,,,,,,,1.86%,$           180.59,3.36,,,,,,,,2.57%,,,0,,-16.36%,,,,,,,,,,,,
,,,,,,,,,,,,,,,,,,2020,3/2/2020,$                                                     189.55,,,,,,,,,,1.77%,$           189.55,3.36,,,,,,,,2.45%,,,0,,-12.21%,,,,,,,,,,,,
,,,,,,,,,,,,,,,,,,2020,3/3/2020,$                                                     182.22,,,,,,,,,,1.84%,$           182.22,3.36,,,,,,,,2.55%,,,0,,-15.61%,,,,,,,,,,,,
,,,,,,,,,,,,,,,,,,2020,3/4/2020,$                                                     188.86,,,,,,,,,,1.78%,$           188.86,3.36,,,,,,,,2.46%,,,0,,-12.53%,,,,,,,,,,,,
,,,,,,,,,,,,,,,,,,2020,3/5/2020,$                                                     182.56,,,,,,,,,,1.84%,$           182.56,3.36,,,,,,,,2.55%,,,0,,-15.45%,,,,,,,,,,,,
,,,,,,,,,,,,,,,,,,2020,3/6/2020,$                                                     178.75,,,,,,,,,,1.88%,$           178.75,3.36,,,,,,,,2.60%,,,0,,-17.21%,,,,,,,,,,,,
,,,,,,,,,,,,,,,,,,2020,3/9/2020,$                                                       164.11,,,,,,,,,,2.05%,$             164.11,3.36,,,,,,,,2.83%,,,0,,-23.99%,,,,,,,,,,,,
,,,,,,,,,,,,,,,,,,2020,3/10/2020,$                                                     174.56,,,,,,,,,,1.92%,$           174.56,3.36,,,,,,,,2.66%,,,0,,-19.16%,,,,,,,,,,,,
,,,,,,,,,,,,,,,,,,2020,3/11/2020,$                                                       165.11,,,,,,,,,,2.04%,$             165.11,3.36,,,,,,,,2.82%,,,0,,-23.53%,,,,,,,,,,,,
,,,,,,,,,,,,,,,,,,2020,3/12/2020,$                                                     152.53,,,,,,,,,,2.20%,$           152.53,3.36,,,,,,,,3.05%,,,0,,-29.36%,,,,,,,,,,,,
,,,,,,,,,,,,,,,,,,2020,3/13/2020,$                                                      166.51,,,,,,,,,,2.02%,$            166.51,3.36,,,,,,,,2.79%,,,0,,-22.88%,,,,,,,,,,,,
,,,,,,,,,,,,,,,,,,2020,3/16/2020,$                                                     152.54,,,,,,,,,,2.20%,$           152.54,3.36,,,,,,,,3.05%,,,0,,-29.35%,,,,,,,,,,,,
,,,,,,,,,,,,,,,,,,2020,3/17/2020,$                                                      157.71,,,,,,,,,,2.13%,$            157.71,3.36,,,,,,,,2.95%,,,0,,-26.96%,,,,,,,,,,,,
,,,,,,,,,,,,,,,,,,2020,3/18/2020,$                                                       151.15,,,,,,,,,,2.22%,$             151.15,3.36,,,,,,,,3.08%,,,0,,-30.00%,,,,,,,,,,,,
,,,,,,,,,,,,,,,,,,2020,3/19/2020,$                                                     158.50,,,,,,,,,,2.12%,$           158.50,3.36,,,,,,,,2.93%,,,0,,-26.59%,,,,,,,,,,,,
,,,,,,,,,,,,,,,,,,2020,3/20/2020,$                                                     149.94,,,,,,,,,,,$           149.94,,,,,,,,,3.10%,,,0,,-30.56%,,,,,,,,,,,,
,,,,,,,,,,,,,,,,,,2020,3/23/2020,$                                                     143.69,,,,,,,,,,2.34%,$           143.69,3.36,,,,,,,,3.24%,,,0,,-33.45%,,,,,,,,,,,,
,,,,,,,,,,,,,,,,,,2020,3/24/2020,$                                                     156.85,,,,,,,,,,2.14%,$           156.85,3.36,,,,,,,,2.96%,,,0,,-27.36%,,,,,,,,,,,,
,,,,,,,,,,,,,,,,,,2020,3/25/2020,$                                                      151.82,,,,,,,,,,2.21%,$            151.82,3.36,,,,,,,,3.06%,,,0,,-29.69%,,,,,,,,,,,,
,,,,,,,,,,,,,,,,,,2020,3/26/2020,$                                                      171.34,,,,,,,,,,1.96%,$            171.34,3.36,,,,,,,,2.71%,,,0,,-20.65%,,,,,,,,,,,,
,,,,,,,,,,,,,,,,,,2020,3/27/2020,$                                                     162.88,,,,,,,,,,2.06%,$           162.88,3.36,,,,,,,,2.85%,,,0,,-24.56%,,,,,,,,,,,,
,,,,,,,,,,,,,,,,,,2020,3/30/2020,$                                                     169.82,,,,,,,,,,1.98%,$           169.82,3.36,,,,,,,,2.74%,,,0,,-21.35%,,,,,,,,,,,,
,,,,,,,,,,,,,,,,,,2020,3/31/2020,$                                                     163.26,,,,,,,,,,2.06%,$           163.26,3.36,,,,,,,,2.85%,,,0,,-24.39%,,,,,,,,,,,,
,,,,,,,,,,,,,,,,,,2020,4/1/2020,$                                                     154.68,,,,,,,,,,2.17%,$           154.68,3.36,,,,,,,,3.01%,,,0,,-28.36%,,,,,,,,,,,,
,,,,,,,,,,,,,,,,,,2020,4/2/2020,$                                                     156.27,,,,,,,,,,2.15%,$           156.27,3.36,,,,,,,,2.98%,,,0,,-27.63%,,,,,,,,,,,,
,,,,,,,,,,,,,,,,,,2020,4/3/2020,$                                                      152.15,,,,,,,,,,2.21%,$            152.15,3.36,,,,,,,,3.06%,,,0,,-29.53%,,,,,,,,,,,,
,,,,,,,,,,,,,,,,,,2020,4/6/2020,$                                                     166.05,,,,,,,,,,2.02%,$           166.05,3.36,,,,,,,,2.80%,,,0,,-23.10%,,,,,,,,,,,,
,,,,,,,,,,,,,,,,,,2020,4/7/2020,$                                                      164.12,,,,,,,,,,2.05%,$            164.12,3.36,,,,,,,,2.83%,,,0,,-23.99%,,,,,,,,,,,,
,,,,,,,,,,,,,,,,,,2020,4/8/2020,$                                                      171.73,,,,,,,,,,1.96%,$            171.73,3.36,,,,,,,,2.71%,,,0,,-20.47%,,,,,,,,,,,,
,,,,,,,,,,,,,,,,,,2020,4/9/2020,$                                                     177.92,,,,,,,,,,1.89%,$           177.92,3.36,,,,,,,,2.61%,,,0,,-17.60%,,,,,,,,,,,,
,,,,,,,,,,,,,,,,,,2020,4/13/2020,$                                                     172.57,,,,,,,,,,1.95%,$           172.57,3.36,,,,,,,,2.69%,,,0,,-20.08%,,,,,,,,,,,,
,,,,,,,,,,,,,,,,,,2020,4/14/2020,$                                                      178.10,,,,,,,,,,1.89%,$            178.10,3.36,,,,,,,,2.61%,,,0,,-17.52%,,,,,,,,,,,,
,,,,,,,,,,,,,,,,,,2020,4/15/2020,$                                                     169.45,,,,,,,,,,1.98%,$           169.45,3.36,,,,,,,,2.74%,,,0,,-21.52%,,,,,,,,,,,,
,,,,,,,,,,,,,,,,,,2020,4/16/2020,$                                                     167.95,,,,,,,,,,2.00%,$           167.95,3.36,,,,,,,,2.77%,,,0,,-22.22%,,,,,,,,,,,,
,,,,,,,,,,,,,,,,,,2020,4/17/2020,$                                                     175.09,,,,,,,,,,1.92%,$           175.09,3.36,,,,,,,,2.66%,,,0,,-18.91%,,,,,,,,,,,,
,,,,,,,,,,,,,,,,,,2020,4/20/2020,$                                                     174.74,,,,,,,,,,1.92%,$           174.74,3.36,,,,,,,,2.66%,,,0,,-19.07%,,,,,,,,,,,,
,,,,,,,,,,,,,,,,,,2020,4/21/2020,$                                                     166.24,,,,,,,,,,2.02%,$           166.24,3.36,,,,,,,,2.80%,,,0,,-23.01%,,,,,,,,,,,,
,,,,,,,,,,,,,,,,,,2020,4/22/2020,$                                                      172.31,,,,,,,,,,1.95%,$            172.31,3.36,,,,,,,,2.70%,,,0,,-20.20%,,,,,,,,,,,,
,,,,,,,,,,,,,,,,,,2020,4/23/2020,$                                                     172.90,,,,,,,,,,1.94%,$           172.90,3.36,,,,,,,,2.69%,,,0,,-19.92%,,,,,,,,,,,,
,,,,,,,,,,,,,,,,,,2020,4/24/2020,$                                                     175.46,,,,,,,,,,1.91%,$           175.46,3.36,,,,,,,,2.65%,,,0,,-18.74%,,,,,,,,,,,,
,,,,,,,,,,,,,,,,,,2020,4/27/2020,$                                                     179.43,,,,,,,,,,1.87%,$           179.43,3.36,,,,,,,,2.59%,,,0,,-16.90%,,,,,,,,,,,,
,,,,,,,,,,,,,,,,,,2020,4/28/2020,$                                                     178.36,,,,,,,,,,1.88%,$           178.36,3.36,,,,,,,,2.61%,,,0,,-17.40%,,,,,,,,,,,,
,,,,,,,,,,,,,,,,,,2020,4/29/2020,$                                                     187.56,,,,,,,,,,1.79%,$           187.56,3.36,,,,,,,,2.48%,,,0,,-13.13%,,,,,,,,,,,,
,,,,,,,,,,,,,,,,,,2020,4/30/2020,$                                                      185.19,,,,,,,,,,1.81%,$            185.19,3.36,,,,,,,,2.51%,,,0,,-14.23%,,,,,,,,,,,,
,,,,,,,,,,,,,,,,,,2020,5/1/2020,$                                                     180.09,,,,,,,,,,1.87%,$           180.09,3.36,,,,,,,,2.58%,,,0,,-16.59%,,,,,,,,,,,,
,,,,,,,,,,,,,,,,,,2020,5/4/2020,$                                                     179.53,,,,,,,,,,1.87%,$           179.53,3.36,,,,,,,,2.59%,,,0,,-16.85%,,,,,,,,,,,,
,,,,,,,,,,,,,,,,,,2020,5/5/2020,$                                                      181.62,,,,,,,,,,1.85%,$            181.62,3.36,,,,,,,,2.56%,,,0,,-15.89%,,,,,,,,,,,,
,,,,,,,,,,,,,,,,,,2020,5/6/2020,$                                                     180.38,,,,,,,,,,1.86%,$           180.38,3.36,,,,,,,,2.58%,,,0,,-16.46%,,,,,,,,,,,,
,,,,,,,,,,,,,,,,,,2020,5/7/2020,$                                                       187.11,,,,,,,,,,1.80%,$             187.11,3.36,,,,,,,,2.49%,,,0,,-13.34%,,,,,,,,,,,,
,,,,,,,,,,,,,,,,,,2020,5/8/2020,$                                                     188.56,,,,,,,,,,1.78%,$           188.56,3.36,,,,,,,,2.47%,,,0,,-12.67%,,,,,,,,,,,,
,,,,,,,,,,,,,,,,,,2020,5/11/2020,$                                                     187.75,,,,,,,,,,1.79%,$           187.75,3.36,,,,,,,,2.48%,,,0,,-13.05%,,,,,,,,,,,,
,,,,,,,,,,,,,,,,,,2020,5/12/2020,$                                                     185.72,,,,,,,,,,1.81%,$           185.72,3.36,,,,,,,,2.50%,,,0,,-13.99%,,,,,,,,,,,,
,,,,,,,,,,,,,,,,,,2020,5/13/2020,$                                                      181.00,,,,,,,,,,1.86%,$            181.00,3.36,,,,,,,,2.57%,,,0,,-16.17%,,,,,,,,,,,,
,,,,,,,,,,,,,,,,,,2020,5/14/2020,$                                                     179.99,,,,,,,,,,1.87%,$           179.99,3.36,,,,,,,,2.58%,,,0,,-16.64%,,,,,,,,,,,,
,,,,,,,,,,,,,,,,,,2020,5/15/2020,$                                                     183.88,,,,,,,,,,1.83%,$           183.88,3.36,,,,,,,,2.53%,,,0,,-14.84%,,,,,,,,,,,,
,,,,,,,,,,,,,,,,,,2020,5/18/2020,$                                                     192.75,,,,,,,,,,1.74%,$           192.75,3.36,,,,,,,,2.41%,,,0,,-10.73%,,,,,,,,,,,,
,,,,,,,,,,,,,,,,,,2020,5/19/2020,$                                                     190.09,,,,,,,,,,1.77%,$           190.09,3.36,,,,,,,,2.45%,,,0,,-11.96%,,,,,,,,,,,,
,,,,,,,,,,,,,,,,,,2020,5/20/2020,$                                                      195.18,,,,,,,,,,1.72%,$            195.18,3.36,,,,,,,,2.38%,,,0,,-9.61%,,,,,,,,,,,,
,,,,,,,,,,,,,,,,,,2020,5/21/2020,$                                                     193.50,,,,,,,,,,1.74%,$           193.50,3.36,,,,,,,,2.40%,,,0,,-10.38%,,,,,,,,,,,,
,,,,,,,,,,,,,,,,,,2020,5/22/2020,$                                                      193.71,,,,,,,,,,1.73%,$            193.71,3.36,,,,,,,,2.40%,,,0,,-10.29%,,,,,,,,,,,,
,,,,,,,,,,,,,,,,,,2020,5/26/2020,$                                                     196.40,,,,,,,,,,1.71%,$           196.40,3.36,,,,,,,,2.37%,,,0,,-9.04%,,,,,,,,,,,,
,,,,,,,,,,,,,,,,,,2020,5/27/2020,$                                                     199.93,,,,,,,,,,1.68%,$           199.93,3.36,,,,,,,,2.33%,,,0,,-7.41%,,,,,,,,,,,,
,,,,,,,,,,,,,,,,,,2020,5/28/2020,$                                                     201.67,,,,,,,,,,1.67%,$           201.67,3.36,,,,,,,,2.31%,,,0,,-6.60%,,,,,,,,,,,,
,,,,,,,,,,,,,,,,,,2020,5/29/2020,$                                                     201.62,,,,,,,,,,1.67%,$           201.62,3.36,,,,,,,,2.31%,,,0,,-6.62%,,,,,,,,,,,,
,,,,,,,,,,,,,,,,,,2020,6/1/2020,$                                                    203.38,,,,,,,,,,1.65%,$          203.38,3.36,,,,,,,,2.29%,,,0,,-5.81%,,,,,,,,,,,,
,,,,,,,,,,,,,,,,,,2020,6/2/2020,$                                                    205.78,,,,,,,,,,1.63%,$          205.78,3.36,,,,,,,,2.26%,,,0,,-4.70%,,,,,,,,,,,,
,,,,,,,,,,,,,,,,,,2020,6/3/2020,$                                                    207.28,,,,,,,,,,1.62%,$          207.28,3.36,,,,,,,,2.24%,,,0,,-4.00%,,,,,,,,,,,,
,,,,,,,,,,,,,,,,,,2020,6/4/2020,$                                                     203.10,,,,,,,,,,1.65%,$           203.10,3.36,,,,,,,,2.29%,,,0,,-5.94%,,,,,,,,,,,,
,,,,,,,,,,,,,,,,,,2020,6/5/2020,$                                                    208.49,,,,,,,,,,1.61%,$          208.49,3.36,,,,,,,,2.23%,,,0,,-3.44%,,,,,,,,,,,,
,,,,,,,,,,,,,,,,,,2020,6/8/2020,$                                                      211.28,,,,,,,,,,1.59%,$            211.28,3.36,,,,,,,,2.20%,,,0,,-2.15%,,,,,,,,,,,,
,,,,,,,,,,,,,,,,,,2020,6/9/2020,$                                                    207.34,,,,,,,,,,1.62%,$          207.34,3.36,,,,,,,,2.24%,,,0,,-3.97%,,,,,,,,,,,,
,,,,,,,,,,,,,,,,,,2020,6/10/2020,$                                                    209.43,,,,,,,,,,,$          209.43,,,,,,,,,2.22%,,,0,,-3.01%,,,,,,,,,,,,
,,,,,,,,,,,,,,,,,,2020,6/11/2020,$                                                     195.95,,,,,,,,,,1.71%,$           195.95,3.36,,,,,,,,2.37%,,,0,,-9.25%,,,,,,,,,,,,
,,,,,,,,,,,,,,,,,,2020,6/12/2020,$                                                     201.59,,,,,,,,,,1.67%,$           201.59,3.36,,,,,,,,2.31%,,,0,,-6.64%,,,,,,,,,,,,
,,,,,,,,,,,,,,,,,,2020,6/15/2020,$                                                     199.79,,,,,,,,,,1.68%,$           199.79,3.36,,,,,,,,2.33%,,,0,,-7.47%,,,,,,,,,,,,
,,,,,,,,,,,,,,,,,,2020,6/16/2020,$                                                    204.40,,,,,,,,,,1.64%,$          204.40,3.36,,,,,,,,2.27%,,,0,,-5.34%,,,,,,,,,,,,
,,,,,,,,,,,,,,,,,,2020,6/17/2020,$                                                    205.20,,,,,,,,,,1.64%,$          205.20,3.36,,,,,,,,2.27%,,,0,,-4.96%,,,,,,,,,,,,
,,,,,,,,,,,,,,,,,,2020,6/18/2020,$                                                    202.93,,,,,,,,,,1.66%,$          202.93,3.36,,,,,,,,2.29%,,,0,,-6.02%,,,,,,,,,,,,
,,,,,,,,,,,,,,,,,,2020,6/19/2020,$                                                     201.55,,,,,,,,,,1.67%,$           201.55,3.36,,,,,,,,2.31%,,,0,,-6.66%,,,,,,,,,,,,
,,,,,,,,,,,,,,,,,,2020,6/22/2020,$                                                    202.60,,,,,,,,,,1.66%,$          202.60,3.36,,,,,,,,2.30%,,,0,,-6.17%,,,,,,,,,,,,
,,,,,,,,,,,,,,,,,,2020,6/23/2020,$                                                    207.40,,,,,,,,,,1.62%,$          207.40,3.36,,,,,,,,2.24%,,,0,,-3.95%,,,,,,,,,,,,
,,,,,,,,,,,,,,,,,,2020,6/24/2020,$                                                     201.84,,,,,,,,,,1.66%,$           201.84,3.36,,,,,,,,2.30%,,,0,,-6.52%,,,,,,,,,,,,
,,,,,,,,,,,,,,,,,,2020,6/25/2020,$                                                     217.32,,,,,,,,,,1.55%,$           217.32,3.36,,,,,,,,2.14%,,,0,,0.00%,,,,,,,,,,,,
,,,,,,,,,,,,,,,,,,2020,6/26/2020,$                                                     212.47,,,,,,,,,,1.58%,$           212.47,3.36,,,,,,,,2.19%,,,0,,-2.23%,,,,,,,,,,,,
,,,,,,,,,,,,,,,,,,2020,6/29/2020,$                                                     212.72,,,,,,,,,,1.58%,$           212.72,3.36,,,,,,,,2.19%,,,0,,-2.12%,,,,,,,,,,,,
,,,,,,,,,,,,,,,,,,2020,6/30/2020,$                                                     214.72,,,,,,,,,,1.56%,$           214.72,3.36,,,,,,,,2.17%,,,0,,-1.20%,,,,,,,,,,,,
,,,,,,,,,,,,,,,,,,2020,7/1/2020,$                                                     214.59,,,,,,,,,,1.57%,$           214.59,3.36,,,,,,,,2.17%,,,0,,-1.26%,,,,,,,,,,,,
,,,,,,,,,,,,,,,,,,2020,7/2/2020,$                                                     215.72,,,,,,,,,,1.56%,$           215.72,3.36,,,,,,,,2.16%,,,0,,-0.74%,,,,,,,,,,,,
,,,,,,,,,,,,,,,,,,2020,7/6/2020,$                                                     217.55,,,,,,,,,,1.54%,$           217.55,3.36,,,,,,,,2.14%,,,0,,0.00%,,,,,,,,,,,,
,,,,,,,,,,,,,,,,,,2020,7/7/2020,$                                                     216.33,,,,,,,,,,1.55%,$           216.33,3.36,,,,,,,,2.15%,,,0,,-0.56%,,,,,,,,,,,,
,,,,,,,,,,,,,,,,,,2020,7/8/2020,$                                                     218.89,,,,,,,,,,1.54%,$           218.89,3.36,,,,,,,,2.12%,,,0,,0.00%,,,,,,,,,,,,
,,,,,,,,,,,,,,,,,,2020,7/9/2020,$                                                      219.31,,,,,,,,,,1.53%,$            219.31,3.36,,,,,,,,2.12%,,,0,,0.00%,,,,,,,,,,,,
,,,,,,,,,,,,,,,,,,2020,7/10/2020,$                                                    220.26,,,,,,,,,,1.53%,$          220.26,3.36,,,,,,,,2.11%,,,0,,0.00%,,,,,,,,,,,,
,,,,,,,,,,,,,,,,,,2020,7/13/2020,$                                                     215.74,,,,,,,,,,1.56%,$           215.74,3.36,,,,,,,,2.16%,,,0,,-2.05%,,,,,,,,,,,,
,,,,,,,,,,,,,,,,,,2020,7/14/2020,$                                                      219.16,,,,,,,,,,1.53%,$            219.16,3.36,,,,,,,,2.12%,,,0,,-0.50%,,,,,,,,,,,,
,,,,,,,,,,,,,,,,,,2020,7/15/2020,$                                                     219.76,,,,,,,,,,1.53%,$           219.76,3.36,,,,,,,,2.12%,,,0,,-0.23%,,,,,,,,,,,,
,,,,,,,,,,,,,,,,,,2020,7/16/2020,$                                                       219.11,,,,,,,,,,1.53%,$             219.11,3.36,,,,,,,,2.12%,,,0,,-0.52%,,,,,,,,,,,,
,,,,,,,,,,,,,,,,,,2020,7/17/2020,$                                                     221.94,,,,,,,,,,1.51%,$           221.94,3.36,,,,,,,,2.10%,,,0,,0.00%,,,,,,,,,,,,
,,,,,,,,,,,,,,,,,,2020,7/20/2020,$                                                    223.43,,,,,,,,,,1.50%,$          223.43,3.36,,,,,,,,2.08%,,,0,,0.00%,,,,,,,,,,,,
,,,,,,,,,,,,,,,,,,2020,7/21/2020,$                                                    222.75,,,,,,,,,,1.51%,$          222.75,3.36,,,,,,,,2.09%,,,0,,-0.30%,,,,,,,,,,,,
,,,,,,,,,,,,,,,,,,2020,7/22/2020,$                                                    224.23,,,,,,,,,,1.50%,$          224.23,3.36,,,,,,,,2.07%,,,0,,0.00%,,,,,,,,,,,,
,,,,,,,,,,,,,,,,,,2020,7/23/2020,$                                                    222.30,,,,,,,,,,1.51%,$          222.30,3.36,,,,,,,,2.09%,,,0,,-0.86%,,,,,,,,,,,,
,,,,,,,,,,,,,,,,,,2020,7/24/2020,$                                                     221.44,,,,,,,,,,1.52%,$           221.44,3.36,,,,,,,,2.10%,,,0,,-1.24%,,,,,,,,,,,,
,,,,,,,,,,,,,,,,,,2020,7/27/2020,$                                                    223.32,,,,,,,,,,1.50%,$          223.32,3.36,,,,,,,,2.08%,,,0,,-0.41%,,,,,,,,,,,,
,,,,,,,,,,,,,,,,,,2020,7/28/2020,$                                                     222.18,,,,,,,,,,1.51%,$           222.18,3.36,,,,,,,,2.09%,,,0,,-0.91%,,,,,,,,,,,,
,,,,,,,,,,,,,,,,,,2020,7/29/2020,$                                                    224.38,,,,,,,,,,1.50%,$          224.38,3.36,,,,,,,,2.07%,,,0,,0.00%,,,,,,,,,,,,
,,,,,,,,,,,,,,,,,,2020,7/30/2020,$                                                    223.98,,,,,,,,,,1.50%,$          223.98,3.36,,,,,,,,2.08%,,,0,,-0.18%,,,,,,,,,,,,
,,,,,,,,,,,,,,,,,,2020,7/31/2020,$                                                    224.78,,,,,,,,,,1.49%,$          224.78,3.36,,,,,,,,2.07%,,,0,,0.00%,,,,,,,,,,,,
,,,,,,,,,,,,,,,,,,2020,8/3/2020,$                                                     227.18,,,,,,,,,,1.48%,$           227.18,3.36,,,,,,,,2.05%,,,0,,0.00%,,,,,,,,,,,,
,,,,,,,,,,,,,,,,,,2020,8/4/2020,$                                                     227.15,,,,,,,,,,1.48%,$           227.15,3.36,,,,,,,,2.05%,,,0,,-0.01%,,,,,,,,,,,,
,,,,,,,,,,,,,,,,,,2020,8/5/2020,$                                                    228.70,,,,,,,,,,1.47%,$          228.70,3.36,,,,,,,,2.03%,,,0,,0.00%,,,,,,,,,,,,
,,,,,,,,,,,,,,,,,,2020,8/6/2020,$                                                    230.89,,,,,,,,,,1.46%,$          230.89,3.36,,,,,,,,2.01%,,,0,,0.00%,,,,,,,,,,,,
,,,,,,,,,,,,,,,,,,2020,8/7/2020,$                                                     231.56,,,,,,,,,,1.45%,$           231.56,3.36,,,,,,,,2.01%,,,0,,0.00%,,,,,,,,,,,,
,,,,,,,,,,,,,,,,,,2020,8/10/2020,$                                                    230.34,,,,,,,,,,1.46%,$          230.34,3.36,,,,,,,,2.02%,,,0,,-0.53%,,,,,,,,,,,,
,,,,,,,,,,,,,,,,,,2020,8/11/2020,$                                                    228.57,,,,,,,,,,1.47%,$          228.57,3.36,,,,,,,,2.03%,,,0,,-1.29%,,,,,,,,,,,,
,,,,,,,,,,,,,,,,,,2020,8/12/2020,$                                                    229.75,,,,,,,,,,1.46%,$          229.75,3.36,,,,,,,,2.02%,,,0,,-0.78%,,,,,,,,,,,,
,,,,,,,,,,,,,,,,,,2020,8/13/2020,$                                                     231.73,,,,,,,,,,1.45%,$           231.73,3.36,,,,,,,,2.01%,,,0,,0.00%,,,,,,,,,,,,
,,,,,,,,,,,,,,,,,,2020,8/14/2020,$                                                    230.25,,,,,,,,,,1.46%,$          230.25,3.36,,,,,,,,2.02%,,,0,,-0.64%,,,,,,,,,,,,
,,,,,,,,,,,,,,,,,,2020,8/17/2020,$                                                    232.62,,,,,,,,,,1.44%,$          232.62,3.36,,,,,,,,2.00%,,,0,,0.00%,,,,,,,,,,,,
,,,,,,,,,,,,,,,,,,2020,8/18/2020,$                                                    234.23,,,,,,,,,,1.43%,$          234.23,3.36,,,,,,,,1.99%,,,0,,0.00%,,,,,,,,,,,,
,,,,,,,,,,,,,,,,,,2020,8/19/2020,$                                                    234.63,,,,,,,,,,1.43%,$          234.63,3.36,,,,,,,,1.98%,,,0,,0.00%,,,,,,,,,,,,
,,,,,,,,,,,,,,,,,,2020,8/20/2020,$                                                     236.61,,,,,,,,,,1.42%,$           236.61,3.36,,,,,,,,1.97%,,,0,,0.00%,,,,,,,,,,,,
,,,,,,,,,,,,,,,,,,2020,8/21/2020,$                                                    237.49,,,,,,,,,,1.41%,$          237.49,3.36,,,,,,,,1.96%,,,0,,0.00%,,,,,,,,,,,,
,,,,,,,,,,,,,,,,,,2020,8/24/2020,$                                                    237.75,,,,,,,,,,,$          237.75,,,,,,,,,1.96%,,,0,,0.00%,,,,,,,,,,,,
,,,,,,,,,,,,,,,,,,2020,8/25/2020,$                                                     238.21,,,,,,,,,,1.41%,$           238.21,3.36,,,,,,,,1.95%,,,0,,0.00%,,,,,,,,,,,,
,,,,,,,,,,,,,,,,,,2020,8/26/2020,$                                                    240.45,,,,,,,,,,1.40%,$          240.45,3.36,,,,,,,,1.93%,,,0,,0.00%,,,,,,,,,,,,
,,,,,,,,,,,,,,,,,,2020,8/27/2020,$                                                    240.87,,,,,,,,,,1.39%,$          240.87,3.36,,,,,,,,1.93%,,,0,,0.00%,,,,,,,,,,,,
,,,,,,,,,,,,,,,,,,2020,8/28/2020,$                                                    242.99,,,,,,,,,,1.38%,$          242.99,3.36,,,,,,,,1.91%,,,0,,0.00%,,,,,,,,,,,,
,,,,,,,,,,,,,,,,,,2020,8/31/2020,$                                                    239.93,,,,,,,,,,1.40%,$          239.93,3.36,,,,,,,,1.94%,,,0,,-1.26%,,,,,,,,,,,,
,,,,,,,,,,,,,,,,,,2020,9/1/2020,$                                                    240.02,,,,,,,,,,1.40%,$          240.02,3.36,,,,,,,,1.94%,,,0,,-1.22%,,,,,,,,,,,,
,,,,,,,,,,,,,,,,,,2020,9/2/2020,$                                                     247.18,,,,,,,,,,1.36%,$           247.18,3.36,,,,,,,,1.88%,,,0,,0.00%,,,,,,,,,,,,
,,,,,,,,,,,,,,,,,,2020,9/3/2020,$                                                    238.98,,,,,,,,,,1.41%,$          238.98,3.36,,,,,,,,1.95%,,,0,,-3.32%,,,,,,,,,,,,
,,,,,,,,,,,,,,,,,,2020,9/4/2020,$                                                    236.07,,,,,,,,,,1.42%,$          236.07,3.36,,,,,,,,1.97%,,,0,,-4.49%,,,,,,,,,,,,
,,,,,,,,,,,,,,,,,,2020,9/8/2020,$                                                    232.65,,,,,,,,,,1.44%,$          232.65,3.36,,,,,,,,2.00%,,,0,,-5.88%,,,,,,,,,,,,
,,,,,,,,,,,,,,,,,,2020,9/9/2020,$                                                     238.91,,,,,,,,,,1.41%,$           238.91,3.36,,,,,,,,1.95%,,,0,,-3.35%,,,,,,,,,,,,
,,,,,,,,,,,,,,,,,,2020,9/10/2020,$                                                    233.65,,,,,,,,,,1.44%,$          233.65,3.36,,,,,,,,1.99%,,,0,,-5.47%,,,,,,,,,,,,
,,,,,,,,,,,,,,,,,,2020,9/11/2020,$                                                    234.77,,,,,,,,,,1.43%,$          234.77,3.36,,,,,,,,1.98%,,,0,,-5.02%,,,,,,,,,,,,
,,,,,,,,,,,,,,,,,,2020,9/14/2020,$                                                    238.83,,,,,,,,,,1.41%,$          238.83,3.36,,,,,,,,1.95%,,,0,,-3.38%,,,,,,,,,,,,
,,,,,,,,,,,,,,,,,,2020,9/15/2020,$                                                    240.20,,,,,,,,,,1.40%,$          240.20,3.36,,,,,,,,1.94%,,,0,,-2.82%,,,,,,,,,,,,
,,,,,,,,,,,,,,,,,,2020,9/16/2020,$                                                    239.42,,,,,,,,,,1.40%,$          239.42,3.36,,,,,,,,1.94%,,,0,,-3.14%,,,,,,,,,,,,
,,,,,,,,,,,,,,,,,,2020,9/17/2020,$                                                    236.82,,,,,,,,,,1.42%,$          236.82,3.36,,,,,,,,1.96%,,,0,,-4.19%,,,,,,,,,,,,
,,,,,,,,,,,,,,,,,,2020,9/18/2020,$                                                     236.18,,,,,,,,,,1.42%,$           236.18,3.36,,,,,,,,1.97%,,,0,,-4.45%,,,,,,,,,,,,
,,,,,,,,,,,,,,,,,,2020,9/21/2020,$                                                     233.91,,,,,,,,,,1.44%,$           233.91,3.36,,,,,,,,1.99%,,,0,,-5.37%,,,,,,,,,,,,
,,,,,,,,,,,,,,,,,,2020,9/22/2020,$                                                    236.92,,,,,,,,,,1.42%,$          236.92,3.36,,,,,,,,1.96%,,,0,,-4.15%,,,,,,,,,,,,
,,,,,,,,,,,,,,,,,,2020,9/23/2020,$                                                    230.65,,,,,,,,,,1.46%,$          230.65,3.36,,,,,,,,2.02%,,,0,,-6.69%,,,,,,,,,,,,
,,,,,,,,,,,,,,,,,,2020,9/24/2020,$                                                     214.42,,,,,,,,,,1.57%,$           214.42,3.36,,,,,,,,2.17%,,,0,,-13.25%,,,,,,,,,,,,
,,,,,,,,,,,,,,,,,,2020,9/25/2020,$                                                     214.63,,,,,,,,,,1.57%,$           214.63,3.36,,,,,,,,2.17%,,,0,,-13.17%,,,,,,,,,,,,
,,,,,,,,,,,,,,,,,,2020,9/28/2020,$                                                    222.78,,,,,,,,,,1.51%,$          222.78,3.36,,,,,,,,2.09%,,,0,,-9.87%,,,,,,,,,,,,
,,,,,,,,,,,,,,,,,,2020,9/29/2020,$                                                    224.08,,,,,,,,,,1.50%,$          224.08,3.36,,,,,,,,2.08%,,,0,,-9.35%,,,,,,,,,,,,
,,,,,,,,,,,,,,,,,,2020,9/30/2020,$                                                    225.99,,,,,,,,,,1.49%,$          225.99,3.36,,,,,,,,2.06%,,,0,,-8.57%,,,,,,,,,,,,
,,,,,,,,,,,,,,,,,,2020,10/1/2020,$                                                     225.18,,,,,,,,,,1.49%,$           225.18,3.36,,,,,,,,2.07%,,,0,,-8.90%,,,,,,,,,,,,
,,,,,,,,,,,,,,,,,,2020,10/2/2020,$                                                    222.40,,,,,,,,,,1.51%,$          222.40,3.36,,,,,,,,2.09%,,,0,,-10.03%,,,,,,,,,,,,
,,,,,,,,,,,,,,,,,,2020,10/5/2020,$                                                    223.49,,,,,,,,,,1.50%,$          223.49,3.36,,,,,,,,2.08%,,,0,,-9.58%,,,,,,,,,,,,
,,,,,,,,,,,,,,,,,,2020,10/6/2020,$                                                    220.35,,,,,,,,,,1.52%,$          220.35,3.36,,,,,,,,2.11%,,,0,,-10.85%,,,,,,,,,,,,
,,,,,,,,,,,,,,,,,,2020,10/7/2020,$                                                    223.45,,,,,,,,,,1.50%,$          223.45,3.36,,,,,,,,2.08%,,,0,,-9.60%,,,,,,,,,,,,
,,,,,,,,,,,,,,,,,,2020,10/8/2020,$                                                     225.61,,,,,,,,,,1.49%,$           225.61,3.36,,,,,,,,2.06%,,,0,,-8.73%,,,,,,,,,,,,
,,,,,,,,,,,,,,,,,,2020,10/9/2020,$                                                    228.69,,,,,,,,,,1.47%,$          228.69,3.36,,,,,,,,2.03%,,,0,,-7.48%,,,,,,,,,,,,
,,,,,,,,,,,,,,,,,,2020,10/12/2020,$                                                    230.59,,,,,,,,,,1.46%,$          230.59,3.36,,,,,,,,2.02%,,,0,,-6.71%,,,,,,,,,,,,
,,,,,,,,,,,,,,,,,,2020,10/13/2020,$                                                    229.38,,,,,,,,,,1.46%,$          229.38,3.36,,,,,,,,2.03%,,,0,,-7.20%,,,,,,,,,,,,
,,,,,,,,,,,,,,,,,,2020,10/14/2020,$                                                    229.43,,,,,,,,,,1.46%,$          229.43,3.36,,,,,,,,2.03%,,,0,,-7.18%,,,,,,,,,,,,
,,,,,,,,,,,,,,,,,,2020,10/15/2020,$                                                    228.77,,,,,,,,,,1.47%,$          228.77,3.36,,,,,,,,2.03%,,,0,,-7.45%,,,,,,,,,,,,
,,,,,,,,,,,,,,,,,,2020,10/16/2020,$                                                    230.05,,,,,,,,,,1.46%,$          230.05,3.36,,,,,,,,2.02%,,,0,,-6.93%,,,,,,,,,,,,
,,,,,,,,,,,,,,,,,,2020,10/19/2020,$                                                    226.24,,,,,,,,,,1.49%,$          226.24,3.36,,,,,,,,2.06%,,,0,,-8.47%,,,,,,,,,,,,
,,,,,,,,,,,,,,,,,,2020,10/20/2020,$                                                    230.39,,,,,,,,,,1.46%,$          230.39,3.36,,,,,,,,2.02%,,,0,,-6.79%,,,,,,,,,,,,
,,,,,,,,,,,,,,,,,,2020,10/21/2020,$                                                     233.10,,,,,,,,,,1.44%,$           233.10,3.36,,,,,,,,1.99%,,,0,,-5.70%,,,,,,,,,,,,
,,,,,,,,,,,,,,,,,,2020,10/22/2020,$                                                     228.14,,,,,,,,,,1.47%,$           228.14,3.36,,,,,,,,2.04%,,,0,,-7.70%,,,,,,,,,,,,
,,,,,,,,,,,,,,,,,,2020,10/23/2020,$                                                    229.70,,,,,,,,,,1.46%,$          229.70,3.36,,,,,,,,2.02%,,,0,,-7.07%,,,,,,,,,,,,
,,,,,,,,,,,,,,,,,,2020,10/26/2020,$                                                     219.23,,,,,,,,,,1.53%,$           219.23,3.36,,,,,,,,2.12%,,,0,,-11.31%,,,,,,,,,,,,
,,,,,,,,,,,,,,,,,,2020,10/27/2020,$                                                    220.66,,,,,,,,,,1.52%,$          220.66,3.36,,,,,,,,2.11%,,,0,,-10.73%,,,,,,,,,,,,
,,,,,,,,,,,,,,,,,,2020,10/28/2020,$                                                     213.94,,,,,,,,,,1.57%,$           213.94,3.36,,,,,,,,2.17%,,,0,,-13.45%,,,,,,,,,,,,
,,,,,,,,,,,,,,,,,,2020,10/29/2020,$                                                     216.44,,,,,,,,,,1.55%,$           216.44,3.36,,,,,,,,2.15%,,,0,,-12.44%,,,,,,,,,,,,
,,,,,,,,,,,,,,,,,,2020,10/30/2020,$                                                      216.91,,,,,,,,,,1.55%,$            216.91,3.36,,,,,,,,2.14%,,,0,,-12.25%,,,,,,,,,,,,
,,,,,,,,,,,,,,,,,,2020,11/2/2020,$                                                     220.19,,,,,,,,,,1.53%,$           220.19,3.36,,,,,,,,2.11%,,,0,,-10.92%,,,,,,,,,,,,
,,,,,,,,,,,,,,,,,,2020,11/3/2020,$                                                     225.71,,,,,,,,,,1.49%,$           225.71,3.36,,,,,,,,2.06%,,,0,,-8.69%,,,,,,,,,,,,
,,,,,,,,,,,,,,,,,,2020,11/4/2020,$                                                    227.92,,,,,,,,,,1.47%,$          227.92,3.36,,,,,,,,2.04%,,,0,,-7.79%,,,,,,,,,,,,
,,,,,,,,,,,,,,,,,,2020,11/5/2020,$                                                    233.99,,,,,,,,,,1.44%,$          233.99,3.36,,,,,,,,1.99%,,,0,,-5.34%,,,,,,,,,,,,
,,,,,,,,,,,,,,,,,,2020,11/6/2020,$                                                    236.29,,,,,,,,,,1.42%,$          236.29,3.36,,,,,,,,1.97%,,,0,,-4.41%,,,,,,,,,,,,
,,,,,,,,,,,,,,,,,,2020,11/9/2020,$                                                    240.22,,,,,,,,,,1.40%,$          240.22,3.36,,,,,,,,1.94%,,,0,,-2.82%,,,,,,,,,,,,
,,,,,,,,,,,,,,,,,,2020,11/10/2020,$                                                     238.71,,,,,,,,,,1.41%,$           238.71,3.36,,,,,,,,1.95%,,,0,,-3.43%,,,,,,,,,,,,
,,,,,,,,,,,,,,,,,,2020,11/11/2020,$                                                    242.75,,,,,,,,,,1.38%,$          242.75,3.36,,,,,,,,1.92%,,,0,,-1.79%,,,,,,,,,,,,
,,,,,,,,,,,,,,,,,,2020,11/12/2020,$                                                     238.15,,,,,,,,,,1.41%,$           238.15,3.36,,,,,,,,1.95%,,,0,,-3.65%,,,,,,,,,,,,
,,,,,,,,,,,,,,,,,,2020,11/13/2020,$                                                     241.78,,,,,,,,,,1.39%,$           241.78,3.36,,,,,,,,1.92%,,,0,,-2.18%,,,,,,,,,,,,
,,,,,,,,,,,,,,,,,,2020,11/16/2020,$                                                    244.95,,,,,,,,,,1.37%,$          244.95,3.36,,,,,,,,1.90%,,,0,,-0.90%,,,,,,,,,,,,
,,,,,,,,,,,,,,,,,,2020,11/17/2020,$                                                    243.82,,,,,,,,,,1.38%,$          243.82,3.36,,,,,,,,1.91%,,,0,,-1.36%,,,,,,,,,,,,
,,,,,,,,,,,,,,,,,,2020,11/18/2020,$                                                    239.73,,,,,,,,,,1.40%,$          239.73,3.36,,,,,,,,1.94%,,,0,,-3.01%,,,,,,,,,,,,
,,,,,,,,,,,,,,,,,,2020,11/19/2020,$                                                    243.20,,,,,,,,,,1.38%,$          243.20,3.36,,,,,,,,1.91%,,,0,,-1.61%,,,,,,,,,,,,
,,,,,,,,,,,,,,,,,,2020,11/20/2020,$                                                    243.44,,,,,,,,,,1.38%,$          243.44,3.36,,,,,,,,1.91%,,,0,,-1.51%,,,,,,,,,,,,
,,,,,,,,,,,,,,,,,,2020,11/23/2020,$                                                    246.20,,,,,,,,,,1.36%,$          246.20,3.36,,,,,,,,1.89%,,,0,,-0.40%,,,,,,,,,,,,
,,,,,,,,,,,,,,,,,,2020,11/24/2020,$                                                    250.00,,,,,,,,,,1.34%,$          250.00,3.36,,,,,,,,1.86%,,,0,,0.00%,,,,,,,,,,,,
,,,,,,,,,,,,,,,,,,2020,11/25/2020,$                                                    249.33,,,,,,,,,,1.35%,$          249.33,3.36,,,,,,,,1.86%,,,0,,-0.27%,,,,,,,,,,,,
,,,,,,,,,,,,,,,,,,2020,11/27/2020,$                                                     250.12,,,,,,,,,,,$           250.12,,,,,,,,,1.86%,,,0,,0.00%,,,,,,,,,,,,
,,,,,,,,,,,,,,,,,,2020,11/30/2020,$                                                    249.09,,,,,,,,,,1.35%,$          249.09,3.36,,,,,,,,1.87%,,,0,,-0.41%,,,,,,,,,,,,
,,,,,,,,,,,,,,,,,,2020,12/1/2020,$                                                    252.27,,,,,,,,,,1.33%,$          252.27,3.36,,,,,,,,1.84%,,,0,,0.00%,,,,,,,,,,,,
,,,,,,,,,,,,,,,,,,2020,12/2/2020,$                                                    249.66,,,,,,,,,,1.35%,$          249.66,3.36,,,,,,,,1.86%,,,0,,-1.03%,,,,,,,,,,,,
,,,,,,,,,,,,,,,,,,2020,12/3/2020,$                                                    249.93,,,,,,,,,,1.34%,$          249.93,3.36,,,,,,,,1.86%,,,0,,-0.93%,,,,,,,,,,,,
,,,,,,,,,,,,,,,,,,2020,12/4/2020,$                                                    253.44,,,,,,,,,,1.33%,$          253.44,3.36,,,,,,,,1.83%,,,0,,0.00%,,,,,,,,,,,,
,,,,,,,,,,,,,,,,,,2020,12/7/2020,$                                                    249.30,,,,,,,,,,1.35%,$          249.30,3.36,,,,,,,,1.87%,,,0,,-1.63%,,,,,,,,,,,,
,,,,,,,,,,,,,,,,,,2020,12/8/2020,$                                                    249.86,,,,,,,,,,1.34%,$          249.86,3.36,,,,,,,,1.86%,,,0,,-1.41%,,,,,,,,,,,,
,,,,,,,,,,,,,,,,,,2020,12/9/2020,$                                                    246.77,,,,,,,,,,1.36%,$          246.77,3.36,,,,,,,,1.88%,,,0,,-2.63%,,,,,,,,,,,,
,,,,,,,,,,,,,,,,,,2020,12/10/2020,$                                                     246.16,,,,,,,,,,1.36%,$           246.16,3.36,,,,,,,,1.89%,,,0,,-2.87%,,,,,,,,,,,,
,,,,,,,,,,,,,,,,,,2020,12/11/2020,$                                                    245.83,,,,,,,,,,1.37%,$          245.83,3.36,,,,,,,,1.89%,,,0,,-3.00%,,,,,,,,,,,,
,,,,,,,,,,,,,,,,,,2020,12/14/2020,$                                                    243.75,,,,,,,,,,1.38%,$          243.75,3.36,,,,,,,,1.91%,,,0,,-3.82%,,,,,,,,,,,,
,,,,,,,,,,,,,,,,,,2020,12/15/2020,$                                                    247.05,,,,,,,,,,1.36%,$          247.05,3.36,,,,,,,,1.88%,,,0,,-2.52%,,,,,,,,,,,,
,,,,,,,,,,,,,,,,,,2020,12/16/2020,$                                                    247.45,,,,,,,,,,1.36%,$          247.45,3.36,,,,,,,,1.88%,,,0,,-2.36%,,,,,,,,,,,,
,,,,,,,,,,,,,,,,,,2020,12/17/2020,$                                                    264.47,,,,,,,,,,1.27%,$          264.47,3.36,,,,,,,,1.76%,,,0,,0.00%,,,,,,,,,,,,
,,,,,,,,,,,,,,,,,,2020,12/18/2020,$                                                    266.25,,,,,,,,,,1.26%,$          266.25,3.36,,,,,,,,1.75%,,,0,,0.00%,,,,,,,,,,,,
,,,,,,,,,,,,,,,,,,2020,12/21/2020,$                                                     261.42,,,,,,,,,,1.29%,$           261.42,3.36,,,,,,,,1.78%,,,0,,-1.81%,,,,,,,,,,,,
,,,,,,,,,,,,,,,,,,2020,12/22/2020,$                                                    259.47,,,,,,,,,,1.29%,$          259.47,3.36,,,,,,,,1.79%,,,0,,-2.55%,,,,,,,,,,,,
,,,,,,,,,,,,,,,,,,2020,12/23/2020,$                                                    257.44,,,,,,,,,,1.31%,$          257.44,3.36,,,,,,,,1.81%,,,0,,-3.31%,,,,,,,,,,,,
,,,,,,,,,,,,,,,,,,2020,12/24/2020,$                                                    257.30,,,,,,,,,,1.31%,$          257.30,3.36,,,,,,,,1.81%,,,0,,-3.36%,,,,,,,,,,,,
,,,,,,,,,,,,,,,,,,2020,12/28/2020,$                                                    259.68,,,,,,,,,,1.29%,$          259.68,3.36,,,,,,,,1.79%,,,0,,-2.47%,,,,,,,,,,,,
,,,,,,,,,,,,,,,,,,2020,12/29/2020,$                                                    257.76,,,,,,,,,,1.30%,$          257.76,3.36,,,,,,,,1.80%,,,0,,-3.19%,,,,,,,,,,,,
,,,,,,,,,,,,,,,,,,2020,12/30/2020,$                                                    257.54,,,,,,,,,,1.30%,$          257.54,3.36,,,,,,,,1.81%,,,0,,-3.27%,,,,,,,,,,,,
,,,,,,,,,,,,,,,,,,2020,12/31/2020,$                                                      261.21,,,,,,,,,,1.29%,$            261.21,3.36,,,,,,,,1.78%,,,0,,-1.89%,,,,,,,,,,,,
,,,,,,,,,,,,,,,,,,2021,1/4/2021,$                                                    256.46,,,,,,,,,,1.41%,$          256.46,3.61,,,,,,,,1.81%,,,0,,-3.68%,,,,,,,,,,,,
,,,,,,,,,,,,,,,,,,2021,1/5/2021,$                                                    257.92,,,,,,,,,,1.40%,$          257.92,3.61,,,,,,,,1.80%,,,0,,-3.13%,,,,,,,,,,,,
,,,,,,,,,,,,,,,,,,2021,1/6/2021,$                                                    260.74,,,,,,,,,,1.38%,$          260.74,3.61,,,,,,,,1.78%,,,0,,-2.07%,,,,,,,,,,,,
,,,,,,,,,,,,,,,,,,2021,1/7/2021,$                                                    263.20,,,,,,,,,,1.37%,$          263.20,3.61,,,,,,,,1.77%,,,0,,-1.15%,,,,,,,,,,,,
,,,,,,,,,,,,,,,,,,2021,1/8/2021,$                                                     264.16,,,,,,,,,,1.37%,$           264.16,3.61,,,,,,,,1.76%,,,0,,-0.78%,,,,,,,,,,,,
,,,,,,,,,,,,,,,,,,2021,1/11/2021,$                                                    260.35,,,,,,,,,,1.39%,$          260.35,3.61,,,,,,,,1.79%,,,0,,-2.22%,,,,,,,,,,,,
,,,,,,,,,,,,,,,,,,2021,1/12/2021,$                                                    258.40,,,,,,,,,,1.40%,$          258.40,3.61,,,,,,,,1.80%,,,0,,-2.95%,,,,,,,,,,,,
,,,,,,,,,,,,,,,,,,2021,1/13/2021,$                                                    257.08,,,,,,,,,,1.40%,$          257.08,3.61,,,,,,,,1.81%,,,0,,-3.44%,,,,,,,,,,,,
,,,,,,,,,,,,,,,,,,2021,1/14/2021,$                                                    255.00,,,,,,,,,,1.42%,$          255.00,3.61,,,,,,,,1.82%,,,0,,-4.23%,,,,,,,,,,,,
,,,,,,,,,,,,,,,,,,2021,1/15/2021,$                                                    253.65,,,,,,,,,,1.42%,$          253.65,3.61,,,,,,,,1.83%,,,0,,-4.73%,,,,,,,,,,,,
,,,,,,,,,,,,,,,,,,2021,1/19/2021,$                                                    255.84,,,,,,,,,,1.41%,$          255.84,3.61,,,,,,,,1.82%,,,0,,-3.91%,,,,,,,,,,,,
,,,,,,,,,,,,,,,,,,2021,1/20/2021,$                                                     261.67,,,,,,,,,,1.38%,$           261.67,3.61,,,,,,,,1.78%,,,0,,-1.72%,,,,,,,,,,,,
,,,,,,,,,,,,,,,,,,2021,1/21/2021,$                                                    257.94,,,,,,,,,,1.40%,$          257.94,3.61,,,,,,,,1.80%,,,0,,-3.12%,,,,,,,,,,,,
,,,,,,,,,,,,,,,,,,2021,1/22/2021,$                                                    254.77,,,,,,,,,,1.42%,$          254.77,3.61,,,,,,,,1.83%,,,0,,-4.31%,,,,,,,,,,,,
,,,,,,,,,,,,,,,,,,2021,1/25/2021,$                                                    252.04,,,,,,,,,,1.43%,$          252.04,3.61,,,,,,,,1.84%,,,0,,-5.34%,,,,,,,,,,,,
,,,,,,,,,,,,,,,,,,2021,1/26/2021,$                                                    252.99,,,,,,,,,,1.43%,$          252.99,3.61,,,,,,,,1.84%,,,0,,-4.98%,,,,,,,,,,,,
,,,,,,,,,,,,,,,,,,2021,1/27/2021,$                                                     246.10,,,,,,,,,,1.47%,$           246.10,3.61,,,,,,,,1.89%,,,0,,-7.57%,,,,,,,,,,,,
,,,,,,,,,,,,,,,,,,2021,1/28/2021,$                                                    249.34,,,,,,,,,,1.45%,$          249.34,3.61,,,,,,,,1.86%,,,0,,-6.35%,,,,,,,,,,,,
,,,,,,,,,,,,,,,,,,2021,1/29/2021,$                                                     241.92,,,,,,,,,,1.49%,$           241.92,3.61,,,,,,,,1.92%,,,0,,-9.14%,,,,,,,,,,,,
,,,,,,,,,,,,,,,,,,2021,2/1/2021,$                                                    247.57,,,,,,,,,,1.46%,$          247.57,3.61,,,,,,,,1.88%,,,0,,-7.02%,,,,,,,,,,,,
,,,,,,,,,,,,,,,,,,2021,2/2/2021,$                                                    248.75,,,,,,,,,,1.45%,$          248.75,3.61,,,,,,,,1.87%,,,0,,-6.57%,,,,,,,,,,,,
,,,,,,,,,,,,,,,,,,2021,2/3/2021,$                                                    248.37,,,,,,,,,,1.45%,$          248.37,3.61,,,,,,,,1.87%,,,0,,-6.72%,,,,,,,,,,,,
,,,,,,,,,,,,,,,,,,2021,2/4/2021,$                                                     253.01,,,,,,,,,,1.43%,$           253.01,3.61,,,,,,,,1.84%,,,0,,-4.97%,,,,,,,,,,,,
,,,,,,,,,,,,,,,,,,2021,2/5/2021,$                                                    253.54,,,,,,,,,,1.42%,$          253.54,3.61,,,,,,,,1.83%,,,0,,-4.77%,,,,,,,,,,,,
,,,,,,,,,,,,,,,,,,2021,2/8/2021,$                                                     257.31,,,,,,,,,,1.40%,$           257.31,3.61,,,,,,,,1.81%,,,0,,-3.36%,,,,,,,,,,,,
,,,,,,,,,,,,,,,,,,2021,2/9/2021,$                                                    257.68,,,,,,,,,,1.40%,$          257.68,3.61,,,,,,,,1.80%,,,0,,-3.22%,,,,,,,,,,,,
,,,,,,,,,,,,,,,,,,2021,2/10/2021,$                                                    256.94,,,,,,,,,,1.40%,$          256.94,3.61,,,,,,,,1.81%,,,0,,-3.50%,,,,,,,,,,,,
,,,,,,,,,,,,,,,,,,2021,2/11/2021,$                                                    258.97,,,,,,,,,,1.39%,$          258.97,3.61,,,,,,,,1.80%,,,0,,-2.73%,,,,,,,,,,,,
,,,,,,,,,,,,,,,,,,2021,2/12/2021,$                                                    257.47,,,,,,,,,,1.40%,$          257.47,3.61,,,,,,,,1.81%,,,0,,-3.30%,,,,,,,,,,,,
,,,,,,,,,,,,,,,,,,2021,2/16/2021,$                                                    257.05,,,,,,,,,,1.40%,$          257.05,3.61,,,,,,,,1.81%,,,0,,-3.46%,,,,,,,,,,,,
,,,,,,,,,,,,,,,,,,2021,2/17/2021,$                                                    258.78,,,,,,,,,,1.40%,$          258.78,3.61,,,,,,,,1.80%,,,0,,-2.81%,,,,,,,,,,,,
,,,,,,,,,,,,,,,,,,2021,2/18/2021,$                                                    257.63,,,,,,,,,,1.40%,$          257.63,3.61,,,,,,,,1.80%,,,0,,-3.24%,,,,,,,,,,,,
,,,,,,,,,,,,,,,,,,2021,2/19/2021,$                                                    254.29,,,,,,,,,,1.42%,$          254.29,3.61,,,,,,,,1.83%,,,0,,-4.49%,,,,,,,,,,,,
,,,,,,,,,,,,,,,,,,2021,2/22/2021,$                                                    252.63,,,,,,,,,,1.43%,$          252.63,3.61,,,,,,,,1.84%,,,0,,-5.12%,,,,,,,,,,,,
,,,,,,,,,,,,,,,,,,2021,2/23/2021,$                                                     256.19,,,,,,,,,,1.41%,$           256.19,3.61,,,,,,,,1.82%,,,0,,-3.78%,,,,,,,,,,,,
,,,,,,,,,,,,,,,,,,2021,2/24/2021,$                                                    259.27,,,,,,,,,,1.39%,$          259.27,3.61,,,,,,,,1.79%,,,0,,-2.62%,,,,,,,,,,,,
,,,,,,,,,,,,,,,,,,2021,2/25/2021,$                                                    253.78,,,,,,,,,,1.42%,$          253.78,3.61,,,,,,,,1.83%,,,0,,-4.68%,,,,,,,,,,,,
,,,,,,,,,,,,,,,,,,2021,2/26/2021,$                                                    250.90,,,,,,,,,,1.44%,$          250.90,3.61,,,,,,,,1.85%,,,0,,-5.77%,,,,,,,,,,,,
,,,,,,,,,,,,,,,,,,2021,3/1/2021,$                                                     258.16,,,,,,,,,,1.40%,$           258.16,3.61,,,,,,,,1.80%,,,0,,-3.04%,,,,,,,,,,,,
,,,,,,,,,,,,,,,,,,2021,3/2/2021,$                                                    259.23,,,,,,,,,,1.39%,$          259.23,3.61,,,,,,,,1.79%,,,0,,-2.64%,,,,,,,,,,,,
,,,,,,,,,,,,,,,,,,2021,3/3/2021,$                                                     254.18,,,,,,,,,,1.42%,$           254.18,3.61,,,,,,,,1.83%,,,0,,-4.53%,,,,,,,,,,,,
,,,,,,,,,,,,,,,,,,2021,3/4/2021,$                                                    247.00,,,,,,,,,,1.46%,$          247.00,3.61,,,,,,,,1.88%,,,0,,-7.23%,,,,,,,,,,,,
,,,,,,,,,,,,,,,,,,2021,3/5/2021,$                                                     249.51,,,,,,,,,,1.45%,$           249.51,3.61,,,,,,,,1.86%,,,0,,-6.29%,,,,,,,,,,,,
,,,,,,,,,,,,,,,,,,2021,3/8/2021,$                                                    249.39,,,,,,,,,,1.45%,$          249.39,3.61,,,,,,,,1.86%,,,0,,-6.33%,,,,,,,,,,,,
,,,,,,,,,,,,,,,,,,2021,3/9/2021,$                                                    254.37,,,,,,,,,,1.42%,$          254.37,3.61,,,,,,,,1.83%,,,0,,-4.46%,,,,,,,,,,,,
,,,,,,,,,,,,,,,,,,2021,3/10/2021,$                                                     257.14,,,,,,,,,,1.40%,$           257.14,3.61,,,,,,,,1.81%,,,0,,-3.42%,,,,,,,,,,,,
,,,,,,,,,,,,,,,,,,2021,3/11/2021,$                                                    266.37,,,,,,,,,,1.36%,$          266.37,3.61,,,,,,,,1.75%,,,0,,0.00%,,,,,,,,,,,,
,,,,,,,,,,,,,,,,,,2021,3/12/2021,$                                                    264.95,,,,,,,,,,1.36%,$          264.95,3.61,,,,,,,,1.76%,,,0,,-0.53%,,,,,,,,,,,,
,,,,,,,,,,,,,,,,,,2021,3/15/2021,$                                                    266.26,,,,,,,,,,,$          266.26,,,,,,,,,1.75%,,,0,,-0.04%,,,,,,,,,,,,
,,,,,,,,,,,,,,,,,,2021,3/16/2021,$                                                    263.52,,,,,,,,,,1.37%,$          263.52,3.61,,,,,,,,1.76%,,,0,,-1.07%,,,,,,,,,,,,
,,,,,,,,,,,,,,,,,,2021,3/17/2021,$                                                    264.27,,,,,,,,,,1.37%,$          264.27,3.61,,,,,,,,1.76%,,,0,,-0.79%,,,,,,,,,,,,
,,,,,,,,,,,,,,,,,,2021,3/18/2021,$                                                    266.89,,,,,,,,,,1.35%,$          266.89,3.61,,,,,,,,1.74%,,,0,,0.00%,,,,,,,,,,,,
,,,,,,,,,,,,,,,,,,2021,3/19/2021,$                                                    263.78,,,,,,,,,,1.37%,$          263.78,3.61,,,,,,,,1.76%,,,0,,-1.17%,,,,,,,,,,,,
,,,,,,,,,,,,,,,,,,2021,3/22/2021,$                                                    265.20,,,,,,,,,,1.36%,$          265.20,3.61,,,,,,,,1.75%,,,0,,-0.63%,,,,,,,,,,,,
,,,,,,,,,,,,,,,,,,2021,3/23/2021,$                                                    266.03,,,,,,,,,,1.36%,$          266.03,3.61,,,,,,,,1.75%,,,0,,-0.32%,,,,,,,,,,,,
,,,,,,,,,,,,,,,,,,2021,3/24/2021,$                                                    267.55,,,,,,,,,,1.35%,$          267.55,3.61,,,,,,,,1.74%,,,0,,0.00%,,,,,,,,,,,,
,,,,,,,,,,,,,,,,,,2021,3/25/2021,$                                                     268.61,,,,,,,,,,1.34%,$           268.61,3.61,,,,,,,,1.73%,,,0,,0.00%,,,,,,,,,,,,
,,,,,,,,,,,,,,,,,,2021,3/26/2021,$                                                    280.77,,,,,,,,,,1.29%,$          280.77,3.61,,,,,,,,1.66%,,,0,,0.00%,,,,,,,,,,,,
,,,,,,,,,,,,,,,,,,2021,3/29/2021,$                                                    279.54,,,,,,,,,,1.29%,$          279.54,3.61,,,,,,,,1.66%,,,0,,-0.44%,,,,,,,,,,,,
,,,,,,,,,,,,,,,,,,2021,3/30/2021,$                                                    278.55,,,,,,,,,,1.30%,$          278.55,3.61,,,,,,,,1.67%,,,0,,-0.79%,,,,,,,,,,,,
,,,,,,,,,,,,,,,,,,2021,3/31/2021,$                                                    276.25,,,,,,,,,,1.31%,$          276.25,3.61,,,,,,,,1.68%,,,0,,-1.61%,,,,,,,,,,,,
,,,,,,,,,,,,,,,,,,2021,4/1/2021,$                                                    278.34,,,,,,,,,,1.30%,$          278.34,3.61,,,,,,,,1.67%,,,0,,-0.87%,,,,,,,,,,,,
,,,,,,,,,,,,,,,,,,2021,4/5/2021,$                                                      281.13,,,,,,,,,,1.28%,$            281.13,3.61,,,,,,,,1.65%,,,0,,0.00%,,,,,,,,,,,,
,,,,,,,,,,,,,,,,,,2021,4/6/2021,$                                                     281.63,,,,,,,,,,1.28%,$           281.63,3.61,,,,,,,,1.65%,,,0,,0.00%,,,,,,,,,,,,
,,,,,,,,,,,,,,,,,,2021,4/7/2021,$                                                    282.57,,,,,,,,,,1.28%,$          282.57,3.61,,,,,,,,1.65%,,,0,,0.00%,,,,,,,,,,,,
,,,,,,,,,,,,,,,,,,2021,4/8/2021,$                                                    284.42,,,,,,,,,,1.27%,$          284.42,3.61,,,,,,,,1.63%,,,0,,0.00%,,,,,,,,,,,,
,,,,,,,,,,,,,,,,,,2021,4/9/2021,$                                                     287.71,,,,,,,,,,1.25%,$           287.71,3.61,,,,,,,,1.62%,,,0,,0.00%,,,,,,,,,,,,
,,,,,,,,,,,,,,,,,,2021,4/12/2021,$                                                    287.54,,,,,,,,,,1.26%,$          287.54,3.61,,,,,,,,1.62%,,,0,,-0.06%,,,,,,,,,,,,
,,,,,,,,,,,,,,,,,,2021,4/13/2021,$                                                    285.22,,,,,,,,,,1.27%,$          285.22,3.61,,,,,,,,1.63%,,,0,,-0.87%,,,,,,,,,,,,
,,,,,,,,,,,,,,,,,,2021,4/14/2021,$                                                    284.44,,,,,,,,,,1.27%,$          284.44,3.61,,,,,,,,1.63%,,,0,,-1.14%,,,,,,,,,,,,
,,,,,,,,,,,,,,,,,,2021,4/15/2021,$                                                     285.15,,,,,,,,,,1.27%,$           285.15,3.61,,,,,,,,1.63%,,,0,,-0.89%,,,,,,,,,,,,
,,,,,,,,,,,,,,,,,,2021,4/16/2021,$                                                    286.96,,,,,,,,,,1.26%,$          286.96,3.61,,,,,,,,1.62%,,,0,,-0.26%,,,,,,,,,,,,
,,,,,,,,,,,,,,,,,,2021,4/19/2021,$                                                    286.54,,,,,,,,,,1.26%,$          286.54,3.61,,,,,,,,1.62%,,,0,,-0.41%,,,,,,,,,,,,
,,,,,,,,,,,,,,,,,,2021,4/20/2021,$                                                    288.60,,,,,,,,,,1.25%,$          288.60,3.61,,,,,,,,1.61%,,,0,,0.00%,,,,,,,,,,,,
,,,,,,,,,,,,,,,,,,2021,4/21/2021,$                                                    290.72,,,,,,,,,,1.24%,$          290.72,3.61,,,,,,,,1.60%,,,0,,0.00%,,,,,,,,,,,,
,,,,,,,,,,,,,,,,,,2021,4/22/2021,$                                                     290.16,,,,,,,,,,1.24%,$           290.16,3.61,,,,,,,,1.60%,,,0,,-0.19%,,,,,,,,,,,,
,,,,,,,,,,,,,,,,,,2021,4/23/2021,$                                                     291.74,,,,,,,,,,1.24%,$           291.74,3.61,,,,,,,,1.59%,,,0,,0.00%,,,,,,,,,,,,
,,,,,,,,,,,,,,,,,,2021,4/26/2021,$                                                    289.52,,,,,,,,,,1.25%,$          289.52,3.61,,,,,,,,1.61%,,,0,,-0.76%,,,,,,,,,,,,
,,,,,,,,,,,,,,,,,,2021,4/27/2021,$                                                    290.25,,,,,,,,,,1.24%,$          290.25,3.61,,,,,,,,1.60%,,,0,,-0.51%,,,,,,,,,,,,
,,,,,,,,,,,,,,,,,,2021,4/28/2021,$                                                    290.27,,,,,,,,,,1.24%,$          290.27,3.61,,,,,,,,1.60%,,,0,,-0.50%,,,,,,,,,,,,
,,,,,,,,,,,,,,,,,,2021,4/29/2021,$                                                    292.54,,,,,,,,,,1.23%,$          292.54,3.61,,,,,,,,1.59%,,,0,,0.00%,,,,,,,,,,,,
,,,,,,,,,,,,,,,,,,2021,4/30/2021,$                                                    289.97,,,,,,,,,,1.24%,$          289.97,3.61,,,,,,,,1.60%,,,0,,-0.88%,,,,,,,,,,,,
,,,,,,,,,,,,,,,,,,2021,5/3/2021,$                                                     292.17,,,,,,,,,,1.24%,$           292.17,3.61,,,,,,,,1.59%,,,0,,-0.13%,,,,,,,,,,,,
,,,,,,,,,,,,,,,,,,2021,5/4/2021,$                                                     291.60,,,,,,,,,,1.24%,$           291.60,3.61,,,,,,,,1.59%,,,0,,-0.32%,,,,,,,,,,,,
,,,,,,,,,,,,,,,,,,2021,5/5/2021,$                                                    289.52,,,,,,,,,,1.25%,$          289.52,3.61,,,,,,,,1.61%,,,0,,-1.03%,,,,,,,,,,,,
,,,,,,,,,,,,,,,,,,2021,5/6/2021,$                                                      291.16,,,,,,,,,,1.24%,$            291.16,3.61,,,,,,,,1.60%,,,0,,-0.47%,,,,,,,,,,,,
,,,,,,,,,,,,,,,,,,2021,5/7/2021,$                                                     291.53,,,,,,,,,,1.24%,$           291.53,3.61,,,,,,,,1.60%,,,0,,-0.35%,,,,,,,,,,,,
,,,,,,,,,,,,,,,,,,2021,5/10/2021,$                                                     290.61,,,,,,,,,,1.24%,$           290.61,3.61,,,,,,,,1.60%,,,0,,-0.66%,,,,,,,,,,,,
,,,,,,,,,,,,,,,,,,2021,5/11/2021,$                                                    287.95,,,,,,,,,,1.25%,$          287.95,3.61,,,,,,,,1.61%,,,0,,-1.57%,,,,,,,,,,,,
,,,,,,,,,,,,,,,,,,2021,5/12/2021,$                                                    279.39,,,,,,,,,,1.29%,$          279.39,3.61,,,,,,,,1.66%,,,0,,-4.50%,,,,,,,,,,,,
,,,,,,,,,,,,,,,,,,2021,5/13/2021,$                                                    285.32,,,,,,,,,,1.27%,$          285.32,3.61,,,,,,,,1.63%,,,0,,-2.47%,,,,,,,,,,,,
,,,,,,,,,,,,,,,,,,2021,5/14/2021,$                                                    288.20,,,,,,,,,,1.25%,$          288.20,3.61,,,,,,,,1.61%,,,0,,-1.48%,,,,,,,,,,,,
,,,,,,,,,,,,,,,,,,2021,5/17/2021,$                                                    287.00,,,,,,,,,,1.26%,$          287.00,3.61,,,,,,,,1.62%,,,0,,-1.89%,,,,,,,,,,,,
,,,,,,,,,,,,,,,,,,2021,5/18/2021,$                                                     283.01,,,,,,,,,,1.28%,$           283.01,3.61,,,,,,,,1.64%,,,0,,-3.26%,,,,,,,,,,,,
,,,,,,,,,,,,,,,,,,2021,5/19/2021,$                                                    280.97,,,,,,,,,,1.28%,$          280.97,3.61,,,,,,,,1.65%,,,0,,-3.96%,,,,,,,,,,,,
,,,,,,,,,,,,,,,,,,2021,5/20/2021,$                                                    283.95,,,,,,,,,,1.27%,$          283.95,3.61,,,,,,,,1.64%,,,0,,-2.94%,,,,,,,,,,,,
,,,,,,,,,,,,,,,,,,2021,5/21/2021,$                                                    283.38,,,,,,,,,,1.27%,$          283.38,3.61,,,,,,,,1.64%,,,0,,-3.13%,,,,,,,,,,,,
,,,,,,,,,,,,,,,,,,2021,5/24/2021,$                                                    284.85,,,,,,,,,,1.27%,$          284.85,3.61,,,,,,,,1.63%,,,0,,-2.63%,,,,,,,,,,,,
,,,,,,,,,,,,,,,,,,2021,5/25/2021,$                                                    285.99,,,,,,,,,,1.26%,$          285.99,3.61,,,,,,,,1.63%,,,0,,-2.24%,,,,,,,,,,,,
,,,,,,,,,,,,,,,,,,2021,5/26/2021,$                                                    283.95,,,,,,,,,,1.27%,$          283.95,3.61,,,,,,,,1.64%,,,0,,-2.94%,,,,,,,,,,,,
,,,,,,,,,,,,,,,,,,2021,5/27/2021,$                                                    280.05,,,,,,,,,,1.29%,$          280.05,3.61,,,,,,,,1.66%,,,0,,-4.27%,,,,,,,,,,,,
,,,,,,,,,,,,,,,,,,2021,5/28/2021,$                                                     282.16,,,,,,,,,,1.28%,$           282.16,3.61,,,,,,,,1.65%,,,0,,-3.55%,,,,,,,,,,,,
,,,,,,,,,,,,,,,,,,2021,6/1/2021,$                                                    280.88,,,,,,,,,,1.29%,$          280.88,3.61,,,,,,,,1.66%,,,0,,-3.99%,,,,,,,,,,,,
,,,,,,,,,,,,,,,,,,2021,6/2/2021,$                                                     281.80,,,,,,,,,,1.28%,$           281.80,3.61,,,,,,,,1.65%,,,0,,-3.67%,,,,,,,,,,,,
,,,,,,,,,,,,,,,,,,2021,6/3/2021,$                                                    279.63,,,,,,,,,,1.29%,$          279.63,3.61,,,,,,,,1.66%,,,0,,-4.41%,,,,,,,,,,,,
,,,,,,,,,,,,,,,,,,2021,6/4/2021,$                                                     283.17,,,,,,,,,,1.27%,$           283.17,3.61,,,,,,,,1.64%,,,0,,-3.20%,,,,,,,,,,,,
,,,,,,,,,,,,,,,,,,2021,6/7/2021,$                                                     282.19,,,,,,,,,,1.28%,$           282.19,3.61,,,,,,,,1.65%,,,0,,-3.54%,,,,,,,,,,,,
,,,,,,,,,,,,,,,,,,2021,6/8/2021,$                                                     281.45,,,,,,,,,,1.28%,$           281.45,3.61,,,,,,,,1.65%,,,0,,-3.79%,,,,,,,,,,,,
,,,,,,,,,,,,,,,,,,2021,6/9/2021,$                                                      282.11,,,,,,,,,,1.28%,$            282.11,3.61,,,,,,,,1.65%,,,0,,-3.57%,,,,,,,,,,,,
,,,,,,,,,,,,,,,,,,2021,6/10/2021,$                                                    284.22,,,,,,,,,,1.27%,$          284.22,3.61,,,,,,,,1.64%,,,0,,-2.84%,,,,,,,,,,,,
,,,,,,,,,,,,,,,,,,2021,6/11/2021,$                                                    285.28,,,,,,,,,,1.27%,$          285.28,3.61,,,,,,,,1.63%,,,0,,-2.48%,,,,,,,,,,,,
,,,,,,,,,,,,,,,,,,2021,6/14/2021,$                                                     285.71,,,,,,,,,,1.26%,$           285.71,3.61,,,,,,,,1.63%,,,0,,-2.33%,,,,,,,,,,,,
,,,,,,,,,,,,,,,,,,2021,6/15/2021,$                                                     286.19,,,,,,,,,,1.26%,$           286.19,3.61,,,,,,,,1.62%,,,0,,-2.17%,,,,,,,,,,,,
,,,,,,,,,,,,,,,,,,2021,6/16/2021,$                                                    283.94,,,,,,,,,,1.27%,$          283.94,3.61,,,,,,,,1.64%,,,0,,-2.94%,,,,,,,,,,,,
,,,,,,,,,,,,,,,,,,2021,6/17/2021,$                                                    284.77,,,,,,,,,,1.27%,$          284.77,3.61,,,,,,,,1.63%,,,0,,-2.66%,,,,,,,,,,,,
,,,,,,,,,,,,,,,,,,2021,6/18/2021,$                                                     281.25,,,,,,,,,,1.28%,$           281.25,3.61,,,,,,,,1.65%,,,0,,-3.86%,,,,,,,,,,,,
,,,,,,,,,,,,,,,,,,2021,6/21/2021,$                                                    285.56,,,,,,,,,,1.26%,$          285.56,3.61,,,,,,,,1.63%,,,0,,-2.39%,,,,,,,,,,,,
,,,,,,,,,,,,,,,,,,2021,6/22/2021,$                                                    285.66,,,,,,,,,,1.26%,$          285.66,3.61,,,,,,,,1.63%,,,0,,-2.35%,,,,,,,,,,,,
,,,,,,,,,,,,,,,,,,2021,6/23/2021,$                                                    285.70,,,,,,,,,,1.26%,$          285.70,3.61,,,,,,,,1.63%,,,0,,-2.34%,,,,,,,,,,,,
,,,,,,,,,,,,,,,,,,2021,6/24/2021,$                                                     291.56,,,,,,,,,,1.24%,$           291.56,3.61,,,,,,,,1.59%,,,0,,-0.33%,,,,,,,,,,,,
,,,,,,,,,,,,,,,,,,2021,6/25/2021,$                                                    294.66,,,,,,,,,,1.23%,$          294.66,3.61,,,,,,,,1.58%,,,0,,0.00%,,,,,,,,,,,,
,,,,,,,,,,,,,,,,,,2021,6/28/2021,$                                                    293.90,,,,,,,,,,1.23%,$          293.90,3.61,,,,,,,,1.58%,,,0,,-0.26%,,,,,,,,,,,,
,,,,,,,,,,,,,,,,,,2021,6/29/2021,$                                                    296.43,,,,,,,,,,1.22%,$          296.43,3.61,,,,,,,,1.57%,,,0,,0.00%,,,,,,,,,,,,
,,,,,,,,,,,,,,,,,,2021,6/30/2021,$                                                    294.79,,,,,,,,,,1.22%,$          294.79,3.61,,,,,,,,1.58%,,,0,,-0.55%,,,,,,,,,,,,
,,,,,,,,,,,,,,,,,,2021,7/1/2021,$                                                    300.00,,,,,,,,,,1.20%,$          300.00,3.61,,,,,,,,1.55%,,,0,,0.00%,,,,,,,,,,,,
,,,,,,,,,,,,,,,,,,2021,7/2/2021,$                                                    304.84,,,,,,,,,,1.18%,$          304.84,3.61,,,,,,,,1.53%,,,0,,0.00%,,,,,,,,,,,,
,,,,,,,,,,,,,,,,,,2021,7/6/2021,$                                                    305.40,,,,,,,,,,1.18%,$          305.40,3.61,,,,,,,,1.52%,,,0,,0.00%,,,,,,,,,,,,
,,,,,,,,,,,,,,,,,,2021,7/7/2021,$                                                     309.61,,,,,,,,,,1.17%,$           309.61,3.61,,,,,,,,1.50%,,,0,,0.00%,,,,,,,,,,,,
,,,,,,,,,,,,,,,,,,2021,7/8/2021,$                                                     309.15,,,,,,,,,,1.17%,$           309.15,3.61,,,,,,,,1.50%,,,0,,-0.15%,,,,,,,,,,,,
,,,,,,,,,,,,,,,,,,2021,7/9/2021,$                                                     312.62,,,,,,,,,,1.15%,$           312.62,3.61,,,,,,,,1.49%,,,0,,0.00%,,,,,,,,,,,,
,,,,,,,,,,,,,,,,,,2021,7/12/2021,$                                                      311.57,,,,,,,,,,1.16%,$            311.57,3.61,,,,,,,,1.49%,,,0,,-0.34%,,,,,,,,,,,,
,,,,,,,,,,,,,,,,,,2021,7/13/2021,$                                                     312.63,,,,,,,,,,1.15%,$           312.63,3.61,,,,,,,,1.49%,,,0,,0.00%,,,,,,,,,,,,
,,,,,,,,,,,,,,,,,,2021,7/14/2021,$                                                     314.39,,,,,,,,,,1.15%,$           314.39,3.61,,,,,,,,1.48%,,,0,,0.00%,,,,,,,,,,,,
,,,,,,,,,,,,,,,,,,2021,7/15/2021,$                                                     314.94,,,,,,,,,,1.15%,$           314.94,3.61,,,,,,,,1.48%,,,0,,0.00%,,,,,,,,,,,,
,,,,,,,,,,,,,,,,,,2021,7/16/2021,$                                                       311.91,,,,,,,,,,1.16%,$             311.91,3.61,,,,,,,,1.49%,,,0,,-0.96%,,,,,,,,,,,,
,,,,,,,,,,,,,,,,,,2021,7/19/2021,$                                                     309.18,,,,,,,,,,1.17%,$           309.18,3.61,,,,,,,,1.50%,,,0,,-1.83%,,,,,,,,,,,,
,,,,,,,,,,,,,,,,,,2021,7/20/2021,$                                                     312.06,,,,,,,,,,1.16%,$           312.06,3.61,,,,,,,,1.49%,,,0,,-0.91%,,,,,,,,,,,,
,,,,,,,,,,,,,,,,,,2021,7/21/2021,$                                                     313.77,,,,,,,,,,1.15%,$           313.77,3.61,,,,,,,,1.48%,,,0,,-0.37%,,,,,,,,,,,,
,,,,,,,,,,,,,,,,,,2021,7/22/2021,$                                                     314.26,,,,,,,,,,1.15%,$           314.26,3.61,,,,,,,,1.48%,,,0,,-0.22%,,,,,,,,,,,,
,,,,,,,,,,,,,,,,,,2021,7/23/2021,$                                                     318.65,,,,,,,,,,1.13%,$           318.65,3.61,,,,,,,,1.46%,,,0,,0.00%,,,,,,,,,,,,
,,,,,,,,,,,,,,,,,,2021,7/26/2021,$                                                     318.98,,,,,,,,,,1.13%,$           318.98,3.61,,,,,,,,1.46%,,,0,,0.00%,,,,,,,,,,,,
,,,,,,,,,,,,,,,,,,2021,7/27/2021,$                                                     319.89,,,,,,,,,,1.13%,$           319.89,3.61,,,,,,,,1.45%,,,0,,0.00%,,,,,,,,,,,,
,,,,,,,,,,,,,,,,,,2021,7/28/2021,$                                                      316.31,,,,,,,,,,1.14%,$            316.31,3.61,,,,,,,,1.47%,,,0,,-1.12%,,,,,,,,,,,,
,,,,,,,,,,,,,,,,,,2021,7/29/2021,$                                                     318.35,,,,,,,,,,1.13%,$           318.35,3.61,,,,,,,,1.46%,,,0,,-0.48%,,,,,,,,,,,,
,,,,,,,,,,,,,,,,,,2021,7/30/2021,$                                                     317.68,,,,,,,,,,1.14%,$           317.68,3.61,,,,,,,,1.46%,,,0,,-0.69%,,,,,,,,,,,,
,,,,,,,,,,,,,,,,,,2021,8/2/2021,$                                                     316.08,,,,,,,,,,1.14%,$           316.08,3.61,,,,,,,,1.47%,,,0,,-1.19%,,,,,,,,,,,,
,,,,,,,,,,,,,,,,,,2021,8/3/2021,$                                                     318.52,,,,,,,,,,1.13%,$           318.52,3.61,,,,,,,,1.46%,,,0,,-0.43%,,,,,,,,,,,,
,,,,,,,,,,,,,,,,,,2021,8/4/2021,$                                                     316.77,,,,,,,,,,1.14%,$           316.77,3.61,,,,,,,,1.47%,,,0,,-0.98%,,,,,,,,,,,,
,,,,,,,,,,,,,,,,,,2021,8/5/2021,$                                                     320.31,,,,,,,,,,1.13%,$           320.31,3.61,,,,,,,,1.45%,,,0,,0.00%,,,,,,,,,,,,
,,,,,,,,,,,,,,,,,,2021,8/6/2021,$                                                     321.83,,,,,,,,,,1.12%,$           321.83,3.61,,,,,,,,1.44%,,,0,,0.00%,,,,,,,,,,,,
,,,,,,,,,,,,,,,,,,2021,8/9/2021,$                                                     319.52,,,,,,,,,,1.13%,$           319.52,3.61,,,,,,,,1.46%,,,0,,-0.72%,,,,,,,,,,,,
,,,,,,,,,,,,,,,,,,2021,8/10/2021,$                                                     320.18,,,,,,,,,,1.13%,$           320.18,3.61,,,,,,,,1.45%,,,0,,-0.51%,,,,,,,,,,,,
,,,,,,,,,,,,,,,,,,2021,8/11/2021,$                                                     319.79,,,,,,,,,,1.13%,$           319.79,3.61,,,,,,,,1.45%,,,0,,-0.63%,,,,,,,,,,,,
,,,,,,,,,,,,,,,,,,2021,8/12/2021,$                                                     321.76,,,,,,,,,,1.12%,$           321.76,3.61,,,,,,,,1.45%,,,0,,-0.02%,,,,,,,,,,,,
,,,,,,,,,,,,,,,,,,2021,8/13/2021,$                                                    323.45,,,,,,,,,,1.12%,$          323.45,3.61,,,,,,,,1.44%,,,0,,0.00%,,,,,,,,,,,,
,,,,,,,,,,,,,,,,,,2021,8/16/2021,$                                                    328.25,,,,,,,,,,1.10%,$          328.25,3.61,,,,,,,,1.42%,,,0,,0.00%,,,,,,,,,,,,
,,,,,,,,,,,,,,,,,,2021,8/17/2021,$                                                    329.30,,,,,,,,,,1.10%,$          329.30,3.61,,,,,,,,1.41%,,,0,,0.00%,,,,,,,,,,,,
,,,,,,,,,,,,,,,,,,2021,8/18/2021,$                                                    324.55,,,,,,,,,,1.11%,$          324.55,3.61,,,,,,,,1.43%,,,0,,-1.44%,,,,,,,,,,,,
,,,,,,,,,,,,,,,,,,2021,8/19/2021,$                                                    328.25,,,,,,,,,,1.10%,$          328.25,3.61,,,,,,,,1.42%,,,0,,-0.32%,,,,,,,,,,,,
,,,,,,,,,,,,,,,,,,2021,8/20/2021,$                                                    332.65,,,,,,,,,,1.09%,$          332.65,3.61,,,,,,,,1.40%,,,0,,0.00%,,,,,,,,,,,,
,,,,,,,,,,,,,,,,,,2021,8/23/2021,$                                                    332.92,,,,,,,,,,1.08%,$          332.92,3.61,,,,,,,,1.40%,,,0,,0.00%,,,,,,,,,,,,
,,,,,,,,,,,,,,,,,,2021,8/24/2021,$                                                     330.91,,,,,,,,,,1.09%,$           330.91,3.61,,,,,,,,1.41%,,,0,,-0.60%,,,,,,,,,,,,
,,,,,,,,,,,,,,,,,,2021,8/25/2021,$                                                    333.44,,,,,,,,,,1.08%,$          333.44,3.61,,,,,,,,1.39%,,,0,,0.00%,,,,,,,,,,,,
,,,,,,,,,,,,,,,,,,2021,8/26/2021,$                                                    333.23,,,,,,,,,,1.08%,$          333.23,3.61,,,,,,,,1.40%,,,0,,-0.06%,,,,,,,,,,,,
,,,,,,,,,,,,,,,,,,2021,8/27/2021,$                                                    335.66,,,,,,,,,,1.08%,$          335.66,3.61,,,,,,,,1.39%,,,0,,0.00%,,,,,,,,,,,,
,,,,,,,,,,,,,,,,,,2021,8/30/2021,$                                                    337.00,,,,,,,,,,1.07%,$          337.00,3.61,,,,,,,,1.38%,,,0,,0.00%,,,,,,,,,,,,
,,,,,,,,,,,,,,,,,,2021,8/31/2021,$                                                    336.56,,,,,,,,,,1.07%,$          336.56,3.61,,,,,,,,1.38%,,,0,,-0.13%,,,,,,,,,,,,
,,,,,,,,,,,,,,,,,,2021,9/1/2021,$                                                    337.90,,,,,,,,,,1.07%,$          337.90,3.61,,,,,,,,1.38%,,,0,,0.00%,,,,,,,,,,,,
,,,,,,,,,,,,,,,,,,2021,9/2/2021,$                                                     341.00,,,,,,,,,,1.06%,$           341.00,3.61,,,,,,,,1.36%,,,0,,0.00%,,,,,,,,,,,,
,,,,,,,,,,,,,,,,,,2021,9/3/2021,$                                                    343.33,,,,,,,,,,1.05%,$          343.33,3.61,,,,,,,,1.35%,,,0,,0.00%,,,,,,,,,,,,
,,,,,,,,,,,,,,,,,,2021,9/7/2021,$                                                     341.49,,,,,,,,,,1.06%,$           341.49,3.61,,,,,,,,1.36%,,,0,,-0.54%,,,,,,,,,,,,
,,,,,,,,,,,,,,,,,,2021,9/8/2021,$                                                    340.32,,,,,,,,,,1.06%,$          340.32,3.61,,,,,,,,1.37%,,,0,,-0.88%,,,,,,,,,,,,
,,,,,,,,,,,,,,,,,,2021,9/9/2021,$                                                      341.10,,,,,,,,,,1.06%,$            341.10,3.61,,,,,,,,1.36%,,,0,,-0.65%,,,,,,,,,,,,
,,,,,,,,,,,,,,,,,,2021,9/10/2021,$                                                     341.92,,,,,,,,,,1.06%,$           341.92,3.61,,,,,,,,1.36%,,,0,,-0.41%,,,,,,,,,,,,
,,,,,,,,,,,,,,,,,,2021,9/13/2021,$                                                    339.44,,,,,,,,,,1.06%,$          339.44,3.61,,,,,,,,1.37%,,,0,,-1.13%,,,,,,,,,,,,
,,,,,,,,,,,,,,,,,,2021,9/14/2021,$                                                    340.72,,,,,,,,,,1.06%,$          340.72,3.61,,,,,,,,1.36%,,,0,,-0.76%,,,,,,,,,,,,
,,,,,,,,,,,,,,,,,,2021,9/15/2021,$                                                    344.43,,,,,,,,,,1.05%,$          344.43,3.61,,,,,,,,1.35%,,,0,,0.00%,,,,,,,,,,,,
,,,,,,,,,,,,,,,,,,2021,9/16/2021,$                                                    342.23,,,,,,,,,,1.05%,$          342.23,3.61,,,,,,,,1.36%,,,0,,-0.64%,,,,,,,,,,,,
,,,,,,,,,,,,,,,,,,2021,9/17/2021,$                                                    335.40,,,,,,,,,,1.08%,$          335.40,3.61,,,,,,,,1.39%,,,0,,-2.62%,,,,,,,,,,,,
,,,,,,,,,,,,,,,,,,2021,9/20/2021,$                                                    332.29,,,,,,,,,,1.09%,$          332.29,3.61,,,,,,,,1.40%,,,0,,-3.52%,,,,,,,,,,,,
,,,,,,,,,,,,,,,,,,2021,9/21/2021,$                                                      331.15,,,,,,,,,,1.09%,$            331.15,3.61,,,,,,,,1.40%,,,0,,-3.86%,,,,,,,,,,,,
,,,,,,,,,,,,,,,,,,2021,9/22/2021,$                                                    334.66,,,,,,,,,,1.08%,$          334.66,3.61,,,,,,,,1.39%,,,0,,-2.84%,,,,,,,,,,,,
,,,,,,,,,,,,,,,,,,2021,9/23/2021,$                                                    343.00,,,,,,,,,,1.05%,$          343.00,3.61,,,,,,,,1.36%,,,0,,-0.42%,,,,,,,,,,,,
,,,,,,,,,,,,,,,,,,2021,9/24/2021,$                                                    339.23,,,,,,,,,,1.06%,$          339.23,3.61,,,,,,,,1.37%,,,0,,-1.51%,,,,,,,,,,,,
,,,,,,,,,,,,,,,,,,2021,9/27/2021,$                                                     334.51,,,,,,,,,,1.08%,$           334.51,3.61,,,,,,,,1.39%,,,0,,-2.88%,,,,,,,,,,,,
,,,,,,,,,,,,,,,,,,2021,9/28/2021,$                                                     324.21,,,,,,,,,,1.11%,$           324.21,3.61,,,,,,,,1.43%,,,0,,-5.87%,,,,,,,,,,,,
,,,,,,,,,,,,,,,,,,2021,9/29/2021,$                                                    323.53,,,,,,,,,,1.12%,$          323.53,3.61,,,,,,,,1.44%,,,0,,-6.07%,,,,,,,,,,,,
,,,,,,,,,,,,,,,,,,2021,9/30/2021,$                                                     319.92,,,,,,,,,,1.13%,$           319.92,3.61,,,,,,,,1.45%,,,0,,-7.12%,,,,,,,,,,,,
,,,,,,,,,,,,,,,,,,2021,10/1/2021,$                                                    324.86,,,,,,,,,,1.11%,$          324.86,3.61,,,,,,,,1.43%,,,0,,-5.68%,,,,,,,,,,,,
,,,,,,,,,,,,,,,,,,2021,10/4/2021,$                                                     319.49,,,,,,,,,,1.13%,$           319.49,3.61,,,,,,,,1.46%,,,0,,-7.24%,,,,,,,,,,,,
,,,,,,,,,,,,,,,,,,2021,10/5/2021,$                                                     325.12,,,,,,,,,,,$           325.12,,,,,,,,,1.43%,,,0,,-5.61%,,,,,,,,,,,,
,,,,,,,,,,,,,,,,,,2021,10/6/2021,$                                                     325.19,,,,,,,,,,1.11%,$           325.19,3.61,,,,,,,,1.43%,,,0,,-5.59%,,,,,,,,,,,,
,,,,,,,,,,,,,,,,,,2021,10/7/2021,$                                                    326.25,,,,,,,,,,1.11%,$          326.25,3.61,,,,,,,,1.43%,,,0,,-5.28%,,,,,,,,,,,,
,,,,,,,,,,,,,,,,,,2021,10/8/2021,$                                                     325.19,,,,,,,,,,1.11%,$           325.19,3.61,,,,,,,,1.43%,,,0,,-5.59%,,,,,,,,,,,,
,,,,,,,,,,,,,,,,,,2021,10/11/2021,$                                                    326.50,,,,,,,,,,1.11%,$          326.50,3.61,,,,,,,,1.42%,,,0,,-5.21%,,,,,,,,,,,,
,,,,,,,,,,,,,,,,,,2021,10/12/2021,$                                                    327.69,,,,,,,,,,1.10%,$          327.69,3.61,,,,,,,,1.42%,,,0,,-4.86%,,,,,,,,,,,,
,,,,,,,,,,,,,,,,,,2021,10/13/2021,$                                                     330.18,,,,,,,,,,1.09%,$           330.18,3.61,,,,,,,,1.41%,,,0,,-4.14%,,,,,,,,,,,,
,,,,,,,,,,,,,,,,,,2021,10/14/2021,$                                                    339.04,,,,,,,,,,1.06%,$          339.04,3.61,,,,,,,,1.37%,,,0,,-1.56%,,,,,,,,,,,,
,,,,,,,,,,,,,,,,,,2021,10/15/2021,$                                                     341.82,,,,,,,,,,1.06%,$           341.82,3.61,,,,,,,,1.36%,,,0,,-0.76%,,,,,,,,,,,,
,,,,,,,,,,,,,,,,,,2021,10/18/2021,$                                                     343.18,,,,,,,,,,1.05%,$           343.18,3.61,,,,,,,,1.35%,,,0,,-0.36%,,,,,,,,,,,,
,,,,,,,,,,,,,,,,,,2021,10/19/2021,$                                                    349.74,,,,,,,,,,1.03%,$          349.74,3.61,,,,,,,,1.33%,,,0,,0.00%,,,,,,,,,,,,
,,,,,,,,,,,,,,,,,,2021,10/20/2021,$                                                    345.80,,,,,,,,,,1.04%,$          345.80,3.61,,,,,,,,1.34%,,,0,,-1.13%,,,,,,,,,,,,
,,,,,,,,,,,,,,,,,,2021,10/21/2021,$                                                     347.12,,,,,,,,,,1.04%,$           347.12,3.61,,,,,,,,1.34%,,,0,,-0.75%,,,,,,,,,,,,
,,,,,,,,,,,,,,,,,,2021,10/22/2021,$                                                    353.79,,,,,,,,,,1.02%,$          353.79,3.61,,,,,,,,1.31%,,,0,,0.00%,,,,,,,,,,,,
,,,,,,,,,,,,,,,,,,2021,10/25/2021,$                                                    356.44,,,,,,,,,,1.01%,$          356.44,3.61,,,,,,,,1.30%,,,0,,0.00%,,,,,,,,,,,,
,,,,,,,,,,,,,,,,,,2021,10/26/2021,$                                                    356.34,,,,,,,,,,1.01%,$          356.34,3.61,,,,,,,,1.30%,,,0,,-0.03%,,,,,,,,,,,,
,,,,,,,,,,,,,,,,,,2021,10/27/2021,$                                                    354.05,,,,,,,,,,1.02%,$          354.05,3.61,,,,,,,,1.31%,,,0,,-0.67%,,,,,,,,,,,,
,,,,,,,,,,,,,,,,,,2021,10/28/2021,$                                                    356.32,,,,,,,,,,1.01%,$          356.32,3.61,,,,,,,,1.31%,,,0,,-0.03%,,,,,,,,,,,,
,,,,,,,,,,,,,,,,,,2021,10/29/2021,$                                                    358.79,,,,,,,,,,1.01%,$          358.79,3.61,,,,,,,,1.30%,,,0,,0.00%,,,,,,,,,,,,
,,,,,,,,,,,,,,,,,,2021,11/1/2021,$                                                    355.32,,,,,,,,,,1.02%,$          355.32,3.61,,,,,,,,1.31%,,,0,,-0.97%,,,,,,,,,,,,
,,,,,,,,,,,,,,,,,,2021,11/2/2021,$                                                     361.50,,,,,,,,,,1.00%,$           361.50,3.61,,,,,,,,1.29%,,,0,,0.00%,,,,,,,,,,,,
,,,,,,,,,,,,,,,,,,2021,11/3/2021,$                                                     362.10,,,,,,,,,,1.00%,$           362.10,3.61,,,,,,,,1.28%,,,0,,0.00%,,,,,,,,,,,,
,,,,,,,,,,,,,,,,,,2021,11/4/2021,$                                                    366.80,,,,,,,,,,0.98%,$          366.80,3.61,,,,,,,,1.27%,,,0,,0.00%,,,,,,,,,,,,
,,,,,,,,,,,,,,,,,,2021,11/5/2021,$                                                    368.46,,,,,,,,,,0.98%,$          368.46,3.61,,,,,,,,1.26%,,,0,,0.00%,,,,,,,,,,,,
,,,,,,,,,,,,,,,,,,2021,11/8/2021,$                                                    366.93,,,,,,,,,,0.98%,$          366.93,3.61,,,,,,,,1.27%,,,0,,-0.42%,,,,,,,,,,,,
,,,,,,,,,,,,,,,,,,2021,11/9/2021,$                                                    367.47,,,,,,,,,,0.98%,$          367.47,3.61,,,,,,,,1.27%,,,0,,-0.27%,,,,,,,,,,,,
,,,,,,,,,,,,,,,,,,2021,11/10/2021,$                                                    364.74,,,,,,,,,,0.99%,$          364.74,3.61,,,,,,,,1.27%,,,0,,-1.01%,,,,,,,,,,,,
,,,,,,,,,,,,,,,,,,2021,11/11/2021,$                                                     366.21,,,,,,,,,,0.99%,$           366.21,3.61,,,,,,,,1.27%,,,0,,-0.61%,,,,,,,,,,,,
,,,,,,,,,,,,,,,,,,2021,11/12/2021,$                                                     371.23,,,,,,,,,,0.97%,$           371.23,3.61,,,,,,,,1.25%,,,0,,0.00%,,,,,,,,,,,,
,,,,,,,,,,,,,,,,,,2021,11/15/2021,$                                                    368.45,,,,,,,,,,0.98%,$          368.45,3.61,,,,,,,,1.26%,,,0,,-0.75%,,,,,,,,,,,,
,,,,,,,,,,,,,,,,,,2021,11/16/2021,$                                                      371.16,,,,,,,,,,0.97%,$            371.16,3.61,,,,,,,,1.25%,,,0,,-0.02%,,,,,,,,,,,,
,,,,,,,,,,,,,,,,,,2021,11/17/2021,$                                                    372.78,,,,,,,,,,0.97%,$          372.78,3.61,,,,,,,,1.25%,,,0,,0.00%,,,,,,,,,,,,
,,,,,,,,,,,,,,,,,,2021,11/18/2021,$                                                    370.78,,,,,,,,,,0.97%,$          370.78,3.61,,,,,,,,1.25%,,,0,,-0.54%,,,,,,,,,,,,
,,,,,,,,,,,,,,,,,,2021,11/19/2021,$                                                    369.79,,,,,,,,,,0.98%,$          369.79,3.61,,,,,,,,1.26%,,,0,,-0.80%,,,,,,,,,,,,
,,,,,,,,,,,,,,,,,,2021,11/22/2021,$                                                    363.30,,,,,,,,,,0.99%,$          363.30,3.61,,,,,,,,1.28%,,,0,,-2.54%,,,,,,,,,,,,
,,,,,,,,,,,,,,,,,,2021,11/23/2021,$                                                    360.70,,,,,,,,,,1.00%,$          360.70,3.61,,,,,,,,1.29%,,,0,,-3.24%,,,,,,,,,,,,
,,,,,,,,,,,,,,,,,,2021,11/24/2021,$                                                    362.37,,,,,,,,,,1.00%,$          362.37,3.61,,,,,,,,1.28%,,,0,,-2.79%,,,,,,,,,,,,
,,,,,,,,,,,,,,,,,,2021,11/26/2021,$                                                    353.60,,,,,,,,,,1.02%,$          353.60,3.61,,,,,,,,1.32%,,,0,,-5.15%,,,,,,,,,,,,
,,,,,,,,,,,,,,,,,,2021,11/29/2021,$                                                    365.82,,,,,,,,,,0.99%,$          365.82,3.61,,,,,,,,1.27%,,,0,,-1.87%,,,,,,,,,,,,
,,,,,,,,,,,,,,,,,,2021,11/30/2021,$                                                    357.40,,,,,,,,,,1.01%,$          357.40,3.61,,,,,,,,1.30%,,,0,,-4.13%,,,,,,,,,,,,
,,,,,,,,,,,,,,,,,,2021,12/1/2021,$                                                     360.14,,,,,,,,,,1.00%,$           360.14,3.61,,,,,,,,1.29%,,,0,,-3.39%,,,,,,,,,,,,
,,,,,,,,,,,,,,,,,,2021,12/2/2021,$                                                    365.30,,,,,,,,,,0.99%,$          365.30,3.61,,,,,,,,1.27%,,,0,,-2.01%,,,,,,,,,,,,
,,,,,,,,,,,,,,,,,,2021,12/3/2021,$                                                     361.42,,,,,,,,,,1.00%,$           361.42,3.61,,,,,,,,1.29%,,,0,,-3.05%,,,,,,,,,,,,
,,,,,,,,,,,,,,,,,,2021,12/6/2021,$                                                    362.23,,,,,,,,,,1.00%,$          362.23,3.61,,,,,,,,1.28%,,,0,,-2.83%,,,,,,,,,,,,
,,,,,,,,,,,,,,,,,,2021,12/7/2021,$                                                     371.34,,,,,,,,,,0.97%,$           371.34,3.61,,,,,,,,1.25%,,,0,,-0.39%,,,,,,,,,,,,
,,,,,,,,,,,,,,,,,,2021,12/8/2021,$                                                    374.53,,,,,,,,,,0.96%,$          374.53,3.61,,,,,,,,1.24%,,,0,,0.00%,,,,,,,,,,,,
,,,,,,,,,,,,,,,,,,2021,12/9/2021,$                                                     371.45,,,,,,,,,,0.97%,$           371.45,3.61,,,,,,,,1.25%,,,0,,-0.82%,,,,,,,,,,,,
,,,,,,,,,,,,,,,,,,2021,12/10/2021,$                                                    379.44,,,,,,,,,,0.95%,$          379.44,3.61,,,,,,,,1.23%,,,0,,0.00%,,,,,,,,,,,,
,,,,,,,,,,,,,,,,,,2021,12/13/2021,$                                                    377.72,,,,,,,,,,0.96%,$          377.72,3.61,,,,,,,,1.23%,,,0,,-0.45%,,,,,,,,,,,,
,,,,,,,,,,,,,,,,,,2021,12/14/2021,$                                                    369.73,,,,,,,,,,0.98%,$          369.73,3.61,,,,,,,,1.26%,,,0,,-2.56%,,,,,,,,,,,,
,,,,,,,,,,,,,,,,,,2021,12/15/2021,$                                                    375.30,,,,,,,,,,0.96%,$          375.30,3.61,,,,,,,,1.24%,,,0,,-1.09%,,,,,,,,,,,,
,,,,,,,,,,,,,,,,,,2021,12/16/2021,$                                                    400.60,,,,,,,,,,0.90%,$          400.60,3.61,,,,,,,,1.16%,,,0,,0.00%,,,,,,,,,,,,
,,,,,,,,,,,,,,,,,,2021,12/17/2021,$                                                    396.24,,,,,,,,,,0.91%,$          396.24,3.61,,,,,,,,1.17%,,,0,,-1.09%,,,,,,,,,,,,
,,,,,,,,,,,,,,,,,,2021,12/20/2021,$                                                    385.78,,,,,,,,,,0.94%,$          385.78,3.61,,,,,,,,1.21%,,,0,,-3.70%,,,,,,,,,,,,
,,,,,,,,,,,,,,,,,,2021,12/21/2021,$                                                    392.89,,,,,,,,,,0.92%,$          392.89,3.61,,,,,,,,1.18%,,,0,,-1.92%,,,,,,,,,,,,
,,,,,,,,,,,,,,,,,,2021,12/22/2021,$                                                    403.69,,,,,,,,,,0.89%,$          403.69,3.61,,,,,,,,1.15%,,,0,,0.00%,,,,,,,,,,,,
,,,,,,,,,,,,,,,,,,2021,12/23/2021,$                                                     403.31,,,,,,,,,,0.90%,$           403.31,3.61,,,,,,,,1.15%,,,0,,-0.09%,,,,,,,,,,,,
,,,,,,,,,,,,,,,,,,2021,12/27/2021,$                                                     415.33,,,,,,,,,,0.87%,$           415.33,3.61,,,,,,,,1.12%,,,0,,0.00%,,,,,,,,,,,,
,,,,,,,,,,,,,,,,,,2021,12/28/2021,$                                                     415.27,,,,,,,,,,0.87%,$           415.27,3.61,,,,,,,,1.12%,,,0,,-0.01%,,,,,,,,,,,,
,,,,,,,,,,,,,,,,,,2021,12/29/2021,$                                                     415.42,,,,,,,,,,0.87%,$           415.42,3.61,,,,,,,,1.12%,,,0,,0.00%,,,,,,,,,,,,
,,,,,,,,,,,,,,,,,,2021,12/30/2021,$                                                     413.83,,,,,,,,,,0.87%,$           413.83,3.61,,,,,,,,1.12%,,,0,,-0.38%,,,,,,,,,,,,
,,,,,,,,,,,,,,,,,,2021,12/31/2021,$                                                     414.55,,,,,,,,,,0.87%,$           414.55,3.61,,,,,,,,1.12%,,,0,,-0.21%,,,,,,,,,,,,
,,,,,,,,,,,,,,,,,,2022,1/3/2022,$                                                     407.21,,,,,,,,,,0.99%,$           407.21,4.03,,,,,,,,1.14%,,,0,,-1.98%,,,,,,,,,,,,
,,,,,,,,,,,,,,,,,,2022,1/4/2022,$                                                    404.30,,,,,,,,,,1.00%,$          404.30,4.03,,,,,,,,1.15%,,,0,,-2.68%,,,,,,,,,,,,
,,,,,,,,,,,,,,,,,,2022,1/5/2022,$                                                     397.18,,,,,,,,,,1.01%,$           397.18,4.03,,,,,,,,1.17%,,,0,,-4.39%,,,,,,,,,,,,
,,,,,,,,,,,,,,,,,,2022,1/6/2022,$                                                    378.00,,,,,,,,,,1.07%,$          378.00,4.03,,,,,,,,1.23%,,,0,,-9.01%,,,,,,,,,,,,
,,,,,,,,,,,,,,,,,,2022,1/7/2022,$                                                    370.75,,,,,,,,,,1.09%,$          370.75,4.03,,,,,,,,1.25%,,,0,,-10.75%,,,,,,,,,,,,
,,,,,,,,,,,,,,,,,,2022,1/10/2022,$                                                    373.00,,,,,,,,,,1.08%,$          373.00,4.03,,,,,,,,1.25%,,,0,,-10.21%,,,,,,,,,,,,
,,,,,,,,,,,,,,,,,,2022,1/11/2022,$                                                      375.11,,,,,,,,,,1.07%,$            375.11,4.03,,,,,,,,1.24%,,,0,,-9.70%,,,,,,,,,,,,
,,,,,,,,,,,,,,,,,,2022,1/12/2022,$                                                     377.19,,,,,,,,,,1.07%,$           377.19,4.03,,,,,,,,1.23%,,,0,,-9.20%,,,,,,,,,,,,
,,,,,,,,,,,,,,,,,,2022,1/13/2022,$                                                     361.37,,,,,,,,,,1.12%,$           361.37,4.03,,,,,,,,1.29%,,,0,,-13.01%,,,,,,,,,,,,
,,,,,,,,,,,,,,,,,,2022,1/14/2022,$                                                    353.36,,,,,,,,,,1.14%,$          353.36,4.03,,,,,,,,1.32%,,,0,,-14.94%,,,,,,,,,,,,
,,,,,,,,,,,,,,,,,,2022,1/18/2022,$                                                    348.28,,,,,,,,,,1.16%,$          348.28,4.03,,,,,,,,1.34%,,,0,,-16.16%,,,,,,,,,,,,
,,,,,,,,,,,,,,,,,,2022,1/19/2022,$                                                    343.74,,,,,,,,,,1.17%,$          343.74,4.03,,,,,,,,1.35%,,,0,,-17.25%,,,,,,,,,,,,
,,,,,,,,,,,,,,,,,,2022,1/20/2022,$                                                    342.69,,,,,,,,,,1.18%,$          342.69,4.03,,,,,,,,1.36%,,,0,,-17.51%,,,,,,,,,,,,
,,,,,,,,,,,,,,,,,,2022,1/21/2022,$                                                    335.63,,,,,,,,,,1.20%,$          335.63,4.03,,,,,,,,1.39%,,,0,,-19.21%,,,,,,,,,,,,
,,,,,,,,,,,,,,,,,,2022,1/24/2022,$                                                    339.00,,,,,,,,,,1.19%,$          339.00,4.03,,,,,,,,1.37%,,,0,,-18.40%,,,,,,,,,,,,
,,,,,,,,,,,,,,,,,,2022,1/25/2022,$                                                    334.95,,,,,,,,,,1.20%,$          334.95,4.03,,,,,,,,1.39%,,,0,,-19.37%,,,,,,,,,,,,
,,,,,,,,,,,,,,,,,,2022,1/26/2022,$                                                    329.89,,,,,,,,,,1.22%,$          329.89,4.03,,,,,,,,1.41%,,,0,,-20.59%,,,,,,,,,,,,
,,,,,,,,,,,,,,,,,,2022,1/27/2022,$                                                    333.36,,,,,,,,,,1.21%,$          333.36,4.03,,,,,,,,1.39%,,,0,,-19.75%,,,,,,,,,,,,
,,,,,,,,,,,,,,,,,,2022,1/28/2022,$                                                    342.85,,,,,,,,,,1.18%,$          342.85,4.03,,,,,,,,1.36%,,,0,,-17.47%,,,,,,,,,,,,
,,,,,,,,,,,,,,,,,,2022,1/31/2022,$                                                    353.58,,,,,,,,,,1.14%,$          353.58,4.03,,,,,,,,1.32%,,,0,,-14.89%,,,,,,,,,,,,
,,,,,,,,,,,,,,,,,,2022,2/1/2022,$                                                    353.42,,,,,,,,,,1.14%,$          353.42,4.03,,,,,,,,1.32%,,,0,,-14.92%,,,,,,,,,,,,
,,,,,,,,,,,,,,,,,,2022,2/2/2022,$                                                    359.47,,,,,,,,,,1.12%,$          359.47,4.03,,,,,,,,1.29%,,,0,,-13.47%,,,,,,,,,,,,
,,,,,,,,,,,,,,,,,,2022,2/3/2022,$                                                    345.55,,,,,,,,,,1.17%,$          345.55,4.03,,,,,,,,1.35%,,,0,,-16.82%,,,,,,,,,,,,
,,,,,,,,,,,,,,,,,,2022,2/4/2022,$                                                    347.50,,,,,,,,,,1.16%,$          347.50,4.03,,,,,,,,1.34%,,,0,,-16.35%,,,,,,,,,,,,
,,,,,,,,,,,,,,,,,,2022,2/7/2022,$                                                    343.96,,,,,,,,,,1.17%,$          343.96,4.03,,,,,,,,1.35%,,,0,,-17.20%,,,,,,,,,,,,
,,,,,,,,,,,,,,,,,,2022,2/8/2022,$                                                    345.07,,,,,,,,,,1.17%,$          345.07,4.03,,,,,,,,1.35%,,,0,,-16.93%,,,,,,,,,,,,
,,,,,,,,,,,,,,,,,,2022,2/9/2022,$                                                    355.53,,,,,,,,,,1.13%,$          355.53,4.03,,,,,,,,1.31%,,,0,,-14.42%,,,,,,,,,,,,
,,,,,,,,,,,,,,,,,,2022,2/10/2022,$                                                    342.39,,,,,,,,,,1.18%,$          342.39,4.03,,,,,,,,1.36%,,,0,,-17.58%,,,,,,,,,,,,
,,,,,,,,,,,,,,,,,,2022,2/11/2022,$                                                     329.18,,,,,,,,,,1.22%,$           329.18,4.03,,,,,,,,1.41%,,,0,,-20.76%,,,,,,,,,,,,
,,,,,,,,,,,,,,,,,,2022,2/14/2022,$                                                     326.13,,,,,,,,,,1.24%,$           326.13,4.03,,,,,,,,1.43%,,,0,,-21.49%,,,,,,,,,,,,
,,,,,,,,,,,,,,,,,,2022,2/15/2022,$                                                     329.41,,,,,,,,,,1.22%,$           329.41,4.03,,,,,,,,1.41%,,,0,,-20.70%,,,,,,,,,,,,
,,,,,,,,,,,,,,,,,,2022,2/16/2022,$                                                    333.72,,,,,,,,,,1.21%,$          333.72,4.03,,,,,,,,1.39%,,,0,,-19.67%,,,,,,,,,,,,
,,,,,,,,,,,,,,,,,,2022,2/17/2022,$                                                     322.91,,,,,,,,,,1.25%,$           322.91,4.03,,,,,,,,1.44%,,,0,,-22.27%,,,,,,,,,,,,
,,,,,,,,,,,,,,,,,,2022,2/18/2022,$                                                      321.18,,,,,,,,,,1.25%,$            321.18,4.03,,,,,,,,1.45%,,,0,,-22.69%,,,,,,,,,,,,
,,,,,,,,,,,,,,,,,,2022,2/22/2022,$                                                       321.11,,,,,,,,,,1.26%,$             321.11,4.03,,,,,,,,1.45%,,,0,,-22.70%,,,,,,,,,,,,
,,,,,,,,,,,,,,,,,,2022,2/23/2022,$                                                      313.16,,,,,,,,,,1.29%,$            313.16,4.03,,,,,,,,1.48%,,,0,,-24.62%,,,,,,,,,,,,
,,,,,,,,,,,,,,,,,,2022,2/24/2022,$                                                      316.17,,,,,,,,,,1.27%,$            316.17,4.03,,,,,,,,1.47%,,,0,,-23.89%,,,,,,,,,,,,
,,,,,,,,,,,,,,,,,,2022,2/25/2022,$                                                     322.51,,,,,,,,,,1.25%,$           322.51,4.03,,,,,,,,1.44%,,,0,,-22.37%,,,,,,,,,,,,
,,,,,,,,,,,,,,,,,,2022,2/28/2022,$                                                     316.02,,,,,,,,,,1.28%,$           316.02,4.03,,,,,,,,1.47%,,,0,,-23.93%,,,,,,,,,,,,
,,,,,,,,,,,,,,,,,,2022,3/1/2022,$                                                      311.35,,,,,,,,,,1.29%,$            311.35,4.03,,,,,,,,1.49%,,,0,,-25.05%,,,,,,,,,,,,
,,,,,,,,,,,,,,,,,,2022,3/2/2022,$                                                     318.33,,,,,,,,,,1.27%,$           318.33,4.03,,,,,,,,1.46%,,,0,,-23.37%,,,,,,,,,,,,
,,,,,,,,,,,,,,,,,,2022,3/3/2022,$                                                     318.95,,,,,,,,,,1.26%,$           318.95,4.03,,,,,,,,1.46%,,,0,,-23.22%,,,,,,,,,,,,
,,,,,,,,,,,,,,,,,,2022,3/4/2022,$                                                      314.16,,,,,,,,,,1.28%,$            314.16,4.03,,,,,,,,1.48%,,,0,,-24.38%,,,,,,,,,,,,
,,,,,,,,,,,,,,,,,,2022,3/7/2022,$                                                    305.02,,,,,,,,,,1.32%,$          305.02,4.03,,,,,,,,1.52%,,,0,,-26.58%,,,,,,,,,,,,
,,,,,,,,,,,,,,,,,,2022,3/8/2022,$                                                     301.62,,,,,,,,,,1.34%,$           301.62,4.03,,,,,,,,1.54%,,,0,,-27.39%,,,,,,,,,,,,
,,,,,,,,,,,,,,,,,,2022,3/9/2022,$                                                    309.42,,,,,,,,,,1.30%,$          309.42,4.03,,,,,,,,1.50%,,,0,,-25.52%,,,,,,,,,,,,
,,,,,,,,,,,,,,,,,,2022,3/10/2022,$                                                    309.52,,,,,,,,,,1.30%,$          309.52,4.03,,,,,,,,1.50%,,,0,,-25.49%,,,,,,,,,,,,
,,,,,,,,,,,,,,,,,,2022,3/11/2022,$                                                      311.58,,,,,,,,,,1.29%,$            311.58,4.03,,,,,,,,1.49%,,,0,,-25.00%,,,,,,,,,,,,
,,,,,,,,,,,,,,,,,,2022,3/14/2022,$                                                    307.68,,,,,,,,,,1.31%,$          307.68,4.03,,,,,,,,1.51%,,,0,,-25.94%,,,,,,,,,,,,
,,,,,,,,,,,,,,,,,,2022,3/15/2022,$                                                     316.23,,,,,,,,,,1.27%,$           316.23,4.03,,,,,,,,1.47%,,,0,,-23.88%,,,,,,,,,,,,
,,,,,,,,,,,,,,,,,,2022,3/16/2022,$                                                     324.91,,,,,,,,,,1.24%,$           324.91,4.03,,,,,,,,1.43%,,,0,,-21.79%,,,,,,,,,,,,
,,,,,,,,,,,,,,,,,,2022,3/17/2022,$                                                     319.50,,,,,,,,,,1.26%,$           319.50,4.03,,,,,,,,1.46%,,,0,,-23.09%,,,,,,,,,,,,
,,,,,,,,,,,,,,,,,,2022,3/18/2022,$                                                    323.95,,,,,,,,,,1.24%,$          323.95,4.03,,,,,,,,1.44%,,,0,,-22.02%,,,,,,,,,,,,
,,,,,,,,,,,,,,,,,,2022,3/21/2022,$                                                    324.50,,,,,,,,,,1.24%,$          324.50,4.03,,,,,,,,1.43%,,,0,,-21.89%,,,,,,,,,,,,
,,,,,,,,,,,,,,,,,,2022,3/22/2022,$                                                    327.47,,,,,,,,,,1.23%,$          327.47,4.03,,,,,,,,1.42%,,,0,,-21.17%,,,,,,,,,,,,
,,,,,,,,,,,,,,,,,,2022,3/23/2022,$                                                    320.50,,,,,,,,,,1.26%,$          320.50,4.03,,,,,,,,1.45%,,,0,,-22.85%,,,,,,,,,,,,
,,,,,,,,,,,,,,,,,,2022,3/24/2022,$                                                    325.29,,,,,,,,,,1.24%,$          325.29,4.03,,,,,,,,1.43%,,,0,,-21.70%,,,,,,,,,,,,
,,,,,,,,,,,,,,,,,,2022,3/25/2022,$                                                     327.71,,,,,,,,,,1.23%,$           327.71,4.03,,,,,,,,1.42%,,,0,,-21.11%,,,,,,,,,,,,
,,,,,,,,,,,,,,,,,,2022,3/28/2022,$                                                    330.74,,,,,,,,,,1.22%,$          330.74,4.03,,,,,,,,1.41%,,,0,,-20.38%,,,,,,,,,,,,
,,,,,,,,,,,,,,,,,,2022,3/29/2022,$                                                    340.69,,,,,,,,,,1.18%,$          340.69,4.03,,,,,,,,1.36%,,,0,,-17.99%,,,,,,,,,,,,
,,,,,,,,,,,,,,,,,,2022,3/30/2022,$                                                    338.46,,,,,,,,,,1.19%,$          338.46,4.03,,,,,,,,1.37%,,,0,,-18.53%,,,,,,,,,,,,
,,,,,,,,,,,,,,,,,,2022,3/31/2022,$                                                    337.23,,,,,,,,,,1.20%,$          337.23,4.03,,,,,,,,1.38%,,,0,,-18.82%,,,,,,,,,,,,
,,,,,,,,,,,,,,,,,,2022,4/1/2022,$                                                    340.64,,,,,,,,,,1.18%,$          340.64,4.03,,,,,,,,1.37%,,,0,,-18.00%,,,,,,,,,,,,
,,,,,,,,,,,,,,,,,,2022,4/4/2022,$                                                    344.47,,,,,,,,,,1.17%,$          344.47,4.03,,,,,,,,1.35%,,,0,,-17.08%,,,,,,,,,,,,
,,,,,,,,,,,,,,,,,,2022,4/5/2022,$                                                    342.82,,,,,,,,,,1.18%,$          342.82,4.03,,,,,,,,1.36%,,,0,,-17.48%,,,,,,,,,,,,
,,,,,,,,,,,,,,,,,,2022,4/6/2022,$                                                    340.26,,,,,,,,,,1.18%,$          340.26,4.03,,,,,,,,1.37%,,,0,,-18.09%,,,,,,,,,,,,
,,,,,,,,,,,,,,,,,,2022,4/7/2022,$                                                     341.77,,,,,,,,,,1.18%,$           341.77,4.03,,,,,,,,1.36%,,,0,,-17.73%,,,,,,,,,,,,
,,,,,,,,,,,,,,,,,,2022,4/8/2022,$                                                    338.92,,,,,,,,,,1.19%,$          338.92,4.03,,,,,,,,1.37%,,,0,,-18.42%,,,,,,,,,,,,
,,,,,,,,,,,,,,,,,,2022,4/11/2022,$                                                    327.27,,,,,,,,,,1.23%,$          327.27,4.03,,,,,,,,1.42%,,,0,,-21.22%,,,,,,,,,,,,
,,,,,,,,,,,,,,,,,,2022,4/12/2022,$                                                    326.73,,,,,,,,,,1.23%,$          326.73,4.03,,,,,,,,1.42%,,,0,,-21.35%,,,,,,,,,,,,
,,,,,,,,,,,,,,,,,,2022,4/13/2022,$                                                    325.59,,,,,,,,,,1.24%,$          325.59,4.03,,,,,,,,1.43%,,,0,,-21.62%,,,,,,,,,,,,
,,,,,,,,,,,,,,,,,,2022,4/14/2022,$                                                     319.47,,,,,,,,,,1.26%,$           319.47,4.03,,,,,,,,1.46%,,,0,,-23.10%,,,,,,,,,,,,
,,,,,,,,,,,,,,,,,,2022,4/18/2022,$                                                     313.60,,,,,,,,,,1.29%,$           313.60,4.03,,,,,,,,1.48%,,,0,,-24.51%,,,,,,,,,,,,
,,,,,,,,,,,,,,,,,,2022,4/19/2022,$                                                    320.57,,,,,,,,,,1.26%,$          320.57,4.03,,,,,,,,1.45%,,,0,,-22.83%,,,,,,,,,,,,
,,,,,,,,,,,,,,,,,,2022,4/20/2022,$                                                    323.67,,,,,,,,,,1.25%,$          323.67,4.03,,,,,,,,1.44%,,,0,,-22.09%,,,,,,,,,,,,
,,,,,,,,,,,,,,,,,,2022,4/21/2022,$                                                     322.31,,,,,,,,,,1.25%,$           322.31,4.03,,,,,,,,1.44%,,,0,,-22.41%,,,,,,,,,,,,
,,,,,,,,,,,,,,,,,,2022,4/22/2022,$                                                     310.80,,,,,,,,,,1.30%,$           310.80,4.03,,,,,,,,1.50%,,,0,,-25.18%,,,,,,,,,,,,
,,,,,,,,,,,,,,,,,,2022,4/25/2022,$                                                     316.82,,,,,,,,,,1.27%,$           316.82,4.03,,,,,,,,1.47%,,,0,,-23.74%,,,,,,,,,,,,
,,,,,,,,,,,,,,,,,,2022,4/26/2022,$                                                     303.10,,,,,,,,,,1.33%,$           303.10,4.03,,,,,,,,1.53%,,,0,,-27.04%,,,,,,,,,,,,
,,,,,,,,,,,,,,,,,,2022,4/27/2022,$                                                     303.10,,,,,,,,,,1.33%,$           303.10,4.03,,,,,,,,1.53%,,,0,,-27.04%,,,,,,,,,,,,
,,,,,,,,,,,,,,,,,,2022,4/28/2022,$                                                     313.84,,,,,,,,,,1.28%,$           313.84,4.03,,,,,,,,1.48%,,,0,,-24.45%,,,,,,,,,,,,
,,,,,,,,,,,,,,,,,,2022,4/29/2022,$                                                    300.36,,,,,,,,,,1.34%,$          300.36,4.03,,,,,,,,1.55%,,,0,,-27.70%,,,,,,,,,,,,
,,,,,,,,,,,,,,,,,,2022,5/2/2022,$                                                    304.60,,,,,,,,,,1.32%,$          304.60,4.03,,,,,,,,1.53%,,,0,,-26.68%,,,,,,,,,,,,
,,,,,,,,,,,,,,,,,,2022,5/3/2022,$                                                    304.82,,,,,,,,,,1.32%,$          304.82,4.03,,,,,,,,1.53%,,,0,,-26.62%,,,,,,,,,,,,
,,,,,,,,,,,,,,,,,,2022,5/4/2022,$                                                     314.86,,,,,,,,,,1.28%,$           314.86,4.03,,,,,,,,1.48%,,,0,,-24.21%,,,,,,,,,,,,
,,,,,,,,,,,,,,,,,,2022,5/5/2022,$                                                    298.70,,,,,,,,,,1.35%,$          298.70,4.03,,,,,,,,1.56%,,,0,,-28.10%,,,,,,,,,,,,
,,,,,,,,,,,,,,,,,,2022,5/6/2022,$                                                    295.74,,,,,,,,,,1.36%,$          295.74,4.03,,,,,,,,1.57%,,,0,,-28.81%,,,,,,,,,,,,
,,,,,,,,,,,,,,,,,,2022,5/9/2022,$                                                    287.49,,,,,,,,,,1.40%,$          287.49,4.03,,,,,,,,1.62%,,,0,,-30.80%,,,,,,,,,,,,
,,,,,,,,,,,,,,,,,,2022,5/10/2022,$                                                    287.59,,,,,,,,,,1.40%,$          287.59,4.03,,,,,,,,1.62%,,,0,,-30.77%,,,,,,,,,,,,
,,,,,,,,,,,,,,,,,,2022,5/11/2022,$                                                    280.94,,,,,,,,,,1.43%,$          280.94,4.03,,,,,,,,1.66%,,,0,,-32.37%,,,,,,,,,,,,
,,,,,,,,,,,,,,,,,,2022,5/12/2022,$                                                      281.21,,,,,,,,,,1.43%,$            281.21,4.03,,,,,,,,1.65%,,,0,,-32.31%,,,,,,,,,,,,
,,,,,,,,,,,,,,,,,,2022,5/13/2022,$                                                    286.77,,,,,,,,,,1.41%,$          286.77,4.03,,,,,,,,1.62%,,,0,,-30.97%,,,,,,,,,,,,
,,,,,,,,,,,,,,,,,,2022,5/16/2022,$                                                     286.17,,,,,,,,,,1.41%,$           286.17,4.03,,,,,,,,1.62%,,,0,,-31.11%,,,,,,,,,,,,
,,,,,,,,,,,,,,,,,,2022,5/17/2022,$                                                     291.07,,,,,,,,,,1.38%,$           291.07,4.03,,,,,,,,1.60%,,,0,,-29.93%,,,,,,,,,,,,
,,,,,,,,,,,,,,,,,,2022,5/18/2022,$                                                     274.16,,,,,,,,,,1.47%,$           274.16,4.03,,,,,,,,1.70%,,,0,,-34.00%,,,,,,,,,,,,
,,,,,,,,,,,,,,,,,,2022,5/19/2022,$                                                     273.61,,,,,,,,,,1.47%,$           273.61,4.03,,,,,,,,1.70%,,,0,,-34.14%,,,,,,,,,,,,
,,,,,,,,,,,,,,,,,,2022,5/20/2022,$                                                    276.65,,,,,,,,,,1.46%,$          276.65,4.03,,,,,,,,1.68%,,,0,,-33.40%,,,,,,,,,,,,
,,,,,,,,,,,,,,,,,,2022,5/23/2022,$                                                    283.39,,,,,,,,,,1.42%,$          283.39,4.03,,,,,,,,1.64%,,,0,,-31.78%,,,,,,,,,,,,
,,,,,,,,,,,,,,,,,,2022,5/24/2022,$                                                     279.31,,,,,,,,,,1.44%,$           279.31,4.03,,,,,,,,1.66%,,,0,,-32.76%,,,,,,,,,,,,
,,,,,,,,,,,,,,,,,,2022,5/25/2022,$                                                    279.64,,,,,,,,,,1.44%,$          279.64,4.03,,,,,,,,1.66%,,,0,,-32.68%,,,,,,,,,,,,
,,,,,,,,,,,,,,,,,,2022,5/26/2022,$                                                     291.55,,,,,,,,,,1.38%,$           291.55,4.03,,,,,,,,1.59%,,,0,,-29.82%,,,,,,,,,,,,
,,,,,,,,,,,,,,,,,,2022,5/27/2022,$                                                     304.15,,,,,,,,,,1.33%,$           304.15,4.03,,,,,,,,1.53%,,,0,,-26.78%,,,,,,,,,,,,
,,,,,,,,,,,,,,,,,,2022,5/31/2022,$                                                    298.46,,,,,,,,,,1.35%,$          298.46,4.03,,,,,,,,1.56%,,,0,,-28.15%,,,,,,,,,,,,
,,,,,,,,,,,,,,,,,,2022,6/1/2022,$                                                    298.65,,,,,,,,,,1.35%,$          298.65,4.03,,,,,,,,1.56%,,,0,,-28.11%,,,,,,,,,,,,
,,,,,,,,,,,,,,,,,,2022,6/2/2022,$                                                    306.62,,,,,,,,,,1.31%,$          306.62,4.03,,,,,,,,1.52%,,,0,,-26.19%,,,,,,,,,,,,
,,,,,,,,,,,,,,,,,,2022,6/3/2022,$                                                    304.95,,,,,,,,,,1.32%,$          304.95,4.03,,,,,,,,1.52%,,,0,,-26.59%,,,,,,,,,,,,
,,,,,,,,,,,,,,,,,,2022,6/6/2022,$                                                    304.73,,,,,,,,,,1.32%,$          304.73,4.03,,,,,,,,1.53%,,,0,,-26.65%,,,,,,,,,,,,
,,,,,,,,,,,,,,,,,,2022,6/7/2022,$                                                    306.53,,,,,,,,,,1.31%,$          306.53,4.03,,,,,,,,1.52%,,,0,,-26.21%,,,,,,,,,,,,
,,,,,,,,,,,,,,,,,,2022,6/8/2022,$                                                    302.64,,,,,,,,,,1.33%,$          302.64,4.03,,,,,,,,1.54%,,,0,,-27.15%,,,,,,,,,,,,
,,,,,,,,,,,,,,,,,,2022,6/9/2022,$                                                    295.43,,,,,,,,,,1.36%,$          295.43,4.03,,,,,,,,1.57%,,,0,,-28.88%,,,,,,,,,,,,
,,,,,,,,,,,,,,,,,,2022,6/10/2022,$                                                     286.01,,,,,,,,,,1.41%,$           286.01,4.03,,,,,,,,1.63%,,,0,,-31.15%,,,,,,,,,,,,
,,,,,,,,,,,,,,,,,,2022,6/13/2022,$                                                    276.50,,,,,,,,,,1.46%,$          276.50,4.03,,,,,,,,1.68%,,,0,,-33.44%,,,,,,,,,,,,
,,,,,,,,,,,,,,,,,,2022,6/14/2022,$                                                     275.12,,,,,,,,,,1.46%,$           275.12,4.03,,,,,,,,1.69%,,,0,,-33.77%,,,,,,,,,,,,
,,,,,,,,,,,,,,,,,,2022,6/15/2022,$                                                      281.19,,,,,,,,,,1.43%,$            281.19,4.03,,,,,,,,1.65%,,,0,,-32.31%,,,,,,,,,,,,
,,,,,,,,,,,,,,,,,,2022,6/16/2022,$                                                    270.90,,,,,,,,,,1.49%,$          270.90,4.03,,,,,,,,1.72%,,,0,,-34.79%,,,,,,,,,,,,
,,,,,,,,,,,,,,,,,,2022,6/17/2022,$                                                    275.38,,,,,,,,,,1.46%,$          275.38,4.03,,,,,,,,1.69%,,,0,,-33.71%,,,,,,,,,,,,
,,,,,,,,,,,,,,,,,,2022,6/21/2022,$                                                    282.73,,,,,,,,,,1.43%,$          282.73,4.03,,,,,,,,1.64%,,,0,,-31.94%,,,,,,,,,,,,
,,,,,,,,,,,,,,,,,,2022,6/22/2022,$                                                    286.40,,,,,,,,,,1.41%,$          286.40,4.03,,,,,,,,1.62%,,,0,,-31.06%,,,,,,,,,,,,
,,,,,,,,,,,,,,,,,,2022,6/23/2022,$                                                    285.83,,,,,,,,,,1.41%,$          285.83,4.03,,,,,,,,1.63%,,,0,,-31.19%,,,,,,,,,,,,
,,,,,,,,,,,,,,,,,,2022,6/24/2022,$                                                    299.37,,,,,,,,,,1.35%,$          299.37,4.03,,,,,,,,1.55%,,,0,,-27.94%,,,,,,,,,,,,
,,,,,,,,,,,,,,,,,,2022,6/27/2022,$                                                    292.62,,,,,,,,,,1.38%,$          292.62,4.03,,,,,,,,1.59%,,,0,,-29.56%,,,,,,,,,,,,
,,,,,,,,,,,,,,,,,,2022,6/28/2022,$                                                    283.80,,,,,,,,,,1.42%,$          283.80,4.03,,,,,,,,1.64%,,,0,,-31.68%,,,,,,,,,,,,
,,,,,,,,,,,,,,,,,,2022,6/29/2022,$                                                     279.81,,,,,,,,,,1.44%,$           279.81,4.03,,,,,,,,1.66%,,,0,,-32.64%,,,,,,,,,,,,
,,,,,,,,,,,,,,,,,,2022,6/30/2022,$                                                    277.65,,,,,,,,,,1.45%,$          277.65,4.03,,,,,,,,1.67%,,,0,,-33.16%,,,,,,,,,,,,
,,,,,,,,,,,,,,,,,,2022,7/1/2022,$                                                    280.65,,,,,,,,,,1.44%,$          280.65,4.03,,,,,,,,1.66%,,,0,,-32.44%,,,,,,,,,,,,
,,,,,,,,,,,,,,,,,,2022,7/5/2022,$                                                     275.17,,,,,,,,,,1.46%,$           275.17,4.03,,,,,,,,1.69%,,,0,,-33.76%,,,,,,,,,,,,
,,,,,,,,,,,,,,,,,,2022,7/6/2022,$                                                    275.94,,,,,,,,,,1.46%,$          275.94,4.03,,,,,,,,1.69%,,,0,,-33.58%,,,,,,,,,,,,
,,,,,,,,,,,,,,,,,,2022,7/7/2022,$                                                    279.40,,,,,,,,,,1.44%,$          279.40,4.03,,,,,,,,1.66%,,,0,,-32.74%,,,,,,,,,,,,
,,,,,,,,,,,,,,,,,,2022,7/8/2022,$                                                    279.07,,,,,,,,,,1.44%,$          279.07,4.03,,,,,,,,1.67%,,,0,,-32.82%,,,,,,,,,,,,
,,,,,,,,,,,,,,,,,,2022,7/11/2022,$                                                    274.87,,,,,,,,,,1.47%,$          274.87,4.03,,,,,,,,1.69%,,,0,,-33.83%,,,,,,,,,,,,
,,,,,,,,,,,,,,,,,,2022,7/12/2022,$                                                    273.67,,,,,,,,,,1.47%,$          273.67,4.03,,,,,,,,1.70%,,,0,,-34.12%,,,,,,,,,,,,
,,,,,,,,,,,,,,,,,,2022,7/13/2022,$                                                     272.17,,,,,,,,,,1.48%,$           272.17,4.03,,,,,,,,1.71%,,,0,,-34.48%,,,,,,,,,,,,
,,,,,,,,,,,,,,,,,,2022,7/14/2022,$                                                    268.67,,,,,,,,,,1.50%,$          268.67,4.03,,,,,,,,1.73%,,,0,,-35.33%,,,,,,,,,,,,
,,,,,,,,,,,,,,,,,,2022,7/15/2022,$                                                     271.52,,,,,,,,,,1.48%,$           271.52,4.03,,,,,,,,1.71%,,,0,,-34.64%,,,,,,,,,,,,
,,,,,,,,,,,,,,,,,,2022,7/18/2022,$                                                    268.65,,,,,,,,,,1.50%,$          268.65,4.03,,,,,,,,1.73%,,,0,,-35.33%,,,,,,,,,,,,
,,,,,,,,,,,,,,,,,,2022,7/19/2022,$                                                    280.04,,,,,,,,,,1.44%,$          280.04,4.03,,,,,,,,1.66%,,,0,,-32.59%,,,,,,,,,,,,
,,,,,,,,,,,,,,,,,,2022,7/20/2022,$                                                     281.66,,,,,,,,,,1.43%,$           281.66,4.03,,,,,,,,1.65%,,,0,,-32.20%,,,,,,,,,,,,
,,,,,,,,,,,,,,,,,,2022,7/21/2022,$                                                     288.01,,,,,,,,,,1.40%,$           288.01,4.03,,,,,,,,1.61%,,,0,,-30.67%,,,,,,,,,,,,
,,,,,,,,,,,,,,,,,,2022,7/22/2022,$                                                     288.01,,,,,,,,,,1.40%,$           288.01,4.03,,,,,,,,1.61%,,,0,,-30.67%,,,,,,,,,,,,
,,,,,,,,,,,,,,,,,,2022,7/25/2022,$                                                    289.29,,,,,,,,,,1.39%,$          289.29,4.03,,,,,,,,1.61%,,,0,,-30.36%,,,,,,,,,,,,
,,,,,,,,,,,,,,,,,,2022,7/26/2022,$                                                     285.18,,,,,,,,,,1.41%,$           285.18,4.03,,,,,,,,1.63%,,,0,,-31.35%,,,,,,,,,,,,
,,,,,,,,,,,,,,,,,,2022,7/27/2022,$                                                    297.53,,,,,,,,,,1.35%,$          297.53,4.03,,,,,,,,1.56%,,,0,,-28.38%,,,,,,,,,,,,
,,,,,,,,,,,,,,,,,,2022,7/28/2022,$                                                    303.68,,,,,,,,,,1.33%,$          303.68,4.03,,,,,,,,1.53%,,,0,,-26.90%,,,,,,,,,,,,
,,,,,,,,,,,,,,,,,,2022,7/29/2022,$                                                    306.26,,,,,,,,,,1.32%,$          306.26,4.03,,,,,,,,1.52%,,,0,,-26.28%,,,,,,,,,,,,
,,,,,,,,,,,,,,,,,,2022,8/1/2022,$                                                    304.74,,,,,,,,,,1.32%,$          304.74,4.03,,,,,,,,1.53%,,,0,,-26.64%,,,,,,,,,,,,
,,,,,,,,,,,,,,,,,,2022,8/2/2022,$                                                    302.48,,,,,,,,,,1.33%,$          302.48,4.03,,,,,,,,1.54%,,,0,,-27.19%,,,,,,,,,,,,
,,,,,,,,,,,,,,,,,,2022,8/3/2022,$                                                     308.17,,,,,,,,,,1.31%,$           308.17,4.03,,,,,,,,1.51%,,,0,,-25.82%,,,,,,,,,,,,
,,,,,,,,,,,,,,,,,,2022,8/4/2022,$                                                      310.61,,,,,,,,,,1.30%,$            310.61,4.03,,,,,,,,1.50%,,,0,,-25.23%,,,,,,,,,,,,
,,,,,,,,,,,,,,,,,,2022,8/5/2022,$                                                    309.35,,,,,,,,,,1.30%,$          309.35,4.03,,,,,,,,1.50%,,,0,,-25.53%,,,,,,,,,,,,
,,,,,,,,,,,,,,,,,,2022,8/8/2022,$                                                     310.33,,,,,,,,,,1.30%,$           310.33,4.03,,,,,,,,1.50%,,,0,,-25.30%,,,,,,,,,,,,
,,,,,,,,,,,,,,,,,,2022,8/9/2022,$                                                    309.79,,,,,,,,,,1.30%,$          309.79,4.03,,,,,,,,1.50%,,,0,,-25.43%,,,,,,,,,,,,
,,,,,,,,,,,,,,,,,,2022,8/10/2022,$                                                     316.48,,,,,,,,,,1.27%,$           316.48,4.03,,,,,,,,1.47%,,,0,,-23.82%,,,,,,,,,,,,
,,,,,,,,,,,,,,,,,,2022,8/11/2022,$                                                     314.42,,,,,,,,,,1.28%,$           314.42,4.03,,,,,,,,1.48%,,,0,,-24.31%,,,,,,,,,,,,
,,,,,,,,,,,,,,,,,,2022,8/12/2022,$                                                    320.44,,,,,,,,,,1.26%,$          320.44,4.03,,,,,,,,1.45%,,,0,,-22.86%,,,,,,,,,,,,
,,,,,,,,,,,,,,,,,,2022,8/15/2022,$                                                    320.33,,,,,,,,,,1.26%,$          320.33,4.03,,,,,,,,1.45%,,,0,,-22.89%,,,,,,,,,,,,
,,,,,,,,,,,,,,,,,,2022,8/16/2022,$                                                    320.78,,,,,,,,,,1.26%,$          320.78,4.03,,,,,,,,1.45%,,,0,,-22.78%,,,,,,,,,,,,
,,,,,,,,,,,,,,,,,,2022,8/17/2022,$                                                     318.45,,,,,,,,,,1.27%,$           318.45,4.03,,,,,,,,1.46%,,,0,,-23.34%,,,,,,,,,,,,
,,,,,,,,,,,,,,,,,,2022,8/18/2022,$                                                     319.46,,,,,,,,,,1.26%,$           319.46,4.03,,,,,,,,1.46%,,,0,,-23.10%,,,,,,,,,,,,
,,,,,,,,,,,,,,,,,,2022,8/19/2022,$                                                     315.29,,,,,,,,,,1.28%,$           315.29,4.03,,,,,,,,1.47%,,,0,,-24.10%,,,,,,,,,,,,
,,,,,,,,,,,,,,,,,,2022,8/22/2022,$                                                     310.00,,,,,,,,,,1.30%,$           310.00,4.03,,,,,,,,1.50%,,,0,,-25.38%,,,,,,,,,,,,
,,,,,,,,,,,,,,,,,,2022,8/23/2022,$                                                    306.70,,,,,,,,,,1.31%,$          306.70,4.03,,,,,,,,1.52%,,,0,,-26.17%,,,,,,,,,,,,
,,,,,,,,,,,,,,,,,,2022,8/24/2022,$                                                    306.26,,,,,,,,,,1.32%,$          306.26,4.03,,,,,,,,1.52%,,,0,,-26.28%,,,,,,,,,,,,
,,,,,,,,,,,,,,,,,,2022,8/25/2022,$                                                    309.77,,,,,,,,,,1.30%,$          309.77,4.03,,,,,,,,1.50%,,,0,,-25.43%,,,,,,,,,,,,
,,,,,,,,,,,,,,,,,,2022,8/26/2022,$                                                     298.13,,,,,,,,,,1.35%,$           298.13,4.03,,,,,,,,1.56%,,,0,,-28.23%,,,,,,,,,,,,
,,,,,,,,,,,,,,,,,,2022,8/29/2022,$                                                     295.14,,,,,,,,,,1.37%,$           295.14,4.03,,,,,,,,1.58%,,,0,,-28.95%,,,,,,,,,,,,
,,,,,,,,,,,,,,,,,,2022,8/30/2022,$                                                    292.50,,,,,,,,,,1.38%,$          292.50,4.03,,,,,,,,1.59%,,,0,,-29.59%,,,,,,,,,,,,
,,,,,,,,,,,,,,,,,,2022,8/31/2022,$                                                    288.46,,,,,,,,,,1.40%,$          288.46,4.03,,,,,,,,1.61%,,,0,,-30.56%,,,,,,,,,,,,
,,,,,,,,,,,,,,,,,,2022,9/1/2022,$                                                    288.79,,,,,,,,,,1.40%,$          288.79,4.03,,,,,,,,1.61%,,,0,,-30.48%,,,,,,,,,,,,
,,,,,,,,,,,,,,,,,,2022,9/2/2022,$                                                    284.07,,,,,,,,,,1.42%,$          284.07,4.03,,,,,,,,1.64%,,,0,,-31.62%,,,,,,,,,,,,
,,,,,,,,,,,,,,,,,,2022,9/6/2022,$                                                    283.46,,,,,,,,,,1.42%,$          283.46,4.03,,,,,,,,1.64%,,,0,,-31.77%,,,,,,,,,,,,
,,,,,,,,,,,,,,,,,,2022,9/7/2022,$                                                    286.76,,,,,,,,,,1.41%,$          286.76,4.03,,,,,,,,1.62%,,,0,,-30.97%,,,,,,,,,,,,
,,,,,,,,,,,,,,,,,,2022,9/8/2022,$                                                    287.96,,,,,,,,,,1.40%,$          287.96,4.03,,,,,,,,1.61%,,,0,,-30.68%,,,,,,,,,,,,
,,,,,,,,,,,,,,,,,,2022,9/9/2022,$                                                    290.55,,,,,,,,,,1.39%,$          290.55,4.03,,,,,,,,1.60%,,,0,,-30.06%,,,,,,,,,,,,
,,,,,,,,,,,,,,,,,,2022,9/12/2022,$                                                    295.26,,,,,,,,,,1.36%,$          295.26,4.03,,,,,,,,1.57%,,,0,,-28.92%,,,,,,,,,,,,
,,,,,,,,,,,,,,,,,,2022,9/13/2022,$                                                     281.52,,,,,,,,,,1.43%,$           281.52,4.03,,,,,,,,1.65%,,,0,,-32.23%,,,,,,,,,,,,
,,,,,,,,,,,,,,,,,,2022,9/14/2022,$                                                    278.53,,,,,,,,,,1.45%,$          278.53,4.03,,,,,,,,1.67%,,,0,,-32.95%,,,,,,,,,,,,
,,,,,,,,,,,,,,,,,,2022,9/15/2022,$                                                    273.86,,,,,,,,,,1.47%,$          273.86,4.03,,,,,,,,1.70%,,,0,,-34.08%,,,,,,,,,,,,
,,,,,,,,,,,,,,,,,,2022,9/16/2022,$                                                    272.68,,,,,,,,,,1.48%,$          272.68,4.03,,,,,,,,1.71%,,,0,,-34.36%,,,,,,,,,,,,
,,,,,,,,,,,,,,,,,,2022,9/19/2022,$                                                    274.98,,,,,,,,,,1.47%,$          274.98,4.03,,,,,,,,1.69%,,,0,,-33.81%,,,,,,,,,,,,
,,,,,,,,,,,,,,,,,,2022,9/20/2022,$                                                    270.24,,,,,,,,,,1.49%,$          270.24,4.03,,,,,,,,1.72%,,,0,,-34.95%,,,,,,,,,,,,
,,,,,,,,,,,,,,,,,,2022,9/21/2022,$                                                    265.42,,,,,,,,,,1.52%,$          265.42,4.03,,,,,,,,1.75%,,,0,,-36.11%,,,,,,,,,,,,
,,,,,,,,,,,,,,,,,,2022,9/22/2022,$                                                    262.32,,,,,,,,,,1.54%,$          262.32,4.03,,,,,,,,1.77%,,,0,,-36.85%,,,,,,,,,,,,
,,,,,,,,,,,,,,,,,,2022,9/23/2022,$                                                    259.98,,,,,,,,,,1.55%,$          259.98,4.03,,,,,,,,1.79%,,,0,,-37.42%,,,,,,,,,,,,
,,,,,,,,,,,,,,,,,,2022,9/26/2022,$                                                    257.54,,,,,,,,,,1.56%,$          257.54,4.03,,,,,,,,1.81%,,,0,,-38.00%,,,,,,,,,,,,
,,,,,,,,,,,,,,,,,,2022,9/27/2022,$                                                    256.34,,,,,,,,,,1.57%,$          256.34,4.03,,,,,,,,1.81%,,,0,,-38.29%,,,,,,,,,,,,
,,,,,,,,,,,,,,,,,,2022,9/28/2022,$                                                     261.93,,,,,,,,,,1.54%,$           261.93,4.03,,,,,,,,1.78%,,,0,,-36.95%,,,,,,,,,,,,
,,,,,,,,,,,,,,,,,,2022,9/29/2022,$                                                    258.27,,,,,,,,,,1.56%,$          258.27,4.03,,,,,,,,1.80%,,,0,,-37.83%,,,,,,,,,,,,
,,,,,,,,,,,,,,,,,,2022,9/30/2022,$                                                    257.30,,,,,,,,,,1.57%,$          257.30,4.03,,,,,,,,1.81%,,,0,,-38.06%,,,,,,,,,,,,
,,,,,,,,,,,,,,,,,,2022,10/3/2022,$                                                    264.89,,,,,,,,,,1.52%,$          264.89,4.03,,,,,,,,1.76%,,,0,,-36.24%,,,,,,,,,,,,
,,,,,,,,,,,,,,,,,,2022,10/4/2022,$                                                     274.31,,,,,,,,,,1.47%,$           274.31,4.03,,,,,,,,1.70%,,,0,,-33.97%,,,,,,,,,,,,
,,,,,,,,,,,,,,,,,,2022,10/5/2022,$                                                    274.34,,,,,,,,,,1.47%,$          274.34,4.03,,,,,,,,1.69%,,,0,,-33.96%,,,,,,,,,,,,
,,,,,,,,,,,,,,,,,,2022,10/6/2022,$                                                    269.47,,,,,,,,,,1.50%,$          269.47,4.03,,,,,,,,1.73%,,,0,,-35.13%,,,,,,,,,,,,
,,,,,,,,,,,,,,,,,,2022,10/7/2022,$                                                     259.71,,,,,,,,,,1.55%,$           259.71,4.03,,,,,,,,1.79%,,,0,,-37.48%,,,,,,,,,,,,
,,,,,,,,,,,,,,,,,,2022,10/10/2022,$                                                    257.85,,,,,,,,,,1.56%,$          257.85,4.03,,,,,,,,1.80%,,,0,,-37.93%,,,,,,,,,,,,
,,,,,,,,,,,,,,,,,,2022,10/11/2022,$                                                    252.98,,,,,,,,,,1.59%,$          252.98,4.03,,,,,,,,1.84%,,,0,,-39.10%,,,,,,,,,,,,
,,,,,,,,,,,,,,,,,,2022,10/12/2022,$                                                    250.07,,,,,,,,,,1.61%,$          250.07,4.03,,,,,,,,1.86%,,,0,,-39.80%,,,,,,,,,,,,
,,,,,,,,,,,,,,,,,,2022,10/13/2022,$                                                    257.46,,,,,,,,,,1.57%,$          257.46,4.03,,,,,,,,1.81%,,,0,,-38.02%,,,,,,,,,,,,
,,,,,,,,,,,,,,,,,,2022,10/14/2022,$                                                    252.72,,,,,,,,,,1.59%,$          252.72,4.03,,,,,,,,1.84%,,,0,,-39.17%,,,,,,,,,,,,
,,,,,,,,,,,,,,,,,,2022,10/17/2022,$                                                    262.22,,,,,,,,,,1.54%,$          262.22,4.03,,,,,,,,1.77%,,,0,,-36.88%,,,,,,,,,,,,
,,,,,,,,,,,,,,,,,,2022,10/18/2022,$                                                    264.05,,,,,,,,,,1.53%,$          264.05,4.03,,,,,,,,1.76%,,,0,,-36.44%,,,,,,,,,,,,
,,,,,,,,,,,,,,,,,,2022,10/19/2022,$                                                    264.06,,,,,,,,,,1.53%,$          264.06,4.03,,,,,,,,1.76%,,,0,,-36.44%,,,,,,,,,,,,
,,,,,,,,,,,,,,,,,,2022,10/20/2022,$                                                     261.78,,,,,,,,,,1.54%,$           261.78,4.03,,,,,,,,1.78%,,,0,,-36.98%,,,,,,,,,,,,
,,,,,,,,,,,,,,,,,,2022,10/21/2022,$                                                    269.57,,,,,,,,,,1.49%,$          269.57,4.03,,,,,,,,1.72%,,,0,,-35.11%,,,,,,,,,,,,
,,,,,,,,,,,,,,,,,,2022,10/24/2022,$                                                     275.31,,,,,,,,,,1.46%,$           275.31,4.03,,,,,,,,1.69%,,,0,,-33.73%,,,,,,,,,,,,
,,,,,,,,,,,,,,,,,,2022,10/25/2022,$                                                     280.61,,,,,,,,,,1.44%,$           280.61,4.03,,,,,,,,1.66%,,,0,,-32.45%,,,,,,,,,,,,
,,,,,,,,,,,,,,,,,,2022,10/26/2022,$                                                    279.87,,,,,,,,,,1.44%,$          279.87,4.03,,,,,,,,1.66%,,,0,,-32.63%,,,,,,,,,,,,
,,,,,,,,,,,,,,,,,,2022,10/27/2022,$                                                    278.84,,,,,,,,,,1.45%,$          278.84,4.03,,,,,,,,1.67%,,,0,,-32.88%,,,,,,,,,,,,
,,,,,,,,,,,,,,,,,,2022,10/28/2022,$                                                    287.78,,,,,,,,,,1.40%,$          287.78,4.03,,,,,,,,1.62%,,,0,,-30.73%,,,,,,,,,,,,
,,,,,,,,,,,,,,,,,,2022,10/31/2022,$                                                    283.90,,,,,,,,,,1.42%,$          283.90,4.03,,,,,,,,1.64%,,,0,,-31.66%,,,,,,,,,,,,
,,,,,,,,,,,,,,,,,,2022,11/1/2022,$                                                     281.47,,,,,,,,,,1.43%,$           281.47,4.03,,,,,,,,1.65%,,,0,,-32.24%,,,,,,,,,,,,
,,,,,,,,,,,,,,,,,,2022,11/2/2022,$                                                    272.45,,,,,,,,,,1.48%,$          272.45,4.03,,,,,,,,1.71%,,,0,,-34.42%,,,,,,,,,,,,
,,,,,,,,,,,,,,,,,,2022,11/3/2022,$                                                    256.88,,,,,,,,,,1.57%,$          256.88,4.03,,,,,,,,1.81%,,,0,,-38.16%,,,,,,,,,,,,
,,,,,,,,,,,,,,,,,,2022,11/4/2022,$                                                      261.16,,,,,,,,,,1.54%,$            261.16,4.03,,,,,,,,1.78%,,,0,,-37.13%,,,,,,,,,,,,
,,,,,,,,,,,,,,,,,,2022,11/7/2022,$                                                    269.07,,,,,,,,,,1.50%,$          269.07,4.03,,,,,,,,1.73%,,,0,,-35.23%,,,,,,,,,,,,
,,,,,,,,,,,,,,,,,,2022,11/8/2022,$                                                    269.03,,,,,,,,,,1.50%,$          269.03,4.03,,,,,,,,1.73%,,,0,,-35.24%,,,,,,,,,,,,
,,,,,,,,,,,,,,,,,,2022,11/9/2022,$                                                    266.44,,,,,,,,,,1.51%,$          266.44,4.03,,,,,,,,1.75%,,,0,,-35.86%,,,,,,,,,,,,
,,,,,,,,,,,,,,,,,,2022,11/10/2022,$                                                    287.02,,,,,,,,,,1.40%,$          287.02,4.03,,,,,,,,1.62%,,,0,,-30.91%,,,,,,,,,,,,
,,,,,,,,,,,,,,,,,,2022,11/11/2022,$                                                    290.09,,,,,,,,,,1.39%,$          290.09,4.03,,,,,,,,1.60%,,,0,,-30.17%,,,,,,,,,,,,
,,,,,,,,,,,,,,,,,,2022,11/14/2022,$                                                     288.91,,,,,,,,,,1.39%,$           288.91,4.03,,,,,,,,1.61%,,,0,,-30.45%,,,,,,,,,,,,
,,,,,,,,,,,,,,,,,,2022,11/15/2022,$                                                    292.65,,,,,,,,,,1.38%,$          292.65,4.03,,,,,,,,1.59%,,,0,,-29.55%,,,,,,,,,,,,
,,,,,,,,,,,,,,,,,,2022,11/16/2022,$                                                      291.51,,,,,,,,,,1.38%,$            291.51,4.03,,,,,,,,1.60%,,,0,,-29.83%,,,,,,,,,,,,
,,,,,,,,,,,,,,,,,,2022,11/17/2022,$                                                     287.14,,,,,,,,,,1.40%,$           287.14,4.03,,,,,,,,1.62%,,,0,,-30.88%,,,,,,,,,,,,
,,,,,,,,,,,,,,,,,,2022,11/18/2022,$                                                    286.50,,,,,,,,,,1.41%,$          286.50,4.03,,,,,,,,1.62%,,,0,,-31.03%,,,,,,,,,,,,
,,,,,,,,,,,,,,,,,,2022,11/21/2022,$                                                    287.02,,,,,,,,,,1.40%,$          287.02,4.03,,,,,,,,1.62%,,,0,,-30.91%,,,,,,,,,,,,
,,,,,,,,,,,,,,,,,,2022,11/22/2022,$                                                    292.89,,,,,,,,,,1.38%,$          292.89,4.03,,,,,,,,1.59%,,,0,,-29.50%,,,,,,,,,,,,
,,,,,,,,,,,,,,,,,,2022,11/23/2022,$                                                    294.53,,,,,,,,,,1.37%,$          294.53,4.03,,,,,,,,1.58%,,,0,,-29.10%,,,,,,,,,,,,
,,,,,,,,,,,,,,,,,,2022,11/25/2022,$                                                    296.40,,,,,,,,,,1.36%,$          296.40,4.03,,,,,,,,1.57%,,,0,,-28.65%,,,,,,,,,,,,
,,,,,,,,,,,,,,,,,,2022,11/28/2022,$                                                    290.60,,,,,,,,,,1.39%,$          290.60,4.03,,,,,,,,1.60%,,,0,,-30.05%,,,,,,,,,,,,
,,,,,,,,,,,,,,,,,,2022,11/29/2022,$                                                    287.98,,,,,,,,,,1.40%,$          287.98,4.03,,,,,,,,1.61%,,,0,,-30.68%,,,,,,,,,,,,
,,,,,,,,,,,,,,,,,,2022,11/30/2022,$                                                    300.93,,,,,,,,,,1.34%,$          300.93,4.03,,,,,,,,1.55%,,,0,,-27.56%,,,,,,,,,,,,
,,,,,,,,,,,,,,,,,,2022,12/1/2022,$                                                    302.83,,,,,,,,,,1.33%,$          302.83,4.03,,,,,,,,1.54%,,,0,,-27.10%,,,,,,,,,,,,
,,,,,,,,,,,,,,,,,,2022,12/2/2022,$                                                     300.13,,,,,,,,,,1.34%,$           300.13,4.03,,,,,,,,1.55%,,,0,,-27.75%,,,,,,,,,,,,
,,,,,,,,,,,,,,,,,,2022,12/5/2022,$                                                    292.74,,,,,,,,,,1.38%,$          292.74,4.03,,,,,,,,1.59%,,,0,,-29.53%,,,,,,,,,,,,
,,,,,,,,,,,,,,,,,,2022,12/6/2022,$                                                     285.41,,,,,,,,,,1.41%,$           285.41,4.03,,,,,,,,1.63%,,,0,,-31.30%,,,,,,,,,,,,
,,,,,,,,,,,,,,,,,,2022,12/7/2022,$                                                    286.69,,,,,,,,,,1.41%,$          286.69,4.03,,,,,,,,1.62%,,,0,,-30.99%,,,,,,,,,,,,
,,,,,,,,,,,,,,,,,,2022,12/8/2022,$                                                     292.15,,,,,,,,,,1.38%,$           292.15,4.03,,,,,,,,1.59%,,,0,,-29.67%,,,,,,,,,,,,
,,,,,,,,,,,,,,,,,,2022,12/9/2022,$                                                     288.41,,,,,,,,,,1.40%,$           288.41,4.03,,,,,,,,1.61%,,,0,,-30.57%,,,,,,,,,,,,
,,,,,,,,,,,,,,,,,,2022,12/12/2022,$                                                    292.34,,,,,,,,,,1.38%,$          292.34,4.03,,,,,,,,1.59%,,,0,,-29.63%,,,,,,,,,,,,
,,,,,,,,,,,,,,,,,,2022,12/13/2022,$                                                    295.35,,,,,,,,,,1.36%,$          295.35,4.03,,,,,,,,1.57%,,,0,,-28.90%,,,,,,,,,,,,
,,,,,,,,,,,,,,,,,,2022,12/14/2022,$                                                     291.45,,,,,,,,,,1.38%,$           291.45,4.03,,,,,,,,1.60%,,,0,,-29.84%,,,,,,,,,,,,
,,,,,,,,,,,,,,,,,,2022,12/15/2022,$                                                      281.12,,,,,,,,,,1.43%,$            281.12,4.03,,,,,,,,1.65%,,,0,,-32.33%,,,,,,,,,,,,
,,,,,,,,,,,,,,,,,,2022,12/16/2022,$                                                    264.48,,,,,,,,,,1.52%,$          264.48,4.03,,,,,,,,1.76%,,,0,,-36.33%,,,,,,,,,,,,
,,,,,,,,,,,,,,,,,,2022,12/19/2022,$                                                    255.40,,,,,,,,,,1.58%,$          255.40,4.03,,,,,,,,1.82%,,,0,,-38.52%,,,,,,,,,,,,
,,,,,,,,,,,,,,,,,,2022,12/20/2022,$                                                     261.90,,,,,,,,,,1.54%,$           261.90,4.03,,,,,,,,1.78%,,,0,,-36.96%,,,,,,,,,,,,
,,,,,,,,,,,,,,,,,,2022,12/21/2022,$                                                    268.92,,,,,,,,,,1.50%,$          268.92,4.03,,,,,,,,1.73%,,,0,,-35.27%,,,,,,,,,,,,
,,,,,,,,,,,,,,,,,,2022,12/22/2022,$                                                    264.76,,,,,,,,,,1.52%,$          264.76,4.03,,,,,,,,1.76%,,,0,,-36.27%,,,,,,,,,,,,
,,,,,,,,,,,,,,,,,,2022,12/23/2022,$                                                    266.09,,,,,,,,,,,$          266.09,4.03,,,,,,,,,,,0,,,,,,,,,,,,,,
,,,,,,,,,,,,,,,,,,2022,12/27/2022,$                                                     265.31,,,,,,,,,,,,4.03,,,,,,,,,,,0,,,,,,,,,,,,,,
,,,,,,,,,,,,,,,,,,2022,12/28/2022,$                                                     263.12,,,,,,,,,,,,4.03,,,,,,,,,,,0,,,,,,,,,,,,,,
,,,,,,,,,,,,,,,,,,2022,12/29/2022,$                                                    268.38,,,,,,,,,,,,4.03,,,,,,,,,,,0,,,,,,,,,,,,,,
,,,,,,,,,,,,,,,,,,2022,12/30/2022,$                                                    266.84,,,,,,,,,,,,4.03,,,,,,,,,,,0,,,,,,,,,,,,,,
,,,,,,,,,,,,,,,,,,2023,1/3/2023,$                                                    270.26,,,,,,,,,,,,4.65,,,,,,,,,,,0,,,,,,,,,,,,,,
,,,,,,,,,,,,,,,,,,2023,1/4/2023,$                                                    269.34,,,,,,,,,,,,4.65,,,,,,,,,,,0,,,,,,,,,,,,,,
,,,,,,,,,,,,,,,,,,2023,1/5/2023,$                                                    262.98,,,,,,,,,,,,4.65,,,,,,,,,,,0,,,,,,,,,,,,,,
,,,,,,,,,,,,,,,,,,2023,1/6/2023,$                                                     269.21,,,,,,,,,,,,4.65,,,,,,,,,,,0,,,,,,,,,,,,,,
,,,,,,,,,,,,,,,,,,2023,1/9/2023,$                                                    273.75,,,,,,,,,,,,4.65,,,,,,,,,,,0,,,,,,,,,,,,,,
,,,,,,,,,,,,,,,,,,2023,1/10/2023,$                                                    274.93,,,,,,,,,,,,4.65,,,,,,,,,,,0,,,,,,,,,,,,,,
,,,,,,,,,,,,,,,,,,2023,1/11/2023,$                                                     281.08,,,,,,,,,,,,4.65,,,,,,,,,,,0,,,,,,,,,,,,,,
,,,,,,,,,,,,,,,,,,2023,1/12/2023,$                                                    283.84,,,,,,,,,,,,4.65,,,,,,,,,,,0,,,,,,,,,,,,,,
,,,,,,,,,,,,,,,,,,2023,1/13/2023,$                                                     282.14,,,,,,,,,,,,4.65,,,,,,,,,,,0,,,,,,,,,,,,,,
,,,,,,,,,,,,,,,,,,2023,1/17/2023,$                                                    284.88,,,,,,,,,,,,4.65,,,,,,,,,,,0,,,,,,,,,,,,,,
,,,,,,,,,,,,,,,,,,2023,1/18/2023,$                                                    277.90,,,,,,,,,,,,4.65,,,,,,,,,,,0,,,,,,,,,,,,,,
,,,,,,,,,,,,,,,,,,2023,1/19/2023,$                                                    272.89,,,,,,,,,,,,4.65,,,,,,,,,,,0,,,,,,,,,,,,,,
,,,,,,,,,,,,,,,,,,2023,1/20/2023,$                                                    280.47,,,,,,,,,,,,4.65,,,,,,,,,,,0,,,,,,,,,,,,,,
,,,,,,,,,,,,,,,,,,2023,1/23/2023,$                                                    279.34,,,,,,,,,,,,4.65,,,,,,,,,,,0,,,,,,,,,,,,,,
,,,,,,,,,,,,,,,,,,2023,1/24/2023,$                                                    274.87,,,,,,,,,,,,4.65,,,,,,,,,,,0,,,,,,,,,,,,,,
,,,,,,,,,,,,,,,,,,2023,1/25/2023,$                                                     273.16,,,,,,,,,,,,4.65,,,,,,,,,,,0,,,,,,,,,,,,,,
,,,,,,,,,,,,,,,,,,2023,1/26/2023,$                                                    274.26,,,,,,,,,,,,4.65,,,,,,,,,,,0,,,,,,,,,,,,,,
,,,,,,,,,,,,,,,,,,2023,1/27/2023,$                                                    277.27,,,,,,,,,,,,4.65,,,,,,,,,,,0,,,,,,,,,,,,,,
,,,,,,,,,,,,,,,,,,2023,1/30/2023,$                                                    274.32,,,,,,,,,,,,4.65,,,,,,,,,,,0,,,,,,,,,,,,,,
,,,,,,,,,,,,,,,,,,2023,1/31/2023,$                                                    279.05,,,,,,,,,,,,4.65,,,,,,,,,,,0,,,,,,,,,,,,,,
,,,,,,,,,,,,,,,,,,2023,2/1/2023,$                                                    283.60,,,,,,,,,,,,4.65,,,,,,,,,,,0,,,,,,,,,,,,,,
,,,,,,,,,,,,,,,,,,2023,2/2/2023,$                                                     294.10,,,,,,,,,,,,4.65,,,,,,,,,,,0,,,,,,,,,,,,,,
,,,,,,,,,,,,,,,,,,2023,2/3/2023,$                                                    289.22,,,,,,,,,,,,4.65,,,,,,,,,,,0,,,,,,,,,,,,,,
,,,,,,,,,,,,,,,,,,2023,2/6/2023,$                                                    284.48,,,,,,,,,,,,4.65,,,,,,,,,,,0,,,,,,,,,,,,,,
,,,,,,,,,,,,,,,,,,2023,2/7/2023,$                                                    287.82,,,,,,,,,,,,4.65,,,,,,,,,,,0,,,,,,,,,,,,,,
,,,,,,,,,,,,,,,,,,2023,2/8/2023,$                                                     284.71,,,,,,,,,,,,4.65,,,,,,,,,,,0,,,,,,,,,,,,,,
,,,,,,,,,,,,,,,,,,2023,2/9/2023,$                                                     285.16,,,,,,,,,,,,4.65,,,,,,,,,,,0,,,,,,,,,,,,,,
,,,,,,,,,,,,,,,,,,2023,2/10/2023,$                                                    283.96,,,,,,,,,,,,4.65,,,,,,,,,,,0,,,,,,,,,,,,,,
,,,,,,,,,,,,,,,,,,2023,2/13/2023,$                                                    288.35,,,,,,,,,,,,4.65,,,,,,,,,,,0,,,,,,,,,,,,,,
,,,,,,,,,,,,,,,,,,2023,2/14/2023,$                                                    284.77,,,,,,,,,,,,4.65,,,,,,,,,,,0,,,,,,,,,,,,,,
,,,,,,,,,,,,,,,,,,2023,2/15/2023,$                                                    287.65,,,,,,,,,,,,4.65,,,,,,,,,,,0,,,,,,,,,,,,,,
,,,,,,,,,,,,,,,,,,2023,2/16/2023,$                                                     281.22,,,,,,,,,,,,4.65,,,,,,,,,,,0,,,,,,,,,,,,,,
,,,,,,,,,,,,,,,,,,2023,2/17/2023,$                                                    277.05,,,,,,,,,,,,4.65,,,,,,,,,,,0,,,,,,,,,,,,,,
,,,,,,,,,,,,,,,,,,2023,2/21/2023,$                                                     269.15,,,,,,,,,,,,4.65,,,,,,,,,,,0,,,,,,,,,,,,,,
,,,,,,,,,,,,,,,,,,2023,2/22/2023,$                                                    269.63,,,,,,,,,,,,4.65,,,,,,,,,,,0,,,,,,,,,,,,,,
,,,,,,,,,,,,,,,,,,2023,2/23/2023,$                                                     271.23,,,,,,,,,,,,4.65,,,,,,,,,,,0,,,,,,,,,,,,,,
,,,,,,,,,,,,,,,,,,2023,2/24/2023,$                                                    266.53,,,,,,,,,,,,4.65,,,,,,,,,,,0,,,,,,,,,,,,,,
,,,,,,,,,,,,,,,,,,2023,2/27/2023,$                                                    266.25,,,,,,,,,,,,4.65,,,,,,,,,,,0,,,,,,,,,,,,,,
,,,,,,,,,,,,,,,,,,2023,2/28/2023,$                                                    265.55,,,,,,,,,,,,4.65,,,,,,,,,,,0,,,,,,,,,,,,,,
,,,,,,,,,,,,,,,,,,2023,3/1/2023,$                                                    263.59,,,,,,,,,,,,4.65,,,,,,,,,,,0,,,,,,,,,,,,,,
,,,,,,,,,,,,,,,,,,2023,3/2/2023,$                                                    265.26,,,,,,,,,,,,4.65,,,,,,,,,,,0,,,,,,,,,,,,,,
,,,,,,,,,,,,,,,,,,2023,3/3/2023,$                                                    269.20,,,,,,,,,,,,4.65,,,,,,,,,,,0,,,,,,,,,,,,,,
,,,,,,,,,,,,,,,,,,2023,3/6/2023,$                                                    269.63,,,,,,,,,,,,4.65,,,,,,,,,,,0,,,,,,,,,,,,,,
,,,,,,,,,,,,,,,,,,2023,3/7/2023,$                                                    264.20,,,,,,,,,,,,4.65,,,,,,,,,,,0,,,,,,,,,,,,,,
,,,,,,,,,,,,,,,,,,2023,3/8/2023,$                                                    263.66,,,,,,,,,,,,4.65,,,,,,,,,,,0,,,,,,,,,,,,,,
,,,,,,,,,,,,,,,,,,2023,3/9/2023,$                                                    259.76,,,,,,,,,,,,4.65,,,,,,,,,,,0,,,,,,,,,,,,,,
,,,,,,,,,,,,,,,,,,2023,3/10/2023,$                                                    252.95,,,,,,,,,,,,4.65,,,,,,,,,,,0,,,,,,,,,,,,,,
,,,,,,,,,,,,,,,,,,2023,3/13/2023,$                                                      251.31,,,,,,,,,,,,4.65,,,,,,,,,,,0,,,,,,,,,,,,,,
,,,,,,,,,,,,,,,,,,2023,3/14/2023,$                                                    252.48,,,,,,,,,,,,4.65,,,,,,,,,,,0,,,,,,,,,,,,,,
,,,,,,,,,,,,,,,,,,2023,3/15/2023,$                                                     246.17,,,,,,,,,,,,4.65,,,,,,,,,,,0,,,,,,,,,,,,,,
,,,,,,,,,,,,,,,,,,2023,3/16/2023,$                                                    252.92,,,,,,,,,,,,4.65,,,,,,,,,,,0,,,,,,,,,,,,,,
,,,,,,,,,,,,,,,,,,2023,3/17/2023,$                                                    250.00,,,,,,,,,,,,4.65,,,,,,,,,,,0,,,,,,,,,,,,,,
,,,,,,,,,,,,,,,,,,2023,3/20/2023,$                                                    252.55,,,,,,,,,,,,4.65,,,,,,,,,,,0,,,,,,,,,,,,,,
,,,,,,,,,,,,,,,,,,2023,3/21/2023,$                                                    257.62,,,,,,,,,,,,4.65,,,,,,,,,,,0,,,,,,,,,,,,,,
,,,,,,,,,,,,,,,,,,2023,3/22/2023,$                                                    253.27,,,,,,,,,,,,4.65,,,,,,,,,,,0,,,,,,,,,,,,,,
,,,,,,,,,,,,,,,,,,2023,3/23/2023,$                                                     271.66,,,,,,,,,,,,4.65,,,,,,,,,,,0,,,,,,,,,,,,,,
,,,,,,,,,,,,,,,,,,2023,3/24/2023,$                                                    272.00,,,,,,,,,,,,4.65,,,,,,,,,,,0,,,,,,,,,,,,,,
,,,,,,,,,,,,,,,,,,2023,3/27/2023,$                                                    273.96,,,,,,,,,,,,4.65,,,,,,,,,,,0,,,,,,,,,,,,,,
,,,,,,,,,,,,,,,,,,2023,3/28/2023,$                                                    275.00,,,,,,,,,,,,4.65,,,,,,,,,,,0,,,,,,,,,,,,,,
,,,,,,,,,,,,,,,,,,2023,3/29/2023,$                                                    279.94,,,,,,,,,,,,4.65,,,,,,,,,,,0,,,,,,,,,,,,,,
,,,,,,,,,,,,,,,,,,2023,3/30/2023,$                                                    282.66,,,,,,,,,,,,4.65,,,,,,,,,,,0,,,,,,,,,,,,,,
,,,,,,,,,,,,,,,,,,2023,3/31/2023,$                                                     285.81,,,,,,,,,,,,4.65,,,,,,,,,,,0,,,,,,,,,,,,,,
,,,,,,,,,,,,,,,,,,2023,4/3/2023,$                                                    285.84,,,,,,,,,,,,4.65,,,,,,,,,,,0,,,,,,,,,,,,,,
,,,,,,,,,,,,,,,,,,2023,4/4/2023,$                                                    285.84,,,,,,,,,,,,4.65,,,,,,,,,,,0,,,,,,,,,,,,,,
,,,,,,,,,,,,,,,,,,2023,4/5/2023,$                                                     281.33,,,,,,,,,,,,4.65,,,,,,,,,,,0,,,,,,,,,,,,,,
,,,,,,,,,,,,,,,,,,2023,4/6/2023,$                                                     281.70,,,,,,,,,,,,4.65,,,,,,,,,,,0,,,,,,,,,,,,,,
,,,,,,,,,,,,,,,,,,2023,4/10/2023,$                                                     281.68,,,,,,,,,,,,4.65,,,,,,,,,,,0,,,,,,,,,,,,,,
,,,,,,,,,,,,,,,,,,2023,4/11/2023,$                                                    286.33,,,,,,,,,,,,4.65,,,,,,,,,,,0,,,,,,,,,,,,,,
,,,,,,,,,,,,,,,,,,2023,4/12/2023,$                                                    283.76,,,,,,,,,,,,4.65,,,,,,,,,,,0,,,,,,,,,,,,,,
,,,,,,,,,,,,,,,,,,2023,4/13/2023,$                                                    285.27,,,,,,,,,,,,4.65,,,,,,,,,,,0,,,,,,,,,,,,,,
,,,,,,,,,,,,,,,,,,2023,4/14/2023,$                                                    279.25,,,,,,,,,,,,4.65,,,,,,,,,,,0,,,,,,,,,,,,,,
,,,,,,,,,,,,,,,,,,2023,4/17/2023,$                                                    279.98,,,,,,,,,,,,4.65,,,,,,,,,,,0,,,,,,,,,,,,,,
,,,,,,,,,,,,,,,,,,2023,4/18/2023,$                                                    279.96,,,,,,,,,,,,4.65,,,,,,,,,,,0,,,,,,,,,,,,,,
,,,,,,,,,,,,,,,,,,2023,4/19/2023,$                                                    279.90,,,,,,,,,,,,4.65,,,,,,,,,,,0,,,,,,,,,,,,,,
,,,,,,,,,,,,,,,,,,2023,4/20/2023,$                                                    275.55,,,,,,,,,,,,4.65,,,,,,,,,,,0,,,,,,,,,,,,,,
,,,,,,,,,,,,,,,,,,2023,4/21/2023,$                                                    276.33,,,,,,,,,,,,4.65,,,,,,,,,,,0,,,,,,,,,,,,,,
,,,,,,,,,,,,,,,,,,2023,4/24/2023,$                                                    277.25,,,,,,,,,,,,4.65,,,,,,,,,,,0,,,,,,,,,,,,,,
,,,,,,,,,,,,,,,,,,2023,4/25/2023,$                                                    270.70,,,,,,,,,,,,4.65,,,,,,,,,,,0,,,,,,,,,,,,,,
,,,,,,,,,,,,,,,,,,2023,4/26/2023,$                                                      271.21,,,,,,,,,,,,4.65,,,,,,,,,,,0,,,,,,,,,,,,,,
,,,,,,,,,,,,,,,,,,2023,4/27/2023,$                                                    275.45,,,,,,,,,,,,4.65,,,,,,,,,,,0,,,,,,,,,,,,,,
,,,,,,,,,,,,,,,,,,2023,4/28/2023,$                                                    280.29,,,,,,,,,,,,4.65,,,,,,,,,,,0,,,,,,,,,,,,,,
,,,,,,,,,,,,,,,,,,2023,5/1/2023,$                                                    279.42,,,,,,,,,,,,4.65,,,,,,,,,,,0,,,,,,,,,,,,,,
,,,,,,,,,,,,,,,,,,2023,5/2/2023,$                                                    276.74,,,,,,,,,,,,4.65,,,,,,,,,,,0,,,,,,,,,,,,,,
,,,,,,,,,,,,,,,,,,2023,5/3/2023,$                                                     275.18,,,,,,,,,,,,4.65,,,,,,,,,,,0,,,,,,,,,,,,,,
,,,,,,,,,,,,,,,,,,2023,5/4/2023,$                                                    266.50,,,,,,,,,,,,4.65,,,,,,,,,,,0,,,,,,,,,,,,,,
,,,,,,,,,,,,,,,,,,2023,5/5/2023,$                                                    265.65,,,,,,,,,,,,4.65,,,,,,,,,,,0,,,,,,,,,,,,,,
,,,,,,,,,,,,,,,,,,2023,5/8/2023,$                                                    264.82,,,,,,,,,,,,4.65,,,,,,,,,,,0,,,,,,,,,,,,,,
,,,,,,,,,,,,,,,,,,2023,5/9/2023,$                                                    263.48,,,,,,,,,,,,4.65,,,,,,,,,,,0,,,,,,,,,,,,,,
,,,,,,,,,,,,,,,,,,2023,5/10/2023,$                                                    268.89,,,,,,,,,,,,4.65,,,,,,,,,,,0,,,,,,,,,,,,,,
,,,,,,,,,,,,,,,,,,2023,5/11/2023,$                                                    272.27,,,,,,,,,,,,4.65,,,,,,,,,,,0,,,,,,,,,,,,,,
,,,,,,,,,,,,,,,,,,2023,5/12/2023,$                                                     277.19,,,,,,,,,,,,4.65,,,,,,,,,,,0,,,,,,,,,,,,,,
,,,,,,,,,,,,,,,,,,2023,5/15/2023,$                                                     277.51,,,,,,,,,,,,4.65,,,,,,,,,,,0,,,,,,,,,,,,,,
,,,,,,,,,,,,,,,,,,2023,5/16/2023,$                                                     279.19,,,,,,,,,,,,4.65,,,,,,,,,,,0,,,,,,,,,,,,,,
,,,,,,,,,,,,,,,,,,2023,5/17/2023,$                                                    284.63,,,,,,,,,,,,4.65,,,,,,,,,,,0,,,,,,,,,,,,,,
,,,,,,,,,,,,,,,,,,2023,5/18/2023,$                                                    287.48,,,,,,,,,,,,4.65,,,,,,,,,,,0,,,,,,,,,,,,,,
,,,,,,,,,,,,,,,,,,2023,5/19/2023,$                                                     289.91,,,,,,,,,,,,4.65,,,,,,,,,,,0,,,,,,,,,,,,,,
,,,,,,,,,,,,,,,,,,2023,5/22/2023,$                                                    290.95,,,,,,,,,,,,4.65,,,,,,,,,,,0,,,,,,,,,,,,,,
,,,,,,,,,,,,,,,,,,2023,5/23/2023,$                                                     288.10,,,,,,,,,,,,4.65,,,,,,,,,,,0,,,,,,,,,,,,,,
,,,,,,,,,,,,,,,,,,2023,5/24/2023,$                                                    286.82,,,,,,,,,,,,4.65,,,,,,,,,,,0,,,,,,,,,,,,,,
,,,,,,,,,,,,,,,,,,2023,5/25/2023,$                                                     291.76,,,,,,,,,,,,4.65,,,,,,,,,,,0,,,,,,,,,,,,,,
,,,,,,,,,,,,,,,,,,2023,5/26/2023,$                                                    303.60,,,,,,,,,,,,4.65,,,,,,,,,,,0,,,,,,,,,,,,,,
,,,,,,,,,,,,,,,,,,2023,5/30/2023,$                                                    308.43,,,,,,,,,,,,4.65,,,,,,,,,,,0,,,,,,,,,,,,,,
,,,,,,,,,,,,,,,,,,2023,5/31/2023,$                                                    305.92,,,,,,,,,,,,4.65,,,,,,,,,,,0,,,,,,,,,,,,,,
,,,,,,,,,,,,,,,,,,2023,6/1/2023,$                                                    305.20,,,,,,,,,,,,4.65,,,,,,,,,,,0,,,,,,,,,,,,,,
,,,,,,,,,,,,,,,,,,2023,6/2/2023,$                                                      311.39,,,,,,,,,,,,4.65,,,,,,,,,,,0,,,,,,,,,,,,,,
,,,,,,,,,,,,,,,,,,2023,6/5/2023,$                                                    304.45,,,,,,,,,,,,4.65,,,,,,,,,,,0,,,,,,,,,,,,,,
,,,,,,,,,,,,,,,,,,2023,6/6/2023,$                                                    308.04,,,,,,,,,,,,4.65,,,,,,,,,,,0,,,,,,,,,,,,,,
,,,,,,,,,,,,,,,,,,2023,6/7/2023,$                                                      311.03,,,,,,,,,,,,4.65,,,,,,,,,,,0,,,,,,,,,,,,,,
,,,,,,,,,,,,,,,,,,2023,6/8/2023,$                                                    307.33,,,,,,,,,,,,4.65,,,,,,,,,,,0,,,,,,,,,,,,,,
,,,,,,,,,,,,,,,,,,2023,6/9/2023,$                                                    308.72,,,,,,,,,,,,4.65,,,,,,,,,,,0,,,,,,,,,,,,,,
,,,,,,,,,,,,,,,,,,2023,6/12/2023,$                                                      311.48,,,,,,,,,,,,4.65,,,,,,,,,,,0,,,,,,,,,,,,,,
,,,,,,,,,,,,,,,,,,2023,6/13/2023,$                                                      315.16,,,,,,,,,,,,4.65,,,,,,,,,,,0,,,,,,,,,,,,,,
,,,,,,,,,,,,,,,,,,2023,6/14/2023,$                                                     315.05,,,,,,,,,,,,4.65,,,,,,,,,,,0,,,,,,,,,,,,,,
,,,,,,,,,,,,,,,,,,2023,6/15/2023,$                                                    323.77,,,,,,,,,,,,4.65,,,,,,,,,,,0,,,,,,,,,,,,,,
,,,,,,,,,,,,,,,,,,2023,6/16/2023,$                                                     319.54,,,,,,,,,,,,4.65,,,,,,,,,,,0,,,,,,,,,,,,,,
,,,,,,,,,,,,,,,,,,2023,6/20/2023,$                                                     317.40,,,,,,,,,,,,4.65,,,,,,,,,,,0,,,,,,,,,,,,,,
,,,,,,,,,,,,,,,,,,2023,6/21/2023,$                                                     313.20,,,,,,,,,,,,4.65,,,,,,,,,,,0,,,,,,,,,,,,,,
,,,,,,,,,,,,,,,,,,2023,6/22/2023,$                                                    307.25,,,,,,,,,,,,4.65,,,,,,,,,,,0,,,,,,,,,,,,,,
,,,,,,,,,,,,,,,,,,2023,6/23/2023,$                                                    298.43,,,,,,,,,,,,4.65,,,,,,,,,,,0,,,,,,,,,,,,,,
,,,,,,,,,,,,,,,,,,2023,6/26/2023,$                                                     297.41,,,,,,,,,,,,4.65,,,,,,,,,,,0,,,,,,,,,,,,,,
,,,,,,,,,,,,,,,,,,2023,6/27/2023,$                                                     300.81,,,,,,,,,,,,4.65,,,,,,,,,,,0,,,,,,,,,,,,,,
,,,,,,,,,,,,,,,,,,2023,6/28/2023,$                                                     301.72,,,,,,,,,,,,4.65,,,,,,,,,,,0,,,,,,,,,,,,,,
,,,,,,,,,,,,,,,,,,2023,6/29/2023,$                                                    308.33,,,,,,,,,,,,4.65,,,,,,,,,,,0,,,,,,,,,,,,,,
,,,,,,,,,,,,,,,,,,2023,6/30/2023,$                                                    308.58,,,,,,,,,,,,4.65,,,,,,,,,,,0,,,,,,,,,,,,,,
,,,,,,,,,,,,,,,,,,2023,7/3/2023,$                                                     310.97,,,,,,,,,,,,4.65,,,,,,,,,,,0,,,,,,,,,,,,,,
,,,,,,,,,,,,,,,,,,2023,7/5/2023,$                                                    309.90,,,,,,,,,,,,4.65,,,,,,,,,,,0,,,,,,,,,,,,,,
,,,,,,,,,,,,,,,,,,2023,7/6/2023,$                                                    307.97,,,,,,,,,,,,4.65,,,,,,,,,,,0,,,,,,,,,,,,,,
,,,,,,,,,,,,,,,,,,2023,7/7/2023,$                                                    305.76,,,,,,,,,,,,4.65,,,,,,,,,,,0,,,,,,,,,,,,,,
,,,,,,,,,,,,,,,,,,2023,7/10/2023,$                                                    308.45,,,,,,,,,,,,4.65,,,,,,,,,,,0,,,,,,,,,,,,,,
,,,,,,,,,,,,,,,,,,2023,7/11/2023,$                                                    309.72,,,,,,,,,,,,4.65,,,,,,,,,,,0,,,,,,,,,,,,,,
,,,,,,,,,,,,,,,,,,2023,7/12/2023,$                                                     313.88,,,,,,,,,,,,4.65,,,,,,,,,,,0,,,,,,,,,,,,,,
,,,,,,,,,,,,,,,,,,2023,7/13/2023,$                                                      315.21,,,,,,,,,,,,4.65,,,,,,,,,,,0,,,,,,,,,,,,,,
,,,,,,,,,,,,,,,,,,2023,7/14/2023,$                                                     315.77,,,,,,,,,,,,4.65,,,,,,,,,,,0,,,,,,,,,,,,,,
,,,,,,,,,,,,,,,,,,2023,7/17/2023,$                                                     319.78,,,,,,,,,,,,4.65,,,,,,,,,,,0,,,,,,,,,,,,,,
,,,,,,,,,,,,,,,,,,2023,7/18/2023,$                                                    322.43,,,,,,,,,,,,4.65,,,,,,,,,,,0,,,,,,,,,,,,,,
,,,,,,,,,,,,,,,,,,2023,7/19/2023,$                                                     318.80,,,,,,,,,,,,4.65,,,,,,,,,,,0,,,,,,,,,,,,,,
,,,,,,,,,,,,,,,,,,2023,7/20/2023,$                                                     312.47,,,,,,,,,,,,4.65,,,,,,,,,,,0,,,,,,,,,,,,,,
,,,,,,,,,,,,,,,,,,2023,7/21/2023,$                                                     314.80,,,,,,,,,,,,4.65,,,,,,,,,,,0,,,,,,,,,,,,,,
,,,,,,,,,,,,,,,,,,2023,7/24/2023,$                                                     313.29,,,,,,,,,,,,4.65,,,,,,,,,,,0,,,,,,,,,,,,,,
,,,,,,,,,,,,,,,,,,2023,7/25/2023,$                                                     317.59,,,,,,,,,,,,4.65,,,,,,,,,,,0,,,,,,,,,,,,,,
,,,,,,,,,,,,,,,,,,2023,7/26/2023,$                                                      316.51,,,,,,,,,,,,4.65,,,,,,,,,,,0,,,,,,,,,,,,,,
,,,,,,,,,,,,,,,,,,2023,7/27/2023,$                                                     318.82,,,,,,,,,,,,4.65,,,,,,,,,,,0,,,,,,,,,,,,,,
,,,,,,,,,,,,,,,,,,2023,7/28/2023,$                                                     315.55,,,,,,,,,,,,4.65,,,,,,,,,,,0,,,,,,,,,,,,,,
,,,,,,,,,,,,,,,,,,2023,7/31/2023,$                                                     316.35,,,,,,,,,,,,4.65,,,,,,,,,,,0,,,,,,,,,,,,,,
,,,,,,,,,,,,,,,,,,2023,8/1/2023,$                                                    320.97,,,,,,,,,,,,4.65,,,,,,,,,,,0,,,,,,,,,,,,,,
,,,,,,,,,,,,,,,,,,2023,8/2/2023,$                                                     317.78,,,,,,,,,,,,4.65,,,,,,,,,,,0,,,,,,,,,,,,,,
,,,,,,,,,,,,,,,,,,2023,8/3/2023,$                                                      317.13,,,,,,,,,,,,4.65,,,,,,,,,,,0,,,,,,,,,,,,,,
,,,,,,,,,,,,,,,,,,2023,8/4/2023,$                                                     312.00,,,,,,,,,,,,4.65,,,,,,,,,,,0,,,,,,,,,,,,,,
,,,,,,,,,,,,,,,,,,2023,8/7/2023,$                                                     315.87,,,,,,,,,,,,4.65,,,,,,,,,,,0,,,,,,,,,,,,,,
,,,,,,,,,,,,,,,,,,2023,8/8/2023,$                                                      315.15,,,,,,,,,,,,4.65,,,,,,,,,,,0,,,,,,,,,,,,,,
,,,,,,,,,,,,,,,,,,2023,8/9/2023,$                                                      311.53,,,,,,,,,,,,4.65,,,,,,,,,,,0,,,,,,,,,,,,,,
,,,,,,,,,,,,,,,,,,2023,8/10/2023,$                                                      310.41,,,,,,,,,,,,4.65,,,,,,,,,,,0,,,,,,,,,,,,,,
,,,,,,,,,,,,,,,,,,2023,8/11/2023,$                                                    309.05,,,,,,,,,,,,4.65,,,,,,,,,,,0,,,,,,,,,,,,,,
,,,,,,,,,,,,,,,,,,2023,8/14/2023,$                                                       311.71,,,,,,,,,,,,4.65,,,,,,,,,,,0,,,,,,,,,,,,,,
,,,,,,,,,,,,,,,,,,2023,8/15/2023,$                                                    307.40,,,,,,,,,,,,4.65,,,,,,,,,,,0,,,,,,,,,,,,,,
,,,,,,,,,,,,,,,,,,2023,8/16/2023,$                                                    307.64,,,,,,,,,,,,4.65,,,,,,,,,,,0,,,,,,,,,,,,,,
,,,,,,,,,,,,,,,,,,2023,8/17/2023,$                                                    305.64,,,,,,,,,,,,4.65,,,,,,,,,,,0,,,,,,,,,,,,,,
,,,,,,,,,,,,,,,,,,2023,8/18/2023,$                                                    302.94,,,,,,,,,,,,4.65,,,,,,,,,,,0,,,,,,,,,,,,,,
,,,,,,,,,,,,,,,,,,2023,8/21/2023,$                                                     306.51,,,,,,,,,,,,4.65,,,,,,,,,,,0,,,,,,,,,,,,,,
,,,,,,,,,,,,,,,,,,2023,8/22/2023,$                                                    308.90,,,,,,,,,,,,4.65,,,,,,,,,,,0,,,,,,,,,,,,,,
,,,,,,,,,,,,,,,,,,2023,8/23/2023,$                                                     315.34,,,,,,,,,,,,4.65,,,,,,,,,,,0,,,,,,,,,,,,,,
,,,,,,,,,,,,,,,,,,2023,8/24/2023,$                                                      314.14,,,,,,,,,,,,4.65,,,,,,,,,,,0,,,,,,,,,,,,,,
,,,,,,,,,,,,,,,,,,2023,8/25/2023,$                                                     318.76,,,,,,,,,,,,4.65,,,,,,,,,,,0,,,,,,,,,,,,,,
,,,,,,,,,,,,,,,,,,2023,8/28/2023,$                                                     320.91,,,,,,,,,,,,4.65,,,,,,,,,,,0,,,,,,,,,,,,,,
,,,,,,,,,,,,,,,,,,2023,8/29/2023,$                                                    323.45,,,,,,,,,,,,4.65,,,,,,,,,,,0,,,,,,,,,,,,,,
,,,,,,,,,,,,,,,,,,2023,8/30/2023,$                                                    323.25,,,,,,,,,,,,4.65,,,,,,,,,,,0,,,,,,,,,,,,,,
,,,,,,,,,,,,,,,,,,2023,8/31/2023,$                                                    323.77,,,,,,,,,,,,4.65,,,,,,,,,,,0,,,,,,,,,,,,,,
,,,,,,,,,,,,,,,,,,2023,9/1/2023,$                                                    327.74,,,,,,,,,,,,4.65,,,,,,,,,,,0,,,,,,,,,,,,,,
,,,,,,,,,,,,,,,,,,2023,9/5/2023,$                                                     326.16,,,,,,,,,,,,4.65,,,,,,,,,,,0,,,,,,,,,,,,,,
,,,,,,,,,,,,,,,,,,2023,9/6/2023,$                                                    326.30,,,,,,,,,,,,4.65,,,,,,,,,,,0,,,,,,,,,,,,,,
,,,,,,,,,,,,,,,,,,2023,9/7/2023,$                                                    328.20,,,,,,,,,,,,4.65,,,,,,,,,,,0,,,,,,,,,,,,,,
,,,,,,,,,,,,,,,,,,2023,9/8/2023,$                                                    325.47,,,,,,,,,,,,4.65,,,,,,,,,,,0,,,,,,,,,,,,,,
,,,,,,,,,,,,,,,,,,2023,9/11/2023,$                                                    325.87,,,,,,,,,,,,4.65,,,,,,,,,,,0,,,,,,,,,,,,,,
,,,,,,,,,,,,,,,,,,2023,9/12/2023,$                                                     314.89,,,,,,,,,,,,4.65,,,,,,,,,,,0,,,,,,,,,,,,,,
,,,,,,,,,,,,,,,,,,2023,9/13/2023,$                                                      313.91,,,,,,,,,,,,4.65,,,,,,,,,,,0,,,,,,,,,,,,,,
,,,,,,,,,,,,,,,,,,2023,9/14/2023,$                                                     316.59,,,,,,,,,,,,4.65,,,,,,,,,,,0,,,,,,,,,,,,,,
,,,,,,,,,,,,,,,,,,2023,9/15/2023,$                                                     312.53,,,,,,,,,,,,4.65,,,,,,,,,,,0,,,,,,,,,,,,,,
,,,,,,,,,,,,,,,,,,2023,9/18/2023,$                                                     315.88,,,,,,,,,,,,4.65,,,,,,,,,,,0,,,,,,,,,,,,,,
,,,,,,,,,,,,,,,,,,2023,9/19/2023,$                                                     317.33,,,,,,,,,,,,4.65,,,,,,,,,,,0,,,,,,,,,,,,,,
,,,,,,,,,,,,,,,,,,2023,9/20/2023,$                                                     316.80,,,,,,,,,,,,4.65,,,,,,,,,,,0,,,,,,,,,,,,,,
,,,,,,,,,,,,,,,,,,2023,9/21/2023,$                                                     312.00,,,,,,,,,,,,4.65,,,,,,,,,,,0,,,,,,,,,,,,,,
,,,,,,,,,,,,,,,,,,2023,9/22/2023,$                                                     316.09,,,,,,,,,,,,4.65,,,,,,,,,,,0,,,,,,,,,,,,,,
,,,,,,,,,,,,,,,,,,2023,9/25/2023,$                                                     316.99,,,,,,,,,,,,4.65,,,,,,,,,,,0,,,,,,,,,,,,,,
,,,,,,,,,,,,,,,,,,2023,9/26/2023,$                                                      310.61,,,,,,,,,,,,4.65,,,,,,,,,,,0,,,,,,,,,,,,,,
,,,,,,,,,,,,,,,,,,2023,9/27/2023,$                                                     314.38,,,,,,,,,,,,4.65,,,,,,,,,,,0,,,,,,,,,,,,,,
,,,,,,,,,,,,,,,,,,2023,9/28/2023,$                                                    300.77,,,,,,,,,,,,4.65,,,,,,,,,,,0,,,,,,,,,,,,,,
,,,,,,,,,,,,,,,,,,2023,9/29/2023,$                                                      307.11,,,,,,,,,,,,4.65,,,,,,,,,,,0,,,,,,,,,,,,,,
,,,,,,,,,,,,,,,,,,2023,10/2/2023,$                                                    308.26,,,,,,,,,,,,4.65,,,,,,,,,,,0,,,,,,,,,,,,,,
,,,,,,,,,,,,,,,,,,2023,10/3/2023,$                                                    306.23,,,,,,,,,,,,4.65,,,,,,,,,,,0,,,,,,,,,,,,,,
,,,,,,,,,,,,,,,,,,2023,10/4/2023,$                                                    309.39,,,,,,,,,,,,4.65,,,,,,,,,,,0,,,,,,,,,,,,,,
,,,,,,,,,,,,,,,,,,2023,10/5/2023,$                                                    309.66,,,,,,,,,,,,4.65,,,,,,,,,,,0,,,,,,,,,,,,,,
,,,,,,,,,,,,,,,,,,2023,10/6/2023,$                                                      312.19,,,,,,,,,,,,4.65,,,,,,,,,,,0,,,,,,,,,,,,,,
,,,,,,,,,,,,,,,,,,2023,10/9/2023,$                                                      312.01,,,,,,,,,,,,4.65,,,,,,,,,,,0,,,,,,,,,,,,,,
,,,,,,,,,,,,,,,,,,2023,10/10/2023,$                                                     312.32,,,,,,,,,,,,4.65,,,,,,,,,,,0,,,,,,,,,,,,,,
,,,,,,,,,,,,,,,,,,2023,10/11/2023,$                                                     312.54,,,,,,,,,,,,4.65,,,,,,,,,,,0,,,,,,,,,,,,,,
,,,,,,,,,,,,,,,,,,2023,10/12/2023,$                                                    304.36,,,,,,,,,,,,4.65,,,,,,,,,,,0,,,,,,,,,,,,,,
,,,,,,,,,,,,,,,,,,2023,10/13/2023,$                                                     301.83,,,,,,,,,,,,4.65,,,,,,,,,,,0,,,,,,,,,,,,,,
,,,,,,,,,,,,,,,,,,2023,10/16/2023,$                                                    305.34,,,,,,,,,,,,4.65,,,,,,,,,,,0,,,,,,,,,,,,,,
,,,,,,,,,,,,,,,,,,2023,10/17/2023,$                                                    308.25,,,,,,,,,,,,4.65,,,,,,,,,,,0,,,,,,,,,,,,,,
,,,,,,,,,,,,,,,,,,2023,10/18/2023,$                                                    303.77,,,,,,,,,,,,4.65,,,,,,,,,,,0,,,,,,,,,,,,,,
,,,,,,,,,,,,,,,,,,2023,10/19/2023,$                                                    302.94,,,,,,,,,,,,4.65,,,,,,,,,,,0,,,,,,,,,,,,,,
,,,,,,,,,,,,,,,,,,2023,10/20/2023,$                                                    297.00,,,,,,,,,,,,4.65,,,,,,,,,,,0,,,,,,,,,,,,,,
,,,,,,,,,,,,,,,,,,2023,10/23/2023,$                                                    294.94,,,,,,,,,,,,4.65,,,,,,,,,,,0,,,,,,,,,,,,,,
,,,,,,,,,,,,,,,,,,2023,10/24/2023,$                                                    296.09,,,,,,,,,,,,4.65,,,,,,,,,,,0,,,,,,,,,,,,,,
,,,,,,,,,,,,,,,,,,2023,10/25/2023,$                                                    292.68,,,,,,,,,,,,4.65,,,,,,,,,,,0,,,,,,,,,,,,,,
,,,,,,,,,,,,,,,,,,2023,10/26/2023,$                                                    292.04,,,,,,,,,,,,4.65,,,,,,,,,,,0,,,,,,,,,,,,,,
,,,,,,,,,,,,,,,,,,2023,10/27/2023,$                                                    290.04,,,,,,,,,,,,4.65,,,,,,,,,,,0,,,,,,,,,,,,,,
,,,,,,,,,,,,,,,,,,2023,10/30/2023,$                                                    292.70,,,,,,,,,,,,4.65,,,,,,,,,,,0,,,,,,,,,,,,,,
,,,,,,,,,,,,,,,,,,2023,10/31/2023,$                                                    297.09,,,,,,,,,,,,4.65,,,,,,,,,,,0,,,,,,,,,,,,,,
,,,,,,,,,,,,,,,,,,2023,11/1/2023,$                                                    300.64,,,,,,,,,,,,4.65,,,,,,,,,,,0,,,,,,,,,,,,,,
,,,,,,,,,,,,,,,,,,2023,11/2/2023,$                                                     308.12,,,,,,,,,,,,4.65,,,,,,,,,,,0,,,,,,,,,,,,,,
,,,,,,,,,,,,,,,,,,2023,11/3/2023,$                                                     313.49,,,,,,,,,,,,4.65,,,,,,,,,,,0,,,,,,,,,,,,,,
,,,,,,,,,,,,,,,,,,2023,11/6/2023,$                                                     313.09,,,,,,,,,,,,4.65,,,,,,,,,,,0,,,,,,,,,,,,,,
,,,,,,,,,,,,,,,,,,2023,11/7/2023,$                                                      315.19,,,,,,,,,,,,4.65,,,,,,,,,,,0,,,,,,,,,,,,,,
,,,,,,,,,,,,,,,,,,2023,11/8/2023,$                                                     317.82,,,,,,,,,,,,4.65,,,,,,,,,,,0,,,,,,,,,,,,,,
,,,,,,,,,,,,,,,,,,2023,11/9/2023,$                                                     314.22,,,,,,,,,,,,4.65,,,,,,,,,,,0,,,,,,,,,,,,,,
,,,,,,,,,,,,,,,,,,2023,11/10/2023,$                                                     319.69,,,,,,,,,,,,4.65,,,,,,,,,,,0,,,,,,,,,,,,,,
,,,,,,,,,,,,,,,,,,2023,11/13/2023,$                                                     315.63,,,,,,,,,,,,4.65,,,,,,,,,,,0,,,,,,,,,,,,,,
,,,,,,,,,,,,,,,,,,2023,11/14/2023,$                                                    320.49,,,,,,,,,,,,4.65,,,,,,,,,,,0,,,,,,,,,,,,,,
,,,,,,,,,,,,,,,,,,2023,11/15/2023,$                                                    325.50,,,,,,,,,,,,4.65,,,,,,,,,,,0,,,,,,,,,,,,,,
,,,,,,,,,,,,,,,,,,2023,11/16/2023,$                                                    327.32,,,,,,,,,,,,4.65,,,,,,,,,,,0,,,,,,,,,,,,,,
,,,,,,,,,,,,,,,,,,2023,11/17/2023,$                                                    327.83,,,,,,,,,,,,4.65,,,,,,,,,,,0,,,,,,,,,,,,,,
,,,,,,,,,,,,,,,,,,2023,11/20/2023,$                                                    330.90,,,,,,,,,,,,4.65,,,,,,,,,,,0,,,,,,,,,,,,,,
,,,,,,,,,,,,,,,,,,2023,11/21/2023,$                                                    330.26,,,,,,,,,,,,4.65,,,,,,,,,,,0,,,,,,,,,,,,,,
,,,,,,,,,,,,,,,,,,2023,11/22/2023,$                                                     333.13,,,,,,,,,,,,4.65,,,,,,,,,,,0,,,,,,,,,,,,,,
,,,,,,,,,,,,,,,,,,2023,11/24/2023,$                                                    334.04,,,,,,,,,,,,4.65,,,,,,,,,,,0,,,,,,,,,,,,,,
,,,,,,,,,,,,,,,,,,2023,11/27/2023,$                                                    332.43,,,,,,,,,,,,4.65,,,,,,,,,,,0,,,,,,,,,,,,,,
,,,,,,,,,,,,,,,,,,2023,11/28/2023,$                                                    332.56,,,,,,,,,,,,4.65,,,,,,,,,,,0,,,,,,,,,,,,,,
,,,,,,,,,,,,,,,,,,2023,11/29/2023,$                                                    333.34,,,,,,,,,,,,4.65,,,,,,,,,,,0,,,,,,,,,,,,,,
,,,,,,,,,,,,,,,,,,2023,11/30/2023,$                                                     333.14,,,,,,,,,,,,4.65,,,,,,,,,,,0,,,,,,,,,,,,,,
,,,,,,,,,,,,,,,,,,2023,12/1/2023,$                                                    338.06,,,,,,,,,,,,4.65,,,,,,,,,,,0,,,,,,,,,,,,,,
,,,,,,,,,,,,,,,,,,2023,12/4/2023,$                                                    336.43,,,,,,,,,,,,4.65,,,,,,,,,,,0,,,,,,,,,,,,,,
,,,,,,,,,,,,,,,,,,2023,12/5/2023,$                                                    335.83,,,,,,,,,,,,4.65,,,,,,,,,,,0,,,,,,,,,,,,,,
,,,,,,,,,,,,,,,,,,2023,12/6/2023,$                                                     335.41,,,,,,,,,,,,4.65,,,,,,,,,,,0,,,,,,,,,,,,,,
,,,,,,,,,,,,,,,,,,2023,12/7/2023,$                                                     335.10,,,,,,,,,,,,4.65,,,,,,,,,,,0,,,,,,,,,,,,,,
,,,,,,,,,,,,,,,,,,2023,12/8/2023,$                                                    337.23,,,,,,,,,,,,4.65,,,,,,,,,,,0,,,,,,,,,,,,,,
,,,,,,,,,,,,,,,,,,2023,12/11/2023,$                                                     342.31,,,,,,,,,,,,4.65,,,,,,,,,,,0,,,,,,,,,,,,,,
,,,,,,,,,,,,,,,,,,2023,12/12/2023,$                                                    343.22,,,,,,,,,,,,4.65,,,,,,,,,,,0,,,,,,,,,,,,,,
,,,,,,,,,,,,,,,,,,2023,12/13/2023,$                                                    343.64,,,,,,,,,,,,4.65,,,,,,,,,,,0,,,,,,,,,,,,,,
,,,,,,,,,,,,,,,,,,2023,12/14/2023,$                                                    342.73,,,,,,,,,,,,4.65,,,,,,,,,,,0,,,,,,,,,,,,,,
,,,,,,,,,,,,,,,,,,2023,12/15/2023,$                                                     344.15,,,,,,,,,,,,4.65,,,,,,,,,,,0,,,,,,,,,,,,,,
,,,,,,,,,,,,,,,,,,2023,12/18/2023,$                                                     341.85,,,,,,,,,,,,4.65,,,,,,,,,,,0,,,,,,,,,,,,,,
,,,,,,,,,,,,,,,,,,2023,12/19/2023,$                                                      341.51,,,,,,,,,,,,4.65,,,,,,,,,,,0,,,,,,,,,,,,,,
,,,,,,,,,,,,,,,,,,2023,12/20/2023,$                                                    339.50,,,,,,,,,,,,4.65,,,,,,,,,,,0,,,,,,,,,,,,,,
,,,,,,,,,,,,,,,,,,2023,12/21/2023,$                                                    348.75,,,,,,,,,,,,4.65,,,,,,,,,,,0,,,,,,,,,,,,,,
,,,,,,,,,,,,,,,,,,2023,12/22/2023,$                                                    354.45,,,,,,,,,,,,4.65,,,,,,,,,,,0,,,,,,,,,,,,,,
,,,,,,,,,,,,,,,,,,2023,12/26/2023,$                                                    353.43,,,,,,,,,,,,4.65,,,,,,,,,,,0,,,,,,,,,,,,,,
,,,,,,,,,,,,,,,,,,2023,12/27/2023,$                                                    353.82,,,,,,,,,,,,4.65,,,,,,,,,,,0,,,,,,,,,,,,,,
,,,,,,,,,,,,,,,,,,2023,12/28/2023,$                                                     351.59,,,,,,,,,,,,4.65,,,,,,,,,,,0,,,,,,,,,,,,,,
,,,,,,,,,,,,,,,,,,2023,12/29/2023,$                                                     350.91,,,,,,,,,,,,4.65,,,,,,,,,,,0,,,,,,,,,,,,,,
,,,,,,,,,,,,,,,,,,2024,1/2/2024,$                                                    346.92,,,,,,,,,,,,5.16,,,,,,,,,,,0,,,,,,,,,,,,,,
,,,,,,,,,,,,,,,,,,2024,1/3/2024,$                                                    337.92,,,,,,,,,,,,5.16,,,,,,,,,,,0,,,,,,,,,,,,,,
,,,,,,,,,,,,,,,,,,2024,1/4/2024,$                                                    337.09,,,,,,,,,,,,5.16,,,,,,,,,,,0,,,,,,,,,,,,,,
,,,,,,,,,,,,,,,,,,2024,1/5/2024,$                                                    336.62,,,,,,,,,,,,5.16,,,,,,,,,,,0,,,,,,,,,,,,,,
,,,,,,,,,,,,,,,,,,2024,1/8/2024,$                                                    340.35,,,,,,,,,,,,5.16,,,,,,,,,,,0,,,,,,,,,,,,,,
,,,,,,,,,,,,,,,,,,2024,1/9/2024,$                                                    342.75,,,,,,,,,,,,5.16,,,,,,,,,,,0,,,,,,,,,,,,,,
,,,,,,,,,,,,,,,,,,2024,1/10/2024,$                                                    345.33,,,,,,,,,,,,5.16,,,,,,,,,,,0,,,,,,,,,,,,,,
,,,,,,,,,,,,,,,,,,2024,1/11/2024,$                                                    347.97,,,,,,,,,,,,5.16,,,,,,,,,,,0,,,,,,,,,,,,,,
,,,,,,,,,,,,,,,,,,2024,1/12/2024,$                                                    356.33,,,,,,,,,,,,5.16,,,,,,,,,,,0,,,,,,,,,,,,,,
,,,,,,,,,,,,,,,,,,2024,1/16/2024,$                                                    354.56,,,,,,,,,,,,5.16,,,,,,,,,,,0,,,,,,,,,,,,,,
,,,,,,,,,,,,,,,,,,2024,1/17/2024,$                                                    353.65,,,,,,,,,,,,5.16,,,,,,,,,,,0,,,,,,,,,,,,,,
,,,,,,,,,,,,,,,,,,2024,1/18/2024,$                                                    359.55,,,,,,,,,,,,5.16,,,,,,,,,,,0,,,,,,,,,,,,,,
,,,,,,,,,,,,,,,,,,2024,1/19/2024,$                                                    363.90,,,,,,,,,,,,5.16,,,,,,,,,,,0,,,,,,,,,,,,,,
,,,,,,,,,,,,,,,,,,2024,1/22/2024,$                                                     367.21,,,,,,,,,,,,5.16,,,,,,,,,,,0,,,,,,,,,,,,,,
,,,,,,,,,,,,,,,,,,2024,1/23/2024,$                                                    369.86,,,,,,,,,,,,5.16,,,,,,,,,,,0,,,,,,,,,,,,,,
,,,,,,,,,,,,,,,,,,2024,1/24/2024,$                                                    368.90,,,,,,,,,,,,5.16,,,,,,,,,,,0,,,,,,,,,,,,,,
,,,,,,,,,,,,,,,,,,2024,1/25/2024,$                                                     371.94,,,,,,,,,,,,5.16,,,,,,,,,,,0,,,,,,,,,,,,,,
,,,,,,,,,,,,,,,,,,2024,1/26/2024,$                                                     371.07,,,,,,,,,,,,5.16,,,,,,,,,,,0,,,,,,,,,,,,,,
,,,,,,,,,,,,,,,,,,2024,1/29/2024,$                                                    373.35,,,,,,,,,,,,5.16,,,,,,,,,,,0,,,,,,,,,,,,,,
,,,,,,,,,,,,,,,,,,2024,1/30/2024,$                                                     371.30,,,,,,,,,,,,5.16,,,,,,,,,,,0,,,,,,,,,,,,,,
,,,,,,,,,,,,,,,,,,2024,1/31/2024,$                                                    363.88,,,,,,,,,,,,5.16,,,,,,,,,,,0,,,,,,,,,,,,,,
,,,,,,,,,,,,,,,,,,2024,2/1/2024,$                                                     370.91,,,,,,,,,,,,5.16,,,,,,,,,,,0,,,,,,,,,,,,,,
,,,,,,,,,,,,,,,,,,2024,2/2/2024,$                                                    372.95,,,,,,,,,,,,5.16,,,,,,,,,,,0,,,,,,,,,,,,,,
,,,,,,,,,,,,,,,,,,2024,2/5/2024,$                                                    370.34,,,,,,,,,,,,5.16,,,,,,,,,,,0,,,,,,,,,,,,,,
,,,,,,,,,,,,,,,,,,2024,2/6/2024,$                                                    364.70,,,,,,,,,,,,5.16,,,,,,,,,,,0,,,,,,,,,,,,,,
,,,,,,,,,,,,,,,,,,2024,2/7/2024,$                                                    366.65,,,,,,,,,,,,5.16,,,,,,,,,,,0,,,,,,,,,,,,,,
,,,,,,,,,,,,,,,,,,2024,2/8/2024,$                                                    368.48,,,,,,,,,,,,5.16,,,,,,,,,,,0,,,,,,,,,,,,,,
,,,,,,,,,,,,,,,,,,2024,2/9/2024,$                                                     371.67,,,,,,,,,,,,5.16,,,,,,,,,,,0,,,,,,,,,,,,,,
,,,,,,,,,,,,,,,,,,2024,2/12/2024,$                                                    367.43,,,,,,,,,,,,5.16,,,,,,,,,,,0,,,,,,,,,,,,,,
,,,,,,,,,,,,,,,,,,2024,2/13/2024,$                                                     362.81,,,,,,,,,,,,5.16,,,,,,,,,,,0,,,,,,,,,,,,,,
,,,,,,,,,,,,,,,,,,2024,2/14/2024,$                                                    370.98,,,,,,,,,,,,5.16,,,,,,,,,,,0,,,,,,,,,,,,,,
,,,,,,,,,,,,,,,,,,2024,2/15/2024,$                                                      371.51,,,,,,,,,,,,5.16,,,,,,,,,,,0,,,,,,,,,,,,,,
,,,,,,,,,,,,,,,,,,2024,2/16/2024,$                                                    369.48,,,,,,,,,,,,5.16,,,,,,,,,,,0,,,,,,,,,,,,,,
,,,,,,,,,,,,,,,,,,2024,2/20/2024,$                                                    362.95,,,,,,,,,,,,5.16,,,,,,,,,,,0,,,,,,,,,,,,,,
,,,,,,,,,,,,,,,,,,2024,2/21/2024,$                                                     360.91,,,,,,,,,,,,5.16,,,,,,,,,,,0,,,,,,,,,,,,,,
,,,,,,,,,,,,,,,,,,2024,2/22/2024,$                                                      371.31,,,,,,,,,,,,5.16,,,,,,,,,,,0,,,,,,,,,,,,,,
,,,,,,,,,,,,,,,,,,2024,2/23/2024,$                                                    377.32,,,,,,,,,,,,5.16,,,,,,,,,,,0,,,,,,,,,,,,,,
,,,,,,,,,,,,,,,,,,2024,2/26/2024,$                                                    377.48,,,,,,,,,,,,5.16,,,,,,,,,,,0,,,,,,,,,,,,,,
,,,,,,,,,,,,,,,,,,2024,2/27/2024,$                                                     377.91,,,,,,,,,,,,5.16,,,,,,,,,,,0,,,,,,,,,,,,,,
,,,,,,,,,,,,,,,,,,2024,2/28/2024,$                                                    378.03,,,,,,,,,,,,5.16,,,,,,,,,,,0,,,,,,,,,,,,,,
,,,,,,,,,,,,,,,,,,2024,2/29/2024,$                                                    374.78,,,,,,,,,,,,5.16,,,,,,,,,,,0,,,,,,,,,,,,,,
,,,,,,,,,,,,,,,,,,2024,3/1/2024,$                                                    380.99,,,,,,,,,,,,5.16,,,,,,,,,,,0,,,,,,,,,,,,,,
,,,,,,,,,,,,,,,,,,2024,3/4/2024,$                                                     383.71,,,,,,,,,,,,5.16,,,,,,,,,,,0,,,,,,,,,,,,,,
,,,,,,,,,,,,,,,,,,2024,3/5/2024,$                                                    376.88,,,,,,,,,,,,5.16,,,,,,,,,,,0,,,,,,,,,,,,,,
,,,,,,,,,,,,,,,,,,2024,3/6/2024,$                                                    380.83,,,,,,,,,,,,5.16,,,,,,,,,,,0,,,,,,,,,,,,,,
,,,,,,,,,,,,,,,,,,2024,3/7/2024,$                                                     386.91,,,,,,,,,,,,5.16,,,,,,,,,,,0,,,,,,,,,,,,,,
,,,,,,,,,,,,,,,,,,2024,3/8/2024,$                                                     378.17,,,,,,,,,,,,5.16,,,,,,,,,,,0,,,,,,,,,,,,,,
,,,,,,,,,,,,,,,,,,2024,3/11/2024,$                                                    373.22,,,,,,,,,,,,5.16,,,,,,,,,,,0,,,,,,,,,,,,,,
,,,,,,,,,,,,,,,,,,2024,3/12/2024,$                                                    380.48,,,,,,,,,,,,5.16,,,,,,,,,,,0,,,,,,,,,,,,,,
,,,,,,,,,,,,,,,,,,2024,3/13/2024,$                                                    378.72,,,,,,,,,,,,5.16,,,,,,,,,,,0,,,,,,,,,,,,,,
,,,,,,,,,,,,,,,,,,2024,3/14/2024,$                                                     378.21,,,,,,,,,,,,5.16,,,,,,,,,,,0,,,,,,,,,,,,,,
,,,,,,,,,,,,,,,,,,2024,3/15/2024,$                                                    374.60,,,,,,,,,,,,5.16,,,,,,,,,,,0,,,,,,,,,,,,,,
,,,,,,,,,,,,,,,,,,2024,3/18/2024,$                                                    372.67,,,,,,,,,,,,5.16,,,,,,,,,,,0,,,,,,,,,,,,,,
,,,,,,,,,,,,,,,,,,2024,3/19/2024,$                                                    378.08,,,,,,,,,,,,5.16,,,,,,,,,,,0,,,,,,,,,,,,,,
,,,,,,,,,,,,,,,,,,2024,3/20/2024,$                                                    380.44,,,,,,,,,,,,5.16,,,,,,,,,,,0,,,,,,,,,,,,,,
,,,,,,,,,,,,,,,,,,2024,3/21/2024,$                                                    345.03,,,,,,,,,,,,5.16,,,,,,,,,,,0,,,,,,,,,,,,,,
,,,,,,,,,,,,,,,,,,2024,3/22/2024,$                                                    337.50,,,,,,,,,,,,5.16,,,,,,,,,,,0,,,,,,,,,,,,,,
,,,,,,,,,,,,,,,,,,2024,3/25/2024,$                                                    333.82,,,,,,,,,,,,5.16,,,,,,,,,,,0,,,,,,,,,,,,,,
,,,,,,,,,,,,,,,,,,2024,3/26/2024,$                                                    336.39,,,,,,,,,,,,5.16,,,,,,,,,,,0,,,,,,,,,,,,,,
,,,,,,,,,,,,,,,,,,2024,3/27/2024,$                                                    340.94,,,,,,,,,,,,5.16,,,,,,,,,,,0,,,,,,,,,,,,,,
,,,,,,,,,,,,,,,,,,2024,3/28/2024,$                                                     346.61,,,,,,,,,,,,5.16,,,,,,,,,,,0,,,,,,,,,,,,,,
,,,,,,,,,,,,,,,,,,2024,4/1/2024,$                                                     339.17,,,,,,,,,,,,5.16,,,,,,,,,,,0,,,,,,,,,,,,,,
,,,,,,,,,,,,,,,,,,2024,4/2/2024,$                                                    336.46,,,,,,,,,,,,5.16,,,,,,,,,,,0,,,,,,,,,,,,,,
,,,,,,,,,,,,,,,,,,2024,4/3/2024,$                                                    332.28,,,,,,,,,,,,5.16,,,,,,,,,,,0,,,,,,,,,,,,,,
,,,,,,,,,,,,,,,,,,2024,4/4/2024,$                                                    330.47,,,,,,,,,,,,5.16,,,,,,,,,,,0,,,,,,,,,,,,,,
,,,,,,,,,,,,,,,,,,2024,4/5/2024,$                                                    333.00,,,,,,,,,,,,5.16,,,,,,,,,,,0,,,,,,,,,,,,,,
,,,,,,,,,,,,,,,,,,2024,4/8/2024,$                                                     331.80,,,,,,,,,,,,5.16,,,,,,,,,,,0,,,,,,,,,,,,,,
,,,,,,,,,,,,,,,,,,2024,4/9/2024,$                                                    334.45,,,,,,,,,,,,5.16,,,,,,,,,,,0,,,,,,,,,,,,,,
,,,,,,,,,,,,,,,,,,2024,4/10/2024,$                                                    324.40,,,,,,,,,,,,5.16,,,,,,,,,,,0,,,,,,,,,,,,,,
,,,,,,,,,,,,,,,,,,2024,4/11/2024,$                                                     325.19,,,,,,,,,,,,5.16,,,,,,,,,,,0,,,,,,,,,,,,,,
,,,,,,,,,,,,,,,,,,2024,4/12/2024,$                                                     315.40,,,,,,,,,,,,5.16,,,,,,,,,,,0,,,,,,,,,,,,,,
,,,,,,,,,,,,,,,,,,2024,4/15/2024,$                                                     313.27,,,,,,,,,,,,5.16,,,,,,,,,,,0,,,,,,,,,,,,,,
,,,,,,,,,,,,,,,,,,2024,4/16/2024,$                                                     313.94,,,,,,,,,,,,5.16,,,,,,,,,,,0,,,,,,,,,,,,,,
,,,,,,,,,,,,,,,,,,2024,4/17/2024,$                                                     314.54,,,,,,,,,,,,5.16,,,,,,,,,,,0,,,,,,,,,,,,,,
,,,,,,,,,,,,,,,,,,2024,4/18/2024,$                                                     316.00,,,,,,,,,,,,5.16,,,,,,,,,,,0,,,,,,,,,,,,,,
,,,,,,,,,,,,,,,,,,2024,4/19/2024,$                                                     316.88,,,,,,,,,,,,5.16,,,,,,,,,,,0,,,,,,,,,,,,,,
,,,,,,,,,,,,,,,,,,2024,4/22/2024,$                                                     317.42,,,,,,,,,,,,5.16,,,,,,,,,,,0,,,,,,,,,,,,,,
,,,,,,,,,,,,,,,,,,2024,4/23/2024,$                                                     316.83,,,,,,,,,,,,5.16,,,,,,,,,,,0,,,,,,,,,,,,,,
,,,,,,,,,,,,,,,,,,2024,4/24/2024,$                                                     313.54,,,,,,,,,,,,5.16,,,,,,,,,,,0,,,,,,,,,,,,,,
,,,,,,,,,,,,,,,,,,2024,4/25/2024,$                                                    309.00,,,,,,,,,,,,5.16,,,,,,,,,,,0,,,,,,,,,,,,,,
,,,,,,,,,,,,,,,,,,2024,4/26/2024,$                                                     308.01,,,,,,,,,,,,5.16,,,,,,,,,,,0,,,,,,,,,,,,,,
,,,,,,,,,,,,,,,,,,2024,4/29/2024,$                                                     303.16,,,,,,,,,,,,5.16,,,,,,,,,,,0,,,,,,,,,,,,,,
,,,,,,,,,,,,,,,,,,2024,4/30/2024,$                                                     300.91,,,,,,,,,,,,5.16,,,,,,,,,,,0,,,,,,,,,,,,,,
,,,,,,,,,,,,,,,,,,2024,5/1/2024,$                                                    298.66,,,,,,,,,,,,5.16,,,,,,,,,,,0,,,,,,,,,,,,,,
,,,,,,,,,,,,,,,,,,2024,5/2/2024,$                                                    300.34,,,,,,,,,,,,5.16,,,,,,,,,,,0,,,,,,,,,,,,,,
,,,,,,,,,,,,,,,,,,2024,5/3/2024,$                                                     303.71,,,,,,,,,,,,5.16,,,,,,,,,,,0,,,,,,,,,,,,,,
,,,,,,,,,,,,,,,,,,2024,5/6/2024,$                                                    306.06,,,,,,,,,,,,5.16,,,,,,,,,,,0,,,,,,,,,,,,,,
,,,,,,,,,,,,,,,,,,2024,5/7/2024,$                                                     310.66,,,,,,,,,,,,5.16,,,,,,,,,,,0,,,,,,,,,,,,,,
,,,,,,,,,,,,,,,,,,2024,5/8/2024,$                                                      311.99,,,,,,,,,,,,5.16,,,,,,,,,,,0,,,,,,,,,,,,,,
,,,,,,,,,,,,,,,,,,2024,5/9/2024,$                                                     306.61,,,,,,,,,,,,5.16,,,,,,,,,,,0,,,,,,,,,,,,,,
,,,,,,,,,,,,,,,,,,2024,5/10/2024,$                                                    306.33,,,,,,,,,,,,5.16,,,,,,,,,,,0,,,,,,,,,,,,,,
,,,,,,,,,,,,,,,,,,2024,5/13/2024,$                                                     307.41,,,,,,,,,,,,5.16,,,,,,,,,,,0,,,,,,,,,,,,,,
,,,,,,,,,,,,,,,,,,2024,5/14/2024,$                                                    306.95,,,,,,,,,,,,5.16,,,,,,,,,,,0,,,,,,,,,,,,,,
,,,,,,,,,,,,,,,,,,2024,5/15/2024,$                                                    308.52,,,,,,,,,,,,5.16,,,,,,,,,,,0,,,,,,,,,,,,,,
,,,,,,,,,,,,,,,,,,2024,5/16/2024,$                                                    308.00,,,,,,,,,,,,5.16,,,,,,,,,,,0,,,,,,,,,,,,,,
,,,,,,,,,,,,,,,,,,2024,5/17/2024,$                                                    303.59,,,,,,,,,,,,5.16,,,,,,,,,,,0,,,,,,,,,,,,,,
,,,,,,,,,,,,,,,,,,2024,5/20/2024,$                                                    305.70,,,,,,,,,,,,5.16,,,,,,,,,,,0,,,,,,,,,,,,,,
,,,,,,,,,,,,,,,,,,2024,5/21/2024,$                                                    303.64,,,,,,,,,,,,5.16,,,,,,,,,,,0,,,,,,,,,,,,,,
,,,,,,,,,,,,,,,,,,2024,5/22/2024,$                                                      307.11,,,,,,,,,,,,5.16,,,,,,,,,,,0,,,,,,,,,,,,,,
,,,,,,,,,,,,,,,,,,2024,5/23/2024,$                                                    305.93,,,,,,,,,,,,5.16,,,,,,,,,,,0,,,,,,,,,,,,,,
,,,,,,,,,,,,,,,,,,2024,5/24/2024,$                                                    300.99,,,,,,,,,,,,5.16,,,,,,,,,,,0,,,,,,,,,,,,,,
,,,,,,,,,,,,,,,,,,2024,5/28/2024,$                                                    297.73,,,,,,,,,,,,5.16,,,,,,,,,,,0,,,,,,,,,,,,,,
,,,,,,,,,,,,,,,,,,2024,5/29/2024,$                                                    293.77,,,,,,,,,,,,5.16,,,,,,,,,,,0,,,,,,,,,,,,,,
,,,,,,,,,,,,,,,,,,2024,5/30/2024,$                                                    284.80,,,,,,,,,,,,5.16,,,,,,,,,,,0,,,,,,,,,,,,,,
,,,,,,,,,,,,,,,,,,2024,5/31/2024,$                                                    282.29,,,,,,,,,,,,5.16,,,,,,,,,,,0,,,,,,,,,,,,,,
,,,,,,,,,,,,,,,,,,2024,6/3/2024,$                                                     281.76,,,,,,,,,,,,5.16,,,,,,,,,,,0,,,,,,,,,,,,,,
,,,,,,,,,,,,,,,,,,2024,6/4/2024,$                                                    288.06,,,,,,,,,,,,5.16,,,,,,,,,,,0,,,,,,,,,,,,,,
,,,,,,,,,,,,,,,,,,2024,6/5/2024,$                                                     291.02,,,,,,,,,,,,5.16,,,,,,,,,,,0,,,,,,,,,,,,,,
,,,,,,,,,,,,,,,,,,2024,6/6/2024,$                                                     291.74,,,,,,,,,,,,5.16,,,,,,,,,,,0,,,,,,,,,,,,,,
,,,,,,,,,,,,,,,,,,2024,6/7/2024,$                                                    288.40,,,,,,,,,,,,5.16,,,,,,,,,,,0,,,,,,,,,,,,,,
,,,,,,,,,,,,,,,,,,2024,6/10/2024,$                                                    290.43,,,,,,,,,,,,5.16,,,,,,,,,,,0,,,,,,,,,,,,,,
,,,,,,,,,,,,,,,,,,2024,6/11/2024,$                                                    294.22,,,,,,,,,,,,5.16,,,,,,,,,,,0,,,,,,,,,,,,,,
,,,,,,,,,,,,,,,,,,2024,6/12/2024,$                                                    285.73,,,,,,,,,,,,5.16,,,,,,,,,,,0,,,,,,,,,,,,,,
,,,,,,,,,,,,,,,,,,2024,6/13/2024,$                                                    282.32,,,,,,,,,,,,5.16,,,,,,,,,,,0,,,,,,,,,,,,,,
,,,,,,,,,,,,,,,,,,2024,6/14/2024,$                                                     286.71,,,,,,,,,,,,5.16,,,,,,,,,,,0,,,,,,,,,,,,,,
,,,,,,,,,,,,,,,,,,2024,6/17/2024,$                                                    285.53,,,,,,,,,,,,5.16,,,,,,,,,,,0,,,,,,,,,,,,,,
,,,,,,,,,,,,,,,,,,2024,6/18/2024,$                                                    285.35,,,,,,,,,,,,5.16,,,,,,,,,,,0,,,,,,,,,,,,,,
,,,,,,,,,,,,,,,,,,2024,6/20/2024,$                                                     306.16,,,,,,,,,,,,5.16,,,,,,,,,,,0,,,,,,,,,,,,,,
,,,,,,,,,,,,,,,,,,2024,6/21/2024,$                                                    308.98,,,,,,,,,,,,5.16,,,,,,,,,,,0,,,,,,,,,,,,,,
,,,,,,,,,,,,,,,,,,2024,6/24/2024,$                                                     307.21,,,,,,,,,,,,5.16,,,,,,,,,,,0,,,,,,,,,,,,,,
,,,,,,,,,,,,,,,,,,2024,6/25/2024,$                                                     307.17,,,,,,,,,,,,5.16,,,,,,,,,,,0,,,,,,,,,,,,,,
,,,,,,,,,,,,,,,,,,2024,6/26/2024,$                                                    304.62,,,,,,,,,,,,5.16,,,,,,,,,,,0,,,,,,,,,,,,,,
,,,,,,,,,,,,,,,,,,2024,6/27/2024,$                                                     303.19,,,,,,,,,,,,5.16,,,,,,,,,,,0,,,,,,,,,,,,,,
,,,,,,,,,,,,,,,,,,2024,6/28/2024,$                                                     303.41,,,,,,,,,,,,5.16,,,,,,,,,,,0,,,,,,,,,,,,,,
,,,,,,,,,,,,,,,,,,2024,7/1/2024,$                                                    302.55,,,,,,,,,,,,5.16,,,,,,,,,,,0,,,,,,,,,,,,,,
,,,,,,,,,,,,,,,,,,2024,7/2/2024,$                                                    303.83,,,,,,,,,,,,5.16,,,,,,,,,,,0,,,,,,,,,,,,,,
,,,,,,,,,,,,,,,,,,2024,7/3/2024,$                                                    305.75,,,,,,,,,,,,5.16,,,,,,,,,,,0,,,,,,,,,,,,,,
,,,,,,,,,,,,,,,,,,2024,7/5/2024,$                                                     299.14,,,,,,,,,,,,5.16,,,,,,,,,,,0,,,,,,,,,,,,,,
,,,,,,,,,,,,,,,,,,2024,7/8/2024,$                                                    299.47,,,,,,,,,,,,5.16,,,,,,,,,,,0,,,,,,,,,,,,,,
,,,,,,,,,,,,,,,,,,2024,7/9/2024,$                                                    298.06,,,,,,,,,,,,5.16,,,,,,,,,,,0,,,,,,,,,,,,,,
,,,,,,,,,,,,,,,,,,2024,7/10/2024,$                                                    295.44,,,,,,,,,,,,5.16,,,,,,,,,,,0,,,,,,,,,,,,,,
,,,,,,,,,,,,,,,,,,2024,7/11/2024,$                                                    297.99,,,,,,,,,,,,5.16,,,,,,,,,,,0,,,,,,,,,,,,,,
,,,,,,,,,,,,,,,,,,2024,7/12/2024,$                                                     310.63,,,,,,,,,,,,5.16,,,,,,,,,,,0,,,,,,,,,,,,,,
,,,,,,,,,,,,,,,,,,2024,7/15/2024,$                                                     317.87,,,,,,,,,,,,5.16,,,,,,,,,,,0,,,,,,,,,,,,,,
,,,,,,,,,,,,,,,,,,2024,7/16/2024,$                                                    325.00,,,,,,,,,,,,5.16,,,,,,,,,,,0,,,,,,,,,,,,,,
,,,,,,,,,,,,,,,,,,2024,7/17/2024,$                                                    325.60,,,,,,,,,,,,5.16,,,,,,,,,,,0,,,,,,,,,,,,,,
,,,,,,,,,,,,,,,,,,2024,7/18/2024,$                                                     328.10,,,,,,,,,,,,5.16,,,,,,,,,,,0,,,,,,,,,,,,,,
,,,,,,,,,,,,,,,,,,2024,7/19/2024,$                                                     329.19,,,,,,,,,,,,5.16,,,,,,,,,,,0,,,,,,,,,,,,,,
,,,,,,,,,,,,,,,,,,2024,7/22/2024,$                                                      331.51,,,,,,,,,,,,5.16,,,,,,,,,,,0,,,,,,,,,,,,,,
,,,,,,,,,,,,,,,,,,2024,7/23/2024,$                                                    330.33,,,,,,,,,,,,5.16,,,,,,,,,,,0,,,,,,,,,,,,,,
,,,,,,,,,,,,,,,,,,2024,7/24/2024,$                                                    328.68,,,,,,,,,,,,5.16,,,,,,,,,,,0,,,,,,,,,,,,,,
,,,,,,,,,,,,,,,,,,2024,7/25/2024,$                                                     330.12,,,,,,,,,,,,5.16,,,,,,,,,,,0,,,,,,,,,,,,,,
,,,,,,,,,,,,,,,,,,2024,7/26/2024,$                                                    328.46,,,,,,,,,,,,5.16,,,,,,,,,,,0,,,,,,,,,,,,,,
,,,,,,,,,,,,,,,,,,2024,7/29/2024,$                                                    326.20,,,,,,,,,,,,5.16,,,,,,,,,,,0,,,,,,,,,,,,,,
,,,,,,,,,,,,,,,,,,2024,7/30/2024,$                                                    329.20,,,,,,,,,,,,5.16,,,,,,,,,,,0,,,,,,,,,,,,,,
,,,,,,,,,,,,,,,,,,2024,7/31/2024,$                                                    330.62,,,,,,,,,,,,5.16,,,,,,,,,,,0,,,,,,,,,,,,,,
,,,,,,,,,,,,,,,,,,2024,8/1/2024,$                                                    328.08,,,,,,,,,,,,5.16,,,,,,,,,,,0,,,,,,,,,,,,,,
,,,,,,,,,,,,,,,,,,2024,8/2/2024,$                                                     323.15,,,,,,,,,,,,5.16,,,,,,,,,,,0,,,,,,,,,,,,,,
,,,,,,,,,,,,,,,,,,2024,8/5/2024,$                                                     313.74,,,,,,,,,,,,5.16,,,,,,,,,,,0,,,,,,,,,,,,,,
,,,,,,,,,,,,,,,,,,2024,8/6/2024,$                                                     318.68,,,,,,,,,,,,5.16,,,,,,,,,,,0,,,,,,,,,,,,,,
,,,,,,,,,,,,,,,,,,2024,8/7/2024,$                                                     318.02,,,,,,,,,,,,5.16,,,,,,,,,,,0,,,,,,,,,,,,,,
,,,,,,,,,,,,,,,,,,2024,8/8/2024,$                                                     315.88,,,,,,,,,,,,5.16,,,,,,,,,,,0,,,,,,,,,,,,,,
,,,,,,,,,,,,,,,,,,2024,8/9/2024,$                                                     315.83,,,,,,,,,,,,5.16,,,,,,,,,,,0,,,,,,,,,,,,,,
,,,,,,,,,,,,,,,,,,2024,8/12/2024,$                                                     313.96,,,,,,,,,,,,5.16,,,,,,,,,,,0,,,,,,,,,,,,,,
,,,,,,,,,,,,,,,,,,2024,8/13/2024,$                                                     319.33,,,,,,,,,,,,5.16,,,,,,,,,,,0,,,,,,,,,,,,,,
,,,,,,,,,,,,,,,,,,2024,8/14/2024,$                                                     319.83,,,,,,,,,,,,5.16,,,,,,,,,,,0,,,,,,,,,,,,,,
,,,,,,,,,,,,,,,,,,2024,8/15/2024,$                                                     325.13,,,,,,,,,,,,5.16,,,,,,,,,,,0,,,,,,,,,,,,,,
,,,,,,,,,,,,,,,,,,2024,8/16/2024,$                                                    326.92,,,,,,,,,,,,5.16,,,,,,,,,,,0,,,,,,,,,,,,,,
,,,,,,,,,,,,,,,,,,2024,8/19/2024,$                                                    329.44,,,,,,,,,,,,5.16,,,,,,,,,,,0,,,,,,,,,,,,,,
,,,,,,,,,,,,,,,,,,2024,8/20/2024,$                                                    330.37,,,,,,,,,,,,5.16,,,,,,,,,,,0,,,,,,,,,,,,,,
,,,,,,,,,,,,,,,,,,2024,8/21/2024,$                                                    333.60,,,,,,,,,,,,5.16,,,,,,,,,,,0,,,,,,,,,,,,,,
,,,,,,,,,,,,,,,,,,2024,8/22/2024,$                                                    330.57,,,,,,,,,,,,5.16,,,,,,,,,,,0,,,,,,,,,,,,,,
,,,,,,,,,,,,,,,,,,2024,8/23/2024,$                                                    333.27,,,,,,,,,,,,5.16,,,,,,,,,,,0,,,,,,,,,,,,,,
,,,,,,,,,,,,,,,,,,2024,8/26/2024,$                                                    336.78,,,,,,,,,,,,5.16,,,,,,,,,,,0,,,,,,,,,,,,,,
,,,,,,,,,,,,,,,,,,2024,8/27/2024,$                                                    340.38,,,,,,,,,,,,5.16,,,,,,,,,,,0,,,,,,,,,,,,,,
,,,,,,,,,,,,,,,,,,2024,8/28/2024,$                                                    337.39,,,,,,,,,,,,5.16,,,,,,,,,,,0,,,,,,,,,,,,,,
,,,,,,,,,,,,,,,,,,2024,8/29/2024,$                                                     340.21,,,,,,,,,,,,5.16,,,,,,,,,,,0,,,,,,,,,,,,,,
,,,,,,,,,,,,,,,,,,2024,8/30/2024,$                                                     341.95,,,,,,,,,,,,5.16,,,,,,,,,,,0,,,,,,,,,,,,,,
,,,,,,,,,,,,,,,,,,2024,9/3/2024,$                                                     341.88,,,,,,,,,,,,5.16,,,,,,,,,,,0,,,,,,,,,,,,,,
,,,,,,,,,,,,,,,,,,2024,9/4/2024,$                                                    343.99,,,,,,,,,,,,5.16,,,,,,,,,,,0,,,,,,,,,,,,,,
,,,,,,,,,,,,,,,,,,2024,9/5/2024,$                                                    340.93,,,,,,,,,,,,5.16,,,,,,,,,,,0,,,,,,,,,,,,,,
,,,,,,,,,,,,,,,,,,2024,9/6/2024,$                                                    339.84,,,,,,,,,,,,5.16,,,,,,,,,,,0,,,,,,,,,,,,,,
,,,,,,,,,,,,,,,,,,2024,9/9/2024,$                                                      341.81,,,,,,,,,,,,5.16,,,,,,,,,,,0,,,,,,,,,,,,,,
,,,,,,,,,,,,,,,,,,2024,9/10/2024,$                                                    347.70,,,,,,,,,,,,5.16,,,,,,,,,,,0,,,,,,,,,,,,,,
,,,,,,,,,,,,,,,,,,2024,9/11/2024,$                                                     350.31,,,,,,,,,,,,5.16,,,,,,,,,,,0,,,,,,,,,,,,,,
,,,,,,,,,,,,,,,,,,2024,9/12/2024,$                                                    349.89,,,,,,,,,,,,5.16,,,,,,,,,,,0,,,,,,,,,,,,,,
,,,,,,,,,,,,,,,,,,2024,9/13/2024,$                                                    349.58,,,,,,,,,,,,5.16,,,,,,,,,,,0,,,,,,,,,,,,,,
,,,,,,,,,,,,,,,,,,2024,9/16/2024,$                                                     354.12,,,,,,,,,,,,5.16,,,,,,,,,,,0,,,,,,,,,,,,,,
,,,,,,,,,,,,,,,,,,2024,9/17/2024,$                                                    337.04,,,,,,,,,,,,5.16,,,,,,,,,,,0,,,,,,,,,,,,,,
,,,,,,,,,,,,,,,,,,2024,9/18/2024,$                                                     336.18,,,,,,,,,,,,5.16,,,,,,,,,,,0,,,,,,,,,,,,,,
,,,,,,,,,,,,,,,,,,2024,9/19/2024,$                                                    335.24,,,,,,,,,,,,5.16,,,,,,,,,,,0,,,,,,,,,,,,,,
,,,,,,,,,,,,,,,,,,2024,9/20/2024,$                                                    336.22,,,,,,,,,,,,5.16,,,,,,,,,,,0,,,,,,,,,,,,,,
,,,,,,,,,,,,,,,,,,2024,9/23/2024,$                                                     339.21,,,,,,,,,,,,5.16,,,,,,,,,,,0,,,,,,,,,,,,,,
,,,,,,,,,,,,,,,,,,2024,9/24/2024,$                                                    339.62,,,,,,,,,,,,5.16,,,,,,,,,,,0,,,,,,,,,,,,,,
,,,,,,,,,,,,,,,,,,2024,9/25/2024,$                                                    337.05,,,,,,,,,,,,5.16,,,,,,,,,,,0,,,,,,,,,,,,,,
,,,,,,,,,,,,,,,,,,2024,9/26/2024,$                                                     355.81,,,,,,,,,,,,5.16,,,,,,,,,,,0,,,,,,,,,,,,,,
,,,,,,,,,,,,,,,,,,2024,9/27/2024,$                                                    349.70,,,,,,,,,,,,5.16,,,,,,,,,,,0,,,,,,,,,,,,,,
,,,,,,,,,,,,,,,,,,2024,9/30/2024,$                                                    353.48,,,,,,,,,,,,5.16,,,,,,,,,,,0,,,,,,,,,,,,,,
,,,,,,,,,,,,,,,,,,2024,10/1/2024,$                                                     351.98,,,,,,,,,,,,5.16,,,,,,,,,,,0,,,,,,,,,,,,,,
,,,,,,,,,,,,,,,,,,2024,10/2/2024,$                                                    356.29,,,,,,,,,,,,5.16,,,,,,,,,,,0,,,,,,,,,,,,,,
,,,,,,,,,,,,,,,,,,2024,10/3/2024,$                                                     361.24,,,,,,,,,,,,5.16,,,,,,,,,,,0,,,,,,,,,,,,,,
,,,,,,,,,,,,,,,,,,2024,10/4/2024,$                                                    362.24,,,,,,,,,,,,5.16,,,,,,,,,,,0,,,,,,,,,,,,,,
,,,,,,,,,,,,,,,,,,2024,10/7/2024,$                                                    356.80,,,,,,,,,,,,5.16,,,,,,,,,,,0,,,,,,,,,,,,,,
,,,,,,,,,,,,,,,,,,2024,10/8/2024,$                                                    360.38,,,,,,,,,,,,5.16,,,,,,,,,,,0,,,,,,,,,,,,,,
,,,,,,,,,,,,,,,,,,2024,10/9/2024,$                                                    365.08,,,,,,,,,,,,5.16,,,,,,,,,,,0,,,,,,,,,,,,,,
,,,,,,,,,,,,,,,,,,2024,10/10/2024,$                                                     361.07,,,,,,,,,,,,5.16,,,,,,,,,,,0,,,,,,,,,,,,,,
,,,,,,,,,,,,,,,,,,2024,10/11/2024,$                                                    360.74,,,,,,,,,,,,5.16,,,,,,,,,,,0,,,,,,,,,,,,,,
,,,,,,,,,,,,,,,,,,2024,10/14/2024,$                                                    364.60,,,,,,,,,,,,5.16,,,,,,,,,,,0,,,,,,,,,,,,,,
,,,,,,,,,,,,,,,,,,2024,10/15/2024,$                                                    368.66,,,,,,,,,,,,5.16,,,,,,,,,,,0,,,,,,,,,,,,,,
,,,,,,,,,,,,,,,,,,2024,10/16/2024,$                                                    372.26,,,,,,,,,,,,5.16,,,,,,,,,,,0,,,,,,,,,,,,,,
,,,,,,,,,,,,,,,,,,2024,10/17/2024,$                                                     375.15,,,,,,,,,,,,5.16,,,,,,,,,,,0,,,,,,,,,,,,,,
,,,,,,,,,,,,,,,,,,2024,10/18/2024,$                                                    376.86,,,,,,,,,,,,5.16,,,,,,,,,,,0,,,,,,,,,,,,,,
,,,,,,,,,,,,,,,,,,2024,10/21/2024,$                                                    376.03,,,,,,,,,,,,5.16,,,,,,,,,,,0,,,,,,,,,,,,,,
,,,,,,,,,,,,,,,,,,2024,10/22/2024,$                                                     371.79,,,,,,,,,,,,5.16,,,,,,,,,,,0,,,,,,,,,,,,,,
,,,,,,,,,,,,,,,,,,2024,10/23/2024,$                                                    370.63,,,,,,,,,,,,5.16,,,,,,,,,,,0,,,,,,,,,,,,,,
,,,,,,,,,,,,,,,,,,2024,10/24/2024,$                                                    364.23,,,,,,,,,,,,5.16,,,,,,,,,,,0,,,,,,,,,,,,,,
,,,,,,,,,,,,,,,,,,2024,10/25/2024,$                                                    360.80,,,,,,,,,,,,5.16,,,,,,,,,,,0,,,,,,,,,,,,,,
,,,,,,,,,,,,,,,,,,2024,10/28/2024,$                                                     361.32,,,,,,,,,,,,5.16,,,,,,,,,,,0,,,,,,,,,,,,,,
,,,,,,,,,,,,,,,,,,2024,10/29/2024,$                                                    363.04,,,,,,,,,,,,5.16,,,,,,,,,,,0,,,,,,,,,,,,,,
,,,,,,,,,,,,,,,,,,2024,10/30/2024,$                                                    346.57,,,,,,,,,,,,5.16,,,,,,,,,,,0,,,,,,,,,,,,,,
,,,,,,,,,,,,,,,,,,2024,10/31/2024,$                                                    344.82,,,,,,,,,,,,5.16,,,,,,,,,,,0,,,,,,,,,,,,,,
,,,,,,,,,,,,,,,,,,2024,11/1/2024,$                                                    345.67,,,,,,,,,,,,5.16,,,,,,,,,,,0,,,,,,,,,,,,,,
,,,,,,,,,,,,,,,,,,2024,11/4/2024,$                                                    343.90,,,,,,,,,,,,5.16,,,,,,,,,,,0,,,,,,,,,,,,,,
,,,,,,,,,,,,,,,,,,2024,11/5/2024,$                                                    345.49,,,,,,,,,,,,5.16,,,,,,,,,,,0,,,,,,,,,,,,,,
,,,,,,,,,,,,,,,,,,2024,11/6/2024,$                                                     356.13,,,,,,,,,,,,5.16,,,,,,,,,,,0,,,,,,,,,,,,,,
,,,,,,,,,,,,,,,,,,2024,11/7/2024,$                                                     360.71,,,,,,,,,,,,5.16,,,,,,,,,,,0,,,,,,,,,,,,,,
,,,,,,,,,,,,,,,,,,2024,11/8/2024,$                                                    355.53,,,,,,,,,,,,5.16,,,,,,,,,,,0,,,,,,,,,,,,,,
,,,,,,,,,,,,,,,,,,2024,11/11/2024,$                                                    357.30,,,,,,,,,,,,5.16,,,,,,,,,,,0,,,,,,,,,,,,,,
,,,,,,,,,,,,,,,,,,2024,11/12/2024,$                                                     360.61,,,,,,,,,,,,5.16,,,,,,,,,,,0,,,,,,,,,,,,,,
,,,,,,,,,,,,,,,,,,2024,11/13/2024,$                                                    370.22,,,,,,,,,,,,5.16,,,,,,,,,,,0,,,,,,,,,,,,,,
,,,,,,,,,,,,,,,,,,2024,11/14/2024,$                                                    362.07,,,,,,,,,,,,5.16,,,,,,,,,,,0,,,,,,,,,,,,,,
,,,,,,,,,,,,,,,,,,2024,11/15/2024,$                                                    353.57,,,,,,,,,,,,5.16,,,,,,,,,,,0,,,,,,,,,,,,,,
,,,,,,,,,,,,,,,,,,2024,11/18/2024,$                                                    352.79,,,,,,,,,,,,5.16,,,,,,,,,,,0,,,,,,,,,,,,,,
,,,,,,,,,,,,,,,,,,2024,11/19/2024,$                                                    353.95,,,,,,,,,,,,5.16,,,,,,,,,,,0,,,,,,,,,,,,,,
,,,,,,,,,,,,,,,,,,2024,11/20/2024,$                                                    357.07,,,,,,,,,,,,5.16,,,,,,,,,,,0,,,,,,,,,,,,,,
,,,,,,,,,,,,,,,,,,2024,11/21/2024,$                                                     361.05,,,,,,,,,,,,5.16,,,,,,,,,,,0,,,,,,,,,,,,,,
,,,,,,,,,,,,,,,,,,2024,11/22/2024,$                                                    358.66,,,,,,,,,,,,5.16,,,,,,,,,,,0,,,,,,,,,,,,,,
,,,,,,,,,,,,,,,,,,2024,11/25/2024,$                                                     361.29,,,,,,,,,,,,5.16,,,,,,,,,,,0,,,,,,,,,,,,,,
,,,,,,,,,,,,,,,,,,2024,11/26/2024,$                                                     363.18,,,,,,,,,,,,5.16,,,,,,,,,,,0,,,,,,,,,,,,,,
,,,,,,,,,,,,,,,,,,2024,11/27/2024,$                                                     362.16,,,,,,,,,,,,5.16,,,,,,,,,,,0,,,,,,,,,,,,,,
,,,,,,,,,,,,,,,,,,2024,11/29/2024,$                                                    362.37,,,,,,,,,,,,5.16,,,,,,,,,,,0,,,,,,,,,,,,,,
,,,,,,,,,,,,,,,,,,2024,12/2/2024,$                                                     361.38,,,,,,,,,,,,5.16,,,,,,,,,,,0,,,,,,,,,,,,,,
,,,,,,,,,,,,,,,,,,2024,12/3/2024,$                                                    352.54,,,,,,,,,,,,5.16,,,,,,,,,,,0,,,,,,,,,,,,,,
,,,,,,,,,,,,,,,,,,2024,12/4/2024,$                                                    360.03,,,,,,,,,,,,5.16,,,,,,,,,,,0,,,,,,,,,,,,,,
,,,,,,,,,,,,,,,,,,2024,12/5/2024,$                                                     358.13,,,,,,,,,,,,5.16,,,,,,,,,,,0,,,,,,,,,,,,,,
,,,,,,,,,,,,,,,,,,2024,12/6/2024,$                                                    362.70,,,,,,,,,,,,5.16,,,,,,,,,,,0,,,,,,,,,,,,,,
,,,,,,,,,,,,,,,,,,2024,12/9/2024,$                                                    359.50,,,,,,,,,,,,5.16,,,,,,,,,,,0,,,,,,,,,,,,,,
,,,,,,,,,,,,,,,,,,2024,12/10/2024,$                                                    362.90,,,,,,,,,,,,5.16,,,,,,,,,,,0,,,,,,,,,,,,,,
,,,,,,,,,,,,,,,,,,2024,12/11/2024,$                                                    363.84,,,,,,,,,,,,5.16,,,,,,,,,,,0,,,,,,,,,,,,,,
,,,,,,,,,,,,,,,,,,2024,12/12/2024,$                                                     360.18,,,,,,,,,,,,5.16,,,,,,,,,,,0,,,,,,,,,,,,,,
,,,,,,,,,,,,,,,,,,2024,12/13/2024,$                                                    358.68,,,,,,,,,,,,5.16,,,,,,,,,,,0,,,,,,,,,,,,,,
,,,,,,,,,,,,,,,,,,2024,12/16/2024,$                                                    357.06,,,,,,,,,,,,5.16,,,,,,,,,,,0,,,,,,,,,,,,,,
,,,,,,,,,,,,,,,,,,2024,12/17/2024,$                                                    357.30,,,,,,,,,,,,5.16,,,,,,,,,,,0,,,,,,,,,,,,,,
,,,,,,,,,,,,,,,,,,2024,12/18/2024,$                                                     347.61,,,,,,,,,,,,5.16,,,,,,,,,,,0,,,,,,,,,,,,,,
,,,,,,,,,,,,,,,,,,2024,12/19/2024,$                                                     372.16,,,,,,,,,,,,5.16,,,,,,,,,,,0,,,,,,,,,,,,,,
,,,,,,,,,,,,,,,,,,2024,12/20/2024,$                                                    366.37,,,,,,,,,,,,5.16,,,,,,,,,,,0,,,,,,,,,,,,,,
,,,,,,,,,,,,,,,,,,2024,12/23/2024,$                                                    358.77,,,,,,,,,,,,5.16,,,,,,,,,,,0,,,,,,,,,,,,,,
,,,,,,,,,,,,,,,,,,2024,12/24/2024,$                                                     361.63,,,,,,,,,,,,5.16,,,,,,,,,,,0,,,,,,,,,,,,,,
,,,,,,,,,,,,,,,,,,2024,12/26/2024,$                                                    360.43,,,,,,,,,,,,5.16,,,,,,,,,,,0,,,,,,,,,,,,,,
,,,,,,,,,,,,,,,,,,2024,12/27/2024,$                                                     356.18,,,,,,,,,,,,5.16,,,,,,,,,,,0,,,,,,,,,,,,,,
,,,,,,,,,,,,,,,,,,2024,12/30/2024,$                                                    352.49,,,,,,,,,,,,5.16,,,,,,,,,,,0,,,,,,,,,,,,,,
,,,,,,,,,,,,,,,,,,2024,12/31/2024,$                                                     351.79,,,,,,,,,,,,5.16,,,,,,,,,,,0,,,,,,,,,,,,,,
,,,,,,,,,,,,,,,,,,2025,1/2/2025,$                                                    348.82,,,,,,,,,,,,6.07,,,,,,,,,,,0,,,,,,,,,,,,,,
,,,,,,,,,,,,,,,,,,2025,1/3/2025,$                                                    353.85,,,,,,,,,,,,6.07,,,,,,,,,,,0,,,,,,,,,,,,,,
,,,,,,,,,,,,,,,,,,2025,1/6/2025,$                                                     351.33,,,,,,,,,,,,6.07,,,,,,,,,,,0,,,,,,,,,,,,,,
,,,,,,,,,,,,,,,,,,2025,1/7/2025,$                                                    356.39,,,,,,,,,,,,6.07,,,,,,,,,,,0,,,,,,,,,,,,,,
,,,,,,,,,,,,,,,,,,2025,1/8/2025,$                                                    357.73,,,,,,,,,,,,6.07,,,,,,,,,,,0,,,,,,,,,,,,,,
,,,,,,,,,,,,,,,,,,2025,1/10/2025,$                                                    349.79,,,,,,,,,,,,6.07,,,,,,,,,,,0,,,,,,,,,,,,,,
,,,,,,,,,,,,,,,,,,2025,1/13/2025,$                                                     349.14,,,,,,,,,,,,6.07,,,,,,,,,,,0,,,,,,,,,,,,,,
,,,,,,,,,,,,,,,,,,2025,1/14/2025,$                                                    348.99,,,,,,,,,,,,6.07,,,,,,,,,,,0,,,,,,,,,,,,,,
,,,,,,,,,,,,,,,,,,2025,1/15/2025,$                                                    349.73,,,,,,,,,,,,6.07,,,,,,,,,,,0,,,,,,,,,,,,,,
,,,,,,,,,,,,,,,,,,2025,1/16/2025,$                                                    350.56,,,,,,,,,,,,6.07,,,,,,,,,,,0,,,,,,,,,,,,,,
,,,,,,,,,,,,,,,,,,2025,1/17/2025,$                                                    352.59,,,,,,,,,,,,6.07,,,,,,,,,,,0,,,,,,,,,,,,,,
,,,,,,,,,,,,,,,,,,2025,1/21/2025,$                                                    356.42,,,,,,,,,,,,6.07,,,,,,,,,,,0,,,,,,,,,,,,,,
,,,,,,,,,,,,,,,,,,2025,1/22/2025,$                                                      359.11,,,,,,,,,,,,6.07,,,,,,,,,,,0,,,,,,,,,,,,,,
,,,,,,,,,,,,,,,,,,2025,1/23/2025,$                                                    363.26,,,,,,,,,,,,6.07,,,,,,,,,,,0,,,,,,,,,,,,,,
,,,,,,,,,,,,,,,,,,2025,1/24/2025,$                                                     362.41,,,,,,,,,,,,6.07,,,,,,,,,,,0,,,,,,,,,,,,,,
,,,,,,,,,,,,,,,,,,2025,1/27/2025,$                                                     373.15,,,,,,,,,,,,6.07,,,,,,,,,,,0,,,,,,,,,,,,,,
,,,,,,,,,,,,,,,,,,2025,1/28/2025,$                                                    378.39,,,,,,,,,,,,6.07,,,,,,,,,,,0,,,,,,,,,,,,,,
,,,,,,,,,,,,,,,,,,2025,1/29/2025,$                                                    374.42,,,,,,,,,,,,6.07,,,,,,,,,,,0,,,,,,,,,,,,,,
,,,,,,,,,,,,,,,,,,2025,1/30/2025,$                                                    380.75,,,,,,,,,,,,6.07,,,,,,,,,,,0,,,,,,,,,,,,,,
,,,,,,,,,,,,,,,,,,2025,1/31/2025,$                                                    384.95,,,,,,,,,,,,6.07,,,,,,,,,,,0,,,,,,,,,,,,,,
,,,,,,,,,,,,,,,,,,2025,2/3/2025,$                                                     385.21,,,,,,,,,,,,6.07,,,,,,,,,,,0,,,,,,,,,,,,,,
,,,,,,,,,,,,,,,,,,2025,2/4/2025,$                                                     391.62,,,,,,,,,,,,6.07,,,,,,,,,,,0,,,,,,,,,,,,,,
,,,,,,,,,,,,,,,,,,2025,2/5/2025,$                                                    398.25,,,,,,,,,,,,6.07,,,,,,,,,,,0,,,,,,,,,,,,,,
,,,,,,,,,,,,,,,,,,2025,2/6/2025,$                                                    387.34,,,,,,,,,,,,6.07,,,,,,,,,,,0,,,,,,,,,,,,,,
,,,,,,,,,,,,,,,,,,2025,2/7/2025,$                                                    385.98,,,,,,,,,,,,6.07,,,,,,,,,,,0,,,,,,,,,,,,,,
,,,,,,,,,,,,,,,,,,2025,2/10/2025,$                                                    386.89,,,,,,,,,,,,6.07,,,,,,,,,,,0,,,,,,,,,,,,,,
,,,,,,,,,,,,,,,,,,2025,2/11/2025,$                                                     390.01,,,,,,,,,,,,6.07,,,,,,,,,,,0,,,,,,,,,,,,,,
,,,,,,,,,,,,,,,,,,2025,2/12/2025,$                                                    388.83,,,,,,,,,,,,6.07,,,,,,,,,,,0,,,,,,,,,,,,,,
,,,,,,,,,,,,,,,,,,2025,2/13/2025,$                                                    389.53,,,,,,,,,,,,6.07,,,,,,,,,,,0,,,,,,,,,,,,,,
,,,,,,,,,,,,,,,,,,2025,2/14/2025,$                                                    388.00,,,,,,,,,,,,6.07,,,,,,,,,,,0,,,,,,,,,,,,,,
,,,,,,,,,,,,,,,,,,2025,2/18/2025,$                                                    387.56,,,,,,,,,,,,6.07,,,,,,,,,,,0,,,,,,,,,,,,,,
,,,,,,,,,,,,,,,,,,2025,2/19/2025,$                                                    390.22,,,,,,,,,,,,6.07,,,,,,,,,,,0,,,,,,,,,,,,,,
,,,,,,,,,,,,,,,,,,2025,2/20/2025,$                                                    384.84,,,,,,,,,,,,6.07,,,,,,,,,,,0,,,,,,,,,,,,,,
,,,,,,,,,,,,,,,,,,2025,2/21/2025,$                                                    364.26,,,,,,,,,,,,6.07,,,,,,,,,,,0,,,,,,,,,,,,,,
,,,,,,,,,,,,,,,,,,2025,2/24/2025,$                                                     363.91,,,,,,,,,,,,6.07,,,,,,,,,,,0,,,,,,,,,,,,,,
,,,,,,,,,,,,,,,,,,2025,2/25/2025,$                                                    362.95,,,,,,,,,,,,6.07,,,,,,,,,,,0,,,,,,,,,,,,,,
,,,,,,,,,,,,,,,,,,2025,2/26/2025,$                                                    358.35,,,,,,,,,,,,6.07,,,,,,,,,,,0,,,,,,,,,,,,,,
,,,,,,,,,,,,,,,,,,2025,2/27/2025,$                                                    356.87,,,,,,,,,,,,6.07,,,,,,,,,,,0,,,,,,,,,,,,,,
,,,,,,,,,,,,,,,,,,2025,2/28/2025,$                                                    348.50,,,,,,,,,,,,6.07,,,,,,,,,,,0,,,,,,,,,,,,,,
,,,,,,,,,,,,,,,,,,2025,3/3/2025,$                                                    344.99,,,,,,,,,,,,6.07,,,,,,,,,,,0,,,,,,,,,,,,,,
,,,,,,,,,,,,,,,,,,2025,3/4/2025,$                                                    345.78,,,,,,,,,,,,6.07,,,,,,,,,,,0,,,,,,,,,,,,,,
,,,,,,,,,,,,,,,,,,2025,3/5/2025,$                                                    348.26,,,,,,,,,,,,6.07,,,,,,,,,,,0,,,,,,,,,,,,,,
,,,,,,,,,,,,,,,,,,2025,3/6/2025,$                                                     341.84,,,,,,,,,,,,6.07,,,,,,,,,,,0,,,,,,,,,,,,,,
,,,,,,,,,,,,,,,,,,2025,3/7/2025,$                                                     342.18,,,,,,,,,,,,6.07,,,,,,,,,,,0,,,,,,,,,,,,,,
,,,,,,,,,,,,,,,,,,2025,3/10/2025,$                                                    335.30,,,,,,,,,,,,6.07,,,,,,,,,,,0,,,,,,,,,,,,,,
,,,,,,,,,,,,,,,,,,2025,3/11/2025,$                                                    327.79,,,,,,,,,,,,6.07,,,,,,,,,,,0,,,,,,,,,,,,,,
,,,,,,,,,,,,,,,,,,2025,3/12/2025,$                                                    324.33,,,,,,,,,,,,6.07,,,,,,,,,,,0,,,,,,,,,,,,,,
,,,,,,,,,,,,,,,,,,2025,3/13/2025,$                                                     317.07,,,,,,,,,,,,6.07,,,,,,,,,,,0,,,,,,,,,,,,,,
,,,,,,,,,,,,,,,,,,2025,3/14/2025,$                                                     318.82,,,,,,,,,,,,6.07,,,,,,,,,,,0,,,,,,,,,,,,,,
,,,,,,,,,,,,,,,,,,2025,3/17/2025,$                                                     325.71,,,,,,,,,,,,6.07,,,,,,,,,,,0,,,,,,,,,,,,,,
,,,,,,,,,,,,,,,,,,2025,3/18/2025,$                                                    324.07,,,,,,,,,,,,6.07,,,,,,,,,,,0,,,,,,,,,,,,,,
,,,,,,,,,,,,,,,,,,2025,3/19/2025,$                                                    324.47,,,,,,,,,,,,6.07,,,,,,,,,,,0,,,,,,,,,,,,,,
,,,,,,,,,,,,,,,,,,2025,3/20/2025,$                                                     300.91,,,,,,,,,,,,6.07,,,,,,,,,,,0,,,,,,,,,,,,,,
,,,,,,,,,,,,,,,,,,2025,3/21/2025,$                                                    305.32,,,,,,,,,,,,6.07,,,,,,,,,,,0,,,,,,,,,,,,,,
,,,,,,,,,,,,,,,,,,2025,3/24/2025,$                                                     307.18,,,,,,,,,,,,6.07,,,,,,,,,,,0,,,,,,,,,,,,,,
,,,,,,,,,,,,,,,,,,2025,3/25/2025,$                                                    308.90,,,,,,,,,,,,6.07,,,,,,,,,,,0,,,,,,,,,,,,,,
,,,,,,,,,,,,,,,,,,2025,3/26/2025,$                                                       311.16,,,,,,,,,,,,6.07,,,,,,,,,,,0,,,,,,,,,,,,,,
,,,,,,,,,,,,,,,,,,2025,3/27/2025,$                                                    308.53,,,,,,,,,,,,6.07,,,,,,,,,,,0,,,,,,,,,,,,,,
,,,,,,,,,,,,,,,,,,2025,3/28/2025,$                                                    304.33,,,,,,,,,,,,6.07,,,,,,,,,,,0,,,,,,,,,,,,,,
,,,,,,,,,,,,,,,,,,2025,3/31/2025,$                                                     312.04,,,,,,,,,,,,6.07,,,,,,,,,,,0,,,,,,,,,,,,,,
,,,,,,,,,,,,,,,,,,2025,4/1/2025,$                                                     313.58,,,,,,,,,,,,6.07,,,,,,,,,,,0,,,,,,,,,,,,,,
,,,,,,,,,,,,,,,,,,2025,4/2/2025,$                                                     316.33,,,,,,,,,,,,6.07,,,,,,,,,,,0,,,,,,,,,,,,,,
,,,,,,,,,,,,,,,,,,2025,4/3/2025,$                                                     301.46,,,,,,,,,,,,6.07,,,,,,,,,,,0,,,,,,,,,,,,,,
,,,,,,,,,,,,,,,,,,2025,4/4/2025,$                                                    285.06,,,,,,,,,,,,6.07,,,,,,,,,,,0,,,,,,,,,,,,,,
,,,,,,,,,,,,,,,,,,2025,4/7/2025,$                                                    284.72,,,,,,,,,,,,6.07,,,,,,,,,,,0,,,,,,,,,,,,,,
,,,,,,,,,,,,,,,,,,2025,4/8/2025,$                                                     281.39,,,,,,,,,,,,6.07,,,,,,,,,,,0,,,,,,,,,,,,,,
,,,,,,,,,,,,,,,,,,2025,4/9/2025,$                                                    299.94,,,,,,,,,,,,6.07,,,,,,,,,,,0,,,,,,,,,,,,,,
,,,,,,,,,,,,,,,,,,2025,4/10/2025,$                                                    285.22,,,,,,,,,,,,6.07,,,,,,,,,,,0,,,,,,,,,,,,,,
,,,,,,,,,,,,,,,,,,2025,4/11/2025,$                                                    284.34,,,,,,,,,,,,6.07,,,,,,,,,,,0,,,,,,,,,,,,,,
,,,,,,,,,,,,,,,,,,2025,4/14/2025,$                                                    289.79,,,,,,,,,,,,6.07,,,,,,,,,,,0,,,,,,,,,,,,,,
,,,,,,,,,,,,,,,,,,2025,4/15/2025,$                                                    288.66,,,,,,,,,,,,6.07,,,,,,,,,,,0,,,,,,,,,,,,,,
,,,,,,,,,,,,,,,,,,2025,4/16/2025,$                                                    285.24,,,,,,,,,,,,6.07,,,,,,,,,,,0,,,,,,,,,,,,,,
,,,,,,,,,,,,,,,,,,2025,4/17/2025,$                                                    282.35,,,,,,,,,,,,6.07,,,,,,,,,,,0,,,,,,,,,,,,,,
,,,,,,,,,,,,,,,,,,2025,4/21/2025,$                                                    279.23,,,,,,,,,,,,6.07,,,,,,,,,,,0,,,,,,,,,,,,,,
,,,,,,,,,,,,,,,,,,2025,4/22/2025,$                                                    283.96,,,,,,,,,,,,6.07,,,,,,,,,,,0,,,,,,,,,,,,,,
,,,,,,,,,,,,,,,,,,2025,4/23/2025,$                                                     288.16,,,,,,,,,,,,6.07,,,,,,,,,,,0,,,,,,,,,,,,,,
,,,,,,,,,,,,,,,,,,2025,4/24/2025,$                                                      291.41,,,,,,,,,,,,6.07,,,,,,,,,,,0,,,,,,,,,,,,,,
,,,,,,,,,,,,,,,,,,2025,4/25/2025,$                                                    293.39,,,,,,,,,,,,6.07,,,,,,,,,,,0,,,,,,,,,,,,,,
,,,,,,,,,,,,,,,,,,2025,4/28/2025,$                                                    293.25,,,,,,,,,,,,6.07,,,,,,,,,,,0,,,,,,,,,,,,,,
,,,,,,,,,,,,,,,,,,2025,4/29/2025,$                                                    298.47,,,,,,,,,,,,6.07,,,,,,,,,,,0,,,,,,,,,,,,,,
,,,,,,,,,,,,,,,,,,2025,4/30/2025,$                                                     299.15,,,,,,,,,,,,6.07,,,,,,,,,,,0,,,,,,,,,,,,,,
,,,,,,,,,,,,,,,,,,2025,5/1/2025,$                                                    300.53,,,,,,,,,,,,6.07,,,,,,,,,,,0,,,,,,,,,,,,,,
,,,,,,,,,,,,,,,,,,2025,5/2/2025,$                                                    305.33,,,,,,,,,,,,6.07,,,,,,,,,,,0,,,,,,,,,,,,,,
,,,,,,,,,,,,,,,,,,2025,5/5/2025,$                                                     307.71,,,,,,,,,,,,6.07,,,,,,,,,,,0,,,,,,,,,,,,,,
,,,,,,,,,,,,,,,,,,2025,5/6/2025,$                                                    303.80,,,,,,,,,,,,6.07,,,,,,,,,,,0,,,,,,,,,,,,,,
,,,,,,,,,,,,,,,,,,2025,5/7/2025,$                                                    306.09,,,,,,,,,,,,6.07,,,,,,,,,,,0,,,,,,,,,,,,,,
,,,,,,,,,,,,,,,,,,2025,5/8/2025,$                                                    308.88,,,,,,,,,,,,6.07,,,,,,,,,,,0,,,,,,,,,,,,,,
,,,,,,,,,,,,,,,,,,2025,5/9/2025,$                                                    307.90,,,,,,,,,,,,6.07,,,,,,,,,,,0,,,,,,,,,,,,,,
,,,,,,,,,,,,,,,,,,2025,5/12/2025,$                                                    322.09,,,,,,,,,,,,6.07,,,,,,,,,,,0,,,,,,,,,,,,,,
,,,,,,,,,,,,,,,,,,2025,5/13/2025,$                                                    322.53,,,,,,,,,,,,6.07,,,,,,,,,,,0,,,,,,,,,,,,,,
,,,,,,,,,,,,,,,,,,2025,5/14/2025,$                                                     320.41,,,,,,,,,,,,6.07,,,,,,,,,,,0,,,,,,,,,,,,,,
,,,,,,,,,,,,,,,,,,2025,5/15/2025,$                                                     323.21,,,,,,,,,,,,6.07,,,,,,,,,,,0,,,,,,,,,,,,,,
,,,,,,,,,,,,,,,,,,2025,5/16/2025,$                                                     317.69,,,,,,,,,,,,6.07,,,,,,,,,,,0,,,,,,,,,,,,,,
,,,,,,,,,,,,,,,,,,2025,5/19/2025,$                                                     319.39,,,,,,,,,,,,6.07,,,,,,,,,,,0,,,,,,,,,,,,,,
,,,,,,,,,,,,,,,,,,2025,5/20/2025,$                                                     320.18,,,,,,,,,,,,6.07,,,,,,,,,,,0,,,,,,,,,,,,,,
,,,,,,,,,,,,,,,,,,2025,5/21/2025,$                                                     317.72,,,,,,,,,,,,6.07,,,,,,,,,,,0,,,,,,,,,,,,,,
,,,,,,,,,,,,,,,,,,2025,5/22/2025,$                                                     316.45,,,,,,,,,,,,6.07,,,,,,,,,,,0,,,,,,,,,,,,,,
,,,,,,,,,,,,,,,,,,2025,5/23/2025,$                                                    309.58,,,,,,,,,,,,6.07,,,,,,,,,,,0,,,,,,,,,,,,,,
,,,,,,,,,,,,,,,,,,2025,5/27/2025,$                                                     315.43,,,,,,,,,,,,6.07,,,,,,,,,,,0,,,,,,,,,,,,,,
,,,,,,,,,,,,,,,,,,2025,5/28/2025,$                                                     315.99,,,,,,,,,,,,6.07,,,,,,,,,,,0,,,,,,,,,,,,,,
,,,,,,,,,,,,,,,,,,2025,5/29/2025,$                                                     317.73,,,,,,,,,,,,6.07,,,,,,,,,,,0,,,,,,,,,,,,,,
,,,,,,,,,,,,,,,,,,2025,5/30/2025,$                                                     316.82,,,,,,,,,,,,6.07,,,,,,,,,,,0,,,,,,,,,,,,,,
,,,,,,,,,,,,,,,,,,2025,6/2/2025,$                                                     314.47,,,,,,,,,,,,6.07,,,,,,,,,,,0,,,,,,,,,,,,,,
,,,,,,,,,,,,,,,,,,2025,6/3/2025,$                                                     312.90,,,,,,,,,,,,6.07,,,,,,,,,,,0,,,,,,,,,,,,,,
,,,,,,,,,,,,,,,,,,2025,6/4/2025,$                                                     316.40,,,,,,,,,,,,6.07,,,,,,,,,,,0,,,,,,,,,,,,,,
,,,,,,,,,,,,,,,,,,2025,6/5/2025,$                                                     315.38,,,,,,,,,,,,6.07,,,,,,,,,,,0,,,,,,,,,,,,,,
,,,,,,,,,,,,,,,,,,2025,6/6/2025,$                                                     317.65,,,,,,,,,,,,6.07,,,,,,,,,,,0,,,,,,,,,,,,,,
,,,,,,,,,,,,,,,,,,2025,6/9/2025,$                                                     316.62,,,,,,,,,,,,6.07,,,,,,,,,,,0,,,,,,,,,,,,,,
,,,,,,,,,,,,,,,,,,2025,6/10/2025,$                                                    320.92,,,,,,,,,,,,6.07,,,,,,,,,,,0,,,,,,,,,,,,,,
,,,,,,,,,,,,,,,,,,2025,6/11/2025,$                                                     319.22,,,,,,,,,,,,6.07,,,,,,,,,,,0,,,,,,,,,,,,,,
,,,,,,,,,,,,,,,,,,2025,6/12/2025,$                                                      318.13,,,,,,,,,,,,6.07,,,,,,,,,,,0,,,,,,,,,,,,,,
,,,,,,,,,,,,,,,,,,2025,6/13/2025,$                                                       311.71,,,,,,,,,,,,6.07,,,,,,,,,,,0,,,,,,,,,,,,,,
,,,,,,,,,,,,,,,,,,2025,6/16/2025,$                                                     314.33,,,,,,,,,,,,6.07,,,,,,,,,,,0,,,,,,,,,,,,,,
,,,,,,,,,,,,,,,,,,2025,6/17/2025,$                                                     312.03,,,,,,,,,,,,6.07,,,,,,,,,,,0,,,,,,,,,,,,,,
,,,,,,,,,,,,,,,,,,2025,6/18/2025,$                                                    306.38,,,,,,,,,,,,6.07,,,,,,,,,,,0,,,,,,,,,,,,,,
,,,,,,,,,,,,,,,,,,2025,6/20/2025,$                                                    285.37,,,,,,,,,,,,6.07,,,,,,,,,,,0,,,,,,,,,,,,,,
,,,,,,,,,,,,,,,,,,2025,6/23/2025,$                                                    295.00,,,,,,,,,,,,6.07,,,,,,,,,,,0,,,,,,,,,,,,,,
,,,,,,,,,,,,,,,,,,2025,6/24/2025,$                                                    300.72,,,,,,,,,,,,6.07,,,,,,,,,,,0,,,,,,,,,,,,,,
,,,,,,,,,,,,,,,,,,2025,6/25/2025,$                                                    294.60,,,,,,,,,,,,6.07,,,,,,,,,,,0,,,,,,,,,,,,,,
,,,,,,,,,,,,,,,,,,2025,6/26/2025,$                                                    296.08,,,,,,,,,,,,6.07,,,,,,,,,,,0,,,,,,,,,,,,,,
,,,,,,,,,,,,,,,,,,2025,6/27/2025,$                                                    295.46,,,,,,,,,,,,6.07,,,,,,,,,,,0,,,,,,,,,,,,,,
,,,,,,,,,,,,,,,,,,2025,6/30/2025,$                                                    298.89,,,,,,,,,,,,6.07,,,,,,,,,,,0,,,,,,,,,,,,,,
,,,,,,,,,,,,,,,,,,2025,7/1/2025,$                                                    302.62,,,,,,,,,,,,6.07,,,,,,,,,,,0,,,,,,,,,,,,,,
,,,,,,,,,,,,,,,,,,2025,7/2/2025,$                                                    302.29,,,,,,,,,,,,6.07,,,,,,,,,,,0,,,,,,,,,,,,,,
,,,,,,,,,,,,,,,,,,2025,7/3/2025,$                                                    304.78,,,,,,,,,,,,6.07,,,,,,,,,,,0,,,,,,,,,,,,,,
,,,,,,,,,,,,,,,,,,2025,7/7/2025,$                                                    300.54,,,,,,,,,,,,6.07,,,,,,,,,,,0,,,,,,,,,,,,,,
,,,,,,,,,,,,,,,,,,2025,7/8/2025,$                                                    303.33,,,,,,,,,,,,6.07,,,,,,,,,,,0,,,,,,,,,,,,,,
,,,,,,,,,,,,,,,,,,2025,7/9/2025,$                                                    297.40,,,,,,,,,,,,6.07,,,,,,,,,,,0,,,,,,,,,,,,,,
,,,,,,,,,,,,,,,,,,2025,7/10/2025,$                                                    288.36,,,,,,,,,,,,6.07,,,,,,,,,,,0,,,,,,,,,,,,,,
,,,,,,,,,,,,,,,,,,2025,7/11/2025,$                                                     281.06,,,,,,,,,,,,6.07,,,,,,,,,,,0,,,,,,,,,,,,,,
,,,,,,,,,,,,,,,,,,2025,7/14/2025,$                                                    279.99,,,,,,,,,,,,6.07,,,,,,,,,,,0,,,,,,,,,,,,,,
,,,,,,,,,,,,,,,,,,2025,7/15/2025,$                                                    276.07,,,,,,,,,,,,6.07,,,,,,,,,,,0,,,,,,,,,,,,,,
,,,,,,,,,,,,,,,,,,2025,7/16/2025,$                                                    279.67,,,,,,,,,,,,6.07,,,,,,,,,,,0,,,,,,,,,,,,,,
,,,,,,,,,,,,,,,,,,2025,7/17/2025,$                                                    282.70,,,,,,,,,,,,6.07,,,,,,,,,,,0,,,,,,,,,,,,,,
,,,,,,,,,,,,,,,,,,2025,7/18/2025,$                                                    282.44,,,,,,,,,,,,6.07,,,,,,,,,,,0,,,,,,,,,,,,,,
,,,,,,,,,,,,,,,,,,2025,7/21/2025,$                                                    282.45,,,,,,,,,,,,6.07,,,,,,,,,,,0,,,,,,,,,,,,,,
,,,,,,,,,,,,,,,,,,2025,7/22/2025,$                                                    286.96,,,,,,,,,,,,6.07,,,,,,,,,,,0,,,,,,,,,,,,,,
,,,,,,,,,,,,,,,,,,2025,7/23/2025,$                                                    286.04,,,,,,,,,,,,6.07,,,,,,,,,,,0,,,,,,,,,,,,,,
,,,,,,,,,,,,,,,,,,2025,7/24/2025,$                                                      281.71,,,,,,,,,,,,6.07,,,,,,,,,,,0,,,,,,,,,,,,,,
,,,,,,,,,,,,,,,,,,2025,7/25/2025,$                                                     283.15,,,,,,,,,,,,6.07,,,,,,,,,,,0,,,,,,,,,,,,,,
,,,,,,,,,,,,,,,,,,2025,7/28/2025,$                                                    277.04,,,,,,,,,,,,6.07,,,,,,,,,,,0,,,,,,,,,,,,,,
,,,,,,,,,,,,,,,,,,2025,7/29/2025,$                                                    278.90,,,,,,,,,,,,6.07,,,,,,,,,,,0,,,,,,,,,,,,,,
,,,,,,,,,,,,,,,,,,2025,7/30/2025,$                                                    274.00,,,,,,,,,,,,6.07,,,,,,,,,,,0,,,,,,,,,,,,,,
,,,,,,,,,,,,,,,,,,2025,7/31/2025,$                                                     267.10,,,,,,,,,,,,6.07,,,,,,,,,,,0,,,,,,,,,,,,,,
,,,,,,,,,,,,,,,,,,2025,8/1/2025,$                                                    255.37,,,,,,,,,,,,6.07,,,,,,,,,,,0,,,,,,,,,,,,,,
,,,,,,,,,,,,,,,,,,2025,8/4/2025,$                                                    258.78,,,,,,,,,,,,6.07,,,,,,,,,,,0,,,,,,,,,,,,,,
,,,,,,,,,,,,,,,,,,2025,8/5/2025,$                                                    247.07,,,,,,,,,,,,6.07,,,,,,,,,,,0,,,,,,,,,,,,,,
,,,,,,,,,,,,,,,,,,2025,8/6/2025,$                                                    247.54,,,,,,,,,,,,6.07,,,,,,,,,,,0,,,,,,,,,,,,,,
,,,,,,,,,,,,,,,,,,2025,8/7/2025,$                                                     241.72,,,,,,,,,,,,6.07,,,,,,,,,,,0,,,,,,,,,,,,,,
,,,,,,,,,,,,,,,,,,2025,8/8/2025,$                                                    239.20,,,,,,,,,,,,6.07,,,,,,,,,,,0,,,,,,,,,,,,,,
,,,,,,,,,,,,,,,,,,2025,8/11/2025,$                                                     238.61,,,,,,,,,,,,6.07,,,,,,,,,,,0,,,,,,,,,,,,,,
,,,,,,,,,,,,,,,,,,2025,8/12/2025,$                                                    237.87,,,,,,,,,,,,6.07,,,,,,,,,,,0,,,,,,,,,,,,,,
,,,,,,,,,,,,,,,,,,2025,8/13/2025,$                                                    245.68,,,,,,,,,,,,6.07,,,,,,,,,,,0,,,,,,,,,,,,,,
,,,,,,,,,,,,,,,,,,2025,8/14/2025,$                                                     246.16,,,,,,,,,,,,6.07,,,,,,,,,,,0,,,,,,,,,,,,,,
,,,,,,,,,,,,,,,,,,2025,8/15/2025,$                                                     247.01,,,,,,,,,,,,6.07,,,,,,,,,,,0,,,,,,,,,,,,,,
,,,,,,,,,,,,,,,,,,2025,8/18/2025,$                                                     249.13,,,,,,,,,,,,6.07,,,,,,,,,,,0,,,,,,,,,,,,,,
,,,,,,,,,,,,,,,,,,2025,8/19/2025,$                                                    255.88,,,,,,,,,,,,6.07,,,,,,,,,,,0,,,,,,,,,,,,,,
,,,,,,,,,,,,,,,,,,2025,8/20/2025,$                                                    255.05,,,,,,,,,,,,6.07,,,,,,,,,,,0,,,,,,,,,,,,,,
,,,,,,,,,,,,,,,,,,2025,8/21/2025,$                                                    253.99,,,,,,,,,,,,6.07,,,,,,,,,,,0,,,,,,,,,,,,,,
,,,,,,,,,,,,,,,,,,2025,8/22/2025,$                                                    259.22,,,,,,,,,,,,6.07,,,,,,,,,,,0,,,,,,,,,,,,,,
,,,,,,,,,,,,,,,,,,2025,8/25/2025,$                                                    256.05,,,,,,,,,,,,6.07,,,,,,,,,,,0,,,,,,,,,,,,,,
,,,,,,,,,,,,,,,,,,2025,8/26/2025,$                                                    255.42,,,,,,,,,,,,6.07,,,,,,,,,,,0,,,,,,,,,,,,,,
,,,,,,,,,,,,,,,,,,2025,8/27/2025,$                                                     257.12,,,,,,,,,,,,6.07,,,,,,,,,,,0,,,,,,,,,,,,,,
,,,,,,,,,,,,,,,,,,2025,8/28/2025,$                                                     256.17,,,,,,,,,,,,6.07,,,,,,,,,,,0,,,,,,,,,,,,,,
,,,,,,,,,,,,,,,,,,2025,8/29/2025,$                                                    259.97,,,,,,,,,,,,6.07,,,,,,,,,,,0,,,,,,,,,,,,,,
,,,,,,,,,,,,,,,,,,2025,9/2/2025,$                                                     256.17,,,,,,,,,,,,6.07,,,,,,,,,,,0,,,,,,,,,,,,,,
,,,,,,,,,,,,,,,,,,2025,9/3/2025,$                                                     254.15,,,,,,,,,,,,6.07,,,,,,,,,,,0,,,,,,,,,,,,,,
,,,,,,,,,,,,,,,,,,2025,9/4/2025,$                                                    252.94,,,,,,,,,,,,6.07,,,,,,,,,,,0,,,,,,,,,,,,,,
,,,,,,,,,,,,,,,,,,2025,9/5/2025,$                                                    254.95,,,,,,,,,,,,6.07,,,,,,,,,,,0,,,,,,,,,,,,,,
,,,,,,,,,,,,,,,,,,2025,9/8/2025,$                                                    255.57,,,,,,,,,,,,6.07,,,,,,,,,,,0,,,,,,,,,,,,,,
,,,,,,,,,,,,,,,,,,2025,9/9/2025,$                                                     251.99,,,,,,,,,,,,6.07,,,,,,,,,,,0,,,,,,,,,,,,,,
,,,,,,,,,,,,,,,,,,2025,9/10/2025,$                                                      243.11,,,,,,,,,,,,6.07,,,,,,,,,,,0,,,,,,,,,,,,,,
,,,,,,,,,,,,,,,,,,2025,9/11/2025,$                                                     244.15,,,,,,,,,,,,6.07,,,,,,,,,,,0,,,,,,,,,,,,,,
,,,,,,,,,,,,,,,,,,2025,9/12/2025,$                                                    238.54,,,,,,,,,,,,6.07,,,,,,,,,,,0,,,,,,,,,,,,,,
,,,,,,,,,,,,,,,,,,2025,9/15/2025,$                                                    237.87,,,,,,,,,,,,6.07,,,,,,,,,,,0,,,,,,,,,,,,,,
,,,,,,,,,,,,,,,,,,2025,9/16/2025,$                                                     236.81,,,,,,,,,,,,6.07,,,,,,,,,,,0,,,,,,,,,,,,,,
,,,,,,,,,,,,,,,,,,2025,9/17/2025,$                                                     241.24,,,,,,,,,,,,6.07,,,,,,,,,,,0,,,,,,,,,,,,,,
,,,,,,,,,,,,,,,,,,2025,9/18/2025,$                                                    239.55,,,,,,,,,,,,6.07,,,,,,,,,,,0,,,,,,,,,,,,,,
,,,,,,,,,,,,,,,,,,2025,9/19/2025,$                                                    239.70,,,,,,,,,,,,6.07,,,,,,,,,,,0,,,,,,,,,,,,,,
,,,,,,,,,,,,,,,,,,2025,9/22/2025,$                                                    239.99,,,,,,,,,,,,6.07,,,,,,,,,,,0,,,,,,,,,,,,,,
,,,,,,,,,,,,,,,,,,2025,9/23/2025,$                                                    235.50,,,,,,,,,,,,6.07,,,,,,,,,,,0,,,,,,,,,,,,,,
,,,,,,,,,,,,,,,,,,2025,9/24/2025,$                                                    239.08,,,,,,,,,,,,6.07,,,,,,,,,,,0,,,,,,,,,,,,,,
,,,,,,,,,,,,,,,,,,2025,9/25/2025,$                                                    232.56,,,,,,,,,,,,6.07,,,,,,,,,,,0,,,,,,,,,,,,,,
,,,,,,,,,,,,,,,,,,2025,9/26/2025,$                                                    238.97,,,,,,,,,,,,6.07,,,,,,,,,,,0,,,,,,,,,,,,,,
,,,,,,,,,,,,,,,,,,2025,9/29/2025,$                                                    247.00,,,,,,,,,,,,6.07,,,,,,,,,,,0,,,,,,,,,,,,,,
,,,,,,,,,,,,,,,,,,2025,9/30/2025,$                                                    246.60,,,,,,,,,,,,6.07,,,,,,,,,,,0,,,,,,,,,,,,,,
,,,,,,,,,,,,,,,,,,2025,10/1/2025,$                                                     243.71,,,,,,,,,,,,6.07,,,,,,,,,,,0,,,,,,,,,,,,,,
,,,,,,,,,,,,,,,,,,2025,10/2/2025,$                                                    244.34,,,,,,,,,,,,6.07,,,,,,,,,,,0,,,,,,,,,,,,,,
,,,,,,,,,,,,,,,,,,2025,10/3/2025,$                                                    245.32,,,,,,,,,,,,6.07,,,,,,,,,,,0,,,,,,,,,,,,,,
,,,,,,,,,,,,,,,,,,2025,10/6/2025,$                                                     248.17,,,,,,,,,,,,6.07,,,,,,,,,,,0,,,,,,,,,,,,,,
,,,,,,,,,,,,,,,,,,2025,10/7/2025,$                                                     251.23,,,,,,,,,,,,6.07,,,,,,,,,,,0,,,,,,,,,,,,,,
,,,,,,,,,,,,,,,,,,2025,10/8/2025,$                                                    252.98,,,,,,,,,,,,6.07,,,,,,,,,,,0,,,,,,,,,,,,,,
,,,,,,,,,,,,,,,,,,2025,10/9/2025,$                                                    252.04,,,,,,,,,,,,6.07,,,,,,,,,,,0,,,,,,,,,,,,,,
,,,,,,,,,,,,,,,,,,2025,10/10/2025,$                                                    240.94,,,,,,,,,,,,6.07,,,,,,,,,,,0,,,,,,,,,,,,,,
,,,,,,,,,,,,,,,,,,2025,10/13/2025,$                                                    243.56,,,,,,,,,,,,6.07,,,,,,,,,,,0,,,,,,,,,,,,,,
,,,,,,,,,,,,,,,,,,2025,10/14/2025,$                                                    244.20,,,,,,,,,,,,6.07,,,,,,,,,,,0,,,,,,,,,,,,,,
,,,,,,,,,,,,,,,,,,2025,10/15/2025,$                                                     239.71,,,,,,,,,,,,6.07,,,,,,,,,,,0,,,,,,,,,,,,,,
,,,,,,,,,,,,,,,,,,2025,10/16/2025,$                                                    234.02,,,,,,,,,,,,6.07,,,,,,,,,,,0,,,,,,,,,,,,,,
,,,,,,,,,,,,,,,,,,2025,10/17/2025,$                                                    238.39,,,,,,,,,,,,6.07,,,,,,,,,,,0,,,,,,,,,,,,,,
,,,,,,,,,,,,,,,,,,2025,10/20/2025,$                                                     242.18,,,,,,,,,,,,6.07,,,,,,,,,,,0,,,,,,,,,,,,,,
,,,,,,,,,,,,,,,,,,2025,10/21/2025,$                                                     250.51,,,,,,,,,,,,6.07,,,,,,,,,,,0,,,,,,,,,,,,,,
,,,,,,,,,,,,,,,,,,2025,10/22/2025,$                                                     249.14,,,,,,,,,,,,6.07,,,,,,,,,,,0,,,,,,,,,,,,,,
,,,,,,,,,,,,,,,,,,2025,10/23/2025,$                                                     249.81,,,,,,,,,,,,6.07,,,,,,,,,,,0,,,,,,,,,,,,,,
,,,,,,,,,,,,,,,,,,2025,10/24/2025,$                                                    247.65,,,,,,,,,,,,6.07,,,,,,,,,,,0,,,,,,,,,,,,,,
,,,,,,,,,,,,,,,,,,2025,10/27/2025,$                                                    250.77,,,,,,,,,,,,6.07,,,,,,,,,,,0,,,,,,,,,,,,,,
,,,,,,,,,,,,,,,,,,2025,10/28/2025,$                                                    253.35,,,,,,,,,,,,6.07,,,,,,,,,,,0,,,,,,,,,,,,,,
,,,,,,,,,,,,,,,,,,2025,10/29/2025,$                                                    247.75,,,,,,,,,,,,6.07,,,,,,,,,,,0,,,,,,,,,,,,,,
,,,,,,,,,,,,,,,,,,2025,10/30/2025,$                                                    249.25,,,,,,,,,,,,6.07,,,,,,,,,,,0,,,,,,,,,,,,,,
,,,,,,,,,,,,,,,,,,2025,10/31/2025,$                                                     250.10,,,,,,,,,,,,6.07,,,,,,,,,,,0,,,,,,,,,,,,,,
,,,,,,,,,,,,,,,,,,2025,11/3/2025,$                                                    248.44,,,,,,,,,,,,6.07,,,,,,,,,,,0,,,,,,,,,,,,,,
,,,,,,,,,,,,,,,,,,2025,11/4/2025,$                                                    242.90,,,,,,,,,,,,6.07,,,,,,,,,,,0,,,,,,,,,,,,,,
,,,,,,,,,,,,,,,,,,2025,11/5/2025,$                                                    247.82,,,,,,,,,,,,6.07,,,,,,,,,,,0,,,,,,,,,,,,,,
,,,,,,,,,,,,,,,,,,2025,11/6/2025,$                                                     241.34,,,,,,,,,,,,6.07,,,,,,,,,,,0,,,,,,,,,,,,,,
,,,,,,,,,,,,,,,,,,2025,11/7/2025,$                                                    245.76,,,,,,,,,,,,6.07,,,,,,,,,,,0,,,,,,,,,,,,,,
,,,,,,,,,,,,,,,,,,2025,11/10/2025,$                                                    244.55,,,,,,,,,,,,6.07,,,,,,,,,,,0,,,,,,,,,,,,,,
,,,,,,,,,,,,,,,,,,2025,11/11/2025,$                                                    242.56,,,,,,,,,,,,6.07,,,,,,,,,,,0,,,,,,,,,,,,,,
,,,,,,,,,,,,,,,,,,2025,11/12/2025,$                                                    246.53,,,,,,,,,,,,6.07,,,,,,,,,,,0,,,,,,,,,,,,,,
,,,,,,,,,,,,,,,,,,2025,11/13/2025,$                                                    247.57,,,,,,,,,,,,6.07,,,,,,,,,,,0,,,,,,,,,,,,,,
,,,,,,,,,,,,,,,,,,2025,11/14/2025,$                                                     245.21,,,,,,,,,,,,6.07,,,,,,,,,,,0,,,,,,,,,,,,,,
,,,,,,,,,,,,,,,,,,2025,11/17/2025,$                                                     241.33,,,,,,,,,,,,6.07,,,,,,,,,,,0,,,,,,,,,,,,,,
,,,,,,,,,,,,,,,,,,2025,11/18/2025,$                                                    240.00,,,,,,,,,,,,6.07,,,,,,,,,,,0,,,,,,,,,,,,,,
,,,,,,,,,,,,,,,,,,2025,11/19/2025,$                                                     241.08,,,,,,,,,,,,6.07,,,,,,,,,,,0,,,,,,,,,,,,,,
,,,,,,,,,,,,,,,,,,2025,11/20/2025,$                                                    240.79,,,,,,,,,,,,6.07,,,,,,,,,,,0,,,,,,,,,,,,,,
,,,,,,,,,,,,,,,,,,2025,11/21/2025,$                                                     251.85,,,,,,,,,,,,6.07,,,,,,,,,,,0,,,,,,,,,,,,,,
,,,,,,,,,,,,,,,,,,2025,11/24/2025,$                                                    243.62,,,,,,,,,,,,6.07,,,,,,,,,,,0,,,,,,,,,,,,,,
,,,,,,,,,,,,,,,,,,2025,11/25/2025,$                                                    249.23,,,,,,,,,,,,6.07,,,,,,,,,,,0,,,,,,,,,,,,,,
,,,,,,,,,,,,,,,,,,2025,11/26/2025,$                                                    247.85,,,,,,,,,,,,6.07,,,,,,,,,,,0,,,,,,,,,,,,,,
,,,,,,,,,,,,,,,,,,2025,11/28/2025,$                                                    250.00,,,,,,,,,,,,6.07,,,,,,,,,,,0,,,,,,,,,,,,,,
,,,,,,,,,,,,,,,,,,2025,12/1/2025,$                                                    257.43,,,,,,,,,,,,6.07,,,,,,,,,,,0,,,,,,,,,,,,,,
,,,,,,,,,,,,,,,,,,2025,12/2/2025,$                                                     261.02,,,,,,,,,,,,6.07,,,,,,,,,,,0,,,,,,,,,,,,,,
,,,,,,,,,,,,,,,,,,2025,12/3/2025,$                                                    272.85,,,,,,,,,,,,6.07,,,,,,,,,,,0,,,,,,,,,,,,,,
,,,,,,,,,,,,,,,,,,2025,12/4/2025,$                                                    269.34,,,,,,,,,,,,6.07,,,,,,,,,,,0,,,,,,,,,,,,,,
,,,,,,,,,,,,,,,,,,2025,12/5/2025,$                                                    266.59,,,,,,,,,,,,6.07,,,,,,,,,,,0,,,,,,,,,,,,,,
,,,,,,,,,,,,,,,,,,2025,12/8/2025,$                                                    266.50,,,,,,,,,,,,6.07,,,,,,,,,,,0,,,,,,,,,,,,,,
,,,,,,,,,,,,,,,,,,2025,12/9/2025,$                                                    269.53,,,,,,,,,,,,6.07,,,,,,,,,,,0,,,,,,,,,,,,,,
,,,,,,,,,,,,,,,,,,2025,12/10/2025,$                                                    272.22,,,,,,,,,,,,6.07,,,,,,,,,,,0,,,,,,,,,,,,,,
,,,,,,,,,,,,,,,,,,2025,12/11/2025,$                                                    270.37,,,,,,,,,,,,6.07,,,,,,,,,,,0,,,,,,,,,,,,,,
,,,,,,,,,,,,,,,,,,2025,12/12/2025,$                                                     271.56,,,,,,,,,,,,6.07,,,,,,,,,,,0,,,,,,,,,,,,,,
,,,,,,,,,,,,,,,,,,2025,12/15/2025,$                                                    274.66,,,,,,,,,,,,6.07,,,,,,,,,,,0,,,,,,,,,,,,,,
,,,,,,,,,,,,,,,,,,2025,12/16/2025,$                                                    272.04,,,,,,,,,,,,6.07,,,,,,,,,,,0,,,,,,,,,,,,,,
,,,,,,,,,,,,,,,,,,2025,12/17/2025,$                                                    273.74,,,,,,,,,,,,6.07,,,,,,,,,,,0,,,,,,,,,,,,,,
,,,,,,,,,,,,,,,,,,2025,12/18/2025,$                                                    269.96,,,,,,,,,,,,6.07,,,,,,,,,,,0,,,,,,,,,,,,,,
,,,,,,,,,,,,,,,,,,2025,12/19/2025,$                                                    272.25,,,,,,,,,,,,6.07,,,,,,,,,,,0,,,,,,,,,,,,,,
,,,,,,,,,,,,,,,,,,2025,12/22/2025,$                                                    270.67,,,,,,,,,,,,6.07,,,,,,,,,,,0,,,,,,,,,,,,,,
,,,,,,,,,,,,,,,,,,2025,12/23/2025,$                                                    270.77,,,,,,,,,,,,6.07,,,,,,,,,,,0,,,,,,,,,,,,,,
,,,,,,,,,,,,,,,,,,2025,12/24/2025,$                                                    269.98,,,,,,,,,,,,6.07,,,,,,,,,,,0,,,,,,,,,,,,,,
,,,,,,,,,,,,,,,,,,2025,12/26/2025,$                                                     271.09,,,,,,,,,,,,6.07,,,,,,,,,,,0,,,,,,,,,,,,,,
,,,,,,,,,,,,,,,,,,2025,12/29/2025,$                                                     271.34,,,,,,,,,,,,6.07,,,,,,,,,,,0,,,,,,,,,,,,,,
,,,,,,,,,,,,,,,,,,2025,12/30/2025,$                                                    270.00,,,,,,,,,,,,6.07,,,,,,,,,,,0,,,,,,,,,,,,,,
,,,,,,,,,,,,,,,,,,2025,12/31/2025,$                                                    268.30,,,,,,,,,,,,6.07,,,,,,,,,,,0,,,,,,,,,,,,,,
,,,,,,,,,,,,,,,,,,2026,1/2/2026,$                                                    259.95,,,,,,,,,,,,6.07,,,,,,,,,,,0,,,,,,,,,,,,,,
,,,,,,,,,,,,,,,,,,2026,1/5/2026,$                                                    263.98,,,,,,,,,,,,6.07,,,,,,,,,,,0,,,,,,,,,,,,,,
,,,,,,,,,,,,,,,,,,2026,1/6/2026,$                                                    275.93,,,,,,,,,,,,6.07,,,,,,,,,,,0,,,,,,,,,,,,,,
,,,,,,,,,,,,,,,,,,2026,1/7/2026,$                                                    273.98,,,,,,,,,,,,6.07,,,,,,,,,,,0,,,,,,,,,,,,,,
,,,,,,,,,,,,,,,,,,2026,1/8/2026,$                                                     281.82,,,,,,,,,,,,6.07,,,,,,,,,,,0,,,,,,,,,,,,,,
,,,,,,,,,,,,,,,,,,2026,1/9/2026,$                                                    280.67,,,,,,,,,,,,6.07,,,,,,,,,,,0,,,,,,,,,,,,,,
,,,,,,,,,,,,,,,,,,2026,1/12/2026,$                                                    280.96,,,,,,,,,,,,6.07,,,,,,,,,,,0,,,,,,,,,,,,,,
,,,,,,,,,,,,,,,,,,2026,1/13/2026,$                                                    276.80,,,,,,,,,,,,6.07,,,,,,,,,,,0,,,,,,,,,,,,,,
,,,,,,,,,,,,,,,,,,2026,1/14/2026,$                                                    288.54,,,,,,,,,,,,6.07,,,,,,,,,,,0,,,,,,,,,,,,,,
,,,,,,,,,,,,,,,,,,2026,1/15/2026,$                                                    287.77,,,,,,,,,,,,6.07,,,,,,,,,,,0,,,,,,,,,,,,,,
,,,,,,,,,,,,,,,,,,2026,1/16/2026,$                                                     286.21,,,,,,,,,,,,6.07,,,,,,,,,,,0,,,,,,,,,,,,,,
,,,,,,,,,,,,,,,,,,2026,1/20/2026,$                                                     272.71,,,,,,,,,,,,6.07,,,,,,,,,,,0,,,,,,,,,,,,,,
,,,,,,,,,,,,,,,,,,2026,1/21/2026,$                                                    280.72,,,,,,,,,,,,6.07,,,,,,,,,,,0,,,,,,,,,,,,,,
,,,,,,,,,,,,,,,,,,2026,1/22/2026,$                                                    285.09,,,,,,,,,,,,6.07,,,,,,,,,,,0,,,,,,,,,,,,,,
,,,,,,,,,,,,,,,,,,2026,1/23/2026,$                                                     281.07,,,,,,,,,,,,6.07,,,,,,,,,,,0,,,,,,,,,,,,,,
,,,,,,,,,,,,,,,,,,2026,1/26/2026,$                                                     280.71,,,,,,,,,,,,6.07,,,,,,,,,,,0,,,,,,,,,,,,,,
,,,,,,,,,,,,,,,,,,2026,1/27/2026,$                                                    275.80,,,,,,,,,,,,6.07,,,,,,,,,,,0,,,,,,,,,,,,,,
,,,,,,,,,,,,,,,,,,2026,1/28/2026,$                                                    270.43,,,,,,,,,,,,6.07,,,,,,,,,,,0,,,,,,,,,,,,,,
,,,,,,,,,,,,,,,,,,2026,1/29/2026,$                                                     261.22,,,,,,,,,,,,6.07,,,,,,,,,,,0,,,,,,,,,,,,,,
,,,,,,,,,,,,,,,,,,2026,1/30/2026,$                                                    263.64,,,,,,,,,,,,6.07,,,,,,,,,,,0,,,,,,,,,,,,,,
,,,,,,,,,,,,,,,,,,2026,2/2/2026,$                                                    266.79,,,,,,,,,,,,6.07,,,,,,,,,,,0,,,,,,,,,,,,,,
,,,,,,,,,,,,,,,,,,2026,2/3/2026,$                                                      241.21,,,,,,,,,,,,6.07,,,,,,,,,,,0,,,,,,,,,,,,,,
,,,,,,,,,,,,,,,,,,2026,2/4/2026,$                                                     241.65,,,,,,,,,,,,6.07,,,,,,,,,,,0,,,,,,,,,,,,,,
,,,,,,,,,,,,,,,,,,2026,2/5/2026,$                                                    233.58,,,,,,,,,,,,6.07,,,,,,,,,,,0,,,,,,,,,,,,,,
,,,,,,,,,,,,,,,,,,2026,2/6/2026,$                                                    240.62,,,,,,,,,,,,6.07,,,,,,,,,,,0,,,,,,,,,,,,,,
,,,,,,,,,,,,,,,,,,2026,2/9/2026,$                                                    236.76,,,,,,,,,,,,6.07,,,,,,,,,,,0,,,,,,,,,,,,,,
,,,,,,,,,,,,,,,,,,2026,2/10/2026,$                                                    240.86,,,,,,,,,,,,6.07,,,,,,,,,,,0,,,,,,,,,,,,,,
,,,,,,,,,,,,,,,,,,2026,2/11/2026,$                                                    230.43,,,,,,,,,,,,6.07,,,,,,,,,,,0,,,,,,,,,,,,,,
,,,,,,,,,,,,,,,,,,2026,2/12/2026,$                                                    222.05,,,,,,,,,,,,6.07,,,,,,,,,,,0,,,,,,,,,,,,,,
,,,,,,,,,,,,,,,,,,2026,2/13/2026,$                                                    224.23,,,,,,,,,,,,6.07,,,,,,,,,,,0,,,,,,,,,,,,,,
,,,,,,,,,,,,,,,,,,2026,2/17/2026,$                                                     219.89,,,,,,,,,,,,6.07,,,,,,,,,,,0,,,,,,,,,,,,,,
,,,,,,,,,,,,,,,,,,2026,2/18/2026,$                                                     223.61,,,,,,,,,,,,6.07,,,,,,,,,,,0,,,,,,,,,,,,,,
,,,,,,,,,,,,,,,,,,2026,2/19/2026,$                                                     214.95,,,,,,,,,,,,6.07,,,,,,,,,,,0,,,,,,,,,,,,,,
,,,,,,,,,,,,,,,,,,2026,2/20/2026,$                                                     215.35,,,,,,,,,,,,6.07,,,,,,,,,,,0,,,,,,,,,,,,,,
,,,,,,,,,,,,,,,,,,2026,2/23/2026,$                                                      201.18,,,,,,,,,,,,6.07,,,,,,,,,,,0,,,,,,,,,,,,,,
,,,,,,,,,,,,,,,,,,2026,2/24/2026,$                                                     196.73,,,,,,,,,,,,6.07,,,,,,,,,,,0,,,,,,,,,,,,,,
,,,,,,,,,,,,,,,,,,2026,2/25/2026,$                                                      191.50,,,,,,,,,,,,6.07,,,,,,,,,,,0,,,,,,,,,,,,,,
,,,,,,,,,,,,,,,,,,2026,2/26/2026,$                                                    207.38,,,,,,,,,,,,6.07,,,,,,,,,,,0,,,,,,,,,,,,,,
,,,,,,,,,,,,,,,,,,2026,2/27/2026,$                                                    208.72,,,,,,,,,,,,6.07,,,,,,,,,,,0,,,,,,,,,,,,,,
,,,,,,,,,,,,,,,,,,2026,3/2/2026,$                                                    205.93,,,,,,,,,,,,6.07,,,,,,,,,,,0,,,,,,,,,,,,,,
,,,,,,,,,,,,,,,,,,2026,3/3/2026,$                                                    209.89,,,,,,,,,,,,6.07,,,,,,,,,,,0,,,,,,,,,,,,,,
,,,,,,,,,,,,,,,,,,2026,3/4/2026,$                                                     210.00,,,,,,,,,,,,6.07,,,,,,,,,,,0,,,,,,,,,,,,,,
,,,,,,,,,,,,,,,,,,2026,3/5/2026,$                                                     214.00,,,,,,,,,,,,6.07,,,,,,,,,,,0,,,,,,,,,,,,,,
,,,,,,,,,,,,,,,,,,2026,3/6/2026,$                                                     215.00,,,,,,,,,,,,6.07,,,,,,,,,,,0,,,,,,,,,,,,,,
,,,,,,,,,,,,,,,,,,2026,3/9/2026,$                                                    209.36,,,,,,,,,,,,6.07,,,,,,,,,,,0,,,,,,,,,,,,,,
,,,,,,,,,,,,,,,,,,2026,3/10/2026,$                                                     201.63,,,,,,,,,,,,6.07,,,,,,,,,,,0,,,,,,,,,,,,,,
,,,,,,,,,,,,,,,,,,2026,3/11/2026,$                                                     201.48,,,,,,,,,,,,6.07,,,,,,,,,,,0,,,,,,,,,,,,,,
,,,,,,,,,,,,,,,,,,2026,3/12/2026,$                                                     196.05,,,,,,,,,,,,6.07,,,,,,,,,,,0,,,,,,,,,,,,,,
,,,,,,,,,,,,,,,,,,2026,3/13/2026,$                                                     196.65,,,,,,,,,,,,6.07,,,,,,,,,,,0,,,,,,,,,,,,,,
,,,,,,,,,,,,,,,,,,2026,3/16/2026,$                                                      199.31,,,,,,,,,,,,6.07,,,,,,,,,,,0,,,,,,,,,,,,,,
,,,,,,,,,,,,,,,,,,2026,3/17/2026,$                                                     198.66,,,,,,,,,,,,6.07,,,,,,,,,,,0,,,,,,,,,,,,,,
,,,,,,,,,,,,,,,,,,2026,3/18/2026,$                                                      195.15,,,,,,,,,,,,6.07,,,,,,,,,,,0,,,,,,,,,,,,,,
,,,,,,,,,,,,,,,,,,2026,3/19/2026,$                                                    203.55,,,,,,,,,,,,6.07,,,,,,,,,,,0,,,,,,,,,,,,,,
,,,,,,,,,,,,,,,,,,2026,3/20/2026,$                                                     199.99,,,,,,,,,,,,6.07,,,,,,,,,,,0,,,,,,,,,,,,,,
,,,,,,,,,,,,,,,,,,2026,3/23/2026,$                                                    200.02,,,,,,,,,,,,6.07,,,,,,,,,,,0,,,,,,,,,,,,,,
,,,,,,,,,,,,,,,,,,2026,3/24/2026,$                                                     193.54,,,,,,,,,,,,6.07,,,,,,,,,,,0,,,,,,,,,,,,,,
,,,,,,,,,,,,,,,,,,2026,3/25/2026,$                                                     192.29,,,,,,,,,,,,6.07,,,,,,,,,,,0,,,,,,,,,,,,,,
,,,,,,,,,,,,,,,,,,2026,3/26/2026,$                                                     196.42,,,,,,,,,,,,6.07,,,,,,,,,,,0,,,,,,,,,,,,,,
,,,,,,,,,,,,,,,,,,2026,3/27/2026,$                                                     192.60,,,,,,,,,,,,6.07,,,,,,,,,,,0,,,,,,,,,,,,,,
,,,,,,,,,,,,,,,,,,2026,3/30/2026,$                                                     197.55,,,,,,,,,,,,6.07,,,,,,,,,,,0,,,,,,,,,,,,,,
,,,,,,,,,,,,,,,,,,2026,3/31/2026,$                                                     198.29,,,,,,,,,,,,6.07,,,,,,,,,,,0,,,,,,,,,,,,,,
,,,,,,,,,,,,,,,,,,2026,4/1/2026,$                                                     197.06,,,,,,,,,,,,6.07,,,,,,,,,,,0,,,,,,,,,,,,,,
,,,,,,,,,,,,,,,,,,2026,4/2/2026,$                                                     201.33,,,,,,,,,,,,6.07,,,,,,,,,,,0,,,,,,,,,,,,,,
,,,,,,,,,,,,,,,,,,2026,4/6/2026,$                                                     198.95,,,,,,,,,,,,6.07,,,,,,,,,,,0,,,,,,,,,,,,,,
,,,,,,,,,,,,,,,,,,2026,4/7/2026,$                                                     197.30,,,,,,,,,,,,6.07,,,,,,,,,,,0,,,,,,,,,,,,,,
,,,,,,,,,,,,,,,,,,2026,4/8/2026,$                                                     193.84,,,,,,,,,,,,6.07,,,,,,,,,,,0,,,,,,,,,,,,,,
,,,,,,,,,,,,,,,,,,2026,4/9/2026,$                                                     186.03,,,,,,,,,,,,6.07,,,,,,,,,,,0,,,,,,,,,,,,,,
,,,,,,,,,,,,,,,,,,2026,4/10/2026,$                                                     179.53,,,,,,,,,,,,6.07,,,,,,,,,,,0,,,,,,,,,,,,,,
,,,,,,,,,,,,,,,,,,2026,4/13/2026,$                                                      191.95,,,,,,,,,,,,6.07,,,,,,,,,,,0,,,,,,,,,,,,,,
,,,,,,,,,,,,,,,,,,2026,4/14/2026,$                                                     190.37,,,,,,,,,,,,6.07,,,,,,,,,,,0,,,,,,,,,,,,,,
,,,,,,,,,,,,,,,,,,2026,4/15/2026,$                                                     194.00,,,,,,,,,,,,6.07,,,,,,,,,,,0,,,,,,,,,,,,,,
,,,,,,,,,,,,,,,,,,2026,4/16/2026,$                                                     194.00,,,,,,,,,,,,6.07,,,,,,,,,,,0,,,,,,,,,,,,,,
,,,,,,,,,,,,,,,,,,2026,4/17/2026,$                                                     197.65,,,,,,,,,,,,6.07,,,,,,,,,,,0,,,,,,,,,,,,,,
,,,,,,,,,,,,,,,,,,2026,4/20/2026,$                                                     195.06,,,,,,,,,,,,6.07,,,,,,,,,,,0,,,,,,,,,,,,,,
,,,,,,,,,,,,,,,,,,2026,4/21/2026,$                                                     194.42,,,,,,,,,,,,6.07,,,,,,,,,,,0,,,,,,,,,,,,,,
,,,,,,,,,,,,,,,,,,2026,4/22/2026,$                                                      190.10,,,,,,,,,,,,6.07,,,,,,,,,,,0,,,,,,,,,,,,,,
,,,,,,,,,,,,,,,,,,2026,4/23/2026,$                                                     178.28,,,,,,,,,,,,6.07,,,,,,,,,,,0,,,,,,,,,,,,,,
,,,,,,,,,,,,,,,,,,2026,4/24/2026,$                                                     178.36,,,,,,,,,,,,6.07,,,,,,,,,,,0,,,,,,,,,,,,,,
,,,,,,,,,,,,,,,,,,2026,4/27/2026,$                                                     176.97,,,,,,,,,,,,6.07,,,,,,,,,,,0,,,,,,,,,,,,,,
,,,,,,,,,,,,,,,,,,2026,4/28/2026,$                                                     177.75,,,,,,,,,,,,6.07,,,,,,,,,,,0,,,,,,,,,,,,,,
,,,,,,,,,,,,,,,,,,2026,4/29/2026,$                                                     180.26,,,,,,,,,,,,6.07,,,,,,,,,,,0,,,,,,,,,,,,,,
,,,,,,,,,,,,,,,,,,2026,4/30/2026,$                                                      178.71,,,,,,,,,,,,6.07,,,,,,,,,,,0,,,,,,,,,,,,,,
,,,,,,,,,,,,,,,,,,2026,5/1/2026,$                                                     179.83,,,,,,,,,,,,6.07,,,,,,,,,,,0,,,,,,,,,,,,,,
,,,,,,,,,,,,,,,,,,2026,5/4/2026,$                                                      180.12,,,,,,,,,,,,6.07,,,,,,,,,,,0,,,,,,,,,,,,,,
,,,,,,,,,,,,,,,,,,2026,5/5/2026,$                                                      179.01,,,,,,,,,,,,6.07,,,,,,,,,,,0,,,,,,,,,,,,,,
,,,,,,,,,,,,,,,,,,2026,5/6/2026,$                                                     174.57,,,,,,,,,,,,6.07,,,,,,,,,,,0,,,,,,,,,,,,,,
,,,,,,,,,,,,,,,,,,2026,5/7/2026,$                                                      180.19,,,,,,,,,,,,6.07,,,,,,,,,,,0,,,,,,,,,,,,,,
,,,,,,,,,,,,,,,,,,2026,5/8/2026,$                                                     180.42,,,,,,,,,,,,6.07,,,,,,,,,,,0,,,,,,,,,,,,,,
,,,,,,,,,,,,,,,,,,2026,5/11/2026,$                                                     172.35,,,,,,,,,,,,6.07,,,,,,,,,,,0,,,,,,,,,,,,,,
,,,,,,,,,,,,,,,,,,2026,5/12/2026,$                                                     169.77,,,,,,,,,,,,6.07,,,,,,,,,,,0,,,,,,,,,,,,,,
,,,,,,,,,,,,,,,,,,2026,5/13/2026,$                                                     159.64,,,,,,,,,,,,6.07,,,,,,,,,,,0,,,,,,,,,,,,,,
,,,,,,,,,,,,,,,,,,2026,5/14/2026,$                                                     163.99,,,,,,,,,,,,6.07,,,,,,,,,,,0,,,,,,,,,,,,,,
,,,,,,,,,,,,,,,,,,2026,5/15/2026,$                                                     168.82,,,,,,,,,,,,6.07,,,,,,,,,,,0,,,,,,,,,,,,,,
,,,,,,,,,,,,,,,,,,2026,5/18/2026,$                                                     177.55,,,,,,,,,,,,6.07,,,,,,,,,,,0,,,,,,,,,,,,,,
,,,,,,,,,,,,,,,,,,2026,5/19/2026,$                                                     176.80,,,,,,,,,,,,6.07,,,,,,,,,,,0,,,,,,,,,,,,,,
,,,,,,,,,,,,,,,,,,2026,5/20/2026,$                                                     179.22,,,,,,,,,,,,6.07,,,,,,,,,,,0,,,,,,,,,,,,,,
,,,,,,,,,,,,,,,,,,2026,5/21/2026,$                                                     177.87,,,,,,,,,,,,6.07,,,,,,,,,,,0,,,,,,,,,,,,,,
,,,,,,,,,,,,,,,,,,2026,5/22/2026,$                                                     179.24,,,,,,,,,,,,6.07,,,,,,,,,,,0,,,,,,,,,,,,,,
,,,,,,,,,,,,,,,,,,2026,5/26/2026,$                                                     177.00,,,,,,,,,,,,6.07,,,,,,,,,,,0,,,,,,,,,,,,,,
,,,,,,,,,,,,,,,,,,2026,5/27/2026,$                                                     176.36,,,,,,,,,,,,6.07,,,,,,,,,,,0,,,,,,,,,,,,,,
,,,,,,,,,,,,,,,,,,2026,5/28/2026,$                                                     178.40,,,,,,,,,,,,6.07,,,,,,,,,,,0,,,,,,,,,,,,,,
,,,,,,,,,,,,,,,,,,2026,5/29/2026,$                                                     187.07,,,,,,,,,,,,6.07,,,,,,,,,,,0,,,,,,,,,,,,,,
,,,,,,,,,,,,,,,,,,2026,6/1/2026,$                                                     196.59,,,,,,,,,,,,6.07,,,,,,,,,,,0,,,,,,,,,,,,,,
,,,,,,,,,,,,,,,,,,2026,6/2/2026,$                                                     186.22,,,,,,,,,,,,6.07,,,,,,,,,,,0,,,,,,,,,,,,,,
,,,,,,,,,,,,,,,,,,2026,6/3/2026,$                                                     177.43,,,,,,,,,,,,6.07,,,,,,,,,,,0,,,,,,,,,,,,,,
,,,,,,,,,,,,,,,,,,2026,6/4/2026,$                                                     178.86,,,,,,,,,,,,6.07,,,,,,,,,,,0,,,,,,,,,,,,,,
,,,,,,,,,,,,,,,,,,2026,6/5/2026,$                                                     178.25,,,,,,,,,,,,6.07,,,,,,,,,,,0,,,,,,,,,,,,,,
,,,,,,,,,,,,,,,,,,2026,6/8/2026,$                                                     174.43,,,,,,,,,,,,6.07,,,,,,,,,,,0,,,,,,,,,,,,,,
,,,,,,,,,,,,,,,,,,2026,6/9/2026,$                                                     173.47,,,,,,,,,,,,6.07,,,,,,,,,,,0,,,,,,,,,,,,,,
,,,,,,,,,,,,,,,,,,2026,6/10/2026,$                                                     170.50,,,,,,,,,,,,6.07,,,,,,,,,,,0,,,,,,,,,,,,,,
,,,,,,,,,,,,,,,,,,2026,6/11/2026,$                                                     167.52,,,,,,,,,,,,6.07,,,,,,,,,,,0,,,,,,,,,,,,,,
,,,,,,,,,,,,,,,,,,2026,6/12/2026,$                                                     170.28,,,,,,,,,,,,6.07,,,,,,,,,,,0,,,,,,,,,,,,,,
,,,,,,,,,,,,,,,,,,2026,6/15/2026,$                                                     165.36,,,,,,,,,,,,6.07,,,,,,,,,,,0,,,,,,,,,,,,,,
,,,,,,,,,,,,,,,,,,2026,6/16/2026,$                                                     165.52,,,,,,,,,,,,6.07,,,,,,,,,,,0,,,,,,,,,,,,,,
,,,,,,,,,,,,,,,,,,2026,6/17/2026,$                                                      156.01,,,,,,,,,,,,6.07,,,,,,,,,,,0,,,,,,,,,,,,,,
,,,,,,,,,,,,,,,,,,2026,6/18/2026,$                                                     127.98,,,,,,,,,,,,6.07,,,,,,,,,,,0,,,,,,,,,,,,,,
,,,,,,,,,,,,,,,,,,2026,6/22/2026,$                                                     124.83,,,,,,,,,,,,6.07,,,,,,,,,,,0,,,,,,,,,,,,,,
,,,,,,,,,,,,,,,,,,2026,6/23/2026,$                                                      127.01,,,,,,,,,,,,6.07,,,,,,,,,,,0,,,,,,,,,,,,,,
,,,,,,,,,,,,,,,,,,2026,6/24/2026,$                                                      129.15,,,,,,,,,,,,6.07,,,,,,,,,,,0,,,,,,,,,,,,,,
,,,,,,,,,,,,,,,,,,2026,6/25/2026,$                                                     125.82,,,,,,,,,,,,6.07,,,,,,,,,,,0,,,,,,,,,,,,,,
,,,,,,,,,,,,,,,,,,2026,6/26/2026,$                                                     128.98,,,,,,,,,,,,6.07,,,,,,,,,,,0,,,,,,,,,,,,,,
,,,,,,,,,,,,,,,,,,2026,6/29/2026,$                                                     124.74,,,,,,,,,,,,6.07,,,,,,,,,,,0,,,,,,,,,,,,,,
,,,,,,,,,,,,,,,,,,2026,6/30/2026,$                                                     124.44,,,,,,,,,,,,6.07,,,,,,,,,,,0,,,,,,,,,,,,,,
,,,,,,,,,,,,,,,,,,2026,7/1/2026,$                                                       131.13,,,,,,,,,,,,6.07,,,,,,,,,,,0,,,,,,,,,,,,,,
,,,,,,,,,,,,,,,,,,2026,7/2/2026,$                                                     137.35,,,,,,,,,,,,6.07,,,,,,,,,,,0,,,,,,,,,,,,,,
,,,,,,,,,,,,,,,,,,2026,7/6/2026,$                                                     136.96,,,,,,,,,,,,6.07,,,,,,,,,,,0,,,,,,,,,,,,,,
,,,,,,,,,,,,,,,,,,2026,7/7/2026,$                                                      142.14,,,,,,,,,,,,6.07,,,,,,,,,,,0,,,,,,,,,,,,,,
,,,,,,,,,,,,,,,,,,2026,7/8/2026,$                                                      137.19,,,,,,,,,,,,6.07,,,,,,,,,,,0,,,,,,,,,,,,,,
,,,,,,,,,,,,,,,,,,2026,7/9/2026,$                                                     139.06,,,,,,,,,,,,6.07,,,,,,,,,,,0,,,,,,,,,,,,,,
,,,,,,,,,,,,,,,,,,2026,7/10/2026,$                                                     135.23,,,,,,,,,,,,6.07,,,,,,,,,,,0,,,,,,,,,,,,,,
,,,,,,,,,,,,,,,,,,2026,7/13/2026,$                                                     138.52,,,,,,,,,,,,6.07,,,,,,,,,,,0,,,,,,,,,,,,,,
,,,,,,,,,,,,,,,,,,2026,7/14/2026,$                                                     134.56,,,,,,,,,,,,6.07,,,,,,,,,,,0,,,,,,,,,,,,,,
,,,,,,,,,,,,,,,,,,2026,7/15/2026,$                                                     137.02,,,,,,,,,,,,6.07,,,,,,,,,,,0,,,,,,,,,,,,,,
,,,,,,,,,,,,,,,,,,2026,7/16/2026,$                                                      144.61,,,,,,,,,,,,6.07,,,,,,,,,,,0,,,,,,,,,,,,,,
,,,,,,,,,,,,,,,,,,2026,7/17/2026,$                                                     143.57,,,,,,,,,,,,6.07,,,,,,,,,,,0,,,,,,,,,,,,,,
,,,,,,,,,,,,,,,,,,2026,7/20/2026,$                                                     144.73,,,,,,,,,,,,6.07,,,,,,,,,,,0,,,,,,,,,,,,,,
,,,,,,,,,,,,,,,,,,2026,7/21/2026,$                                                     140.86,,,,,,,,,,,,6.07,,,,,,,,,,,0,,,,,,,,,,,,,,
,,,,,,,,,,,,,,,,,,2026,7/22/2026,$                                                     140.09,,,,,,,,,,,,6.07,,,,,,,,,,,0,,,,,,,,,,,,,,
,,,,,,,,,,,,,,,,,,2026,7/23/2026,$                                                     138.74,,,,,,,,,,,,6.07,,,,,,,,,,,0,,,,,,,,,,,,,,
,,,,,,,,,,,,,,,,,,2026,7/24/2026,$                                                     146.99,,,,,,,,,,,,6.07,,,,,,,,,,,0,,,,,,,,,,,,,,
