,,,,,,,,,,,,,,,,,TRAIL 12M,AÑO DE INICIO,TICKER,Nombre,,,,,,,,,,RATING,UPSIDE,PRECIO ACTUAL,PRECIO COMPRA,MEDIANA MAXIMA,PRECIO MAXIMO,BANDA MAXIMA,YIELD MAXIMO,YIELD OVERVALUED,YIELD MEDIO,YOC MAXIMO,G/P MAXIMAS,G/P MAXIMAS CON DIV,RATING MAXIMO,,,,COTIZACIÓN,,,SI,,,MAXIMO,MINIMO,ANCHO,DIVISION,MARCAS
,,,,,,,,,,,,,,,,,NO,2016,AFL US,Aflac,,,,,,,,,,124%,-11%,$     125.60,$          55.74,$          73.37,$           125.60,$          111.86,4.43%,1.50%,2.24%,6.65%,397.03%,397.03%,124%,,,,,,,NO,,,3.41%,1.38%,2.03%,0.03%,68
,,,,,,,,,,,,,,,,,CONFIANZA,EXTRA,YOC,FECHA COMPRA,,,,,,,,,,PRECIO MEDIANA,UPSIDE MEDIANA,YIELD ACTUAL,PRECIO VENTA,MEDIANA MINIMA,PRECIO MINIMO,BANDA MINIMA,YIELD MINIMO,YIELD UNDERVALUED,MEDIANA YIELD,YOC MINIMO,G/P MINIMAS,G/P MINIMAS CON DIV,RATING MINIMO,,,,3Y CAGR,0.00%,,Aflac - Max. DrawDown (%),,,,,,,
,,,,,,,,,,,,,,,,,90%,NO,3.01%,11/10/2017,,,,,,,,,,$          73.37,-42%,1.34%,$          111.86,$          36.25,$             25.27,$          27.54,1.34%,3.01%,2.29%,1.34%,0.00%,0.00%,-32%,,,,5Y CAGR,4.94%,,Aflac - Returns (%),,,,,,,
,,,,,,,,,,,,,,,,,,,,,,,,,,,,,,,,,,,,,,,,,,,,,,,10Y CAGR,7.31%,,Aflac - Yield On Cost (YOC),,,,,,,
,,,,,,,,,,,,,,,,,,YEAR,Date,Close,RSM POSITIVO,RSM NEGATIVO,Date,Close,Date,Close,RSD,MA(RSD),MRS = (( RSD(today) /ma(RSD(today). n)) - 1 ) * 100,YIELD,PRICE,DPS,CHANEL O,CHANEL U,CHANEL M,RATING,UPSIDE,OVERVALUED,UNDERVALUED,YOC,PRECIO,DIVIDENDOS,DIVIDENDOS DESDE COMPRA,MEDIANA YIELD,MAX. DRAWDOWN,,AÑO,DIVIDENDOS,% YoY,Aflac - Rating: 124% - Upside: -11%,,,Nº,INTERVALOS,FRECUENCIA,F. ACUMULADA,% TOTAL
,,,,,,,,,,,,,,,,,,2016,1/4/2016,$                                                       29.59,,,12/29/2014,,12/29/2014,,,,,2.81%,$             29.59,0.83,55.26,27.54,36.25,7%,87%,1.50%,3.01%,5.68%,324.47%,337.38%,3.82,2.29%,0.00%,,1997,0.00,-,124,,,0,1.38%,6,6,0.23%
,,,,,,,,,,,,,,,,,,2016,1/5/2016,$                                                       29.55,,,1/5/2015,,1/5/2015,,,,,2.81%,$             29.55,0.83,55.26,27.54,36.25,7%,87%,1.50%,3.01%,5.69%,325.04%,337.97%,3.82,2.29%,-0.14%,,1998,0.00,,-11,,,1,1.41%,22,28,0.83%
,,,,,,,,,,,,,,,,,,2016,1/6/2016,$                                                        29.10,,,1/12/2015,,1/12/2015,,,,,2.85%,$              29.10,0.83,55.26,27.54,36.25,6%,90%,1.50%,3.01%,5.77%,331.62%,344.74%,3.82,2.29%,-1.66%,,1999,0.00,,,,,2,1.44%,40,68,1.51%
,,,,,,,,,,,,,,,,,,2016,1/7/2016,$                                                        28.61,,,1/20/2015,,1/20/2015,,,,,2.90%,$              28.61,0.83,55.26,27.54,36.25,4%,93%,1.50%,3.01%,5.87%,339.08%,352.44%,3.82,2.29%,-3.33%,,2000,0.00,,1/1/1970,1970,,3,1.47%,58,126,2.19%
,,,,,,,,,,,,,,,,,,2016,1/8/2016,$                                                       28.36,,,1/26/2015,,1/26/2015,,,,,2.93%,$             28.36,0.83,55.26,27.54,36.25,3%,95%,1.50%,3.01%,5.92%,342.96%,356.43%,3.82,2.29%,-4.17%,,2001,0.00,,1/1/1971,1971,,4,1.50%,83,209,3.13%
,,,,,,,,,,,,,,,,,,2016,1/11/2016,$                                                       28.54,,,2/2/2015,,2/2/2015,,,,,2.91%,$             28.54,0.83,55.26,27.54,36.25,4%,94%,1.50%,3.01%,5.89%,340.08%,353.47%,3.82,2.29%,-3.55%,,2002,0.12,,1/1/1972,1972,,5,1.53%,87,296,3.28%
,,,,,,,,,,,,,,,,,,2016,1/12/2016,$                                                       28.90,,,2/9/2015,,2/9/2015,,,,,2.87%,$             28.90,0.83,55.26,27.54,36.25,5%,91%,1.50%,3.01%,5.81%,334.60%,347.82%,3.82,2.29%,-2.33%,,2003,0.15,30.43%,1/1/1973,1973,,6,1.56%,62,358,2.34%
,,,,,,,,,,,,,,,,,,2016,1/13/2016,$                                                       28.46,,,2/17/2015,,2/17/2015,,,,,2.92%,$             28.46,0.83,55.26,27.54,36.25,3%,94%,1.50%,3.01%,5.90%,341.40%,354.82%,3.82,2.29%,-3.84%,,2004,0.19,26.67%,1/1/1974,1974,,7,1.59%,51,409,1.92%
,,,,,,,,,,,,,,,,,,2016,1/14/2016,$                                                       28.66,,,2/23/2015,,2/23/2015,,,,,2.90%,$             28.66,0.83,55.26,27.54,36.25,4%,93%,1.50%,3.01%,5.86%,338.24%,351.57%,3.82,2.29%,-3.14%,,2005,0.22,15.79%,1/1/1975,1975,,8,1.62%,50,459,1.88%
,,,,,,,,,,,,,,,,,,2016,1/15/2016,$                                                        28.31,,,3/2/2015,,3/2/2015,,,,,2.93%,$              28.31,0.83,55.26,27.54,36.25,3%,95%,1.50%,3.01%,5.94%,343.74%,357.23%,3.82,2.29%,-4.34%,,2006,0.28,25.00%,1/1/1976,1976,,9,1.65%,15,474,0.57%
,,,,,,,,,,,,,,,,,,2016,1/19/2016,$                                                       28.25,,,3/9/2015,,3/9/2015,,,,,2.94%,$             28.25,0.83,55.26,27.54,36.25,3%,96%,1.50%,3.01%,5.95%,344.68%,358.20%,3.82,2.29%,-4.55%,,2007,0.40,45.45%,1/1/1977,1977,,10,1.68%,8,482,0.30%
,,,,,,,,,,,,,,,,,,2016,1/20/2016,$                                                       27.78,,,3/16/2015,,3/16/2015,,,,,2.99%,$             27.78,0.83,55.26,27.54,36.25,1%,99%,1.50%,3.01%,6.05%,352.21%,365.96%,3.82,2.29%,-6.13%,,2008,0.48,20.00%,1/1/1978,1978,,11,1.71%,1,483,0.04%
,,,,,,,,,,,,,,,,,,2016,1/21/2016,$                                                        27.91,,,3/23/2015,,3/23/2015,,,,,2.97%,$              27.91,0.83,55.26,27.54,36.25,1%,98%,1.50%,3.01%,6.02%,350.02%,363.70%,3.82,2.29%,-5.68%,,2009,0.56,16.67%,1/1/1979,1979,,12,1.74%,3,486,0.11%
,,,,,,,,,,,,,,,,,,2016,1/22/2016,$                                                       28.64,,,3/30/2015,,3/30/2015,,,,,2.90%,$             28.64,0.83,55.26,27.54,36.25,4%,93%,1.50%,3.01%,5.87%,338.62%,351.96%,3.82,2.29%,-3.23%,,2010,0.57,1.79%,1/1/1980,1980,,13,1.77%,9,495,0.34%
,,,,,,,,,,,,,,,,,,2016,1/25/2016,$                                                       28.28,,,4/6/2015,,4/6/2015,,,,,2.94%,$             28.28,0.83,55.26,27.54,36.25,3%,95%,1.50%,3.01%,5.94%,344.21%,357.72%,3.82,2.29%,-4.44%,,2011,0.62,7.89%,1/1/1981,1981,,14,1.80%,3,498,0.11%
,,,,,,,,,,,,,,,,,,2016,1/26/2016,$                                                       28.76,,,4/13/2015,,4/13/2015,,,,,2.89%,$             28.76,0.83,55.26,27.54,36.25,4%,92%,1.50%,3.01%,5.84%,336.72%,350.00%,3.82,2.29%,-2.81%,,2012,0.67,8.94%,1/1/1982,1982,,15,1.83%,2,500,0.08%
,,,,,,,,,,,,,,,,,,2016,1/27/2016,$                                                       28.73,,,4/20/2015,,4/20/2015,,,,,2.89%,$             28.73,0.83,55.26,27.54,36.25,4%,92%,1.50%,3.01%,5.85%,337.25%,350.55%,3.82,2.29%,-2.92%,,2013,0.71,5.97%,1/1/1983,1983,,16,1.86%,15,515,0.57%
,,,,,,,,,,,,,,,,,,2016,1/28/2016,$                                                        29.16,,,4/27/2015,,4/27/2015,,,,,2.85%,$              29.16,0.83,55.26,27.54,36.25,6%,90%,1.50%,3.01%,5.76%,330.80%,343.90%,3.82,2.29%,-1.47%,,2014,0.75,5.63%,1/1/1984,1984,,17,1.89%,26,541,0.98%
,,,,,,,,,,,,,,,,,,2016,1/29/2016,$                                                       28.98,,,5/4/2015,,5/4/2015,,,,,2.86%,$             28.98,0.83,55.26,27.54,36.25,5%,91%,1.50%,3.01%,5.80%,333.40%,346.58%,3.82,2.29%,-2.06%,,2015,0.79,5.33%,1/1/1985,1985,,18,1.92%,12,553,0.45%
,,,,,,,,,,,,,,,,,,2016,2/1/2016,$                                                       28.26,,,5/11/2015,,5/11/2015,,,,,2.94%,$             28.26,0.83,55.26,27.54,36.25,3%,96%,1.50%,3.01%,5.95%,344.52%,358.04%,3.82,2.29%,-4.51%,,2016,0.83,5.06%,1/1/1986,1986,,19,1.95%,50,603,1.88%
,,,,,,,,,,,,,,,,,,2016,2/2/2016,$                                                       28.64,,,5/18/2015,,5/18/2015,,,,,2.90%,$             28.64,0.83,55.26,27.54,36.25,4%,93%,1.50%,3.01%,5.87%,338.55%,351.89%,3.82,2.29%,-3.21%,,2017,0.87,4.82%,1/1/1987,1987,,20,1.98%,57,660,2.15%
,,,,,,,,,,,,,,,,,,2016,2/3/2016,$                                                       28.66,,,5/26/2015,,5/26/2015,,,,,2.90%,$             28.66,0.83,55.26,27.54,36.25,4%,93%,1.50%,3.01%,5.86%,338.24%,351.57%,3.82,2.29%,-3.14%,,2018,1.04,19.54%,1/1/1988,1988,,21,2.01%,57,717,2.15%
,,,,,,,,,,,,,,,,,,2016,2/4/2016,$                                                        29.01,,,6/1/2015,,6/1/2015,,,,,2.86%,$              29.01,0.83,55.26,27.54,36.25,5%,91%,1.50%,3.01%,5.79%,332.95%,346.12%,3.82,2.29%,-1.96%,,2019,1.08,3.85%,1/1/1989,1989,,22,2.04%,90,807,3.39%
,,,,,,,,,,,,,,,,,,2016,2/5/2016,$                                                         29.11,,,6/8/2015,,6/8/2015,,,,,2.85%,$               29.11,0.83,55.26,27.54,36.25,6%,90%,1.50%,3.01%,5.77%,331.54%,344.67%,3.82,2.29%,-1.64%,,2020,1.12,3.70%,1/1/1990,1990,,23,2.07%,60,867,2.26%
,,,,,,,,,,,,,,,,,,2016,2/8/2016,$                                                       29.00,,,6/15/2015,,6/15/2015,,,,,2.86%,$             29.00,0.83,55.26,27.54,36.25,5%,91%,1.50%,3.01%,5.79%,333.10%,346.28%,3.82,2.29%,-1.99%,,2021,1.32,17.86%,1/1/1991,1991,,24,2.10%,57,924,2.15%
,,,,,,,,,,,,,,,,,,2016,2/9/2016,$                                                       28.97,,,6/22/2015,,6/22/2015,,,,,2.87%,$             28.97,0.83,55.26,27.54,36.25,5%,91%,1.50%,3.01%,5.80%,333.63%,346.82%,3.82,2.29%,-2.11%,,2022,1.60,21.21%,1/1/1992,1992,,25,2.13%,57,981,2.15%
,,,,,,,,,,,,,,,,,,2016,2/10/2016,$                                                       28.75,,,6/29/2015,,6/29/2015,,,,,2.89%,$             28.75,0.83,55.26,27.54,36.25,4%,92%,1.50%,3.01%,5.84%,336.95%,350.23%,3.82,2.29%,-2.86%,,2023,1.68,5.00%,1/1/1993,1993,,26,2.16%,54,1035,2.03%
,,,,,,,,,,,,,,,,,,2016,2/11/2016,$                                                       27.80,,,7/6/2015,,7/6/2015,,,,,2.99%,$             27.80,0.83,55.26,27.54,36.25,1%,99%,1.50%,3.01%,6.04%,351.80%,365.54%,3.82,2.29%,-6.05%,,2024,1.68,0.00%,1/1/1994,1994,,27,2.19%,91,1126,3.43%
,,,,,,,,,,,,,,,,,,2016,2/12/2016,$                                                       28.66,,,7/13/2015,,7/13/2015,,,,,2.90%,$             28.66,0.83,55.26,27.54,36.25,4%,93%,1.50%,3.01%,5.86%,338.32%,351.65%,3.82,2.29%,-3.16%,,2025,1.68,0.00%,1/1/1995,1995,,28,2.22%,88,1214,3.32%
,,,,,,,,,,,,,,,,,,2016,2/16/2016,$                                                       29.07,,,7/20/2015,,7/20/2015,,,,,2.86%,$             29.07,0.83,55.26,27.54,36.25,6%,90%,1.50%,3.01%,5.78%,332.13%,345.28%,3.82,2.29%,-1.77%,,2026,1.68,0.00%,1/1/1996,1996,,29,2.25%,87,1301,3.28%
,,,,,,,,,,,,,,,,,,2016,2/17/2016,$                                                       29.54,,,7/27/2015,,7/27/2015,,,,,2.81%,$             29.54,0.83,55.26,27.54,36.25,7%,87%,1.50%,3.01%,5.69%,325.26%,338.19%,3.82,2.29%,-0.19%,,,,,1/1/1997,1997,,30,2.28%,117,1418,4.41%
,,,,,,,,,,,,,,,,,,2016,2/18/2016,$                                                       29.58,,,8/3/2015,,8/3/2015,,,,,2.81%,$             29.58,0.83,55.26,27.54,36.25,7%,87%,1.50%,3.01%,5.68%,324.61%,337.53%,3.82,2.29%,-0.03%,,,,,1/1/1998,1998,,31,2.31%,128,1546,4.82%
,,,,,,,,,,,,,,,,,,2016,2/19/2016,$                                                       29.66,,,8/10/2015,,8/10/2015,,,,,2.80%,$             29.66,0.83,55.26,27.54,36.25,8%,86%,1.50%,3.01%,5.66%,323.47%,336.35%,3.82,2.29%,0.00%,,,,,1/1/1999,1999,,32,2.34%,111,1657,4.18%
,,,,,,,,,,,,,,,,,,2016,2/22/2016,$                                                       29.85,,,8/17/2015,,8/17/2015,,,,,2.78%,$             29.85,0.83,55.26,27.54,36.25,8%,85%,1.50%,3.01%,5.63%,320.77%,333.57%,3.82,2.29%,0.00%,,,,,1/1/2000,2000,,33,2.37%,105,1762,3.96%
,,,,,,,,,,,,,,,,,,2016,2/23/2016,$                                                       29.69,,,8/24/2015,,8/24/2015,,,,,2.80%,$             29.69,0.83,55.26,27.54,36.25,8%,86%,1.50%,3.01%,5.66%,323.11%,335.98%,3.82,2.29%,-0.55%,,,,,1/1/2001,2001,,34,2.40%,118,1880,4.45%
,,,,,,,,,,,,,,,,,,2016,2/24/2016,$                                                       29.82,,,8/31/2015,,8/31/2015,,,,,2.78%,$             29.82,0.83,55.26,27.54,36.25,8%,85%,1.50%,3.01%,5.63%,321.26%,334.08%,3.82,2.29%,-0.12%,,,,,1/1/2002,2002,,35,2.43%,76,1956,2.86%
,,,,,,,,,,,,,,,,,,2016,2/25/2016,$                                                        30.17,,,9/8/2015,,9/8/2015,,,,,2.75%,$              30.17,0.83,55.26,27.54,36.25,9%,83%,1.50%,3.01%,5.57%,316.38%,329.04%,3.82,2.29%,0.00%,,,,,1/1/2003,2003,,36,2.46%,78,2034,2.94%
,,,,,,,,,,,,,,,,,,2016,2/26/2016,$                                                       30.09,,,9/14/2015,,9/14/2015,,,,,2.76%,$             30.09,0.83,55.26,27.54,36.25,9%,84%,1.50%,3.01%,5.58%,317.48%,330.18%,3.82,2.29%,-0.27%,,,,,1/1/2004,2004,,37,2.49%,60,2094,2.26%
,,,,,,,,,,,,,,,,,,2016,2/29/2016,$                                                       29.76,,,9/21/2015,,9/21/2015,,,,,2.79%,$             29.76,0.83,55.26,27.54,36.25,8%,86%,1.50%,3.01%,5.65%,322.04%,334.88%,3.82,2.29%,-1.34%,,,,,1/1/2005,2005,,38,2.52%,46,2140,1.73%
,,,,,,,,,,,,,,,,,,2016,3/1/2016,$                                                       30.54,,,9/28/2015,,9/28/2015,,,,,2.72%,$             30.54,0.83,55.26,27.54,36.25,11%,81%,1.50%,3.01%,5.50%,311.33%,323.84%,3.82,2.29%,0.00%,,,,,1/1/2006,2006,,39,2.55%,32,2172,1.21%
,,,,,,,,,,,,,,,,,,2016,3/2/2016,$                                                        30.71,,,10/5/2015,,10/5/2015,,,,,2.70%,$              30.71,0.83,55.26,27.54,36.25,11%,80%,1.50%,3.01%,5.47%,309.05%,321.49%,3.82,2.29%,0.00%,,,,,1/1/2007,2007,,40,2.58%,44,2216,1.66%
,,,,,,,,,,,,,,,,,,2016,3/3/2016,$                                                       30.49,,,10/12/2015,,10/12/2015,,,,,2.72%,$             30.49,0.83,55.26,27.54,36.25,11%,81%,1.50%,3.01%,5.51%,311.94%,324.47%,3.82,2.29%,-0.70%,,,,,1/1/2008,2008,,41,2.61%,28,2244,1.06%
,,,,,,,,,,,,,,,,,,2016,3/4/2016,$                                                       30.52,,,10/19/2015,,10/19/2015,,,,,2.72%,$             30.52,0.83,55.26,27.54,36.25,11%,81%,1.50%,3.01%,5.51%,311.60%,324.12%,3.82,2.29%,-0.62%,,,,,1/1/2009,2009,,42,2.64%,27,2271,1.02%
,,,,,,,,,,,,,,,,,,2016,3/7/2016,$                                                       30.28,,,10/26/2015,,10/26/2015,,,,,2.74%,$             30.28,0.83,55.26,27.54,36.25,10%,83%,1.50%,3.01%,5.55%,314.86%,327.48%,3.82,2.29%,-1.40%,,,,,1/1/2010,2010,,43,2.67%,34,2305,1.28%
,,,,,,,,,,,,,,,,,,2016,3/8/2016,$                                                       30.03,,,11/2/2015,,11/2/2015,,,,,2.76%,$             30.03,0.83,55.26,27.54,36.25,9%,84%,1.50%,3.01%,5.59%,318.25%,330.97%,3.82,2.29%,-2.20%,,,,,1/1/2011,2011,,44,2.70%,17,2322,0.64%
,,,,,,,,,,,,,,,,,,2016,3/9/2016,$                                                       30.22,,,11/9/2015,,11/9/2015,,,,,2.75%,$             30.22,0.83,55.26,27.54,36.25,10%,83%,1.50%,3.01%,5.56%,315.69%,328.33%,3.82,2.29%,-1.60%,,,,,1/1/2012,2012,,45,2.73%,20,2342,0.75%
,,,,,,,,,,,,,,,,,,2016,3/10/2016,$                                                        30.19,,,11/16/2015,,11/16/2015,,,,,2.75%,$              30.19,0.83,55.26,27.54,36.25,10%,83%,1.50%,3.01%,5.57%,316.10%,328.76%,3.82,2.29%,-1.69%,,,,,1/1/2013,2013,,46,2.76%,17,2359,0.64%
,,,,,,,,,,,,,,,,,,2016,3/11/2016,$                                                         31.14,,,11/23/2015,,11/23/2015,,,,,2.67%,$               31.14,0.83,55.26,27.54,36.25,13%,78%,1.50%,3.01%,5.40%,303.40%,315.67%,3.82,2.29%,0.00%,,,,,1/1/2014,2014,,47,2.79%,18,2377,0.68%
,,,,,,,,,,,,,,,,,,2016,3/14/2016,$                                                       30.83,,,11/30/2015,,11/30/2015,,,,,2.69%,$             30.83,0.83,55.26,27.54,36.25,12%,79%,1.50%,3.01%,5.45%,307.46%,319.85%,3.82,2.29%,-1.00%,,,,,1/1/2015,2015,,48,2.82%,27,2404,1.02%
,,,,,,,,,,,,,,,,,,2016,3/15/2016,$                                                       30.78,,,12/7/2015,,12/7/2015,,,,,2.70%,$             30.78,0.83,55.26,27.54,36.25,12%,80%,1.50%,3.01%,5.46%,308.12%,320.54%,3.82,2.29%,-1.16%,,,,,1/1/2016,2016,,49,2.85%,24,2428,0.90%
,,,,,,,,,,,,,,,,,,2016,3/16/2016,$                                                        31.23,,,12/14/2015,,12/14/2015,,,,,2.66%,$              31.23,0.83,55.26,27.54,36.25,13%,77%,1.50%,3.01%,5.38%,302.18%,314.41%,3.82,2.29%,0.00%,,,,,1/1/2017,2017,,50,2.88%,19,2447,0.72%
,,,,,,,,,,,,,,,,,,2016,3/17/2016,$                                                        31.70,,,12/21/2015,,12/21/2015,,,,,2.62%,$              31.70,0.83,55.26,27.54,36.25,15%,74%,1.50%,3.01%,5.30%,296.28%,308.33%,3.82,2.29%,0.00%,,,,,1/1/2018,2018,,51,2.91%,17,2464,0.64%
,,,,,,,,,,,,,,,,,,2016,3/18/2016,$                                                        31.76,,,12/28/2015,,12/28/2015,,,,,2.61%,$              31.76,0.83,55.26,27.54,36.25,15%,74%,1.50%,3.01%,5.29%,295.47%,307.49%,3.82,2.29%,0.00%,,,,,1/1/2019,2019,,52,2.94%,18,2482,0.68%
,,,,,,,,,,,,,,,,,,2016,3/21/2016,$                                                        31.64,,,1/4/2016,,1/4/2016,,,,,2.62%,$              31.64,0.83,55.26,27.54,36.25,15%,75%,1.50%,3.01%,5.31%,296.97%,309.04%,3.82,2.29%,-0.38%,,,,,1/1/2020,2020,,53,2.97%,17,2499,0.64%
,,,,,,,,,,,,,,,,,,2016,3/22/2016,$                                                        31.67,,,1/11/2016,,1/11/2016,,,,,2.62%,$              31.67,0.83,55.26,27.54,36.25,15%,75%,1.50%,3.01%,5.30%,296.59%,308.65%,3.82,2.29%,-0.28%,,,,,,,,54,3.00%,26,2525,0.98%
,,,,,,,,,,,,,,,,,,2016,3/23/2016,$                                                        31.70,,,1/19/2016,,1/19/2016,,,,,2.62%,$              31.70,0.83,55.26,27.54,36.25,15%,74%,1.50%,3.01%,5.30%,296.21%,308.26%,3.82,2.29%,-0.19%,,,,,,,,55,3.03%,19,2544,0.72%
,,,,,,,,,,,,,,,,,,2016,3/24/2016,$                                                        31.35,,,1/25/2016,,1/25/2016,,,,,2.65%,$              31.35,0.83,55.26,27.54,36.25,14%,76%,1.50%,3.01%,5.36%,300.64%,312.82%,3.82,2.29%,-1.29%,,,,,,,,56,3.06%,29,2573,1.09%
,,,,,,,,,,,,,,,,,,2016,3/28/2016,$                                                        31.58,,,2/1/2016,,2/1/2016,,,,,2.63%,$              31.58,0.83,55.26,27.54,36.25,15%,75%,1.50%,3.01%,5.32%,297.72%,309.82%,3.82,2.29%,-0.57%,,,,,,80%,,57,3.09%,7,2580,0.26%
,,,,,,,,,,,,,,,,,,2016,3/29/2016,$                                                        31.59,,,2/8/2016,,2/8/2016,,,,,2.63%,$              31.59,0.83,55.26,27.54,36.25,15%,75%,1.50%,3.01%,5.32%,297.59%,309.69%,3.82,2.29%,-0.54%,,,,,,81%,,58,3.12%,13,2593,0.49%
,,,,,,,,,,,,,,,,,,2016,3/30/2016,$                                                        31.87,,,2/16/2016,,2/16/2016,,,,,2.60%,$              31.87,0.83,55.26,27.54,36.25,16%,73%,1.50%,3.01%,5.27%,294.16%,306.15%,3.82,2.29%,0.00%,,,,,,82%,,59,3.15%,13,2606,0.49%
,,,,,,,,,,,,,,,,,,2016,3/31/2016,$                                                        31.57,,,2/22/2016,,2/22/2016,,,,,2.63%,$              31.57,0.83,55.26,27.54,36.25,15%,75%,1.50%,3.01%,5.32%,297.85%,309.95%,3.82,2.29%,-0.93%,,,,,,83%,,60,3.18%,6,2612,0.23%
,,,,,,,,,,,,,,,,,,2016,4/1/2016,$                                                       32.06,,,2/29/2016,,2/29/2016,,,,,2.59%,$             32.06,0.83,55.26,27.54,36.25,16%,72%,1.50%,3.01%,5.24%,291.77%,303.68%,3.82,2.29%,0.00%,,,,,,84%,,61,3.21%,7,2619,0.26%
,,,,,,,,,,,,,,,,,,2016,4/4/2016,$                                                        31.80,,,3/7/2016,,3/7/2016,,,,,2.61%,$              31.80,0.83,55.26,27.54,36.25,15%,74%,1.50%,3.01%,5.28%,295.03%,307.05%,3.82,2.29%,-0.83%,,,,,,85%,,62,3.24%,3,2622,0.11%
,,,,,,,,,,,,,,,,,,2016,4/5/2016,$                                                        31.86,,,3/14/2016,,3/14/2016,,,,,2.61%,$              31.86,0.83,55.26,27.54,36.25,16%,73%,1.50%,3.01%,5.27%,294.22%,306.21%,3.82,2.29%,-0.62%,,,,,,86%,,63,3.27%,3,2625,0.11%
,,,,,,,,,,,,,,,,,,2016,4/6/2016,$                                                        31.83,,,3/21/2016,,3/21/2016,,,,,2.61%,$              31.83,0.83,55.26,27.54,36.25,15%,74%,1.50%,3.01%,5.28%,294.60%,306.60%,3.82,2.29%,-0.72%,,,,,,87%,,64,3.30%,2,2627,0.08%
,,,,,,,,,,,,,,,,,,2016,4/7/2016,$                                                        31.50,,,3/28/2016,,3/28/2016,,,,,2.63%,$              31.50,0.83,55.26,27.54,36.25,14%,75%,1.50%,3.01%,5.33%,298.73%,310.86%,3.82,2.29%,-1.75%,,,,,,88%,,65,3.33%,0,2627,0.00%
,,,,,,,,,,,,,,,,,,2016,4/8/2016,$                                                        31.96,,,4/4/2016,,4/4/2016,,,,,2.60%,$              31.96,0.83,55.26,27.54,36.25,16%,73%,1.50%,3.01%,5.26%,293.05%,305.01%,3.82,2.29%,-0.33%,,,,,,89%,,66,3.36%,0,2627,0.00%
,,,,,,,,,,,,,,,,,,2016,4/11/2016,$                                                       32.02,,,4/11/2016,,4/11/2016,,,,,2.59%,$             32.02,0.83,55.26,27.54,36.25,16%,73%,1.50%,3.01%,5.25%,292.25%,304.18%,3.82,2.29%,-0.12%,,,,,,90%,,67,3.39%,0,2627,0.00%
,,,,,,,,,,,,,,,,,,2016,4/12/2016,$                                                       32.77,,,4/18/2016,,4/18/2016,,,,,2.53%,$             32.77,0.83,55.26,27.54,36.25,19%,69%,1.50%,3.01%,5.13%,283.34%,294.99%,3.82,2.29%,0.00%,,,,,,91%,,68,,,,
,,,,,,,,,,,,,,,,,,2016,4/13/2016,$                                                       33.23,,,4/25/2016,,4/25/2016,,,,,2.50%,$             33.23,0.83,55.26,27.54,36.25,21%,66%,1.50%,3.01%,5.06%,278.03%,289.53%,3.82,2.29%,0.00%,,,,,,92%,,69,,,,
,,,,,,,,,,,,,,,,,,2016,4/14/2016,$                                                       33.49,,,5/2/2016,,5/2/2016,,,,,2.48%,$             33.49,0.83,55.26,27.54,36.25,21%,65%,1.50%,3.01%,5.02%,275.09%,286.50%,3.82,2.29%,0.00%,,,,,,93%,,70,,,,
,,,,,,,,,,,,,,,,,,2016,4/15/2016,$                                                       33.44,,,5/9/2016,,5/9/2016,,,,,2.48%,$             33.44,0.83,55.26,27.54,36.25,21%,65%,1.50%,3.01%,5.02%,275.60%,287.02%,3.82,2.29%,-0.13%,,,,,,94%,,71,,,,
,,,,,,,,,,,,,,,,,,2016,4/18/2016,$                                                        33.61,,,5/16/2016,,5/16/2016,,,,,2.47%,$              33.61,0.83,55.26,27.54,36.25,22%,64%,1.50%,3.01%,5.00%,273.75%,285.12%,3.82,2.29%,0.00%,,,,,,95%,,72,,,,
,,,,,,,,,,,,,,,,,,2016,4/19/2016,$                                                       33.78,,,5/23/2016,,5/23/2016,,,,,2.46%,$             33.78,0.83,55.26,27.54,36.25,23%,64%,1.50%,3.01%,4.97%,271.82%,283.13%,3.82,2.29%,0.00%,,,,,,96%,,73,,,,
,,,,,,,,,,,,,,,,,,2016,4/20/2016,$                                                       34.03,,,5/31/2016,,5/31/2016,,,,,2.44%,$             34.03,0.83,55.26,27.54,36.25,23%,62%,1.50%,3.01%,4.94%,269.14%,280.37%,3.82,2.29%,0.00%,,,,,,97%,,74,,,,
,,,,,,,,,,,,,,,,,,2016,4/21/2016,$                                                       33.70,,,6/6/2016,,6/6/2016,,,,,2.46%,$             33.70,0.83,55.26,27.54,36.25,22%,64%,1.50%,3.01%,4.99%,272.70%,284.04%,3.82,2.29%,-0.96%,,,,,,98%,,75,,,,
,,,,,,,,,,,,,,,,,,2016,4/22/2016,$                                                       33.96,,,6/13/2016,,6/13/2016,,,,,2.44%,$             33.96,0.83,55.26,27.54,36.25,23%,63%,1.50%,3.01%,4.95%,269.85%,281.10%,3.82,2.29%,-0.19%,,,,,,99%,,76,,,,
,,,,,,,,,,,,,,,,,,2016,4/25/2016,$                                                       33.94,,,6/20/2016,,6/20/2016,,,,,2.45%,$             33.94,0.83,55.26,27.54,36.25,23%,63%,1.50%,3.01%,4.95%,270.12%,281.38%,3.82,2.29%,-0.26%,,,,,,100%,,77,,,,
,,,,,,,,,,,,,,,,,,2016,4/26/2016,$                                                       34.00,,,6/27/2016,,6/27/2016,,,,,2.44%,$             34.00,0.83,55.26,27.54,36.25,23%,63%,1.50%,3.01%,4.94%,269.41%,280.65%,3.82,2.29%,-0.07%,,,,,,,,78,,,,
,,,,,,,,,,,,,,,,,,2016,4/27/2016,$                                                       34.66,,,7/5/2016,,7/5/2016,,,,,2.39%,$             34.66,0.83,55.26,27.54,36.25,26%,59%,1.50%,3.01%,4.85%,262.38%,273.40%,3.82,2.29%,0.00%,,,,,,,,79,,,,
,,,,,,,,,,,,,,,,,,2016,4/28/2016,$                                                        34.51,,,7/11/2016,,7/11/2016,,,,,2.41%,$              34.51,0.83,55.26,27.54,36.25,25%,60%,1.50%,3.01%,4.87%,264.01%,275.08%,3.82,2.29%,-0.45%,,,,,,,,80,,,,
,,,,,,,,,,,,,,,,,,2016,4/29/2016,$                                                       34.49,,,7/18/2016,,7/18/2016,,,,,2.41%,$             34.49,0.83,55.26,27.54,36.25,25%,60%,1.50%,3.01%,4.87%,264.22%,275.29%,3.82,2.29%,-0.50%,,,,,,,,,,,,
,,,,,,,,,,,,,,,,,,2016,5/2/2016,$                                                       34.57,,,7/25/2016,,7/25/2016,,,,,2.40%,$             34.57,0.83,55.26,27.54,36.25,25%,60%,1.50%,3.01%,4.86%,263.37%,274.42%,3.82,2.29%,-0.27%,,,,,,,,,,,,
,,,,,,,,,,,,,,,,,,2016,5/3/2016,$                                                       34.49,,,8/1/2016,,8/1/2016,,,,,2.41%,$             34.49,0.83,55.26,27.54,36.25,25%,60%,1.50%,3.01%,4.87%,264.22%,275.29%,3.82,2.29%,-0.50%,,,,,,,,,,,,
,,,,,,,,,,,,,,,,,,2016,5/4/2016,$                                                       34.22,,,8/8/2016,,8/8/2016,,,,,2.43%,$             34.22,0.83,55.26,27.54,36.25,24%,62%,1.50%,3.01%,4.91%,267.09%,278.26%,3.82,2.29%,-1.28%,,,,,,,,,,,,
,,,,,,,,,,,,,,,,,,2016,5/5/2016,$                                                       34.33,,,8/15/2016,,8/15/2016,,,,,2.42%,$             34.33,0.83,55.26,27.54,36.25,24%,61%,1.50%,3.01%,4.89%,265.86%,276.99%,3.82,2.29%,-0.95%,,,,,,,,,,,,
,,,,,,,,,,,,,,,,,,2016,5/6/2016,$                                                       34.43,,,8/22/2016,,8/22/2016,,,,,2.41%,$             34.43,0.83,55.26,27.54,36.25,25%,61%,1.50%,3.01%,4.88%,264.85%,275.95%,3.82,2.29%,-0.68%,,,,,,,,,,,,
,,,,,,,,,,,,,,,,,,2016,5/9/2016,$                                                       34.32,,,8/29/2016,,8/29/2016,,,,,2.42%,$             34.32,0.83,55.26,27.54,36.25,24%,61%,1.50%,3.01%,4.90%,265.97%,277.10%,3.82,2.29%,-0.98%,,,,,,,,,,,,
,,,,,,,,,,,,,,,,,,2016,5/10/2016,$                                                       34.59,,,9/6/2016,,9/6/2016,,,,,2.40%,$             34.59,0.83,55.26,27.54,36.25,25%,60%,1.50%,3.01%,4.86%,263.11%,274.15%,3.82,2.29%,-0.20%,,,,,,,,,,,,
,,,,,,,,,,,,,,,,,,2016,5/11/2016,$                                                       34.38,,,9/12/2016,,9/12/2016,,,,,2.41%,$             34.38,0.83,55.26,27.54,36.25,25%,61%,1.50%,3.01%,4.89%,265.33%,276.44%,3.82,2.29%,-0.81%,,,,,,,,,,,,
,,,,,,,,,,,,,,,,,,2016,5/12/2016,$                                                       34.62,,,9/19/2016,,9/19/2016,,,,,2.40%,$             34.62,0.83,55.26,27.54,36.25,26%,60%,1.50%,3.01%,4.85%,262.80%,273.83%,3.82,2.29%,-0.12%,,,,,,,,,,,,
,,,,,,,,,,,,,,,,,,2016,5/13/2016,$                                                       34.44,,,9/26/2016,,9/26/2016,,,,,2.41%,$             34.44,0.83,55.26,27.54,36.25,25%,60%,1.50%,3.01%,4.88%,264.75%,275.84%,3.82,2.29%,-0.65%,,,,,,,,,,,,
,,,,,,,,,,,,,,,,,,2016,5/16/2016,$                                                        34.51,,,10/3/2016,,10/3/2016,,,,,2.41%,$              34.51,0.83,55.26,27.54,36.25,25%,60%,1.50%,3.01%,4.87%,263.95%,275.02%,3.82,2.29%,-0.43%,,,,,,,,,,,,
,,,,,,,,,,,,,,,,,,2016,5/17/2016,$                                                       34.22,,,10/10/2016,,10/10/2016,,,,,2.43%,$             34.22,0.83,55.26,27.54,36.25,24%,61%,1.50%,3.01%,4.91%,267.04%,278.20%,3.82,2.29%,-1.27%,,,,,,,,,,,,
,,,,,,,,,,,,,,,,,,2016,5/18/2016,$                                                       34.50,,,10/17/2016,,10/17/2016,,,,,2.41%,$             34.50,0.83,55.26,27.54,36.25,25%,60%,1.50%,3.01%,4.87%,264.06%,275.13%,3.82,2.29%,-0.46%,,,,,,,,,,,,
,,,,,,,,,,,,,,,,,,2016,5/19/2016,$                                                       34.30,,,10/24/2016,,10/24/2016,,,,,2.42%,$             34.30,0.83,55.26,27.54,36.25,24%,61%,1.50%,3.01%,4.90%,266.18%,277.32%,3.82,2.29%,-1.04%,,,,,,,,,,,,
,,,,,,,,,,,,,,,,,,2016,5/20/2016,$                                                       34.37,,,10/31/2016,,10/31/2016,,,,,2.42%,$             34.37,0.83,55.26,27.54,36.25,25%,61%,1.50%,3.01%,4.89%,265.49%,276.60%,3.82,2.29%,-0.85%,,,,,,,,,,,,
,,,,,,,,,,,,,,,,,,2016,5/23/2016,$                                                       34.25,,,11/7/2016,,11/7/2016,,,,,2.42%,$             34.25,0.83,55.26,27.54,36.25,24%,61%,1.50%,3.01%,4.91%,266.72%,277.87%,3.82,2.29%,-1.18%,,,,,,,,,,,,
,,,,,,,,,,,,,,,,,,2016,5/24/2016,$                                                       34.78,,,11/14/2016,,11/14/2016,,,,,2.39%,$             34.78,0.83,55.26,27.54,36.25,26%,59%,1.50%,3.01%,4.83%,261.18%,272.16%,3.82,2.29%,0.00%,,,,,,,,,,,,
,,,,,,,,,,,,,,,,,,2016,5/25/2016,$                                                       34.93,,,11/21/2016,,11/21/2016,,,,,2.38%,$             34.93,0.83,55.26,27.54,36.25,27%,58%,1.50%,3.01%,4.81%,259.63%,270.57%,3.82,2.29%,0.00%,,,,,,,,,,,,
,,,,,,,,,,,,,,,,,,2016,5/26/2016,$                                                       34.59,,,11/28/2016,,11/28/2016,,,,,2.40%,$             34.59,0.83,55.26,27.54,36.25,25%,60%,1.50%,3.01%,4.86%,263.11%,274.15%,3.82,2.29%,-0.96%,,,,,,,,,,,,
,,,,,,,,,,,,,,,,,,2016,5/27/2016,$                                                       34.78,,,12/5/2016,,12/5/2016,,,,,2.39%,$             34.78,0.83,55.26,27.54,36.25,26%,59%,1.50%,3.01%,4.83%,261.13%,272.11%,3.82,2.29%,-0.42%,,,,,,,,,,,,
,,,,,,,,,,,,,,,,,,2016,5/31/2016,$                                                       34.73,,,12/12/2016,,12/12/2016,,,,,2.39%,$             34.73,0.83,55.26,27.54,36.25,26%,59%,1.50%,3.01%,4.84%,261.65%,272.65%,3.82,2.29%,-0.56%,,,,,,,,,,,,
,,,,,,,,,,,,,,,,,,2016,6/1/2016,$                                                        34.71,,,12/19/2016,,12/19/2016,,,,,2.39%,$              34.71,0.83,55.26,27.54,36.25,26%,59%,1.50%,3.01%,4.84%,261.91%,272.91%,3.82,2.29%,-0.63%,,,,,,,,,,,,
,,,,,,,,,,,,,,,,,,2016,6/2/2016,$                                                       34.79,,,12/27/2016,,12/27/2016,,,,,2.39%,$             34.79,0.83,55.26,27.54,36.25,26%,59%,1.50%,3.01%,4.83%,261.02%,272.00%,3.82,2.29%,-0.39%,,,,,,,,,,,,
,,,,,,,,,,,,,,,,,,2016,6/3/2016,$                                                       34.56,,,1/3/2017,,1/3/2017,,,,,2.40%,$             34.56,0.83,55.26,27.54,36.25,25%,60%,1.50%,3.01%,4.86%,263.43%,274.48%,3.82,2.29%,-1.05%,,,,,,,,,,,,
,,,,,,,,,,,,,,,,,,2016,6/6/2016,$                                                       34.68,,,1/9/2017,,1/9/2017,,,,,2.39%,$             34.68,0.83,55.26,27.54,36.25,26%,59%,1.50%,3.01%,4.84%,262.22%,273.24%,3.82,2.29%,-0.72%,,,,,,,,,,,,
,,,,,,,,,,,,,,,,,,2016,6/7/2016,$                                                       34.66,,,1/17/2017,,1/17/2017,,,,,2.40%,$             34.66,0.83,55.26,27.54,36.25,26%,59%,1.50%,3.01%,4.85%,262.43%,273.45%,3.82,2.29%,-0.77%,,,,,,,,,,,,
,,,,,,,,,,,,,,,,,,2016,6/8/2016,$                                                       34.95,,,1/23/2017,,1/23/2017,,,,,2.37%,$             34.95,0.83,55.26,27.54,36.25,27%,58%,1.50%,3.01%,4.81%,259.37%,270.30%,3.82,2.29%,0.00%,,,,,,,,,,,,
,,,,,,,,,,,,,,,,,,2016,6/9/2016,$                                                       34.85,,,1/30/2017,,1/30/2017,,,,,2.38%,$             34.85,0.83,55.26,27.54,36.25,26%,59%,1.50%,3.01%,4.82%,260.40%,271.36%,3.82,2.29%,-0.29%,,,,,,,,,,,,
,,,,,,,,,,,,,,,,,,2016,6/10/2016,$                                                       34.48,,,2/6/2017,,2/6/2017,,,,,2.41%,$             34.48,0.83,55.26,27.54,36.25,25%,60%,1.50%,3.01%,4.87%,264.32%,275.40%,3.82,2.29%,-1.36%,,,,,,,,,,,,
,,,,,,,,,,,,,,,,,,2016,6/13/2016,$                                                        34.19,,,2/13/2017,,2/13/2017,,,,,2.43%,$              34.19,0.83,55.26,27.54,36.25,24%,62%,1.50%,3.01%,4.91%,267.41%,278.59%,3.82,2.29%,-2.19%,,,,,,,,,,,,
,,,,,,,,,,,,,,,,,,2016,6/14/2016,$                                                        34.16,,,2/21/2017,,2/21/2017,,,,,2.43%,$              34.16,0.83,55.26,27.54,36.25,24%,62%,1.50%,3.01%,4.92%,267.74%,278.92%,3.82,2.29%,-2.27%,,,,,,,,,,,,
,,,,,,,,,,,,,,,,,,2016,6/15/2016,$                                                       34.08,,,2/27/2017,,2/27/2017,,,,,2.44%,$             34.08,0.83,55.26,27.54,36.25,24%,62%,1.50%,3.01%,4.93%,268.54%,279.75%,3.82,2.29%,-2.49%,,,,,,,,,,,,
,,,,,,,,,,,,,,,,,,2016,6/16/2016,$                                                        34.41,,,3/6/2017,,3/6/2017,,,,,2.41%,$              34.41,0.83,55.26,27.54,36.25,25%,61%,1.50%,3.01%,4.88%,265.06%,276.17%,3.82,2.29%,-1.56%,,,,,,,,,,,,
,,,,,,,,,,,,,,,,,,2016,6/17/2016,$                                                       34.40,,,3/13/2017,,3/13/2017,,,,,2.41%,$             34.40,0.83,55.26,27.54,36.25,25%,61%,1.50%,3.01%,4.88%,265.17%,276.28%,3.82,2.29%,-1.59%,,,,,,,,,,,,
,,,,,,,,,,,,,,,,,,2016,6/20/2016,$                                                       34.89,,,3/20/2017,,3/20/2017,,,,,2.38%,$             34.89,0.83,55.26,27.54,36.25,27%,58%,1.50%,3.01%,4.82%,259.99%,270.94%,3.82,2.29%,-0.17%,,,,,,,,,,,,
,,,,,,,,,,,,,,,,,,2016,6/21/2016,$                                                       35.28,,,3/27/2017,,3/27/2017,,,,,2.35%,$             35.28,0.83,55.26,27.54,36.25,28%,57%,1.50%,3.01%,4.76%,256.06%,266.89%,3.82,2.29%,0.00%,,,,,,,,,,,,
,,,,,,,,,,,,,,,,,,2016,6/22/2016,$                                                       35.42,,,4/3/2017,,4/3/2017,,,,,2.34%,$             35.42,0.83,55.26,27.54,36.25,28%,56%,1.50%,3.01%,4.74%,254.60%,265.39%,3.82,2.29%,0.00%,,,,,,,,,,,,
,,,,,,,,,,,,,,,,,,2016,6/23/2016,$                                                       35.89,,,4/10/2017,,4/10/2017,,,,,2.31%,$             35.89,0.83,55.26,27.54,36.25,30%,54%,1.50%,3.01%,4.68%,250.01%,260.65%,3.82,2.29%,0.00%,,,,,,,,,,,,
,,,,,,,,,,,,,,,,,,2016,6/24/2016,$                                                       34.63,,,4/17/2017,,4/17/2017,,,,,2.40%,$             34.63,0.83,55.26,27.54,36.25,26%,60%,1.50%,3.01%,4.85%,262.69%,273.72%,3.82,2.29%,-3.50%,,,,,,,,,,,,
,,,,,,,,,,,,,,,,,,2016,6/27/2016,$                                                       33.67,,,4/24/2017,,4/24/2017,,,,,2.47%,$             33.67,0.83,55.26,27.54,36.25,22%,64%,1.50%,3.01%,4.99%,273.09%,284.43%,3.82,2.29%,-6.19%,,,,,,,,,,,,
,,,,,,,,,,,,,,,,,,2016,6/28/2016,$                                                       34.43,,,5/1/2017,,5/1/2017,,,,,2.41%,$             34.43,0.83,55.26,27.54,36.25,25%,61%,1.50%,3.01%,4.88%,264.85%,275.95%,3.82,2.29%,-4.07%,,,,,,,,,,,,
,,,,,,,,,,,,,,,,,,2016,6/29/2016,$                                                       35.04,,,5/8/2017,,5/8/2017,,,,,2.37%,$             35.04,0.83,55.26,27.54,36.25,27%,58%,1.50%,3.01%,4.79%,258.45%,269.35%,3.82,2.29%,-2.35%,,,,,,,,,,,,
,,,,,,,,,,,,,,,,,,2016,6/30/2016,$                                                       36.08,,,5/15/2017,,5/15/2017,,,,,2.30%,$             36.08,0.83,55.26,27.54,36.25,31%,53%,1.50%,3.01%,4.66%,248.12%,258.70%,3.82,2.29%,0.00%,,,,,,,,,,,,
,,,,,,,,,,,,,,,,,,2016,7/1/2016,$                                                       36.25,,,5/22/2017,,5/22/2017,,,,,2.29%,$             36.25,0.83,55.26,27.54,36.25,31%,52%,1.50%,3.01%,4.63%,246.48%,257.02%,3.82,2.29%,0.00%,,,,,,,,,,,,
,,,,,,,,,,,,,,,,,,2016,7/5/2016,$                                                       35.75,,,5/30/2017,,5/30/2017,,,,,2.32%,$             35.75,0.83,55.26,27.54,36.25,30%,55%,1.50%,3.01%,4.70%,251.33%,262.01%,3.82,2.29%,-1.38%,,,,,,,,,,,,
,,,,,,,,,,,,,,,,,,2016,7/6/2016,$                                                         36.11,,,6/5/2017,,6/5/2017,,,,,2.30%,$               36.11,0.83,55.26,27.54,36.25,31%,53%,1.50%,3.01%,4.65%,247.87%,258.45%,3.82,2.29%,-0.40%,,,,,,,,,,,,
,,,,,,,,,,,,,,,,,,2016,7/7/2016,$                                                        35.71,,,6/12/2017,,6/12/2017,,,,,2.32%,$              35.71,0.83,55.26,27.54,36.25,29%,55%,1.50%,3.01%,4.70%,251.72%,262.42%,3.82,2.29%,-1.49%,,,,,,,,,,,,
,,,,,,,,,,,,,,,,,,2016,7/8/2016,$                                                       36.25,,,6/19/2017,,6/19/2017,,,,,2.29%,$             36.25,0.83,55.26,27.54,36.25,31%,52%,1.50%,3.01%,4.64%,246.53%,257.07%,3.82,2.29%,-0.01%,,,,,,,,,,,,
,,,,,,,,,,,,,,,,,,2016,7/11/2016,$                                                       36.33,,,6/26/2017,,6/26/2017,,,,,2.28%,$             36.33,0.83,55.26,27.54,36.25,32%,52%,1.50%,3.01%,4.62%,245.72%,256.23%,3.82,2.29%,0.00%,,,,,,,,,,,,
,,,,,,,,,,,,,,,,,,2016,7/12/2016,$                                                       36.60,,,7/3/2017,,7/3/2017,,,,,2.27%,$             36.60,0.83,55.26,27.54,36.25,33%,51%,1.50%,3.01%,4.59%,243.17%,253.61%,3.82,2.29%,0.00%,,,,,,,,,,,,
,,,,,,,,,,,,,,,,,,2016,7/13/2016,$                                                       36.64,,,7/10/2017,,7/10/2017,,,,,2.27%,$             36.64,0.83,55.26,27.54,36.25,33%,51%,1.50%,3.01%,4.59%,242.79%,253.22%,3.82,2.29%,0.00%,,,,,,,,,,,,
,,,,,,,,,,,,,,,,,,2016,7/14/2016,$                                                       36.85,,,7/17/2017,,7/17/2017,,,,,2.25%,$             36.85,0.83,55.26,27.54,36.25,34%,50%,1.50%,3.01%,4.56%,240.84%,251.21%,3.82,2.29%,0.00%,,,,,,,,,,,,
,,,,,,,,,,,,,,,,,,2016,7/15/2016,$                                                       36.68,,,7/24/2017,,7/24/2017,,,,,2.26%,$             36.68,0.83,55.26,27.54,36.25,33%,51%,1.50%,3.01%,4.58%,242.42%,252.84%,3.82,2.29%,-0.46%,,,,,,,,,,,,
,,,,,,,,,,,,,,,,,,2016,7/18/2016,$                                                        36.61,,,7/31/2017,,7/31/2017,,,,,2.27%,$              36.61,0.83,55.26,27.54,36.25,33%,51%,1.50%,3.01%,4.59%,243.12%,253.56%,3.82,2.29%,-0.66%,,,,,,,,,,,,
,,,,,,,,,,,,,,,,,,2016,7/19/2016,$                                                        36.61,,,8/7/2017,,8/7/2017,,,,,2.27%,$              36.61,0.83,55.26,27.54,36.25,33%,51%,1.50%,3.01%,4.59%,243.12%,253.56%,3.82,2.29%,-0.66%,,,,,,,,,,,,
,,,,,,,,,,,,,,,,,,2016,7/20/2016,$                                                       36.73,,,8/14/2017,,8/14/2017,,,,,2.26%,$             36.73,0.83,55.26,27.54,36.25,33%,50%,1.50%,3.01%,4.57%,242.00%,252.40%,3.82,2.29%,-0.34%,,,,,,,,,,,,
,,,,,,,,,,,,,,,,,,2016,7/21/2016,$                                                       36.67,,,8/21/2017,,8/21/2017,,,,,2.26%,$             36.67,0.83,55.26,27.54,36.25,33%,51%,1.50%,3.01%,4.58%,242.56%,252.98%,3.82,2.29%,-0.50%,,,,,,,,,,,,
,,,,,,,,,,,,,,,,,,2016,7/22/2016,$                                                       36.75,,,8/28/2017,,8/28/2017,,,,,2.26%,$             36.75,0.83,55.26,27.54,36.25,33%,50%,1.50%,3.01%,4.57%,241.82%,252.21%,3.82,2.29%,-0.28%,,,,,,,,,,,,
,,,,,,,,,,,,,,,,,,2016,7/25/2016,$                                                       36.63,,,9/5/2017,,9/5/2017,,,,,2.27%,$             36.63,0.83,55.26,27.54,36.25,33%,51%,1.50%,3.01%,4.59%,242.94%,253.37%,3.82,2.29%,-0.61%,,,,,,,,,,,,
,,,,,,,,,,,,,,,,,,2016,7/26/2016,$                                                       36.85,,,9/11/2017,,9/11/2017,,,,,2.25%,$             36.85,0.83,55.26,27.54,36.25,34%,50%,1.50%,3.01%,4.56%,240.89%,251.26%,3.82,2.29%,-0.01%,,,,,,,,,,,,
,,,,,,,,,,,,,,,,,,2016,7/27/2016,$                                                       36.68,,,9/18/2017,,9/18/2017,,,,,2.26%,$             36.68,0.83,55.26,27.54,36.25,33%,51%,1.50%,3.01%,4.58%,242.42%,252.84%,3.82,2.29%,-0.46%,,,,,,,,,,,,
,,,,,,,,,,,,,,,,,,2016,7/28/2016,$                                                       36.66,,,9/25/2017,,9/25/2017,,,,,2.26%,$             36.66,0.83,55.26,27.54,36.25,33%,51%,1.50%,3.01%,4.58%,242.61%,253.03%,3.82,2.29%,-0.52%,,,,,,,,,,,,
,,,,,,,,,,,,,,,,,,2016,7/29/2016,$                                                        36.14,,,10/2/2017,,10/2/2017,,,,,2.30%,$              36.14,0.83,55.26,27.54,36.25,31%,53%,1.50%,3.01%,4.65%,247.54%,258.11%,3.82,2.29%,-1.93%,,,,,,,,,,,,
,,,,,,,,,,,,,,,,,,2016,8/1/2016,$                                                       35.79,,,10/9/2017,,10/9/2017,,,,,2.32%,$             35.79,0.83,55.26,27.54,36.25,30%,54%,1.50%,3.01%,4.69%,250.94%,261.61%,3.82,2.29%,-2.88%,,,,,,,,,,,,
,,,,,,,,,,,,,,,,,,2016,8/2/2016,$                                                        35.81,,,10/16/2017,,10/16/2017,,,,,2.32%,$              35.81,0.83,55.26,27.54,36.25,30%,54%,1.50%,3.01%,4.69%,250.74%,261.41%,3.82,2.29%,-2.82%,,,,,,,,,,,,
,,,,,,,,,,,,,,,,,,2016,8/3/2016,$                                                       35.99,,,10/23/2017,,10/23/2017,,,,,2.31%,$             35.99,0.83,55.26,27.54,36.25,30%,54%,1.50%,3.01%,4.67%,249.03%,259.65%,3.82,2.29%,-2.35%,,,,,,,,,,,,
,,,,,,,,,,,,,,,,,,2016,8/4/2016,$                                                       35.98,,,10/30/2017,,10/30/2017,,,,,2.31%,$             35.98,0.83,55.26,27.54,36.25,30%,54%,1.50%,3.01%,4.67%,249.08%,259.70%,3.82,2.29%,-2.36%,,,,,,,,,,,,
,,,,,,,,,,,,,,,,,,2016,8/5/2016,$                                                       36.54,,,11/6/2017,,11/6/2017,,,,,2.27%,$             36.54,0.83,55.26,27.54,36.25,32%,51%,1.50%,3.01%,4.60%,243.78%,254.24%,3.82,2.29%,-0.85%,,,,,,,,,,,,
,,,,,,,,,,,,,,,,,,2016,8/8/2016,$                                                       36.54,,,11/13/2017,,11/13/2017,,,,,2.27%,$             36.54,0.83,55.26,27.54,36.25,32%,51%,1.50%,3.01%,4.60%,243.73%,254.19%,3.82,2.29%,-0.84%,,,,,,,,,,,,
,,,,,,,,,,,,,,,,,,2016,8/9/2016,$                                                       36.56,,,11/20/2017,,11/20/2017,,,,,2.27%,$             36.56,0.83,55.26,27.54,36.25,33%,51%,1.50%,3.01%,4.60%,243.59%,254.04%,3.82,2.29%,-0.80%,,,,,,,,,,,,
,,,,,,,,,,,,,,,,,,2016,8/10/2016,$                                                       36.59,,,11/27/2017,,11/27/2017,,,,,2.27%,$             36.59,0.83,55.26,27.54,36.25,33%,51%,1.50%,3.01%,4.59%,243.31%,253.75%,3.82,2.29%,-0.72%,,,,,,,,,,,,
,,,,,,,,,,,,,,,,,,2016,8/11/2016,$                                                       36.54,,,12/4/2017,,12/4/2017,,,,,2.27%,$             36.54,0.83,55.26,27.54,36.25,32%,51%,1.50%,3.01%,4.60%,243.78%,254.24%,3.82,2.29%,-0.85%,,,,,,,,,,,,
,,,,,,,,,,,,,,,,,,2016,8/12/2016,$                                                       36.35,,,12/11/2017,,12/11/2017,,,,,2.28%,$             36.35,0.83,55.26,27.54,36.25,32%,52%,1.50%,3.01%,4.62%,245.58%,256.09%,3.82,2.29%,-1.37%,,,,,,,,,,,,
,,,,,,,,,,,,,,,,,,2016,8/15/2016,$                                                       36.34,,,12/18/2017,,12/18/2017,,,,,2.28%,$             36.34,0.83,55.26,27.54,36.25,32%,52%,1.50%,3.01%,4.62%,245.62%,256.14%,3.82,2.29%,-1.38%,,,,,,,,,,,,
,,,,,,,,,,,,,,,,,,2016,8/16/2016,$                                                        36.10,,,12/26/2017,,12/26/2017,,,,,2.30%,$              36.10,0.83,55.26,27.54,36.25,31%,53%,1.50%,3.01%,4.65%,247.92%,258.50%,3.82,2.29%,-2.04%,,,,,,,,,,,,
,,,,,,,,,,,,,,,,,,2016,8/17/2016,$                                                       36.34,,,1/2/2018,,1/2/2018,,,,,2.28%,$             36.34,0.83,55.26,27.54,36.25,32%,52%,1.50%,3.01%,4.62%,245.67%,256.19%,3.82,2.29%,-1.40%,,,,,,,,,,,,
,,,,,,,,,,,,,,,,,,2016,8/18/2016,$                                                        36.13,,,1/8/2018,,1/8/2018,,,,,2.30%,$              36.13,0.83,55.26,27.54,36.25,31%,53%,1.50%,3.01%,4.65%,247.63%,258.21%,3.82,2.29%,-1.95%,,,,,,,,,,,,
,,,,,,,,,,,,,,,,,,2016,8/19/2016,$                                                       36.44,,,1/16/2018,,1/16/2018,,,,,2.28%,$             36.44,0.83,55.26,27.54,36.25,32%,52%,1.50%,3.01%,4.61%,244.68%,255.16%,3.82,2.29%,-1.11%,,,,,,,,,,,,
,,,,,,,,,,,,,,,,,,2016,8/22/2016,$                                                       36.32,,,1/22/2018,,1/22/2018,,,,,2.29%,$             36.32,0.83,55.26,27.54,36.25,32%,52%,1.50%,3.01%,4.63%,245.81%,256.33%,3.82,2.29%,-1.44%,,,,,,,,,,,,
,,,,,,,,,,,,,,,,,,2016,8/23/2016,$                                                       36.39,,,1/29/2018,,1/29/2018,,,,,2.28%,$             36.39,0.83,55.26,27.54,36.25,32%,52%,1.50%,3.01%,4.62%,245.15%,255.65%,3.82,2.29%,-1.25%,,,,,,,,,,,,
,,,,,,,,,,,,,,,,,,2016,8/24/2016,$                                                       36.35,,,2/5/2018,,2/5/2018,,,,,2.28%,$             36.35,0.83,55.26,27.54,36.25,32%,52%,1.50%,3.01%,4.62%,245.53%,256.04%,3.82,2.29%,-1.36%,,,,,,,,,,,,
,,,,,,,,,,,,,,,,,,2016,8/25/2016,$                                                       36.50,,,2/12/2018,,2/12/2018,,,,,2.27%,$             36.50,0.83,55.26,27.54,36.25,32%,51%,1.50%,3.01%,4.60%,244.16%,254.62%,3.82,2.29%,-0.96%,,,,,,,,,,,,
,,,,,,,,,,,,,,,,,,2016,8/26/2016,$                                                       36.38,,,2/20/2018,,2/20/2018,,,,,2.28%,$             36.38,0.83,55.26,27.54,36.25,32%,52%,1.50%,3.01%,4.62%,245.29%,255.79%,3.82,2.29%,-1.29%,,,,,,,,,,,,
,,,,,,,,,,,,,,,,,,2016,8/29/2016,$                                                       36.85,,,2/26/2018,,2/26/2018,,,,,2.25%,$             36.85,0.83,55.26,27.54,36.25,34%,50%,1.50%,3.01%,4.56%,240.84%,251.21%,3.82,2.29%,0.00%,,,,,,,,,,,,
,,,,,,,,,,,,,,,,,,2016,8/30/2016,$                                                        37.14,,,3/5/2018,,3/5/2018,,,,,2.23%,$              37.14,0.83,55.26,27.54,36.25,35%,49%,1.50%,3.01%,4.52%,238.18%,248.47%,3.82,2.29%,0.00%,,,,,,,,,,,,
,,,,,,,,,,,,,,,,,,2016,8/31/2016,$                                                       37.09,,,3/12/2018,,3/12/2018,,,,,2.24%,$             37.09,0.83,55.26,27.54,36.25,34%,49%,1.50%,3.01%,4.53%,238.64%,248.94%,3.82,2.29%,-0.13%,,,,,,,,,,,,
,,,,,,,,,,,,,,,,,,2016,9/1/2016,$                                                       36.94,,,3/19/2018,,3/19/2018,,,,,2.25%,$             36.94,0.83,55.26,27.54,36.25,34%,50%,1.50%,3.01%,4.55%,240.06%,250.40%,3.82,2.29%,-0.55%,,,,,,,,,,,,
,,,,,,,,,,,,,,,,,,2016,9/2/2016,$                                                       37.00,,,3/26/2018,,3/26/2018,,,,,2.24%,$             37.00,0.83,55.26,27.54,36.25,34%,49%,1.50%,3.01%,4.54%,239.51%,249.83%,3.82,2.29%,-0.39%,,,,,,,,,,,,
,,,,,,,,,,,,,,,,,,2016,9/6/2016,$                                                       36.83,,,4/2/2018,,4/2/2018,,,,,2.25%,$             36.83,0.83,55.26,27.54,36.25,34%,50%,1.50%,3.01%,4.56%,241.03%,251.40%,3.82,2.29%,-0.83%,,,,,,,,,,,,
,,,,,,,,,,,,,,,,,,2016,9/7/2016,$                                                       36.77,,,4/9/2018,,4/9/2018,,,,,2.26%,$             36.77,0.83,55.26,27.54,36.25,33%,50%,1.50%,3.01%,4.57%,241.63%,252.02%,3.82,2.29%,-1.01%,,,,,,,,,,,,
,,,,,,,,,,,,,,,,,,2016,9/8/2016,$                                                       36.47,,,4/16/2018,,4/16/2018,,,,,2.28%,$             36.47,0.83,55.26,27.54,36.25,32%,52%,1.50%,3.01%,4.61%,244.39%,254.87%,3.82,2.29%,-1.80%,,,,,,,,,,,,
,,,,,,,,,,,,,,,,,,2016,9/9/2016,$                                                       36.20,,,4/23/2018,,4/23/2018,,,,,2.29%,$             36.20,0.83,55.26,27.54,36.25,31%,53%,1.50%,3.01%,4.64%,246.96%,257.51%,3.82,2.29%,-2.53%,,,,,,,,,,,,
,,,,,,,,,,,,,,,,,,2016,9/12/2016,$                                                        36.71,,,4/30/2018,,4/30/2018,,,,,2.26%,$              36.71,0.83,55.26,27.54,36.25,33%,51%,1.50%,3.01%,4.58%,242.14%,252.55%,3.82,2.29%,-1.16%,,,,,,,,,,,,
,,,,,,,,,,,,,,,,,,2016,9/13/2016,$                                                       35.92,,,5/7/2018,,5/7/2018,,,,,2.31%,$             35.92,0.83,55.26,27.54,36.25,30%,54%,1.50%,3.01%,4.68%,249.71%,260.35%,3.82,2.29%,-3.30%,,,,,,,,,,,,
,,,,,,,,,,,,,,,,,,2016,9/14/2016,$                                                       35.90,,,5/14/2018,,5/14/2018,,,,,2.31%,$             35.90,0.83,55.26,27.54,36.25,30%,54%,1.50%,3.01%,4.68%,249.86%,260.50%,3.82,2.29%,-3.34%,,,,,,,,,,,,
,,,,,,,,,,,,,,,,,,2016,9/15/2016,$                                                        36.17,,,5/21/2018,,5/21/2018,,,,,2.29%,$              36.17,0.83,55.26,27.54,36.25,31%,53%,1.50%,3.01%,4.64%,247.25%,257.81%,3.82,2.29%,-2.61%,,,,,,,,,,,,
,,,,,,,,,,,,,,,,,,2016,9/16/2016,$                                                       35.67,,,5/29/2018,,5/29/2018,,,,,2.33%,$             35.67,0.83,55.26,27.54,36.25,29%,55%,1.50%,3.01%,4.71%,252.12%,262.83%,3.82,2.29%,-3.96%,,,,,,,,,,,,
,,,,,,,,,,,,,,,,,,2016,9/19/2016,$                                                        36.01,,,6/4/2018,,6/4/2018,,,,,2.30%,$              36.01,0.83,55.26,27.54,36.25,31%,53%,1.50%,3.01%,4.67%,248.79%,259.40%,3.82,2.29%,-3.04%,,,,,,,,,,,,
,,,,,,,,,,,,,,,,,,2016,9/20/2016,$                                                       36.23,,,6/11/2018,,6/11/2018,,,,,2.29%,$             36.23,0.83,55.26,27.54,36.25,31%,53%,1.50%,3.01%,4.64%,246.72%,257.27%,3.82,2.29%,-2.46%,,,,,,,,,,,,
,,,,,,,,,,,,,,,,,,2016,9/21/2016,$                                                       36.75,,,6/18/2018,,6/18/2018,,,,,2.26%,$             36.75,0.83,55.26,27.54,36.25,33%,50%,1.50%,3.01%,4.57%,241.77%,252.16%,3.82,2.29%,-1.05%,,,,,,,,,,,,
,,,,,,,,,,,,,,,,,,2016,9/22/2016,$                                                       36.76,,,6/25/2018,,6/25/2018,,,,,2.26%,$             36.76,0.83,55.26,27.54,36.25,33%,50%,1.50%,3.01%,4.57%,241.68%,252.07%,3.82,2.29%,-1.02%,,,,,,,,,,,,
,,,,,,,,,,,,,,,,,,2016,9/23/2016,$                                                       36.37,,,7/2/2018,,7/2/2018,,,,,2.28%,$             36.37,0.83,55.26,27.54,36.25,32%,52%,1.50%,3.01%,4.62%,245.34%,255.84%,3.82,2.29%,-2.07%,,,,,,,,,,,,
,,,,,,,,,,,,,,,,,,2016,9/26/2016,$                                                        36.01,,,7/9/2018,,7/9/2018,,,,,2.30%,$              36.01,0.83,55.26,27.54,36.25,31%,53%,1.50%,3.01%,4.67%,248.79%,259.40%,3.82,2.29%,-3.04%,,,,,,,,,,,,
,,,,,,,,,,,,,,,,,,2016,9/27/2016,$                                                        36.21,,,7/16/2018,,7/16/2018,,,,,2.29%,$              36.21,0.83,55.26,27.54,36.25,31%,53%,1.50%,3.01%,4.64%,246.87%,257.42%,3.82,2.29%,-2.50%,,,,,,,,,,,,
,,,,,,,,,,,,,,,,,,2016,9/28/2016,$                                                       36.24,,,7/23/2018,,7/23/2018,,,,,2.29%,$             36.24,0.83,55.26,27.54,36.25,31%,53%,1.50%,3.01%,4.64%,246.63%,257.17%,3.82,2.29%,-2.44%,,,,,,,,,,,,
,,,,,,,,,,,,,,,,,,2016,9/29/2016,$                                                       35.78,,,7/30/2018,,7/30/2018,,,,,2.32%,$             35.78,0.83,55.26,27.54,36.25,30%,54%,1.50%,3.01%,4.70%,251.03%,261.71%,3.82,2.29%,-3.66%,,,,,,,,,,,,
,,,,,,,,,,,,,,,,,,2016,9/30/2016,$                                                       35.94,,,8/6/2018,,8/6/2018,,,,,2.31%,$             35.94,0.83,55.26,27.54,36.25,30%,54%,1.50%,3.01%,4.68%,249.52%,260.15%,3.82,2.29%,-3.24%,,,,,,,,,,,,
,,,,,,,,,,,,,,,,,,2016,10/3/2016,$                                                       35.79,,,8/13/2018,,8/13/2018,,,,,2.32%,$             35.79,0.83,55.26,27.54,36.25,30%,54%,1.50%,3.01%,4.69%,250.99%,261.66%,3.82,2.29%,-3.65%,,,,,,,,,,,,
,,,,,,,,,,,,,,,,,,2016,10/4/2016,$                                                       35.75,,,8/20/2018,,8/20/2018,,,,,2.32%,$             35.75,0.83,55.26,27.54,36.25,30%,55%,1.50%,3.01%,4.70%,251.33%,262.01%,3.82,2.29%,-3.74%,,,,,,,,,,,,
,,,,,,,,,,,,,,,,,,2016,10/5/2016,$                                                       35.95,,,8/27/2018,,8/27/2018,,,,,2.31%,$             35.95,0.83,55.26,27.54,36.25,30%,54%,1.50%,3.01%,4.67%,249.37%,260.00%,3.82,2.29%,-3.20%,,,,,,,,,,,,
,,,,,,,,,,,,,,,,,,2016,10/6/2016,$                                                       36.04,,,9/4/2018,,9/4/2018,,,,,2.30%,$             36.04,0.83,55.26,27.54,36.25,31%,53%,1.50%,3.01%,4.66%,248.55%,259.15%,3.82,2.29%,-2.98%,,,,,,,,,,,,
,,,,,,,,,,,,,,,,,,2016,10/7/2016,$                                                       35.69,,,9/10/2018,,9/10/2018,,,,,2.33%,$             35.69,0.83,55.26,27.54,36.25,29%,55%,1.50%,3.01%,4.71%,251.92%,262.62%,3.82,2.29%,-3.90%,,,,,,,,,,,,
,,,,,,,,,,,,,,,,,,2016,10/10/2016,$                                                       35.84,,,9/17/2018,,9/17/2018,,,,,2.32%,$             35.84,0.83,55.26,27.54,36.25,30%,54%,1.50%,3.01%,4.69%,250.45%,261.10%,3.82,2.29%,-3.50%,,,,,,,,,,,,
,,,,,,,,,,,,,,,,,,2016,10/11/2016,$                                                       35.49,,,9/24/2018,,9/24/2018,,,,,2.34%,$             35.49,0.83,55.26,27.54,36.25,29%,56%,1.50%,3.01%,4.73%,253.90%,264.67%,3.82,2.29%,-4.44%,,,,,,,,,,,,
,,,,,,,,,,,,,,,,,,2016,10/12/2016,$                                                        35.81,,,10/1/2018,,10/1/2018,,,,,2.32%,$              35.81,0.83,55.26,27.54,36.25,30%,54%,1.50%,3.01%,4.69%,250.74%,261.41%,3.82,2.29%,-3.58%,,,,,,,,,,,,
,,,,,,,,,,,,,,,,,,2016,10/13/2016,$                                                        35.31,,,10/8/2018,,10/8/2018,,,,,2.35%,$              35.31,0.83,55.26,27.54,36.25,28%,57%,1.50%,3.01%,4.76%,255.76%,266.58%,3.82,2.29%,-4.94%,,,,,,,,,,,,
,,,,,,,,,,,,,,,,,,2016,10/14/2016,$                                                       35.48,,,10/15/2018,,10/15/2018,,,,,2.34%,$             35.48,0.83,55.26,27.54,36.25,29%,56%,1.50%,3.01%,4.74%,254.00%,264.77%,3.82,2.29%,-4.47%,,,,,,,,,,,,
,,,,,,,,,,,,,,,,,,2016,10/17/2016,$                                                        35.31,,,10/22/2018,,10/22/2018,,,,,2.35%,$              35.31,0.83,55.26,27.54,36.25,28%,57%,1.50%,3.01%,4.76%,255.71%,266.53%,3.82,2.29%,-4.93%,,,,,,,,,,,,
,,,,,,,,,,,,,,,,,,2016,10/18/2016,$                                                        35.15,,,10/29/2018,,10/29/2018,,,,,2.36%,$              35.15,0.83,55.26,27.54,36.25,27%,57%,1.50%,3.01%,4.78%,257.33%,268.19%,3.82,2.29%,-5.36%,,,,,,,,,,,,
,,,,,,,,,,,,,,,,,,2016,10/19/2016,$                                                       35.27,,,11/5/2018,,11/5/2018,,,,,2.35%,$             35.27,0.83,55.26,27.54,36.25,28%,57%,1.50%,3.01%,4.76%,256.11%,266.94%,3.82,2.29%,-5.04%,,,,,,,,,,,,
,,,,,,,,,,,,,,,,,,2016,10/20/2016,$                                                       34.88,,,11/12/2018,,11/12/2018,,,,,2.38%,$             34.88,0.83,55.26,27.54,36.25,26%,58%,1.50%,3.01%,4.82%,260.09%,271.04%,3.82,2.29%,-6.09%,,,,,,,,,,,,
,,,,,,,,,,,,,,,,,,2016,10/21/2016,$                                                       34.69,,,11/19/2018,,11/19/2018,,,,,2.39%,$             34.69,0.83,55.26,27.54,36.25,26%,59%,1.50%,3.01%,4.84%,262.06%,273.08%,3.82,2.29%,-6.60%,,,,,,,,,,,,
,,,,,,,,,,,,,,,,,,2016,10/24/2016,$                                                        35.01,,,11/26/2018,,11/26/2018,,,,,2.37%,$              35.01,0.83,55.26,27.54,36.25,27%,58%,1.50%,3.01%,4.80%,258.75%,269.67%,3.82,2.29%,-5.74%,,,,,,,,,,,,
,,,,,,,,,,,,,,,,,,2016,10/25/2016,$                                                       34.82,,,12/3/2018,,12/3/2018,,,,,2.38%,$             34.82,0.83,55.26,27.54,36.25,26%,59%,1.50%,3.01%,4.82%,260.71%,271.68%,3.82,2.29%,-6.25%,,,,,,,,,,,,
,,,,,,,,,,,,,,,,,,2016,10/26/2016,$                                                       34.90,,,12/10/2018,,12/10/2018,,,,,2.38%,$             34.90,0.83,55.26,27.54,36.25,27%,58%,1.50%,3.01%,4.81%,259.89%,270.83%,3.82,2.29%,-6.03%,,,,,,,,,,,,
,,,,,,,,,,,,,,,,,,2016,10/27/2016,$                                                         35.11,,,12/17/2018,,12/17/2018,,,,,2.36%,$               35.11,0.83,55.26,27.54,36.25,27%,57%,1.50%,3.01%,4.79%,257.78%,268.67%,3.82,2.29%,-5.48%,,,,,,,,,,,,
,,,,,,,,,,,,,,,,,,2016,10/28/2016,$                                                       34.26,,,12/24/2018,,12/24/2018,,,,,2.42%,$             34.26,0.83,55.26,27.54,36.25,24%,61%,1.50%,3.01%,4.90%,266.66%,277.81%,3.82,2.29%,-7.77%,,,,,,,,,,,,
,,,,,,,,,,,,,,,,,,2016,10/31/2016,$                                                       34.44,,,12/31/2018,,12/31/2018,,,,,2.41%,$             34.44,0.83,55.26,27.54,36.25,25%,60%,1.50%,3.01%,4.88%,264.75%,275.84%,3.82,2.29%,-7.28%,,,,,,,,,,,,
,,,,,,,,,,,,,,,,,,2016,11/1/2016,$                                                       34.20,,,1/7/2019,,1/7/2019,,,,,2.43%,$             34.20,0.83,55.26,27.54,36.25,24%,62%,1.50%,3.01%,4.91%,267.31%,278.48%,3.82,2.29%,-7.93%,,,,,,,,,,,,
,,,,,,,,,,,,,,,,,,2016,11/2/2016,$                                                       34.20,,,1/14/2019,,1/14/2019,,,,,2.43%,$             34.20,0.83,55.26,27.54,36.25,24%,62%,1.50%,3.01%,4.91%,267.31%,278.48%,3.82,2.29%,-7.93%,,,,,,,,,,,,
,,,,,,,,,,,,,,,,,,2016,11/3/2016,$                                                       34.42,,,1/22/2019,,1/22/2019,,,,,2.41%,$             34.42,0.83,55.26,27.54,36.25,25%,61%,1.50%,3.01%,4.88%,264.90%,276.00%,3.82,2.29%,-7.32%,,,,,,,,,,,,
,,,,,,,,,,,,,,,,,,2016,11/4/2016,$                                                       34.28,,,1/28/2019,,1/28/2019,,,,,2.42%,$             34.28,0.83,55.26,27.54,36.25,24%,61%,1.50%,3.01%,4.90%,266.39%,277.54%,3.82,2.29%,-7.70%,,,,,,,,,,,,
,,,,,,,,,,,,,,,,,,2016,11/7/2016,$                                                       34.80,,,2/4/2019,,2/4/2019,,,,,2.39%,$             34.80,0.83,55.26,27.54,36.25,26%,59%,1.50%,3.01%,4.83%,260.97%,271.95%,3.82,2.29%,-6.31%,,,,,,,,,,,,
,,,,,,,,,,,,,,,,,,2016,11/8/2016,$                                                       35.05,,,2/11/2019,,2/11/2019,,,,,2.37%,$             35.05,0.83,55.26,27.54,36.25,27%,58%,1.50%,3.01%,4.79%,258.40%,269.30%,3.82,2.29%,-5.64%,,,,,,,,,,,,
,,,,,,,,,,,,,,,,,,2016,11/9/2016,$                                                       35.80,,,2/19/2019,,2/19/2019,,,,,2.32%,$             35.80,0.83,55.26,27.54,36.25,30%,54%,1.50%,3.01%,4.69%,250.84%,261.51%,3.82,2.29%,-3.61%,,,,,,,,,,,,
,,,,,,,,,,,,,,,,,,2016,11/10/2016,$                                                       36.63,,,2/25/2019,,2/25/2019,,,,,2.27%,$             36.63,0.83,55.26,27.54,36.25,33%,51%,1.50%,3.01%,4.59%,242.94%,253.37%,3.82,2.29%,-1.39%,,,,,,,,,,,,
,,,,,,,,,,,,,,,,,,2016,11/11/2016,$                                                        36.31,,,3/4/2019,,3/4/2019,,,,,2.29%,$              36.31,0.83,55.26,27.54,36.25,32%,52%,1.50%,3.01%,4.63%,245.96%,256.48%,3.82,2.29%,-2.25%,,,,,,,,,,,,
,,,,,,,,,,,,,,,,,,2016,11/14/2016,$                                                        36.14,,,3/11/2019,,3/11/2019,,,,,2.30%,$              36.14,0.83,55.26,27.54,36.25,31%,53%,1.50%,3.01%,4.65%,247.54%,258.11%,3.82,2.29%,-2.69%,,,,,,,,,,,,
,,,,,,,,,,,,,,,,,,2016,11/15/2016,$                                                       36.25,,,3/18/2019,,3/18/2019,,,,,2.29%,$             36.25,0.83,55.26,27.54,36.25,31%,52%,1.50%,3.01%,4.63%,246.48%,257.02%,3.82,2.29%,-2.40%,,,,,,,,,,,,
,,,,,,,,,,,,,,,,,,2016,11/16/2016,$                                                       35.92,,,3/25/2019,,3/25/2019,,,,,2.31%,$             35.92,0.83,55.26,27.54,36.25,30%,54%,1.50%,3.01%,4.68%,249.71%,260.35%,3.82,2.29%,-3.30%,,,,,,,,,,,,
,,,,,,,,,,,,,,,,,,2016,11/17/2016,$                                                       36.20,,,4/1/2019,,4/1/2019,,,,,2.29%,$             36.20,0.83,55.26,27.54,36.25,31%,53%,1.50%,3.01%,4.64%,247.01%,257.56%,3.82,2.29%,-2.54%,,,,,,,,,,,,
,,,,,,,,,,,,,,,,,,2016,11/18/2016,$                                                       36.25,,,4/8/2019,,4/8/2019,,,,,2.29%,$             36.25,0.83,55.26,27.54,36.25,31%,52%,1.50%,3.01%,4.63%,246.48%,257.02%,3.82,2.29%,-2.40%,,,,,,,,,,,,
,,,,,,,,,,,,,,,,,,2016,11/21/2016,$                                                       35.83,,,4/15/2019,,4/15/2019,,,,,2.32%,$             35.83,0.83,55.26,27.54,36.25,30%,54%,1.50%,3.01%,4.69%,250.59%,261.26%,3.82,2.29%,-3.54%,,,,,,,,,,,,
,,,,,,,,,,,,,,,,,,2016,11/22/2016,$                                                       35.59,,,4/22/2019,,4/22/2019,,,,,2.33%,$             35.59,0.83,55.26,27.54,36.25,29%,55%,1.50%,3.01%,4.72%,252.91%,263.64%,3.82,2.29%,-4.17%,,,,,,,,,,,,
,,,,,,,,,,,,,,,,,,2016,11/23/2016,$                                                        35.81,,,4/29/2019,,4/29/2019,,,,,2.32%,$              35.81,0.83,55.26,27.54,36.25,30%,54%,1.50%,3.01%,4.69%,250.74%,261.41%,3.82,2.29%,-3.58%,,,,,,,,,,,,
,,,,,,,,,,,,,,,,,,2016,11/25/2016,$                                                       35.87,,,5/6/2019,,5/6/2019,,,,,2.31%,$             35.87,0.83,55.26,27.54,36.25,30%,54%,1.50%,3.01%,4.68%,250.20%,260.85%,3.82,2.29%,-3.43%,,,,,,,,,,,,
,,,,,,,,,,,,,,,,,,2016,11/28/2016,$                                                       35.50,,,5/13/2019,,5/13/2019,,,,,2.34%,$             35.50,0.83,55.26,27.54,36.25,29%,56%,1.50%,3.01%,4.73%,253.85%,264.61%,3.82,2.29%,-4.43%,,,,,,,,,,,,
,,,,,,,,,,,,,,,,,,2016,11/29/2016,$                                                       35.64,,,5/20/2019,,5/20/2019,,,,,2.33%,$             35.64,0.83,55.26,27.54,36.25,29%,55%,1.50%,3.01%,4.71%,252.41%,263.13%,3.82,2.29%,-4.04%,,,,,,,,,,,,
,,,,,,,,,,,,,,,,,,2016,11/30/2016,$                                                       35.69,,,5/28/2019,,5/28/2019,,,,,2.33%,$             35.69,0.83,55.26,27.54,36.25,29%,55%,1.50%,3.01%,4.71%,251.92%,262.62%,3.82,2.29%,-3.90%,,,,,,,,,,,,
,,,,,,,,,,,,,,,,,,2016,12/1/2016,$                                                       35.24,,,6/3/2019,,6/3/2019,,,,,2.36%,$             35.24,0.83,55.26,27.54,36.25,28%,57%,1.50%,3.01%,4.77%,256.41%,267.25%,3.82,2.29%,-5.12%,,,,,,,,,,,,
,,,,,,,,,,,,,,,,,,2016,12/2/2016,$                                                        34.15,,,6/10/2019,,6/10/2019,,,,,2.43%,$              34.15,0.83,55.26,27.54,36.25,24%,62%,1.50%,3.01%,4.92%,267.84%,279.03%,3.82,2.29%,-8.06%,,,,,,,,,,,,
,,,,,,,,,,,,,,,,,,2016,12/5/2016,$                                                       34.35,,,6/17/2019,,6/17/2019,,,,,2.42%,$             34.35,0.83,55.26,27.54,36.25,25%,61%,1.50%,3.01%,4.89%,265.70%,276.82%,3.82,2.29%,-7.53%,,,,,,,,,,,,
,,,,,,,,,,,,,,,,,,2016,12/6/2016,$                                                       34.29,,,6/24/2019,,6/24/2019,,,,,2.42%,$             34.29,0.83,55.26,27.54,36.25,24%,61%,1.50%,3.01%,4.90%,266.29%,277.43%,3.82,2.29%,-7.67%,,,,,,,,,,,,
,,,,,,,,,,,,,,,,,,2016,12/7/2016,$                                                       34.73,,,7/1/2019,,7/1/2019,,,,,2.39%,$             34.73,0.83,55.26,27.54,36.25,26%,59%,1.50%,3.01%,4.84%,261.65%,272.65%,3.82,2.29%,-6.49%,,,,,,,,,,,,
,,,,,,,,,,,,,,,,,,2016,12/8/2016,$                                                        34.81,,,7/8/2019,,7/8/2019,,,,,2.38%,$              34.81,0.83,55.26,27.54,36.25,26%,59%,1.50%,3.01%,4.83%,260.82%,271.79%,3.82,2.29%,-6.27%,,,,,,,,,,,,
,,,,,,,,,,,,,,,,,,2016,12/9/2016,$                                                       34.53,,,7/15/2019,,7/15/2019,,,,,2.40%,$             34.53,0.83,55.26,27.54,36.25,25%,60%,1.50%,3.01%,4.87%,263.74%,274.80%,3.82,2.29%,-7.03%,,,,,,,,,,,,
,,,,,,,,,,,,,,,,,,2016,12/12/2016,$                                                       34.48,,,7/22/2019,,7/22/2019,,,,,2.41%,$             34.48,0.83,55.26,27.54,36.25,25%,60%,1.50%,3.01%,4.87%,264.27%,275.35%,3.82,2.29%,-7.16%,,,,,,,,,,,,
,,,,,,,,,,,,,,,,,,2016,12/13/2016,$                                                       34.99,,,7/29/2019,,7/29/2019,,,,,2.37%,$             34.99,0.83,55.26,27.54,36.25,27%,58%,1.50%,3.01%,4.80%,258.96%,269.88%,3.82,2.29%,-5.79%,,,,,,,,,,,,
,,,,,,,,,,,,,,,,,,2016,12/14/2016,$                                                       34.86,,,8/5/2019,,8/5/2019,,,,,2.38%,$             34.86,0.83,55.26,27.54,36.25,26%,59%,1.50%,3.01%,4.82%,260.30%,271.26%,3.82,2.29%,-6.14%,,,,,,,,,,,,
,,,,,,,,,,,,,,,,,,2016,12/15/2016,$                                                       34.64,,,8/12/2019,,8/12/2019,,,,,2.40%,$             34.64,0.83,55.26,27.54,36.25,26%,60%,1.50%,3.01%,4.85%,262.64%,273.67%,3.82,2.29%,-6.74%,,,,,,,,,,,,
,,,,,,,,,,,,,,,,,,2016,12/16/2016,$                                                        34.71,,,8/19/2019,,8/19/2019,,,,,2.39%,$              34.71,0.83,55.26,27.54,36.25,26%,59%,1.50%,3.01%,4.84%,261.91%,272.91%,3.82,2.29%,-6.56%,,,,,,,,,,,,
,,,,,,,,,,,,,,,,,,2016,12/19/2016,$                                                       34.90,,,8/26/2019,,8/26/2019,,,,,2.38%,$             34.90,0.83,55.26,27.54,36.25,27%,58%,1.50%,3.01%,4.81%,259.94%,270.88%,3.82,2.29%,-6.04%,,,,,,,,,,,,
,,,,,,,,,,,,,,,,,,2016,12/20/2016,$                                                       34.93,,,9/3/2019,,9/3/2019,,,,,2.38%,$             34.93,0.83,55.26,27.54,36.25,27%,58%,1.50%,3.01%,4.81%,259.58%,270.51%,3.82,2.29%,-5.95%,,,,,,,,,,,,
,,,,,,,,,,,,,,,,,,2016,12/21/2016,$                                                        35.15,,,9/9/2019,,9/9/2019,,,,,2.36%,$              35.15,0.83,55.26,27.54,36.25,27%,57%,1.50%,3.01%,4.78%,257.33%,268.19%,3.82,2.29%,-5.36%,,,,,,,,,,,,
,,,,,,,,,,,,,,,,,,2016,12/22/2016,$                                                        35.19,,,9/16/2019,,9/16/2019,,,,,2.36%,$              35.19,0.83,55.26,27.54,36.25,28%,57%,1.50%,3.01%,4.77%,256.92%,267.77%,3.82,2.29%,-5.25%,,,,,,,,,,,,
,,,,,,,,,,,,,,,,,,2016,12/23/2016,$                                                       35.08,,,9/23/2019,,9/23/2019,,,,,2.37%,$             35.08,0.83,55.26,27.54,36.25,27%,58%,1.50%,3.01%,4.79%,258.09%,268.98%,3.82,2.29%,-5.56%,,,,,,,,,,,,
,,,,,,,,,,,,,,,,,,2016,12/27/2016,$                                                       35.20,,,9/30/2019,,9/30/2019,,,,,2.36%,$             35.20,0.83,55.26,27.54,36.25,28%,57%,1.50%,3.01%,4.77%,256.82%,267.67%,3.82,2.29%,-5.22%,,,,,,,,,,,,
,,,,,,,,,,,,,,,,,,2016,12/28/2016,$                                                       34.90,,,10/7/2019,,10/7/2019,,,,,2.38%,$             34.90,0.83,55.26,27.54,36.25,27%,58%,1.50%,3.01%,4.81%,259.89%,270.83%,3.82,2.29%,-6.03%,,,,,,,,,,,,
,,,,,,,,,,,,,,,,,,2016,12/29/2016,$                                                       34.92,,,10/14/2019,,10/14/2019,,,,,2.38%,$             34.92,0.83,55.26,27.54,36.25,27%,58%,1.50%,3.01%,4.81%,259.73%,270.67%,3.82,2.29%,-5.99%,,,,,,,,,,,,
,,,,,,,,,,,,,,,,,,2016,12/30/2016,$                                                       34.80,,,10/21/2019,,10/21/2019,,,,,2.39%,$             34.80,0.83,55.26,27.54,36.25,26%,59%,1.50%,3.01%,4.83%,260.92%,271.90%,3.82,2.29%,-6.30%,,,,,,,,,,,,
,,,,,,,,,,,,,,,,,,2017,1/3/2017,$                                                       34.89,,,10/28/2019,,10/28/2019,,,,,2.49%,$             34.89,0.87,57.93,28.86,38.00,21%,66%,1.50%,3.01%,4.82%,260.04%,268.61%,2.99,2.29%,-6.07%,,,,,,,,,,,,
,,,,,,,,,,,,,,,,,,2017,1/4/2017,$                                                        35.21,,,11/4/2019,,11/4/2019,,,,,2.47%,$              35.21,0.87,57.93,28.86,38.00,22%,65%,1.50%,3.01%,4.77%,256.77%,265.26%,2.99,2.29%,-5.21%,,,,,,,,,,,,
,,,,,,,,,,,,,,,,,,2017,1/5/2017,$                                                       34.98,,,11/11/2019,,11/11/2019,,,,,2.49%,$             34.98,0.87,57.93,28.86,38.00,21%,66%,1.50%,3.01%,4.80%,259.11%,267.66%,2.99,2.29%,-5.83%,,,,,,,,,,,,
,,,,,,,,,,,,,,,,,,2017,1/6/2017,$                                                        35.10,,,11/18/2019,,11/18/2019,,,,,2.48%,$              35.10,0.87,57.93,28.86,38.00,21%,65%,1.50%,3.01%,4.79%,257.89%,266.41%,2.99,2.29%,-5.51%,,,,,,,,,,,,
,,,,,,,,,,,,,,,,,,2017,1/9/2017,$                                                       34.76,,,11/25/2019,,11/25/2019,,,,,2.50%,$             34.76,0.87,57.93,28.86,38.00,20%,67%,1.50%,3.01%,4.83%,261.33%,269.94%,2.99,2.29%,-6.41%,,,,,,,,,,,,
,,,,,,,,,,,,,,,,,,2017,1/10/2017,$                                                       34.72,,,12/2/2019,,12/2/2019,,,,,2.51%,$             34.72,0.87,57.93,28.86,38.00,20%,67%,1.50%,3.01%,4.84%,261.80%,270.42%,2.99,2.29%,-6.53%,,,,,,,,,,,,
,,,,,,,,,,,,,,,,,,2017,1/11/2017,$                                                       34.93,,,12/9/2019,,12/9/2019,,,,,2.49%,$             34.93,0.87,57.93,28.86,38.00,21%,66%,1.50%,3.01%,4.81%,259.58%,268.14%,2.99,2.29%,-5.95%,,,,,,,,,,,,
,,,,,,,,,,,,,,,,,,2017,1/12/2017,$                                                       34.79,,,12/16/2019,,12/16/2019,,,,,2.50%,$             34.79,0.87,57.93,28.86,38.00,20%,67%,1.50%,3.01%,4.83%,261.08%,269.67%,2.99,2.29%,-6.34%,,,,,,,,,,,,
,,,,,,,,,,,,,,,,,,2017,1/13/2017,$                                                       34.82,,,12/23/2019,,12/23/2019,,,,,2.50%,$             34.82,0.87,57.93,28.86,38.00,20%,66%,1.50%,3.01%,4.82%,260.71%,269.30%,2.99,2.29%,-6.25%,,,,,,,,,,,,
,,,,,,,,,,,,,,,,,,2017,1/17/2017,$                                                       34.94,,,12/30/2019,,12/30/2019,,,,,2.49%,$             34.94,0.87,57.93,28.86,38.00,21%,66%,1.50%,3.01%,4.81%,259.47%,268.03%,2.99,2.29%,-5.92%,,,,,,,,,,,,
,,,,,,,,,,,,,,,,,,2017,1/18/2017,$                                                       34.99,,,1/6/2020,,1/6/2020,,,,,2.49%,$             34.99,0.87,57.93,28.86,38.00,21%,66%,1.50%,3.01%,4.80%,259.01%,267.56%,2.99,2.29%,-5.80%,,,,,,,,,,,,
,,,,,,,,,,,,,,,,,,2017,1/19/2017,$                                                       34.73,,,1/13/2020,,1/13/2020,,,,,2.51%,$             34.73,0.87,57.93,28.86,38.00,20%,67%,1.50%,3.01%,4.84%,261.65%,270.26%,2.99,2.29%,-6.49%,,,,,,,,,,,,
,,,,,,,,,,,,,,,,,,2017,1/20/2017,$                                                       35.04,,,1/21/2020,,1/21/2020,,,,,2.48%,$             35.04,0.87,57.93,28.86,38.00,21%,65%,1.50%,3.01%,4.79%,258.45%,266.98%,2.99,2.29%,-5.65%,,,,,,,,,,,,
,,,,,,,,,,,,,,,,,,2017,1/23/2017,$                                                       34.68,,,1/27/2020,,1/27/2020,,,,,2.51%,$             34.68,0.87,57.93,28.86,38.00,20%,67%,1.50%,3.01%,4.84%,262.22%,270.84%,2.99,2.29%,-6.64%,,,,,,,,,,,,
,,,,,,,,,,,,,,,,,,2017,1/24/2017,$                                                        34.91,,,2/3/2020,,2/3/2020,,,,,2.49%,$              34.91,0.87,57.93,28.86,38.00,21%,66%,1.50%,3.01%,4.81%,259.78%,268.35%,2.99,2.29%,-6.00%,,,,,,,,,,,,
,,,,,,,,,,,,,,,,,,2017,1/25/2017,$                                                       35.23,,,2/10/2020,,2/10/2020,,,,,2.47%,$             35.23,0.87,57.93,28.86,38.00,22%,64%,1.50%,3.01%,4.77%,256.51%,265.00%,2.99,2.29%,-5.14%,,,,,,,,,,,,
,,,,,,,,,,,,,,,,,,2017,1/26/2017,$                                                       35.28,,,2/18/2020,,2/18/2020,,,,,2.47%,$             35.28,0.87,57.93,28.86,38.00,22%,64%,1.50%,3.01%,4.76%,256.01%,264.48%,2.99,2.29%,-5.01%,,,,,,,,,,,,
,,,,,,,,,,,,,,,,,,2017,1/27/2017,$                                                        35.14,,,2/24/2020,,2/24/2020,,,,,2.48%,$              35.14,0.87,57.93,28.86,38.00,22%,65%,1.50%,3.01%,4.78%,257.48%,265.99%,2.99,2.29%,-5.40%,,,,,,,,,,,,
,,,,,,,,,,,,,,,,,,2017,1/30/2017,$                                                        35.18,,,3/2/2020,,3/2/2020,,,,,2.47%,$              35.18,0.87,57.93,28.86,38.00,22%,65%,1.50%,3.01%,4.78%,257.07%,265.57%,2.99,2.29%,-5.29%,,,,,,,,,,,,
,,,,,,,,,,,,,,,,,,2017,1/31/2017,$                                                       35.00,,,3/9/2020,,3/9/2020,,,,,2.49%,$             35.00,0.87,57.93,28.86,38.00,21%,66%,1.50%,3.01%,4.80%,258.91%,267.45%,2.99,2.29%,-5.78%,,,,,,,,,,,,
,,,,,,,,,,,,,,,,,,2017,2/1/2017,$                                                       33.57,,,3/16/2020,,3/16/2020,,,,,2.59%,$             33.57,0.87,57.93,28.86,38.00,16%,73%,1.50%,3.01%,5.00%,274.14%,283.05%,2.99,2.29%,-9.61%,,,,,,,,,,,,
,,,,,,,,,,,,,,,,,,2017,2/2/2017,$                                                       33.92,,,3/23/2020,,3/23/2020,,,,,2.57%,$             33.92,0.87,57.93,28.86,38.00,17%,71%,1.50%,3.01%,4.95%,270.34%,279.15%,2.99,2.29%,-8.68%,,,,,,,,,,,,
,,,,,,,,,,,,,,,,,,2017,2/3/2017,$                                                        34.31,,,3/30/2020,,3/30/2020,,,,,2.54%,$              34.31,0.87,57.93,28.86,38.00,19%,69%,1.50%,3.01%,4.90%,266.13%,274.84%,2.99,2.29%,-7.63%,,,,,,,,,,,,
,,,,,,,,,,,,,,,,,,2017,2/6/2017,$                                                       34.47,,,4/6/2020,,4/6/2020,,,,,2.52%,$             34.47,0.87,57.93,28.86,38.00,19%,68%,1.50%,3.01%,4.87%,264.43%,273.10%,2.99,2.29%,-7.20%,,,,,,,,,,,,
,,,,,,,,,,,,,,,,,,2017,2/7/2017,$                                                       34.49,,,4/13/2020,,4/13/2020,,,,,2.52%,$             34.49,0.87,57.93,28.86,38.00,19%,68%,1.50%,3.01%,4.87%,264.22%,272.89%,2.99,2.29%,-7.15%,,,,,,,,,,,,
,,,,,,,,,,,,,,,,,,2017,2/8/2017,$                                                       34.82,,,4/20/2020,,4/20/2020,,,,,2.50%,$             34.82,0.87,57.93,28.86,38.00,20%,66%,1.50%,3.01%,4.82%,260.71%,269.30%,2.99,2.29%,-6.25%,,,,,,,,,,,,
,,,,,,,,,,,,,,,,,,2017,2/9/2017,$                                                       34.95,,,4/27/2020,,4/27/2020,,,,,2.49%,$             34.95,0.87,57.93,28.86,38.00,21%,66%,1.50%,3.01%,4.81%,259.37%,267.93%,2.99,2.29%,-5.90%,,,,,,,,,,,,
,,,,,,,,,,,,,,,,,,2017,2/10/2017,$                                                       34.99,,,5/4/2020,,5/4/2020,,,,,2.49%,$             34.99,0.87,57.93,28.86,38.00,21%,66%,1.50%,3.01%,4.80%,258.96%,267.51%,2.99,2.29%,-5.79%,,,,,,,,,,,,
,,,,,,,,,,,,,,,,,,2017,2/13/2017,$                                                       35.49,,,5/11/2020,,5/11/2020,,,,,2.45%,$             35.49,0.87,57.93,28.86,38.00,23%,63%,1.50%,3.01%,4.73%,253.90%,262.33%,2.99,2.29%,-4.44%,,,,,,,,,,,,
,,,,,,,,,,,,,,,,,,2017,2/14/2017,$                                                       35.52,,,5/18/2020,,5/18/2020,,,,,2.45%,$             35.52,0.87,57.93,28.86,38.00,23%,63%,1.50%,3.01%,4.73%,253.60%,262.02%,2.99,2.29%,-4.36%,,,,,,,,,,,,
,,,,,,,,,,,,,,,,,,2017,2/15/2017,$                                                       35.50,,,5/26/2020,,5/26/2020,,,,,2.45%,$             35.50,0.87,57.93,28.86,38.00,23%,63%,1.50%,3.01%,4.73%,253.80%,262.23%,2.99,2.29%,-4.42%,,,,,,,,,,,,
,,,,,,,,,,,,,,,,,,2017,2/16/2017,$                                                       35.60,,,6/1/2020,,6/1/2020,,,,,2.44%,$             35.60,0.87,57.93,28.86,38.00,23%,63%,1.50%,3.01%,4.72%,252.86%,261.26%,2.99,2.29%,-4.16%,,,,,,,,,,,,
,,,,,,,,,,,,,,,,,,2017,2/17/2017,$                                                       35.55,,,6/8/2020,,6/8/2020,,,,,2.45%,$             35.55,0.87,57.93,28.86,38.00,23%,63%,1.50%,3.01%,4.73%,253.31%,261.72%,2.99,2.29%,-4.28%,,,,,,,,,,,,
,,,,,,,,,,,,,,,,,,2017,2/21/2017,$                                                        35.71,,,6/15/2020,,6/15/2020,,,,,2.44%,$              35.71,0.87,57.93,28.86,38.00,24%,62%,1.50%,3.01%,4.70%,251.72%,260.10%,2.99,2.29%,-3.85%,,,,,,,,,,,,
,,,,,,,,,,,,,,,,,,2017,2/22/2017,$                                                       35.58,,,6/22/2020,,6/22/2020,,,,,2.45%,$             35.58,0.87,57.93,28.86,38.00,23%,63%,1.50%,3.01%,4.72%,253.01%,261.41%,2.99,2.29%,-4.20%,,,,,,,,,,,,
,,,,,,,,,,,,,,,,,,2017,2/23/2017,$                                                       35.86,,,6/29/2020,,6/29/2020,,,,,2.43%,$             35.86,0.87,57.93,28.86,38.00,24%,62%,1.50%,3.01%,4.68%,250.25%,258.59%,2.99,2.29%,-3.45%,,,,,,,,,,,,
,,,,,,,,,,,,,,,,,,2017,2/24/2017,$                                                       35.86,,,7/6/2020,,7/6/2020,,,,,2.43%,$             35.86,0.87,57.93,28.86,38.00,24%,62%,1.50%,3.01%,4.69%,250.30%,258.64%,2.99,2.29%,-3.46%,,,,,,,,,,,,
,,,,,,,,,,,,,,,,,,2017,2/27/2017,$                                                        36.17,,,7/13/2020,,7/13/2020,,,,,2.41%,$              36.17,0.87,57.93,28.86,38.00,25%,60%,1.50%,3.01%,4.65%,247.30%,255.56%,2.99,2.29%,-2.63%,,,,,,,,,,,,
,,,,,,,,,,,,,,,,,,2017,2/28/2017,$                                                        36.18,,,7/20/2020,,7/20/2020,,,,,2.40%,$              36.18,0.87,57.93,28.86,38.00,25%,60%,1.50%,3.01%,4.64%,247.20%,255.47%,2.99,2.29%,-2.60%,,,,,,,,,,,,
,,,,,,,,,,,,,,,,,,2017,3/1/2017,$                                                       36.49,,,7/27/2020,,7/27/2020,,,,,2.38%,$             36.49,0.87,57.93,28.86,38.00,26%,59%,1.50%,3.01%,4.60%,244.20%,252.40%,2.99,2.29%,-1.75%,,,,,,,,,,,,
,,,,,,,,,,,,,,,,,,2017,3/2/2017,$                                                        36.10,,,8/3/2020,,8/3/2020,,,,,2.41%,$              36.10,0.87,57.93,28.86,38.00,25%,60%,1.50%,3.01%,4.65%,247.97%,256.25%,2.99,2.29%,-2.81%,,,,,,,,,,,,
,,,,,,,,,,,,,,,,,,2017,3/3/2017,$                                                        36.14,,,8/10/2020,,8/10/2020,,,,,2.41%,$              36.14,0.87,57.93,28.86,38.00,25%,60%,1.50%,3.01%,4.65%,247.59%,255.86%,2.99,2.29%,-2.71%,,,,,,,,,,,,
,,,,,,,,,,,,,,,,,,2017,3/6/2017,$                                                        36.10,,,8/17/2020,,8/17/2020,,,,,2.41%,$              36.10,0.87,57.93,28.86,38.00,25%,60%,1.50%,3.01%,4.65%,247.97%,256.25%,2.99,2.29%,-2.81%,,,,,,,,,,,,
,,,,,,,,,,,,,,,,,,2017,3/7/2017,$                                                       35.98,,,8/24/2020,,8/24/2020,,,,,2.42%,$             35.98,0.87,57.93,28.86,38.00,24%,61%,1.50%,3.01%,4.67%,249.13%,257.44%,2.99,2.29%,-3.14%,,,,,,,,,,,,
,,,,,,,,,,,,,,,,,,2017,3/8/2017,$                                                       35.95,,,8/31/2020,,8/31/2020,,,,,2.42%,$             35.95,0.87,57.93,28.86,38.00,24%,61%,1.50%,3.01%,4.67%,249.42%,257.74%,2.99,2.29%,-3.22%,,,,,,,,,,,,
,,,,,,,,,,,,,,,,,,2017,3/9/2017,$                                                       36.05,,,9/8/2020,,9/8/2020,,,,,2.41%,$             36.05,0.87,57.93,28.86,38.00,25%,61%,1.50%,3.01%,4.66%,248.45%,256.75%,2.99,2.29%,-2.95%,,,,,,,,,,,,
,,,,,,,,,,,,,,,,,,2017,3/10/2017,$                                                        36.01,,,9/14/2020,,9/14/2020,,,,,2.42%,$              36.01,0.87,57.93,28.86,38.00,25%,61%,1.50%,3.01%,4.67%,248.79%,257.10%,2.99,2.29%,-3.04%,,,,,,,,,,,,
,,,,,,,,,,,,,,,,,,2017,3/13/2017,$                                                       36.03,,,9/21/2020,,9/21/2020,,,,,2.41%,$             36.03,0.87,57.93,28.86,38.00,25%,61%,1.50%,3.01%,4.66%,248.65%,256.95%,2.99,2.29%,-3.00%,,,,,,,,,,,,
,,,,,,,,,,,,,,,,,,2017,3/14/2017,$                                                       35.92,,,9/28/2020,,9/28/2020,,,,,2.42%,$             35.92,0.87,57.93,28.86,38.00,24%,61%,1.50%,3.01%,4.68%,249.67%,257.99%,2.99,2.29%,-3.28%,,,,,,,,,,,,
,,,,,,,,,,,,,,,,,,2017,3/15/2017,$                                                        36.18,,,10/5/2020,,10/5/2020,,,,,2.40%,$              36.18,0.87,57.93,28.86,38.00,25%,60%,1.50%,3.01%,4.64%,247.20%,255.47%,2.99,2.29%,-2.60%,,,,,,,,,,,,
,,,,,,,,,,,,,,,,,,2017,3/16/2017,$                                                       36.20,,,10/12/2020,,10/12/2020,,,,,2.40%,$             36.20,0.87,57.93,28.86,38.00,25%,60%,1.50%,3.01%,4.64%,246.96%,255.22%,2.99,2.29%,-2.53%,,,,,,,,,,,,
,,,,,,,,,,,,,,,,,,2017,3/17/2017,$                                                       36.27,,,10/19/2020,,10/19/2020,,,,,2.40%,$             36.27,0.87,57.93,28.86,38.00,25%,60%,1.50%,3.01%,4.63%,246.34%,254.58%,2.99,2.29%,-2.36%,,,,,,,,,,,,
,,,,,,,,,,,,,,,,,,2017,3/20/2017,$                                                        36.12,,,10/26/2020,,10/26/2020,,,,,2.41%,$              36.12,0.87,57.93,28.86,38.00,25%,60%,1.50%,3.01%,4.65%,247.73%,256.01%,2.99,2.29%,-2.75%,,,,,,,,,,,,
,,,,,,,,,,,,,,,,,,2017,3/21/2017,$                                                        35.71,,,11/2/2020,,11/2/2020,,,,,2.44%,$              35.71,0.87,57.93,28.86,38.00,24%,62%,1.50%,3.01%,4.71%,251.77%,260.15%,2.99,2.29%,-3.86%,,,,,,,,,,,,
,,,,,,,,,,,,,,,,,,2017,3/22/2017,$                                                       35.82,,,11/9/2020,,11/9/2020,,,,,2.43%,$             35.82,0.87,57.93,28.86,38.00,24%,62%,1.50%,3.01%,4.69%,250.64%,258.99%,2.99,2.29%,-3.55%,,,,,,,,,,,,
,,,,,,,,,,,,,,,,,,2017,3/23/2017,$                                                       36.00,,,11/16/2020,,11/16/2020,,,,,2.42%,$             36.00,0.87,57.93,28.86,38.00,25%,61%,1.50%,3.01%,4.67%,248.89%,257.19%,2.99,2.29%,-3.07%,,,,,,,,,,,,
,,,,,,,,,,,,,,,,,,2017,3/24/2017,$                                                       36.00,,,11/23/2020,,11/23/2020,,,,,2.42%,$             36.00,0.87,57.93,28.86,38.00,25%,61%,1.50%,3.01%,4.67%,248.94%,257.24%,2.99,2.29%,-3.08%,,,,,,,,,,,,
,,,,,,,,,,,,,,,,,,2017,3/27/2017,$                                                       35.92,,,11/30/2020,,11/30/2020,,,,,2.42%,$             35.92,0.87,57.93,28.86,38.00,24%,61%,1.50%,3.01%,4.68%,249.67%,257.99%,2.99,2.29%,-3.28%,,,,,,,,,,,,
,,,,,,,,,,,,,,,,,,2017,3/28/2017,$                                                        36.16,,,12/7/2020,,12/7/2020,,,,,2.41%,$              36.16,0.87,57.93,28.86,38.00,25%,60%,1.50%,3.01%,4.65%,247.39%,255.66%,2.99,2.29%,-2.65%,,,,,,,,,,,,
,,,,,,,,,,,,,,,,,,2017,3/29/2017,$                                                       35.79,,,12/14/2020,,12/14/2020,,,,,2.43%,$             35.79,0.87,57.93,28.86,38.00,24%,62%,1.50%,3.01%,4.69%,250.94%,259.29%,2.99,2.29%,-3.63%,,,,,,,,,,,,
,,,,,,,,,,,,,,,,,,2017,3/30/2017,$                                                        36.16,,,12/21/2020,,12/21/2020,,,,,2.41%,$              36.16,0.87,57.93,28.86,38.00,25%,60%,1.50%,3.01%,4.65%,247.35%,255.61%,2.99,2.29%,-2.64%,,,,,,,,,,,,
,,,,,,,,,,,,,,,,,,2017,3/31/2017,$                                                        36.21,,,12/28/2020,,12/28/2020,,,,,2.40%,$              36.21,0.87,57.93,28.86,38.00,25%,60%,1.50%,3.01%,4.64%,246.87%,255.12%,2.99,2.29%,-2.50%,,,,,,,,,,,,
,,,,,,,,,,,,,,,,,,2017,4/3/2017,$                                                       36.33,,,1/4/2021,,1/4/2021,,,,,2.39%,$             36.33,0.87,57.93,28.86,38.00,26%,59%,1.50%,3.01%,4.62%,245.72%,253.95%,2.99,2.29%,-2.18%,,,,,,,,,,,,
,,,,,,,,,,,,,,,,,,2017,4/4/2017,$                                                        36.31,,,1/11/2021,,1/11/2021,,,,,2.40%,$              36.31,0.87,57.93,28.86,38.00,26%,60%,1.50%,3.01%,4.63%,245.96%,254.19%,2.99,2.29%,-2.25%,,,,,,,,,,,,
,,,,,,,,,,,,,,,,,,2017,4/5/2017,$                                                        36.10,,,1/19/2021,,1/19/2021,,,,,2.41%,$              36.10,0.87,57.93,28.86,38.00,25%,60%,1.50%,3.01%,4.65%,247.97%,256.25%,2.99,2.29%,-2.81%,,,,,,,,,,,,
,,,,,,,,,,,,,,,,,,2017,4/6/2017,$                                                       36.48,,,1/25/2021,,1/25/2021,,,,,2.39%,$             36.48,0.87,57.93,28.86,38.00,26%,59%,1.50%,3.01%,4.61%,244.35%,252.54%,2.99,2.29%,-1.79%,,,,,,,,,,,,
,,,,,,,,,,,,,,,,,,2017,4/7/2017,$                                                       36.45,,,2/1/2021,,2/1/2021,,,,,2.39%,$             36.45,0.87,57.93,28.86,38.00,26%,59%,1.50%,3.01%,4.61%,244.58%,252.78%,2.99,2.29%,-1.86%,,,,,,,,,,,,
,,,,,,,,,,,,,,,,,,2017,4/10/2017,$                                                       36.78,,,2/8/2021,,2/8/2021,,,,,2.37%,$             36.78,0.87,57.93,28.86,38.00,27%,58%,1.50%,3.01%,4.57%,241.54%,249.67%,2.99,2.29%,-0.98%,,,,,,,,,,,,
,,,,,,,,,,,,,,,,,,2017,4/11/2017,$                                                       36.88,,,2/16/2021,,2/16/2021,,,,,2.36%,$             36.88,0.87,57.93,28.86,38.00,28%,57%,1.50%,3.01%,4.56%,240.61%,248.72%,2.99,2.29%,-0.71%,,,,,,,,,,,,
,,,,,,,,,,,,,,,,,,2017,4/12/2017,$                                                       36.68,,,2/22/2021,,2/22/2021,,,,,2.37%,$             36.68,0.87,57.93,28.86,38.00,27%,58%,1.50%,3.01%,4.58%,242.47%,250.62%,2.99,2.29%,-1.25%,,,,,,,,,,,,
,,,,,,,,,,,,,,,,,,2017,4/13/2017,$                                                       36.50,,,3/1/2021,,3/1/2021,,,,,2.38%,$             36.50,0.87,57.93,28.86,38.00,26%,59%,1.50%,3.01%,4.60%,244.11%,252.30%,2.99,2.29%,-1.72%,,,,,,,,,,,,
,,,,,,,,,,,,,,,,,,2017,4/17/2017,$                                                       36.77,,,3/8/2021,,3/8/2021,,,,,2.37%,$             36.77,0.87,57.93,28.86,38.00,27%,58%,1.50%,3.01%,4.57%,241.63%,249.76%,2.99,2.29%,-1.01%,,,,,,,,,,,,
,,,,,,,,,,,,,,,,,,2017,4/18/2017,$                                                       36.94,,,3/15/2021,,3/15/2021,,,,,2.36%,$             36.94,0.87,57.93,28.86,38.00,28%,57%,1.50%,3.01%,4.55%,240.01%,248.11%,2.99,2.29%,-0.54%,,,,,,,,,,,,
,,,,,,,,,,,,,,,,,,2017,4/19/2017,$                                                       36.79,,,3/22/2021,,3/22/2021,,,,,2.37%,$             36.79,0.87,57.93,28.86,38.00,27%,57%,1.50%,3.01%,4.57%,241.44%,249.57%,2.99,2.29%,-0.96%,,,,,,,,,,,,
,,,,,,,,,,,,,,,,,,2017,4/20/2017,$                                                       37.09,,,3/29/2021,,3/29/2021,,,,,2.35%,$             37.09,0.87,57.93,28.86,38.00,28%,56%,1.50%,3.01%,4.53%,238.68%,246.74%,2.99,2.29%,-0.15%,,,,,,,,,,,,
,,,,,,,,,,,,,,,,,,2017,4/21/2017,$                                                       37.00,,,4/5/2021,,4/5/2021,,,,,2.35%,$             37.00,0.87,57.93,28.86,38.00,28%,57%,1.50%,3.01%,4.54%,239.51%,247.59%,2.99,2.29%,-0.39%,,,,,,,,,,,,
,,,,,,,,,,,,,,,,,,2017,4/24/2017,$                                                       37.33,,,4/12/2021,,4/12/2021,,,,,2.33%,$             37.33,0.87,57.93,28.86,38.00,29%,55%,1.50%,3.01%,4.50%,236.50%,244.51%,2.99,2.29%,0.00%,,,,,,,,,,,,
,,,,,,,,,,,,,,,,,,2017,4/25/2017,$                                                        37.51,,,4/19/2021,,4/19/2021,,,,,2.32%,$              37.51,0.87,57.93,28.86,38.00,30%,54%,1.50%,3.01%,4.48%,234.89%,242.86%,2.99,2.29%,0.00%,,,,,,,,,,,,
,,,,,,,,,,,,,,,,,,2017,4/26/2017,$                                                       37.40,,,4/26/2021,,4/26/2021,,,,,2.33%,$             37.40,0.87,57.93,28.86,38.00,29%,55%,1.50%,3.01%,4.49%,235.83%,243.82%,2.99,2.29%,-0.28%,,,,,,,,,,,,
,,,,,,,,,,,,,,,,,,2017,4/27/2017,$                                                       37.53,,,5/3/2021,,5/3/2021,,,,,2.32%,$             37.53,0.87,57.93,28.86,38.00,30%,54%,1.50%,3.01%,4.48%,234.71%,242.68%,2.99,2.29%,0.00%,,,,,,,,,,,,
,,,,,,,,,,,,,,,,,,2017,4/28/2017,$                                                       37.44,,,5/10/2021,,5/10/2021,,,,,2.32%,$             37.44,0.87,57.93,28.86,38.00,30%,55%,1.50%,3.01%,4.49%,235.47%,243.46%,2.99,2.29%,-0.23%,,,,,,,,,,,,
,,,,,,,,,,,,,,,,,,2017,5/1/2017,$                                                       37.22,,,5/17/2021,,5/17/2021,,,,,2.34%,$             37.22,0.87,57.93,28.86,38.00,29%,56%,1.50%,3.01%,4.51%,237.45%,245.49%,2.99,2.29%,-0.81%,,,,,,,,,,,,
,,,,,,,,,,,,,,,,,,2017,5/2/2017,$                                                        37.51,,,5/24/2021,,5/24/2021,,,,,2.32%,$              37.51,0.87,57.93,28.86,38.00,30%,54%,1.50%,3.01%,4.48%,234.84%,242.82%,2.99,2.29%,-0.04%,,,,,,,,,,,,
,,,,,,,,,,,,,,,,,,2017,5/3/2017,$                                                       37.38,,,6/1/2021,,6/1/2021,,,,,2.33%,$             37.38,0.87,57.93,28.86,38.00,29%,55%,1.50%,3.01%,4.49%,236.01%,244.01%,2.99,2.29%,-0.39%,,,,,,,,,,,,
,,,,,,,,,,,,,,,,,,2017,5/4/2017,$                                                       37.20,,,6/7/2021,,6/7/2021,,,,,2.34%,$             37.20,0.87,57.93,28.86,38.00,29%,56%,1.50%,3.01%,4.52%,237.68%,245.72%,2.99,2.29%,-0.88%,,,,,,,,,,,,
,,,,,,,,,,,,,,,,,,2017,5/5/2017,$                                                        37.18,,,6/14/2021,,6/14/2021,,,,,2.34%,$              37.18,0.87,57.93,28.86,38.00,29%,56%,1.50%,3.01%,4.52%,237.86%,245.90%,2.99,2.29%,-0.93%,,,,,,,,,,,,
,,,,,,,,,,,,,,,,,,2017,5/8/2017,$                                                        37.17,,,6/21/2021,,6/21/2021,,,,,2.34%,$              37.17,0.87,57.93,28.86,38.00,29%,56%,1.50%,3.01%,4.52%,237.95%,246.00%,2.99,2.29%,-0.96%,,,,,,,,,,,,
,,,,,,,,,,,,,,,,,,2017,5/9/2017,$                                                       36.93,,,6/28/2021,,6/28/2021,,,,,2.36%,$             36.93,0.87,57.93,28.86,38.00,28%,57%,1.50%,3.01%,4.55%,240.10%,248.20%,2.99,2.29%,-1.59%,,,,,,,,,,,,
,,,,,,,,,,,,,,,,,,2017,5/10/2017,$                                                       37.22,,,7/6/2021,,7/6/2021,,,,,2.34%,$             37.22,0.87,57.93,28.86,38.00,29%,56%,1.50%,3.01%,4.51%,237.50%,245.53%,2.99,2.29%,-0.83%,,,,,,,,,,,,
,,,,,,,,,,,,,,,,,,2017,5/11/2017,$                                                       36.98,,,7/12/2021,,7/12/2021,,,,,2.35%,$             36.98,0.87,57.93,28.86,38.00,28%,57%,1.50%,3.01%,4.54%,239.64%,247.73%,2.99,2.29%,-1.45%,,,,,,,,,,,,
,,,,,,,,,,,,,,,,,,2017,5/12/2017,$                                                       36.72,,,7/19/2021,,7/19/2021,,,,,2.37%,$             36.72,0.87,57.93,28.86,38.00,27%,58%,1.50%,3.01%,4.58%,242.09%,250.24%,2.99,2.29%,-2.16%,,,,,,,,,,,,
,,,,,,,,,,,,,,,,,,2017,5/15/2017,$                                                       36.87,,,7/26/2021,,7/26/2021,,,,,2.36%,$             36.87,0.87,57.93,28.86,38.00,28%,57%,1.50%,3.01%,4.56%,240.70%,248.81%,2.99,2.29%,-1.76%,,,,,,,,,,,,
,,,,,,,,,,,,,,,,,,2017,5/16/2017,$                                                       36.87,,,8/2/2021,,8/2/2021,,,,,2.36%,$             36.87,0.87,57.93,28.86,38.00,28%,57%,1.50%,3.01%,4.56%,240.66%,248.77%,2.99,2.29%,-1.75%,,,,,,,,,,,,
,,,,,,,,,,,,,,,,,,2017,5/17/2017,$                                                        36.81,,,8/9/2021,,8/9/2021,,,,,2.36%,$              36.81,0.87,57.93,28.86,38.00,27%,57%,1.50%,3.01%,4.56%,241.21%,249.33%,2.99,2.29%,-1.91%,,,,,,,,,,,,
,,,,,,,,,,,,,,,,,,2017,5/18/2017,$                                                       36.86,,,8/16/2021,,8/16/2021,,,,,2.36%,$             36.86,0.87,57.93,28.86,38.00,28%,57%,1.50%,3.01%,4.56%,240.75%,248.86%,2.99,2.29%,-1.77%,,,,,,,,,,,,
,,,,,,,,,,,,,,,,,,2017,5/19/2017,$                                                       36.94,,,8/23/2021,,8/23/2021,,,,,2.36%,$             36.94,0.87,57.93,28.86,38.00,28%,57%,1.50%,3.01%,4.55%,240.06%,248.15%,2.99,2.29%,-1.57%,,,,,,,,,,,,
,,,,,,,,,,,,,,,,,,2017,5/22/2017,$                                                       36.95,,,8/30/2021,,8/30/2021,,,,,2.35%,$             36.95,0.87,57.93,28.86,38.00,28%,57%,1.50%,3.01%,4.55%,239.92%,248.01%,2.99,2.29%,-1.53%,,,,,,,,,,,,
,,,,,,,,,,,,,,,,,,2017,5/23/2017,$                                                       37.07,,,9/7/2021,,9/7/2021,,,,,2.35%,$             37.07,0.87,57.93,28.86,38.00,28%,56%,1.50%,3.01%,4.53%,238.86%,246.93%,2.99,2.29%,-1.23%,,,,,,,,,,,,
,,,,,,,,,,,,,,,,,,2017,5/24/2017,$                                                       36.92,,,9/13/2021,,9/13/2021,,,,,2.36%,$             36.92,0.87,57.93,28.86,38.00,28%,57%,1.50%,3.01%,4.55%,240.24%,248.34%,2.99,2.29%,-1.63%,,,,,,,,,,,,
,,,,,,,,,,,,,,,,,,2017,5/25/2017,$                                                       37.36,,,9/20/2021,,9/20/2021,,,,,2.33%,$             37.36,0.87,57.93,28.86,38.00,29%,55%,1.50%,3.01%,4.50%,236.23%,244.24%,2.99,2.29%,-0.45%,,,,,,,,,,,,
,,,,,,,,,,,,,,,,,,2017,5/26/2017,$                                                       37.42,,,9/27/2021,,9/27/2021,,,,,2.32%,$             37.42,0.87,57.93,28.86,38.00,29%,55%,1.50%,3.01%,4.49%,235.65%,243.64%,2.99,2.29%,-0.28%,,,,,,,,,,,,
,,,,,,,,,,,,,,,,,,2017,5/30/2017,$                                                       37.57,,,10/4/2021,,10/4/2021,,,,,2.32%,$             37.57,0.87,57.93,28.86,38.00,30%,54%,1.50%,3.01%,4.47%,234.31%,242.27%,2.99,2.29%,0.00%,,,,,,,,,,,,
,,,,,,,,,,,,,,,,,,2017,5/31/2017,$                                                       37.69,,,10/11/2021,,10/11/2021,,,,,2.31%,$             37.69,0.87,57.93,28.86,38.00,30%,54%,1.50%,3.01%,4.46%,233.24%,241.18%,2.99,2.29%,0.00%,,,,,,,,,,,,
,,,,,,,,,,,,,,,,,,2017,6/1/2017,$                                                       37.97,,,10/18/2021,,10/18/2021,,,,,2.29%,$             37.97,0.87,57.93,28.86,38.00,31%,53%,1.50%,3.01%,4.43%,230.83%,238.71%,2.99,2.29%,0.00%,,,,,,,,,,,,
,,,,,,,,,,,,,,,,,,2017,6/2/2017,$                                                       37.97,,,10/25/2021,,10/25/2021,,,,,2.29%,$             37.97,0.87,57.93,28.86,38.00,31%,53%,1.50%,3.01%,4.43%,230.83%,238.71%,2.99,2.29%,0.00%,,,,,,,,,,,,
,,,,,,,,,,,,,,,,,,2017,6/5/2017,$                                                       37.88,,,11/1/2021,,11/1/2021,,,,,2.30%,$             37.88,0.87,57.93,28.86,38.00,31%,53%,1.50%,3.01%,4.44%,231.57%,239.47%,2.99,2.29%,-0.22%,,,,,,,,,,,,
,,,,,,,,,,,,,,,,,,2017,6/6/2017,$                                                       37.40,,,11/8/2021,,11/8/2021,,,,,2.33%,$             37.40,0.87,57.93,28.86,38.00,29%,55%,1.50%,3.01%,4.49%,235.87%,243.87%,2.99,2.29%,-1.50%,,,,,,,,,,,,
,,,,,,,,,,,,,,,,,,2017,6/7/2017,$                                                       37.47,,,11/15/2021,,11/15/2021,,,,,2.32%,$             37.47,0.87,57.93,28.86,38.00,30%,55%,1.50%,3.01%,4.48%,235.25%,243.23%,2.99,2.29%,-1.32%,,,,,,,,,,,,
,,,,,,,,,,,,,,,,,,2017,6/8/2017,$                                                       37.60,,,11/22/2021,,11/22/2021,,,,,2.31%,$             37.60,0.87,57.93,28.86,38.00,30%,54%,1.50%,3.01%,4.47%,234.04%,241.99%,2.99,2.29%,-0.96%,,,,,,,,,,,,
,,,,,,,,,,,,,,,,,,2017,6/9/2017,$                                                       39.00,,,11/29/2021,,11/29/2021,,,,,2.23%,$             39.00,0.87,57.93,28.86,38.00,35%,49%,1.50%,3.01%,4.31%,222.05%,229.72%,2.99,2.29%,0.00%,,,,,,,,,,,,
,,,,,,,,,,,,,,,,,,2017,6/12/2017,$                                                        38.81,,,12/6/2021,,12/6/2021,,,,,2.24%,$              38.81,0.87,57.93,28.86,38.00,34%,49%,1.50%,3.01%,4.33%,223.63%,231.33%,2.99,2.29%,-0.49%,,,,,,,,,,,,
,,,,,,,,,,,,,,,,,,2017,6/13/2017,$                                                       38.95,,,12/13/2021,,12/13/2021,,,,,2.23%,$             38.95,0.87,57.93,28.86,38.00,35%,49%,1.50%,3.01%,4.31%,222.46%,230.14%,2.99,2.29%,-0.13%,,,,,,,,,,,,
,,,,,,,,,,,,,,,,,,2017,6/14/2017,$                                                       39.05,,,12/20/2021,,12/20/2021,,,,,2.23%,$             39.05,0.87,57.93,28.86,38.00,35%,48%,1.50%,3.01%,4.30%,221.64%,229.30%,2.99,2.29%,0.00%,,,,,,,,,,,,
,,,,,,,,,,,,,,,,,,2017,6/15/2017,$                                                       38.90,,,12/27/2021,,12/27/2021,,,,,2.24%,$             38.90,0.87,57.93,28.86,38.00,35%,49%,1.50%,3.01%,4.32%,222.88%,230.57%,2.99,2.29%,-0.38%,,,,,,,,,,,,
,,,,,,,,,,,,,,,,,,2017,6/16/2017,$                                                        39.19,,,1/3/2022,,1/3/2022,,,,,2.22%,$              39.19,0.87,57.93,28.86,38.00,36%,48%,1.50%,3.01%,4.29%,220.49%,228.12%,2.99,2.29%,0.00%,,,,,,,,,,,,
,,,,,,,,,,,,,,,,,,2017,6/19/2017,$                                                       39.63,,,1/10/2022,,1/10/2022,,,,,2.20%,$             39.63,0.87,57.93,28.86,38.00,37%,46%,1.50%,3.01%,4.24%,216.93%,224.48%,2.99,2.29%,0.00%,,,,,,,,,,,,
,,,,,,,,,,,,,,,,,,2017,6/20/2017,$                                                       39.36,,,1/18/2022,,1/18/2022,,,,,2.21%,$             39.36,0.87,57.93,28.86,38.00,36%,47%,1.50%,3.01%,4.27%,219.15%,226.74%,2.99,2.29%,-0.69%,,,,,,,,,,,,
,,,,,,,,,,,,,,,,,,2017,6/21/2017,$                                                       38.99,,,1/24/2022,,1/24/2022,,,,,2.23%,$             38.99,0.87,57.93,28.86,38.00,35%,49%,1.50%,3.01%,4.31%,222.18%,229.84%,2.99,2.29%,-1.63%,,,,,,,,,,,,
,,,,,,,,,,,,,,,,,,2017,6/22/2017,$                                                       38.66,,,1/31/2022,,1/31/2022,,,,,2.25%,$             38.66,0.87,57.93,28.86,38.00,34%,50%,1.50%,3.01%,4.35%,224.88%,232.62%,2.99,2.29%,-2.45%,,,,,,,,,,,,
,,,,,,,,,,,,,,,,,,2017,6/23/2017,$                                                       38.80,,,2/7/2022,,2/7/2022,,,,,2.24%,$             38.80,0.87,57.93,28.86,38.00,34%,49%,1.50%,3.01%,4.33%,223.71%,231.42%,2.99,2.29%,-2.09%,,,,,,,,,,,,
,,,,,,,,,,,,,,,,,,2017,6/26/2017,$                                                       38.76,,,2/14/2022,,2/14/2022,,,,,2.24%,$             38.76,0.87,57.93,28.86,38.00,34%,49%,1.50%,3.01%,4.33%,224.09%,231.80%,2.99,2.29%,-2.21%,,,,,,,,,,,,
,,,,,,,,,,,,,,,,,,2017,6/27/2017,$                                                       38.89,,,2/22/2022,,2/22/2022,,,,,2.24%,$             38.89,0.87,57.93,28.86,38.00,34%,49%,1.50%,3.01%,4.32%,223.00%,230.69%,2.99,2.29%,-1.88%,,,,,,,,,,,,
,,,,,,,,,,,,,,,,,,2017,6/28/2017,$                                                        39.16,,,2/28/2022,,2/28/2022,,,,,2.22%,$              39.16,0.87,57.93,28.86,38.00,35%,48%,1.50%,3.01%,4.29%,220.78%,228.41%,2.99,2.29%,-1.20%,,,,,,,,,,,,
,,,,,,,,,,,,,,,,,,2017,6/29/2017,$                                                       38.80,,,3/7/2022,,3/7/2022,,,,,2.24%,$             38.80,0.87,57.93,28.86,38.00,34%,49%,1.50%,3.01%,4.33%,223.71%,231.42%,2.99,2.29%,-2.09%,,,,,,,,,,,,
,,,,,,,,,,,,,,,,,,2017,6/30/2017,$                                                       38.84,,,3/14/2022,,3/14/2022,,,,,2.24%,$             38.84,0.87,57.93,28.86,38.00,34%,49%,1.50%,3.01%,4.33%,223.38%,231.08%,2.99,2.29%,-1.99%,,,,,,,,,,,,
,,,,,,,,,,,,,,,,,,2017,7/3/2017,$                                                        39.21,,,3/21/2022,,3/21/2022,,,,,2.22%,$              39.21,0.87,57.93,28.86,38.00,36%,48%,1.50%,3.01%,4.28%,220.33%,227.95%,2.99,2.29%,-1.06%,,,,,,,,,,,,
,,,,,,,,,,,,,,,,,,2017,7/5/2017,$                                                        39.15,,,3/28/2022,,3/28/2022,,,,,2.22%,$              39.15,0.87,57.93,28.86,38.00,35%,48%,1.50%,3.01%,4.29%,220.82%,228.45%,2.99,2.29%,-1.21%,,,,,,,,,,,,
,,,,,,,,,,,,,,,,,,2017,7/6/2017,$                                                       38.77,,,4/4/2022,,4/4/2022,,,,,2.24%,$             38.77,0.87,57.93,28.86,38.00,34%,49%,1.50%,3.01%,4.33%,224.00%,231.72%,2.99,2.29%,-2.18%,,,,,,,,,,,,
,,,,,,,,,,,,,,,,,,2017,7/7/2017,$                                                       38.99,,,4/11/2022,,4/11/2022,,,,,2.23%,$             38.99,0.87,57.93,28.86,38.00,35%,49%,1.50%,3.01%,4.31%,222.13%,229.80%,2.99,2.29%,-1.61%,,,,,,,,,,,,
,,,,,,,,,,,,,,,,,,2017,7/10/2017,$                                                       38.83,,,4/18/2022,,4/18/2022,,,,,2.24%,$             38.83,0.87,57.93,28.86,38.00,34%,49%,1.50%,3.01%,4.33%,223.50%,231.20%,2.99,2.29%,-2.03%,,,,,,,,,,,,
,,,,,,,,,,,,,,,,,,2017,7/11/2017,$                                                       38.82,,,4/25/2022,,4/25/2022,,,,,2.24%,$             38.82,0.87,57.93,28.86,38.00,34%,49%,1.50%,3.01%,4.33%,223.54%,231.25%,2.99,2.29%,-2.04%,,,,,,,,,,,,
,,,,,,,,,,,,,,,,,,2017,7/12/2017,$                                                       38.83,,,5/2/2022,,5/2/2022,,,,,2.24%,$             38.83,0.87,57.93,28.86,38.00,34%,49%,1.50%,3.01%,4.33%,223.50%,231.20%,2.99,2.29%,-2.03%,,,,,,,,,,,,
,,,,,,,,,,,,,,,,,,2017,7/13/2017,$                                                       38.95,,,5/9/2022,,5/9/2022,,,,,2.23%,$             38.95,0.87,57.93,28.86,38.00,35%,49%,1.50%,3.01%,4.31%,222.46%,230.14%,2.99,2.29%,-1.72%,,,,,,,,,,,,
,,,,,,,,,,,,,,,,,,2017,7/14/2017,$                                                       38.94,,,5/16/2022,,5/16/2022,,,,,2.23%,$             38.94,0.87,57.93,28.86,38.00,35%,49%,1.50%,3.01%,4.31%,222.59%,230.27%,2.99,2.29%,-1.75%,,,,,,,,,,,,
,,,,,,,,,,,,,,,,,,2017,7/17/2017,$                                                       38.88,,,5/23/2022,,5/23/2022,,,,,2.24%,$             38.88,0.87,57.93,28.86,38.00,34%,49%,1.50%,3.01%,4.32%,223.09%,230.78%,2.99,2.29%,-1.91%,,,,,,,,,,,,
,,,,,,,,,,,,,,,,,,2017,7/18/2017,$                                                       38.94,,,5/31/2022,,5/31/2022,,,,,2.23%,$             38.94,0.87,57.93,28.86,38.00,35%,49%,1.50%,3.01%,4.31%,222.59%,230.27%,2.99,2.29%,-1.75%,,,,,,,,,,,,
,,,,,,,,,,,,,,,,,,2017,7/19/2017,$                                                       38.95,,,6/6/2022,,6/6/2022,,,,,2.23%,$             38.95,0.87,57.93,28.86,38.00,35%,49%,1.50%,3.01%,4.31%,222.51%,230.18%,2.99,2.29%,-1.73%,,,,,,,,,,,,
,,,,,,,,,,,,,,,,,,2017,7/20/2017,$                                                       38.84,,,6/13/2022,,6/13/2022,,,,,2.24%,$             38.84,0.87,57.93,28.86,38.00,34%,49%,1.50%,3.01%,4.33%,223.38%,231.08%,2.99,2.29%,-1.99%,,,,,,,,,,,,
,,,,,,,,,,,,,,,,,,2017,7/21/2017,$                                                       38.79,,,6/21/2022,,6/21/2022,,,,,2.24%,$             38.79,0.87,57.93,28.86,38.00,34%,49%,1.50%,3.01%,4.33%,223.84%,231.55%,2.99,2.29%,-2.13%,,,,,,,,,,,,
,,,,,,,,,,,,,,,,,,2017,7/24/2017,$                                                        38.81,,,6/27/2022,,6/27/2022,,,,,2.24%,$              38.81,0.87,57.93,28.86,38.00,34%,49%,1.50%,3.01%,4.33%,223.63%,231.33%,2.99,2.29%,-2.07%,,,,,,,,,,,,
,,,,,,,,,,,,,,,,,,2017,7/25/2017,$                                                       39.03,,,7/5/2022,,7/5/2022,,,,,2.23%,$             39.03,0.87,57.93,28.86,38.00,35%,48%,1.50%,3.01%,4.30%,221.80%,229.46%,2.99,2.29%,-1.51%,,,,,,,,,,,,
,,,,,,,,,,,,,,,,,,2017,7/26/2017,$                                                       38.68,,,7/11/2022,,7/11/2022,,,,,2.25%,$             38.68,0.87,57.93,28.86,38.00,34%,50%,1.50%,3.01%,4.34%,224.76%,232.49%,2.99,2.29%,-2.41%,,,,,,,,,,,,
,,,,,,,,,,,,,,,,,,2017,7/27/2017,$                                                       38.56,,,7/18/2022,,7/18/2022,,,,,2.26%,$             38.56,0.87,57.93,28.86,38.00,33%,50%,1.50%,3.01%,4.36%,225.73%,233.48%,2.99,2.29%,-2.70%,,,,,,,,,,,,
,,,,,,,,,,,,,,,,,,2017,7/28/2017,$                                                       39.69,,,7/25/2022,,7/25/2022,,,,,2.19%,$             39.69,0.87,57.93,28.86,38.00,37%,46%,1.50%,3.01%,4.23%,216.45%,223.99%,2.99,2.29%,0.00%,,,,,,,,,,,,
,,,,,,,,,,,,,,,,,,2017,7/31/2017,$                                                       39.88,,,8/1/2022,,8/1/2022,,,,,2.18%,$             39.88,0.87,57.93,28.86,38.00,38%,45%,1.50%,3.01%,4.21%,214.98%,222.48%,2.99,2.29%,0.00%,,,,,,,,,,,,
,,,,,,,,,,,,,,,,,,2017,8/1/2017,$                                                       40.45,,,8/8/2022,,8/8/2022,,,,,2.15%,$             40.45,0.87,57.93,28.86,38.00,40%,43%,1.50%,3.01%,4.15%,210.55%,217.94%,2.99,2.29%,0.00%,,,,,,,,,,,,
,,,,,,,,,,,,,,,,,,2017,8/2/2017,$                                                       40.58,,,8/15/2022,,8/15/2022,,,,,2.14%,$             40.58,0.87,57.93,28.86,38.00,40%,43%,1.50%,3.01%,4.14%,209.51%,216.88%,2.99,2.29%,0.00%,,,,,,,,,,,,
,,,,,,,,,,,,,,,,,,2017,8/3/2017,$                                                       40.49,,,8/22/2022,,8/22/2022,,,,,2.15%,$             40.49,0.87,57.93,28.86,38.00,40%,43%,1.50%,3.01%,4.15%,210.24%,217.62%,2.99,2.29%,-0.23%,,,,,,,,,,,,
,,,,,,,,,,,,,,,,,,2017,8/4/2017,$                                                       40.58,,,8/29/2022,,8/29/2022,,,,,2.14%,$             40.58,0.87,57.93,28.86,38.00,40%,43%,1.50%,3.01%,4.14%,209.51%,216.88%,2.99,2.29%,0.00%,,,,,,,,,,,,
,,,,,,,,,,,,,,,,,,2017,8/7/2017,$                                                       40.55,,,9/6/2022,,9/6/2022,,,,,2.15%,$             40.55,0.87,57.93,28.86,38.00,40%,43%,1.50%,3.01%,4.14%,209.74%,217.11%,2.99,2.29%,-0.07%,,,,,,,,,,,,
,,,,,,,,,,,,,,,,,,2017,8/8/2017,$                                                       40.62,,,9/12/2022,,9/12/2022,,,,,2.14%,$             40.62,0.87,57.93,28.86,38.00,40%,43%,1.50%,3.01%,4.14%,209.21%,216.57%,2.99,2.29%,0.00%,,,,,,,,,,,,
,,,,,,,,,,,,,,,,,,2017,8/9/2017,$                                                       40.89,,,9/19/2022,,9/19/2022,,,,,2.13%,$             40.89,0.87,57.93,28.86,38.00,41%,42%,1.50%,3.01%,4.11%,207.20%,214.52%,2.99,2.29%,0.00%,,,,,,,,,,,,
,,,,,,,,,,,,,,,,,,2017,8/10/2017,$                                                        40.41,,,9/26/2022,,9/26/2022,,,,,2.15%,$              40.41,0.87,57.93,28.86,38.00,40%,43%,1.50%,3.01%,4.16%,210.81%,218.21%,2.99,2.29%,-1.16%,,,,,,,,,,,,
,,,,,,,,,,,,,,,,,,2017,8/11/2017,$                                                       40.38,,,10/3/2022,,10/3/2022,,,,,2.15%,$             40.38,0.87,57.93,28.86,38.00,40%,43%,1.50%,3.01%,4.16%,211.08%,218.49%,2.99,2.29%,-1.25%,,,,,,,,,,,,
,,,,,,,,,,,,,,,,,,2017,8/14/2017,$                                                       40.63,,,10/10/2022,,10/10/2022,,,,,2.14%,$             40.63,0.87,57.93,28.86,38.00,40%,43%,1.50%,3.01%,4.14%,209.17%,216.53%,2.99,2.29%,-0.64%,,,,,,,,,,,,
,,,,,,,,,,,,,,,,,,2017,8/15/2017,$                                                       40.63,,,10/17/2022,,10/17/2022,,,,,2.14%,$             40.63,0.87,57.93,28.86,38.00,40%,43%,1.50%,3.01%,4.13%,209.13%,216.49%,2.99,2.29%,-0.62%,,,,,,,,,,,,
,,,,,,,,,,,,,,,,,,2017,8/16/2017,$                                                        40.41,,,10/24/2022,,10/24/2022,,,,,2.15%,$              40.41,0.87,57.93,28.86,38.00,40%,43%,1.50%,3.01%,4.16%,210.81%,218.21%,2.99,2.29%,-1.16%,,,,,,,,,,,,
,,,,,,,,,,,,,,,,,,2017,8/17/2017,$                                                       39.92,,,10/31/2022,,10/31/2022,,,,,2.18%,$             39.92,0.87,57.93,28.86,38.00,38%,45%,1.50%,3.01%,4.21%,214.67%,222.16%,2.99,2.29%,-2.37%,,,,,,,,,,,,
,,,,,,,,,,,,,,,,,,2017,8/18/2017,$                                                       39.92,,,11/7/2022,,11/7/2022,,,,,2.18%,$             39.92,0.87,57.93,28.86,38.00,38%,45%,1.50%,3.01%,4.21%,214.63%,222.12%,2.99,2.29%,-2.36%,,,,,,,,,,,,
,,,,,,,,,,,,,,,,,,2017,8/21/2017,$                                                       39.86,,,11/14/2022,,11/14/2022,,,,,2.18%,$             39.86,0.87,57.93,28.86,38.00,38%,45%,1.50%,3.01%,4.22%,215.14%,222.64%,2.99,2.29%,-2.52%,,,,,,,,,,,,
,,,,,,,,,,,,,,,,,,2017,8/22/2017,$                                                       40.09,,,11/21/2022,,11/21/2022,,,,,2.17%,$             40.09,0.87,57.93,28.86,38.00,39%,45%,1.50%,3.01%,4.19%,213.33%,220.79%,2.99,2.29%,-1.96%,,,,,,,,,,,,
,,,,,,,,,,,,,,,,,,2017,8/23/2017,$                                                       40.03,,,11/28/2022,,11/28/2022,,,,,2.17%,$             40.03,0.87,57.93,28.86,38.00,38%,45%,1.50%,3.01%,4.20%,213.76%,221.23%,2.99,2.29%,-2.09%,,,,,,,,,,,,
,,,,,,,,,,,,,,,,,,2017,8/24/2017,$                                                       40.20,,,12/5/2022,,12/5/2022,,,,,2.16%,$             40.20,0.87,57.93,28.86,38.00,39%,44%,1.50%,3.01%,4.18%,212.48%,219.92%,2.99,2.29%,-1.69%,,,,,,,,,,,,
,,,,,,,,,,,,,,,,,,2017,8/25/2017,$                                                       40.46,,,12/12/2022,,12/12/2022,,,,,2.15%,$             40.46,0.87,57.93,28.86,38.00,40%,43%,1.50%,3.01%,4.15%,210.47%,217.86%,2.99,2.29%,-1.05%,,,,,,,,,,,,
,,,,,,,,,,,,,,,,,,2017,8/28/2017,$                                                       40.40,,,12/19/2022,,12/19/2022,,,,,2.15%,$             40.40,0.87,57.93,28.86,38.00,40%,43%,1.50%,3.01%,4.16%,210.89%,218.29%,2.99,2.29%,-1.19%,,,,,,,,,,,,
,,,,,,,,,,,,,,,,,,2017,8/29/2017,$                                                       40.86,,,12/27/2022,,12/27/2022,,,,,2.13%,$             40.86,0.87,57.93,28.86,38.00,41%,42%,1.50%,3.01%,4.11%,207.43%,214.75%,2.99,2.29%,-0.07%,,,,,,,,,,,,
,,,,,,,,,,,,,,,,,,2017,8/30/2017,$                                                        41.03,,,1/3/2023,,1/3/2023,,,,,2.12%,$              41.03,0.87,57.93,28.86,38.00,42%,41%,1.50%,3.01%,4.09%,206.12%,213.40%,2.99,2.29%,0.00%,,,,,,,,,,,,
,,,,,,,,,,,,,,,,,,2017,8/31/2017,$                                                        41.28,,,1/9/2023,,1/9/2023,,,,,2.11%,$              41.28,0.87,57.93,28.86,38.00,43%,40%,1.50%,3.01%,4.07%,204.30%,211.54%,2.99,2.29%,0.00%,,,,,,,,,,,,
,,,,,,,,,,,,,,,,,,2017,9/1/2017,$                                                        41.45,,,1/17/2023,,1/17/2023,,,,,2.10%,$              41.45,0.87,57.93,28.86,38.00,43%,40%,1.50%,3.01%,4.05%,203.02%,210.23%,2.99,2.29%,0.00%,,,,,,,,,,,,
,,,,,,,,,,,,,,,,,,2017,9/5/2017,$                                                       40.76,,,1/23/2023,,1/23/2023,,,,,2.13%,$             40.76,0.87,57.93,28.86,38.00,41%,42%,1.50%,3.01%,4.12%,208.15%,215.48%,2.99,2.29%,-1.66%,,,,,,,,,,,,
,,,,,,,,,,,,,,,,,,2017,9/6/2017,$                                                       40.84,,,1/30/2023,,1/30/2023,,,,,2.13%,$             40.84,0.87,57.93,28.86,38.00,41%,42%,1.50%,3.01%,4.11%,207.54%,214.86%,2.99,2.29%,-1.47%,,,,,,,,,,,,
,,,,,,,,,,,,,,,,,,2017,9/7/2017,$                                                       40.28,,,2/6/2023,,2/6/2023,,,,,2.16%,$             40.28,0.87,57.93,28.86,38.00,39%,44%,1.50%,3.01%,4.17%,211.86%,219.28%,2.99,2.29%,-2.83%,,,,,,,,,,,,
,,,,,,,,,,,,,,,,,,2017,9/8/2017,$                                                       40.59,,,2/13/2023,,2/13/2023,,,,,2.14%,$             40.59,0.87,57.93,28.86,38.00,40%,43%,1.50%,3.01%,4.14%,209.44%,216.80%,2.99,2.29%,-2.07%,,,,,,,,,,,,
,,,,,,,,,,,,,,,,,,2017,9/11/2017,$                                                        41.24,,,2/21/2023,,2/21/2023,,,,,2.11%,$              41.24,0.87,57.93,28.86,38.00,43%,40%,1.50%,3.01%,4.07%,204.60%,211.85%,2.99,2.29%,-0.52%,,,,,,,,,,,,
,,,,,,,,,,,,,,,,,,2017,9/12/2017,$                                                         41.12,,,2/27/2023,,2/27/2023,,,,,2.12%,$               41.12,0.87,57.93,28.86,38.00,42%,41%,1.50%,3.01%,4.09%,205.45%,212.72%,2.99,2.29%,-0.80%,,,,,,,,,,,,
,,,,,,,,,,,,,,,,,,2017,9/13/2017,$                                                        41.02,,,3/6/2023,,3/6/2023,,,,,2.12%,$              41.02,0.87,57.93,28.86,38.00,42%,41%,1.50%,3.01%,4.10%,206.19%,213.48%,2.99,2.29%,-1.04%,,,,,,,,,,,,
,,,,,,,,,,,,,,,,,,2017,9/14/2017,$                                                        41.06,,,3/13/2023,,3/13/2023,,,,,2.12%,$              41.06,0.87,57.93,28.86,38.00,42%,41%,1.50%,3.01%,4.09%,205.93%,213.21%,2.99,2.29%,-0.95%,,,,,,,,,,,,
,,,,,,,,,,,,,,,,,,2017,9/15/2017,$                                                         41.41,,,3/20/2023,,3/20/2023,,,,,2.10%,$               41.41,0.87,57.93,28.86,38.00,43%,40%,1.50%,3.01%,4.06%,203.35%,210.57%,2.99,2.29%,-0.11%,,,,,,,,,,,,
,,,,,,,,,,,,,,,,,,2017,9/18/2017,$                                                        41.58,,,3/27/2023,,3/27/2023,,,,,2.09%,$              41.58,0.87,57.93,28.86,38.00,44%,39%,1.50%,3.01%,4.04%,202.10%,209.30%,2.99,2.29%,0.00%,,,,,,,,,,,,
,,,,,,,,,,,,,,,,,,2017,9/19/2017,$                                                        41.82,,,4/3/2023,,4/3/2023,,,,,2.08%,$              41.82,0.87,57.93,28.86,38.00,45%,39%,1.50%,3.01%,4.02%,200.33%,207.48%,2.99,2.29%,0.00%,,,,,,,,,,,,
,,,,,,,,,,,,,,,,,,2017,9/20/2017,$                                                        41.96,,,4/10/2023,,4/10/2023,,,,,2.07%,$              41.96,0.87,57.93,28.86,38.00,45%,38%,1.50%,3.01%,4.00%,199.33%,206.46%,2.99,2.29%,0.00%,,,,,,,,,,,,
,,,,,,,,,,,,,,,,,,2017,9/21/2017,$                                                        41.82,,,4/17/2023,,4/17/2023,,,,,2.08%,$              41.82,0.87,57.93,28.86,38.00,45%,39%,1.50%,3.01%,4.02%,200.37%,207.52%,2.99,2.29%,-0.35%,,,,,,,,,,,,
,,,,,,,,,,,,,,,,,,2017,9/22/2017,$                                                        41.97,,,4/24/2023,,4/24/2023,,,,,2.07%,$              41.97,0.87,57.93,28.86,38.00,45%,38%,1.50%,3.01%,4.00%,199.26%,206.39%,2.99,2.29%,0.00%,,,,,,,,,,,,
,,,,,,,,,,,,,,,,,,2017,9/25/2017,$                                                        42.13,,,5/1/2023,,5/1/2023,,,,,2.07%,$              42.13,0.87,57.93,28.86,38.00,46%,37%,1.50%,3.01%,3.99%,198.12%,205.22%,2.99,2.29%,0.00%,,,,,,,,,,,,
,,,,,,,,,,,,,,,,,,2017,9/26/2017,$                                                        41.77,,,5/8/2023,,5/8/2023,,,,,2.08%,$              41.77,0.87,57.93,28.86,38.00,44%,39%,1.50%,3.01%,4.02%,200.69%,207.85%,2.99,2.29%,-0.85%,,,,,,,,,,,,
,,,,,,,,,,,,,,,,,,2017,9/27/2017,$                                                        41.89,,,5/15/2023,,5/15/2023,,,,,2.08%,$              41.89,0.87,57.93,28.86,38.00,45%,38%,1.50%,3.01%,4.01%,199.83%,206.97%,2.99,2.29%,-0.57%,,,,,,,,,,,,
,,,,,,,,,,,,,,,,,,2017,9/28/2017,$                                                         41.15,,,5/22/2023,,5/22/2023,,,,,2.11%,$               41.15,0.87,57.93,28.86,38.00,42%,41%,1.50%,3.01%,4.08%,205.22%,212.49%,2.99,2.29%,-2.33%,,,,,,,,,,,,
,,,,,,,,,,,,,,,,,,2017,9/29/2017,$                                                       40.70,,,5/30/2023,,5/30/2023,,,,,2.14%,$             40.70,0.87,57.93,28.86,38.00,41%,42%,1.50%,3.01%,4.13%,208.64%,215.98%,2.99,2.29%,-3.41%,,,,,,,,,,,,
,,,,,,,,,,,,,,,,,,2017,10/2/2017,$                                                       40.99,,,6/5/2023,,6/5/2023,,,,,2.12%,$             40.99,0.87,57.93,28.86,38.00,42%,41%,1.50%,3.01%,4.10%,206.45%,213.75%,2.99,2.29%,-2.72%,,,,,,,,,,,,
,,,,,,,,,,,,,,,,,,2017,10/3/2017,$                                                         41.12,,,6/12/2023,,6/12/2023,,,,,2.12%,$               41.12,0.87,57.93,28.86,38.00,42%,41%,1.50%,3.01%,4.09%,205.48%,212.76%,2.99,2.29%,-2.41%,,,,,,,,,,,,
,,,,,,,,,,,,,,,,,,2017,10/4/2017,$                                                        41.06,,,6/20/2023,,6/20/2023,,,,,2.12%,$              41.06,0.87,57.93,28.86,38.00,42%,41%,1.50%,3.01%,4.09%,205.89%,213.18%,2.99,2.29%,-2.54%,,,,,,,,,,,,
,,,,,,,,,,,,,,,,,,2017,10/5/2017,$                                                        41.25,,,6/26/2023,,6/26/2023,,,,,2.11%,$              41.25,0.87,57.93,28.86,38.00,43%,40%,1.50%,3.01%,4.07%,204.52%,211.77%,2.99,2.29%,-2.10%,,,,,,,,,,,,
,,,,,,,,,,,,,,,,,,2017,10/6/2017,$                                                         41.14,,,7/3/2023,,7/3/2023,,,,,2.11%,$               41.14,0.87,57.93,28.86,38.00,42%,41%,1.50%,3.01%,4.08%,205.34%,212.60%,2.99,2.29%,-2.36%,,,,,,,,,,,,
,,,,,,,,,,,,,,,,,,2017,10/9/2017,$                                                        41.29,,,7/10/2023,,7/10/2023,,,,,2.11%,$              41.29,0.87,57.93,28.86,38.00,43%,40%,1.50%,3.01%,4.07%,204.19%,211.43%,2.99,2.29%,-1.99%,,,,,,,,,,,,
,,,,,,,,,,,,,,,,,,2017,10/10/2017,$                                                         41.81,,,7/17/2023,,7/17/2023,,,,,2.08%,$               41.81,0.87,57.93,28.86,38.00,45%,39%,1.50%,3.01%,4.02%,200.41%,207.56%,2.99,2.29%,-0.76%,,,,,,,,,,,,
,,,,,,,,,,,,,,,,,,2017,10/11/2017,$                                                        41.94,,,7/24/2023,,7/24/2023,,,,,2.07%,$              41.94,0.87,57.93,28.86,38.00,45%,38%,1.50%,3.01%,4.01%,199.48%,206.60%,2.99,2.29%,-0.45%,,,,,,,,,,,,
,,,,,,,,,,,,,,,,,,2017,10/12/2017,$                                                        41.97,,,7/31/2023,,7/31/2023,,,,,2.07%,$              41.97,0.87,57.93,28.86,38.00,45%,38%,1.50%,3.01%,4.00%,199.26%,206.39%,2.99,2.29%,-0.38%,,,,,,,,,,,,
,,,,,,,,,,,,,,,,,,2017,10/13/2017,$                                                        42.01,,,8/7/2023,,8/7/2023,,,,,2.07%,$              42.01,0.87,57.93,28.86,38.00,45%,38%,1.50%,3.01%,4.00%,199.01%,206.13%,2.99,2.29%,-0.30%,,,,,,,,,,,,
,,,,,,,,,,,,,,,,,,2017,10/16/2017,$                                                       42.09,,,8/14/2023,,8/14/2023,,,,,2.07%,$             42.09,0.87,57.93,28.86,38.00,46%,38%,1.50%,3.01%,3.99%,198.41%,205.51%,2.99,2.29%,-0.09%,,,,,,,,,,,,
,,,,,,,,,,,,,,,,,,2017,10/17/2017,$                                                        41.88,,,8/21/2023,,8/21/2023,,,,,2.08%,$              41.88,0.87,57.93,28.86,38.00,45%,38%,1.50%,3.01%,4.01%,199.90%,207.04%,2.99,2.29%,-0.59%,,,,,,,,,,,,
,,,,,,,,,,,,,,,,,,2017,10/18/2017,$                                                        41.88,,,8/28/2023,,8/28/2023,,,,,2.08%,$              41.88,0.87,57.93,28.86,38.00,45%,38%,1.50%,3.01%,4.01%,199.90%,207.04%,2.99,2.29%,-0.59%,,,,,,,,,,,,
,,,,,,,,,,,,,,,,,,2017,10/19/2017,$                                                       42.23,,,9/5/2023,,9/5/2023,,,,,2.06%,$             42.23,0.87,57.93,28.86,38.00,46%,37%,1.50%,3.01%,3.98%,197.45%,204.54%,2.99,2.29%,0.00%,,,,,,,,,,,,
,,,,,,,,,,,,,,,,,,2017,10/20/2017,$                                                        41.93,,,9/11/2023,,9/11/2023,,,,,2.08%,$              41.93,0.87,57.93,28.86,38.00,45%,38%,1.50%,3.01%,4.01%,199.58%,206.71%,2.99,2.29%,-0.71%,,,,,,,,,,,,
,,,,,,,,,,,,,,,,,,2017,10/23/2017,$                                                        42.16,,,9/18/2023,,9/18/2023,,,,,2.06%,$              42.16,0.87,57.93,28.86,38.00,46%,37%,1.50%,3.01%,3.98%,197.91%,205.00%,2.99,2.29%,-0.15%,,,,,,,,,,,,
,,,,,,,,,,,,,,,,,,2017,10/24/2017,$                                                       42.28,,,9/25/2023,,9/25/2023,,,,,2.06%,$             42.28,0.87,57.93,28.86,38.00,46%,37%,1.50%,3.01%,3.97%,197.07%,204.14%,2.99,2.29%,0.00%,,,,,,,,,,,,
,,,,,,,,,,,,,,,,,,2017,10/25/2017,$                                                       42.04,,,10/2/2023,,10/2/2023,,,,,2.07%,$             42.04,0.87,57.93,28.86,38.00,45%,38%,1.50%,3.01%,4.00%,198.80%,205.91%,2.99,2.29%,-0.58%,,,,,,,,,,,,
,,,,,,,,,,,,,,,,,,2017,10/26/2017,$                                                        41.82,,,10/9/2023,,10/9/2023,,,,,2.08%,$              41.82,0.87,57.93,28.86,38.00,45%,39%,1.50%,3.01%,4.02%,200.37%,207.52%,2.99,2.29%,-1.10%,,,,,,,,,,,,
,,,,,,,,,,,,,,,,,,2017,10/27/2017,$                                                        41.97,,,10/16/2023,,10/16/2023,,,,,2.07%,$              41.97,0.87,57.93,28.86,38.00,45%,38%,1.50%,3.01%,4.00%,199.26%,206.39%,2.99,2.29%,-0.73%,,,,,,,,,,,,
,,,,,,,,,,,,,,,,,,2017,10/30/2017,$                                                        41.92,,,10/23/2023,,10/23/2023,,,,,2.08%,$              41.92,0.87,57.93,28.86,38.00,45%,38%,1.50%,3.01%,4.01%,199.65%,206.79%,2.99,2.29%,-0.86%,,,,,,,,,,,,
,,,,,,,,,,,,,,,,,,2017,10/31/2017,$                                                        41.95,,,10/30/2023,,10/30/2023,,,,,2.07%,$              41.95,0.87,57.93,28.86,38.00,45%,38%,1.50%,3.01%,4.01%,199.44%,206.57%,2.99,2.29%,-0.79%,,,,,,,,,,,,
,,,,,,,,,,,,,,,,,,2017,11/1/2017,$                                                        42.15,,,11/6/2023,,11/6/2023,,,,,2.06%,$              42.15,0.87,57.93,28.86,38.00,46%,37%,1.50%,3.01%,3.99%,198.02%,205.11%,2.99,2.29%,-0.32%,,,,,,,,,,,,
,,,,,,,,,,,,,,,,,,2017,11/2/2017,$                                                        42.21,,,11/13/2023,,11/13/2023,,,,,2.06%,$              42.21,0.87,57.93,28.86,38.00,46%,37%,1.50%,3.01%,3.98%,197.60%,204.68%,2.99,2.29%,-0.18%,,,,,,,,,,,,
,,,,,,,,,,,,,,,,,,2017,11/3/2017,$                                                        41.99,,,11/20/2023,,11/20/2023,,,,,2.07%,$              41.99,0.87,57.93,28.86,38.00,45%,38%,1.50%,3.01%,4.00%,199.12%,206.24%,2.99,2.29%,-0.69%,,,,,,,,,,,,
,,,,,,,,,,,,,,,,,,2017,11/6/2017,$                                                       42.29,,,11/27/2023,,11/27/2023,,,,,2.06%,$             42.29,0.87,57.93,28.86,38.00,46%,37%,1.50%,3.01%,3.97%,197.03%,204.10%,2.99,2.29%,0.00%,,,,,,,,,,,,
,,,,,,,,,,,,,,,,,,2017,11/7/2017,$                                                         41.91,,,12/4/2023,,12/4/2023,,,,,2.08%,$               41.91,0.87,57.93,28.86,38.00,45%,38%,1.50%,3.01%,4.01%,199.73%,206.86%,2.99,2.29%,-0.90%,,,,,,,,,,,,
,,,,,,,,,,,,,,,,,,2017,11/8/2017,$                                                       42.00,,,12/11/2023,,12/11/2023,,,,,2.07%,$             42.00,0.87,57.93,28.86,38.00,45%,38%,1.50%,3.01%,4.00%,199.08%,206.20%,2.99,2.29%,-0.69%,,,,,,,,,,,,
,,,,,,,,,,,,,,,,,,2017,11/9/2017,$                                                       42.04,,,12/18/2023,,12/18/2023,,,,,2.07%,$             42.04,0.87,57.93,28.86,38.00,45%,38%,1.50%,3.01%,4.00%,198.76%,205.88%,2.99,2.29%,-0.58%,,,,,,,,,,,,
,,,,,,,,,,,,,,,,,,2017,11/10/2017,$                                                        41.72,,,12/26/2023,,12/26/2023,,,,,2.09%,$              41.72,0.87,57.93,28.86,38.00,44%,39%,1.50%,3.01%,4.03%,201.05%,208.22%,2.99,2.29%,-1.34%,,,,,,,,,,,,
,,,,,,,,,,,,,,,,,,2017,11/13/2017,$                                                       42.20,,,1/2/2024,,1/2/2024,,,,,2.06%,$             42.20,0.87,57.93,28.86,38.00,46%,37%,1.50%,3.01%,3.98%,197.63%,204.72%,2.99,2.29%,-0.20%,,,,,,,,,,,,
,,,,,,,,,,,,,,,,,,2017,11/14/2017,$                                                        42.14,,,1/8/2024,,1/8/2024,,,,,2.06%,$              42.14,0.87,57.93,28.86,38.00,46%,37%,1.50%,3.01%,3.99%,198.09%,205.19%,2.99,2.29%,-0.35%,,,,,,,,,,,,
,,,,,,,,,,,,,,,,,,2017,11/15/2017,$                                                       42.22,,,1/16/2024,,1/16/2024,,,,,2.06%,$             42.22,0.87,57.93,28.86,38.00,46%,37%,1.50%,3.01%,3.98%,197.49%,204.57%,2.99,2.29%,-0.15%,,,,,,,,,,,,
,,,,,,,,,,,,,,,,,,2017,11/16/2017,$                                                        42.16,,,1/22/2024,,1/22/2024,,,,,2.06%,$              42.16,0.87,57.93,28.86,38.00,46%,37%,1.50%,3.01%,3.99%,197.95%,205.04%,2.99,2.29%,-0.31%,,,,,,,,,,,,
,,,,,,,,,,,,,,,,,,2017,11/17/2017,$                                                        41.93,,,1/29/2024,,1/29/2024,,,,,2.08%,$              41.93,0.87,57.93,28.86,38.00,45%,38%,1.50%,3.01%,4.01%,199.58%,206.71%,2.99,2.29%,-0.85%,,,,,,,,,,,,
,,,,,,,,,,,,,,,,,,2017,11/20/2017,$                                                       42.34,,,2/5/2024,,2/5/2024,,,,,2.05%,$             42.34,0.87,57.93,28.86,38.00,46%,37%,1.50%,3.01%,3.97%,196.65%,203.71%,2.99,2.29%,0.00%,,,,,,,,,,,,
,,,,,,,,,,,,,,,,,,2017,11/21/2017,$                                                       42.54,,,2/12/2024,,2/12/2024,,,,,2.05%,$             42.54,0.87,57.93,28.86,38.00,47%,36%,1.50%,3.01%,3.95%,195.25%,202.28%,2.99,2.29%,0.00%,,,,,,,,,,,,
,,,,,,,,,,,,,,,,,,2017,11/22/2017,$                                                       42.53,,,2/20/2024,,2/20/2024,,,,,2.05%,$             42.53,0.87,57.93,28.86,38.00,47%,36%,1.50%,3.01%,3.95%,195.36%,202.39%,2.99,2.29%,-0.04%,,,,,,,,,,,,
,,,,,,,,,,,,,,,,,,2017,11/24/2017,$                                                       42.50,,,2/26/2024,,2/26/2024,,,,,2.05%,$             42.50,0.87,57.93,28.86,38.00,47%,36%,1.50%,3.01%,3.95%,195.53%,202.56%,2.99,2.29%,-0.09%,,,,,,,,,,,,
,,,,,,,,,,,,,,,,,,2017,11/27/2017,$                                                       42.72,,,3/4/2024,,3/4/2024,,,,,2.04%,$             42.72,0.87,57.93,28.86,38.00,48%,36%,1.50%,3.01%,3.93%,194.01%,201.01%,2.99,2.29%,0.00%,,,,,,,,,,,,
,,,,,,,,,,,,,,,,,,2017,11/28/2017,$                                                        43.14,,,3/11/2024,,3/11/2024,,,,,2.02%,$              43.14,0.87,57.93,28.86,38.00,49%,34%,1.50%,3.01%,3.89%,191.18%,198.11%,2.99,2.29%,0.00%,,,,,,,,,,,,
,,,,,,,,,,,,,,,,,,2017,11/29/2017,$                                                       43.60,,,3/18/2024,,3/18/2024,,,,,2.00%,$             43.60,0.87,57.93,28.86,38.00,51%,33%,1.50%,3.01%,3.85%,188.11%,194.97%,2.99,2.29%,0.00%,,,,,,,,,,,,
,,,,,,,,,,,,,,,,,,2017,11/30/2017,$                                                       43.82,,,3/25/2024,,3/25/2024,,,,,1.99%,$             43.82,0.87,57.93,28.86,38.00,51%,32%,1.50%,3.01%,3.83%,186.63%,193.45%,2.99,2.29%,0.00%,,,,,,,,,,,,
,,,,,,,,,,,,,,,,,,2017,12/1/2017,$                                                       43.80,,,4/1/2024,,4/1/2024,,,,,1.99%,$             43.80,0.87,57.93,28.86,38.00,51%,32%,1.50%,3.01%,3.84%,186.76%,193.58%,2.99,2.29%,-0.05%,,,,,,,,,,,,
,,,,,,,,,,,,,,,,,,2017,12/4/2017,$                                                       44.07,,,4/8/2024,,4/8/2024,,,,,1.97%,$             44.07,0.87,57.93,28.86,38.00,52%,31%,1.50%,3.01%,3.81%,185.00%,191.79%,2.99,2.29%,0.00%,,,,,,,,,,,,
,,,,,,,,,,,,,,,,,,2017,12/5/2017,$                                                       43.92,,,4/15/2024,,4/15/2024,,,,,1.98%,$             43.92,0.87,57.93,28.86,38.00,52%,32%,1.50%,3.01%,3.83%,185.97%,192.78%,2.99,2.29%,-0.34%,,,,,,,,,,,,
,,,,,,,,,,,,,,,,,,2017,12/6/2017,$                                                        43.81,,,4/22/2024,,4/22/2024,,,,,1.99%,$              43.81,0.87,57.93,28.86,38.00,51%,32%,1.50%,3.01%,3.84%,186.73%,193.55%,2.99,2.29%,-0.60%,,,,,,,,,,,,
,,,,,,,,,,,,,,,,,,2017,12/7/2017,$                                                       43.97,,,4/29/2024,,4/29/2024,,,,,1.98%,$             43.97,0.87,57.93,28.86,38.00,52%,32%,1.50%,3.01%,3.82%,185.65%,192.45%,2.99,2.29%,-0.23%,,,,,,,,,,,,
,,,,,,,,,,,,,,,,,,2017,12/8/2017,$                                                       44.08,,,5/6/2024,,5/6/2024,,,,,1.97%,$             44.08,0.87,57.93,28.86,38.00,52%,31%,1.50%,3.01%,3.81%,184.94%,191.72%,2.99,2.29%,0.00%,,,,,,,,,,,,
,,,,,,,,,,,,,,,,,,2017,12/11/2017,$                                                       44.24,,,5/13/2024,,5/13/2024,,,,,1.97%,$             44.24,0.87,57.93,28.86,38.00,53%,31%,1.50%,3.01%,3.80%,183.91%,190.66%,2.99,2.29%,0.00%,,,,,,,,,,,,
,,,,,,,,,,,,,,,,,,2017,12/12/2017,$                                                       44.38,,,5/20/2024,,5/20/2024,,,,,1.96%,$             44.38,0.87,57.93,28.86,38.00,53%,31%,1.50%,3.01%,3.79%,183.01%,189.75%,2.99,2.29%,0.00%,,,,,,,,,,,,
,,,,,,,,,,,,,,,,,,2017,12/13/2017,$                                                       44.25,,,5/28/2024,,5/28/2024,,,,,1.97%,$             44.25,0.87,57.93,28.86,38.00,53%,31%,1.50%,3.01%,3.80%,183.87%,190.63%,2.99,2.29%,-0.30%,,,,,,,,,,,,
,,,,,,,,,,,,,,,,,,2017,12/14/2017,$                                                        44.21,,,6/3/2024,,6/3/2024,,,,,1.97%,$              44.21,0.87,57.93,28.86,38.00,53%,31%,1.50%,3.01%,3.80%,184.10%,190.86%,2.99,2.29%,-0.38%,,,,,,,,,,,,
,,,,,,,,,,,,,,,,,,2017,12/15/2017,$                                                       44.63,,,6/10/2024,,6/10/2024,,,,,1.95%,$             44.63,0.87,57.93,28.86,38.00,54%,30%,1.50%,3.01%,3.76%,181.43%,188.12%,2.99,2.29%,0.00%,,,,,,,,,,,,
,,,,,,,,,,,,,,,,,,2017,12/18/2017,$                                                        44.15,,,6/17/2024,,6/17/2024,,,,,1.97%,$              44.15,0.87,57.93,28.86,38.00,53%,31%,1.50%,3.01%,3.81%,184.52%,191.29%,2.99,2.29%,-1.09%,,,,,,,,,,,,
,,,,,,,,,,,,,,,,,,2017,12/19/2017,$                                                       43.99,,,6/24/2024,,6/24/2024,,,,,1.98%,$             43.99,0.87,57.93,28.86,38.00,52%,32%,1.50%,3.01%,3.82%,185.52%,192.32%,2.99,2.29%,-1.43%,,,,,,,,,,,,
,,,,,,,,,,,,,,,,,,2017,12/20/2017,$                                                       43.68,,,7/1/2024,,7/1/2024,,,,,1.99%,$             43.68,0.87,57.93,28.86,38.00,51%,33%,1.50%,3.01%,3.85%,187.55%,194.39%,2.99,2.29%,-2.13%,,,,,,,,,,,,
,,,,,,,,,,,,,,,,,,2017,12/21/2017,$                                                       43.56,,,7/8/2024,,7/8/2024,,,,,2.00%,$             43.56,0.87,57.93,28.86,38.00,51%,33%,1.50%,3.01%,3.86%,188.37%,195.24%,2.99,2.29%,-2.41%,,,,,,,,,,,,
,,,,,,,,,,,,,,,,,,2017,12/22/2017,$                                                        43.61,,,7/15/2024,,7/15/2024,,,,,2.00%,$              43.61,0.87,57.93,28.86,38.00,51%,33%,1.50%,3.01%,3.85%,188.04%,194.90%,2.99,2.29%,-2.30%,,,,,,,,,,,,
,,,,,,,,,,,,,,,,,,2017,12/26/2017,$                                                       43.82,,,7/22/2024,,7/22/2024,,,,,1.99%,$             43.82,0.87,57.93,28.86,38.00,51%,32%,1.50%,3.01%,3.83%,186.63%,193.45%,2.99,2.29%,-1.81%,,,,,,,,,,,,
,,,,,,,,,,,,,,,,,,2017,12/27/2017,$                                                       43.86,,,7/29/2024,,7/29/2024,,,,,1.98%,$             43.86,0.87,57.93,28.86,38.00,52%,32%,1.50%,3.01%,3.83%,186.40%,193.22%,2.99,2.29%,-1.74%,,,,,,,,,,,,
,,,,,,,,,,,,,,,,,,2017,12/28/2017,$                                                        44.12,,,8/5/2024,,8/5/2024,,,,,1.97%,$              44.12,0.87,57.93,28.86,38.00,52%,31%,1.50%,3.01%,3.81%,184.71%,191.49%,2.99,2.29%,-1.15%,,,,,,,,,,,,
,,,,,,,,,,,,,,,,,,2017,12/29/2017,$                                                       43.89,,,8/12/2024,,8/12/2024,,,,,1.98%,$             43.89,0.87,57.93,28.86,38.00,52%,32%,1.50%,3.01%,3.83%,186.17%,192.98%,2.99,2.29%,-1.66%,,,,,,,,,,,,
,,,,,,,,,,,,,,,,,,2018,1/2/2018,$                                                       43.99,,,8/19/2024,,8/19/2024,,,,,2.36%,$             43.99,1.04,69.25,34.51,45.42,27%,57%,1.50%,3.01%,3.82%,185.55%,190.37%,2.12,2.29%,-1.45%,,,,,,,,,,,,
,,,,,,,,,,,,,,,,,,2018,1/3/2018,$                                                        44.12,,,8/26/2024,,8/26/2024,,,,,2.36%,$              44.12,1.04,69.25,34.51,45.42,28%,57%,1.50%,3.01%,3.81%,184.71%,189.52%,2.12,2.29%,-1.15%,,,,,,,,,,,,
,,,,,,,,,,,,,,,,,,2018,1/4/2018,$                                                       44.57,,,9/3/2024,,9/3/2024,,,,,2.33%,$             44.57,1.04,69.25,34.51,45.42,29%,55%,1.50%,3.01%,3.77%,181.80%,186.56%,2.12,2.29%,-0.13%,,,,,,,,,,,,
,,,,,,,,,,,,,,,,,,2018,1/5/2018,$                                                       44.87,,,9/9/2024,,9/9/2024,,,,,2.32%,$             44.87,1.04,69.25,34.51,45.42,30%,54%,1.50%,3.01%,3.74%,179.95%,184.68%,2.12,2.29%,0.00%,,,,,,,,,,,,
,,,,,,,,,,,,,,,,,,2018,1/8/2018,$                                                       44.98,,,9/16/2024,,9/16/2024,,,,,2.31%,$             44.98,1.04,69.25,34.51,45.42,30%,54%,1.50%,3.01%,3.73%,179.24%,183.95%,2.12,2.29%,0.00%,,,,,,,,,,,,
,,,,,,,,,,,,,,,,,,2018,1/9/2018,$                                                       45.00,,,9/23/2024,,9/23/2024,,,,,2.31%,$             45.00,1.04,69.25,34.51,45.42,30%,54%,1.50%,3.01%,3.73%,179.11%,183.82%,2.12,2.29%,0.00%,,,,,,,,,,,,
,,,,,,,,,,,,,,,,,,2018,1/10/2018,$                                                       45.37,,,9/30/2024,,9/30/2024,,,,,2.29%,$             45.37,1.04,69.25,34.51,45.42,31%,53%,1.50%,3.01%,3.70%,176.83%,181.51%,2.12,2.29%,0.00%,,,,,,,,,,,,
,,,,,,,,,,,,,,,,,,2018,1/11/2018,$                                                       45.85,,,10/7/2024,,10/7/2024,,,,,2.27%,$             45.85,1.04,69.25,34.51,45.42,33%,51%,1.50%,3.01%,3.66%,173.97%,178.59%,2.12,2.29%,0.00%,,,,,,,,,,,,
,,,,,,,,,,,,,,,,,,2018,1/12/2018,$                                                       42.47,,,10/14/2024,,10/14/2024,,,,,2.45%,$             42.47,1.04,69.25,34.51,45.42,23%,63%,1.50%,3.01%,3.96%,195.74%,200.73%,2.12,2.29%,-7.36%,,,,,,,,,,,,
,,,,,,,,,,,,,,,,,,2018,1/16/2018,$                                                       43.20,,,10/21/2024,,10/21/2024,,,,,2.41%,$             43.20,1.04,69.25,34.51,45.42,25%,60%,1.50%,3.01%,3.89%,190.77%,195.68%,2.12,2.29%,-5.78%,,,,,,,,,,,,
,,,,,,,,,,,,,,,,,,2018,1/17/2018,$                                                        43.91,,,10/28/2024,,10/28/2024,,,,,2.37%,$              43.91,1.04,69.25,34.51,45.42,27%,58%,1.50%,3.01%,3.83%,186.04%,190.87%,2.12,2.29%,-4.22%,,,,,,,,,,,,
,,,,,,,,,,,,,,,,,,2018,1/18/2018,$                                                       43.22,,,11/4/2024,,11/4/2024,,,,,2.41%,$             43.22,1.04,69.25,34.51,45.42,25%,60%,1.50%,3.01%,3.89%,190.61%,195.51%,2.12,2.29%,-5.73%,,,,,,,,,,,,
,,,,,,,,,,,,,,,,,,2018,1/19/2018,$                                                        43.41,,,11/11/2024,,11/11/2024,,,,,2.40%,$              43.41,1.04,69.25,34.51,45.42,26%,60%,1.50%,3.01%,3.87%,189.33%,194.22%,2.12,2.29%,-5.31%,,,,,,,,,,,,
,,,,,,,,,,,,,,,,,,2018,1/22/2018,$                                                       43.85,,,11/18/2024,,11/18/2024,,,,,2.37%,$             43.85,1.04,69.25,34.51,45.42,27%,58%,1.50%,3.01%,3.83%,186.46%,191.30%,2.12,2.29%,-4.36%,,,,,,,,,,,,
,,,,,,,,,,,,,,,,,,2018,1/23/2018,$                                                       44.04,,,11/25/2024,,11/25/2024,,,,,2.36%,$             44.04,1.04,69.25,34.51,45.42,27%,57%,1.50%,3.01%,3.81%,185.20%,190.01%,2.12,2.29%,-3.94%,,,,,,,,,,,,
,,,,,,,,,,,,,,,,,,2018,1/24/2018,$                                                       44.22,,,12/2/2024,,12/2/2024,,,,,2.35%,$             44.22,1.04,69.25,34.51,45.42,28%,57%,1.50%,3.01%,3.80%,184.07%,188.86%,2.12,2.29%,-3.56%,,,,,,,,,,,,
,,,,,,,,,,,,,,,,,,2018,1/25/2018,$                                                        44.71,,,12/9/2024,,12/9/2024,,,,,2.33%,$              44.71,1.04,69.25,34.51,45.42,29%,55%,1.50%,3.01%,3.76%,180.92%,185.66%,2.12,2.29%,-2.48%,,,,,,,,,,,,
,,,,,,,,,,,,,,,,,,2018,1/26/2018,$                                                       45.50,,,12/16/2024,,12/16/2024,,,,,2.29%,$             45.50,1.04,69.25,34.51,45.42,32%,52%,1.50%,3.01%,3.69%,176.07%,180.73%,2.12,2.29%,-0.76%,,,,,,,,,,,,
,,,,,,,,,,,,,,,,,,2018,1/29/2018,$                                                       44.78,,,12/23/2024,,12/23/2024,,,,,2.32%,$             44.78,1.04,69.25,34.51,45.42,30%,55%,1.50%,3.01%,3.75%,180.51%,185.25%,2.12,2.29%,-2.33%,,,,,,,,,,,,
,,,,,,,,,,,,,,,,,,2018,1/30/2018,$                                                       44.29,,,12/30/2024,,12/30/2024,,,,,2.35%,$             44.29,1.04,69.25,34.51,45.42,28%,56%,1.50%,3.01%,3.79%,183.62%,188.40%,2.12,2.29%,-3.40%,,,,,,,,,,,,
,,,,,,,,,,,,,,,,,,2018,1/31/2018,$                                                        44.10,,,1/6/2025,,1/6/2025,,,,,2.36%,$              44.10,1.04,69.25,34.51,45.42,28%,57%,1.50%,3.01%,3.81%,184.81%,189.61%,2.12,2.29%,-3.81%,,,,,,,,,,,,
,,,,,,,,,,,,,,,,,,2018,2/1/2018,$                                                       44.85,,,1/13/2025,,1/13/2025,,,,,2.32%,$             44.85,1.04,69.25,34.51,45.42,30%,54%,1.50%,3.01%,3.75%,180.08%,184.80%,2.12,2.29%,-2.18%,,,,,,,,,,,,
,,,,,,,,,,,,,,,,,,2018,2/2/2018,$                                                       44.48,,,1/21/2025,,1/21/2025,,,,,2.34%,$             44.48,1.04,69.25,34.51,45.42,29%,56%,1.50%,3.01%,3.78%,182.41%,187.17%,2.12,2.29%,-2.99%,,,,,,,,,,,,
,,,,,,,,,,,,,,,,,,2018,2/5/2018,$                                                         43.11,,,1/27/2025,,1/27/2025,,,,,2.41%,$               43.11,1.04,69.25,34.51,45.42,25%,61%,1.50%,3.01%,3.90%,191.38%,196.30%,2.12,2.29%,-5.98%,,,,,,,,,,,,
,,,,,,,,,,,,,,,,,,2018,2/6/2018,$                                                        42.81,,,2/3/2025,,2/3/2025,,,,,2.43%,$              42.81,1.04,69.25,34.51,45.42,24%,62%,1.50%,3.01%,3.92%,193.39%,198.34%,2.12,2.29%,-6.62%,,,,,,,,,,,,
,,,,,,,,,,,,,,,,,,2018,2/7/2018,$                                                       42.80,,,2/10/2025,,2/10/2025,,,,,2.43%,$             42.80,1.04,69.25,34.51,45.42,24%,62%,1.50%,3.01%,3.93%,193.46%,198.41%,2.12,2.29%,-6.64%,,,,,,,,,,,,
,,,,,,,,,,,,,,,,,,2018,2/8/2018,$                                                        41.63,,,2/18/2025,,2/18/2025,,,,,2.50%,$              41.63,1.04,69.25,34.51,45.42,20%,66%,1.50%,3.01%,4.04%,201.74%,206.83%,2.12,2.29%,-9.20%,,,,,,,,,,,,
,,,,,,,,,,,,,,,,,,2018,2/9/2018,$                                                       42.39,,,2/24/2025,,2/24/2025,,,,,2.45%,$             42.39,1.04,69.25,34.51,45.42,23%,63%,1.50%,3.01%,3.96%,196.33%,201.33%,2.12,2.29%,-7.55%,,,,,,,,,,,,
,,,,,,,,,,,,,,,,,,2018,2/12/2018,$                                                       42.57,,,3/3/2025,,3/3/2025,,,,,2.44%,$             42.57,1.04,69.25,34.51,45.42,23%,63%,1.50%,3.01%,3.95%,195.08%,200.06%,2.12,2.29%,-7.15%,,,,,,,,,,,,
,,,,,,,,,,,,,,,,,,2018,2/13/2018,$                                                       43.04,,,3/10/2025,,3/10/2025,,,,,2.42%,$             43.04,1.04,69.25,34.51,45.42,25%,61%,1.50%,3.01%,3.90%,191.86%,196.78%,2.12,2.29%,-6.13%,,,,,,,,,,,,
,,,,,,,,,,,,,,,,,,2018,2/14/2018,$                                                       43.83,,,3/17/2025,,3/17/2025,,,,,2.37%,$             43.83,1.04,69.25,34.51,45.42,27%,58%,1.50%,3.01%,3.83%,186.59%,191.43%,2.12,2.29%,-4.41%,,,,,,,,,,,,
,,,,,,,,,,,,,,,,,,2018,2/15/2018,$                                                        44.21,,,3/24/2025,,3/24/2025,,,,,2.35%,$              44.21,1.04,69.25,34.51,45.42,28%,57%,1.50%,3.01%,3.80%,184.10%,188.89%,2.12,2.29%,-3.57%,,,,,,,,,,,,
,,,,,,,,,,,,,,,,,,2018,2/16/2018,$                                                       44.83,,,3/31/2025,,3/31/2025,,,,,2.32%,$             44.83,1.04,69.25,34.51,45.42,30%,54%,1.50%,3.01%,3.75%,180.20%,184.93%,2.12,2.29%,-2.22%,,,,,,,,,,,,
,,,,,,,,,,,,,,,,,,2018,2/20/2018,$                                                       44.46,,,4/7/2025,,4/7/2025,,,,,2.34%,$             44.46,1.04,69.25,34.51,45.42,29%,56%,1.50%,3.01%,3.78%,182.50%,187.27%,2.12,2.29%,-3.02%,,,,,,,,,,,,
,,,,,,,,,,,,,,,,,,2018,2/21/2018,$                                                       44.44,,,4/14/2025,,4/14/2025,,,,,2.34%,$             44.44,1.04,69.25,34.51,45.42,29%,56%,1.50%,3.01%,3.78%,182.63%,187.40%,2.12,2.29%,-3.06%,,,,,,,,,,,,
,,,,,,,,,,,,,,,,,,2018,2/22/2018,$                                                       44.27,,,4/21/2025,,4/21/2025,,,,,2.35%,$             44.27,1.04,69.25,34.51,45.42,28%,56%,1.50%,3.01%,3.80%,183.75%,188.53%,2.12,2.29%,-3.45%,,,,,,,,,,,,
,,,,,,,,,,,,,,,,,,2018,2/23/2018,$                                                       44.79,,,4/28/2025,,4/28/2025,,,,,2.32%,$             44.79,1.04,69.25,34.51,45.42,30%,55%,1.50%,3.01%,3.75%,180.45%,185.18%,2.12,2.29%,-2.31%,,,,,,,,,,,,
,,,,,,,,,,,,,,,,,,2018,2/26/2018,$                                                       45.38,,,5/5/2025,,5/5/2025,,,,,2.29%,$             45.38,1.04,69.25,34.51,45.42,31%,53%,1.50%,3.01%,3.70%,176.77%,181.45%,2.12,2.29%,-1.01%,,,,,,,,,,,,
,,,,,,,,,,,,,,,,,,2018,2/27/2018,$                                                       45.00,,,5/12/2025,,5/12/2025,,,,,2.31%,$             45.00,1.04,69.25,34.51,45.42,30%,54%,1.50%,3.01%,3.73%,179.14%,183.85%,2.12,2.29%,-1.85%,,,,,,,,,,,,
,,,,,,,,,,,,,,,,,,2018,2/28/2018,$                                                       44.44,,,5/19/2025,,5/19/2025,,,,,2.34%,$             44.44,1.04,69.25,34.51,45.42,29%,56%,1.50%,3.01%,3.78%,182.63%,187.40%,2.12,2.29%,-3.06%,,,,,,,,,,,,
,,,,,,,,,,,,,,,,,,2018,3/1/2018,$                                                       43.83,,,5/27/2025,,5/27/2025,,,,,2.37%,$             43.83,1.04,69.25,34.51,45.42,27%,58%,1.50%,3.01%,3.83%,186.56%,191.40%,2.12,2.29%,-4.40%,,,,,,,,,,,,
,,,,,,,,,,,,,,,,,,2018,3/2/2018,$                                                       43.76,,,6/2/2025,,6/2/2025,,,,,2.38%,$             43.76,1.04,69.25,34.51,45.42,27%,58%,1.50%,3.01%,3.84%,187.05%,191.90%,2.12,2.29%,-4.56%,,,,,,,,,,,,
,,,,,,,,,,,,,,,,,,2018,3/5/2018,$                                                        44.13,,,6/9/2025,,6/9/2025,,,,,2.36%,$              44.13,1.04,69.25,34.51,45.42,28%,57%,1.50%,3.01%,3.81%,184.65%,189.45%,2.12,2.29%,-3.75%,,,,,,,,,,,,
,,,,,,,,,,,,,,,,,,2018,3/6/2018,$                                                       44.39,,,6/16/2025,,6/16/2025,,,,,2.34%,$             44.39,1.04,69.25,34.51,45.42,28%,56%,1.50%,3.01%,3.78%,182.95%,187.72%,2.12,2.29%,-3.17%,,,,,,,,,,,,
,,,,,,,,,,,,,,,,,,2018,3/7/2018,$                                                       44.39,,,6/23/2025,,6/23/2025,,,,,2.34%,$             44.39,1.04,69.25,34.51,45.42,28%,56%,1.50%,3.01%,3.79%,182.98%,187.75%,2.12,2.29%,-3.18%,,,,,,,,,,,,
,,,,,,,,,,,,,,,,,,2018,3/8/2018,$                                                       45.00,,,6/30/2025,,6/30/2025,,,,,2.31%,$             45.00,1.04,69.25,34.51,45.42,30%,54%,1.50%,3.01%,3.73%,179.14%,183.85%,2.12,2.29%,-1.85%,,,,,,,,,,,,
,,,,,,,,,,,,,,,,,,2018,3/9/2018,$                                                       45.84,,,7/7/2025,,7/7/2025,,,,,2.27%,$             45.84,1.04,69.25,34.51,45.42,33%,51%,1.50%,3.01%,3.66%,174.00%,178.62%,2.12,2.29%,-0.01%,,,,,,,,,,,,
,,,,,,,,,,,,,,,,,,2018,3/12/2018,$                                                       45.42,,,7/14/2025,,7/14/2025,,,,,2.29%,$             45.42,1.04,69.25,34.51,45.42,31%,52%,1.50%,3.01%,3.70%,176.56%,181.23%,2.12,2.29%,-0.94%,,,,,,,,,,,,
,,,,,,,,,,,,,,,,,,2018,3/13/2018,$                                                       45.38,,,7/21/2025,,7/21/2025,,,,,2.29%,$             45.38,1.04,69.25,34.51,45.42,31%,53%,1.50%,3.01%,3.70%,176.80%,181.48%,2.12,2.29%,-1.03%,,,,,,,,,,,,
,,,,,,,,,,,,,,,,,,2018,3/14/2018,$                                                         45.11,,,7/28/2025,,7/28/2025,,,,,2.31%,$               45.11,1.04,69.25,34.51,45.42,31%,54%,1.50%,3.01%,3.72%,178.46%,183.16%,2.12,2.29%,-1.61%,,,,,,,,,,,,
,,,,,,,,,,,,,,,,,,2018,3/15/2018,$                                                        45.01,,,8/4/2025,,8/4/2025,,,,,2.31%,$              45.01,1.04,69.25,34.51,45.42,30%,54%,1.50%,3.01%,3.73%,179.05%,183.76%,2.12,2.29%,-1.82%,,,,,,,,,,,,
,,,,,,,,,,,,,,,,,,2018,3/16/2018,$                                                       45.25,,,8/11/2025,,8/11/2025,,,,,2.30%,$             45.25,1.04,69.25,34.51,45.42,31%,53%,1.50%,3.01%,3.71%,177.60%,182.29%,2.12,2.29%,-1.31%,,,,,,,,,,,,
,,,,,,,,,,,,,,,,,,2018,3/19/2018,$                                                       44.70,,,8/18/2025,,8/18/2025,,,,,2.33%,$             44.70,1.04,69.25,34.51,45.42,29%,55%,1.50%,3.01%,3.76%,180.98%,185.73%,2.12,2.29%,-2.50%,,,,,,,,,,,,
,,,,,,,,,,,,,,,,,,2018,3/20/2018,$                                                       45.43,,,8/25/2025,,8/25/2025,,,,,2.29%,$             45.43,1.04,69.25,34.51,45.42,31%,52%,1.50%,3.01%,3.70%,176.47%,181.14%,2.12,2.29%,-0.91%,,,,,,,,,,,,
,,,,,,,,,,,,,,,,,,2018,3/21/2018,$                                                       45.37,,,9/2/2025,,9/2/2025,,,,,2.29%,$             45.37,1.04,69.25,34.51,45.42,31%,53%,1.50%,3.01%,3.70%,176.83%,181.51%,2.12,2.29%,-1.04%,,,,,,,,,,,,
,,,,,,,,,,,,,,,,,,2018,3/22/2018,$                                                       44.37,,,9/8/2025,,9/8/2025,,,,,2.34%,$             44.37,1.04,69.25,34.51,45.42,28%,56%,1.50%,3.01%,3.79%,183.07%,187.85%,2.12,2.29%,-3.22%,,,,,,,,,,,,
,,,,,,,,,,,,,,,,,,2018,3/23/2018,$                                                       43.35,,,9/15/2025,,9/15/2025,,,,,2.40%,$             43.35,1.04,69.25,34.51,45.42,25%,60%,1.50%,3.01%,3.88%,189.73%,194.63%,2.12,2.29%,-5.44%,,,,,,,,,,,,
,,,,,,,,,,,,,,,,,,2018,3/26/2018,$                                                       44.09,,,9/22/2025,,9/22/2025,,,,,2.36%,$             44.09,1.04,69.25,34.51,45.42,28%,57%,1.50%,3.01%,3.81%,184.87%,189.68%,2.12,2.29%,-3.83%,,,,,,,,,,,,
,,,,,,,,,,,,,,,,,,2018,3/27/2018,$                                                       43.48,,,9/29/2025,,9/29/2025,,,,,2.39%,$             43.48,1.04,69.25,34.51,45.42,26%,59%,1.50%,3.01%,3.86%,188.87%,193.74%,2.12,2.29%,-5.16%,,,,,,,,,,,,
,,,,,,,,,,,,,,,,,,2018,3/28/2018,$                                                       43.55,,,10/6/2025,,10/6/2025,,,,,2.39%,$             43.55,1.04,69.25,34.51,45.42,26%,59%,1.50%,3.01%,3.86%,188.40%,193.27%,2.12,2.29%,-5.01%,,,,,,,,,,,,
,,,,,,,,,,,,,,,,,,2018,3/29/2018,$                                                       43.76,,,10/13/2025,,10/13/2025,,,,,2.38%,$             43.76,1.04,69.25,34.51,45.42,27%,58%,1.50%,3.01%,3.84%,187.02%,191.86%,2.12,2.29%,-4.55%,,,,,,,,,,,,
,,,,,,,,,,,,,,,,,,2018,4/2/2018,$                                                       42.97,,,10/20/2025,,10/20/2025,,,,,2.42%,$             42.97,1.04,69.25,34.51,45.42,24%,61%,1.50%,3.01%,3.91%,192.30%,197.23%,2.12,2.29%,-6.27%,,,,,,,,,,,,
,,,,,,,,,,,,,,,,,,2018,4/3/2018,$                                                       43.69,,,10/27/2025,,10/27/2025,,,,,2.38%,$             43.69,1.04,69.25,34.51,45.42,26%,58%,1.50%,3.01%,3.85%,187.48%,192.33%,2.12,2.29%,-4.70%,,,,,,,,,,,,
,,,,,,,,,,,,,,,,,,2018,4/4/2018,$                                                       44.24,,,11/3/2025,,11/3/2025,,,,,2.35%,$             44.24,1.04,69.25,34.51,45.42,28%,57%,1.50%,3.01%,3.80%,183.91%,188.70%,2.12,2.29%,-3.50%,,,,,,,,,,,,
,,,,,,,,,,,,,,,,,,2018,4/5/2018,$                                                       43.70,,,11/10/2025,,11/10/2025,,,,,2.38%,$             43.70,1.04,69.25,34.51,45.42,26%,58%,1.50%,3.01%,3.84%,187.41%,192.27%,2.12,2.29%,-4.68%,,,,,,,,,,,,
,,,,,,,,,,,,,,,,,,2018,4/6/2018,$                                                       43.37,,,11/17/2025,,11/17/2025,,,,,2.40%,$             43.37,1.04,69.25,34.51,45.42,26%,60%,1.50%,3.01%,3.87%,189.60%,194.49%,2.12,2.29%,-5.40%,,,,,,,,,,,,
,,,,,,,,,,,,,,,,,,2018,4/9/2018,$                                                       43.59,,,11/24/2025,,11/24/2025,,,,,2.39%,$             43.59,1.04,69.25,34.51,45.42,26%,59%,1.50%,3.01%,3.85%,188.14%,193.00%,2.12,2.29%,-4.92%,,,,,,,,,,,,
,,,,,,,,,,,,,,,,,,2018,4/10/2018,$                                                       44.38,,,12/1/2025,,12/1/2025,,,,,2.34%,$             44.38,1.04,69.25,34.51,45.42,28%,56%,1.50%,3.01%,3.79%,183.01%,187.79%,2.12,2.29%,-3.20%,,,,,,,,,,,,
,,,,,,,,,,,,,,,,,,2018,4/11/2018,$                                                        44.19,,,12/8/2025,,12/8/2025,,,,,2.35%,$              44.19,1.04,69.25,34.51,45.42,28%,57%,1.50%,3.01%,3.80%,184.23%,189.02%,2.12,2.29%,-3.61%,,,,,,,,,,,,
,,,,,,,,,,,,,,,,,,2018,4/12/2018,$                                                       44.65,,,12/15/2025,,12/15/2025,,,,,2.33%,$             44.65,1.04,69.25,34.51,45.42,29%,55%,1.50%,3.01%,3.76%,181.30%,186.05%,2.12,2.29%,-2.61%,,,,,,,,,,,,
,,,,,,,,,,,,,,,,,,2018,4/13/2018,$                                                       44.56,,,12/22/2025,,12/22/2025,,,,,2.33%,$             44.56,1.04,69.25,34.51,45.42,29%,55%,1.50%,3.01%,3.77%,181.87%,186.62%,2.12,2.29%,-2.80%,,,,,,,,,,,,
,,,,,,,,,,,,,,,,,,2018,4/16/2018,$                                                       44.77,,,12/29/2025,,12/29/2025,,,,,2.32%,$             44.77,1.04,69.25,34.51,45.42,30%,55%,1.50%,3.01%,3.75%,180.55%,185.28%,2.12,2.29%,-2.34%,,,,,,,,,,,,
,,,,,,,,,,,,,,,,,,2018,4/17/2018,$                                                        45.18,,,1/5/2026,,1/5/2026,,,,,2.30%,$              45.18,1.04,69.25,34.51,45.42,31%,53%,1.50%,3.01%,3.72%,178.00%,182.69%,2.12,2.29%,-1.45%,,,,,,,,,,,,
,,,,,,,,,,,,,,,,,,2018,4/18/2018,$                                                       45.02,,,1/12/2026,,1/12/2026,,,,,2.31%,$             45.02,1.04,69.25,34.51,45.42,30%,54%,1.50%,3.01%,3.73%,178.99%,183.70%,2.12,2.29%,-1.80%,,,,,,,,,,,,
,,,,,,,,,,,,,,,,,,2018,4/19/2018,$                                                       45.23,,,1/20/2026,,1/20/2026,,,,,2.30%,$             45.23,1.04,69.25,34.51,45.42,31%,53%,1.50%,3.01%,3.71%,177.69%,182.38%,2.12,2.29%,-1.34%,,,,,,,,,,,,
,,,,,,,,,,,,,,,,,,2018,4/20/2018,$                                                       45.28,,,1/26/2026,,1/26/2026,,,,,2.30%,$             45.28,1.04,69.25,34.51,45.42,31%,53%,1.50%,3.01%,3.71%,177.39%,182.07%,2.12,2.29%,-1.23%,,,,,,,,,,,,
,,,,,,,,,,,,,,,,,,2018,4/23/2018,$                                                       45.30,,,2/2/2026,,2/2/2026,,,,,2.30%,$             45.30,1.04,69.25,34.51,45.42,31%,53%,1.50%,3.01%,3.71%,177.26%,181.94%,2.12,2.29%,-1.19%,,,,,,,,,,,,
,,,,,,,,,,,,,,,,,,2018,4/24/2018,$                                                        45.17,,,2/9/2026,,2/9/2026,,,,,2.30%,$              45.17,1.04,69.25,34.51,45.42,31%,53%,1.50%,3.01%,3.72%,178.06%,182.75%,2.12,2.29%,-1.47%,,,,,,,,,,,,
,,,,,,,,,,,,,,,,,,2018,4/25/2018,$                                                        45.41,,,2/17/2026,,2/17/2026,,,,,2.29%,$              45.41,1.04,69.25,34.51,45.42,31%,52%,1.50%,3.01%,3.70%,176.59%,181.26%,2.12,2.29%,-0.95%,,,,,,,,,,,,
,,,,,,,,,,,,,,,,,,2018,4/26/2018,$                                                       45.68,,,2/23/2026,,2/23/2026,,,,,2.28%,$             45.68,1.04,69.25,34.51,45.42,32%,52%,1.50%,3.01%,3.68%,174.96%,179.60%,2.12,2.29%,-0.36%,,,,,,,,,,,,
,,,,,,,,,,,,,,,,,,2018,4/27/2018,$                                                       45.89,,,3/2/2026,,3/2/2026,,,,,2.27%,$             45.89,1.04,69.25,34.51,45.42,33%,51%,1.50%,3.01%,3.66%,173.70%,178.32%,2.12,2.29%,0.00%,,,,,,,,,,,,
,,,,,,,,,,,,,,,,,,2018,4/30/2018,$                                                       45.57,,,3/9/2026,,3/9/2026,,,,,2.28%,$             45.57,1.04,69.25,34.51,45.42,32%,52%,1.50%,3.01%,3.69%,175.62%,180.27%,2.12,2.29%,-0.70%,,,,,,,,,,,,
,,,,,,,,,,,,,,,,,,2018,5/1/2018,$                                                       45.40,,,3/16/2026,,3/16/2026,,,,,2.29%,$             45.40,1.04,69.25,34.51,45.42,31%,53%,1.50%,3.01%,3.70%,176.65%,181.32%,2.12,2.29%,-1.07%,,,,,,,,,,,,
,,,,,,,,,,,,,,,,,,2018,5/2/2018,$                                                       45.05,,,3/23/2026,,3/23/2026,,,,,2.31%,$             45.05,1.04,69.25,34.51,45.42,30%,54%,1.50%,3.01%,3.73%,178.80%,183.51%,2.12,2.29%,-1.83%,,,,,,,,,,,,
,,,,,,,,,,,,,,,,,,2018,5/3/2018,$                                                       44.45,,,3/30/2026,,3/30/2026,,,,,2.34%,$             44.45,1.04,69.25,34.51,45.42,29%,56%,1.50%,3.01%,3.78%,182.56%,187.33%,2.12,2.29%,-3.14%,,,,,,,,,,,,
,,,,,,,,,,,,,,,,,,2018,5/4/2018,$                                                        44.81,,,4/6/2026,,4/6/2026,,,,,2.32%,$              44.81,1.04,69.25,34.51,45.42,30%,55%,1.50%,3.01%,3.75%,180.29%,185.03%,2.12,2.29%,-2.35%,,,,,,,,,,,,
,,,,,,,,,,,,,,,,,,2018,5/7/2018,$                                                       44.59,,,4/13/2026,,4/13/2026,,,,,2.33%,$             44.59,1.04,69.25,34.51,45.42,29%,55%,1.50%,3.01%,3.77%,181.68%,186.43%,2.12,2.29%,-2.83%,,,,,,,,,,,,
,,,,,,,,,,,,,,,,,,2018,5/8/2018,$                                                       44.82,,,4/20/2026,,4/20/2026,,,,,2.32%,$             44.82,1.04,69.25,34.51,45.42,30%,55%,1.50%,3.01%,3.75%,180.23%,184.96%,2.12,2.29%,-2.33%,,,,,,,,,,,,
,,,,,,,,,,,,,,,,,,2018,5/9/2018,$                                                       44.75,,,4/27/2026,,4/27/2026,,,,,2.32%,$             44.75,1.04,69.25,34.51,45.42,29%,55%,1.50%,3.01%,3.75%,180.67%,185.41%,2.12,2.29%,-2.48%,,,,,,,,,,,,
,,,,,,,,,,,,,,,,,,2018,5/10/2018,$                                                       45.35,,,5/4/2026,,5/4/2026,,,,,2.29%,$             45.35,1.04,69.25,34.51,45.42,31%,53%,1.50%,3.01%,3.70%,176.96%,181.63%,2.12,2.29%,-1.18%,,,,,,,,,,,,
,,,,,,,,,,,,,,,,,,2018,5/11/2018,$                                                       45.23,,,5/11/2026,,5/11/2026,,,,,2.30%,$             45.23,1.04,69.25,34.51,45.42,31%,53%,1.50%,3.01%,3.71%,177.69%,182.38%,2.12,2.29%,-1.44%,,,,,,,,,,,,
,,,,,,,,,,,,,,,,,,2018,5/14/2018,$                                                       45.24,,,5/18/2026,,5/18/2026,,,,,2.30%,$             45.24,1.04,69.25,34.51,45.42,31%,53%,1.50%,3.01%,3.71%,177.63%,182.32%,2.12,2.29%,-1.42%,,,,,,,,,,,,
,,,,,,,,,,,,,,,,,,2018,5/15/2018,$                                                        45.10,,,5/26/2026,,5/26/2026,,,,,2.31%,$              45.10,1.04,69.25,34.51,45.42,30%,54%,1.50%,3.01%,3.73%,178.49%,183.19%,2.12,2.29%,-1.72%,,,,,,,,,,,,
,,,,,,,,,,,,,,,,,,2018,5/16/2018,$                                                        45.41,,,6/1/2026,,6/1/2026,,,,,2.29%,$              45.41,1.04,69.25,34.51,45.42,31%,52%,1.50%,3.01%,3.70%,176.59%,181.26%,2.12,2.29%,-1.05%,,,,,,,,,,,,
,,,,,,,,,,,,,,,,,,2018,5/17/2018,$                                                       45.53,,,6/8/2026,,6/8/2026,,,,,2.28%,$             45.53,1.04,69.25,34.51,45.42,32%,52%,1.50%,3.01%,3.69%,175.86%,180.52%,2.12,2.29%,-0.78%,,,,,,,,,,,,
,,,,,,,,,,,,,,,,,,2018,5/18/2018,$                                                       45.39,,,6/15/2026,,6/15/2026,,,,,2.29%,$             45.39,1.04,69.25,34.51,45.42,31%,53%,1.50%,3.01%,3.70%,176.71%,181.38%,2.12,2.29%,-1.09%,,,,,,,,,,,,
,,,,,,,,,,,,,,,,,,2018,5/21/2018,$                                                       45.75,,,6/22/2026,,6/22/2026,,,,,2.27%,$             45.75,1.04,69.25,34.51,45.42,32%,51%,1.50%,3.01%,3.67%,174.54%,179.17%,2.12,2.29%,-0.31%,,,,,,,,,,,,
,,,,,,,,,,,,,,,,,,2018,5/22/2018,$                                                       45.58,,,6/29/2026,,6/29/2026,,,,,2.28%,$             45.58,1.04,69.25,34.51,45.42,32%,52%,1.50%,3.01%,3.69%,175.56%,180.21%,2.12,2.29%,-0.68%,,,,,,,,,,,,
,,,,,,,,,,,,,,,,,,2018,5/23/2018,$                                                        45.31,,,7/6/2026,,7/6/2026,,,,,2.30%,$              45.31,1.04,69.25,34.51,45.42,31%,53%,1.50%,3.01%,3.71%,177.20%,181.88%,2.12,2.29%,-1.26%,,,,,,,,,,,,
,,,,,,,,,,,,,,,,,,2018,5/24/2018,$                                                        45.31,,,7/13/2026,,7/13/2026,,,,,2.30%,$              45.31,1.04,69.25,34.51,45.42,31%,53%,1.50%,3.01%,3.71%,177.20%,181.88%,2.12,2.29%,-1.26%,,,,,,,,,,,,
,,,,,,,,,,,,,,,,,,2018,5/25/2018,$                                                       45.34,,,7/20/2026,,7/20/2026,,,,,2.29%,$             45.34,1.04,69.25,34.51,45.42,31%,53%,1.50%,3.01%,3.71%,177.02%,181.69%,2.12,2.29%,-1.20%,,,,,,,,,,,,
,,,,,,,,,,,,,,,,,,2018,5/29/2018,$                                                       44.57,,,,,,,,,,2.33%,$             44.57,1.04,69.25,34.51,45.42,29%,55%,1.50%,3.01%,3.77%,181.80%,186.56%,2.12,2.29%,-2.88%,,,,,,,,,,,,
,,,,,,,,,,,,,,,,,,2018,5/30/2018,$                                                       45.56,,,,,,,,,,2.28%,$             45.56,1.04,69.25,34.51,45.42,32%,52%,1.50%,3.01%,3.69%,175.68%,180.33%,2.12,2.29%,-0.72%,,,,,,,,,,,,
,,,,,,,,,,,,,,,,,,2018,5/31/2018,$                                                       45.06,,,,,,,,,,2.31%,$             45.06,1.04,69.25,34.51,45.42,30%,54%,1.50%,3.01%,3.73%,178.74%,183.44%,2.12,2.29%,-1.81%,,,,,,,,,,,,
,,,,,,,,,,,,,,,,,,2018,6/1/2018,$                                                       45.40,,,,,,,,,,2.29%,$             45.40,1.04,69.25,34.51,45.42,31%,53%,1.50%,3.01%,3.70%,176.65%,181.32%,2.12,2.29%,-1.07%,,,,,,,,,,,,
,,,,,,,,,,,,,,,,,,2018,6/4/2018,$                                                       45.43,,,,,,,,,,2.29%,$             45.43,1.04,69.25,34.51,45.42,31%,52%,1.50%,3.01%,3.70%,176.47%,181.14%,2.12,2.29%,-1.00%,,,,,,,,,,,,
,,,,,,,,,,,,,,,,,,2018,6/5/2018,$                                                       45.45,,,,,,,,,,2.29%,$             45.45,1.04,69.25,34.51,45.42,32%,52%,1.50%,3.01%,3.70%,176.35%,181.01%,2.12,2.29%,-0.96%,,,,,,,,,,,,
,,,,,,,,,,,,,,,,,,2018,6/6/2018,$                                                       45.70,,,,,,,,,,2.28%,$             45.70,1.04,69.25,34.51,45.42,32%,52%,1.50%,3.01%,3.68%,174.84%,179.47%,2.12,2.29%,-0.41%,,,,,,,,,,,,
,,,,,,,,,,,,,,,,,,2018,6/7/2018,$                                                       45.68,,,,,,,,,,2.28%,$             45.68,1.04,69.25,34.51,45.42,32%,52%,1.50%,3.01%,3.68%,174.96%,179.60%,2.12,2.29%,-0.46%,,,,,,,,,,,,
,,,,,,,,,,,,,,,,,,2018,6/8/2018,$                                                       45.89,,,,,,,,,,2.27%,$             45.89,1.04,69.25,34.51,45.42,33%,51%,1.50%,3.01%,3.66%,173.70%,178.32%,2.12,2.29%,0.00%,,,,,,,,,,,,
,,,,,,,,,,,,,,,,,,2018,6/11/2018,$                                                       45.75,,,,,,,,,,2.27%,$             45.75,1.04,69.25,34.51,45.42,32%,51%,1.50%,3.01%,3.67%,174.54%,179.17%,2.12,2.29%,-0.31%,,,,,,,,,,,,
,,,,,,,,,,,,,,,,,,2018,6/12/2018,$                                                       45.74,,,,,,,,,,2.27%,$             45.74,1.04,69.25,34.51,45.42,32%,51%,1.50%,3.01%,3.67%,174.60%,179.23%,2.12,2.29%,-0.33%,,,,,,,,,,,,
,,,,,,,,,,,,,,,,,,2018,6/13/2018,$                                                       45.68,,,,,,,,,,2.28%,$             45.68,1.04,69.25,34.51,45.42,32%,52%,1.50%,3.01%,3.68%,174.96%,179.60%,2.12,2.29%,-0.46%,,,,,,,,,,,,
,,,,,,,,,,,,,,,,,,2018,6/14/2018,$                                                       45.68,,,,,,,,,,2.28%,$             45.68,1.04,69.25,34.51,45.42,32%,52%,1.50%,3.01%,3.68%,174.96%,179.60%,2.12,2.29%,-0.46%,,,,,,,,,,,,
,,,,,,,,,,,,,,,,,,2018,6/15/2018,$                                                       45.75,,,,,,,,,,2.27%,$             45.75,1.04,69.25,34.51,45.42,32%,51%,1.50%,3.01%,3.67%,174.54%,179.17%,2.12,2.29%,-0.31%,,,,,,,,,,,,
,,,,,,,,,,,,,,,,,,2018,6/18/2018,$                                                        45.17,,,,,,,,,,2.30%,$              45.17,1.04,69.25,34.51,45.42,31%,53%,1.50%,3.01%,3.72%,178.06%,182.75%,2.12,2.29%,-1.57%,,,,,,,,,,,,
,,,,,,,,,,,,,,,,,,2018,6/19/2018,$                                                       45.00,,,,,,,,,,2.31%,$             45.00,1.04,69.25,34.51,45.42,30%,54%,1.50%,3.01%,3.73%,179.11%,183.82%,2.12,2.29%,-1.94%,,,,,,,,,,,,
,,,,,,,,,,,,,,,,,,2018,6/20/2018,$                                                       44.72,,,,,,,,,,2.33%,$             44.72,1.04,69.25,34.51,45.42,29%,55%,1.50%,3.01%,3.76%,180.86%,185.60%,2.12,2.29%,-2.55%,,,,,,,,,,,,
,,,,,,,,,,,,,,,,,,2018,6/21/2018,$                                                       44.43,,,,,,,,,,2.34%,$             44.43,1.04,69.25,34.51,45.42,29%,56%,1.50%,3.01%,3.78%,182.69%,187.46%,2.12,2.29%,-3.18%,,,,,,,,,,,,
,,,,,,,,,,,,,,,,,,2018,6/22/2018,$                                                        44.19,,,,,,,,,,2.35%,$              44.19,1.04,69.25,34.51,45.42,28%,57%,1.50%,3.01%,3.80%,184.23%,189.02%,2.12,2.29%,-3.70%,,,,,,,,,,,,
,,,,,,,,,,,,,,,,,,2018,6/25/2018,$                                                       44.08,,,,,,,,,,2.36%,$             44.08,1.04,69.25,34.51,45.42,28%,57%,1.50%,3.01%,3.81%,184.94%,189.75%,2.12,2.29%,-3.94%,,,,,,,,,,,,
,,,,,,,,,,,,,,,,,,2018,6/26/2018,$                                                       44.00,,,,,,,,,,2.36%,$             44.00,1.04,69.25,34.51,45.42,27%,57%,1.50%,3.01%,3.82%,185.45%,190.27%,2.12,2.29%,-4.12%,,,,,,,,,,,,
,,,,,,,,,,,,,,,,,,2018,6/27/2018,$                                                        43.41,,,,,,,,,,2.40%,$              43.41,1.04,69.25,34.51,45.42,26%,60%,1.50%,3.01%,3.87%,189.33%,194.22%,2.12,2.29%,-5.40%,,,,,,,,,,,,
,,,,,,,,,,,,,,,,,,2018,6/28/2018,$                                                        43.21,,,,,,,,,,2.41%,$              43.21,1.04,69.25,34.51,45.42,25%,60%,1.50%,3.01%,3.89%,190.67%,195.58%,2.12,2.29%,-5.84%,,,,,,,,,,,,
,,,,,,,,,,,,,,,,,,2018,6/29/2018,$                                                       43.02,,,,,,,,,,2.42%,$             43.02,1.04,69.25,34.51,45.42,25%,61%,1.50%,3.01%,3.91%,191.96%,196.89%,2.12,2.29%,-6.25%,,,,,,,,,,,,
,,,,,,,,,,,,,,,,,,2018,7/2/2018,$                                                       42.89,,,,,,,,,,2.42%,$             42.89,1.04,69.25,34.51,45.42,24%,61%,1.50%,3.01%,3.92%,192.84%,197.79%,2.12,2.29%,-6.54%,,,,,,,,,,,,
,,,,,,,,,,,,,,,,,,2018,7/3/2018,$                                                       42.90,,,,,,,,,,2.42%,$             42.90,1.04,69.25,34.51,45.42,24%,61%,1.50%,3.01%,3.92%,192.77%,197.72%,2.12,2.29%,-6.52%,,,,,,,,,,,,
,,,,,,,,,,,,,,,,,,2018,7/5/2018,$                                                       43.04,,,,,,,,,,2.42%,$             43.04,1.04,69.25,34.51,45.42,25%,61%,1.50%,3.01%,3.90%,191.82%,196.75%,2.12,2.29%,-6.21%,,,,,,,,,,,,
,,,,,,,,,,,,,,,,,,2018,7/6/2018,$                                                        42.91,,,,,,,,,,2.42%,$              42.91,1.04,69.25,34.51,45.42,24%,61%,1.50%,3.01%,3.92%,192.71%,197.65%,2.12,2.29%,-6.49%,,,,,,,,,,,,
,,,,,,,,,,,,,,,,,,2018,7/9/2018,$                                                       43.36,,,,,,,,,,2.40%,$             43.36,1.04,69.25,34.51,45.42,25%,60%,1.50%,3.01%,3.87%,189.67%,194.56%,2.12,2.29%,-5.51%,,,,,,,,,,,,
,,,,,,,,,,,,,,,,,,2018,7/10/2018,$                                                       43.22,,,,,,,,,,2.41%,$             43.22,1.04,69.25,34.51,45.42,25%,60%,1.50%,3.01%,3.89%,190.61%,195.51%,2.12,2.29%,-5.82%,,,,,,,,,,,,
,,,,,,,,,,,,,,,,,,2018,7/11/2018,$                                                       42.49,,,,,,,,,,2.45%,$             42.49,1.04,69.25,34.51,45.42,23%,63%,1.50%,3.01%,3.95%,195.60%,200.59%,2.12,2.29%,-7.41%,,,,,,,,,,,,
,,,,,,,,,,,,,,,,,,2018,7/12/2018,$                                                       42.48,,,,,,,,,,2.45%,$             42.48,1.04,69.25,34.51,45.42,23%,63%,1.50%,3.01%,3.95%,195.67%,200.66%,2.12,2.29%,-7.43%,,,,,,,,,,,,
,,,,,,,,,,,,,,,,,,2018,7/13/2018,$                                                       42.60,,,,,,,,,,2.44%,$             42.60,1.04,69.25,34.51,45.42,23%,63%,1.50%,3.01%,3.94%,194.84%,199.81%,2.12,2.29%,-7.17%,,,,,,,,,,,,
,,,,,,,,,,,,,,,,,,2018,7/16/2018,$                                                       42.78,,,,,,,,,,2.43%,$             42.78,1.04,69.25,34.51,45.42,24%,62%,1.50%,3.01%,3.93%,193.60%,198.55%,2.12,2.29%,-6.78%,,,,,,,,,,,,
,,,,,,,,,,,,,,,,,,2018,7/17/2018,$                                                       42.94,,,,,,,,,,2.42%,$             42.94,1.04,69.25,34.51,45.42,24%,61%,1.50%,3.01%,3.91%,192.50%,197.44%,2.12,2.29%,-6.43%,,,,,,,,,,,,
,,,,,,,,,,,,,,,,,,2018,7/18/2018,$                                                       43.26,,,,,,,,,,2.40%,$             43.26,1.04,69.25,34.51,45.42,25%,60%,1.50%,3.01%,3.88%,190.34%,195.24%,2.12,2.29%,-5.73%,,,,,,,,,,,,
,,,,,,,,,,,,,,,,,,2018,7/19/2018,$                                                       42.89,,,,,,,,,,2.42%,$             42.89,1.04,69.25,34.51,45.42,24%,61%,1.50%,3.01%,3.92%,192.84%,197.79%,2.12,2.29%,-6.54%,,,,,,,,,,,,
,,,,,,,,,,,,,,,,,,2018,7/20/2018,$                                                       43.06,,,,,,,,,,2.42%,$             43.06,1.04,69.25,34.51,45.42,25%,61%,1.50%,3.01%,3.90%,191.69%,196.61%,2.12,2.29%,-6.17%,,,,,,,,,,,,
,,,,,,,,,,,,,,,,,,2018,7/23/2018,$                                                       43.48,,,,,,,,,,2.39%,$             43.48,1.04,69.25,34.51,45.42,26%,59%,1.50%,3.01%,3.86%,188.87%,193.74%,2.12,2.29%,-5.25%,,,,,,,,,,,,
,,,,,,,,,,,,,,,,,,2018,7/24/2018,$                                                       43.68,,,,,,,,,,2.38%,$             43.68,1.04,69.25,34.51,45.42,26%,59%,1.50%,3.01%,3.85%,187.55%,192.40%,2.12,2.29%,-4.82%,,,,,,,,,,,,
,,,,,,,,,,,,,,,,,,2018,7/25/2018,$                                                       43.78,,,,,,,,,,2.38%,$             43.78,1.04,69.25,34.51,45.42,27%,58%,1.50%,3.01%,3.84%,186.89%,191.73%,2.12,2.29%,-4.60%,,,,,,,,,,,,
,,,,,,,,,,,,,,,,,,2018,7/26/2018,$                                                        44.41,,,,,,,,,,2.34%,$              44.41,1.04,69.25,34.51,45.42,29%,56%,1.50%,3.01%,3.78%,182.82%,187.59%,2.12,2.29%,-3.23%,,,,,,,,,,,,
,,,,,,,,,,,,,,,,,,2018,7/27/2018,$                                                        46.31,,,,,,,,,,2.25%,$              46.31,1.04,69.25,34.51,45.42,34%,50%,1.50%,3.01%,3.63%,171.22%,175.79%,2.12,2.29%,0.00%,,,,,,,,,,,,
,,,,,,,,,,,,,,,,,,2018,7/30/2018,$                                                       46.33,,,,,,,,,,2.24%,$             46.33,1.04,69.25,34.51,45.42,34%,49%,1.50%,3.01%,3.63%,171.10%,175.67%,2.12,2.29%,0.00%,,,,,,,,,,,,
,,,,,,,,,,,,,,,,,,2018,7/31/2018,$                                                       46.54,,,,,,,,,,2.23%,$             46.54,1.04,69.25,34.51,45.42,35%,49%,1.50%,3.01%,3.61%,169.88%,174.43%,2.12,2.29%,0.00%,,,,,,,,,,,,
,,,,,,,,,,,,,,,,,,2018,8/1/2018,$                                                       46.73,,,,,,,,,,2.23%,$             46.73,1.04,69.25,34.51,45.42,35%,48%,1.50%,3.01%,3.60%,168.78%,173.31%,2.12,2.29%,0.00%,,,,,,,,,,,,
,,,,,,,,,,,,,,,,,,2018,8/2/2018,$                                                       46.36,,,,,,,,,,2.24%,$             46.36,1.04,69.25,34.51,45.42,34%,49%,1.50%,3.01%,3.62%,170.92%,175.50%,2.12,2.29%,-0.79%,,,,,,,,,,,,
,,,,,,,,,,,,,,,,,,2018,8/3/2018,$                                                       46.59,,,,,,,,,,2.23%,$             46.59,1.04,69.25,34.51,45.42,35%,49%,1.50%,3.01%,3.61%,169.59%,174.14%,2.12,2.29%,-0.30%,,,,,,,,,,,,
,,,,,,,,,,,,,,,,,,2018,8/6/2018,$                                                       46.64,,,,,,,,,,2.23%,$             46.64,1.04,69.25,34.51,45.42,35%,48%,1.50%,3.01%,3.60%,169.30%,173.84%,2.12,2.29%,-0.19%,,,,,,,,,,,,
,,,,,,,,,,,,,,,,,,2018,8/7/2018,$                                                       46.70,,,,,,,,,,2.23%,$             46.70,1.04,69.25,34.51,45.42,35%,48%,1.50%,3.01%,3.60%,168.95%,173.49%,2.12,2.29%,-0.06%,,,,,,,,,,,,
,,,,,,,,,,,,,,,,,,2018,8/8/2018,$                                                       46.87,,,,,,,,,,2.22%,$             46.87,1.04,69.25,34.51,45.42,36%,48%,1.50%,3.01%,3.58%,167.98%,172.50%,2.12,2.29%,0.00%,,,,,,,,,,,,
,,,,,,,,,,,,,,,,,,2018,8/9/2018,$                                                       46.76,,,,,,,,,,2.22%,$             46.76,1.04,69.25,34.51,45.42,35%,48%,1.50%,3.01%,3.59%,168.61%,173.14%,2.12,2.29%,-0.23%,,,,,,,,,,,,
,,,,,,,,,,,,,,,,,,2018,8/10/2018,$                                                       46.48,,,,,,,,,,2.24%,$             46.48,1.04,69.25,34.51,45.42,34%,49%,1.50%,3.01%,3.61%,170.22%,174.78%,2.12,2.29%,-0.83%,,,,,,,,,,,,
,,,,,,,,,,,,,,,,,,2018,8/13/2018,$                                                       46.30,,,,,,,,,,2.25%,$             46.30,1.04,69.25,34.51,45.42,34%,50%,1.50%,3.01%,3.63%,171.27%,175.85%,2.12,2.29%,-1.22%,,,,,,,,,,,,
,,,,,,,,,,,,,,,,,,2018,8/14/2018,$                                                        46.51,,,,,,,,,,2.24%,$              46.51,1.04,69.25,34.51,45.42,35%,49%,1.50%,3.01%,3.61%,170.05%,174.61%,2.12,2.29%,-0.77%,,,,,,,,,,,,
,,,,,,,,,,,,,,,,,,2018,8/15/2018,$                                                       46.29,,,,,,,,,,2.25%,$             46.29,1.04,69.25,34.51,45.42,34%,50%,1.50%,3.01%,3.63%,171.33%,175.91%,2.12,2.29%,-1.24%,,,,,,,,,,,,
,,,,,,,,,,,,,,,,,,2018,8/16/2018,$                                                       46.50,,,,,,,,,,2.24%,$             46.50,1.04,69.25,34.51,45.42,35%,49%,1.50%,3.01%,3.61%,170.11%,174.67%,2.12,2.29%,-0.79%,,,,,,,,,,,,
,,,,,,,,,,,,,,,,,,2018,8/17/2018,$                                                       46.76,,,,,,,,,,2.22%,$             46.76,1.04,69.25,34.51,45.42,35%,48%,1.50%,3.01%,3.59%,168.61%,173.14%,2.12,2.29%,-0.23%,,,,,,,,,,,,
,,,,,,,,,,,,,,,,,,2018,8/20/2018,$                                                       46.78,,,,,,,,,,2.22%,$             46.78,1.04,69.25,34.51,45.42,35%,48%,1.50%,3.01%,3.59%,168.49%,173.02%,2.12,2.29%,-0.19%,,,,,,,,,,,,
,,,,,,,,,,,,,,,,,,2018,8/21/2018,$                                                       46.92,,,,,,,,,,2.22%,$             46.92,1.04,69.25,34.51,45.42,36%,48%,1.50%,3.01%,3.58%,167.69%,172.21%,2.12,2.29%,0.00%,,,,,,,,,,,,
,,,,,,,,,,,,,,,,,,2018,8/22/2018,$                                                       46.60,,,,,,,,,,2.23%,$             46.60,1.04,69.25,34.51,45.42,35%,49%,1.50%,3.01%,3.61%,169.53%,174.08%,2.12,2.29%,-0.68%,,,,,,,,,,,,
,,,,,,,,,,,,,,,,,,2018,8/23/2018,$                                                       46.39,,,,,,,,,,2.24%,$             46.39,1.04,69.25,34.51,45.42,34%,49%,1.50%,3.01%,3.62%,170.75%,175.32%,2.12,2.29%,-1.13%,,,,,,,,,,,,
,,,,,,,,,,,,,,,,,,2018,8/24/2018,$                                                       46.67,,,,,,,,,,2.23%,$             46.67,1.04,69.25,34.51,45.42,35%,48%,1.50%,3.01%,3.60%,169.12%,173.67%,2.12,2.29%,-0.53%,,,,,,,,,,,,
,,,,,,,,,,,,,,,,,,2018,8/27/2018,$                                                       46.97,,,,,,,,,,2.21%,$             46.97,1.04,69.25,34.51,45.42,36%,47%,1.50%,3.01%,3.58%,167.40%,171.92%,2.12,2.29%,0.00%,,,,,,,,,,,,
,,,,,,,,,,,,,,,,,,2018,8/28/2018,$                                                       46.78,,,,,,,,,,2.22%,$             46.78,1.04,69.25,34.51,45.42,35%,48%,1.50%,3.01%,3.59%,168.49%,173.02%,2.12,2.29%,-0.40%,,,,,,,,,,,,
,,,,,,,,,,,,,,,,,,2018,8/29/2018,$                                                       46.94,,,,,,,,,,2.22%,$             46.94,1.04,69.25,34.51,45.42,36%,48%,1.50%,3.01%,3.58%,167.58%,172.09%,2.12,2.29%,-0.06%,,,,,,,,,,,,
,,,,,,,,,,,,,,,,,,2018,8/30/2018,$                                                        46.51,,,,,,,,,,2.24%,$              46.51,1.04,69.25,34.51,45.42,35%,49%,1.50%,3.01%,3.61%,170.05%,174.61%,2.12,2.29%,-0.98%,,,,,,,,,,,,
,,,,,,,,,,,,,,,,,,2018,8/31/2018,$                                                       46.24,,,,,,,,,,2.25%,$             46.24,1.04,69.25,34.51,45.42,34%,50%,1.50%,3.01%,3.63%,171.63%,176.21%,2.12,2.29%,-1.55%,,,,,,,,,,,,
,,,,,,,,,,,,,,,,,,2018,9/4/2018,$                                                       46.57,,,,,,,,,,2.23%,$             46.57,1.04,69.25,34.51,45.42,35%,49%,1.50%,3.01%,3.61%,169.70%,174.25%,2.12,2.29%,-0.85%,,,,,,,,,,,,
,,,,,,,,,,,,,,,,,,2018,9/5/2018,$                                                       47.08,,,,,,,,,,2.21%,$             47.08,1.04,69.25,34.51,45.42,36%,47%,1.50%,3.01%,3.57%,166.78%,171.28%,2.12,2.29%,0.00%,,,,,,,,,,,,
,,,,,,,,,,,,,,,,,,2018,9/6/2018,$                                                       46.89,,,,,,,,,,2.22%,$             46.89,1.04,69.25,34.51,45.42,36%,48%,1.50%,3.01%,3.58%,167.86%,172.38%,2.12,2.29%,-0.40%,,,,,,,,,,,,
,,,,,,,,,,,,,,,,,,2018,9/7/2018,$                                                       46.82,,,,,,,,,,2.22%,$             46.82,1.04,69.25,34.51,45.42,35%,48%,1.50%,3.01%,3.59%,168.26%,172.79%,2.12,2.29%,-0.55%,,,,,,,,,,,,
,,,,,,,,,,,,,,,,,,2018,9/10/2018,$                                                       46.77,,,,,,,,,,2.22%,$             46.77,1.04,69.25,34.51,45.42,35%,48%,1.50%,3.01%,3.59%,168.55%,173.08%,2.12,2.29%,-0.66%,,,,,,,,,,,,
,,,,,,,,,,,,,,,,,,2018,9/11/2018,$                                                       46.63,,,,,,,,,,2.23%,$             46.63,1.04,69.25,34.51,45.42,35%,49%,1.50%,3.01%,3.60%,169.35%,173.90%,2.12,2.29%,-0.96%,,,,,,,,,,,,
,,,,,,,,,,,,,,,,,,2018,9/12/2018,$                                                        46.31,,,,,,,,,,2.25%,$              46.31,1.04,69.25,34.51,45.42,34%,50%,1.50%,3.01%,3.63%,171.22%,175.79%,2.12,2.29%,-1.64%,,,,,,,,,,,,
,,,,,,,,,,,,,,,,,,2018,9/13/2018,$                                                       46.70,,,,,,,,,,2.23%,$             46.70,1.04,69.25,34.51,45.42,35%,48%,1.50%,3.01%,3.60%,168.95%,173.49%,2.12,2.29%,-0.81%,,,,,,,,,,,,
,,,,,,,,,,,,,,,,,,2018,9/14/2018,$                                                        47.21,,,,,,,,,,2.20%,$              47.21,1.04,69.25,34.51,45.42,37%,47%,1.50%,3.01%,3.56%,166.05%,170.54%,2.12,2.29%,0.00%,,,,,,,,,,,,
,,,,,,,,,,,,,,,,,,2018,9/17/2018,$                                                       47.05,,,,,,,,,,2.21%,$             47.05,1.04,69.25,34.51,45.42,36%,47%,1.50%,3.01%,3.57%,166.95%,171.46%,2.12,2.29%,-0.34%,,,,,,,,,,,,
,,,,,,,,,,,,,,,,,,2018,9/18/2018,$                                                       47.26,,,,,,,,,,2.20%,$             47.26,1.04,69.25,34.51,45.42,37%,47%,1.50%,3.01%,3.55%,165.76%,170.25%,2.12,2.29%,0.00%,,,,,,,,,,,,
,,,,,,,,,,,,,,,,,,2018,9/19/2018,$                                                       47.68,,,,,,,,,,2.18%,$             47.68,1.04,69.25,34.51,45.42,38%,45%,1.50%,3.01%,3.52%,163.42%,167.87%,2.12,2.29%,0.00%,,,,,,,,,,,,
,,,,,,,,,,,,,,,,,,2018,9/20/2018,$                                                       47.89,,,,,,,,,,2.17%,$             47.89,1.04,69.25,34.51,45.42,39%,45%,1.50%,3.01%,3.51%,162.27%,166.69%,2.12,2.29%,0.00%,,,,,,,,,,,,
,,,,,,,,,,,,,,,,,,2018,9/21/2018,$                                                       48.04,,,,,,,,,,2.16%,$             48.04,1.04,69.25,34.51,45.42,39%,44%,1.50%,3.01%,3.50%,161.45%,165.86%,2.12,2.29%,0.00%,,,,,,,,,,,,
,,,,,,,,,,,,,,,,,,2018,9/24/2018,$                                                       47.70,,,,,,,,,,2.18%,$             47.70,1.04,69.25,34.51,45.42,38%,45%,1.50%,3.01%,3.52%,163.31%,167.76%,2.12,2.29%,-0.71%,,,,,,,,,,,,
,,,,,,,,,,,,,,,,,,2018,9/25/2018,$                                                       47.70,,,,,,,,,,2.18%,$             47.70,1.04,69.25,34.51,45.42,38%,45%,1.50%,3.01%,3.52%,163.31%,167.76%,2.12,2.29%,-0.71%,,,,,,,,,,,,
,,,,,,,,,,,,,,,,,,2018,9/26/2018,$                                                       47.04,,,,,,,,,,2.21%,$             47.04,1.04,69.25,34.51,45.42,36%,47%,1.50%,3.01%,3.57%,167.01%,171.51%,2.12,2.29%,-2.08%,,,,,,,,,,,,
,,,,,,,,,,,,,,,,,,2018,9/27/2018,$                                                       47.05,,,,,,,,,,2.21%,$             47.05,1.04,69.25,34.51,45.42,36%,47%,1.50%,3.01%,3.57%,166.95%,171.46%,2.12,2.29%,-2.06%,,,,,,,,,,,,
,,,,,,,,,,,,,,,,,,2018,9/28/2018,$                                                       47.07,,,,,,,,,,2.21%,$             47.07,1.04,69.25,34.51,45.42,36%,47%,1.50%,3.01%,3.57%,166.84%,171.34%,2.12,2.29%,-2.02%,,,,,,,,,,,,
,,,,,,,,,,,,,,,,,,2018,10/1/2018,$                                                        47.16,,,,,,,,,,2.21%,$              47.16,1.04,69.25,34.51,45.42,36%,47%,1.50%,3.01%,3.56%,166.33%,170.82%,2.12,2.29%,-1.83%,,,,,,,,,,,,
,,,,,,,,,,,,,,,,,,2018,10/2/2018,$                                                       47.09,,,,,,,,,,2.21%,$             47.09,1.04,69.25,34.51,45.42,36%,47%,1.50%,3.01%,3.57%,166.72%,171.23%,2.12,2.29%,-1.98%,,,,,,,,,,,,
,,,,,,,,,,,,,,,,,,2018,10/3/2018,$                                                       46.87,,,,,,,,,,2.22%,$             46.87,1.04,69.25,34.51,45.42,36%,48%,1.50%,3.01%,3.58%,167.98%,172.50%,2.12,2.29%,-2.44%,,,,,,,,,,,,
,,,,,,,,,,,,,,,,,,2018,10/4/2018,$                                                       46.60,,,,,,,,,,2.23%,$             46.60,1.04,69.25,34.51,45.42,35%,49%,1.50%,3.01%,3.61%,169.53%,174.08%,2.12,2.29%,-3.00%,,,,,,,,,,,,
,,,,,,,,,,,,,,,,,,2018,10/5/2018,$                                                       46.50,,,,,,,,,,2.24%,$             46.50,1.04,69.25,34.51,45.42,35%,49%,1.50%,3.01%,3.61%,170.11%,174.67%,2.12,2.29%,-3.21%,,,,,,,,,,,,
,,,,,,,,,,,,,,,,,,2018,10/8/2018,$                                                        47.13,,,,,,,,,,2.21%,$              47.13,1.04,69.25,34.51,45.42,36%,47%,1.50%,3.01%,3.56%,166.50%,171.00%,2.12,2.29%,-1.89%,,,,,,,,,,,,
,,,,,,,,,,,,,,,,,,2018,10/9/2018,$                                                        47.41,,,,,,,,,,2.19%,$              47.41,1.04,69.25,34.51,45.42,37%,46%,1.50%,3.01%,3.54%,164.92%,169.39%,2.12,2.29%,-1.31%,,,,,,,,,,,,
,,,,,,,,,,,,,,,,,,2018,10/10/2018,$                                                       46.33,,,,,,,,,,2.24%,$             46.33,1.04,69.25,34.51,45.42,34%,49%,1.50%,3.01%,3.63%,171.10%,175.67%,2.12,2.29%,-3.56%,,,,,,,,,,,,
,,,,,,,,,,,,,,,,,,2018,10/11/2018,$                                                       44.49,,,,,,,,,,2.34%,$             44.49,1.04,69.25,34.51,45.42,29%,56%,1.50%,3.01%,3.78%,182.31%,187.08%,2.12,2.29%,-7.39%,,,,,,,,,,,,
,,,,,,,,,,,,,,,,,,2018,10/12/2018,$                                                       44.05,,,,,,,,,,2.36%,$             44.05,1.04,69.25,34.51,45.42,27%,57%,1.50%,3.01%,3.81%,185.13%,189.94%,2.12,2.29%,-8.31%,,,,,,,,,,,,
,,,,,,,,,,,,,,,,,,2018,10/15/2018,$                                                       43.82,,,,,,,,,,2.37%,$             43.82,1.04,69.25,34.51,45.42,27%,58%,1.50%,3.01%,3.83%,186.63%,191.47%,2.12,2.29%,-8.78%,,,,,,,,,,,,
,,,,,,,,,,,,,,,,,,2018,10/16/2018,$                                                        44.18,,,,,,,,,,2.35%,$              44.18,1.04,69.25,34.51,45.42,28%,57%,1.50%,3.01%,3.80%,184.29%,189.09%,2.12,2.29%,-8.03%,,,,,,,,,,,,
,,,,,,,,,,,,,,,,,,2018,10/17/2018,$                                                       44.72,,,,,,,,,,2.33%,$             44.72,1.04,69.25,34.51,45.42,29%,55%,1.50%,3.01%,3.76%,180.86%,185.60%,2.12,2.29%,-6.91%,,,,,,,,,,,,
,,,,,,,,,,,,,,,,,,2018,10/18/2018,$                                                       44.20,,,,,,,,,,2.35%,$             44.20,1.04,69.25,34.51,45.42,28%,57%,1.50%,3.01%,3.80%,184.16%,188.96%,2.12,2.29%,-7.99%,,,,,,,,,,,,
,,,,,,,,,,,,,,,,,,2018,10/19/2018,$                                                       44.47,,,,,,,,,,2.34%,$             44.47,1.04,69.25,34.51,45.42,29%,56%,1.50%,3.01%,3.78%,182.44%,187.20%,2.12,2.29%,-7.43%,,,,,,,,,,,,
,,,,,,,,,,,,,,,,,,2018,10/22/2018,$                                                       44.28,,,,,,,,,,2.35%,$             44.28,1.04,69.25,34.51,45.42,28%,56%,1.50%,3.01%,3.79%,183.65%,188.44%,2.12,2.29%,-7.83%,,,,,,,,,,,,
,,,,,,,,,,,,,,,,,,2018,10/23/2018,$                                                       44.26,,,,,,,,,,2.35%,$             44.26,1.04,69.25,34.51,45.42,28%,56%,1.50%,3.01%,3.80%,183.78%,188.57%,2.12,2.29%,-7.87%,,,,,,,,,,,,
,,,,,,,,,,,,,,,,,,2018,10/24/2018,$                                                       42.70,,,,,,,,,,2.44%,$             42.70,1.04,69.25,34.51,45.42,24%,62%,1.50%,3.01%,3.93%,194.15%,199.11%,2.12,2.29%,-11.12%,,,,,,,,,,,,
,,,,,,,,,,,,,,,,,,2018,10/25/2018,$                                                        42.19,,,,,,,,,,2.47%,$              42.19,1.04,69.25,34.51,45.42,22%,64%,1.50%,3.01%,3.98%,197.70%,202.73%,2.12,2.29%,-12.18%,,,,,,,,,,,,
,,,,,,,,,,,,,,,,,,2018,10/26/2018,$                                                        41.70,,,,,,,,,,2.49%,$              41.70,1.04,69.25,34.51,45.42,21%,66%,1.50%,3.01%,4.03%,201.20%,206.28%,2.12,2.29%,-13.20%,,,,,,,,,,,,
,,,,,,,,,,,,,,,,,,2018,10/29/2018,$                                                       42.28,,,,,,,,,,2.46%,$             42.28,1.04,69.25,34.51,45.42,22%,64%,1.50%,3.01%,3.97%,197.07%,202.08%,2.12,2.29%,-11.99%,,,,,,,,,,,,
,,,,,,,,,,,,,,,,,,2018,10/30/2018,$                                                        43.14,,,,,,,,,,2.41%,$              43.14,1.04,69.25,34.51,45.42,25%,61%,1.50%,3.01%,3.89%,191.15%,196.06%,2.12,2.29%,-10.20%,,,,,,,,,,,,
,,,,,,,,,,,,,,,,,,2018,10/31/2018,$                                                       43.07,,,,,,,,,,2.41%,$             43.07,1.04,69.25,34.51,45.42,25%,61%,1.50%,3.01%,3.90%,191.62%,196.54%,2.12,2.29%,-10.35%,,,,,,,,,,,,
,,,,,,,,,,,,,,,,,,2018,11/1/2018,$                                                       42.87,,,,,,,,,,2.43%,$             42.87,1.04,69.25,34.51,45.42,24%,62%,1.50%,3.01%,3.92%,192.98%,197.92%,2.12,2.29%,-10.76%,,,,,,,,,,,,
,,,,,,,,,,,,,,,,,,2018,11/2/2018,$                                                       42.90,,,,,,,,,,2.42%,$             42.90,1.04,69.25,34.51,45.42,24%,61%,1.50%,3.01%,3.92%,192.77%,197.72%,2.12,2.29%,-10.70%,,,,,,,,,,,,
,,,,,,,,,,,,,,,,,,2018,11/5/2018,$                                                        43.71,,,,,,,,,,2.38%,$              43.71,1.04,69.25,34.51,45.42,26%,58%,1.50%,3.01%,3.84%,187.35%,192.20%,2.12,2.29%,-9.01%,,,,,,,,,,,,
,,,,,,,,,,,,,,,,,,2018,11/6/2018,$                                                       43.99,,,,,,,,,,2.36%,$             43.99,1.04,69.25,34.51,45.42,27%,57%,1.50%,3.01%,3.82%,185.52%,190.34%,2.12,2.29%,-8.43%,,,,,,,,,,,,
,,,,,,,,,,,,,,,,,,2018,11/7/2018,$                                                       45.06,,,,,,,,,,2.31%,$             45.06,1.04,69.25,34.51,45.42,30%,54%,1.50%,3.01%,3.73%,178.74%,183.44%,2.12,2.29%,-6.20%,,,,,,,,,,,,
,,,,,,,,,,,,,,,,,,2018,11/8/2018,$                                                        45.21,,,,,,,,,,2.30%,$              45.21,1.04,69.25,34.51,45.42,31%,53%,1.50%,3.01%,3.72%,177.81%,182.50%,2.12,2.29%,-5.89%,,,,,,,,,,,,
,,,,,,,,,,,,,,,,,,2018,11/9/2018,$                                                       45.04,,,,,,,,,,2.31%,$             45.04,1.04,69.25,34.51,45.42,30%,54%,1.50%,3.01%,3.73%,178.86%,183.57%,2.12,2.29%,-6.24%,,,,,,,,,,,,
,,,,,,,,,,,,,,,,,,2018,11/12/2018,$                                                       44.44,,,,,,,,,,2.34%,$             44.44,1.04,69.25,34.51,45.42,29%,56%,1.50%,3.01%,3.78%,182.63%,187.40%,2.12,2.29%,-7.49%,,,,,,,,,,,,
,,,,,,,,,,,,,,,,,,2018,11/13/2018,$                                                       44.37,,,,,,,,,,2.34%,$             44.37,1.04,69.25,34.51,45.42,28%,56%,1.50%,3.01%,3.79%,183.07%,187.85%,2.12,2.29%,-7.64%,,,,,,,,,,,,
,,,,,,,,,,,,,,,,,,2018,11/14/2018,$                                                       43.95,,,,,,,,,,2.37%,$             43.95,1.04,69.25,34.51,45.42,27%,58%,1.50%,3.01%,3.82%,185.78%,190.60%,2.12,2.29%,-8.51%,,,,,,,,,,,,
,,,,,,,,,,,,,,,,,,2018,11/15/2018,$                                                       44.27,,,,,,,,,,2.35%,$             44.27,1.04,69.25,34.51,45.42,28%,56%,1.50%,3.01%,3.79%,183.71%,188.50%,2.12,2.29%,-7.85%,,,,,,,,,,,,
,,,,,,,,,,,,,,,,,,2018,11/16/2018,$                                                       44.57,,,,,,,,,,2.33%,$             44.57,1.04,69.25,34.51,45.42,29%,55%,1.50%,3.01%,3.77%,181.80%,186.56%,2.12,2.29%,-7.22%,,,,,,,,,,,,
,,,,,,,,,,,,,,,,,,2018,11/19/2018,$                                                       45.37,,,,,,,,,,2.29%,$             45.37,1.04,69.25,34.51,45.42,31%,53%,1.50%,3.01%,3.70%,176.83%,181.51%,2.12,2.29%,-5.56%,,,,,,,,,,,,
,,,,,,,,,,,,,,,,,,2018,11/20/2018,$                                                       44.29,,,,,,,,,,2.35%,$             44.29,1.04,69.25,34.51,45.42,28%,56%,1.50%,3.01%,3.79%,183.59%,188.37%,2.12,2.29%,-7.81%,,,,,,,,,,,,
,,,,,,,,,,,,,,,,,,2018,11/21/2018,$                                                       44.39,,,,,,,,,,2.34%,$             44.39,1.04,69.25,34.51,45.42,28%,56%,1.50%,3.01%,3.78%,182.95%,187.72%,2.12,2.29%,-7.60%,,,,,,,,,,,,
,,,,,,,,,,,,,,,,,,2018,11/23/2018,$                                                       44.47,,,,,,,,,,2.34%,$             44.47,1.04,69.25,34.51,45.42,29%,56%,1.50%,3.01%,3.78%,182.44%,187.20%,2.12,2.29%,-7.43%,,,,,,,,,,,,
,,,,,,,,,,,,,,,,,,2018,11/26/2018,$                                                        44.61,,,,,,,,,,2.33%,$              44.61,1.04,69.25,34.51,45.42,29%,55%,1.50%,3.01%,3.77%,181.55%,186.30%,2.12,2.29%,-7.14%,,,,,,,,,,,,
,,,,,,,,,,,,,,,,,,2018,11/27/2018,$                                                       44.55,,,,,,,,,,2.33%,$             44.55,1.04,69.25,34.51,45.42,29%,55%,1.50%,3.01%,3.77%,181.93%,186.69%,2.12,2.29%,-7.26%,,,,,,,,,,,,
,,,,,,,,,,,,,,,,,,2018,11/28/2018,$                                                       45.36,,,,,,,,,,2.29%,$             45.36,1.04,69.25,34.51,45.42,31%,53%,1.50%,3.01%,3.70%,176.90%,181.57%,2.12,2.29%,-5.58%,,,,,,,,,,,,
,,,,,,,,,,,,,,,,,,2018,11/29/2018,$                                                       45.40,,,,,,,,,,2.29%,$             45.40,1.04,69.25,34.51,45.42,31%,53%,1.50%,3.01%,3.70%,176.65%,181.32%,2.12,2.29%,-5.50%,,,,,,,,,,,,
,,,,,,,,,,,,,,,,,,2018,11/30/2018,$                                                       45.74,,,,,,,,,,2.27%,$             45.74,1.04,69.25,34.51,45.42,32%,51%,1.50%,3.01%,3.67%,174.60%,179.23%,2.12,2.29%,-4.79%,,,,,,,,,,,,
,,,,,,,,,,,,,,,,,,2018,12/3/2018,$                                                       46.07,,,,,,,,,,2.26%,$             46.07,1.04,69.25,34.51,45.42,33%,50%,1.50%,3.01%,3.65%,172.63%,177.23%,2.12,2.29%,-4.10%,,,,,,,,,,,,
,,,,,,,,,,,,,,,,,,2018,12/4/2018,$                                                       44.29,,,,,,,,,,2.35%,$             44.29,1.04,69.25,34.51,45.42,28%,56%,1.50%,3.01%,3.79%,183.59%,188.37%,2.12,2.29%,-7.81%,,,,,,,,,,,,
,,,,,,,,,,,,,,,,,,2018,12/6/2018,$                                                       43.55,,,,,,,,,,2.39%,$             43.55,1.04,69.25,34.51,45.42,26%,59%,1.50%,3.01%,3.86%,188.40%,193.27%,2.12,2.29%,-9.35%,,,,,,,,,,,,
,,,,,,,,,,,,,,,,,,2018,12/7/2018,$                                                       43.25,,,,,,,,,,2.40%,$             43.25,1.04,69.25,34.51,45.42,25%,60%,1.50%,3.01%,3.88%,190.40%,195.31%,2.12,2.29%,-9.97%,,,,,,,,,,,,
,,,,,,,,,,,,,,,,,,2018,12/10/2018,$                                                       43.04,,,,,,,,,,2.42%,$             43.04,1.04,69.25,34.51,45.42,25%,61%,1.50%,3.01%,3.90%,191.82%,196.75%,2.12,2.29%,-10.41%,,,,,,,,,,,,
,,,,,,,,,,,,,,,,,,2018,12/11/2018,$                                                       42.64,,,,,,,,,,2.44%,$             42.64,1.04,69.25,34.51,45.42,23%,62%,1.50%,3.01%,3.94%,194.56%,199.53%,2.12,2.29%,-11.24%,,,,,,,,,,,,
,,,,,,,,,,,,,,,,,,2018,12/12/2018,$                                                       42.90,,,,,,,,,,2.42%,$             42.90,1.04,69.25,34.51,45.42,24%,61%,1.50%,3.01%,3.92%,192.77%,197.72%,2.12,2.29%,-10.70%,,,,,,,,,,,,
,,,,,,,,,,,,,,,,,,2018,12/13/2018,$                                                       45.75,,,,,,,,,,2.27%,$             45.75,1.04,69.25,34.51,45.42,32%,51%,1.50%,3.01%,3.67%,174.54%,179.17%,2.12,2.29%,-4.77%,,,,,,,,,,,,
,,,,,,,,,,,,,,,,,,2018,12/14/2018,$                                                        44.61,,,,,,,,,,2.33%,$              44.61,1.04,69.25,34.51,45.42,29%,55%,1.50%,3.01%,3.77%,181.55%,186.30%,2.12,2.29%,-7.14%,,,,,,,,,,,,
,,,,,,,,,,,,,,,,,,2018,12/17/2018,$                                                       44.32,,,,,,,,,,2.35%,$             44.32,1.04,69.25,34.51,45.42,28%,56%,1.50%,3.01%,3.79%,183.39%,188.18%,2.12,2.29%,-7.74%,,,,,,,,,,,,
,,,,,,,,,,,,,,,,,,2018,12/18/2018,$                                                       44.54,,,,,,,,,,2.33%,$             44.54,1.04,69.25,34.51,45.42,29%,55%,1.50%,3.01%,3.77%,181.99%,186.75%,2.12,2.29%,-7.29%,,,,,,,,,,,,
,,,,,,,,,,,,,,,,,,2018,12/19/2018,$                                                       43.98,,,,,,,,,,2.36%,$             43.98,1.04,69.25,34.51,45.42,27%,57%,1.50%,3.01%,3.82%,185.58%,190.40%,2.12,2.29%,-8.45%,,,,,,,,,,,,
,,,,,,,,,,,,,,,,,,2018,12/20/2018,$                                                       43.40,,,,,,,,,,2.40%,$             43.40,1.04,69.25,34.51,45.42,26%,60%,1.50%,3.01%,3.87%,189.40%,194.29%,2.12,2.29%,-9.66%,,,,,,,,,,,,
,,,,,,,,,,,,,,,,,,2018,12/21/2018,$                                                       43.23,,,,,,,,,,2.41%,$             43.23,1.04,69.25,34.51,45.42,25%,60%,1.50%,3.01%,3.89%,190.54%,195.44%,2.12,2.29%,-10.01%,,,,,,,,,,,,
,,,,,,,,,,,,,,,,,,2018,12/24/2018,$                                                       42.33,,,,,,,,,,2.46%,$             42.33,1.04,69.25,34.51,45.42,23%,64%,1.50%,3.01%,3.97%,196.72%,201.72%,2.12,2.29%,-11.89%,,,,,,,,,,,,
,,,,,,,,,,,,,,,,,,2018,12/26/2018,$                                                        44.14,,,,,,,,,,2.36%,$              44.14,1.04,69.25,34.51,45.42,28%,57%,1.50%,3.01%,3.81%,184.55%,189.35%,2.12,2.29%,-8.12%,,,,,,,,,,,,
,,,,,,,,,,,,,,,,,,2018,12/27/2018,$                                                       44.98,,,,,,,,,,2.31%,$             44.98,1.04,69.25,34.51,45.42,30%,54%,1.50%,3.01%,3.73%,179.24%,183.95%,2.12,2.29%,-6.37%,,,,,,,,,,,,
,,,,,,,,,,,,,,,,,,2018,12/28/2018,$                                                       44.95,,,,,,,,,,2.31%,$             44.95,1.04,69.25,34.51,45.42,30%,54%,1.50%,3.01%,3.74%,179.42%,184.14%,2.12,2.29%,-6.43%,,,,,,,,,,,,
,,,,,,,,,,,,,,,,,,2018,12/31/2018,$                                                       45.56,,,,,,,,,,2.28%,$             45.56,1.04,69.25,34.51,45.42,32%,52%,1.50%,3.01%,3.69%,175.68%,180.33%,2.12,2.29%,-5.16%,,,,,,,,,,,,
,,,,,,,,,,,,,,,,,,2019,1/2/2019,$                                                       45.52,,,,,,,,,,2.37%,$             45.52,1.08,71.91,35.83,47.17,27%,58%,1.50%,3.01%,3.69%,175.92%,178.30%,1.08,2.29%,-5.25%,,,,,,,,,,,,
,,,,,,,,,,,,,,,,,,2019,1/3/2019,$                                                       44.37,,,,,,,,,,2.43%,$             44.37,1.08,71.91,35.83,47.17,24%,62%,1.50%,3.01%,3.79%,183.07%,185.51%,1.08,2.29%,-7.64%,,,,,,,,,,,,
,,,,,,,,,,,,,,,,,,2019,1/4/2019,$                                                       44.92,,,,,,,,,,2.40%,$             44.92,1.08,71.91,35.83,47.17,25%,60%,1.50%,3.01%,3.74%,179.61%,182.01%,1.08,2.29%,-6.49%,,,,,,,,,,,,
,,,,,,,,,,,,,,,,,,2019,1/7/2019,$                                                        45.16,,,,,,,,,,2.39%,$              45.16,1.08,71.91,35.83,47.17,26%,59%,1.50%,3.01%,3.72%,178.12%,180.51%,1.08,2.29%,-6.00%,,,,,,,,,,,,
,,,,,,,,,,,,,,,,,,2019,1/8/2019,$                                                       45.30,,,,,,,,,,2.38%,$             45.30,1.08,71.91,35.83,47.17,26%,59%,1.50%,3.01%,3.71%,177.26%,179.65%,1.08,2.29%,-5.70%,,,,,,,,,,,,
,,,,,,,,,,,,,,,,,,2019,1/9/2019,$                                                       45.20,,,,,,,,,,2.39%,$             45.20,1.08,71.91,35.83,47.17,26%,59%,1.50%,3.01%,3.72%,177.88%,180.27%,1.08,2.29%,-5.91%,,,,,,,,,,,,
,,,,,,,,,,,,,,,,,,2019,1/10/2019,$                                                       45.77,,,,,,,,,,2.36%,$             45.77,1.08,71.91,35.83,47.17,28%,57%,1.50%,3.01%,3.67%,174.42%,176.78%,1.08,2.29%,-4.73%,,,,,,,,,,,,
,,,,,,,,,,,,,,,,,,2019,1/11/2019,$                                                       45.69,,,,,,,,,,2.36%,$             45.69,1.08,71.91,35.83,47.17,27%,57%,1.50%,3.01%,3.68%,174.90%,177.26%,1.08,2.29%,-4.89%,,,,,,,,,,,,
,,,,,,,,,,,,,,,,,,2019,1/14/2019,$                                                       45.93,,,,,,,,,,2.35%,$             45.93,1.08,71.91,35.83,47.17,28%,57%,1.50%,3.01%,3.66%,173.46%,175.81%,1.08,2.29%,-4.39%,,,,,,,,,,,,
,,,,,,,,,,,,,,,,,,2019,1/15/2019,$                                                       46.40,,,,,,,,,,2.33%,$             46.40,1.08,71.91,35.83,47.17,29%,55%,1.50%,3.01%,3.62%,170.69%,173.02%,1.08,2.29%,-3.41%,,,,,,,,,,,,
,,,,,,,,,,,,,,,,,,2019,1/16/2019,$                                                        46.81,,,,,,,,,,2.31%,$              46.81,1.08,71.91,35.83,47.17,30%,54%,1.50%,3.01%,3.59%,168.32%,170.63%,1.08,2.29%,-2.56%,,,,,,,,,,,,
,,,,,,,,,,,,,,,,,,2019,1/17/2019,$                                                       47.32,,,,,,,,,,2.28%,$             47.32,1.08,71.91,35.83,47.17,32%,52%,1.50%,3.01%,3.55%,165.43%,167.71%,1.08,2.29%,-1.50%,,,,,,,,,,,,
,,,,,,,,,,,,,,,,,,2019,1/18/2019,$                                                       47.70,,,,,,,,,,2.26%,$             47.70,1.08,71.91,35.83,47.17,33%,51%,1.50%,3.01%,3.52%,163.31%,165.58%,1.08,2.29%,-0.71%,,,,,,,,,,,,
,,,,,,,,,,,,,,,,,,2019,1/22/2019,$                                                       47.39,,,,,,,,,,2.28%,$             47.39,1.08,71.91,35.83,47.17,32%,52%,1.50%,3.01%,3.55%,165.03%,167.31%,1.08,2.29%,-1.35%,,,,,,,,,,,,
,,,,,,,,,,,,,,,,,,2019,1/23/2019,$                                                       47.64,,,,,,,,,,2.27%,$             47.64,1.08,71.91,35.83,47.17,33%,51%,1.50%,3.01%,3.53%,163.64%,165.91%,1.08,2.29%,-0.83%,,,,,,,,,,,,
,,,,,,,,,,,,,,,,,,2019,1/24/2019,$                                                       47.33,,,,,,,,,,2.28%,$             47.33,1.08,71.91,35.83,47.17,32%,52%,1.50%,3.01%,3.55%,165.37%,167.65%,1.08,2.29%,-1.48%,,,,,,,,,,,,
,,,,,,,,,,,,,,,,,,2019,1/25/2019,$                                                       47.57,,,,,,,,,,2.27%,$             47.57,1.08,71.91,35.83,47.17,33%,51%,1.50%,3.01%,3.53%,164.03%,166.30%,1.08,2.29%,-0.98%,,,,,,,,,,,,
,,,,,,,,,,,,,,,,,,2019,1/28/2019,$                                                       47.35,,,,,,,,,,2.28%,$             47.35,1.08,71.91,35.83,47.17,32%,52%,1.50%,3.01%,3.55%,165.26%,167.54%,1.08,2.29%,-1.44%,,,,,,,,,,,,
,,,,,,,,,,,,,,,,,,2019,1/29/2019,$                                                         47.11,,,,,,,,,,2.29%,$               47.11,1.08,71.91,35.83,47.17,31%,53%,1.50%,3.01%,3.57%,166.61%,168.90%,1.08,2.29%,-1.94%,,,,,,,,,,,,
,,,,,,,,,,,,,,,,,,2019,1/30/2019,$                                                       47.38,,,,,,,,,,2.28%,$             47.38,1.08,71.91,35.83,47.17,32%,52%,1.50%,3.01%,3.55%,165.09%,167.37%,1.08,2.29%,-1.37%,,,,,,,,,,,,
,,,,,,,,,,,,,,,,,,2019,1/31/2019,$                                                       47.70,,,,,,,,,,2.26%,$             47.70,1.08,71.91,35.83,47.17,33%,51%,1.50%,3.01%,3.52%,163.31%,165.58%,1.08,2.29%,-0.71%,,,,,,,,,,,,
,,,,,,,,,,,,,,,,,,2019,2/1/2019,$                                                       47.94,,,,,,,,,,2.25%,$             47.94,1.08,71.91,35.83,47.17,34%,50%,1.50%,3.01%,3.50%,161.99%,164.25%,1.08,2.29%,-0.21%,,,,,,,,,,,,
,,,,,,,,,,,,,,,,,,2019,2/4/2019,$                                                       48.02,,,,,,,,,,2.25%,$             48.02,1.08,71.91,35.83,47.17,34%,50%,1.50%,3.01%,3.50%,161.56%,163.81%,1.08,2.29%,-0.04%,,,,,,,,,,,,
,,,,,,,,,,,,,,,,,,2019,2/5/2019,$                                                       48.22,,,,,,,,,,2.24%,$             48.22,1.08,71.91,35.83,47.17,34%,49%,1.50%,3.01%,3.48%,160.47%,162.71%,1.08,2.29%,0.00%,,,,,,,,,,,,
,,,,,,,,,,,,,,,,,,2019,2/6/2019,$                                                       48.40,,,,,,,,,,2.23%,$             48.40,1.08,71.91,35.83,47.17,35%,49%,1.50%,3.01%,3.47%,159.50%,161.74%,1.08,2.29%,0.00%,,,,,,,,,,,,
,,,,,,,,,,,,,,,,,,2019,2/7/2019,$                                                       48.45,,,,,,,,,,2.23%,$             48.45,1.08,71.91,35.83,47.17,35%,48%,1.50%,3.01%,3.47%,159.24%,161.47%,1.08,2.29%,0.00%,,,,,,,,,,,,
,,,,,,,,,,,,,,,,,,2019,2/8/2019,$                                                        48.18,,,,,,,,,,2.24%,$              48.18,1.08,71.91,35.83,47.17,34%,49%,1.50%,3.01%,3.49%,160.69%,162.93%,1.08,2.29%,-0.56%,,,,,,,,,,,,
,,,,,,,,,,,,,,,,,,2019,2/11/2019,$                                                       48.27,,,,,,,,,,2.24%,$             48.27,1.08,71.91,35.83,47.17,34%,49%,1.50%,3.01%,3.48%,160.20%,162.44%,1.08,2.29%,-0.37%,,,,,,,,,,,,
,,,,,,,,,,,,,,,,,,2019,2/12/2019,$                                                       48.94,,,,,,,,,,2.21%,$             48.94,1.08,71.91,35.83,47.17,36%,47%,1.50%,3.01%,3.43%,156.64%,158.85%,1.08,2.29%,0.00%,,,,,,,,,,,,
,,,,,,,,,,,,,,,,,,2019,2/13/2019,$                                                       49.02,,,,,,,,,,2.20%,$             49.02,1.08,71.91,35.83,47.17,37%,47%,1.50%,3.01%,3.43%,156.22%,158.43%,1.08,2.29%,0.00%,,,,,,,,,,,,
,,,,,,,,,,,,,,,,,,2019,2/14/2019,$                                                       48.60,,,,,,,,,,2.22%,$             48.60,1.08,71.91,35.83,47.17,35%,48%,1.50%,3.01%,3.46%,158.44%,160.66%,1.08,2.29%,-0.86%,,,,,,,,,,,,
,,,,,,,,,,,,,,,,,,2019,2/15/2019,$                                                       49.28,,,,,,,,,,2.19%,$             49.28,1.08,71.91,35.83,47.17,37%,46%,1.50%,3.01%,3.41%,154.87%,157.06%,1.08,2.29%,0.00%,,,,,,,,,,,,
,,,,,,,,,,,,,,,,,,2019,2/19/2019,$                                                       48.99,,,,,,,,,,2.20%,$             48.99,1.08,71.91,35.83,47.17,36%,47%,1.50%,3.01%,3.43%,156.38%,158.58%,1.08,2.29%,-0.59%,,,,,,,,,,,,
,,,,,,,,,,,,,,,,,,2019,2/20/2019,$                                                        49.12,,,,,,,,,,2.20%,$              49.12,1.08,71.91,35.83,47.17,37%,46%,1.50%,3.01%,3.42%,155.70%,157.90%,1.08,2.29%,-0.32%,,,,,,,,,,,,
,,,,,,,,,,,,,,,,,,2019,2/21/2019,$                                                       48.90,,,,,,,,,,2.21%,$             48.90,1.08,71.91,35.83,47.17,36%,47%,1.50%,3.01%,3.44%,156.85%,159.06%,1.08,2.29%,-0.77%,,,,,,,,,,,,
,,,,,,,,,,,,,,,,,,2019,2/22/2019,$                                                       48.75,,,,,,,,,,2.22%,$             48.75,1.08,71.91,35.83,47.17,36%,48%,1.50%,3.01%,3.45%,157.64%,159.86%,1.08,2.29%,-1.08%,,,,,,,,,,,,
,,,,,,,,,,,,,,,,,,2019,2/25/2019,$                                                       48.96,,,,,,,,,,2.21%,$             48.96,1.08,71.91,35.83,47.17,36%,47%,1.50%,3.01%,3.43%,156.54%,158.74%,1.08,2.29%,-0.65%,,,,,,,,,,,,
,,,,,,,,,,,,,,,,,,2019,2/26/2019,$                                                        48.91,,,,,,,,,,2.21%,$              48.91,1.08,71.91,35.83,47.17,36%,47%,1.50%,3.01%,3.43%,156.80%,159.01%,1.08,2.29%,-0.75%,,,,,,,,,,,,
,,,,,,,,,,,,,,,,,,2019,2/27/2019,$                                                       48.99,,,,,,,,,,2.20%,$             48.99,1.08,71.91,35.83,47.17,36%,47%,1.50%,3.01%,3.43%,156.38%,158.58%,1.08,2.29%,-0.59%,,,,,,,,,,,,
,,,,,,,,,,,,,,,,,,2019,2/28/2019,$                                                        49.14,,,,,,,,,,2.20%,$              49.14,1.08,71.91,35.83,47.17,37%,46%,1.50%,3.01%,3.42%,155.60%,157.79%,1.08,2.29%,-0.28%,,,,,,,,,,,,
,,,,,,,,,,,,,,,,,,2019,3/1/2019,$                                                        49.17,,,,,,,,,,2.20%,$              49.17,1.08,71.91,35.83,47.17,37%,46%,1.50%,3.01%,3.42%,155.44%,157.64%,1.08,2.29%,-0.22%,,,,,,,,,,,,
,,,,,,,,,,,,,,,,,,2019,3/4/2019,$                                                       49.06,,,,,,,,,,2.20%,$             49.06,1.08,71.91,35.83,47.17,37%,47%,1.50%,3.01%,3.42%,156.01%,158.21%,1.08,2.29%,-0.45%,,,,,,,,,,,,
,,,,,,,,,,,,,,,,,,2019,3/5/2019,$                                                        49.15,,,,,,,,,,2.20%,$              49.15,1.08,71.91,35.83,47.17,37%,46%,1.50%,3.01%,3.42%,155.54%,157.74%,1.08,2.29%,-0.26%,,,,,,,,,,,,
,,,,,,,,,,,,,,,,,,2019,3/6/2019,$                                                       48.95,,,,,,,,,,2.21%,$             48.95,1.08,71.91,35.83,47.17,36%,47%,1.50%,3.01%,3.43%,156.59%,158.79%,1.08,2.29%,-0.67%,,,,,,,,,,,,
,,,,,,,,,,,,,,,,,,2019,3/7/2019,$                                                       48.63,,,,,,,,,,2.22%,$             48.63,1.08,71.91,35.83,47.17,35%,48%,1.50%,3.01%,3.45%,158.28%,160.50%,1.08,2.29%,-1.32%,,,,,,,,,,,,
,,,,,,,,,,,,,,,,,,2019,3/8/2019,$                                                       48.55,,,,,,,,,,2.22%,$             48.55,1.08,71.91,35.83,47.17,35%,48%,1.50%,3.01%,3.46%,158.70%,160.93%,1.08,2.29%,-1.48%,,,,,,,,,,,,
,,,,,,,,,,,,,,,,,,2019,3/11/2019,$                                                       49.07,,,,,,,,,,2.20%,$             49.07,1.08,71.91,35.83,47.17,37%,47%,1.50%,3.01%,3.42%,155.96%,158.16%,1.08,2.29%,-0.43%,,,,,,,,,,,,
,,,,,,,,,,,,,,,,,,2019,3/12/2019,$                                                        49.16,,,,,,,,,,2.20%,$              49.16,1.08,71.91,35.83,47.17,37%,46%,1.50%,3.01%,3.42%,155.49%,157.69%,1.08,2.29%,-0.24%,,,,,,,,,,,,
,,,,,,,,,,,,,,,,,,2019,3/13/2019,$                                                       49.39,,,,,,,,,,2.19%,$             49.39,1.08,71.91,35.83,47.17,38%,46%,1.50%,3.01%,3.40%,154.30%,156.49%,1.08,2.29%,0.00%,,,,,,,,,,,,
,,,,,,,,,,,,,,,,,,2019,3/14/2019,$                                                       49.70,,,,,,,,,,2.17%,$             49.70,1.08,71.91,35.83,47.17,38%,45%,1.50%,3.01%,3.38%,152.72%,154.89%,1.08,2.29%,0.00%,,,,,,,,,,,,
,,,,,,,,,,,,,,,,,,2019,3/15/2019,$                                                       49.95,,,,,,,,,,2.16%,$             49.95,1.08,71.91,35.83,47.17,39%,44%,1.50%,3.01%,3.36%,151.45%,153.61%,1.08,2.29%,0.00%,,,,,,,,,,,,
,,,,,,,,,,,,,,,,,,2019,3/18/2019,$                                                       50.25,,,,,,,,,,2.15%,$             50.25,1.08,71.91,35.83,47.17,40%,43%,1.50%,3.01%,3.34%,149.95%,152.10%,1.08,2.29%,0.00%,,,,,,,,,,,,
,,,,,,,,,,,,,,,,,,2019,3/19/2019,$                                                        50.10,,,,,,,,,,2.16%,$              50.10,1.08,71.91,35.83,47.17,40%,44%,1.50%,3.01%,3.35%,150.70%,152.85%,1.08,2.29%,-0.30%,,,,,,,,,,,,
,,,,,,,,,,,,,,,,,,2019,3/20/2019,$                                                       49.46,,,,,,,,,,2.18%,$             49.46,1.08,71.91,35.83,47.17,38%,45%,1.50%,3.01%,3.40%,153.94%,156.13%,1.08,2.29%,-1.57%,,,,,,,,,,,,
,,,,,,,,,,,,,,,,,,2019,3/21/2019,$                                                       49.97,,,,,,,,,,2.16%,$             49.97,1.08,71.91,35.83,47.17,39%,44%,1.50%,3.01%,3.36%,151.35%,153.51%,1.08,2.29%,-0.56%,,,,,,,,,,,,
,,,,,,,,,,,,,,,,,,2019,3/22/2019,$                                                       49.46,,,,,,,,,,2.18%,$             49.46,1.08,71.91,35.83,47.17,38%,45%,1.50%,3.01%,3.40%,153.94%,156.13%,1.08,2.29%,-1.57%,,,,,,,,,,,,
,,,,,,,,,,,,,,,,,,2019,3/25/2019,$                                                       49.52,,,,,,,,,,2.18%,$             49.52,1.08,71.91,35.83,47.17,38%,45%,1.50%,3.01%,3.39%,153.63%,155.82%,1.08,2.29%,-1.45%,,,,,,,,,,,,
,,,,,,,,,,,,,,,,,,2019,3/26/2019,$                                                       49.83,,,,,,,,,,2.17%,$             49.83,1.08,71.91,35.83,47.17,39%,44%,1.50%,3.01%,3.37%,152.06%,154.22%,1.08,2.29%,-0.84%,,,,,,,,,,,,
,,,,,,,,,,,,,,,,,,2019,3/27/2019,$                                                       49.82,,,,,,,,,,2.17%,$             49.82,1.08,71.91,35.83,47.17,39%,44%,1.50%,3.01%,3.37%,152.11%,154.28%,1.08,2.29%,-0.86%,,,,,,,,,,,,
,,,,,,,,,,,,,,,,,,2019,3/28/2019,$                                                       49.70,,,,,,,,,,2.17%,$             49.70,1.08,71.91,35.83,47.17,38%,45%,1.50%,3.01%,3.38%,152.72%,154.89%,1.08,2.29%,-1.09%,,,,,,,,,,,,
,,,,,,,,,,,,,,,,,,2019,3/29/2019,$                                                       50.00,,,,,,,,,,2.16%,$             50.00,1.08,71.91,35.83,47.17,39%,44%,1.50%,3.01%,3.36%,151.20%,153.36%,1.08,2.29%,-0.50%,,,,,,,,,,,,
,,,,,,,,,,,,,,,,,,2019,4/1/2019,$                                                       49.88,,,,,,,,,,2.17%,$             49.88,1.08,71.91,35.83,47.17,39%,44%,1.50%,3.01%,3.37%,151.80%,153.97%,1.08,2.29%,-0.74%,,,,,,,,,,,,
,,,,,,,,,,,,,,,,,,2019,4/2/2019,$                                                       49.25,,,,,,,,,,2.19%,$             49.25,1.08,71.91,35.83,47.17,37%,46%,1.50%,3.01%,3.41%,155.03%,157.22%,1.08,2.29%,-1.99%,,,,,,,,,,,,
,,,,,,,,,,,,,,,,,,2019,4/3/2019,$                                                       48.76,,,,,,,,,,2.21%,$             48.76,1.08,71.91,35.83,47.17,36%,47%,1.50%,3.01%,3.45%,157.59%,159.80%,1.08,2.29%,-2.97%,,,,,,,,,,,,
,,,,,,,,,,,,,,,,,,2019,4/4/2019,$                                                       48.78,,,,,,,,,,2.21%,$             48.78,1.08,71.91,35.83,47.17,36%,47%,1.50%,3.01%,3.44%,157.48%,159.70%,1.08,2.29%,-2.93%,,,,,,,,,,,,
,,,,,,,,,,,,,,,,,,2019,4/5/2019,$                                                       49.00,,,,,,,,,,2.20%,$             49.00,1.08,71.91,35.83,47.17,36%,47%,1.50%,3.01%,3.43%,156.33%,158.53%,1.08,2.29%,-2.49%,,,,,,,,,,,,
,,,,,,,,,,,,,,,,,,2019,4/8/2019,$                                                        49.12,,,,,,,,,,2.20%,$              49.12,1.08,71.91,35.83,47.17,37%,46%,1.50%,3.01%,3.42%,155.70%,157.90%,1.08,2.29%,-2.25%,,,,,,,,,,,,
,,,,,,,,,,,,,,,,,,2019,4/9/2019,$                                                       49.04,,,,,,,,,,2.20%,$             49.04,1.08,71.91,35.83,47.17,37%,47%,1.50%,3.01%,3.43%,156.12%,158.32%,1.08,2.29%,-2.41%,,,,,,,,,,,,
,,,,,,,,,,,,,,,,,,2019,4/10/2019,$                                                        49.21,,,,,,,,,,2.19%,$              49.21,1.08,71.91,35.83,47.17,37%,46%,1.50%,3.01%,3.41%,155.23%,157.43%,1.08,2.29%,-2.07%,,,,,,,,,,,,
,,,,,,,,,,,,,,,,,,2019,4/11/2019,$                                                       49.37,,,,,,,,,,2.19%,$             49.37,1.08,71.91,35.83,47.17,38%,46%,1.50%,3.01%,3.40%,154.41%,156.59%,1.08,2.29%,-1.75%,,,,,,,,,,,,
,,,,,,,,,,,,,,,,,,2019,4/12/2019,$                                                        49.51,,,,,,,,,,2.18%,$              49.51,1.08,71.91,35.83,47.17,38%,45%,1.50%,3.01%,3.39%,153.69%,155.87%,1.08,2.29%,-1.47%,,,,,,,,,,,,
,,,,,,,,,,,,,,,,,,2019,4/15/2019,$                                                       48.95,,,,,,,,,,2.21%,$             48.95,1.08,71.91,35.83,47.17,36%,47%,1.50%,3.01%,3.43%,156.59%,158.79%,1.08,2.29%,-2.59%,,,,,,,,,,,,
,,,,,,,,,,,,,,,,,,2019,4/16/2019,$                                                       49.59,,,,,,,,,,2.18%,$             49.59,1.08,71.91,35.83,47.17,38%,45%,1.50%,3.01%,3.39%,153.28%,155.45%,1.08,2.29%,-1.31%,,,,,,,,,,,,
,,,,,,,,,,,,,,,,,,2019,4/17/2019,$                                                       49.04,,,,,,,,,,2.20%,$             49.04,1.08,71.91,35.83,47.17,37%,47%,1.50%,3.01%,3.43%,156.12%,158.32%,1.08,2.29%,-2.41%,,,,,,,,,,,,
,,,,,,,,,,,,,,,,,,2019,4/18/2019,$                                                       48.92,,,,,,,,,,2.21%,$             48.92,1.08,71.91,35.83,47.17,36%,47%,1.50%,3.01%,3.43%,156.75%,158.95%,1.08,2.29%,-2.65%,,,,,,,,,,,,
,,,,,,,,,,,,,,,,,,2019,4/22/2019,$                                                       48.56,,,,,,,,,,2.22%,$             48.56,1.08,71.91,35.83,47.17,35%,48%,1.50%,3.01%,3.46%,158.65%,160.87%,1.08,2.29%,-3.36%,,,,,,,,,,,,
,,,,,,,,,,,,,,,,,,2019,4/23/2019,$                                                        48.91,,,,,,,,,,2.21%,$              48.91,1.08,71.91,35.83,47.17,36%,47%,1.50%,3.01%,3.43%,156.80%,159.01%,1.08,2.29%,-2.67%,,,,,,,,,,,,
,,,,,,,,,,,,,,,,,,2019,4/24/2019,$                                                       48.89,,,,,,,,,,2.21%,$             48.89,1.08,71.91,35.83,47.17,36%,47%,1.50%,3.01%,3.44%,156.90%,159.11%,1.08,2.29%,-2.71%,,,,,,,,,,,,
,,,,,,,,,,,,,,,,,,2019,4/25/2019,$                                                        49.18,,,,,,,,,,2.20%,$              49.18,1.08,71.91,35.83,47.17,37%,46%,1.50%,3.01%,3.42%,155.39%,157.58%,1.08,2.29%,-2.13%,,,,,,,,,,,,
,,,,,,,,,,,,,,,,,,2019,4/26/2019,$                                                       49.53,,,,,,,,,,2.18%,$             49.53,1.08,71.91,35.83,47.17,38%,45%,1.50%,3.01%,3.39%,153.58%,155.76%,1.08,2.29%,-1.43%,,,,,,,,,,,,
,,,,,,,,,,,,,,,,,,2019,4/29/2019,$                                                       49.72,,,,,,,,,,2.17%,$             49.72,1.08,71.91,35.83,47.17,38%,45%,1.50%,3.01%,3.38%,152.61%,154.79%,1.08,2.29%,-1.05%,,,,,,,,,,,,
,,,,,,,,,,,,,,,,,,2019,4/30/2019,$                                                       50.38,,,,,,,,,,2.14%,$             50.38,1.08,71.91,35.83,47.17,40%,43%,1.50%,3.01%,3.33%,149.31%,151.45%,1.08,2.29%,0.00%,,,,,,,,,,,,
,,,,,,,,,,,,,,,,,,2019,5/1/2019,$                                                       50.22,,,,,,,,,,2.15%,$             50.22,1.08,71.91,35.83,47.17,40%,43%,1.50%,3.01%,3.35%,150.10%,152.25%,1.08,2.29%,-0.32%,,,,,,,,,,,,
,,,,,,,,,,,,,,,,,,2019,5/2/2019,$                                                       50.25,,,,,,,,,,2.15%,$             50.25,1.08,71.91,35.83,47.17,40%,43%,1.50%,3.01%,3.34%,149.95%,152.10%,1.08,2.29%,-0.26%,,,,,,,,,,,,
,,,,,,,,,,,,,,,,,,2019,5/3/2019,$                                                       50.49,,,,,,,,,,2.14%,$             50.49,1.08,71.91,35.83,47.17,41%,42%,1.50%,3.01%,3.33%,148.76%,150.90%,1.08,2.29%,0.00%,,,,,,,,,,,,
,,,,,,,,,,,,,,,,,,2019,5/6/2019,$                                                       50.52,,,,,,,,,,2.14%,$             50.52,1.08,71.91,35.83,47.17,41%,42%,1.50%,3.01%,3.33%,148.61%,150.75%,1.08,2.29%,0.00%,,,,,,,,,,,,
,,,,,,,,,,,,,,,,,,2019,5/7/2019,$                                                         50.11,,,,,,,,,,2.16%,$               50.11,1.08,71.91,35.83,47.17,40%,44%,1.50%,3.01%,3.35%,150.65%,152.80%,1.08,2.29%,-0.81%,,,,,,,,,,,,
,,,,,,,,,,,,,,,,,,2019,5/8/2019,$                                                       50.24,,,,,,,,,,2.15%,$             50.24,1.08,71.91,35.83,47.17,40%,43%,1.50%,3.01%,3.34%,150.00%,152.15%,1.08,2.29%,-0.55%,,,,,,,,,,,,
,,,,,,,,,,,,,,,,,,2019,5/9/2019,$                                                       50.49,,,,,,,,,,2.14%,$             50.49,1.08,71.91,35.83,47.17,41%,42%,1.50%,3.01%,3.33%,148.76%,150.90%,1.08,2.29%,-0.06%,,,,,,,,,,,,
,,,,,,,,,,,,,,,,,,2019,5/10/2019,$                                                        51.27,,,,,,,,,,2.11%,$              51.27,1.08,71.91,35.83,47.17,43%,40%,1.50%,3.01%,3.28%,144.98%,147.08%,1.08,2.29%,0.00%,,,,,,,,,,,,
,,,,,,,,,,,,,,,,,,2019,5/13/2019,$                                                       50.47,,,,,,,,,,2.14%,$             50.47,1.08,71.91,35.83,47.17,41%,42%,1.50%,3.01%,3.33%,148.86%,151.00%,1.08,2.29%,-1.56%,,,,,,,,,,,,
,,,,,,,,,,,,,,,,,,2019,5/14/2019,$                                                         51.13,,,,,,,,,,2.11%,$               51.13,1.08,71.91,35.83,47.17,42%,41%,1.50%,3.01%,3.29%,145.65%,147.76%,1.08,2.29%,-0.27%,,,,,,,,,,,,
,,,,,,,,,,,,,,,,,,2019,5/15/2019,$                                                         51.31,,,,,,,,,,2.10%,$               51.31,1.08,71.91,35.83,47.17,43%,40%,1.50%,3.01%,3.27%,144.79%,146.89%,1.08,2.29%,0.00%,,,,,,,,,,,,
,,,,,,,,,,,,,,,,,,2019,5/16/2019,$                                                        51.93,,,,,,,,,,2.08%,$              51.93,1.08,71.91,35.83,47.17,45%,38%,1.50%,3.01%,3.24%,141.86%,143.94%,1.08,2.29%,0.00%,,,,,,,,,,,,
,,,,,,,,,,,,,,,,,,2019,5/17/2019,$                                                        52.18,,,,,,,,,,2.07%,$              52.18,1.08,71.91,35.83,47.17,45%,38%,1.50%,3.01%,3.22%,140.71%,142.78%,1.08,2.29%,0.00%,,,,,,,,,,,,
,,,,,,,,,,,,,,,,,,2019,5/20/2019,$                                                        52.16,,,,,,,,,,2.07%,$              52.16,1.08,71.91,35.83,47.17,45%,38%,1.50%,3.01%,3.22%,140.80%,142.87%,1.08,2.29%,-0.04%,,,,,,,,,,,,
,,,,,,,,,,,,,,,,,,2019,5/21/2019,$                                                        51.95,,,,,,,,,,2.08%,$              51.95,1.08,71.91,35.83,47.17,45%,38%,1.50%,3.01%,3.23%,141.77%,143.85%,1.08,2.29%,-0.44%,,,,,,,,,,,,
,,,,,,,,,,,,,,,,,,2019,5/22/2019,$                                                        52.21,,,,,,,,,,2.07%,$              52.21,1.08,71.91,35.83,47.17,45%,38%,1.50%,3.01%,3.22%,140.57%,142.64%,1.08,2.29%,0.00%,,,,,,,,,,,,
,,,,,,,,,,,,,,,,,,2019,5/23/2019,$                                                        51.52,,,,,,,,,,2.10%,$              51.52,1.08,71.91,35.83,47.17,43%,40%,1.50%,3.01%,3.26%,143.79%,145.89%,1.08,2.29%,-1.32%,,,,,,,,,,,,
,,,,,,,,,,,,,,,,,,2019,5/24/2019,$                                                        52.01,,,,,,,,,,2.08%,$              52.01,1.08,71.91,35.83,47.17,45%,38%,1.50%,3.01%,3.23%,141.49%,143.57%,1.08,2.29%,-0.38%,,,,,,,,,,,,
,,,,,,,,,,,,,,,,,,2019,5/28/2019,$                                                        51.30,,,,,,,,,,2.11%,$              51.30,1.08,71.91,35.83,47.17,43%,40%,1.50%,3.01%,3.27%,144.83%,146.94%,1.08,2.29%,-1.74%,,,,,,,,,,,,
,,,,,,,,,,,,,,,,,,2019,5/29/2019,$                                                        51.43,,,,,,,,,,2.10%,$              51.43,1.08,71.91,35.83,47.17,43%,40%,1.50%,3.01%,3.27%,144.22%,146.32%,1.08,2.29%,-1.49%,,,,,,,,,,,,
,,,,,,,,,,,,,,,,,,2019,5/30/2019,$                                                        51.57,,,,,,,,,,2.09%,$              51.57,1.08,71.91,35.83,47.17,44%,39%,1.50%,3.01%,3.26%,143.55%,145.65%,1.08,2.29%,-1.23%,,,,,,,,,,,,
,,,,,,,,,,,,,,,,,,2019,5/31/2019,$                                                        51.30,,,,,,,,,,2.11%,$              51.30,1.08,71.91,35.83,47.17,43%,40%,1.50%,3.01%,3.27%,144.83%,146.94%,1.08,2.29%,-1.74%,,,,,,,,,,,,
,,,,,,,,,,,,,,,,,,2019,6/3/2019,$                                                       52.43,,,,,,,,,,2.06%,$             52.43,1.08,71.91,35.83,47.17,46%,37%,1.50%,3.01%,3.20%,139.56%,141.62%,1.08,2.29%,0.00%,,,,,,,,,,,,
,,,,,,,,,,,,,,,,,,2019,6/4/2019,$                                                       53.00,,,,,,,,,,2.04%,$             53.00,1.08,71.91,35.83,47.17,48%,36%,1.50%,3.01%,3.17%,136.98%,139.02%,1.08,2.29%,0.00%,,,,,,,,,,,,
,,,,,,,,,,,,,,,,,,2019,6/5/2019,$                                                       53.76,,,,,,,,,,2.01%,$             53.76,1.08,71.91,35.83,47.17,50%,34%,1.50%,3.01%,3.13%,133.63%,135.64%,1.08,2.29%,0.00%,,,,,,,,,,,,
,,,,,,,,,,,,,,,,,,2019,6/6/2019,$                                                       53.82,,,,,,,,,,2.01%,$             53.82,1.08,71.91,35.83,47.17,50%,34%,1.50%,3.01%,3.12%,133.37%,135.38%,1.08,2.29%,0.00%,,,,,,,,,,,,
,,,,,,,,,,,,,,,,,,2019,6/7/2019,$                                                       54.55,,,,,,,,,,1.98%,$             54.55,1.08,71.91,35.83,47.17,52%,32%,1.50%,3.01%,3.08%,130.25%,132.23%,1.08,2.29%,0.00%,,,,,,,,,,,,
,,,,,,,,,,,,,,,,,,2019,6/10/2019,$                                                       54.35,,,,,,,,,,1.99%,$             54.35,1.08,71.91,35.83,47.17,51%,32%,1.50%,3.01%,3.09%,131.09%,133.08%,1.08,2.29%,-0.37%,,,,,,,,,,,,
,,,,,,,,,,,,,,,,,,2019,6/11/2019,$                                                       54.04,,,,,,,,,,2.00%,$             54.04,1.08,71.91,35.83,47.17,50%,33%,1.50%,3.01%,3.11%,132.42%,134.42%,1.08,2.29%,-0.93%,,,,,,,,,,,,
,,,,,,,,,,,,,,,,,,2019,6/12/2019,$                                                       54.38,,,,,,,,,,1.99%,$             54.38,1.08,71.91,35.83,47.17,51%,32%,1.50%,3.01%,3.09%,130.97%,132.95%,1.08,2.29%,-0.31%,,,,,,,,,,,,
,,,,,,,,,,,,,,,,,,2019,6/13/2019,$                                                       54.47,,,,,,,,,,1.98%,$             54.47,1.08,71.91,35.83,47.17,52%,32%,1.50%,3.01%,3.08%,130.59%,132.57%,1.08,2.29%,-0.15%,,,,,,,,,,,,
,,,,,,,,,,,,,,,,,,2019,6/14/2019,$                                                       55.04,,,,,,,,,,1.96%,$             55.04,1.08,71.91,35.83,47.17,53%,31%,1.50%,3.01%,3.05%,128.20%,130.16%,1.08,2.29%,0.00%,,,,,,,,,,,,
,,,,,,,,,,,,,,,,,,2019,6/17/2019,$                                                       54.55,,,,,,,,,,1.98%,$             54.55,1.08,71.91,35.83,47.17,52%,32%,1.50%,3.01%,3.08%,130.25%,132.23%,1.08,2.29%,-0.89%,,,,,,,,,,,,
,,,,,,,,,,,,,,,,,,2019,6/18/2019,$                                                       54.92,,,,,,,,,,1.97%,$             54.92,1.08,71.91,35.83,47.17,53%,31%,1.50%,3.01%,3.06%,128.70%,130.66%,1.08,2.29%,-0.22%,,,,,,,,,,,,
,,,,,,,,,,,,,,,,,,2019,6/19/2019,$                                                        55.14,,,,,,,,,,1.96%,$              55.14,1.08,71.91,35.83,47.17,54%,30%,1.50%,3.01%,3.05%,127.78%,129.74%,1.08,2.29%,0.00%,,,,,,,,,,,,
,,,,,,,,,,,,,,,,,,2019,6/20/2019,$                                                       55.34,,,,,,,,,,1.95%,$             55.34,1.08,71.91,35.83,47.17,54%,30%,1.50%,3.01%,3.04%,126.96%,128.91%,1.08,2.29%,0.00%,,,,,,,,,,,,
,,,,,,,,,,,,,,,,,,2019,6/21/2019,$                                                       54.95,,,,,,,,,,1.97%,$             54.95,1.08,71.91,35.83,47.17,53%,31%,1.50%,3.01%,3.06%,128.57%,130.54%,1.08,2.29%,-0.70%,,,,,,,,,,,,
,,,,,,,,,,,,,,,,,,2019,6/24/2019,$                                                       55.02,,,,,,,,,,1.96%,$             55.02,1.08,71.91,35.83,47.17,53%,31%,1.50%,3.01%,3.05%,128.28%,130.24%,1.08,2.29%,-0.58%,,,,,,,,,,,,
,,,,,,,,,,,,,,,,,,2019,6/25/2019,$                                                       54.95,,,,,,,,,,1.97%,$             54.95,1.08,71.91,35.83,47.17,53%,31%,1.50%,3.01%,3.06%,128.57%,130.54%,1.08,2.29%,-0.70%,,,,,,,,,,,,
,,,,,,,,,,,,,,,,,,2019,6/26/2019,$                                                       54.24,,,,,,,,,,1.99%,$             54.24,1.08,71.91,35.83,47.17,51%,33%,1.50%,3.01%,3.10%,131.56%,133.55%,1.08,2.29%,-1.99%,,,,,,,,,,,,
,,,,,,,,,,,,,,,,,,2019,6/27/2019,$                                                       54.55,,,,,,,,,,1.98%,$             54.55,1.08,71.91,35.83,47.17,52%,32%,1.50%,3.01%,3.08%,130.25%,132.23%,1.08,2.29%,-1.43%,,,,,,,,,,,,
,,,,,,,,,,,,,,,,,,2019,6/28/2019,$                                                        54.81,,,,,,,,,,1.97%,$              54.81,1.08,71.91,35.83,47.17,53%,31%,1.50%,3.01%,3.07%,129.16%,131.13%,1.08,2.29%,-0.96%,,,,,,,,,,,,
,,,,,,,,,,,,,,,,,,2019,7/1/2019,$                                                       55.82,,,,,,,,,,1.93%,$             55.82,1.08,71.91,35.83,47.17,55%,29%,1.50%,3.01%,3.01%,125.01%,126.94%,1.08,2.29%,0.00%,,,,,,,,,,,,
,,,,,,,,,,,,,,,,,,2019,7/2/2019,$                                                        56.21,,,,,,,,,,1.92%,$              56.21,1.08,71.91,35.83,47.17,56%,28%,1.50%,3.01%,2.99%,123.45%,125.37%,1.08,2.29%,0.00%,,,,,,,,,,,,
,,,,,,,,,,,,,,,,,,2019,7/3/2019,$                                                       56.85,,,,,,,,,,1.90%,$             56.85,1.08,71.91,35.83,47.17,58%,26%,1.50%,3.01%,2.96%,120.93%,122.83%,1.08,2.29%,0.00%,,,,,,,,,,,,
,,,,,,,,,,,,,,,,,,2019,7/5/2019,$                                                        56.81,,,,,,,,,,1.90%,$              56.81,1.08,71.91,35.83,47.17,58%,27%,1.50%,3.01%,2.96%,121.09%,122.99%,1.08,2.29%,-0.07%,,,,,,,,,,,,
,,,,,,,,,,,,,,,,,,2019,7/8/2019,$                                                       56.65,,,,,,,,,,1.91%,$             56.65,1.08,71.91,35.83,47.17,58%,27%,1.50%,3.01%,2.97%,121.71%,123.62%,1.08,2.29%,-0.35%,,,,,,,,,,,,
,,,,,,,,,,,,,,,,,,2019,7/9/2019,$                                                       56.53,,,,,,,,,,1.91%,$             56.53,1.08,71.91,35.83,47.17,57%,27%,1.50%,3.01%,2.97%,122.18%,124.09%,1.08,2.29%,-0.56%,,,,,,,,,,,,
,,,,,,,,,,,,,,,,,,2019,7/10/2019,$                                                        56.51,,,,,,,,,,1.91%,$              56.51,1.08,71.91,35.83,47.17,57%,27%,1.50%,3.01%,2.97%,122.26%,124.17%,1.08,2.29%,-0.60%,,,,,,,,,,,,
,,,,,,,,,,,,,,,,,,2019,7/11/2019,$                                                       56.36,,,,,,,,,,1.92%,$             56.36,1.08,71.91,35.83,47.17,57%,28%,1.50%,3.01%,2.98%,122.85%,124.77%,1.08,2.29%,-0.86%,,,,,,,,,,,,
,,,,,,,,,,,,,,,,,,2019,7/12/2019,$                                                       56.89,,,,,,,,,,1.90%,$             56.89,1.08,71.91,35.83,47.17,58%,26%,1.50%,3.01%,2.95%,120.78%,122.68%,1.08,2.29%,0.00%,,,,,,,,,,,,
,,,,,,,,,,,,,,,,,,2019,7/15/2019,$                                                       56.57,,,,,,,,,,1.91%,$             56.57,1.08,71.91,35.83,47.17,57%,27%,1.50%,3.01%,2.97%,122.03%,123.93%,1.08,2.29%,-0.56%,,,,,,,,,,,,
,,,,,,,,,,,,,,,,,,2019,7/16/2019,$                                                         56.11,,,,,,,,,,1.92%,$               56.11,1.08,71.91,35.83,47.17,56%,28%,1.50%,3.01%,2.99%,123.85%,125.77%,1.08,2.29%,-1.37%,,,,,,,,,,,,
,,,,,,,,,,,,,,,,,,2019,7/17/2019,$                                                       55.64,,,,,,,,,,1.94%,$             55.64,1.08,71.91,35.83,47.17,55%,29%,1.50%,3.01%,3.02%,125.74%,127.68%,1.08,2.29%,-2.20%,,,,,,,,,,,,
,,,,,,,,,,,,,,,,,,2019,7/18/2019,$                                                        56.13,,,,,,,,,,1.92%,$              56.13,1.08,71.91,35.83,47.17,56%,28%,1.50%,3.01%,2.99%,123.77%,125.69%,1.08,2.29%,-1.34%,,,,,,,,,,,,
,,,,,,,,,,,,,,,,,,2019,7/19/2019,$                                                       55.00,,,,,,,,,,1.96%,$             55.00,1.08,71.91,35.83,47.17,53%,31%,1.50%,3.01%,3.05%,128.36%,130.33%,1.08,2.29%,-3.32%,,,,,,,,,,,,
,,,,,,,,,,,,,,,,,,2019,7/22/2019,$                                                       55.06,,,,,,,,,,1.96%,$             55.06,1.08,71.91,35.83,47.17,53%,31%,1.50%,3.01%,3.05%,128.11%,130.08%,1.08,2.29%,-3.22%,,,,,,,,,,,,
,,,,,,,,,,,,,,,,,,2019,7/23/2019,$                                                        55.19,,,,,,,,,,1.96%,$              55.19,1.08,71.91,35.83,47.17,54%,30%,1.50%,3.01%,3.04%,127.58%,129.53%,1.08,2.29%,-2.99%,,,,,,,,,,,,
,,,,,,,,,,,,,,,,,,2019,7/24/2019,$                                                       53.92,,,,,,,,,,2.00%,$             53.92,1.08,71.91,35.83,47.17,50%,33%,1.50%,3.01%,3.12%,132.94%,134.94%,1.08,2.29%,-5.22%,,,,,,,,,,,,
,,,,,,,,,,,,,,,,,,2019,7/25/2019,$                                                       53.77,,,,,,,,,,2.01%,$             53.77,1.08,71.91,35.83,47.17,50%,34%,1.50%,3.01%,3.12%,133.59%,135.60%,1.08,2.29%,-5.48%,,,,,,,,,,,,
,,,,,,,,,,,,,,,,,,2019,7/26/2019,$                                                       53.89,,,,,,,,,,2.00%,$             53.89,1.08,71.91,35.83,47.17,50%,33%,1.50%,3.01%,3.12%,133.07%,135.07%,1.08,2.29%,-5.27%,,,,,,,,,,,,
,,,,,,,,,,,,,,,,,,2019,7/29/2019,$                                                       52.96,,,,,,,,,,2.04%,$             52.96,1.08,71.91,35.83,47.17,47%,36%,1.50%,3.01%,3.17%,137.16%,139.20%,1.08,2.29%,-6.91%,,,,,,,,,,,,
,,,,,,,,,,,,,,,,,,2019,7/30/2019,$                                                       52.88,,,,,,,,,,2.04%,$             52.88,1.08,71.91,35.83,47.17,47%,36%,1.50%,3.01%,3.18%,137.52%,139.56%,1.08,2.29%,-7.05%,,,,,,,,,,,,
,,,,,,,,,,,,,,,,,,2019,7/31/2019,$                                                       52.64,,,,,,,,,,2.05%,$             52.64,1.08,71.91,35.83,47.17,47%,37%,1.50%,3.01%,3.19%,138.60%,140.65%,1.08,2.29%,-7.47%,,,,,,,,,,,,
,,,,,,,,,,,,,,,,,,2019,8/1/2019,$                                                        52.31,,,,,,,,,,2.06%,$              52.31,1.08,71.91,35.83,47.17,46%,37%,1.50%,3.01%,3.21%,140.11%,142.17%,1.08,2.29%,-8.05%,,,,,,,,,,,,
,,,,,,,,,,,,,,,,,,2019,8/2/2019,$                                                       52.53,,,,,,,,,,2.06%,$             52.53,1.08,71.91,35.83,47.17,46%,37%,1.50%,3.01%,3.20%,139.10%,141.16%,1.08,2.29%,-7.66%,,,,,,,,,,,,
,,,,,,,,,,,,,,,,,,2019,8/5/2019,$                                                        51.36,,,,,,,,,,2.10%,$              51.36,1.08,71.91,35.83,47.17,43%,40%,1.50%,3.01%,3.27%,144.55%,146.65%,1.08,2.29%,-9.72%,,,,,,,,,,,,
,,,,,,,,,,,,,,,,,,2019,8/6/2019,$                                                       52.03,,,,,,,,,,2.08%,$             52.03,1.08,71.91,35.83,47.17,45%,38%,1.50%,3.01%,3.23%,141.40%,143.47%,1.08,2.29%,-8.54%,,,,,,,,,,,,
,,,,,,,,,,,,,,,,,,2019,8/7/2019,$                                                         52.11,,,,,,,,,,2.07%,$               52.11,1.08,71.91,35.83,47.17,45%,38%,1.50%,3.01%,3.22%,141.03%,143.10%,1.08,2.29%,-8.40%,,,,,,,,,,,,
,,,,,,,,,,,,,,,,,,2019,8/8/2019,$                                                       52.88,,,,,,,,,,2.04%,$             52.88,1.08,71.91,35.83,47.17,47%,36%,1.50%,3.01%,3.18%,137.52%,139.56%,1.08,2.29%,-7.05%,,,,,,,,,,,,
,,,,,,,,,,,,,,,,,,2019,8/9/2019,$                                                       52.88,,,,,,,,,,2.04%,$             52.88,1.08,71.91,35.83,47.17,47%,36%,1.50%,3.01%,3.18%,137.52%,139.56%,1.08,2.29%,-7.05%,,,,,,,,,,,,
,,,,,,,,,,,,,,,,,,2019,8/12/2019,$                                                       52.32,,,,,,,,,,2.06%,$             52.32,1.08,71.91,35.83,47.17,46%,37%,1.50%,3.01%,3.21%,140.06%,142.13%,1.08,2.29%,-8.03%,,,,,,,,,,,,
,,,,,,,,,,,,,,,,,,2019,8/13/2019,$                                                       52.92,,,,,,,,,,2.04%,$             52.92,1.08,71.91,35.83,47.17,47%,36%,1.50%,3.01%,3.17%,137.34%,139.38%,1.08,2.29%,-6.98%,,,,,,,,,,,,
,,,,,,,,,,,,,,,,,,2019,8/14/2019,$                                                        51.28,,,,,,,,,,2.11%,$              51.28,1.08,71.91,35.83,47.17,43%,40%,1.50%,3.01%,3.28%,144.93%,147.04%,1.08,2.29%,-9.86%,,,,,,,,,,,,
,,,,,,,,,,,,,,,,,,2019,8/15/2019,$                                                       52.07,,,,,,,,,,2.07%,$             52.07,1.08,71.91,35.83,47.17,45%,38%,1.50%,3.01%,3.23%,141.21%,143.29%,1.08,2.29%,-8.47%,,,,,,,,,,,,
,,,,,,,,,,,,,,,,,,2019,8/16/2019,$                                                       52.65,,,,,,,,,,2.05%,$             52.65,1.08,71.91,35.83,47.17,47%,37%,1.50%,3.01%,3.19%,138.56%,140.61%,1.08,2.29%,-7.45%,,,,,,,,,,,,
,,,,,,,,,,,,,,,,,,2019,8/19/2019,$                                                       52.68,,,,,,,,,,2.05%,$             52.68,1.08,71.91,35.83,47.17,47%,37%,1.50%,3.01%,3.19%,138.42%,140.47%,1.08,2.29%,-7.40%,,,,,,,,,,,,
,,,,,,,,,,,,,,,,,,2019,8/20/2019,$                                                        51.86,,,,,,,,,,2.08%,$              51.86,1.08,71.91,35.83,47.17,44%,39%,1.50%,3.01%,3.24%,142.19%,144.27%,1.08,2.29%,-8.84%,,,,,,,,,,,,
,,,,,,,,,,,,,,,,,,2019,8/21/2019,$                                                       48.98,,,,,,,,,,2.20%,$             48.98,1.08,71.91,35.83,47.17,36%,47%,1.50%,3.01%,3.43%,156.43%,158.64%,1.08,2.29%,-13.90%,,,,,,,,,,,,
,,,,,,,,,,,,,,,,,,2019,8/22/2019,$                                                        49.51,,,,,,,,,,2.18%,$              49.51,1.08,71.91,35.83,47.17,38%,45%,1.50%,3.01%,3.39%,153.69%,155.87%,1.08,2.29%,-12.97%,,,,,,,,,,,,
,,,,,,,,,,,,,,,,,,2019,8/23/2019,$                                                       48.36,,,,,,,,,,2.23%,$             48.36,1.08,71.91,35.83,47.17,35%,49%,1.50%,3.01%,3.47%,159.72%,161.95%,1.08,2.29%,-14.99%,,,,,,,,,,,,
,,,,,,,,,,,,,,,,,,2019,8/26/2019,$                                                       48.95,,,,,,,,,,2.21%,$             48.95,1.08,71.91,35.83,47.17,36%,47%,1.50%,3.01%,3.43%,156.59%,158.79%,1.08,2.29%,-13.96%,,,,,,,,,,,,
,,,,,,,,,,,,,,,,,,2019,8/27/2019,$                                                       48.98,,,,,,,,,,2.20%,$             48.98,1.08,71.91,35.83,47.17,36%,47%,1.50%,3.01%,3.43%,156.43%,158.64%,1.08,2.29%,-13.90%,,,,,,,,,,,,
,,,,,,,,,,,,,,,,,,2019,8/28/2019,$                                                        49.12,,,,,,,,,,2.20%,$              49.12,1.08,71.91,35.83,47.17,37%,46%,1.50%,3.01%,3.42%,155.70%,157.90%,1.08,2.29%,-13.66%,,,,,,,,,,,,
,,,,,,,,,,,,,,,,,,2019,8/29/2019,$                                                       49.60,,,,,,,,,,2.18%,$             49.60,1.08,71.91,35.83,47.17,38%,45%,1.50%,3.01%,3.39%,153.23%,155.40%,1.08,2.29%,-12.81%,,,,,,,,,,,,
,,,,,,,,,,,,,,,,,,2019,8/30/2019,$                                                        50.18,,,,,,,,,,2.15%,$              50.18,1.08,71.91,35.83,47.17,40%,43%,1.50%,3.01%,3.35%,150.30%,152.45%,1.08,2.29%,-11.79%,,,,,,,,,,,,
,,,,,,,,,,,,,,,,,,2019,9/3/2019,$                                                       50.38,,,,,,,,,,2.14%,$             50.38,1.08,71.91,35.83,47.17,40%,43%,1.50%,3.01%,3.33%,149.31%,151.45%,1.08,2.29%,-11.44%,,,,,,,,,,,,
,,,,,,,,,,,,,,,,,,2019,9/4/2019,$                                                       50.79,,,,,,,,,,2.13%,$             50.79,1.08,71.91,35.83,47.17,41%,42%,1.50%,3.01%,3.31%,147.29%,149.42%,1.08,2.29%,-10.72%,,,,,,,,,,,,
,,,,,,,,,,,,,,,,,,2019,9/5/2019,$                                                         51.13,,,,,,,,,,2.11%,$               51.13,1.08,71.91,35.83,47.17,42%,41%,1.50%,3.01%,3.29%,145.65%,147.76%,1.08,2.29%,-10.12%,,,,,,,,,,,,
,,,,,,,,,,,,,,,,,,2019,9/6/2019,$                                                        51.57,,,,,,,,,,2.09%,$              51.57,1.08,71.91,35.83,47.17,44%,39%,1.50%,3.01%,3.26%,143.55%,145.65%,1.08,2.29%,-9.35%,,,,,,,,,,,,
,,,,,,,,,,,,,,,,,,2019,9/9/2019,$                                                        51.08,,,,,,,,,,2.11%,$              51.08,1.08,71.91,35.83,47.17,42%,41%,1.50%,3.01%,3.29%,145.89%,148.00%,1.08,2.29%,-10.21%,,,,,,,,,,,,
,,,,,,,,,,,,,,,,,,2019,9/10/2019,$                                                       50.97,,,,,,,,,,2.12%,$             50.97,1.08,71.91,35.83,47.17,42%,41%,1.50%,3.01%,3.30%,146.42%,148.54%,1.08,2.29%,-10.41%,,,,,,,,,,,,
,,,,,,,,,,,,,,,,,,2019,9/11/2019,$                                                        51.40,,,,,,,,,,2.10%,$              51.40,1.08,71.91,35.83,47.17,43%,40%,1.50%,3.01%,3.27%,144.36%,146.46%,1.08,2.29%,-9.65%,,,,,,,,,,,,
,,,,,,,,,,,,,,,,,,2019,9/12/2019,$                                                        51.47,,,,,,,,,,2.10%,$              51.47,1.08,71.91,35.83,47.17,43%,40%,1.50%,3.01%,3.26%,144.03%,146.12%,1.08,2.29%,-9.53%,,,,,,,,,,,,
,,,,,,,,,,,,,,,,,,2019,9/13/2019,$                                                        51.77,,,,,,,,,,2.09%,$              51.77,1.08,71.91,35.83,47.17,44%,39%,1.50%,3.01%,3.25%,142.61%,144.70%,1.08,2.29%,-9.00%,,,,,,,,,,,,
,,,,,,,,,,,,,,,,,,2019,9/16/2019,$                                                         51.91,,,,,,,,,,2.08%,$               51.91,1.08,71.91,35.83,47.17,45%,39%,1.50%,3.01%,3.24%,141.96%,144.04%,1.08,2.29%,-8.75%,,,,,,,,,,,,
,,,,,,,,,,,,,,,,,,2019,9/17/2019,$                                                       52.44,,,,,,,,,,2.06%,$             52.44,1.08,71.91,35.83,47.17,46%,37%,1.50%,3.01%,3.20%,139.51%,141.57%,1.08,2.29%,-7.82%,,,,,,,,,,,,
,,,,,,,,,,,,,,,,,,2019,9/18/2019,$                                                        52.61,,,,,,,,,,2.05%,$              52.61,1.08,71.91,35.83,47.17,47%,37%,1.50%,3.01%,3.19%,138.74%,140.79%,1.08,2.29%,-7.52%,,,,,,,,,,,,
,,,,,,,,,,,,,,,,,,2019,9/19/2019,$                                                       52.56,,,,,,,,,,2.05%,$             52.56,1.08,71.91,35.83,47.17,46%,37%,1.50%,3.01%,3.20%,138.96%,141.02%,1.08,2.29%,-7.61%,,,,,,,,,,,,
,,,,,,,,,,,,,,,,,,2019,9/20/2019,$                                                        51.97,,,,,,,,,,2.08%,$              51.97,1.08,71.91,35.83,47.17,45%,38%,1.50%,3.01%,3.23%,141.68%,143.76%,1.08,2.29%,-8.65%,,,,,,,,,,,,
,,,,,,,,,,,,,,,,,,2019,9/23/2019,$                                                       52.35,,,,,,,,,,2.06%,$             52.35,1.08,71.91,35.83,47.17,46%,37%,1.50%,3.01%,3.21%,139.92%,141.99%,1.08,2.29%,-7.98%,,,,,,,,,,,,
,,,,,,,,,,,,,,,,,,2019,9/24/2019,$                                                       52.42,,,,,,,,,,2.06%,$             52.42,1.08,71.91,35.83,47.17,46%,37%,1.50%,3.01%,3.20%,139.60%,141.66%,1.08,2.29%,-7.86%,,,,,,,,,,,,
,,,,,,,,,,,,,,,,,,2019,9/25/2019,$                                                        52.17,,,,,,,,,,2.07%,$              52.17,1.08,71.91,35.83,47.17,45%,38%,1.50%,3.01%,3.22%,140.75%,142.82%,1.08,2.29%,-8.30%,,,,,,,,,,,,
,,,,,,,,,,,,,,,,,,2019,9/26/2019,$                                                         51.91,,,,,,,,,,2.08%,$               51.91,1.08,71.91,35.83,47.17,45%,39%,1.50%,3.01%,3.24%,141.96%,144.04%,1.08,2.29%,-8.75%,,,,,,,,,,,,
,,,,,,,,,,,,,,,,,,2019,9/27/2019,$                                                        51.89,,,,,,,,,,2.08%,$              51.89,1.08,71.91,35.83,47.17,45%,39%,1.50%,3.01%,3.24%,142.05%,144.13%,1.08,2.29%,-8.79%,,,,,,,,,,,,
,,,,,,,,,,,,,,,,,,2019,9/30/2019,$                                                       52.32,,,,,,,,,,2.06%,$             52.32,1.08,71.91,35.83,47.17,46%,37%,1.50%,3.01%,3.21%,140.06%,142.13%,1.08,2.29%,-8.03%,,,,,,,,,,,,
,,,,,,,,,,,,,,,,,,2019,10/1/2019,$                                                        51.54,,,,,,,,,,2.10%,$              51.54,1.08,71.91,35.83,47.17,44%,40%,1.50%,3.01%,3.26%,143.69%,145.79%,1.08,2.29%,-9.40%,,,,,,,,,,,,
,,,,,,,,,,,,,,,,,,2019,10/2/2019,$                                                       50.58,,,,,,,,,,2.14%,$             50.58,1.08,71.91,35.83,47.17,41%,42%,1.50%,3.01%,3.32%,148.32%,150.45%,1.08,2.29%,-11.09%,,,,,,,,,,,,
,,,,,,,,,,,,,,,,,,2019,10/3/2019,$                                                         51.18,,,,,,,,,,2.11%,$               51.18,1.08,71.91,35.83,47.17,43%,41%,1.50%,3.01%,3.28%,145.41%,147.52%,1.08,2.29%,-10.04%,,,,,,,,,,,,
,,,,,,,,,,,,,,,,,,2019,10/4/2019,$                                                        52.10,,,,,,,,,,2.07%,$              52.10,1.08,71.91,35.83,47.17,45%,38%,1.50%,3.01%,3.22%,141.07%,143.15%,1.08,2.29%,-8.42%,,,,,,,,,,,,
,,,,,,,,,,,,,,,,,,2019,10/7/2019,$                                                        51.95,,,,,,,,,,2.08%,$              51.95,1.08,71.91,35.83,47.17,45%,38%,1.50%,3.01%,3.23%,141.77%,143.85%,1.08,2.29%,-8.68%,,,,,,,,,,,,
,,,,,,,,,,,,,,,,,,2019,10/8/2019,$                                                        51.04,,,,,,,,,,2.12%,$              51.04,1.08,71.91,35.83,47.17,42%,41%,1.50%,3.01%,3.29%,146.08%,148.20%,1.08,2.29%,-10.28%,,,,,,,,,,,,
,,,,,,,,,,,,,,,,,,2019,10/9/2019,$                                                        51.50,,,,,,,,,,2.10%,$              51.50,1.08,71.91,35.83,47.17,43%,40%,1.50%,3.01%,3.26%,143.88%,145.98%,1.08,2.29%,-9.47%,,,,,,,,,,,,
,,,,,,,,,,,,,,,,,,2019,10/10/2019,$                                                       52.07,,,,,,,,,,2.07%,$             52.07,1.08,71.91,35.83,47.17,45%,38%,1.50%,3.01%,3.23%,141.21%,143.29%,1.08,2.29%,-8.47%,,,,,,,,,,,,
,,,,,,,,,,,,,,,,,,2019,10/11/2019,$                                                       52.44,,,,,,,,,,2.06%,$             52.44,1.08,71.91,35.83,47.17,46%,37%,1.50%,3.01%,3.20%,139.51%,141.57%,1.08,2.29%,-7.82%,,,,,,,,,,,,
,,,,,,,,,,,,,,,,,,2019,10/14/2019,$                                                        52.51,,,,,,,,,,2.06%,$              52.51,1.08,71.91,35.83,47.17,46%,37%,1.50%,3.01%,3.20%,139.19%,141.25%,1.08,2.29%,-7.70%,,,,,,,,,,,,
,,,,,,,,,,,,,,,,,,2019,10/15/2019,$                                                       52.83,,,,,,,,,,2.04%,$             52.83,1.08,71.91,35.83,47.17,47%,36%,1.50%,3.01%,3.18%,137.74%,139.79%,1.08,2.29%,-7.14%,,,,,,,,,,,,
,,,,,,,,,,,,,,,,,,2019,10/16/2019,$                                                       52.66,,,,,,,,,,2.05%,$             52.66,1.08,71.91,35.83,47.17,47%,37%,1.50%,3.01%,3.19%,138.51%,140.56%,1.08,2.29%,-7.44%,,,,,,,,,,,,
,,,,,,,,,,,,,,,,,,2019,10/17/2019,$                                                       52.65,,,,,,,,,,2.05%,$             52.65,1.08,71.91,35.83,47.17,47%,37%,1.50%,3.01%,3.19%,138.56%,140.61%,1.08,2.29%,-7.45%,,,,,,,,,,,,
,,,,,,,,,,,,,,,,,,2019,10/18/2019,$                                                        52.71,,,,,,,,,,2.05%,$              52.71,1.08,71.91,35.83,47.17,47%,36%,1.50%,3.01%,3.19%,138.28%,140.33%,1.08,2.29%,-7.35%,,,,,,,,,,,,
,,,,,,,,,,,,,,,,,,2019,10/21/2019,$                                                       52.90,,,,,,,,,,2.04%,$             52.90,1.08,71.91,35.83,47.17,47%,36%,1.50%,3.01%,3.18%,137.43%,139.47%,1.08,2.29%,-7.01%,,,,,,,,,,,,
,,,,,,,,,,,,,,,,,,2019,10/22/2019,$                                                       52.42,,,,,,,,,,2.06%,$             52.42,1.08,71.91,35.83,47.17,46%,37%,1.50%,3.01%,3.20%,139.60%,141.66%,1.08,2.29%,-7.86%,,,,,,,,,,,,
,,,,,,,,,,,,,,,,,,2019,10/23/2019,$                                                       52.47,,,,,,,,,,2.06%,$             52.47,1.08,71.91,35.83,47.17,46%,37%,1.50%,3.01%,3.20%,139.37%,141.43%,1.08,2.29%,-7.77%,,,,,,,,,,,,
,,,,,,,,,,,,,,,,,,2019,10/24/2019,$                                                       52.56,,,,,,,,,,2.05%,$             52.56,1.08,71.91,35.83,47.17,46%,37%,1.50%,3.01%,3.20%,138.96%,141.02%,1.08,2.29%,-7.61%,,,,,,,,,,,,
,,,,,,,,,,,,,,,,,,2019,10/25/2019,$                                                       53.26,,,,,,,,,,2.03%,$             53.26,1.08,71.91,35.83,47.17,48%,35%,1.50%,3.01%,3.15%,135.82%,137.85%,1.08,2.29%,-6.38%,,,,,,,,,,,,
,,,,,,,,,,,,,,,,,,2019,10/28/2019,$                                                        53.51,,,,,,,,,,2.02%,$              53.51,1.08,71.91,35.83,47.17,49%,34%,1.50%,3.01%,3.14%,134.72%,136.74%,1.08,2.29%,-5.94%,,,,,,,,,,,,
,,,,,,,,,,,,,,,,,,2019,10/29/2019,$                                                       53.58,,,,,,,,,,2.02%,$             53.58,1.08,71.91,35.83,47.17,49%,34%,1.50%,3.01%,3.14%,134.42%,136.43%,1.08,2.29%,-5.82%,,,,,,,,,,,,
,,,,,,,,,,,,,,,,,,2019,10/30/2019,$                                                       53.36,,,,,,,,,,2.02%,$             53.36,1.08,71.91,35.83,47.17,49%,35%,1.50%,3.01%,3.15%,135.38%,137.41%,1.08,2.29%,-6.20%,,,,,,,,,,,,
,,,,,,,,,,,,,,,,,,2019,10/31/2019,$                                                        53.16,,,,,,,,,,2.03%,$              53.16,1.08,71.91,35.83,47.17,48%,35%,1.50%,3.01%,3.16%,136.27%,138.30%,1.08,2.29%,-6.56%,,,,,,,,,,,,
,,,,,,,,,,,,,,,,,,2019,11/1/2019,$                                                        53.61,,,,,,,,,,2.01%,$              53.61,1.08,71.91,35.83,47.17,49%,34%,1.50%,3.01%,3.13%,134.28%,136.30%,1.08,2.29%,-5.77%,,,,,,,,,,,,
,,,,,,,,,,,,,,,,,,2019,11/4/2019,$                                                       53.45,,,,,,,,,,2.02%,$             53.45,1.08,71.91,35.83,47.17,49%,35%,1.50%,3.01%,3.14%,134.99%,137.01%,1.08,2.29%,-6.05%,,,,,,,,,,,,
,,,,,,,,,,,,,,,,,,2019,11/5/2019,$                                                       52.94,,,,,,,,,,2.04%,$             52.94,1.08,71.91,35.83,47.17,47%,36%,1.50%,3.01%,3.17%,137.25%,139.29%,1.08,2.29%,-6.94%,,,,,,,,,,,,
,,,,,,,,,,,,,,,,,,2019,11/6/2019,$                                                       53.70,,,,,,,,,,2.01%,$             53.70,1.08,71.91,35.83,47.17,50%,34%,1.50%,3.01%,3.13%,133.89%,135.90%,1.08,2.29%,-5.61%,,,,,,,,,,,,
,,,,,,,,,,,,,,,,,,2019,11/7/2019,$                                                        54.15,,,,,,,,,,1.99%,$              54.15,1.08,71.91,35.83,47.17,51%,33%,1.50%,3.01%,3.10%,131.95%,133.94%,1.08,2.29%,-4.82%,,,,,,,,,,,,
,,,,,,,,,,,,,,,,,,2019,11/8/2019,$                                                        54.14,,,,,,,,,,1.99%,$              54.14,1.08,71.91,35.83,47.17,51%,33%,1.50%,3.01%,3.10%,131.99%,133.99%,1.08,2.29%,-4.83%,,,,,,,,,,,,
,,,,,,,,,,,,,,,,,,2019,11/11/2019,$                                                       54.03,,,,,,,,,,2.00%,$             54.03,1.08,71.91,35.83,47.17,50%,33%,1.50%,3.01%,3.11%,132.46%,134.46%,1.08,2.29%,-5.03%,,,,,,,,,,,,
,,,,,,,,,,,,,,,,,,2019,11/12/2019,$                                                       53.97,,,,,,,,,,2.00%,$             53.97,1.08,71.91,35.83,47.17,50%,33%,1.50%,3.01%,3.11%,132.72%,134.72%,1.08,2.29%,-5.13%,,,,,,,,,,,,
,,,,,,,,,,,,,,,,,,2019,11/13/2019,$                                                        54.14,,,,,,,,,,1.99%,$              54.14,1.08,71.91,35.83,47.17,51%,33%,1.50%,3.01%,3.10%,131.99%,133.99%,1.08,2.29%,-4.83%,,,,,,,,,,,,
,,,,,,,,,,,,,,,,,,2019,11/14/2019,$                                                        54.18,,,,,,,,,,1.99%,$              54.18,1.08,71.91,35.83,47.17,51%,33%,1.50%,3.01%,3.10%,131.82%,133.81%,1.08,2.29%,-4.76%,,,,,,,,,,,,
,,,,,,,,,,,,,,,,,,2019,11/15/2019,$                                                       54.40,,,,,,,,,,1.99%,$             54.40,1.08,71.91,35.83,47.17,51%,32%,1.50%,3.01%,3.09%,130.88%,132.87%,1.08,2.29%,-4.38%,,,,,,,,,,,,
,,,,,,,,,,,,,,,,,,2019,11/18/2019,$                                                       54.39,,,,,,,,,,1.99%,$             54.39,1.08,71.91,35.83,47.17,51%,32%,1.50%,3.01%,3.09%,130.92%,132.91%,1.08,2.29%,-4.39%,,,,,,,,,,,,
,,,,,,,,,,,,,,,,,,2019,11/19/2019,$                                                       54.08,,,,,,,,,,2.00%,$             54.08,1.08,71.91,35.83,47.17,51%,33%,1.50%,3.01%,3.11%,132.25%,134.25%,1.08,2.29%,-4.94%,,,,,,,,,,,,
,,,,,,,,,,,,,,,,,,2019,11/20/2019,$                                                        54.13,,,,,,,,,,2.00%,$              54.13,1.08,71.91,35.83,47.17,51%,33%,1.50%,3.01%,3.10%,132.03%,134.03%,1.08,2.29%,-4.85%,,,,,,,,,,,,
,,,,,,,,,,,,,,,,,,2019,11/21/2019,$                                                       53.87,,,,,,,,,,2.00%,$             53.87,1.08,71.91,35.83,47.17,50%,33%,1.50%,3.01%,3.12%,133.15%,135.16%,1.08,2.29%,-5.31%,,,,,,,,,,,,
,,,,,,,,,,,,,,,,,,2019,11/22/2019,$                                                       53.99,,,,,,,,,,2.00%,$             53.99,1.08,71.91,35.83,47.17,50%,33%,1.50%,3.01%,3.11%,132.64%,134.64%,1.08,2.29%,-5.10%,,,,,,,,,,,,
,,,,,,,,,,,,,,,,,,2019,11/25/2019,$                                                       54.30,,,,,,,,,,1.99%,$             54.30,1.08,71.91,35.83,47.17,51%,32%,1.50%,3.01%,3.09%,131.31%,133.30%,1.08,2.29%,-4.55%,,,,,,,,,,,,
,,,,,,,,,,,,,,,,,,2019,11/26/2019,$                                                       54.73,,,,,,,,,,1.97%,$             54.73,1.08,71.91,35.83,47.17,52%,31%,1.50%,3.01%,3.07%,129.49%,131.46%,1.08,2.29%,-3.80%,,,,,,,,,,,,
,,,,,,,,,,,,,,,,,,2019,11/27/2019,$                                                       54.82,,,,,,,,,,1.97%,$             54.82,1.08,71.91,35.83,47.17,53%,31%,1.50%,3.01%,3.06%,129.11%,131.08%,1.08,2.29%,-3.64%,,,,,,,,,,,,
,,,,,,,,,,,,,,,,,,2019,11/29/2019,$                                                       54.84,,,,,,,,,,1.97%,$             54.84,1.08,71.91,35.83,47.17,53%,31%,1.50%,3.01%,3.06%,129.03%,131.00%,1.08,2.29%,-3.60%,,,,,,,,,,,,
,,,,,,,,,,,,,,,,,,2019,12/2/2019,$                                                       52.68,,,,,,,,,,2.05%,$             52.68,1.08,71.91,35.83,47.17,47%,37%,1.50%,3.01%,3.19%,138.42%,140.47%,1.08,2.29%,-7.40%,,,,,,,,,,,,
,,,,,,,,,,,,,,,,,,2019,12/3/2019,$                                                        51.73,,,,,,,,,,2.09%,$              51.73,1.08,71.91,35.83,47.17,44%,39%,1.50%,3.01%,3.25%,142.80%,144.89%,1.08,2.29%,-9.07%,,,,,,,,,,,,
,,,,,,,,,,,,,,,,,,2019,12/4/2019,$                                                       52.33,,,,,,,,,,2.06%,$             52.33,1.08,71.91,35.83,47.17,46%,37%,1.50%,3.01%,3.21%,140.02%,142.08%,1.08,2.29%,-8.02%,,,,,,,,,,,,
,,,,,,,,,,,,,,,,,,2019,12/5/2019,$                                                       52.72,,,,,,,,,,2.05%,$             52.72,1.08,71.91,35.83,47.17,47%,36%,1.50%,3.01%,3.19%,138.24%,140.29%,1.08,2.29%,-7.33%,,,,,,,,,,,,
,,,,,,,,,,,,,,,,,,2019,12/6/2019,$                                                       52.99,,,,,,,,,,2.04%,$             52.99,1.08,71.91,35.83,47.17,48%,36%,1.50%,3.01%,3.17%,137.03%,139.06%,1.08,2.29%,-6.86%,,,,,,,,,,,,
,,,,,,,,,,,,,,,,,,2019,12/9/2019,$                                                       53.05,,,,,,,,,,2.04%,$             53.05,1.08,71.91,35.83,47.17,48%,36%,1.50%,3.01%,3.17%,136.76%,138.79%,1.08,2.29%,-6.75%,,,,,,,,,,,,
,,,,,,,,,,,,,,,,,,2019,12/10/2019,$                                                        53.16,,,,,,,,,,2.03%,$              53.16,1.08,71.91,35.83,47.17,48%,35%,1.50%,3.01%,3.16%,136.27%,138.30%,1.08,2.29%,-6.56%,,,,,,,,,,,,
,,,,,,,,,,,,,,,,,,2019,12/11/2019,$                                                       53.05,,,,,,,,,,2.04%,$             53.05,1.08,71.91,35.83,47.17,48%,36%,1.50%,3.01%,3.17%,136.76%,138.79%,1.08,2.29%,-6.75%,,,,,,,,,,,,
,,,,,,,,,,,,,,,,,,2019,12/12/2019,$                                                       53.90,,,,,,,,,,2.00%,$             53.90,1.08,71.91,35.83,47.17,50%,33%,1.50%,3.01%,3.12%,133.02%,135.03%,1.08,2.29%,-5.26%,,,,,,,,,,,,
,,,,,,,,,,,,,,,,,,2019,12/13/2019,$                                                        53.17,,,,,,,,,,2.03%,$              53.17,1.08,71.91,35.83,47.17,48%,35%,1.50%,3.01%,3.16%,136.22%,138.25%,1.08,2.29%,-6.54%,,,,,,,,,,,,
,,,,,,,,,,,,,,,,,,2019,12/16/2019,$                                                       53.07,,,,,,,,,,2.04%,$             53.07,1.08,71.91,35.83,47.17,48%,36%,1.50%,3.01%,3.17%,136.67%,138.70%,1.08,2.29%,-6.71%,,,,,,,,,,,,
,,,,,,,,,,,,,,,,,,2019,12/17/2019,$                                                         53.11,,,,,,,,,,2.03%,$               53.11,1.08,71.91,35.83,47.17,48%,35%,1.50%,3.01%,3.16%,136.49%,138.52%,1.08,2.29%,-6.64%,,,,,,,,,,,,
,,,,,,,,,,,,,,,,,,2019,12/18/2019,$                                                        52.91,,,,,,,,,,2.04%,$              52.91,1.08,71.91,35.83,47.17,47%,36%,1.50%,3.01%,3.18%,137.38%,139.43%,1.08,2.29%,-7.00%,,,,,,,,,,,,
,,,,,,,,,,,,,,,,,,2019,12/19/2019,$                                                       52.99,,,,,,,,,,2.04%,$             52.99,1.08,71.91,35.83,47.17,48%,36%,1.50%,3.01%,3.17%,137.03%,139.06%,1.08,2.29%,-6.86%,,,,,,,,,,,,
,,,,,,,,,,,,,,,,,,2019,12/20/2019,$                                                        53.14,,,,,,,,,,2.03%,$              53.14,1.08,71.91,35.83,47.17,48%,35%,1.50%,3.01%,3.16%,136.36%,138.39%,1.08,2.29%,-6.59%,,,,,,,,,,,,
,,,,,,,,,,,,,,,,,,2019,12/23/2019,$                                                       52.54,,,,,,,,,,2.06%,$             52.54,1.08,71.91,35.83,47.17,46%,37%,1.50%,3.01%,3.20%,139.06%,141.11%,1.08,2.29%,-7.65%,,,,,,,,,,,,
,,,,,,,,,,,,,,,,,,2019,12/24/2019,$                                                       52.76,,,,,,,,,,2.05%,$             52.76,1.08,71.91,35.83,47.17,47%,36%,1.50%,3.01%,3.18%,138.06%,140.11%,1.08,2.29%,-7.26%,,,,,,,,,,,,
,,,,,,,,,,,,,,,,,,2019,12/26/2019,$                                                       52.62,,,,,,,,,,2.05%,$             52.62,1.08,71.91,35.83,47.17,47%,37%,1.50%,3.01%,3.19%,138.69%,140.74%,1.08,2.29%,-7.51%,,,,,,,,,,,,
,,,,,,,,,,,,,,,,,,2019,12/27/2019,$                                                       52.62,,,,,,,,,,2.05%,$             52.62,1.08,71.91,35.83,47.17,47%,37%,1.50%,3.01%,3.19%,138.69%,140.74%,1.08,2.29%,-7.51%,,,,,,,,,,,,
,,,,,,,,,,,,,,,,,,2019,12/30/2019,$                                                       52.74,,,,,,,,,,2.05%,$             52.74,1.08,71.91,35.83,47.17,47%,36%,1.50%,3.01%,3.19%,138.15%,140.20%,1.08,2.29%,-7.29%,,,,,,,,,,,,
,,,,,,,,,,,,,,,,,,2019,12/31/2019,$                                                       52.90,,,,,,,,,,2.04%,$             52.90,1.08,71.91,35.83,47.17,47%,36%,1.50%,3.01%,3.18%,137.43%,139.47%,1.08,2.29%,-7.01%,,,,,,,,,,,,
,,,,,,,,,,,,,,,,,,2020,1/2/2020,$                                                       53.35,,,,,,,,,,2.10%,$             53.35,1.12,74.57,37.16,48.92,43%,40%,1.50%,3.01%,3.15%,135.43%,135.43%,0,2.29%,-6.22%,,,,,,,,,,,,
,,,,,,,,,,,,,,,,,,2020,1/3/2020,$                                                       52.98,,,,,,,,,,2.11%,$             52.98,1.12,74.57,37.16,48.92,42%,41%,1.50%,3.01%,3.17%,137.07%,137.07%,0,2.29%,-6.87%,,,,,,,,,,,,
,,,,,,,,,,,,,,,,,,2020,1/6/2020,$                                                       52.83,,,,,,,,,,2.12%,$             52.83,1.12,74.57,37.16,48.92,42%,41%,1.50%,3.01%,3.18%,137.74%,137.74%,0,2.29%,-7.14%,,,,,,,,,,,,
,,,,,,,,,,,,,,,,,,2020,1/7/2020,$                                                       52.33,,,,,,,,,,2.14%,$             52.33,1.12,74.57,37.16,48.92,41%,43%,1.50%,3.01%,3.21%,140.02%,140.02%,0,2.29%,-8.02%,,,,,,,,,,,,
,,,,,,,,,,,,,,,,,,2020,1/8/2020,$                                                       52.49,,,,,,,,,,2.13%,$             52.49,1.12,74.57,37.16,48.92,41%,42%,1.50%,3.01%,3.20%,139.28%,139.28%,0,2.29%,-7.73%,,,,,,,,,,,,
,,,,,,,,,,,,,,,,,,2020,1/9/2020,$                                                       52.50,,,,,,,,,,2.13%,$             52.50,1.12,74.57,37.16,48.92,41%,42%,1.50%,3.01%,3.20%,139.24%,139.24%,0,2.29%,-7.72%,,,,,,,,,,,,
,,,,,,,,,,,,,,,,,,2020,1/10/2020,$                                                       52.07,,,,,,,,,,2.15%,$             52.07,1.12,74.57,37.16,48.92,40%,43%,1.50%,3.01%,3.23%,141.21%,141.21%,0,2.29%,-8.47%,,,,,,,,,,,,
,,,,,,,,,,,,,,,,,,2020,1/13/2020,$                                                       52.50,,,,,,,,,,2.13%,$             52.50,1.12,74.57,37.16,48.92,41%,42%,1.50%,3.01%,3.20%,139.24%,139.24%,0,2.29%,-7.72%,,,,,,,,,,,,
,,,,,,,,,,,,,,,,,,2020,1/14/2020,$                                                       52.20,,,,,,,,,,2.15%,$             52.20,1.12,74.57,37.16,48.92,40%,43%,1.50%,3.01%,3.22%,140.61%,140.61%,0,2.29%,-8.24%,,,,,,,,,,,,
,,,,,,,,,,,,,,,,,,2020,1/15/2020,$                                                       52.30,,,,,,,,,,2.14%,$             52.30,1.12,74.57,37.16,48.92,40%,43%,1.50%,3.01%,3.21%,140.15%,140.15%,0,2.29%,-8.07%,,,,,,,,,,,,
,,,,,,,,,,,,,,,,,,2020,1/16/2020,$                                                       52.79,,,,,,,,,,2.12%,$             52.79,1.12,74.57,37.16,48.92,42%,41%,1.50%,3.01%,3.18%,137.92%,137.92%,0,2.29%,-7.21%,,,,,,,,,,,,
,,,,,,,,,,,,,,,,,,2020,1/17/2020,$                                                       53.42,,,,,,,,,,2.10%,$             53.42,1.12,74.57,37.16,48.92,43%,40%,1.50%,3.01%,3.14%,135.12%,135.12%,0,2.29%,-6.10%,,,,,,,,,,,,
,,,,,,,,,,,,,,,,,,2020,1/21/2020,$                                                       52.84,,,,,,,,,,2.12%,$             52.84,1.12,74.57,37.16,48.92,42%,41%,1.50%,3.01%,3.18%,137.70%,137.70%,0,2.29%,-7.12%,,,,,,,,,,,,
,,,,,,,,,,,,,,,,,,2020,1/22/2020,$                                                       52.53,,,,,,,,,,2.13%,$             52.53,1.12,74.57,37.16,48.92,41%,42%,1.50%,3.01%,3.20%,139.10%,139.10%,0,2.29%,-7.66%,,,,,,,,,,,,
,,,,,,,,,,,,,,,,,,2020,1/23/2020,$                                                       52.56,,,,,,,,,,2.13%,$             52.56,1.12,74.57,37.16,48.92,41%,42%,1.50%,3.01%,3.20%,138.96%,138.96%,0,2.29%,-7.61%,,,,,,,,,,,,
,,,,,,,,,,,,,,,,,,2020,1/24/2020,$                                                       52.39,,,,,,,,,,2.14%,$             52.39,1.12,74.57,37.16,48.92,41%,42%,1.50%,3.01%,3.21%,139.74%,139.74%,0,2.29%,-7.91%,,,,,,,,,,,,
,,,,,,,,,,,,,,,,,,2020,1/27/2020,$                                                        51.83,,,,,,,,,,2.16%,$              51.83,1.12,74.57,37.16,48.92,39%,44%,1.50%,3.01%,3.24%,142.33%,142.33%,0,2.29%,-8.89%,,,,,,,,,,,,
,,,,,,,,,,,,,,,,,,2020,1/28/2020,$                                                       52.37,,,,,,,,,,2.14%,$             52.37,1.12,74.57,37.16,48.92,41%,42%,1.50%,3.01%,3.21%,139.83%,139.83%,0,2.29%,-7.95%,,,,,,,,,,,,
,,,,,,,,,,,,,,,,,,2020,1/29/2020,$                                                       52.38,,,,,,,,,,2.14%,$             52.38,1.12,74.57,37.16,48.92,41%,42%,1.50%,3.01%,3.21%,139.79%,139.79%,0,2.29%,-7.93%,,,,,,,,,,,,
,,,,,,,,,,,,,,,,,,2020,1/30/2020,$                                                       53.04,,,,,,,,,,2.11%,$             53.04,1.12,74.57,37.16,48.92,42%,41%,1.50%,3.01%,3.17%,136.80%,136.80%,0,2.29%,-6.77%,,,,,,,,,,,,
,,,,,,,,,,,,,,,,,,2020,1/31/2020,$                                                        51.57,,,,,,,,,,2.17%,$              51.57,1.12,74.57,37.16,48.92,39%,45%,1.50%,3.01%,3.26%,143.55%,143.55%,0,2.29%,-9.35%,,,,,,,,,,,,
,,,,,,,,,,,,,,,,,,2020,2/3/2020,$                                                        52.01,,,,,,,,,,2.15%,$              52.01,1.12,74.57,37.16,48.92,40%,43%,1.50%,3.01%,3.23%,141.49%,141.49%,0,2.29%,-8.58%,,,,,,,,,,,,
,,,,,,,,,,,,,,,,,,2020,2/4/2020,$                                                        52.17,,,,,,,,,,2.15%,$              52.17,1.12,74.57,37.16,48.92,40%,43%,1.50%,3.01%,3.22%,140.75%,140.75%,0,2.29%,-8.30%,,,,,,,,,,,,
,,,,,,,,,,,,,,,,,,2020,2/5/2020,$                                                       53.28,,,,,,,,,,2.10%,$             53.28,1.12,74.57,37.16,48.92,43%,40%,1.50%,3.01%,3.15%,135.74%,135.74%,0,2.29%,-6.35%,,,,,,,,,,,,
,,,,,,,,,,,,,,,,,,2020,2/6/2020,$                                                       52.74,,,,,,,,,,2.12%,$             52.74,1.12,74.57,37.16,48.92,42%,41%,1.50%,3.01%,3.19%,138.15%,138.15%,0,2.29%,-7.29%,,,,,,,,,,,,
,,,,,,,,,,,,,,,,,,2020,2/7/2020,$                                                       52.93,,,,,,,,,,2.12%,$             52.93,1.12,74.57,37.16,48.92,42%,41%,1.50%,3.01%,3.17%,137.29%,137.29%,0,2.29%,-6.96%,,,,,,,,,,,,
,,,,,,,,,,,,,,,,,,2020,2/10/2020,$                                                       52.74,,,,,,,,,,2.12%,$             52.74,1.12,74.57,37.16,48.92,42%,41%,1.50%,3.01%,3.19%,138.15%,138.15%,0,2.29%,-7.29%,,,,,,,,,,,,
,,,,,,,,,,,,,,,,,,2020,2/11/2020,$                                                       52.94,,,,,,,,,,2.12%,$             52.94,1.12,74.57,37.16,48.92,42%,41%,1.50%,3.01%,3.17%,137.25%,137.25%,0,2.29%,-6.94%,,,,,,,,,,,,
,,,,,,,,,,,,,,,,,,2020,2/12/2020,$                                                       52.40,,,,,,,,,,2.14%,$             52.40,1.12,74.57,37.16,48.92,41%,42%,1.50%,3.01%,3.21%,139.69%,139.69%,0,2.29%,-7.89%,,,,,,,,,,,,
,,,,,,,,,,,,,,,,,,2020,2/13/2020,$                                                       52.46,,,,,,,,,,2.13%,$             52.46,1.12,74.57,37.16,48.92,41%,42%,1.50%,3.01%,3.20%,139.42%,139.42%,0,2.29%,-7.79%,,,,,,,,,,,,
,,,,,,,,,,,,,,,,,,2020,2/14/2020,$                                                        52.81,,,,,,,,,,2.12%,$              52.81,1.12,74.57,37.16,48.92,42%,41%,1.50%,3.01%,3.18%,137.83%,137.83%,0,2.29%,-7.17%,,,,,,,,,,,,
,,,,,,,,,,,,,,,,,,2020,2/18/2020,$                                                        51.88,,,,,,,,,,2.16%,$              51.88,1.12,74.57,37.16,48.92,39%,44%,1.50%,3.01%,3.24%,142.10%,142.10%,0,2.29%,-8.81%,,,,,,,,,,,,
,,,,,,,,,,,,,,,,,,2020,2/19/2020,$                                                        51.55,,,,,,,,,,2.17%,$              51.55,1.12,74.57,37.16,48.92,38%,45%,1.50%,3.01%,3.26%,143.65%,143.65%,0,2.29%,-9.39%,,,,,,,,,,,,
,,,,,,,,,,,,,,,,,,2020,2/20/2020,$                                                        51.49,,,,,,,,,,2.18%,$              51.49,1.12,74.57,37.16,48.92,38%,45%,1.50%,3.01%,3.26%,143.93%,143.93%,0,2.29%,-9.49%,,,,,,,,,,,,
,,,,,,,,,,,,,,,,,,2020,2/21/2020,$                                                        51.53,,,,,,,,,,2.17%,$              51.53,1.12,74.57,37.16,48.92,38%,45%,1.50%,3.01%,3.26%,143.74%,143.74%,0,2.29%,-9.42%,,,,,,,,,,,,
,,,,,,,,,,,,,,,,,,2020,2/24/2020,$                                                       49.23,,,,,,,,,,2.28%,$             49.23,1.12,74.57,37.16,48.92,32%,51%,1.50%,3.01%,3.41%,155.13%,155.13%,0,2.29%,-13.46%,,,,,,,,,,,,
,,,,,,,,,,,,,,,,,,2020,2/25/2020,$                                                       47.70,,,,,,,,,,2.35%,$             47.70,1.12,74.57,37.16,48.92,28%,56%,1.50%,3.01%,3.52%,163.31%,163.31%,0,2.29%,-16.15%,,,,,,,,,,,,
,,,,,,,,,,,,,,,,,,2020,2/26/2020,$                                                       46.55,,,,,,,,,,2.41%,$             46.55,1.12,74.57,37.16,48.92,25%,60%,1.50%,3.01%,3.61%,169.82%,169.82%,0,2.29%,-18.18%,,,,,,,,,,,,
,,,,,,,,,,,,,,,,,,2020,2/27/2020,$                                                       44.40,,,,,,,,,,2.52%,$             44.40,1.12,74.57,37.16,48.92,19%,68%,1.50%,3.01%,3.78%,182.88%,182.88%,0,2.29%,-21.95%,,,,,,,,,,,,
,,,,,,,,,,,,,,,,,,2020,2/28/2020,$                                                       42.85,,,,,,,,,,2.61%,$             42.85,1.12,74.57,37.16,48.92,15%,74%,1.50%,3.01%,3.92%,193.12%,193.12%,0,2.29%,-24.68%,,,,,,,,,,,,
,,,,,,,,,,,,,,,,,,2020,3/2/2020,$                                                       45.29,,,,,,,,,,2.47%,$             45.29,1.12,74.57,37.16,48.92,22%,65%,1.50%,3.01%,3.71%,177.32%,177.32%,0,2.29%,-20.39%,,,,,,,,,,,,
,,,,,,,,,,,,,,,,,,2020,3/3/2020,$                                                       43.33,,,,,,,,,,2.58%,$             43.33,1.12,74.57,37.16,48.92,16%,72%,1.50%,3.01%,3.88%,189.87%,189.87%,0,2.29%,-23.84%,,,,,,,,,,,,
,,,,,,,,,,,,,,,,,,2020,3/4/2020,$                                                       44.55,,,,,,,,,,2.51%,$             44.55,1.12,74.57,37.16,48.92,20%,67%,1.50%,3.01%,3.77%,181.93%,181.93%,0,2.29%,-21.69%,,,,,,,,,,,,
,,,,,,,,,,,,,,,,,,2020,3/5/2020,$                                                        41.58,,,,,,,,,,2.69%,$              41.58,1.12,74.57,37.16,48.92,12%,79%,1.50%,3.01%,4.04%,202.07%,202.07%,0,2.29%,-26.91%,,,,,,,,,,,,
,,,,,,,,,,,,,,,,,,2020,3/6/2020,$                                                       40.78,,,,,,,,,,2.75%,$             40.78,1.12,74.57,37.16,48.92,10%,83%,1.50%,3.01%,4.12%,207.99%,207.99%,0,2.29%,-28.32%,,,,,,,,,,,,
,,,,,,,,,,,,,,,,,,2020,3/9/2020,$                                                       37.59,,,,,,,,,,2.98%,$             37.59,1.12,74.57,37.16,48.92,1%,98%,1.50%,3.01%,4.47%,234.13%,234.13%,0,2.29%,-33.93%,,,,,,,,,,,,
,,,,,,,,,,,,,,,,,,2020,3/10/2020,$                                                       39.22,,,,,,,,,,2.86%,$             39.22,1.12,74.57,37.16,48.92,6%,90%,1.50%,3.01%,4.28%,220.24%,220.24%,0,2.29%,-31.06%,,,,,,,,,,,,
,,,,,,,,,,,,,,,,,,2020,3/11/2020,$                                                       36.94,,,,,,,,,,3.03%,$             36.94,1.12,74.57,37.16,48.92,-1%,102%,1.50%,3.01%,4.55%,240.01%,240.01%,0,2.29%,-35.07%,,,,,,,,,,,,
,,,,,,,,,,,,,,,,,,2020,3/12/2020,$                                                        31.42,,,,,,,,,,3.56%,$              31.42,1.12,74.57,37.16,48.92,-15%,137%,1.50%,3.01%,5.35%,299.75%,299.75%,0,2.29%,-44.77%,,,,,,,,,,,,
,,,,,,,,,,,,,,,,,,2020,3/13/2020,$                                                       34.69,,,,,,,,,,3.23%,$             34.69,1.12,74.57,37.16,48.92,-7%,115%,1.50%,3.01%,4.84%,262.06%,262.06%,0,2.29%,-39.02%,,,,,,,,,,,,
,,,,,,,,,,,,,,,,,,2020,3/16/2020,$                                                       28.99,,,,,,,,,,3.86%,$             28.99,1.12,74.57,37.16,48.92,-22%,157%,1.50%,3.01%,5.80%,333.25%,333.25%,0,2.29%,-49.04%,,,,,,,,,,,,
,,,,,,,,,,,,,,,,,,2020,3/17/2020,$                                                        30.15,,,,,,,,,,3.71%,$              30.15,1.12,74.57,37.16,48.92,-19%,147%,1.50%,3.01%,5.57%,316.58%,316.58%,0,2.29%,-47.00%,,,,,,,,,,,,
,,,,,,,,,,,,,,,,,,2020,3/18/2020,$                                                       25.27,,,,,,,,,,4.43%,$             25.27,1.12,74.57,37.16,48.92,-32%,195%,1.50%,3.01%,6.65%,397.03%,397.03%,0,2.29%,-55.58%,,,,,,,,,,,,
,,,,,,,,,,,,,,,,,,2020,3/19/2020,$                                                       26.90,,,,,,,,,,4.16%,$             26.90,1.12,74.57,37.16,48.92,-27%,177%,1.50%,3.01%,6.25%,366.91%,366.91%,0,2.29%,-52.72%,,,,,,,,,,,,
,,,,,,,,,,,,,,,,,,2020,3/20/2020,$                                                       26.73,,,,,,,,,,4.19%,$             26.73,1.12,74.57,37.16,48.92,-28%,179%,1.50%,3.01%,6.29%,369.88%,369.88%,0,2.29%,-53.01%,,,,,,,,,,,,
,,,,,,,,,,,,,,,,,,2020,3/23/2020,$                                                       25.69,,,,,,,,,,4.36%,$             25.69,1.12,74.57,37.16,48.92,-31%,190%,1.50%,3.01%,6.54%,388.91%,388.91%,0,2.29%,-54.84%,,,,,,,,,,,,
,,,,,,,,,,,,,,,,,,2020,3/24/2020,$                                                         29.11,,,,,,,,,,3.85%,$               29.11,1.12,74.57,37.16,48.92,-22%,156%,1.50%,3.01%,5.77%,331.47%,331.47%,0,2.29%,-48.83%,,,,,,,,,,,,
,,,,,,,,,,,,,,,,,,2020,3/25/2020,$                                                       36.73,,,,,,,,,,3.05%,$             36.73,1.12,74.57,37.16,48.92,-1%,103%,1.50%,3.01%,4.57%,241.95%,241.95%,0,2.29%,-35.44%,,,,,,,,,,,,
,,,,,,,,,,,,,,,,,,2020,3/26/2020,$                                                       35.77,,,,,,,,,,3.13%,$             35.77,1.12,74.57,37.16,48.92,-4%,108%,1.50%,3.01%,4.70%,251.13%,251.13%,0,2.29%,-37.12%,,,,,,,,,,,,
,,,,,,,,,,,,,,,,,,2020,3/27/2020,$                                                       35.40,,,,,,,,,,3.16%,$             35.40,1.12,74.57,37.16,48.92,-5%,111%,1.50%,3.01%,4.75%,254.80%,254.80%,0,2.29%,-37.77%,,,,,,,,,,,,
,,,,,,,,,,,,,,,,,,2020,3/30/2020,$                                                       36.26,,,,,,,,,,3.09%,$             36.26,1.12,74.57,37.16,48.92,-2%,106%,1.50%,3.01%,4.63%,246.39%,246.39%,0,2.29%,-36.26%,,,,,,,,,,,,
,,,,,,,,,,,,,,,,,,2020,3/31/2020,$                                                       34.24,,,,,,,,,,3.27%,$             34.24,1.12,74.57,37.16,48.92,-8%,118%,1.50%,3.01%,4.91%,266.82%,266.82%,0,2.29%,-39.81%,,,,,,,,,,,,
,,,,,,,,,,,,,,,,,,2020,4/1/2020,$                                                        31.90,,,,,,,,,,3.51%,$              31.90,1.12,74.57,37.16,48.92,-14%,134%,1.50%,3.01%,5.27%,293.73%,293.73%,0,2.29%,-43.93%,,,,,,,,,,,,
,,,,,,,,,,,,,,,,,,2020,4/2/2020,$                                                        31.83,,,,,,,,,,3.52%,$              31.83,1.12,74.57,37.16,48.92,-14%,134%,1.50%,3.01%,5.28%,294.60%,294.60%,0,2.29%,-44.05%,,,,,,,,,,,,
,,,,,,,,,,,,,,,,,,2020,4/3/2020,$                                                        32.41,,,,,,,,,,3.46%,$              32.41,1.12,74.57,37.16,48.92,-13%,130%,1.50%,3.01%,5.18%,287.53%,287.53%,0,2.29%,-43.03%,,,,,,,,,,,,
,,,,,,,,,,,,,,,,,,2020,4/6/2020,$                                                       35.22,,,,,,,,,,3.18%,$             35.22,1.12,74.57,37.16,48.92,-5%,112%,1.50%,3.01%,4.77%,256.62%,256.62%,0,2.29%,-38.09%,,,,,,,,,,,,
,,,,,,,,,,,,,,,,,,2020,4/7/2020,$                                                        35.71,,,,,,,,,,3.14%,$              35.71,1.12,74.57,37.16,48.92,-4%,109%,1.50%,3.01%,4.70%,251.72%,251.72%,0,2.29%,-37.23%,,,,,,,,,,,,
,,,,,,,,,,,,,,,,,,2020,4/8/2020,$                                                       37.77,,,,,,,,,,2.97%,$             37.77,1.12,74.57,37.16,48.92,2%,97%,1.50%,3.01%,4.45%,232.54%,232.54%,0,2.29%,-33.61%,,,,,,,,,,,,
,,,,,,,,,,,,,,,,,,2020,4/9/2020,$                                                       38.08,,,,,,,,,,2.94%,$             38.08,1.12,74.57,37.16,48.92,2%,96%,1.50%,3.01%,4.41%,229.83%,229.83%,0,2.29%,-33.06%,,,,,,,,,,,,
,,,,,,,,,,,,,,,,,,2020,4/13/2020,$                                                       37.28,,,,,,,,,,3.00%,$             37.28,1.12,74.57,37.16,48.92,0%,100%,1.50%,3.01%,4.51%,236.91%,236.91%,0,2.29%,-34.47%,,,,,,,,,,,,
,,,,,,,,,,,,,,,,,,2020,4/14/2020,$                                                       37.78,,,,,,,,,,2.96%,$             37.78,1.12,74.57,37.16,48.92,2%,97%,1.50%,3.01%,4.45%,232.45%,232.45%,0,2.29%,-33.59%,,,,,,,,,,,,
,,,,,,,,,,,,,,,,,,2020,4/15/2020,$                                                       35.75,,,,,,,,,,3.13%,$             35.75,1.12,74.57,37.16,48.92,-4%,109%,1.50%,3.01%,4.70%,251.33%,251.33%,0,2.29%,-37.16%,,,,,,,,,,,,
,,,,,,,,,,,,,,,,,,2020,4/16/2020,$                                                       35.04,,,,,,,,,,3.20%,$             35.04,1.12,74.57,37.16,48.92,-6%,113%,1.50%,3.01%,4.79%,258.45%,258.45%,0,2.29%,-38.41%,,,,,,,,,,,,
,,,,,,,,,,,,,,,,,,2020,4/17/2020,$                                                       36.48,,,,,,,,,,3.07%,$             36.48,1.12,74.57,37.16,48.92,-2%,104%,1.50%,3.01%,4.61%,244.30%,244.30%,0,2.29%,-35.88%,,,,,,,,,,,,
,,,,,,,,,,,,,,,,,,2020,4/20/2020,$                                                        36.15,,,,,,,,,,3.10%,$              36.15,1.12,74.57,37.16,48.92,-3%,106%,1.50%,3.01%,4.65%,247.44%,247.44%,0,2.29%,-36.46%,,,,,,,,,,,,
,,,,,,,,,,,,,,,,,,2020,4/21/2020,$                                                       34.59,,,,,,,,,,3.24%,$             34.59,1.12,74.57,37.16,48.92,-7%,116%,1.50%,3.01%,4.86%,263.11%,263.11%,0,2.29%,-39.20%,,,,,,,,,,,,
,,,,,,,,,,,,,,,,,,2020,4/22/2020,$                                                       35.47,,,,,,,,,,3.16%,$             35.47,1.12,74.57,37.16,48.92,-5%,110%,1.50%,3.01%,4.74%,254.10%,254.10%,0,2.29%,-37.65%,,,,,,,,,,,,
,,,,,,,,,,,,,,,,,,2020,4/23/2020,$                                                       35.04,,,,,,,,,,3.20%,$             35.04,1.12,74.57,37.16,48.92,-6%,113%,1.50%,3.01%,4.79%,258.45%,258.45%,0,2.29%,-38.41%,,,,,,,,,,,,
,,,,,,,,,,,,,,,,,,2020,4/24/2020,$                                                       36.29,,,,,,,,,,3.09%,$             36.29,1.12,74.57,37.16,48.92,-2%,105%,1.50%,3.01%,4.63%,246.10%,246.10%,0,2.29%,-36.21%,,,,,,,,,,,,
,,,,,,,,,,,,,,,,,,2020,4/27/2020,$                                                       37.27,,,,,,,,,,3.01%,$             37.27,1.12,74.57,37.16,48.92,0%,100%,1.50%,3.01%,4.51%,237.00%,237.00%,0,2.29%,-34.49%,,,,,,,,,,,,
,,,,,,,,,,,,,,,,,,2020,4/28/2020,$                                                       37.79,,,,,,,,,,2.96%,$             37.79,1.12,74.57,37.16,48.92,2%,97%,1.50%,3.01%,4.45%,232.36%,232.36%,0,2.29%,-33.57%,,,,,,,,,,,,
,,,,,,,,,,,,,,,,,,2020,4/29/2020,$                                                        39.19,,,,,,,,,,2.86%,$              39.19,1.12,74.57,37.16,48.92,5%,90%,1.50%,3.01%,4.29%,220.49%,220.49%,0,2.29%,-31.11%,,,,,,,,,,,,
,,,,,,,,,,,,,,,,,,2020,4/30/2020,$                                                       37.24,,,,,,,,,,3.01%,$             37.24,1.12,74.57,37.16,48.92,0%,100%,1.50%,3.01%,4.51%,237.27%,237.27%,0,2.29%,-34.54%,,,,,,,,,,,,
,,,,,,,,,,,,,,,,,,2020,5/1/2020,$                                                       36.62,,,,,,,,,,3.06%,$             36.62,1.12,74.57,37.16,48.92,-1%,104%,1.50%,3.01%,4.59%,242.98%,242.98%,0,2.29%,-35.63%,,,,,,,,,,,,
,,,,,,,,,,,,,,,,,,2020,5/4/2020,$                                                       35.75,,,,,,,,,,3.13%,$             35.75,1.12,74.57,37.16,48.92,-4%,109%,1.50%,3.01%,4.70%,251.33%,251.33%,0,2.29%,-37.16%,,,,,,,,,,,,
,,,,,,,,,,,,,,,,,,2020,5/5/2020,$                                                       35.92,,,,,,,,,,3.12%,$             35.92,1.12,74.57,37.16,48.92,-3%,108%,1.50%,3.01%,4.68%,249.67%,249.67%,0,2.29%,-36.86%,,,,,,,,,,,,
,,,,,,,,,,,,,,,,,,2020,5/6/2020,$                                                       34.28,,,,,,,,,,3.27%,$             34.28,1.12,74.57,37.16,48.92,-8%,118%,1.50%,3.01%,4.90%,266.39%,266.39%,0,2.29%,-39.74%,,,,,,,,,,,,
,,,,,,,,,,,,,,,,,,2020,5/7/2020,$                                                       35.87,,,,,,,,,,3.12%,$             35.87,1.12,74.57,37.16,48.92,-3%,108%,1.50%,3.01%,4.68%,250.15%,250.15%,0,2.29%,-36.95%,,,,,,,,,,,,
,,,,,,,,,,,,,,,,,,2020,5/8/2020,$                                                       36.26,,,,,,,,,,3.09%,$             36.26,1.12,74.57,37.16,48.92,-2%,106%,1.50%,3.01%,4.63%,246.39%,246.39%,0,2.29%,-36.26%,,,,,,,,,,,,
,,,,,,,,,,,,,,,,,,2020,5/11/2020,$                                                        35.41,,,,,,,,,,3.16%,$              35.41,1.12,74.57,37.16,48.92,-5%,111%,1.50%,3.01%,4.74%,254.70%,254.70%,0,2.29%,-37.76%,,,,,,,,,,,,
,,,,,,,,,,,,,,,,,,2020,5/12/2020,$                                                       33.65,,,,,,,,,,3.33%,$             33.65,1.12,74.57,37.16,48.92,-9%,122%,1.50%,3.01%,4.99%,273.25%,273.25%,0,2.29%,-40.85%,,,,,,,,,,,,
,,,,,,,,,,,,,,,,,,2020,5/13/2020,$                                                        31.99,,,,,,,,,,3.50%,$              31.99,1.12,74.57,37.16,48.92,-14%,133%,1.50%,3.01%,5.25%,292.62%,292.62%,0,2.29%,-43.77%,,,,,,,,,,,,
,,,,,,,,,,,,,,,,,,2020,5/14/2020,$                                                       32.76,,,,,,,,,,3.42%,$             32.76,1.12,74.57,37.16,48.92,-12%,128%,1.50%,3.01%,5.13%,283.39%,283.39%,0,2.29%,-42.42%,,,,,,,,,,,,
,,,,,,,,,,,,,,,,,,2020,5/15/2020,$                                                       32.99,,,,,,,,,,3.39%,$             32.99,1.12,74.57,37.16,48.92,-11%,126%,1.50%,3.01%,5.09%,280.72%,280.72%,0,2.29%,-42.01%,,,,,,,,,,,,
,,,,,,,,,,,,,,,,,,2020,5/18/2020,$                                                       34.75,,,,,,,,,,3.22%,$             34.75,1.12,74.57,37.16,48.92,-6%,115%,1.50%,3.01%,4.83%,261.44%,261.44%,0,2.29%,-38.92%,,,,,,,,,,,,
,,,,,,,,,,,,,,,,,,2020,5/19/2020,$                                                       33.63,,,,,,,,,,3.33%,$             33.63,1.12,74.57,37.16,48.92,-9%,122%,1.50%,3.01%,5.00%,273.48%,273.48%,0,2.29%,-40.89%,,,,,,,,,,,,
,,,,,,,,,,,,,,,,,,2020,5/20/2020,$                                                       34.80,,,,,,,,,,3.22%,$             34.80,1.12,74.57,37.16,48.92,-6%,114%,1.50%,3.01%,4.83%,260.92%,260.92%,0,2.29%,-38.83%,,,,,,,,,,,,
,,,,,,,,,,,,,,,,,,2020,5/21/2020,$                                                       34.85,,,,,,,,,,3.21%,$             34.85,1.12,74.57,37.16,48.92,-6%,114%,1.50%,3.01%,4.82%,260.40%,260.40%,0,2.29%,-38.74%,,,,,,,,,,,,
,,,,,,,,,,,,,,,,,,2020,5/22/2020,$                                                       34.70,,,,,,,,,,3.23%,$             34.70,1.12,74.57,37.16,48.92,-7%,115%,1.50%,3.01%,4.84%,261.96%,261.96%,0,2.29%,-39.01%,,,,,,,,,,,,
,,,,,,,,,,,,,,,,,,2020,5/26/2020,$                                                       36.23,,,,,,,,,,3.09%,$             36.23,1.12,74.57,37.16,48.92,-2%,106%,1.50%,3.01%,4.64%,246.67%,246.67%,0,2.29%,-36.32%,,,,,,,,,,,,
,,,,,,,,,,,,,,,,,,2020,5/27/2020,$                                                        37.17,,,,,,,,,,3.01%,$              37.17,1.12,74.57,37.16,48.92,0%,101%,1.50%,3.01%,4.52%,237.91%,237.91%,0,2.29%,-34.66%,,,,,,,,,,,,
,,,,,,,,,,,,,,,,,,2020,5/28/2020,$                                                       36.63,,,,,,,,,,3.06%,$             36.63,1.12,74.57,37.16,48.92,-1%,104%,1.50%,3.01%,4.59%,242.89%,242.89%,0,2.29%,-35.61%,,,,,,,,,,,,
,,,,,,,,,,,,,,,,,,2020,5/29/2020,$                                                       36.47,,,,,,,,,,3.07%,$             36.47,1.12,74.57,37.16,48.92,-2%,104%,1.50%,3.01%,4.61%,244.39%,244.39%,0,2.29%,-35.89%,,,,,,,,,,,,
,,,,,,,,,,,,,,,,,,2020,6/1/2020,$                                                       36.97,,,,,,,,,,3.03%,$             36.97,1.12,74.57,37.16,48.92,-1%,102%,1.50%,3.01%,4.54%,239.73%,239.73%,0,2.29%,-35.01%,,,,,,,,,,,,
,,,,,,,,,,,,,,,,,,2020,6/2/2020,$                                                       37.24,,,,,,,,,,3.01%,$             37.24,1.12,74.57,37.16,48.92,0%,100%,1.50%,3.01%,4.51%,237.27%,237.27%,0,2.29%,-34.54%,,,,,,,,,,,,
,,,,,,,,,,,,,,,,,,2020,6/3/2020,$                                                        38.21,,,,,,,,,,2.93%,$              38.21,1.12,74.57,37.16,48.92,3%,95%,1.50%,3.01%,4.40%,228.71%,228.71%,0,2.29%,-32.84%,,,,,,,,,,,,
,,,,,,,,,,,,,,,,,,2020,6/4/2020,$                                                       39.33,,,,,,,,,,2.85%,$             39.33,1.12,74.57,37.16,48.92,6%,90%,1.50%,3.01%,4.27%,219.35%,219.35%,0,2.29%,-30.87%,,,,,,,,,,,,
,,,,,,,,,,,,,,,,,,2020,6/5/2020,$                                                       40.53,,,,,,,,,,2.76%,$             40.53,1.12,74.57,37.16,48.92,9%,84%,1.50%,3.01%,4.15%,209.89%,209.89%,0,2.29%,-28.76%,,,,,,,,,,,,
,,,,,,,,,,,,,,,,,,2020,6/8/2020,$                                                        42.10,,,,,,,,,,2.66%,$              42.10,1.12,74.57,37.16,48.92,13%,77%,1.50%,3.01%,3.99%,198.34%,198.34%,0,2.29%,-26.00%,,,,,,,,,,,,
,,,,,,,,,,,,,,,,,,2020,6/9/2020,$                                                       40.20,,,,,,,,,,2.79%,$             40.20,1.12,74.57,37.16,48.92,8%,86%,1.50%,3.01%,4.18%,212.44%,212.44%,0,2.29%,-29.34%,,,,,,,,,,,,
,,,,,,,,,,,,,,,,,,2020,6/10/2020,$                                                       39.09,,,,,,,,,,2.87%,$             39.09,1.12,74.57,37.16,48.92,5%,91%,1.50%,3.01%,4.30%,221.31%,221.31%,0,2.29%,-31.29%,,,,,,,,,,,,
,,,,,,,,,,,,,,,,,,2020,6/11/2020,$                                                       35.66,,,,,,,,,,3.14%,$             35.66,1.12,74.57,37.16,48.92,-4%,109%,1.50%,3.01%,4.71%,252.22%,252.22%,0,2.29%,-37.32%,,,,,,,,,,,,
,,,,,,,,,,,,,,,,,,2020,6/12/2020,$                                                       36.64,,,,,,,,,,3.06%,$             36.64,1.12,74.57,37.16,48.92,-1%,104%,1.50%,3.01%,4.59%,242.79%,242.79%,0,2.29%,-35.60%,,,,,,,,,,,,
,,,,,,,,,,,,,,,,,,2020,6/15/2020,$                                                        37.12,,,,,,,,,,3.02%,$              37.12,1.12,74.57,37.16,48.92,0%,101%,1.50%,3.01%,4.53%,238.36%,238.36%,0,2.29%,-34.75%,,,,,,,,,,,,
,,,,,,,,,,,,,,,,,,2020,6/16/2020,$                                                       37.35,,,,,,,,,,3.00%,$             37.35,1.12,74.57,37.16,48.92,1%,100%,1.50%,3.01%,4.50%,236.28%,236.28%,0,2.29%,-34.35%,,,,,,,,,,,,
,,,,,,,,,,,,,,,,,,2020,6/17/2020,$                                                       36.79,,,,,,,,,,3.04%,$             36.79,1.12,74.57,37.16,48.92,-1%,103%,1.50%,3.01%,4.57%,241.40%,241.40%,0,2.29%,-35.33%,,,,,,,,,,,,
,,,,,,,,,,,,,,,,,,2020,6/18/2020,$                                                         37.11,,,,,,,,,,3.02%,$               37.11,1.12,74.57,37.16,48.92,0%,101%,1.50%,3.01%,4.53%,238.45%,238.45%,0,2.29%,-34.77%,,,,,,,,,,,,
,,,,,,,,,,,,,,,,,,2020,6/19/2020,$                                                       36.60,,,,,,,,,,3.06%,$             36.60,1.12,74.57,37.16,48.92,-1%,104%,1.50%,3.01%,4.59%,243.17%,243.17%,0,2.29%,-35.67%,,,,,,,,,,,,
,,,,,,,,,,,,,,,,,,2020,6/22/2020,$                                                       36.46,,,,,,,,,,3.07%,$             36.46,1.12,74.57,37.16,48.92,-2%,105%,1.50%,3.01%,4.61%,244.49%,244.49%,0,2.29%,-35.91%,,,,,,,,,,,,
,,,,,,,,,,,,,,,,,,2020,6/23/2020,$                                                       36.39,,,,,,,,,,3.08%,$             36.39,1.12,74.57,37.16,48.92,-2%,105%,1.50%,3.01%,4.62%,245.15%,245.15%,0,2.29%,-36.03%,,,,,,,,,,,,
,,,,,,,,,,,,,,,,,,2020,6/24/2020,$                                                        35.17,,,,,,,,,,3.18%,$              35.17,1.12,74.57,37.16,48.92,-5%,112%,1.50%,3.01%,4.78%,257.12%,257.12%,0,2.29%,-38.18%,,,,,,,,,,,,
,,,,,,,,,,,,,,,,,,2020,6/25/2020,$                                                       35.83,,,,,,,,,,3.13%,$             35.83,1.12,74.57,37.16,48.92,-4%,108%,1.50%,3.01%,4.69%,250.54%,250.54%,0,2.29%,-37.02%,,,,,,,,,,,,
,,,,,,,,,,,,,,,,,,2020,6/26/2020,$                                                       34.68,,,,,,,,,,3.23%,$             34.68,1.12,74.57,37.16,48.92,-7%,115%,1.50%,3.01%,4.84%,262.17%,262.17%,0,2.29%,-39.04%,,,,,,,,,,,,
,,,,,,,,,,,,,,,,,,2020,6/29/2020,$                                                       35.43,,,,,,,,,,3.16%,$             35.43,1.12,74.57,37.16,48.92,-5%,110%,1.50%,3.01%,4.74%,254.50%,254.50%,0,2.29%,-37.72%,,,,,,,,,,,,
,,,,,,,,,,,,,,,,,,2020,6/30/2020,$                                                       36.03,,,,,,,,,,3.11%,$             36.03,1.12,74.57,37.16,48.92,-3%,107%,1.50%,3.01%,4.66%,248.60%,248.60%,0,2.29%,-36.67%,,,,,,,,,,,,
,,,,,,,,,,,,,,,,,,2020,7/1/2020,$                                                       35.39,,,,,,,,,,3.16%,$             35.39,1.12,74.57,37.16,48.92,-5%,111%,1.50%,3.01%,4.75%,254.90%,254.90%,0,2.29%,-37.79%,,,,,,,,,,,,
,,,,,,,,,,,,,,,,,,2020,7/2/2020,$                                                       35.26,,,,,,,,,,3.18%,$             35.26,1.12,74.57,37.16,48.92,-5%,111%,1.50%,3.01%,4.76%,256.21%,256.21%,0,2.29%,-38.02%,,,,,,,,,,,,
,,,,,,,,,,,,,,,,,,2020,7/6/2020,$                                                       36.02,,,,,,,,,,3.11%,$             36.02,1.12,74.57,37.16,48.92,-3%,107%,1.50%,3.01%,4.66%,248.70%,248.70%,0,2.29%,-36.68%,,,,,,,,,,,,
,,,,,,,,,,,,,,,,,,2020,7/7/2020,$                                                       34.62,,,,,,,,,,3.24%,$             34.62,1.12,74.57,37.16,48.92,-7%,115%,1.50%,3.01%,4.85%,262.80%,262.80%,0,2.29%,-39.15%,,,,,,,,,,,,
,,,,,,,,,,,,,,,,,,2020,7/8/2020,$                                                       35.40,,,,,,,,,,3.16%,$             35.40,1.12,74.57,37.16,48.92,-5%,111%,1.50%,3.01%,4.75%,254.80%,254.80%,0,2.29%,-37.77%,,,,,,,,,,,,
,,,,,,,,,,,,,,,,,,2020,7/9/2020,$                                                       33.97,,,,,,,,,,3.30%,$             33.97,1.12,74.57,37.16,48.92,-9%,120%,1.50%,3.01%,4.95%,269.74%,269.74%,0,2.29%,-40.29%,,,,,,,,,,,,
,,,,,,,,,,,,,,,,,,2020,7/10/2020,$                                                       34.87,,,,,,,,,,3.21%,$             34.87,1.12,74.57,37.16,48.92,-6%,114%,1.50%,3.01%,4.82%,260.20%,260.20%,0,2.29%,-38.71%,,,,,,,,,,,,
,,,,,,,,,,,,,,,,,,2020,7/13/2020,$                                                       34.88,,,,,,,,,,3.21%,$             34.88,1.12,74.57,37.16,48.92,-6%,114%,1.50%,3.01%,4.82%,260.09%,260.09%,0,2.29%,-38.69%,,,,,,,,,,,,
,,,,,,,,,,,,,,,,,,2020,7/14/2020,$                                                       35.65,,,,,,,,,,3.14%,$             35.65,1.12,74.57,37.16,48.92,-4%,109%,1.50%,3.01%,4.71%,252.31%,252.31%,0,2.29%,-37.34%,,,,,,,,,,,,
,,,,,,,,,,,,,,,,,,2020,7/15/2020,$                                                       36.28,,,,,,,,,,3.09%,$             36.28,1.12,74.57,37.16,48.92,-2%,106%,1.50%,3.01%,4.63%,246.20%,246.20%,0,2.29%,-36.23%,,,,,,,,,,,,
,,,,,,,,,,,,,,,,,,2020,7/16/2020,$                                                       36.37,,,,,,,,,,3.08%,$             36.37,1.12,74.57,37.16,48.92,-2%,105%,1.50%,3.01%,4.62%,245.34%,245.34%,0,2.29%,-36.07%,,,,,,,,,,,,
,,,,,,,,,,,,,,,,,,2020,7/17/2020,$                                                       36.22,,,,,,,,,,3.09%,$             36.22,1.12,74.57,37.16,48.92,-3%,106%,1.50%,3.01%,4.64%,246.77%,246.77%,0,2.29%,-36.33%,,,,,,,,,,,,
,,,,,,,,,,,,,,,,,,2020,7/20/2020,$                                                       35.98,,,,,,,,,,3.11%,$             35.98,1.12,74.57,37.16,48.92,-3%,107%,1.50%,3.01%,4.67%,249.08%,249.08%,0,2.29%,-36.76%,,,,,,,,,,,,
,,,,,,,,,,,,,,,,,,2020,7/21/2020,$                                                        36.51,,,,,,,,,,3.07%,$              36.51,1.12,74.57,37.16,48.92,-2%,104%,1.50%,3.01%,4.60%,244.02%,244.02%,0,2.29%,-35.82%,,,,,,,,,,,,
,,,,,,,,,,,,,,,,,,2020,7/22/2020,$                                                       36.66,,,,,,,,,,3.06%,$             36.66,1.12,74.57,37.16,48.92,-1%,103%,1.50%,3.01%,4.58%,242.61%,242.61%,0,2.29%,-35.56%,,,,,,,,,,,,
,,,,,,,,,,,,,,,,,,2020,7/23/2020,$                                                       36.99,,,,,,,,,,3.03%,$             36.99,1.12,74.57,37.16,48.92,0%,102%,1.50%,3.01%,4.54%,239.55%,239.55%,0,2.29%,-34.98%,,,,,,,,,,,,
,,,,,,,,,,,,,,,,,,2020,7/24/2020,$                                                       36.77,,,,,,,,,,3.05%,$             36.77,1.12,74.57,37.16,48.92,-1%,103%,1.50%,3.01%,4.57%,241.58%,241.58%,0,2.29%,-35.37%,,,,,,,,,,,,
,,,,,,,,,,,,,,,,,,2020,7/27/2020,$                                                       36.43,,,,,,,,,,3.07%,$             36.43,1.12,74.57,37.16,48.92,-2%,105%,1.50%,3.01%,4.61%,244.77%,244.77%,0,2.29%,-35.96%,,,,,,,,,,,,
,,,,,,,,,,,,,,,,,,2020,7/28/2020,$                                                       36.29,,,,,,,,,,3.09%,$             36.29,1.12,74.57,37.16,48.92,-2%,105%,1.50%,3.01%,4.63%,246.10%,246.10%,0,2.29%,-36.21%,,,,,,,,,,,,
,,,,,,,,,,,,,,,,,,2020,7/29/2020,$                                                       36.50,,,,,,,,,,3.07%,$             36.50,1.12,74.57,37.16,48.92,-2%,104%,1.50%,3.01%,4.60%,244.11%,244.11%,0,2.29%,-35.84%,,,,,,,,,,,,
,,,,,,,,,,,,,,,,,,2020,7/30/2020,$                                                       35.29,,,,,,,,,,3.17%,$             35.29,1.12,74.57,37.16,48.92,-5%,111%,1.50%,3.01%,4.76%,255.91%,255.91%,0,2.29%,-37.97%,,,,,,,,,,,,
,,,,,,,,,,,,,,,,,,2020,7/31/2020,$                                                       35.57,,,,,,,,,,3.15%,$             35.57,1.12,74.57,37.16,48.92,-4%,110%,1.50%,3.01%,4.72%,253.11%,253.11%,0,2.29%,-37.48%,,,,,,,,,,,,
,,,,,,,,,,,,,,,,,,2020,8/3/2020,$                                                       35.36,,,,,,,,,,3.17%,$             35.36,1.12,74.57,37.16,48.92,-5%,111%,1.50%,3.01%,4.75%,255.20%,255.20%,0,2.29%,-37.84%,,,,,,,,,,,,
,,,,,,,,,,,,,,,,,,2020,8/4/2020,$                                                       35.06,,,,,,,,,,3.19%,$             35.06,1.12,74.57,37.16,48.92,-6%,113%,1.50%,3.01%,4.79%,258.24%,258.24%,0,2.29%,-38.37%,,,,,,,,,,,,
,,,,,,,,,,,,,,,,,,2020,8/5/2020,$                                                       35.55,,,,,,,,,,3.15%,$             35.55,1.12,74.57,37.16,48.92,-4%,110%,1.50%,3.01%,4.73%,253.31%,253.31%,0,2.29%,-37.51%,,,,,,,,,,,,
,,,,,,,,,,,,,,,,,,2020,8/6/2020,$                                                        35.41,,,,,,,,,,3.16%,$              35.41,1.12,74.57,37.16,48.92,-5%,111%,1.50%,3.01%,4.74%,254.70%,254.70%,0,2.29%,-37.76%,,,,,,,,,,,,
,,,,,,,,,,,,,,,,,,2020,8/7/2020,$                                                       36.52,,,,,,,,,,3.07%,$             36.52,1.12,74.57,37.16,48.92,-2%,104%,1.50%,3.01%,4.60%,243.92%,243.92%,0,2.29%,-35.81%,,,,,,,,,,,,
,,,,,,,,,,,,,,,,,,2020,8/10/2020,$                                                       37.47,,,,,,,,,,2.99%,$             37.47,1.12,74.57,37.16,48.92,1%,99%,1.50%,3.01%,4.48%,235.20%,235.20%,0,2.29%,-34.14%,,,,,,,,,,,,
,,,,,,,,,,,,,,,,,,2020,8/11/2020,$                                                       38.03,,,,,,,,,,2.95%,$             38.03,1.12,74.57,37.16,48.92,2%,96%,1.50%,3.01%,4.42%,230.27%,230.27%,0,2.29%,-33.15%,,,,,,,,,,,,
,,,,,,,,,,,,,,,,,,2020,8/12/2020,$                                                       37.62,,,,,,,,,,2.98%,$             37.62,1.12,74.57,37.16,48.92,1%,98%,1.50%,3.01%,4.47%,233.86%,233.86%,0,2.29%,-33.87%,,,,,,,,,,,,
,,,,,,,,,,,,,,,,,,2020,8/13/2020,$                                                       37.75,,,,,,,,,,2.97%,$             37.75,1.12,74.57,37.16,48.92,2%,98%,1.50%,3.01%,4.45%,232.72%,232.72%,0,2.29%,-33.64%,,,,,,,,,,,,
,,,,,,,,,,,,,,,,,,2020,8/14/2020,$                                                       38.07,,,,,,,,,,2.94%,$             38.07,1.12,74.57,37.16,48.92,2%,96%,1.50%,3.01%,4.41%,229.92%,229.92%,0,2.29%,-33.08%,,,,,,,,,,,,
,,,,,,,,,,,,,,,,,,2020,8/17/2020,$                                                       37.46,,,,,,,,,,2.99%,$             37.46,1.12,74.57,37.16,48.92,1%,99%,1.50%,3.01%,4.48%,235.29%,235.29%,0,2.29%,-34.15%,,,,,,,,,,,,
,,,,,,,,,,,,,,,,,,2020,8/18/2020,$                                                        37.14,,,,,,,,,,3.02%,$              37.14,1.12,74.57,37.16,48.92,0%,101%,1.50%,3.01%,4.52%,238.18%,238.18%,0,2.29%,-34.72%,,,,,,,,,,,,
,,,,,,,,,,,,,,,,,,2020,8/19/2020,$                                                       37.03,,,,,,,,,,3.02%,$             37.03,1.12,74.57,37.16,48.92,0%,101%,1.50%,3.01%,4.54%,239.18%,239.18%,0,2.29%,-34.91%,,,,,,,,,,,,
,,,,,,,,,,,,,,,,,,2020,8/20/2020,$                                                       36.66,,,,,,,,,,3.06%,$             36.66,1.12,74.57,37.16,48.92,-1%,103%,1.50%,3.01%,4.58%,242.61%,242.61%,0,2.29%,-35.56%,,,,,,,,,,,,
,,,,,,,,,,,,,,,,,,2020,8/21/2020,$                                                       36.42,,,,,,,,,,3.08%,$             36.42,1.12,74.57,37.16,48.92,-2%,105%,1.50%,3.01%,4.61%,244.87%,244.87%,0,2.29%,-35.98%,,,,,,,,,,,,
,,,,,,,,,,,,,,,,,,2020,8/24/2020,$                                                       37.38,,,,,,,,,,3.00%,$             37.38,1.12,74.57,37.16,48.92,1%,100%,1.50%,3.01%,4.49%,236.01%,236.01%,0,2.29%,-34.29%,,,,,,,,,,,,
,,,,,,,,,,,,,,,,,,2020,8/25/2020,$                                                        37.10,,,,,,,,,,3.02%,$              37.10,1.12,74.57,37.16,48.92,0%,101%,1.50%,3.01%,4.53%,238.54%,238.54%,0,2.29%,-34.79%,,,,,,,,,,,,
,,,,,,,,,,,,,,,,,,2020,8/26/2020,$                                                       36.45,,,,,,,,,,3.07%,$             36.45,1.12,74.57,37.16,48.92,-2%,105%,1.50%,3.01%,4.61%,244.58%,244.58%,0,2.29%,-35.93%,,,,,,,,,,,,
,,,,,,,,,,,,,,,,,,2020,8/27/2020,$                                                       36.88,,,,,,,,,,3.04%,$             36.88,1.12,74.57,37.16,48.92,-1%,102%,1.50%,3.01%,4.56%,240.56%,240.56%,0,2.29%,-35.17%,,,,,,,,,,,,
,,,,,,,,,,,,,,,,,,2020,8/28/2020,$                                                        37.13,,,,,,,,,,3.02%,$              37.13,1.12,74.57,37.16,48.92,0%,101%,1.50%,3.01%,4.52%,238.27%,238.27%,0,2.29%,-34.73%,,,,,,,,,,,,
,,,,,,,,,,,,,,,,,,2020,8/31/2020,$                                                       36.32,,,,,,,,,,3.08%,$             36.32,1.12,74.57,37.16,48.92,-2%,105%,1.50%,3.01%,4.63%,245.81%,245.81%,0,2.29%,-36.16%,,,,,,,,,,,,
,,,,,,,,,,,,,,,,,,2020,9/1/2020,$                                                       36.70,,,,,,,,,,3.05%,$             36.70,1.12,74.57,37.16,48.92,-1%,103%,1.50%,3.01%,4.58%,242.23%,242.23%,0,2.29%,-35.49%,,,,,,,,,,,,
,,,,,,,,,,,,,,,,,,2020,9/2/2020,$                                                       36.90,,,,,,,,,,3.04%,$             36.90,1.12,74.57,37.16,48.92,-1%,102%,1.50%,3.01%,4.55%,240.38%,240.38%,0,2.29%,-35.14%,,,,,,,,,,,,
,,,,,,,,,,,,,,,,,,2020,9/3/2020,$                                                       36.94,,,,,,,,,,3.03%,$             36.94,1.12,74.57,37.16,48.92,-1%,102%,1.50%,3.01%,4.55%,240.01%,240.01%,0,2.29%,-35.07%,,,,,,,,,,,,
,,,,,,,,,,,,,,,,,,2020,9/4/2020,$                                                       37.86,,,,,,,,,,2.96%,$             37.86,1.12,74.57,37.16,48.92,2%,97%,1.50%,3.01%,4.44%,231.75%,231.75%,0,2.29%,-33.45%,,,,,,,,,,,,
,,,,,,,,,,,,,,,,,,2020,9/8/2020,$                                                       36.94,,,,,,,,,,3.03%,$             36.94,1.12,74.57,37.16,48.92,-1%,102%,1.50%,3.01%,4.55%,240.01%,240.01%,0,2.29%,-35.07%,,,,,,,,,,,,
,,,,,,,,,,,,,,,,,,2020,9/9/2020,$                                                       37.04,,,,,,,,,,3.02%,$             37.04,1.12,74.57,37.16,48.92,0%,101%,1.50%,3.01%,4.54%,239.09%,239.09%,0,2.29%,-34.89%,,,,,,,,,,,,
,,,,,,,,,,,,,,,,,,2020,9/10/2020,$                                                        36.21,,,,,,,,,,3.09%,$              36.21,1.12,74.57,37.16,48.92,-3%,106%,1.50%,3.01%,4.64%,246.87%,246.87%,0,2.29%,-36.35%,,,,,,,,,,,,
,,,,,,,,,,,,,,,,,,2020,9/11/2020,$                                                       36.39,,,,,,,,,,3.08%,$             36.39,1.12,74.57,37.16,48.92,-2%,105%,1.50%,3.01%,4.62%,245.15%,245.15%,0,2.29%,-36.03%,,,,,,,,,,,,
,,,,,,,,,,,,,,,,,,2020,9/14/2020,$                                                       37.07,,,,,,,,,,3.02%,$             37.07,1.12,74.57,37.16,48.92,0%,101%,1.50%,3.01%,4.53%,238.82%,238.82%,0,2.29%,-34.84%,,,,,,,,,,,,
,,,,,,,,,,,,,,,,,,2020,9/15/2020,$                                                       36.69,,,,,,,,,,3.05%,$             36.69,1.12,74.57,37.16,48.92,-1%,103%,1.50%,3.01%,4.58%,242.33%,242.33%,0,2.29%,-35.51%,,,,,,,,,,,,
,,,,,,,,,,,,,,,,,,2020,9/16/2020,$                                                        37.21,,,,,,,,,,3.01%,$              37.21,1.12,74.57,37.16,48.92,0%,100%,1.50%,3.01%,4.51%,237.54%,237.54%,0,2.29%,-34.59%,,,,,,,,,,,,
,,,,,,,,,,,,,,,,,,2020,9/17/2020,$                                                       37.62,,,,,,,,,,2.98%,$             37.62,1.12,74.57,37.16,48.92,1%,98%,1.50%,3.01%,4.47%,233.86%,233.86%,0,2.29%,-33.87%,,,,,,,,,,,,
,,,,,,,,,,,,,,,,,,2020,9/18/2020,$                                                       37.80,,,,,,,,,,2.96%,$             37.80,1.12,74.57,37.16,48.92,2%,97%,1.50%,3.01%,4.44%,232.28%,232.28%,0,2.29%,-33.56%,,,,,,,,,,,,
,,,,,,,,,,,,,,,,,,2020,9/21/2020,$                                                        36.41,,,,,,,,,,3.08%,$              36.41,1.12,74.57,37.16,48.92,-2%,105%,1.50%,3.01%,4.61%,244.96%,244.96%,0,2.29%,-36.00%,,,,,,,,,,,,
,,,,,,,,,,,,,,,,,,2020,9/22/2020,$                                                       36.37,,,,,,,,,,3.08%,$             36.37,1.12,74.57,37.16,48.92,-2%,105%,1.50%,3.01%,4.62%,245.34%,245.34%,0,2.29%,-36.07%,,,,,,,,,,,,
,,,,,,,,,,,,,,,,,,2020,9/23/2020,$                                                       35.62,,,,,,,,,,3.14%,$             35.62,1.12,74.57,37.16,48.92,-4%,109%,1.50%,3.01%,4.72%,252.61%,252.61%,0,2.29%,-37.39%,,,,,,,,,,,,
,,,,,,,,,,,,,,,,,,2020,9/24/2020,$                                                       35.67,,,,,,,,,,3.14%,$             35.67,1.12,74.57,37.16,48.92,-4%,109%,1.50%,3.01%,4.71%,252.12%,252.12%,0,2.29%,-37.30%,,,,,,,,,,,,
,,,,,,,,,,,,,,,,,,2020,9/25/2020,$                                                       35.73,,,,,,,,,,3.13%,$             35.73,1.12,74.57,37.16,48.92,-4%,109%,1.50%,3.01%,4.70%,251.53%,251.53%,0,2.29%,-37.19%,,,,,,,,,,,,
,,,,,,,,,,,,,,,,,,2020,9/28/2020,$                                                       36.33,,,,,,,,,,3.08%,$             36.33,1.12,74.57,37.16,48.92,-2%,105%,1.50%,3.01%,4.62%,245.72%,245.72%,0,2.29%,-36.14%,,,,,,,,,,,,
,,,,,,,,,,,,,,,,,,2020,9/29/2020,$                                                       36.02,,,,,,,,,,3.11%,$             36.02,1.12,74.57,37.16,48.92,-3%,107%,1.50%,3.01%,4.66%,248.70%,248.70%,0,2.29%,-36.68%,,,,,,,,,,,,
,,,,,,,,,,,,,,,,,,2020,9/30/2020,$                                                       36.35,,,,,,,,,,3.08%,$             36.35,1.12,74.57,37.16,48.92,-2%,105%,1.50%,3.01%,4.62%,245.53%,245.53%,0,2.29%,-36.10%,,,,,,,,,,,,
,,,,,,,,,,,,,,,,,,2020,10/1/2020,$                                                       36.39,,,,,,,,,,3.08%,$             36.39,1.12,74.57,37.16,48.92,-2%,105%,1.50%,3.01%,4.62%,245.15%,245.15%,0,2.29%,-36.03%,,,,,,,,,,,,
,,,,,,,,,,,,,,,,,,2020,10/2/2020,$                                                       36.88,,,,,,,,,,3.04%,$             36.88,1.12,74.57,37.16,48.92,-1%,102%,1.50%,3.01%,4.56%,240.56%,240.56%,0,2.29%,-35.17%,,,,,,,,,,,,
,,,,,,,,,,,,,,,,,,2020,10/5/2020,$                                                       37.43,,,,,,,,,,2.99%,$             37.43,1.12,74.57,37.16,48.92,1%,99%,1.50%,3.01%,4.49%,235.56%,235.56%,0,2.29%,-34.21%,,,,,,,,,,,,
,,,,,,,,,,,,,,,,,,2020,10/6/2020,$                                                       37.37,,,,,,,,,,3.00%,$             37.37,1.12,74.57,37.16,48.92,1%,100%,1.50%,3.01%,4.50%,236.10%,236.10%,0,2.29%,-34.31%,,,,,,,,,,,,
,,,,,,,,,,,,,,,,,,2020,10/7/2020,$                                                        37.91,,,,,,,,,,2.95%,$              37.91,1.12,74.57,37.16,48.92,2%,97%,1.50%,3.01%,4.43%,231.31%,231.31%,0,2.29%,-33.36%,,,,,,,,,,,,
,,,,,,,,,,,,,,,,,,2020,10/8/2020,$                                                       38.24,,,,,,,,,,2.93%,$             38.24,1.12,74.57,37.16,48.92,3%,95%,1.50%,3.01%,4.39%,228.45%,228.45%,0,2.29%,-32.78%,,,,,,,,,,,,
,,,,,,,,,,,,,,,,,,2020,10/9/2020,$                                                        38.10,,,,,,,,,,2.94%,$              38.10,1.12,74.57,37.16,48.92,3%,96%,1.50%,3.01%,4.41%,229.66%,229.66%,0,2.29%,-33.03%,,,,,,,,,,,,
,,,,,,,,,,,,,,,,,,2020,10/12/2020,$                                                       38.40,,,,,,,,,,2.92%,$             38.40,1.12,74.57,37.16,48.92,3%,94%,1.50%,3.01%,4.38%,227.08%,227.08%,0,2.29%,-32.50%,,,,,,,,,,,,
,,,,,,,,,,,,,,,,,,2020,10/13/2020,$                                                        37.21,,,,,,,,,,3.01%,$              37.21,1.12,74.57,37.16,48.92,0%,100%,1.50%,3.01%,4.51%,237.54%,237.54%,0,2.29%,-34.59%,,,,,,,,,,,,
,,,,,,,,,,,,,,,,,,2020,10/14/2020,$                                                       36.98,,,,,,,,,,3.03%,$             36.98,1.12,74.57,37.16,48.92,0%,102%,1.50%,3.01%,4.54%,239.64%,239.64%,0,2.29%,-35.00%,,,,,,,,,,,,
,,,,,,,,,,,,,,,,,,2020,10/15/2020,$                                                       37.25,,,,,,,,,,3.01%,$             37.25,1.12,74.57,37.16,48.92,0%,100%,1.50%,3.01%,4.51%,237.18%,237.18%,0,2.29%,-34.52%,,,,,,,,,,,,
,,,,,,,,,,,,,,,,,,2020,10/16/2020,$                                                        37.21,,,,,,,,,,3.01%,$              37.21,1.12,74.57,37.16,48.92,0%,100%,1.50%,3.01%,4.51%,237.54%,237.54%,0,2.29%,-34.59%,,,,,,,,,,,,
,,,,,,,,,,,,,,,,,,2020,10/19/2020,$                                                       36.48,,,,,,,,,,3.07%,$             36.48,1.12,74.57,37.16,48.92,-2%,104%,1.50%,3.01%,4.61%,244.30%,244.30%,0,2.29%,-35.88%,,,,,,,,,,,,
,,,,,,,,,,,,,,,,,,2020,10/20/2020,$                                                        36.91,,,,,,,,,,3.03%,$              36.91,1.12,74.57,37.16,48.92,-1%,102%,1.50%,3.01%,4.55%,240.29%,240.29%,0,2.29%,-35.12%,,,,,,,,,,,,
,,,,,,,,,,,,,,,,,,2020,10/21/2020,$                                                       36.65,,,,,,,,,,3.06%,$             36.65,1.12,74.57,37.16,48.92,-1%,103%,1.50%,3.01%,4.58%,242.70%,242.70%,0,2.29%,-35.58%,,,,,,,,,,,,
,,,,,,,,,,,,,,,,,,2020,10/22/2020,$                                                        37.51,,,,,,,,,,2.99%,$              37.51,1.12,74.57,37.16,48.92,1%,99%,1.50%,3.01%,4.48%,234.84%,234.84%,0,2.29%,-34.07%,,,,,,,,,,,,
,,,,,,,,,,,,,,,,,,2020,10/23/2020,$                                                       37.85,,,,,,,,,,2.96%,$             37.85,1.12,74.57,37.16,48.92,2%,97%,1.50%,3.01%,4.44%,231.84%,231.84%,0,2.29%,-33.47%,,,,,,,,,,,,
,,,,,,,,,,,,,,,,,,2020,10/26/2020,$                                                       36.77,,,,,,,,,,3.05%,$             36.77,1.12,74.57,37.16,48.92,-1%,103%,1.50%,3.01%,4.57%,241.58%,241.58%,0,2.29%,-35.37%,,,,,,,,,,,,
,,,,,,,,,,,,,,,,,,2020,10/27/2020,$                                                       35.36,,,,,,,,,,3.17%,$             35.36,1.12,74.57,37.16,48.92,-5%,111%,1.50%,3.01%,4.75%,255.20%,255.20%,0,2.29%,-37.84%,,,,,,,,,,,,
,,,,,,,,,,,,,,,,,,2020,10/28/2020,$                                                        34.15,,,,,,,,,,3.28%,$              34.15,1.12,74.57,37.16,48.92,-8%,118%,1.50%,3.01%,4.92%,267.79%,267.79%,0,2.29%,-39.97%,,,,,,,,,,,,
,,,,,,,,,,,,,,,,,,2020,10/29/2020,$                                                       34.22,,,,,,,,,,3.27%,$             34.22,1.12,74.57,37.16,48.92,-8%,118%,1.50%,3.01%,4.91%,267.04%,267.04%,0,2.29%,-39.85%,,,,,,,,,,,,
,,,,,,,,,,,,,,,,,,2020,10/30/2020,$                                                       33.95,,,,,,,,,,3.30%,$             33.95,1.12,74.57,37.16,48.92,-9%,120%,1.50%,3.01%,4.95%,269.96%,269.96%,0,2.29%,-40.32%,,,,,,,,,,,,
,,,,,,,,,,,,,,,,,,2020,11/2/2020,$                                                       35.52,,,,,,,,,,3.15%,$             35.52,1.12,74.57,37.16,48.92,-4%,110%,1.50%,3.01%,4.73%,253.60%,253.60%,0,2.29%,-37.56%,,,,,,,,,,,,
,,,,,,,,,,,,,,,,,,2020,11/3/2020,$                                                       36.24,,,,,,,,,,3.09%,$             36.24,1.12,74.57,37.16,48.92,-2%,106%,1.50%,3.01%,4.64%,246.58%,246.58%,0,2.29%,-36.30%,,,,,,,,,,,,
,,,,,,,,,,,,,,,,,,2020,11/4/2020,$                                                       36.53,,,,,,,,,,3.07%,$             36.53,1.12,74.57,37.16,48.92,-2%,104%,1.50%,3.01%,4.60%,243.83%,243.83%,0,2.29%,-35.79%,,,,,,,,,,,,
,,,,,,,,,,,,,,,,,,2020,11/5/2020,$                                                       37.20,,,,,,,,,,3.01%,$             37.20,1.12,74.57,37.16,48.92,0%,100%,1.50%,3.01%,4.52%,237.63%,237.63%,0,2.29%,-34.61%,,,,,,,,,,,,
,,,,,,,,,,,,,,,,,,2020,11/6/2020,$                                                       36.90,,,,,,,,,,3.04%,$             36.90,1.12,74.57,37.16,48.92,-1%,102%,1.50%,3.01%,4.55%,240.38%,240.38%,0,2.29%,-35.14%,,,,,,,,,,,,
,,,,,,,,,,,,,,,,,,2020,11/9/2020,$                                                        41.49,,,,,,,,,,2.70%,$              41.49,1.12,74.57,37.16,48.92,12%,80%,1.50%,3.01%,4.05%,202.72%,202.72%,0,2.29%,-27.07%,,,,,,,,,,,,
,,,,,,,,,,,,,,,,,,2020,11/10/2020,$                                                        41.85,,,,,,,,,,2.68%,$              41.85,1.12,74.57,37.16,48.92,13%,78%,1.50%,3.01%,4.01%,200.12%,200.12%,0,2.29%,-26.44%,,,,,,,,,,,,
,,,,,,,,,,,,,,,,,,2020,11/11/2020,$                                                       40.88,,,,,,,,,,2.74%,$             40.88,1.12,74.57,37.16,48.92,10%,82%,1.50%,3.01%,4.11%,207.24%,207.24%,0,2.29%,-28.14%,,,,,,,,,,,,
,,,,,,,,,,,,,,,,,,2020,11/12/2020,$                                                        40.31,,,,,,,,,,2.78%,$              40.31,1.12,74.57,37.16,48.92,8%,85%,1.50%,3.01%,4.17%,211.59%,211.59%,0,2.29%,-29.14%,,,,,,,,,,,,
,,,,,,,,,,,,,,,,,,2020,11/13/2020,$                                                        41.52,,,,,,,,,,2.70%,$              41.52,1.12,74.57,37.16,48.92,12%,80%,1.50%,3.01%,4.05%,202.50%,202.50%,0,2.29%,-27.02%,,,,,,,,,,,,
,,,,,,,,,,,,,,,,,,2020,11/16/2020,$                                                       43.23,,,,,,,,,,2.59%,$             43.23,1.12,74.57,37.16,48.92,16%,73%,1.50%,3.01%,3.89%,190.54%,190.54%,0,2.29%,-24.01%,,,,,,,,,,,,
,,,,,,,,,,,,,,,,,,2020,11/17/2020,$                                                       43.00,,,,,,,,,,2.60%,$             43.00,1.12,74.57,37.16,48.92,16%,73%,1.50%,3.01%,3.91%,192.09%,192.09%,0,2.29%,-24.42%,,,,,,,,,,,,
,,,,,,,,,,,,,,,,,,2020,11/18/2020,$                                                       42.86,,,,,,,,,,2.61%,$             42.86,1.12,74.57,37.16,48.92,15%,74%,1.50%,3.01%,3.92%,193.05%,193.05%,0,2.29%,-24.66%,,,,,,,,,,,,
,,,,,,,,,,,,,,,,,,2020,11/19/2020,$                                                       43.72,,,,,,,,,,2.56%,$             43.72,1.12,74.57,37.16,48.92,18%,71%,1.50%,3.01%,3.84%,187.28%,187.28%,0,2.29%,-23.15%,,,,,,,,,,,,
,,,,,,,,,,,,,,,,,,2020,11/20/2020,$                                                       43.85,,,,,,,,,,2.55%,$             43.85,1.12,74.57,37.16,48.92,18%,70%,1.50%,3.01%,3.83%,186.43%,186.43%,0,2.29%,-22.92%,,,,,,,,,,,,
,,,,,,,,,,,,,,,,,,2020,11/23/2020,$                                                       44.45,,,,,,,,,,2.52%,$             44.45,1.12,74.57,37.16,48.92,19%,68%,1.50%,3.01%,3.78%,182.56%,182.56%,0,2.29%,-21.87%,,,,,,,,,,,,
,,,,,,,,,,,,,,,,,,2020,11/24/2020,$                                                        46.13,,,,,,,,,,2.43%,$              46.13,1.12,74.57,37.16,48.92,24%,62%,1.50%,3.01%,3.64%,172.27%,172.27%,0,2.29%,-18.91%,,,,,,,,,,,,
,,,,,,,,,,,,,,,,,,2020,11/25/2020,$                                                        45.61,,,,,,,,,,2.46%,$              45.61,1.12,74.57,37.16,48.92,23%,64%,1.50%,3.01%,3.68%,175.38%,175.38%,0,2.29%,-19.83%,,,,,,,,,,,,
,,,,,,,,,,,,,,,,,,2020,11/27/2020,$                                                       45.28,,,,,,,,,,2.47%,$             45.28,1.12,74.57,37.16,48.92,22%,65%,1.50%,3.01%,3.71%,177.39%,177.39%,0,2.29%,-20.41%,,,,,,,,,,,,
,,,,,,,,,,,,,,,,,,2020,11/30/2020,$                                                       43.93,,,,,,,,,,2.55%,$             43.93,1.12,74.57,37.16,48.92,18%,70%,1.50%,3.01%,3.82%,185.91%,185.91%,0,2.29%,-22.78%,,,,,,,,,,,,
,,,,,,,,,,,,,,,,,,2020,12/1/2020,$                                                       44.70,,,,,,,,,,2.51%,$             44.70,1.12,74.57,37.16,48.92,20%,67%,1.50%,3.01%,3.76%,180.98%,180.98%,0,2.29%,-21.43%,,,,,,,,,,,,
,,,,,,,,,,,,,,,,,,2020,12/2/2020,$                                                        45.31,,,,,,,,,,2.47%,$              45.31,1.12,74.57,37.16,48.92,22%,65%,1.50%,3.01%,3.71%,177.20%,177.20%,0,2.29%,-20.36%,,,,,,,,,,,,
,,,,,,,,,,,,,,,,,,2020,12/3/2020,$                                                       45.69,,,,,,,,,,2.45%,$             45.69,1.12,74.57,37.16,48.92,23%,63%,1.50%,3.01%,3.68%,174.90%,174.90%,0,2.29%,-19.69%,,,,,,,,,,,,
,,,,,,,,,,,,,,,,,,2020,12/4/2020,$                                                       46.29,,,,,,,,,,2.42%,$             46.29,1.12,74.57,37.16,48.92,24%,61%,1.50%,3.01%,3.63%,171.33%,171.33%,0,2.29%,-18.63%,,,,,,,,,,,,
,,,,,,,,,,,,,,,,,,2020,12/7/2020,$                                                        45.17,,,,,,,,,,2.48%,$              45.17,1.12,74.57,37.16,48.92,21%,65%,1.50%,3.01%,3.72%,178.06%,178.06%,0,2.29%,-20.60%,,,,,,,,,,,,
,,,,,,,,,,,,,,,,,,2020,12/8/2020,$                                                       45.24,,,,,,,,,,2.48%,$             45.24,1.12,74.57,37.16,48.92,22%,65%,1.50%,3.01%,3.71%,177.63%,177.63%,0,2.29%,-20.48%,,,,,,,,,,,,
,,,,,,,,,,,,,,,,,,2020,12/9/2020,$                                                        45.12,,,,,,,,,,2.48%,$              45.12,1.12,74.57,37.16,48.92,21%,65%,1.50%,3.01%,3.72%,178.37%,178.37%,0,2.29%,-20.69%,,,,,,,,,,,,
,,,,,,,,,,,,,,,,,,2020,12/10/2020,$                                                       45.35,,,,,,,,,,2.47%,$             45.35,1.12,74.57,37.16,48.92,22%,64%,1.50%,3.01%,3.70%,176.96%,176.96%,0,2.29%,-20.28%,,,,,,,,,,,,
,,,,,,,,,,,,,,,,,,2020,12/11/2020,$                                                       44.84,,,,,,,,,,2.50%,$             44.84,1.12,74.57,37.16,48.92,21%,66%,1.50%,3.01%,3.75%,180.11%,180.11%,0,2.29%,-21.18%,,,,,,,,,,,,
,,,,,,,,,,,,,,,,,,2020,12/14/2020,$                                                       44.20,,,,,,,,,,2.53%,$             44.20,1.12,74.57,37.16,48.92,19%,69%,1.50%,3.01%,3.80%,184.16%,184.16%,0,2.29%,-22.31%,,,,,,,,,,,,
,,,,,,,,,,,,,,,,,,2020,12/15/2020,$                                                       44.87,,,,,,,,,,2.50%,$             44.87,1.12,74.57,37.16,48.92,21%,66%,1.50%,3.01%,3.74%,179.92%,179.92%,0,2.29%,-21.13%,,,,,,,,,,,,
,,,,,,,,,,,,,,,,,,2020,12/16/2020,$                                                       44.68,,,,,,,,,,2.51%,$             44.68,1.12,74.57,37.16,48.92,20%,67%,1.50%,3.01%,3.76%,181.11%,181.11%,0,2.29%,-21.46%,,,,,,,,,,,,
,,,,,,,,,,,,,,,,,,2020,12/17/2020,$                                                        44.81,,,,,,,,,,2.50%,$              44.81,1.12,74.57,37.16,48.92,20%,66%,1.50%,3.01%,3.75%,180.29%,180.29%,0,2.29%,-21.23%,,,,,,,,,,,,
,,,,,,,,,,,,,,,,,,2020,12/18/2020,$                                                       43.89,,,,,,,,,,2.55%,$             43.89,1.12,74.57,37.16,48.92,18%,70%,1.50%,3.01%,3.83%,186.17%,186.17%,0,2.29%,-22.85%,,,,,,,,,,,,
,,,,,,,,,,,,,,,,,,2020,12/21/2020,$                                                       43.59,,,,,,,,,,2.57%,$             43.59,1.12,74.57,37.16,48.92,17%,71%,1.50%,3.01%,3.85%,188.14%,188.14%,0,2.29%,-23.38%,,,,,,,,,,,,
,,,,,,,,,,,,,,,,,,2020,12/22/2020,$                                                       43.03,,,,,,,,,,2.60%,$             43.03,1.12,74.57,37.16,48.92,16%,73%,1.50%,3.01%,3.90%,191.89%,191.89%,0,2.29%,-24.36%,,,,,,,,,,,,
,,,,,,,,,,,,,,,,,,2020,12/23/2020,$                                                       43.53,,,,,,,,,,2.57%,$             43.53,1.12,74.57,37.16,48.92,17%,71%,1.50%,3.01%,3.86%,188.54%,188.54%,0,2.29%,-23.48%,,,,,,,,,,,,
,,,,,,,,,,,,,,,,,,2020,12/24/2020,$                                                       43.84,,,,,,,,,,2.55%,$             43.84,1.12,74.57,37.16,48.92,18%,70%,1.50%,3.01%,3.83%,186.50%,186.50%,0,2.29%,-22.94%,,,,,,,,,,,,
,,,,,,,,,,,,,,,,,,2020,12/28/2020,$                                                       43.92,,,,,,,,,,2.55%,$             43.92,1.12,74.57,37.16,48.92,18%,70%,1.50%,3.01%,3.83%,185.97%,185.97%,0,2.29%,-22.80%,,,,,,,,,,,,
,,,,,,,,,,,,,,,,,,2020,12/29/2020,$                                                       43.75,,,,,,,,,,2.56%,$             43.75,1.12,74.57,37.16,48.92,18%,70%,1.50%,3.01%,3.84%,187.09%,187.09%,0,2.29%,-23.10%,,,,,,,,,,,,
,,,,,,,,,,,,,,,,,,2020,12/30/2020,$                                                        44.01,,,,,,,,,,2.54%,$              44.01,1.12,74.57,37.16,48.92,18%,69%,1.50%,3.01%,3.82%,185.39%,185.39%,0,2.29%,-22.64%,,,,,,,,,,,,
,,,,,,,,,,,,,,,,,,2020,12/31/2020,$                                                       44.47,,,,,,,,,,2.52%,$             44.47,1.12,74.57,37.16,48.92,20%,68%,1.50%,3.01%,3.78%,182.44%,182.44%,0,2.29%,-21.83%,,,,,,,,,,,,
,,,,,,,,,,,,,,,,,,2021,1/4/2021,$                                                        43.19,,,,,,,,,,3.06%,$              43.19,1.32,87.89,43.80,57.65,-1%,103%,1.50%,3.01%,3.89%,190.81%,190.81%,0,2.29%,-24.08%,,,,,,,,,,,,
,,,,,,,,,,,,,,,,,,2021,1/5/2021,$                                                       43.26,,,,,,,,,,3.05%,$             43.26,1.32,87.89,43.80,57.65,-1%,103%,1.50%,3.01%,3.88%,190.34%,190.34%,0,2.29%,-23.96%,,,,,,,,,,,,
,,,,,,,,,,,,,,,,,,2021,1/6/2021,$                                                       44.93,,,,,,,,,,2.94%,$             44.93,1.32,87.89,43.80,57.65,3%,96%,1.50%,3.01%,3.74%,179.55%,179.55%,0,2.29%,-21.02%,,,,,,,,,,,,
,,,,,,,,,,,,,,,,,,2021,1/7/2021,$                                                       44.68,,,,,,,,,,2.95%,$             44.68,1.32,87.89,43.80,57.65,2%,97%,1.50%,3.01%,3.76%,181.11%,181.11%,0,2.29%,-21.46%,,,,,,,,,,,,
,,,,,,,,,,,,,,,,,,2021,1/8/2021,$                                                       44.49,,,,,,,,,,2.97%,$             44.49,1.32,87.89,43.80,57.65,2%,98%,1.50%,3.01%,3.78%,182.31%,182.31%,0,2.29%,-21.80%,,,,,,,,,,,,
,,,,,,,,,,,,,,,,,,2021,1/11/2021,$                                                        44.51,,,,,,,,,,2.97%,$              44.51,1.32,87.89,43.80,57.65,2%,97%,1.50%,3.01%,3.77%,182.18%,182.18%,0,2.29%,-21.76%,,,,,,,,,,,,
,,,,,,,,,,,,,,,,,,2021,1/12/2021,$                                                        46.18,,,,,,,,,,2.86%,$              46.18,1.32,87.89,43.80,57.65,5%,90%,1.50%,3.01%,3.64%,171.98%,171.98%,0,2.29%,-18.83%,,,,,,,,,,,,
,,,,,,,,,,,,,,,,,,2021,1/13/2021,$                                                       46.09,,,,,,,,,,2.86%,$             46.09,1.32,87.89,43.80,57.65,5%,91%,1.50%,3.01%,3.65%,172.51%,172.51%,0,2.29%,-18.98%,,,,,,,,,,,,
,,,,,,,,,,,,,,,,,,2021,1/14/2021,$                                                       46.87,,,,,,,,,,2.82%,$             46.87,1.32,87.89,43.80,57.65,7%,88%,1.50%,3.01%,3.58%,167.98%,167.98%,0,2.29%,-17.61%,,,,,,,,,,,,
,,,,,,,,,,,,,,,,,,2021,1/15/2021,$                                                       46.48,,,,,,,,,,2.84%,$             46.48,1.32,87.89,43.80,57.65,6%,89%,1.50%,3.01%,3.61%,170.22%,170.22%,0,2.29%,-18.30%,,,,,,,,,,,,
,,,,,,,,,,,,,,,,,,2021,1/19/2021,$                                                       47.05,,,,,,,,,,2.81%,$             47.05,1.32,87.89,43.80,57.65,7%,87%,1.50%,3.01%,3.57%,166.95%,166.95%,0,2.29%,-17.30%,,,,,,,,,,,,
,,,,,,,,,,,,,,,,,,2021,1/20/2021,$                                                       47.06,,,,,,,,,,2.80%,$             47.06,1.32,87.89,43.80,57.65,7%,87%,1.50%,3.01%,3.57%,166.89%,166.89%,0,2.29%,-17.28%,,,,,,,,,,,,
,,,,,,,,,,,,,,,,,,2021,1/21/2021,$                                                       46.32,,,,,,,,,,2.85%,$             46.32,1.32,87.89,43.80,57.65,6%,90%,1.50%,3.01%,3.63%,171.16%,171.16%,0,2.29%,-18.58%,,,,,,,,,,,,
,,,,,,,,,,,,,,,,,,2021,1/22/2021,$                                                       46.43,,,,,,,,,,2.84%,$             46.43,1.32,87.89,43.80,57.65,6%,89%,1.50%,3.01%,3.62%,170.51%,170.51%,0,2.29%,-18.39%,,,,,,,,,,,,
,,,,,,,,,,,,,,,,,,2021,1/25/2021,$                                                       46.57,,,,,,,,,,2.83%,$             46.57,1.32,87.89,43.80,57.65,6%,89%,1.50%,3.01%,3.61%,169.70%,169.70%,0,2.29%,-18.14%,,,,,,,,,,,,
,,,,,,,,,,,,,,,,,,2021,1/26/2021,$                                                       46.43,,,,,,,,,,2.84%,$             46.43,1.32,87.89,43.80,57.65,6%,89%,1.50%,3.01%,3.62%,170.51%,170.51%,0,2.29%,-18.39%,,,,,,,,,,,,
,,,,,,,,,,,,,,,,,,2021,1/27/2021,$                                                        45.15,,,,,,,,,,2.92%,$              45.15,1.32,87.89,43.80,57.65,3%,95%,1.50%,3.01%,3.72%,178.18%,178.18%,0,2.29%,-20.64%,,,,,,,,,,,,
,,,,,,,,,,,,,,,,,,2021,1/28/2021,$                                                        46.12,,,,,,,,,,2.86%,$              46.12,1.32,87.89,43.80,57.65,5%,91%,1.50%,3.01%,3.64%,172.33%,172.33%,0,2.29%,-18.93%,,,,,,,,,,,,
,,,,,,,,,,,,,,,,,,2021,1/29/2021,$                                                        45.18,,,,,,,,,,2.92%,$              45.18,1.32,87.89,43.80,57.65,3%,95%,1.50%,3.01%,3.72%,178.00%,178.00%,0,2.29%,-20.58%,,,,,,,,,,,,
,,,,,,,,,,,,,,,,,,2021,2/1/2021,$                                                        45.61,,,,,,,,,,2.89%,$              45.61,1.32,87.89,43.80,57.65,4%,93%,1.50%,3.01%,3.68%,175.38%,175.38%,0,2.29%,-19.83%,,,,,,,,,,,,
,,,,,,,,,,,,,,,,,,2021,2/2/2021,$                                                        46.31,,,,,,,,,,2.85%,$              46.31,1.32,87.89,43.80,57.65,6%,90%,1.50%,3.01%,3.63%,171.22%,171.22%,0,2.29%,-18.60%,,,,,,,,,,,,
,,,,,,,,,,,,,,,,,,2021,2/3/2021,$                                                       45.89,,,,,,,,,,2.88%,$             45.89,1.32,87.89,43.80,57.65,5%,92%,1.50%,3.01%,3.66%,173.70%,173.70%,0,2.29%,-19.34%,,,,,,,,,,,,
,,,,,,,,,,,,,,,,,,2021,2/4/2021,$                                                       45.75,,,,,,,,,,2.89%,$             45.75,1.32,87.89,43.80,57.65,4%,92%,1.50%,3.01%,3.67%,174.54%,174.54%,0,2.29%,-19.58%,,,,,,,,,,,,
,,,,,,,,,,,,,,,,,,2021,2/5/2021,$                                                       45.45,,,,,,,,,,2.90%,$             45.45,1.32,87.89,43.80,57.65,4%,93%,1.50%,3.01%,3.70%,176.35%,176.35%,0,2.29%,-20.11%,,,,,,,,,,,,
,,,,,,,,,,,,,,,,,,2021,2/8/2021,$                                                       46.28,,,,,,,,,,2.85%,$             46.28,1.32,87.89,43.80,57.65,6%,90%,1.50%,3.01%,3.63%,171.39%,171.39%,0,2.29%,-18.65%,,,,,,,,,,,,
,,,,,,,,,,,,,,,,,,2021,2/9/2021,$                                                       46.25,,,,,,,,,,2.85%,$             46.25,1.32,87.89,43.80,57.65,6%,90%,1.50%,3.01%,3.63%,171.57%,171.57%,0,2.29%,-18.70%,,,,,,,,,,,,
,,,,,,,,,,,,,,,,,,2021,2/10/2021,$                                                       46.69,,,,,,,,,,2.83%,$             46.69,1.32,87.89,43.80,57.65,7%,88%,1.50%,3.01%,3.60%,169.01%,169.01%,0,2.29%,-17.93%,,,,,,,,,,,,
,,,,,,,,,,,,,,,,,,2021,2/11/2021,$                                                       46.89,,,,,,,,,,2.82%,$             46.89,1.32,87.89,43.80,57.65,7%,87%,1.50%,3.01%,3.58%,167.86%,167.86%,0,2.29%,-17.58%,,,,,,,,,,,,
,,,,,,,,,,,,,,,,,,2021,2/12/2021,$                                                       46.92,,,,,,,,,,2.81%,$             46.92,1.32,87.89,43.80,57.65,7%,87%,1.50%,3.01%,3.58%,167.69%,167.69%,0,2.29%,-17.53%,,,,,,,,,,,,
,,,,,,,,,,,,,,,,,,2021,2/16/2021,$                                                       46.35,,,,,,,,,,2.85%,$             46.35,1.32,87.89,43.80,57.65,6%,90%,1.50%,3.01%,3.62%,170.98%,170.98%,0,2.29%,-18.53%,,,,,,,,,,,,
,,,,,,,,,,,,,,,,,,2021,2/17/2021,$                                                       47.04,,,,,,,,,,2.81%,$             47.04,1.32,87.89,43.80,57.65,7%,87%,1.50%,3.01%,3.57%,167.01%,167.01%,0,2.29%,-17.31%,,,,,,,,,,,,
,,,,,,,,,,,,,,,,,,2021,2/18/2021,$                                                       47.29,,,,,,,,,,2.79%,$             47.29,1.32,87.89,43.80,57.65,8%,86%,1.50%,3.01%,3.55%,165.60%,165.60%,0,2.29%,-16.87%,,,,,,,,,,,,
,,,,,,,,,,,,,,,,,,2021,2/19/2021,$                                                       48.08,,,,,,,,,,2.75%,$             48.08,1.32,87.89,43.80,57.65,10%,83%,1.50%,3.01%,3.49%,161.23%,161.23%,0,2.29%,-15.49%,,,,,,,,,,,,
,,,,,,,,,,,,,,,,,,2021,2/22/2021,$                                                        49.21,,,,,,,,,,2.68%,$              49.21,1.32,87.89,43.80,57.65,12%,79%,1.50%,3.01%,3.41%,155.23%,155.23%,0,2.29%,-13.50%,,,,,,,,,,,,
,,,,,,,,,,,,,,,,,,2021,2/23/2021,$                                                       49.26,,,,,,,,,,2.68%,$             49.26,1.32,87.89,43.80,57.65,12%,78%,1.50%,3.01%,3.41%,154.97%,154.97%,0,2.29%,-13.41%,,,,,,,,,,,,
,,,,,,,,,,,,,,,,,,2021,2/24/2021,$                                                       49.85,,,,,,,,,,2.65%,$             49.85,1.32,87.89,43.80,57.65,14%,76%,1.50%,3.01%,3.37%,151.96%,151.96%,0,2.29%,-12.37%,,,,,,,,,,,,
,,,,,,,,,,,,,,,,,,2021,2/25/2021,$                                                       48.65,,,,,,,,,,2.71%,$             48.65,1.32,87.89,43.80,57.65,11%,81%,1.50%,3.01%,3.45%,158.17%,158.17%,0,2.29%,-14.48%,,,,,,,,,,,,
,,,,,,,,,,,,,,,,,,2021,2/26/2021,$                                                       47.89,,,,,,,,,,2.76%,$             47.89,1.32,87.89,43.80,57.65,9%,84%,1.50%,3.01%,3.51%,162.27%,162.27%,0,2.29%,-15.82%,,,,,,,,,,,,
,,,,,,,,,,,,,,,,,,2021,3/1/2021,$                                                       48.72,,,,,,,,,,2.71%,$             48.72,1.32,87.89,43.80,57.65,11%,80%,1.50%,3.01%,3.45%,157.80%,157.80%,0,2.29%,-14.36%,,,,,,,,,,,,
,,,,,,,,,,,,,,,,,,2021,3/2/2021,$                                                       48.64,,,,,,,,,,2.71%,$             48.64,1.32,87.89,43.80,57.65,11%,81%,1.50%,3.01%,3.45%,158.22%,158.22%,0,2.29%,-14.50%,,,,,,,,,,,,
,,,,,,,,,,,,,,,,,,2021,3/3/2021,$                                                       48.94,,,,,,,,,,2.70%,$             48.94,1.32,87.89,43.80,57.65,12%,80%,1.50%,3.01%,3.43%,156.64%,156.64%,0,2.29%,-13.97%,,,,,,,,,,,,
,,,,,,,,,,,,,,,,,,2021,3/4/2021,$                                                       48.40,,,,,,,,,,2.73%,$             48.40,1.32,87.89,43.80,57.65,10%,82%,1.50%,3.01%,3.47%,159.50%,159.50%,0,2.29%,-14.92%,,,,,,,,,,,,
,,,,,,,,,,,,,,,,,,2021,3/5/2021,$                                                       49.95,,,,,,,,,,2.64%,$             49.95,1.32,87.89,43.80,57.65,14%,76%,1.50%,3.01%,3.36%,151.45%,151.45%,0,2.29%,-12.20%,,,,,,,,,,,,
,,,,,,,,,,,,,,,,,,2021,3/8/2021,$                                                       50.78,,,,,,,,,,2.60%,$             50.78,1.32,87.89,43.80,57.65,16%,73%,1.50%,3.01%,3.31%,147.34%,147.34%,0,2.29%,-10.74%,,,,,,,,,,,,
,,,,,,,,,,,,,,,,,,2021,3/9/2021,$                                                       50.20,,,,,,,,,,2.63%,$             50.20,1.32,87.89,43.80,57.65,15%,75%,1.50%,3.01%,3.35%,150.20%,150.20%,0,2.29%,-11.76%,,,,,,,,,,,,
,,,,,,,,,,,,,,,,,,2021,3/10/2021,$                                                        50.81,,,,,,,,,,2.60%,$              50.81,1.32,87.89,43.80,57.65,16%,73%,1.50%,3.01%,3.31%,147.20%,147.20%,0,2.29%,-10.69%,,,,,,,,,,,,
,,,,,,,,,,,,,,,,,,2021,3/11/2021,$                                                         51.01,,,,,,,,,,2.59%,$               51.01,1.32,87.89,43.80,57.65,16%,72%,1.50%,3.01%,3.29%,146.23%,146.23%,0,2.29%,-10.34%,,,,,,,,,,,,
,,,,,,,,,,,,,,,,,,2021,3/12/2021,$                                                        51.84,,,,,,,,,,2.55%,$              51.84,1.32,87.89,43.80,57.65,18%,70%,1.50%,3.01%,3.24%,142.28%,142.28%,0,2.29%,-8.88%,,,,,,,,,,,,
,,,,,,,,,,,,,,,,,,2021,3/15/2021,$                                                        52.14,,,,,,,,,,2.53%,$              52.14,1.32,87.89,43.80,57.65,19%,69%,1.50%,3.01%,3.22%,140.89%,140.89%,0,2.29%,-8.35%,,,,,,,,,,,,
,,,,,,,,,,,,,,,,,,2021,3/16/2021,$                                                         51.10,,,,,,,,,,2.58%,$               51.10,1.32,87.89,43.80,57.65,17%,72%,1.50%,3.01%,3.29%,145.79%,145.79%,0,2.29%,-10.18%,,,,,,,,,,,,
,,,,,,,,,,,,,,,,,,2021,3/17/2021,$                                                        51.67,,,,,,,,,,2.55%,$              51.67,1.32,87.89,43.80,57.65,18%,70%,1.50%,3.01%,3.25%,143.08%,143.08%,0,2.29%,-9.18%,,,,,,,,,,,,
,,,,,,,,,,,,,,,,,,2021,3/18/2021,$                                                        51.77,,,,,,,,,,2.55%,$              51.77,1.32,87.89,43.80,57.65,18%,70%,1.50%,3.01%,3.25%,142.61%,142.61%,0,2.29%,-9.00%,,,,,,,,,,,,
,,,,,,,,,,,,,,,,,,2021,3/19/2021,$                                                         51.16,,,,,,,,,,2.58%,$               51.16,1.32,87.89,43.80,57.65,17%,72%,1.50%,3.01%,3.28%,145.50%,145.50%,0,2.29%,-10.07%,,,,,,,,,,,,
,,,,,,,,,,,,,,,,,,2021,3/22/2021,$                                                       50.55,,,,,,,,,,2.61%,$             50.55,1.32,87.89,43.80,57.65,15%,74%,1.50%,3.01%,3.32%,148.47%,148.47%,0,2.29%,-11.14%,,,,,,,,,,,,
,,,,,,,,,,,,,,,,,,2021,3/23/2021,$                                                       49.50,,,,,,,,,,2.67%,$             49.50,1.32,87.89,43.80,57.65,13%,78%,1.50%,3.01%,3.39%,153.74%,153.74%,0,2.29%,-12.99%,,,,,,,,,,,,
,,,,,,,,,,,,,,,,,,2021,3/24/2021,$                                                       49.90,,,,,,,,,,2.65%,$             49.90,1.32,87.89,43.80,57.65,14%,76%,1.50%,3.01%,3.37%,151.70%,151.70%,0,2.29%,-12.29%,,,,,,,,,,,,
,,,,,,,,,,,,,,,,,,2021,3/25/2021,$                                                         51.14,,,,,,,,,,2.58%,$               51.14,1.32,87.89,43.80,57.65,17%,72%,1.50%,3.01%,3.29%,145.60%,145.60%,0,2.29%,-10.11%,,,,,,,,,,,,
,,,,,,,,,,,,,,,,,,2021,3/26/2021,$                                                        51.56,,,,,,,,,,2.56%,$              51.56,1.32,87.89,43.80,57.65,18%,70%,1.50%,3.01%,3.26%,143.60%,143.60%,0,2.29%,-9.37%,,,,,,,,,,,,
,,,,,,,,,,,,,,,,,,2021,3/29/2021,$                                                        51.34,,,,,,,,,,2.57%,$              51.34,1.32,87.89,43.80,57.65,17%,71%,1.50%,3.01%,3.27%,144.64%,144.64%,0,2.29%,-9.76%,,,,,,,,,,,,
,,,,,,,,,,,,,,,,,,2021,3/30/2021,$                                                        51.83,,,,,,,,,,2.55%,$              51.83,1.32,87.89,43.80,57.65,18%,70%,1.50%,3.01%,3.24%,142.33%,142.33%,0,2.29%,-8.89%,,,,,,,,,,,,
,,,,,,,,,,,,,,,,,,2021,3/31/2021,$                                                         51.18,,,,,,,,,,2.58%,$               51.18,1.32,87.89,43.80,57.65,17%,72%,1.50%,3.01%,3.28%,145.41%,145.41%,0,2.29%,-10.04%,,,,,,,,,,,,
,,,,,,,,,,,,,,,,,,2021,4/1/2021,$                                                        51.42,,,,,,,,,,2.57%,$              51.42,1.32,87.89,43.80,57.65,17%,71%,1.50%,3.01%,3.27%,144.26%,144.26%,0,2.29%,-9.62%,,,,,,,,,,,,
,,,,,,,,,,,,,,,,,,2021,4/5/2021,$                                                        51.45,,,,,,,,,,2.57%,$              51.45,1.32,87.89,43.80,57.65,17%,71%,1.50%,3.01%,3.27%,144.12%,144.12%,0,2.29%,-9.56%,,,,,,,,,,,,
,,,,,,,,,,,,,,,,,,2021,4/6/2021,$                                                         51.61,,,,,,,,,,2.56%,$               51.61,1.32,87.89,43.80,57.65,18%,70%,1.50%,3.01%,3.26%,143.36%,143.36%,0,2.29%,-9.28%,,,,,,,,,,,,
,,,,,,,,,,,,,,,,,,2021,4/7/2021,$                                                        51.72,,,,,,,,,,2.55%,$              51.72,1.32,87.89,43.80,57.65,18%,70%,1.50%,3.01%,3.25%,142.85%,142.85%,0,2.29%,-9.09%,,,,,,,,,,,,
,,,,,,,,,,,,,,,,,,2021,4/8/2021,$                                                        51.49,,,,,,,,,,2.56%,$              51.49,1.32,87.89,43.80,57.65,17%,71%,1.50%,3.01%,3.26%,143.93%,143.93%,0,2.29%,-9.49%,,,,,,,,,,,,
,,,,,,,,,,,,,,,,,,2021,4/9/2021,$                                                        51.64,,,,,,,,,,2.56%,$              51.64,1.32,87.89,43.80,57.65,18%,70%,1.50%,3.01%,3.25%,143.22%,143.22%,0,2.29%,-9.23%,,,,,,,,,,,,
,,,,,,,,,,,,,,,,,,2021,4/12/2021,$                                                       52.44,,,,,,,,,,2.52%,$             52.44,1.32,87.89,43.80,57.65,20%,68%,1.50%,3.01%,3.20%,139.51%,139.51%,0,2.29%,-7.82%,,,,,,,,,,,,
,,,,,,,,,,,,,,,,,,2021,4/13/2021,$                                                       52.29,,,,,,,,,,2.52%,$             52.29,1.32,87.89,43.80,57.65,19%,68%,1.50%,3.01%,3.21%,140.20%,140.20%,0,2.29%,-8.09%,,,,,,,,,,,,
,,,,,,,,,,,,,,,,,,2021,4/14/2021,$                                                       52.87,,,,,,,,,,2.50%,$             52.87,1.32,87.89,43.80,57.65,21%,66%,1.50%,3.01%,3.18%,137.56%,137.56%,0,2.29%,-7.07%,,,,,,,,,,,,
,,,,,,,,,,,,,,,,,,2021,4/15/2021,$                                                       52.83,,,,,,,,,,2.50%,$             52.83,1.32,87.89,43.80,57.65,20%,66%,1.50%,3.01%,3.18%,137.74%,137.74%,0,2.29%,-7.14%,,,,,,,,,,,,
,,,,,,,,,,,,,,,,,,2021,4/16/2021,$                                                       53.45,,,,,,,,,,2.47%,$             53.45,1.32,87.89,43.80,57.65,22%,64%,1.50%,3.01%,3.14%,134.99%,134.99%,0,2.29%,-6.05%,,,,,,,,,,,,
,,,,,,,,,,,,,,,,,,2021,4/19/2021,$                                                       53.56,,,,,,,,,,2.46%,$             53.56,1.32,87.89,43.80,57.65,22%,64%,1.50%,3.01%,3.14%,134.50%,134.50%,0,2.29%,-5.85%,,,,,,,,,,,,
,,,,,,,,,,,,,,,,,,2021,4/20/2021,$                                                       52.59,,,,,,,,,,2.51%,$             52.59,1.32,87.89,43.80,57.65,20%,67%,1.50%,3.01%,3.19%,138.83%,138.83%,0,2.29%,-7.56%,,,,,,,,,,,,
,,,,,,,,,,,,,,,,,,2021,4/21/2021,$                                                       53.50,,,,,,,,,,2.47%,$             53.50,1.32,87.89,43.80,57.65,22%,64%,1.50%,3.01%,3.14%,134.77%,134.77%,0,2.29%,-5.96%,,,,,,,,,,,,
,,,,,,,,,,,,,,,,,,2021,4/22/2021,$                                                       52.94,,,,,,,,,,2.49%,$             52.94,1.32,87.89,43.80,57.65,21%,66%,1.50%,3.01%,3.17%,137.25%,137.25%,0,2.29%,-6.94%,,,,,,,,,,,,
,,,,,,,,,,,,,,,,,,2021,4/23/2021,$                                                       53.37,,,,,,,,,,2.47%,$             53.37,1.32,87.89,43.80,57.65,22%,65%,1.50%,3.01%,3.15%,135.34%,135.34%,0,2.29%,-6.19%,,,,,,,,,,,,
,,,,,,,,,,,,,,,,,,2021,4/26/2021,$                                                       53.37,,,,,,,,,,2.47%,$             53.37,1.32,87.89,43.80,57.65,22%,65%,1.50%,3.01%,3.15%,135.34%,135.34%,0,2.29%,-6.19%,,,,,,,,,,,,
,,,,,,,,,,,,,,,,,,2021,4/27/2021,$                                                       53.53,,,,,,,,,,2.47%,$             53.53,1.32,87.89,43.80,57.65,22%,64%,1.50%,3.01%,3.14%,134.63%,134.63%,0,2.29%,-5.91%,,,,,,,,,,,,
,,,,,,,,,,,,,,,,,,2021,4/28/2021,$                                                       53.52,,,,,,,,,,2.47%,$             53.52,1.32,87.89,43.80,57.65,22%,64%,1.50%,3.01%,3.14%,134.68%,134.68%,0,2.29%,-5.92%,,,,,,,,,,,,
,,,,,,,,,,,,,,,,,,2021,4/29/2021,$                                                       54.22,,,,,,,,,,2.43%,$             54.22,1.32,87.89,43.80,57.65,24%,62%,1.50%,3.01%,3.10%,131.65%,131.65%,0,2.29%,-4.69%,,,,,,,,,,,,
,,,,,,,,,,,,,,,,,,2021,4/30/2021,$                                                       53.73,,,,,,,,,,2.46%,$             53.73,1.32,87.89,43.80,57.65,23%,64%,1.50%,3.01%,3.13%,133.76%,133.76%,0,2.29%,-5.55%,,,,,,,,,,,,
,,,,,,,,,,,,,,,,,,2021,5/3/2021,$                                                       54.52,,,,,,,,,,2.42%,$             54.52,1.32,87.89,43.80,57.65,24%,61%,1.50%,3.01%,3.08%,130.37%,130.37%,0,2.29%,-4.17%,,,,,,,,,,,,
,,,,,,,,,,,,,,,,,,2021,5/4/2021,$                                                       54.89,,,,,,,,,,2.40%,$             54.89,1.32,87.89,43.80,57.65,25%,60%,1.50%,3.01%,3.06%,128.82%,128.82%,0,2.29%,-3.52%,,,,,,,,,,,,
,,,,,,,,,,,,,,,,,,2021,5/5/2021,$                                                       55.38,,,,,,,,,,2.38%,$             55.38,1.32,87.89,43.80,57.65,26%,59%,1.50%,3.01%,3.03%,126.80%,126.80%,0,2.29%,-2.65%,,,,,,,,,,,,
,,,,,,,,,,,,,,,,,,2021,5/6/2021,$                                                        56.18,,,,,,,,,,2.35%,$              56.18,1.32,87.89,43.80,57.65,28%,56%,1.50%,3.01%,2.99%,123.57%,123.57%,0,2.29%,-1.25%,,,,,,,,,,,,
,,,,,,,,,,,,,,,,,,2021,5/7/2021,$                                                         56.11,,,,,,,,,,2.35%,$               56.11,1.32,87.89,43.80,57.65,28%,57%,1.50%,3.01%,2.99%,123.85%,123.85%,0,2.29%,-1.37%,,,,,,,,,,,,
,,,,,,,,,,,,,,,,,,2021,5/10/2021,$                                                       56.53,,,,,,,,,,2.34%,$             56.53,1.32,87.89,43.80,57.65,29%,55%,1.50%,3.01%,2.97%,122.18%,122.18%,0,2.29%,-0.63%,,,,,,,,,,,,
,,,,,,,,,,,,,,,,,,2021,5/11/2021,$                                                       55.22,,,,,,,,,,2.39%,$             55.22,1.32,87.89,43.80,57.65,26%,59%,1.50%,3.01%,3.04%,127.45%,127.45%,0,2.29%,-2.94%,,,,,,,,,,,,
,,,,,,,,,,,,,,,,,,2021,5/12/2021,$                                                       54.45,,,,,,,,,,2.42%,$             54.45,1.32,87.89,43.80,57.65,24%,61%,1.50%,3.01%,3.09%,130.67%,130.67%,0,2.29%,-4.29%,,,,,,,,,,,,
,,,,,,,,,,,,,,,,,,2021,5/13/2021,$                                                       55.50,,,,,,,,,,2.38%,$             55.50,1.32,87.89,43.80,57.65,27%,58%,1.50%,3.01%,3.03%,126.31%,126.31%,0,2.29%,-2.44%,,,,,,,,,,,,
,,,,,,,,,,,,,,,,,,2021,5/14/2021,$                                                       56.46,,,,,,,,,,2.34%,$             56.46,1.32,87.89,43.80,57.65,29%,56%,1.50%,3.01%,2.98%,122.46%,122.46%,0,2.29%,-0.76%,,,,,,,,,,,,
,,,,,,,,,,,,,,,,,,2021,5/17/2021,$                                                       56.42,,,,,,,,,,2.34%,$             56.42,1.32,87.89,43.80,57.65,29%,56%,1.50%,3.01%,2.98%,122.62%,122.62%,0,2.29%,-0.83%,,,,,,,,,,,,
,,,,,,,,,,,,,,,,,,2021,5/18/2021,$                                                        55.91,,,,,,,,,,2.36%,$              55.91,1.32,87.89,43.80,57.65,27%,57%,1.50%,3.01%,3.00%,124.65%,124.65%,0,2.29%,-1.72%,,,,,,,,,,,,
,,,,,,,,,,,,,,,,,,2021,5/19/2021,$                                                       55.76,,,,,,,,,,2.37%,$             55.76,1.32,87.89,43.80,57.65,27%,58%,1.50%,3.01%,3.01%,125.25%,125.25%,0,2.29%,-1.99%,,,,,,,,,,,,
,,,,,,,,,,,,,,,,,,2021,5/20/2021,$                                                       55.65,,,,,,,,,,2.37%,$             55.65,1.32,87.89,43.80,57.65,27%,58%,1.50%,3.01%,3.02%,125.70%,125.70%,0,2.29%,-2.18%,,,,,,,,,,,,
,,,,,,,,,,,,,,,,,,2021,5/21/2021,$                                                       55.99,,,,,,,,,,2.36%,$             55.99,1.32,87.89,43.80,57.65,28%,57%,1.50%,3.01%,3.00%,124.33%,124.33%,0,2.29%,-1.58%,,,,,,,,,,,,
,,,,,,,,,,,,,,,,,,2021,5/24/2021,$                                                       56.37,,,,,,,,,,2.34%,$             56.37,1.32,87.89,43.80,57.65,29%,56%,1.50%,3.01%,2.98%,122.81%,122.81%,0,2.29%,-0.91%,,,,,,,,,,,,
,,,,,,,,,,,,,,,,,,2021,5/25/2021,$                                                       55.76,,,,,,,,,,2.37%,$             55.76,1.32,87.89,43.80,57.65,27%,58%,1.50%,3.01%,3.01%,125.25%,125.25%,0,2.29%,-1.99%,,,,,,,,,,,,
,,,,,,,,,,,,,,,,,,2021,5/26/2021,$                                                       56.25,,,,,,,,,,2.35%,$             56.25,1.32,87.89,43.80,57.65,28%,56%,1.50%,3.01%,2.99%,123.29%,123.29%,0,2.29%,-1.12%,,,,,,,,,,,,
,,,,,,,,,,,,,,,,,,2021,5/27/2021,$                                                       56.82,,,,,,,,,,2.32%,$             56.82,1.32,87.89,43.80,57.65,30%,55%,1.50%,3.01%,2.96%,121.05%,121.05%,0,2.29%,-0.12%,,,,,,,,,,,,
,,,,,,,,,,,,,,,,,,2021,5/28/2021,$                                                       56.68,,,,,,,,,,2.33%,$             56.68,1.32,87.89,43.80,57.65,29%,55%,1.50%,3.01%,2.96%,121.59%,121.59%,0,2.29%,-0.37%,,,,,,,,,,,,
,,,,,,,,,,,,,,,,,,2021,6/1/2021,$                                                        57.21,,,,,,,,,,2.31%,$              57.21,1.32,87.89,43.80,57.65,30%,54%,1.50%,3.01%,2.94%,119.54%,119.54%,0,2.29%,0.00%,,,,,,,,,,,,
,,,,,,,,,,,,,,,,,,2021,6/2/2021,$                                                        57.15,,,,,,,,,,2.31%,$              57.15,1.32,87.89,43.80,57.65,30%,54%,1.50%,3.01%,2.94%,119.77%,119.77%,0,2.29%,-0.10%,,,,,,,,,,,,
,,,,,,,,,,,,,,,,,,2021,6/3/2021,$                                                       57.25,,,,,,,,,,2.31%,$             57.25,1.32,87.89,43.80,57.65,31%,54%,1.50%,3.01%,2.93%,119.39%,119.39%,0,2.29%,0.00%,,,,,,,,,,,,
,,,,,,,,,,,,,,,,,,2021,6/4/2021,$                                                       57.48,,,,,,,,,,2.30%,$             57.48,1.32,87.89,43.80,57.65,31%,53%,1.50%,3.01%,2.92%,118.51%,118.51%,0,2.29%,0.00%,,,,,,,,,,,,
,,,,,,,,,,,,,,,,,,2021,6/7/2021,$                                                       57.39,,,,,,,,,,2.30%,$             57.39,1.32,87.89,43.80,57.65,31%,53%,1.50%,3.01%,2.93%,118.85%,118.85%,0,2.29%,-0.16%,,,,,,,,,,,,
,,,,,,,,,,,,,,,,,,2021,6/8/2021,$                                                       57.29,,,,,,,,,,2.30%,$             57.29,1.32,87.89,43.80,57.65,31%,53%,1.50%,3.01%,2.93%,119.24%,119.24%,0,2.29%,-0.33%,,,,,,,,,,,,
,,,,,,,,,,,,,,,,,,2021,6/9/2021,$                                                       56.59,,,,,,,,,,2.33%,$             56.59,1.32,87.89,43.80,57.65,29%,55%,1.50%,3.01%,2.97%,121.95%,121.95%,0,2.29%,-1.55%,,,,,,,,,,,,
,,,,,,,,,,,,,,,,,,2021,6/10/2021,$                                                       56.20,,,,,,,,,,2.35%,$             56.20,1.32,87.89,43.80,57.65,28%,56%,1.50%,3.01%,2.99%,123.49%,123.49%,0,2.29%,-2.23%,,,,,,,,,,,,
,,,,,,,,,,,,,,,,,,2021,6/11/2021,$                                                       56.25,,,,,,,,,,2.35%,$             56.25,1.32,87.89,43.80,57.65,28%,56%,1.50%,3.01%,2.99%,123.29%,123.29%,0,2.29%,-2.14%,,,,,,,,,,,,
,,,,,,,,,,,,,,,,,,2021,6/14/2021,$                                                       55.43,,,,,,,,,,2.38%,$             55.43,1.32,87.89,43.80,57.65,26%,59%,1.50%,3.01%,3.03%,126.59%,126.59%,0,2.29%,-3.57%,,,,,,,,,,,,
,,,,,,,,,,,,,,,,,,2021,6/15/2021,$                                                       55.40,,,,,,,,,,2.38%,$             55.40,1.32,87.89,43.80,57.65,26%,59%,1.50%,3.01%,3.03%,126.71%,126.71%,0,2.29%,-3.62%,,,,,,,,,,,,
,,,,,,,,,,,,,,,,,,2021,6/16/2021,$                                                        55.10,,,,,,,,,,2.40%,$              55.10,1.32,87.89,43.80,57.65,26%,60%,1.50%,3.01%,3.05%,127.95%,127.95%,0,2.29%,-4.14%,,,,,,,,,,,,
,,,,,,,,,,,,,,,,,,2021,6/17/2021,$                                                       53.46,,,,,,,,,,2.47%,$             53.46,1.32,87.89,43.80,57.65,22%,64%,1.50%,3.01%,3.14%,134.94%,134.94%,0,2.29%,-6.99%,,,,,,,,,,,,
,,,,,,,,,,,,,,,,,,2021,6/18/2021,$                                                       52.08,,,,,,,,,,2.53%,$             52.08,1.32,87.89,43.80,57.65,19%,69%,1.50%,3.01%,3.23%,141.17%,141.17%,0,2.29%,-9.39%,,,,,,,,,,,,
,,,,,,,,,,,,,,,,,,2021,6/21/2021,$                                                       53.07,,,,,,,,,,2.49%,$             53.07,1.32,87.89,43.80,57.65,21%,66%,1.50%,3.01%,3.17%,136.67%,136.67%,0,2.29%,-7.67%,,,,,,,,,,,,
,,,,,,,,,,,,,,,,,,2021,6/22/2021,$                                                       52.83,,,,,,,,,,2.50%,$             52.83,1.32,87.89,43.80,57.65,20%,66%,1.50%,3.01%,3.18%,137.74%,137.74%,0,2.29%,-8.09%,,,,,,,,,,,,
,,,,,,,,,,,,,,,,,,2021,6/23/2021,$                                                       52.69,,,,,,,,,,2.51%,$             52.69,1.32,87.89,43.80,57.65,20%,67%,1.50%,3.01%,3.19%,138.38%,138.38%,0,2.29%,-8.33%,,,,,,,,,,,,
,,,,,,,,,,,,,,,,,,2021,6/24/2021,$                                                        53.16,,,,,,,,,,2.48%,$              53.16,1.32,87.89,43.80,57.65,21%,65%,1.50%,3.01%,3.16%,136.27%,136.27%,0,2.29%,-7.52%,,,,,,,,,,,,
,,,,,,,,,,,,,,,,,,2021,6/25/2021,$                                                       54.22,,,,,,,,,,2.43%,$             54.22,1.32,87.89,43.80,57.65,24%,62%,1.50%,3.01%,3.10%,131.65%,131.65%,0,2.29%,-5.67%,,,,,,,,,,,,
,,,,,,,,,,,,,,,,,,2021,6/28/2021,$                                                       53.37,,,,,,,,,,2.47%,$             53.37,1.32,87.89,43.80,57.65,22%,65%,1.50%,3.01%,3.15%,135.34%,135.34%,0,2.29%,-7.15%,,,,,,,,,,,,
,,,,,,,,,,,,,,,,,,2021,6/29/2021,$                                                       53.55,,,,,,,,,,2.46%,$             53.55,1.32,87.89,43.80,57.65,22%,64%,1.50%,3.01%,3.14%,134.55%,134.55%,0,2.29%,-6.84%,,,,,,,,,,,,
,,,,,,,,,,,,,,,,,,2021,6/30/2021,$                                                       53.66,,,,,,,,,,2.46%,$             53.66,1.32,87.89,43.80,57.65,22%,64%,1.50%,3.01%,3.13%,134.07%,134.07%,0,2.29%,-6.65%,,,,,,,,,,,,
,,,,,,,,,,,,,,,,,,2021,7/1/2021,$                                                       54.00,,,,,,,,,,2.44%,$             54.00,1.32,87.89,43.80,57.65,23%,63%,1.50%,3.01%,3.11%,132.59%,132.59%,0,2.29%,-6.05%,,,,,,,,,,,,
,,,,,,,,,,,,,,,,,,2021,7/2/2021,$                                                        54.15,,,,,,,,,,2.44%,$              54.15,1.32,87.89,43.80,57.65,23%,62%,1.50%,3.01%,3.10%,131.95%,131.95%,0,2.29%,-5.79%,,,,,,,,,,,,
,,,,,,,,,,,,,,,,,,2021,7/6/2021,$                                                       53.27,,,,,,,,,,2.48%,$             53.27,1.32,87.89,43.80,57.65,21%,65%,1.50%,3.01%,3.15%,135.78%,135.78%,0,2.29%,-7.32%,,,,,,,,,,,,
,,,,,,,,,,,,,,,,,,2021,7/7/2021,$                                                       53.76,,,,,,,,,,2.46%,$             53.76,1.32,87.89,43.80,57.65,23%,63%,1.50%,3.01%,3.13%,133.63%,133.63%,0,2.29%,-6.47%,,,,,,,,,,,,
,,,,,,,,,,,,,,,,,,2021,7/8/2021,$                                                       52.33,,,,,,,,,,2.52%,$             52.33,1.32,87.89,43.80,57.65,19%,68%,1.50%,3.01%,3.21%,140.02%,140.02%,0,2.29%,-8.96%,,,,,,,,,,,,
,,,,,,,,,,,,,,,,,,2021,7/9/2021,$                                                       53.35,,,,,,,,,,2.47%,$             53.35,1.32,87.89,43.80,57.65,22%,65%,1.50%,3.01%,3.15%,135.43%,135.43%,0,2.29%,-7.19%,,,,,,,,,,,,
,,,,,,,,,,,,,,,,,,2021,7/12/2021,$                                                       53.67,,,,,,,,,,2.46%,$             53.67,1.32,87.89,43.80,57.65,22%,64%,1.50%,3.01%,3.13%,134.02%,134.02%,0,2.29%,-6.63%,,,,,,,,,,,,
,,,,,,,,,,,,,,,,,,2021,7/13/2021,$                                                       53.09,,,,,,,,,,2.49%,$             53.09,1.32,87.89,43.80,57.65,21%,66%,1.50%,3.01%,3.16%,136.58%,136.58%,0,2.29%,-7.64%,,,,,,,,,,,,
,,,,,,,,,,,,,,,,,,2021,7/14/2021,$                                                       53.28,,,,,,,,,,2.48%,$             53.28,1.32,87.89,43.80,57.65,22%,65%,1.50%,3.01%,3.15%,135.74%,135.74%,0,2.29%,-7.31%,,,,,,,,,,,,
,,,,,,,,,,,,,,,,,,2021,7/15/2021,$                                                       53.59,,,,,,,,,,2.46%,$             53.59,1.32,87.89,43.80,57.65,22%,64%,1.50%,3.01%,3.13%,134.37%,134.37%,0,2.29%,-6.77%,,,,,,,,,,,,
,,,,,,,,,,,,,,,,,,2021,7/16/2021,$                                                        53.12,,,,,,,,,,2.48%,$              53.12,1.32,87.89,43.80,57.65,21%,65%,1.50%,3.01%,3.16%,136.45%,136.45%,0,2.29%,-7.59%,,,,,,,,,,,,
,,,,,,,,,,,,,,,,,,2021,7/19/2021,$                                                         51.71,,,,,,,,,,2.55%,$               51.71,1.32,87.89,43.80,57.65,18%,70%,1.50%,3.01%,3.25%,142.89%,142.89%,0,2.29%,-10.04%,,,,,,,,,,,,
,,,,,,,,,,,,,,,,,,2021,7/20/2021,$                                                       52.98,,,,,,,,,,2.49%,$             52.98,1.32,87.89,43.80,57.65,21%,66%,1.50%,3.01%,3.17%,137.07%,137.07%,0,2.29%,-7.83%,,,,,,,,,,,,
,,,,,,,,,,,,,,,,,,2021,7/21/2021,$                                                       53.88,,,,,,,,,,2.45%,$             53.88,1.32,87.89,43.80,57.65,23%,63%,1.50%,3.01%,3.12%,133.11%,133.11%,0,2.29%,-6.26%,,,,,,,,,,,,
,,,,,,,,,,,,,,,,,,2021,7/22/2021,$                                                        53.10,,,,,,,,,,2.49%,$              53.10,1.32,87.89,43.80,57.65,21%,66%,1.50%,3.01%,3.16%,136.53%,136.53%,0,2.29%,-7.62%,,,,,,,,,,,,
,,,,,,,,,,,,,,,,,,2021,7/23/2021,$                                                       53.37,,,,,,,,,,2.47%,$             53.37,1.32,87.89,43.80,57.65,22%,65%,1.50%,3.01%,3.15%,135.34%,135.34%,0,2.29%,-7.15%,,,,,,,,,,,,
,,,,,,,,,,,,,,,,,,2021,7/26/2021,$                                                       53.70,,,,,,,,,,2.46%,$             53.70,1.32,87.89,43.80,57.65,22%,64%,1.50%,3.01%,3.13%,133.89%,133.89%,0,2.29%,-6.58%,,,,,,,,,,,,
,,,,,,,,,,,,,,,,,,2021,7/27/2021,$                                                       53.80,,,,,,,,,,2.45%,$             53.80,1.32,87.89,43.80,57.65,23%,63%,1.50%,3.01%,3.12%,133.46%,133.46%,0,2.29%,-6.40%,,,,,,,,,,,,
,,,,,,,,,,,,,,,,,,2021,7/28/2021,$                                                       53.79,,,,,,,,,,2.45%,$             53.79,1.32,87.89,43.80,57.65,23%,63%,1.50%,3.01%,3.12%,133.50%,133.50%,0,2.29%,-6.42%,,,,,,,,,,,,
,,,,,,,,,,,,,,,,,,2021,7/29/2021,$                                                        55.61,,,,,,,,,,2.37%,$              55.61,1.32,87.89,43.80,57.65,27%,58%,1.50%,3.01%,3.02%,125.86%,125.86%,0,2.29%,-3.25%,,,,,,,,,,,,
,,,,,,,,,,,,,,,,,,2021,7/30/2021,$                                                       55.00,,,,,,,,,,2.40%,$             55.00,1.32,87.89,43.80,57.65,25%,60%,1.50%,3.01%,3.05%,128.36%,128.36%,0,2.29%,-4.31%,,,,,,,,,,,,
,,,,,,,,,,,,,,,,,,2021,8/2/2021,$                                                        54.71,,,,,,,,,,2.41%,$              54.71,1.32,87.89,43.80,57.65,25%,61%,1.50%,3.01%,3.07%,129.57%,129.57%,0,2.29%,-4.82%,,,,,,,,,,,,
,,,,,,,,,,,,,,,,,,2021,8/3/2021,$                                                       55.60,,,,,,,,,,2.37%,$             55.60,1.32,87.89,43.80,57.65,27%,58%,1.50%,3.01%,3.02%,125.90%,125.90%,0,2.29%,-3.27%,,,,,,,,,,,,
,,,,,,,,,,,,,,,,,,2021,8/4/2021,$                                                       54.94,,,,,,,,,,2.40%,$             54.94,1.32,87.89,43.80,57.65,25%,60%,1.50%,3.01%,3.06%,128.61%,128.61%,0,2.29%,-4.42%,,,,,,,,,,,,
,,,,,,,,,,,,,,,,,,2021,8/5/2021,$                                                       55.57,,,,,,,,,,2.38%,$             55.57,1.32,87.89,43.80,57.65,27%,58%,1.50%,3.01%,3.02%,126.02%,126.02%,0,2.29%,-3.32%,,,,,,,,,,,,
,,,,,,,,,,,,,,,,,,2021,8/6/2021,$                                                       56.24,,,,,,,,,,2.35%,$             56.24,1.32,87.89,43.80,57.65,28%,56%,1.50%,3.01%,2.99%,123.33%,123.33%,0,2.29%,-2.16%,,,,,,,,,,,,
,,,,,,,,,,,,,,,,,,2021,8/9/2021,$                                                         56.11,,,,,,,,,,2.35%,$               56.11,1.32,87.89,43.80,57.65,28%,57%,1.50%,3.01%,2.99%,123.85%,123.85%,0,2.29%,-2.38%,,,,,,,,,,,,
,,,,,,,,,,,,,,,,,,2021,8/10/2021,$                                                       56.70,,,,,,,,,,2.33%,$             56.70,1.32,87.89,43.80,57.65,29%,55%,1.50%,3.01%,2.96%,121.52%,121.52%,0,2.29%,-1.36%,,,,,,,,,,,,
,,,,,,,,,,,,,,,,,,2021,8/11/2021,$                                                       56.95,,,,,,,,,,2.32%,$             56.95,1.32,87.89,43.80,57.65,30%,54%,1.50%,3.01%,2.95%,120.54%,120.54%,0,2.29%,-0.92%,,,,,,,,,,,,
,,,,,,,,,,,,,,,,,,2021,8/12/2021,$                                                       57.36,,,,,,,,,,2.30%,$             57.36,1.32,87.89,43.80,57.65,31%,53%,1.50%,3.01%,2.93%,118.97%,118.97%,0,2.29%,-0.21%,,,,,,,,,,,,
,,,,,,,,,,,,,,,,,,2021,8/13/2021,$                                                       57.26,,,,,,,,,,2.31%,$             57.26,1.32,87.89,43.80,57.65,31%,53%,1.50%,3.01%,2.93%,119.35%,119.35%,0,2.29%,-0.38%,,,,,,,,,,,,
,,,,,,,,,,,,,,,,,,2021,8/16/2021,$                                                       57.52,,,,,,,,,,2.29%,$             57.52,1.32,87.89,43.80,57.65,31%,53%,1.50%,3.01%,2.92%,118.36%,118.36%,0,2.29%,0.00%,,,,,,,,,,,,
,,,,,,,,,,,,,,,,,,2021,8/17/2021,$                                                         57.11,,,,,,,,,,2.31%,$               57.11,1.32,87.89,43.80,57.65,30%,54%,1.50%,3.01%,2.94%,119.93%,119.93%,0,2.29%,-0.71%,,,,,,,,,,,,
,,,,,,,,,,,,,,,,,,2021,8/18/2021,$                                                       56.37,,,,,,,,,,2.34%,$             56.37,1.32,87.89,43.80,57.65,29%,56%,1.50%,3.01%,2.98%,122.81%,122.81%,0,2.29%,-2.00%,,,,,,,,,,,,
,,,,,,,,,,,,,,,,,,2021,8/19/2021,$                                                       55.92,,,,,,,,,,2.36%,$             55.92,1.32,87.89,43.80,57.65,27%,57%,1.50%,3.01%,3.00%,124.61%,124.61%,0,2.29%,-2.78%,,,,,,,,,,,,
,,,,,,,,,,,,,,,,,,2021,8/20/2021,$                                                       56.36,,,,,,,,,,2.34%,$             56.36,1.32,87.89,43.80,57.65,28%,56%,1.50%,3.01%,2.98%,122.85%,122.85%,0,2.29%,-2.02%,,,,,,,,,,,,
,,,,,,,,,,,,,,,,,,2021,8/23/2021,$                                                        56.71,,,,,,,,,,2.33%,$              56.71,1.32,87.89,43.80,57.65,29%,55%,1.50%,3.01%,2.96%,121.48%,121.48%,0,2.29%,-1.41%,,,,,,,,,,,,
,,,,,,,,,,,,,,,,,,2021,8/24/2021,$                                                        56.71,,,,,,,,,,2.33%,$              56.71,1.32,87.89,43.80,57.65,29%,55%,1.50%,3.01%,2.96%,121.48%,121.48%,0,2.29%,-1.41%,,,,,,,,,,,,
,,,,,,,,,,,,,,,,,,2021,8/25/2021,$                                                         57.11,,,,,,,,,,2.31%,$               57.11,1.32,87.89,43.80,57.65,30%,54%,1.50%,3.01%,2.94%,119.93%,119.93%,0,2.29%,-0.71%,,,,,,,,,,,,
,,,,,,,,,,,,,,,,,,2021,8/26/2021,$                                                       56.40,,,,,,,,,,2.34%,$             56.40,1.32,87.89,43.80,57.65,29%,56%,1.50%,3.01%,2.98%,122.70%,122.70%,0,2.29%,-1.95%,,,,,,,,,,,,
,,,,,,,,,,,,,,,,,,2021,8/27/2021,$                                                       57.09,,,,,,,,,,2.31%,$             57.09,1.32,87.89,43.80,57.65,30%,54%,1.50%,3.01%,2.94%,120.00%,120.00%,0,2.29%,-0.75%,,,,,,,,,,,,
,,,,,,,,,,,,,,,,,,2021,8/30/2021,$                                                       56.43,,,,,,,,,,2.34%,$             56.43,1.32,87.89,43.80,57.65,29%,56%,1.50%,3.01%,2.98%,122.58%,122.58%,0,2.29%,-1.89%,,,,,,,,,,,,
,,,,,,,,,,,,,,,,,,2021,8/31/2021,$                                                       56.68,,,,,,,,,,2.33%,$             56.68,1.32,87.89,43.80,57.65,29%,55%,1.50%,3.01%,2.96%,121.59%,121.59%,0,2.29%,-1.46%,,,,,,,,,,,,
,,,,,,,,,,,,,,,,,,2021,9/1/2021,$                                                       56.34,,,,,,,,,,2.34%,$             56.34,1.32,87.89,43.80,57.65,28%,56%,1.50%,3.01%,2.98%,122.93%,122.93%,0,2.29%,-2.05%,,,,,,,,,,,,
,,,,,,,,,,,,,,,,,,2021,9/2/2021,$                                                       55.99,,,,,,,,,,2.36%,$             55.99,1.32,87.89,43.80,57.65,28%,57%,1.50%,3.01%,3.00%,124.33%,124.33%,0,2.29%,-2.66%,,,,,,,,,,,,
,,,,,,,,,,,,,,,,,,2021,9/3/2021,$                                                        55.71,,,,,,,,,,2.37%,$              55.71,1.32,87.89,43.80,57.65,27%,58%,1.50%,3.01%,3.02%,125.45%,125.45%,0,2.29%,-3.15%,,,,,,,,,,,,
,,,,,,,,,,,,,,,,,,2021,9/7/2021,$                                                       55.25,,,,,,,,,,2.39%,$             55.25,1.32,87.89,43.80,57.65,26%,59%,1.50%,3.01%,3.04%,127.33%,127.33%,0,2.29%,-3.95%,,,,,,,,,,,,
,,,,,,,,,,,,,,,,,,2021,9/8/2021,$                                                        55.17,,,,,,,,,,2.39%,$              55.17,1.32,87.89,43.80,57.65,26%,59%,1.50%,3.01%,3.05%,127.66%,127.66%,0,2.29%,-4.09%,,,,,,,,,,,,
,,,,,,,,,,,,,,,,,,2021,9/9/2021,$                                                        55.14,,,,,,,,,,2.39%,$              55.14,1.32,87.89,43.80,57.65,26%,59%,1.50%,3.01%,3.05%,127.78%,127.78%,0,2.29%,-4.14%,,,,,,,,,,,,
,,,,,,,,,,,,,,,,,,2021,9/10/2021,$                                                       54.66,,,,,,,,,,2.41%,$             54.66,1.32,87.89,43.80,57.65,25%,61%,1.50%,3.01%,3.07%,129.78%,129.78%,0,2.29%,-4.97%,,,,,,,,,,,,
,,,,,,,,,,,,,,,,,,2021,9/13/2021,$                                                       55.23,,,,,,,,,,2.39%,$             55.23,1.32,87.89,43.80,57.65,26%,59%,1.50%,3.01%,3.04%,127.41%,127.41%,0,2.29%,-3.98%,,,,,,,,,,,,
,,,,,,,,,,,,,,,,,,2021,9/14/2021,$                                                       54.29,,,,,,,,,,2.43%,$             54.29,1.32,87.89,43.80,57.65,24%,62%,1.50%,3.01%,3.09%,131.35%,131.35%,0,2.29%,-5.62%,,,,,,,,,,,,
,,,,,,,,,,,,,,,,,,2021,9/15/2021,$                                                       54.66,,,,,,,,,,2.41%,$             54.66,1.32,87.89,43.80,57.65,25%,61%,1.50%,3.01%,3.07%,129.78%,129.78%,0,2.29%,-4.97%,,,,,,,,,,,,
,,,,,,,,,,,,,,,,,,2021,9/16/2021,$                                                       54.56,,,,,,,,,,2.42%,$             54.56,1.32,87.89,43.80,57.65,24%,61%,1.50%,3.01%,3.08%,130.21%,130.21%,0,2.29%,-5.15%,,,,,,,,,,,,
,,,,,,,,,,,,,,,,,,2021,9/17/2021,$                                                       53.99,,,,,,,,,,2.44%,$             53.99,1.32,87.89,43.80,57.65,23%,63%,1.50%,3.01%,3.11%,132.64%,132.64%,0,2.29%,-6.14%,,,,,,,,,,,,
,,,,,,,,,,,,,,,,,,2021,9/20/2021,$                                                       52.07,,,,,,,,,,2.54%,$             52.07,1.32,87.89,43.80,57.65,19%,69%,1.50%,3.01%,3.23%,141.21%,141.21%,0,2.29%,-9.47%,,,,,,,,,,,,
,,,,,,,,,,,,,,,,,,2021,9/21/2021,$                                                        51.35,,,,,,,,,,2.57%,$              51.35,1.32,87.89,43.80,57.65,17%,71%,1.50%,3.01%,3.27%,144.60%,144.60%,0,2.29%,-10.73%,,,,,,,,,,,,
,,,,,,,,,,,,,,,,,,2021,9/22/2021,$                                                        51.88,,,,,,,,,,2.54%,$              51.88,1.32,87.89,43.80,57.65,18%,69%,1.50%,3.01%,3.24%,142.10%,142.10%,0,2.29%,-9.81%,,,,,,,,,,,,
,,,,,,,,,,,,,,,,,,2021,9/23/2021,$                                                       52.39,,,,,,,,,,2.52%,$             52.39,1.32,87.89,43.80,57.65,19%,68%,1.50%,3.01%,3.21%,139.74%,139.74%,0,2.29%,-8.92%,,,,,,,,,,,,
,,,,,,,,,,,,,,,,,,2021,9/24/2021,$                                                       52.63,,,,,,,,,,2.51%,$             52.63,1.32,87.89,43.80,57.65,20%,67%,1.50%,3.01%,3.19%,138.65%,138.65%,0,2.29%,-8.50%,,,,,,,,,,,,
,,,,,,,,,,,,,,,,,,2021,9/27/2021,$                                                       53.40,,,,,,,,,,2.47%,$             53.40,1.32,87.89,43.80,57.65,22%,65%,1.50%,3.01%,3.15%,135.21%,135.21%,0,2.29%,-7.16%,,,,,,,,,,,,
,,,,,,,,,,,,,,,,,,2021,9/28/2021,$                                                       52.83,,,,,,,,,,2.50%,$             52.83,1.32,87.89,43.80,57.65,20%,66%,1.50%,3.01%,3.18%,137.74%,137.74%,0,2.29%,-8.15%,,,,,,,,,,,,
,,,,,,,,,,,,,,,,,,2021,9/29/2021,$                                                       52.74,,,,,,,,,,2.50%,$             52.74,1.32,87.89,43.80,57.65,20%,67%,1.50%,3.01%,3.19%,138.15%,138.15%,0,2.29%,-8.31%,,,,,,,,,,,,
,,,,,,,,,,,,,,,,,,2021,9/30/2021,$                                                        52.13,,,,,,,,,,2.53%,$              52.13,1.32,87.89,43.80,57.65,19%,69%,1.50%,3.01%,3.22%,140.94%,140.94%,0,2.29%,-9.37%,,,,,,,,,,,,
,,,,,,,,,,,,,,,,,,2021,10/1/2021,$                                                       52.94,,,,,,,,,,2.49%,$             52.94,1.32,87.89,43.80,57.65,21%,66%,1.50%,3.01%,3.17%,137.25%,137.25%,0,2.29%,-7.96%,,,,,,,,,,,,
,,,,,,,,,,,,,,,,,,2021,10/4/2021,$                                                       52.77,,,,,,,,,,2.50%,$             52.77,1.32,87.89,43.80,57.65,20%,67%,1.50%,3.01%,3.18%,138.01%,138.01%,0,2.29%,-8.26%,,,,,,,,,,,,
,,,,,,,,,,,,,,,,,,2021,10/5/2021,$                                                       53.43,,,,,,,,,,2.47%,$             53.43,1.32,87.89,43.80,57.65,22%,64%,1.50%,3.01%,3.14%,135.07%,135.07%,0,2.29%,-7.11%,,,,,,,,,,,,
,,,,,,,,,,,,,,,,,,2021,10/6/2021,$                                                       53.32,,,,,,,,,,2.48%,$             53.32,1.32,87.89,43.80,57.65,22%,65%,1.50%,3.01%,3.15%,135.56%,135.56%,0,2.29%,-7.30%,,,,,,,,,,,,
,,,,,,,,,,,,,,,,,,2021,10/7/2021,$                                                        54.16,,,,,,,,,,2.44%,$              54.16,1.32,87.89,43.80,57.65,24%,62%,1.50%,3.01%,3.10%,131.91%,131.91%,0,2.29%,-5.84%,,,,,,,,,,,,
,,,,,,,,,,,,,,,,,,2021,10/8/2021,$                                                       54.52,,,,,,,,,,2.42%,$             54.52,1.32,87.89,43.80,57.65,24%,61%,1.50%,3.01%,3.08%,130.37%,130.37%,0,2.29%,-5.22%,,,,,,,,,,,,
,,,,,,,,,,,,,,,,,,2021,10/11/2021,$                                                       54.48,,,,,,,,,,2.42%,$             54.48,1.32,87.89,43.80,57.65,24%,61%,1.50%,3.01%,3.08%,130.54%,130.54%,0,2.29%,-5.29%,,,,,,,,,,,,
,,,,,,,,,,,,,,,,,,2021,10/12/2021,$                                                       54.43,,,,,,,,,,2.43%,$             54.43,1.32,87.89,43.80,57.65,24%,61%,1.50%,3.01%,3.09%,130.76%,130.76%,0,2.29%,-5.37%,,,,,,,,,,,,
,,,,,,,,,,,,,,,,,,2021,10/13/2021,$                                                       53.96,,,,,,,,,,2.45%,$             53.96,1.32,87.89,43.80,57.65,23%,63%,1.50%,3.01%,3.11%,132.77%,132.77%,0,2.29%,-6.19%,,,,,,,,,,,,
,,,,,,,,,,,,,,,,,,2021,10/14/2021,$                                                       55.35,,,,,,,,,,2.38%,$             55.35,1.32,87.89,43.80,57.65,26%,59%,1.50%,3.01%,3.04%,126.92%,126.92%,0,2.29%,-3.77%,,,,,,,,,,,,
,,,,,,,,,,,,,,,,,,2021,10/15/2021,$                                                       55.55,,,,,,,,,,2.38%,$             55.55,1.32,87.89,43.80,57.65,27%,58%,1.50%,3.01%,3.02%,126.10%,126.10%,0,2.29%,-3.42%,,,,,,,,,,,,
,,,,,,,,,,,,,,,,,,2021,10/18/2021,$                                                        55.16,,,,,,,,,,2.39%,$              55.16,1.32,87.89,43.80,57.65,26%,59%,1.50%,3.01%,3.05%,127.70%,127.70%,0,2.29%,-4.10%,,,,,,,,,,,,
,,,,,,,,,,,,,,,,,,2021,10/19/2021,$                                                       55.79,,,,,,,,,,2.37%,$             55.79,1.32,87.89,43.80,57.65,27%,58%,1.50%,3.01%,3.01%,125.13%,125.13%,0,2.29%,-3.01%,,,,,,,,,,,,
,,,,,,,,,,,,,,,,,,2021,10/20/2021,$                                                       56.44,,,,,,,,,,2.34%,$             56.44,1.32,87.89,43.80,57.65,29%,56%,1.50%,3.01%,2.98%,122.54%,122.54%,0,2.29%,-1.88%,,,,,,,,,,,,
,,,,,,,,,,,,,,,,,,2021,10/21/2021,$                                                        56.12,,,,,,,,,,2.35%,$              56.12,1.32,87.89,43.80,57.65,28%,57%,1.50%,3.01%,2.99%,123.81%,123.81%,0,2.29%,-2.43%,,,,,,,,,,,,
,,,,,,,,,,,,,,,,,,2021,10/22/2021,$                                                       56.54,,,,,,,,,,2.33%,$             56.54,1.32,87.89,43.80,57.65,29%,55%,1.50%,3.01%,2.97%,122.14%,122.14%,0,2.29%,-1.70%,,,,,,,,,,,,
,,,,,,,,,,,,,,,,,,2021,10/25/2021,$                                                       56.98,,,,,,,,,,2.32%,$             56.98,1.32,87.89,43.80,57.65,30%,54%,1.50%,3.01%,2.95%,120.43%,120.43%,0,2.29%,-0.94%,,,,,,,,,,,,
,,,,,,,,,,,,,,,,,,2021,10/26/2021,$                                                        57.14,,,,,,,,,,2.31%,$              57.14,1.32,87.89,43.80,57.65,30%,54%,1.50%,3.01%,2.94%,119.81%,119.81%,0,2.29%,-0.66%,,,,,,,,,,,,
,,,,,,,,,,,,,,,,,,2021,10/27/2021,$                                                       56.00,,,,,,,,,,2.36%,$             56.00,1.32,87.89,43.80,57.65,28%,57%,1.50%,3.01%,3.00%,124.29%,124.29%,0,2.29%,-2.64%,,,,,,,,,,,,
,,,,,,,,,,,,,,,,,,2021,10/28/2021,$                                                       55.36,,,,,,,,,,2.38%,$             55.36,1.32,87.89,43.80,57.65,26%,59%,1.50%,3.01%,3.03%,126.88%,126.88%,0,2.29%,-3.76%,,,,,,,,,,,,
,,,,,,,,,,,,,,,,,,2021,10/29/2021,$                                                       53.67,,,,,,,,,,2.46%,$             53.67,1.32,87.89,43.80,57.65,22%,64%,1.50%,3.01%,3.13%,134.02%,134.02%,0,2.29%,-6.69%,,,,,,,,,,,,
,,,,,,,,,,,,,,,,,,2021,11/1/2021,$                                                       54.87,,,,,,,,,,2.41%,$             54.87,1.32,87.89,43.80,57.65,25%,60%,1.50%,3.01%,3.06%,128.90%,128.90%,0,2.29%,-4.61%,,,,,,,,,,,,
,,,,,,,,,,,,,,,,,,2021,11/2/2021,$                                                        55.12,,,,,,,,,,2.39%,$              55.12,1.32,87.89,43.80,57.65,26%,59%,1.50%,3.01%,3.05%,127.87%,127.87%,0,2.29%,-4.17%,,,,,,,,,,,,
,,,,,,,,,,,,,,,,,,2021,11/3/2021,$                                                       56.06,,,,,,,,,,2.35%,$             56.06,1.32,87.89,43.80,57.65,28%,57%,1.50%,3.01%,3.00%,124.05%,124.05%,0,2.29%,-2.54%,,,,,,,,,,,,
,,,,,,,,,,,,,,,,,,2021,11/4/2021,$                                                       55.70,,,,,,,,,,2.37%,$             55.70,1.32,87.89,43.80,57.65,27%,58%,1.50%,3.01%,3.02%,125.49%,125.49%,0,2.29%,-3.16%,,,,,,,,,,,,
,,,,,,,,,,,,,,,,,,2021,11/5/2021,$                                                       56.75,,,,,,,,,,2.33%,$             56.75,1.32,87.89,43.80,57.65,29%,55%,1.50%,3.01%,2.96%,121.32%,121.32%,0,2.29%,-1.34%,,,,,,,,,,,,
,,,,,,,,,,,,,,,,,,2021,11/8/2021,$                                                       56.75,,,,,,,,,,2.33%,$             56.75,1.32,87.89,43.80,57.65,29%,55%,1.50%,3.01%,2.96%,121.32%,121.32%,0,2.29%,-1.34%,,,,,,,,,,,,
,,,,,,,,,,,,,,,,,,2021,11/9/2021,$                                                       56.28,,,,,,,,,,2.35%,$             56.28,1.32,87.89,43.80,57.65,28%,56%,1.50%,3.01%,2.99%,123.17%,123.17%,0,2.29%,-2.16%,,,,,,,,,,,,
,,,,,,,,,,,,,,,,,,2021,11/10/2021,$                                                       56.02,,,,,,,,,,2.36%,$             56.02,1.32,87.89,43.80,57.65,28%,57%,1.50%,3.01%,3.00%,124.21%,124.21%,0,2.29%,-2.61%,,,,,,,,,,,,
,,,,,,,,,,,,,,,,,,2021,11/11/2021,$                                                       56.33,,,,,,,,,,2.34%,$             56.33,1.32,87.89,43.80,57.65,28%,56%,1.50%,3.01%,2.98%,122.97%,122.97%,0,2.29%,-2.07%,,,,,,,,,,,,
,,,,,,,,,,,,,,,,,,2021,11/12/2021,$                                                        57.01,,,,,,,,,,2.32%,$              57.01,1.32,87.89,43.80,57.65,30%,54%,1.50%,3.01%,2.95%,120.31%,120.31%,0,2.29%,-0.89%,,,,,,,,,,,,
,,,,,,,,,,,,,,,,,,2021,11/15/2021,$                                                       57.57,,,,,,,,,,2.29%,$             57.57,1.32,87.89,43.80,57.65,31%,53%,1.50%,3.01%,2.92%,118.17%,118.17%,0,2.29%,0.00%,,,,,,,,,,,,
,,,,,,,,,,,,,,,,,,2021,11/16/2021,$                                                       57.26,,,,,,,,,,2.31%,$             57.26,1.32,87.89,43.80,57.65,31%,53%,1.50%,3.01%,2.93%,119.35%,119.35%,0,2.29%,-0.54%,,,,,,,,,,,,
,,,,,,,,,,,,,,,,,,2021,11/17/2021,$                                                       56.92,,,,,,,,,,2.32%,$             56.92,1.32,87.89,43.80,57.65,30%,54%,1.50%,3.01%,2.95%,120.66%,120.66%,0,2.29%,-1.13%,,,,,,,,,,,,
,,,,,,,,,,,,,,,,,,2021,11/18/2021,$                                                       55.90,,,,,,,,,,2.36%,$             55.90,1.32,87.89,43.80,57.65,27%,57%,1.50%,3.01%,3.01%,124.69%,124.69%,0,2.29%,-2.90%,,,,,,,,,,,,
,,,,,,,,,,,,,,,,,,2021,11/19/2021,$                                                       55.44,,,,,,,,,,2.38%,$             55.44,1.32,87.89,43.80,57.65,26%,59%,1.50%,3.01%,3.03%,126.55%,126.55%,0,2.29%,-3.70%,,,,,,,,,,,,
,,,,,,,,,,,,,,,,,,2021,11/22/2021,$                                                       55.86,,,,,,,,,,2.36%,$             55.86,1.32,87.89,43.80,57.65,27%,57%,1.50%,3.01%,3.01%,124.85%,124.85%,0,2.29%,-2.97%,,,,,,,,,,,,
,,,,,,,,,,,,,,,,,,2021,11/23/2021,$                                                       56.80,,,,,,,,,,2.32%,$             56.80,1.32,87.89,43.80,57.65,29%,55%,1.50%,3.01%,2.96%,121.13%,121.13%,0,2.29%,-1.34%,,,,,,,,,,,,
,,,,,,,,,,,,,,,,,,2021,11/24/2021,$                                                        57.01,,,,,,,,,,2.32%,$              57.01,1.32,87.89,43.80,57.65,30%,54%,1.50%,3.01%,2.95%,120.31%,120.31%,0,2.29%,-0.97%,,,,,,,,,,,,
,,,,,,,,,,,,,,,,,,2021,11/26/2021,$                                                       55.57,,,,,,,,,,2.38%,$             55.57,1.32,87.89,43.80,57.65,27%,58%,1.50%,3.01%,3.02%,126.02%,126.02%,0,2.29%,-3.47%,,,,,,,,,,,,
,,,,,,,,,,,,,,,,,,2021,11/29/2021,$                                                       55.70,,,,,,,,,,2.37%,$             55.70,1.32,87.89,43.80,57.65,27%,58%,1.50%,3.01%,3.02%,125.49%,125.49%,0,2.29%,-3.25%,,,,,,,,,,,,
,,,,,,,,,,,,,,,,,,2021,11/30/2021,$                                                        54.14,,,,,,,,,,2.44%,$              54.14,1.32,87.89,43.80,57.65,23%,62%,1.50%,3.01%,3.10%,131.99%,131.99%,0,2.29%,-5.96%,,,,,,,,,,,,
,,,,,,,,,,,,,,,,,,2021,12/1/2021,$                                                       53.67,,,,,,,,,,2.46%,$             53.67,1.32,87.89,43.80,57.65,22%,64%,1.50%,3.01%,3.13%,134.02%,134.02%,0,2.29%,-6.77%,,,,,,,,,,,,
,,,,,,,,,,,,,,,,,,2021,12/2/2021,$                                                       55.25,,,,,,,,,,2.39%,$             55.25,1.32,87.89,43.80,57.65,26%,59%,1.50%,3.01%,3.04%,127.33%,127.33%,0,2.29%,-4.03%,,,,,,,,,,,,
,,,,,,,,,,,,,,,,,,2021,12/3/2021,$                                                       54.28,,,,,,,,,,2.43%,$             54.28,1.32,87.89,43.80,57.65,24%,62%,1.50%,3.01%,3.10%,131.39%,131.39%,0,2.29%,-5.71%,,,,,,,,,,,,
,,,,,,,,,,,,,,,,,,2021,12/6/2021,$                                                       55.72,,,,,,,,,,2.37%,$             55.72,1.32,87.89,43.80,57.65,27%,58%,1.50%,3.01%,3.02%,125.41%,125.41%,0,2.29%,-3.21%,,,,,,,,,,,,
,,,,,,,,,,,,,,,,,,2021,12/7/2021,$                                                        56.71,,,,,,,,,,2.33%,$              56.71,1.32,87.89,43.80,57.65,29%,55%,1.50%,3.01%,2.96%,121.48%,121.48%,0,2.29%,-1.49%,,,,,,,,,,,,
,,,,,,,,,,,,,,,,,,2021,12/8/2021,$                                                       56.73,,,,,,,,,,2.33%,$             56.73,1.32,87.89,43.80,57.65,29%,55%,1.50%,3.01%,2.96%,121.40%,121.40%,0,2.29%,-1.46%,,,,,,,,,,,,
,,,,,,,,,,,,,,,,,,2021,12/9/2021,$                                                       57.37,,,,,,,,,,2.30%,$             57.37,1.32,87.89,43.80,57.65,31%,53%,1.50%,3.01%,2.93%,118.93%,118.93%,0,2.29%,-0.35%,,,,,,,,,,,,
,,,,,,,,,,,,,,,,,,2021,12/10/2021,$                                                       57.84,,,,,,,,,,2.28%,$             57.84,1.32,87.89,43.80,57.65,32%,52%,1.50%,3.01%,2.90%,117.15%,117.15%,0,2.29%,0.00%,,,,,,,,,,,,
,,,,,,,,,,,,,,,,,,2021,12/13/2021,$                                                       57.02,,,,,,,,,,2.31%,$             57.02,1.32,87.89,43.80,57.65,30%,54%,1.50%,3.01%,2.95%,120.27%,120.27%,0,2.29%,-1.42%,,,,,,,,,,,,
,,,,,,,,,,,,,,,,,,2021,12/14/2021,$                                                        57.16,,,,,,,,,,2.31%,$              57.16,1.32,87.89,43.80,57.65,30%,54%,1.50%,3.01%,2.94%,119.73%,119.73%,0,2.29%,-1.18%,,,,,,,,,,,,
,,,,,,,,,,,,,,,,,,2021,12/15/2021,$                                                       57.35,,,,,,,,,,2.30%,$             57.35,1.32,87.89,43.80,57.65,31%,53%,1.50%,3.01%,2.93%,119.01%,119.01%,0,2.29%,-0.85%,,,,,,,,,,,,
,,,,,,,,,,,,,,,,,,2021,12/16/2021,$                                                       57.90,,,,,,,,,,2.28%,$             57.90,1.32,87.89,43.80,57.65,32%,52%,1.50%,3.01%,2.90%,116.93%,116.93%,0,2.29%,0.00%,,,,,,,,,,,,
,,,,,,,,,,,,,,,,,,2021,12/17/2021,$                                                       56.84,,,,,,,,,,2.32%,$             56.84,1.32,87.89,43.80,57.65,30%,55%,1.50%,3.01%,2.96%,120.97%,120.97%,0,2.29%,-1.83%,,,,,,,,,,,,
,,,,,,,,,,,,,,,,,,2021,12/20/2021,$                                                       55.36,,,,,,,,,,2.38%,$             55.36,1.32,87.89,43.80,57.65,26%,59%,1.50%,3.01%,3.03%,126.88%,126.88%,0,2.29%,-4.39%,,,,,,,,,,,,
,,,,,,,,,,,,,,,,,,2021,12/21/2021,$                                                       56.84,,,,,,,,,,2.32%,$             56.84,1.32,87.89,43.80,57.65,30%,55%,1.50%,3.01%,2.96%,120.97%,120.97%,0,2.29%,-1.83%,,,,,,,,,,,,
,,,,,,,,,,,,,,,,,,2021,12/22/2021,$                                                        57.18,,,,,,,,,,2.31%,$              57.18,1.32,87.89,43.80,57.65,30%,54%,1.50%,3.01%,2.94%,119.66%,119.66%,0,2.29%,-1.24%,,,,,,,,,,,,
,,,,,,,,,,,,,,,,,,2021,12/23/2021,$                                                       57.69,,,,,,,,,,2.29%,$             57.69,1.32,87.89,43.80,57.65,32%,52%,1.50%,3.01%,2.91%,117.72%,117.72%,0,2.29%,-0.36%,,,,,,,,,,,,
,,,,,,,,,,,,,,,,,,2021,12/27/2021,$                                                       58.20,,,,,,,,,,2.27%,$             58.20,1.32,87.89,43.80,57.65,33%,51%,1.50%,3.01%,2.89%,115.81%,115.81%,0,2.29%,0.00%,,,,,,,,,,,,
,,,,,,,,,,,,,,,,,,2021,12/28/2021,$                                                       58.49,,,,,,,,,,2.26%,$             58.49,1.32,87.89,43.80,57.65,33%,50%,1.50%,3.01%,2.87%,114.74%,114.74%,0,2.29%,0.00%,,,,,,,,,,,,
,,,,,,,,,,,,,,,,,,2021,12/29/2021,$                                                       58.79,,,,,,,,,,2.25%,$             58.79,1.32,87.89,43.80,57.65,34%,49%,1.50%,3.01%,2.86%,113.64%,113.64%,0,2.29%,0.00%,,,,,,,,,,,,
,,,,,,,,,,,,,,,,,,2021,12/30/2021,$                                                       58.56,,,,,,,,,,2.25%,$             58.56,1.32,87.89,43.80,57.65,33%,50%,1.50%,3.01%,2.87%,114.48%,114.48%,0,2.29%,-0.39%,,,,,,,,,,,,
,,,,,,,,,,,,,,,,,,2021,12/31/2021,$                                                       58.39,,,,,,,,,,2.26%,$             58.39,1.32,87.89,43.80,57.65,33%,51%,1.50%,3.01%,2.88%,115.11%,115.11%,0,2.29%,-0.68%,,,,,,,,,,,,
,,,,,,,,,,,,,,,,,,2022,1/3/2022,$                                                       58.27,,,,,,,,,,2.75%,$             58.27,1.60,106.53,53.08,69.88,10%,83%,1.50%,3.01%,2.88%,115.55%,115.55%,0,2.29%,-0.88%,,,,,,,,,,,,
,,,,,,,,,,,,,,,,,,2022,1/4/2022,$                                                        60.18,,,,,,,,,,2.66%,$              60.18,1.60,106.53,53.08,69.88,13%,77%,1.50%,3.01%,2.79%,108.71%,108.71%,0,2.29%,0.00%,,,,,,,,,,,,
,,,,,,,,,,,,,,,,,,2022,1/5/2022,$                                                       60.08,,,,,,,,,,2.66%,$             60.08,1.60,106.53,53.08,69.88,13%,77%,1.50%,3.01%,2.80%,109.05%,109.05%,0,2.29%,-0.17%,,,,,,,,,,,,
,,,,,,,,,,,,,,,,,,2022,1/6/2022,$                                                         61.19,,,,,,,,,,2.61%,$               61.19,1.60,106.53,53.08,69.88,15%,74%,1.50%,3.01%,2.75%,105.26%,105.26%,0,2.29%,0.00%,,,,,,,,,,,,
,,,,,,,,,,,,,,,,,,2022,1/7/2022,$                                                        62.16,,,,,,,,,,2.57%,$              62.16,1.60,106.53,53.08,69.88,17%,71%,1.50%,3.01%,2.70%,102.06%,102.06%,0,2.29%,0.00%,,,,,,,,,,,,
,,,,,,,,,,,,,,,,,,2022,1/10/2022,$                                                        62.91,,,,,,,,,,2.54%,$              62.91,1.60,106.53,53.08,69.88,18%,69%,1.50%,3.01%,2.67%,99.65%,99.65%,0,2.29%,0.00%,,,,,,,,,,,,
,,,,,,,,,,,,,,,,,,2022,1/11/2022,$                                                       63.22,,,,,,,,,,2.53%,$             63.22,1.60,106.53,53.08,69.88,19%,69%,1.50%,3.01%,2.66%,98.67%,98.67%,0,2.29%,0.00%,,,,,,,,,,,,
,,,,,,,,,,,,,,,,,,2022,1/12/2022,$                                                       63.34,,,,,,,,,,2.53%,$             63.34,1.60,106.53,53.08,69.88,19%,68%,1.50%,3.01%,2.65%,98.29%,98.29%,0,2.29%,0.00%,,,,,,,,,,,,
,,,,,,,,,,,,,,,,,,2022,1/13/2022,$                                                       63.43,,,,,,,,,,2.52%,$             63.43,1.60,106.53,53.08,69.88,19%,68%,1.50%,3.01%,2.65%,98.01%,98.01%,0,2.29%,0.00%,,,,,,,,,,,,
,,,,,,,,,,,,,,,,,,2022,1/14/2022,$                                                       64.06,,,,,,,,,,2.50%,$             64.06,1.60,106.53,53.08,69.88,21%,66%,1.50%,3.01%,2.62%,96.07%,96.07%,0,2.29%,0.00%,,,,,,,,,,,,
,,,,,,,,,,,,,,,,,,2022,1/18/2022,$                                                       63.66,,,,,,,,,,2.51%,$             63.66,1.60,106.53,53.08,69.88,20%,67%,1.50%,3.01%,2.64%,97.30%,97.30%,0,2.29%,-0.62%,,,,,,,,,,,,
,,,,,,,,,,,,,,,,,,2022,1/19/2022,$                                                       62.76,,,,,,,,,,2.55%,$             62.76,1.60,106.53,53.08,69.88,18%,70%,1.50%,3.01%,2.68%,100.13%,100.13%,0,2.29%,-2.03%,,,,,,,,,,,,
,,,,,,,,,,,,,,,,,,2022,1/20/2022,$                                                        61.90,,,,,,,,,,2.58%,$              61.90,1.60,106.53,53.08,69.88,16%,72%,1.50%,3.01%,2.71%,102.91%,102.91%,0,2.29%,-3.37%,,,,,,,,,,,,
,,,,,,,,,,,,,,,,,,2022,1/21/2022,$                                                       60.86,,,,,,,,,,2.63%,$             60.86,1.60,106.53,53.08,69.88,15%,75%,1.50%,3.01%,2.76%,106.38%,106.38%,0,2.29%,-5.00%,,,,,,,,,,,,
,,,,,,,,,,,,,,,,,,2022,1/24/2022,$                                                        61.48,,,,,,,,,,2.60%,$              61.48,1.60,106.53,53.08,69.88,16%,73%,1.50%,3.01%,2.73%,104.29%,104.29%,0,2.29%,-4.03%,,,,,,,,,,,,
,,,,,,,,,,,,,,,,,,2022,1/25/2022,$                                                        61.90,,,,,,,,,,2.58%,$              61.90,1.60,106.53,53.08,69.88,16%,72%,1.50%,3.01%,2.71%,102.91%,102.91%,0,2.29%,-3.37%,,,,,,,,,,,,
,,,,,,,,,,,,,,,,,,2022,1/26/2022,$                                                        62.16,,,,,,,,,,2.57%,$              62.16,1.60,106.53,53.08,69.88,17%,71%,1.50%,3.01%,2.70%,102.06%,102.06%,0,2.29%,-2.97%,,,,,,,,,,,,
,,,,,,,,,,,,,,,,,,2022,1/27/2022,$                                                        61.89,,,,,,,,,,2.59%,$              61.89,1.60,106.53,53.08,69.88,16%,72%,1.50%,3.01%,2.71%,102.94%,102.94%,0,2.29%,-3.39%,,,,,,,,,,,,
,,,,,,,,,,,,,,,,,,2022,1/28/2022,$                                                       62.35,,,,,,,,,,2.57%,$             62.35,1.60,106.53,53.08,69.88,17%,71%,1.50%,3.01%,2.69%,101.44%,101.44%,0,2.29%,-2.67%,,,,,,,,,,,,
,,,,,,,,,,,,,,,,,,2022,1/31/2022,$                                                       62.82,,,,,,,,,,2.55%,$             62.82,1.60,106.53,53.08,69.88,18%,70%,1.50%,3.01%,2.67%,99.94%,99.94%,0,2.29%,-1.94%,,,,,,,,,,,,
,,,,,,,,,,,,,,,,,,2022,2/1/2022,$                                                       62.89,,,,,,,,,,2.54%,$             62.89,1.60,106.53,53.08,69.88,18%,69%,1.50%,3.01%,2.67%,99.71%,99.71%,0,2.29%,-1.83%,,,,,,,,,,,,
,,,,,,,,,,,,,,,,,,2022,2/2/2022,$                                                       63.69,,,,,,,,,,2.51%,$             63.69,1.60,106.53,53.08,69.88,20%,67%,1.50%,3.01%,2.64%,97.21%,97.21%,0,2.29%,-0.58%,,,,,,,,,,,,
,,,,,,,,,,,,,,,,,,2022,2/3/2022,$                                                       63.75,,,,,,,,,,2.51%,$             63.75,1.60,106.53,53.08,69.88,20%,67%,1.50%,3.01%,2.64%,97.02%,97.02%,0,2.29%,-0.48%,,,,,,,,,,,,
,,,,,,,,,,,,,,,,,,2022,2/4/2022,$                                                       64.69,,,,,,,,,,2.47%,$             64.69,1.60,106.53,53.08,69.88,22%,65%,1.50%,3.01%,2.60%,94.16%,94.16%,0,2.29%,0.00%,,,,,,,,,,,,
,,,,,,,,,,,,,,,,,,2022,2/7/2022,$                                                       65.27,,,,,,,,,,2.45%,$             65.27,1.60,106.53,53.08,69.88,23%,63%,1.50%,3.01%,2.57%,92.43%,92.43%,0,2.29%,0.00%,,,,,,,,,,,,
,,,,,,,,,,,,,,,,,,2022,2/8/2022,$                                                       66.04,,,,,,,,,,2.42%,$             66.04,1.60,106.53,53.08,69.88,24%,61%,1.50%,3.01%,2.54%,90.19%,90.19%,0,2.29%,0.00%,,,,,,,,,,,,
,,,,,,,,,,,,,,,,,,2022,2/9/2022,$                                                       66.04,,,,,,,,,,2.42%,$             66.04,1.60,106.53,53.08,69.88,24%,61%,1.50%,3.01%,2.54%,90.19%,90.19%,0,2.29%,0.00%,,,,,,,,,,,,
,,,,,,,,,,,,,,,,,,2022,2/10/2022,$                                                       65.55,,,,,,,,,,2.44%,$             65.55,1.60,106.53,53.08,69.88,23%,63%,1.50%,3.01%,2.56%,91.61%,91.61%,0,2.29%,-0.74%,,,,,,,,,,,,
,,,,,,,,,,,,,,,,,,2022,2/11/2022,$                                                        65.31,,,,,,,,,,2.45%,$              65.31,1.60,106.53,53.08,69.88,23%,63%,1.50%,3.01%,2.57%,92.31%,92.31%,0,2.29%,-1.11%,,,,,,,,,,,,
,,,,,,,,,,,,,,,,,,2022,2/14/2022,$                                                       64.22,,,,,,,,,,2.49%,$             64.22,1.60,106.53,53.08,69.88,21%,66%,1.50%,3.01%,2.62%,95.58%,95.58%,0,2.29%,-2.76%,,,,,,,,,,,,
,,,,,,,,,,,,,,,,,,2022,2/15/2022,$                                                       64.56,,,,,,,,,,2.48%,$             64.56,1.60,106.53,53.08,69.88,21%,65%,1.50%,3.01%,2.60%,94.55%,94.55%,0,2.29%,-2.24%,,,,,,,,,,,,
,,,,,,,,,,,,,,,,,,2022,2/16/2022,$                                                       64.52,,,,,,,,,,2.48%,$             64.52,1.60,106.53,53.08,69.88,21%,65%,1.50%,3.01%,2.60%,94.67%,94.67%,0,2.29%,-2.30%,,,,,,,,,,,,
,,,,,,,,,,,,,,,,,,2022,2/17/2022,$                                                       63.20,,,,,,,,,,2.53%,$             63.20,1.60,106.53,53.08,69.88,19%,69%,1.50%,3.01%,2.66%,98.73%,98.73%,0,2.29%,-4.30%,,,,,,,,,,,,
,,,,,,,,,,,,,,,,,,2022,2/18/2022,$                                                        63.17,,,,,,,,,,2.53%,$              63.17,1.60,106.53,53.08,69.88,19%,69%,1.50%,3.01%,2.66%,98.83%,98.83%,0,2.29%,-4.35%,,,,,,,,,,,,
,,,,,,,,,,,,,,,,,,2022,2/22/2022,$                                                       62.77,,,,,,,,,,2.55%,$             62.77,1.60,106.53,53.08,69.88,18%,70%,1.50%,3.01%,2.68%,100.10%,100.10%,0,2.29%,-4.95%,,,,,,,,,,,,
,,,,,,,,,,,,,,,,,,2022,2/23/2022,$                                                        61.59,,,,,,,,,,2.60%,$              61.59,1.60,106.53,53.08,69.88,16%,73%,1.50%,3.01%,2.73%,103.93%,103.93%,0,2.29%,-6.74%,,,,,,,,,,,,
,,,,,,,,,,,,,,,,,,2022,2/24/2022,$                                                       59.62,,,,,,,,,,2.68%,$             59.62,1.60,106.53,53.08,69.88,12%,79%,1.50%,3.01%,2.82%,110.67%,110.67%,0,2.29%,-9.72%,,,,,,,,,,,,
,,,,,,,,,,,,,,,,,,2022,2/25/2022,$                                                        61.95,,,,,,,,,,2.58%,$              61.95,1.60,106.53,53.08,69.88,17%,72%,1.50%,3.01%,2.71%,102.74%,102.74%,0,2.29%,-6.19%,,,,,,,,,,,,
,,,,,,,,,,,,,,,,,,2022,2/28/2022,$                                                        61.09,,,,,,,,,,2.62%,$              61.09,1.60,106.53,53.08,69.88,15%,74%,1.50%,3.01%,2.75%,105.60%,105.60%,0,2.29%,-7.50%,,,,,,,,,,,,
,,,,,,,,,,,,,,,,,,2022,3/1/2022,$                                                       58.48,,,,,,,,,,2.74%,$             58.48,1.60,106.53,53.08,69.88,10%,82%,1.50%,3.01%,2.87%,114.77%,114.77%,0,2.29%,-11.45%,,,,,,,,,,,,
,,,,,,,,,,,,,,,,,,2022,3/2/2022,$                                                        60.14,,,,,,,,,,2.66%,$              60.14,1.60,106.53,53.08,69.88,13%,77%,1.50%,3.01%,2.79%,108.85%,108.85%,0,2.29%,-8.93%,,,,,,,,,,,,
,,,,,,,,,,,,,,,,,,2022,3/3/2022,$                                                         61.16,,,,,,,,,,2.62%,$               61.16,1.60,106.53,53.08,69.88,15%,74%,1.50%,3.01%,2.75%,105.36%,105.36%,0,2.29%,-7.39%,,,,,,,,,,,,
,,,,,,,,,,,,,,,,,,2022,3/4/2022,$                                                        60.10,,,,,,,,,,2.66%,$              60.10,1.60,106.53,53.08,69.88,13%,77%,1.50%,3.01%,2.80%,108.99%,108.99%,0,2.29%,-8.99%,,,,,,,,,,,,
,,,,,,,,,,,,,,,,,,2022,3/7/2022,$                                                       59.03,,,,,,,,,,2.71%,$             59.03,1.60,106.53,53.08,69.88,11%,80%,1.50%,3.01%,2.85%,112.77%,112.77%,0,2.29%,-10.61%,,,,,,,,,,,,
,,,,,,,,,,,,,,,,,,2022,3/8/2022,$                                                       59.23,,,,,,,,,,2.70%,$             59.23,1.60,106.53,53.08,69.88,11%,80%,1.50%,3.01%,2.84%,112.05%,112.05%,0,2.29%,-10.31%,,,,,,,,,,,,
,,,,,,,,,,,,,,,,,,2022,3/9/2022,$                                                       60.39,,,,,,,,,,2.65%,$             60.39,1.60,106.53,53.08,69.88,14%,76%,1.50%,3.01%,2.78%,107.98%,107.98%,0,2.29%,-8.56%,,,,,,,,,,,,
,,,,,,,,,,,,,,,,,,2022,3/10/2022,$                                                       59.96,,,,,,,,,,2.67%,$             59.96,1.60,106.53,53.08,69.88,13%,78%,1.50%,3.01%,2.80%,109.47%,109.47%,0,2.29%,-9.21%,,,,,,,,,,,,
,,,,,,,,,,,,,,,,,,2022,3/11/2022,$                                                       59.96,,,,,,,,,,2.67%,$             59.96,1.60,106.53,53.08,69.88,13%,78%,1.50%,3.01%,2.80%,109.47%,109.47%,0,2.29%,-9.21%,,,,,,,,,,,,
,,,,,,,,,,,,,,,,,,2022,3/14/2022,$                                                       60.84,,,,,,,,,,2.63%,$             60.84,1.60,106.53,53.08,69.88,15%,75%,1.50%,3.01%,2.76%,106.44%,106.44%,0,2.29%,-7.87%,,,,,,,,,,,,
,,,,,,,,,,,,,,,,,,2022,3/15/2022,$                                                        61.26,,,,,,,,,,2.61%,$              61.26,1.60,106.53,53.08,69.88,15%,74%,1.50%,3.01%,2.74%,105.03%,105.03%,0,2.29%,-7.24%,,,,,,,,,,,,
,,,,,,,,,,,,,,,,,,2022,3/16/2022,$                                                       62.62,,,,,,,,,,2.56%,$             62.62,1.60,106.53,53.08,69.88,18%,70%,1.50%,3.01%,2.68%,100.57%,100.57%,0,2.29%,-5.18%,,,,,,,,,,,,
,,,,,,,,,,,,,,,,,,2022,3/17/2022,$                                                       62.90,,,,,,,,,,2.54%,$             62.90,1.60,106.53,53.08,69.88,18%,69%,1.50%,3.01%,2.67%,99.68%,99.68%,0,2.29%,-4.75%,,,,,,,,,,,,
,,,,,,,,,,,,,,,,,,2022,3/18/2022,$                                                       62.95,,,,,,,,,,2.54%,$             62.95,1.60,106.53,53.08,69.88,18%,69%,1.50%,3.01%,2.67%,99.52%,99.52%,0,2.29%,-4.68%,,,,,,,,,,,,
,,,,,,,,,,,,,,,,,,2022,3/21/2022,$                                                       63.40,,,,,,,,,,2.52%,$             63.40,1.60,106.53,53.08,69.88,19%,68%,1.50%,3.01%,2.65%,98.11%,98.11%,0,2.29%,-4.00%,,,,,,,,,,,,
,,,,,,,,,,,,,,,,,,2022,3/22/2022,$                                                       64.46,,,,,,,,,,2.48%,$             64.46,1.60,106.53,53.08,69.88,21%,65%,1.50%,3.01%,2.61%,94.85%,94.85%,0,2.29%,-2.39%,,,,,,,,,,,,
,,,,,,,,,,,,,,,,,,2022,3/23/2022,$                                                       63.74,,,,,,,,,,2.51%,$             63.74,1.60,106.53,53.08,69.88,20%,67%,1.50%,3.01%,2.64%,97.05%,97.05%,0,2.29%,-3.48%,,,,,,,,,,,,
,,,,,,,,,,,,,,,,,,2022,3/24/2022,$                                                       64.49,,,,,,,,,,2.48%,$             64.49,1.60,106.53,53.08,69.88,21%,65%,1.50%,3.01%,2.61%,94.76%,94.76%,0,2.29%,-2.35%,,,,,,,,,,,,
,,,,,,,,,,,,,,,,,,2022,3/25/2022,$                                                       65.53,,,,,,,,,,2.44%,$             65.53,1.60,106.53,53.08,69.88,23%,63%,1.50%,3.01%,2.56%,91.67%,91.67%,0,2.29%,-0.77%,,,,,,,,,,,,
,,,,,,,,,,,,,,,,,,2022,3/28/2022,$                                                       65.28,,,,,,,,,,2.45%,$             65.28,1.60,106.53,53.08,69.88,23%,63%,1.50%,3.01%,2.57%,92.40%,92.40%,0,2.29%,-1.15%,,,,,,,,,,,,
,,,,,,,,,,,,,,,,,,2022,3/29/2022,$                                                       65.32,,,,,,,,,,2.45%,$             65.32,1.60,106.53,53.08,69.88,23%,63%,1.50%,3.01%,2.57%,92.28%,92.28%,0,2.29%,-1.09%,,,,,,,,,,,,
,,,,,,,,,,,,,,,,,,2022,3/30/2022,$                                                       65.50,,,,,,,,,,2.44%,$             65.50,1.60,106.53,53.08,69.88,23%,63%,1.50%,3.01%,2.56%,91.76%,91.76%,0,2.29%,-0.82%,,,,,,,,,,,,
,,,,,,,,,,,,,,,,,,2022,3/31/2022,$                                                       64.39,,,,,,,,,,2.48%,$             64.39,1.60,106.53,53.08,69.88,21%,65%,1.50%,3.01%,2.61%,95.06%,95.06%,0,2.29%,-2.50%,,,,,,,,,,,,
,,,,,,,,,,,,,,,,,,2022,4/1/2022,$                                                       64.84,,,,,,,,,,2.47%,$             64.84,1.60,106.53,53.08,69.88,22%,64%,1.50%,3.01%,2.59%,93.71%,93.71%,0,2.29%,-1.82%,,,,,,,,,,,,
,,,,,,,,,,,,,,,,,,2022,4/4/2022,$                                                        63.61,,,,,,,,,,2.52%,$              63.61,1.60,106.53,53.08,69.88,20%,67%,1.50%,3.01%,2.64%,97.45%,97.45%,0,2.29%,-3.68%,,,,,,,,,,,,
,,,,,,,,,,,,,,,,,,2022,4/5/2022,$                                                       63.77,,,,,,,,,,2.51%,$             63.77,1.60,106.53,53.08,69.88,20%,67%,1.50%,3.01%,2.63%,96.96%,96.96%,0,2.29%,-3.44%,,,,,,,,,,,,
,,,,,,,,,,,,,,,,,,2022,4/6/2022,$                                                       65.07,,,,,,,,,,2.46%,$             65.07,1.60,106.53,53.08,69.88,22%,64%,1.50%,3.01%,2.58%,93.02%,93.02%,0,2.29%,-1.47%,,,,,,,,,,,,
,,,,,,,,,,,,,,,,,,2022,4/7/2022,$                                                        65.17,,,,,,,,,,2.46%,$              65.17,1.60,106.53,53.08,69.88,23%,63%,1.50%,3.01%,2.58%,92.73%,92.73%,0,2.29%,-1.32%,,,,,,,,,,,,
,,,,,,,,,,,,,,,,,,2022,4/8/2022,$                                                       65.52,,,,,,,,,,2.44%,$             65.52,1.60,106.53,53.08,69.88,23%,63%,1.50%,3.01%,2.56%,91.70%,91.70%,0,2.29%,-0.79%,,,,,,,,,,,,
,,,,,,,,,,,,,,,,,,2022,4/11/2022,$                                                        65.19,,,,,,,,,,2.45%,$              65.19,1.60,106.53,53.08,69.88,23%,63%,1.50%,3.01%,2.58%,92.67%,92.67%,0,2.29%,-1.29%,,,,,,,,,,,,
,,,,,,,,,,,,,,,,,,2022,4/12/2022,$                                                       64.89,,,,,,,,,,2.47%,$             64.89,1.60,106.53,53.08,69.88,22%,64%,1.50%,3.01%,2.59%,93.56%,93.56%,0,2.29%,-1.74%,,,,,,,,,,,,
,,,,,,,,,,,,,,,,,,2022,4/13/2022,$                                                       64.99,,,,,,,,,,2.46%,$             64.99,1.60,106.53,53.08,69.88,22%,64%,1.50%,3.01%,2.59%,93.26%,93.26%,0,2.29%,-1.59%,,,,,,,,,,,,
,,,,,,,,,,,,,,,,,,2022,4/14/2022,$                                                       65.33,,,,,,,,,,2.45%,$             65.33,1.60,106.53,53.08,69.88,23%,63%,1.50%,3.01%,2.57%,92.25%,92.25%,0,2.29%,-1.08%,,,,,,,,,,,,
,,,,,,,,,,,,,,,,,,2022,4/18/2022,$                                                       65.52,,,,,,,,,,2.44%,$             65.52,1.60,106.53,53.08,69.88,23%,63%,1.50%,3.01%,2.56%,91.70%,91.70%,0,2.29%,-0.79%,,,,,,,,,,,,
,,,,,,,,,,,,,,,,,,2022,4/19/2022,$                                                       65.49,,,,,,,,,,2.44%,$             65.49,1.60,106.53,53.08,69.88,23%,63%,1.50%,3.01%,2.57%,91.79%,91.79%,0,2.29%,-0.83%,,,,,,,,,,,,
,,,,,,,,,,,,,,,,,,2022,4/20/2022,$                                                       66.62,,,,,,,,,,2.40%,$             66.62,1.60,106.53,53.08,69.88,25%,60%,1.50%,3.01%,2.52%,88.53%,88.53%,0,2.29%,0.00%,,,,,,,,,,,,
,,,,,,,,,,,,,,,,,,2022,4/21/2022,$                                                       65.50,,,,,,,,,,2.44%,$             65.50,1.60,106.53,53.08,69.88,23%,63%,1.50%,3.01%,2.56%,91.76%,91.76%,0,2.29%,-1.68%,,,,,,,,,,,,
,,,,,,,,,,,,,,,,,,2022,4/22/2022,$                                                       63.37,,,,,,,,,,2.52%,$             63.37,1.60,106.53,53.08,69.88,19%,68%,1.50%,3.01%,2.65%,98.20%,98.20%,0,2.29%,-4.88%,,,,,,,,,,,,
,,,,,,,,,,,,,,,,,,2022,4/25/2022,$                                                       62.40,,,,,,,,,,2.56%,$             62.40,1.60,106.53,53.08,69.88,17%,71%,1.50%,3.01%,2.69%,101.28%,101.28%,0,2.29%,-6.33%,,,,,,,,,,,,
,,,,,,,,,,,,,,,,,,2022,4/26/2022,$                                                       60.77,,,,,,,,,,2.63%,$             60.77,1.60,106.53,53.08,69.88,14%,75%,1.50%,3.01%,2.76%,106.68%,106.68%,0,2.29%,-8.78%,,,,,,,,,,,,
,,,,,,,,,,,,,,,,,,2022,4/27/2022,$                                                       60.82,,,,,,,,,,2.63%,$             60.82,1.60,106.53,53.08,69.88,14%,75%,1.50%,3.01%,2.76%,106.51%,106.51%,0,2.29%,-8.71%,,,,,,,,,,,,
,,,,,,,,,,,,,,,,,,2022,4/28/2022,$                                                       59.26,,,,,,,,,,2.70%,$             59.26,1.60,106.53,53.08,69.88,12%,80%,1.50%,3.01%,2.83%,111.95%,111.95%,0,2.29%,-11.05%,,,,,,,,,,,,
,,,,,,,,,,,,,,,,,,2022,4/29/2022,$                                                       57.28,,,,,,,,,,2.79%,$             57.28,1.60,106.53,53.08,69.88,8%,86%,1.50%,3.01%,2.93%,119.27%,119.27%,0,2.29%,-14.02%,,,,,,,,,,,,
,,,,,,,,,,,,,,,,,,2022,5/2/2022,$                                                       57.30,,,,,,,,,,2.79%,$             57.30,1.60,106.53,53.08,69.88,8%,86%,1.50%,3.01%,2.93%,119.20%,119.20%,0,2.29%,-13.99%,,,,,,,,,,,,
,,,,,,,,,,,,,,,,,,2022,5/3/2022,$                                                       57.92,,,,,,,,,,2.76%,$             57.92,1.60,106.53,53.08,69.88,9%,84%,1.50%,3.01%,2.90%,116.85%,116.85%,0,2.29%,-13.06%,,,,,,,,,,,,
,,,,,,,,,,,,,,,,,,2022,5/4/2022,$                                                       59.68,,,,,,,,,,2.68%,$             59.68,1.60,106.53,53.08,69.88,12%,79%,1.50%,3.01%,2.82%,110.46%,110.46%,0,2.29%,-10.42%,,,,,,,,,,,,
,,,,,,,,,,,,,,,,,,2022,5/5/2022,$                                                       58.03,,,,,,,,,,2.76%,$             58.03,1.60,106.53,53.08,69.88,9%,84%,1.50%,3.01%,2.90%,116.44%,116.44%,0,2.29%,-12.89%,,,,,,,,,,,,
,,,,,,,,,,,,,,,,,,2022,5/6/2022,$                                                       58.23,,,,,,,,,,2.75%,$             58.23,1.60,106.53,53.08,69.88,10%,83%,1.50%,3.01%,2.89%,115.70%,115.70%,0,2.29%,-12.59%,,,,,,,,,,,,
,,,,,,,,,,,,,,,,,,2022,5/9/2022,$                                                       57.56,,,,,,,,,,2.78%,$             57.56,1.60,106.53,53.08,69.88,8%,85%,1.50%,3.01%,2.92%,118.21%,118.21%,0,2.29%,-13.60%,,,,,,,,,,,,
,,,,,,,,,,,,,,,,,,2022,5/10/2022,$                                                       57.34,,,,,,,,,,2.79%,$             57.34,1.60,106.53,53.08,69.88,8%,86%,1.50%,3.01%,2.93%,119.04%,119.04%,0,2.29%,-13.93%,,,,,,,,,,,,
,,,,,,,,,,,,,,,,,,2022,5/11/2022,$                                                       56.88,,,,,,,,,,2.81%,$             56.88,1.60,106.53,53.08,69.88,7%,87%,1.50%,3.01%,2.95%,120.82%,120.82%,0,2.29%,-14.62%,,,,,,,,,,,,
,,,,,,,,,,,,,,,,,,2022,5/12/2022,$                                                         56.11,,,,,,,,,,2.85%,$               56.11,1.60,106.53,53.08,69.88,6%,90%,1.50%,3.01%,2.99%,123.85%,123.85%,0,2.29%,-15.78%,,,,,,,,,,,,
,,,,,,,,,,,,,,,,,,2022,5/13/2022,$                                                       56.28,,,,,,,,,,2.84%,$             56.28,1.60,106.53,53.08,69.88,6%,89%,1.50%,3.01%,2.99%,123.17%,123.17%,0,2.29%,-15.52%,,,,,,,,,,,,
,,,,,,,,,,,,,,,,,,2022,5/16/2022,$                                                        56.19,,,,,,,,,,2.85%,$              56.19,1.60,106.53,53.08,69.88,6%,90%,1.50%,3.01%,2.99%,123.53%,123.53%,0,2.29%,-15.66%,,,,,,,,,,,,
,,,,,,,,,,,,,,,,,,2022,5/17/2022,$                                                       57.24,,,,,,,,,,2.80%,$             57.24,1.60,106.53,53.08,69.88,8%,86%,1.50%,3.01%,2.94%,119.43%,119.43%,0,2.29%,-14.08%,,,,,,,,,,,,
,,,,,,,,,,,,,,,,,,2022,5/18/2022,$                                                       56.32,,,,,,,,,,2.84%,$             56.32,1.60,106.53,53.08,69.88,6%,89%,1.50%,3.01%,2.98%,123.01%,123.01%,0,2.29%,-15.46%,,,,,,,,,,,,
,,,,,,,,,,,,,,,,,,2022,5/19/2022,$                                                       55.60,,,,,,,,,,2.88%,$             55.60,1.60,106.53,53.08,69.88,5%,92%,1.50%,3.01%,3.02%,125.90%,125.90%,0,2.29%,-16.54%,,,,,,,,,,,,
,,,,,,,,,,,,,,,,,,2022,5/20/2022,$                                                       55.09,,,,,,,,,,2.90%,$             55.09,1.60,106.53,53.08,69.88,4%,93%,1.50%,3.01%,3.05%,127.99%,127.99%,0,2.29%,-17.31%,,,,,,,,,,,,
,,,,,,,,,,,,,,,,,,2022,5/23/2022,$                                                       56.53,,,,,,,,,,2.83%,$             56.53,1.60,106.53,53.08,69.88,6%,88%,1.50%,3.01%,2.97%,122.18%,122.18%,0,2.29%,-15.15%,,,,,,,,,,,,
,,,,,,,,,,,,,,,,,,2022,5/24/2022,$                                                       57.08,,,,,,,,,,2.80%,$             57.08,1.60,106.53,53.08,69.88,7%,87%,1.50%,3.01%,2.94%,120.04%,120.04%,0,2.29%,-14.32%,,,,,,,,,,,,
,,,,,,,,,,,,,,,,,,2022,5/25/2022,$                                                       57.80,,,,,,,,,,2.77%,$             57.80,1.60,106.53,53.08,69.88,9%,84%,1.50%,3.01%,2.91%,117.30%,117.30%,0,2.29%,-13.24%,,,,,,,,,,,,
,,,,,,,,,,,,,,,,,,2022,5/26/2022,$                                                        59.12,,,,,,,,,,2.71%,$              59.12,1.60,106.53,53.08,69.88,11%,80%,1.50%,3.01%,2.84%,112.45%,112.45%,0,2.29%,-11.26%,,,,,,,,,,,,
,,,,,,,,,,,,,,,,,,2022,5/27/2022,$                                                        60.41,,,,,,,,,,2.65%,$              60.41,1.60,106.53,53.08,69.88,14%,76%,1.50%,3.01%,2.78%,107.91%,107.91%,0,2.29%,-9.32%,,,,,,,,,,,,
,,,,,,,,,,,,,,,,,,2022,5/31/2022,$                                                       60.57,,,,,,,,,,2.64%,$             60.57,1.60,106.53,53.08,69.88,14%,76%,1.50%,3.01%,2.77%,107.36%,107.36%,0,2.29%,-9.08%,,,,,,,,,,,,
,,,,,,,,,,,,,,,,,,2022,6/1/2022,$                                                        59.81,,,,,,,,,,2.68%,$              59.81,1.60,106.53,53.08,69.88,13%,78%,1.50%,3.01%,2.81%,110.00%,110.00%,0,2.29%,-10.22%,,,,,,,,,,,,
,,,,,,,,,,,,,,,,,,2022,6/2/2022,$                                                       59.69,,,,,,,,,,2.68%,$             59.69,1.60,106.53,53.08,69.88,12%,78%,1.50%,3.01%,2.81%,110.42%,110.42%,0,2.29%,-10.40%,,,,,,,,,,,,
,,,,,,,,,,,,,,,,,,2022,6/3/2022,$                                                       58.82,,,,,,,,,,2.72%,$             58.82,1.60,106.53,53.08,69.88,11%,81%,1.50%,3.01%,2.86%,113.53%,113.53%,0,2.29%,-11.71%,,,,,,,,,,,,
,,,,,,,,,,,,,,,,,,2022,6/6/2022,$                                                        59.16,,,,,,,,,,2.70%,$              59.16,1.60,106.53,53.08,69.88,11%,80%,1.50%,3.01%,2.84%,112.31%,112.31%,0,2.29%,-11.20%,,,,,,,,,,,,
,,,,,,,,,,,,,,,,,,2022,6/7/2022,$                                                       59.63,,,,,,,,,,2.68%,$             59.63,1.60,106.53,53.08,69.88,12%,79%,1.50%,3.01%,2.82%,110.63%,110.63%,0,2.29%,-10.49%,,,,,,,,,,,,
,,,,,,,,,,,,,,,,,,2022,6/8/2022,$                                                       58.72,,,,,,,,,,2.72%,$             58.72,1.60,106.53,53.08,69.88,11%,81%,1.50%,3.01%,2.86%,113.90%,113.90%,0,2.29%,-11.86%,,,,,,,,,,,,
,,,,,,,,,,,,,,,,,,2022,6/9/2022,$                                                       57.43,,,,,,,,,,2.79%,$             57.43,1.60,106.53,53.08,69.88,8%,86%,1.50%,3.01%,2.93%,118.70%,118.70%,0,2.29%,-13.79%,,,,,,,,,,,,
,,,,,,,,,,,,,,,,,,2022,6/10/2022,$                                                       55.63,,,,,,,,,,2.88%,$             55.63,1.60,106.53,53.08,69.88,5%,92%,1.50%,3.01%,3.02%,125.78%,125.78%,0,2.29%,-16.50%,,,,,,,,,,,,
,,,,,,,,,,,,,,,,,,2022,6/13/2022,$                                                       53.74,,,,,,,,,,2.98%,$             53.74,1.60,106.53,53.08,69.88,1%,98%,1.50%,3.01%,3.13%,133.72%,133.72%,0,2.29%,-19.33%,,,,,,,,,,,,
,,,,,,,,,,,,,,,,,,2022,6/14/2022,$                                                        53.71,,,,,,,,,,2.98%,$              53.71,1.60,106.53,53.08,69.88,1%,98%,1.50%,3.01%,3.13%,133.85%,133.85%,0,2.29%,-19.38%,,,,,,,,,,,,
,,,,,,,,,,,,,,,,,,2022,6/15/2022,$                                                       54.23,,,,,,,,,,2.95%,$             54.23,1.60,106.53,53.08,69.88,2%,96%,1.50%,3.01%,3.10%,131.61%,131.61%,0,2.29%,-18.60%,,,,,,,,,,,,
,,,,,,,,,,,,,,,,,,2022,6/16/2022,$                                                        53.01,,,,,,,,,,3.02%,$              53.01,1.60,106.53,53.08,69.88,0%,101%,1.50%,3.01%,3.17%,136.94%,136.94%,0,2.29%,-20.43%,,,,,,,,,,,,
,,,,,,,,,,,,,,,,,,2022,6/17/2022,$                                                       53.05,,,,,,,,,,3.02%,$             53.05,1.60,106.53,53.08,69.88,0%,101%,1.50%,3.01%,3.17%,136.76%,136.76%,0,2.29%,-20.37%,,,,,,,,,,,,
,,,,,,,,,,,,,,,,,,2022,6/21/2022,$                                                        54.18,,,,,,,,,,2.95%,$              54.18,1.60,106.53,53.08,69.88,2%,97%,1.50%,3.01%,3.10%,131.82%,131.82%,0,2.29%,-18.67%,,,,,,,,,,,,
,,,,,,,,,,,,,,,,,,2022,6/22/2022,$                                                       53.96,,,,,,,,,,2.97%,$             53.96,1.60,106.53,53.08,69.88,2%,97%,1.50%,3.01%,3.11%,132.77%,132.77%,0,2.29%,-19.00%,,,,,,,,,,,,
,,,,,,,,,,,,,,,,,,2022,6/23/2022,$                                                       53.65,,,,,,,,,,2.98%,$             53.65,1.60,106.53,53.08,69.88,1%,99%,1.50%,3.01%,3.13%,134.11%,134.11%,0,2.29%,-19.47%,,,,,,,,,,,,
,,,,,,,,,,,,,,,,,,2022,6/24/2022,$                                                       55.79,,,,,,,,,,2.87%,$             55.79,1.60,106.53,53.08,69.88,5%,91%,1.50%,3.01%,3.01%,125.13%,125.13%,0,2.29%,-16.26%,,,,,,,,,,,,
,,,,,,,,,,,,,,,,,,2022,6/27/2022,$                                                       55.89,,,,,,,,,,2.86%,$             55.89,1.60,106.53,53.08,69.88,5%,91%,1.50%,3.01%,3.01%,124.73%,124.73%,0,2.29%,-16.11%,,,,,,,,,,,,
,,,,,,,,,,,,,,,,,,2022,6/28/2022,$                                                       55.90,,,,,,,,,,2.86%,$             55.90,1.60,106.53,53.08,69.88,5%,91%,1.50%,3.01%,3.01%,124.69%,124.69%,0,2.29%,-16.09%,,,,,,,,,,,,
,,,,,,,,,,,,,,,,,,2022,6/29/2022,$                                                       55.46,,,,,,,,,,2.88%,$             55.46,1.60,106.53,53.08,69.88,4%,92%,1.50%,3.01%,3.03%,126.47%,126.47%,0,2.29%,-16.75%,,,,,,,,,,,,
,,,,,,,,,,,,,,,,,,2022,6/30/2022,$                                                       55.33,,,,,,,,,,2.89%,$             55.33,1.60,106.53,53.08,69.88,4%,93%,1.50%,3.01%,3.04%,127.00%,127.00%,0,2.29%,-16.95%,,,,,,,,,,,,
,,,,,,,,,,,,,,,,,,2022,7/1/2022,$                                                       56.24,,,,,,,,,,2.84%,$             56.24,1.60,106.53,53.08,69.88,6%,89%,1.50%,3.01%,2.99%,123.33%,123.33%,0,2.29%,-15.58%,,,,,,,,,,,,
,,,,,,,,,,,,,,,,,,2022,7/5/2022,$                                                       55.52,,,,,,,,,,2.88%,$             55.52,1.60,106.53,53.08,69.88,5%,92%,1.50%,3.01%,3.03%,126.22%,126.22%,0,2.29%,-16.66%,,,,,,,,,,,,
,,,,,,,,,,,,,,,,,,2022,7/6/2022,$                                                       55.94,,,,,,,,,,2.86%,$             55.94,1.60,106.53,53.08,69.88,5%,90%,1.50%,3.01%,3.00%,124.53%,124.53%,0,2.29%,-16.03%,,,,,,,,,,,,
,,,,,,,,,,,,,,,,,,2022,7/7/2022,$                                                       56.35,,,,,,,,,,2.84%,$             56.35,1.60,106.53,53.08,69.88,6%,89%,1.50%,3.01%,2.98%,122.89%,122.89%,0,2.29%,-15.42%,,,,,,,,,,,,
,,,,,,,,,,,,,,,,,,2022,7/8/2022,$                                                       56.25,,,,,,,,,,2.84%,$             56.25,1.60,106.53,53.08,69.88,6%,89%,1.50%,3.01%,2.99%,123.29%,123.29%,0,2.29%,-15.57%,,,,,,,,,,,,
,,,,,,,,,,,,,,,,,,2022,7/11/2022,$                                                       56.04,,,,,,,,,,2.86%,$             56.04,1.60,106.53,53.08,69.88,6%,90%,1.50%,3.01%,3.00%,124.13%,124.13%,0,2.29%,-15.88%,,,,,,,,,,,,
,,,,,,,,,,,,,,,,,,2022,7/12/2022,$                                                       55.74,,,,,,,,,,2.87%,$             55.74,1.60,106.53,53.08,69.88,5%,91%,1.50%,3.01%,3.01%,125.33%,125.33%,0,2.29%,-16.33%,,,,,,,,,,,,
,,,,,,,,,,,,,,,,,,2022,7/13/2022,$                                                       54.59,,,,,,,,,,2.93%,$             54.59,1.60,106.53,53.08,69.88,3%,95%,1.50%,3.01%,3.08%,130.08%,130.08%,0,2.29%,-18.06%,,,,,,,,,,,,
,,,,,,,,,,,,,,,,,,2022,7/14/2022,$                                                       53.45,,,,,,,,,,2.99%,$             53.45,1.60,106.53,53.08,69.88,1%,99%,1.50%,3.01%,3.14%,134.99%,134.99%,0,2.29%,-19.77%,,,,,,,,,,,,
,,,,,,,,,,,,,,,,,,2022,7/15/2022,$                                                        54.31,,,,,,,,,,2.95%,$              54.31,1.60,106.53,53.08,69.88,2%,96%,1.50%,3.01%,3.09%,131.26%,131.26%,0,2.29%,-18.48%,,,,,,,,,,,,
,,,,,,,,,,,,,,,,,,2022,7/18/2022,$                                                        54.17,,,,,,,,,,2.95%,$              54.17,1.60,106.53,53.08,69.88,2%,97%,1.50%,3.01%,3.10%,131.86%,131.86%,0,2.29%,-18.69%,,,,,,,,,,,,
,,,,,,,,,,,,,,,,,,2022,7/19/2022,$                                                       54.97,,,,,,,,,,2.91%,$             54.97,1.60,106.53,53.08,69.88,4%,94%,1.50%,3.01%,3.06%,128.49%,128.49%,0,2.29%,-17.49%,,,,,,,,,,,,
,,,,,,,,,,,,,,,,,,2022,7/20/2022,$                                                       54.70,,,,,,,,,,2.93%,$             54.70,1.60,106.53,53.08,69.88,3%,95%,1.50%,3.01%,3.07%,129.62%,129.62%,0,2.29%,-17.89%,,,,,,,,,,,,
,,,,,,,,,,,,,,,,,,2022,7/21/2022,$                                                       55.03,,,,,,,,,,2.91%,$             55.03,1.60,106.53,53.08,69.88,4%,94%,1.50%,3.01%,3.05%,128.24%,128.24%,0,2.29%,-17.40%,,,,,,,,,,,,
,,,,,,,,,,,,,,,,,,2022,7/22/2022,$                                                       55.28,,,,,,,,,,2.89%,$             55.28,1.60,106.53,53.08,69.88,4%,93%,1.50%,3.01%,3.04%,127.21%,127.21%,0,2.29%,-17.02%,,,,,,,,,,,,
,,,,,,,,,,,,,,,,,,2022,7/25/2022,$                                                       56.06,,,,,,,,,,2.85%,$             56.06,1.60,106.53,53.08,69.88,6%,90%,1.50%,3.01%,3.00%,124.05%,124.05%,0,2.29%,-15.85%,,,,,,,,,,,,
,,,,,,,,,,,,,,,,,,2022,7/26/2022,$                                                       55.64,,,,,,,,,,2.88%,$             55.64,1.60,106.53,53.08,69.88,5%,91%,1.50%,3.01%,3.02%,125.74%,125.74%,0,2.29%,-16.48%,,,,,,,,,,,,
,,,,,,,,,,,,,,,,,,2022,7/27/2022,$                                                       56.00,,,,,,,,,,2.86%,$             56.00,1.60,106.53,53.08,69.88,5%,90%,1.50%,3.01%,3.00%,124.29%,124.29%,0,2.29%,-15.94%,,,,,,,,,,,,
,,,,,,,,,,,,,,,,,,2022,7/28/2022,$                                                       56.42,,,,,,,,,,2.84%,$             56.42,1.60,106.53,53.08,69.88,6%,89%,1.50%,3.01%,2.98%,122.62%,122.62%,0,2.29%,-15.31%,,,,,,,,,,,,
,,,,,,,,,,,,,,,,,,2022,7/29/2022,$                                                       57.30,,,,,,,,,,2.79%,$             57.30,1.60,106.53,53.08,69.88,8%,86%,1.50%,3.01%,2.93%,119.20%,119.20%,0,2.29%,-13.99%,,,,,,,,,,,,
,,,,,,,,,,,,,,,,,,2022,8/1/2022,$                                                        56.71,,,,,,,,,,2.82%,$              56.71,1.60,106.53,53.08,69.88,7%,88%,1.50%,3.01%,2.96%,121.48%,121.48%,0,2.29%,-14.88%,,,,,,,,,,,,
,,,,,,,,,,,,,,,,,,2022,8/2/2022,$                                                       58.74,,,,,,,,,,2.72%,$             58.74,1.60,106.53,53.08,69.88,11%,81%,1.50%,3.01%,2.86%,113.82%,113.82%,0,2.29%,-11.83%,,,,,,,,,,,,
,,,,,,,,,,,,,,,,,,2022,8/3/2022,$                                                        59.01,,,,,,,,,,2.71%,$              59.01,1.60,106.53,53.08,69.88,11%,81%,1.50%,3.01%,2.85%,112.85%,112.85%,0,2.29%,-11.42%,,,,,,,,,,,,
,,,,,,,,,,,,,,,,,,2022,8/4/2022,$                                                        59.17,,,,,,,,,,2.70%,$              59.17,1.60,106.53,53.08,69.88,11%,80%,1.50%,3.01%,2.84%,112.27%,112.27%,0,2.29%,-11.18%,,,,,,,,,,,,
,,,,,,,,,,,,,,,,,,2022,8/5/2022,$                                                       59.43,,,,,,,,,,2.69%,$             59.43,1.60,106.53,53.08,69.88,12%,79%,1.50%,3.01%,2.83%,111.34%,111.34%,0,2.29%,-10.79%,,,,,,,,,,,,
,,,,,,,,,,,,,,,,,,2022,8/8/2022,$                                                       59.58,,,,,,,,,,2.69%,$             59.58,1.60,106.53,53.08,69.88,12%,79%,1.50%,3.01%,2.82%,110.81%,110.81%,0,2.29%,-10.57%,,,,,,,,,,,,
,,,,,,,,,,,,,,,,,,2022,8/9/2022,$                                                       60.42,,,,,,,,,,2.65%,$             60.42,1.60,106.53,53.08,69.88,14%,76%,1.50%,3.01%,2.78%,107.88%,107.88%,0,2.29%,-9.31%,,,,,,,,,,,,
,,,,,,,,,,,,,,,,,,2022,8/10/2022,$                                                         61.71,,,,,,,,,,2.59%,$               61.71,1.60,106.53,53.08,69.88,16%,73%,1.50%,3.01%,2.72%,103.53%,103.53%,0,2.29%,-7.37%,,,,,,,,,,,,
,,,,,,,,,,,,,,,,,,2022,8/11/2022,$                                                       62.64,,,,,,,,,,2.55%,$             62.64,1.60,106.53,53.08,69.88,18%,70%,1.50%,3.01%,2.68%,100.51%,100.51%,0,2.29%,-5.97%,,,,,,,,,,,,
,,,,,,,,,,,,,,,,,,2022,8/12/2022,$                                                       64.03,,,,,,,,,,2.50%,$             64.03,1.60,106.53,53.08,69.88,20%,66%,1.50%,3.01%,2.62%,96.16%,96.16%,0,2.29%,-3.89%,,,,,,,,,,,,
,,,,,,,,,,,,,,,,,,2022,8/15/2022,$                                                       64.07,,,,,,,,,,2.50%,$             64.07,1.60,106.53,53.08,69.88,21%,66%,1.50%,3.01%,2.62%,96.04%,96.04%,0,2.29%,-3.83%,,,,,,,,,,,,
,,,,,,,,,,,,,,,,,,2022,8/16/2022,$                                                       63.99,,,,,,,,,,2.50%,$             63.99,1.60,106.53,53.08,69.88,20%,66%,1.50%,3.01%,2.63%,96.28%,96.28%,0,2.29%,-3.95%,,,,,,,,,,,,
,,,,,,,,,,,,,,,,,,2022,8/17/2022,$                                                       63.90,,,,,,,,,,2.50%,$             63.90,1.60,106.53,53.08,69.88,20%,67%,1.50%,3.01%,2.63%,96.56%,96.56%,0,2.29%,-4.08%,,,,,,,,,,,,
,,,,,,,,,,,,,,,,,,2022,8/18/2022,$                                                       64.55,,,,,,,,,,2.48%,$             64.55,1.60,106.53,53.08,69.88,21%,65%,1.50%,3.01%,2.60%,94.58%,94.58%,0,2.29%,-3.11%,,,,,,,,,,,,
,,,,,,,,,,,,,,,,,,2022,8/19/2022,$                                                       63.68,,,,,,,,,,2.51%,$             63.68,1.60,106.53,53.08,69.88,20%,67%,1.50%,3.01%,2.64%,97.24%,97.24%,0,2.29%,-4.41%,,,,,,,,,,,,
,,,,,,,,,,,,,,,,,,2022,8/22/2022,$                                                        62.21,,,,,,,,,,2.57%,$              62.21,1.60,106.53,53.08,69.88,17%,71%,1.50%,3.01%,2.70%,101.90%,101.90%,0,2.29%,-6.62%,,,,,,,,,,,,
,,,,,,,,,,,,,,,,,,2022,8/23/2022,$                                                        61.59,,,,,,,,,,2.60%,$              61.59,1.60,106.53,53.08,69.88,16%,73%,1.50%,3.01%,2.73%,103.93%,103.93%,0,2.29%,-7.55%,,,,,,,,,,,,
,,,,,,,,,,,,,,,,,,2022,8/24/2022,$                                                        61.55,,,,,,,,,,2.60%,$              61.55,1.60,106.53,53.08,69.88,16%,73%,1.50%,3.01%,2.73%,104.06%,104.06%,0,2.29%,-7.61%,,,,,,,,,,,,
,,,,,,,,,,,,,,,,,,2022,8/25/2022,$                                                       62.24,,,,,,,,,,2.57%,$             62.24,1.60,106.53,53.08,69.88,17%,71%,1.50%,3.01%,2.70%,101.80%,101.80%,0,2.29%,-6.57%,,,,,,,,,,,,
,,,,,,,,,,,,,,,,,,2022,8/26/2022,$                                                       60.87,,,,,,,,,,2.63%,$             60.87,1.60,106.53,53.08,69.88,15%,75%,1.50%,3.01%,2.76%,106.34%,106.34%,0,2.29%,-8.63%,,,,,,,,,,,,
,,,,,,,,,,,,,,,,,,2022,8/29/2022,$                                                       60.82,,,,,,,,,,2.63%,$             60.82,1.60,106.53,53.08,69.88,14%,75%,1.50%,3.01%,2.76%,106.51%,106.51%,0,2.29%,-8.71%,,,,,,,,,,,,
,,,,,,,,,,,,,,,,,,2022,8/30/2022,$                                                        60.13,,,,,,,,,,2.66%,$              60.13,1.60,106.53,53.08,69.88,13%,77%,1.50%,3.01%,2.79%,108.88%,108.88%,0,2.29%,-9.74%,,,,,,,,,,,,
,,,,,,,,,,,,,,,,,,2022,8/31/2022,$                                                       59.42,,,,,,,,,,2.69%,$             59.42,1.60,106.53,53.08,69.88,12%,79%,1.50%,3.01%,2.83%,111.38%,111.38%,0,2.29%,-10.81%,,,,,,,,,,,,
,,,,,,,,,,,,,,,,,,2022,9/1/2022,$                                                       59.52,,,,,,,,,,2.69%,$             59.52,1.60,106.53,53.08,69.88,12%,79%,1.50%,3.01%,2.82%,111.02%,111.02%,0,2.29%,-10.66%,,,,,,,,,,,,
,,,,,,,,,,,,,,,,,,2022,9/2/2022,$                                                       59.40,,,,,,,,,,2.69%,$             59.40,1.60,106.53,53.08,69.88,12%,79%,1.50%,3.01%,2.83%,111.45%,111.45%,0,2.29%,-10.84%,,,,,,,,,,,,
,,,,,,,,,,,,,,,,,,2022,9/6/2022,$                                                       59.53,,,,,,,,,,2.69%,$             59.53,1.60,106.53,53.08,69.88,12%,79%,1.50%,3.01%,2.82%,110.99%,110.99%,0,2.29%,-10.64%,,,,,,,,,,,,
,,,,,,,,,,,,,,,,,,2022,9/7/2022,$                                                       60.86,,,,,,,,,,2.63%,$             60.86,1.60,106.53,53.08,69.88,15%,75%,1.50%,3.01%,2.76%,106.38%,106.38%,0,2.29%,-8.65%,,,,,,,,,,,,
,,,,,,,,,,,,,,,,,,2022,9/8/2022,$                                                        61.67,,,,,,,,,,2.59%,$              61.67,1.60,106.53,53.08,69.88,16%,73%,1.50%,3.01%,2.72%,103.66%,103.66%,0,2.29%,-7.43%,,,,,,,,,,,,
,,,,,,,,,,,,,,,,,,2022,9/9/2022,$                                                        61.88,,,,,,,,,,2.59%,$              61.88,1.60,106.53,53.08,69.88,16%,72%,1.50%,3.01%,2.71%,102.97%,102.97%,0,2.29%,-7.11%,,,,,,,,,,,,
,,,,,,,,,,,,,,,,,,2022,9/12/2022,$                                                       62.50,,,,,,,,,,2.56%,$             62.50,1.60,106.53,53.08,69.88,18%,70%,1.50%,3.01%,2.69%,100.96%,100.96%,0,2.29%,-6.18%,,,,,,,,,,,,
,,,,,,,,,,,,,,,,,,2022,9/13/2022,$                                                       60.79,,,,,,,,,,2.63%,$             60.79,1.60,106.53,53.08,69.88,14%,75%,1.50%,3.01%,2.76%,106.61%,106.61%,0,2.29%,-8.75%,,,,,,,,,,,,
,,,,,,,,,,,,,,,,,,2022,9/14/2022,$                                                        60.13,,,,,,,,,,2.66%,$              60.13,1.60,106.53,53.08,69.88,13%,77%,1.50%,3.01%,2.79%,108.88%,108.88%,0,2.29%,-9.74%,,,,,,,,,,,,
,,,,,,,,,,,,,,,,,,2022,9/15/2022,$                                                       59.56,,,,,,,,,,2.69%,$             59.56,1.60,106.53,53.08,69.88,12%,79%,1.50%,3.01%,2.82%,110.88%,110.88%,0,2.29%,-10.60%,,,,,,,,,,,,
,,,,,,,,,,,,,,,,,,2022,9/16/2022,$                                                       59.50,,,,,,,,,,2.69%,$             59.50,1.60,106.53,53.08,69.88,12%,79%,1.50%,3.01%,2.82%,111.09%,111.09%,0,2.29%,-10.69%,,,,,,,,,,,,
,,,,,,,,,,,,,,,,,,2022,9/19/2022,$                                                       60.37,,,,,,,,,,2.65%,$             60.37,1.60,106.53,53.08,69.88,14%,76%,1.50%,3.01%,2.78%,108.05%,108.05%,0,2.29%,-9.38%,,,,,,,,,,,,
,,,,,,,,,,,,,,,,,,2022,9/20/2022,$                                                       60.53,,,,,,,,,,2.64%,$             60.53,1.60,106.53,53.08,69.88,14%,76%,1.50%,3.01%,2.78%,107.50%,107.50%,0,2.29%,-9.14%,,,,,,,,,,,,
,,,,,,,,,,,,,,,,,,2022,9/21/2022,$                                                       59.79,,,,,,,,,,2.68%,$             59.79,1.60,106.53,53.08,69.88,13%,78%,1.50%,3.01%,2.81%,110.07%,110.07%,0,2.29%,-10.25%,,,,,,,,,,,,
,,,,,,,,,,,,,,,,,,2022,9/22/2022,$                                                       58.67,,,,,,,,,,2.73%,$             58.67,1.60,106.53,53.08,69.88,10%,82%,1.50%,3.01%,2.86%,114.08%,114.08%,0,2.29%,-11.93%,,,,,,,,,,,,
,,,,,,,,,,,,,,,,,,2022,9/23/2022,$                                                       57.79,,,,,,,,,,2.77%,$             57.79,1.60,106.53,53.08,69.88,9%,84%,1.50%,3.01%,2.91%,117.34%,117.34%,0,2.29%,-13.25%,,,,,,,,,,,,
,,,,,,,,,,,,,,,,,,2022,9/26/2022,$                                                       56.83,,,,,,,,,,2.82%,$             56.83,1.60,106.53,53.08,69.88,7%,87%,1.50%,3.01%,2.96%,121.01%,121.01%,0,2.29%,-14.70%,,,,,,,,,,,,
,,,,,,,,,,,,,,,,,,2022,9/27/2022,$                                                       56.57,,,,,,,,,,2.83%,$             56.57,1.60,106.53,53.08,69.88,7%,88%,1.50%,3.01%,2.97%,122.03%,122.03%,0,2.29%,-15.09%,,,,,,,,,,,,
,,,,,,,,,,,,,,,,,,2022,9/28/2022,$                                                        57.21,,,,,,,,,,2.80%,$              57.21,1.60,106.53,53.08,69.88,8%,86%,1.50%,3.01%,2.94%,119.54%,119.54%,0,2.29%,-14.12%,,,,,,,,,,,,
,,,,,,,,,,,,,,,,,,2022,9/29/2022,$                                                       56.58,,,,,,,,,,2.83%,$             56.58,1.60,106.53,53.08,69.88,7%,88%,1.50%,3.01%,2.97%,121.99%,121.99%,0,2.29%,-15.07%,,,,,,,,,,,,
,,,,,,,,,,,,,,,,,,2022,9/30/2022,$                                                       56.20,,,,,,,,,,2.85%,$             56.20,1.60,106.53,53.08,69.88,6%,90%,1.50%,3.01%,2.99%,123.49%,123.49%,0,2.29%,-15.64%,,,,,,,,,,,,
,,,,,,,,,,,,,,,,,,2022,10/3/2022,$                                                       57.86,,,,,,,,,,2.77%,$             57.86,1.60,106.53,53.08,69.88,9%,84%,1.50%,3.01%,2.90%,117.08%,117.08%,0,2.29%,-13.15%,,,,,,,,,,,,
,,,,,,,,,,,,,,,,,,2022,10/4/2022,$                                                        60.01,,,,,,,,,,2.67%,$              60.01,1.60,106.53,53.08,69.88,13%,78%,1.50%,3.01%,2.80%,109.30%,109.30%,0,2.29%,-9.92%,,,,,,,,,,,,
,,,,,,,,,,,,,,,,,,2022,10/5/2022,$                                                       59.67,,,,,,,,,,2.68%,$             59.67,1.60,106.53,53.08,69.88,12%,79%,1.50%,3.01%,2.82%,110.49%,110.49%,0,2.29%,-10.43%,,,,,,,,,,,,
,,,,,,,,,,,,,,,,,,2022,10/6/2022,$                                                        59.14,,,,,,,,,,2.71%,$              59.14,1.60,106.53,53.08,69.88,11%,80%,1.50%,3.01%,2.84%,112.38%,112.38%,0,2.29%,-11.23%,,,,,,,,,,,,
,,,,,,,,,,,,,,,,,,2022,10/7/2022,$                                                       57.69,,,,,,,,,,2.77%,$             57.69,1.60,106.53,53.08,69.88,9%,85%,1.50%,3.01%,2.91%,117.72%,117.72%,0,2.29%,-13.40%,,,,,,,,,,,,
,,,,,,,,,,,,,,,,,,2022,10/10/2022,$                                                       58.02,,,,,,,,,,2.76%,$             58.02,1.60,106.53,53.08,69.88,9%,84%,1.50%,3.01%,2.90%,116.48%,116.48%,0,2.29%,-12.91%,,,,,,,,,,,,
,,,,,,,,,,,,,,,,,,2022,10/11/2022,$                                                        58.10,,,,,,,,,,2.75%,$              58.10,1.60,106.53,53.08,69.88,9%,83%,1.50%,3.01%,2.89%,116.18%,116.18%,0,2.29%,-12.79%,,,,,,,,,,,,
,,,,,,,,,,,,,,,,,,2022,10/12/2022,$                                                        57.41,,,,,,,,,,2.79%,$              57.41,1.60,106.53,53.08,69.88,8%,86%,1.50%,3.01%,2.93%,118.78%,118.78%,0,2.29%,-13.82%,,,,,,,,,,,,
,,,,,,,,,,,,,,,,,,2022,10/13/2022,$                                                       59.69,,,,,,,,,,2.68%,$             59.69,1.60,106.53,53.08,69.88,12%,78%,1.50%,3.01%,2.81%,110.42%,110.42%,0,2.29%,-10.40%,,,,,,,,,,,,
,,,,,,,,,,,,,,,,,,2022,10/14/2022,$                                                        59.13,,,,,,,,,,2.71%,$              59.13,1.60,106.53,53.08,69.88,11%,80%,1.50%,3.01%,2.84%,112.41%,112.41%,0,2.29%,-11.24%,,,,,,,,,,,,
,,,,,,,,,,,,,,,,,,2022,10/17/2022,$                                                       59.63,,,,,,,,,,2.68%,$             59.63,1.60,106.53,53.08,69.88,12%,79%,1.50%,3.01%,2.82%,110.63%,110.63%,0,2.29%,-10.49%,,,,,,,,,,,,
,,,,,,,,,,,,,,,,,,2022,10/18/2022,$                                                        60.19,,,,,,,,,,2.66%,$              60.19,1.60,106.53,53.08,69.88,13%,77%,1.50%,3.01%,2.79%,108.67%,108.67%,0,2.29%,-9.65%,,,,,,,,,,,,
,,,,,,,,,,,,,,,,,,2022,10/19/2022,$                                                        60.14,,,,,,,,,,2.66%,$              60.14,1.60,106.53,53.08,69.88,13%,77%,1.50%,3.01%,2.79%,108.85%,108.85%,0,2.29%,-9.73%,,,,,,,,,,,,
,,,,,,,,,,,,,,,,,,2022,10/20/2022,$                                                        59.15,,,,,,,,,,2.70%,$              59.15,1.60,106.53,53.08,69.88,11%,80%,1.50%,3.01%,2.84%,112.34%,112.34%,0,2.29%,-11.21%,,,,,,,,,,,,
,,,,,,,,,,,,,,,,,,2022,10/21/2022,$                                                       60.97,,,,,,,,,,2.62%,$             60.97,1.60,106.53,53.08,69.88,15%,75%,1.50%,3.01%,2.76%,106.00%,106.00%,0,2.29%,-8.48%,,,,,,,,,,,,
,,,,,,,,,,,,,,,,,,2022,10/24/2022,$                                                        61.88,,,,,,,,,,2.59%,$              61.88,1.60,106.53,53.08,69.88,16%,72%,1.50%,3.01%,2.71%,102.97%,102.97%,0,2.29%,-7.11%,,,,,,,,,,,,
,,,,,,,,,,,,,,,,,,2022,10/25/2022,$                                                        61.95,,,,,,,,,,2.58%,$              61.95,1.60,106.53,53.08,69.88,17%,72%,1.50%,3.01%,2.71%,102.74%,102.74%,0,2.29%,-7.01%,,,,,,,,,,,,
,,,,,,,,,,,,,,,,,,2022,10/26/2022,$                                                        61.96,,,,,,,,,,2.58%,$              61.96,1.60,106.53,53.08,69.88,17%,72%,1.50%,3.01%,2.71%,102.71%,102.71%,0,2.29%,-6.99%,,,,,,,,,,,,
,,,,,,,,,,,,,,,,,,2022,10/27/2022,$                                                       62.70,,,,,,,,,,2.55%,$             62.70,1.60,106.53,53.08,69.88,18%,70%,1.50%,3.01%,2.68%,100.32%,100.32%,0,2.29%,-5.88%,,,,,,,,,,,,
,,,,,,,,,,,,,,,,,,2022,10/28/2022,$                                                       64.79,,,,,,,,,,2.47%,$             64.79,1.60,106.53,53.08,69.88,22%,64%,1.50%,3.01%,2.59%,93.86%,93.86%,0,2.29%,-2.75%,,,,,,,,,,,,
,,,,,,,,,,,,,,,,,,2022,10/31/2022,$                                                         65.11,,,,,,,,,,2.46%,$               65.11,1.60,106.53,53.08,69.88,22%,64%,1.50%,3.01%,2.58%,92.90%,92.90%,0,2.29%,-2.27%,,,,,,,,,,,,
,,,,,,,,,,,,,,,,,,2022,11/1/2022,$                                                        66.81,,,,,,,,,,2.39%,$              66.81,1.60,106.53,53.08,69.88,26%,59%,1.50%,3.01%,2.51%,88.00%,88.00%,0,2.29%,0.00%,,,,,,,,,,,,
,,,,,,,,,,,,,,,,,,2022,11/2/2022,$                                                       66.69,,,,,,,,,,2.40%,$             66.69,1.60,106.53,53.08,69.88,25%,60%,1.50%,3.01%,2.52%,88.33%,88.33%,0,2.29%,-0.18%,,,,,,,,,,,,
,,,,,,,,,,,,,,,,,,2022,11/3/2022,$                                                       65.97,,,,,,,,,,2.43%,$             65.97,1.60,106.53,53.08,69.88,24%,61%,1.50%,3.01%,2.55%,90.39%,90.39%,0,2.29%,-1.26%,,,,,,,,,,,,
,,,,,,,,,,,,,,,,,,2022,11/4/2022,$                                                        67.18,,,,,,,,,,2.38%,$              67.18,1.60,106.53,53.08,69.88,26%,59%,1.50%,3.01%,2.50%,86.96%,86.96%,0,2.29%,0.00%,,,,,,,,,,,,
,,,,,,,,,,,,,,,,,,2022,11/7/2022,$                                                       67.82,,,,,,,,,,2.36%,$             67.82,1.60,106.53,53.08,69.88,28%,57%,1.50%,3.01%,2.48%,85.20%,85.20%,0,2.29%,0.00%,,,,,,,,,,,,
,,,,,,,,,,,,,,,,,,2022,11/8/2022,$                                                       67.98,,,,,,,,,,2.35%,$             67.98,1.60,106.53,53.08,69.88,28%,57%,1.50%,3.01%,2.47%,84.76%,84.76%,0,2.29%,0.00%,,,,,,,,,,,,
,,,,,,,,,,,,,,,,,,2022,11/9/2022,$                                                       67.52,,,,,,,,,,2.37%,$             67.52,1.60,106.53,53.08,69.88,27%,58%,1.50%,3.01%,2.49%,86.02%,86.02%,0,2.29%,-0.68%,,,,,,,,,,,,
,,,,,,,,,,,,,,,,,,2022,11/10/2022,$                                                       69.97,,,,,,,,,,2.29%,$             69.97,1.60,106.53,53.08,69.88,32%,52%,1.50%,3.01%,2.40%,79.51%,79.51%,0,2.29%,0.00%,,,,,,,,,,,,
,,,,,,,,,,,,,,,,,,2022,11/11/2022,$                                                       70.30,,,,,,,,,,2.28%,$             70.30,1.60,106.53,53.08,69.88,32%,52%,1.50%,3.01%,2.39%,78.66%,78.66%,0,2.29%,0.00%,,,,,,,,,,,,
,,,,,,,,,,,,,,,,,,2022,11/14/2022,$                                                        68.71,,,,,,,,,,2.33%,$              68.71,1.60,106.53,53.08,69.88,29%,55%,1.50%,3.01%,2.45%,82.80%,82.80%,0,2.29%,-2.26%,,,,,,,,,,,,
,,,,,,,,,,,,,,,,,,2022,11/15/2022,$                                                       70.23,,,,,,,,,,2.28%,$             70.23,1.60,106.53,53.08,69.88,32%,52%,1.50%,3.01%,2.39%,78.84%,78.84%,0,2.29%,-0.10%,,,,,,,,,,,,
,,,,,,,,,,,,,,,,,,2022,11/16/2022,$                                                        70.81,,,,,,,,,,2.26%,$              70.81,1.60,106.53,53.08,69.88,33%,50%,1.50%,3.01%,2.37%,77.38%,77.38%,0,2.29%,0.00%,,,,,,,,,,,,
,,,,,,,,,,,,,,,,,,2022,11/17/2022,$                                                       70.59,,,,,,,,,,2.27%,$             70.59,1.60,106.53,53.08,69.88,33%,51%,1.50%,3.01%,2.38%,77.93%,77.93%,0,2.29%,-0.31%,,,,,,,,,,,,
,,,,,,,,,,,,,,,,,,2022,11/18/2022,$                                                       70.94,,,,,,,,,,2.26%,$             70.94,1.60,106.53,53.08,69.88,33%,50%,1.50%,3.01%,2.37%,77.05%,77.05%,0,2.29%,0.00%,,,,,,,,,,,,
,,,,,,,,,,,,,,,,,,2022,11/21/2022,$                                                        71.37,,,,,,,,,,2.24%,$              71.37,1.60,106.53,53.08,69.88,34%,49%,1.50%,3.01%,2.35%,75.98%,75.98%,0,2.29%,0.00%,,,,,,,,,,,,
,,,,,,,,,,,,,,,,,,2022,11/22/2022,$                                                        71.99,,,,,,,,,,2.22%,$              71.99,1.60,106.53,53.08,69.88,35%,48%,1.50%,3.01%,2.33%,74.47%,74.47%,0,2.29%,0.00%,,,,,,,,,,,,
,,,,,,,,,,,,,,,,,,2022,11/23/2022,$                                                       72.00,,,,,,,,,,2.22%,$             72.00,1.60,106.53,53.08,69.88,35%,48%,1.50%,3.01%,2.33%,74.44%,74.44%,0,2.29%,0.00%,,,,,,,,,,,,
,,,,,,,,,,,,,,,,,,2022,11/25/2022,$                                                       72.50,,,,,,,,,,2.21%,$             72.50,1.60,106.53,53.08,69.88,36%,47%,1.50%,3.01%,2.32%,73.24%,73.24%,0,2.29%,0.00%,,,,,,,,,,,,
,,,,,,,,,,,,,,,,,,2022,11/28/2022,$                                                       70.99,,,,,,,,,,2.25%,$             70.99,1.60,106.53,53.08,69.88,33%,50%,1.50%,3.01%,2.37%,76.93%,76.93%,0,2.29%,-2.08%,,,,,,,,,,,,
,,,,,,,,,,,,,,,,,,2022,11/29/2022,$                                                       70.88,,,,,,,,,,2.26%,$             70.88,1.60,106.53,53.08,69.88,33%,50%,1.50%,3.01%,2.37%,77.20%,77.20%,0,2.29%,-2.23%,,,,,,,,,,,,
,,,,,,,,,,,,,,,,,,2022,11/30/2022,$                                                        71.93,,,,,,,,,,2.22%,$              71.93,1.60,106.53,53.08,69.88,35%,48%,1.50%,3.01%,2.34%,74.61%,74.61%,0,2.29%,-0.79%,,,,,,,,,,,,
,,,,,,,,,,,,,,,,,,2022,12/1/2022,$                                                         71.91,,,,,,,,,,2.23%,$               71.91,1.60,106.53,53.08,69.88,35%,48%,1.50%,3.01%,2.34%,74.66%,74.66%,0,2.29%,-0.81%,,,,,,,,,,,,
,,,,,,,,,,,,,,,,,,2022,12/2/2022,$                                                       72.34,,,,,,,,,,2.21%,$             72.34,1.60,106.53,53.08,69.88,36%,47%,1.50%,3.01%,2.32%,73.62%,73.62%,0,2.29%,-0.22%,,,,,,,,,,,,
,,,,,,,,,,,,,,,,,,2022,12/5/2022,$                                                        71.04,,,,,,,,,,2.25%,$              71.04,1.60,106.53,53.08,69.88,34%,50%,1.50%,3.01%,2.36%,76.80%,76.80%,0,2.29%,-2.01%,,,,,,,,,,,,
,,,,,,,,,,,,,,,,,,2022,12/6/2022,$                                                        71.09,,,,,,,,,,2.25%,$              71.09,1.60,106.53,53.08,69.88,34%,50%,1.50%,3.01%,2.36%,76.68%,76.68%,0,2.29%,-1.94%,,,,,,,,,,,,
,,,,,,,,,,,,,,,,,,2022,12/7/2022,$                                                        71.20,,,,,,,,,,2.25%,$              71.20,1.60,106.53,53.08,69.88,34%,50%,1.50%,3.01%,2.36%,76.40%,76.40%,0,2.29%,-1.79%,,,,,,,,,,,,
,,,,,,,,,,,,,,,,,,2022,12/8/2022,$                                                       70.32,,,,,,,,,,2.28%,$             70.32,1.60,106.53,53.08,69.88,32%,51%,1.50%,3.01%,2.39%,78.61%,78.61%,0,2.29%,-3.01%,,,,,,,,,,,,
,,,,,,,,,,,,,,,,,,2022,12/9/2022,$                                                       69.96,,,,,,,,,,2.29%,$             69.96,1.60,106.53,53.08,69.88,32%,52%,1.50%,3.01%,2.40%,79.53%,79.53%,0,2.29%,-3.50%,,,,,,,,,,,,
,,,,,,,,,,,,,,,,,,2022,12/12/2022,$                                                       70.82,,,,,,,,,,2.26%,$             70.82,1.60,106.53,53.08,69.88,33%,50%,1.50%,3.01%,2.37%,77.35%,77.35%,0,2.29%,-2.32%,,,,,,,,,,,,
,,,,,,,,,,,,,,,,,,2022,12/13/2022,$                                                       70.67,,,,,,,,,,2.26%,$             70.67,1.60,106.53,53.08,69.88,33%,51%,1.50%,3.01%,2.38%,77.73%,77.73%,0,2.29%,-2.52%,,,,,,,,,,,,
,,,,,,,,,,,,,,,,,,2022,12/14/2022,$                                                       70.39,,,,,,,,,,2.27%,$             70.39,1.60,106.53,53.08,69.88,32%,51%,1.50%,3.01%,2.39%,78.43%,78.43%,0,2.29%,-2.91%,,,,,,,,,,,,
,,,,,,,,,,,,,,,,,,2022,12/15/2022,$                                                       69.33,,,,,,,,,,2.31%,$             69.33,1.60,106.53,53.08,69.88,30%,54%,1.50%,3.01%,2.42%,81.16%,81.16%,0,2.29%,-4.37%,,,,,,,,,,,,
,,,,,,,,,,,,,,,,,,2022,12/16/2022,$                                                       69.02,,,,,,,,,,2.32%,$             69.02,1.60,106.53,53.08,69.88,30%,54%,1.50%,3.01%,2.43%,81.98%,81.98%,0,2.29%,-4.80%,,,,,,,,,,,,
,,,,,,,,,,,,,,,,,,2022,12/19/2022,$                                                       68.92,,,,,,,,,,2.32%,$             68.92,1.60,106.53,53.08,69.88,30%,55%,1.50%,3.01%,2.44%,82.24%,82.24%,0,2.29%,-4.94%,,,,,,,,,,,,
,,,,,,,,,,,,,,,,,,2022,12/20/2022,$                                                       70.66,,,,,,,,,,2.26%,$             70.66,1.60,106.53,53.08,69.88,33%,51%,1.50%,3.01%,2.38%,77.75%,77.75%,0,2.29%,-2.54%,,,,,,,,,,,,
,,,,,,,,,,,,,,,,,,2022,12/21/2022,$                                                        71.46,,,,,,,,,,2.24%,$              71.46,1.60,106.53,53.08,69.88,34%,49%,1.50%,3.01%,2.35%,75.76%,75.76%,0,2.29%,-1.43%,,,,,,,,,,,,
,,,,,,,,,,,,,,,,,,2022,12/22/2022,$                                                        70.91,,,,,,,,,,2.26%,$              70.91,1.60,106.53,53.08,69.88,33%,50%,1.50%,3.01%,2.37%,77.13%,77.13%,0,2.29%,-2.19%,,,,,,,,,,,,
,,,,,,,,,,,,,,,,,,2022,12/23/2022,$                                                        71.75,,,,,,,,,,2.23%,$              71.75,1.60,106.53,53.08,69.88,35%,48%,1.50%,3.01%,2.34%,75.05%,75.05%,0,2.29%,-1.03%,,,,,,,,,,,,
,,,,,,,,,,,,,,,,,,2022,12/27/2022,$                                                       72.24,,,,,,,,,,2.21%,$             72.24,1.60,106.53,53.08,69.88,36%,47%,1.50%,3.01%,2.33%,73.86%,73.86%,0,2.29%,-0.36%,,,,,,,,,,,,
,,,,,,,,,,,,,,,,,,2022,12/28/2022,$                                                        71.47,,,,,,,,,,2.24%,$              71.47,1.60,106.53,53.08,69.88,34%,49%,1.50%,3.01%,2.35%,75.74%,75.74%,0,2.29%,-1.42%,,,,,,,,,,,,
,,,,,,,,,,,,,,,,,,2022,12/29/2022,$                                                       72.08,,,,,,,,,,2.22%,$             72.08,1.60,106.53,53.08,69.88,36%,48%,1.50%,3.01%,2.33%,74.25%,74.25%,0,2.29%,-0.58%,,,,,,,,,,,,
,,,,,,,,,,,,,,,,,,2022,12/30/2022,$                                                        71.94,,,,,,,,,,2.22%,$              71.94,1.60,106.53,53.08,69.88,35%,48%,1.50%,3.01%,2.34%,74.59%,74.59%,0,2.29%,-0.77%,,,,,,,,,,,,
,,,,,,,,,,,,,,,,,,2023,1/3/2023,$                                                        71.58,,,,,,,,,,2.35%,$              71.58,1.68,111.86,55.74,73.37,28%,56%,1.50%,3.01%,2.35%,75.47%,75.47%,0,2.29%,-1.27%,,,,,,,,,,,,
,,,,,,,,,,,,,,,,,,2023,1/4/2023,$                                                        71.92,,,,,,,,,,2.34%,$              71.92,1.68,111.86,55.74,73.37,29%,56%,1.50%,3.01%,2.34%,74.64%,74.64%,0,2.29%,-0.80%,,,,,,,,,,,,
,,,,,,,,,,,,,,,,,,2023,1/5/2023,$                                                        71.50,,,,,,,,,,2.35%,$              71.50,1.68,111.86,55.74,73.37,28%,56%,1.50%,3.01%,2.35%,75.66%,75.66%,0,2.29%,-1.38%,,,,,,,,,,,,
,,,,,,,,,,,,,,,,,,2023,1/6/2023,$                                                       73.84,,,,,,,,,,2.28%,$             73.84,1.68,111.86,55.74,73.37,32%,51%,1.50%,3.01%,2.28%,70.10%,70.10%,0,2.29%,0.00%,,,,,,,,,,,,
,,,,,,,,,,,,,,,,,,2023,1/9/2023,$                                                        71.45,,,,,,,,,,2.35%,$              71.45,1.68,111.86,55.74,73.37,28%,57%,1.50%,3.01%,2.35%,75.79%,75.79%,0,2.29%,-3.24%,,,,,,,,,,,,
,,,,,,,,,,,,,,,,,,2023,1/10/2023,$                                                       72.00,,,,,,,,,,2.33%,$             72.00,1.68,111.86,55.74,73.37,29%,55%,1.50%,3.01%,2.33%,74.44%,74.44%,0,2.29%,-2.49%,,,,,,,,,,,,
,,,,,,,,,,,,,,,,,,2023,1/11/2023,$                                                         71.91,,,,,,,,,,2.34%,$               71.91,1.68,111.86,55.74,73.37,29%,56%,1.50%,3.01%,2.34%,74.66%,74.66%,0,2.29%,-2.61%,,,,,,,,,,,,
,,,,,,,,,,,,,,,,,,2023,1/12/2023,$                                                        71.80,,,,,,,,,,2.34%,$              71.80,1.68,111.86,55.74,73.37,29%,56%,1.50%,3.01%,2.34%,74.93%,74.93%,0,2.29%,-2.76%,,,,,,,,,,,,
,,,,,,,,,,,,,,,,,,2023,1/13/2023,$                                                       72.85,,,,,,,,,,2.31%,$             72.85,1.68,111.86,55.74,73.37,30%,54%,1.50%,3.01%,2.31%,72.41%,72.41%,0,2.29%,-1.34%,,,,,,,,,,,,
,,,,,,,,,,,,,,,,,,2023,1/17/2023,$                                                       72.44,,,,,,,,,,2.32%,$             72.44,1.68,111.86,55.74,73.37,30%,54%,1.50%,3.01%,2.32%,73.38%,73.38%,0,2.29%,-1.90%,,,,,,,,,,,,
,,,,,,,,,,,,,,,,,,2023,1/18/2023,$                                                        71.88,,,,,,,,,,2.34%,$              71.88,1.68,111.86,55.74,73.37,29%,56%,1.50%,3.01%,2.34%,74.74%,74.74%,0,2.29%,-2.65%,,,,,,,,,,,,
,,,,,,,,,,,,,,,,,,2023,1/19/2023,$                                                       70.68,,,,,,,,,,2.38%,$             70.68,1.68,111.86,55.74,73.37,27%,58%,1.50%,3.01%,2.38%,77.70%,77.70%,0,2.29%,-4.28%,,,,,,,,,,,,
,,,,,,,,,,,,,,,,,,2023,1/20/2023,$                                                        71.05,,,,,,,,,,2.36%,$              71.05,1.68,111.86,55.74,73.37,27%,57%,1.50%,3.01%,2.36%,76.78%,76.78%,0,2.29%,-3.78%,,,,,,,,,,,,
,,,,,,,,,,,,,,,,,,2023,1/23/2023,$                                                        71.54,,,,,,,,,,2.35%,$              71.54,1.68,111.86,55.74,73.37,28%,56%,1.50%,3.01%,2.35%,75.57%,75.57%,0,2.29%,-3.11%,,,,,,,,,,,,
,,,,,,,,,,,,,,,,,,2023,1/24/2023,$                                                       72.80,,,,,,,,,,2.31%,$             72.80,1.68,111.86,55.74,73.37,30%,54%,1.50%,3.01%,2.31%,72.53%,72.53%,0,2.29%,-1.41%,,,,,,,,,,,,
,,,,,,,,,,,,,,,,,,2023,1/25/2023,$                                                       73.09,,,,,,,,,,2.30%,$             73.09,1.68,111.86,55.74,73.37,31%,53%,1.50%,3.01%,2.30%,71.84%,71.84%,0,2.29%,-1.02%,,,,,,,,,,,,
,,,,,,,,,,,,,,,,,,2023,1/26/2023,$                                                       72.96,,,,,,,,,,2.30%,$             72.96,1.68,111.86,55.74,73.37,31%,53%,1.50%,3.01%,2.30%,72.15%,72.15%,0,2.29%,-1.19%,,,,,,,,,,,,
,,,,,,,,,,,,,,,,,,2023,1/27/2023,$                                                        72.91,,,,,,,,,,2.30%,$              72.91,1.68,111.86,55.74,73.37,31%,53%,1.50%,3.01%,2.30%,72.27%,72.27%,0,2.29%,-1.26%,,,,,,,,,,,,
,,,,,,,,,,,,,,,,,,2023,1/30/2023,$                                                       73.04,,,,,,,,,,2.30%,$             73.04,1.68,111.86,55.74,73.37,31%,53%,1.50%,3.01%,2.30%,71.96%,71.96%,0,2.29%,-1.08%,,,,,,,,,,,,
,,,,,,,,,,,,,,,,,,2023,1/31/2023,$                                                       73.50,,,,,,,,,,2.29%,$             73.50,1.68,111.86,55.74,73.37,32%,52%,1.50%,3.01%,2.29%,70.88%,70.88%,0,2.29%,-0.46%,,,,,,,,,,,,
,,,,,,,,,,,,,,,,,,2023,2/1/2023,$                                                       73.28,,,,,,,,,,2.29%,$             73.28,1.68,111.86,55.74,73.37,31%,53%,1.50%,3.01%,2.29%,71.40%,71.40%,0,2.29%,-0.76%,,,,,,,,,,,,
,,,,,,,,,,,,,,,,,,2023,2/2/2023,$                                                       68.90,,,,,,,,,,2.44%,$             68.90,1.68,111.86,55.74,73.37,23%,62%,1.50%,3.01%,2.44%,82.29%,82.29%,0,2.29%,-6.69%,,,,,,,,,,,,
,,,,,,,,,,,,,,,,,,2023,2/3/2023,$                                                       69.39,,,,,,,,,,2.42%,$             69.39,1.68,111.86,55.74,73.37,24%,61%,1.50%,3.01%,2.42%,81.01%,81.01%,0,2.29%,-6.03%,,,,,,,,,,,,
,,,,,,,,,,,,,,,,,,2023,2/6/2023,$                                                       69.58,,,,,,,,,,2.41%,$             69.58,1.68,111.86,55.74,73.37,25%,61%,1.50%,3.01%,2.41%,80.51%,80.51%,0,2.29%,-5.77%,,,,,,,,,,,,
,,,,,,,,,,,,,,,,,,2023,2/7/2023,$                                                       69.95,,,,,,,,,,2.40%,$             69.95,1.68,111.86,55.74,73.37,25%,60%,1.50%,3.01%,2.40%,79.56%,79.56%,0,2.29%,-5.27%,,,,,,,,,,,,
,,,,,,,,,,,,,,,,,,2023,2/8/2023,$                                                       70.46,,,,,,,,,,2.38%,$             70.46,1.68,111.86,55.74,73.37,26%,59%,1.50%,3.01%,2.38%,78.26%,78.26%,0,2.29%,-4.58%,,,,,,,,,,,,
,,,,,,,,,,,,,,,,,,2023,2/9/2023,$                                                       69.63,,,,,,,,,,2.41%,$             69.63,1.68,111.86,55.74,73.37,25%,61%,1.50%,3.01%,2.41%,80.38%,80.38%,0,2.29%,-5.70%,,,,,,,,,,,,
,,,,,,,,,,,,,,,,,,2023,2/10/2023,$                                                       69.88,,,,,,,,,,2.40%,$             69.88,1.68,111.86,55.74,73.37,25%,60%,1.50%,3.01%,2.40%,79.74%,79.74%,0,2.29%,-5.36%,,,,,,,,,,,,
,,,,,,,,,,,,,,,,,,2023,2/13/2023,$                                                         71.01,,,,,,,,,,2.37%,$               71.01,1.68,111.86,55.74,73.37,27%,58%,1.50%,3.01%,2.37%,76.88%,76.88%,0,2.29%,-3.83%,,,,,,,,,,,,
,,,,,,,,,,,,,,,,,,2023,2/14/2023,$                                                        69.21,,,,,,,,,,2.43%,$              69.21,1.68,111.86,55.74,73.37,24%,62%,1.50%,3.01%,2.43%,81.48%,81.48%,0,2.29%,-6.27%,,,,,,,,,,,,
,,,,,,,,,,,,,,,,,,2023,2/15/2023,$                                                       69.27,,,,,,,,,,2.43%,$             69.27,1.68,111.86,55.74,73.37,24%,61%,1.50%,3.01%,2.43%,81.32%,81.32%,0,2.29%,-6.19%,,,,,,,,,,,,
,,,,,,,,,,,,,,,,,,2023,2/16/2023,$                                                        69.13,,,,,,,,,,2.43%,$              69.13,1.68,111.86,55.74,73.37,24%,62%,1.50%,3.01%,2.43%,81.69%,81.69%,0,2.29%,-6.38%,,,,,,,,,,,,
,,,,,,,,,,,,,,,,,,2023,2/17/2023,$                                                       69.37,,,,,,,,,,2.42%,$             69.37,1.68,111.86,55.74,73.37,24%,61%,1.50%,3.01%,2.42%,81.06%,81.06%,0,2.29%,-6.05%,,,,,,,,,,,,
,,,,,,,,,,,,,,,,,,2023,2/21/2023,$                                                        68.13,,,,,,,,,,2.47%,$              68.13,1.68,111.86,55.74,73.37,22%,64%,1.50%,3.01%,2.47%,84.35%,84.35%,0,2.29%,-7.73%,,,,,,,,,,,,
,,,,,,,,,,,,,,,,,,2023,2/22/2023,$                                                       68.36,,,,,,,,,,2.46%,$             68.36,1.68,111.86,55.74,73.37,22%,64%,1.50%,3.01%,2.46%,83.73%,83.73%,0,2.29%,-7.42%,,,,,,,,,,,,
,,,,,,,,,,,,,,,,,,2023,2/23/2023,$                                                       68.00,,,,,,,,,,2.47%,$             68.00,1.68,111.86,55.74,73.37,22%,65%,1.50%,3.01%,2.47%,84.71%,84.71%,0,2.29%,-7.91%,,,,,,,,,,,,
,,,,,,,,,,,,,,,,,,2023,2/24/2023,$                                                       68.57,,,,,,,,,,2.45%,$             68.57,1.68,111.86,55.74,73.37,23%,63%,1.50%,3.01%,2.45%,83.17%,83.17%,0,2.29%,-7.14%,,,,,,,,,,,,
,,,,,,,,,,,,,,,,,,2023,2/27/2023,$                                                       68.23,,,,,,,,,,2.46%,$             68.23,1.68,111.86,55.74,73.37,22%,64%,1.50%,3.01%,2.46%,84.08%,84.08%,0,2.29%,-7.60%,,,,,,,,,,,,
,,,,,,,,,,,,,,,,,,2023,2/28/2023,$                                                        68.15,,,,,,,,,,2.47%,$              68.15,1.68,111.86,55.74,73.37,22%,64%,1.50%,3.01%,2.47%,84.30%,84.30%,0,2.29%,-7.71%,,,,,,,,,,,,
,,,,,,,,,,,,,,,,,,2023,3/1/2023,$                                                        68.12,,,,,,,,,,2.47%,$              68.12,1.68,111.86,55.74,73.37,22%,64%,1.50%,3.01%,2.47%,84.38%,84.38%,0,2.29%,-7.75%,,,,,,,,,,,,
,,,,,,,,,,,,,,,,,,2023,3/2/2023,$                                                       67.56,,,,,,,,,,2.49%,$             67.56,1.68,111.86,55.74,73.37,21%,66%,1.50%,3.01%,2.49%,85.91%,85.91%,0,2.29%,-8.50%,,,,,,,,,,,,
,,,,,,,,,,,,,,,,,,2023,3/3/2023,$                                                       68.44,,,,,,,,,,2.45%,$             68.44,1.68,111.86,55.74,73.37,23%,63%,1.50%,3.01%,2.45%,83.52%,83.52%,0,2.29%,-7.31%,,,,,,,,,,,,
,,,,,,,,,,,,,,,,,,2023,3/6/2023,$                                                       68.22,,,,,,,,,,2.46%,$             68.22,1.68,111.86,55.74,73.37,22%,64%,1.50%,3.01%,2.46%,84.11%,84.11%,0,2.29%,-7.61%,,,,,,,,,,,,
,,,,,,,,,,,,,,,,,,2023,3/7/2023,$                                                       67.06,,,,,,,,,,2.51%,$             67.06,1.68,111.86,55.74,73.37,20%,67%,1.50%,3.01%,2.51%,87.29%,87.29%,0,2.29%,-9.18%,,,,,,,,,,,,
,,,,,,,,,,,,,,,,,,2023,3/8/2023,$                                                        66.12,,,,,,,,,,2.54%,$              66.12,1.68,111.86,55.74,73.37,18%,69%,1.50%,3.01%,2.54%,89.96%,89.96%,0,2.29%,-10.46%,,,,,,,,,,,,
,,,,,,,,,,,,,,,,,,2023,3/9/2023,$                                                       64.84,,,,,,,,,,2.59%,$             64.84,1.68,111.86,55.74,73.37,16%,73%,1.50%,3.01%,2.59%,93.71%,93.71%,0,2.29%,-12.19%,,,,,,,,,,,,
,,,,,,,,,,,,,,,,,,2023,3/10/2023,$                                                       64.03,,,,,,,,,,2.62%,$             64.03,1.68,111.86,55.74,73.37,15%,75%,1.50%,3.01%,2.62%,96.16%,96.16%,0,2.29%,-13.29%,,,,,,,,,,,,
,,,,,,,,,,,,,,,,,,2023,3/13/2023,$                                                        62.16,,,,,,,,,,2.70%,$              62.16,1.68,111.86,55.74,73.37,11%,80%,1.50%,3.01%,2.70%,102.06%,102.06%,0,2.29%,-15.82%,,,,,,,,,,,,
,,,,,,,,,,,,,,,,,,2023,3/14/2023,$                                                        63.12,,,,,,,,,,2.66%,$              63.12,1.68,111.86,55.74,73.37,13%,77%,1.50%,3.01%,2.66%,98.99%,98.99%,0,2.29%,-14.52%,,,,,,,,,,,,
,,,,,,,,,,,,,,,,,,2023,3/15/2023,$                                                        61.24,,,,,,,,,,2.74%,$              61.24,1.68,111.86,55.74,73.37,10%,83%,1.50%,3.01%,2.74%,105.09%,105.09%,0,2.29%,-17.06%,,,,,,,,,,,,
,,,,,,,,,,,,,,,,,,2023,3/16/2023,$                                                       62.48,,,,,,,,,,2.69%,$             62.48,1.68,111.86,55.74,73.37,12%,79%,1.50%,3.01%,2.69%,101.02%,101.02%,0,2.29%,-15.38%,,,,,,,,,,,,
,,,,,,,,,,,,,,,,,,2023,3/17/2023,$                                                        61.29,,,,,,,,,,2.74%,$              61.29,1.68,111.86,55.74,73.37,10%,83%,1.50%,3.01%,2.74%,104.93%,104.93%,0,2.29%,-17.00%,,,,,,,,,,,,
,,,,,,,,,,,,,,,,,,2023,3/20/2023,$                                                       63.38,,,,,,,,,,2.65%,$             63.38,1.68,111.86,55.74,73.37,14%,76%,1.50%,3.01%,2.65%,98.17%,98.17%,0,2.29%,-14.17%,,,,,,,,,,,,
,,,,,,,,,,,,,,,,,,2023,3/21/2023,$                                                       64.70,,,,,,,,,,2.60%,$             64.70,1.68,111.86,55.74,73.37,16%,73%,1.50%,3.01%,2.60%,94.13%,94.13%,0,2.29%,-12.38%,,,,,,,,,,,,
,,,,,,,,,,,,,,,,,,2023,3/22/2023,$                                                        63.13,,,,,,,,,,2.66%,$              63.13,1.68,111.86,55.74,73.37,13%,77%,1.50%,3.01%,2.66%,98.95%,98.95%,0,2.29%,-14.50%,,,,,,,,,,,,
,,,,,,,,,,,,,,,,,,2023,3/23/2023,$                                                       62.53,,,,,,,,,,2.69%,$             62.53,1.68,111.86,55.74,73.37,12%,79%,1.50%,3.01%,2.69%,100.86%,100.86%,0,2.29%,-15.32%,,,,,,,,,,,,
,,,,,,,,,,,,,,,,,,2023,3/24/2023,$                                                       62.88,,,,,,,,,,2.67%,$             62.88,1.68,111.86,55.74,73.37,13%,78%,1.50%,3.01%,2.67%,99.75%,99.75%,0,2.29%,-14.84%,,,,,,,,,,,,
,,,,,,,,,,,,,,,,,,2023,3/27/2023,$                                                         63.11,,,,,,,,,,2.66%,$               63.11,1.68,111.86,55.74,73.37,13%,77%,1.50%,3.01%,2.66%,99.02%,99.02%,0,2.29%,-14.53%,,,,,,,,,,,,
,,,,,,,,,,,,,,,,,,2023,3/28/2023,$                                                       63.56,,,,,,,,,,2.64%,$             63.56,1.68,111.86,55.74,73.37,14%,76%,1.50%,3.01%,2.64%,97.61%,97.61%,0,2.29%,-13.92%,,,,,,,,,,,,
,,,,,,,,,,,,,,,,,,2023,3/29/2023,$                                                       64.29,,,,,,,,,,2.61%,$             64.29,1.68,111.86,55.74,73.37,15%,74%,1.50%,3.01%,2.61%,95.36%,95.36%,0,2.29%,-12.93%,,,,,,,,,,,,
,,,,,,,,,,,,,,,,,,2023,3/30/2023,$                                                       64.29,,,,,,,,,,2.61%,$             64.29,1.68,111.86,55.74,73.37,15%,74%,1.50%,3.01%,2.61%,95.36%,95.36%,0,2.29%,-12.93%,,,,,,,,,,,,
,,,,,,,,,,,,,,,,,,2023,3/31/2023,$                                                       64.52,,,,,,,,,,2.60%,$             64.52,1.68,111.86,55.74,73.37,16%,73%,1.50%,3.01%,2.60%,94.67%,94.67%,0,2.29%,-12.62%,,,,,,,,,,,,
,,,,,,,,,,,,,,,,,,2023,4/3/2023,$                                                       64.66,,,,,,,,,,2.60%,$             64.66,1.68,111.86,55.74,73.37,16%,73%,1.50%,3.01%,2.60%,94.25%,94.25%,0,2.29%,-12.43%,,,,,,,,,,,,
,,,,,,,,,,,,,,,,,,2023,4/4/2023,$                                                        63.91,,,,,,,,,,2.63%,$              63.91,1.68,111.86,55.74,73.37,15%,75%,1.50%,3.01%,2.63%,96.53%,96.53%,0,2.29%,-13.45%,,,,,,,,,,,,
,,,,,,,,,,,,,,,,,,2023,4/5/2023,$                                                       64.46,,,,,,,,,,2.61%,$             64.46,1.68,111.86,55.74,73.37,16%,74%,1.50%,3.01%,2.61%,94.85%,94.85%,0,2.29%,-12.70%,,,,,,,,,,,,
,,,,,,,,,,,,,,,,,,2023,4/6/2023,$                                                       64.56,,,,,,,,,,2.60%,$             64.56,1.68,111.86,55.74,73.37,16%,73%,1.50%,3.01%,2.60%,94.55%,94.55%,0,2.29%,-12.57%,,,,,,,,,,,,
,,,,,,,,,,,,,,,,,,2023,4/10/2023,$                                                       64.97,,,,,,,,,,2.59%,$             64.97,1.68,111.86,55.74,73.37,16%,72%,1.50%,3.01%,2.59%,93.32%,93.32%,0,2.29%,-12.01%,,,,,,,,,,,,
,,,,,,,,,,,,,,,,,,2023,4/11/2023,$                                                        65.71,,,,,,,,,,2.56%,$              65.71,1.68,111.86,55.74,73.37,18%,70%,1.50%,3.01%,2.56%,91.14%,91.14%,0,2.29%,-11.01%,,,,,,,,,,,,
,,,,,,,,,,,,,,,,,,2023,4/12/2023,$                                                       65.98,,,,,,,,,,2.55%,$             65.98,1.68,111.86,55.74,73.37,18%,70%,1.50%,3.01%,2.55%,90.36%,90.36%,0,2.29%,-10.64%,,,,,,,,,,,,
,,,,,,,,,,,,,,,,,,2023,4/13/2023,$                                                       66.30,,,,,,,,,,2.53%,$             66.30,1.68,111.86,55.74,73.37,19%,69%,1.50%,3.01%,2.53%,89.44%,89.44%,0,2.29%,-10.21%,,,,,,,,,,,,
,,,,,,,,,,,,,,,,,,2023,4/14/2023,$                                                        66.21,,,,,,,,,,2.54%,$              66.21,1.68,111.86,55.74,73.37,19%,69%,1.50%,3.01%,2.54%,89.70%,89.70%,0,2.29%,-10.33%,,,,,,,,,,,,
,,,,,,,,,,,,,,,,,,2023,4/17/2023,$                                                       66.57,,,,,,,,,,2.52%,$             66.57,1.68,111.86,55.74,73.37,19%,68%,1.50%,3.01%,2.52%,88.67%,88.67%,0,2.29%,-9.85%,,,,,,,,,,,,
,,,,,,,,,,,,,,,,,,2023,4/18/2023,$                                                       66.89,,,,,,,,,,2.51%,$             66.89,1.68,111.86,55.74,73.37,20%,67%,1.50%,3.01%,2.51%,87.77%,87.77%,0,2.29%,-9.41%,,,,,,,,,,,,
,,,,,,,,,,,,,,,,,,2023,4/19/2023,$                                                       66.94,,,,,,,,,,2.51%,$             66.94,1.68,111.86,55.74,73.37,20%,67%,1.50%,3.01%,2.51%,87.63%,87.63%,0,2.29%,-9.34%,,,,,,,,,,,,
,,,,,,,,,,,,,,,,,,2023,4/20/2023,$                                                       66.48,,,,,,,,,,2.53%,$             66.48,1.68,111.86,55.74,73.37,19%,68%,1.50%,3.01%,2.53%,88.93%,88.93%,0,2.29%,-9.97%,,,,,,,,,,,,
,,,,,,,,,,,,,,,,,,2023,4/21/2023,$                                                       65.98,,,,,,,,,,2.55%,$             65.98,1.68,111.86,55.74,73.37,18%,70%,1.50%,3.01%,2.55%,90.36%,90.36%,0,2.29%,-10.64%,,,,,,,,,,,,
,,,,,,,,,,,,,,,,,,2023,4/24/2023,$                                                       66.08,,,,,,,,,,2.54%,$             66.08,1.68,111.86,55.74,73.37,18%,69%,1.50%,3.01%,2.54%,90.07%,90.07%,0,2.29%,-10.51%,,,,,,,,,,,,
,,,,,,,,,,,,,,,,,,2023,4/25/2023,$                                                       65.77,,,,,,,,,,2.55%,$             65.77,1.68,111.86,55.74,73.37,18%,70%,1.50%,3.01%,2.55%,90.97%,90.97%,0,2.29%,-10.93%,,,,,,,,,,,,
,,,,,,,,,,,,,,,,,,2023,4/26/2023,$                                                       65.39,,,,,,,,,,2.57%,$             65.39,1.68,111.86,55.74,73.37,17%,71%,1.50%,3.01%,2.57%,92.08%,92.08%,0,2.29%,-11.44%,,,,,,,,,,,,
,,,,,,,,,,,,,,,,,,2023,4/27/2023,$                                                       69.47,,,,,,,,,,2.42%,$             69.47,1.68,111.86,55.74,73.37,24%,61%,1.50%,3.01%,2.42%,80.80%,80.80%,0,2.29%,-5.92%,,,,,,,,,,,,
,,,,,,,,,,,,,,,,,,2023,4/28/2023,$                                                       69.85,,,,,,,,,,2.41%,$             69.85,1.68,111.86,55.74,73.37,25%,60%,1.50%,3.01%,2.41%,79.81%,79.81%,0,2.29%,-5.40%,,,,,,,,,,,,
,,,,,,,,,,,,,,,,,,2023,5/1/2023,$                                                       70.36,,,,,,,,,,2.39%,$             70.36,1.68,111.86,55.74,73.37,26%,59%,1.50%,3.01%,2.39%,78.51%,78.51%,0,2.29%,-4.71%,,,,,,,,,,,,
,,,,,,,,,,,,,,,,,,2023,5/2/2023,$                                                       68.64,,,,,,,,,,2.45%,$             68.64,1.68,111.86,55.74,73.37,23%,63%,1.50%,3.01%,2.45%,82.98%,82.98%,0,2.29%,-7.04%,,,,,,,,,,,,
,,,,,,,,,,,,,,,,,,2023,5/3/2023,$                                                       67.36,,,,,,,,,,2.49%,$             67.36,1.68,111.86,55.74,73.37,21%,66%,1.50%,3.01%,2.49%,86.46%,86.46%,0,2.29%,-8.78%,,,,,,,,,,,,
,,,,,,,,,,,,,,,,,,2023,5/4/2023,$                                                       66.82,,,,,,,,,,2.51%,$             66.82,1.68,111.86,55.74,73.37,20%,67%,1.50%,3.01%,2.51%,87.97%,87.97%,0,2.29%,-9.51%,,,,,,,,,,,,
,,,,,,,,,,,,,,,,,,2023,5/5/2023,$                                                       67.59,,,,,,,,,,2.49%,$             67.59,1.68,111.86,55.74,73.37,21%,65%,1.50%,3.01%,2.49%,85.83%,85.83%,0,2.29%,-8.46%,,,,,,,,,,,,
,,,,,,,,,,,,,,,,,,2023,5/8/2023,$                                                       67.64,,,,,,,,,,2.48%,$             67.64,1.68,111.86,55.74,73.37,21%,65%,1.50%,3.01%,2.48%,85.69%,85.69%,0,2.29%,-8.40%,,,,,,,,,,,,
,,,,,,,,,,,,,,,,,,2023,5/9/2023,$                                                       67.42,,,,,,,,,,2.49%,$             67.42,1.68,111.86,55.74,73.37,21%,66%,1.50%,3.01%,2.49%,86.29%,86.29%,0,2.29%,-8.69%,,,,,,,,,,,,
,,,,,,,,,,,,,,,,,,2023,5/10/2023,$                                                       66.72,,,,,,,,,,2.52%,$             66.72,1.68,111.86,55.74,73.37,20%,68%,1.50%,3.01%,2.52%,88.25%,88.25%,0,2.29%,-9.64%,,,,,,,,,,,,
,,,,,,,,,,,,,,,,,,2023,5/11/2023,$                                                       66.67,,,,,,,,,,2.52%,$             66.67,1.68,111.86,55.74,73.37,19%,68%,1.50%,3.01%,2.52%,88.39%,88.39%,0,2.29%,-9.71%,,,,,,,,,,,,
,,,,,,,,,,,,,,,,,,2023,5/12/2023,$                                                         66.11,,,,,,,,,,2.54%,$               66.11,1.68,111.86,55.74,73.37,18%,69%,1.50%,3.01%,2.54%,89.99%,89.99%,0,2.29%,-10.47%,,,,,,,,,,,,
,,,,,,,,,,,,,,,,,,2023,5/15/2023,$                                                       66.09,,,,,,,,,,2.54%,$             66.09,1.68,111.86,55.74,73.37,18%,69%,1.50%,3.01%,2.54%,90.04%,90.04%,0,2.29%,-10.50%,,,,,,,,,,,,
,,,,,,,,,,,,,,,,,,2023,5/16/2023,$                                                        65.16,,,,,,,,,,2.58%,$              65.16,1.68,111.86,55.74,73.37,17%,72%,1.50%,3.01%,2.58%,92.76%,92.76%,0,2.29%,-11.76%,,,,,,,,,,,,
,,,,,,,,,,,,,,,,,,2023,5/17/2023,$                                                        66.19,,,,,,,,,,2.54%,$              66.19,1.68,111.86,55.74,73.37,19%,69%,1.50%,3.01%,2.54%,89.76%,89.76%,0,2.29%,-10.36%,,,,,,,,,,,,
,,,,,,,,,,,,,,,,,,2023,5/18/2023,$                                                        66.91,,,,,,,,,,2.51%,$              66.91,1.68,111.86,55.74,73.37,20%,67%,1.50%,3.01%,2.51%,87.71%,87.71%,0,2.29%,-9.39%,,,,,,,,,,,,
,,,,,,,,,,,,,,,,,,2023,5/19/2023,$                                                       66.88,,,,,,,,,,2.51%,$             66.88,1.68,111.86,55.74,73.37,20%,67%,1.50%,3.01%,2.51%,87.80%,87.80%,0,2.29%,-9.43%,,,,,,,,,,,,
,,,,,,,,,,,,,,,,,,2023,5/22/2023,$                                                       66.58,,,,,,,,,,2.52%,$             66.58,1.68,111.86,55.74,73.37,19%,68%,1.50%,3.01%,2.52%,88.65%,88.65%,0,2.29%,-9.83%,,,,,,,,,,,,
,,,,,,,,,,,,,,,,,,2023,5/23/2023,$                                                       66.04,,,,,,,,,,2.54%,$             66.04,1.68,111.86,55.74,73.37,18%,69%,1.50%,3.01%,2.54%,90.19%,90.19%,0,2.29%,-10.56%,,,,,,,,,,,,
,,,,,,,,,,,,,,,,,,2023,5/24/2023,$                                                       64.56,,,,,,,,,,2.60%,$             64.56,1.68,111.86,55.74,73.37,16%,73%,1.50%,3.01%,2.60%,94.55%,94.55%,0,2.29%,-12.57%,,,,,,,,,,,,
,,,,,,,,,,,,,,,,,,2023,5/25/2023,$                                                        64.61,,,,,,,,,,2.60%,$              64.61,1.68,111.86,55.74,73.37,16%,73%,1.50%,3.01%,2.60%,94.40%,94.40%,0,2.29%,-12.50%,,,,,,,,,,,,
,,,,,,,,,,,,,,,,,,2023,5/26/2023,$                                                       64.49,,,,,,,,,,2.61%,$             64.49,1.68,111.86,55.74,73.37,16%,73%,1.50%,3.01%,2.61%,94.76%,94.76%,0,2.29%,-12.66%,,,,,,,,,,,,
,,,,,,,,,,,,,,,,,,2023,5/30/2023,$                                                       65.24,,,,,,,,,,2.58%,$             65.24,1.68,111.86,55.74,73.37,17%,71%,1.50%,3.01%,2.58%,92.52%,92.52%,0,2.29%,-11.65%,,,,,,,,,,,,
,,,,,,,,,,,,,,,,,,2023,5/31/2023,$                                                        64.21,,,,,,,,,,2.62%,$              64.21,1.68,111.86,55.74,73.37,15%,74%,1.50%,3.01%,2.62%,95.61%,95.61%,0,2.29%,-13.04%,,,,,,,,,,,,
,,,,,,,,,,,,,,,,,,2023,6/1/2023,$                                                       64.69,,,,,,,,,,2.60%,$             64.69,1.68,111.86,55.74,73.37,16%,73%,1.50%,3.01%,2.60%,94.16%,94.16%,0,2.29%,-12.39%,,,,,,,,,,,,
,,,,,,,,,,,,,,,,,,2023,6/2/2023,$                                                       66.60,,,,,,,,,,2.52%,$             66.60,1.68,111.86,55.74,73.37,19%,68%,1.50%,3.01%,2.52%,88.59%,88.59%,0,2.29%,-9.80%,,,,,,,,,,,,
,,,,,,,,,,,,,,,,,,2023,6/5/2023,$                                                        67.13,,,,,,,,,,2.50%,$              67.13,1.68,111.86,55.74,73.37,20%,67%,1.50%,3.01%,2.50%,87.10%,87.10%,0,2.29%,-9.09%,,,,,,,,,,,,
,,,,,,,,,,,,,,,,,,2023,6/6/2023,$                                                       67.67,,,,,,,,,,2.48%,$             67.67,1.68,111.86,55.74,73.37,21%,65%,1.50%,3.01%,2.48%,85.61%,85.61%,0,2.29%,-8.36%,,,,,,,,,,,,
,,,,,,,,,,,,,,,,,,2023,6/7/2023,$                                                       68.40,,,,,,,,,,2.46%,$             68.40,1.68,111.86,55.74,73.37,23%,64%,1.50%,3.01%,2.46%,83.63%,83.63%,0,2.29%,-7.37%,,,,,,,,,,,,
,,,,,,,,,,,,,,,,,,2023,6/8/2023,$                                                        68.21,,,,,,,,,,2.46%,$              68.21,1.68,111.86,55.74,73.37,22%,64%,1.50%,3.01%,2.46%,84.14%,84.14%,0,2.29%,-7.62%,,,,,,,,,,,,
,,,,,,,,,,,,,,,,,,2023,6/9/2023,$                                                       68.97,,,,,,,,,,2.44%,$             68.97,1.68,111.86,55.74,73.37,24%,62%,1.50%,3.01%,2.44%,82.11%,82.11%,0,2.29%,-6.60%,,,,,,,,,,,,
,,,,,,,,,,,,,,,,,,2023,6/12/2023,$                                                       68.74,,,,,,,,,,2.44%,$             68.74,1.68,111.86,55.74,73.37,23%,63%,1.50%,3.01%,2.44%,82.72%,82.72%,0,2.29%,-6.91%,,,,,,,,,,,,
,,,,,,,,,,,,,,,,,,2023,6/13/2023,$                                                       69.40,,,,,,,,,,2.42%,$             69.40,1.68,111.86,55.74,73.37,24%,61%,1.50%,3.01%,2.42%,80.98%,80.98%,0,2.29%,-6.01%,,,,,,,,,,,,
,,,,,,,,,,,,,,,,,,2023,6/14/2023,$                                                       68.76,,,,,,,,,,2.44%,$             68.76,1.68,111.86,55.74,73.37,23%,63%,1.50%,3.01%,2.44%,82.66%,82.66%,0,2.29%,-6.88%,,,,,,,,,,,,
,,,,,,,,,,,,,,,,,,2023,6/15/2023,$                                                       69.76,,,,,,,,,,2.41%,$             69.76,1.68,111.86,55.74,73.37,25%,60%,1.50%,3.01%,2.41%,80.05%,80.05%,0,2.29%,-5.53%,,,,,,,,,,,,
,,,,,,,,,,,,,,,,,,2023,6/16/2023,$                                                       69.43,,,,,,,,,,2.42%,$             69.43,1.68,111.86,55.74,73.37,24%,61%,1.50%,3.01%,2.42%,80.90%,80.90%,0,2.29%,-5.97%,,,,,,,,,,,,
,,,,,,,,,,,,,,,,,,2023,6/20/2023,$                                                       67.80,,,,,,,,,,2.48%,$             67.80,1.68,111.86,55.74,73.37,21%,65%,1.50%,3.01%,2.48%,85.25%,85.25%,0,2.29%,-8.18%,,,,,,,,,,,,
,,,,,,,,,,,,,,,,,,2023,6/21/2023,$                                                       67.53,,,,,,,,,,2.49%,$             67.53,1.68,111.86,55.74,73.37,21%,66%,1.50%,3.01%,2.49%,85.99%,85.99%,0,2.29%,-8.55%,,,,,,,,,,,,
,,,,,,,,,,,,,,,,,,2023,6/22/2023,$                                                       67.54,,,,,,,,,,2.49%,$             67.54,1.68,111.86,55.74,73.37,21%,66%,1.50%,3.01%,2.49%,85.96%,85.96%,0,2.29%,-8.53%,,,,,,,,,,,,
,,,,,,,,,,,,,,,,,,2023,6/23/2023,$                                                        67.14,,,,,,,,,,2.50%,$              67.14,1.68,111.86,55.74,73.37,20%,67%,1.50%,3.01%,2.50%,87.07%,87.07%,0,2.29%,-9.07%,,,,,,,,,,,,
,,,,,,,,,,,,,,,,,,2023,6/26/2023,$                                                       67.58,,,,,,,,,,2.49%,$             67.58,1.68,111.86,55.74,73.37,21%,66%,1.50%,3.01%,2.49%,85.85%,85.85%,0,2.29%,-8.48%,,,,,,,,,,,,
,,,,,,,,,,,,,,,,,,2023,6/27/2023,$                                                       68.50,,,,,,,,,,2.45%,$             68.50,1.68,111.86,55.74,73.37,23%,63%,1.50%,3.01%,2.45%,83.36%,83.36%,0,2.29%,-7.23%,,,,,,,,,,,,
,,,,,,,,,,,,,,,,,,2023,6/28/2023,$                                                       68.38,,,,,,,,,,2.46%,$             68.38,1.68,111.86,55.74,73.37,23%,64%,1.50%,3.01%,2.46%,83.68%,83.68%,0,2.29%,-7.39%,,,,,,,,,,,,
,,,,,,,,,,,,,,,,,,2023,6/29/2023,$                                                        69.12,,,,,,,,,,2.43%,$              69.12,1.68,111.86,55.74,73.37,24%,62%,1.50%,3.01%,2.43%,81.71%,81.71%,0,2.29%,-6.39%,,,,,,,,,,,,
,,,,,,,,,,,,,,,,,,2023,6/30/2023,$                                                       69.80,,,,,,,,,,2.41%,$             69.80,1.68,111.86,55.74,73.37,25%,60%,1.50%,3.01%,2.41%,79.94%,79.94%,0,2.29%,-5.47%,,,,,,,,,,,,
,,,,,,,,,,,,,,,,,,2023,7/3/2023,$                                                        70.19,,,,,,,,,,2.39%,$              70.19,1.68,111.86,55.74,73.37,26%,59%,1.50%,3.01%,2.39%,78.94%,78.94%,0,2.29%,-4.94%,,,,,,,,,,,,
,,,,,,,,,,,,,,,,,,2023,7/5/2023,$                                                        69.91,,,,,,,,,,2.40%,$              69.91,1.68,111.86,55.74,73.37,25%,60%,1.50%,3.01%,2.40%,79.66%,79.66%,0,2.29%,-5.32%,,,,,,,,,,,,
,,,,,,,,,,,,,,,,,,2023,7/6/2023,$                                                       69.64,,,,,,,,,,2.41%,$             69.64,1.68,111.86,55.74,73.37,25%,61%,1.50%,3.01%,2.41%,80.36%,80.36%,0,2.29%,-5.69%,,,,,,,,,,,,
,,,,,,,,,,,,,,,,,,2023,7/7/2023,$                                                       70.04,,,,,,,,,,2.40%,$             70.04,1.68,111.86,55.74,73.37,25%,60%,1.50%,3.01%,2.40%,79.33%,79.33%,0,2.29%,-5.15%,,,,,,,,,,,,
,,,,,,,,,,,,,,,,,,2023,7/10/2023,$                                                       69.57,,,,,,,,,,2.41%,$             69.57,1.68,111.86,55.74,73.37,25%,61%,1.50%,3.01%,2.41%,80.54%,80.54%,0,2.29%,-5.78%,,,,,,,,,,,,
,,,,,,,,,,,,,,,,,,2023,7/11/2023,$                                                       70.50,,,,,,,,,,2.38%,$             70.50,1.68,111.86,55.74,73.37,26%,59%,1.50%,3.01%,2.38%,78.16%,78.16%,0,2.29%,-4.52%,,,,,,,,,,,,
,,,,,,,,,,,,,,,,,,2023,7/12/2023,$                                                       70.25,,,,,,,,,,2.39%,$             70.25,1.68,111.86,55.74,73.37,26%,59%,1.50%,3.01%,2.39%,78.79%,78.79%,0,2.29%,-4.86%,,,,,,,,,,,,
,,,,,,,,,,,,,,,,,,2023,7/13/2023,$                                                       69.95,,,,,,,,,,2.40%,$             69.95,1.68,111.86,55.74,73.37,25%,60%,1.50%,3.01%,2.40%,79.56%,79.56%,0,2.29%,-5.27%,,,,,,,,,,,,
,,,,,,,,,,,,,,,,,,2023,7/14/2023,$                                                       69.58,,,,,,,,,,2.41%,$             69.58,1.68,111.86,55.74,73.37,25%,61%,1.50%,3.01%,2.41%,80.51%,80.51%,0,2.29%,-5.77%,,,,,,,,,,,,
,,,,,,,,,,,,,,,,,,2023,7/17/2023,$                                                       70.38,,,,,,,,,,2.39%,$             70.38,1.68,111.86,55.74,73.37,26%,59%,1.50%,3.01%,2.39%,78.46%,78.46%,0,2.29%,-4.69%,,,,,,,,,,,,
,,,,,,,,,,,,,,,,,,2023,7/18/2023,$                                                       70.94,,,,,,,,,,2.37%,$             70.94,1.68,111.86,55.74,73.37,27%,58%,1.50%,3.01%,2.37%,77.05%,77.05%,0,2.29%,-3.93%,,,,,,,,,,,,
,,,,,,,,,,,,,,,,,,2023,7/19/2023,$                                                        71.32,,,,,,,,,,2.36%,$              71.32,1.68,111.86,55.74,73.37,28%,57%,1.50%,3.01%,2.36%,76.11%,76.11%,0,2.29%,-3.41%,,,,,,,,,,,,
,,,,,,,,,,,,,,,,,,2023,7/20/2023,$                                                       72.39,,,,,,,,,,2.32%,$             72.39,1.68,111.86,55.74,73.37,30%,55%,1.50%,3.01%,2.32%,73.50%,73.50%,0,2.29%,-1.96%,,,,,,,,,,,,
,,,,,,,,,,,,,,,,,,2023,7/21/2023,$                                                        72.41,,,,,,,,,,2.32%,$              72.41,1.68,111.86,55.74,73.37,30%,54%,1.50%,3.01%,2.32%,73.46%,73.46%,0,2.29%,-1.94%,,,,,,,,,,,,
,,,,,,,,,,,,,,,,,,2023,7/24/2023,$                                                       72.46,,,,,,,,,,2.32%,$             72.46,1.68,111.86,55.74,73.37,30%,54%,1.50%,3.01%,2.32%,73.34%,73.34%,0,2.29%,-1.87%,,,,,,,,,,,,
,,,,,,,,,,,,,,,,,,2023,7/25/2023,$                                                       72.50,,,,,,,,,,2.32%,$             72.50,1.68,111.86,55.74,73.37,30%,54%,1.50%,3.01%,2.32%,73.24%,73.24%,0,2.29%,-1.81%,,,,,,,,,,,,
,,,,,,,,,,,,,,,,,,2023,7/26/2023,$                                                       72.77,,,,,,,,,,2.31%,$             72.77,1.68,111.86,55.74,73.37,30%,54%,1.50%,3.01%,2.31%,72.60%,72.60%,0,2.29%,-1.45%,,,,,,,,,,,,
,,,,,,,,,,,,,,,,,,2023,7/27/2023,$                                                       72.06,,,,,,,,,,2.33%,$             72.06,1.68,111.86,55.74,73.37,29%,55%,1.50%,3.01%,2.33%,74.30%,74.30%,0,2.29%,-2.41%,,,,,,,,,,,,
,,,,,,,,,,,,,,,,,,2023,7/28/2023,$                                                       72.39,,,,,,,,,,2.32%,$             72.39,1.68,111.86,55.74,73.37,30%,55%,1.50%,3.01%,2.32%,73.50%,73.50%,0,2.29%,-1.96%,,,,,,,,,,,,
,,,,,,,,,,,,,,,,,,2023,7/31/2023,$                                                       72.34,,,,,,,,,,2.32%,$             72.34,1.68,111.86,55.74,73.37,30%,55%,1.50%,3.01%,2.32%,73.62%,73.62%,0,2.29%,-2.03%,,,,,,,,,,,,
,,,,,,,,,,,,,,,,,,2023,8/1/2023,$                                                         72.11,,,,,,,,,,2.33%,$               72.11,1.68,111.86,55.74,73.37,29%,55%,1.50%,3.01%,2.33%,74.18%,74.18%,0,2.29%,-2.34%,,,,,,,,,,,,
,,,,,,,,,,,,,,,,,,2023,8/2/2023,$                                                       76.24,,,,,,,,,,2.20%,$             76.24,1.68,111.86,55.74,73.37,37%,47%,1.50%,3.01%,2.20%,64.74%,64.74%,0,2.29%,0.00%,,,,,,,,,,,,
,,,,,,,,,,,,,,,,,,2023,8/3/2023,$                                                       77.05,,,,,,,,,,2.18%,$             77.05,1.68,111.86,55.74,73.37,38%,45%,1.50%,3.01%,2.18%,63.01%,63.01%,0,2.29%,0.00%,,,,,,,,,,,,
,,,,,,,,,,,,,,,,,,2023,8/4/2023,$                                                       76.85,,,,,,,,,,2.19%,$             76.85,1.68,111.86,55.74,73.37,38%,46%,1.50%,3.01%,2.19%,63.44%,63.44%,0,2.29%,-0.26%,,,,,,,,,,,,
,,,,,,,,,,,,,,,,,,2023,8/7/2023,$                                                       77.95,,,,,,,,,,2.16%,$             77.95,1.68,111.86,55.74,73.37,40%,44%,1.50%,3.01%,2.16%,61.13%,61.13%,0,2.29%,0.00%,,,,,,,,,,,,
,,,,,,,,,,,,,,,,,,2023,8/8/2023,$                                                       77.06,,,,,,,,,,2.18%,$             77.06,1.68,111.86,55.74,73.37,38%,45%,1.50%,3.01%,2.18%,62.99%,62.99%,0,2.29%,-1.14%,,,,,,,,,,,,
,,,,,,,,,,,,,,,,,,2023,8/9/2023,$                                                       75.67,,,,,,,,,,2.22%,$             75.67,1.68,111.86,55.74,73.37,36%,48%,1.50%,3.01%,2.22%,65.98%,65.98%,0,2.29%,-2.92%,,,,,,,,,,,,
,,,,,,,,,,,,,,,,,,2023,8/10/2023,$                                                        75.71,,,,,,,,,,2.22%,$              75.71,1.68,111.86,55.74,73.37,36%,48%,1.50%,3.01%,2.22%,65.90%,65.90%,0,2.29%,-2.87%,,,,,,,,,,,,
,,,,,,,,,,,,,,,,,,2023,8/11/2023,$                                                       76.45,,,,,,,,,,2.20%,$             76.45,1.68,111.86,55.74,73.37,37%,46%,1.50%,3.01%,2.20%,64.29%,64.29%,0,2.29%,-1.92%,,,,,,,,,,,,
,,,,,,,,,,,,,,,,,,2023,8/14/2023,$                                                       76.64,,,,,,,,,,2.19%,$             76.64,1.68,111.86,55.74,73.37,37%,46%,1.50%,3.01%,2.19%,63.88%,63.88%,0,2.29%,-1.68%,,,,,,,,,,,,
,,,,,,,,,,,,,,,,,,2023,8/15/2023,$                                                       75.73,,,,,,,,,,2.22%,$             75.73,1.68,111.86,55.74,73.37,36%,48%,1.50%,3.01%,2.22%,65.85%,65.85%,0,2.29%,-2.85%,,,,,,,,,,,,
,,,,,,,,,,,,,,,,,,2023,8/16/2023,$                                                       75.83,,,,,,,,,,2.22%,$             75.83,1.68,111.86,55.74,73.37,36%,48%,1.50%,3.01%,2.22%,65.63%,65.63%,0,2.29%,-2.72%,,,,,,,,,,,,
,,,,,,,,,,,,,,,,,,2023,8/17/2023,$                                                        75.61,,,,,,,,,,2.22%,$              75.61,1.68,111.86,55.74,73.37,35%,48%,1.50%,3.01%,2.22%,66.12%,66.12%,0,2.29%,-3.00%,,,,,,,,,,,,
,,,,,,,,,,,,,,,,,,2023,8/18/2023,$                                                       74.85,,,,,,,,,,2.24%,$             74.85,1.68,111.86,55.74,73.37,34%,49%,1.50%,3.01%,2.24%,67.80%,67.80%,0,2.29%,-3.98%,,,,,,,,,,,,
,,,,,,,,,,,,,,,,,,2023,8/21/2023,$                                                       74.45,,,,,,,,,,2.26%,$             74.45,1.68,111.86,55.74,73.37,33%,50%,1.50%,3.01%,2.26%,68.70%,68.70%,0,2.29%,-4.49%,,,,,,,,,,,,
,,,,,,,,,,,,,,,,,,2023,8/22/2023,$                                                       73.39,,,,,,,,,,2.29%,$             73.39,1.68,111.86,55.74,73.37,31%,52%,1.50%,3.01%,2.29%,71.14%,71.14%,0,2.29%,-5.85%,,,,,,,,,,,,
,,,,,,,,,,,,,,,,,,2023,8/23/2023,$                                                        73.17,,,,,,,,,,2.30%,$              73.17,1.68,111.86,55.74,73.37,31%,53%,1.50%,3.01%,2.30%,71.66%,71.66%,0,2.29%,-6.13%,,,,,,,,,,,,
,,,,,,,,,,,,,,,,,,2023,8/24/2023,$                                                        74.31,,,,,,,,,,2.26%,$              74.31,1.68,111.86,55.74,73.37,33%,51%,1.50%,3.01%,2.26%,69.02%,69.02%,0,2.29%,-4.67%,,,,,,,,,,,,
,,,,,,,,,,,,,,,,,,2023,8/25/2023,$                                                       74.25,,,,,,,,,,2.26%,$             74.25,1.68,111.86,55.74,73.37,33%,51%,1.50%,3.01%,2.26%,69.16%,69.16%,0,2.29%,-4.75%,,,,,,,,,,,,
,,,,,,,,,,,,,,,,,,2023,8/28/2023,$                                                       74.58,,,,,,,,,,2.25%,$             74.58,1.68,111.86,55.74,73.37,34%,50%,1.50%,3.01%,2.25%,68.41%,68.41%,0,2.29%,-4.32%,,,,,,,,,,,,
,,,,,,,,,,,,,,,,,,2023,8/29/2023,$                                                       74.66,,,,,,,,,,2.25%,$             74.66,1.68,111.86,55.74,73.37,34%,50%,1.50%,3.01%,2.25%,68.23%,68.23%,0,2.29%,-4.22%,,,,,,,,,,,,
,,,,,,,,,,,,,,,,,,2023,8/30/2023,$                                                       74.68,,,,,,,,,,2.25%,$             74.68,1.68,111.86,55.74,73.37,34%,50%,1.50%,3.01%,2.25%,68.18%,68.18%,0,2.29%,-4.19%,,,,,,,,,,,,
,,,,,,,,,,,,,,,,,,2023,8/31/2023,$                                                       74.57,,,,,,,,,,2.25%,$             74.57,1.68,111.86,55.74,73.37,34%,50%,1.50%,3.01%,2.25%,68.43%,68.43%,0,2.29%,-4.34%,,,,,,,,,,,,
,,,,,,,,,,,,,,,,,,2023,9/1/2023,$                                                       74.77,,,,,,,,,,2.25%,$             74.77,1.68,111.86,55.74,73.37,34%,50%,1.50%,3.01%,2.25%,67.98%,67.98%,0,2.29%,-4.08%,,,,,,,,,,,,
,,,,,,,,,,,,,,,,,,2023,9/5/2023,$                                                       74.20,,,,,,,,,,2.26%,$             74.20,1.68,111.86,55.74,73.37,33%,51%,1.50%,3.01%,2.26%,69.27%,69.27%,0,2.29%,-4.81%,,,,,,,,,,,,
,,,,,,,,,,,,,,,,,,2023,9/6/2023,$                                                       74.23,,,,,,,,,,2.26%,$             74.23,1.68,111.86,55.74,73.37,33%,51%,1.50%,3.01%,2.26%,69.20%,69.20%,0,2.29%,-4.77%,,,,,,,,,,,,
,,,,,,,,,,,,,,,,,,2023,9/7/2023,$                                                       74.65,,,,,,,,,,2.25%,$             74.65,1.68,111.86,55.74,73.37,34%,50%,1.50%,3.01%,2.25%,68.25%,68.25%,0,2.29%,-4.23%,,,,,,,,,,,,
,,,,,,,,,,,,,,,,,,2023,9/8/2023,$                                                       74.83,,,,,,,,,,2.25%,$             74.83,1.68,111.86,55.74,73.37,34%,49%,1.50%,3.01%,2.25%,67.85%,67.85%,0,2.29%,-4.00%,,,,,,,,,,,,
,,,,,,,,,,,,,,,,,,2023,9/11/2023,$                                                       75.59,,,,,,,,,,2.22%,$             75.59,1.68,111.86,55.74,73.37,35%,48%,1.50%,3.01%,2.22%,66.16%,66.16%,0,2.29%,-3.03%,,,,,,,,,,,,
,,,,,,,,,,,,,,,,,,2023,9/12/2023,$                                                       76.27,,,,,,,,,,2.20%,$             76.27,1.68,111.86,55.74,73.37,37%,47%,1.50%,3.01%,2.20%,64.68%,64.68%,0,2.29%,-2.16%,,,,,,,,,,,,
,,,,,,,,,,,,,,,,,,2023,9/13/2023,$                                                       76.39,,,,,,,,,,2.20%,$             76.39,1.68,111.86,55.74,73.37,37%,46%,1.50%,3.01%,2.20%,64.42%,64.42%,0,2.29%,-2.00%,,,,,,,,,,,,
,,,,,,,,,,,,,,,,,,2023,9/14/2023,$                                                        77.31,,,,,,,,,,2.17%,$              77.31,1.68,111.86,55.74,73.37,38%,45%,1.50%,3.01%,2.17%,62.46%,62.46%,0,2.29%,-0.82%,,,,,,,,,,,,
,,,,,,,,,,,,,,,,,,2023,9/15/2023,$                                                        76.51,,,,,,,,,,2.20%,$              76.51,1.68,111.86,55.74,73.37,37%,46%,1.50%,3.01%,2.20%,64.16%,64.16%,0,2.29%,-1.85%,,,,,,,,,,,,
,,,,,,,,,,,,,,,,,,2023,9/18/2023,$                                                       76.92,,,,,,,,,,2.18%,$             76.92,1.68,111.86,55.74,73.37,38%,45%,1.50%,3.01%,2.18%,63.29%,63.29%,0,2.29%,-1.32%,,,,,,,,,,,,
,,,,,,,,,,,,,,,,,,2023,9/19/2023,$                                                       77.37,,,,,,,,,,2.17%,$             77.37,1.68,111.86,55.74,73.37,39%,45%,1.50%,3.01%,2.17%,62.34%,62.34%,0,2.29%,-0.74%,,,,,,,,,,,,
,,,,,,,,,,,,,,,,,,2023,9/20/2023,$                                                        77.15,,,,,,,,,,2.18%,$              77.15,1.68,111.86,55.74,73.37,38%,45%,1.50%,3.01%,2.18%,62.80%,62.80%,0,2.29%,-1.03%,,,,,,,,,,,,
,,,,,,,,,,,,,,,,,,2023,9/21/2023,$                                                        76.16,,,,,,,,,,2.21%,$              76.16,1.68,111.86,55.74,73.37,36%,47%,1.50%,3.01%,2.21%,64.92%,64.92%,0,2.29%,-2.30%,,,,,,,,,,,,
,,,,,,,,,,,,,,,,,,2023,9/22/2023,$                                                        76.31,,,,,,,,,,2.20%,$              76.31,1.68,111.86,55.74,73.37,37%,47%,1.50%,3.01%,2.20%,64.59%,64.59%,0,2.29%,-2.10%,,,,,,,,,,,,
,,,,,,,,,,,,,,,,,,2023,9/25/2023,$                                                       76.79,,,,,,,,,,2.19%,$             76.79,1.68,111.86,55.74,73.37,38%,46%,1.50%,3.01%,2.19%,63.56%,63.56%,0,2.29%,-1.49%,,,,,,,,,,,,
,,,,,,,,,,,,,,,,,,2023,9/26/2023,$                                                       76.44,,,,,,,,,,2.20%,$             76.44,1.68,111.86,55.74,73.37,37%,46%,1.50%,3.01%,2.20%,64.31%,64.31%,0,2.29%,-1.94%,,,,,,,,,,,,
,,,,,,,,,,,,,,,,,,2023,9/27/2023,$                                                       77.03,,,,,,,,,,2.18%,$             77.03,1.68,111.86,55.74,73.37,38%,45%,1.50%,3.01%,2.18%,63.05%,63.05%,0,2.29%,-1.18%,,,,,,,,,,,,
,,,,,,,,,,,,,,,,,,2023,9/28/2023,$                                                       77.67,,,,,,,,,,2.16%,$             77.67,1.68,111.86,55.74,73.37,39%,44%,1.50%,3.01%,2.16%,61.71%,61.71%,0,2.29%,-0.36%,,,,,,,,,,,,
,,,,,,,,,,,,,,,,,,2023,9/29/2023,$                                                       76.75,,,,,,,,,,2.19%,$             76.75,1.68,111.86,55.74,73.37,37%,46%,1.50%,3.01%,2.19%,63.65%,63.65%,0,2.29%,-1.54%,,,,,,,,,,,,
,,,,,,,,,,,,,,,,,,2023,10/2/2023,$                                                       76.47,,,,,,,,,,2.20%,$             76.47,1.68,111.86,55.74,73.37,37%,46%,1.50%,3.01%,2.20%,64.25%,64.25%,0,2.29%,-1.90%,,,,,,,,,,,,
,,,,,,,,,,,,,,,,,,2023,10/3/2023,$                                                       75.43,,,,,,,,,,2.23%,$             75.43,1.68,111.86,55.74,73.37,35%,48%,1.50%,3.01%,2.23%,66.51%,66.51%,0,2.29%,-3.23%,,,,,,,,,,,,
,,,,,,,,,,,,,,,,,,2023,10/4/2023,$                                                       76.07,,,,,,,,,,2.21%,$             76.07,1.68,111.86,55.74,73.37,36%,47%,1.50%,3.01%,2.21%,65.11%,65.11%,0,2.29%,-2.41%,,,,,,,,,,,,
,,,,,,,,,,,,,,,,,,2023,10/5/2023,$                                                       76.44,,,,,,,,,,2.20%,$             76.44,1.68,111.86,55.74,73.37,37%,46%,1.50%,3.01%,2.20%,64.31%,64.31%,0,2.29%,-1.94%,,,,,,,,,,,,
,,,,,,,,,,,,,,,,,,2023,10/6/2023,$                                                       77.60,,,,,,,,,,2.16%,$             77.60,1.68,111.86,55.74,73.37,39%,44%,1.50%,3.01%,2.16%,61.86%,61.86%,0,2.29%,-0.45%,,,,,,,,,,,,
,,,,,,,,,,,,,,,,,,2023,10/9/2023,$                                                        78.19,,,,,,,,,,2.15%,$              78.19,1.68,111.86,55.74,73.37,40%,43%,1.50%,3.01%,2.15%,60.63%,60.63%,0,2.29%,0.00%,,,,,,,,,,,,
,,,,,,,,,,,,,,,,,,2023,10/10/2023,$                                                       78.82,,,,,,,,,,2.13%,$             78.82,1.68,111.86,55.74,73.37,41%,42%,1.50%,3.01%,2.13%,59.35%,59.35%,0,2.29%,0.00%,,,,,,,,,,,,
,,,,,,,,,,,,,,,,,,2023,10/11/2023,$                                                       79.80,,,,,,,,,,2.11%,$             79.80,1.68,111.86,55.74,73.37,43%,40%,1.50%,3.01%,2.11%,57.39%,57.39%,0,2.29%,0.00%,,,,,,,,,,,,
,,,,,,,,,,,,,,,,,,2023,10/12/2023,$                                                       79.86,,,,,,,,,,2.10%,$             79.86,1.68,111.86,55.74,73.37,43%,40%,1.50%,3.01%,2.10%,57.28%,57.28%,0,2.29%,0.00%,,,,,,,,,,,,
,,,,,,,,,,,,,,,,,,2023,10/13/2023,$                                                       80.25,,,,,,,,,,2.09%,$             80.25,1.68,111.86,55.74,73.37,44%,39%,1.50%,3.01%,2.09%,56.51%,56.51%,0,2.29%,0.00%,,,,,,,,,,,,
,,,,,,,,,,,,,,,,,,2023,10/16/2023,$                                                        81.09,,,,,,,,,,2.07%,$              81.09,1.68,111.86,55.74,73.37,45%,38%,1.50%,3.01%,2.07%,54.89%,54.89%,0,2.29%,0.00%,,,,,,,,,,,,
,,,,,,,,,,,,,,,,,,2023,10/17/2023,$                                                        81.40,,,,,,,,,,2.06%,$              81.40,1.68,111.86,55.74,73.37,46%,37%,1.50%,3.01%,2.06%,54.30%,54.30%,0,2.29%,0.00%,,,,,,,,,,,,
,,,,,,,,,,,,,,,,,,2023,10/18/2023,$                                                       80.35,,,,,,,,,,2.09%,$             80.35,1.68,111.86,55.74,73.37,44%,39%,1.50%,3.01%,2.09%,56.32%,56.32%,0,2.29%,-1.29%,,,,,,,,,,,,
,,,,,,,,,,,,,,,,,,2023,10/19/2023,$                                                       79.55,,,,,,,,,,2.11%,$             79.55,1.68,111.86,55.74,73.37,42%,41%,1.50%,3.01%,2.11%,57.89%,57.89%,0,2.29%,-2.27%,,,,,,,,,,,,
,,,,,,,,,,,,,,,,,,2023,10/20/2023,$                                                       77.58,,,,,,,,,,2.17%,$             77.58,1.68,111.86,55.74,73.37,39%,44%,1.50%,3.01%,2.17%,61.90%,61.90%,0,2.29%,-4.69%,,,,,,,,,,,,
,,,,,,,,,,,,,,,,,,2023,10/23/2023,$                                                        77.16,,,,,,,,,,2.18%,$              77.16,1.68,111.86,55.74,73.37,38%,45%,1.50%,3.01%,2.18%,62.78%,62.78%,0,2.29%,-5.21%,,,,,,,,,,,,
,,,,,,,,,,,,,,,,,,2023,10/24/2023,$                                                       77.76,,,,,,,,,,2.16%,$             77.76,1.68,111.86,55.74,73.37,39%,44%,1.50%,3.01%,2.16%,61.52%,61.52%,0,2.29%,-4.47%,,,,,,,,,,,,
,,,,,,,,,,,,,,,,,,2023,10/25/2023,$                                                       78.26,,,,,,,,,,2.15%,$             78.26,1.68,111.86,55.74,73.37,40%,43%,1.50%,3.01%,2.15%,60.49%,60.49%,0,2.29%,-3.86%,,,,,,,,,,,,
,,,,,,,,,,,,,,,,,,2023,10/26/2023,$                                                       77.52,,,,,,,,,,2.17%,$             77.52,1.68,111.86,55.74,73.37,39%,44%,1.50%,3.01%,2.17%,62.02%,62.02%,0,2.29%,-4.77%,,,,,,,,,,,,
,,,,,,,,,,,,,,,,,,2023,10/27/2023,$                                                       76.49,,,,,,,,,,2.20%,$             76.49,1.68,111.86,55.74,73.37,37%,46%,1.50%,3.01%,2.20%,64.20%,64.20%,0,2.29%,-6.03%,,,,,,,,,,,,
,,,,,,,,,,,,,,,,,,2023,10/30/2023,$                                                       77.40,,,,,,,,,,2.17%,$             77.40,1.68,111.86,55.74,73.37,39%,45%,1.50%,3.01%,2.17%,62.27%,62.27%,0,2.29%,-4.91%,,,,,,,,,,,,
,,,,,,,,,,,,,,,,,,2023,10/31/2023,$                                                         78.11,,,,,,,,,,2.15%,$               78.11,1.68,111.86,55.74,73.37,40%,43%,1.50%,3.01%,2.15%,60.80%,60.80%,0,2.29%,-4.04%,,,,,,,,,,,,
,,,,,,,,,,,,,,,,,,2023,11/1/2023,$                                                       79.05,,,,,,,,,,2.13%,$             79.05,1.68,111.86,55.74,73.37,42%,42%,1.50%,3.01%,2.13%,58.89%,58.89%,0,2.29%,-2.89%,,,,,,,,,,,,
,,,,,,,,,,,,,,,,,,2023,11/2/2023,$                                                        81.73,,,,,,,,,,2.06%,$              81.73,1.68,111.86,55.74,73.37,46%,37%,1.50%,3.01%,2.06%,53.68%,53.68%,0,2.29%,0.00%,,,,,,,,,,,,
,,,,,,,,,,,,,,,,,,2023,11/3/2023,$                                                       82.23,,,,,,,,,,2.04%,$             82.23,1.68,111.86,55.74,73.37,47%,36%,1.50%,3.01%,2.04%,52.74%,52.74%,0,2.29%,0.00%,,,,,,,,,,,,
,,,,,,,,,,,,,,,,,,2023,11/6/2023,$                                                        81.40,,,,,,,,,,2.06%,$              81.40,1.68,111.86,55.74,73.37,46%,37%,1.50%,3.01%,2.06%,54.30%,54.30%,0,2.29%,-1.01%,,,,,,,,,,,,
,,,,,,,,,,,,,,,,,,2023,11/7/2023,$                                                       80.98,,,,,,,,,,2.07%,$             80.98,1.68,111.86,55.74,73.37,45%,38%,1.50%,3.01%,2.07%,55.10%,55.10%,0,2.29%,-1.52%,,,,,,,,,,,,
,,,,,,,,,,,,,,,,,,2023,11/8/2023,$                                                       80.32,,,,,,,,,,2.09%,$             80.32,1.68,111.86,55.74,73.37,44%,39%,1.50%,3.01%,2.09%,56.37%,56.37%,0,2.29%,-2.32%,,,,,,,,,,,,
,,,,,,,,,,,,,,,,,,2023,11/9/2023,$                                                       80.90,,,,,,,,,,2.08%,$             80.90,1.68,111.86,55.74,73.37,45%,38%,1.50%,3.01%,2.08%,55.25%,55.25%,0,2.29%,-1.62%,,,,,,,,,,,,
,,,,,,,,,,,,,,,,,,2023,11/10/2023,$                                                        81.48,,,,,,,,,,2.06%,$              81.48,1.68,111.86,55.74,73.37,46%,37%,1.50%,3.01%,2.06%,54.15%,54.15%,0,2.29%,-0.91%,,,,,,,,,,,,
,,,,,,,,,,,,,,,,,,2023,11/13/2023,$                                                        81.43,,,,,,,,,,2.06%,$              81.43,1.68,111.86,55.74,73.37,46%,37%,1.50%,3.01%,2.06%,54.24%,54.24%,0,2.29%,-0.97%,,,,,,,,,,,,
,,,,,,,,,,,,,,,,,,2023,11/14/2023,$                                                        81.82,,,,,,,,,,2.05%,$              81.82,1.68,111.86,55.74,73.37,46%,37%,1.50%,3.01%,2.05%,53.51%,53.51%,0,2.29%,-0.50%,,,,,,,,,,,,
,,,,,,,,,,,,,,,,,,2023,11/15/2023,$                                                       80.42,,,,,,,,,,2.09%,$             80.42,1.68,111.86,55.74,73.37,44%,39%,1.50%,3.01%,2.09%,56.18%,56.18%,0,2.29%,-2.20%,,,,,,,,,,,,
,,,,,,,,,,,,,,,,,,2023,11/16/2023,$                                                          81.11,,,,,,,,,,2.07%,$                81.11,1.68,111.86,55.74,73.37,45%,38%,1.50%,3.01%,2.07%,54.85%,54.85%,0,2.29%,-1.36%,,,,,,,,,,,,
,,,,,,,,,,,,,,,,,,2023,11/17/2023,$                                                        81.77,,,,,,,,,,2.05%,$              81.77,1.68,111.86,55.74,73.37,46%,37%,1.50%,3.01%,2.05%,53.60%,53.60%,0,2.29%,-0.56%,,,,,,,,,,,,
,,,,,,,,,,,,,,,,,,2023,11/20/2023,$                                                         81.17,,,,,,,,,,2.07%,$               81.17,1.68,111.86,55.74,73.37,45%,38%,1.50%,3.01%,2.07%,54.74%,54.74%,0,2.29%,-1.29%,,,,,,,,,,,,
,,,,,,,,,,,,,,,,,,2023,11/21/2023,$                                                        81.90,,,,,,,,,,2.05%,$              81.90,1.68,111.86,55.74,73.37,47%,37%,1.50%,3.01%,2.05%,53.36%,53.36%,0,2.29%,-0.40%,,,,,,,,,,,,
,,,,,,,,,,,,,,,,,,2023,11/22/2023,$                                                       82.43,,,,,,,,,,2.04%,$             82.43,1.68,111.86,55.74,73.37,48%,36%,1.50%,3.01%,2.04%,52.37%,52.37%,0,2.29%,0.00%,,,,,,,,,,,,
,,,,,,,,,,,,,,,,,,2023,11/24/2023,$                                                       82.94,,,,,,,,,,2.03%,$             82.94,1.68,111.86,55.74,73.37,48%,35%,1.50%,3.01%,2.03%,51.43%,51.43%,0,2.29%,0.00%,,,,,,,,,,,,
,,,,,,,,,,,,,,,,,,2023,11/27/2023,$                                                       82.97,,,,,,,,,,2.02%,$             82.97,1.68,111.86,55.74,73.37,49%,35%,1.50%,3.01%,2.02%,51.38%,51.38%,0,2.29%,0.00%,,,,,,,,,,,,
,,,,,,,,,,,,,,,,,,2023,11/28/2023,$                                                        82.18,,,,,,,,,,2.04%,$              82.18,1.68,111.86,55.74,73.37,47%,36%,1.50%,3.01%,2.04%,52.84%,52.84%,0,2.29%,-0.95%,,,,,,,,,,,,
,,,,,,,,,,,,,,,,,,2023,11/29/2023,$                                                        81.63,,,,,,,,,,2.06%,$              81.63,1.68,111.86,55.74,73.37,46%,37%,1.50%,3.01%,2.06%,53.87%,53.87%,0,2.29%,-1.62%,,,,,,,,,,,,
,,,,,,,,,,,,,,,,,,2023,11/30/2023,$                                                        82.71,,,,,,,,,,2.03%,$              82.71,1.68,111.86,55.74,73.37,48%,35%,1.50%,3.01%,2.03%,51.86%,51.86%,0,2.29%,-0.31%,,,,,,,,,,,,
,,,,,,,,,,,,,,,,,,2023,12/1/2023,$                                                        82.61,,,,,,,,,,2.03%,$              82.61,1.68,111.86,55.74,73.37,48%,35%,1.50%,3.01%,2.03%,52.04%,52.04%,0,2.29%,-0.43%,,,,,,,,,,,,
,,,,,,,,,,,,,,,,,,2023,12/4/2023,$                                                       82.73,,,,,,,,,,2.03%,$             82.73,1.68,111.86,55.74,73.37,48%,35%,1.50%,3.01%,2.03%,51.82%,51.82%,0,2.29%,-0.29%,,,,,,,,,,,,
,,,,,,,,,,,,,,,,,,2023,12/5/2023,$                                                        82.61,,,,,,,,,,2.03%,$              82.61,1.68,111.86,55.74,73.37,48%,35%,1.50%,3.01%,2.03%,52.04%,52.04%,0,2.29%,-0.43%,,,,,,,,,,,,
,,,,,,,,,,,,,,,,,,2023,12/6/2023,$                                                        81.73,,,,,,,,,,2.06%,$              81.73,1.68,111.86,55.74,73.37,46%,37%,1.50%,3.01%,2.06%,53.68%,53.68%,0,2.29%,-1.49%,,,,,,,,,,,,
,,,,,,,,,,,,,,,,,,2023,12/7/2023,$                                                       82.00,,,,,,,,,,2.05%,$             82.00,1.68,111.86,55.74,73.37,47%,36%,1.50%,3.01%,2.05%,53.17%,53.17%,0,2.29%,-1.17%,,,,,,,,,,,,
,,,,,,,,,,,,,,,,,,2023,12/8/2023,$                                                       82.55,,,,,,,,,,2.04%,$             82.55,1.68,111.86,55.74,73.37,48%,36%,1.50%,3.01%,2.04%,52.15%,52.15%,0,2.29%,-0.51%,,,,,,,,,,,,
,,,,,,,,,,,,,,,,,,2023,12/11/2023,$                                                         83.11,,,,,,,,,,2.02%,$               83.11,1.68,111.86,55.74,73.37,49%,35%,1.50%,3.01%,2.02%,51.13%,51.13%,0,2.29%,0.00%,,,,,,,,,,,,
,,,,,,,,,,,,,,,,,,2023,12/12/2023,$                                                       84.35,,,,,,,,,,1.99%,$             84.35,1.68,111.86,55.74,73.37,51%,33%,1.50%,3.01%,1.99%,48.90%,48.90%,0,2.29%,0.00%,,,,,,,,,,,,
,,,,,,,,,,,,,,,,,,2023,12/13/2023,$                                                       84.03,,,,,,,,,,2.00%,$             84.03,1.68,111.86,55.74,73.37,50%,33%,1.50%,3.01%,2.00%,49.47%,49.47%,0,2.29%,-0.38%,,,,,,,,,,,,
,,,,,,,,,,,,,,,,,,2023,12/14/2023,$                                                        81.28,,,,,,,,,,2.07%,$              81.28,1.68,111.86,55.74,73.37,46%,38%,1.50%,3.01%,2.07%,54.53%,54.53%,0,2.29%,-3.64%,,,,,,,,,,,,
,,,,,,,,,,,,,,,,,,2023,12/15/2023,$                                                       80.57,,,,,,,,,,2.09%,$             80.57,1.68,111.86,55.74,73.37,44%,39%,1.50%,3.01%,2.09%,55.89%,55.89%,0,2.29%,-4.48%,,,,,,,,,,,,
,,,,,,,,,,,,,,,,,,2023,12/18/2023,$                                                        81.29,,,,,,,,,,2.07%,$              81.29,1.68,111.86,55.74,73.37,46%,38%,1.50%,3.01%,2.07%,54.51%,54.51%,0,2.29%,-3.63%,,,,,,,,,,,,
,,,,,,,,,,,,,,,,,,2023,12/19/2023,$                                                        82.10,,,,,,,,,,2.05%,$              82.10,1.68,111.86,55.74,73.37,47%,36%,1.50%,3.01%,2.05%,52.98%,52.98%,0,2.29%,-2.67%,,,,,,,,,,,,
,,,,,,,,,,,,,,,,,,2023,12/20/2023,$                                                       80.72,,,,,,,,,,2.08%,$             80.72,1.68,111.86,55.74,73.37,45%,39%,1.50%,3.01%,2.08%,55.60%,55.60%,0,2.29%,-4.30%,,,,,,,,,,,,
,,,,,,,,,,,,,,,,,,2023,12/21/2023,$                                                         81.21,,,,,,,,,,2.07%,$               81.21,1.68,111.86,55.74,73.37,45%,38%,1.50%,3.01%,2.07%,54.66%,54.66%,0,2.29%,-3.72%,,,,,,,,,,,,
,,,,,,,,,,,,,,,,,,2023,12/22/2023,$                                                        81.45,,,,,,,,,,2.06%,$              81.45,1.68,111.86,55.74,73.37,46%,37%,1.50%,3.01%,2.06%,54.21%,54.21%,0,2.29%,-3.44%,,,,,,,,,,,,
,,,,,,,,,,,,,,,,,,2023,12/26/2023,$                                                        81.72,,,,,,,,,,2.06%,$              81.72,1.68,111.86,55.74,73.37,46%,37%,1.50%,3.01%,2.06%,53.70%,53.70%,0,2.29%,-3.12%,,,,,,,,,,,,
,,,,,,,,,,,,,,,,,,2023,12/27/2023,$                                                         81.91,,,,,,,,,,2.05%,$               81.91,1.68,111.86,55.74,73.37,47%,37%,1.50%,3.01%,2.05%,53.34%,53.34%,0,2.29%,-2.89%,,,,,,,,,,,,
,,,,,,,,,,,,,,,,,,2023,12/28/2023,$                                                         82.11,,,,,,,,,,2.05%,$               82.11,1.68,111.86,55.74,73.37,47%,36%,1.50%,3.01%,2.05%,52.97%,52.97%,0,2.29%,-2.66%,,,,,,,,,,,,
,,,,,,,,,,,,,,,,,,2023,12/29/2023,$                                                       82.50,,,,,,,,,,2.04%,$             82.50,1.68,111.86,55.74,73.37,48%,36%,1.50%,3.01%,2.04%,52.24%,52.24%,0,2.29%,-2.19%,,,,,,,,,,,,
,,,,,,,,,,,,,,,,,,2024,1/2/2024,$                                                       83.28,,,,,,,,,,2.02%,$             83.28,1.68,111.86,55.74,73.37,49%,34%,1.50%,3.01%,2.02%,50.82%,50.82%,0,2.29%,-1.27%,,,,,,,,,,,,
,,,,,,,,,,,,,,,,,,2024,1/3/2024,$                                                        83.19,,,,,,,,,,2.02%,$              83.19,1.68,111.86,55.74,73.37,49%,34%,1.50%,3.01%,2.02%,50.98%,50.98%,0,2.29%,-1.38%,,,,,,,,,,,,
,,,,,,,,,,,,,,,,,,2024,1/4/2024,$                                                       82.30,,,,,,,,,,2.04%,$             82.30,1.68,111.86,55.74,73.37,47%,36%,1.50%,3.01%,2.04%,52.61%,52.61%,0,2.29%,-2.43%,,,,,,,,,,,,
,,,,,,,,,,,,,,,,,,2024,1/5/2024,$                                                       82.72,,,,,,,,,,2.03%,$             82.72,1.68,111.86,55.74,73.37,48%,35%,1.50%,3.01%,2.03%,51.84%,51.84%,0,2.29%,-1.93%,,,,,,,,,,,,
,,,,,,,,,,,,,,,,,,2024,1/8/2024,$                                                       82.87,,,,,,,,,,2.03%,$             82.87,1.68,111.86,55.74,73.37,48%,35%,1.50%,3.01%,2.03%,51.56%,51.56%,0,2.29%,-1.75%,,,,,,,,,,,,
,,,,,,,,,,,,,,,,,,2024,1/9/2024,$                                                       80.55,,,,,,,,,,2.09%,$             80.55,1.68,111.86,55.74,73.37,44%,39%,1.50%,3.01%,2.09%,55.93%,55.93%,0,2.29%,-4.51%,,,,,,,,,,,,
,,,,,,,,,,,,,,,,,,2024,1/10/2024,$                                                       82.64,,,,,,,,,,2.03%,$             82.64,1.68,111.86,55.74,73.37,48%,35%,1.50%,3.01%,2.03%,51.98%,51.98%,0,2.29%,-2.03%,,,,,,,,,,,,
,,,,,,,,,,,,,,,,,,2024,1/11/2024,$                                                       82.69,,,,,,,,,,2.03%,$             82.69,1.68,111.86,55.74,73.37,48%,35%,1.50%,3.01%,2.03%,51.89%,51.89%,0,2.29%,-1.97%,,,,,,,,,,,,
,,,,,,,,,,,,,,,,,,2024,1/12/2024,$                                                       82.74,,,,,,,,,,2.03%,$             82.74,1.68,111.86,55.74,73.37,48%,35%,1.50%,3.01%,2.03%,51.80%,51.80%,0,2.29%,-1.91%,,,,,,,,,,,,
,,,,,,,,,,,,,,,,,,2024,1/16/2024,$                                                       82.53,,,,,,,,,,2.04%,$             82.53,1.68,111.86,55.74,73.37,48%,36%,1.50%,3.01%,2.04%,52.19%,52.19%,0,2.29%,-2.16%,,,,,,,,,,,,
,,,,,,,,,,,,,,,,,,2024,1/17/2024,$                                                       82.83,,,,,,,,,,2.03%,$             82.83,1.68,111.86,55.74,73.37,48%,35%,1.50%,3.01%,2.03%,51.64%,51.64%,0,2.29%,-1.80%,,,,,,,,,,,,
,,,,,,,,,,,,,,,,,,2024,1/18/2024,$                                                        83.61,,,,,,,,,,2.01%,$              83.61,1.68,111.86,55.74,73.37,50%,34%,1.50%,3.01%,2.01%,50.22%,50.22%,0,2.29%,-0.88%,,,,,,,,,,,,
,,,,,,,,,,,,,,,,,,2024,1/19/2024,$                                                       84.37,,,,,,,,,,1.99%,$             84.37,1.68,111.86,55.74,73.37,51%,33%,1.50%,3.01%,1.99%,48.87%,48.87%,0,2.29%,0.00%,,,,,,,,,,,,
,,,,,,,,,,,,,,,,,,2024,1/22/2024,$                                                       84.50,,,,,,,,,,1.99%,$             84.50,1.68,111.86,55.74,73.37,51%,32%,1.50%,3.01%,1.99%,48.64%,48.64%,0,2.29%,0.00%,,,,,,,,,,,,
,,,,,,,,,,,,,,,,,,2024,1/23/2024,$                                                       84.64,,,,,,,,,,1.98%,$             84.64,1.68,111.86,55.74,73.37,51%,32%,1.50%,3.01%,1.98%,48.39%,48.39%,0,2.29%,0.00%,,,,,,,,,,,,
,,,,,,,,,,,,,,,,,,2024,1/24/2024,$                                                       85.00,,,,,,,,,,1.98%,$             85.00,1.68,111.86,55.74,73.37,52%,32%,1.50%,3.01%,1.98%,47.76%,47.76%,0,2.29%,0.00%,,,,,,,,,,,,
,,,,,,,,,,,,,,,,,,2024,1/25/2024,$                                                       84.89,,,,,,,,,,1.98%,$             84.89,1.68,111.86,55.74,73.37,52%,32%,1.50%,3.01%,1.98%,47.96%,47.96%,0,2.29%,-0.13%,,,,,,,,,,,,
,,,,,,,,,,,,,,,,,,2024,1/26/2024,$                                                        85.31,,,,,,,,,,1.97%,$              85.31,1.68,111.86,55.74,73.37,53%,31%,1.50%,3.01%,1.97%,47.23%,47.23%,0,2.29%,0.00%,,,,,,,,,,,,
,,,,,,,,,,,,,,,,,,2024,1/29/2024,$                                                       84.59,,,,,,,,,,1.99%,$             84.59,1.68,111.86,55.74,73.37,51%,32%,1.50%,3.01%,1.99%,48.48%,48.48%,0,2.29%,-0.84%,,,,,,,,,,,,
,,,,,,,,,,,,,,,,,,2024,1/30/2024,$                                                       85.73,,,,,,,,,,1.96%,$             85.73,1.68,111.86,55.74,73.37,53%,30%,1.50%,3.01%,1.96%,46.51%,46.51%,0,2.29%,0.00%,,,,,,,,,,,,
,,,,,,,,,,,,,,,,,,2024,1/31/2024,$                                                       84.34,,,,,,,,,,1.99%,$             84.34,1.68,111.86,55.74,73.37,51%,33%,1.50%,3.01%,1.99%,48.92%,48.92%,0,2.29%,-1.62%,,,,,,,,,,,,
,,,,,,,,,,,,,,,,,,2024,2/1/2024,$                                                       76.20,,,,,,,,,,2.20%,$             76.20,1.68,111.86,55.74,73.37,36%,47%,1.50%,3.01%,2.20%,64.83%,64.83%,0,2.29%,-11.12%,,,,,,,,,,,,
,,,,,,,,,,,,,,,,,,2024,2/2/2024,$                                                       76.82,,,,,,,,,,2.19%,$             76.82,1.68,111.86,55.74,73.37,38%,46%,1.50%,3.01%,2.19%,63.50%,63.50%,0,2.29%,-10.39%,,,,,,,,,,,,
,,,,,,,,,,,,,,,,,,2024,2/5/2024,$                                                       76.33,,,,,,,,,,2.20%,$             76.33,1.68,111.86,55.74,73.37,37%,47%,1.50%,3.01%,2.20%,64.55%,64.55%,0,2.29%,-10.96%,,,,,,,,,,,,
,,,,,,,,,,,,,,,,,,2024,2/6/2024,$                                                       76.92,,,,,,,,,,2.18%,$             76.92,1.68,111.86,55.74,73.37,38%,45%,1.50%,3.01%,2.18%,63.29%,63.29%,0,2.29%,-10.28%,,,,,,,,,,,,
,,,,,,,,,,,,,,,,,,2024,2/7/2024,$                                                       78.83,,,,,,,,,,2.13%,$             78.83,1.68,111.86,55.74,73.37,41%,42%,1.50%,3.01%,2.13%,59.33%,59.33%,0,2.29%,-8.05%,,,,,,,,,,,,
,,,,,,,,,,,,,,,,,,2024,2/8/2024,$                                                         78.11,,,,,,,,,,2.15%,$               78.11,1.68,111.86,55.74,73.37,40%,43%,1.50%,3.01%,2.15%,60.80%,60.80%,0,2.29%,-8.89%,,,,,,,,,,,,
,,,,,,,,,,,,,,,,,,2024,2/9/2024,$                                                       78.23,,,,,,,,,,2.15%,$             78.23,1.68,111.86,55.74,73.37,40%,43%,1.50%,3.01%,2.15%,60.55%,60.55%,0,2.29%,-8.75%,,,,,,,,,,,,
,,,,,,,,,,,,,,,,,,2024,2/12/2024,$                                                        78.51,,,,,,,,,,2.14%,$              78.51,1.68,111.86,55.74,73.37,41%,42%,1.50%,3.01%,2.14%,59.98%,59.98%,0,2.29%,-8.42%,,,,,,,,,,,,
,,,,,,,,,,,,,,,,,,2024,2/13/2024,$                                                       78.06,,,,,,,,,,2.15%,$             78.06,1.68,111.86,55.74,73.37,40%,43%,1.50%,3.01%,2.15%,60.90%,60.90%,0,2.29%,-8.95%,,,,,,,,,,,,
,,,,,,,,,,,,,,,,,,2024,2/14/2024,$                                                       78.92,,,,,,,,,,2.13%,$             78.92,1.68,111.86,55.74,73.37,41%,42%,1.50%,3.01%,2.13%,59.15%,59.15%,0,2.29%,-7.94%,,,,,,,,,,,,
,,,,,,,,,,,,,,,,,,2024,2/15/2024,$                                                        80.17,,,,,,,,,,2.10%,$              80.17,1.68,111.86,55.74,73.37,44%,40%,1.50%,3.01%,2.10%,56.67%,56.67%,0,2.29%,-6.49%,,,,,,,,,,,,
,,,,,,,,,,,,,,,,,,2024,2/16/2024,$                                                       79.38,,,,,,,,,,2.12%,$             79.38,1.68,111.86,55.74,73.37,42%,41%,1.50%,3.01%,2.12%,58.23%,58.23%,0,2.29%,-7.41%,,,,,,,,,,,,
,,,,,,,,,,,,,,,,,,2024,2/20/2024,$                                                       78.78,,,,,,,,,,2.13%,$             78.78,1.68,111.86,55.74,73.37,41%,42%,1.50%,3.01%,2.13%,59.43%,59.43%,0,2.29%,-8.11%,,,,,,,,,,,,
,,,,,,,,,,,,,,,,,,2024,2/21/2024,$                                                       79.26,,,,,,,,,,2.12%,$             79.26,1.68,111.86,55.74,73.37,42%,41%,1.50%,3.01%,2.12%,58.47%,58.47%,0,2.29%,-7.55%,,,,,,,,,,,,
,,,,,,,,,,,,,,,,,,2024,2/22/2024,$                                                       79.65,,,,,,,,,,2.11%,$             79.65,1.68,111.86,55.74,73.37,43%,40%,1.50%,3.01%,2.11%,57.69%,57.69%,0,2.29%,-7.09%,,,,,,,,,,,,
,,,,,,,,,,,,,,,,,,2024,2/23/2024,$                                                        80.41,,,,,,,,,,2.09%,$              80.41,1.68,111.86,55.74,73.37,44%,39%,1.50%,3.01%,2.09%,56.20%,56.20%,0,2.29%,-6.21%,,,,,,,,,,,,
,,,,,,,,,,,,,,,,,,2024,2/26/2024,$                                                       79.70,,,,,,,,,,2.11%,$             79.70,1.68,111.86,55.74,73.37,43%,40%,1.50%,3.01%,2.11%,57.59%,57.59%,0,2.29%,-7.03%,,,,,,,,,,,,
,,,,,,,,,,,,,,,,,,2024,2/27/2024,$                                                        80.21,,,,,,,,,,2.09%,$              80.21,1.68,111.86,55.74,73.37,44%,39%,1.50%,3.01%,2.09%,56.59%,56.59%,0,2.29%,-6.44%,,,,,,,,,,,,
,,,,,,,,,,,,,,,,,,2024,2/28/2024,$                                                       80.56,,,,,,,,,,2.09%,$             80.56,1.68,111.86,55.74,73.37,44%,39%,1.50%,3.01%,2.09%,55.91%,55.91%,0,2.29%,-6.03%,,,,,,,,,,,,
,,,,,,,,,,,,,,,,,,2024,2/29/2024,$                                                       80.74,,,,,,,,,,2.08%,$             80.74,1.68,111.86,55.74,73.37,45%,39%,1.50%,3.01%,2.08%,55.56%,55.56%,0,2.29%,-5.82%,,,,,,,,,,,,
,,,,,,,,,,,,,,,,,,2024,3/1/2024,$                                                       80.43,,,,,,,,,,2.09%,$             80.43,1.68,111.86,55.74,73.37,44%,39%,1.50%,3.01%,2.09%,56.16%,56.16%,0,2.29%,-6.18%,,,,,,,,,,,,
,,,,,,,,,,,,,,,,,,2024,3/4/2024,$                                                       79.74,,,,,,,,,,2.11%,$             79.74,1.68,111.86,55.74,73.37,43%,40%,1.50%,3.01%,2.11%,57.51%,57.51%,0,2.29%,-6.99%,,,,,,,,,,,,
,,,,,,,,,,,,,,,,,,2024,3/5/2024,$                                                       80.83,,,,,,,,,,2.08%,$             80.83,1.68,111.86,55.74,73.37,45%,38%,1.50%,3.01%,2.08%,55.39%,55.39%,0,2.29%,-5.72%,,,,,,,,,,,,
,,,,,,,,,,,,,,,,,,2024,3/6/2024,$                                                        82.16,,,,,,,,,,2.04%,$              82.16,1.68,111.86,55.74,73.37,47%,36%,1.50%,3.01%,2.04%,52.87%,52.87%,0,2.29%,-4.16%,,,,,,,,,,,,
,,,,,,,,,,,,,,,,,,2024,3/7/2024,$                                                       82.29,,,,,,,,,,2.04%,$             82.29,1.68,111.86,55.74,73.37,47%,36%,1.50%,3.01%,2.04%,52.63%,52.63%,0,2.29%,-4.01%,,,,,,,,,,,,
,,,,,,,,,,,,,,,,,,2024,3/8/2024,$                                                         82.11,,,,,,,,,,2.05%,$               82.11,1.68,111.86,55.74,73.37,47%,36%,1.50%,3.01%,2.05%,52.97%,52.97%,0,2.29%,-4.22%,,,,,,,,,,,,
,,,,,,,,,,,,,,,,,,2024,3/11/2024,$                                                        83.17,,,,,,,,,,2.02%,$              83.17,1.68,111.86,55.74,73.37,49%,34%,1.50%,3.01%,2.02%,51.02%,51.02%,0,2.29%,-2.99%,,,,,,,,,,,,
,,,,,,,,,,,,,,,,,,2024,3/12/2024,$                                                       82.94,,,,,,,,,,2.03%,$             82.94,1.68,111.86,55.74,73.37,48%,35%,1.50%,3.01%,2.03%,51.43%,51.43%,0,2.29%,-3.25%,,,,,,,,,,,,
,,,,,,,,,,,,,,,,,,2024,3/13/2024,$                                                       83.80,,,,,,,,,,2.00%,$             83.80,1.68,111.86,55.74,73.37,50%,33%,1.50%,3.01%,2.00%,49.88%,49.88%,0,2.29%,-2.25%,,,,,,,,,,,,
,,,,,,,,,,,,,,,,,,2024,3/14/2024,$                                                       83.57,,,,,,,,,,2.01%,$             83.57,1.68,111.86,55.74,73.37,50%,34%,1.50%,3.01%,2.01%,50.29%,50.29%,0,2.29%,-2.52%,,,,,,,,,,,,
,,,,,,,,,,,,,,,,,,2024,3/15/2024,$                                                       84.37,,,,,,,,,,1.99%,$             84.37,1.68,111.86,55.74,73.37,51%,33%,1.50%,3.01%,1.99%,48.87%,48.87%,0,2.29%,-1.59%,,,,,,,,,,,,
,,,,,,,,,,,,,,,,,,2024,3/18/2024,$                                                       84.49,,,,,,,,,,1.99%,$             84.49,1.68,111.86,55.74,73.37,51%,32%,1.50%,3.01%,1.99%,48.66%,48.66%,0,2.29%,-1.45%,,,,,,,,,,,,
,,,,,,,,,,,,,,,,,,2024,3/19/2024,$                                                       84.34,,,,,,,,,,1.99%,$             84.34,1.68,111.86,55.74,73.37,51%,33%,1.50%,3.01%,1.99%,48.92%,48.92%,0,2.29%,-1.62%,,,,,,,,,,,,
,,,,,,,,,,,,,,,,,,2024,3/20/2024,$                                                       84.98,,,,,,,,,,1.98%,$             84.98,1.68,111.86,55.74,73.37,52%,32%,1.50%,3.01%,1.98%,47.80%,47.80%,0,2.29%,-0.87%,,,,,,,,,,,,
,,,,,,,,,,,,,,,,,,2024,3/21/2024,$                                                       85.02,,,,,,,,,,1.98%,$             85.02,1.68,111.86,55.74,73.37,52%,32%,1.50%,3.01%,1.98%,47.73%,47.73%,0,2.29%,-0.83%,,,,,,,,,,,,
,,,,,,,,,,,,,,,,,,2024,3/22/2024,$                                                        84.16,,,,,,,,,,2.00%,$              84.16,1.68,111.86,55.74,73.37,51%,33%,1.50%,3.01%,2.00%,49.24%,49.24%,0,2.29%,-1.83%,,,,,,,,,,,,
,,,,,,,,,,,,,,,,,,2024,3/25/2024,$                                                        84.81,,,,,,,,,,1.98%,$              84.81,1.68,111.86,55.74,73.37,52%,32%,1.50%,3.01%,1.98%,48.10%,48.10%,0,2.29%,-1.07%,,,,,,,,,,,,
,,,,,,,,,,,,,,,,,,2024,3/26/2024,$                                                       84.95,,,,,,,,,,1.98%,$             84.95,1.68,111.86,55.74,73.37,52%,32%,1.50%,3.01%,1.98%,47.85%,47.85%,0,2.29%,-0.91%,,,,,,,,,,,,
,,,,,,,,,,,,,,,,,,2024,3/27/2024,$                                                       85.62,,,,,,,,,,1.96%,$             85.62,1.68,111.86,55.74,73.37,53%,31%,1.50%,3.01%,1.96%,46.69%,46.69%,0,2.29%,-0.13%,,,,,,,,,,,,
,,,,,,,,,,,,,,,,,,2024,3/28/2024,$                                                       85.86,,,,,,,,,,1.96%,$             85.86,1.68,111.86,55.74,73.37,54%,30%,1.50%,3.01%,1.96%,46.28%,46.28%,0,2.29%,0.00%,,,,,,,,,,,,
,,,,,,,,,,,,,,,,,,2024,4/1/2024,$                                                        85.19,,,,,,,,,,1.97%,$              85.19,1.68,111.86,55.74,73.37,52%,31%,1.50%,3.01%,1.97%,47.44%,47.44%,0,2.29%,-0.78%,,,,,,,,,,,,
,,,,,,,,,,,,,,,,,,2024,4/2/2024,$                                                       84.93,,,,,,,,,,1.98%,$             84.93,1.68,111.86,55.74,73.37,52%,32%,1.50%,3.01%,1.98%,47.89%,47.89%,0,2.29%,-1.08%,,,,,,,,,,,,
,,,,,,,,,,,,,,,,,,2024,4/3/2024,$                                                        85.18,,,,,,,,,,1.97%,$              85.18,1.68,111.86,55.74,73.37,52%,31%,1.50%,3.01%,1.97%,47.45%,47.45%,0,2.29%,-0.79%,,,,,,,,,,,,
,,,,,,,,,,,,,,,,,,2024,4/4/2024,$                                                       84.36,,,,,,,,,,1.99%,$             84.36,1.68,111.86,55.74,73.37,51%,33%,1.50%,3.01%,1.99%,48.89%,48.89%,0,2.29%,-1.75%,,,,,,,,,,,,
,,,,,,,,,,,,,,,,,,2024,4/5/2024,$                                                       85.42,,,,,,,,,,1.97%,$             85.42,1.68,111.86,55.74,73.37,53%,31%,1.50%,3.01%,1.97%,47.04%,47.04%,0,2.29%,-0.51%,,,,,,,,,,,,
,,,,,,,,,,,,,,,,,,2024,4/8/2024,$                                                        85.14,,,,,,,,,,1.97%,$              85.14,1.68,111.86,55.74,73.37,52%,31%,1.50%,3.01%,1.97%,47.52%,47.52%,0,2.29%,-0.84%,,,,,,,,,,,,
,,,,,,,,,,,,,,,,,,2024,4/9/2024,$                                                        83.17,,,,,,,,,,2.02%,$              83.17,1.68,111.86,55.74,73.37,49%,34%,1.50%,3.01%,2.02%,51.02%,51.02%,0,2.29%,-3.13%,,,,,,,,,,,,
,,,,,,,,,,,,,,,,,,2024,4/10/2024,$                                                       82.92,,,,,,,,,,2.03%,$             82.92,1.68,111.86,55.74,73.37,48%,35%,1.50%,3.01%,2.03%,51.47%,51.47%,0,2.29%,-3.42%,,,,,,,,,,,,
,,,,,,,,,,,,,,,,,,2024,4/11/2024,$                                                       79.64,,,,,,,,,,2.11%,$             79.64,1.68,111.86,55.74,73.37,43%,40%,1.50%,3.01%,2.11%,57.71%,57.71%,0,2.29%,-7.24%,,,,,,,,,,,,
,,,,,,,,,,,,,,,,,,2024,4/12/2024,$                                                       80.28,,,,,,,,,,2.09%,$             80.28,1.68,111.86,55.74,73.37,44%,39%,1.50%,3.01%,2.09%,56.45%,56.45%,0,2.29%,-6.50%,,,,,,,,,,,,
,,,,,,,,,,,,,,,,,,2024,4/15/2024,$                                                       80.27,,,,,,,,,,2.09%,$             80.27,1.68,111.86,55.74,73.37,44%,39%,1.50%,3.01%,2.09%,56.47%,56.47%,0,2.29%,-6.51%,,,,,,,,,,,,
,,,,,,,,,,,,,,,,,,2024,4/16/2024,$                                                       80.43,,,,,,,,,,2.09%,$             80.43,1.68,111.86,55.74,73.37,44%,39%,1.50%,3.01%,2.09%,56.16%,56.16%,0,2.29%,-6.32%,,,,,,,,,,,,
,,,,,,,,,,,,,,,,,,2024,4/17/2024,$                                                       80.26,,,,,,,,,,2.09%,$             80.26,1.68,111.86,55.74,73.37,44%,39%,1.50%,3.01%,2.09%,56.49%,56.49%,0,2.29%,-6.52%,,,,,,,,,,,,
,,,,,,,,,,,,,,,,,,2024,4/18/2024,$                                                       80.98,,,,,,,,,,2.07%,$             80.98,1.68,111.86,55.74,73.37,45%,38%,1.50%,3.01%,2.07%,55.10%,55.10%,0,2.29%,-5.68%,,,,,,,,,,,,
,,,,,,,,,,,,,,,,,,2024,4/19/2024,$                                                       83.23,,,,,,,,,,2.02%,$             83.23,1.68,111.86,55.74,73.37,49%,34%,1.50%,3.01%,2.02%,50.91%,50.91%,0,2.29%,-3.06%,,,,,,,,,,,,
,,,,,,,,,,,,,,,,,,2024,4/22/2024,$                                                       83.52,,,,,,,,,,2.01%,$             83.52,1.68,111.86,55.74,73.37,50%,34%,1.50%,3.01%,2.01%,50.38%,50.38%,0,2.29%,-2.73%,,,,,,,,,,,,
,,,,,,,,,,,,,,,,,,2024,4/23/2024,$                                                       83.75,,,,,,,,,,2.01%,$             83.75,1.68,111.86,55.74,73.37,50%,34%,1.50%,3.01%,2.01%,49.97%,49.97%,0,2.29%,-2.46%,,,,,,,,,,,,
,,,,,,,,,,,,,,,,,,2024,4/24/2024,$                                                       84.28,,,,,,,,,,1.99%,$             84.28,1.68,111.86,55.74,73.37,51%,33%,1.50%,3.01%,1.99%,49.03%,49.03%,0,2.29%,-1.84%,,,,,,,,,,,,
,,,,,,,,,,,,,,,,,,2024,4/25/2024,$                                                       83.73,,,,,,,,,,2.01%,$             83.73,1.68,111.86,55.74,73.37,50%,34%,1.50%,3.01%,2.01%,50.01%,50.01%,0,2.29%,-2.48%,,,,,,,,,,,,
,,,,,,,,,,,,,,,,,,2024,4/26/2024,$                                                        83.61,,,,,,,,,,2.01%,$              83.61,1.68,111.86,55.74,73.37,50%,34%,1.50%,3.01%,2.01%,50.22%,50.22%,0,2.29%,-2.62%,,,,,,,,,,,,
,,,,,,,,,,,,,,,,,,2024,4/29/2024,$                                                       84.54,,,,,,,,,,1.99%,$             84.54,1.68,111.86,55.74,73.37,51%,32%,1.50%,3.01%,1.99%,48.57%,48.57%,0,2.29%,-1.54%,,,,,,,,,,,,
,,,,,,,,,,,,,,,,,,2024,4/30/2024,$                                                       83.65,,,,,,,,,,2.01%,$             83.65,1.68,111.86,55.74,73.37,50%,34%,1.50%,3.01%,2.01%,50.15%,50.15%,0,2.29%,-2.57%,,,,,,,,,,,,
,,,,,,,,,,,,,,,,,,2024,5/1/2024,$                                                       84.57,,,,,,,,,,1.99%,$             84.57,1.68,111.86,55.74,73.37,51%,32%,1.50%,3.01%,1.99%,48.52%,48.52%,0,2.29%,-1.50%,,,,,,,,,,,,
,,,,,,,,,,,,,,,,,,2024,5/2/2024,$                                                       84.04,,,,,,,,,,2.00%,$             84.04,1.68,111.86,55.74,73.37,50%,33%,1.50%,3.01%,2.00%,49.45%,49.45%,0,2.29%,-2.12%,,,,,,,,,,,,
,,,,,,,,,,,,,,,,,,2024,5/3/2024,$                                                        83.21,,,,,,,,,,2.02%,$              83.21,1.68,111.86,55.74,73.37,49%,34%,1.50%,3.01%,2.02%,50.94%,50.94%,0,2.29%,-3.09%,,,,,,,,,,,,
,,,,,,,,,,,,,,,,,,2024,5/6/2024,$                                                       84.73,,,,,,,,,,1.98%,$             84.73,1.68,111.86,55.74,73.37,52%,32%,1.50%,3.01%,1.98%,48.24%,48.24%,0,2.29%,-1.32%,,,,,,,,,,,,
,,,,,,,,,,,,,,,,,,2024,5/7/2024,$                                                       84.68,,,,,,,,,,1.98%,$             84.68,1.68,111.86,55.74,73.37,52%,32%,1.50%,3.01%,1.98%,48.32%,48.32%,0,2.29%,-1.37%,,,,,,,,,,,,
,,,,,,,,,,,,,,,,,,2024,5/8/2024,$                                                       84.83,,,,,,,,,,1.98%,$             84.83,1.68,111.86,55.74,73.37,52%,32%,1.50%,3.01%,1.98%,48.06%,48.06%,0,2.29%,-1.20%,,,,,,,,,,,,
,,,,,,,,,,,,,,,,,,2024,5/9/2024,$                                                       85.38,,,,,,,,,,1.97%,$             85.38,1.68,111.86,55.74,73.37,53%,31%,1.50%,3.01%,1.97%,47.11%,47.11%,0,2.29%,-0.56%,,,,,,,,,,,,
,,,,,,,,,,,,,,,,,,2024,5/10/2024,$                                                       86.08,,,,,,,,,,1.95%,$             86.08,1.68,111.86,55.74,73.37,54%,30%,1.50%,3.01%,1.95%,45.91%,45.91%,0,2.29%,0.00%,,,,,,,,,,,,
,,,,,,,,,,,,,,,,,,2024,5/13/2024,$                                                       85.87,,,,,,,,,,1.96%,$             85.87,1.68,111.86,55.74,73.37,54%,30%,1.50%,3.01%,1.96%,46.27%,46.27%,0,2.29%,-0.24%,,,,,,,,,,,,
,,,,,,,,,,,,,,,,,,2024,5/14/2024,$                                                       86.30,,,,,,,,,,1.95%,$             86.30,1.68,111.86,55.74,73.37,54%,30%,1.50%,3.01%,1.95%,45.54%,45.54%,0,2.29%,0.00%,,,,,,,,,,,,
,,,,,,,,,,,,,,,,,,2024,5/15/2024,$                                                       87.48,,,,,,,,,,1.92%,$             87.48,1.68,111.86,55.74,73.37,57%,28%,1.50%,3.01%,1.92%,43.58%,43.58%,0,2.29%,0.00%,,,,,,,,,,,,
,,,,,,,,,,,,,,,,,,2024,5/16/2024,$                                                        87.14,,,,,,,,,,1.93%,$              87.14,1.68,111.86,55.74,73.37,56%,28%,1.50%,3.01%,1.93%,44.14%,44.14%,0,2.29%,-0.39%,,,,,,,,,,,,
,,,,,,,,,,,,,,,,,,2024,5/17/2024,$                                                       88.37,,,,,,,,,,1.90%,$             88.37,1.68,111.86,55.74,73.37,58%,27%,1.50%,3.01%,1.90%,42.13%,42.13%,0,2.29%,0.00%,,,,,,,,,,,,
,,,,,,,,,,,,,,,,,,2024,5/20/2024,$                                                       87.69,,,,,,,,,,1.92%,$             87.69,1.68,111.86,55.74,73.37,57%,28%,1.50%,3.01%,1.92%,43.23%,43.23%,0,2.29%,-0.77%,,,,,,,,,,,,
,,,,,,,,,,,,,,,,,,2024,5/21/2024,$                                                       87.59,,,,,,,,,,1.92%,$             87.59,1.68,111.86,55.74,73.37,57%,28%,1.50%,3.01%,1.92%,43.40%,43.40%,0,2.29%,-0.88%,,,,,,,,,,,,
,,,,,,,,,,,,,,,,,,2024,5/22/2024,$                                                       87.66,,,,,,,,,,1.92%,$             87.66,1.68,111.86,55.74,73.37,57%,28%,1.50%,3.01%,1.92%,43.28%,43.28%,0,2.29%,-0.80%,,,,,,,,,,,,
,,,,,,,,,,,,,,,,,,2024,5/23/2024,$                                                       86.78,,,,,,,,,,1.94%,$             86.78,1.68,111.86,55.74,73.37,55%,29%,1.50%,3.01%,1.94%,44.73%,44.73%,0,2.29%,-1.80%,,,,,,,,,,,,
,,,,,,,,,,,,,,,,,,2024,5/24/2024,$                                                       87.69,,,,,,,,,,1.92%,$             87.69,1.68,111.86,55.74,73.37,57%,28%,1.50%,3.01%,1.92%,43.23%,43.23%,0,2.29%,-0.77%,,,,,,,,,,,,
,,,,,,,,,,,,,,,,,,2024,5/28/2024,$                                                       87.26,,,,,,,,,,1.93%,$             87.26,1.68,111.86,55.74,73.37,56%,28%,1.50%,3.01%,1.93%,43.94%,43.94%,0,2.29%,-1.26%,,,,,,,,,,,,
,,,,,,,,,,,,,,,,,,2024,5/29/2024,$                                                        87.18,,,,,,,,,,1.93%,$              87.18,1.68,111.86,55.74,73.37,56%,28%,1.50%,3.01%,1.93%,44.07%,44.07%,0,2.29%,-1.35%,,,,,,,,,,,,
,,,,,,,,,,,,,,,,,,2024,5/30/2024,$                                                       87.98,,,,,,,,,,1.91%,$             87.98,1.68,111.86,55.74,73.37,57%,27%,1.50%,3.01%,1.91%,42.76%,42.76%,0,2.29%,-0.44%,,,,,,,,,,,,
,,,,,,,,,,,,,,,,,,2024,5/31/2024,$                                                       89.87,,,,,,,,,,1.87%,$             89.87,1.68,111.86,55.74,73.37,61%,24%,1.50%,3.01%,1.87%,39.76%,39.76%,0,2.29%,0.00%,,,,,,,,,,,,
,,,,,,,,,,,,,,,,,,2024,6/3/2024,$                                                        88.91,,,,,,,,,,1.89%,$              88.91,1.68,111.86,55.74,73.37,59%,26%,1.50%,3.01%,1.89%,41.27%,41.27%,0,2.29%,-1.07%,,,,,,,,,,,,
,,,,,,,,,,,,,,,,,,2024,6/4/2024,$                                                       88.04,,,,,,,,,,1.91%,$             88.04,1.68,111.86,55.74,73.37,58%,27%,1.50%,3.01%,1.91%,42.66%,42.66%,0,2.29%,-2.04%,,,,,,,,,,,,
,,,,,,,,,,,,,,,,,,2024,6/5/2024,$                                                       88.38,,,,,,,,,,1.90%,$             88.38,1.68,111.86,55.74,73.37,58%,27%,1.50%,3.01%,1.90%,42.11%,42.11%,0,2.29%,-1.66%,,,,,,,,,,,,
,,,,,,,,,,,,,,,,,,2024,6/6/2024,$                                                       88.35,,,,,,,,,,1.90%,$             88.35,1.68,111.86,55.74,73.37,58%,27%,1.50%,3.01%,1.90%,42.16%,42.16%,0,2.29%,-1.69%,,,,,,,,,,,,
,,,,,,,,,,,,,,,,,,2024,6/7/2024,$                                                       88.79,,,,,,,,,,1.89%,$             88.79,1.68,111.86,55.74,73.37,59%,26%,1.50%,3.01%,1.89%,41.46%,41.46%,0,2.29%,-1.20%,,,,,,,,,,,,
,,,,,,,,,,,,,,,,,,2024,6/10/2024,$                                                       88.40,,,,,,,,,,1.90%,$             88.40,1.68,111.86,55.74,73.37,58%,27%,1.50%,3.01%,1.90%,42.08%,42.08%,0,2.29%,-1.64%,,,,,,,,,,,,
,,,,,,,,,,,,,,,,,,2024,6/11/2024,$                                                       87.57,,,,,,,,,,1.92%,$             87.57,1.68,111.86,55.74,73.37,57%,28%,1.50%,3.01%,1.92%,43.43%,43.43%,0,2.29%,-2.56%,,,,,,,,,,,,
,,,,,,,,,,,,,,,,,,2024,6/12/2024,$                                                        88.19,,,,,,,,,,1.90%,$              88.19,1.68,111.86,55.74,73.37,58%,27%,1.50%,3.01%,1.90%,42.42%,42.42%,0,2.29%,-1.87%,,,,,,,,,,,,
,,,,,,,,,,,,,,,,,,2024,6/13/2024,$                                                        87.31,,,,,,,,,,1.92%,$              87.31,1.68,111.86,55.74,73.37,56%,28%,1.50%,3.01%,1.92%,43.86%,43.86%,0,2.29%,-2.85%,,,,,,,,,,,,
,,,,,,,,,,,,,,,,,,2024,6/14/2024,$                                                       87.04,,,,,,,,,,1.93%,$             87.04,1.68,111.86,55.74,73.37,56%,29%,1.50%,3.01%,1.93%,44.30%,44.30%,0,2.29%,-3.15%,,,,,,,,,,,,
,,,,,,,,,,,,,,,,,,2024,6/17/2024,$                                                       87.96,,,,,,,,,,1.91%,$             87.96,1.68,111.86,55.74,73.37,57%,27%,1.50%,3.01%,1.91%,42.79%,42.79%,0,2.29%,-2.13%,,,,,,,,,,,,
,,,,,,,,,,,,,,,,,,2024,6/18/2024,$                                                       88.99,,,,,,,,,,1.89%,$             88.99,1.68,111.86,55.74,73.37,59%,26%,1.50%,3.01%,1.89%,41.14%,41.14%,0,2.29%,-0.98%,,,,,,,,,,,,
,,,,,,,,,,,,,,,,,,2024,6/20/2024,$                                                       89.76,,,,,,,,,,1.87%,$             89.76,1.68,111.86,55.74,73.37,61%,25%,1.50%,3.01%,1.87%,39.93%,39.93%,0,2.29%,-0.12%,,,,,,,,,,,,
,,,,,,,,,,,,,,,,,,2024,6/21/2024,$                                                       89.67,,,,,,,,,,1.87%,$             89.67,1.68,111.86,55.74,73.37,60%,25%,1.50%,3.01%,1.87%,40.07%,40.07%,0,2.29%,-0.22%,,,,,,,,,,,,
,,,,,,,,,,,,,,,,,,2024,6/24/2024,$                                                       90.43,,,,,,,,,,1.86%,$             90.43,1.68,111.86,55.74,73.37,62%,24%,1.50%,3.01%,1.86%,38.89%,38.89%,0,2.29%,0.00%,,,,,,,,,,,,
,,,,,,,,,,,,,,,,,,2024,6/25/2024,$                                                        90.01,,,,,,,,,,1.87%,$              90.01,1.68,111.86,55.74,73.37,61%,24%,1.50%,3.01%,1.87%,39.54%,39.54%,0,2.29%,-0.46%,,,,,,,,,,,,
,,,,,,,,,,,,,,,,,,2024,6/26/2024,$                                                       89.22,,,,,,,,,,1.88%,$             89.22,1.68,111.86,55.74,73.37,60%,25%,1.50%,3.01%,1.88%,40.78%,40.78%,0,2.29%,-1.34%,,,,,,,,,,,,
,,,,,,,,,,,,,,,,,,2024,6/27/2024,$                                                        89.16,,,,,,,,,,1.88%,$              89.16,1.68,111.86,55.74,73.37,60%,25%,1.50%,3.01%,1.88%,40.87%,40.87%,0,2.29%,-1.40%,,,,,,,,,,,,
,,,,,,,,,,,,,,,,,,2024,6/28/2024,$                                                        89.31,,,,,,,,,,1.88%,$              89.31,1.68,111.86,55.74,73.37,60%,25%,1.50%,3.01%,1.88%,40.63%,40.63%,0,2.29%,-1.24%,,,,,,,,,,,,
,,,,,,,,,,,,,,,,,,2024,7/1/2024,$                                                       89.06,,,,,,,,,,1.89%,$             89.06,1.68,111.86,55.74,73.37,59%,26%,1.50%,3.01%,1.89%,41.03%,41.03%,0,2.29%,-1.51%,,,,,,,,,,,,
,,,,,,,,,,,,,,,,,,2024,7/2/2024,$                                                       89.43,,,,,,,,,,1.88%,$             89.43,1.68,111.86,55.74,73.37,60%,25%,1.50%,3.01%,1.88%,40.45%,40.45%,0,2.29%,-1.11%,,,,,,,,,,,,
,,,,,,,,,,,,,,,,,,2024,7/3/2024,$                                                       89.09,,,,,,,,,,1.89%,$             89.09,1.68,111.86,55.74,73.37,59%,26%,1.50%,3.01%,1.89%,40.98%,40.98%,0,2.29%,-1.48%,,,,,,,,,,,,
,,,,,,,,,,,,,,,,,,2024,7/5/2024,$                                                       89.05,,,,,,,,,,1.89%,$             89.05,1.68,111.86,55.74,73.37,59%,26%,1.50%,3.01%,1.89%,41.04%,41.04%,0,2.29%,-1.53%,,,,,,,,,,,,
,,,,,,,,,,,,,,,,,,2024,7/8/2024,$                                                       88.52,,,,,,,,,,1.90%,$             88.52,1.68,111.86,55.74,73.37,58%,26%,1.50%,3.01%,1.90%,41.89%,41.89%,0,2.29%,-2.11%,,,,,,,,,,,,
,,,,,,,,,,,,,,,,,,2024,7/9/2024,$                                                       88.93,,,,,,,,,,1.89%,$             88.93,1.68,111.86,55.74,73.37,59%,26%,1.50%,3.01%,1.89%,41.23%,41.23%,0,2.29%,-1.66%,,,,,,,,,,,,
,,,,,,,,,,,,,,,,,,2024,7/10/2024,$                                                        90.21,,,,,,,,,,1.86%,$              90.21,1.68,111.86,55.74,73.37,61%,24%,1.50%,3.01%,1.86%,39.23%,39.23%,0,2.29%,-0.24%,,,,,,,,,,,,
,,,,,,,,,,,,,,,,,,2024,7/11/2024,$                                                       92.42,,,,,,,,,,1.82%,$             92.42,1.68,111.86,55.74,73.37,65%,21%,1.50%,3.01%,1.82%,35.90%,35.90%,0,2.29%,0.00%,,,,,,,,,,,,
,,,,,,,,,,,,,,,,,,2024,7/12/2024,$                                                       92.64,,,,,,,,,,1.81%,$             92.64,1.68,111.86,55.74,73.37,66%,21%,1.50%,3.01%,1.81%,35.58%,35.58%,0,2.29%,0.00%,,,,,,,,,,,,
,,,,,,,,,,,,,,,,,,2024,7/15/2024,$                                                       93.37,,,,,,,,,,1.80%,$             93.37,1.68,111.86,55.74,73.37,67%,20%,1.50%,3.01%,1.80%,34.52%,34.52%,0,2.29%,0.00%,,,,,,,,,,,,
,,,,,,,,,,,,,,,,,,2024,7/16/2024,$                                                       93.55,,,,,,,,,,1.80%,$             93.55,1.68,111.86,55.74,73.37,67%,20%,1.50%,3.01%,1.80%,34.26%,34.26%,0,2.29%,0.00%,,,,,,,,,,,,
,,,,,,,,,,,,,,,,,,2024,7/17/2024,$                                                       94.06,,,,,,,,,,1.79%,$             94.06,1.68,111.86,55.74,73.37,68%,19%,1.50%,3.01%,1.79%,33.53%,33.53%,0,2.29%,0.00%,,,,,,,,,,,,
,,,,,,,,,,,,,,,,,,2024,7/18/2024,$                                                       94.29,,,,,,,,,,1.78%,$             94.29,1.68,111.86,55.74,73.37,69%,19%,1.50%,3.01%,1.78%,33.21%,33.21%,0,2.29%,0.00%,,,,,,,,,,,,
,,,,,,,,,,,,,,,,,,2024,7/19/2024,$                                                        92.91,,,,,,,,,,1.81%,$              92.91,1.68,111.86,55.74,73.37,66%,20%,1.50%,3.01%,1.81%,35.18%,35.18%,0,2.29%,-1.46%,,,,,,,,,,,,
,,,,,,,,,,,,,,,,,,2024,7/22/2024,$                                                       94.50,,,,,,,,,,1.78%,$             94.50,1.68,111.86,55.74,73.37,69%,18%,1.50%,3.01%,1.78%,32.91%,32.91%,0,2.29%,0.00%,,,,,,,,,,,,
,,,,,,,,,,,,,,,,,,2024,7/23/2024,$                                                       94.32,,,,,,,,,,1.78%,$             94.32,1.68,111.86,55.74,73.37,69%,19%,1.50%,3.01%,1.78%,33.16%,33.16%,0,2.29%,-0.19%,,,,,,,,,,,,
,,,,,,,,,,,,,,,,,,2024,7/24/2024,$                                                        94.14,,,,,,,,,,1.78%,$              94.14,1.68,111.86,55.74,73.37,68%,19%,1.50%,3.01%,1.78%,33.42%,33.42%,0,2.29%,-0.38%,,,,,,,,,,,,
,,,,,,,,,,,,,,,,,,2024,7/25/2024,$                                                        94.12,,,,,,,,,,1.78%,$              94.12,1.68,111.86,55.74,73.37,68%,19%,1.50%,3.01%,1.78%,33.45%,33.45%,0,2.29%,-0.40%,,,,,,,,,,,,
,,,,,,,,,,,,,,,,,,2024,7/26/2024,$                                                       94.82,,,,,,,,,,1.77%,$             94.82,1.68,111.86,55.74,73.37,70%,18%,1.50%,3.01%,1.77%,32.46%,32.46%,0,2.29%,0.00%,,,,,,,,,,,,
,,,,,,,,,,,,,,,,,,2024,7/29/2024,$                                                       94.54,,,,,,,,,,1.78%,$             94.54,1.68,111.86,55.74,73.37,69%,18%,1.50%,3.01%,1.78%,32.85%,32.85%,0,2.29%,-0.30%,,,,,,,,,,,,
,,,,,,,,,,,,,,,,,,2024,7/30/2024,$                                                       95.36,,,,,,,,,,1.76%,$             95.36,1.68,111.86,55.74,73.37,71%,17%,1.50%,3.01%,1.76%,31.71%,31.71%,0,2.29%,0.00%,,,,,,,,,,,,
,,,,,,,,,,,,,,,,,,2024,7/31/2024,$                                                       95.38,,,,,,,,,,1.76%,$             95.38,1.68,111.86,55.74,73.37,71%,17%,1.50%,3.01%,1.76%,31.68%,31.68%,0,2.29%,0.00%,,,,,,,,,,,,
,,,,,,,,,,,,,,,,,,2024,8/1/2024,$                                                      101.65,,,,,,,,,,1.65%,$            101.65,1.68,111.86,55.74,73.37,82%,10%,1.50%,3.01%,1.65%,23.56%,23.56%,0,2.29%,0.00%,,,,,,,,,,,,
,,,,,,,,,,,,,,,,,,2024,8/2/2024,$                                                       99.24,,,,,,,,,,1.69%,$             99.24,1.68,111.86,55.74,73.37,78%,13%,1.50%,3.01%,1.69%,26.56%,26.56%,0,2.29%,-2.37%,,,,,,,,,,,,
,,,,,,,,,,,,,,,,,,2024,8/5/2024,$                                                        97.17,,,,,,,,,,1.73%,$              97.17,1.68,111.86,55.74,73.37,74%,15%,1.50%,3.01%,1.73%,29.26%,29.26%,0,2.29%,-4.41%,,,,,,,,,,,,
,,,,,,,,,,,,,,,,,,2024,8/6/2024,$                                                       98.60,,,,,,,,,,1.70%,$             98.60,1.68,111.86,55.74,73.37,76%,13%,1.50%,3.01%,1.70%,27.38%,27.38%,0,2.29%,-3.00%,,,,,,,,,,,,
,,,,,,,,,,,,,,,,,,2024,8/7/2024,$                                                       99.29,,,,,,,,,,1.69%,$             99.29,1.68,111.86,55.74,73.37,78%,13%,1.50%,3.01%,1.69%,26.50%,26.50%,0,2.29%,-2.32%,,,,,,,,,,,,
,,,,,,,,,,,,,,,,,,2024,8/8/2024,$                                                     100.86,,,,,,,,,,1.67%,$           100.86,1.68,111.86,55.74,73.37,80%,11%,1.50%,3.01%,1.67%,24.53%,24.53%,0,2.29%,-0.78%,,,,,,,,,,,,
,,,,,,,,,,,,,,,,,,2024,8/9/2024,$                                                       101.21,,,,,,,,,,1.66%,$             101.21,1.68,111.86,55.74,73.37,81%,11%,1.50%,3.01%,1.66%,24.10%,24.10%,0,2.29%,-0.43%,,,,,,,,,,,,
,,,,,,,,,,,,,,,,,,2024,8/12/2024,$                                                       101.19,,,,,,,,,,1.66%,$             101.19,1.68,111.86,55.74,73.37,81%,11%,1.50%,3.01%,1.66%,24.12%,24.12%,0,2.29%,-0.45%,,,,,,,,,,,,
,,,,,,,,,,,,,,,,,,2024,8/13/2024,$                                                      101.73,,,,,,,,,,1.65%,$            101.73,1.68,111.86,55.74,73.37,82%,10%,1.50%,3.01%,1.65%,23.46%,23.46%,0,2.29%,0.00%,,,,,,,,,,,,
,,,,,,,,,,,,,,,,,,2024,8/14/2024,$                                                     102.37,,,,,,,,,,1.64%,$           102.37,1.68,111.86,55.74,73.37,83%,9%,1.50%,3.01%,1.64%,22.69%,22.69%,0,2.29%,0.00%,,,,,,,,,,,,
,,,,,,,,,,,,,,,,,,2024,8/15/2024,$                                                     102.54,,,,,,,,,,1.64%,$           102.54,1.68,111.86,55.74,73.37,83%,9%,1.50%,3.01%,1.64%,22.49%,22.49%,0,2.29%,0.00%,,,,,,,,,,,,
,,,,,,,,,,,,,,,,,,2024,8/16/2024,$                                                     104.76,,,,,,,,,,1.60%,$           104.76,1.68,111.86,55.74,73.37,87%,7%,1.50%,3.01%,1.60%,19.89%,19.89%,0,2.29%,0.00%,,,,,,,,,,,,
,,,,,,,,,,,,,,,,,,2024,8/19/2024,$                                                      105.21,,,,,,,,,,1.60%,$            105.21,1.68,111.86,55.74,73.37,88%,6%,1.50%,3.01%,1.60%,19.38%,19.38%,0,2.29%,0.00%,,,,,,,,,,,,
,,,,,,,,,,,,,,,,,,2024,8/20/2024,$                                                     104.80,,,,,,,,,,1.60%,$           104.80,1.68,111.86,55.74,73.37,87%,7%,1.50%,3.01%,1.60%,19.85%,19.85%,0,2.29%,-0.39%,,,,,,,,,,,,
,,,,,,,,,,,,,,,,,,2024,8/21/2024,$                                                     105.34,,,,,,,,,,1.59%,$           105.34,1.68,111.86,55.74,73.37,88%,6%,1.50%,3.01%,1.59%,19.23%,19.23%,0,2.29%,0.00%,,,,,,,,,,,,
,,,,,,,,,,,,,,,,,,2024,8/22/2024,$                                                      106.61,,,,,,,,,,1.58%,$            106.61,1.68,111.86,55.74,73.37,91%,5%,1.50%,3.01%,1.58%,17.81%,17.81%,0,2.29%,0.00%,,,,,,,,,,,,
,,,,,,,,,,,,,,,,,,2024,8/23/2024,$                                                     107.34,,,,,,,,,,1.57%,$           107.34,1.68,111.86,55.74,73.37,92%,4%,1.50%,3.01%,1.57%,17.01%,17.01%,0,2.29%,0.00%,,,,,,,,,,,,
,,,,,,,,,,,,,,,,,,2024,8/26/2024,$                                                      107.51,,,,,,,,,,1.56%,$            107.51,1.68,111.86,55.74,73.37,92%,4%,1.50%,3.01%,1.56%,16.83%,16.83%,0,2.29%,0.00%,,,,,,,,,,,,
,,,,,,,,,,,,,,,,,,2024,8/27/2024,$                                                      107.71,,,,,,,,,,1.56%,$            107.71,1.68,111.86,55.74,73.37,93%,4%,1.50%,3.01%,1.56%,16.61%,16.61%,0,2.29%,0.00%,,,,,,,,,,,,
,,,,,,,,,,,,,,,,,,2024,8/28/2024,$                                                     108.83,,,,,,,,,,1.54%,$           108.83,1.68,111.86,55.74,73.37,95%,3%,1.50%,3.01%,1.54%,15.41%,15.41%,0,2.29%,0.00%,,,,,,,,,,,,
,,,,,,,,,,,,,,,,,,2024,8/29/2024,$                                                     109.63,,,,,,,,,,1.53%,$           109.63,1.68,111.86,55.74,73.37,96%,2%,1.50%,3.01%,1.53%,14.57%,14.57%,0,2.29%,0.00%,,,,,,,,,,,,
,,,,,,,,,,,,,,,,,,2024,8/30/2024,$                                                      110.36,,,,,,,,,,1.52%,$            110.36,1.68,111.86,55.74,73.37,97%,1%,1.50%,3.01%,1.52%,13.81%,13.81%,0,2.29%,0.00%,,,,,,,,,,,,
,,,,,,,,,,,,,,,,,,2024,9/3/2024,$                                                     109.07,,,,,,,,,,1.54%,$           109.07,1.68,111.86,55.74,73.37,95%,3%,1.50%,3.01%,1.54%,15.16%,15.16%,0,2.29%,-1.17%,,,,,,,,,,,,
,,,,,,,,,,,,,,,,,,2024,9/4/2024,$                                                      110.49,,,,,,,,,,1.52%,$            110.49,1.68,111.86,55.74,73.37,98%,1%,1.50%,3.01%,1.52%,13.68%,13.68%,0,2.29%,0.00%,,,,,,,,,,,,
,,,,,,,,,,,,,,,,,,2024,9/5/2024,$                                                     109.69,,,,,,,,,,1.53%,$           109.69,1.68,111.86,55.74,73.37,96%,2%,1.50%,3.01%,1.53%,14.50%,14.50%,0,2.29%,-0.72%,,,,,,,,,,,,
,,,,,,,,,,,,,,,,,,2024,9/6/2024,$                                                     108.89,,,,,,,,,,1.54%,$           108.89,1.68,111.86,55.74,73.37,95%,3%,1.50%,3.01%,1.54%,15.35%,15.35%,0,2.29%,-1.45%,,,,,,,,,,,,
,,,,,,,,,,,,,,,,,,2024,9/9/2024,$                                                     109.40,,,,,,,,,,1.54%,$           109.40,1.68,111.86,55.74,73.37,96%,2%,1.50%,3.01%,1.54%,14.81%,14.81%,0,2.29%,-0.99%,,,,,,,,,,,,
,,,,,,,,,,,,,,,,,,2024,9/10/2024,$                                                     108.44,,,,,,,,,,1.55%,$           108.44,1.68,111.86,55.74,73.37,94%,3%,1.50%,3.01%,1.55%,15.82%,15.82%,0,2.29%,-1.86%,,,,,,,,,,,,
,,,,,,,,,,,,,,,,,,2024,9/11/2024,$                                                     107.36,,,,,,,,,,1.56%,$           107.36,1.68,111.86,55.74,73.37,92%,4%,1.50%,3.01%,1.56%,16.99%,16.99%,0,2.29%,-2.83%,,,,,,,,,,,,
,,,,,,,,,,,,,,,,,,2024,9/12/2024,$                                                     107.97,,,,,,,,,,1.56%,$           107.97,1.68,111.86,55.74,73.37,93%,4%,1.50%,3.01%,1.56%,16.33%,16.33%,0,2.29%,-2.28%,,,,,,,,,,,,
,,,,,,,,,,,,,,,,,,2024,9/13/2024,$                                                     108.59,,,,,,,,,,1.55%,$           108.59,1.68,111.86,55.74,73.37,94%,3%,1.50%,3.01%,1.55%,15.66%,15.66%,0,2.29%,-1.72%,,,,,,,,,,,,
,,,,,,,,,,,,,,,,,,2024,9/16/2024,$                                                       110.17,,,,,,,,,,1.52%,$             110.17,1.68,111.86,55.74,73.37,97%,2%,1.50%,3.01%,1.52%,14.01%,14.01%,0,2.29%,-0.29%,,,,,,,,,,,,
,,,,,,,,,,,,,,,,,,2024,9/17/2024,$                                                     109.56,,,,,,,,,,1.53%,$           109.56,1.68,111.86,55.74,73.37,96%,2%,1.50%,3.01%,1.53%,14.64%,14.64%,0,2.29%,-0.84%,,,,,,,,,,,,
,,,,,,,,,,,,,,,,,,2024,9/18/2024,$                                                     108.96,,,,,,,,,,1.54%,$           108.96,1.68,111.86,55.74,73.37,95%,3%,1.50%,3.01%,1.54%,15.27%,15.27%,0,2.29%,-1.38%,,,,,,,,,,,,
,,,,,,,,,,,,,,,,,,2024,9/19/2024,$                                                     107.87,,,,,,,,,,1.56%,$           107.87,1.68,111.86,55.74,73.37,93%,4%,1.50%,3.01%,1.56%,16.44%,16.44%,0,2.29%,-2.37%,,,,,,,,,,,,
,,,,,,,,,,,,,,,,,,2024,9/20/2024,$                                                     107.92,,,,,,,,,,1.56%,$           107.92,1.68,111.86,55.74,73.37,93%,4%,1.50%,3.01%,1.56%,16.38%,16.38%,0,2.29%,-2.33%,,,,,,,,,,,,
,,,,,,,,,,,,,,,,,,2024,9/23/2024,$                                                      110.02,,,,,,,,,,1.53%,$            110.02,1.68,111.86,55.74,73.37,97%,2%,1.50%,3.01%,1.53%,14.16%,14.16%,0,2.29%,-0.43%,,,,,,,,,,,,
,,,,,,,,,,,,,,,,,,2024,9/24/2024,$                                                      109.10,,,,,,,,,,1.54%,$            109.10,1.68,111.86,55.74,73.37,95%,3%,1.50%,3.01%,1.54%,15.12%,15.12%,0,2.29%,-1.26%,,,,,,,,,,,,
,,,,,,,,,,,,,,,,,,2024,9/25/2024,$                                                     109.69,,,,,,,,,,1.53%,$           109.69,1.68,111.86,55.74,73.37,96%,2%,1.50%,3.01%,1.53%,14.50%,14.50%,0,2.29%,-0.72%,,,,,,,,,,,,
,,,,,,,,,,,,,,,,,,2024,9/26/2024,$                                                      110.07,,,,,,,,,,1.53%,$            110.07,1.68,111.86,55.74,73.37,97%,2%,1.50%,3.01%,1.53%,14.11%,14.11%,0,2.29%,-0.38%,,,,,,,,,,,,
,,,,,,,,,,,,,,,,,,2024,9/27/2024,$                                                      110.59,,,,,,,,,,1.52%,$            110.59,1.68,111.86,55.74,73.37,98%,1%,1.50%,3.01%,1.52%,13.57%,13.57%,0,2.29%,0.00%,,,,,,,,,,,,
,,,,,,,,,,,,,,,,,,2024,9/30/2024,$                                                       111.80,,,,,,,,,,1.50%,$             111.80,1.68,111.86,55.74,73.37,100%,0%,1.50%,3.01%,1.50%,12.34%,12.34%,0,2.29%,0.00%,,,,,,,,,,,,
,,,,,,,,,,,,,,,,,,2024,10/1/2024,$                                                      112.82,,,,,,,,,,1.49%,$            112.82,1.68,111.86,55.74,73.37,102%,-1%,1.50%,3.01%,1.49%,11.33%,11.33%,0,2.29%,0.00%,,,,,,,,,,,,
,,,,,,,,,,,,,,,,,,2024,10/2/2024,$                                                      114.23,,,,,,,,,,1.47%,$            114.23,1.68,111.86,55.74,73.37,104%,-2%,1.50%,3.01%,1.47%,9.95%,9.95%,0,2.29%,0.00%,,,,,,,,,,,,
,,,,,,,,,,,,,,,,,,2024,10/3/2024,$                                                      113.53,,,,,,,,,,1.48%,$            113.53,1.68,111.86,55.74,73.37,103%,-1%,1.50%,3.01%,1.48%,10.63%,10.63%,0,2.29%,-0.61%,,,,,,,,,,,,
,,,,,,,,,,,,,,,,,,2024,10/4/2024,$                                                      115.26,,,,,,,,,,1.46%,$            115.26,1.68,111.86,55.74,73.37,106%,-3%,1.50%,3.01%,1.46%,8.97%,8.97%,0,2.29%,0.00%,,,,,,,,,,,,
,,,,,,,,,,,,,,,,,,2024,10/7/2024,$                                                       111.84,,,,,,,,,,1.50%,$             111.84,1.68,111.86,55.74,73.37,100%,0%,1.50%,3.01%,1.50%,12.30%,12.30%,0,2.29%,-2.97%,,,,,,,,,,,,
,,,,,,,,,,,,,,,,,,2024,10/8/2024,$                                                      112.47,,,,,,,,,,1.49%,$            112.47,1.68,111.86,55.74,73.37,101%,-1%,1.50%,3.01%,1.49%,11.67%,11.67%,0,2.29%,-2.42%,,,,,,,,,,,,
,,,,,,,,,,,,,,,,,,2024,10/9/2024,$                                                       111.06,,,,,,,,,,1.51%,$             111.06,1.68,111.86,55.74,73.37,99%,1%,1.50%,3.01%,1.51%,13.09%,13.09%,0,2.29%,-3.64%,,,,,,,,,,,,
,,,,,,,,,,,,,,,,,,2024,10/10/2024,$                                                        111.61,,,,,,,,,,1.51%,$              111.61,1.68,111.86,55.74,73.37,100%,0%,1.50%,3.01%,1.51%,12.53%,12.53%,0,2.29%,-3.17%,,,,,,,,,,,,
,,,,,,,,,,,,,,,,,,2024,10/11/2024,$                                                      113.26,,,,,,,,,,1.48%,$            113.26,1.68,111.86,55.74,73.37,102%,-1%,1.50%,3.01%,1.48%,10.90%,10.90%,0,2.29%,-1.74%,,,,,,,,,,,,
,,,,,,,,,,,,,,,,,,2024,10/14/2024,$                                                      114.07,,,,,,,,,,1.47%,$            114.07,1.68,111.86,55.74,73.37,104%,-2%,1.50%,3.01%,1.47%,10.11%,10.11%,0,2.29%,-1.03%,,,,,,,,,,,,
,,,,,,,,,,,,,,,,,,2024,10/15/2024,$                                                      113.99,,,,,,,,,,1.47%,$            113.99,1.68,111.86,55.74,73.37,104%,-2%,1.50%,3.01%,1.47%,10.19%,10.19%,0,2.29%,-1.10%,,,,,,,,,,,,
,,,,,,,,,,,,,,,,,,2024,10/16/2024,$                                                      114.38,,,,,,,,,,1.47%,$            114.38,1.68,111.86,55.74,73.37,104%,-2%,1.50%,3.01%,1.47%,9.81%,9.81%,0,2.29%,-0.76%,,,,,,,,,,,,
,,,,,,,,,,,,,,,,,,2024,10/17/2024,$                                                      114.99,,,,,,,,,,1.46%,$            114.99,1.68,111.86,55.74,73.37,106%,-3%,1.50%,3.01%,1.46%,9.23%,9.23%,0,2.29%,-0.23%,,,,,,,,,,,,
,,,,,,,,,,,,,,,,,,2024,10/18/2024,$                                                      114.50,,,,,,,,,,1.47%,$            114.50,1.68,111.86,55.74,73.37,105%,-2%,1.50%,3.01%,1.47%,9.69%,9.69%,0,2.29%,-0.66%,,,,,,,,,,,,
,,,,,,,,,,,,,,,,,,2024,10/21/2024,$                                                      112.75,,,,,,,,,,1.49%,$            112.75,1.68,111.86,55.74,73.37,102%,-1%,1.50%,3.01%,1.49%,11.40%,11.40%,0,2.29%,-2.18%,,,,,,,,,,,,
,,,,,,,,,,,,,,,,,,2024,10/22/2024,$                                                       112.16,,,,,,,,,,1.50%,$             112.16,1.68,111.86,55.74,73.37,101%,0%,1.50%,3.01%,1.50%,11.98%,11.98%,0,2.29%,-2.69%,,,,,,,,,,,,
,,,,,,,,,,,,,,,,,,2024,10/23/2024,$                                                       112.14,,,,,,,,,,1.50%,$             112.14,1.68,111.86,55.74,73.37,100%,0%,1.50%,3.01%,1.50%,12.00%,12.00%,0,2.29%,-2.71%,,,,,,,,,,,,
,,,,,,,,,,,,,,,,,,2024,10/24/2024,$                                                       112.01,,,,,,,,,,1.50%,$             112.01,1.68,111.86,55.74,73.37,100%,0%,1.50%,3.01%,1.50%,12.13%,12.13%,0,2.29%,-2.82%,,,,,,,,,,,,
,,,,,,,,,,,,,,,,,,2024,10/25/2024,$                                                     109.75,,,,,,,,,,1.53%,$           109.75,1.68,111.86,55.74,73.37,96%,2%,1.50%,3.01%,1.53%,14.44%,14.44%,0,2.29%,-4.78%,,,,,,,,,,,,
,,,,,,,,,,,,,,,,,,2024,10/28/2024,$                                                     109.79,,,,,,,,,,1.53%,$           109.79,1.68,111.86,55.74,73.37,96%,2%,1.50%,3.01%,1.53%,14.40%,14.40%,0,2.29%,-4.75%,,,,,,,,,,,,
,,,,,,,,,,,,,,,,,,2024,10/29/2024,$                                                      110.00,,,,,,,,,,1.53%,$            110.00,1.68,111.86,55.74,73.37,97%,2%,1.50%,3.01%,1.53%,14.18%,14.18%,0,2.29%,-4.56%,,,,,,,,,,,,
,,,,,,,,,,,,,,,,,,2024,10/30/2024,$                                                      110.09,,,,,,,,,,1.53%,$            110.09,1.68,111.86,55.74,73.37,97%,2%,1.50%,3.01%,1.53%,14.09%,14.09%,0,2.29%,-4.49%,,,,,,,,,,,,
,,,,,,,,,,,,,,,,,,2024,10/31/2024,$                                                     104.79,,,,,,,,,,1.60%,$           104.79,1.68,111.86,55.74,73.37,87%,7%,1.50%,3.01%,1.60%,19.86%,19.86%,0,2.29%,-9.08%,,,,,,,,,,,,
,,,,,,,,,,,,,,,,,,2024,11/1/2024,$                                                      104.71,,,,,,,,,,1.60%,$            104.71,1.68,111.86,55.74,73.37,87%,7%,1.50%,3.01%,1.60%,19.95%,19.95%,0,2.29%,-9.15%,,,,,,,,,,,,
,,,,,,,,,,,,,,,,,,2024,11/4/2024,$                                                      104.51,,,,,,,,,,1.61%,$            104.51,1.68,111.86,55.74,73.37,87%,7%,1.50%,3.01%,1.61%,20.18%,20.18%,0,2.29%,-9.33%,,,,,,,,,,,,
,,,,,,,,,,,,,,,,,,2024,11/5/2024,$                                                     105.56,,,,,,,,,,1.59%,$           105.56,1.68,111.86,55.74,73.37,89%,6%,1.50%,3.01%,1.59%,18.98%,18.98%,0,2.29%,-8.42%,,,,,,,,,,,,
,,,,,,,,,,,,,,,,,,2024,11/6/2024,$                                                     108.56,,,,,,,,,,1.55%,$           108.56,1.68,111.86,55.74,73.37,94%,3%,1.50%,3.01%,1.55%,15.70%,15.70%,0,2.29%,-5.81%,,,,,,,,,,,,
,,,,,,,,,,,,,,,,,,2024,11/7/2024,$                                                     107.44,,,,,,,,,,1.56%,$           107.44,1.68,111.86,55.74,73.37,92%,4%,1.50%,3.01%,1.56%,16.90%,16.90%,0,2.29%,-6.78%,,,,,,,,,,,,
,,,,,,,,,,,,,,,,,,2024,11/8/2024,$                                                     108.27,,,,,,,,,,1.55%,$           108.27,1.68,111.86,55.74,73.37,94%,3%,1.50%,3.01%,1.55%,16.01%,16.01%,0,2.29%,-6.06%,,,,,,,,,,,,
,,,,,,,,,,,,,,,,,,2024,11/11/2024,$                                                      110.43,,,,,,,,,,1.52%,$            110.43,1.68,111.86,55.74,73.37,97%,1%,1.50%,3.01%,1.52%,13.74%,13.74%,0,2.29%,-4.19%,,,,,,,,,,,,
,,,,,,,,,,,,,,,,,,2024,11/12/2024,$                                                      110.65,,,,,,,,,,1.52%,$            110.65,1.68,111.86,55.74,73.37,98%,1%,1.50%,3.01%,1.52%,13.51%,13.51%,0,2.29%,-4.00%,,,,,,,,,,,,
,,,,,,,,,,,,,,,,,,2024,11/13/2024,$                                                      110.44,,,,,,,,,,1.52%,$            110.44,1.68,111.86,55.74,73.37,97%,1%,1.50%,3.01%,1.52%,13.73%,13.73%,0,2.29%,-4.18%,,,,,,,,,,,,
,,,,,,,,,,,,,,,,,,2024,11/14/2024,$                                                     109.68,,,,,,,,,,1.53%,$           109.68,1.68,111.86,55.74,73.37,96%,2%,1.50%,3.01%,1.53%,14.51%,14.51%,0,2.29%,-4.84%,,,,,,,,,,,,
,,,,,,,,,,,,,,,,,,2024,11/15/2024,$                                                       111.32,,,,,,,,,,1.51%,$             111.32,1.68,111.86,55.74,73.37,99%,0%,1.50%,3.01%,1.51%,12.83%,12.83%,0,2.29%,-3.42%,,,,,,,,,,,,
,,,,,,,,,,,,,,,,,,2024,11/18/2024,$                                                      112.04,,,,,,,,,,1.50%,$            112.04,1.68,111.86,55.74,73.37,100%,0%,1.50%,3.01%,1.50%,12.10%,12.10%,0,2.29%,-2.79%,,,,,,,,,,,,
,,,,,,,,,,,,,,,,,,2024,11/19/2024,$                                                        111.13,,,,,,,,,,1.51%,$              111.13,1.68,111.86,55.74,73.37,99%,1%,1.50%,3.01%,1.51%,13.02%,13.02%,0,2.29%,-3.58%,,,,,,,,,,,,
,,,,,,,,,,,,,,,,,,2024,11/20/2024,$                                                      110.24,,,,,,,,,,1.52%,$            110.24,1.68,111.86,55.74,73.37,97%,1%,1.50%,3.01%,1.52%,13.93%,13.93%,0,2.29%,-4.36%,,,,,,,,,,,,
,,,,,,,,,,,,,,,,,,2024,11/21/2024,$                                                       111.73,,,,,,,,,,1.50%,$             111.73,1.68,111.86,55.74,73.37,100%,0%,1.50%,3.01%,1.50%,12.41%,12.41%,0,2.29%,-3.06%,,,,,,,,,,,,
,,,,,,,,,,,,,,,,,,2024,11/22/2024,$                                                      112.39,,,,,,,,,,1.49%,$            112.39,1.68,111.86,55.74,73.37,101%,0%,1.50%,3.01%,1.49%,11.75%,11.75%,0,2.29%,-2.49%,,,,,,,,,,,,
,,,,,,,,,,,,,,,,,,2024,11/25/2024,$                                                      113.20,,,,,,,,,,1.48%,$            113.20,1.68,111.86,55.74,73.37,102%,-1%,1.50%,3.01%,1.48%,10.95%,10.95%,0,2.29%,-1.79%,,,,,,,,,,,,
,,,,,,,,,,,,,,,,,,2024,11/26/2024,$                                                      114.02,,,,,,,,,,1.47%,$            114.02,1.68,111.86,55.74,73.37,104%,-2%,1.50%,3.01%,1.47%,10.16%,10.16%,0,2.29%,-1.08%,,,,,,,,,,,,
,,,,,,,,,,,,,,,,,,2024,11/27/2024,$                                                       114.10,,,,,,,,,,1.47%,$             114.10,1.68,111.86,55.74,73.37,104%,-2%,1.50%,3.01%,1.47%,10.08%,10.08%,0,2.29%,-1.01%,,,,,,,,,,,,
,,,,,,,,,,,,,,,,,,2024,11/29/2024,$                                                      114.00,,,,,,,,,,1.47%,$            114.00,1.68,111.86,55.74,73.37,104%,-2%,1.50%,3.01%,1.47%,10.18%,10.18%,0,2.29%,-1.09%,,,,,,,,,,,,
,,,,,,,,,,,,,,,,,,2024,12/2/2024,$                                                       111.40,,,,,,,,,,1.51%,$             111.40,1.68,111.86,55.74,73.37,99%,0%,1.50%,3.01%,1.51%,12.75%,12.75%,0,2.29%,-3.35%,,,,,,,,,,,,
,,,,,,,,,,,,,,,,,,2024,12/3/2024,$                                                     106.76,,,,,,,,,,1.57%,$           106.76,1.68,111.86,55.74,73.37,91%,5%,1.50%,3.01%,1.57%,17.65%,17.65%,0,2.29%,-7.37%,,,,,,,,,,,,
,,,,,,,,,,,,,,,,,,2024,12/4/2024,$                                                     106.99,,,,,,,,,,1.57%,$           106.99,1.68,111.86,55.74,73.37,91%,5%,1.50%,3.01%,1.57%,17.39%,17.39%,0,2.29%,-7.18%,,,,,,,,,,,,
,,,,,,,,,,,,,,,,,,2024,12/5/2024,$                                                     107.75,,,,,,,,,,1.56%,$           107.75,1.68,111.86,55.74,73.37,93%,4%,1.50%,3.01%,1.56%,16.57%,16.57%,0,2.29%,-6.52%,,,,,,,,,,,,
,,,,,,,,,,,,,,,,,,2024,12/6/2024,$                                                      107.31,,,,,,,,,,1.57%,$            107.31,1.68,111.86,55.74,73.37,92%,4%,1.50%,3.01%,1.57%,17.04%,17.04%,0,2.29%,-6.90%,,,,,,,,,,,,
,,,,,,,,,,,,,,,,,,2024,12/9/2024,$                                                     105.00,,,,,,,,,,1.60%,$           105.00,1.68,111.86,55.74,73.37,88%,7%,1.50%,3.01%,1.60%,19.62%,19.62%,0,2.29%,-8.90%,,,,,,,,,,,,
,,,,,,,,,,,,,,,,,,2024,12/10/2024,$                                                     104.22,,,,,,,,,,1.61%,$           104.22,1.68,111.86,55.74,73.37,86%,7%,1.50%,3.01%,1.61%,20.51%,20.51%,0,2.29%,-9.58%,,,,,,,,,,,,
,,,,,,,,,,,,,,,,,,2024,12/11/2024,$                                                      104.21,,,,,,,,,,1.61%,$            104.21,1.68,111.86,55.74,73.37,86%,7%,1.50%,3.01%,1.61%,20.53%,20.53%,0,2.29%,-9.59%,,,,,,,,,,,,
,,,,,,,,,,,,,,,,,,2024,12/12/2024,$                                                     104.38,,,,,,,,,,1.61%,$           104.38,1.68,111.86,55.74,73.37,87%,7%,1.50%,3.01%,1.61%,20.33%,20.33%,0,2.29%,-9.44%,,,,,,,,,,,,
,,,,,,,,,,,,,,,,,,2024,12/13/2024,$                                                     104.52,,,,,,,,,,1.61%,$           104.52,1.68,111.86,55.74,73.37,87%,7%,1.50%,3.01%,1.61%,20.17%,20.17%,0,2.29%,-9.32%,,,,,,,,,,,,
,,,,,,,,,,,,,,,,,,2024,12/16/2024,$                                                      103.81,,,,,,,,,,1.62%,$            103.81,1.68,111.86,55.74,73.37,86%,8%,1.50%,3.01%,1.62%,20.99%,20.99%,0,2.29%,-9.93%,,,,,,,,,,,,
,,,,,,,,,,,,,,,,,,2024,12/17/2024,$                                                     102.75,,,,,,,,,,1.64%,$           102.75,1.68,111.86,55.74,73.37,84%,9%,1.50%,3.01%,1.64%,22.24%,22.24%,0,2.29%,-10.85%,,,,,,,,,,,,
,,,,,,,,,,,,,,,,,,2024,12/18/2024,$                                                     100.37,,,,,,,,,,1.67%,$           100.37,1.68,111.86,55.74,73.37,80%,11%,1.50%,3.01%,1.67%,25.14%,25.14%,0,2.29%,-12.92%,,,,,,,,,,,,
,,,,,,,,,,,,,,,,,,2024,12/19/2024,$                                                      101.25,,,,,,,,,,1.66%,$            101.25,1.68,111.86,55.74,73.37,81%,10%,1.50%,3.01%,1.66%,24.05%,24.05%,0,2.29%,-12.16%,,,,,,,,,,,,
,,,,,,,,,,,,,,,,,,2024,12/20/2024,$                                                     102.69,,,,,,,,,,1.64%,$           102.69,1.68,111.86,55.74,73.37,84%,9%,1.50%,3.01%,1.64%,22.31%,22.31%,0,2.29%,-10.91%,,,,,,,,,,,,
,,,,,,,,,,,,,,,,,,2024,12/23/2024,$                                                     102.74,,,,,,,,,,1.64%,$           102.74,1.68,111.86,55.74,73.37,84%,9%,1.50%,3.01%,1.64%,22.25%,22.25%,0,2.29%,-10.86%,,,,,,,,,,,,
,,,,,,,,,,,,,,,,,,2024,12/24/2024,$                                                     103.24,,,,,,,,,,1.63%,$           103.24,1.68,111.86,55.74,73.37,85%,8%,1.50%,3.01%,1.63%,21.66%,21.66%,0,2.29%,-10.43%,,,,,,,,,,,,
,,,,,,,,,,,,,,,,,,2024,12/26/2024,$                                                     103.66,,,,,,,,,,1.62%,$           103.66,1.68,111.86,55.74,73.37,85%,8%,1.50%,3.01%,1.62%,21.17%,21.17%,0,2.29%,-10.06%,,,,,,,,,,,,
,,,,,,,,,,,,,,,,,,2024,12/27/2024,$                                                     103.38,,,,,,,,,,1.63%,$           103.38,1.68,111.86,55.74,73.37,85%,8%,1.50%,3.01%,1.63%,21.49%,21.49%,0,2.29%,-10.31%,,,,,,,,,,,,
,,,,,,,,,,,,,,,,,,2024,12/30/2024,$                                                     102.97,,,,,,,,,,1.63%,$           102.97,1.68,111.86,55.74,73.37,84%,9%,1.50%,3.01%,1.63%,21.98%,21.98%,0,2.29%,-10.66%,,,,,,,,,,,,
,,,,,,,,,,,,,,,,,,2024,12/31/2024,$                                                     103.44,,,,,,,,,,1.62%,$           103.44,1.68,111.86,55.74,73.37,85%,8%,1.50%,3.01%,1.62%,21.42%,21.42%,0,2.29%,-10.26%,,,,,,,,,,,,
,,,,,,,,,,,,,,,,,,2025,1/2/2025,$                                                     102.36,,,,,,,,,,1.64%,$           102.36,1.68,111.86,55.74,73.37,83%,9%,1.50%,3.01%,1.64%,22.70%,22.70%,0,2.29%,-11.19%,,,,,,,,,,,,
,,,,,,,,,,,,,,,,,,2025,1/3/2025,$                                                      103.16,,,,,,,,,,1.63%,$            103.16,1.68,111.86,55.74,73.37,84%,8%,1.50%,3.01%,1.63%,21.75%,21.75%,0,2.29%,-10.50%,,,,,,,,,,,,
,,,,,,,,,,,,,,,,,,2025,1/6/2025,$                                                      101.79,,,,,,,,,,1.65%,$            101.79,1.68,111.86,55.74,73.37,82%,10%,1.50%,3.01%,1.65%,23.39%,23.39%,0,2.29%,-11.69%,,,,,,,,,,,,
,,,,,,,,,,,,,,,,,,2025,1/7/2025,$                                                     102.84,,,,,,,,,,1.63%,$           102.84,1.68,111.86,55.74,73.37,84%,9%,1.50%,3.01%,1.63%,22.13%,22.13%,0,2.29%,-10.78%,,,,,,,,,,,,
,,,,,,,,,,,,,,,,,,2025,1/8/2025,$                                                     103.57,,,,,,,,,,1.62%,$           103.57,1.68,111.86,55.74,73.37,85%,8%,1.50%,3.01%,1.62%,21.27%,21.27%,0,2.29%,-10.14%,,,,,,,,,,,,
,,,,,,,,,,,,,,,,,,2025,1/10/2025,$                                                     100.99,,,,,,,,,,1.66%,$           100.99,1.68,111.86,55.74,73.37,81%,11%,1.50%,3.01%,1.66%,24.37%,24.37%,0,2.29%,-12.38%,,,,,,,,,,,,
,,,,,,,,,,,,,,,,,,2025,1/13/2025,$                                                     102.49,,,,,,,,,,1.64%,$           102.49,1.68,111.86,55.74,73.37,83%,9%,1.50%,3.01%,1.64%,22.55%,22.55%,0,2.29%,-11.08%,,,,,,,,,,,,
,,,,,,,,,,,,,,,,,,2025,1/14/2025,$                                                     103.65,,,,,,,,,,1.62%,$           103.65,1.68,111.86,55.74,73.37,85%,8%,1.50%,3.01%,1.62%,21.18%,21.18%,0,2.29%,-10.07%,,,,,,,,,,,,
,,,,,,,,,,,,,,,,,,2025,1/15/2025,$                                                     104.79,,,,,,,,,,1.60%,$           104.79,1.68,111.86,55.74,73.37,87%,7%,1.50%,3.01%,1.60%,19.86%,19.86%,0,2.29%,-9.08%,,,,,,,,,,,,
,,,,,,,,,,,,,,,,,,2025,1/16/2025,$                                                     105.93,,,,,,,,,,1.59%,$           105.93,1.68,111.86,55.74,73.37,89%,6%,1.50%,3.01%,1.59%,18.57%,18.57%,0,2.29%,-8.09%,,,,,,,,,,,,
,,,,,,,,,,,,,,,,,,2025,1/17/2025,$                                                     106.49,,,,,,,,,,1.58%,$           106.49,1.68,111.86,55.74,73.37,90%,5%,1.50%,3.01%,1.58%,17.95%,17.95%,0,2.29%,-7.61%,,,,,,,,,,,,
,,,,,,,,,,,,,,,,,,2025,1/21/2025,$                                                     106.39,,,,,,,,,,1.58%,$           106.39,1.68,111.86,55.74,73.37,90%,5%,1.50%,3.01%,1.58%,18.06%,18.06%,0,2.29%,-7.70%,,,,,,,,,,,,
,,,,,,,,,,,,,,,,,,2025,1/22/2025,$                                                     104.30,,,,,,,,,,1.61%,$           104.30,1.68,111.86,55.74,73.37,87%,7%,1.50%,3.01%,1.61%,20.42%,20.42%,0,2.29%,-9.51%,,,,,,,,,,,,
,,,,,,,,,,,,,,,,,,2025,1/23/2025,$                                                     104.47,,,,,,,,,,1.61%,$           104.47,1.68,111.86,55.74,73.37,87%,7%,1.50%,3.01%,1.61%,20.23%,20.23%,0,2.29%,-9.36%,,,,,,,,,,,,
,,,,,,,,,,,,,,,,,,2025,1/24/2025,$                                                      104.91,,,,,,,,,,1.60%,$            104.91,1.68,111.86,55.74,73.37,88%,7%,1.50%,3.01%,1.60%,19.72%,19.72%,0,2.29%,-8.98%,,,,,,,,,,,,
,,,,,,,,,,,,,,,,,,2025,1/27/2025,$                                                      108.15,,,,,,,,,,1.55%,$            108.15,1.68,111.86,55.74,73.37,93%,3%,1.50%,3.01%,1.55%,16.13%,16.13%,0,2.29%,-6.17%,,,,,,,,,,,,
,,,,,,,,,,,,,,,,,,2025,1/28/2025,$                                                     107.28,,,,,,,,,,1.57%,$           107.28,1.68,111.86,55.74,73.37,92%,4%,1.50%,3.01%,1.57%,17.08%,17.08%,0,2.29%,-6.92%,,,,,,,,,,,,
,,,,,,,,,,,,,,,,,,2025,1/29/2025,$                                                     107.62,,,,,,,,,,1.56%,$           107.62,1.68,111.86,55.74,73.37,92%,4%,1.50%,3.01%,1.56%,16.71%,16.71%,0,2.29%,-6.63%,,,,,,,,,,,,
,,,,,,,,,,,,,,,,,,2025,1/30/2025,$                                                     108.25,,,,,,,,,,1.55%,$           108.25,1.68,111.86,55.74,73.37,94%,3%,1.50%,3.01%,1.55%,16.03%,16.03%,0,2.29%,-6.08%,,,,,,,,,,,,
,,,,,,,,,,,,,,,,,,2025,1/31/2025,$                                                     107.38,,,,,,,,,,1.56%,$           107.38,1.68,111.86,55.74,73.37,92%,4%,1.50%,3.01%,1.56%,16.97%,16.97%,0,2.29%,-6.84%,,,,,,,,,,,,
,,,,,,,,,,,,,,,,,,2025,2/3/2025,$                                                      106.71,,,,,,,,,,1.57%,$            106.71,1.68,111.86,55.74,73.37,91%,5%,1.50%,3.01%,1.57%,17.70%,17.70%,0,2.29%,-7.42%,,,,,,,,,,,,
,,,,,,,,,,,,,,,,,,2025,2/4/2025,$                                                     106.76,,,,,,,,,,1.57%,$           106.76,1.68,111.86,55.74,73.37,91%,5%,1.50%,3.01%,1.57%,17.65%,17.65%,0,2.29%,-7.37%,,,,,,,,,,,,
,,,,,,,,,,,,,,,,,,2025,2/5/2025,$                                                     107.29,,,,,,,,,,1.57%,$           107.29,1.68,111.86,55.74,73.37,92%,4%,1.50%,3.01%,1.57%,17.07%,17.07%,0,2.29%,-6.91%,,,,,,,,,,,,
,,,,,,,,,,,,,,,,,,2025,2/6/2025,$                                                     103.08,,,,,,,,,,1.63%,$           103.08,1.68,111.86,55.74,73.37,84%,9%,1.50%,3.01%,1.63%,21.85%,21.85%,0,2.29%,-10.57%,,,,,,,,,,,,
,,,,,,,,,,,,,,,,,,2025,2/7/2025,$                                                     103.58,,,,,,,,,,1.62%,$           103.58,1.68,111.86,55.74,73.37,85%,8%,1.50%,3.01%,1.62%,21.26%,21.26%,0,2.29%,-10.13%,,,,,,,,,,,,
,,,,,,,,,,,,,,,,,,2025,2/10/2025,$                                                      102.61,,,,,,,,,,1.64%,$            102.61,1.68,111.86,55.74,73.37,84%,9%,1.50%,3.01%,1.64%,22.41%,22.41%,0,2.29%,-10.98%,,,,,,,,,,,,
,,,,,,,,,,,,,,,,,,2025,2/11/2025,$                                                     102.99,,,,,,,,,,1.63%,$           102.99,1.68,111.86,55.74,73.37,84%,9%,1.50%,3.01%,1.63%,21.95%,21.95%,0,2.29%,-10.65%,,,,,,,,,,,,
,,,,,,,,,,,,,,,,,,2025,2/12/2025,$                                                     102.94,,,,,,,,,,1.63%,$           102.94,1.68,111.86,55.74,73.37,84%,9%,1.50%,3.01%,1.63%,22.01%,22.01%,0,2.29%,-10.69%,,,,,,,,,,,,
,,,,,,,,,,,,,,,,,,2025,2/13/2025,$                                                     104.08,,,,,,,,,,1.61%,$           104.08,1.68,111.86,55.74,73.37,86%,7%,1.50%,3.01%,1.61%,20.68%,20.68%,0,2.29%,-9.70%,,,,,,,,,,,,
,,,,,,,,,,,,,,,,,,2025,2/14/2025,$                                                     103.34,,,,,,,,,,1.63%,$           103.34,1.68,111.86,55.74,73.37,85%,8%,1.50%,3.01%,1.63%,21.54%,21.54%,0,2.29%,-10.34%,,,,,,,,,,,,
,,,,,,,,,,,,,,,,,,2025,2/18/2025,$                                                     104.26,,,,,,,,,,1.61%,$           104.26,1.68,111.86,55.74,73.37,86%,7%,1.50%,3.01%,1.61%,20.47%,20.47%,0,2.29%,-9.54%,,,,,,,,,,,,
,,,,,,,,,,,,,,,,,,2025,2/19/2025,$                                                      104.51,,,,,,,,,,1.61%,$            104.51,1.68,111.86,55.74,73.37,87%,7%,1.50%,3.01%,1.61%,20.18%,20.18%,0,2.29%,-9.33%,,,,,,,,,,,,
,,,,,,,,,,,,,,,,,,2025,2/20/2025,$                                                     104.28,,,,,,,,,,1.61%,$           104.28,1.68,111.86,55.74,73.37,86%,7%,1.50%,3.01%,1.61%,20.44%,20.44%,0,2.29%,-9.53%,,,,,,,,,,,,
,,,,,,,,,,,,,,,,,,2025,2/21/2025,$                                                      102.16,,,,,,,,,,1.64%,$            102.16,1.68,111.86,55.74,73.37,83%,9%,1.50%,3.01%,1.64%,22.94%,22.94%,0,2.29%,-11.37%,,,,,,,,,,,,
,,,,,,,,,,,,,,,,,,2025,2/24/2025,$                                                     104.09,,,,,,,,,,1.61%,$           104.09,1.68,111.86,55.74,73.37,86%,7%,1.50%,3.01%,1.61%,20.66%,20.66%,0,2.29%,-9.69%,,,,,,,,,,,,
,,,,,,,,,,,,,,,,,,2025,2/25/2025,$                                                     106.73,,,,,,,,,,1.57%,$           106.73,1.68,111.86,55.74,73.37,91%,5%,1.50%,3.01%,1.57%,17.68%,17.68%,0,2.29%,-7.40%,,,,,,,,,,,,
,,,,,,,,,,,,,,,,,,2025,2/26/2025,$                                                      105.81,,,,,,,,,,1.59%,$            105.81,1.68,111.86,55.74,73.37,89%,6%,1.50%,3.01%,1.59%,18.70%,18.70%,0,2.29%,-8.20%,,,,,,,,,,,,
,,,,,,,,,,,,,,,,,,2025,2/27/2025,$                                                     107.43,,,,,,,,,,1.56%,$           107.43,1.68,111.86,55.74,73.37,92%,4%,1.50%,3.01%,1.56%,16.91%,16.91%,0,2.29%,-6.79%,,,,,,,,,,,,
,,,,,,,,,,,,,,,,,,2025,2/28/2025,$                                                     109.47,,,,,,,,,,1.53%,$           109.47,1.68,111.86,55.74,73.37,96%,2%,1.50%,3.01%,1.53%,14.73%,14.73%,0,2.29%,-5.02%,,,,,,,,,,,,
,,,,,,,,,,,,,,,,,,2025,3/3/2025,$                                                       110.14,,,,,,,,,,1.53%,$             110.14,1.68,111.86,55.74,73.37,97%,2%,1.50%,3.01%,1.53%,14.04%,14.04%,0,2.29%,-4.44%,,,,,,,,,,,,
,,,,,,,,,,,,,,,,,,2025,3/4/2025,$                                                     107.60,,,,,,,,,,1.56%,$           107.60,1.68,111.86,55.74,73.37,92%,4%,1.50%,3.01%,1.56%,16.73%,16.73%,0,2.29%,-6.65%,,,,,,,,,,,,
,,,,,,,,,,,,,,,,,,2025,3/5/2025,$                                                      108.16,,,,,,,,,,1.55%,$            108.16,1.68,111.86,55.74,73.37,93%,3%,1.50%,3.01%,1.55%,16.12%,16.12%,0,2.29%,-6.16%,,,,,,,,,,,,
,,,,,,,,,,,,,,,,,,2025,3/6/2025,$                                                     107.95,,,,,,,,,,1.56%,$           107.95,1.68,111.86,55.74,73.37,93%,4%,1.50%,3.01%,1.56%,16.35%,16.35%,0,2.29%,-6.34%,,,,,,,,,,,,
,,,,,,,,,,,,,,,,,,2025,3/7/2025,$                                                      108.41,,,,,,,,,,1.55%,$            108.41,1.68,111.86,55.74,73.37,94%,3%,1.50%,3.01%,1.55%,15.86%,15.86%,0,2.29%,-5.94%,,,,,,,,,,,,
,,,,,,,,,,,,,,,,,,2025,3/10/2025,$                                                     106.76,,,,,,,,,,1.57%,$           106.76,1.68,111.86,55.74,73.37,91%,5%,1.50%,3.01%,1.57%,17.65%,17.65%,0,2.29%,-7.37%,,,,,,,,,,,,
,,,,,,,,,,,,,,,,,,2025,3/11/2025,$                                                     106.27,,,,,,,,,,1.58%,$           106.27,1.68,111.86,55.74,73.37,90%,5%,1.50%,3.01%,1.58%,18.19%,18.19%,0,2.29%,-7.80%,,,,,,,,,,,,
,,,,,,,,,,,,,,,,,,2025,3/12/2025,$                                                     104.69,,,,,,,,,,1.60%,$           104.69,1.68,111.86,55.74,73.37,87%,7%,1.50%,3.01%,1.60%,19.97%,19.97%,0,2.29%,-9.17%,,,,,,,,,,,,
,,,,,,,,,,,,,,,,,,2025,3/13/2025,$                                                      105.10,,,,,,,,,,1.60%,$            105.10,1.68,111.86,55.74,73.37,88%,6%,1.50%,3.01%,1.60%,19.51%,19.51%,0,2.29%,-8.81%,,,,,,,,,,,,
,,,,,,,,,,,,,,,,,,2025,3/14/2025,$                                                     107.25,,,,,,,,,,1.57%,$           107.25,1.68,111.86,55.74,73.37,92%,4%,1.50%,3.01%,1.57%,17.11%,17.11%,0,2.29%,-6.95%,,,,,,,,,,,,
,,,,,,,,,,,,,,,,,,2025,3/17/2025,$                                                     108.40,,,,,,,,,,1.55%,$           108.40,1.68,111.86,55.74,73.37,94%,3%,1.50%,3.01%,1.55%,15.87%,15.87%,0,2.29%,-5.95%,,,,,,,,,,,,
,,,,,,,,,,,,,,,,,,2025,3/18/2025,$                                                     107.36,,,,,,,,,,1.56%,$           107.36,1.68,111.86,55.74,73.37,92%,4%,1.50%,3.01%,1.56%,16.99%,16.99%,0,2.29%,-6.85%,,,,,,,,,,,,
,,,,,,,,,,,,,,,,,,2025,3/19/2025,$                                                     108.46,,,,,,,,,,1.55%,$           108.46,1.68,111.86,55.74,73.37,94%,3%,1.50%,3.01%,1.55%,15.80%,15.80%,0,2.29%,-5.90%,,,,,,,,,,,,
,,,,,,,,,,,,,,,,,,2025,3/20/2025,$                                                     108.70,,,,,,,,,,1.55%,$           108.70,1.68,111.86,55.74,73.37,94%,3%,1.50%,3.01%,1.55%,15.55%,15.55%,0,2.29%,-5.69%,,,,,,,,,,,,
,,,,,,,,,,,,,,,,,,2025,3/21/2025,$                                                     108.24,,,,,,,,,,1.55%,$           108.24,1.68,111.86,55.74,73.37,94%,3%,1.50%,3.01%,1.55%,16.04%,16.04%,0,2.29%,-6.09%,,,,,,,,,,,,
,,,,,,,,,,,,,,,,,,2025,3/24/2025,$                                                     109.65,,,,,,,,,,1.53%,$           109.65,1.68,111.86,55.74,73.37,96%,2%,1.50%,3.01%,1.53%,14.55%,14.55%,0,2.29%,-4.87%,,,,,,,,,,,,
,,,,,,,,,,,,,,,,,,2025,3/25/2025,$                                                     109.73,,,,,,,,,,1.53%,$           109.73,1.68,111.86,55.74,73.37,96%,2%,1.50%,3.01%,1.53%,14.46%,14.46%,0,2.29%,-4.80%,,,,,,,,,,,,
,,,,,,,,,,,,,,,,,,2025,3/26/2025,$                                                      110.44,,,,,,,,,,1.52%,$            110.44,1.68,111.86,55.74,73.37,97%,1%,1.50%,3.01%,1.52%,13.73%,13.73%,0,2.29%,-4.18%,,,,,,,,,,,,
,,,,,,,,,,,,,,,,,,2025,3/27/2025,$                                                      110.78,,,,,,,,,,1.52%,$            110.78,1.68,111.86,55.74,73.37,98%,1%,1.50%,3.01%,1.52%,13.38%,13.38%,0,2.29%,-3.89%,,,,,,,,,,,,
,,,,,,,,,,,,,,,,,,2025,3/28/2025,$                                                     109.80,,,,,,,,,,1.53%,$           109.80,1.68,111.86,55.74,73.37,96%,2%,1.50%,3.01%,1.53%,14.39%,14.39%,0,2.29%,-4.74%,,,,,,,,,,,,
,,,,,,,,,,,,,,,,,,2025,3/31/2025,$                                                        111.19,,,,,,,,,,1.51%,$              111.19,1.68,111.86,55.74,73.37,99%,1%,1.50%,3.01%,1.51%,12.96%,12.96%,0,2.29%,-3.53%,,,,,,,,,,,,
,,,,,,,,,,,,,,,,,,2025,4/1/2025,$                                                      112.45,,,,,,,,,,1.49%,$            112.45,1.68,111.86,55.74,73.37,101%,-1%,1.50%,3.01%,1.49%,11.69%,11.69%,0,2.29%,-2.44%,,,,,,,,,,,,
,,,,,,,,,,,,,,,,,,2025,4/2/2025,$                                                      112.27,,,,,,,,,,1.50%,$            112.27,1.68,111.86,55.74,73.37,101%,0%,1.50%,3.01%,1.50%,11.87%,11.87%,0,2.29%,-2.59%,,,,,,,,,,,,
,,,,,,,,,,,,,,,,,,2025,4/3/2025,$                                                       111.75,,,,,,,,,,1.50%,$             111.75,1.68,111.86,55.74,73.37,100%,0%,1.50%,3.01%,1.50%,12.39%,12.39%,0,2.29%,-3.05%,,,,,,,,,,,,
,,,,,,,,,,,,,,,,,,2025,4/4/2025,$                                                      101.98,,,,,,,,,,1.65%,$            101.98,1.68,111.86,55.74,73.37,82%,10%,1.50%,3.01%,1.65%,23.16%,23.16%,0,2.29%,-11.52%,,,,,,,,,,,,
,,,,,,,,,,,,,,,,,,2025,4/7/2025,$                                                     100.00,,,,,,,,,,1.68%,$           100.00,1.68,111.86,55.74,73.37,79%,12%,1.50%,3.01%,1.68%,25.60%,25.60%,0,2.29%,-13.24%,,,,,,,,,,,,
,,,,,,,,,,,,,,,,,,2025,4/8/2025,$                                                       99.77,,,,,,,,,,1.68%,$             99.77,1.68,111.86,55.74,73.37,78%,12%,1.50%,3.01%,1.68%,25.89%,25.89%,0,2.29%,-13.44%,,,,,,,,,,,,
,,,,,,,,,,,,,,,,,,2025,4/9/2025,$                                                     105.30,,,,,,,,,,1.60%,$           105.30,1.68,111.86,55.74,73.37,88%,6%,1.50%,3.01%,1.60%,19.28%,19.28%,0,2.29%,-8.64%,,,,,,,,,,,,
,,,,,,,,,,,,,,,,,,2025,4/10/2025,$                                                     104.68,,,,,,,,,,1.60%,$           104.68,1.68,111.86,55.74,73.37,87%,7%,1.50%,3.01%,1.60%,19.98%,19.98%,0,2.29%,-9.18%,,,,,,,,,,,,
,,,,,,,,,,,,,,,,,,2025,4/11/2025,$                                                     106.83,,,,,,,,,,1.57%,$           106.83,1.68,111.86,55.74,73.37,91%,5%,1.50%,3.01%,1.57%,17.57%,17.57%,0,2.29%,-7.31%,,,,,,,,,,,,
,,,,,,,,,,,,,,,,,,2025,4/14/2025,$                                                      108.51,,,,,,,,,,1.55%,$            108.51,1.68,111.86,55.74,73.37,94%,3%,1.50%,3.01%,1.55%,15.75%,15.75%,0,2.29%,-5.86%,,,,,,,,,,,,
,,,,,,,,,,,,,,,,,,2025,4/15/2025,$                                                     108.03,,,,,,,,,,1.56%,$           108.03,1.68,111.86,55.74,73.37,93%,4%,1.50%,3.01%,1.56%,16.26%,16.26%,0,2.29%,-6.27%,,,,,,,,,,,,
,,,,,,,,,,,,,,,,,,2025,4/16/2025,$                                                     107.34,,,,,,,,,,1.57%,$           107.34,1.68,111.86,55.74,73.37,92%,4%,1.50%,3.01%,1.57%,17.01%,17.01%,0,2.29%,-6.87%,,,,,,,,,,,,
,,,,,,,,,,,,,,,,,,2025,4/17/2025,$                                                     107.44,,,,,,,,,,1.56%,$           107.44,1.68,111.86,55.74,73.37,92%,4%,1.50%,3.01%,1.56%,16.90%,16.90%,0,2.29%,-6.78%,,,,,,,,,,,,
,,,,,,,,,,,,,,,,,,2025,4/21/2025,$                                                     104.97,,,,,,,,,,1.60%,$           104.97,1.68,111.86,55.74,73.37,88%,7%,1.50%,3.01%,1.60%,19.65%,19.65%,0,2.29%,-8.93%,,,,,,,,,,,,
,,,,,,,,,,,,,,,,,,2025,4/22/2025,$                                                      108.31,,,,,,,,,,1.55%,$            108.31,1.68,111.86,55.74,73.37,94%,3%,1.50%,3.01%,1.55%,15.96%,15.96%,0,2.29%,-6.03%,,,,,,,,,,,,
,,,,,,,,,,,,,,,,,,2025,4/23/2025,$                                                     108.43,,,,,,,,,,1.55%,$           108.43,1.68,111.86,55.74,73.37,94%,3%,1.50%,3.01%,1.55%,15.84%,15.84%,0,2.29%,-5.93%,,,,,,,,,,,,
,,,,,,,,,,,,,,,,,,2025,4/24/2025,$                                                      109.14,,,,,,,,,,1.54%,$            109.14,1.68,111.86,55.74,73.37,95%,2%,1.50%,3.01%,1.54%,15.08%,15.08%,0,2.29%,-5.31%,,,,,,,,,,,,
,,,,,,,,,,,,,,,,,,2025,4/25/2025,$                                                     107.94,,,,,,,,,,1.56%,$           107.94,1.68,111.86,55.74,73.37,93%,4%,1.50%,3.01%,1.56%,16.36%,16.36%,0,2.29%,-6.35%,,,,,,,,,,,,
,,,,,,,,,,,,,,,,,,2025,4/28/2025,$                                                     108.49,,,,,,,,,,1.55%,$           108.49,1.68,111.86,55.74,73.37,94%,3%,1.50%,3.01%,1.55%,15.77%,15.77%,0,2.29%,-5.87%,,,,,,,,,,,,
,,,,,,,,,,,,,,,,,,2025,4/29/2025,$                                                     108.60,,,,,,,,,,1.55%,$           108.60,1.68,111.86,55.74,73.37,94%,3%,1.50%,3.01%,1.55%,15.65%,15.65%,0,2.29%,-5.78%,,,,,,,,,,,,
,,,,,,,,,,,,,,,,,,2025,4/30/2025,$                                                     108.68,,,,,,,,,,1.55%,$           108.68,1.68,111.86,55.74,73.37,94%,3%,1.50%,3.01%,1.55%,15.57%,15.57%,0,2.29%,-5.71%,,,,,,,,,,,,
,,,,,,,,,,,,,,,,,,2025,5/1/2025,$                                                     103.52,,,,,,,,,,1.62%,$           103.52,1.68,111.86,55.74,73.37,85%,8%,1.50%,3.01%,1.62%,21.33%,21.33%,0,2.29%,-10.19%,,,,,,,,,,,,
,,,,,,,,,,,,,,,,,,2025,5/2/2025,$                                                     105.53,,,,,,,,,,1.59%,$           105.53,1.68,111.86,55.74,73.37,89%,6%,1.50%,3.01%,1.59%,19.02%,19.02%,0,2.29%,-8.44%,,,,,,,,,,,,
,,,,,,,,,,,,,,,,,,2025,5/5/2025,$                                                     105.75,,,,,,,,,,1.59%,$           105.75,1.68,111.86,55.74,73.37,89%,6%,1.50%,3.01%,1.59%,18.77%,18.77%,0,2.29%,-8.25%,,,,,,,,,,,,
,,,,,,,,,,,,,,,,,,2025,5/6/2025,$                                                     105.90,,,,,,,,,,1.59%,$           105.90,1.68,111.86,55.74,73.37,89%,6%,1.50%,3.01%,1.59%,18.60%,18.60%,0,2.29%,-8.12%,,,,,,,,,,,,
,,,,,,,,,,,,,,,,,,2025,5/7/2025,$                                                     106.96,,,,,,,,,,1.57%,$           106.96,1.68,111.86,55.74,73.37,91%,5%,1.50%,3.01%,1.57%,17.43%,17.43%,0,2.29%,-7.20%,,,,,,,,,,,,
,,,,,,,,,,,,,,,,,,2025,5/8/2025,$                                                     106.30,,,,,,,,,,1.58%,$           106.30,1.68,111.86,55.74,73.37,90%,5%,1.50%,3.01%,1.58%,18.16%,18.16%,0,2.29%,-7.77%,,,,,,,,,,,,
,,,,,,,,,,,,,,,,,,2025,5/9/2025,$                                                     105.97,,,,,,,,,,1.59%,$           105.97,1.68,111.86,55.74,73.37,90%,6%,1.50%,3.01%,1.59%,18.52%,18.52%,0,2.29%,-8.06%,,,,,,,,,,,,
,,,,,,,,,,,,,,,,,,2025,5/12/2025,$                                                     105.57,,,,,,,,,,1.59%,$           105.57,1.68,111.86,55.74,73.37,89%,6%,1.50%,3.01%,1.59%,18.97%,18.97%,0,2.29%,-8.41%,,,,,,,,,,,,
,,,,,,,,,,,,,,,,,,2025,5/13/2025,$                                                     105.03,,,,,,,,,,1.60%,$           105.03,1.68,111.86,55.74,73.37,88%,7%,1.50%,3.01%,1.60%,19.58%,19.58%,0,2.29%,-8.88%,,,,,,,,,,,,
,,,,,,,,,,,,,,,,,,2025,5/14/2025,$                                                     103.90,,,,,,,,,,1.62%,$           103.90,1.68,111.86,55.74,73.37,86%,8%,1.50%,3.01%,1.62%,20.89%,20.89%,0,2.29%,-9.86%,,,,,,,,,,,,
,,,,,,,,,,,,,,,,,,2025,5/15/2025,$                                                     105.78,,,,,,,,,,1.59%,$           105.78,1.68,111.86,55.74,73.37,89%,6%,1.50%,3.01%,1.59%,18.74%,18.74%,0,2.29%,-8.22%,,,,,,,,,,,,
,,,,,,,,,,,,,,,,,,2025,5/16/2025,$                                                     106.82,,,,,,,,,,1.57%,$           106.82,1.68,111.86,55.74,73.37,91%,5%,1.50%,3.01%,1.57%,17.58%,17.58%,0,2.29%,-7.32%,,,,,,,,,,,,
,,,,,,,,,,,,,,,,,,2025,5/19/2025,$                                                     106.43,,,,,,,,,,1.58%,$           106.43,1.68,111.86,55.74,73.37,90%,5%,1.50%,3.01%,1.58%,18.01%,18.01%,0,2.29%,-7.66%,,,,,,,,,,,,
,,,,,,,,,,,,,,,,,,2025,5/20/2025,$                                                     105.62,,,,,,,,,,1.59%,$           105.62,1.68,111.86,55.74,73.37,89%,6%,1.50%,3.01%,1.59%,18.92%,18.92%,0,2.29%,-8.36%,,,,,,,,,,,,
,,,,,,,,,,,,,,,,,,2025,5/21/2025,$                                                     103.54,,,,,,,,,,1.62%,$           103.54,1.68,111.86,55.74,73.37,85%,8%,1.50%,3.01%,1.62%,21.31%,21.31%,0,2.29%,-10.17%,,,,,,,,,,,,
,,,,,,,,,,,,,,,,,,2025,5/22/2025,$                                                     102.45,,,,,,,,,,1.64%,$           102.45,1.68,111.86,55.74,73.37,83%,9%,1.50%,3.01%,1.64%,22.60%,22.60%,0,2.29%,-11.11%,,,,,,,,,,,,
,,,,,,,,,,,,,,,,,,2025,5/23/2025,$                                                     102.53,,,,,,,,,,1.64%,$           102.53,1.68,111.86,55.74,73.37,83%,9%,1.50%,3.01%,1.64%,22.50%,22.50%,0,2.29%,-11.04%,,,,,,,,,,,,
,,,,,,,,,,,,,,,,,,2025,5/27/2025,$                                                      103.41,,,,,,,,,,1.62%,$            103.41,1.68,111.86,55.74,73.37,85%,8%,1.50%,3.01%,1.62%,21.46%,21.46%,0,2.29%,-10.28%,,,,,,,,,,,,
,,,,,,,,,,,,,,,,,,2025,5/28/2025,$                                                      101.99,,,,,,,,,,1.65%,$            101.99,1.68,111.86,55.74,73.37,82%,10%,1.50%,3.01%,1.65%,23.15%,23.15%,0,2.29%,-11.51%,,,,,,,,,,,,
,,,,,,,,,,,,,,,,,,2025,5/29/2025,$                                                      102.81,,,,,,,,,,1.63%,$            102.81,1.68,111.86,55.74,73.37,84%,9%,1.50%,3.01%,1.63%,22.17%,22.17%,0,2.29%,-10.80%,,,,,,,,,,,,
,,,,,,,,,,,,,,,,,,2025,5/30/2025,$                                                     103.54,,,,,,,,,,1.62%,$           103.54,1.68,111.86,55.74,73.37,85%,8%,1.50%,3.01%,1.62%,21.31%,21.31%,0,2.29%,-10.17%,,,,,,,,,,,,
,,,,,,,,,,,,,,,,,,2025,6/2/2025,$                                                     103.80,,,,,,,,,,1.62%,$           103.80,1.68,111.86,55.74,73.37,86%,8%,1.50%,3.01%,1.62%,21.00%,21.00%,0,2.29%,-9.94%,,,,,,,,,,,,
,,,,,,,,,,,,,,,,,,2025,6/3/2025,$                                                     104.07,,,,,,,,,,1.61%,$           104.07,1.68,111.86,55.74,73.37,86%,7%,1.50%,3.01%,1.61%,20.69%,20.69%,0,2.29%,-9.71%,,,,,,,,,,,,
,,,,,,,,,,,,,,,,,,2025,6/4/2025,$                                                     102.83,,,,,,,,,,1.63%,$           102.83,1.68,111.86,55.74,73.37,84%,9%,1.50%,3.01%,1.63%,22.14%,22.14%,0,2.29%,-10.78%,,,,,,,,,,,,
,,,,,,,,,,,,,,,,,,2025,6/5/2025,$                                                      102.21,,,,,,,,,,1.64%,$            102.21,1.68,111.86,55.74,73.37,83%,9%,1.50%,3.01%,1.64%,22.88%,22.88%,0,2.29%,-11.32%,,,,,,,,,,,,
,,,,,,,,,,,,,,,,,,2025,6/6/2025,$                                                     103.68,,,,,,,,,,1.62%,$           103.68,1.68,111.86,55.74,73.37,85%,8%,1.50%,3.01%,1.62%,21.14%,21.14%,0,2.29%,-10.05%,,,,,,,,,,,,
,,,,,,,,,,,,,,,,,,2025,6/9/2025,$                                                      102.51,,,,,,,,,,1.64%,$            102.51,1.68,111.86,55.74,73.37,83%,9%,1.50%,3.01%,1.64%,22.52%,22.52%,0,2.29%,-11.06%,,,,,,,,,,,,
,,,,,,,,,,,,,,,,,,2025,6/10/2025,$                                                     102.27,,,,,,,,,,1.64%,$           102.27,1.68,111.86,55.74,73.37,83%,9%,1.50%,3.01%,1.64%,22.81%,22.81%,0,2.29%,-11.27%,,,,,,,,,,,,
,,,,,,,,,,,,,,,,,,2025,6/11/2025,$                                                      101.35,,,,,,,,,,1.66%,$            101.35,1.68,111.86,55.74,73.37,81%,10%,1.50%,3.01%,1.66%,23.93%,23.93%,0,2.29%,-12.07%,,,,,,,,,,,,
,,,,,,,,,,,,,,,,,,2025,6/12/2025,$                                                     102.63,,,,,,,,,,1.64%,$           102.63,1.68,111.86,55.74,73.37,84%,9%,1.50%,3.01%,1.64%,22.38%,22.38%,0,2.29%,-10.96%,,,,,,,,,,,,
,,,,,,,,,,,,,,,,,,2025,6/13/2025,$                                                      102.18,,,,,,,,,,1.64%,$            102.18,1.68,111.86,55.74,73.37,83%,9%,1.50%,3.01%,1.64%,22.92%,22.92%,0,2.29%,-11.35%,,,,,,,,,,,,
,,,,,,,,,,,,,,,,,,2025,6/16/2025,$                                                     102.72,,,,,,,,,,1.64%,$           102.72,1.68,111.86,55.74,73.37,84%,9%,1.50%,3.01%,1.64%,22.27%,22.27%,0,2.29%,-10.88%,,,,,,,,,,,,
,,,,,,,,,,,,,,,,,,2025,6/17/2025,$                                                     102.09,,,,,,,,,,1.65%,$           102.09,1.68,111.86,55.74,73.37,83%,10%,1.50%,3.01%,1.65%,23.03%,23.03%,0,2.29%,-11.43%,,,,,,,,,,,,
,,,,,,,,,,,,,,,,,,2025,6/18/2025,$                                                     102.63,,,,,,,,,,1.64%,$           102.63,1.68,111.86,55.74,73.37,84%,9%,1.50%,3.01%,1.64%,22.38%,22.38%,0,2.29%,-10.96%,,,,,,,,,,,,
,,,,,,,,,,,,,,,,,,2025,6/20/2025,$                                                     103.30,,,,,,,,,,1.63%,$           103.30,1.68,111.86,55.74,73.37,85%,8%,1.50%,3.01%,1.63%,21.59%,21.59%,0,2.29%,-10.38%,,,,,,,,,,,,
,,,,,,,,,,,,,,,,,,2025,6/23/2025,$                                                     104.84,,,,,,,,,,1.60%,$           104.84,1.68,111.86,55.74,73.37,87%,7%,1.50%,3.01%,1.60%,19.80%,19.80%,0,2.29%,-9.04%,,,,,,,,,,,,
,,,,,,,,,,,,,,,,,,2025,6/24/2025,$                                                      104.16,,,,,,,,,,1.61%,$            104.16,1.68,111.86,55.74,73.37,86%,7%,1.50%,3.01%,1.61%,20.58%,20.58%,0,2.29%,-9.63%,,,,,,,,,,,,
,,,,,,,,,,,,,,,,,,2025,6/25/2025,$                                                     102.48,,,,,,,,,,1.64%,$           102.48,1.68,111.86,55.74,73.37,83%,9%,1.50%,3.01%,1.64%,22.56%,22.56%,0,2.29%,-11.09%,,,,,,,,,,,,
,,,,,,,,,,,,,,,,,,2025,6/26/2025,$                                                      103.91,,,,,,,,,,1.62%,$            103.91,1.68,111.86,55.74,73.37,86%,8%,1.50%,3.01%,1.62%,20.87%,20.87%,0,2.29%,-9.85%,,,,,,,,,,,,
,,,,,,,,,,,,,,,,,,2025,6/27/2025,$                                                     105.07,,,,,,,,,,1.60%,$           105.07,1.68,111.86,55.74,73.37,88%,6%,1.50%,3.01%,1.60%,19.54%,19.54%,0,2.29%,-8.84%,,,,,,,,,,,,
,,,,,,,,,,,,,,,,,,2025,6/30/2025,$                                                     105.46,,,,,,,,,,1.59%,$           105.46,1.68,111.86,55.74,73.37,89%,6%,1.50%,3.01%,1.59%,19.10%,19.10%,0,2.29%,-8.50%,,,,,,,,,,,,
,,,,,,,,,,,,,,,,,,2025,7/1/2025,$                                                     105.78,,,,,,,,,,1.59%,$           105.78,1.68,111.86,55.74,73.37,89%,6%,1.50%,3.01%,1.59%,18.74%,18.74%,0,2.29%,-8.22%,,,,,,,,,,,,
,,,,,,,,,,,,,,,,,,2025,7/2/2025,$                                                     103.52,,,,,,,,,,1.62%,$           103.52,1.68,111.86,55.74,73.37,85%,8%,1.50%,3.01%,1.62%,21.33%,21.33%,0,2.29%,-10.19%,,,,,,,,,,,,
,,,,,,,,,,,,,,,,,,2025,7/3/2025,$                                                     104.57,,,,,,,,,,1.61%,$           104.57,1.68,111.86,55.74,73.37,87%,7%,1.50%,3.01%,1.61%,20.11%,20.11%,0,2.29%,-9.27%,,,,,,,,,,,,
,,,,,,,,,,,,,,,,,,2025,7/7/2025,$                                                     102.88,,,,,,,,,,1.63%,$           102.88,1.68,111.86,55.74,73.37,84%,9%,1.50%,3.01%,1.63%,22.08%,22.08%,0,2.29%,-10.74%,,,,,,,,,,,,
,,,,,,,,,,,,,,,,,,2025,7/8/2025,$                                                     103.24,,,,,,,,,,1.63%,$           103.24,1.68,111.86,55.74,73.37,85%,8%,1.50%,3.01%,1.63%,21.66%,21.66%,0,2.29%,-10.43%,,,,,,,,,,,,
,,,,,,,,,,,,,,,,,,2025,7/9/2025,$                                                       101.91,,,,,,,,,,1.65%,$             101.91,1.68,111.86,55.74,73.37,82%,10%,1.50%,3.01%,1.65%,23.25%,23.25%,0,2.29%,-11.58%,,,,,,,,,,,,
,,,,,,,,,,,,,,,,,,2025,7/10/2025,$                                                     102.28,,,,,,,,,,1.64%,$           102.28,1.68,111.86,55.74,73.37,83%,9%,1.50%,3.01%,1.64%,22.80%,22.80%,0,2.29%,-11.26%,,,,,,,,,,,,
,,,,,,,,,,,,,,,,,,2025,7/11/2025,$                                                      101.57,,,,,,,,,,1.65%,$            101.57,1.68,111.86,55.74,73.37,82%,10%,1.50%,3.01%,1.65%,23.66%,23.66%,0,2.29%,-11.88%,,,,,,,,,,,,
,,,,,,,,,,,,,,,,,,2025,7/14/2025,$                                                     102.67,,,,,,,,,,1.64%,$           102.67,1.68,111.86,55.74,73.37,84%,9%,1.50%,3.01%,1.64%,22.33%,22.33%,0,2.29%,-10.92%,,,,,,,,,,,,
,,,,,,,,,,,,,,,,,,2025,7/15/2025,$                                                     100.62,,,,,,,,,,1.67%,$           100.62,1.68,111.86,55.74,73.37,80%,11%,1.50%,3.01%,1.67%,24.83%,24.83%,0,2.29%,-12.70%,,,,,,,,,,,,
,,,,,,,,,,,,,,,,,,2025,7/16/2025,$                                                      101.44,,,,,,,,,,1.66%,$            101.44,1.68,111.86,55.74,73.37,81%,10%,1.50%,3.01%,1.66%,23.82%,23.82%,0,2.29%,-11.99%,,,,,,,,,,,,
,,,,,,,,,,,,,,,,,,2025,7/17/2025,$                                                      101.42,,,,,,,,,,1.66%,$            101.42,1.68,111.86,55.74,73.37,81%,10%,1.50%,3.01%,1.66%,23.84%,23.84%,0,2.29%,-12.01%,,,,,,,,,,,,
,,,,,,,,,,,,,,,,,,2025,7/18/2025,$                                                      101.83,,,,,,,,,,1.65%,$            101.83,1.68,111.86,55.74,73.37,82%,10%,1.50%,3.01%,1.65%,23.34%,23.34%,0,2.29%,-11.65%,,,,,,,,,,,,
,,,,,,,,,,,,,,,,,,2025,7/21/2025,$                                                       101.12,,,,,,,,,,1.66%,$             101.12,1.68,111.86,55.74,73.37,81%,11%,1.50%,3.01%,1.66%,24.21%,24.21%,0,2.29%,-12.27%,,,,,,,,,,,,
,,,,,,,,,,,,,,,,,,2025,7/22/2025,$                                                     102.70,,,,,,,,,,1.64%,$           102.70,1.68,111.86,55.74,73.37,84%,9%,1.50%,3.01%,1.64%,22.30%,22.30%,0,2.29%,-10.90%,,,,,,,,,,,,
,,,,,,,,,,,,,,,,,,2025,7/23/2025,$                                                     102.89,,,,,,,,,,1.63%,$           102.89,1.68,111.86,55.74,73.37,84%,9%,1.50%,3.01%,1.63%,22.07%,22.07%,0,2.29%,-10.73%,,,,,,,,,,,,
,,,,,,,,,,,,,,,,,,2025,7/24/2025,$                                                     102.45,,,,,,,,,,1.64%,$           102.45,1.68,111.86,55.74,73.37,83%,9%,1.50%,3.01%,1.64%,22.60%,22.60%,0,2.29%,-11.11%,,,,,,,,,,,,
,,,,,,,,,,,,,,,,,,2025,7/25/2025,$                                                     103.37,,,,,,,,,,1.63%,$           103.37,1.68,111.86,55.74,73.37,85%,8%,1.50%,3.01%,1.63%,21.51%,21.51%,0,2.29%,-10.32%,,,,,,,,,,,,
,,,,,,,,,,,,,,,,,,2025,7/28/2025,$                                                     100.88,,,,,,,,,,1.67%,$           100.88,1.68,111.86,55.74,73.37,80%,11%,1.50%,3.01%,1.67%,24.50%,24.50%,0,2.29%,-12.48%,,,,,,,,,,,,
,,,,,,,,,,,,,,,,,,2025,7/29/2025,$                                                     100.82,,,,,,,,,,1.67%,$           100.82,1.68,111.86,55.74,73.37,80%,11%,1.50%,3.01%,1.67%,24.58%,24.58%,0,2.29%,-12.53%,,,,,,,,,,,,
,,,,,,,,,,,,,,,,,,2025,7/30/2025,$                                                       98.59,,,,,,,,,,1.70%,$             98.59,1.68,111.86,55.74,73.37,76%,13%,1.50%,3.01%,1.70%,27.40%,27.40%,0,2.29%,-14.46%,,,,,,,,,,,,
,,,,,,,,,,,,,,,,,,2025,7/31/2025,$                                                       99.36,,,,,,,,,,1.69%,$             99.36,1.68,111.86,55.74,73.37,78%,13%,1.50%,3.01%,1.69%,26.41%,26.41%,0,2.29%,-13.79%,,,,,,,,,,,,
,,,,,,,,,,,,,,,,,,2025,8/1/2025,$                                                       98.09,,,,,,,,,,1.71%,$             98.09,1.68,111.86,55.74,73.37,75%,14%,1.50%,3.01%,1.71%,28.05%,28.05%,0,2.29%,-14.90%,,,,,,,,,,,,
,,,,,,,,,,,,,,,,,,2025,8/4/2025,$                                                       98.56,,,,,,,,,,1.70%,$             98.56,1.68,111.86,55.74,73.37,76%,13%,1.50%,3.01%,1.70%,27.44%,27.44%,0,2.29%,-14.49%,,,,,,,,,,,,
,,,,,,,,,,,,,,,,,,2025,8/5/2025,$                                                       98.92,,,,,,,,,,1.70%,$             98.92,1.68,111.86,55.74,73.37,77%,13%,1.50%,3.01%,1.70%,26.97%,26.97%,0,2.29%,-14.18%,,,,,,,,,,,,
,,,,,,,,,,,,,,,,,,2025,8/6/2025,$                                                      102.31,,,,,,,,,,1.64%,$            102.31,1.68,111.86,55.74,73.37,83%,9%,1.50%,3.01%,1.64%,22.76%,22.76%,0,2.29%,-11.24%,,,,,,,,,,,,
,,,,,,,,,,,,,,,,,,2025,8/7/2025,$                                                     102.28,,,,,,,,,,1.64%,$           102.28,1.68,111.86,55.74,73.37,83%,9%,1.50%,3.01%,1.64%,22.80%,22.80%,0,2.29%,-11.26%,,,,,,,,,,,,
,,,,,,,,,,,,,,,,,,2025,8/8/2025,$                                                     103.52,,,,,,,,,,1.62%,$           103.52,1.68,111.86,55.74,73.37,85%,8%,1.50%,3.01%,1.62%,21.33%,21.33%,0,2.29%,-10.19%,,,,,,,,,,,,
,,,,,,,,,,,,,,,,,,2025,8/11/2025,$                                                      104.17,,,,,,,,,,1.61%,$            104.17,1.68,111.86,55.74,73.37,86%,7%,1.50%,3.01%,1.61%,20.57%,20.57%,0,2.29%,-9.62%,,,,,,,,,,,,
,,,,,,,,,,,,,,,,,,2025,8/12/2025,$                                                     103.55,,,,,,,,,,1.62%,$           103.55,1.68,111.86,55.74,73.37,85%,8%,1.50%,3.01%,1.62%,21.29%,21.29%,0,2.29%,-10.16%,,,,,,,,,,,,
,,,,,,,,,,,,,,,,,,2025,8/13/2025,$                                                     105.70,,,,,,,,,,1.59%,$           105.70,1.68,111.86,55.74,73.37,89%,6%,1.50%,3.01%,1.59%,18.83%,18.83%,0,2.29%,-8.29%,,,,,,,,,,,,
,,,,,,,,,,,,,,,,,,2025,8/14/2025,$                                                     105.30,,,,,,,,,,1.60%,$           105.30,1.68,111.86,55.74,73.37,88%,6%,1.50%,3.01%,1.60%,19.28%,19.28%,0,2.29%,-8.64%,,,,,,,,,,,,
,,,,,,,,,,,,,,,,,,2025,8/15/2025,$                                                     105.38,,,,,,,,,,1.59%,$           105.38,1.68,111.86,55.74,73.37,88%,6%,1.50%,3.01%,1.59%,19.19%,19.19%,0,2.29%,-8.57%,,,,,,,,,,,,
,,,,,,,,,,,,,,,,,,2025,8/18/2025,$                                                     105.76,,,,,,,,,,1.59%,$           105.76,1.68,111.86,55.74,73.37,89%,6%,1.50%,3.01%,1.59%,18.76%,18.76%,0,2.29%,-8.24%,,,,,,,,,,,,
,,,,,,,,,,,,,,,,,,2025,8/19/2025,$                                                     106.89,,,,,,,,,,1.57%,$           106.89,1.68,111.86,55.74,73.37,91%,5%,1.50%,3.01%,1.57%,17.50%,17.50%,0,2.29%,-7.26%,,,,,,,,,,,,
,,,,,,,,,,,,,,,,,,2025,8/20/2025,$                                                     107.90,,,,,,,,,,1.56%,$           107.90,1.68,111.86,55.74,73.37,93%,4%,1.50%,3.01%,1.56%,16.40%,16.40%,0,2.29%,-6.39%,,,,,,,,,,,,
,,,,,,,,,,,,,,,,,,2025,8/21/2025,$                                                      108.19,,,,,,,,,,1.55%,$            108.19,1.68,111.86,55.74,73.37,93%,3%,1.50%,3.01%,1.55%,16.09%,16.09%,0,2.29%,-6.13%,,,,,,,,,,,,
,,,,,,,,,,,,,,,,,,2025,8/22/2025,$                                                     108.46,,,,,,,,,,1.55%,$           108.46,1.68,111.86,55.74,73.37,94%,3%,1.50%,3.01%,1.55%,15.80%,15.80%,0,2.29%,-5.90%,,,,,,,,,,,,
,,,,,,,,,,,,,,,,,,2025,8/25/2025,$                                                     107.38,,,,,,,,,,1.56%,$           107.38,1.68,111.86,55.74,73.37,92%,4%,1.50%,3.01%,1.56%,16.97%,16.97%,0,2.29%,-6.84%,,,,,,,,,,,,
,,,,,,,,,,,,,,,,,,2025,8/26/2025,$                                                      108.16,,,,,,,,,,1.55%,$            108.16,1.68,111.86,55.74,73.37,93%,3%,1.50%,3.01%,1.55%,16.12%,16.12%,0,2.29%,-6.16%,,,,,,,,,,,,
,,,,,,,,,,,,,,,,,,2025,8/27/2025,$                                                      107.41,,,,,,,,,,1.56%,$            107.41,1.68,111.86,55.74,73.37,92%,4%,1.50%,3.01%,1.56%,16.94%,16.94%,0,2.29%,-6.81%,,,,,,,,,,,,
,,,,,,,,,,,,,,,,,,2025,8/28/2025,$                                                      106.10,,,,,,,,,,1.58%,$            106.10,1.68,111.86,55.74,73.37,90%,5%,1.50%,3.01%,1.58%,18.38%,18.38%,0,2.29%,-7.95%,,,,,,,,,,,,
,,,,,,,,,,,,,,,,,,2025,8/29/2025,$                                                     106.86,,,,,,,,,,1.57%,$           106.86,1.68,111.86,55.74,73.37,91%,5%,1.50%,3.01%,1.57%,17.54%,17.54%,0,2.29%,-7.29%,,,,,,,,,,,,
,,,,,,,,,,,,,,,,,,2025,9/2/2025,$                                                     105.62,,,,,,,,,,1.59%,$           105.62,1.68,111.86,55.74,73.37,89%,6%,1.50%,3.01%,1.59%,18.92%,18.92%,0,2.29%,-8.36%,,,,,,,,,,,,
,,,,,,,,,,,,,,,,,,2025,9/3/2025,$                                                     106.74,,,,,,,,,,1.57%,$           106.74,1.68,111.86,55.74,73.37,91%,5%,1.50%,3.01%,1.57%,17.67%,17.67%,0,2.29%,-7.39%,,,,,,,,,,,,
,,,,,,,,,,,,,,,,,,2025,9/4/2025,$                                                     108.55,,,,,,,,,,1.55%,$           108.55,1.68,111.86,55.74,73.37,94%,3%,1.50%,3.01%,1.55%,15.71%,15.71%,0,2.29%,-5.82%,,,,,,,,,,,,
,,,,,,,,,,,,,,,,,,2025,9/5/2025,$                                                     106.93,,,,,,,,,,1.57%,$           106.93,1.68,111.86,55.74,73.37,91%,5%,1.50%,3.01%,1.57%,17.46%,17.46%,0,2.29%,-7.23%,,,,,,,,,,,,
,,,,,,,,,,,,,,,,,,2025,9/8/2025,$                                                     106.34,,,,,,,,,,1.58%,$           106.34,1.68,111.86,55.74,73.37,90%,5%,1.50%,3.01%,1.58%,18.11%,18.11%,0,2.29%,-7.74%,,,,,,,,,,,,
,,,,,,,,,,,,,,,,,,2025,9/9/2025,$                                                     106.28,,,,,,,,,,1.58%,$           106.28,1.68,111.86,55.74,73.37,90%,5%,1.50%,3.01%,1.58%,18.18%,18.18%,0,2.29%,-7.79%,,,,,,,,,,,,
,,,,,,,,,,,,,,,,,,2025,9/10/2025,$                                                     107.23,,,,,,,,,,1.57%,$           107.23,1.68,111.86,55.74,73.37,92%,4%,1.50%,3.01%,1.57%,17.13%,17.13%,0,2.29%,-6.97%,,,,,,,,,,,,
,,,,,,,,,,,,,,,,,,2025,9/11/2025,$                                                     108.69,,,,,,,,,,1.55%,$           108.69,1.68,111.86,55.74,73.37,94%,3%,1.50%,3.01%,1.55%,15.56%,15.56%,0,2.29%,-5.70%,,,,,,,,,,,,
,,,,,,,,,,,,,,,,,,2025,9/12/2025,$                                                      109.13,,,,,,,,,,1.54%,$            109.13,1.68,111.86,55.74,73.37,95%,3%,1.50%,3.01%,1.54%,15.09%,15.09%,0,2.29%,-5.32%,,,,,,,,,,,,
,,,,,,,,,,,,,,,,,,2025,9/15/2025,$                                                      108.41,,,,,,,,,,1.55%,$            108.41,1.68,111.86,55.74,73.37,94%,3%,1.50%,3.01%,1.55%,15.86%,15.86%,0,2.29%,-5.94%,,,,,,,,,,,,
,,,,,,,,,,,,,,,,,,2025,9/16/2025,$                                                     107.63,,,,,,,,,,1.56%,$           107.63,1.68,111.86,55.74,73.37,92%,4%,1.50%,3.01%,1.56%,16.70%,16.70%,0,2.29%,-6.62%,,,,,,,,,,,,
,,,,,,,,,,,,,,,,,,2025,9/17/2025,$                                                     109.23,,,,,,,,,,1.54%,$           109.23,1.68,111.86,55.74,73.37,95%,2%,1.50%,3.01%,1.54%,14.99%,14.99%,0,2.29%,-5.23%,,,,,,,,,,,,
,,,,,,,,,,,,,,,,,,2025,9/18/2025,$                                                     108.00,,,,,,,,,,1.56%,$           108.00,1.68,111.86,55.74,73.37,93%,4%,1.50%,3.01%,1.56%,16.30%,16.30%,0,2.29%,-6.30%,,,,,,,,,,,,
,,,,,,,,,,,,,,,,,,2025,9/19/2025,$                                                     108.04,,,,,,,,,,1.55%,$           108.04,1.68,111.86,55.74,73.37,93%,4%,1.50%,3.01%,1.55%,16.25%,16.25%,0,2.29%,-6.26%,,,,,,,,,,,,
,,,,,,,,,,,,,,,,,,2025,9/22/2025,$                                                     107.40,,,,,,,,,,1.56%,$           107.40,1.68,111.86,55.74,73.37,92%,4%,1.50%,3.01%,1.56%,16.95%,16.95%,0,2.29%,-6.82%,,,,,,,,,,,,
,,,,,,,,,,,,,,,,,,2025,9/23/2025,$                                                     108.23,,,,,,,,,,1.55%,$           108.23,1.68,111.86,55.74,73.37,94%,3%,1.50%,3.01%,1.55%,16.05%,16.05%,0,2.29%,-6.10%,,,,,,,,,,,,
,,,,,,,,,,,,,,,,,,2025,9/24/2025,$                                                      109.31,,,,,,,,,,1.54%,$            109.31,1.68,111.86,55.74,73.37,95%,2%,1.50%,3.01%,1.54%,14.90%,14.90%,0,2.29%,-5.16%,,,,,,,,,,,,
,,,,,,,,,,,,,,,,,,2025,9/25/2025,$                                                     109.48,,,,,,,,,,1.53%,$           109.48,1.68,111.86,55.74,73.37,96%,2%,1.50%,3.01%,1.53%,14.72%,14.72%,0,2.29%,-5.01%,,,,,,,,,,,,
,,,,,,,,,,,,,,,,,,2025,9/26/2025,$                                                       111.36,,,,,,,,,,1.51%,$             111.36,1.68,111.86,55.74,73.37,99%,0%,1.50%,3.01%,1.51%,12.79%,12.79%,0,2.29%,-3.38%,,,,,,,,,,,,
,,,,,,,,,,,,,,,,,,2025,9/29/2025,$                                                       111.35,,,,,,,,,,1.51%,$             111.35,1.68,111.86,55.74,73.37,99%,0%,1.50%,3.01%,1.51%,12.80%,12.80%,0,2.29%,-3.39%,,,,,,,,,,,,
,,,,,,,,,,,,,,,,,,2025,9/30/2025,$                                                       111.70,,,,,,,,,,1.50%,$             111.70,1.68,111.86,55.74,73.37,100%,0%,1.50%,3.01%,1.50%,12.44%,12.44%,0,2.29%,-3.09%,,,,,,,,,,,,
,,,,,,,,,,,,,,,,,,2025,10/1/2025,$                                                      110.75,,,,,,,,,,1.52%,$            110.75,1.68,111.86,55.74,73.37,98%,1%,1.50%,3.01%,1.52%,13.41%,13.41%,0,2.29%,-3.91%,,,,,,,,,,,,
,,,,,,,,,,,,,,,,,,2025,10/2/2025,$                                                      110.60,,,,,,,,,,1.52%,$            110.60,1.68,111.86,55.74,73.37,98%,1%,1.50%,3.01%,1.52%,13.56%,13.56%,0,2.29%,-4.04%,,,,,,,,,,,,
,,,,,,,,,,,,,,,,,,2025,10/3/2025,$                                                      112.32,,,,,,,,,,1.50%,$            112.32,1.68,111.86,55.74,73.37,101%,0%,1.50%,3.01%,1.50%,11.82%,11.82%,0,2.29%,-2.55%,,,,,,,,,,,,
,,,,,,,,,,,,,,,,,,2025,10/6/2025,$                                                      113.07,,,,,,,,,,1.49%,$            113.07,1.68,111.86,55.74,73.37,102%,-1%,1.50%,3.01%,1.49%,11.08%,11.08%,0,2.29%,-1.90%,,,,,,,,,,,,
,,,,,,,,,,,,,,,,,,2025,10/7/2025,$                                                      112.93,,,,,,,,,,1.49%,$            112.93,1.68,111.86,55.74,73.37,102%,-1%,1.50%,3.01%,1.49%,11.22%,11.22%,0,2.29%,-2.02%,,,,,,,,,,,,
,,,,,,,,,,,,,,,,,,2025,10/8/2025,$                                                       111.90,,,,,,,,,,1.50%,$             111.90,1.68,111.86,55.74,73.37,100%,0%,1.50%,3.01%,1.50%,12.24%,12.24%,0,2.29%,-2.92%,,,,,,,,,,,,
,,,,,,,,,,,,,,,,,,2025,10/9/2025,$                                                        111.17,,,,,,,,,,1.51%,$              111.17,1.68,111.86,55.74,73.37,99%,1%,1.50%,3.01%,1.51%,12.98%,12.98%,0,2.29%,-3.55%,,,,,,,,,,,,
,,,,,,,,,,,,,,,,,,2025,10/10/2025,$                                                      110.95,,,,,,,,,,1.51%,$            110.95,1.68,111.86,55.74,73.37,98%,1%,1.50%,3.01%,1.51%,13.20%,13.20%,0,2.29%,-3.74%,,,,,,,,,,,,
,,,,,,,,,,,,,,,,,,2025,10/13/2025,$                                                      110.26,,,,,,,,,,1.52%,$            110.26,1.68,111.86,55.74,73.37,97%,1%,1.50%,3.01%,1.52%,13.91%,13.91%,0,2.29%,-4.34%,,,,,,,,,,,,
,,,,,,,,,,,,,,,,,,2025,10/14/2025,$                                                        111.51,,,,,,,,,,1.51%,$              111.51,1.68,111.86,55.74,73.37,99%,0%,1.50%,3.01%,1.51%,12.64%,12.64%,0,2.29%,-3.25%,,,,,,,,,,,,
,,,,,,,,,,,,,,,,,,2025,10/15/2025,$                                                      109.81,,,,,,,,,,1.53%,$            109.81,1.68,111.86,55.74,73.37,96%,2%,1.50%,3.01%,1.53%,14.38%,14.38%,0,2.29%,-4.73%,,,,,,,,,,,,
,,,,,,,,,,,,,,,,,,2025,10/16/2025,$                                                     106.73,,,,,,,,,,1.57%,$           106.73,1.68,111.86,55.74,73.37,91%,5%,1.50%,3.01%,1.57%,17.68%,17.68%,0,2.29%,-7.40%,,,,,,,,,,,,
,,,,,,,,,,,,,,,,,,2025,10/17/2025,$                                                      107.71,,,,,,,,,,1.56%,$            107.71,1.68,111.86,55.74,73.37,93%,4%,1.50%,3.01%,1.56%,16.61%,16.61%,0,2.29%,-6.55%,,,,,,,,,,,,
,,,,,,,,,,,,,,,,,,2025,10/20/2025,$                                                     108.77,,,,,,,,,,1.54%,$           108.77,1.68,111.86,55.74,73.37,94%,3%,1.50%,3.01%,1.54%,15.47%,15.47%,0,2.29%,-5.63%,,,,,,,,,,,,
,,,,,,,,,,,,,,,,,,2025,10/21/2025,$                                                      108.18,,,,,,,,,,1.55%,$            108.18,1.68,111.86,55.74,73.37,93%,3%,1.50%,3.01%,1.55%,16.10%,16.10%,0,2.29%,-6.14%,,,,,,,,,,,,
,,,,,,,,,,,,,,,,,,2025,10/22/2025,$                                                     107.85,,,,,,,,,,1.56%,$           107.85,1.68,111.86,55.74,73.37,93%,4%,1.50%,3.01%,1.56%,16.46%,16.46%,0,2.29%,-6.43%,,,,,,,,,,,,
,,,,,,,,,,,,,,,,,,2025,10/23/2025,$                                                     107.55,,,,,,,,,,1.56%,$           107.55,1.68,111.86,55.74,73.37,92%,4%,1.50%,3.01%,1.56%,16.78%,16.78%,0,2.29%,-6.69%,,,,,,,,,,,,
,,,,,,,,,,,,,,,,,,2025,10/24/2025,$                                                      107.18,,,,,,,,,,1.57%,$            107.18,1.68,111.86,55.74,73.37,92%,4%,1.50%,3.01%,1.57%,17.19%,17.19%,0,2.29%,-7.01%,,,,,,,,,,,,
,,,,,,,,,,,,,,,,,,2025,10/27/2025,$                                                     107.55,,,,,,,,,,1.56%,$           107.55,1.68,111.86,55.74,73.37,92%,4%,1.50%,3.01%,1.56%,16.78%,16.78%,0,2.29%,-6.69%,,,,,,,,,,,,
,,,,,,,,,,,,,,,,,,2025,10/28/2025,$                                                     106.68,,,,,,,,,,1.57%,$           106.68,1.68,111.86,55.74,73.37,91%,5%,1.50%,3.01%,1.57%,17.74%,17.74%,0,2.29%,-7.44%,,,,,,,,,,,,
,,,,,,,,,,,,,,,,,,2025,10/29/2025,$                                                     105.70,,,,,,,,,,1.59%,$           105.70,1.68,111.86,55.74,73.37,89%,6%,1.50%,3.01%,1.59%,18.83%,18.83%,0,2.29%,-8.29%,,,,,,,,,,,,
,,,,,,,,,,,,,,,,,,2025,10/30/2025,$                                                     106.84,,,,,,,,,,1.57%,$           106.84,1.68,111.86,55.74,73.37,91%,5%,1.50%,3.01%,1.57%,17.56%,17.56%,0,2.29%,-7.31%,,,,,,,,,,,,
,,,,,,,,,,,,,,,,,,2025,10/31/2025,$                                                      107.19,,,,,,,,,,1.57%,$            107.19,1.68,111.86,55.74,73.37,92%,4%,1.50%,3.01%,1.57%,17.18%,17.18%,0,2.29%,-7.00%,,,,,,,,,,,,
,,,,,,,,,,,,,,,,,,2025,11/3/2025,$                                                     106.97,,,,,,,,,,1.57%,$           106.97,1.68,111.86,55.74,73.37,91%,5%,1.50%,3.01%,1.57%,17.42%,17.42%,0,2.29%,-7.19%,,,,,,,,,,,,
,,,,,,,,,,,,,,,,,,2025,11/4/2025,$                                                      108.81,,,,,,,,,,1.54%,$            108.81,1.68,111.86,55.74,73.37,95%,3%,1.50%,3.01%,1.54%,15.43%,15.43%,0,2.29%,-5.60%,,,,,,,,,,,,
,,,,,,,,,,,,,,,,,,2025,11/5/2025,$                                                       111.24,,,,,,,,,,1.51%,$             111.24,1.68,111.86,55.74,73.37,99%,1%,1.50%,3.01%,1.51%,12.91%,12.91%,0,2.29%,-3.49%,,,,,,,,,,,,
,,,,,,,,,,,,,,,,,,2025,11/6/2025,$                                                      113.70,,,,,,,,,,1.48%,$            113.70,1.68,111.86,55.74,73.37,103%,-2%,1.50%,3.01%,1.48%,10.47%,10.47%,0,2.29%,-1.35%,,,,,,,,,,,,
,,,,,,,,,,,,,,,,,,2025,11/7/2025,$                                                      114.09,,,,,,,,,,1.47%,$            114.09,1.68,111.86,55.74,73.37,104%,-2%,1.50%,3.01%,1.47%,10.09%,10.09%,0,2.29%,-1.02%,,,,,,,,,,,,
,,,,,,,,,,,,,,,,,,2025,11/10/2025,$                                                      113.58,,,,,,,,,,1.48%,$            113.58,1.68,111.86,55.74,73.37,103%,-2%,1.50%,3.01%,1.48%,10.58%,10.58%,0,2.29%,-1.46%,,,,,,,,,,,,
,,,,,,,,,,,,,,,,,,2025,11/11/2025,$                                                      113.79,,,,,,,,,,1.48%,$            113.79,1.68,111.86,55.74,73.37,103%,-2%,1.50%,3.01%,1.48%,10.38%,10.38%,0,2.29%,-1.28%,,,,,,,,,,,,
,,,,,,,,,,,,,,,,,,2025,11/12/2025,$                                                       114.61,,,,,,,,,,1.47%,$             114.61,1.68,111.86,55.74,73.37,105%,-2%,1.50%,3.01%,1.47%,9.59%,9.59%,0,2.29%,-0.56%,,,,,,,,,,,,
,,,,,,,,,,,,,,,,,,2025,11/13/2025,$                                                       115.01,,,,,,,,,,1.46%,$             115.01,1.68,111.86,55.74,73.37,106%,-3%,1.50%,3.01%,1.46%,9.21%,9.21%,0,2.29%,-0.22%,,,,,,,,,,,,
,,,,,,,,,,,,,,,,,,2025,11/14/2025,$                                                      114.34,,,,,,,,,,1.47%,$            114.34,1.68,111.86,55.74,73.37,104%,-2%,1.50%,3.01%,1.47%,9.85%,9.85%,0,2.29%,-0.80%,,,,,,,,,,,,
,,,,,,,,,,,,,,,,,,2025,11/17/2025,$                                                      112.27,,,,,,,,,,1.50%,$            112.27,1.68,111.86,55.74,73.37,101%,0%,1.50%,3.01%,1.50%,11.87%,11.87%,0,2.29%,-2.59%,,,,,,,,,,,,
,,,,,,,,,,,,,,,,,,2025,11/18/2025,$                                                       111.76,,,,,,,,,,1.50%,$             111.76,1.68,111.86,55.74,73.37,100%,0%,1.50%,3.01%,1.50%,12.38%,12.38%,0,2.29%,-3.04%,,,,,,,,,,,,
,,,,,,,,,,,,,,,,,,2025,11/19/2025,$                                                     109.40,,,,,,,,,,1.54%,$           109.40,1.68,111.86,55.74,73.37,96%,2%,1.50%,3.01%,1.54%,14.81%,14.81%,0,2.29%,-5.08%,,,,,,,,,,,,
,,,,,,,,,,,,,,,,,,2025,11/20/2025,$                                                      110.55,,,,,,,,,,1.52%,$            110.55,1.68,111.86,55.74,73.37,98%,1%,1.50%,3.01%,1.52%,13.61%,13.61%,0,2.29%,-4.09%,,,,,,,,,,,,
,,,,,,,,,,,,,,,,,,2025,11/21/2025,$                                                      110.98,,,,,,,,,,1.51%,$            110.98,1.68,111.86,55.74,73.37,98%,1%,1.50%,3.01%,1.51%,13.17%,13.17%,0,2.29%,-3.71%,,,,,,,,,,,,
,,,,,,,,,,,,,,,,,,2025,11/24/2025,$                                                      110.38,,,,,,,,,,1.52%,$            110.38,1.68,111.86,55.74,73.37,97%,1%,1.50%,3.01%,1.52%,13.79%,13.79%,0,2.29%,-4.23%,,,,,,,,,,,,
,,,,,,,,,,,,,,,,,,2025,11/25/2025,$                                                       111.63,,,,,,,,,,1.50%,$             111.63,1.68,111.86,55.74,73.37,100%,0%,1.50%,3.01%,1.50%,12.51%,12.51%,0,2.29%,-3.15%,,,,,,,,,,,,
,,,,,,,,,,,,,,,,,,2025,11/26/2025,$                                                      110.55,,,,,,,,,,1.52%,$            110.55,1.68,111.86,55.74,73.37,98%,1%,1.50%,3.01%,1.52%,13.61%,13.61%,0,2.29%,-4.09%,,,,,,,,,,,,
,,,,,,,,,,,,,,,,,,2025,11/28/2025,$                                                       110.31,,,,,,,,,,1.52%,$             110.31,1.68,111.86,55.74,73.37,97%,1%,1.50%,3.01%,1.52%,13.86%,13.86%,0,2.29%,-4.29%,,,,,,,,,,,,
,,,,,,,,,,,,,,,,,,2025,12/1/2025,$                                                     109.55,,,,,,,,,,1.53%,$           109.55,1.68,111.86,55.74,73.37,96%,2%,1.50%,3.01%,1.53%,14.65%,14.65%,0,2.29%,-4.95%,,,,,,,,,,,,
,,,,,,,,,,,,,,,,,,2025,12/2/2025,$                                                     108.83,,,,,,,,,,1.54%,$           108.83,1.68,111.86,55.74,73.37,95%,3%,1.50%,3.01%,1.54%,15.41%,15.41%,0,2.29%,-5.58%,,,,,,,,,,,,
,,,,,,,,,,,,,,,,,,2025,12/3/2025,$                                                     109.04,,,,,,,,,,1.54%,$           109.04,1.68,111.86,55.74,73.37,95%,3%,1.50%,3.01%,1.54%,15.19%,15.19%,0,2.29%,-5.40%,,,,,,,,,,,,
,,,,,,,,,,,,,,,,,,2025,12/4/2025,$                                                     109.24,,,,,,,,,,1.54%,$           109.24,1.68,111.86,55.74,73.37,95%,2%,1.50%,3.01%,1.54%,14.98%,14.98%,0,2.29%,-5.22%,,,,,,,,,,,,
,,,,,,,,,,,,,,,,,,2025,12/5/2025,$                                                     109.28,,,,,,,,,,1.54%,$           109.28,1.68,111.86,55.74,73.37,95%,2%,1.50%,3.01%,1.54%,14.93%,14.93%,0,2.29%,-5.19%,,,,,,,,,,,,
,,,,,,,,,,,,,,,,,,2025,12/8/2025,$                                                     108.06,,,,,,,,,,1.55%,$           108.06,1.68,111.86,55.74,73.37,93%,4%,1.50%,3.01%,1.55%,16.23%,16.23%,0,2.29%,-6.25%,,,,,,,,,,,,
,,,,,,,,,,,,,,,,,,2025,12/9/2025,$                                                     108.02,,,,,,,,,,1.56%,$           108.02,1.68,111.86,55.74,73.37,93%,4%,1.50%,3.01%,1.56%,16.27%,16.27%,0,2.29%,-6.28%,,,,,,,,,,,,
,,,,,,,,,,,,,,,,,,2025,12/10/2025,$                                                      107.19,,,,,,,,,,1.57%,$            107.19,1.68,111.86,55.74,73.37,92%,4%,1.50%,3.01%,1.57%,17.18%,17.18%,0,2.29%,-7.00%,,,,,,,,,,,,
,,,,,,,,,,,,,,,,,,2025,12/11/2025,$                                                     108.85,,,,,,,,,,1.54%,$           108.85,1.68,111.86,55.74,73.37,95%,3%,1.50%,3.01%,1.54%,15.39%,15.39%,0,2.29%,-5.56%,,,,,,,,,,,,
,,,,,,,,,,,,,,,,,,2025,12/12/2025,$                                                      110.05,,,,,,,,,,1.53%,$            110.05,1.68,111.86,55.74,73.37,97%,2%,1.50%,3.01%,1.53%,14.13%,14.13%,0,2.29%,-4.52%,,,,,,,,,,,,
,,,,,,,,,,,,,,,,,,2025,12/15/2025,$                                                       111.50,,,,,,,,,,1.51%,$             111.50,1.68,111.86,55.74,73.37,99%,0%,1.50%,3.01%,1.51%,12.65%,12.65%,0,2.29%,-3.26%,,,,,,,,,,,,
,,,,,,,,,,,,,,,,,,2025,12/16/2025,$                                                     109.49,,,,,,,,,,1.53%,$           109.49,1.68,111.86,55.74,73.37,96%,2%,1.50%,3.01%,1.53%,14.71%,14.71%,0,2.29%,-5.01%,,,,,,,,,,,,
,,,,,,,,,,,,,,,,,,2025,12/17/2025,$                                                      110.50,,,,,,,,,,1.52%,$            110.50,1.68,111.86,55.74,73.37,98%,1%,1.50%,3.01%,1.52%,13.67%,13.67%,0,2.29%,-4.13%,,,,,,,,,,,,
,,,,,,,,,,,,,,,,,,2025,12/18/2025,$                                                      110.46,,,,,,,,,,1.52%,$            110.46,1.68,111.86,55.74,73.37,98%,1%,1.50%,3.01%,1.52%,13.71%,13.71%,0,2.29%,-4.16%,,,,,,,,,,,,
,,,,,,,,,,,,,,,,,,2025,12/19/2025,$                                                      110.36,,,,,,,,,,1.52%,$            110.36,1.68,111.86,55.74,73.37,97%,1%,1.50%,3.01%,1.52%,13.81%,13.81%,0,2.29%,-4.25%,,,,,,,,,,,,
,,,,,,,,,,,,,,,,,,2025,12/22/2025,$                                                      110.05,,,,,,,,,,1.53%,$            110.05,1.68,111.86,55.74,73.37,97%,2%,1.50%,3.01%,1.53%,14.13%,14.13%,0,2.29%,-4.52%,,,,,,,,,,,,
,,,,,,,,,,,,,,,,,,2025,12/23/2025,$                                                      110.72,,,,,,,,,,1.52%,$            110.72,1.68,111.86,55.74,73.37,98%,1%,1.50%,3.01%,1.52%,13.44%,13.44%,0,2.29%,-3.94%,,,,,,,,,,,,
,,,,,,,,,,,,,,,,,,2025,12/24/2025,$                                                      110.62,,,,,,,,,,1.52%,$            110.62,1.68,111.86,55.74,73.37,98%,1%,1.50%,3.01%,1.52%,13.54%,13.54%,0,2.29%,-4.03%,,,,,,,,,,,,
,,,,,,,,,,,,,,,,,,2025,12/26/2025,$                                                     109.90,,,,,,,,,,1.53%,$           109.90,1.68,111.86,55.74,73.37,97%,2%,1.50%,3.01%,1.53%,14.29%,14.29%,0,2.29%,-4.65%,,,,,,,,,,,,
,,,,,,,,,,,,,,,,,,2025,12/29/2025,$                                                     109.96,,,,,,,,,,1.53%,$           109.96,1.68,111.86,55.74,73.37,97%,2%,1.50%,3.01%,1.53%,14.22%,14.22%,0,2.29%,-4.60%,,,,,,,,,,,,
,,,,,,,,,,,,,,,,,,2025,12/30/2025,$                                                      110.80,,,,,,,,,,1.52%,$            110.80,1.68,111.86,55.74,73.37,98%,1%,1.50%,3.01%,1.52%,13.36%,13.36%,0,2.29%,-3.87%,,,,,,,,,,,,
,,,,,,,,,,,,,,,,,,2025,12/31/2025,$                                                      110.27,,,,,,,,,,1.52%,$            110.27,1.68,111.86,55.74,73.37,97%,1%,1.50%,3.01%,1.52%,13.90%,13.90%,0,2.29%,-4.33%,,,,,,,,,,,,
,,,,,,,,,,,,,,,,,,2026,1/2/2026,$                                                      110.24,,,,,,,,,,1.52%,$            110.24,1.68,111.86,55.74,73.37,97%,1%,1.50%,3.01%,1.52%,13.93%,13.93%,0,2.29%,-4.36%,,,,,,,,,,,,
,,,,,,,,,,,,,,,,,,2026,1/5/2026,$                                                       112.19,,,,,,,,,,1.50%,$             112.19,1.68,111.86,55.74,73.37,101%,0%,1.50%,3.01%,1.50%,11.95%,11.95%,0,2.29%,-2.66%,,,,,,,,,,,,
,,,,,,,,,,,,,,,,,,2026,1/6/2026,$                                                       111.96,,,,,,,,,,1.50%,$             111.96,1.68,111.86,55.74,73.37,100%,0%,1.50%,3.01%,1.50%,12.18%,12.18%,0,2.29%,-2.86%,,,,,,,,,,,,
,,,,,,,,,,,,,,,,,,2026,1/7/2026,$                                                       110.19,,,,,,,,,,1.52%,$             110.19,1.68,111.86,55.74,73.37,97%,2%,1.50%,3.01%,1.52%,13.98%,13.98%,0,2.29%,-4.40%,,,,,,,,,,,,
,,,,,,,,,,,,,,,,,,2026,1/8/2026,$                                                      110.26,,,,,,,,,,1.52%,$            110.26,1.68,111.86,55.74,73.37,97%,1%,1.50%,3.01%,1.52%,13.91%,13.91%,0,2.29%,-4.34%,,,,,,,,,,,,
,,,,,,,,,,,,,,,,,,2026,1/9/2026,$                                                     109.24,,,,,,,,,,1.54%,$           109.24,1.68,111.86,55.74,73.37,95%,2%,1.50%,3.01%,1.54%,14.98%,14.98%,0,2.29%,-5.22%,,,,,,,,,,,,
,,,,,,,,,,,,,,,,,,2026,1/12/2026,$                                                     108.88,,,,,,,,,,1.54%,$           108.88,1.68,111.86,55.74,73.37,95%,3%,1.50%,3.01%,1.54%,15.36%,15.36%,0,2.29%,-5.54%,,,,,,,,,,,,
,,,,,,,,,,,,,,,,,,2026,1/13/2026,$                                                     107.96,,,,,,,,,,1.56%,$           107.96,1.68,111.86,55.74,73.37,93%,4%,1.50%,3.01%,1.56%,16.34%,16.34%,0,2.29%,-6.33%,,,,,,,,,,,,
,,,,,,,,,,,,,,,,,,2026,1/14/2026,$                                                       110.18,,,,,,,,,,1.52%,$             110.18,1.68,111.86,55.74,73.37,97%,2%,1.50%,3.01%,1.52%,14.00%,14.00%,0,2.29%,-4.41%,,,,,,,,,,,,
,,,,,,,,,,,,,,,,,,2026,1/15/2026,$                                                      109.61,,,,,,,,,,1.53%,$            109.61,1.68,111.86,55.74,73.37,96%,2%,1.50%,3.01%,1.53%,14.59%,14.59%,0,2.29%,-4.90%,,,,,,,,,,,,
,,,,,,,,,,,,,,,,,,2026,1/16/2026,$                                                      109.51,,,,,,,,,,1.53%,$            109.51,1.68,111.86,55.74,73.37,96%,2%,1.50%,3.01%,1.53%,14.69%,14.69%,0,2.29%,-4.99%,,,,,,,,,,,,
,,,,,,,,,,,,,,,,,,2026,1/20/2026,$                                                     109.26,,,,,,,,,,1.54%,$           109.26,1.68,111.86,55.74,73.37,95%,2%,1.50%,3.01%,1.54%,14.96%,14.96%,0,2.29%,-5.21%,,,,,,,,,,,,
,,,,,,,,,,,,,,,,,,2026,1/21/2026,$                                                     108.56,,,,,,,,,,1.55%,$           108.56,1.68,111.86,55.74,73.37,94%,3%,1.50%,3.01%,1.55%,15.70%,15.70%,0,2.29%,-5.81%,,,,,,,,,,,,
,,,,,,,,,,,,,,,,,,2026,1/22/2026,$                                                     108.30,,,,,,,,,,1.55%,$           108.30,1.68,111.86,55.74,73.37,94%,3%,1.50%,3.01%,1.55%,15.97%,15.97%,0,2.29%,-6.04%,,,,,,,,,,,,
,,,,,,,,,,,,,,,,,,2026,1/23/2026,$                                                     107.09,,,,,,,,,,1.57%,$           107.09,1.68,111.86,55.74,73.37,91%,4%,1.50%,3.01%,1.57%,17.28%,17.28%,0,2.29%,-7.09%,,,,,,,,,,,,
,,,,,,,,,,,,,,,,,,2026,1/26/2026,$                                                     108.94,,,,,,,,,,1.54%,$           108.94,1.68,111.86,55.74,73.37,95%,3%,1.50%,3.01%,1.54%,15.29%,15.29%,0,2.29%,-5.48%,,,,,,,,,,,,
,,,,,,,,,,,,,,,,,,2026,1/27/2026,$                                                     108.38,,,,,,,,,,1.55%,$           108.38,1.68,111.86,55.74,73.37,94%,3%,1.50%,3.01%,1.55%,15.89%,15.89%,0,2.29%,-5.97%,,,,,,,,,,,,
,,,,,,,,,,,,,,,,,,2026,1/28/2026,$                                                     108.92,,,,,,,,,,1.54%,$           108.92,1.68,111.86,55.74,73.37,95%,3%,1.50%,3.01%,1.54%,15.31%,15.31%,0,2.29%,-5.50%,,,,,,,,,,,,
,,,,,,,,,,,,,,,,,,2026,1/29/2026,$                                                       110.51,,,,,,,,,,1.52%,$             110.51,1.68,111.86,55.74,73.37,98%,1%,1.50%,3.01%,1.52%,13.65%,13.65%,0,2.29%,-4.12%,,,,,,,,,,,,
,,,,,,,,,,,,,,,,,,2026,1/30/2026,$                                                      110.95,,,,,,,,,,1.51%,$            110.95,1.68,111.86,55.74,73.37,98%,1%,1.50%,3.01%,1.51%,13.20%,13.20%,0,2.29%,-3.74%,,,,,,,,,,,,
,,,,,,,,,,,,,,,,,,2026,2/2/2026,$                                                       111.95,,,,,,,,,,1.50%,$             111.95,1.68,111.86,55.74,73.37,100%,0%,1.50%,3.01%,1.50%,12.19%,12.19%,0,2.29%,-2.87%,,,,,,,,,,,,
,,,,,,,,,,,,,,,,,,2026,2/3/2026,$                                                      112.04,,,,,,,,,,1.50%,$            112.04,1.68,111.86,55.74,73.37,100%,0%,1.50%,3.01%,1.50%,12.10%,12.10%,0,2.29%,-2.79%,,,,,,,,,,,,
,,,,,,,,,,,,,,,,,,2026,2/4/2026,$                                                      113.62,,,,,,,,,,1.48%,$            113.62,1.68,111.86,55.74,73.37,103%,-2%,1.50%,3.01%,1.48%,10.54%,10.54%,0,2.29%,-1.42%,,,,,,,,,,,,
,,,,,,,,,,,,,,,,,,2026,2/5/2026,$                                                      117.47,,,,,,,,,,1.43%,$            117.47,1.68,111.86,55.74,73.37,110%,-5%,1.50%,3.01%,1.43%,6.92%,6.92%,0,2.29%,0.00%,,,,,,,,,,,,
,,,,,,,,,,,,,,,,,,2026,2/6/2026,$                                                       117.15,,,,,,,,,,1.43%,$             117.15,1.68,111.86,55.74,73.37,109%,-5%,1.50%,3.01%,1.43%,7.21%,7.21%,0,2.29%,-0.27%,,,,,,,,,,,,
,,,,,,,,,,,,,,,,,,2026,2/9/2026,$                                                      113.20,,,,,,,,,,1.48%,$            113.20,1.68,111.86,55.74,73.37,102%,-1%,1.50%,3.01%,1.48%,10.95%,10.95%,0,2.29%,-3.63%,,,,,,,,,,,,
,,,,,,,,,,,,,,,,,,2026,2/10/2026,$                                                      115.88,,,,,,,,,,1.45%,$            115.88,1.68,111.86,55.74,73.37,107%,-3%,1.50%,3.01%,1.45%,8.39%,8.39%,0,2.29%,-1.35%,,,,,,,,,,,,
,,,,,,,,,,,,,,,,,,2026,2/11/2026,$                                                      116.25,,,,,,,,,,1.45%,$            116.25,1.68,111.86,55.74,73.37,108%,-4%,1.50%,3.01%,1.45%,8.04%,8.04%,0,2.29%,-1.04%,,,,,,,,,,,,
,,,,,,,,,,,,,,,,,,2026,2/12/2026,$                                                      115.88,,,,,,,,,,1.45%,$            115.88,1.68,111.86,55.74,73.37,107%,-3%,1.50%,3.01%,1.45%,8.39%,8.39%,0,2.29%,-1.35%,,,,,,,,,,,,
,,,,,,,,,,,,,,,,,,2026,2/13/2026,$                                                       114.91,,,,,,,,,,1.46%,$             114.91,1.68,111.86,55.74,73.37,105%,-3%,1.50%,3.01%,1.46%,9.30%,9.30%,0,2.29%,-2.18%,,,,,,,,,,,,
,,,,,,,,,,,,,,,,,,2026,2/17/2026,$                                                      115.42,,,,,,,,,,1.46%,$            115.42,1.68,111.86,55.74,73.37,106%,-3%,1.50%,3.01%,1.46%,8.82%,8.82%,0,2.29%,-1.75%,,,,,,,,,,,,
,,,,,,,,,,,,,,,,,,2026,2/18/2026,$                                                      113.62,,,,,,,,,,1.48%,$            113.62,1.68,111.86,55.74,73.37,103%,-2%,1.50%,3.01%,1.48%,10.54%,10.54%,0,2.29%,-3.28%,,,,,,,,,,,,
,,,,,,,,,,,,,,,,,,2026,2/19/2026,$                                                      112.76,,,,,,,,,,1.49%,$            112.76,1.68,111.86,55.74,73.37,102%,-1%,1.50%,3.01%,1.49%,11.39%,11.39%,0,2.29%,-4.01%,,,,,,,,,,,,
,,,,,,,,,,,,,,,,,,2026,2/20/2026,$                                                      114.03,,,,,,,,,,1.47%,$            114.03,1.68,111.86,55.74,73.37,104%,-2%,1.50%,3.01%,1.47%,10.15%,10.15%,0,2.29%,-2.93%,,,,,,,,,,,,
,,,,,,,,,,,,,,,,,,2026,2/23/2026,$                                                      112.35,,,,,,,,,,1.50%,$            112.35,1.68,111.86,55.74,73.37,101%,0%,1.50%,3.01%,1.50%,11.79%,11.79%,0,2.29%,-4.36%,,,,,,,,,,,,
,,,,,,,,,,,,,,,,,,2026,2/24/2026,$                                                      112.46,,,,,,,,,,1.49%,$            112.46,1.68,111.86,55.74,73.37,101%,-1%,1.50%,3.01%,1.49%,11.68%,11.68%,0,2.29%,-4.26%,,,,,,,,,,,,
,,,,,,,,,,,,,,,,,,2026,2/25/2026,$                                                      112.44,,,,,,,,,,1.49%,$            112.44,1.68,111.86,55.74,73.37,101%,-1%,1.50%,3.01%,1.49%,11.70%,11.70%,0,2.29%,-4.28%,,,,,,,,,,,,
,,,,,,,,,,,,,,,,,,2026,2/26/2026,$                                                      113.97,,,,,,,,,,1.47%,$            113.97,1.68,111.86,55.74,73.37,104%,-2%,1.50%,3.01%,1.47%,10.20%,10.20%,0,2.29%,-2.98%,,,,,,,,,,,,
,,,,,,,,,,,,,,,,,,2026,2/27/2026,$                                                      112.93,,,,,,,,,,1.49%,$            112.93,1.68,111.86,55.74,73.37,102%,-1%,1.50%,3.01%,1.49%,11.22%,11.22%,0,2.29%,-3.86%,,,,,,,,,,,,
,,,,,,,,,,,,,,,,,,2026,3/2/2026,$                                                      113.35,,,,,,,,,,1.48%,$            113.35,1.68,111.86,55.74,73.37,103%,-1%,1.50%,3.01%,1.48%,10.81%,10.81%,0,2.29%,-3.51%,,,,,,,,,,,,
,,,,,,,,,,,,,,,,,,2026,3/3/2026,$                                                      112.43,,,,,,,,,,1.49%,$            112.43,1.68,111.86,55.74,73.37,101%,-1%,1.50%,3.01%,1.49%,11.71%,11.71%,0,2.29%,-4.29%,,,,,,,,,,,,
,,,,,,,,,,,,,,,,,,2026,3/4/2026,$                                                      112.48,,,,,,,,,,1.49%,$            112.48,1.68,111.86,55.74,73.37,101%,-1%,1.50%,3.01%,1.49%,11.66%,11.66%,0,2.29%,-4.25%,,,,,,,,,,,,
,,,,,,,,,,,,,,,,,,2026,3/5/2026,$                                                       111.04,,,,,,,,,,1.51%,$             111.04,1.68,111.86,55.74,73.37,99%,1%,1.50%,3.01%,1.51%,13.11%,13.11%,0,2.29%,-5.47%,,,,,,,,,,,,
,,,,,,,,,,,,,,,,,,2026,3/6/2026,$                                                       111.29,,,,,,,,,,1.51%,$             111.29,1.68,111.86,55.74,73.37,99%,1%,1.50%,3.01%,1.51%,12.86%,12.86%,0,2.29%,-5.26%,,,,,,,,,,,,
,,,,,,,,,,,,,,,,,,2026,3/9/2026,$                                                       110.18,,,,,,,,,,1.52%,$             110.18,1.68,111.86,55.74,73.37,97%,2%,1.50%,3.01%,1.52%,14.00%,14.00%,0,2.29%,-6.21%,,,,,,,,,,,,
,,,,,,,,,,,,,,,,,,2026,3/10/2026,$                                                      110.30,,,,,,,,,,1.52%,$            110.30,1.68,111.86,55.74,73.37,97%,1%,1.50%,3.01%,1.52%,13.87%,13.87%,0,2.29%,-6.10%,,,,,,,,,,,,
,,,,,,,,,,,,,,,,,,2026,3/11/2026,$                                                     109.33,,,,,,,,,,1.54%,$           109.33,1.68,111.86,55.74,73.37,95%,2%,1.50%,3.01%,1.54%,14.88%,14.88%,0,2.29%,-6.93%,,,,,,,,,,,,
,,,,,,,,,,,,,,,,,,2026,3/12/2026,$                                                     109.63,,,,,,,,,,1.53%,$           109.63,1.68,111.86,55.74,73.37,96%,2%,1.50%,3.01%,1.53%,14.57%,14.57%,0,2.29%,-6.67%,,,,,,,,,,,,
,,,,,,,,,,,,,,,,,,2026,3/13/2026,$                                                      108.71,,,,,,,,,,1.55%,$            108.71,1.68,111.86,55.74,73.37,94%,3%,1.50%,3.01%,1.55%,15.54%,15.54%,0,2.29%,-7.46%,,,,,,,,,,,,
,,,,,,,,,,,,,,,,,,2026,3/16/2026,$                                                       109.11,,,,,,,,,,1.54%,$             109.11,1.68,111.86,55.74,73.37,95%,3%,1.50%,3.01%,1.54%,15.11%,15.11%,0,2.29%,-7.12%,,,,,,,,,,,,
,,,,,,,,,,,,,,,,,,2026,3/17/2026,$                                                     109.52,,,,,,,,,,1.53%,$           109.52,1.68,111.86,55.74,73.37,96%,2%,1.50%,3.01%,1.53%,14.68%,14.68%,0,2.29%,-6.77%,,,,,,,,,,,,
,,,,,,,,,,,,,,,,,,2026,3/18/2026,$                                                     107.92,,,,,,,,,,1.56%,$           107.92,1.68,111.86,55.74,73.37,93%,4%,1.50%,3.01%,1.56%,16.38%,16.38%,0,2.29%,-8.13%,,,,,,,,,,,,
,,,,,,,,,,,,,,,,,,2026,3/19/2026,$                                                      107.17,,,,,,,,,,1.57%,$            107.17,1.68,111.86,55.74,73.37,92%,4%,1.50%,3.01%,1.57%,17.20%,17.20%,0,2.29%,-8.77%,,,,,,,,,,,,
,,,,,,,,,,,,,,,,,,2026,3/20/2026,$                                                     106.22,,,,,,,,,,1.58%,$           106.22,1.68,111.86,55.74,73.37,90%,5%,1.50%,3.01%,1.58%,18.25%,18.25%,0,2.29%,-9.58%,,,,,,,,,,,,
,,,,,,,,,,,,,,,,,,2026,3/23/2026,$                                                     106.65,,,,,,,,,,1.58%,$           106.65,1.68,111.86,55.74,73.37,91%,5%,1.50%,3.01%,1.58%,17.77%,17.77%,0,2.29%,-9.21%,,,,,,,,,,,,
,,,,,,,,,,,,,,,,,,2026,3/24/2026,$                                                     106.20,,,,,,,,,,1.58%,$           106.20,1.68,111.86,55.74,73.37,90%,5%,1.50%,3.01%,1.58%,18.27%,18.27%,0,2.29%,-9.59%,,,,,,,,,,,,
,,,,,,,,,,,,,,,,,,2026,3/25/2026,$                                                      107.21,,,,,,,,,,1.57%,$            107.21,1.68,111.86,55.74,73.37,92%,4%,1.50%,3.01%,1.57%,17.15%,17.15%,0,2.29%,-8.73%,,,,,,,,,,,,
,,,,,,,,,,,,,,,,,,2026,3/26/2026,$                                                      108.21,,,,,,,,,,1.55%,$            108.21,1.68,111.86,55.74,73.37,93%,3%,1.50%,3.01%,1.55%,16.07%,16.07%,0,2.29%,-7.88%,,,,,,,,,,,,
,,,,,,,,,,,,,,,,,,2026,3/27/2026,$                                                      106.41,,,,,,,,,,1.58%,$            106.41,1.68,111.86,55.74,73.37,90%,5%,1.50%,3.01%,1.58%,18.03%,18.03%,0,2.29%,-9.42%,,,,,,,,,,,,
,,,,,,,,,,,,,,,,,,2026,3/30/2026,$                                                      108.17,,,,,,,,,,1.55%,$            108.17,1.68,111.86,55.74,73.37,93%,3%,1.50%,3.01%,1.55%,16.11%,16.11%,0,2.29%,-7.92%,,,,,,,,,,,,
,,,,,,,,,,,,,,,,,,2026,3/31/2026,$                                                      109.71,,,,,,,,,,1.53%,$            109.71,1.68,111.86,55.74,73.37,96%,2%,1.50%,3.01%,1.53%,14.48%,14.48%,0,2.29%,-6.61%,,,,,,,,,,,,
,,,,,,,,,,,,,,,,,,2026,4/1/2026,$                                                     109.64,,,,,,,,,,1.53%,$           109.64,1.68,111.86,55.74,73.37,96%,2%,1.50%,3.01%,1.53%,14.56%,14.56%,0,2.29%,-6.67%,,,,,,,,,,,,
,,,,,,,,,,,,,,,,,,2026,4/2/2026,$                                                      110.48,,,,,,,,,,1.52%,$            110.48,1.68,111.86,55.74,73.37,98%,1%,1.50%,3.01%,1.52%,13.69%,13.69%,0,2.29%,-5.95%,,,,,,,,,,,,
,,,,,,,,,,,,,,,,,,2026,4/6/2026,$                                                      110.26,,,,,,,,,,1.52%,$            110.26,1.68,111.86,55.74,73.37,97%,1%,1.50%,3.01%,1.52%,13.91%,13.91%,0,2.29%,-6.14%,,,,,,,,,,,,
,,,,,,,,,,,,,,,,,,2026,4/7/2026,$                                                      110.52,,,,,,,,,,1.52%,$            110.52,1.68,111.86,55.74,73.37,98%,1%,1.50%,3.01%,1.52%,13.64%,13.64%,0,2.29%,-5.92%,,,,,,,,,,,,
,,,,,,,,,,,,,,,,,,2026,4/8/2026,$                                                      113.00,,,,,,,,,,1.49%,$            113.00,1.68,111.86,55.74,73.37,102%,-1%,1.50%,3.01%,1.49%,11.15%,11.15%,0,2.29%,-3.81%,,,,,,,,,,,,
,,,,,,,,,,,,,,,,,,2026,4/9/2026,$                                                      113.07,,,,,,,,,,1.49%,$            113.07,1.68,111.86,55.74,73.37,102%,-1%,1.50%,3.01%,1.49%,11.08%,11.08%,0,2.29%,-3.75%,,,,,,,,,,,,
,,,,,,,,,,,,,,,,,,2026,4/10/2026,$                                                      110.70,,,,,,,,,,1.52%,$            110.70,1.68,111.86,55.74,73.37,98%,1%,1.50%,3.01%,1.52%,13.46%,13.46%,0,2.29%,-5.76%,,,,,,,,,,,,
,,,,,,,,,,,,,,,,,,2026,4/13/2026,$                                                       112.14,,,,,,,,,,1.50%,$             112.14,1.68,111.86,55.74,73.37,100%,0%,1.50%,3.01%,1.50%,12.00%,12.00%,0,2.29%,-4.54%,,,,,,,,,,,,
,,,,,,,,,,,,,,,,,,2026,4/14/2026,$                                                       111.94,,,,,,,,,,1.50%,$             111.94,1.68,111.86,55.74,73.37,100%,0%,1.50%,3.01%,1.50%,12.20%,12.20%,0,2.29%,-4.71%,,,,,,,,,,,,
,,,,,,,,,,,,,,,,,,2026,4/15/2026,$                                                      112.98,,,,,,,,,,1.49%,$            112.98,1.68,111.86,55.74,73.37,102%,-1%,1.50%,3.01%,1.49%,11.17%,11.17%,0,2.29%,-3.82%,,,,,,,,,,,,
,,,,,,,,,,,,,,,,,,2026,4/16/2026,$                                                       113.71,,,,,,,,,,1.48%,$             113.71,1.68,111.86,55.74,73.37,103%,-2%,1.50%,3.01%,1.48%,10.46%,10.46%,0,2.29%,-3.20%,,,,,,,,,,,,
,,,,,,,,,,,,,,,,,,2026,4/17/2026,$                                                      114.52,,,,,,,,,,1.47%,$            114.52,1.68,111.86,55.74,73.37,105%,-2%,1.50%,3.01%,1.47%,9.68%,9.68%,0,2.29%,-2.51%,,,,,,,,,,,,
,,,,,,,,,,,,,,,,,,2026,4/20/2026,$                                                      114.67,,,,,,,,,,1.47%,$            114.67,1.68,111.86,55.74,73.37,105%,-2%,1.50%,3.01%,1.47%,9.53%,9.53%,0,2.29%,-2.38%,,,,,,,,,,,,
,,,,,,,,,,,,,,,,,,2026,4/21/2026,$                                                      115.97,,,,,,,,,,1.45%,$            115.97,1.68,111.86,55.74,73.37,107%,-4%,1.50%,3.01%,1.45%,8.30%,8.30%,0,2.29%,-1.28%,,,,,,,,,,,,
,,,,,,,,,,,,,,,,,,2026,4/22/2026,$                                                      114.75,,,,,,,,,,1.46%,$            114.75,1.68,111.86,55.74,73.37,105%,-3%,1.50%,3.01%,1.46%,9.46%,9.46%,0,2.29%,-2.32%,,,,,,,,,,,,
,,,,,,,,,,,,,,,,,,2026,4/23/2026,$                                                       115.12,,,,,,,,,,1.46%,$             115.12,1.68,111.86,55.74,73.37,106%,-3%,1.50%,3.01%,1.46%,9.10%,9.10%,0,2.29%,-2.00%,,,,,,,,,,,,
,,,,,,,,,,,,,,,,,,2026,4/24/2026,$                                                      114.62,,,,,,,,,,1.47%,$            114.62,1.68,111.86,55.74,73.37,105%,-2%,1.50%,3.01%,1.47%,9.58%,9.58%,0,2.29%,-2.43%,,,,,,,,,,,,
,,,,,,,,,,,,,,,,,,2026,4/27/2026,$                                                      114.68,,,,,,,,,,1.46%,$            114.68,1.68,111.86,55.74,73.37,105%,-2%,1.50%,3.01%,1.46%,9.52%,9.52%,0,2.29%,-2.38%,,,,,,,,,,,,
,,,,,,,,,,,,,,,,,,2026,4/28/2026,$                                                      116.29,,,,,,,,,,1.44%,$            116.29,1.68,111.86,55.74,73.37,108%,-4%,1.50%,3.01%,1.44%,8.01%,8.01%,0,2.29%,-1.00%,,,,,,,,,,,,
,,,,,,,,,,,,,,,,,,2026,4/29/2026,$                                                       116.21,,,,,,,,,,1.45%,$             116.21,1.68,111.86,55.74,73.37,108%,-4%,1.50%,3.01%,1.45%,8.08%,8.08%,0,2.29%,-1.07%,,,,,,,,,,,,
,,,,,,,,,,,,,,,,,,2026,4/30/2026,$                                                      113.67,,,,,,,,,,1.48%,$            113.67,1.68,111.86,55.74,73.37,103%,-2%,1.50%,3.01%,1.48%,10.50%,10.50%,0,2.29%,-3.23%,,,,,,,,,,,,
,,,,,,,,,,,,,,,,,,2026,5/1/2026,$                                                      112.88,,,,,,,,,,1.49%,$            112.88,1.68,111.86,55.74,73.37,102%,-1%,1.50%,3.01%,1.49%,11.27%,11.27%,0,2.29%,-3.91%,,,,,,,,,,,,
,,,,,,,,,,,,,,,,,,2026,5/4/2026,$                                                      113.33,,,,,,,,,,1.48%,$            113.33,1.68,111.86,55.74,73.37,103%,-1%,1.50%,3.01%,1.48%,10.83%,10.83%,0,2.29%,-3.52%,,,,,,,,,,,,
,,,,,,,,,,,,,,,,,,2026,5/5/2026,$                                                      114.46,,,,,,,,,,1.47%,$            114.46,1.68,111.86,55.74,73.37,105%,-2%,1.50%,3.01%,1.47%,9.73%,9.73%,0,2.29%,-2.56%,,,,,,,,,,,,
,,,,,,,,,,,,,,,,,,2026,5/6/2026,$                                                      113.40,,,,,,,,,,1.48%,$            113.40,1.68,111.86,55.74,73.37,103%,-1%,1.50%,3.01%,1.48%,10.76%,10.76%,0,2.29%,-3.46%,,,,,,,,,,,,
,,,,,,,,,,,,,,,,,,2026,5/7/2026,$                                                      113.60,,,,,,,,,,1.48%,$            113.60,1.68,111.86,55.74,73.37,103%,-2%,1.50%,3.01%,1.48%,10.56%,10.56%,0,2.29%,-3.29%,,,,,,,,,,,,
,,,,,,,,,,,,,,,,,,2026,5/8/2026,$                                                       113.10,,,,,,,,,,1.49%,$             113.10,1.68,111.86,55.74,73.37,102%,-1%,1.50%,3.01%,1.49%,11.05%,11.05%,0,2.29%,-3.72%,,,,,,,,,,,,
,,,,,,,,,,,,,,,,,,2026,5/11/2026,$                                                      115.48,,,,,,,,,,1.45%,$            115.48,1.68,111.86,55.74,73.37,106%,-3%,1.50%,3.01%,1.45%,8.76%,8.76%,0,2.29%,-1.69%,,,,,,,,,,,,
,,,,,,,,,,,,,,,,,,2026,5/12/2026,$                                                       116.16,,,,,,,,,,1.45%,$             116.16,1.68,111.86,55.74,73.37,108%,-4%,1.50%,3.01%,1.45%,8.13%,8.13%,0,2.29%,-1.12%,,,,,,,,,,,,
,,,,,,,,,,,,,,,,,,2026,5/13/2026,$                                                      115.48,,,,,,,,,,1.45%,$            115.48,1.68,111.86,55.74,73.37,106%,-3%,1.50%,3.01%,1.45%,8.76%,8.76%,0,2.29%,-1.69%,,,,,,,,,,,,
,,,,,,,,,,,,,,,,,,2026,5/14/2026,$                                                      116.39,,,,,,,,,,1.44%,$            116.39,1.68,111.86,55.74,73.37,108%,-4%,1.50%,3.01%,1.44%,7.91%,7.91%,0,2.29%,-0.92%,,,,,,,,,,,,
,,,,,,,,,,,,,,,,,,2026,5/15/2026,$                                                       116.81,,,,,,,,,,1.44%,$             116.81,1.68,111.86,55.74,73.37,109%,-4%,1.50%,3.01%,1.44%,7.53%,7.53%,0,2.29%,-0.56%,,,,,,,,,,,,
,,,,,,,,,,,,,,,,,,2026,5/18/2026,$                                                      118.67,,,,,,,,,,1.42%,$            118.67,1.68,111.86,55.74,73.37,112%,-6%,1.50%,3.01%,1.42%,5.84%,5.84%,0,2.29%,0.00%,,,,,,,,,,,,
,,,,,,,,,,,,,,,,,,2026,5/19/2026,$                                                       118.41,,,,,,,,,,1.42%,$             118.41,1.68,111.86,55.74,73.37,112%,-6%,1.50%,3.01%,1.42%,6.07%,6.07%,0,2.29%,-0.22%,,,,,,,,,,,,
,,,,,,,,,,,,,,,,,,2026,5/20/2026,$                                                      117.22,,,,,,,,,,1.43%,$            117.22,1.68,111.86,55.74,73.37,110%,-5%,1.50%,3.01%,1.43%,7.15%,7.15%,0,2.29%,-1.22%,,,,,,,,,,,,
,,,,,,,,,,,,,,,,,,2026,5/21/2026,$                                                       117.81,,,,,,,,,,1.43%,$             117.81,1.68,111.86,55.74,73.37,111%,-5%,1.50%,3.01%,1.43%,6.61%,6.61%,0,2.29%,-0.72%,,,,,,,,,,,,
,,,,,,,,,,,,,,,,,,2026,5/22/2026,$                                                      117.86,,,,,,,,,,1.43%,$            117.86,1.68,111.86,55.74,73.37,111%,-5%,1.50%,3.01%,1.43%,6.57%,6.57%,0,2.29%,-0.68%,,,,,,,,,,,,
,,,,,,,,,,,,,,,,,,2026,5/26/2026,$                                                      116.82,,,,,,,,,,1.44%,$            116.82,1.68,111.86,55.74,73.37,109%,-4%,1.50%,3.01%,1.44%,7.52%,7.52%,0,2.29%,-1.56%,,,,,,,,,,,,
,,,,,,,,,,,,,,,,,,2026,5/27/2026,$                                                      114.85,,,,,,,,,,1.46%,$            114.85,1.68,111.86,55.74,73.37,105%,-3%,1.50%,3.01%,1.46%,9.36%,9.36%,0,2.29%,-3.22%,,,,,,,,,,,,
,,,,,,,,,,,,,,,,,,2026,5/28/2026,$                                                      112.63,,,,,,,,,,1.49%,$            112.63,1.68,111.86,55.74,73.37,101%,-1%,1.50%,3.01%,1.49%,11.52%,11.52%,0,2.29%,-5.09%,,,,,,,,,,,,
,,,,,,,,,,,,,,,,,,2026,5/29/2026,$                                                      112.42,,,,,,,,,,1.49%,$            112.42,1.68,111.86,55.74,73.37,101%,0%,1.50%,3.01%,1.49%,11.72%,11.72%,0,2.29%,-5.27%,,,,,,,,,,,,
,,,,,,,,,,,,,,,,,,2026,6/1/2026,$                                                        112.11,,,,,,,,,,1.50%,$              112.11,1.68,111.86,55.74,73.37,100%,0%,1.50%,3.01%,1.50%,12.03%,12.03%,0,2.29%,-5.53%,,,,,,,,,,,,
,,,,,,,,,,,,,,,,,,2026,6/2/2026,$                                                      113.63,,,,,,,,,,1.48%,$            113.63,1.68,111.86,55.74,73.37,103%,-2%,1.50%,3.01%,1.48%,10.53%,10.53%,0,2.29%,-4.25%,,,,,,,,,,,,
,,,,,,,,,,,,,,,,,,2026,6/3/2026,$                                                      114.50,,,,,,,,,,1.47%,$            114.50,1.68,111.86,55.74,73.37,105%,-2%,1.50%,3.01%,1.47%,9.69%,9.69%,0,2.29%,-3.51%,,,,,,,,,,,,
,,,,,,,,,,,,,,,,,,2026,6/4/2026,$                                                      115.29,,,,,,,,,,1.46%,$            115.29,1.68,111.86,55.74,73.37,106%,-3%,1.50%,3.01%,1.46%,8.94%,8.94%,0,2.29%,-2.85%,,,,,,,,,,,,
,,,,,,,,,,,,,,,,,,2026,6/5/2026,$                                                      118.24,,,,,,,,,,1.42%,$            118.24,1.68,111.86,55.74,73.37,111%,-5%,1.50%,3.01%,1.42%,6.22%,6.22%,0,2.29%,-0.36%,,,,,,,,,,,,
,,,,,,,,,,,,,,,,,,2026,6/8/2026,$                                                      115.24,,,,,,,,,,1.46%,$            115.24,1.68,111.86,55.74,73.37,106%,-3%,1.50%,3.01%,1.46%,8.99%,8.99%,0,2.29%,-2.89%,,,,,,,,,,,,
,,,,,,,,,,,,,,,,,,2026,6/9/2026,$                                                       115.61,,,,,,,,,,1.45%,$             115.61,1.68,111.86,55.74,73.37,107%,-3%,1.50%,3.01%,1.45%,8.64%,8.64%,0,2.29%,-2.58%,,,,,,,,,,,,
,,,,,,,,,,,,,,,,,,2026,6/10/2026,$                                                        117.11,,,,,,,,,,1.43%,$              117.11,1.68,111.86,55.74,73.37,109%,-4%,1.50%,3.01%,1.43%,7.25%,7.25%,0,2.29%,-1.31%,,,,,,,,,,,,
,,,,,,,,,,,,,,,,,,2026,6/11/2026,$                                                      116.45,,,,,,,,,,1.44%,$            116.45,1.68,111.86,55.74,73.37,108%,-4%,1.50%,3.01%,1.44%,7.86%,7.86%,0,2.29%,-1.87%,,,,,,,,,,,,
,,,,,,,,,,,,,,,,,,2026,6/12/2026,$                                                      117.80,,,,,,,,,,1.43%,$            117.80,1.68,111.86,55.74,73.37,111%,-5%,1.50%,3.01%,1.43%,6.62%,6.62%,0,2.29%,-0.73%,,,,,,,,,,,,
,,,,,,,,,,,,,,,,,,2026,6/15/2026,$                                                      116.96,,,,,,,,,,1.44%,$            116.96,1.68,111.86,55.74,73.37,109%,-4%,1.50%,3.01%,1.44%,7.39%,7.39%,0,2.29%,-1.44%,,,,,,,,,,,,
,,,,,,,,,,,,,,,,,,2026,6/16/2026,$                                                       117.41,,,,,,,,,,1.43%,$             117.41,1.68,111.86,55.74,73.37,110%,-5%,1.50%,3.01%,1.43%,6.98%,6.98%,0,2.29%,-1.06%,,,,,,,,,,,,
,,,,,,,,,,,,,,,,,,2026,6/17/2026,$                                                      116.24,,,,,,,,,,1.45%,$            116.24,1.68,111.86,55.74,73.37,108%,-4%,1.50%,3.01%,1.45%,8.05%,8.05%,0,2.29%,-2.05%,,,,,,,,,,,,
,,,,,,,,,,,,,,,,,,2026,6/18/2026,$                                                      115.47,,,,,,,,,,1.45%,$            115.47,1.68,111.86,55.74,73.37,106%,-3%,1.50%,3.01%,1.45%,8.77%,8.77%,0,2.29%,-2.70%,,,,,,,,,,,,
,,,,,,,,,,,,,,,,,,2026,6/22/2026,$                                                      116.55,,,,,,,,,,1.44%,$            116.55,1.68,111.86,55.74,73.37,108%,-4%,1.50%,3.01%,1.44%,7.76%,7.76%,0,2.29%,-1.79%,,,,,,,,,,,,
,,,,,,,,,,,,,,,,,,2026,6/23/2026,$                                                      118.79,,,,,,,,,,1.41%,$            118.79,1.68,111.86,55.74,73.37,112%,-6%,1.50%,3.01%,1.41%,5.73%,5.73%,0,2.29%,0.00%,,,,,,,,,,,,
,,,,,,,,,,,,,,,,,,2026,6/24/2026,$                                                      117.75,,,,,,,,,,1.43%,$            117.75,1.68,111.86,55.74,73.37,110%,-5%,1.50%,3.01%,1.43%,6.67%,6.67%,0,2.29%,-0.88%,,,,,,,,,,,,
,,,,,,,,,,,,,,,,,,2026,6/25/2026,$                                                      118.23,,,,,,,,,,1.42%,$            118.23,1.68,111.86,55.74,73.37,111%,-5%,1.50%,3.01%,1.42%,6.23%,6.23%,0,2.29%,-0.47%,,,,,,,,,,,,
,,,,,,,,,,,,,,,,,,2026,6/26/2026,$                                                      120.15,,,,,,,,,,1.40%,$            120.15,1.68,111.86,55.74,73.37,115%,-7%,1.50%,3.01%,1.40%,4.54%,4.54%,0,2.29%,0.00%,,,,,,,,,,,,
,,,,,,,,,,,,,,,,,,2026,6/29/2026,$                                                     120.08,,,,,,,,,,1.40%,$           120.08,1.68,111.86,55.74,73.37,115%,-7%,1.50%,3.01%,1.40%,4.60%,4.60%,0,2.29%,-0.06%,,,,,,,,,,,,
,,,,,,,,,,,,,,,,,,2026,6/30/2026,$                                                      117.25,,,,,,,,,,1.43%,$            117.25,1.68,111.86,55.74,73.37,110%,-5%,1.50%,3.01%,1.43%,7.12%,7.12%,0,2.29%,-2.41%,,,,,,,,,,,,
,,,,,,,,,,,,,,,,,,2026,7/1/2026,$                                                      118.49,,,,,,,,,,1.42%,$            118.49,1.68,111.86,55.74,73.37,112%,-6%,1.50%,3.01%,1.42%,6.00%,6.00%,0,2.29%,-1.38%,,,,,,,,,,,,
,,,,,,,,,,,,,,,,,,2026,7/2/2026,$                                                     120.88,,,,,,,,,,1.39%,$           120.88,1.68,111.86,55.74,73.37,116%,-7%,1.50%,3.01%,1.39%,3.90%,3.90%,0,2.29%,0.00%,,,,,,,,,,,,
,,,,,,,,,,,,,,,,,,2026,7/6/2026,$                                                     120.47,,,,,,,,,,1.39%,$           120.47,1.68,111.86,55.74,73.37,115%,-7%,1.50%,3.01%,1.39%,4.26%,4.26%,0,2.29%,-0.34%,,,,,,,,,,,,
,,,,,,,,,,,,,,,,,,2026,7/7/2026,$                                                      121.49,,,,,,,,,,1.38%,$            121.49,1.68,111.86,55.74,73.37,117%,-8%,1.50%,3.01%,1.38%,3.38%,3.38%,0,2.29%,0.00%,,,,,,,,,,,,
,,,,,,,,,,,,,,,,,,2026,7/8/2026,$                                                      121.44,,,,,,,,,,1.38%,$            121.44,1.68,111.86,55.74,73.37,117%,-8%,1.50%,3.01%,1.38%,3.43%,3.43%,0,2.29%,-0.04%,,,,,,,,,,,,
,,,,,,,,,,,,,,,,,,2026,7/9/2026,$                                                      121.99,,,,,,,,,,1.38%,$            121.99,1.68,111.86,55.74,73.37,118%,-8%,1.50%,3.01%,1.38%,2.96%,2.96%,0,2.29%,0.00%,,,,,,,,,,,,
,,,,,,,,,,,,,,,,,,2026,7/10/2026,$                                                       121.91,,,,,,,,,,1.38%,$             121.91,1.68,111.86,55.74,73.37,118%,-8%,1.50%,3.01%,1.38%,3.03%,3.03%,0,2.29%,-0.07%,,,,,,,,,,,,
,,,,,,,,,,,,,,,,,,2026,7/13/2026,$                                                     123.30,,,,,,,,,,1.36%,$           123.30,1.68,111.86,55.74,73.37,120%,-9%,1.50%,3.01%,1.36%,1.87%,1.87%,0,2.29%,0.00%,,,,,,,,,,,,
,,,,,,,,,,,,,,,,,,2026,7/14/2026,$                                                     122.05,,,,,,,,,,1.38%,$           122.05,1.68,111.86,55.74,73.37,118%,-8%,1.50%,3.01%,1.38%,2.91%,2.91%,0,2.29%,-1.01%,,,,,,,,,,,,
,,,,,,,,,,,,,,,,,,2026,7/15/2026,$                                                       121.01,,,,,,,,,,1.39%,$             121.01,1.68,111.86,55.74,73.37,116%,-8%,1.50%,3.01%,1.39%,3.79%,3.79%,0,2.29%,-1.86%,,,,,,,,,,,,
,,,,,,,,,,,,,,,,,,2026,7/16/2026,$                                                     123.02,,,,,,,,,,1.37%,$           123.02,1.68,111.86,55.74,73.37,120%,-9%,1.50%,3.01%,1.37%,2.10%,2.10%,0,2.29%,-0.23%,,,,,,,,,,,,
,,,,,,,,,,,,,,,,,,2026,7/17/2026,$                                                     124.72,,,,,,,,,,1.35%,$           124.72,1.68,111.86,55.74,73.37,123%,-10%,1.50%,3.01%,1.35%,0.71%,0.71%,0,2.29%,0.00%,,,,,,,,,,,,
,,,,,,,,,,,,,,,,,,2026,7/20/2026,$                                                     124.08,,,,,,,,,,1.35%,$           124.08,1.68,111.86,55.74,73.37,122%,-10%,1.50%,3.01%,1.35%,1.23%,1.23%,0,2.29%,-0.51%,,,,,,,,,,,,
,,,,,,,,,,,,,,,,,,2026,7/21/2026,$                                                     123.59,,,,,,,,,,1.36%,$           123.59,1.68,111.86,55.74,73.37,121%,-9%,1.50%,3.01%,1.36%,1.63%,1.63%,0,2.29%,-0.91%,,,,,,,,,,,,
,,,,,,,,,,,,,,,,,,2026,7/22/2026,$                                                     123.58,,,,,,,,,,1.36%,$           123.58,1.68,111.86,55.74,73.37,121%,-9%,1.50%,3.01%,1.36%,1.63%,1.63%,0,2.29%,-0.91%,,,,,,,,,,,,
,,,,,,,,,,,,,,,,,,2026,7/23/2026,$                                                     124.34,,,,,,,,,,1.35%,$           124.34,1.68,111.86,55.74,73.37,122%,-10%,1.50%,3.01%,1.35%,1.01%,1.01%,0,2.29%,-0.30%,,,,,,,,,,,,
,,,,,,,,,,,,,,,,,,2026,7/24/2026,$                                                     125.60,,,,,,,,,,1.34%,$           125.60,1.68,111.86,55.74,73.37,124%,-11%,1.50%,3.01%,1.34%,0.00%,0.00%,0,2.29%,0.00%,,,,,,,,,,,,
