,,,,,,,,,,,,,,,,,TRAIL 12M,AÑO DE INICIO,TICKER,Nombre,,,,,,,,,,RATING,UPSIDE,PRECIO ACTUAL,PRECIO COMPRA,MEDIANA MAXIMA,PRECIO MAXIMO,BANDA MAXIMA,YIELD MAXIMO,YIELD OVERVALUED,YIELD MEDIO,YOC MAXIMO,G/P MAXIMAS,G/P MAXIMAS CON DIV,RATING MAXIMO,,,,COTIZACIÓN,,,SI,,,MAXIMO,MINIMO,ANCHO,DIVISION,MARCAS
,,,,,,,,,,,,,,,,,NO,2016,BMI US,Badger Meter Inc,,,,,,,,,,,,$     126.32,,,,,,,,,,,,,,,,,,NO,,,,,,,
,,,,,,,,,,,,,,,,,CONFIANZA,EXTRA,YOC,FECHA COMPRA,,,,,,,,,,PRECIO MEDIANA,UPSIDE MEDIANA,YIELD ACTUAL,PRECIO VENTA,MEDIANA MINIMA,PRECIO MINIMO,BANDA MINIMA,YIELD MINIMO,YIELD UNDERVALUED,MEDIANA YIELD,YOC MINIMO,G/P MINIMAS,G/P MINIMAS CON DIV,RATING MINIMO,,,,3Y CAGR,14.34%,,Badger Meter Inc - Max. DrawDown (%),,,,,,,
,,,,,,,,,,,,,,,,,90%,NO,,11/10/2017,,,,,,,,,,,,,,,,,,,,,,,,,,,5Y CAGR,14.26%,,Badger Meter Inc - Returns (%),,,,,,,
,,,,,,,,,,,,,,,,,,,,,,,,,,,,,,,,,,,,,,,,,,,,,,,10Y CAGR,13.16%,,Badger Meter Inc - Yield On Cost (YOC),,,,,,,
,,,,,,,,,,,,,,,,,,YEAR,Date,Close,RSM POSITIVO,RSM NEGATIVO,Date,Close,Date,Close,RSD,MA(RSD),MRS = (( RSD(today) /ma(RSD(today). n)) - 1 ) * 100,YIELD,PRICE,DPS,CHANEL O,CHANEL U,CHANEL M,RATING,UPSIDE,OVERVALUED,UNDERVALUED,YOC,PRECIO,DIVIDENDOS,DIVIDENDOS DESDE COMPRA,MEDIANA YIELD,MAX. DRAWDOWN,,AÑO,DIVIDENDOS,% YoY,,,,Nº,INTERVALOS,FRECUENCIA,F. ACUMULADA,% TOTAL
,,,,,,,,,,,,,,,,,,2016,1/4/2016,$                                                       28.43,,,12/29/2014,,12/29/2014,,,,,1.51%,$             28.43,0.43,,,,,,,,3.48%,,,2.12,,0.00%,,1997,0.00,-,,,,0,,,,
,,,,,,,,,,,,,,,,,,2016,1/5/2016,$                                                       28.43,,,1/5/2015,,1/5/2015,,,,,1.51%,$             28.43,0.43,,,,,,,,3.48%,,,2.12,,0.00%,,1998,0.00,,,,,1,,,,
,,,,,,,,,,,,,,,,,,2016,1/6/2016,$                                                       28.09,,,1/12/2015,,1/12/2015,,,,,1.53%,$             28.09,0.43,,,,,,,,3.53%,,,2.12,,-1.20%,,1999,0.00,,,,,2,,,,
,,,,,,,,,,,,,,,,,,2016,1/7/2016,$                                                       27.83,,,1/20/2015,,1/20/2015,,,,,1.55%,$             27.83,0.43,,,,,,,,3.56%,,,2.12,,-2.09%,,2000,0.00,,1/1/1970,1970,,3,,,,
,,,,,,,,,,,,,,,,,,2016,1/8/2016,$                                                       27.50,,,1/26/2015,,1/26/2015,,,,,1.56%,$             27.50,0.43,,,,,,,,3.60%,,,2.12,,-3.27%,,2001,0.00,,1/1/1971,1971,,4,,,,
,,,,,,,,,,,,,,,,,,2016,1/11/2016,$                                                       28.05,,,2/2/2015,,2/2/2015,,,,,1.53%,$             28.05,0.43,,,,,,,,3.53%,,,2.12,,-1.32%,,2002,0.13,,1/1/1972,1972,,5,,,,
,,,,,,,,,,,,,,,,,,2016,1/12/2016,$                                                       27.84,,,2/9/2015,,2/9/2015,,,,,1.54%,$             27.84,0.43,,,,,,,,3.56%,,,2.12,,-2.08%,,2003,0.13,3.92%,1/1/1973,1973,,6,,,,
,,,,,,,,,,,,,,,,,,2016,1/13/2016,$                                                       27.20,,,2/17/2015,,2/17/2015,,,,,1.58%,$             27.20,0.43,,,,,,,,3.64%,,,2.12,,-4.33%,,2004,0.12,-9.43%,1/1/1974,1974,,7,,,,
,,,,,,,,,,,,,,,,,,2016,1/14/2016,$                                                       27.96,,,2/23/2015,,2/23/2015,,,,,1.54%,$             27.96,0.43,,,,,,,,3.54%,,,2.12,,-1.65%,,2005,0.15,20.83%,1/1/1975,1975,,8,,,,
,,,,,,,,,,,,,,,,,,2016,1/15/2016,$                                                       27.39,,,3/2/2015,,3/2/2015,,,,,1.57%,$             27.39,0.43,,,,,,,,3.62%,,,2.12,,-3.66%,,2006,0.16,6.90%,1/1/1976,1976,,9,,,,
,,,,,,,,,,,,,,,,,,2016,1/19/2016,$                                                        27.17,,,3/9/2015,,3/9/2015,,,,,1.58%,$              27.17,0.43,,,,,,,,3.64%,,,2.12,,-4.42%,,2007,0.17,9.68%,1/1/1977,1977,,10,,,,
,,,,,,,,,,,,,,,,,,2016,1/20/2016,$                                                       26.88,,,3/16/2015,,3/16/2015,,,,,1.60%,$             26.88,0.43,,,,,,,,3.68%,,,2.12,,-5.44%,,2008,0.20,17.65%,1/1/1978,1978,,11,,,,
,,,,,,,,,,,,,,,,,,2016,1/21/2016,$                                                       27.22,,,3/23/2015,,3/23/2015,,,,,1.58%,$             27.22,0.43,,,,,,,,3.64%,,,2.12,,-4.24%,,2009,0.23,15.00%,1/1/1979,1979,,12,,,,
,,,,,,,,,,,,,,,,,,2016,1/22/2016,$                                                        27.17,,,3/30/2015,,3/30/2015,,,,,1.58%,$              27.17,0.43,,,,,,,,3.64%,,,2.12,,-4.43%,,2010,0.26,13.04%,1/1/1980,1980,,13,,,,
,,,,,,,,,,,,,,,,,,2016,1/25/2016,$                                                        26.71,,,4/6/2015,,4/6/2015,,,,,1.61%,$              26.71,0.43,,,,,,,,3.71%,,,2.12,,-6.03%,,2011,0.30,15.38%,1/1/1981,1981,,14,,,,
,,,,,,,,,,,,,,,,,,2016,1/26/2016,$                                                        27.10,,,4/13/2015,,4/13/2015,,,,,1.59%,$              27.10,0.43,,,,,,,,3.65%,,,2.12,,-4.66%,,2012,0.33,10.00%,1/1/1982,1982,,15,,,,
,,,,,,,,,,,,,,,,,,2016,1/27/2016,$                                                       26.73,,,4/20/2015,,4/20/2015,,,,,1.61%,$             26.73,0.43,,,,,,,,3.70%,,,2.12,,-5.96%,,2013,0.35,6.06%,1/1/1983,1983,,16,,,,
,,,,,,,,,,,,,,,,,,2016,1/28/2016,$                                                        26.61,,,4/27/2015,,4/27/2015,,,,,1.62%,$              26.61,0.43,,,,,,,,3.72%,,,2.12,,-6.40%,,2014,0.37,5.71%,1/1/1984,1984,,17,,,,
,,,,,,,,,,,,,,,,,,2016,1/29/2016,$                                                       27.92,,,5/4/2015,,5/4/2015,,,,,1.54%,$             27.92,0.43,,,,,,,,3.55%,,,2.12,,-1.79%,,2015,0.39,5.41%,1/1/1985,1985,,18,,,,
,,,,,,,,,,,,,,,,,,2016,2/1/2016,$                                                        27.71,,,5/11/2015,,5/11/2015,,,,,1.55%,$              27.71,0.43,,,,,,,,3.57%,,,2.12,,-2.52%,,2016,0.43,10.26%,1/1/1986,1986,,19,,,,
,,,,,,,,,,,,,,,,,,2016,2/2/2016,$                                                       27.72,,,5/18/2015,,5/18/2015,,,,,1.55%,$             27.72,0.43,,,,,,,,3.57%,,,2.12,,-2.48%,,2017,0.49,13.95%,1/1/1987,1987,,20,,,,
,,,,,,,,,,,,,,,,,,2016,2/3/2016,$                                                       29.89,,,5/26/2015,,5/26/2015,,,,,1.44%,$             29.89,0.43,,,,,,,,3.31%,,,2.12,,0.00%,,2018,0.56,14.29%,1/1/1988,1988,,21,,,,
,,,,,,,,,,,,,,,,,,2016,2/4/2016,$                                                       30.06,,,6/1/2015,,6/1/2015,,,,,1.43%,$             30.06,0.43,,,,,,,,3.29%,,,2.12,,0.00%,,2019,0.64,14.29%,1/1/1989,1989,,22,,,,
,,,,,,,,,,,,,,,,,,2016,2/5/2016,$                                                       30.06,,,6/8/2015,,6/8/2015,,,,,1.43%,$             30.06,0.43,,,,,,,,3.29%,,,2.12,,0.00%,,2020,0.70,9.38%,1/1/1990,1990,,23,,,,
,,,,,,,,,,,,,,,,,,2016,2/8/2016,$                                                        31.40,,,6/15/2015,,6/15/2015,,,,,1.37%,$              31.40,0.43,,,,,,,,3.15%,,,2.12,,0.00%,,2021,0.76,8.57%,1/1/1991,1991,,24,,,,
,,,,,,,,,,,,,,,,,,2016,2/9/2016,$                                                       30.95,,,6/22/2015,,6/22/2015,,,,,1.39%,$             30.95,0.43,,,,,,,,3.20%,,,2.12,,-1.43%,,2022,#N/A Connection,,1/1/1992,1992,,25,,,,
,,,,,,,,,,,,,,,,,,2016,2/10/2016,$                                                       30.49,,,6/29/2015,,6/29/2015,,,,,1.41%,$             30.49,0.43,,,,,,,,3.25%,,,2.12,,-2.90%,,2023,0.99,,1/1/1993,1993,,26,,,,
,,,,,,,,,,,,,,,,,,2016,2/11/2016,$                                                        31.20,,,7/6/2015,,7/6/2015,,,,,1.38%,$              31.20,0.43,,,,,,,,3.17%,,,2.12,,-0.64%,,2024,1.22,23.23%,1/1/1994,1994,,27,,,,
,,,,,,,,,,,,,,,,,,2016,2/12/2016,$                                                        31.42,,,7/13/2015,,7/13/2015,,,,,1.37%,$              31.42,0.43,,,,,,,,3.15%,,,2.12,,0.00%,,2025,1.48,21.31%,1/1/1995,1995,,28,,,,
,,,,,,,,,,,,,,,,,,2016,2/16/2016,$                                                       32.46,,,7/20/2015,,7/20/2015,,,,,1.32%,$             32.46,0.43,,,,,,,,3.05%,,,2.12,,0.00%,,2026,1.48,0.00%,1/1/1996,1996,,29,,,,
,,,,,,,,,,,,,,,,,,2016,2/17/2016,$                                                       32.67,,,7/27/2015,,7/27/2015,,,,,1.32%,$             32.67,0.43,,,,,,,,3.03%,,,2.12,,0.00%,,,,,1/1/1997,1997,,30,,,,
,,,,,,,,,,,,,,,,,,2016,2/18/2016,$                                                       32.49,,,8/3/2015,,8/3/2015,,,,,1.32%,$             32.49,0.43,,,,,,,,3.05%,,,2.12,,-0.55%,,,,,1/1/1998,1998,,31,,,,
,,,,,,,,,,,,,,,,,,2016,2/19/2016,$                                                       32.69,,,8/10/2015,,8/10/2015,,,,,1.32%,$             32.69,0.43,,,,,,,,3.03%,,,2.12,,0.00%,,,,,1/1/1999,1999,,32,,,,
,,,,,,,,,,,,,,,,,,2016,2/22/2016,$                                                       32.50,,,8/17/2015,,8/17/2015,,,,,1.32%,$             32.50,0.43,,,,,,,,3.05%,,,2.12,,-0.57%,,,,,1/1/2000,2000,,33,,,,
,,,,,,,,,,,,,,,,,,2016,2/23/2016,$                                                       32.47,,,8/24/2015,,8/24/2015,,,,,1.32%,$             32.47,0.43,,,,,,,,3.05%,,,2.12,,-0.66%,,,,,1/1/2001,2001,,34,,,,
,,,,,,,,,,,,,,,,,,2016,2/24/2016,$                                                       32.92,,,8/31/2015,,8/31/2015,,,,,1.31%,$             32.92,0.43,,,,,,,,3.01%,,,2.12,,0.00%,,,,,1/1/2002,2002,,35,,,,
,,,,,,,,,,,,,,,,,,2016,2/25/2016,$                                                       33.02,,,9/8/2015,,9/8/2015,,,,,1.30%,$             33.02,0.43,,,,,,,,3.00%,,,2.12,,0.00%,,,,,1/1/2003,2003,,36,,,,
,,,,,,,,,,,,,,,,,,2016,2/26/2016,$                                                       32.99,,,9/14/2015,,9/14/2015,,,,,1.30%,$             32.99,0.43,,,,,,,,3.00%,,,2.12,,-0.11%,,,,,1/1/2004,2004,,37,,,,
,,,,,,,,,,,,,,,,,,2016,2/29/2016,$                                                       32.85,,,9/21/2015,,9/21/2015,,,,,1.31%,$             32.85,0.43,,,,,,,,3.01%,,,2.12,,-0.53%,,,,,1/1/2005,2005,,38,,,,
,,,,,,,,,,,,,,,,,,2016,3/1/2016,$                                                       33.36,,,9/28/2015,,9/28/2015,,,,,1.29%,$             33.36,0.43,,,,,,,,2.97%,,,2.12,,0.00%,,,,,1/1/2006,2006,,39,,,,
,,,,,,,,,,,,,,,,,,2016,3/2/2016,$                                                        33.16,,,10/5/2015,,10/5/2015,,,,,1.30%,$              33.16,0.43,,,,,,,,2.99%,,,2.12,,-0.60%,,,,,1/1/2007,2007,,40,,,,
,,,,,,,,,,,,,,,,,,2016,3/3/2016,$                                                       33.46,,,10/12/2015,,10/12/2015,,,,,1.29%,$             33.46,0.43,,,,,,,,2.96%,,,2.12,,0.00%,,,,,1/1/2008,2008,,41,,,,
,,,,,,,,,,,,,,,,,,2016,3/4/2016,$                                                       33.98,,,10/19/2015,,10/19/2015,,,,,1.27%,$             33.98,0.43,,,,,,,,2.91%,,,2.12,,0.00%,,,,,1/1/2009,2009,,42,,,,
,,,,,,,,,,,,,,,,,,2016,3/7/2016,$                                                        34.10,,,10/26/2015,,10/26/2015,,,,,1.26%,$              34.10,0.43,,,,,,,,2.90%,,,2.12,,0.00%,,,,,1/1/2010,2010,,43,,,,
,,,,,,,,,,,,,,,,,,2016,3/8/2016,$                                                       33.73,,,11/2/2015,,11/2/2015,,,,,1.28%,$             33.73,0.43,,,,,,,,2.94%,,,2.12,,-1.09%,,,,,1/1/2011,2011,,44,,,,
,,,,,,,,,,,,,,,,,,2016,3/9/2016,$                                                       33.88,,,11/9/2015,,11/9/2015,,,,,1.27%,$             33.88,0.43,,,,,,,,2.92%,,,2.12,,-0.63%,,,,,1/1/2012,2012,,45,,,,
,,,,,,,,,,,,,,,,,,2016,3/10/2016,$                                                       33.40,,,11/16/2015,,11/16/2015,,,,,1.29%,$             33.40,0.43,,,,,,,,2.96%,,,2.12,,-2.05%,,,,,1/1/2013,2013,,46,,,,
,,,,,,,,,,,,,,,,,,2016,3/11/2016,$                                                       33.67,,,11/23/2015,,11/23/2015,,,,,1.28%,$             33.67,0.43,,,,,,,,2.94%,,,2.12,,-1.25%,,,,,1/1/2014,2014,,47,,,,
,,,,,,,,,,,,,,,,,,2016,3/14/2016,$                                                        33.31,,,11/30/2015,,11/30/2015,,,,,1.29%,$              33.31,0.43,,,,,,,,2.97%,,,2.12,,-2.32%,,,,,1/1/2015,2015,,48,,,,
,,,,,,,,,,,,,,,,,,2016,3/15/2016,$                                                       33.49,,,12/7/2015,,12/7/2015,,,,,1.28%,$             33.49,0.43,,,,,,,,2.96%,,,2.12,,-1.79%,,,,,1/1/2016,2016,,49,,,,
,,,,,,,,,,,,,,,,,,2016,3/16/2016,$                                                       33.79,,,12/14/2015,,12/14/2015,,,,,1.27%,$             33.79,0.43,,,,,,,,2.93%,,,2.12,,-0.91%,,,,,1/1/2017,2017,,50,,,,
,,,,,,,,,,,,,,,,,,2016,3/17/2016,$                                                       34.60,,,12/21/2015,,12/21/2015,,,,,1.24%,$             34.60,0.43,,,,,,,,2.86%,,,2.12,,0.00%,,,,,1/1/2018,2018,,51,,,,
,,,,,,,,,,,,,,,,,,2016,3/18/2016,$                                                       32.96,,,12/28/2015,,12/28/2015,,,,,1.30%,$             32.96,0.43,,,,,,,,3.00%,,,2.12,,-4.74%,,,,,1/1/2019,2019,,52,,,,
,,,,,,,,,,,,,,,,,,2016,3/21/2016,$                                                       32.70,,,1/4/2016,,1/4/2016,,,,,,$             32.70,,,,,,,,,3.03%,,,2.12,,-5.48%,,,,,1/1/2020,2020,,53,,,,
,,,,,,,,,,,,,,,,,,2016,3/22/2016,$                                                       32.74,,,1/11/2016,,1/11/2016,,,,,1.31%,$             32.74,0.43,,,,,,,,3.02%,,,2.12,,-5.38%,,,,,,,,54,,,,
,,,,,,,,,,,,,,,,,,2016,3/23/2016,$                                                        32.21,,,1/19/2016,,1/19/2016,,,,,1.33%,$              32.21,0.43,,,,,,,,3.07%,,,2.12,,-6.89%,,,,,,,,55,,,,
,,,,,,,,,,,,,,,,,,2016,3/24/2016,$                                                       32.63,,,1/25/2016,,1/25/2016,,,,,1.32%,$             32.63,0.43,,,,,,,,3.03%,,,2.12,,-5.69%,,,,,,,,56,,,,
,,,,,,,,,,,,,,,,,,2016,3/28/2016,$                                                       32.49,,,2/1/2016,,2/1/2016,,,,,1.32%,$             32.49,0.43,,,,,,,,3.05%,,,2.12,,-6.08%,,,,,,80%,,57,,,,
,,,,,,,,,,,,,,,,,,2016,3/29/2016,$                                                       33.48,,,2/8/2016,,2/8/2016,,,,,,$             33.48,,,,,,,,,2.96%,,,2.12,,-3.22%,,,,,,81%,,58,,,,
,,,,,,,,,,,,,,,,,,2016,3/30/2016,$                                                        33.17,,,2/16/2016,,2/16/2016,,,,,1.30%,$              33.17,0.43,,,,,,,,2.99%,,,2.12,,-4.13%,,,,,,82%,,59,,,,
,,,,,,,,,,,,,,,,,,2016,3/31/2016,$                                                       33.26,,,2/22/2016,,2/22/2016,,,,,1.29%,$             33.26,0.43,,,,,,,,2.98%,,,2.12,,-3.87%,,,,,,83%,,60,,,,
,,,,,,,,,,,,,,,,,,2016,4/1/2016,$                                                       33.36,,,2/29/2016,,2/29/2016,,,,,1.29%,$             33.36,0.43,,,,,,,,2.97%,,,2.12,,-3.57%,,,,,,84%,,61,,,,
,,,,,,,,,,,,,,,,,,2016,4/4/2016,$                                                       33.28,,,3/7/2016,,3/7/2016,,,,,1.29%,$             33.28,0.43,,,,,,,,2.98%,,,2.12,,-3.82%,,,,,,85%,,62,,,,
,,,,,,,,,,,,,,,,,,2016,4/5/2016,$                                                       32.82,,,3/14/2016,,3/14/2016,,,,,1.31%,$             32.82,0.43,,,,,,,,3.02%,,,2.12,,-5.13%,,,,,,86%,,63,,,,
,,,,,,,,,,,,,,,,,,2016,4/6/2016,$                                                       32.59,,,3/21/2016,,3/21/2016,,,,,1.32%,$             32.59,0.43,,,,,,,,3.04%,,,2.12,,-5.81%,,,,,,87%,,64,,,,
,,,,,,,,,,,,,,,,,,2016,4/7/2016,$                                                        32.51,,,3/28/2016,,3/28/2016,,,,,1.32%,$              32.51,0.43,,,,,,,,3.05%,,,2.12,,-6.04%,,,,,,88%,,65,,,,
,,,,,,,,,,,,,,,,,,2016,4/8/2016,$                                                       32.53,,,4/4/2016,,4/4/2016,,,,,1.32%,$             32.53,0.43,,,,,,,,3.04%,,,2.12,,-5.97%,,,,,,89%,,66,,,,
,,,,,,,,,,,,,,,,,,2016,4/11/2016,$                                                       32.25,,,4/11/2016,,4/11/2016,,,,,1.33%,$             32.25,0.43,,,,,,,,3.07%,,,2.12,,-6.79%,,,,,,90%,,67,,,,
,,,,,,,,,,,,,,,,,,2016,4/12/2016,$                                                        32.31,,,4/18/2016,,4/18/2016,,,,,1.33%,$              32.31,0.43,,,,,,,,3.06%,,,2.12,,-6.62%,,,,,,91%,,68,,,,
,,,,,,,,,,,,,,,,,,2016,4/13/2016,$                                                       33.33,,,4/25/2016,,4/25/2016,,,,,1.29%,$             33.33,0.43,,,,,,,,2.97%,,,2.12,,-3.66%,,,,,,92%,,69,,,,
,,,,,,,,,,,,,,,,,,2016,4/14/2016,$                                                       33.05,,,5/2/2016,,5/2/2016,,,,,1.30%,$             33.05,0.43,,,,,,,,3.00%,,,2.12,,-4.47%,,,,,,93%,,70,,,,
,,,,,,,,,,,,,,,,,,2016,4/15/2016,$                                                       32.92,,,5/9/2016,,5/9/2016,,,,,1.31%,$             32.92,0.43,,,,,,,,3.01%,,,2.12,,-4.84%,,,,,,94%,,71,,,,
,,,,,,,,,,,,,,,,,,2016,4/18/2016,$                                                       33.06,,,5/16/2016,,5/16/2016,,,,,1.30%,$             33.06,0.43,,,,,,,,2.99%,,,2.12,,-4.44%,,,,,,95%,,72,,,,
,,,,,,,,,,,,,,,,,,2016,4/19/2016,$                                                       36.53,,,5/23/2016,,5/23/2016,,,,,1.18%,$             36.53,0.43,,,,,,,,2.71%,,,2.12,,0.00%,,,,,,96%,,73,,,,
,,,,,,,,,,,,,,,,,,2016,4/20/2016,$                                                       35.64,,,5/31/2016,,5/31/2016,,,,,1.21%,$             35.64,0.43,,,,,,,,2.78%,,,2.12,,-2.42%,,,,,,97%,,74,,,,
,,,,,,,,,,,,,,,,,,2016,4/21/2016,$                                                       35.55,,,6/6/2016,,6/6/2016,,,,,1.21%,$             35.55,0.43,,,,,,,,2.79%,,,2.12,,-2.68%,,,,,,98%,,75,,,,
,,,,,,,,,,,,,,,,,,2016,4/22/2016,$                                                       35.39,,,6/13/2016,,6/13/2016,,,,,1.22%,$             35.39,0.43,,,,,,,,2.80%,,,2.12,,-3.11%,,,,,,99%,,76,,,,
,,,,,,,,,,,,,,,,,,2016,4/25/2016,$                                                       35.25,,,6/20/2016,,6/20/2016,,,,,1.22%,$             35.25,0.43,,,,,,,,2.81%,,,2.12,,-3.50%,,,,,,100%,,77,,,,
,,,,,,,,,,,,,,,,,,2016,4/26/2016,$                                                       36.05,,,6/27/2016,,6/27/2016,,,,,1.19%,$             36.05,0.43,,,,,,,,2.75%,,,2.12,,-1.31%,,,,,,,,78,,,,
,,,,,,,,,,,,,,,,,,2016,4/27/2016,$                                                       36.23,,,7/5/2016,,7/5/2016,,,,,1.19%,$             36.23,0.43,,,,,,,,2.73%,,,2.12,,-0.82%,,,,,,,,79,,,,
,,,,,,,,,,,,,,,,,,2016,4/28/2016,$                                                       35.85,,,7/11/2016,,7/11/2016,,,,,1.20%,$             35.85,0.43,,,,,,,,2.76%,,,2.12,,-1.85%,,,,,,,,80,,,,
,,,,,,,,,,,,,,,,,,2016,4/29/2016,$                                                       35.67,,,7/18/2016,,7/18/2016,,,,,1.21%,$             35.67,0.43,,,,,,,,2.78%,,,2.12,,-2.35%,,,,,,,,,,,,
,,,,,,,,,,,,,,,,,,2016,5/2/2016,$                                                       35.96,,,7/25/2016,,7/25/2016,,,,,1.20%,$             35.96,0.43,,,,,,,,2.75%,,,2.12,,-1.55%,,,,,,,,,,,,
,,,,,,,,,,,,,,,,,,2016,5/3/2016,$                                                       35.75,,,8/1/2016,,8/1/2016,,,,,1.20%,$             35.75,0.43,,,,,,,,2.77%,,,2.12,,-2.12%,,,,,,,,,,,,
,,,,,,,,,,,,,,,,,,2016,5/4/2016,$                                                        37.14,,,8/8/2016,,8/8/2016,,,,,1.16%,$              37.14,0.43,,,,,,,,2.67%,,,2.12,,0.00%,,,,,,,,,,,,
,,,,,,,,,,,,,,,,,,2016,5/5/2016,$                                                       37.09,,,8/15/2016,,8/15/2016,,,,,1.16%,$             37.09,0.43,,,,,,,,2.67%,,,2.12,,-0.13%,,,,,,,,,,,,
,,,,,,,,,,,,,,,,,,2016,5/6/2016,$                                                       37.42,,,8/22/2016,,8/22/2016,,,,,1.15%,$             37.42,0.43,,,,,,,,2.65%,,,2.12,,0.00%,,,,,,,,,,,,
,,,,,,,,,,,,,,,,,,2016,5/9/2016,$                                                       37.06,,,8/29/2016,,8/29/2016,,,,,1.16%,$             37.06,0.43,,,,,,,,2.67%,,,2.12,,-0.98%,,,,,,,,,,,,
,,,,,,,,,,,,,,,,,,2016,5/10/2016,$                                                       37.40,,,9/6/2016,,9/6/2016,,,,,1.15%,$             37.40,0.43,,,,,,,,2.65%,,,2.12,,-0.07%,,,,,,,,,,,,
,,,,,,,,,,,,,,,,,,2016,5/11/2016,$                                                       37.06,,,9/12/2016,,9/12/2016,,,,,1.16%,$             37.06,0.43,,,,,,,,2.67%,,,2.12,,-0.98%,,,,,,,,,,,,
,,,,,,,,,,,,,,,,,,2016,5/12/2016,$                                                        37.18,,,9/19/2016,,9/19/2016,,,,,1.16%,$              37.18,0.43,,,,,,,,2.66%,,,2.12,,-0.65%,,,,,,,,,,,,
,,,,,,,,,,,,,,,,,,2016,5/13/2016,$                                                       36.77,,,9/26/2016,,9/26/2016,,,,,1.17%,$             36.77,0.43,,,,,,,,2.69%,,,2.12,,-1.74%,,,,,,,,,,,,
,,,,,,,,,,,,,,,,,,2016,5/16/2016,$                                                       37.24,,,10/3/2016,,10/3/2016,,,,,1.15%,$             37.24,0.43,,,,,,,,2.66%,,,2.12,,-0.49%,,,,,,,,,,,,
,,,,,,,,,,,,,,,,,,2016,5/17/2016,$                                                       36.05,,,10/10/2016,,10/10/2016,,,,,1.19%,$             36.05,0.43,,,,,,,,2.75%,,,2.12,,-3.67%,,,,,,,,,,,,
,,,,,,,,,,,,,,,,,,2016,5/18/2016,$                                                       35.94,,,10/17/2016,,10/17/2016,,,,,1.20%,$             35.94,0.43,,,,,,,,2.75%,,,2.12,,-3.96%,,,,,,,,,,,,
,,,,,,,,,,,,,,,,,,2016,5/19/2016,$                                                        35.71,,,10/24/2016,,10/24/2016,,,,,1.20%,$              35.71,0.43,,,,,,,,2.77%,,,2.12,,-4.57%,,,,,,,,,,,,
,,,,,,,,,,,,,,,,,,2016,5/20/2016,$                                                       36.07,,,10/31/2016,,10/31/2016,,,,,1.19%,$             36.07,0.43,,,,,,,,2.74%,,,2.12,,-3.61%,,,,,,,,,,,,
,,,,,,,,,,,,,,,,,,2016,5/23/2016,$                                                       36.27,,,11/7/2016,,11/7/2016,,,,,1.19%,$             36.27,0.43,,,,,,,,2.73%,,,2.12,,-3.07%,,,,,,,,,,,,
,,,,,,,,,,,,,,,,,,2016,5/24/2016,$                                                       36.98,,,11/14/2016,,11/14/2016,,,,,1.16%,$             36.98,0.43,,,,,,,,2.68%,,,2.12,,-1.19%,,,,,,,,,,,,
,,,,,,,,,,,,,,,,,,2016,5/25/2016,$                                                        36.91,,,11/21/2016,,11/21/2016,,,,,1.16%,$              36.91,0.43,,,,,,,,2.68%,,,2.12,,-1.36%,,,,,,,,,,,,
,,,,,,,,,,,,,,,,,,2016,5/26/2016,$                                                       36.93,,,11/28/2016,,11/28/2016,,,,,1.16%,$             36.93,0.43,,,,,,,,2.68%,,,2.12,,-1.32%,,,,,,,,,,,,
,,,,,,,,,,,,,,,,,,2016,5/27/2016,$                                                        37.19,,,12/5/2016,,12/5/2016,,,,,1.16%,$              37.19,0.43,,,,,,,,2.66%,,,2.12,,-0.63%,,,,,,,,,,,,
,,,,,,,,,,,,,,,,,,2016,5/31/2016,$                                                       37.50,,,12/12/2016,,12/12/2016,,,,,1.15%,$             37.50,0.43,,,,,,,,2.64%,,,2.12,,0.00%,,,,,,,,,,,,
,,,,,,,,,,,,,,,,,,2016,6/1/2016,$                                                       37.77,,,12/19/2016,,12/19/2016,,,,,1.14%,$             37.77,0.43,,,,,,,,2.62%,,,2.12,,0.00%,,,,,,,,,,,,
,,,,,,,,,,,,,,,,,,2016,6/2/2016,$                                                        37.41,,,12/27/2016,,12/27/2016,,,,,1.15%,$              37.41,0.43,,,,,,,,2.65%,,,2.12,,-0.97%,,,,,,,,,,,,
,,,,,,,,,,,,,,,,,,2016,6/3/2016,$                                                       37.30,,,1/3/2017,,1/3/2017,,,,,1.15%,$             37.30,0.43,,,,,,,,2.65%,,,2.12,,-1.26%,,,,,,,,,,,,
,,,,,,,,,,,,,,,,,,2016,6/6/2016,$                                                       37.77,,,1/9/2017,,1/9/2017,,,,,1.14%,$             37.77,0.43,,,,,,,,2.62%,,,2.12,,-0.01%,,,,,,,,,,,,
,,,,,,,,,,,,,,,,,,2016,6/7/2016,$                                                       37.86,,,1/17/2017,,1/17/2017,,,,,1.14%,$             37.86,0.43,,,,,,,,2.61%,,,2.12,,0.00%,,,,,,,,,,,,
,,,,,,,,,,,,,,,,,,2016,6/8/2016,$                                                       38.24,,,1/23/2017,,1/23/2017,,,,,1.12%,$             38.24,0.43,,,,,,,,2.59%,,,2.12,,0.00%,,,,,,,,,,,,
,,,,,,,,,,,,,,,,,,2016,6/9/2016,$                                                       38.28,,,1/30/2017,,1/30/2017,,,,,1.12%,$             38.28,0.43,,,,,,,,2.59%,,,2.12,,0.00%,,,,,,,,,,,,
,,,,,,,,,,,,,,,,,,2016,6/10/2016,$                                                       37.38,,,2/6/2017,,2/6/2017,,,,,1.15%,$             37.38,0.43,,,,,,,,2.65%,,,2.12,,-2.34%,,,,,,,,,,,,
,,,,,,,,,,,,,,,,,,2016,6/13/2016,$                                                       36.02,,,2/13/2017,,2/13/2017,,,,,1.19%,$             36.02,0.43,,,,,,,,2.75%,,,2.12,,-5.89%,,,,,,,,,,,,
,,,,,,,,,,,,,,,,,,2016,6/14/2016,$                                                       35.82,,,2/21/2017,,2/21/2017,,,,,1.20%,$             35.82,0.43,,,,,,,,2.76%,,,2.12,,-6.43%,,,,,,,,,,,,
,,,,,,,,,,,,,,,,,,2016,6/15/2016,$                                                       35.59,,,2/27/2017,,2/27/2017,,,,,1.21%,$             35.59,0.43,,,,,,,,2.78%,,,2.12,,-7.02%,,,,,,,,,,,,
,,,,,,,,,,,,,,,,,,2016,6/16/2016,$                                                       35.66,,,3/6/2017,,3/6/2017,,,,,1.21%,$             35.66,0.43,,,,,,,,2.78%,,,2.12,,-6.85%,,,,,,,,,,,,
,,,,,,,,,,,,,,,,,,2016,6/17/2016,$                                                       35.45,,,3/13/2017,,3/13/2017,,,,,1.21%,$             35.45,0.43,,,,,,,,2.79%,,,2.12,,-7.39%,,,,,,,,,,,,
,,,,,,,,,,,,,,,,,,2016,6/20/2016,$                                                       36.25,,,3/20/2017,,3/20/2017,,,,,1.19%,$             36.25,0.43,,,,,,,,2.73%,,,2.12,,-5.29%,,,,,,,,,,,,
,,,,,,,,,,,,,,,,,,2016,6/21/2016,$                                                        36.10,,,3/27/2017,,3/27/2017,,,,,1.19%,$              36.10,0.43,,,,,,,,2.74%,,,2.12,,-5.70%,,,,,,,,,,,,
,,,,,,,,,,,,,,,,,,2016,6/22/2016,$                                                       35.80,,,4/3/2017,,4/3/2017,,,,,1.20%,$             35.80,0.43,,,,,,,,2.77%,,,2.12,,-6.48%,,,,,,,,,,,,
,,,,,,,,,,,,,,,,,,2016,6/23/2016,$                                                       36.37,,,4/10/2017,,4/10/2017,,,,,1.18%,$             36.37,0.43,,,,,,,,2.72%,,,2.12,,-4.99%,,,,,,,,,,,,
,,,,,,,,,,,,,,,,,,2016,6/24/2016,$                                                       34.72,,,4/17/2017,,4/17/2017,,,,,1.24%,$             34.72,0.43,,,,,,,,2.85%,,,2.12,,-9.29%,,,,,,,,,,,,
,,,,,,,,,,,,,,,,,,2016,6/27/2016,$                                                       34.26,,,4/24/2017,,4/24/2017,,,,,1.26%,$             34.26,0.43,,,,,,,,2.89%,,,2.12,,-10.50%,,,,,,,,,,,,
,,,,,,,,,,,,,,,,,,2016,6/28/2016,$                                                       34.57,,,5/1/2017,,5/1/2017,,,,,1.24%,$             34.57,0.43,,,,,,,,2.86%,,,2.12,,-9.68%,,,,,,,,,,,,
,,,,,,,,,,,,,,,,,,2016,6/29/2016,$                                                       35.23,,,5/8/2017,,5/8/2017,,,,,,$             35.23,,,,,,,,,2.81%,,,2.12,,-7.96%,,,,,,,,,,,,
,,,,,,,,,,,,,,,,,,2016,6/30/2016,$                                                       36.52,,,5/15/2017,,5/15/2017,,,,,1.18%,$             36.52,0.43,,,,,,,,2.71%,,,2.12,,-4.60%,,,,,,,,,,,,
,,,,,,,,,,,,,,,,,,2016,7/1/2016,$                                                       36.05,,,5/22/2017,,5/22/2017,,,,,1.19%,$             36.05,0.43,,,,,,,,2.75%,,,2.12,,-5.83%,,,,,,,,,,,,
,,,,,,,,,,,,,,,,,,2016,7/5/2016,$                                                       36.07,,,5/30/2017,,5/30/2017,,,,,1.19%,$             36.07,0.43,,,,,,,,2.74%,,,2.12,,-5.76%,,,,,,,,,,,,
,,,,,,,,,,,,,,,,,,2016,7/6/2016,$                                                       36.28,,,6/5/2017,,6/5/2017,,,,,1.19%,$             36.28,0.43,,,,,,,,2.73%,,,2.12,,-5.21%,,,,,,,,,,,,
,,,,,,,,,,,,,,,,,,2016,7/7/2016,$                                                        36.17,,,6/12/2017,,6/12/2017,,,,,1.19%,$              36.17,0.43,,,,,,,,2.74%,,,2.12,,-5.51%,,,,,,,,,,,,
,,,,,,,,,,,,,,,,,,2016,7/8/2016,$                                                       36.99,,,6/19/2017,,6/19/2017,,,,,1.16%,$             36.99,0.43,,,,,,,,2.68%,,,2.12,,-3.37%,,,,,,,,,,,,
,,,,,,,,,,,,,,,,,,2016,7/11/2016,$                                                       37.07,,,6/26/2017,,6/26/2017,,,,,1.16%,$             37.07,0.43,,,,,,,,2.67%,,,2.12,,-3.15%,,,,,,,,,,,,
,,,,,,,,,,,,,,,,,,2016,7/12/2016,$                                                       37.25,,,7/3/2017,,7/3/2017,,,,,1.15%,$             37.25,0.43,,,,,,,,2.66%,,,2.12,,-2.69%,,,,,,,,,,,,
,,,,,,,,,,,,,,,,,,2016,7/13/2016,$                                                       37.45,,,7/10/2017,,7/10/2017,,,,,1.15%,$             37.45,0.43,,,,,,,,2.64%,,,2.12,,-2.16%,,,,,,,,,,,,
,,,,,,,,,,,,,,,,,,2016,7/14/2016,$                                                       37.43,,,7/17/2017,,7/17/2017,,,,,1.15%,$             37.43,0.43,,,,,,,,2.64%,,,2.12,,-2.21%,,,,,,,,,,,,
,,,,,,,,,,,,,,,,,,2016,7/15/2016,$                                                       37.35,,,7/24/2017,,7/24/2017,,,,,1.15%,$             37.35,0.43,,,,,,,,2.65%,,,2.12,,-2.42%,,,,,,,,,,,,
,,,,,,,,,,,,,,,,,,2016,7/18/2016,$                                                        37.41,,,7/31/2017,,7/31/2017,,,,,1.15%,$              37.41,0.43,,,,,,,,2.65%,,,2.12,,-2.27%,,,,,,,,,,,,
,,,,,,,,,,,,,,,,,,2016,7/19/2016,$                                                        37.15,,,8/7/2017,,8/7/2017,,,,,1.16%,$              37.15,0.43,,,,,,,,2.66%,,,2.12,,-2.94%,,,,,,,,,,,,
,,,,,,,,,,,,,,,,,,2016,7/20/2016,$                                                       37.42,,,8/14/2017,,8/14/2017,,,,,1.15%,$             37.42,0.43,,,,,,,,2.65%,,,2.12,,-2.23%,,,,,,,,,,,,
,,,,,,,,,,,,,,,,,,2016,7/21/2016,$                                                       35.34,,,8/21/2017,,8/21/2017,,,,,1.22%,$             35.34,0.43,,,,,,,,2.80%,,,2.12,,-7.67%,,,,,,,,,,,,
,,,,,,,,,,,,,,,,,,2016,7/22/2016,$                                                       35.80,,,8/28/2017,,8/28/2017,,,,,1.20%,$             35.80,0.43,,,,,,,,2.77%,,,2.12,,-6.48%,,,,,,,,,,,,
,,,,,,,,,,,,,,,,,,2016,7/25/2016,$                                                        34.81,,,9/5/2017,,9/5/2017,,,,,1.24%,$              34.81,0.43,,,,,,,,2.84%,,,2.12,,-9.05%,,,,,,,,,,,,
,,,,,,,,,,,,,,,,,,2016,7/26/2016,$                                                       34.66,,,9/11/2017,,9/11/2017,,,,,1.24%,$             34.66,0.43,,,,,,,,2.86%,,,2.12,,-9.44%,,,,,,,,,,,,
,,,,,,,,,,,,,,,,,,2016,7/27/2016,$                                                       34.60,,,9/18/2017,,9/18/2017,,,,,1.24%,$             34.60,0.43,,,,,,,,2.86%,,,2.12,,-9.60%,,,,,,,,,,,,
,,,,,,,,,,,,,,,,,,2016,7/28/2016,$                                                       34.92,,,9/25/2017,,9/25/2017,,,,,1.23%,$             34.92,0.43,,,,,,,,2.84%,,,2.12,,-8.78%,,,,,,,,,,,,
,,,,,,,,,,,,,,,,,,2016,7/29/2016,$                                                       34.87,,,10/2/2017,,10/2/2017,,,,,1.23%,$             34.87,0.43,,,,,,,,2.84%,,,2.12,,-8.90%,,,,,,,,,,,,
,,,,,,,,,,,,,,,,,,2016,8/1/2016,$                                                       34.85,,,10/9/2017,,10/9/2017,,,,,1.23%,$             34.85,0.43,,,,,,,,2.84%,,,2.12,,-8.95%,,,,,,,,,,,,
,,,,,,,,,,,,,,,,,,2016,8/2/2016,$                                                        34.41,,,10/16/2017,,10/16/2017,,,,,1.25%,$              34.41,0.43,,,,,,,,2.88%,,,2.12,,-10.11%,,,,,,,,,,,,
,,,,,,,,,,,,,,,,,,2016,8/3/2016,$                                                        34.18,,,10/23/2017,,10/23/2017,,,,,1.26%,$              34.18,0.43,,,,,,,,2.90%,,,2.12,,-10.70%,,,,,,,,,,,,
,,,,,,,,,,,,,,,,,,2016,8/4/2016,$                                                       34.23,,,10/30/2017,,10/30/2017,,,,,1.26%,$             34.23,0.43,,,,,,,,2.89%,,,2.12,,-10.58%,,,,,,,,,,,,
,,,,,,,,,,,,,,,,,,2016,8/5/2016,$                                                        34.71,,,11/6/2017,,11/6/2017,,,,,1.24%,$              34.71,0.43,,,,,,,,2.85%,,,2.12,,-9.31%,,,,,,,,,,,,
,,,,,,,,,,,,,,,,,,2016,8/8/2016,$                                                        35.17,,,11/13/2017,,11/13/2017,,,,,1.22%,$              35.17,0.43,,,,,,,,2.82%,,,2.12,,-8.13%,,,,,,,,,,,,
,,,,,,,,,,,,,,,,,,2016,8/9/2016,$                                                        35.18,,,11/20/2017,,11/20/2017,,,,,1.22%,$              35.18,0.43,,,,,,,,2.81%,,,2.12,,-8.10%,,,,,,,,,,,,
,,,,,,,,,,,,,,,,,,2016,8/10/2016,$                                                       35.05,,,11/27/2017,,11/27/2017,,,,,1.23%,$             35.05,0.43,,,,,,,,2.82%,,,2.12,,-8.44%,,,,,,,,,,,,
,,,,,,,,,,,,,,,,,,2016,8/11/2016,$                                                       35.32,,,12/4/2017,,12/4/2017,,,,,1.22%,$             35.32,0.43,,,,,,,,2.80%,,,2.12,,-7.73%,,,,,,,,,,,,
,,,,,,,,,,,,,,,,,,2016,8/12/2016,$                                                       35.55,,,12/11/2017,,12/11/2017,,,,,1.21%,$             35.55,0.43,,,,,,,,2.78%,,,2.12,,-7.12%,,,,,,,,,,,,
,,,,,,,,,,,,,,,,,,2016,8/15/2016,$                                                       35.08,,,12/18/2017,,12/18/2017,,,,,1.23%,$             35.08,0.43,,,,,,,,2.82%,,,2.12,,-8.35%,,,,,,,,,,,,
,,,,,,,,,,,,,,,,,,2016,8/16/2016,$                                                       34.79,,,12/26/2017,,12/26/2017,,,,,1.24%,$             34.79,0.43,,,,,,,,2.85%,,,2.12,,-9.11%,,,,,,,,,,,,
,,,,,,,,,,,,,,,,,,2016,8/17/2016,$                                                       34.39,,,1/2/2018,,1/2/2018,,,,,1.25%,$             34.39,0.43,,,,,,,,2.88%,,,2.12,,-10.15%,,,,,,,,,,,,
,,,,,,,,,,,,,,,,,,2016,8/18/2016,$                                                       34.60,,,1/8/2018,,1/8/2018,,,,,1.24%,$             34.60,0.43,,,,,,,,2.86%,,,2.12,,-9.61%,,,,,,,,,,,,
,,,,,,,,,,,,,,,,,,2016,8/19/2016,$                                                       34.40,,,1/16/2018,,1/16/2018,,,,,1.25%,$             34.40,0.43,,,,,,,,2.88%,,,2.12,,-10.14%,,,,,,,,,,,,
,,,,,,,,,,,,,,,,,,2016,8/22/2016,$                                                         34.11,,,1/22/2018,,1/22/2018,,,,,1.26%,$               34.11,0.43,,,,,,,,2.90%,,,2.12,,-10.89%,,,,,,,,,,,,
,,,,,,,,,,,,,,,,,,2016,8/23/2016,$                                                         34.11,,,1/29/2018,,1/29/2018,,,,,1.26%,$               34.11,0.43,,,,,,,,2.90%,,,2.12,,-10.89%,,,,,,,,,,,,
,,,,,,,,,,,,,,,,,,2016,8/24/2016,$                                                       33.62,,,2/5/2018,,2/5/2018,,,,,1.28%,$             33.62,0.43,,,,,,,,2.95%,,,2.12,,-12.18%,,,,,,,,,,,,
,,,,,,,,,,,,,,,,,,2016,8/25/2016,$                                                       33.23,,,2/12/2018,,2/12/2018,,,,,1.29%,$             33.23,0.43,,,,,,,,2.98%,,,2.12,,-13.19%,,,,,,,,,,,,
,,,,,,,,,,,,,,,,,,2016,8/26/2016,$                                                        33.14,,,2/20/2018,,2/20/2018,,,,,1.30%,$              33.14,0.43,,,,,,,,2.99%,,,2.12,,-13.42%,,,,,,,,,,,,
,,,,,,,,,,,,,,,,,,2016,8/29/2016,$                                                       33.42,,,2/26/2018,,2/26/2018,,,,,1.29%,$             33.42,0.43,,,,,,,,2.96%,,,2.12,,-12.68%,,,,,,,,,,,,
,,,,,,,,,,,,,,,,,,2016,8/30/2016,$                                                       33.23,,,3/5/2018,,3/5/2018,,,,,1.29%,$             33.23,0.43,,,,,,,,2.98%,,,2.12,,-13.19%,,,,,,,,,,,,
,,,,,,,,,,,,,,,,,,2016,8/31/2016,$                                                       33.00,,,3/12/2018,,3/12/2018,,,,,1.30%,$             33.00,0.43,,,,,,,,3.00%,,,2.12,,-13.79%,,,,,,,,,,,,
,,,,,,,,,,,,,,,,,,2016,9/1/2016,$                                                       33.00,,,3/19/2018,,3/19/2018,,,,,1.30%,$             33.00,0.43,,,,,,,,3.00%,,,2.12,,-13.78%,,,,,,,,,,,,
,,,,,,,,,,,,,,,,,,2016,9/2/2016,$                                                       33.23,,,3/26/2018,,3/26/2018,,,,,1.29%,$             33.23,0.43,,,,,,,,2.98%,,,2.12,,-13.18%,,,,,,,,,,,,
,,,,,,,,,,,,,,,,,,2016,9/6/2016,$                                                        33.17,,,4/2/2018,,4/2/2018,,,,,1.30%,$              33.17,0.43,,,,,,,,2.99%,,,2.12,,-13.35%,,,,,,,,,,,,
,,,,,,,,,,,,,,,,,,2016,9/7/2016,$                                                       33.20,,,4/9/2018,,4/9/2018,,,,,1.30%,$             33.20,0.43,,,,,,,,2.98%,,,2.12,,-13.26%,,,,,,,,,,,,
,,,,,,,,,,,,,,,,,,2016,9/8/2016,$                                                       32.88,,,4/16/2018,,4/16/2018,,,,,1.31%,$             32.88,0.43,,,,,,,,3.01%,,,2.12,,-14.11%,,,,,,,,,,,,
,,,,,,,,,,,,,,,,,,2016,9/9/2016,$                                                       32.23,,,4/23/2018,,4/23/2018,,,,,1.33%,$             32.23,0.43,,,,,,,,3.07%,,,2.12,,-15.81%,,,,,,,,,,,,
,,,,,,,,,,,,,,,,,,2016,9/12/2016,$                                                        32.91,,,4/30/2018,,4/30/2018,,,,,1.31%,$              32.91,0.43,,,,,,,,3.01%,,,2.12,,-14.03%,,,,,,,,,,,,
,,,,,,,,,,,,,,,,,,2016,9/13/2016,$                                                       32.56,,,5/7/2018,,5/7/2018,,,,,1.32%,$             32.56,0.43,,,,,,,,3.04%,,,2.12,,-14.94%,,,,,,,,,,,,
,,,,,,,,,,,,,,,,,,2016,9/14/2016,$                                                       32.43,,,5/14/2018,,5/14/2018,,,,,1.33%,$             32.43,0.43,,,,,,,,3.05%,,,2.12,,-15.28%,,,,,,,,,,,,
,,,,,,,,,,,,,,,,,,2016,9/15/2016,$                                                       32.80,,,5/21/2018,,5/21/2018,,,,,1.31%,$             32.80,0.43,,,,,,,,3.02%,,,2.12,,-14.30%,,,,,,,,,,,,
,,,,,,,,,,,,,,,,,,2016,9/16/2016,$                                                       32.89,,,5/29/2018,,5/29/2018,,,,,1.31%,$             32.89,0.43,,,,,,,,3.01%,,,2.12,,-14.07%,,,,,,,,,,,,
,,,,,,,,,,,,,,,,,,2016,9/19/2016,$                                                        33.14,,,6/4/2018,,6/4/2018,,,,,1.30%,$              33.14,0.43,,,,,,,,2.99%,,,2.12,,-13.42%,,,,,,,,,,,,
,,,,,,,,,,,,,,,,,,2016,9/20/2016,$                                                       33.39,,,6/11/2018,,6/11/2018,,,,,1.29%,$             33.39,0.43,,,,,,,,2.96%,,,2.12,,-12.76%,,,,,,,,,,,,
,,,,,,,,,,,,,,,,,,2016,9/21/2016,$                                                       33.46,,,6/18/2018,,6/18/2018,,,,,1.29%,$             33.46,0.43,,,,,,,,2.96%,,,2.12,,-12.58%,,,,,,,,,,,,
,,,,,,,,,,,,,,,,,,2016,9/22/2016,$                                                       34.24,,,6/25/2018,,6/25/2018,,,,,1.26%,$             34.24,0.43,,,,,,,,2.89%,,,2.12,,-10.54%,,,,,,,,,,,,
,,,,,,,,,,,,,,,,,,2016,9/23/2016,$                                                       33.73,,,7/2/2018,,7/2/2018,,,,,1.27%,$             33.73,0.43,,,,,,,,2.94%,,,2.12,,-11.87%,,,,,,,,,,,,
,,,,,,,,,,,,,,,,,,2016,9/26/2016,$                                                       33.28,,,7/9/2018,,7/9/2018,,,,,1.29%,$             33.28,0.43,,,,,,,,2.97%,,,2.12,,-13.05%,,,,,,,,,,,,
,,,,,,,,,,,,,,,,,,2016,9/27/2016,$                                                       33.52,,,7/16/2018,,7/16/2018,,,,,1.28%,$             33.52,0.43,,,,,,,,2.95%,,,2.12,,-12.42%,,,,,,,,,,,,
,,,,,,,,,,,,,,,,,,2016,9/28/2016,$                                                       33.64,,,7/23/2018,,7/23/2018,,,,,1.28%,$             33.64,0.43,,,,,,,,2.94%,,,2.12,,-12.11%,,,,,,,,,,,,
,,,,,,,,,,,,,,,,,,2016,9/29/2016,$                                                        33.13,,,7/30/2018,,7/30/2018,,,,,1.30%,$              33.13,0.43,,,,,,,,2.99%,,,2.12,,-13.44%,,,,,,,,,,,,
,,,,,,,,,,,,,,,,,,2016,9/30/2016,$                                                        33.51,,,8/6/2018,,8/6/2018,,,,,1.28%,$              33.51,0.43,,,,,,,,2.95%,,,2.12,,-12.45%,,,,,,,,,,,,
,,,,,,,,,,,,,,,,,,2016,10/3/2016,$                                                       33.54,,,8/13/2018,,8/13/2018,,,,,1.28%,$             33.54,0.43,,,,,,,,2.95%,,,2.12,,-12.37%,,,,,,,,,,,,
,,,,,,,,,,,,,,,,,,2016,10/4/2016,$                                                        33.41,,,8/20/2018,,8/20/2018,,,,,1.29%,$              33.41,0.43,,,,,,,,2.96%,,,2.12,,-12.71%,,,,,,,,,,,,
,,,,,,,,,,,,,,,,,,2016,10/5/2016,$                                                       33.83,,,8/27/2018,,8/27/2018,,,,,1.27%,$             33.83,0.43,,,,,,,,2.93%,,,2.12,,-11.61%,,,,,,,,,,,,
,,,,,,,,,,,,,,,,,,2016,10/6/2016,$                                                        33.71,,,9/4/2018,,9/4/2018,,,,,1.28%,$              33.71,0.43,,,,,,,,2.94%,,,2.12,,-11.93%,,,,,,,,,,,,
,,,,,,,,,,,,,,,,,,2016,10/7/2016,$                                                       33.23,,,9/10/2018,,9/10/2018,,,,,1.29%,$             33.23,0.43,,,,,,,,2.98%,,,2.12,,-13.18%,,,,,,,,,,,,
,,,,,,,,,,,,,,,,,,2016,10/10/2016,$                                                        33.41,,,9/17/2018,,9/17/2018,,,,,1.29%,$              33.41,0.43,,,,,,,,2.96%,,,2.12,,-12.71%,,,,,,,,,,,,
,,,,,,,,,,,,,,,,,,2016,10/11/2016,$                                                       32.83,,,9/24/2018,,9/24/2018,,,,,1.31%,$             32.83,0.43,,,,,,,,3.02%,,,2.12,,-14.23%,,,,,,,,,,,,
,,,,,,,,,,,,,,,,,,2016,10/12/2016,$                                                       32.94,,,10/1/2018,,10/1/2018,,,,,1.31%,$             32.94,0.43,,,,,,,,3.01%,,,2.12,,-13.94%,,,,,,,,,,,,
,,,,,,,,,,,,,,,,,,2016,10/13/2016,$                                                       32.74,,,10/8/2018,,10/8/2018,,,,,1.31%,$             32.74,0.43,,,,,,,,3.02%,,,2.12,,-14.46%,,,,,,,,,,,,
,,,,,,,,,,,,,,,,,,2016,10/14/2016,$                                                       33.06,,,10/15/2018,,10/15/2018,,,,,1.30%,$             33.06,0.43,,,,,,,,2.99%,,,2.12,,-13.63%,,,,,,,,,,,,
,,,,,,,,,,,,,,,,,,2016,10/17/2016,$                                                        33.01,,,10/22/2018,,10/22/2018,,,,,1.30%,$              33.01,0.43,,,,,,,,3.00%,,,2.12,,-13.76%,,,,,,,,,,,,
,,,,,,,,,,,,,,,,,,2016,10/18/2016,$                                                       30.70,,,10/29/2018,,10/29/2018,,,,,1.40%,$             30.70,0.43,,,,,,,,3.22%,,,2.12,,-19.79%,,,,,,,,,,,,
,,,,,,,,,,,,,,,,,,2016,10/19/2016,$                                                        31.09,,,11/5/2018,,11/5/2018,,,,,1.38%,$              31.09,0.43,,,,,,,,3.18%,,,2.12,,-18.77%,,,,,,,,,,,,
,,,,,,,,,,,,,,,,,,2016,10/20/2016,$                                                        31.73,,,11/12/2018,,11/12/2018,,,,,1.36%,$              31.73,0.43,,,,,,,,3.12%,,,2.12,,-17.10%,,,,,,,,,,,,
,,,,,,,,,,,,,,,,,,2016,10/21/2016,$                                                        31.64,,,11/19/2018,,11/19/2018,,,,,1.36%,$              31.64,0.43,,,,,,,,3.13%,,,2.12,,-17.34%,,,,,,,,,,,,
,,,,,,,,,,,,,,,,,,2016,10/24/2016,$                                                        32.15,,,11/26/2018,,11/26/2018,,,,,1.34%,$              32.15,0.43,,,,,,,,3.08%,,,2.12,,-16.00%,,,,,,,,,,,,
,,,,,,,,,,,,,,,,,,2016,10/25/2016,$                                                       32.03,,,12/3/2018,,12/3/2018,,,,,1.34%,$             32.03,0.43,,,,,,,,3.09%,,,2.12,,-16.32%,,,,,,,,,,,,
,,,,,,,,,,,,,,,,,,2016,10/26/2016,$                                                        31.97,,,12/10/2018,,12/10/2018,,,,,1.35%,$              31.97,0.43,,,,,,,,3.10%,,,2.12,,-16.47%,,,,,,,,,,,,
,,,,,,,,,,,,,,,,,,2016,10/27/2016,$                                                        31.53,,,12/17/2018,,12/17/2018,,,,,1.36%,$              31.53,0.43,,,,,,,,3.14%,,,2.12,,-17.62%,,,,,,,,,,,,
,,,,,,,,,,,,,,,,,,2016,10/28/2016,$                                                        31.70,,,12/24/2018,,12/24/2018,,,,,1.36%,$              31.70,0.43,,,,,,,,3.12%,,,2.12,,-17.18%,,,,,,,,,,,,
,,,,,,,,,,,,,,,,,,2016,10/31/2016,$                                                        32.15,,,12/31/2018,,12/31/2018,,,,,1.34%,$              32.15,0.43,,,,,,,,3.08%,,,2.12,,-16.00%,,,,,,,,,,,,
,,,,,,,,,,,,,,,,,,2016,11/1/2016,$                                                        31.90,,,1/7/2019,,1/7/2019,,,,,1.35%,$              31.90,0.43,,,,,,,,3.10%,,,2.12,,-16.66%,,,,,,,,,,,,
,,,,,,,,,,,,,,,,,,2016,11/2/2016,$                                                        31.75,,,1/14/2019,,1/14/2019,,,,,1.35%,$              31.75,0.43,,,,,,,,3.12%,,,2.12,,-17.05%,,,,,,,,,,,,
,,,,,,,,,,,,,,,,,,2016,11/3/2016,$                                                        31.70,,,1/22/2019,,1/22/2019,,,,,1.36%,$              31.70,0.43,,,,,,,,3.12%,,,2.12,,-17.18%,,,,,,,,,,,,
,,,,,,,,,,,,,,,,,,2016,11/4/2016,$                                                       32.05,,,1/28/2019,,1/28/2019,,,,,1.34%,$             32.05,0.43,,,,,,,,3.09%,,,2.12,,-16.26%,,,,,,,,,,,,
,,,,,,,,,,,,,,,,,,2016,11/7/2016,$                                                       32.60,,,2/4/2019,,2/4/2019,,,,,1.32%,$             32.60,0.43,,,,,,,,3.04%,,,2.12,,-14.83%,,,,,,,,,,,,
,,,,,,,,,,,,,,,,,,2016,11/8/2016,$                                                       32.90,,,2/11/2019,,2/11/2019,,,,,1.31%,$             32.90,0.43,,,,,,,,3.01%,,,2.12,,-14.04%,,,,,,,,,,,,
,,,,,,,,,,,,,,,,,,2016,11/9/2016,$                                                       33.95,,,2/19/2019,,2/19/2019,,,,,1.27%,$             33.95,0.43,,,,,,,,2.92%,,,2.12,,-11.30%,,,,,,,,,,,,
,,,,,,,,,,,,,,,,,,2016,11/10/2016,$                                                       34.40,,,2/25/2019,,2/25/2019,,,,,1.25%,$             34.40,0.43,,,,,,,,2.88%,,,2.12,,-10.12%,,,,,,,,,,,,
,,,,,,,,,,,,,,,,,,2016,11/11/2016,$                                                       35.70,,,3/4/2019,,3/4/2019,,,,,1.20%,$             35.70,0.43,,,,,,,,2.77%,,,2.12,,-6.73%,,,,,,,,,,,,
,,,,,,,,,,,,,,,,,,2016,11/14/2016,$                                                       35.85,,,3/11/2019,,3/11/2019,,,,,1.20%,$             35.85,0.43,,,,,,,,2.76%,,,2.12,,-6.34%,,,,,,,,,,,,
,,,,,,,,,,,,,,,,,,2016,11/15/2016,$                                                       35.40,,,3/18/2019,,3/18/2019,,,,,1.21%,$             35.40,0.43,,,,,,,,2.80%,,,2.12,,-7.51%,,,,,,,,,,,,
,,,,,,,,,,,,,,,,,,2016,11/16/2016,$                                                       34.90,,,3/25/2019,,3/25/2019,,,,,1.23%,$             34.90,0.43,,,,,,,,2.84%,,,2.12,,-8.82%,,,,,,,,,,,,
,,,,,,,,,,,,,,,,,,2016,11/17/2016,$                                                       34.80,,,4/1/2019,,4/1/2019,,,,,1.24%,$             34.80,0.43,,,,,,,,2.84%,,,2.12,,-9.08%,,,,,,,,,,,,
,,,,,,,,,,,,,,,,,,2016,11/18/2016,$                                                        35.15,,,4/8/2019,,4/8/2019,,,,,,$              35.15,,,,,,,,,2.82%,,,2.12,,-8.16%,,,,,,,,,,,,
,,,,,,,,,,,,,,,,,,2016,11/21/2016,$                                                        35.10,,,4/15/2019,,4/15/2019,,,,,1.23%,$              35.10,0.43,,,,,,,,2.82%,,,2.12,,-8.30%,,,,,,,,,,,,
,,,,,,,,,,,,,,,,,,2016,11/22/2016,$                                                       35.65,,,4/22/2019,,4/22/2019,,,,,1.21%,$             35.65,0.43,,,,,,,,2.78%,,,2.12,,-6.86%,,,,,,,,,,,,
,,,,,,,,,,,,,,,,,,2016,11/23/2016,$                                                       36.20,,,4/29/2019,,4/29/2019,,,,,1.19%,$             36.20,0.43,,,,,,,,2.73%,,,2.12,,-5.42%,,,,,,,,,,,,
,,,,,,,,,,,,,,,,,,2016,11/25/2016,$                                                       36.30,,,5/6/2019,,5/6/2019,,,,,1.18%,$             36.30,0.43,,,,,,,,2.73%,,,2.12,,-5.16%,,,,,,,,,,,,
,,,,,,,,,,,,,,,,,,2016,11/28/2016,$                                                       36.35,,,5/13/2019,,5/13/2019,,,,,1.18%,$             36.35,0.43,,,,,,,,2.72%,,,2.12,,-5.03%,,,,,,,,,,,,
,,,,,,,,,,,,,,,,,,2016,11/29/2016,$                                                       36.40,,,5/20/2019,,5/20/2019,,,,,1.18%,$             36.40,0.43,,,,,,,,2.72%,,,2.12,,-4.90%,,,,,,,,,,,,
,,,,,,,,,,,,,,,,,,2016,11/30/2016,$                                                       36.25,,,5/28/2019,,5/28/2019,,,,,1.19%,$             36.25,0.43,,,,,,,,2.73%,,,2.12,,-5.29%,,,,,,,,,,,,
,,,,,,,,,,,,,,,,,,2016,12/1/2016,$                                                       35.90,,,6/3/2019,,6/3/2019,,,,,1.20%,$             35.90,0.43,,,,,,,,2.76%,,,2.12,,-6.21%,,,,,,,,,,,,
,,,,,,,,,,,,,,,,,,2016,12/2/2016,$                                                       35.90,,,6/10/2019,,6/10/2019,,,,,1.20%,$             35.90,0.43,,,,,,,,2.76%,,,2.12,,-6.21%,,,,,,,,,,,,
,,,,,,,,,,,,,,,,,,2016,12/5/2016,$                                                       36.65,,,6/17/2019,,6/17/2019,,,,,1.17%,$             36.65,0.43,,,,,,,,2.70%,,,2.12,,-4.25%,,,,,,,,,,,,
,,,,,,,,,,,,,,,,,,2016,12/6/2016,$                                                       36.75,,,6/24/2019,,6/24/2019,,,,,1.17%,$             36.75,0.43,,,,,,,,2.69%,,,2.12,,-3.98%,,,,,,,,,,,,
,,,,,,,,,,,,,,,,,,2016,12/7/2016,$                                                       37.20,,,7/1/2019,,7/1/2019,,,,,1.16%,$             37.20,0.43,,,,,,,,2.66%,,,2.12,,-2.81%,,,,,,,,,,,,
,,,,,,,,,,,,,,,,,,2016,12/8/2016,$                                                       38.25,,,7/8/2019,,7/8/2019,,,,,1.12%,$             38.25,0.43,,,,,,,,2.59%,,,2.12,,-0.07%,,,,,,,,,,,,
,,,,,,,,,,,,,,,,,,2016,12/9/2016,$                                                       38.50,,,7/15/2019,,7/15/2019,,,,,1.12%,$             38.50,0.43,,,,,,,,2.57%,,,2.12,,0.00%,,,,,,,,,,,,
,,,,,,,,,,,,,,,,,,2016,12/12/2016,$                                                       38.55,,,7/22/2019,,7/22/2019,,,,,1.12%,$             38.55,0.43,,,,,,,,2.57%,,,2.12,,0.00%,,,,,,,,,,,,
,,,,,,,,,,,,,,,,,,2016,12/13/2016,$                                                       38.25,,,7/29/2019,,7/29/2019,,,,,1.12%,$             38.25,0.43,,,,,,,,2.59%,,,2.12,,-0.78%,,,,,,,,,,,,
,,,,,,,,,,,,,,,,,,2016,12/14/2016,$                                                       38.35,,,8/5/2019,,8/5/2019,,,,,1.12%,$             38.35,0.43,,,,,,,,2.58%,,,2.12,,-0.52%,,,,,,,,,,,,
,,,,,,,,,,,,,,,,,,2016,12/15/2016,$                                                       38.00,,,8/12/2019,,8/12/2019,,,,,1.13%,$             38.00,0.43,,,,,,,,2.61%,,,2.12,,-1.43%,,,,,,,,,,,,
,,,,,,,,,,,,,,,,,,2016,12/16/2016,$                                                       37.65,,,8/19/2019,,8/19/2019,,,,,1.14%,$             37.65,0.43,,,,,,,,2.63%,,,2.12,,-2.33%,,,,,,,,,,,,
,,,,,,,,,,,,,,,,,,2016,12/19/2016,$                                                        38.10,,,8/26/2019,,8/26/2019,,,,,1.13%,$              38.10,0.43,,,,,,,,2.60%,,,2.12,,-1.17%,,,,,,,,,,,,
,,,,,,,,,,,,,,,,,,2016,12/20/2016,$                                                       38.45,,,9/3/2019,,9/3/2019,,,,,1.12%,$             38.45,0.43,,,,,,,,2.57%,,,2.12,,-0.26%,,,,,,,,,,,,
,,,,,,,,,,,,,,,,,,2016,12/21/2016,$                                                       38.20,,,9/9/2019,,9/9/2019,,,,,1.13%,$             38.20,0.43,,,,,,,,2.59%,,,2.12,,-0.91%,,,,,,,,,,,,
,,,,,,,,,,,,,,,,,,2016,12/22/2016,$                                                       38.05,,,9/16/2019,,9/16/2019,,,,,1.13%,$             38.05,0.43,,,,,,,,2.60%,,,2.12,,-1.30%,,,,,,,,,,,,
,,,,,,,,,,,,,,,,,,2016,12/23/2016,$                                                       38.50,,,9/23/2019,,9/23/2019,,,,,1.12%,$             38.50,0.43,,,,,,,,2.57%,,,2.12,,-0.13%,,,,,,,,,,,,
,,,,,,,,,,,,,,,,,,2016,12/27/2016,$                                                       38.55,,,9/30/2019,,9/30/2019,,,,,1.12%,$             38.55,0.43,,,,,,,,2.57%,,,2.12,,0.00%,,,,,,,,,,,,
,,,,,,,,,,,,,,,,,,2016,12/28/2016,$                                                       37.55,,,10/7/2019,,10/7/2019,,,,,1.15%,$             37.55,0.43,,,,,,,,2.64%,,,2.12,,-2.59%,,,,,,,,,,,,
,,,,,,,,,,,,,,,,,,2016,12/29/2016,$                                                       37.40,,,10/14/2019,,10/14/2019,,,,,1.15%,$             37.40,0.43,,,,,,,,2.65%,,,2.12,,-2.98%,,,,,,,,,,,,
,,,,,,,,,,,,,,,,,,2016,12/30/2016,$                                                       36.95,,,10/21/2019,,10/21/2019,,,,,1.16%,$             36.95,0.43,,,,,,,,2.68%,,,2.12,,-4.15%,,,,,,,,,,,,
,,,,,,,,,,,,,,,,,,2017,1/3/2017,$                                                       36.90,,,10/28/2019,,10/28/2019,,,,,1.33%,$             36.90,0.49,,,,,,,,2.68%,,,1.69,,-4.28%,,,,,,,,,,,,
,,,,,,,,,,,,,,,,,,2017,1/4/2017,$                                                       37.45,,,11/4/2019,,11/4/2019,,,,,1.31%,$             37.45,0.49,,,,,,,,2.64%,,,1.69,,-2.85%,,,,,,,,,,,,
,,,,,,,,,,,,,,,,,,2017,1/5/2017,$                                                       37.25,,,11/11/2019,,11/11/2019,,,,,1.32%,$             37.25,0.49,,,,,,,,2.66%,,,1.69,,-3.37%,,,,,,,,,,,,
,,,,,,,,,,,,,,,,,,2017,1/6/2017,$                                                       37.05,,,11/18/2019,,11/18/2019,,,,,1.32%,$             37.05,0.49,,,,,,,,2.67%,,,1.69,,-3.89%,,,,,,,,,,,,
,,,,,,,,,,,,,,,,,,2017,1/9/2017,$                                                       36.50,,,11/25/2019,,11/25/2019,,,,,1.34%,$             36.50,0.49,,,,,,,,2.71%,,,1.69,,-5.32%,,,,,,,,,,,,
,,,,,,,,,,,,,,,,,,2017,1/10/2017,$                                                       37.45,,,12/2/2019,,12/2/2019,,,,,1.31%,$             37.45,0.49,,,,,,,,2.64%,,,1.69,,-2.85%,,,,,,,,,,,,
,,,,,,,,,,,,,,,,,,2017,1/11/2017,$                                                       39.65,,,12/9/2019,,12/9/2019,,,,,1.24%,$             39.65,0.49,,,,,,,,2.50%,,,1.69,,0.00%,,,,,,,,,,,,
,,,,,,,,,,,,,,,,,,2017,1/12/2017,$                                                       38.40,,,12/16/2019,,12/16/2019,,,,,1.28%,$             38.40,0.49,,,,,,,,2.58%,,,1.69,,-3.15%,,,,,,,,,,,,
,,,,,,,,,,,,,,,,,,2017,1/13/2017,$                                                       38.05,,,12/23/2019,,12/23/2019,,,,,1.29%,$             38.05,0.49,,,,,,,,2.60%,,,1.69,,-4.04%,,,,,,,,,,,,
,,,,,,,,,,,,,,,,,,2017,1/17/2017,$                                                       38.05,,,12/30/2019,,12/30/2019,,,,,1.29%,$             38.05,0.49,,,,,,,,2.60%,,,1.69,,-4.04%,,,,,,,,,,,,
,,,,,,,,,,,,,,,,,,2017,1/18/2017,$                                                        38.10,,,1/6/2020,,1/6/2020,,,,,1.29%,$              38.10,0.49,,,,,,,,2.60%,,,1.69,,-3.91%,,,,,,,,,,,,
,,,,,,,,,,,,,,,,,,2017,1/19/2017,$                                                       38.05,,,1/13/2020,,1/13/2020,,,,,1.29%,$             38.05,0.49,,,,,,,,2.60%,,,1.69,,-4.04%,,,,,,,,,,,,
,,,,,,,,,,,,,,,,,,2017,1/20/2017,$                                                       37.65,,,1/21/2020,,1/21/2020,,,,,1.30%,$             37.65,0.49,,,,,,,,2.63%,,,1.69,,-5.04%,,,,,,,,,,,,
,,,,,,,,,,,,,,,,,,2017,1/23/2017,$                                                       37.65,,,1/27/2020,,1/27/2020,,,,,1.30%,$             37.65,0.49,,,,,,,,2.63%,,,1.69,,-5.04%,,,,,,,,,,,,
,,,,,,,,,,,,,,,,,,2017,1/24/2017,$                                                        38.10,,,2/3/2020,,2/3/2020,,,,,1.29%,$              38.10,0.49,,,,,,,,2.60%,,,1.69,,-3.91%,,,,,,,,,,,,
,,,,,,,,,,,,,,,,,,2017,1/25/2017,$                                                       39.05,,,2/10/2020,,2/10/2020,,,,,1.25%,$             39.05,0.49,,,,,,,,2.54%,,,1.69,,-1.51%,,,,,,,,,,,,
,,,,,,,,,,,,,,,,,,2017,1/26/2017,$                                                       39.05,,,2/18/2020,,2/18/2020,,,,,1.25%,$             39.05,0.49,,,,,,,,2.54%,,,1.69,,-1.51%,,,,,,,,,,,,
,,,,,,,,,,,,,,,,,,2017,1/27/2017,$                                                        39.15,,,2/24/2020,,2/24/2020,,,,,1.25%,$              39.15,0.49,,,,,,,,2.53%,,,1.69,,-1.26%,,,,,,,,,,,,
,,,,,,,,,,,,,,,,,,2017,1/30/2017,$                                                       38.60,,,3/2/2020,,3/2/2020,,,,,1.27%,$             38.60,0.49,,,,,,,,2.56%,,,1.69,,-2.65%,,,,,,,,,,,,
,,,,,,,,,,,,,,,,,,2017,1/31/2017,$                                                       38.55,,,3/9/2020,,3/9/2020,,,,,1.27%,$             38.55,0.49,,,,,,,,2.57%,,,1.69,,-2.77%,,,,,,,,,,,,
,,,,,,,,,,,,,,,,,,2017,2/1/2017,$                                                       38.20,,,3/16/2020,,3/16/2020,,,,,1.28%,$             38.20,0.49,,,,,,,,2.59%,,,1.69,,-3.66%,,,,,,,,,,,,
,,,,,,,,,,,,,,,,,,2017,2/2/2017,$                                                       38.60,,,3/23/2020,,3/23/2020,,,,,1.27%,$             38.60,0.49,,,,,,,,2.56%,,,1.69,,-2.65%,,,,,,,,,,,,
,,,,,,,,,,,,,,,,,,2017,2/3/2017,$                                                       39.20,,,3/30/2020,,3/30/2020,,,,,1.25%,$             39.20,0.49,,,,,,,,2.53%,,,1.69,,-1.13%,,,,,,,,,,,,
,,,,,,,,,,,,,,,,,,2017,2/6/2017,$                                                       38.45,,,4/6/2020,,4/6/2020,,,,,1.27%,$             38.45,0.49,,,,,,,,2.57%,,,1.69,,-3.03%,,,,,,,,,,,,
,,,,,,,,,,,,,,,,,,2017,2/7/2017,$                                                       35.70,,,4/13/2020,,4/13/2020,,,,,1.37%,$             35.70,0.49,,,,,,,,2.77%,,,1.69,,-9.96%,,,,,,,,,,,,
,,,,,,,,,,,,,,,,,,2017,2/8/2017,$                                                        35.10,,,4/20/2020,,4/20/2020,,,,,1.40%,$              35.10,0.49,,,,,,,,2.82%,,,1.69,,-11.48%,,,,,,,,,,,,
,,,,,,,,,,,,,,,,,,2017,2/9/2017,$                                                       36.05,,,4/27/2020,,4/27/2020,,,,,1.36%,$             36.05,0.49,,,,,,,,2.75%,,,1.69,,-9.08%,,,,,,,,,,,,
,,,,,,,,,,,,,,,,,,2017,2/10/2017,$                                                       36.45,,,5/4/2020,,5/4/2020,,,,,1.34%,$             36.45,0.49,,,,,,,,2.72%,,,1.69,,-8.07%,,,,,,,,,,,,
,,,,,,,,,,,,,,,,,,2017,2/13/2017,$                                                       36.70,,,5/11/2020,,5/11/2020,,,,,1.34%,$             36.70,0.49,,,,,,,,2.70%,,,1.69,,-7.44%,,,,,,,,,,,,
,,,,,,,,,,,,,,,,,,2017,2/14/2017,$                                                       35.60,,,5/18/2020,,5/18/2020,,,,,1.38%,$             35.60,0.49,,,,,,,,2.78%,,,1.69,,-10.21%,,,,,,,,,,,,
,,,,,,,,,,,,,,,,,,2017,2/15/2017,$                                                       35.95,,,5/26/2020,,5/26/2020,,,,,1.36%,$             35.95,0.49,,,,,,,,2.75%,,,1.69,,-9.33%,,,,,,,,,,,,
,,,,,,,,,,,,,,,,,,2017,2/16/2017,$                                                       35.70,,,6/1/2020,,6/1/2020,,,,,1.37%,$             35.70,0.49,,,,,,,,2.77%,,,1.69,,-9.96%,,,,,,,,,,,,
,,,,,,,,,,,,,,,,,,2017,2/17/2017,$                                                       35.85,,,6/8/2020,,6/8/2020,,,,,1.37%,$             35.85,0.49,,,,,,,,2.76%,,,1.69,,-9.58%,,,,,,,,,,,,
,,,,,,,,,,,,,,,,,,2017,2/21/2017,$                                                       36.05,,,6/15/2020,,6/15/2020,,,,,1.36%,$             36.05,0.49,,,,,,,,2.75%,,,1.69,,-9.08%,,,,,,,,,,,,
,,,,,,,,,,,,,,,,,,2017,2/22/2017,$                                                       36.25,,,6/22/2020,,6/22/2020,,,,,1.35%,$             36.25,0.49,,,,,,,,2.73%,,,1.69,,-8.58%,,,,,,,,,,,,
,,,,,,,,,,,,,,,,,,2017,2/23/2017,$                                                       35.90,,,6/29/2020,,6/29/2020,,,,,1.36%,$             35.90,0.49,,,,,,,,2.76%,,,1.69,,-9.46%,,,,,,,,,,,,
,,,,,,,,,,,,,,,,,,2017,2/24/2017,$                                                       36.55,,,7/6/2020,,7/6/2020,,,,,1.34%,$             36.55,0.49,,,,,,,,2.71%,,,1.69,,-7.82%,,,,,,,,,,,,
,,,,,,,,,,,,,,,,,,2017,2/27/2017,$                                                       36.85,,,7/13/2020,,7/13/2020,,,,,1.33%,$             36.85,0.49,,,,,,,,2.69%,,,1.69,,-7.06%,,,,,,,,,,,,
,,,,,,,,,,,,,,,,,,2017,2/28/2017,$                                                       36.60,,,7/20/2020,,7/20/2020,,,,,1.34%,$             36.60,0.49,,,,,,,,2.70%,,,1.69,,-7.69%,,,,,,,,,,,,
,,,,,,,,,,,,,,,,,,2017,3/1/2017,$                                                       36.75,,,7/27/2020,,7/27/2020,,,,,1.33%,$             36.75,0.49,,,,,,,,2.69%,,,1.69,,-7.31%,,,,,,,,,,,,
,,,,,,,,,,,,,,,,,,2017,3/2/2017,$                                                       36.45,,,8/3/2020,,8/3/2020,,,,,1.34%,$             36.45,0.49,,,,,,,,2.72%,,,1.69,,-8.07%,,,,,,,,,,,,
,,,,,,,,,,,,,,,,,,2017,3/3/2017,$                                                       36.45,,,8/10/2020,,8/10/2020,,,,,1.34%,$             36.45,0.49,,,,,,,,2.72%,,,1.69,,-8.07%,,,,,,,,,,,,
,,,,,,,,,,,,,,,,,,2017,3/6/2017,$                                                       35.75,,,8/17/2020,,8/17/2020,,,,,1.37%,$             35.75,0.49,,,,,,,,2.77%,,,1.69,,-9.84%,,,,,,,,,,,,
,,,,,,,,,,,,,,,,,,2017,3/7/2017,$                                                       35.40,,,8/24/2020,,8/24/2020,,,,,1.38%,$             35.40,0.49,,,,,,,,2.80%,,,1.69,,-10.72%,,,,,,,,,,,,
,,,,,,,,,,,,,,,,,,2017,3/8/2017,$                                                       34.85,,,8/31/2020,,8/31/2020,,,,,1.41%,$             34.85,0.49,,,,,,,,2.84%,,,1.69,,-12.11%,,,,,,,,,,,,
,,,,,,,,,,,,,,,,,,2017,3/9/2017,$                                                       34.60,,,9/8/2020,,9/8/2020,,,,,1.42%,$             34.60,0.49,,,,,,,,2.86%,,,1.69,,-12.74%,,,,,,,,,,,,
,,,,,,,,,,,,,,,,,,2017,3/10/2017,$                                                       35.20,,,9/14/2020,,9/14/2020,,,,,1.39%,$             35.20,0.49,,,,,,,,2.81%,,,1.69,,-11.22%,,,,,,,,,,,,
,,,,,,,,,,,,,,,,,,2017,3/13/2017,$                                                       35.05,,,9/21/2020,,9/21/2020,,,,,1.40%,$             35.05,0.49,,,,,,,,2.82%,,,1.69,,-11.60%,,,,,,,,,,,,
,,,,,,,,,,,,,,,,,,2017,3/14/2017,$                                                       34.80,,,9/28/2020,,9/28/2020,,,,,1.41%,$             34.80,0.49,,,,,,,,2.84%,,,1.69,,-12.23%,,,,,,,,,,,,
,,,,,,,,,,,,,,,,,,2017,3/15/2017,$                                                       35.50,,,10/5/2020,,10/5/2020,,,,,1.38%,$             35.50,0.49,,,,,,,,2.79%,,,1.69,,-10.47%,,,,,,,,,,,,
,,,,,,,,,,,,,,,,,,2017,3/16/2017,$                                                       35.80,,,10/12/2020,,10/12/2020,,,,,1.37%,$             35.80,0.49,,,,,,,,2.77%,,,1.69,,-9.71%,,,,,,,,,,,,
,,,,,,,,,,,,,,,,,,2017,3/17/2017,$                                                       36.55,,,10/19/2020,,10/19/2020,,,,,1.34%,$             36.55,0.49,,,,,,,,2.71%,,,1.69,,-7.82%,,,,,,,,,,,,
,,,,,,,,,,,,,,,,,,2017,3/20/2017,$                                                       36.30,,,10/26/2020,,10/26/2020,,,,,1.35%,$             36.30,0.49,,,,,,,,2.73%,,,1.69,,-8.45%,,,,,,,,,,,,
,,,,,,,,,,,,,,,,,,2017,3/21/2017,$                                                       35.75,,,11/2/2020,,11/2/2020,,,,,1.37%,$             35.75,0.49,,,,,,,,2.77%,,,1.69,,-9.84%,,,,,,,,,,,,
,,,,,,,,,,,,,,,,,,2017,3/22/2017,$                                                       35.60,,,11/9/2020,,11/9/2020,,,,,1.38%,$             35.60,0.49,,,,,,,,2.78%,,,1.69,,-10.21%,,,,,,,,,,,,
,,,,,,,,,,,,,,,,,,2017,3/23/2017,$                                                       35.70,,,11/16/2020,,11/16/2020,,,,,1.37%,$             35.70,0.49,,,,,,,,2.77%,,,1.69,,-9.96%,,,,,,,,,,,,
,,,,,,,,,,,,,,,,,,2017,3/24/2017,$                                                       35.75,,,11/23/2020,,11/23/2020,,,,,1.37%,$             35.75,0.49,,,,,,,,2.77%,,,1.69,,-9.84%,,,,,,,,,,,,
,,,,,,,,,,,,,,,,,,2017,3/27/2017,$                                                       35.90,,,11/30/2020,,11/30/2020,,,,,1.36%,$             35.90,0.49,,,,,,,,2.76%,,,1.69,,-9.46%,,,,,,,,,,,,
,,,,,,,,,,,,,,,,,,2017,3/28/2017,$                                                        36.10,,,12/7/2020,,12/7/2020,,,,,1.36%,$              36.10,0.49,,,,,,,,2.74%,,,1.69,,-8.95%,,,,,,,,,,,,
,,,,,,,,,,,,,,,,,,2017,3/29/2017,$                                                       36.30,,,12/14/2020,,12/14/2020,,,,,1.35%,$             36.30,0.49,,,,,,,,2.73%,,,1.69,,-8.45%,,,,,,,,,,,,
,,,,,,,,,,,,,,,,,,2017,3/30/2017,$                                                       36.75,,,12/21/2020,,12/21/2020,,,,,1.33%,$             36.75,0.49,,,,,,,,2.69%,,,1.69,,-7.31%,,,,,,,,,,,,
,,,,,,,,,,,,,,,,,,2017,3/31/2017,$                                                       36.75,,,12/28/2020,,12/28/2020,,,,,1.33%,$             36.75,0.49,,,,,,,,2.69%,,,1.69,,-7.31%,,,,,,,,,,,,
,,,,,,,,,,,,,,,,,,2017,4/3/2017,$                                                       35.90,,,1/4/2021,,1/4/2021,,,,,1.36%,$             35.90,0.49,,,,,,,,2.76%,,,1.69,,-9.46%,,,,,,,,,,,,
,,,,,,,,,,,,,,,,,,2017,4/4/2017,$                                                       35.85,,,1/11/2021,,1/11/2021,,,,,1.37%,$             35.85,0.49,,,,,,,,2.76%,,,1.69,,-9.58%,,,,,,,,,,,,
,,,,,,,,,,,,,,,,,,2017,4/5/2017,$                                                       35.85,,,1/19/2021,,1/19/2021,,,,,1.37%,$             35.85,0.49,,,,,,,,2.76%,,,1.69,,-9.58%,,,,,,,,,,,,
,,,,,,,,,,,,,,,,,,2017,4/6/2017,$                                                       36.40,,,1/25/2021,,1/25/2021,,,,,1.35%,$             36.40,0.49,,,,,,,,2.72%,,,1.69,,-8.20%,,,,,,,,,,,,
,,,,,,,,,,,,,,,,,,2017,4/7/2017,$                                                       36.25,,,2/1/2021,,2/1/2021,,,,,1.35%,$             36.25,0.49,,,,,,,,2.73%,,,1.69,,-8.58%,,,,,,,,,,,,
,,,,,,,,,,,,,,,,,,2017,4/10/2017,$                                                       36.50,,,2/8/2021,,2/8/2021,,,,,1.34%,$             36.50,0.49,,,,,,,,2.71%,,,1.69,,-7.94%,,,,,,,,,,,,
,,,,,,,,,,,,,,,,,,2017,4/11/2017,$                                                       36.50,,,2/16/2021,,2/16/2021,,,,,1.34%,$             36.50,0.49,,,,,,,,2.71%,,,1.69,,-7.94%,,,,,,,,,,,,
,,,,,,,,,,,,,,,,,,2017,4/12/2017,$                                                       35.70,,,2/22/2021,,2/22/2021,,,,,1.37%,$             35.70,0.49,,,,,,,,2.77%,,,1.69,,-9.96%,,,,,,,,,,,,
,,,,,,,,,,,,,,,,,,2017,4/13/2017,$                                                       35.35,,,3/1/2021,,3/1/2021,,,,,1.39%,$             35.35,0.49,,,,,,,,2.80%,,,1.69,,-10.84%,,,,,,,,,,,,
,,,,,,,,,,,,,,,,,,2017,4/17/2017,$                                                       35.60,,,3/8/2021,,3/8/2021,,,,,1.38%,$             35.60,0.49,,,,,,,,2.78%,,,1.69,,-10.21%,,,,,,,,,,,,
,,,,,,,,,,,,,,,,,,2017,4/18/2017,$                                                       35.60,,,3/15/2021,,3/15/2021,,,,,1.38%,$             35.60,0.49,,,,,,,,2.78%,,,1.69,,-10.21%,,,,,,,,,,,,
,,,,,,,,,,,,,,,,,,2017,4/19/2017,$                                                       35.90,,,3/22/2021,,3/22/2021,,,,,1.36%,$             35.90,0.49,,,,,,,,2.76%,,,1.69,,-9.46%,,,,,,,,,,,,
,,,,,,,,,,,,,,,,,,2017,4/20/2017,$                                                       39.20,,,3/29/2021,,3/29/2021,,,,,1.25%,$             39.20,0.49,,,,,,,,2.53%,,,1.69,,-1.13%,,,,,,,,,,,,
,,,,,,,,,,,,,,,,,,2017,4/21/2017,$                                                       39.65,,,4/5/2021,,4/5/2021,,,,,1.24%,$             39.65,0.49,,,,,,,,2.50%,,,1.69,,0.00%,,,,,,,,,,,,
,,,,,,,,,,,,,,,,,,2017,4/24/2017,$                                                       40.95,,,4/12/2021,,4/12/2021,,,,,1.20%,$             40.95,0.49,,,,,,,,2.42%,,,1.69,,0.00%,,,,,,,,,,,,
,,,,,,,,,,,,,,,,,,2017,4/25/2017,$                                                       40.55,,,4/19/2021,,4/19/2021,,,,,1.21%,$             40.55,0.49,,,,,,,,2.44%,,,1.69,,-0.98%,,,,,,,,,,,,
,,,,,,,,,,,,,,,,,,2017,4/26/2017,$                                                       40.30,,,4/26/2021,,4/26/2021,,,,,1.22%,$             40.30,0.49,,,,,,,,2.46%,,,1.69,,-1.59%,,,,,,,,,,,,
,,,,,,,,,,,,,,,,,,2017,4/27/2017,$                                                       40.65,,,5/3/2021,,5/3/2021,,,,,1.21%,$             40.65,0.49,,,,,,,,2.44%,,,1.69,,-0.73%,,,,,,,,,,,,
,,,,,,,,,,,,,,,,,,2017,4/28/2017,$                                                       39.75,,,5/10/2021,,5/10/2021,,,,,1.23%,$             39.75,0.49,,,,,,,,2.49%,,,1.69,,-2.93%,,,,,,,,,,,,
,,,,,,,,,,,,,,,,,,2017,5/1/2017,$                                                       39.50,,,5/17/2021,,5/17/2021,,,,,1.24%,$             39.50,0.49,,,,,,,,2.51%,,,1.69,,-3.54%,,,,,,,,,,,,
,,,,,,,,,,,,,,,,,,2017,5/2/2017,$                                                       39.25,,,5/24/2021,,5/24/2021,,,,,1.25%,$             39.25,0.49,,,,,,,,2.52%,,,1.69,,-4.15%,,,,,,,,,,,,
,,,,,,,,,,,,,,,,,,2017,5/3/2017,$                                                       38.50,,,6/1/2021,,6/1/2021,,,,,1.27%,$             38.50,0.49,,,,,,,,2.57%,,,1.69,,-5.98%,,,,,,,,,,,,
,,,,,,,,,,,,,,,,,,2017,5/4/2017,$                                                       38.00,,,6/7/2021,,6/7/2021,,,,,1.29%,$             38.00,0.49,,,,,,,,2.61%,,,1.69,,-7.20%,,,,,,,,,,,,
,,,,,,,,,,,,,,,,,,2017,5/5/2017,$                                                       38.55,,,6/14/2021,,6/14/2021,,,,,1.27%,$             38.55,0.49,,,,,,,,2.57%,,,1.69,,-5.86%,,,,,,,,,,,,
,,,,,,,,,,,,,,,,,,2017,5/8/2017,$                                                       38.85,,,6/21/2021,,6/21/2021,,,,,1.26%,$             38.85,0.49,,,,,,,,2.55%,,,1.69,,-5.13%,,,,,,,,,,,,
,,,,,,,,,,,,,,,,,,2017,5/9/2017,$                                                       38.25,,,6/28/2021,,6/28/2021,,,,,1.28%,$             38.25,0.49,,,,,,,,2.59%,,,1.69,,-6.59%,,,,,,,,,,,,
,,,,,,,,,,,,,,,,,,2017,5/10/2017,$                                                       38.40,,,7/6/2021,,7/6/2021,,,,,1.28%,$             38.40,0.49,,,,,,,,2.58%,,,1.69,,-6.23%,,,,,,,,,,,,
,,,,,,,,,,,,,,,,,,2017,5/11/2017,$                                                       38.55,,,7/12/2021,,7/12/2021,,,,,1.27%,$             38.55,0.49,,,,,,,,2.57%,,,1.69,,-5.86%,,,,,,,,,,,,
,,,,,,,,,,,,,,,,,,2017,5/12/2017,$                                                       37.85,,,7/19/2021,,7/19/2021,,,,,1.29%,$             37.85,0.49,,,,,,,,2.62%,,,1.69,,-7.57%,,,,,,,,,,,,
,,,,,,,,,,,,,,,,,,2017,5/15/2017,$                                                       38.30,,,7/26/2021,,7/26/2021,,,,,1.28%,$             38.30,0.49,,,,,,,,2.58%,,,1.69,,-6.47%,,,,,,,,,,,,
,,,,,,,,,,,,,,,,,,2017,5/16/2017,$                                                       38.55,,,8/2/2021,,8/2/2021,,,,,1.27%,$             38.55,0.49,,,,,,,,2.57%,,,1.69,,-5.86%,,,,,,,,,,,,
,,,,,,,,,,,,,,,,,,2017,5/17/2017,$                                                       37.80,,,8/9/2021,,8/9/2021,,,,,1.30%,$             37.80,0.49,,,,,,,,2.62%,,,1.69,,-7.69%,,,,,,,,,,,,
,,,,,,,,,,,,,,,,,,2017,5/18/2017,$                                                       37.80,,,8/16/2021,,8/16/2021,,,,,1.30%,$             37.80,0.49,,,,,,,,2.62%,,,1.69,,-7.69%,,,,,,,,,,,,
,,,,,,,,,,,,,,,,,,2017,5/19/2017,$                                                       38.45,,,8/23/2021,,8/23/2021,,,,,1.27%,$             38.45,0.49,,,,,,,,2.57%,,,1.69,,-6.11%,,,,,,,,,,,,
,,,,,,,,,,,,,,,,,,2017,5/22/2017,$                                                       38.55,,,8/30/2021,,8/30/2021,,,,,1.27%,$             38.55,0.49,,,,,,,,2.57%,,,1.69,,-5.86%,,,,,,,,,,,,
,,,,,,,,,,,,,,,,,,2017,5/23/2017,$                                                       38.50,,,9/7/2021,,9/7/2021,,,,,1.27%,$             38.50,0.49,,,,,,,,2.57%,,,1.69,,-5.98%,,,,,,,,,,,,
,,,,,,,,,,,,,,,,,,2017,5/24/2017,$                                                       38.95,,,9/13/2021,,9/13/2021,,,,,1.26%,$             38.95,0.49,,,,,,,,2.54%,,,1.69,,-4.88%,,,,,,,,,,,,
,,,,,,,,,,,,,,,,,,2017,5/25/2017,$                                                        39.10,,,9/20/2021,,9/20/2021,,,,,1.25%,$              39.10,0.49,,,,,,,,2.53%,,,1.69,,-4.52%,,,,,,,,,,,,
,,,,,,,,,,,,,,,,,,2017,5/26/2017,$                                                        39.10,,,9/27/2021,,9/27/2021,,,,,1.25%,$              39.10,0.49,,,,,,,,2.53%,,,1.69,,-4.52%,,,,,,,,,,,,
,,,,,,,,,,,,,,,,,,2017,5/30/2017,$                                                        39.15,,,10/4/2021,,10/4/2021,,,,,1.25%,$              39.15,0.49,,,,,,,,2.53%,,,1.69,,-4.40%,,,,,,,,,,,,
,,,,,,,,,,,,,,,,,,2017,5/31/2017,$                                                       39.20,,,10/11/2021,,10/11/2021,,,,,1.25%,$             39.20,0.49,,,,,,,,2.53%,,,1.69,,-4.27%,,,,,,,,,,,,
,,,,,,,,,,,,,,,,,,2017,6/1/2017,$                                                       39.75,,,10/18/2021,,10/18/2021,,,,,1.23%,$             39.75,0.49,,,,,,,,2.49%,,,1.69,,-2.93%,,,,,,,,,,,,
,,,,,,,,,,,,,,,,,,2017,6/2/2017,$                                                       40.35,,,10/25/2021,,10/25/2021,,,,,1.21%,$             40.35,0.49,,,,,,,,2.45%,,,1.69,,-1.47%,,,,,,,,,,,,
,,,,,,,,,,,,,,,,,,2017,6/5/2017,$                                                        40.10,,,11/1/2021,,11/1/2021,,,,,1.22%,$              40.10,0.49,,,,,,,,2.47%,,,1.69,,-2.08%,,,,,,,,,,,,
,,,,,,,,,,,,,,,,,,2017,6/6/2017,$                                                       40.25,,,11/8/2021,,11/8/2021,,,,,1.22%,$             40.25,0.49,,,,,,,,2.46%,,,1.69,,-1.71%,,,,,,,,,,,,
,,,,,,,,,,,,,,,,,,2017,6/7/2017,$                                                       40.35,,,11/15/2021,,11/15/2021,,,,,1.21%,$             40.35,0.49,,,,,,,,2.45%,,,1.69,,-1.47%,,,,,,,,,,,,
,,,,,,,,,,,,,,,,,,2017,6/8/2017,$                                                       40.90,,,11/22/2021,,11/22/2021,,,,,1.20%,$             40.90,0.49,,,,,,,,2.42%,,,1.69,,-0.12%,,,,,,,,,,,,
,,,,,,,,,,,,,,,,,,2017,6/9/2017,$                                                        41.20,,,11/29/2021,,11/29/2021,,,,,1.19%,$              41.20,0.49,,,,,,,,2.40%,,,1.69,,0.00%,,,,,,,,,,,,
,,,,,,,,,,,,,,,,,,2017,6/12/2017,$                                                       40.85,,,12/6/2021,,12/6/2021,,,,,1.20%,$             40.85,0.49,,,,,,,,2.42%,,,1.69,,-0.85%,,,,,,,,,,,,
,,,,,,,,,,,,,,,,,,2017,6/13/2017,$                                                       40.40,,,12/13/2021,,12/13/2021,,,,,1.21%,$             40.40,0.49,,,,,,,,2.45%,,,1.69,,-1.94%,,,,,,,,,,,,
,,,,,,,,,,,,,,,,,,2017,6/14/2017,$                                                        40.10,,,12/20/2021,,12/20/2021,,,,,1.22%,$              40.10,0.49,,,,,,,,2.47%,,,1.69,,-2.67%,,,,,,,,,,,,
,,,,,,,,,,,,,,,,,,2017,6/15/2017,$                                                        40.10,,,12/27/2021,,12/27/2021,,,,,1.22%,$              40.10,0.49,,,,,,,,2.47%,,,1.69,,-2.67%,,,,,,,,,,,,
,,,,,,,,,,,,,,,,,,2017,6/16/2017,$                                                       39.80,,,1/3/2022,,1/3/2022,,,,,1.23%,$             39.80,0.49,,,,,,,,2.49%,,,1.69,,-3.40%,,,,,,,,,,,,
,,,,,,,,,,,,,,,,,,2017,6/19/2017,$                                                       40.40,,,1/10/2022,,1/10/2022,,,,,1.21%,$             40.40,0.49,,,,,,,,2.45%,,,1.69,,-1.94%,,,,,,,,,,,,
,,,,,,,,,,,,,,,,,,2017,6/20/2017,$                                                       39.70,,,1/18/2022,,1/18/2022,,,,,1.23%,$             39.70,0.49,,,,,,,,2.49%,,,1.69,,-3.64%,,,,,,,,,,,,
,,,,,,,,,,,,,,,,,,2017,6/21/2017,$                                                       39.30,,,1/24/2022,,1/24/2022,,,,,1.25%,$             39.30,0.49,,,,,,,,2.52%,,,1.69,,-4.61%,,,,,,,,,,,,
,,,,,,,,,,,,,,,,,,2017,6/22/2017,$                                                       39.55,,,1/31/2022,,1/31/2022,,,,,1.24%,$             39.55,0.49,,,,,,,,2.50%,,,1.69,,-4.00%,,,,,,,,,,,,
,,,,,,,,,,,,,,,,,,2017,6/23/2017,$                                                        40.10,,,2/7/2022,,2/7/2022,,,,,1.22%,$              40.10,0.49,,,,,,,,2.47%,,,1.69,,-2.67%,,,,,,,,,,,,
,,,,,,,,,,,,,,,,,,2017,6/26/2017,$                                                       39.85,,,2/14/2022,,2/14/2022,,,,,1.23%,$             39.85,0.49,,,,,,,,2.48%,,,1.69,,-3.28%,,,,,,,,,,,,
,,,,,,,,,,,,,,,,,,2017,6/27/2017,$                                                       39.35,,,2/22/2022,,2/22/2022,,,,,1.25%,$             39.35,0.49,,,,,,,,2.52%,,,1.69,,-4.49%,,,,,,,,,,,,
,,,,,,,,,,,,,,,,,,2017,6/28/2017,$                                                       40.35,,,2/28/2022,,2/28/2022,,,,,1.21%,$             40.35,0.49,,,,,,,,2.45%,,,1.69,,-2.06%,,,,,,,,,,,,
,,,,,,,,,,,,,,,,,,2017,6/29/2017,$                                                       39.55,,,3/7/2022,,3/7/2022,,,,,1.24%,$             39.55,0.49,,,,,,,,2.50%,,,1.69,,-4.00%,,,,,,,,,,,,
,,,,,,,,,,,,,,,,,,2017,6/30/2017,$                                                       39.85,,,3/14/2022,,3/14/2022,,,,,1.23%,$             39.85,0.49,,,,,,,,2.48%,,,1.69,,-3.28%,,,,,,,,,,,,
,,,,,,,,,,,,,,,,,,2017,7/3/2017,$                                                       39.90,,,3/21/2022,,3/21/2022,,,,,1.23%,$             39.90,0.49,,,,,,,,2.48%,,,1.69,,-3.16%,,,,,,,,,,,,
,,,,,,,,,,,,,,,,,,2017,7/5/2017,$                                                       39.55,,,3/28/2022,,3/28/2022,,,,,1.24%,$             39.55,0.49,,,,,,,,2.50%,,,1.69,,-4.00%,,,,,,,,,,,,
,,,,,,,,,,,,,,,,,,2017,7/6/2017,$                                                       39.30,,,4/4/2022,,4/4/2022,,,,,1.25%,$             39.30,0.49,,,,,,,,2.52%,,,1.69,,-4.61%,,,,,,,,,,,,
,,,,,,,,,,,,,,,,,,2017,7/7/2017,$                                                       40.20,,,4/11/2022,,4/11/2022,,,,,1.22%,$             40.20,0.49,,,,,,,,2.46%,,,1.69,,-2.43%,,,,,,,,,,,,
,,,,,,,,,,,,,,,,,,2017,7/10/2017,$                                                       39.75,,,4/18/2022,,4/18/2022,,,,,1.23%,$             39.75,0.49,,,,,,,,2.49%,,,1.69,,-3.52%,,,,,,,,,,,,
,,,,,,,,,,,,,,,,,,2017,7/11/2017,$                                                        40.15,,,4/25/2022,,4/25/2022,,,,,1.22%,$              40.15,0.49,,,,,,,,2.47%,,,1.69,,-2.55%,,,,,,,,,,,,
,,,,,,,,,,,,,,,,,,2017,7/12/2017,$                                                       40.55,,,5/2/2022,,5/2/2022,,,,,1.21%,$             40.55,0.49,,,,,,,,2.44%,,,1.69,,-1.58%,,,,,,,,,,,,
,,,,,,,,,,,,,,,,,,2017,7/13/2017,$                                                       40.30,,,5/9/2022,,5/9/2022,,,,,1.22%,$             40.30,0.49,,,,,,,,2.46%,,,1.69,,-2.18%,,,,,,,,,,,,
,,,,,,,,,,,,,,,,,,2017,7/14/2017,$                                                       40.60,,,5/16/2022,,5/16/2022,,,,,1.21%,$             40.60,0.49,,,,,,,,2.44%,,,1.69,,-1.46%,,,,,,,,,,,,
,,,,,,,,,,,,,,,,,,2017,7/17/2017,$                                                       40.70,,,5/23/2022,,5/23/2022,,,,,1.20%,$             40.70,0.49,,,,,,,,2.43%,,,1.69,,-1.21%,,,,,,,,,,,,
,,,,,,,,,,,,,,,,,,2017,7/18/2017,$                                                       40.85,,,5/31/2022,,5/31/2022,,,,,1.20%,$             40.85,0.49,,,,,,,,2.42%,,,1.69,,-0.85%,,,,,,,,,,,,
,,,,,,,,,,,,,,,,,,2017,7/19/2017,$                                                        41.40,,,6/6/2022,,6/6/2022,,,,,1.18%,$              41.40,0.49,,,,,,,,2.39%,,,1.69,,0.00%,,,,,,,,,,,,
,,,,,,,,,,,,,,,,,,2017,7/20/2017,$                                                        41.75,,,6/13/2022,,6/13/2022,,,,,1.17%,$              41.75,0.49,,,,,,,,2.37%,,,1.69,,0.00%,,,,,,,,,,,,
,,,,,,,,,,,,,,,,,,2017,7/21/2017,$                                                       44.70,,,6/21/2022,,6/21/2022,,,,,1.10%,$             44.70,0.49,,,,,,,,2.21%,,,1.69,,0.00%,,,,,,,,,,,,
,,,,,,,,,,,,,,,,,,2017,7/24/2017,$                                                        45.10,,,6/27/2022,,6/27/2022,,,,,1.09%,$              45.10,0.49,,,,,,,,2.20%,,,1.69,,0.00%,,,,,,,,,,,,
,,,,,,,,,,,,,,,,,,2017,7/25/2017,$                                                       45.40,,,7/5/2022,,7/5/2022,,,,,1.08%,$             45.40,0.49,,,,,,,,2.18%,,,1.69,,0.00%,,,,,,,,,,,,
,,,,,,,,,,,,,,,,,,2017,7/26/2017,$                                                       45.05,,,7/11/2022,,7/11/2022,,,,,1.09%,$             45.05,0.49,,,,,,,,2.20%,,,1.69,,-0.77%,,,,,,,,,,,,
,,,,,,,,,,,,,,,,,,2017,7/27/2017,$                                                       45.05,,,7/18/2022,,7/18/2022,,,,,1.09%,$             45.05,0.49,,,,,,,,2.20%,,,1.69,,-0.77%,,,,,,,,,,,,
,,,,,,,,,,,,,,,,,,2017,7/28/2017,$                                                       44.80,,,7/25/2022,,7/25/2022,,,,,1.09%,$             44.80,0.49,,,,,,,,2.21%,,,1.69,,-1.32%,,,,,,,,,,,,
,,,,,,,,,,,,,,,,,,2017,7/31/2017,$                                                       45.25,,,8/1/2022,,8/1/2022,,,,,1.08%,$             45.25,0.49,,,,,,,,2.19%,,,1.69,,-0.33%,,,,,,,,,,,,
,,,,,,,,,,,,,,,,,,2017,8/1/2017,$                                                        45.15,,,8/8/2022,,8/8/2022,,,,,1.09%,$              45.15,0.49,,,,,,,,2.19%,,,1.69,,-0.55%,,,,,,,,,,,,
,,,,,,,,,,,,,,,,,,2017,8/2/2017,$                                                       45.00,,,8/15/2022,,8/15/2022,,,,,1.09%,$             45.00,0.49,,,,,,,,2.20%,,,1.69,,-0.88%,,,,,,,,,,,,
,,,,,,,,,,,,,,,,,,2017,8/3/2017,$                                                       44.75,,,8/22/2022,,8/22/2022,,,,,1.09%,$             44.75,0.49,,,,,,,,2.21%,,,1.69,,-1.43%,,,,,,,,,,,,
,,,,,,,,,,,,,,,,,,2017,8/4/2017,$                                                       44.55,,,8/29/2022,,8/29/2022,,,,,1.10%,$             44.55,0.49,,,,,,,,2.22%,,,1.69,,-1.87%,,,,,,,,,,,,
,,,,,,,,,,,,,,,,,,2017,8/7/2017,$                                                       44.80,,,9/6/2022,,9/6/2022,,,,,1.09%,$             44.80,0.49,,,,,,,,2.21%,,,1.69,,-1.32%,,,,,,,,,,,,
,,,,,,,,,,,,,,,,,,2017,8/8/2017,$                                                       44.85,,,9/12/2022,,9/12/2022,,,,,1.09%,$             44.85,0.49,,,,,,,,2.21%,,,1.69,,-1.21%,,,,,,,,,,,,
,,,,,,,,,,,,,,,,,,2017,8/9/2017,$                                                       44.50,,,9/19/2022,,9/19/2022,,,,,1.10%,$             44.50,0.49,,,,,,,,2.22%,,,1.69,,-1.98%,,,,,,,,,,,,
,,,,,,,,,,,,,,,,,,2017,8/10/2017,$                                                       43.60,,,9/26/2022,,9/26/2022,,,,,1.12%,$             43.60,0.49,,,,,,,,2.27%,,,1.69,,-3.96%,,,,,,,,,,,,
,,,,,,,,,,,,,,,,,,2017,8/11/2017,$                                                       44.20,,,10/3/2022,,10/3/2022,,,,,1.11%,$             44.20,0.49,,,,,,,,2.24%,,,1.69,,-2.64%,,,,,,,,,,,,
,,,,,,,,,,,,,,,,,,2017,8/14/2017,$                                                       45.00,,,10/10/2022,,10/10/2022,,,,,1.09%,$             45.00,0.49,,,,,,,,2.20%,,,1.69,,-0.88%,,,,,,,,,,,,
,,,,,,,,,,,,,,,,,,2017,8/15/2017,$                                                       45.00,,,10/17/2022,,10/17/2022,,,,,1.09%,$             45.00,0.49,,,,,,,,2.20%,,,1.69,,-0.88%,,,,,,,,,,,,
,,,,,,,,,,,,,,,,,,2017,8/16/2017,$                                                       44.95,,,10/24/2022,,10/24/2022,,,,,1.09%,$             44.95,0.49,,,,,,,,2.20%,,,1.69,,-0.99%,,,,,,,,,,,,
,,,,,,,,,,,,,,,,,,2017,8/17/2017,$                                                       44.00,,,10/31/2022,,10/31/2022,,,,,1.11%,$             44.00,0.49,,,,,,,,2.25%,,,1.69,,-3.08%,,,,,,,,,,,,
,,,,,,,,,,,,,,,,,,2017,8/18/2017,$                                                       44.20,,,11/7/2022,,11/7/2022,,,,,1.11%,$             44.20,0.49,,,,,,,,2.24%,,,1.69,,-2.64%,,,,,,,,,,,,
,,,,,,,,,,,,,,,,,,2017,8/21/2017,$                                                       44.25,,,11/14/2022,,11/14/2022,,,,,1.11%,$             44.25,0.49,,,,,,,,2.24%,,,1.69,,-2.53%,,,,,,,,,,,,
,,,,,,,,,,,,,,,,,,2017,8/22/2017,$                                                       44.65,,,11/21/2022,,11/21/2022,,,,,1.10%,$             44.65,0.49,,,,,,,,2.22%,,,1.69,,-1.65%,,,,,,,,,,,,
,,,,,,,,,,,,,,,,,,2017,8/23/2017,$                                                       44.80,,,11/28/2022,,11/28/2022,,,,,1.09%,$             44.80,0.49,,,,,,,,2.21%,,,1.69,,-1.32%,,,,,,,,,,,,
,,,,,,,,,,,,,,,,,,2017,8/24/2017,$                                                       44.65,,,12/5/2022,,12/5/2022,,,,,1.10%,$             44.65,0.49,,,,,,,,2.22%,,,1.69,,-1.65%,,,,,,,,,,,,
,,,,,,,,,,,,,,,,,,2017,8/25/2017,$                                                       45.00,,,12/12/2022,,12/12/2022,,,,,1.09%,$             45.00,0.49,,,,,,,,2.20%,,,1.69,,-0.88%,,,,,,,,,,,,
,,,,,,,,,,,,,,,,,,2017,8/28/2017,$                                                       45.05,,,12/19/2022,,12/19/2022,,,,,1.09%,$             45.05,0.49,,,,,,,,2.20%,,,1.69,,-0.77%,,,,,,,,,,,,
,,,,,,,,,,,,,,,,,,2017,8/29/2017,$                                                       44.85,,,12/27/2022,,12/27/2022,,,,,1.09%,$             44.85,0.49,,,,,,,,2.21%,,,1.69,,-1.21%,,,,,,,,,,,,
,,,,,,,,,,,,,,,,,,2017,8/30/2017,$                                                       45.40,,,1/3/2023,,1/3/2023,,,,,1.08%,$             45.40,0.49,,,,,,,,2.18%,,,1.69,,0.00%,,,,,,,,,,,,
,,,,,,,,,,,,,,,,,,2017,8/31/2017,$                                                       45.90,,,1/9/2023,,1/9/2023,,,,,1.07%,$             45.90,0.49,,,,,,,,2.16%,,,1.69,,0.00%,,,,,,,,,,,,
,,,,,,,,,,,,,,,,,,2017,9/1/2017,$                                                       45.70,,,1/17/2023,,1/17/2023,,,,,1.07%,$             45.70,0.49,,,,,,,,2.17%,,,1.69,,-0.44%,,,,,,,,,,,,
,,,,,,,,,,,,,,,,,,2017,9/5/2017,$                                                       45.60,,,1/23/2023,,1/23/2023,,,,,1.07%,$             45.60,0.49,,,,,,,,2.17%,,,1.69,,-0.65%,,,,,,,,,,,,
,,,,,,,,,,,,,,,,,,2017,9/6/2017,$                                                       45.35,,,1/30/2023,,1/30/2023,,,,,1.08%,$             45.35,0.49,,,,,,,,2.18%,,,1.69,,-1.20%,,,,,,,,,,,,
,,,,,,,,,,,,,,,,,,2017,9/7/2017,$                                                       45.25,,,2/6/2023,,2/6/2023,,,,,1.08%,$             45.25,0.49,,,,,,,,2.19%,,,1.69,,-1.42%,,,,,,,,,,,,
,,,,,,,,,,,,,,,,,,2017,9/8/2017,$                                                       44.95,,,2/13/2023,,2/13/2023,,,,,1.09%,$             44.95,0.49,,,,,,,,2.20%,,,1.69,,-2.07%,,,,,,,,,,,,
,,,,,,,,,,,,,,,,,,2017,9/11/2017,$                                                       45.20,,,2/21/2023,,2/21/2023,,,,,1.08%,$             45.20,0.49,,,,,,,,2.19%,,,1.69,,-1.53%,,,,,,,,,,,,
,,,,,,,,,,,,,,,,,,2017,9/12/2017,$                                                       45.05,,,2/27/2023,,2/27/2023,,,,,1.09%,$             45.05,0.49,,,,,,,,2.20%,,,1.69,,-1.85%,,,,,,,,,,,,
,,,,,,,,,,,,,,,,,,2017,9/13/2017,$                                                        45.10,,,3/6/2023,,3/6/2023,,,,,1.09%,$              45.10,0.49,,,,,,,,2.20%,,,1.69,,-1.74%,,,,,,,,,,,,
,,,,,,,,,,,,,,,,,,2017,9/14/2017,$                                                       45.55,,,3/13/2023,,3/13/2023,,,,,1.08%,$             45.55,0.49,,,,,,,,2.17%,,,1.69,,-0.76%,,,,,,,,,,,,
,,,,,,,,,,,,,,,,,,2017,9/15/2017,$                                                       45.80,,,3/20/2023,,3/20/2023,,,,,1.07%,$             45.80,0.49,,,,,,,,2.16%,,,1.69,,-0.22%,,,,,,,,,,,,
,,,,,,,,,,,,,,,,,,2017,9/18/2017,$                                                       46.45,,,3/27/2023,,3/27/2023,,,,,1.05%,$             46.45,0.49,,,,,,,,2.13%,,,1.69,,0.00%,,,,,,,,,,,,
,,,,,,,,,,,,,,,,,,2017,9/19/2017,$                                                       46.25,,,4/3/2023,,4/3/2023,,,,,1.06%,$             46.25,0.49,,,,,,,,2.14%,,,1.69,,-0.43%,,,,,,,,,,,,
,,,,,,,,,,,,,,,,,,2017,9/20/2017,$                                                       46.60,,,4/10/2023,,4/10/2023,,,,,1.05%,$             46.60,0.49,,,,,,,,2.12%,,,1.69,,0.00%,,,,,,,,,,,,
,,,,,,,,,,,,,,,,,,2017,9/21/2017,$                                                       47.35,,,4/17/2023,,4/17/2023,,,,,1.03%,$             47.35,0.49,,,,,,,,2.09%,,,1.69,,0.00%,,,,,,,,,,,,
,,,,,,,,,,,,,,,,,,2017,9/22/2017,$                                                       48.35,,,4/24/2023,,4/24/2023,,,,,1.01%,$             48.35,0.49,,,,,,,,2.05%,,,1.69,,0.00%,,,,,,,,,,,,
,,,,,,,,,,,,,,,,,,2017,9/25/2017,$                                                       47.35,,,5/1/2023,,5/1/2023,,,,,1.03%,$             47.35,0.49,,,,,,,,2.09%,,,1.69,,-2.07%,,,,,,,,,,,,
,,,,,,,,,,,,,,,,,,2017,9/26/2017,$                                                       47.80,,,5/8/2023,,5/8/2023,,,,,1.03%,$             47.80,0.49,,,,,,,,2.07%,,,1.69,,-1.14%,,,,,,,,,,,,
,,,,,,,,,,,,,,,,,,2017,9/27/2017,$                                                       48.95,,,5/15/2023,,5/15/2023,,,,,1.00%,$             48.95,0.49,,,,,,,,2.02%,,,1.69,,0.00%,,,,,,,,,,,,
,,,,,,,,,,,,,,,,,,2017,9/28/2017,$                                                        49.10,,,5/22/2023,,5/22/2023,,,,,1.00%,$              49.10,0.49,,,,,,,,2.02%,,,1.69,,0.00%,,,,,,,,,,,,
,,,,,,,,,,,,,,,,,,2017,9/29/2017,$                                                       49.00,,,5/30/2023,,5/30/2023,,,,,1.00%,$             49.00,0.49,,,,,,,,2.02%,,,1.69,,-0.20%,,,,,,,,,,,,
,,,,,,,,,,,,,,,,,,2017,10/2/2017,$                                                       50.45,,,6/5/2023,,6/5/2023,,,,,0.97%,$             50.45,0.49,,,,,,,,1.96%,,,1.69,,0.00%,,,,,,,,,,,,
,,,,,,,,,,,,,,,,,,2017,10/3/2017,$                                                       50.70,,,6/12/2023,,6/12/2023,,,,,0.97%,$             50.70,0.49,,,,,,,,1.95%,,,1.69,,0.00%,,,,,,,,,,,,
,,,,,,,,,,,,,,,,,,2017,10/4/2017,$                                                       50.25,,,6/20/2023,,6/20/2023,,,,,0.98%,$             50.25,0.49,,,,,,,,1.97%,,,1.69,,-0.89%,,,,,,,,,,,,
,,,,,,,,,,,,,,,,,,2017,10/5/2017,$                                                       50.25,,,6/26/2023,,6/26/2023,,,,,0.98%,$             50.25,0.49,,,,,,,,1.97%,,,1.69,,-0.89%,,,,,,,,,,,,
,,,,,,,,,,,,,,,,,,2017,10/6/2017,$                                                        50.15,,,7/3/2023,,7/3/2023,,,,,0.98%,$              50.15,0.49,,,,,,,,1.97%,,,1.69,,-1.08%,,,,,,,,,,,,
,,,,,,,,,,,,,,,,,,2017,10/9/2017,$                                                       50.65,,,7/10/2023,,7/10/2023,,,,,0.97%,$             50.65,0.49,,,,,,,,1.95%,,,1.69,,-0.10%,,,,,,,,,,,,
,,,,,,,,,,,,,,,,,,2017,10/10/2017,$                                                         51.15,,,7/17/2023,,7/17/2023,,,,,0.96%,$               51.15,0.49,,,,,,,,1.94%,,,1.69,,0.00%,,,,,,,,,,,,
,,,,,,,,,,,,,,,,,,2017,10/11/2017,$                                                        51.55,,,7/24/2023,,7/24/2023,,,,,0.95%,$              51.55,0.49,,,,,,,,1.92%,,,1.69,,0.00%,,,,,,,,,,,,
,,,,,,,,,,,,,,,,,,2017,10/12/2017,$                                                        51.60,,,7/31/2023,,7/31/2023,,,,,0.95%,$              51.60,0.49,,,,,,,,1.92%,,,1.69,,0.00%,,,,,,,,,,,,
,,,,,,,,,,,,,,,,,,2017,10/13/2017,$                                                        51.40,,,8/7/2023,,8/7/2023,,,,,0.95%,$              51.40,0.49,,,,,,,,1.93%,,,1.69,,-0.39%,,,,,,,,,,,,
,,,,,,,,,,,,,,,,,,2017,10/16/2017,$                                                       50.80,,,8/14/2023,,8/14/2023,,,,,0.96%,$             50.80,0.49,,,,,,,,1.95%,,,1.69,,-1.55%,,,,,,,,,,,,
,,,,,,,,,,,,,,,,,,2017,10/17/2017,$                                                       44.60,,,8/21/2023,,8/21/2023,,,,,1.10%,$             44.60,0.49,,,,,,,,2.22%,,,1.69,,-13.57%,,,,,,,,,,,,
,,,,,,,,,,,,,,,,,,2017,10/18/2017,$                                                       43.25,,,8/28/2023,,8/28/2023,,,,,1.13%,$             43.25,0.49,,,,,,,,2.29%,,,1.69,,-16.18%,,,,,,,,,,,,
,,,,,,,,,,,,,,,,,,2017,10/19/2017,$                                                       43.00,,,9/5/2023,,9/5/2023,,,,,1.14%,$             43.00,0.49,,,,,,,,2.30%,,,1.69,,-16.67%,,,,,,,,,,,,
,,,,,,,,,,,,,,,,,,2017,10/20/2017,$                                                       43.80,,,9/11/2023,,9/11/2023,,,,,1.12%,$             43.80,0.49,,,,,,,,2.26%,,,1.69,,-15.12%,,,,,,,,,,,,
,,,,,,,,,,,,,,,,,,2017,10/23/2017,$                                                       44.05,,,9/18/2023,,9/18/2023,,,,,1.11%,$             44.05,0.49,,,,,,,,2.25%,,,1.69,,-14.63%,,,,,,,,,,,,
,,,,,,,,,,,,,,,,,,2017,10/24/2017,$                                                       44.00,,,9/25/2023,,9/25/2023,,,,,1.11%,$             44.00,0.49,,,,,,,,2.25%,,,1.69,,-14.73%,,,,,,,,,,,,
,,,,,,,,,,,,,,,,,,2017,10/25/2017,$                                                       43.80,,,10/2/2023,,10/2/2023,,,,,1.12%,$             43.80,0.49,,,,,,,,2.26%,,,1.69,,-15.12%,,,,,,,,,,,,
,,,,,,,,,,,,,,,,,,2017,10/26/2017,$                                                       43.85,,,10/9/2023,,10/9/2023,,,,,1.12%,$             43.85,0.49,,,,,,,,2.26%,,,1.69,,-15.02%,,,,,,,,,,,,
,,,,,,,,,,,,,,,,,,2017,10/27/2017,$                                                       44.05,,,10/16/2023,,10/16/2023,,,,,1.11%,$             44.05,0.49,,,,,,,,2.25%,,,1.69,,-14.63%,,,,,,,,,,,,
,,,,,,,,,,,,,,,,,,2017,10/30/2017,$                                                       43.50,,,10/23/2023,,10/23/2023,,,,,1.13%,$             43.50,0.49,,,,,,,,2.28%,,,1.69,,-15.70%,,,,,,,,,,,,
,,,,,,,,,,,,,,,,,,2017,10/31/2017,$                                                       43.80,,,10/30/2023,,10/30/2023,,,,,1.12%,$             43.80,0.49,,,,,,,,2.26%,,,1.69,,-15.12%,,,,,,,,,,,,
,,,,,,,,,,,,,,,,,,2017,11/1/2017,$                                                       43.95,,,11/6/2023,,11/6/2023,,,,,1.11%,$             43.95,0.49,,,,,,,,2.25%,,,1.69,,-14.83%,,,,,,,,,,,,
,,,,,,,,,,,,,,,,,,2017,11/2/2017,$                                                       44.05,,,11/13/2023,,11/13/2023,,,,,1.11%,$             44.05,0.49,,,,,,,,2.25%,,,1.69,,-14.63%,,,,,,,,,,,,
,,,,,,,,,,,,,,,,,,2017,11/3/2017,$                                                       44.35,,,11/20/2023,,11/20/2023,,,,,1.10%,$             44.35,0.49,,,,,,,,2.23%,,,1.69,,-14.05%,,,,,,,,,,,,
,,,,,,,,,,,,,,,,,,2017,11/6/2017,$                                                       44.45,,,11/27/2023,,11/27/2023,,,,,1.10%,$             44.45,0.49,,,,,,,,2.23%,,,1.69,,-13.86%,,,,,,,,,,,,
,,,,,,,,,,,,,,,,,,2017,11/7/2017,$                                                       44.85,,,12/4/2023,,12/4/2023,,,,,1.09%,$             44.85,0.49,,,,,,,,2.21%,,,1.69,,-13.08%,,,,,,,,,,,,
,,,,,,,,,,,,,,,,,,2017,11/8/2017,$                                                       44.70,,,12/11/2023,,12/11/2023,,,,,1.10%,$             44.70,0.49,,,,,,,,2.21%,,,1.69,,-13.37%,,,,,,,,,,,,
,,,,,,,,,,,,,,,,,,2017,11/9/2017,$                                                       44.65,,,12/18/2023,,12/18/2023,,,,,1.10%,$             44.65,0.49,,,,,,,,2.22%,,,1.69,,-13.47%,,,,,,,,,,,,
,,,,,,,,,,,,,,,,,,2017,11/10/2017,$                                                       44.30,,,12/26/2023,,12/26/2023,,,,,1.11%,$             44.30,0.49,,,,,,,,2.23%,,,1.69,,-14.15%,,,,,,,,,,,,
,,,,,,,,,,,,,,,,,,2017,11/13/2017,$                                                       43.75,,,1/2/2024,,1/2/2024,,,,,1.12%,$             43.75,0.49,,,,,,,,2.26%,,,1.69,,-15.21%,,,,,,,,,,,,
,,,,,,,,,,,,,,,,,,2017,11/14/2017,$                                                       43.65,,,1/8/2024,,1/8/2024,,,,,1.12%,$             43.65,0.49,,,,,,,,2.27%,,,1.69,,-15.41%,,,,,,,,,,,,
,,,,,,,,,,,,,,,,,,2017,11/15/2017,$                                                       43.75,,,1/16/2024,,1/16/2024,,,,,1.12%,$             43.75,0.49,,,,,,,,2.26%,,,1.69,,-15.21%,,,,,,,,,,,,
,,,,,,,,,,,,,,,,,,2017,11/16/2017,$                                                       44.30,,,1/22/2024,,1/22/2024,,,,,1.11%,$             44.30,0.49,,,,,,,,2.23%,,,1.69,,-14.15%,,,,,,,,,,,,
,,,,,,,,,,,,,,,,,,2017,11/17/2017,$                                                       44.60,,,1/29/2024,,1/29/2024,,,,,1.10%,$             44.60,0.49,,,,,,,,2.22%,,,1.69,,-13.57%,,,,,,,,,,,,
,,,,,,,,,,,,,,,,,,2017,11/20/2017,$                                                       45.05,,,2/5/2024,,2/5/2024,,,,,1.09%,$             45.05,0.49,,,,,,,,2.20%,,,1.69,,-12.69%,,,,,,,,,,,,
,,,,,,,,,,,,,,,,,,2017,11/21/2017,$                                                       45.80,,,2/12/2024,,2/12/2024,,,,,1.07%,$             45.80,0.49,,,,,,,,2.16%,,,1.69,,-11.24%,,,,,,,,,,,,
,,,,,,,,,,,,,,,,,,2017,11/22/2017,$                                                       45.60,,,2/20/2024,,2/20/2024,,,,,1.07%,$             45.60,0.49,,,,,,,,2.17%,,,1.69,,-11.63%,,,,,,,,,,,,
,,,,,,,,,,,,,,,,,,2017,11/24/2017,$                                                       45.65,,,2/26/2024,,2/26/2024,,,,,1.07%,$             45.65,0.49,,,,,,,,2.17%,,,1.69,,-11.53%,,,,,,,,,,,,
,,,,,,,,,,,,,,,,,,2017,11/27/2017,$                                                       45.55,,,3/4/2024,,3/4/2024,,,,,1.08%,$             45.55,0.49,,,,,,,,2.17%,,,1.69,,-11.72%,,,,,,,,,,,,
,,,,,,,,,,,,,,,,,,2017,11/28/2017,$                                                       45.90,,,3/11/2024,,3/11/2024,,,,,1.07%,$             45.90,0.49,,,,,,,,2.16%,,,1.69,,-11.05%,,,,,,,,,,,,
,,,,,,,,,,,,,,,,,,2017,11/29/2017,$                                                       45.70,,,3/18/2024,,3/18/2024,,,,,1.07%,$             45.70,0.49,,,,,,,,2.17%,,,1.69,,-11.43%,,,,,,,,,,,,
,,,,,,,,,,,,,,,,,,2017,11/30/2017,$                                                       46.40,,,3/25/2024,,3/25/2024,,,,,1.06%,$             46.40,0.49,,,,,,,,2.13%,,,1.69,,-10.08%,,,,,,,,,,,,
,,,,,,,,,,,,,,,,,,2017,12/1/2017,$                                                       46.00,,,4/1/2024,,4/1/2024,,,,,1.07%,$             46.00,0.49,,,,,,,,2.15%,,,1.69,,-10.85%,,,,,,,,,,,,
,,,,,,,,,,,,,,,,,,2017,12/4/2017,$                                                       45.75,,,4/8/2024,,4/8/2024,,,,,1.07%,$             45.75,0.49,,,,,,,,2.16%,,,1.69,,-11.34%,,,,,,,,,,,,
,,,,,,,,,,,,,,,,,,2017,12/5/2017,$                                                       45.55,,,4/15/2024,,4/15/2024,,,,,1.08%,$             45.55,0.49,,,,,,,,2.17%,,,1.69,,-11.72%,,,,,,,,,,,,
,,,,,,,,,,,,,,,,,,2017,12/6/2017,$                                                       45.45,,,4/22/2024,,4/22/2024,,,,,1.08%,$             45.45,0.49,,,,,,,,2.18%,,,1.69,,-11.92%,,,,,,,,,,,,
,,,,,,,,,,,,,,,,,,2017,12/7/2017,$                                                       45.85,,,4/29/2024,,4/29/2024,,,,,1.07%,$             45.85,0.49,,,,,,,,2.16%,,,1.69,,-11.14%,,,,,,,,,,,,
,,,,,,,,,,,,,,,,,,2017,12/8/2017,$                                                       45.75,,,5/6/2024,,5/6/2024,,,,,1.07%,$             45.75,0.49,,,,,,,,2.16%,,,1.69,,-11.34%,,,,,,,,,,,,
,,,,,,,,,,,,,,,,,,2017,12/11/2017,$                                                       46.25,,,5/13/2024,,5/13/2024,,,,,1.06%,$             46.25,0.49,,,,,,,,2.14%,,,1.69,,-10.37%,,,,,,,,,,,,
,,,,,,,,,,,,,,,,,,2017,12/12/2017,$                                                       46.60,,,5/20/2024,,5/20/2024,,,,,1.05%,$             46.60,0.49,,,,,,,,2.12%,,,1.69,,-9.69%,,,,,,,,,,,,
,,,,,,,,,,,,,,,,,,2017,12/13/2017,$                                                       46.95,,,5/28/2024,,5/28/2024,,,,,1.04%,$             46.95,0.49,,,,,,,,2.11%,,,1.69,,-9.01%,,,,,,,,,,,,
,,,,,,,,,,,,,,,,,,2017,12/14/2017,$                                                       46.45,,,6/3/2024,,6/3/2024,,,,,1.05%,$             46.45,0.49,,,,,,,,2.13%,,,1.69,,-9.98%,,,,,,,,,,,,
,,,,,,,,,,,,,,,,,,2017,12/15/2017,$                                                       47.55,,,6/10/2024,,6/10/2024,,,,,1.03%,$             47.55,0.49,,,,,,,,2.08%,,,1.69,,-7.85%,,,,,,,,,,,,
,,,,,,,,,,,,,,,,,,2017,12/18/2017,$                                                       48.35,,,6/17/2024,,6/17/2024,,,,,1.01%,$             48.35,0.49,,,,,,,,2.05%,,,1.69,,-6.30%,,,,,,,,,,,,
,,,,,,,,,,,,,,,,,,2017,12/19/2017,$                                                       47.75,,,6/24/2024,,6/24/2024,,,,,1.03%,$             47.75,0.49,,,,,,,,2.07%,,,1.69,,-7.46%,,,,,,,,,,,,
,,,,,,,,,,,,,,,,,,2017,12/20/2017,$                                                       47.60,,,7/1/2024,,7/1/2024,,,,,1.03%,$             47.60,0.49,,,,,,,,2.08%,,,1.69,,-7.75%,,,,,,,,,,,,
,,,,,,,,,,,,,,,,,,2017,12/21/2017,$                                                       48.00,,,7/8/2024,,7/8/2024,,,,,1.02%,$             48.00,0.49,,,,,,,,2.06%,,,1.69,,-6.98%,,,,,,,,,,,,
,,,,,,,,,,,,,,,,,,2017,12/22/2017,$                                                       47.60,,,7/15/2024,,7/15/2024,,,,,1.03%,$             47.60,0.49,,,,,,,,2.08%,,,1.69,,-7.75%,,,,,,,,,,,,
,,,,,,,,,,,,,,,,,,2017,12/26/2017,$                                                       47.60,,,7/22/2024,,7/22/2024,,,,,1.03%,$             47.60,0.49,,,,,,,,2.08%,,,1.69,,-7.75%,,,,,,,,,,,,
,,,,,,,,,,,,,,,,,,2017,12/27/2017,$                                                        48.10,,,7/29/2024,,7/29/2024,,,,,1.02%,$              48.10,0.49,,,,,,,,2.06%,,,1.69,,-6.78%,,,,,,,,,,,,
,,,,,,,,,,,,,,,,,,2017,12/28/2017,$                                                       48.25,,,8/5/2024,,8/5/2024,,,,,1.02%,$             48.25,0.49,,,,,,,,2.05%,,,1.69,,-6.49%,,,,,,,,,,,,
,,,,,,,,,,,,,,,,,,2017,12/29/2017,$                                                       47.80,,,8/12/2024,,8/12/2024,,,,,1.03%,$             47.80,0.49,,,,,,,,2.07%,,,1.69,,-7.36%,,,,,,,,,,,,
,,,,,,,,,,,,,,,,,,2018,1/2/2018,$                                                       47.50,,,8/19/2024,,8/19/2024,,,,,1.18%,$             47.50,0.56,,,,,,,,2.08%,,,1.2,,-7.95%,,,,,,,,,,,,
,,,,,,,,,,,,,,,,,,2018,1/3/2018,$                                                       47.35,,,8/26/2024,,8/26/2024,,,,,1.18%,$             47.35,0.56,,,,,,,,2.09%,,,1.2,,-8.24%,,,,,,,,,,,,
,,,,,,,,,,,,,,,,,,2018,1/4/2018,$                                                        47.10,,,9/3/2024,,9/3/2024,,,,,1.19%,$              47.10,0.56,,,,,,,,2.10%,,,1.2,,-8.72%,,,,,,,,,,,,
,,,,,,,,,,,,,,,,,,2018,1/5/2018,$                                                        47.10,,,9/9/2024,,9/9/2024,,,,,1.19%,$              47.10,0.56,,,,,,,,2.10%,,,1.2,,-8.72%,,,,,,,,,,,,
,,,,,,,,,,,,,,,,,,2018,1/8/2018,$                                                       47.40,,,9/16/2024,,9/16/2024,,,,,1.18%,$             47.40,0.56,,,,,,,,2.09%,,,1.2,,-8.14%,,,,,,,,,,,,
,,,,,,,,,,,,,,,,,,2018,1/9/2018,$                                                        47.15,,,9/23/2024,,9/23/2024,,,,,1.19%,$              47.15,0.56,,,,,,,,2.10%,,,1.2,,-8.62%,,,,,,,,,,,,
,,,,,,,,,,,,,,,,,,2018,1/10/2018,$                                                       47.05,,,9/30/2024,,9/30/2024,,,,,1.19%,$             47.05,0.56,,,,,,,,2.10%,,,1.2,,-8.82%,,,,,,,,,,,,
,,,,,,,,,,,,,,,,,,2018,1/11/2018,$                                                       48.25,,,10/7/2024,,10/7/2024,,,,,1.16%,$             48.25,0.56,,,,,,,,2.05%,,,1.2,,-6.49%,,,,,,,,,,,,
,,,,,,,,,,,,,,,,,,2018,1/12/2018,$                                                       48.70,,,10/14/2024,,10/14/2024,,,,,1.15%,$             48.70,0.56,,,,,,,,2.03%,,,1.2,,-5.62%,,,,,,,,,,,,
,,,,,,,,,,,,,,,,,,2018,1/16/2018,$                                                       49.30,,,10/21/2024,,10/21/2024,,,,,1.14%,$             49.30,0.56,,,,,,,,2.01%,,,1.2,,-4.46%,,,,,,,,,,,,
,,,,,,,,,,,,,,,,,,2018,1/17/2018,$                                                        50.15,,,10/28/2024,,10/28/2024,,,,,1.12%,$              50.15,0.56,,,,,,,,1.97%,,,1.2,,-2.81%,,,,,,,,,,,,
,,,,,,,,,,,,,,,,,,2018,1/18/2018,$                                                       49.50,,,11/4/2024,,11/4/2024,,,,,1.13%,$             49.50,0.56,,,,,,,,2.00%,,,1.2,,-4.07%,,,,,,,,,,,,
,,,,,,,,,,,,,,,,,,2018,1/19/2018,$                                                       49.85,,,11/11/2024,,11/11/2024,,,,,1.12%,$             49.85,0.56,,,,,,,,1.99%,,,1.2,,-3.39%,,,,,,,,,,,,
,,,,,,,,,,,,,,,,,,2018,1/22/2018,$                                                       49.90,,,11/18/2024,,11/18/2024,,,,,1.12%,$             49.90,0.56,,,,,,,,1.98%,,,1.2,,-3.29%,,,,,,,,,,,,
,,,,,,,,,,,,,,,,,,2018,1/23/2018,$                                                       49.90,,,11/25/2024,,11/25/2024,,,,,1.12%,$             49.90,0.56,,,,,,,,1.98%,,,1.2,,-3.29%,,,,,,,,,,,,
,,,,,,,,,,,,,,,,,,2018,1/24/2018,$                                                       48.90,,,12/2/2024,,12/2/2024,,,,,1.15%,$             48.90,0.56,,,,,,,,2.02%,,,1.2,,-5.23%,,,,,,,,,,,,
,,,,,,,,,,,,,,,,,,2018,1/25/2018,$                                                       49.20,,,12/9/2024,,12/9/2024,,,,,1.14%,$             49.20,0.56,,,,,,,,2.01%,,,1.2,,-4.65%,,,,,,,,,,,,
,,,,,,,,,,,,,,,,,,2018,1/26/2018,$                                                       49.65,,,12/16/2024,,12/16/2024,,,,,1.13%,$             49.65,0.56,,,,,,,,1.99%,,,1.2,,-3.78%,,,,,,,,,,,,
,,,,,,,,,,,,,,,,,,2018,1/29/2018,$                                                       48.85,,,12/23/2024,,12/23/2024,,,,,1.15%,$             48.85,0.56,,,,,,,,2.03%,,,1.2,,-5.33%,,,,,,,,,,,,
,,,,,,,,,,,,,,,,,,2018,1/30/2018,$                                                       48.55,,,12/30/2024,,12/30/2024,,,,,1.15%,$             48.55,0.56,,,,,,,,2.04%,,,1.2,,-5.91%,,,,,,,,,,,,
,,,,,,,,,,,,,,,,,,2018,1/31/2018,$                                                       48.20,,,1/6/2025,,1/6/2025,,,,,1.16%,$             48.20,0.56,,,,,,,,2.05%,,,1.2,,-6.59%,,,,,,,,,,,,
,,,,,,,,,,,,,,,,,,2018,2/1/2018,$                                                       48.00,,,1/13/2025,,1/13/2025,,,,,1.17%,$             48.00,0.56,,,,,,,,2.06%,,,1.2,,-6.98%,,,,,,,,,,,,
,,,,,,,,,,,,,,,,,,2018,2/2/2018,$                                                        48.15,,,1/21/2025,,1/21/2025,,,,,1.16%,$              48.15,0.56,,,,,,,,2.06%,,,1.2,,-6.69%,,,,,,,,,,,,
,,,,,,,,,,,,,,,,,,2018,2/5/2018,$                                                       46.20,,,1/27/2025,,1/27/2025,,,,,1.21%,$             46.20,0.56,,,,,,,,2.14%,,,1.2,,-10.47%,,,,,,,,,,,,
,,,,,,,,,,,,,,,,,,2018,2/6/2018,$                                                       47.90,,,2/3/2025,,2/3/2025,,,,,1.17%,$             47.90,0.56,,,,,,,,2.07%,,,1.2,,-7.17%,,,,,,,,,,,,
,,,,,,,,,,,,,,,,,,2018,2/7/2018,$                                                       47.30,,,2/10/2025,,2/10/2025,,,,,1.18%,$             47.30,0.56,,,,,,,,2.09%,,,1.2,,-8.33%,,,,,,,,,,,,
,,,,,,,,,,,,,,,,,,2018,2/8/2018,$                                                        47.15,,,2/18/2025,,2/18/2025,,,,,1.19%,$              47.15,0.56,,,,,,,,2.10%,,,1.2,,-8.62%,,,,,,,,,,,,
,,,,,,,,,,,,,,,,,,2018,2/9/2018,$                                                       46.70,,,2/24/2025,,2/24/2025,,,,,1.20%,$             46.70,0.56,,,,,,,,2.12%,,,1.2,,-9.50%,,,,,,,,,,,,
,,,,,,,,,,,,,,,,,,2018,2/12/2018,$                                                       48.35,,,3/3/2025,,3/3/2025,,,,,1.16%,$             48.35,0.56,,,,,,,,2.05%,,,1.2,,-6.30%,,,,,,,,,,,,
,,,,,,,,,,,,,,,,,,2018,2/13/2018,$                                                       48.25,,,3/10/2025,,3/10/2025,,,,,1.16%,$             48.25,0.56,,,,,,,,2.05%,,,1.2,,-6.49%,,,,,,,,,,,,
,,,,,,,,,,,,,,,,,,2018,2/14/2018,$                                                       48.85,,,3/17/2025,,3/17/2025,,,,,1.15%,$             48.85,0.56,,,,,,,,2.03%,,,1.2,,-5.33%,,,,,,,,,,,,
,,,,,,,,,,,,,,,,,,2018,2/15/2018,$                                                       49.70,,,3/24/2025,,3/24/2025,,,,,1.13%,$             49.70,0.56,,,,,,,,1.99%,,,1.2,,-3.68%,,,,,,,,,,,,
,,,,,,,,,,,,,,,,,,2018,2/16/2018,$                                                       49.45,,,3/31/2025,,3/31/2025,,,,,1.13%,$             49.45,0.56,,,,,,,,2.00%,,,1.2,,-4.17%,,,,,,,,,,,,
,,,,,,,,,,,,,,,,,,2018,2/20/2018,$                                                       49.85,,,4/7/2025,,4/7/2025,,,,,1.12%,$             49.85,0.56,,,,,,,,1.99%,,,1.2,,-3.39%,,,,,,,,,,,,
,,,,,,,,,,,,,,,,,,2018,2/21/2018,$                                                       50.25,,,4/14/2025,,4/14/2025,,,,,1.11%,$             50.25,0.56,,,,,,,,1.97%,,,1.2,,-2.62%,,,,,,,,,,,,
,,,,,,,,,,,,,,,,,,2018,2/22/2018,$                                                       49.85,,,4/21/2025,,4/21/2025,,,,,1.12%,$             49.85,0.56,,,,,,,,1.99%,,,1.2,,-3.39%,,,,,,,,,,,,
,,,,,,,,,,,,,,,,,,2018,2/23/2018,$                                                       50.20,,,4/28/2025,,4/28/2025,,,,,1.12%,$             50.20,0.56,,,,,,,,1.97%,,,1.2,,-2.71%,,,,,,,,,,,,
,,,,,,,,,,,,,,,,,,2018,2/26/2018,$                                                       50.75,,,5/5/2025,,5/5/2025,,,,,1.10%,$             50.75,0.56,,,,,,,,1.95%,,,1.2,,-1.65%,,,,,,,,,,,,
,,,,,,,,,,,,,,,,,,2018,2/27/2018,$                                                       48.05,,,5/12/2025,,5/12/2025,,,,,1.17%,$             48.05,0.56,,,,,,,,2.06%,,,1.2,,-6.88%,,,,,,,,,,,,
,,,,,,,,,,,,,,,,,,2018,2/28/2018,$                                                       47.60,,,5/19/2025,,5/19/2025,,,,,1.18%,$             47.60,0.56,,,,,,,,2.08%,,,1.2,,-7.75%,,,,,,,,,,,,
,,,,,,,,,,,,,,,,,,2018,3/1/2018,$                                                       47.20,,,5/27/2025,,5/27/2025,,,,,1.19%,$             47.20,0.56,,,,,,,,2.10%,,,1.2,,-8.53%,,,,,,,,,,,,
,,,,,,,,,,,,,,,,,,2018,3/2/2018,$                                                       48.20,,,6/2/2025,,6/2/2025,,,,,1.16%,$             48.20,0.56,,,,,,,,2.05%,,,1.2,,-6.59%,,,,,,,,,,,,
,,,,,,,,,,,,,,,,,,2018,3/5/2018,$                                                       48.55,,,6/9/2025,,6/9/2025,,,,,1.15%,$             48.55,0.56,,,,,,,,2.04%,,,1.2,,-5.91%,,,,,,,,,,,,
,,,,,,,,,,,,,,,,,,2018,3/6/2018,$                                                       49.30,,,6/16/2025,,6/16/2025,,,,,1.14%,$             49.30,0.56,,,,,,,,2.01%,,,1.2,,-4.46%,,,,,,,,,,,,
,,,,,,,,,,,,,,,,,,2018,3/7/2018,$                                                       48.75,,,6/23/2025,,6/23/2025,,,,,1.15%,$             48.75,0.56,,,,,,,,2.03%,,,1.2,,-5.52%,,,,,,,,,,,,
,,,,,,,,,,,,,,,,,,2018,3/8/2018,$                                                       48.40,,,6/30/2025,,6/30/2025,,,,,1.16%,$             48.40,0.56,,,,,,,,2.05%,,,1.2,,-6.20%,,,,,,,,,,,,
,,,,,,,,,,,,,,,,,,2018,3/9/2018,$                                                       49.20,,,7/7/2025,,7/7/2025,,,,,1.14%,$             49.20,0.56,,,,,,,,2.01%,,,1.2,,-4.65%,,,,,,,,,,,,
,,,,,,,,,,,,,,,,,,2018,3/12/2018,$                                                       49.30,,,7/14/2025,,7/14/2025,,,,,1.14%,$             49.30,0.56,,,,,,,,2.01%,,,1.2,,-4.46%,,,,,,,,,,,,
,,,,,,,,,,,,,,,,,,2018,3/13/2018,$                                                       48.95,,,7/21/2025,,7/21/2025,,,,,1.14%,$             48.95,0.56,,,,,,,,2.02%,,,1.2,,-5.14%,,,,,,,,,,,,
,,,,,,,,,,,,,,,,,,2018,3/14/2018,$                                                       48.80,,,7/28/2025,,7/28/2025,,,,,1.15%,$             48.80,0.56,,,,,,,,2.03%,,,1.2,,-5.43%,,,,,,,,,,,,
,,,,,,,,,,,,,,,,,,2018,3/15/2018,$                                                       48.50,,,8/4/2025,,8/4/2025,,,,,1.15%,$             48.50,0.56,,,,,,,,2.04%,,,1.2,,-6.01%,,,,,,,,,,,,
,,,,,,,,,,,,,,,,,,2018,3/16/2018,$                                                       48.90,,,8/11/2025,,8/11/2025,,,,,1.15%,$             48.90,0.56,,,,,,,,2.02%,,,1.2,,-5.23%,,,,,,,,,,,,
,,,,,,,,,,,,,,,,,,2018,3/19/2018,$                                                       48.60,,,8/18/2025,,8/18/2025,,,,,1.15%,$             48.60,0.56,,,,,,,,2.04%,,,1.2,,-5.81%,,,,,,,,,,,,
,,,,,,,,,,,,,,,,,,2018,3/20/2018,$                                                       47.50,,,8/25/2025,,8/25/2025,,,,,1.18%,$             47.50,0.56,,,,,,,,2.08%,,,1.2,,-7.95%,,,,,,,,,,,,
,,,,,,,,,,,,,,,,,,2018,3/21/2018,$                                                       48.25,,,9/2/2025,,9/2/2025,,,,,1.16%,$             48.25,0.56,,,,,,,,2.05%,,,1.2,,-6.49%,,,,,,,,,,,,
,,,,,,,,,,,,,,,,,,2018,3/22/2018,$                                                       47.50,,,9/8/2025,,9/8/2025,,,,,1.18%,$             47.50,0.56,,,,,,,,2.08%,,,1.2,,-7.95%,,,,,,,,,,,,
,,,,,,,,,,,,,,,,,,2018,3/23/2018,$                                                       46.00,,,9/15/2025,,9/15/2025,,,,,1.22%,$             46.00,0.56,,,,,,,,2.15%,,,1.2,,-10.85%,,,,,,,,,,,,
,,,,,,,,,,,,,,,,,,2018,3/26/2018,$                                                       46.70,,,9/22/2025,,9/22/2025,,,,,1.20%,$             46.70,0.56,,,,,,,,2.12%,,,1.2,,-9.50%,,,,,,,,,,,,
,,,,,,,,,,,,,,,,,,2018,3/27/2018,$                                                        46.10,,,9/29/2025,,9/29/2025,,,,,1.21%,$              46.10,0.56,,,,,,,,2.15%,,,1.2,,-10.66%,,,,,,,,,,,,
,,,,,,,,,,,,,,,,,,2018,3/28/2018,$                                                       46.75,,,10/6/2025,,10/6/2025,,,,,1.20%,$             46.75,0.56,,,,,,,,2.12%,,,1.2,,-9.40%,,,,,,,,,,,,
,,,,,,,,,,,,,,,,,,2018,3/29/2018,$                                                        47.15,,,10/13/2025,,10/13/2025,,,,,1.19%,$              47.15,0.56,,,,,,,,2.10%,,,1.2,,-8.62%,,,,,,,,,,,,
,,,,,,,,,,,,,,,,,,2018,4/2/2018,$                                                       46.05,,,10/20/2025,,10/20/2025,,,,,1.22%,$             46.05,0.56,,,,,,,,2.15%,,,1.2,,-10.76%,,,,,,,,,,,,
,,,,,,,,,,,,,,,,,,2018,4/3/2018,$                                                       46.65,,,10/27/2025,,10/27/2025,,,,,1.20%,$             46.65,0.56,,,,,,,,2.12%,,,1.2,,-9.59%,,,,,,,,,,,,
,,,,,,,,,,,,,,,,,,2018,4/4/2018,$                                                       46.70,,,11/3/2025,,11/3/2025,,,,,1.20%,$             46.70,0.56,,,,,,,,2.12%,,,1.2,,-9.50%,,,,,,,,,,,,
,,,,,,,,,,,,,,,,,,2018,4/5/2018,$                                                       46.75,,,11/10/2025,,11/10/2025,,,,,1.20%,$             46.75,0.56,,,,,,,,2.12%,,,1.2,,-9.40%,,,,,,,,,,,,
,,,,,,,,,,,,,,,,,,2018,4/6/2018,$                                                       45.50,,,11/17/2025,,11/17/2025,,,,,1.23%,$             45.50,0.56,,,,,,,,2.18%,,,1.2,,-11.82%,,,,,,,,,,,,
,,,,,,,,,,,,,,,,,,2018,4/9/2018,$                                                       45.55,,,11/24/2025,,11/24/2025,,,,,1.23%,$             45.55,0.56,,,,,,,,2.17%,,,1.2,,-11.72%,,,,,,,,,,,,
,,,,,,,,,,,,,,,,,,2018,4/10/2018,$                                                       46.25,,,12/1/2025,,12/1/2025,,,,,1.21%,$             46.25,0.56,,,,,,,,2.14%,,,1.2,,-10.37%,,,,,,,,,,,,
,,,,,,,,,,,,,,,,,,2018,4/11/2018,$                                                        46.15,,,12/8/2025,,12/8/2025,,,,,1.21%,$              46.15,0.56,,,,,,,,2.15%,,,1.2,,-10.56%,,,,,,,,,,,,
,,,,,,,,,,,,,,,,,,2018,4/12/2018,$                                                       45.95,,,12/15/2025,,12/15/2025,,,,,1.22%,$             45.95,0.56,,,,,,,,2.15%,,,1.2,,-10.95%,,,,,,,,,,,,
,,,,,,,,,,,,,,,,,,2018,4/13/2018,$                                                       45.75,,,12/22/2025,,12/22/2025,,,,,1.22%,$             45.75,0.56,,,,,,,,2.16%,,,1.2,,-11.34%,,,,,,,,,,,,
,,,,,,,,,,,,,,,,,,2018,4/16/2018,$                                                       45.65,,,12/29/2025,,12/29/2025,,,,,1.23%,$             45.65,0.56,,,,,,,,2.17%,,,1.2,,-11.53%,,,,,,,,,,,,
,,,,,,,,,,,,,,,,,,2018,4/17/2018,$                                                        46.10,,,1/5/2026,,1/5/2026,,,,,1.21%,$              46.10,0.56,,,,,,,,2.15%,,,1.2,,-10.66%,,,,,,,,,,,,
,,,,,,,,,,,,,,,,,,2018,4/18/2018,$                                                        41.90,,,1/12/2026,,1/12/2026,,,,,1.34%,$              41.90,0.56,,,,,,,,2.36%,,,1.2,,-18.80%,,,,,,,,,,,,
,,,,,,,,,,,,,,,,,,2018,4/19/2018,$                                                        42.10,,,1/20/2026,,1/20/2026,,,,,1.33%,$              42.10,0.56,,,,,,,,2.35%,,,1.2,,-18.41%,,,,,,,,,,,,
,,,,,,,,,,,,,,,,,,2018,4/20/2018,$                                                       43.05,,,1/26/2026,,1/26/2026,,,,,1.30%,$             43.05,0.56,,,,,,,,2.30%,,,1.2,,-16.57%,,,,,,,,,,,,
,,,,,,,,,,,,,,,,,,2018,4/23/2018,$                                                       43.25,,,2/2/2026,,2/2/2026,,,,,1.29%,$             43.25,0.56,,,,,,,,2.29%,,,1.2,,-16.18%,,,,,,,,,,,,
,,,,,,,,,,,,,,,,,,2018,4/24/2018,$                                                        41.50,,,2/9/2026,,2/9/2026,,,,,1.35%,$              41.50,0.56,,,,,,,,2.39%,,,1.2,,-19.57%,,,,,,,,,,,,
,,,,,,,,,,,,,,,,,,2018,4/25/2018,$                                                       42.20,,,2/17/2026,,2/17/2026,,,,,1.33%,$             42.20,0.56,,,,,,,,2.35%,,,1.2,,-18.22%,,,,,,,,,,,,
,,,,,,,,,,,,,,,,,,2018,4/26/2018,$                                                       42.60,,,2/23/2026,,2/23/2026,,,,,1.31%,$             42.60,0.56,,,,,,,,2.32%,,,1.2,,-17.44%,,,,,,,,,,,,
,,,,,,,,,,,,,,,,,,2018,4/27/2018,$                                                       42.90,,,3/2/2026,,3/2/2026,,,,,1.31%,$             42.90,0.56,,,,,,,,2.31%,,,1.2,,-16.86%,,,,,,,,,,,,
,,,,,,,,,,,,,,,,,,2018,4/30/2018,$                                                       42.45,,,3/9/2026,,3/9/2026,,,,,1.32%,$             42.45,0.56,,,,,,,,2.33%,,,1.2,,-17.73%,,,,,,,,,,,,
,,,,,,,,,,,,,,,,,,2018,5/1/2018,$                                                       42.25,,,3/16/2026,,3/16/2026,,,,,1.33%,$             42.25,0.56,,,,,,,,2.34%,,,1.2,,-18.12%,,,,,,,,,,,,
,,,,,,,,,,,,,,,,,,2018,5/2/2018,$                                                       42.75,,,3/23/2026,,3/23/2026,,,,,1.31%,$             42.75,0.56,,,,,,,,2.32%,,,1.2,,-17.15%,,,,,,,,,,,,
,,,,,,,,,,,,,,,,,,2018,5/3/2018,$                                                       42.45,,,3/30/2026,,3/30/2026,,,,,1.32%,$             42.45,0.56,,,,,,,,2.33%,,,1.2,,-17.73%,,,,,,,,,,,,
,,,,,,,,,,,,,,,,,,2018,5/4/2018,$                                                       42.50,,,4/6/2026,,4/6/2026,,,,,1.32%,$             42.50,0.56,,,,,,,,2.33%,,,1.2,,-17.64%,,,,,,,,,,,,
,,,,,,,,,,,,,,,,,,2018,5/7/2018,$                                                       42.80,,,4/13/2026,,4/13/2026,,,,,1.31%,$             42.80,0.56,,,,,,,,2.31%,,,1.2,,-17.05%,,,,,,,,,,,,
,,,,,,,,,,,,,,,,,,2018,5/8/2018,$                                                       42.85,,,4/20/2026,,4/20/2026,,,,,1.31%,$             42.85,0.56,,,,,,,,2.31%,,,1.2,,-16.96%,,,,,,,,,,,,
,,,,,,,,,,,,,,,,,,2018,5/9/2018,$                                                        43.15,,,4/27/2026,,4/27/2026,,,,,1.30%,$              43.15,0.56,,,,,,,,2.29%,,,1.2,,-16.38%,,,,,,,,,,,,
,,,,,,,,,,,,,,,,,,2018,5/10/2018,$                                                       44.00,,,5/4/2026,,5/4/2026,,,,,1.27%,$             44.00,0.56,,,,,,,,2.25%,,,1.2,,-14.73%,,,,,,,,,,,,
,,,,,,,,,,,,,,,,,,2018,5/11/2018,$                                                       44.65,,,5/11/2026,,5/11/2026,,,,,1.25%,$             44.65,0.56,,,,,,,,2.22%,,,1.2,,-13.47%,,,,,,,,,,,,
,,,,,,,,,,,,,,,,,,2018,5/14/2018,$                                                       43.30,,,5/18/2026,,5/18/2026,,,,,1.29%,$             43.30,0.56,,,,,,,,2.29%,,,1.2,,-16.09%,,,,,,,,,,,,
,,,,,,,,,,,,,,,,,,2018,5/15/2018,$                                                       42.65,,,5/26/2026,,5/26/2026,,,,,1.31%,$             42.65,0.56,,,,,,,,2.32%,,,1.2,,-17.34%,,,,,,,,,,,,
,,,,,,,,,,,,,,,,,,2018,5/16/2018,$                                                       42.75,,,6/1/2026,,6/1/2026,,,,,1.31%,$             42.75,0.56,,,,,,,,2.32%,,,1.2,,-17.15%,,,,,,,,,,,,
,,,,,,,,,,,,,,,,,,2018,5/17/2018,$                                                       42.60,,,6/8/2026,,6/8/2026,,,,,1.31%,$             42.60,0.56,,,,,,,,2.32%,,,1.2,,-17.44%,,,,,,,,,,,,
,,,,,,,,,,,,,,,,,,2018,5/18/2018,$                                                       42.80,,,6/15/2026,,6/15/2026,,,,,1.31%,$             42.80,0.56,,,,,,,,2.31%,,,1.2,,-17.05%,,,,,,,,,,,,
,,,,,,,,,,,,,,,,,,2018,5/21/2018,$                                                       43.75,,,6/22/2026,,6/22/2026,,,,,1.28%,$             43.75,0.56,,,,,,,,2.26%,,,1.2,,-15.21%,,,,,,,,,,,,
,,,,,,,,,,,,,,,,,,2018,5/22/2018,$                                                       43.60,,,6/29/2026,,6/29/2026,,,,,1.28%,$             43.60,0.56,,,,,,,,2.27%,,,1.2,,-15.50%,,,,,,,,,,,,
,,,,,,,,,,,,,,,,,,2018,5/23/2018,$                                                       43.90,,,7/6/2026,,7/6/2026,,,,,1.28%,$             43.90,0.56,,,,,,,,2.26%,,,1.2,,-14.92%,,,,,,,,,,,,
,,,,,,,,,,,,,,,,,,2018,5/24/2018,$                                                       43.85,,,7/13/2026,,7/13/2026,,,,,1.28%,$             43.85,0.56,,,,,,,,2.26%,,,1.2,,-15.02%,,,,,,,,,,,,
,,,,,,,,,,,,,,,,,,2018,5/25/2018,$                                                       43.45,,,7/20/2026,,7/20/2026,,,,,1.29%,$             43.45,0.56,,,,,,,,2.28%,,,1.2,,-15.79%,,,,,,,,,,,,
,,,,,,,,,,,,,,,,,,2018,5/29/2018,$                                                       43.45,,,,,,,,,,1.29%,$             43.45,0.56,,,,,,,,2.28%,,,1.2,,-15.79%,,,,,,,,,,,,
,,,,,,,,,,,,,,,,,,2018,5/30/2018,$                                                        44.15,,,,,,,,,,,$              44.15,,,,,,,,,2.24%,,,1.2,,-14.44%,,,,,,,,,,,,
,,,,,,,,,,,,,,,,,,2018,5/31/2018,$                                                       43.75,,,,,,,,,,1.28%,$             43.75,0.56,,,,,,,,2.26%,,,1.2,,-15.21%,,,,,,,,,,,,
,,,,,,,,,,,,,,,,,,2018,6/1/2018,$                                                       43.85,,,,,,,,,,1.28%,$             43.85,0.56,,,,,,,,2.26%,,,1.2,,-15.02%,,,,,,,,,,,,
,,,,,,,,,,,,,,,,,,2018,6/4/2018,$                                                       43.90,,,,,,,,,,1.28%,$             43.90,0.56,,,,,,,,2.26%,,,1.2,,-14.92%,,,,,,,,,,,,
,,,,,,,,,,,,,,,,,,2018,6/5/2018,$                                                       44.40,,,,,,,,,,1.26%,$             44.40,0.56,,,,,,,,2.23%,,,1.2,,-13.95%,,,,,,,,,,,,
,,,,,,,,,,,,,,,,,,2018,6/6/2018,$                                                       45.55,,,,,,,,,,1.23%,$             45.55,0.56,,,,,,,,2.17%,,,1.2,,-11.72%,,,,,,,,,,,,
,,,,,,,,,,,,,,,,,,2018,6/7/2018,$                                                       44.30,,,,,,,,,,1.26%,$             44.30,0.56,,,,,,,,2.23%,,,1.2,,-14.15%,,,,,,,,,,,,
,,,,,,,,,,,,,,,,,,2018,6/8/2018,$                                                       44.20,,,,,,,,,,1.27%,$             44.20,0.56,,,,,,,,2.24%,,,1.2,,-14.34%,,,,,,,,,,,,
,,,,,,,,,,,,,,,,,,2018,6/11/2018,$                                                       44.45,,,,,,,,,,1.26%,$             44.45,0.56,,,,,,,,2.23%,,,1.2,,-13.86%,,,,,,,,,,,,
,,,,,,,,,,,,,,,,,,2018,6/12/2018,$                                                        44.15,,,,,,,,,,1.27%,$              44.15,0.56,,,,,,,,2.24%,,,1.2,,-14.44%,,,,,,,,,,,,
,,,,,,,,,,,,,,,,,,2018,6/13/2018,$                                                       44.55,,,,,,,,,,1.26%,$             44.55,0.56,,,,,,,,2.22%,,,1.2,,-13.66%,,,,,,,,,,,,
,,,,,,,,,,,,,,,,,,2018,6/14/2018,$                                                        45.10,,,,,,,,,,1.24%,$              45.10,0.56,,,,,,,,2.20%,,,1.2,,-12.60%,,,,,,,,,,,,
,,,,,,,,,,,,,,,,,,2018,6/15/2018,$                                                       46.55,,,,,,,,,,1.20%,$             46.55,0.56,,,,,,,,2.13%,,,1.2,,-9.79%,,,,,,,,,,,,
,,,,,,,,,,,,,,,,,,2018,6/18/2018,$                                                       47.20,,,,,,,,,,1.19%,$             47.20,0.56,,,,,,,,2.10%,,,1.2,,-8.53%,,,,,,,,,,,,
,,,,,,,,,,,,,,,,,,2018,6/19/2018,$                                                       46.75,,,,,,,,,,1.20%,$             46.75,0.56,,,,,,,,2.12%,,,1.2,,-9.40%,,,,,,,,,,,,
,,,,,,,,,,,,,,,,,,2018,6/20/2018,$                                                       46.55,,,,,,,,,,1.20%,$             46.55,0.56,,,,,,,,2.13%,,,1.2,,-9.79%,,,,,,,,,,,,
,,,,,,,,,,,,,,,,,,2018,6/21/2018,$                                                       45.80,,,,,,,,,,1.22%,$             45.80,0.56,,,,,,,,2.16%,,,1.2,,-11.24%,,,,,,,,,,,,
,,,,,,,,,,,,,,,,,,2018,6/22/2018,$                                                       45.90,,,,,,,,,,1.22%,$             45.90,0.56,,,,,,,,2.16%,,,1.2,,-11.05%,,,,,,,,,,,,
,,,,,,,,,,,,,,,,,,2018,6/25/2018,$                                                       44.80,,,,,,,,,,1.25%,$             44.80,0.56,,,,,,,,2.21%,,,1.2,,-13.18%,,,,,,,,,,,,
,,,,,,,,,,,,,,,,,,2018,6/26/2018,$                                                       44.70,,,,,,,,,,1.25%,$             44.70,0.56,,,,,,,,2.21%,,,1.2,,-13.37%,,,,,,,,,,,,
,,,,,,,,,,,,,,,,,,2018,6/27/2018,$                                                       44.45,,,,,,,,,,1.26%,$             44.45,0.56,,,,,,,,2.23%,,,1.2,,-13.86%,,,,,,,,,,,,
,,,,,,,,,,,,,,,,,,2018,6/28/2018,$                                                       44.20,,,,,,,,,,1.27%,$             44.20,0.56,,,,,,,,2.24%,,,1.2,,-14.34%,,,,,,,,,,,,
,,,,,,,,,,,,,,,,,,2018,6/29/2018,$                                                       44.70,,,,,,,,,,1.25%,$             44.70,0.56,,,,,,,,2.21%,,,1.2,,-13.37%,,,,,,,,,,,,
,,,,,,,,,,,,,,,,,,2018,7/2/2018,$                                                       45.45,,,,,,,,,,1.23%,$             45.45,0.56,,,,,,,,2.18%,,,1.2,,-11.92%,,,,,,,,,,,,
,,,,,,,,,,,,,,,,,,2018,7/3/2018,$                                                       45.65,,,,,,,,,,1.23%,$             45.65,0.56,,,,,,,,2.17%,,,1.2,,-11.53%,,,,,,,,,,,,
,,,,,,,,,,,,,,,,,,2018,7/5/2018,$                                                       46.50,,,,,,,,,,1.20%,$             46.50,0.56,,,,,,,,2.13%,,,1.2,,-9.88%,,,,,,,,,,,,
,,,,,,,,,,,,,,,,,,2018,7/6/2018,$                                                       46.20,,,,,,,,,,1.21%,$             46.20,0.56,,,,,,,,2.14%,,,1.2,,-10.47%,,,,,,,,,,,,
,,,,,,,,,,,,,,,,,,2018,7/9/2018,$                                                       46.65,,,,,,,,,,1.20%,$             46.65,0.56,,,,,,,,2.12%,,,1.2,,-9.59%,,,,,,,,,,,,
,,,,,,,,,,,,,,,,,,2018,7/10/2018,$                                                       46.50,,,,,,,,,,1.20%,$             46.50,0.56,,,,,,,,2.13%,,,1.2,,-9.88%,,,,,,,,,,,,
,,,,,,,,,,,,,,,,,,2018,7/11/2018,$                                                       45.80,,,,,,,,,,1.22%,$             45.80,0.56,,,,,,,,2.16%,,,1.2,,-11.24%,,,,,,,,,,,,
,,,,,,,,,,,,,,,,,,2018,7/12/2018,$                                                       46.00,,,,,,,,,,1.22%,$             46.00,0.56,,,,,,,,2.15%,,,1.2,,-10.85%,,,,,,,,,,,,
,,,,,,,,,,,,,,,,,,2018,7/13/2018,$                                                       46.05,,,,,,,,,,1.22%,$             46.05,0.56,,,,,,,,2.15%,,,1.2,,-10.76%,,,,,,,,,,,,
,,,,,,,,,,,,,,,,,,2018,7/16/2018,$                                                       45.40,,,,,,,,,,1.23%,$             45.40,0.56,,,,,,,,2.18%,,,1.2,,-12.02%,,,,,,,,,,,,
,,,,,,,,,,,,,,,,,,2018,7/17/2018,$                                                       45.75,,,,,,,,,,1.22%,$             45.75,0.56,,,,,,,,2.16%,,,1.2,,-11.34%,,,,,,,,,,,,
,,,,,,,,,,,,,,,,,,2018,7/18/2018,$                                                       46.95,,,,,,,,,,1.19%,$             46.95,0.56,,,,,,,,2.11%,,,1.2,,-9.01%,,,,,,,,,,,,
,,,,,,,,,,,,,,,,,,2018,7/19/2018,$                                                        51.00,,,,,,,,,,1.10%,$              51.00,0.56,,,,,,,,1.94%,,,1.2,,-1.16%,,,,,,,,,,,,
,,,,,,,,,,,,,,,,,,2018,7/20/2018,$                                                       52.55,,,,,,,,,,1.07%,$             52.55,0.56,,,,,,,,1.88%,,,1.2,,0.00%,,,,,,,,,,,,
,,,,,,,,,,,,,,,,,,2018,7/23/2018,$                                                       52.55,,,,,,,,,,1.07%,$             52.55,0.56,,,,,,,,1.88%,,,1.2,,0.00%,,,,,,,,,,,,
,,,,,,,,,,,,,,,,,,2018,7/24/2018,$                                                        51.90,,,,,,,,,,1.08%,$              51.90,0.56,,,,,,,,1.91%,,,1.2,,-1.24%,,,,,,,,,,,,
,,,,,,,,,,,,,,,,,,2018,7/25/2018,$                                                        51.95,,,,,,,,,,1.08%,$              51.95,0.56,,,,,,,,1.91%,,,1.2,,-1.14%,,,,,,,,,,,,
,,,,,,,,,,,,,,,,,,2018,7/26/2018,$                                                       52.35,,,,,,,,,,1.07%,$             52.35,0.56,,,,,,,,1.89%,,,1.2,,-0.38%,,,,,,,,,,,,
,,,,,,,,,,,,,,,,,,2018,7/27/2018,$                                                       50.80,,,,,,,,,,1.10%,$             50.80,0.56,,,,,,,,1.95%,,,1.2,,-3.33%,,,,,,,,,,,,
,,,,,,,,,,,,,,,,,,2018,7/30/2018,$                                                       50.35,,,,,,,,,,1.11%,$             50.35,0.56,,,,,,,,1.97%,,,1.2,,-4.19%,,,,,,,,,,,,
,,,,,,,,,,,,,,,,,,2018,7/31/2018,$                                                        52.15,,,,,,,,,,1.07%,$              52.15,0.56,,,,,,,,1.90%,,,1.2,,-0.76%,,,,,,,,,,,,
,,,,,,,,,,,,,,,,,,2018,8/1/2018,$                                                        51.55,,,,,,,,,,1.09%,$              51.55,0.56,,,,,,,,1.92%,,,1.2,,-1.90%,,,,,,,,,,,,
,,,,,,,,,,,,,,,,,,2018,8/2/2018,$                                                       52.20,,,,,,,,,,1.07%,$             52.20,0.56,,,,,,,,1.90%,,,1.2,,-0.67%,,,,,,,,,,,,
,,,,,,,,,,,,,,,,,,2018,8/3/2018,$                                                        51.55,,,,,,,,,,1.09%,$              51.55,0.56,,,,,,,,1.92%,,,1.2,,-1.90%,,,,,,,,,,,,
,,,,,,,,,,,,,,,,,,2018,8/6/2018,$                                                       52.40,,,,,,,,,,1.07%,$             52.40,0.56,,,,,,,,1.89%,,,1.2,,-0.29%,,,,,,,,,,,,
,,,,,,,,,,,,,,,,,,2018,8/7/2018,$                                                       52.85,,,,,,,,,,1.06%,$             52.85,0.56,,,,,,,,1.87%,,,1.2,,0.00%,,,,,,,,,,,,
,,,,,,,,,,,,,,,,,,2018,8/8/2018,$                                                       52.40,,,,,,,,,,1.07%,$             52.40,0.56,,,,,,,,1.89%,,,1.2,,-0.85%,,,,,,,,,,,,
,,,,,,,,,,,,,,,,,,2018,8/9/2018,$                                                       52.05,,,,,,,,,,1.08%,$             52.05,0.56,,,,,,,,1.90%,,,1.2,,-1.51%,,,,,,,,,,,,
,,,,,,,,,,,,,,,,,,2018,8/10/2018,$                                                       52.25,,,,,,,,,,1.07%,$             52.25,0.56,,,,,,,,1.89%,,,1.2,,-1.14%,,,,,,,,,,,,
,,,,,,,,,,,,,,,,,,2018,8/13/2018,$                                                       52.65,,,,,,,,,,1.06%,$             52.65,0.56,,,,,,,,1.88%,,,1.2,,-0.38%,,,,,,,,,,,,
,,,,,,,,,,,,,,,,,,2018,8/14/2018,$                                                       52.55,,,,,,,,,,1.07%,$             52.55,0.56,,,,,,,,1.88%,,,1.2,,-0.57%,,,,,,,,,,,,
,,,,,,,,,,,,,,,,,,2018,8/15/2018,$                                                        51.80,,,,,,,,,,1.08%,$              51.80,0.56,,,,,,,,1.91%,,,1.2,,-1.99%,,,,,,,,,,,,
,,,,,,,,,,,,,,,,,,2018,8/16/2018,$                                                       52.05,,,,,,,,,,1.08%,$             52.05,0.56,,,,,,,,1.90%,,,1.2,,-1.51%,,,,,,,,,,,,
,,,,,,,,,,,,,,,,,,2018,8/17/2018,$                                                       52.60,,,,,,,,,,1.06%,$             52.60,0.56,,,,,,,,1.88%,,,1.2,,-0.47%,,,,,,,,,,,,
,,,,,,,,,,,,,,,,,,2018,8/20/2018,$                                                       54.05,,,,,,,,,,1.04%,$             54.05,0.56,,,,,,,,1.83%,,,1.2,,0.00%,,,,,,,,,,,,
,,,,,,,,,,,,,,,,,,2018,8/21/2018,$                                                       54.95,,,,,,,,,,1.02%,$             54.95,0.56,,,,,,,,1.80%,,,1.2,,0.00%,,,,,,,,,,,,
,,,,,,,,,,,,,,,,,,2018,8/22/2018,$                                                        55.15,,,,,,,,,,1.02%,$              55.15,0.56,,,,,,,,1.80%,,,1.2,,0.00%,,,,,,,,,,,,
,,,,,,,,,,,,,,,,,,2018,8/23/2018,$                                                       54.25,,,,,,,,,,1.03%,$             54.25,0.56,,,,,,,,1.82%,,,1.2,,-1.63%,,,,,,,,,,,,
,,,,,,,,,,,,,,,,,,2018,8/24/2018,$                                                       54.70,,,,,,,,,,1.02%,$             54.70,0.56,,,,,,,,1.81%,,,1.2,,-0.82%,,,,,,,,,,,,
,,,,,,,,,,,,,,,,,,2018,8/27/2018,$                                                       54.80,,,,,,,,,,1.02%,$             54.80,0.56,,,,,,,,1.81%,,,1.2,,-0.63%,,,,,,,,,,,,
,,,,,,,,,,,,,,,,,,2018,8/28/2018,$                                                        55.15,,,,,,,,,,1.02%,$              55.15,0.56,,,,,,,,1.80%,,,1.2,,0.00%,,,,,,,,,,,,
,,,,,,,,,,,,,,,,,,2018,8/29/2018,$                                                        54.15,,,,,,,,,,1.03%,$              54.15,0.56,,,,,,,,1.83%,,,1.2,,-1.81%,,,,,,,,,,,,
,,,,,,,,,,,,,,,,,,2018,8/30/2018,$                                                       54.25,,,,,,,,,,1.03%,$             54.25,0.56,,,,,,,,1.82%,,,1.2,,-1.63%,,,,,,,,,,,,
,,,,,,,,,,,,,,,,,,2018,8/31/2018,$                                                       54.95,,,,,,,,,,1.02%,$             54.95,0.56,,,,,,,,1.80%,,,1.2,,-0.36%,,,,,,,,,,,,
,,,,,,,,,,,,,,,,,,2018,9/4/2018,$                                                       55.30,,,,,,,,,,1.01%,$             55.30,0.56,,,,,,,,1.79%,,,1.2,,0.00%,,,,,,,,,,,,
,,,,,,,,,,,,,,,,,,2018,9/5/2018,$                                                       55.65,,,,,,,,,,1.01%,$             55.65,0.56,,,,,,,,1.78%,,,1.2,,0.00%,,,,,,,,,,,,
,,,,,,,,,,,,,,,,,,2018,9/6/2018,$                                                       55.65,,,,,,,,,,1.01%,$             55.65,0.56,,,,,,,,1.78%,,,1.2,,0.00%,,,,,,,,,,,,
,,,,,,,,,,,,,,,,,,2018,9/7/2018,$                                                       55.35,,,,,,,,,,1.01%,$             55.35,0.56,,,,,,,,1.79%,,,1.2,,-0.54%,,,,,,,,,,,,
,,,,,,,,,,,,,,,,,,2018,9/10/2018,$                                                       56.20,,,,,,,,,,1.00%,$             56.20,0.56,,,,,,,,1.76%,,,1.2,,0.00%,,,,,,,,,,,,
,,,,,,,,,,,,,,,,,,2018,9/11/2018,$                                                       54.90,,,,,,,,,,1.02%,$             54.90,0.56,,,,,,,,1.80%,,,1.2,,-2.31%,,,,,,,,,,,,
,,,,,,,,,,,,,,,,,,2018,9/12/2018,$                                                       54.20,,,,,,,,,,1.03%,$             54.20,0.56,,,,,,,,1.83%,,,1.2,,-3.56%,,,,,,,,,,,,
,,,,,,,,,,,,,,,,,,2018,9/13/2018,$                                                       54.50,,,,,,,,,,1.03%,$             54.50,0.56,,,,,,,,1.82%,,,1.2,,-3.02%,,,,,,,,,,,,
,,,,,,,,,,,,,,,,,,2018,9/14/2018,$                                                       54.50,,,,,,,,,,1.03%,$             54.50,0.56,,,,,,,,1.82%,,,1.2,,-3.02%,,,,,,,,,,,,
,,,,,,,,,,,,,,,,,,2018,9/17/2018,$                                                        54.15,,,,,,,,,,1.03%,$              54.15,0.56,,,,,,,,1.83%,,,1.2,,-3.65%,,,,,,,,,,,,
,,,,,,,,,,,,,,,,,,2018,9/18/2018,$                                                       54.05,,,,,,,,,,1.04%,$             54.05,0.56,,,,,,,,1.83%,,,1.2,,-3.83%,,,,,,,,,,,,
,,,,,,,,,,,,,,,,,,2018,9/19/2018,$                                                       53.80,,,,,,,,,,1.04%,$             53.80,0.56,,,,,,,,1.84%,,,1.2,,-4.27%,,,,,,,,,,,,
,,,,,,,,,,,,,,,,,,2018,9/20/2018,$                                                       54.35,,,,,,,,,,1.03%,$             54.35,0.56,,,,,,,,1.82%,,,1.2,,-3.29%,,,,,,,,,,,,
,,,,,,,,,,,,,,,,,,2018,9/21/2018,$                                                       54.25,,,,,,,,,,1.03%,$             54.25,0.56,,,,,,,,1.82%,,,1.2,,-3.47%,,,,,,,,,,,,
,,,,,,,,,,,,,,,,,,2018,9/24/2018,$                                                       54.05,,,,,,,,,,1.04%,$             54.05,0.56,,,,,,,,1.83%,,,1.2,,-3.83%,,,,,,,,,,,,
,,,,,,,,,,,,,,,,,,2018,9/25/2018,$                                                       53.25,,,,,,,,,,1.05%,$             53.25,0.56,,,,,,,,1.86%,,,1.2,,-5.25%,,,,,,,,,,,,
,,,,,,,,,,,,,,,,,,2018,9/26/2018,$                                                       52.90,,,,,,,,,,1.06%,$             52.90,0.56,,,,,,,,1.87%,,,1.2,,-5.87%,,,,,,,,,,,,
,,,,,,,,,,,,,,,,,,2018,9/27/2018,$                                                        53.10,,,,,,,,,,1.05%,$              53.10,0.56,,,,,,,,1.86%,,,1.2,,-5.52%,,,,,,,,,,,,
,,,,,,,,,,,,,,,,,,2018,9/28/2018,$                                                       52.95,,,,,,,,,,1.06%,$             52.95,0.56,,,,,,,,1.87%,,,1.2,,-5.78%,,,,,,,,,,,,
,,,,,,,,,,,,,,,,,,2018,10/1/2018,$                                                       52.37,,,,,,,,,,1.07%,$             52.37,0.56,,,,,,,,1.89%,,,1.2,,-6.81%,,,,,,,,,,,,
,,,,,,,,,,,,,,,,,,2018,10/2/2018,$                                                       52.70,,,,,,,,,,,$             52.70,,,,,,,,,1.88%,,,1.2,,-6.23%,,,,,,,,,,,,
,,,,,,,,,,,,,,,,,,2018,10/3/2018,$                                                        51.49,,,,,,,,,,1.09%,$              51.49,0.56,,,,,,,,1.92%,,,1.2,,-8.38%,,,,,,,,,,,,
,,,,,,,,,,,,,,,,,,2018,10/4/2018,$                                                       50.53,,,,,,,,,,1.11%,$             50.53,0.56,,,,,,,,1.96%,,,1.2,,-10.09%,,,,,,,,,,,,
,,,,,,,,,,,,,,,,,,2018,10/5/2018,$                                                       50.27,,,,,,,,,,1.11%,$             50.27,0.56,,,,,,,,1.97%,,,1.2,,-10.55%,,,,,,,,,,,,
,,,,,,,,,,,,,,,,,,2018,10/8/2018,$                                                        51.54,,,,,,,,,,1.09%,$              51.54,0.56,,,,,,,,1.92%,,,1.2,,-8.29%,,,,,,,,,,,,
,,,,,,,,,,,,,,,,,,2018,10/9/2018,$                                                        51.03,,,,,,,,,,1.10%,$              51.03,0.56,,,,,,,,1.94%,,,1.2,,-9.20%,,,,,,,,,,,,
,,,,,,,,,,,,,,,,,,2018,10/10/2018,$                                                       48.60,,,,,,,,,,1.15%,$             48.60,0.56,,,,,,,,2.04%,,,1.2,,-13.52%,,,,,,,,,,,,
,,,,,,,,,,,,,,,,,,2018,10/11/2018,$                                                        48.01,,,,,,,,,,1.17%,$              48.01,0.56,,,,,,,,2.06%,,,1.2,,-14.57%,,,,,,,,,,,,
,,,,,,,,,,,,,,,,,,2018,10/12/2018,$                                                       47.52,,,,,,,,,,1.18%,$             47.52,0.56,,,,,,,,2.08%,,,1.2,,-15.44%,,,,,,,,,,,,
,,,,,,,,,,,,,,,,,,2018,10/15/2018,$                                                       48.24,,,,,,,,,,1.16%,$             48.24,0.56,,,,,,,,2.05%,,,1.2,,-14.16%,,,,,,,,,,,,
,,,,,,,,,,,,,,,,,,2018,10/16/2018,$                                                       50.24,,,,,,,,,,1.11%,$             50.24,0.56,,,,,,,,1.97%,,,1.2,,-10.60%,,,,,,,,,,,,
,,,,,,,,,,,,,,,,,,2018,10/17/2018,$                                                       49.82,,,,,,,,,,1.12%,$             49.82,0.56,,,,,,,,1.99%,,,1.2,,-11.35%,,,,,,,,,,,,
,,,,,,,,,,,,,,,,,,2018,10/18/2018,$                                                        49.10,,,,,,,,,,1.14%,$              49.10,0.56,,,,,,,,2.02%,,,1.2,,-12.63%,,,,,,,,,,,,
,,,,,,,,,,,,,,,,,,2018,10/19/2018,$                                                       48.20,,,,,,,,,,1.16%,$             48.20,0.56,,,,,,,,2.05%,,,1.2,,-14.23%,,,,,,,,,,,,
,,,,,,,,,,,,,,,,,,2018,10/22/2018,$                                                       48.67,,,,,,,,,,1.15%,$             48.67,0.56,,,,,,,,2.03%,,,1.2,,-13.40%,,,,,,,,,,,,
,,,,,,,,,,,,,,,,,,2018,10/23/2018,$                                                       48.95,,,,,,,,,,1.14%,$             48.95,0.56,,,,,,,,2.02%,,,1.2,,-12.90%,,,,,,,,,,,,
,,,,,,,,,,,,,,,,,,2018,10/24/2018,$                                                       47.80,,,,,,,,,,1.17%,$             47.80,0.56,,,,,,,,2.07%,,,1.2,,-14.95%,,,,,,,,,,,,
,,,,,,,,,,,,,,,,,,2018,10/25/2018,$                                                       48.22,,,,,,,,,,1.16%,$             48.22,0.56,,,,,,,,2.05%,,,1.2,,-14.20%,,,,,,,,,,,,
,,,,,,,,,,,,,,,,,,2018,10/26/2018,$                                                       48.25,,,,,,,,,,1.16%,$             48.25,0.56,,,,,,,,2.05%,,,1.2,,-14.15%,,,,,,,,,,,,
,,,,,,,,,,,,,,,,,,2018,10/29/2018,$                                                       48.00,,,,,,,,,,1.17%,$             48.00,0.56,,,,,,,,2.06%,,,1.2,,-14.59%,,,,,,,,,,,,
,,,,,,,,,,,,,,,,,,2018,10/30/2018,$                                                       48.76,,,,,,,,,,1.15%,$             48.76,0.56,,,,,,,,2.03%,,,1.2,,-13.24%,,,,,,,,,,,,
,,,,,,,,,,,,,,,,,,2018,10/31/2018,$                                                         49.11,,,,,,,,,,1.14%,$               49.11,0.56,,,,,,,,2.02%,,,1.2,,-12.62%,,,,,,,,,,,,
,,,,,,,,,,,,,,,,,,2018,11/1/2018,$                                                       50.33,,,,,,,,,,1.11%,$             50.33,0.56,,,,,,,,1.97%,,,1.2,,-10.44%,,,,,,,,,,,,
,,,,,,,,,,,,,,,,,,2018,11/2/2018,$                                                       50.49,,,,,,,,,,1.11%,$             50.49,0.56,,,,,,,,1.96%,,,1.2,,-10.16%,,,,,,,,,,,,
,,,,,,,,,,,,,,,,,,2018,11/5/2018,$                                                        50.12,,,,,,,,,,1.12%,$              50.12,0.56,,,,,,,,1.98%,,,1.2,,-10.82%,,,,,,,,,,,,
,,,,,,,,,,,,,,,,,,2018,11/6/2018,$                                                        52.12,,,,,,,,,,1.07%,$              52.12,0.56,,,,,,,,1.90%,,,1.2,,-7.26%,,,,,,,,,,,,
,,,,,,,,,,,,,,,,,,2018,11/7/2018,$                                                       53.38,,,,,,,,,,1.05%,$             53.38,0.56,,,,,,,,1.85%,,,1.2,,-5.02%,,,,,,,,,,,,
,,,,,,,,,,,,,,,,,,2018,11/8/2018,$                                                       52.57,,,,,,,,,,1.07%,$             52.57,0.56,,,,,,,,1.88%,,,1.2,,-6.46%,,,,,,,,,,,,
,,,,,,,,,,,,,,,,,,2018,11/9/2018,$                                                        51.75,,,,,,,,,,1.08%,$              51.75,0.56,,,,,,,,1.91%,,,1.2,,-7.92%,,,,,,,,,,,,
,,,,,,,,,,,,,,,,,,2018,11/12/2018,$                                                         51.51,,,,,,,,,,1.09%,$               51.51,0.56,,,,,,,,1.92%,,,1.2,,-8.35%,,,,,,,,,,,,
,,,,,,,,,,,,,,,,,,2018,11/13/2018,$                                                        51.57,,,,,,,,,,1.09%,$              51.57,0.56,,,,,,,,1.92%,,,1.2,,-8.24%,,,,,,,,,,,,
,,,,,,,,,,,,,,,,,,2018,11/14/2018,$                                                        51.38,,,,,,,,,,1.09%,$              51.38,0.56,,,,,,,,1.93%,,,1.2,,-8.58%,,,,,,,,,,,,
,,,,,,,,,,,,,,,,,,2018,11/15/2018,$                                                       52.58,,,,,,,,,,1.07%,$             52.58,0.56,,,,,,,,1.88%,,,1.2,,-6.44%,,,,,,,,,,,,
,,,,,,,,,,,,,,,,,,2018,11/16/2018,$                                                       53.45,,,,,,,,,,1.05%,$             53.45,0.56,,,,,,,,1.85%,,,1.2,,-4.89%,,,,,,,,,,,,
,,,,,,,,,,,,,,,,,,2018,11/19/2018,$                                                       52.49,,,,,,,,,,1.07%,$             52.49,0.56,,,,,,,,1.89%,,,1.2,,-6.60%,,,,,,,,,,,,
,,,,,,,,,,,,,,,,,,2018,11/20/2018,$                                                        51.80,,,,,,,,,,1.08%,$              51.80,0.56,,,,,,,,1.91%,,,1.2,,-7.83%,,,,,,,,,,,,
,,,,,,,,,,,,,,,,,,2018,11/21/2018,$                                                         52.11,,,,,,,,,,1.07%,$               52.11,0.56,,,,,,,,1.90%,,,1.2,,-7.28%,,,,,,,,,,,,
,,,,,,,,,,,,,,,,,,2018,11/23/2018,$                                                       52.79,,,,,,,,,,1.06%,$             52.79,0.56,,,,,,,,1.88%,,,1.2,,-6.07%,,,,,,,,,,,,
,,,,,,,,,,,,,,,,,,2018,11/26/2018,$                                                       53.48,,,,,,,,,,1.05%,$             53.48,0.56,,,,,,,,1.85%,,,1.2,,-4.84%,,,,,,,,,,,,
,,,,,,,,,,,,,,,,,,2018,11/27/2018,$                                                       53.58,,,,,,,,,,1.05%,$             53.58,0.56,,,,,,,,1.85%,,,1.2,,-4.66%,,,,,,,,,,,,
,,,,,,,,,,,,,,,,,,2018,11/28/2018,$                                                       55.08,,,,,,,,,,1.02%,$             55.08,0.56,,,,,,,,1.80%,,,1.2,,-1.99%,,,,,,,,,,,,
,,,,,,,,,,,,,,,,,,2018,11/29/2018,$                                                       55.09,,,,,,,,,,1.02%,$             55.09,0.56,,,,,,,,1.80%,,,1.2,,-1.98%,,,,,,,,,,,,
,,,,,,,,,,,,,,,,,,2018,11/30/2018,$                                                       55.50,,,,,,,,,,1.01%,$             55.50,0.56,,,,,,,,1.78%,,,1.2,,-1.25%,,,,,,,,,,,,
,,,,,,,,,,,,,,,,,,2018,12/3/2018,$                                                       56.97,,,,,,,,,,0.98%,$             56.97,0.56,,,,,,,,1.74%,,,1.2,,0.00%,,,,,,,,,,,,
,,,,,,,,,,,,,,,,,,2018,12/4/2018,$                                                       55.44,,,,,,,,,,1.01%,$             55.44,0.56,,,,,,,,1.79%,,,1.2,,-2.69%,,,,,,,,,,,,
,,,,,,,,,,,,,,,,,,2018,12/6/2018,$                                                       55.09,,,,,,,,,,1.02%,$             55.09,0.56,,,,,,,,1.80%,,,1.2,,-3.30%,,,,,,,,,,,,
,,,,,,,,,,,,,,,,,,2018,12/7/2018,$                                                       53.75,,,,,,,,,,1.04%,$             53.75,0.56,,,,,,,,1.84%,,,1.2,,-5.65%,,,,,,,,,,,,
,,,,,,,,,,,,,,,,,,2018,12/10/2018,$                                                       53.66,,,,,,,,,,1.04%,$             53.66,0.56,,,,,,,,1.84%,,,1.2,,-5.81%,,,,,,,,,,,,
,,,,,,,,,,,,,,,,,,2018,12/11/2018,$                                                       53.87,,,,,,,,,,1.04%,$             53.87,0.56,,,,,,,,1.84%,,,1.2,,-5.44%,,,,,,,,,,,,
,,,,,,,,,,,,,,,,,,2018,12/12/2018,$                                                       54.90,,,,,,,,,,1.02%,$             54.90,0.56,,,,,,,,1.80%,,,1.2,,-3.63%,,,,,,,,,,,,
,,,,,,,,,,,,,,,,,,2018,12/13/2018,$                                                       54.55,,,,,,,,,,1.03%,$             54.55,0.56,,,,,,,,1.81%,,,1.2,,-4.25%,,,,,,,,,,,,
,,,,,,,,,,,,,,,,,,2018,12/14/2018,$                                                       54.49,,,,,,,,,,1.03%,$             54.49,0.56,,,,,,,,1.82%,,,1.2,,-4.35%,,,,,,,,,,,,
,,,,,,,,,,,,,,,,,,2018,12/17/2018,$                                                        51.55,,,,,,,,,,1.09%,$              51.55,0.56,,,,,,,,1.92%,,,1.2,,-9.51%,,,,,,,,,,,,
,,,,,,,,,,,,,,,,,,2018,12/18/2018,$                                                        51.39,,,,,,,,,,1.09%,$              51.39,0.56,,,,,,,,1.93%,,,1.2,,-9.79%,,,,,,,,,,,,
,,,,,,,,,,,,,,,,,,2018,12/19/2018,$                                                       50.39,,,,,,,,,,1.11%,$             50.39,0.56,,,,,,,,1.96%,,,1.2,,-11.55%,,,,,,,,,,,,
,,,,,,,,,,,,,,,,,,2018,12/20/2018,$                                                       49.63,,,,,,,,,,1.13%,$             49.63,0.56,,,,,,,,1.99%,,,1.2,,-12.88%,,,,,,,,,,,,
,,,,,,,,,,,,,,,,,,2018,12/21/2018,$                                                       48.30,,,,,,,,,,1.16%,$             48.30,0.56,,,,,,,,2.05%,,,1.2,,-15.22%,,,,,,,,,,,,
,,,,,,,,,,,,,,,,,,2018,12/24/2018,$                                                       46.99,,,,,,,,,,1.19%,$             46.99,0.56,,,,,,,,2.11%,,,1.2,,-17.52%,,,,,,,,,,,,
,,,,,,,,,,,,,,,,,,2018,12/26/2018,$                                                       48.48,,,,,,,,,,1.16%,$             48.48,0.56,,,,,,,,2.04%,,,1.2,,-14.90%,,,,,,,,,,,,
,,,,,,,,,,,,,,,,,,2018,12/27/2018,$                                                       48.69,,,,,,,,,,1.15%,$             48.69,0.56,,,,,,,,2.03%,,,1.2,,-14.53%,,,,,,,,,,,,
,,,,,,,,,,,,,,,,,,2018,12/28/2018,$                                                       48.07,,,,,,,,,,1.16%,$             48.07,0.56,,,,,,,,2.06%,,,1.2,,-15.62%,,,,,,,,,,,,
,,,,,,,,,,,,,,,,,,2018,12/31/2018,$                                                        49.21,,,,,,,,,,1.14%,$              49.21,0.56,,,,,,,,2.01%,,,1.2,,-13.62%,,,,,,,,,,,,
,,,,,,,,,,,,,,,,,,2019,1/2/2019,$                                                       48.87,,,,,,,,,,1.31%,$             48.87,0.64,,,,,,,,2.03%,,,0.64,,-14.22%,,,,,,,,,,,,
,,,,,,,,,,,,,,,,,,2019,1/3/2019,$                                                       47.88,,,,,,,,,,1.34%,$             47.88,0.64,,,,,,,,2.07%,,,0.64,,-15.96%,,,,,,,,,,,,
,,,,,,,,,,,,,,,,,,2019,1/4/2019,$                                                       49.05,,,,,,,,,,1.30%,$             49.05,0.64,,,,,,,,2.02%,,,0.64,,-13.90%,,,,,,,,,,,,
,,,,,,,,,,,,,,,,,,2019,1/7/2019,$                                                       49.52,,,,,,,,,,1.29%,$             49.52,0.64,,,,,,,,2.00%,,,0.64,,-13.08%,,,,,,,,,,,,
,,,,,,,,,,,,,,,,,,2019,1/8/2019,$                                                       50.69,,,,,,,,,,1.26%,$             50.69,0.64,,,,,,,,1.95%,,,0.64,,-11.02%,,,,,,,,,,,,
,,,,,,,,,,,,,,,,,,2019,1/9/2019,$                                                        50.51,,,,,,,,,,1.27%,$              50.51,0.64,,,,,,,,1.96%,,,0.64,,-11.34%,,,,,,,,,,,,
,,,,,,,,,,,,,,,,,,2019,1/10/2019,$                                                        51.40,,,,,,,,,,1.25%,$              51.40,0.64,,,,,,,,1.93%,,,0.64,,-9.78%,,,,,,,,,,,,
,,,,,,,,,,,,,,,,,,2019,1/11/2019,$                                                        51.35,,,,,,,,,,1.25%,$              51.35,0.64,,,,,,,,1.93%,,,0.64,,-9.86%,,,,,,,,,,,,
,,,,,,,,,,,,,,,,,,2019,1/14/2019,$                                                       50.80,,,,,,,,,,1.26%,$             50.80,0.64,,,,,,,,1.95%,,,0.64,,-10.83%,,,,,,,,,,,,
,,,,,,,,,,,,,,,,,,2019,1/15/2019,$                                                        51.62,,,,,,,,,,1.24%,$              51.62,0.64,,,,,,,,1.92%,,,0.64,,-9.39%,,,,,,,,,,,,
,,,,,,,,,,,,,,,,,,2019,1/16/2019,$                                                        51.79,,,,,,,,,,1.24%,$              51.79,0.64,,,,,,,,1.91%,,,0.64,,-9.09%,,,,,,,,,,,,
,,,,,,,,,,,,,,,,,,2019,1/17/2019,$                                                        52.16,,,,,,,,,,1.23%,$              52.16,0.64,,,,,,,,1.90%,,,0.64,,-8.44%,,,,,,,,,,,,
,,,,,,,,,,,,,,,,,,2019,1/18/2019,$                                                       52.44,,,,,,,,,,1.22%,$             52.44,0.64,,,,,,,,1.89%,,,0.64,,-7.95%,,,,,,,,,,,,
,,,,,,,,,,,,,,,,,,2019,1/22/2019,$                                                        51.67,,,,,,,,,,1.24%,$              51.67,0.64,,,,,,,,1.92%,,,0.64,,-9.30%,,,,,,,,,,,,
,,,,,,,,,,,,,,,,,,2019,1/23/2019,$                                                        51.80,,,,,,,,,,1.24%,$              51.80,0.64,,,,,,,,1.91%,,,0.64,,-9.07%,,,,,,,,,,,,
,,,,,,,,,,,,,,,,,,2019,1/24/2019,$                                                       52.79,,,,,,,,,,1.21%,$             52.79,0.64,,,,,,,,1.88%,,,0.64,,-7.34%,,,,,,,,,,,,
,,,,,,,,,,,,,,,,,,2019,1/25/2019,$                                                        53.18,,,,,,,,,,1.20%,$              53.18,0.64,,,,,,,,1.86%,,,0.64,,-6.65%,,,,,,,,,,,,
,,,,,,,,,,,,,,,,,,2019,1/28/2019,$                                                         51.91,,,,,,,,,,1.23%,$               51.91,0.64,,,,,,,,1.91%,,,0.64,,-8.88%,,,,,,,,,,,,
,,,,,,,,,,,,,,,,,,2019,1/29/2019,$                                                        51.87,,,,,,,,,,1.23%,$              51.87,0.64,,,,,,,,1.91%,,,0.64,,-8.95%,,,,,,,,,,,,
,,,,,,,,,,,,,,,,,,2019,1/30/2019,$                                                       52.30,,,,,,,,,,1.22%,$             52.30,0.64,,,,,,,,1.89%,,,0.64,,-8.20%,,,,,,,,,,,,
,,,,,,,,,,,,,,,,,,2019,1/31/2019,$                                                       52.79,,,,,,,,,,1.21%,$             52.79,0.64,,,,,,,,1.88%,,,0.64,,-7.34%,,,,,,,,,,,,
,,,,,,,,,,,,,,,,,,2019,2/1/2019,$                                                       53.00,,,,,,,,,,1.21%,$             53.00,0.64,,,,,,,,1.87%,,,0.64,,-6.97%,,,,,,,,,,,,
,,,,,,,,,,,,,,,,,,2019,2/4/2019,$                                                       53.93,,,,,,,,,,1.19%,$             53.93,0.64,,,,,,,,1.84%,,,0.64,,-5.34%,,,,,,,,,,,,
,,,,,,,,,,,,,,,,,,2019,2/5/2019,$                                                       56.77,,,,,,,,,,1.13%,$             56.77,0.64,,,,,,,,1.74%,,,0.64,,-0.35%,,,,,,,,,,,,
,,,,,,,,,,,,,,,,,,2019,2/6/2019,$                                                       58.32,,,,,,,,,,1.10%,$             58.32,0.64,,,,,,,,1.70%,,,0.64,,0.00%,,,,,,,,,,,,
,,,,,,,,,,,,,,,,,,2019,2/7/2019,$                                                        59.19,,,,,,,,,,1.08%,$              59.19,0.64,,,,,,,,1.67%,,,0.64,,0.00%,,,,,,,,,,,,
,,,,,,,,,,,,,,,,,,2019,2/8/2019,$                                                       59.39,,,,,,,,,,1.08%,$             59.39,0.64,,,,,,,,1.67%,,,0.64,,0.00%,,,,,,,,,,,,
,,,,,,,,,,,,,,,,,,2019,2/11/2019,$                                                       59.22,,,,,,,,,,1.08%,$             59.22,0.64,,,,,,,,1.67%,,,0.64,,-0.29%,,,,,,,,,,,,
,,,,,,,,,,,,,,,,,,2019,2/12/2019,$                                                       58.94,,,,,,,,,,1.09%,$             58.94,0.64,,,,,,,,1.68%,,,0.64,,-0.76%,,,,,,,,,,,,
,,,,,,,,,,,,,,,,,,2019,2/13/2019,$                                                       58.79,,,,,,,,,,1.09%,$             58.79,0.64,,,,,,,,1.68%,,,0.64,,-1.01%,,,,,,,,,,,,
,,,,,,,,,,,,,,,,,,2019,2/14/2019,$                                                        59.01,,,,,,,,,,1.08%,$              59.01,0.64,,,,,,,,1.68%,,,0.64,,-0.64%,,,,,,,,,,,,
,,,,,,,,,,,,,,,,,,2019,2/15/2019,$                                                        60.16,,,,,,,,,,1.06%,$              60.16,0.64,,,,,,,,1.65%,,,0.64,,0.00%,,,,,,,,,,,,
,,,,,,,,,,,,,,,,,,2019,2/19/2019,$                                                       60.02,,,,,,,,,,1.07%,$             60.02,0.64,,,,,,,,1.65%,,,0.64,,-0.23%,,,,,,,,,,,,
,,,,,,,,,,,,,,,,,,2019,2/20/2019,$                                                       60.78,,,,,,,,,,1.05%,$             60.78,0.64,,,,,,,,1.63%,,,0.64,,0.00%,,,,,,,,,,,,
,,,,,,,,,,,,,,,,,,2019,2/21/2019,$                                                        61.05,,,,,,,,,,1.05%,$              61.05,0.64,,,,,,,,1.62%,,,0.64,,0.00%,,,,,,,,,,,,
,,,,,,,,,,,,,,,,,,2019,2/22/2019,$                                                       60.59,,,,,,,,,,1.06%,$             60.59,0.64,,,,,,,,1.63%,,,0.64,,-0.75%,,,,,,,,,,,,
,,,,,,,,,,,,,,,,,,2019,2/25/2019,$                                                       60.60,,,,,,,,,,1.06%,$             60.60,0.64,,,,,,,,1.63%,,,0.64,,-0.74%,,,,,,,,,,,,
,,,,,,,,,,,,,,,,,,2019,2/26/2019,$                                                       59.93,,,,,,,,,,1.07%,$             59.93,0.64,,,,,,,,1.65%,,,0.64,,-1.83%,,,,,,,,,,,,
,,,,,,,,,,,,,,,,,,2019,2/27/2019,$                                                       59.83,,,,,,,,,,1.07%,$             59.83,0.64,,,,,,,,1.65%,,,0.64,,-2.00%,,,,,,,,,,,,
,,,,,,,,,,,,,,,,,,2019,2/28/2019,$                                                       58.84,,,,,,,,,,1.09%,$             58.84,0.64,,,,,,,,1.68%,,,0.64,,-3.62%,,,,,,,,,,,,
,,,,,,,,,,,,,,,,,,2019,3/1/2019,$                                                       59.85,,,,,,,,,,1.07%,$             59.85,0.64,,,,,,,,1.65%,,,0.64,,-1.97%,,,,,,,,,,,,
,,,,,,,,,,,,,,,,,,2019,3/4/2019,$                                                        59.17,,,,,,,,,,1.08%,$              59.17,0.64,,,,,,,,1.67%,,,0.64,,-3.08%,,,,,,,,,,,,
,,,,,,,,,,,,,,,,,,2019,3/5/2019,$                                                       58.35,,,,,,,,,,1.10%,$             58.35,0.64,,,,,,,,1.70%,,,0.64,,-4.42%,,,,,,,,,,,,
,,,,,,,,,,,,,,,,,,2019,3/6/2019,$                                                        57.10,,,,,,,,,,1.12%,$              57.10,0.64,,,,,,,,1.73%,,,0.64,,-6.47%,,,,,,,,,,,,
,,,,,,,,,,,,,,,,,,2019,3/7/2019,$                                                       57.04,,,,,,,,,,1.12%,$             57.04,0.64,,,,,,,,1.74%,,,0.64,,-6.57%,,,,,,,,,,,,
,,,,,,,,,,,,,,,,,,2019,3/8/2019,$                                                        57.21,,,,,,,,,,1.12%,$              57.21,0.64,,,,,,,,1.73%,,,0.64,,-6.29%,,,,,,,,,,,,
,,,,,,,,,,,,,,,,,,2019,3/11/2019,$                                                        58.01,,,,,,,,,,1.10%,$              58.01,0.64,,,,,,,,1.71%,,,0.64,,-4.98%,,,,,,,,,,,,
,,,,,,,,,,,,,,,,,,2019,3/12/2019,$                                                       57.46,,,,,,,,,,1.11%,$             57.46,0.64,,,,,,,,1.72%,,,0.64,,-5.88%,,,,,,,,,,,,
,,,,,,,,,,,,,,,,,,2019,3/13/2019,$                                                       56.90,,,,,,,,,,1.12%,$             56.90,0.64,,,,,,,,1.74%,,,0.64,,-6.80%,,,,,,,,,,,,
,,,,,,,,,,,,,,,,,,2019,3/14/2019,$                                                       56.56,,,,,,,,,,1.13%,$             56.56,0.64,,,,,,,,1.75%,,,0.64,,-7.35%,,,,,,,,,,,,
,,,,,,,,,,,,,,,,,,2019,3/15/2019,$                                                       56.64,,,,,,,,,,1.13%,$             56.64,0.64,,,,,,,,1.75%,,,0.64,,-7.22%,,,,,,,,,,,,
,,,,,,,,,,,,,,,,,,2019,3/18/2019,$                                                        57.14,,,,,,,,,,1.12%,$              57.14,0.64,,,,,,,,1.73%,,,0.64,,-6.40%,,,,,,,,,,,,
,,,,,,,,,,,,,,,,,,2019,3/19/2019,$                                                        57.17,,,,,,,,,,1.12%,$              57.17,0.64,,,,,,,,1.73%,,,0.64,,-6.36%,,,,,,,,,,,,
,,,,,,,,,,,,,,,,,,2019,3/20/2019,$                                                       57.32,,,,,,,,,,1.12%,$             57.32,0.64,,,,,,,,1.73%,,,0.64,,-6.11%,,,,,,,,,,,,
,,,,,,,,,,,,,,,,,,2019,3/21/2019,$                                                       57.64,,,,,,,,,,1.11%,$             57.64,0.64,,,,,,,,1.72%,,,0.64,,-5.59%,,,,,,,,,,,,
,,,,,,,,,,,,,,,,,,2019,3/22/2019,$                                                       54.86,,,,,,,,,,1.17%,$             54.86,0.64,,,,,,,,1.80%,,,0.64,,-10.14%,,,,,,,,,,,,
,,,,,,,,,,,,,,,,,,2019,3/25/2019,$                                                        55.17,,,,,,,,,,1.16%,$              55.17,0.64,,,,,,,,1.79%,,,0.64,,-9.63%,,,,,,,,,,,,
,,,,,,,,,,,,,,,,,,2019,3/26/2019,$                                                       55.58,,,,,,,,,,1.15%,$             55.58,0.64,,,,,,,,1.78%,,,0.64,,-8.96%,,,,,,,,,,,,
,,,,,,,,,,,,,,,,,,2019,3/27/2019,$                                                        55.41,,,,,,,,,,1.16%,$              55.41,0.64,,,,,,,,1.79%,,,0.64,,-9.24%,,,,,,,,,,,,
,,,,,,,,,,,,,,,,,,2019,3/28/2019,$                                                       55.47,,,,,,,,,,1.15%,$             55.47,0.64,,,,,,,,1.78%,,,0.64,,-9.14%,,,,,,,,,,,,
,,,,,,,,,,,,,,,,,,2019,3/29/2019,$                                                       55.64,,,,,,,,,,1.15%,$             55.64,0.64,,,,,,,,1.78%,,,0.64,,-8.86%,,,,,,,,,,,,
,,,,,,,,,,,,,,,,,,2019,4/1/2019,$                                                       55.73,,,,,,,,,,1.15%,$             55.73,0.64,,,,,,,,1.78%,,,0.64,,-8.71%,,,,,,,,,,,,
,,,,,,,,,,,,,,,,,,2019,4/2/2019,$                                                        55.21,,,,,,,,,,1.16%,$              55.21,0.64,,,,,,,,1.79%,,,0.64,,-9.57%,,,,,,,,,,,,
,,,,,,,,,,,,,,,,,,2019,4/3/2019,$                                                       55.43,,,,,,,,,,1.15%,$             55.43,0.64,,,,,,,,1.79%,,,0.64,,-9.21%,,,,,,,,,,,,
,,,,,,,,,,,,,,,,,,2019,4/4/2019,$                                                       55.68,,,,,,,,,,1.15%,$             55.68,0.64,,,,,,,,1.78%,,,0.64,,-8.80%,,,,,,,,,,,,
,,,,,,,,,,,,,,,,,,2019,4/5/2019,$                                                       56.57,,,,,,,,,,1.13%,$             56.57,0.64,,,,,,,,1.75%,,,0.64,,-7.34%,,,,,,,,,,,,
,,,,,,,,,,,,,,,,,,2019,4/8/2019,$                                                       56.76,,,,,,,,,,1.13%,$             56.76,0.64,,,,,,,,1.74%,,,0.64,,-7.03%,,,,,,,,,,,,
,,,,,,,,,,,,,,,,,,2019,4/9/2019,$                                                        56.81,,,,,,,,,,1.13%,$              56.81,0.64,,,,,,,,1.74%,,,0.64,,-6.95%,,,,,,,,,,,,
,,,,,,,,,,,,,,,,,,2019,4/10/2019,$                                                       57.33,,,,,,,,,,1.12%,$             57.33,0.64,,,,,,,,1.73%,,,0.64,,-6.09%,,,,,,,,,,,,
,,,,,,,,,,,,,,,,,,2019,4/11/2019,$                                                        58.10,,,,,,,,,,1.10%,$              58.10,0.64,,,,,,,,1.70%,,,0.64,,-4.83%,,,,,,,,,,,,
,,,,,,,,,,,,,,,,,,2019,4/12/2019,$                                                       58.00,,,,,,,,,,1.10%,$             58.00,0.64,,,,,,,,1.71%,,,0.64,,-5.00%,,,,,,,,,,,,
,,,,,,,,,,,,,,,,,,2019,4/15/2019,$                                                       57.25,,,,,,,,,,1.12%,$             57.25,0.64,,,,,,,,1.73%,,,0.64,,-6.22%,,,,,,,,,,,,
,,,,,,,,,,,,,,,,,,2019,4/16/2019,$                                                       57.77,,,,,,,,,,1.11%,$             57.77,0.64,,,,,,,,1.71%,,,0.64,,-5.37%,,,,,,,,,,,,
,,,,,,,,,,,,,,,,,,2019,4/17/2019,$                                                        56.16,,,,,,,,,,1.14%,$              56.16,0.64,,,,,,,,1.76%,,,0.64,,-8.01%,,,,,,,,,,,,
,,,,,,,,,,,,,,,,,,2019,4/18/2019,$                                                       56.00,,,,,,,,,,1.14%,$             56.00,0.64,,,,,,,,1.77%,,,0.64,,-8.27%,,,,,,,,,,,,
,,,,,,,,,,,,,,,,,,2019,4/22/2019,$                                                       55.89,,,,,,,,,,1.15%,$             55.89,0.64,,,,,,,,1.77%,,,0.64,,-8.45%,,,,,,,,,,,,
,,,,,,,,,,,,,,,,,,2019,4/23/2019,$                                                        56.16,,,,,,,,,,1.14%,$              56.16,0.64,,,,,,,,1.76%,,,0.64,,-8.01%,,,,,,,,,,,,
,,,,,,,,,,,,,,,,,,2019,4/24/2019,$                                                        56.10,,,,,,,,,,1.14%,$              56.10,0.64,,,,,,,,1.76%,,,0.64,,-8.11%,,,,,,,,,,,,
,,,,,,,,,,,,,,,,,,2019,4/25/2019,$                                                       54.45,,,,,,,,,,1.18%,$             54.45,0.64,,,,,,,,1.82%,,,0.64,,-10.81%,,,,,,,,,,,,
,,,,,,,,,,,,,,,,,,2019,4/26/2019,$                                                       54.88,,,,,,,,,,1.17%,$             54.88,0.64,,,,,,,,1.80%,,,0.64,,-10.11%,,,,,,,,,,,,
,,,,,,,,,,,,,,,,,,2019,4/29/2019,$                                                        54.12,,,,,,,,,,1.18%,$              54.12,0.64,,,,,,,,1.83%,,,0.64,,-11.35%,,,,,,,,,,,,
,,,,,,,,,,,,,,,,,,2019,4/30/2019,$                                                       55.48,,,,,,,,,,1.15%,$             55.48,0.64,,,,,,,,1.78%,,,0.64,,-9.12%,,,,,,,,,,,,
,,,,,,,,,,,,,,,,,,2019,5/1/2019,$                                                       55.72,,,,,,,,,,1.15%,$             55.72,0.64,,,,,,,,1.78%,,,0.64,,-8.73%,,,,,,,,,,,,
,,,,,,,,,,,,,,,,,,2019,5/2/2019,$                                                       55.26,,,,,,,,,,1.16%,$             55.26,0.64,,,,,,,,1.79%,,,0.64,,-9.48%,,,,,,,,,,,,
,,,,,,,,,,,,,,,,,,2019,5/3/2019,$                                                       55.44,,,,,,,,,,1.15%,$             55.44,0.64,,,,,,,,1.79%,,,0.64,,-9.19%,,,,,,,,,,,,
,,,,,,,,,,,,,,,,,,2019,5/6/2019,$                                                       55.56,,,,,,,,,,1.15%,$             55.56,0.64,,,,,,,,1.78%,,,0.64,,-8.99%,,,,,,,,,,,,
,,,,,,,,,,,,,,,,,,2019,5/7/2019,$                                                       53.67,,,,,,,,,,1.19%,$             53.67,0.64,,,,,,,,1.84%,,,0.64,,-12.09%,,,,,,,,,,,,
,,,,,,,,,,,,,,,,,,2019,5/8/2019,$                                                        53.71,,,,,,,,,,1.19%,$              53.71,0.64,,,,,,,,1.84%,,,0.64,,-12.02%,,,,,,,,,,,,
,,,,,,,,,,,,,,,,,,2019,5/9/2019,$                                                       54.24,,,,,,,,,,1.18%,$             54.24,0.64,,,,,,,,1.83%,,,0.64,,-11.15%,,,,,,,,,,,,
,,,,,,,,,,,,,,,,,,2019,5/10/2019,$                                                       54.84,,,,,,,,,,1.17%,$             54.84,0.64,,,,,,,,1.81%,,,0.64,,-10.17%,,,,,,,,,,,,
,,,,,,,,,,,,,,,,,,2019,5/13/2019,$                                                       52.74,,,,,,,,,,1.21%,$             52.74,0.64,,,,,,,,1.88%,,,0.64,,-13.61%,,,,,,,,,,,,
,,,,,,,,,,,,,,,,,,2019,5/14/2019,$                                                       52.72,,,,,,,,,,1.21%,$             52.72,0.64,,,,,,,,1.88%,,,0.64,,-13.64%,,,,,,,,,,,,
,,,,,,,,,,,,,,,,,,2019,5/15/2019,$                                                       52.33,,,,,,,,,,1.22%,$             52.33,0.64,,,,,,,,1.89%,,,0.64,,-14.28%,,,,,,,,,,,,
,,,,,,,,,,,,,,,,,,2019,5/16/2019,$                                                       52.84,,,,,,,,,,1.21%,$             52.84,0.64,,,,,,,,1.87%,,,0.64,,-13.45%,,,,,,,,,,,,
,,,,,,,,,,,,,,,,,,2019,5/17/2019,$                                                       52.08,,,,,,,,,,1.23%,$             52.08,0.64,,,,,,,,1.90%,,,0.64,,-14.69%,,,,,,,,,,,,
,,,,,,,,,,,,,,,,,,2019,5/20/2019,$                                                        51.99,,,,,,,,,,1.23%,$              51.99,0.64,,,,,,,,1.90%,,,0.64,,-14.84%,,,,,,,,,,,,
,,,,,,,,,,,,,,,,,,2019,5/21/2019,$                                                       52.99,,,,,,,,,,1.21%,$             52.99,0.64,,,,,,,,1.87%,,,0.64,,-13.20%,,,,,,,,,,,,
,,,,,,,,,,,,,,,,,,2019,5/22/2019,$                                                        52.71,,,,,,,,,,1.21%,$              52.71,0.64,,,,,,,,1.88%,,,0.64,,-13.66%,,,,,,,,,,,,
,,,,,,,,,,,,,,,,,,2019,5/23/2019,$                                                         52.11,,,,,,,,,,1.23%,$               52.11,0.64,,,,,,,,1.90%,,,0.64,,-14.64%,,,,,,,,,,,,
,,,,,,,,,,,,,,,,,,2019,5/24/2019,$                                                       52.66,,,,,,,,,,1.22%,$             52.66,0.64,,,,,,,,1.88%,,,0.64,,-13.74%,,,,,,,,,,,,
,,,,,,,,,,,,,,,,,,2019,5/28/2019,$                                                        52.41,,,,,,,,,,1.22%,$              52.41,0.64,,,,,,,,1.89%,,,0.64,,-14.15%,,,,,,,,,,,,
,,,,,,,,,,,,,,,,,,2019,5/29/2019,$                                                       52.45,,,,,,,,,,1.22%,$             52.45,0.64,,,,,,,,1.89%,,,0.64,,-14.09%,,,,,,,,,,,,
,,,,,,,,,,,,,,,,,,2019,5/30/2019,$                                                       52.84,,,,,,,,,,1.21%,$             52.84,0.64,,,,,,,,1.87%,,,0.64,,-13.45%,,,,,,,,,,,,
,,,,,,,,,,,,,,,,,,2019,5/31/2019,$                                                       52.80,,,,,,,,,,1.21%,$             52.80,0.64,,,,,,,,1.88%,,,0.64,,-13.51%,,,,,,,,,,,,
,,,,,,,,,,,,,,,,,,2019,6/3/2019,$                                                       53.53,,,,,,,,,,1.20%,$             53.53,0.64,,,,,,,,1.85%,,,0.64,,-12.32%,,,,,,,,,,,,
,,,,,,,,,,,,,,,,,,2019,6/4/2019,$                                                       55.05,,,,,,,,,,1.16%,$             55.05,0.64,,,,,,,,1.80%,,,0.64,,-9.83%,,,,,,,,,,,,
,,,,,,,,,,,,,,,,,,2019,6/5/2019,$                                                       55.04,,,,,,,,,,1.16%,$             55.04,0.64,,,,,,,,1.80%,,,0.64,,-9.84%,,,,,,,,,,,,
,,,,,,,,,,,,,,,,,,2019,6/6/2019,$                                                        55.01,,,,,,,,,,1.16%,$              55.01,0.64,,,,,,,,1.80%,,,0.64,,-9.89%,,,,,,,,,,,,
,,,,,,,,,,,,,,,,,,2019,6/7/2019,$                                                       55.52,,,,,,,,,,1.15%,$             55.52,0.64,,,,,,,,1.78%,,,0.64,,-9.06%,,,,,,,,,,,,
,,,,,,,,,,,,,,,,,,2019,6/10/2019,$                                                       55.69,,,,,,,,,,1.15%,$             55.69,0.64,,,,,,,,1.78%,,,0.64,,-8.78%,,,,,,,,,,,,
,,,,,,,,,,,,,,,,,,2019,6/11/2019,$                                                       55.54,,,,,,,,,,1.15%,$             55.54,0.64,,,,,,,,1.78%,,,0.64,,-9.03%,,,,,,,,,,,,
,,,,,,,,,,,,,,,,,,2019,6/12/2019,$                                                       55.99,,,,,,,,,,1.14%,$             55.99,0.64,,,,,,,,1.77%,,,0.64,,-8.29%,,,,,,,,,,,,
,,,,,,,,,,,,,,,,,,2019,6/13/2019,$                                                       57.02,,,,,,,,,,1.12%,$             57.02,0.64,,,,,,,,1.74%,,,0.64,,-6.60%,,,,,,,,,,,,
,,,,,,,,,,,,,,,,,,2019,6/14/2019,$                                                       56.80,,,,,,,,,,1.13%,$             56.80,0.64,,,,,,,,1.74%,,,0.64,,-6.96%,,,,,,,,,,,,
,,,,,,,,,,,,,,,,,,2019,6/17/2019,$                                                       56.98,,,,,,,,,,1.12%,$             56.98,0.64,,,,,,,,1.74%,,,0.64,,-6.67%,,,,,,,,,,,,
,,,,,,,,,,,,,,,,,,2019,6/18/2019,$                                                       57.45,,,,,,,,,,1.11%,$             57.45,0.64,,,,,,,,1.72%,,,0.64,,-5.90%,,,,,,,,,,,,
,,,,,,,,,,,,,,,,,,2019,6/19/2019,$                                                       57.44,,,,,,,,,,1.11%,$             57.44,0.64,,,,,,,,1.72%,,,0.64,,-5.91%,,,,,,,,,,,,
,,,,,,,,,,,,,,,,,,2019,6/20/2019,$                                                       58.37,,,,,,,,,,1.10%,$             58.37,0.64,,,,,,,,1.70%,,,0.64,,-4.39%,,,,,,,,,,,,
,,,,,,,,,,,,,,,,,,2019,6/21/2019,$                                                        58.01,,,,,,,,,,1.10%,$              58.01,0.64,,,,,,,,1.71%,,,0.64,,-4.98%,,,,,,,,,,,,
,,,,,,,,,,,,,,,,,,2019,6/24/2019,$                                                        58.15,,,,,,,,,,1.10%,$              58.15,0.64,,,,,,,,1.70%,,,0.64,,-4.75%,,,,,,,,,,,,
,,,,,,,,,,,,,,,,,,2019,6/25/2019,$                                                        58.31,,,,,,,,,,1.10%,$              58.31,0.64,,,,,,,,1.70%,,,0.64,,-4.49%,,,,,,,,,,,,
,,,,,,,,,,,,,,,,,,2019,6/26/2019,$                                                       58.26,,,,,,,,,,1.10%,$             58.26,0.64,,,,,,,,1.70%,,,0.64,,-4.57%,,,,,,,,,,,,
,,,,,,,,,,,,,,,,,,2019,6/27/2019,$                                                       59.59,,,,,,,,,,1.07%,$             59.59,0.64,,,,,,,,1.66%,,,0.64,,-2.39%,,,,,,,,,,,,
,,,,,,,,,,,,,,,,,,2019,6/28/2019,$                                                       59.69,,,,,,,,,,1.07%,$             59.69,0.64,,,,,,,,1.66%,,,0.64,,-2.23%,,,,,,,,,,,,
,,,,,,,,,,,,,,,,,,2019,7/1/2019,$                                                       58.39,,,,,,,,,,1.10%,$             58.39,0.64,,,,,,,,1.70%,,,0.64,,-4.36%,,,,,,,,,,,,
,,,,,,,,,,,,,,,,,,2019,7/2/2019,$                                                       58.35,,,,,,,,,,1.10%,$             58.35,0.64,,,,,,,,1.70%,,,0.64,,-4.42%,,,,,,,,,,,,
,,,,,,,,,,,,,,,,,,2019,7/3/2019,$                                                        59.15,,,,,,,,,,1.08%,$              59.15,0.64,,,,,,,,1.67%,,,0.64,,-3.11%,,,,,,,,,,,,
,,,,,,,,,,,,,,,,,,2019,7/5/2019,$                                                       59.34,,,,,,,,,,1.08%,$             59.34,0.64,,,,,,,,1.67%,,,0.64,,-2.80%,,,,,,,,,,,,
,,,,,,,,,,,,,,,,,,2019,7/8/2019,$                                                         58.11,,,,,,,,,,1.10%,$               58.11,0.64,,,,,,,,1.70%,,,0.64,,-4.82%,,,,,,,,,,,,
,,,,,,,,,,,,,,,,,,2019,7/9/2019,$                                                        58.12,,,,,,,,,,1.10%,$              58.12,0.64,,,,,,,,1.70%,,,0.64,,-4.80%,,,,,,,,,,,,
,,,,,,,,,,,,,,,,,,2019,7/10/2019,$                                                       57.52,,,,,,,,,,1.11%,$             57.52,0.64,,,,,,,,1.72%,,,0.64,,-5.78%,,,,,,,,,,,,
,,,,,,,,,,,,,,,,,,2019,7/11/2019,$                                                       56.95,,,,,,,,,,1.12%,$             56.95,0.64,,,,,,,,1.74%,,,0.64,,-6.72%,,,,,,,,,,,,
,,,,,,,,,,,,,,,,,,2019,7/12/2019,$                                                       57.57,,,,,,,,,,1.11%,$             57.57,0.64,,,,,,,,1.72%,,,0.64,,-5.70%,,,,,,,,,,,,
,,,,,,,,,,,,,,,,,,2019,7/15/2019,$                                                       57.25,,,,,,,,,,1.12%,$             57.25,0.64,,,,,,,,1.73%,,,0.64,,-6.22%,,,,,,,,,,,,
,,,,,,,,,,,,,,,,,,2019,7/16/2019,$                                                       57.56,,,,,,,,,,1.11%,$             57.56,0.64,,,,,,,,1.72%,,,0.64,,-5.72%,,,,,,,,,,,,
,,,,,,,,,,,,,,,,,,2019,7/17/2019,$                                                        57.13,,,,,,,,,,1.12%,$              57.13,0.64,,,,,,,,1.73%,,,0.64,,-6.42%,,,,,,,,,,,,
,,,,,,,,,,,,,,,,,,2019,7/18/2019,$                                                        51.74,,,,,,,,,,1.24%,$              51.74,0.64,,,,,,,,1.91%,,,0.64,,-15.25%,,,,,,,,,,,,
,,,,,,,,,,,,,,,,,,2019,7/19/2019,$                                                       52.96,,,,,,,,,,1.21%,$             52.96,0.64,,,,,,,,1.87%,,,0.64,,-13.25%,,,,,,,,,,,,
,,,,,,,,,,,,,,,,,,2019,7/22/2019,$                                                       52.09,,,,,,,,,,1.23%,$             52.09,0.64,,,,,,,,1.90%,,,0.64,,-14.68%,,,,,,,,,,,,
,,,,,,,,,,,,,,,,,,2019,7/23/2019,$                                                        53.01,,,,,,,,,,1.21%,$              53.01,0.64,,,,,,,,1.87%,,,0.64,,-13.17%,,,,,,,,,,,,
,,,,,,,,,,,,,,,,,,2019,7/24/2019,$                                                       53.20,,,,,,,,,,1.20%,$             53.20,0.64,,,,,,,,1.86%,,,0.64,,-12.86%,,,,,,,,,,,,
,,,,,,,,,,,,,,,,,,2019,7/25/2019,$                                                       52.92,,,,,,,,,,1.21%,$             52.92,0.64,,,,,,,,1.87%,,,0.64,,-13.32%,,,,,,,,,,,,
,,,,,,,,,,,,,,,,,,2019,7/26/2019,$                                                       53.36,,,,,,,,,,1.20%,$             53.36,0.64,,,,,,,,1.86%,,,0.64,,-12.60%,,,,,,,,,,,,
,,,,,,,,,,,,,,,,,,2019,7/29/2019,$                                                       53.38,,,,,,,,,,1.20%,$             53.38,0.64,,,,,,,,1.85%,,,0.64,,-12.56%,,,,,,,,,,,,
,,,,,,,,,,,,,,,,,,2019,7/30/2019,$                                                       54.24,,,,,,,,,,1.18%,$             54.24,0.64,,,,,,,,1.83%,,,0.64,,-11.15%,,,,,,,,,,,,
,,,,,,,,,,,,,,,,,,2019,7/31/2019,$                                                       53.49,,,,,,,,,,1.20%,$             53.49,0.64,,,,,,,,1.85%,,,0.64,,-12.38%,,,,,,,,,,,,
,,,,,,,,,,,,,,,,,,2019,8/1/2019,$                                                       53.74,,,,,,,,,,1.19%,$             53.74,0.64,,,,,,,,1.84%,,,0.64,,-11.97%,,,,,,,,,,,,
,,,,,,,,,,,,,,,,,,2019,8/2/2019,$                                                        53.71,,,,,,,,,,1.19%,$              53.71,0.64,,,,,,,,1.84%,,,0.64,,-12.02%,,,,,,,,,,,,
,,,,,,,,,,,,,,,,,,2019,8/5/2019,$                                                       52.80,,,,,,,,,,1.21%,$             52.80,0.64,,,,,,,,1.88%,,,0.64,,-13.51%,,,,,,,,,,,,
,,,,,,,,,,,,,,,,,,2019,8/6/2019,$                                                        53.71,,,,,,,,,,1.19%,$              53.71,0.64,,,,,,,,1.84%,,,0.64,,-12.02%,,,,,,,,,,,,
,,,,,,,,,,,,,,,,,,2019,8/7/2019,$                                                       53.73,,,,,,,,,,1.19%,$             53.73,0.64,,,,,,,,1.84%,,,0.64,,-11.99%,,,,,,,,,,,,
,,,,,,,,,,,,,,,,,,2019,8/8/2019,$                                                       54.90,,,,,,,,,,1.17%,$             54.90,0.64,,,,,,,,1.80%,,,0.64,,-10.07%,,,,,,,,,,,,
,,,,,,,,,,,,,,,,,,2019,8/9/2019,$                                                       54.20,,,,,,,,,,1.18%,$             54.20,0.64,,,,,,,,1.83%,,,0.64,,-11.22%,,,,,,,,,,,,
,,,,,,,,,,,,,,,,,,2019,8/12/2019,$                                                       53.89,,,,,,,,,,1.19%,$             53.89,0.64,,,,,,,,1.84%,,,0.64,,-11.73%,,,,,,,,,,,,
,,,,,,,,,,,,,,,,,,2019,8/13/2019,$                                                       54.53,,,,,,,,,,1.17%,$             54.53,0.64,,,,,,,,1.82%,,,0.64,,-10.68%,,,,,,,,,,,,
,,,,,,,,,,,,,,,,,,2019,8/14/2019,$                                                       53.22,,,,,,,,,,1.20%,$             53.22,0.64,,,,,,,,1.86%,,,0.64,,-12.83%,,,,,,,,,,,,
,,,,,,,,,,,,,,,,,,2019,8/15/2019,$                                                       52.98,,,,,,,,,,1.21%,$             52.98,0.64,,,,,,,,1.87%,,,0.64,,-13.22%,,,,,,,,,,,,
,,,,,,,,,,,,,,,,,,2019,8/16/2019,$                                                        53.01,,,,,,,,,,1.21%,$              53.01,0.64,,,,,,,,1.87%,,,0.64,,-13.17%,,,,,,,,,,,,
,,,,,,,,,,,,,,,,,,2019,8/19/2019,$                                                        53.01,,,,,,,,,,1.21%,$              53.01,0.64,,,,,,,,1.87%,,,0.64,,-13.17%,,,,,,,,,,,,
,,,,,,,,,,,,,,,,,,2019,8/20/2019,$                                                        51.64,,,,,,,,,,1.24%,$              51.64,0.64,,,,,,,,1.92%,,,0.64,,-15.41%,,,,,,,,,,,,
,,,,,,,,,,,,,,,,,,2019,8/21/2019,$                                                        51.44,,,,,,,,,,1.24%,$              51.44,0.64,,,,,,,,1.92%,,,0.64,,-15.74%,,,,,,,,,,,,
,,,,,,,,,,,,,,,,,,2019,8/22/2019,$                                                         51.15,,,,,,,,,,1.25%,$               51.15,0.64,,,,,,,,1.94%,,,0.64,,-16.22%,,,,,,,,,,,,
,,,,,,,,,,,,,,,,,,2019,8/23/2019,$                                                       49.80,,,,,,,,,,1.29%,$             49.80,0.64,,,,,,,,1.99%,,,0.64,,-18.43%,,,,,,,,,,,,
,,,,,,,,,,,,,,,,,,2019,8/26/2019,$                                                        50.14,,,,,,,,,,1.28%,$              50.14,0.64,,,,,,,,1.97%,,,0.64,,-17.87%,,,,,,,,,,,,
,,,,,,,,,,,,,,,,,,2019,8/27/2019,$                                                       49.95,,,,,,,,,,1.28%,$             49.95,0.64,,,,,,,,1.98%,,,0.64,,-18.18%,,,,,,,,,,,,
,,,,,,,,,,,,,,,,,,2019,8/28/2019,$                                                        51.39,,,,,,,,,,1.25%,$              51.39,0.64,,,,,,,,1.93%,,,0.64,,-15.82%,,,,,,,,,,,,
,,,,,,,,,,,,,,,,,,2019,8/29/2019,$                                                       52.07,,,,,,,,,,1.23%,$             52.07,0.64,,,,,,,,1.90%,,,0.64,,-14.71%,,,,,,,,,,,,
,,,,,,,,,,,,,,,,,,2019,8/30/2019,$                                                        51.58,,,,,,,,,,1.24%,$              51.58,0.64,,,,,,,,1.92%,,,0.64,,-15.51%,,,,,,,,,,,,
,,,,,,,,,,,,,,,,,,2019,9/3/2019,$                                                       50.42,,,,,,,,,,1.27%,$             50.42,0.64,,,,,,,,1.96%,,,0.64,,-17.41%,,,,,,,,,,,,
,,,,,,,,,,,,,,,,,,2019,9/4/2019,$                                                       50.67,,,,,,,,,,1.26%,$             50.67,0.64,,,,,,,,1.95%,,,0.64,,-17.00%,,,,,,,,,,,,
,,,,,,,,,,,,,,,,,,2019,9/5/2019,$                                                        51.94,,,,,,,,,,1.23%,$              51.94,0.64,,,,,,,,1.91%,,,0.64,,-14.92%,,,,,,,,,,,,
,,,,,,,,,,,,,,,,,,2019,9/6/2019,$                                                       52.60,,,,,,,,,,1.22%,$             52.60,0.64,,,,,,,,1.88%,,,0.64,,-13.84%,,,,,,,,,,,,
,,,,,,,,,,,,,,,,,,2019,9/9/2019,$                                                        53.21,,,,,,,,,,1.20%,$              53.21,0.64,,,,,,,,1.86%,,,0.64,,-12.84%,,,,,,,,,,,,
,,,,,,,,,,,,,,,,,,2019,9/10/2019,$                                                       54.27,,,,,,,,,,1.18%,$             54.27,0.64,,,,,,,,1.82%,,,0.64,,-11.11%,,,,,,,,,,,,
,,,,,,,,,,,,,,,,,,2019,9/11/2019,$                                                       55.90,,,,,,,,,,1.14%,$             55.90,0.64,,,,,,,,1.77%,,,0.64,,-8.44%,,,,,,,,,,,,
,,,,,,,,,,,,,,,,,,2019,9/12/2019,$                                                       55.38,,,,,,,,,,1.16%,$             55.38,0.64,,,,,,,,1.79%,,,0.64,,-9.29%,,,,,,,,,,,,
,,,,,,,,,,,,,,,,,,2019,9/13/2019,$                                                       54.07,,,,,,,,,,1.18%,$             54.07,0.64,,,,,,,,1.83%,,,0.64,,-11.43%,,,,,,,,,,,,
,,,,,,,,,,,,,,,,,,2019,9/16/2019,$                                                       52.76,,,,,,,,,,1.21%,$             52.76,0.64,,,,,,,,1.88%,,,0.64,,-13.58%,,,,,,,,,,,,
,,,,,,,,,,,,,,,,,,2019,9/17/2019,$                                                       53.26,,,,,,,,,,1.20%,$             53.26,0.64,,,,,,,,1.86%,,,0.64,,-12.76%,,,,,,,,,,,,
,,,,,,,,,,,,,,,,,,2019,9/18/2019,$                                                       54.24,,,,,,,,,,1.18%,$             54.24,0.64,,,,,,,,1.83%,,,0.64,,-11.15%,,,,,,,,,,,,
,,,,,,,,,,,,,,,,,,2019,9/19/2019,$                                                       54.62,,,,,,,,,,1.17%,$             54.62,0.64,,,,,,,,1.81%,,,0.64,,-10.53%,,,,,,,,,,,,
,,,,,,,,,,,,,,,,,,2019,9/20/2019,$                                                       54.57,,,,,,,,,,1.17%,$             54.57,0.64,,,,,,,,1.81%,,,0.64,,-10.61%,,,,,,,,,,,,
,,,,,,,,,,,,,,,,,,2019,9/23/2019,$                                                        54.19,,,,,,,,,,1.18%,$              54.19,0.64,,,,,,,,1.83%,,,0.64,,-11.24%,,,,,,,,,,,,
,,,,,,,,,,,,,,,,,,2019,9/24/2019,$                                                       53.54,,,,,,,,,,1.20%,$             53.54,0.64,,,,,,,,1.85%,,,0.64,,-12.30%,,,,,,,,,,,,
,,,,,,,,,,,,,,,,,,2019,9/25/2019,$                                                       53.83,,,,,,,,,,1.19%,$             53.83,0.64,,,,,,,,1.84%,,,0.64,,-11.83%,,,,,,,,,,,,
,,,,,,,,,,,,,,,,,,2019,9/26/2019,$                                                       52.79,,,,,,,,,,1.21%,$             52.79,0.64,,,,,,,,1.88%,,,0.64,,-13.53%,,,,,,,,,,,,
,,,,,,,,,,,,,,,,,,2019,9/27/2019,$                                                       53.86,,,,,,,,,,1.19%,$             53.86,0.64,,,,,,,,1.84%,,,0.64,,-11.78%,,,,,,,,,,,,
,,,,,,,,,,,,,,,,,,2019,9/30/2019,$                                                       53.70,,,,,,,,,,1.19%,$             53.70,0.64,,,,,,,,1.84%,,,0.64,,-12.04%,,,,,,,,,,,,
,,,,,,,,,,,,,,,,,,2019,10/1/2019,$                                                       53.20,,,,,,,,,,1.20%,$             53.20,0.64,,,,,,,,1.86%,,,0.64,,-12.86%,,,,,,,,,,,,
,,,,,,,,,,,,,,,,,,2019,10/2/2019,$                                                        53.16,,,,,,,,,,1.20%,$              53.16,0.64,,,,,,,,1.86%,,,0.64,,-12.92%,,,,,,,,,,,,
,,,,,,,,,,,,,,,,,,2019,10/3/2019,$                                                       52.45,,,,,,,,,,1.22%,$             52.45,0.64,,,,,,,,1.89%,,,0.64,,-14.09%,,,,,,,,,,,,
,,,,,,,,,,,,,,,,,,2019,10/4/2019,$                                                       53.33,,,,,,,,,,1.20%,$             53.33,0.64,,,,,,,,1.86%,,,0.64,,-12.65%,,,,,,,,,,,,
,,,,,,,,,,,,,,,,,,2019,10/7/2019,$                                                       53.22,,,,,,,,,,1.20%,$             53.22,0.64,,,,,,,,1.86%,,,0.64,,-12.83%,,,,,,,,,,,,
,,,,,,,,,,,,,,,,,,2019,10/8/2019,$                                                        51.86,,,,,,,,,,1.23%,$              51.86,0.64,,,,,,,,1.91%,,,0.64,,-15.05%,,,,,,,,,,,,
,,,,,,,,,,,,,,,,,,2019,10/9/2019,$                                                        52.19,,,,,,,,,,1.23%,$              52.19,0.64,,,,,,,,1.90%,,,0.64,,-14.51%,,,,,,,,,,,,
,,,,,,,,,,,,,,,,,,2019,10/10/2019,$                                                        52.10,,,,,,,,,,1.23%,$              52.10,0.64,,,,,,,,1.90%,,,0.64,,-14.66%,,,,,,,,,,,,
,,,,,,,,,,,,,,,,,,2019,10/11/2019,$                                                       52.80,,,,,,,,,,1.21%,$             52.80,0.64,,,,,,,,1.88%,,,0.64,,-13.51%,,,,,,,,,,,,
,,,,,,,,,,,,,,,,,,2019,10/14/2019,$                                                       52.85,,,,,,,,,,1.21%,$             52.85,0.64,,,,,,,,1.87%,,,0.64,,-13.43%,,,,,,,,,,,,
,,,,,,,,,,,,,,,,,,2019,10/15/2019,$                                                        53.61,,,,,,,,,,1.19%,$              53.61,0.64,,,,,,,,1.85%,,,0.64,,-12.19%,,,,,,,,,,,,
,,,,,,,,,,,,,,,,,,2019,10/16/2019,$                                                        51.34,,,,,,,,,,1.25%,$              51.34,0.64,,,,,,,,1.93%,,,0.64,,-15.90%,,,,,,,,,,,,
,,,,,,,,,,,,,,,,,,2019,10/17/2019,$                                                       56.54,,,,,,,,,,1.13%,$             56.54,0.64,,,,,,,,1.75%,,,0.64,,-7.39%,,,,,,,,,,,,
,,,,,,,,,,,,,,,,,,2019,10/18/2019,$                                                        60.17,,,,,,,,,,1.06%,$              60.17,0.64,,,,,,,,1.65%,,,0.64,,-1.44%,,,,,,,,,,,,
,,,,,,,,,,,,,,,,,,2019,10/21/2019,$                                                       58.22,,,,,,,,,,1.10%,$             58.22,0.64,,,,,,,,1.70%,,,0.64,,-4.64%,,,,,,,,,,,,
,,,,,,,,,,,,,,,,,,2019,10/22/2019,$                                                       58.39,,,,,,,,,,1.10%,$             58.39,0.64,,,,,,,,1.70%,,,0.64,,-4.36%,,,,,,,,,,,,
,,,,,,,,,,,,,,,,,,2019,10/23/2019,$                                                       58.00,,,,,,,,,,1.10%,$             58.00,0.64,,,,,,,,1.71%,,,0.64,,-5.00%,,,,,,,,,,,,
,,,,,,,,,,,,,,,,,,2019,10/24/2019,$                                                        58.41,,,,,,,,,,1.10%,$              58.41,0.64,,,,,,,,1.69%,,,0.64,,-4.32%,,,,,,,,,,,,
,,,,,,,,,,,,,,,,,,2019,10/25/2019,$                                                       57.93,,,,,,,,,,1.10%,$             57.93,0.64,,,,,,,,1.71%,,,0.64,,-5.11%,,,,,,,,,,,,
,,,,,,,,,,,,,,,,,,2019,10/28/2019,$                                                       57.69,,,,,,,,,,1.11%,$             57.69,0.64,,,,,,,,1.72%,,,0.64,,-5.50%,,,,,,,,,,,,
,,,,,,,,,,,,,,,,,,2019,10/29/2019,$                                                       57.97,,,,,,,,,,1.10%,$             57.97,0.64,,,,,,,,1.71%,,,0.64,,-5.05%,,,,,,,,,,,,
,,,,,,,,,,,,,,,,,,2019,10/30/2019,$                                                       58.63,,,,,,,,,,1.09%,$             58.63,0.64,,,,,,,,1.69%,,,0.64,,-3.96%,,,,,,,,,,,,
,,,,,,,,,,,,,,,,,,2019,10/31/2019,$                                                       57.80,,,,,,,,,,1.11%,$             57.80,0.64,,,,,,,,1.71%,,,0.64,,-5.32%,,,,,,,,,,,,
,,,,,,,,,,,,,,,,,,2019,11/1/2019,$                                                        58.21,,,,,,,,,,1.10%,$              58.21,0.64,,,,,,,,1.70%,,,0.64,,-4.65%,,,,,,,,,,,,
,,,,,,,,,,,,,,,,,,2019,11/4/2019,$                                                       58.69,,,,,,,,,,1.09%,$             58.69,0.64,,,,,,,,1.69%,,,0.64,,-3.87%,,,,,,,,,,,,
,,,,,,,,,,,,,,,,,,2019,11/5/2019,$                                                       59.43,,,,,,,,,,1.08%,$             59.43,0.64,,,,,,,,1.67%,,,0.64,,-2.65%,,,,,,,,,,,,
,,,,,,,,,,,,,,,,,,2019,11/6/2019,$                                                       58.93,,,,,,,,,,1.09%,$             58.93,0.64,,,,,,,,1.68%,,,0.64,,-3.47%,,,,,,,,,,,,
,,,,,,,,,,,,,,,,,,2019,11/7/2019,$                                                       58.85,,,,,,,,,,1.09%,$             58.85,0.64,,,,,,,,1.68%,,,0.64,,-3.60%,,,,,,,,,,,,
,,,,,,,,,,,,,,,,,,2019,11/8/2019,$                                                       59.86,,,,,,,,,,1.07%,$             59.86,0.64,,,,,,,,1.65%,,,0.64,,-1.95%,,,,,,,,,,,,
,,,,,,,,,,,,,,,,,,2019,11/11/2019,$                                                       59.69,,,,,,,,,,1.07%,$             59.69,0.64,,,,,,,,1.66%,,,0.64,,-2.23%,,,,,,,,,,,,
,,,,,,,,,,,,,,,,,,2019,11/12/2019,$                                                       59.20,,,,,,,,,,1.08%,$             59.20,0.64,,,,,,,,1.67%,,,0.64,,-3.03%,,,,,,,,,,,,
,,,,,,,,,,,,,,,,,,2019,11/13/2019,$                                                       57.76,,,,,,,,,,1.11%,$             57.76,0.64,,,,,,,,1.71%,,,0.64,,-5.39%,,,,,,,,,,,,
,,,,,,,,,,,,,,,,,,2019,11/14/2019,$                                                       58.05,,,,,,,,,,1.10%,$             58.05,0.64,,,,,,,,1.71%,,,0.64,,-4.91%,,,,,,,,,,,,
,,,,,,,,,,,,,,,,,,2019,11/15/2019,$                                                       58.68,,,,,,,,,,1.09%,$             58.68,0.64,,,,,,,,1.69%,,,0.64,,-3.88%,,,,,,,,,,,,
,,,,,,,,,,,,,,,,,,2019,11/18/2019,$                                                       58.87,,,,,,,,,,1.09%,$             58.87,0.64,,,,,,,,1.68%,,,0.64,,-3.57%,,,,,,,,,,,,
,,,,,,,,,,,,,,,,,,2019,11/19/2019,$                                                        59.18,,,,,,,,,,1.08%,$              59.18,0.64,,,,,,,,1.67%,,,0.64,,-3.06%,,,,,,,,,,,,
,,,,,,,,,,,,,,,,,,2019,11/20/2019,$                                                       59.89,,,,,,,,,,1.07%,$             59.89,0.64,,,,,,,,1.65%,,,0.64,,-1.90%,,,,,,,,,,,,
,,,,,,,,,,,,,,,,,,2019,11/21/2019,$                                                       60.55,,,,,,,,,,1.06%,$             60.55,0.64,,,,,,,,1.64%,,,0.64,,-0.82%,,,,,,,,,,,,
,,,,,,,,,,,,,,,,,,2019,11/22/2019,$                                                       60.05,,,,,,,,,,1.07%,$             60.05,0.64,,,,,,,,1.65%,,,0.64,,-1.64%,,,,,,,,,,,,
,,,,,,,,,,,,,,,,,,2019,11/25/2019,$                                                        61.39,,,,,,,,,,1.04%,$              61.39,0.64,,,,,,,,1.61%,,,0.64,,0.00%,,,,,,,,,,,,
,,,,,,,,,,,,,,,,,,2019,11/26/2019,$                                                        61.78,,,,,,,,,,1.04%,$              61.78,0.64,,,,,,,,1.60%,,,0.64,,0.00%,,,,,,,,,,,,
,,,,,,,,,,,,,,,,,,2019,11/27/2019,$                                                       62.20,,,,,,,,,,1.03%,$             62.20,0.64,,,,,,,,1.59%,,,0.64,,0.00%,,,,,,,,,,,,
,,,,,,,,,,,,,,,,,,2019,11/29/2019,$                                                       62.00,,,,,,,,,,1.03%,$             62.00,0.64,,,,,,,,1.60%,,,0.64,,-0.32%,,,,,,,,,,,,
,,,,,,,,,,,,,,,,,,2019,12/2/2019,$                                                         61.14,,,,,,,,,,1.05%,$               61.14,0.64,,,,,,,,1.62%,,,0.64,,-1.70%,,,,,,,,,,,,
,,,,,,,,,,,,,,,,,,2019,12/3/2019,$                                                       59.86,,,,,,,,,,1.07%,$             59.86,0.64,,,,,,,,1.65%,,,0.64,,-3.76%,,,,,,,,,,,,
,,,,,,,,,,,,,,,,,,2019,12/4/2019,$                                                       60.94,,,,,,,,,,1.05%,$             60.94,0.64,,,,,,,,1.62%,,,0.64,,-2.03%,,,,,,,,,,,,
,,,,,,,,,,,,,,,,,,2019,12/5/2019,$                                                        61.07,,,,,,,,,,1.05%,$              61.07,0.64,,,,,,,,1.62%,,,0.64,,-1.82%,,,,,,,,,,,,
,,,,,,,,,,,,,,,,,,2019,12/6/2019,$                                                        61.35,,,,,,,,,,1.04%,$              61.35,0.64,,,,,,,,1.61%,,,0.64,,-1.37%,,,,,,,,,,,,
,,,,,,,,,,,,,,,,,,2019,12/9/2019,$                                                        61.59,,,,,,,,,,1.04%,$              61.59,0.64,,,,,,,,1.61%,,,0.64,,-0.98%,,,,,,,,,,,,
,,,,,,,,,,,,,,,,,,2019,12/10/2019,$                                                        61.73,,,,,,,,,,1.04%,$              61.73,0.64,,,,,,,,1.60%,,,0.64,,-0.76%,,,,,,,,,,,,
,,,,,,,,,,,,,,,,,,2019,12/11/2019,$                                                       62.74,,,,,,,,,,1.02%,$             62.74,0.64,,,,,,,,1.58%,,,0.64,,0.00%,,,,,,,,,,,,
,,,,,,,,,,,,,,,,,,2019,12/12/2019,$                                                       63.38,,,,,,,,,,1.01%,$             63.38,0.64,,,,,,,,1.56%,,,0.64,,0.00%,,,,,,,,,,,,
,,,,,,,,,,,,,,,,,,2019,12/13/2019,$                                                       62.74,,,,,,,,,,1.02%,$             62.74,0.64,,,,,,,,1.58%,,,0.64,,-1.01%,,,,,,,,,,,,
,,,,,,,,,,,,,,,,,,2019,12/16/2019,$                                                       63.58,,,,,,,,,,1.01%,$             63.58,0.64,,,,,,,,1.56%,,,0.64,,0.00%,,,,,,,,,,,,
,,,,,,,,,,,,,,,,,,2019,12/17/2019,$                                                       64.56,,,,,,,,,,0.99%,$             64.56,0.64,,,,,,,,1.53%,,,0.64,,0.00%,,,,,,,,,,,,
,,,,,,,,,,,,,,,,,,2019,12/18/2019,$                                                       63.76,,,,,,,,,,1.00%,$             63.76,0.64,,,,,,,,1.55%,,,0.64,,-1.24%,,,,,,,,,,,,
,,,,,,,,,,,,,,,,,,2019,12/19/2019,$                                                       64.66,,,,,,,,,,0.99%,$             64.66,0.64,,,,,,,,1.53%,,,0.64,,0.00%,,,,,,,,,,,,
,,,,,,,,,,,,,,,,,,2019,12/20/2019,$                                                       65.42,,,,,,,,,,0.98%,$             65.42,0.64,,,,,,,,1.51%,,,0.64,,0.00%,,,,,,,,,,,,
,,,,,,,,,,,,,,,,,,2019,12/23/2019,$                                                       65.69,,,,,,,,,,0.97%,$             65.69,0.64,,,,,,,,1.51%,,,0.64,,0.00%,,,,,,,,,,,,
,,,,,,,,,,,,,,,,,,2019,12/24/2019,$                                                       65.42,,,,,,,,,,0.98%,$             65.42,0.64,,,,,,,,1.51%,,,0.64,,-0.41%,,,,,,,,,,,,
,,,,,,,,,,,,,,,,,,2019,12/26/2019,$                                                       66.02,,,,,,,,,,0.97%,$             66.02,0.64,,,,,,,,1.50%,,,0.64,,0.00%,,,,,,,,,,,,
,,,,,,,,,,,,,,,,,,2019,12/27/2019,$                                                       66.08,,,,,,,,,,0.97%,$             66.08,0.64,,,,,,,,1.50%,,,0.64,,0.00%,,,,,,,,,,,,
,,,,,,,,,,,,,,,,,,2019,12/30/2019,$                                                       65.78,,,,,,,,,,0.97%,$             65.78,0.64,,,,,,,,1.51%,,,0.64,,-0.45%,,,,,,,,,,,,
,,,,,,,,,,,,,,,,,,2019,12/31/2019,$                                                       64.93,,,,,,,,,,0.99%,$             64.93,0.64,,,,,,,,1.52%,,,0.64,,-1.74%,,,,,,,,,,,,
,,,,,,,,,,,,,,,,,,2020,1/2/2020,$                                                       63.88,,,,,,,,,,1.10%,$             63.88,0.70,,,,,,,,1.55%,,,0,,-3.33%,,,,,,,,,,,,
,,,,,,,,,,,,,,,,,,2020,1/3/2020,$                                                       63.87,,,,,,,,,,1.10%,$             63.87,0.70,,,,,,,,1.55%,,,0,,-3.34%,,,,,,,,,,,,
,,,,,,,,,,,,,,,,,,2020,1/6/2020,$                                                       63.60,,,,,,,,,,1.10%,$             63.60,0.70,,,,,,,,1.56%,,,0,,-3.75%,,,,,,,,,,,,
,,,,,,,,,,,,,,,,,,2020,1/7/2020,$                                                        63.41,,,,,,,,,,1.10%,$              63.41,0.70,,,,,,,,1.56%,,,0,,-4.04%,,,,,,,,,,,,
,,,,,,,,,,,,,,,,,,2020,1/8/2020,$                                                       64.07,,,,,,,,,,1.09%,$             64.07,0.70,,,,,,,,1.55%,,,0,,-3.04%,,,,,,,,,,,,
,,,,,,,,,,,,,,,,,,2020,1/9/2020,$                                                       63.56,,,,,,,,,,1.10%,$             63.56,0.70,,,,,,,,1.56%,,,0,,-3.81%,,,,,,,,,,,,
,,,,,,,,,,,,,,,,,,2020,1/10/2020,$                                                        63.01,,,,,,,,,,1.11%,$              63.01,0.70,,,,,,,,1.57%,,,0,,-4.65%,,,,,,,,,,,,
,,,,,,,,,,,,,,,,,,2020,1/13/2020,$                                                       63.53,,,,,,,,,,1.10%,$             63.53,0.70,,,,,,,,1.56%,,,0,,-3.86%,,,,,,,,,,,,
,,,,,,,,,,,,,,,,,,2020,1/14/2020,$                                                       64.33,,,,,,,,,,1.09%,$             64.33,0.70,,,,,,,,1.54%,,,0,,-2.65%,,,,,,,,,,,,
,,,,,,,,,,,,,,,,,,2020,1/15/2020,$                                                       63.75,,,,,,,,,,,$             63.75,,,,,,,,,1.55%,,,0,,-3.53%,,,,,,,,,,,,
,,,,,,,,,,,,,,,,,,2020,1/16/2020,$                                                       63.63,,,,,,,,,,1.10%,$             63.63,0.70,,,,,,,,1.56%,,,0,,-3.71%,,,,,,,,,,,,
,,,,,,,,,,,,,,,,,,2020,1/17/2020,$                                                       63.45,,,,,,,,,,1.10%,$             63.45,0.70,,,,,,,,1.56%,,,0,,-3.98%,,,,,,,,,,,,
,,,,,,,,,,,,,,,,,,2020,1/21/2020,$                                                       62.99,,,,,,,,,,1.11%,$             62.99,0.70,,,,,,,,1.57%,,,0,,-4.68%,,,,,,,,,,,,
,,,,,,,,,,,,,,,,,,2020,1/22/2020,$                                                       63.03,,,,,,,,,,1.11%,$             63.03,0.70,,,,,,,,1.57%,,,0,,-4.62%,,,,,,,,,,,,
,,,,,,,,,,,,,,,,,,2020,1/23/2020,$                                                        62.81,,,,,,,,,,1.11%,$              62.81,0.70,,,,,,,,1.58%,,,0,,-4.95%,,,,,,,,,,,,
,,,,,,,,,,,,,,,,,,2020,1/24/2020,$                                                       62.38,,,,,,,,,,1.12%,$             62.38,0.70,,,,,,,,1.59%,,,0,,-5.60%,,,,,,,,,,,,
,,,,,,,,,,,,,,,,,,2020,1/27/2020,$                                                        60.81,,,,,,,,,,1.15%,$              60.81,0.70,,,,,,,,1.63%,,,0,,-7.98%,,,,,,,,,,,,
,,,,,,,,,,,,,,,,,,2020,1/28/2020,$                                                        61.45,,,,,,,,,,1.14%,$              61.45,0.70,,,,,,,,1.61%,,,0,,-7.01%,,,,,,,,,,,,
,,,,,,,,,,,,,,,,,,2020,1/29/2020,$                                                       60.46,,,,,,,,,,1.16%,$             60.46,0.70,,,,,,,,1.64%,,,0,,-8.50%,,,,,,,,,,,,
,,,,,,,,,,,,,,,,,,2020,1/30/2020,$                                                       60.38,,,,,,,,,,1.16%,$             60.38,0.70,,,,,,,,1.64%,,,0,,-8.63%,,,,,,,,,,,,
,,,,,,,,,,,,,,,,,,2020,1/31/2020,$                                                       59.06,,,,,,,,,,1.19%,$             59.06,0.70,,,,,,,,1.68%,,,0,,-10.62%,,,,,,,,,,,,
,,,,,,,,,,,,,,,,,,2020,2/3/2020,$                                                       59.54,,,,,,,,,,1.18%,$             59.54,0.70,,,,,,,,1.66%,,,0,,-9.90%,,,,,,,,,,,,
,,,,,,,,,,,,,,,,,,2020,2/4/2020,$                                                         61.12,,,,,,,,,,1.15%,$               61.12,0.70,,,,,,,,1.62%,,,0,,-7.51%,,,,,,,,,,,,
,,,,,,,,,,,,,,,,,,2020,2/5/2020,$                                                       62.42,,,,,,,,,,1.12%,$             62.42,0.70,,,,,,,,1.59%,,,0,,-5.54%,,,,,,,,,,,,
,,,,,,,,,,,,,,,,,,2020,2/6/2020,$                                                       64.76,,,,,,,,,,1.08%,$             64.76,0.70,,,,,,,,1.53%,,,0,,-2.00%,,,,,,,,,,,,
,,,,,,,,,,,,,,,,,,2020,2/7/2020,$                                                        65.19,,,,,,,,,,1.07%,$              65.19,0.70,,,,,,,,1.52%,,,0,,-1.35%,,,,,,,,,,,,
,,,,,,,,,,,,,,,,,,2020,2/10/2020,$                                                        67.51,,,,,,,,,,1.04%,$              67.51,0.70,,,,,,,,1.47%,,,0,,0.00%,,,,,,,,,,,,
,,,,,,,,,,,,,,,,,,2020,2/11/2020,$                                                        67.71,,,,,,,,,,1.03%,$              67.71,0.70,,,,,,,,1.46%,,,0,,0.00%,,,,,,,,,,,,
,,,,,,,,,,,,,,,,,,2020,2/12/2020,$                                                       68.35,,,,,,,,,,1.02%,$             68.35,0.70,,,,,,,,1.45%,,,0,,0.00%,,,,,,,,,,,,
,,,,,,,,,,,,,,,,,,2020,2/13/2020,$                                                       68.72,,,,,,,,,,1.02%,$             68.72,0.70,,,,,,,,1.44%,,,0,,0.00%,,,,,,,,,,,,
,,,,,,,,,,,,,,,,,,2020,2/14/2020,$                                                         69.11,,,,,,,,,,1.01%,$               69.11,0.70,,,,,,,,1.43%,,,0,,0.00%,,,,,,,,,,,,
,,,,,,,,,,,,,,,,,,2020,2/18/2020,$                                                       69.32,,,,,,,,,,1.01%,$             69.32,0.70,,,,,,,,1.43%,,,0,,0.00%,,,,,,,,,,,,
,,,,,,,,,,,,,,,,,,2020,2/19/2020,$                                                       69.70,,,,,,,,,,1.00%,$             69.70,0.70,,,,,,,,1.42%,,,0,,0.00%,,,,,,,,,,,,
,,,,,,,,,,,,,,,,,,2020,2/20/2020,$                                                       70.64,,,,,,,,,,0.99%,$             70.64,0.70,,,,,,,,1.40%,,,0,,0.00%,,,,,,,,,,,,
,,,,,,,,,,,,,,,,,,2020,2/21/2020,$                                                       69.63,,,,,,,,,,1.01%,$             69.63,0.70,,,,,,,,1.42%,,,0,,-1.43%,,,,,,,,,,,,
,,,,,,,,,,,,,,,,,,2020,2/24/2020,$                                                       68.02,,,,,,,,,,1.03%,$             68.02,0.70,,,,,,,,1.46%,,,0,,-3.71%,,,,,,,,,,,,
,,,,,,,,,,,,,,,,,,2020,2/25/2020,$                                                        65.14,,,,,,,,,,1.07%,$              65.14,0.70,,,,,,,,1.52%,,,0,,-7.79%,,,,,,,,,,,,
,,,,,,,,,,,,,,,,,,2020,2/26/2020,$                                                       65.36,,,,,,,,,,1.07%,$             65.36,0.70,,,,,,,,1.51%,,,0,,-7.47%,,,,,,,,,,,,
,,,,,,,,,,,,,,,,,,2020,2/27/2020,$                                                       64.35,,,,,,,,,,1.09%,$             64.35,0.70,,,,,,,,1.54%,,,0,,-8.90%,,,,,,,,,,,,
,,,,,,,,,,,,,,,,,,2020,2/28/2020,$                                                        60.21,,,,,,,,,,1.16%,$              60.21,0.70,,,,,,,,1.64%,,,0,,-14.77%,,,,,,,,,,,,
,,,,,,,,,,,,,,,,,,2020,3/2/2020,$                                                       63.89,,,,,,,,,,1.10%,$             63.89,0.70,,,,,,,,1.55%,,,0,,-9.56%,,,,,,,,,,,,
,,,,,,,,,,,,,,,,,,2020,3/3/2020,$                                                       62.60,,,,,,,,,,1.12%,$             62.60,0.70,,,,,,,,1.58%,,,0,,-11.38%,,,,,,,,,,,,
,,,,,,,,,,,,,,,,,,2020,3/4/2020,$                                                       63.33,,,,,,,,,,1.11%,$             63.33,0.70,,,,,,,,1.56%,,,0,,-10.35%,,,,,,,,,,,,
,,,,,,,,,,,,,,,,,,2020,3/5/2020,$                                                        61.65,,,,,,,,,,1.14%,$              61.65,0.70,,,,,,,,1.61%,,,0,,-12.73%,,,,,,,,,,,,
,,,,,,,,,,,,,,,,,,2020,3/6/2020,$                                                       63.04,,,,,,,,,,1.11%,$             63.04,0.70,,,,,,,,1.57%,,,0,,-10.76%,,,,,,,,,,,,
,,,,,,,,,,,,,,,,,,2020,3/9/2020,$                                                         61.13,,,,,,,,,,1.15%,$               61.13,0.70,,,,,,,,1.62%,,,0,,-13.46%,,,,,,,,,,,,
,,,,,,,,,,,,,,,,,,2020,3/10/2020,$                                                        59.15,,,,,,,,,,1.18%,$              59.15,0.70,,,,,,,,1.67%,,,0,,-16.27%,,,,,,,,,,,,
,,,,,,,,,,,,,,,,,,2020,3/11/2020,$                                                        56.81,,,,,,,,,,1.23%,$              56.81,0.70,,,,,,,,1.74%,,,0,,-19.58%,,,,,,,,,,,,
,,,,,,,,,,,,,,,,,,2020,3/12/2020,$                                                       49.42,,,,,,,,,,1.42%,$             49.42,0.70,,,,,,,,2.00%,,,0,,-30.04%,,,,,,,,,,,,
,,,,,,,,,,,,,,,,,,2020,3/13/2020,$                                                       54.77,,,,,,,,,,1.28%,$             54.77,0.70,,,,,,,,1.81%,,,0,,-22.47%,,,,,,,,,,,,
,,,,,,,,,,,,,,,,,,2020,3/16/2020,$                                                       49.22,,,,,,,,,,1.42%,$             49.22,0.70,,,,,,,,2.01%,,,0,,-30.32%,,,,,,,,,,,,
,,,,,,,,,,,,,,,,,,2020,3/17/2020,$                                                       53.86,,,,,,,,,,1.30%,$             53.86,0.70,,,,,,,,1.84%,,,0,,-23.75%,,,,,,,,,,,,
,,,,,,,,,,,,,,,,,,2020,3/18/2020,$                                                       50.98,,,,,,,,,,1.37%,$             50.98,0.70,,,,,,,,1.94%,,,0,,-27.83%,,,,,,,,,,,,
,,,,,,,,,,,,,,,,,,2020,3/19/2020,$                                                       50.47,,,,,,,,,,1.39%,$             50.47,0.70,,,,,,,,1.96%,,,0,,-28.55%,,,,,,,,,,,,
,,,,,,,,,,,,,,,,,,2020,3/20/2020,$                                                       45.73,,,,,,,,,,,$             45.73,,,,,,,,,2.16%,,,0,,-35.26%,,,,,,,,,,,,
,,,,,,,,,,,,,,,,,,2020,3/23/2020,$                                                       43.00,,,,,,,,,,1.63%,$             43.00,0.70,,,,,,,,2.30%,,,0,,-39.13%,,,,,,,,,,,,
,,,,,,,,,,,,,,,,,,2020,3/24/2020,$                                                       50.24,,,,,,,,,,1.39%,$             50.24,0.70,,,,,,,,1.97%,,,0,,-28.88%,,,,,,,,,,,,
,,,,,,,,,,,,,,,,,,2020,3/25/2020,$                                                       49.34,,,,,,,,,,1.42%,$             49.34,0.70,,,,,,,,2.01%,,,0,,-30.15%,,,,,,,,,,,,
,,,,,,,,,,,,,,,,,,2020,3/26/2020,$                                                       53.74,,,,,,,,,,1.30%,$             53.74,0.70,,,,,,,,1.84%,,,0,,-23.92%,,,,,,,,,,,,
,,,,,,,,,,,,,,,,,,2020,3/27/2020,$                                                       52.29,,,,,,,,,,1.34%,$             52.29,0.70,,,,,,,,1.89%,,,0,,-25.98%,,,,,,,,,,,,
,,,,,,,,,,,,,,,,,,2020,3/30/2020,$                                                       53.73,,,,,,,,,,1.30%,$             53.73,0.70,,,,,,,,1.84%,,,0,,-23.94%,,,,,,,,,,,,
,,,,,,,,,,,,,,,,,,2020,3/31/2020,$                                                       53.60,,,,,,,,,,1.31%,$             53.60,0.70,,,,,,,,1.85%,,,0,,-24.12%,,,,,,,,,,,,
,,,,,,,,,,,,,,,,,,2020,4/1/2020,$                                                       47.57,,,,,,,,,,1.47%,$             47.57,0.70,,,,,,,,2.08%,,,0,,-32.66%,,,,,,,,,,,,
,,,,,,,,,,,,,,,,,,2020,4/2/2020,$                                                       52.87,,,,,,,,,,1.32%,$             52.87,0.70,,,,,,,,1.87%,,,0,,-25.16%,,,,,,,,,,,,
,,,,,,,,,,,,,,,,,,2020,4/3/2020,$                                                       50.06,,,,,,,,,,1.40%,$             50.06,0.70,,,,,,,,1.98%,,,0,,-29.13%,,,,,,,,,,,,
,,,,,,,,,,,,,,,,,,2020,4/6/2020,$                                                       53.45,,,,,,,,,,1.31%,$             53.45,0.70,,,,,,,,1.85%,,,0,,-24.33%,,,,,,,,,,,,
,,,,,,,,,,,,,,,,,,2020,4/7/2020,$                                                       53.54,,,,,,,,,,1.31%,$             53.54,0.70,,,,,,,,1.85%,,,0,,-24.21%,,,,,,,,,,,,
,,,,,,,,,,,,,,,,,,2020,4/8/2020,$                                                       53.72,,,,,,,,,,1.30%,$             53.72,0.70,,,,,,,,1.84%,,,0,,-23.95%,,,,,,,,,,,,
,,,,,,,,,,,,,,,,,,2020,4/9/2020,$                                                       56.29,,,,,,,,,,1.24%,$             56.29,0.70,,,,,,,,1.76%,,,0,,-20.31%,,,,,,,,,,,,
,,,,,,,,,,,,,,,,,,2020,4/13/2020,$                                                       53.56,,,,,,,,,,1.31%,$             53.56,0.70,,,,,,,,1.85%,,,0,,-24.18%,,,,,,,,,,,,
,,,,,,,,,,,,,,,,,,2020,4/14/2020,$                                                        57.16,,,,,,,,,,1.22%,$              57.16,0.70,,,,,,,,1.73%,,,0,,-19.08%,,,,,,,,,,,,
,,,,,,,,,,,,,,,,,,2020,4/15/2020,$                                                       52.47,,,,,,,,,,1.33%,$             52.47,0.70,,,,,,,,1.89%,,,0,,-25.72%,,,,,,,,,,,,
,,,,,,,,,,,,,,,,,,2020,4/16/2020,$                                                       56.83,,,,,,,,,,1.23%,$             56.83,0.70,,,,,,,,1.74%,,,0,,-19.55%,,,,,,,,,,,,
,,,,,,,,,,,,,,,,,,2020,4/17/2020,$                                                       58.63,,,,,,,,,,1.19%,$             58.63,0.70,,,,,,,,1.69%,,,0,,-17.00%,,,,,,,,,,,,
,,,,,,,,,,,,,,,,,,2020,4/20/2020,$                                                       56.53,,,,,,,,,,1.24%,$             56.53,0.70,,,,,,,,1.75%,,,0,,-19.97%,,,,,,,,,,,,
,,,,,,,,,,,,,,,,,,2020,4/21/2020,$                                                       56.06,,,,,,,,,,1.25%,$             56.06,0.70,,,,,,,,1.77%,,,0,,-20.64%,,,,,,,,,,,,
,,,,,,,,,,,,,,,,,,2020,4/22/2020,$                                                        57.41,,,,,,,,,,1.22%,$              57.41,0.70,,,,,,,,1.72%,,,0,,-18.73%,,,,,,,,,,,,
,,,,,,,,,,,,,,,,,,2020,4/23/2020,$                                                       56.96,,,,,,,,,,1.23%,$             56.96,0.70,,,,,,,,1.74%,,,0,,-19.37%,,,,,,,,,,,,
,,,,,,,,,,,,,,,,,,2020,4/24/2020,$                                                       56.98,,,,,,,,,,1.23%,$             56.98,0.70,,,,,,,,1.74%,,,0,,-19.34%,,,,,,,,,,,,
,,,,,,,,,,,,,,,,,,2020,4/27/2020,$                                                       58.82,,,,,,,,,,1.19%,$             58.82,0.70,,,,,,,,1.68%,,,0,,-16.73%,,,,,,,,,,,,
,,,,,,,,,,,,,,,,,,2020,4/28/2020,$                                                        60.18,,,,,,,,,,1.16%,$              60.18,0.70,,,,,,,,1.65%,,,0,,-14.81%,,,,,,,,,,,,
,,,,,,,,,,,,,,,,,,2020,4/29/2020,$                                                        63.13,,,,,,,,,,1.11%,$              63.13,0.70,,,,,,,,1.57%,,,0,,-10.63%,,,,,,,,,,,,
,,,,,,,,,,,,,,,,,,2020,4/30/2020,$                                                       59.03,,,,,,,,,,1.19%,$             59.03,0.70,,,,,,,,1.68%,,,0,,-16.44%,,,,,,,,,,,,
,,,,,,,,,,,,,,,,,,2020,5/1/2020,$                                                        57.14,,,,,,,,,,1.23%,$              57.14,0.70,,,,,,,,1.73%,,,0,,-19.11%,,,,,,,,,,,,
,,,,,,,,,,,,,,,,,,2020,5/4/2020,$                                                        56.14,,,,,,,,,,1.25%,$              56.14,0.70,,,,,,,,1.76%,,,0,,-20.53%,,,,,,,,,,,,
,,,,,,,,,,,,,,,,,,2020,5/5/2020,$                                                        57.31,,,,,,,,,,1.22%,$              57.31,0.70,,,,,,,,1.73%,,,0,,-18.87%,,,,,,,,,,,,
,,,,,,,,,,,,,,,,,,2020,5/6/2020,$                                                       57.29,,,,,,,,,,1.22%,$             57.29,0.70,,,,,,,,1.73%,,,0,,-18.90%,,,,,,,,,,,,
,,,,,,,,,,,,,,,,,,2020,5/7/2020,$                                                       57.64,,,,,,,,,,1.21%,$             57.64,0.70,,,,,,,,1.72%,,,0,,-18.40%,,,,,,,,,,,,
,,,,,,,,,,,,,,,,,,2020,5/8/2020,$                                                       59.98,,,,,,,,,,1.17%,$             59.98,0.70,,,,,,,,1.65%,,,0,,-15.09%,,,,,,,,,,,,
,,,,,,,,,,,,,,,,,,2020,5/11/2020,$                                                       59.78,,,,,,,,,,1.17%,$             59.78,0.70,,,,,,,,1.66%,,,0,,-15.37%,,,,,,,,,,,,
,,,,,,,,,,,,,,,,,,2020,5/12/2020,$                                                       56.66,,,,,,,,,,1.24%,$             56.66,0.70,,,,,,,,1.75%,,,0,,-19.79%,,,,,,,,,,,,
,,,,,,,,,,,,,,,,,,2020,5/13/2020,$                                                       55.65,,,,,,,,,,1.26%,$             55.65,0.70,,,,,,,,1.78%,,,0,,-21.22%,,,,,,,,,,,,
,,,,,,,,,,,,,,,,,,2020,5/14/2020,$                                                       54.63,,,,,,,,,,1.28%,$             54.63,0.70,,,,,,,,1.81%,,,0,,-22.66%,,,,,,,,,,,,
,,,,,,,,,,,,,,,,,,2020,5/15/2020,$                                                       56.00,,,,,,,,,,1.25%,$             56.00,0.70,,,,,,,,1.77%,,,0,,-20.72%,,,,,,,,,,,,
,,,,,,,,,,,,,,,,,,2020,5/18/2020,$                                                        60.71,,,,,,,,,,1.15%,$              60.71,0.70,,,,,,,,1.63%,,,0,,-14.06%,,,,,,,,,,,,
,,,,,,,,,,,,,,,,,,2020,5/19/2020,$                                                       59.00,,,,,,,,,,1.19%,$             59.00,0.70,,,,,,,,1.68%,,,0,,-16.48%,,,,,,,,,,,,
,,,,,,,,,,,,,,,,,,2020,5/20/2020,$                                                       60.69,,,,,,,,,,1.15%,$             60.69,0.70,,,,,,,,1.63%,,,0,,-14.09%,,,,,,,,,,,,
,,,,,,,,,,,,,,,,,,2020,5/21/2020,$                                                       59.97,,,,,,,,,,1.17%,$             59.97,0.70,,,,,,,,1.65%,,,0,,-15.10%,,,,,,,,,,,,
,,,,,,,,,,,,,,,,,,2020,5/22/2020,$                                                         61.10,,,,,,,,,,1.15%,$               61.10,0.70,,,,,,,,1.62%,,,0,,-13.51%,,,,,,,,,,,,
,,,,,,,,,,,,,,,,,,2020,5/26/2020,$                                                       63.48,,,,,,,,,,1.10%,$             63.48,0.70,,,,,,,,1.56%,,,0,,-10.14%,,,,,,,,,,,,
,,,,,,,,,,,,,,,,,,2020,5/27/2020,$                                                       63.64,,,,,,,,,,1.10%,$             63.64,0.70,,,,,,,,1.56%,,,0,,-9.91%,,,,,,,,,,,,
,,,,,,,,,,,,,,,,,,2020,5/28/2020,$                                                        62.01,,,,,,,,,,1.13%,$              62.01,0.70,,,,,,,,1.60%,,,0,,-12.22%,,,,,,,,,,,,
,,,,,,,,,,,,,,,,,,2020,5/29/2020,$                                                         61.19,,,,,,,,,,1.14%,$               61.19,0.70,,,,,,,,1.62%,,,0,,-13.38%,,,,,,,,,,,,
,,,,,,,,,,,,,,,,,,2020,6/1/2020,$                                                         61.41,,,,,,,,,,1.14%,$               61.41,0.70,,,,,,,,1.61%,,,0,,-13.07%,,,,,,,,,,,,
,,,,,,,,,,,,,,,,,,2020,6/2/2020,$                                                       62.53,,,,,,,,,,1.12%,$             62.53,0.70,,,,,,,,1.58%,,,0,,-11.48%,,,,,,,,,,,,
,,,,,,,,,,,,,,,,,,2020,6/3/2020,$                                                       64.33,,,,,,,,,,1.09%,$             64.33,0.70,,,,,,,,1.54%,,,0,,-8.93%,,,,,,,,,,,,
,,,,,,,,,,,,,,,,,,2020,6/4/2020,$                                                       64.92,,,,,,,,,,1.08%,$             64.92,0.70,,,,,,,,1.52%,,,0,,-8.10%,,,,,,,,,,,,
,,,,,,,,,,,,,,,,,,2020,6/5/2020,$                                                        66.13,,,,,,,,,,1.06%,$              66.13,0.70,,,,,,,,1.50%,,,0,,-6.38%,,,,,,,,,,,,
,,,,,,,,,,,,,,,,,,2020,6/8/2020,$                                                        66.81,,,,,,,,,,1.05%,$              66.81,0.70,,,,,,,,1.48%,,,0,,-5.42%,,,,,,,,,,,,
,,,,,,,,,,,,,,,,,,2020,6/9/2020,$                                                       66.20,,,,,,,,,,1.06%,$             66.20,0.70,,,,,,,,1.50%,,,0,,-6.29%,,,,,,,,,,,,
,,,,,,,,,,,,,,,,,,2020,6/10/2020,$                                                       65.47,,,,,,,,,,,$             65.47,,,,,,,,,1.51%,,,0,,-7.32%,,,,,,,,,,,,
,,,,,,,,,,,,,,,,,,2020,6/11/2020,$                                                       60.78,,,,,,,,,,1.15%,$             60.78,0.70,,,,,,,,1.63%,,,0,,-13.96%,,,,,,,,,,,,
,,,,,,,,,,,,,,,,,,2020,6/12/2020,$                                                        61.52,,,,,,,,,,1.14%,$              61.52,0.70,,,,,,,,1.61%,,,0,,-12.91%,,,,,,,,,,,,
,,,,,,,,,,,,,,,,,,2020,6/15/2020,$                                                        63.13,,,,,,,,,,1.11%,$              63.13,0.70,,,,,,,,1.57%,,,0,,-10.63%,,,,,,,,,,,,
,,,,,,,,,,,,,,,,,,2020,6/16/2020,$                                                        64.01,,,,,,,,,,1.09%,$              64.01,0.70,,,,,,,,1.55%,,,0,,-9.39%,,,,,,,,,,,,
,,,,,,,,,,,,,,,,,,2020,6/17/2020,$                                                       63.39,,,,,,,,,,1.10%,$             63.39,0.70,,,,,,,,1.56%,,,0,,-10.26%,,,,,,,,,,,,
,,,,,,,,,,,,,,,,,,2020,6/18/2020,$                                                       63.65,,,,,,,,,,1.10%,$             63.65,0.70,,,,,,,,1.56%,,,0,,-9.90%,,,,,,,,,,,,
,,,,,,,,,,,,,,,,,,2020,6/19/2020,$                                                       62.82,,,,,,,,,,1.11%,$             62.82,0.70,,,,,,,,1.58%,,,0,,-11.07%,,,,,,,,,,,,
,,,,,,,,,,,,,,,,,,2020,6/22/2020,$                                                       62.49,,,,,,,,,,1.12%,$             62.49,0.70,,,,,,,,1.58%,,,0,,-11.54%,,,,,,,,,,,,
,,,,,,,,,,,,,,,,,,2020,6/23/2020,$                                                       62.46,,,,,,,,,,1.12%,$             62.46,0.70,,,,,,,,1.59%,,,0,,-11.58%,,,,,,,,,,,,
,,,,,,,,,,,,,,,,,,2020,6/24/2020,$                                                       60.64,,,,,,,,,,1.15%,$             60.64,0.70,,,,,,,,1.63%,,,0,,-14.16%,,,,,,,,,,,,
,,,,,,,,,,,,,,,,,,2020,6/25/2020,$                                                       60.99,,,,,,,,,,1.15%,$             60.99,0.70,,,,,,,,1.62%,,,0,,-13.66%,,,,,,,,,,,,
,,,,,,,,,,,,,,,,,,2020,6/26/2020,$                                                       59.79,,,,,,,,,,1.17%,$             59.79,0.70,,,,,,,,1.66%,,,0,,-15.36%,,,,,,,,,,,,
,,,,,,,,,,,,,,,,,,2020,6/29/2020,$                                                        61.07,,,,,,,,,,1.15%,$              61.07,0.70,,,,,,,,1.62%,,,0,,-13.55%,,,,,,,,,,,,
,,,,,,,,,,,,,,,,,,2020,6/30/2020,$                                                       62.92,,,,,,,,,,1.11%,$             62.92,0.70,,,,,,,,1.57%,,,0,,-10.93%,,,,,,,,,,,,
,,,,,,,,,,,,,,,,,,2020,7/1/2020,$                                                       62.68,,,,,,,,,,1.12%,$             62.68,0.70,,,,,,,,1.58%,,,0,,-11.27%,,,,,,,,,,,,
,,,,,,,,,,,,,,,,,,2020,7/2/2020,$                                                       63.55,,,,,,,,,,1.10%,$             63.55,0.70,,,,,,,,1.56%,,,0,,-10.04%,,,,,,,,,,,,
,,,,,,,,,,,,,,,,,,2020,7/6/2020,$                                                       64.22,,,,,,,,,,1.09%,$             64.22,0.70,,,,,,,,1.54%,,,0,,-9.09%,,,,,,,,,,,,
,,,,,,,,,,,,,,,,,,2020,7/7/2020,$                                                       63.37,,,,,,,,,,1.10%,$             63.37,0.70,,,,,,,,1.56%,,,0,,-10.29%,,,,,,,,,,,,
,,,,,,,,,,,,,,,,,,2020,7/8/2020,$                                                       62.53,,,,,,,,,,1.12%,$             62.53,0.70,,,,,,,,1.58%,,,0,,-11.48%,,,,,,,,,,,,
,,,,,,,,,,,,,,,,,,2020,7/9/2020,$                                                        61.72,,,,,,,,,,1.13%,$              61.72,0.70,,,,,,,,1.60%,,,0,,-12.63%,,,,,,,,,,,,
,,,,,,,,,,,,,,,,,,2020,7/10/2020,$                                                        62.17,,,,,,,,,,1.13%,$              62.17,0.70,,,,,,,,1.59%,,,0,,-11.99%,,,,,,,,,,,,
,,,,,,,,,,,,,,,,,,2020,7/13/2020,$                                                        61.37,,,,,,,,,,1.14%,$              61.37,0.70,,,,,,,,1.61%,,,0,,-13.12%,,,,,,,,,,,,
,,,,,,,,,,,,,,,,,,2020,7/14/2020,$                                                         63.11,,,,,,,,,,1.11%,$               63.11,0.70,,,,,,,,1.57%,,,0,,-10.66%,,,,,,,,,,,,
,,,,,,,,,,,,,,,,,,2020,7/15/2020,$                                                       64.95,,,,,,,,,,1.08%,$             64.95,0.70,,,,,,,,1.52%,,,0,,-8.05%,,,,,,,,,,,,
,,,,,,,,,,,,,,,,,,2020,7/16/2020,$                                                        61.66,,,,,,,,,,1.14%,$              61.66,0.70,,,,,,,,1.61%,,,0,,-12.71%,,,,,,,,,,,,
,,,,,,,,,,,,,,,,,,2020,7/17/2020,$                                                       62.30,,,,,,,,,,1.12%,$             62.30,0.70,,,,,,,,1.59%,,,0,,-11.81%,,,,,,,,,,,,
,,,,,,,,,,,,,,,,,,2020,7/20/2020,$                                                        63.18,,,,,,,,,,1.11%,$              63.18,0.70,,,,,,,,1.57%,,,0,,-10.56%,,,,,,,,,,,,
,,,,,,,,,,,,,,,,,,2020,7/21/2020,$                                                       62.93,,,,,,,,,,1.11%,$             62.93,0.70,,,,,,,,1.57%,,,0,,-10.91%,,,,,,,,,,,,
,,,,,,,,,,,,,,,,,,2020,7/22/2020,$                                                       63.30,,,,,,,,,,1.11%,$             63.30,0.70,,,,,,,,1.56%,,,0,,-10.39%,,,,,,,,,,,,
,,,,,,,,,,,,,,,,,,2020,7/23/2020,$                                                       64.04,,,,,,,,,,1.09%,$             64.04,0.70,,,,,,,,1.55%,,,0,,-9.34%,,,,,,,,,,,,
,,,,,,,,,,,,,,,,,,2020,7/24/2020,$                                                        63.16,,,,,,,,,,1.11%,$              63.16,0.70,,,,,,,,1.57%,,,0,,-10.59%,,,,,,,,,,,,
,,,,,,,,,,,,,,,,,,2020,7/27/2020,$                                                       63.89,,,,,,,,,,1.10%,$             63.89,0.70,,,,,,,,1.55%,,,0,,-9.56%,,,,,,,,,,,,
,,,,,,,,,,,,,,,,,,2020,7/28/2020,$                                                       62.92,,,,,,,,,,1.11%,$             62.92,0.70,,,,,,,,1.57%,,,0,,-10.93%,,,,,,,,,,,,
,,,,,,,,,,,,,,,,,,2020,7/29/2020,$                                                        64.10,,,,,,,,,,1.09%,$              64.10,0.70,,,,,,,,1.54%,,,0,,-9.26%,,,,,,,,,,,,
,,,,,,,,,,,,,,,,,,2020,7/30/2020,$                                                       63.72,,,,,,,,,,1.10%,$             63.72,0.70,,,,,,,,1.55%,,,0,,-9.80%,,,,,,,,,,,,
,,,,,,,,,,,,,,,,,,2020,7/31/2020,$                                                       62.60,,,,,,,,,,1.12%,$             62.60,0.70,,,,,,,,1.58%,,,0,,-11.38%,,,,,,,,,,,,
,,,,,,,,,,,,,,,,,,2020,8/3/2020,$                                                       64.06,,,,,,,,,,1.09%,$             64.06,0.70,,,,,,,,1.55%,,,0,,-9.31%,,,,,,,,,,,,
,,,,,,,,,,,,,,,,,,2020,8/4/2020,$                                                       64.04,,,,,,,,,,1.09%,$             64.04,0.70,,,,,,,,1.55%,,,0,,-9.34%,,,,,,,,,,,,
,,,,,,,,,,,,,,,,,,2020,8/5/2020,$                                                       64.69,,,,,,,,,,1.08%,$             64.69,0.70,,,,,,,,1.53%,,,0,,-8.42%,,,,,,,,,,,,
,,,,,,,,,,,,,,,,,,2020,8/6/2020,$                                                       65.63,,,,,,,,,,1.07%,$             65.63,0.70,,,,,,,,1.51%,,,0,,-7.09%,,,,,,,,,,,,
,,,,,,,,,,,,,,,,,,2020,8/7/2020,$                                                       67.54,,,,,,,,,,1.04%,$             67.54,0.70,,,,,,,,1.47%,,,0,,-4.39%,,,,,,,,,,,,
,,,,,,,,,,,,,,,,,,2020,8/10/2020,$                                                       66.69,,,,,,,,,,1.05%,$             66.69,0.70,,,,,,,,1.48%,,,0,,-5.59%,,,,,,,,,,,,
,,,,,,,,,,,,,,,,,,2020,8/11/2020,$                                                       66.74,,,,,,,,,,1.05%,$             66.74,0.70,,,,,,,,1.48%,,,0,,-5.52%,,,,,,,,,,,,
,,,,,,,,,,,,,,,,,,2020,8/12/2020,$                                                       67.75,,,,,,,,,,1.03%,$             67.75,0.70,,,,,,,,1.46%,,,0,,-4.09%,,,,,,,,,,,,
,,,,,,,,,,,,,,,,,,2020,8/13/2020,$                                                       67.47,,,,,,,,,,1.04%,$             67.47,0.70,,,,,,,,1.47%,,,0,,-4.49%,,,,,,,,,,,,
,,,,,,,,,,,,,,,,,,2020,8/14/2020,$                                                       66.82,,,,,,,,,,1.05%,$             66.82,0.70,,,,,,,,1.48%,,,0,,-5.41%,,,,,,,,,,,,
,,,,,,,,,,,,,,,,,,2020,8/17/2020,$                                                       66.43,,,,,,,,,,1.05%,$             66.43,0.70,,,,,,,,1.49%,,,0,,-5.96%,,,,,,,,,,,,
,,,,,,,,,,,,,,,,,,2020,8/18/2020,$                                                       65.96,,,,,,,,,,1.06%,$             65.96,0.70,,,,,,,,1.50%,,,0,,-6.63%,,,,,,,,,,,,
,,,,,,,,,,,,,,,,,,2020,8/19/2020,$                                                       65.40,,,,,,,,,,1.07%,$             65.40,0.70,,,,,,,,1.51%,,,0,,-7.42%,,,,,,,,,,,,
,,,,,,,,,,,,,,,,,,2020,8/20/2020,$                                                       64.43,,,,,,,,,,1.09%,$             64.43,0.70,,,,,,,,1.54%,,,0,,-8.79%,,,,,,,,,,,,
,,,,,,,,,,,,,,,,,,2020,8/21/2020,$                                                       64.26,,,,,,,,,,1.09%,$             64.26,0.70,,,,,,,,1.54%,,,0,,-9.03%,,,,,,,,,,,,
,,,,,,,,,,,,,,,,,,2020,8/24/2020,$                                                       64.84,,,,,,,,,,,$             64.84,,,,,,,,,1.53%,,,0,,-8.21%,,,,,,,,,,,,
,,,,,,,,,,,,,,,,,,2020,8/25/2020,$                                                       64.39,,,,,,,,,,1.09%,$             64.39,0.70,,,,,,,,1.54%,,,0,,-8.85%,,,,,,,,,,,,
,,,,,,,,,,,,,,,,,,2020,8/26/2020,$                                                       63.05,,,,,,,,,,1.11%,$             63.05,0.70,,,,,,,,1.57%,,,0,,-10.74%,,,,,,,,,,,,
,,,,,,,,,,,,,,,,,,2020,8/27/2020,$                                                       62.20,,,,,,,,,,1.13%,$             62.20,0.70,,,,,,,,1.59%,,,0,,-11.95%,,,,,,,,,,,,
,,,,,,,,,,,,,,,,,,2020,8/28/2020,$                                                        62.17,,,,,,,,,,1.13%,$              62.17,0.70,,,,,,,,1.59%,,,0,,-11.99%,,,,,,,,,,,,
,,,,,,,,,,,,,,,,,,2020,8/31/2020,$                                                        61.69,,,,,,,,,,1.13%,$              61.69,0.70,,,,,,,,1.60%,,,0,,-12.67%,,,,,,,,,,,,
,,,,,,,,,,,,,,,,,,2020,9/1/2020,$                                                       62.75,,,,,,,,,,1.12%,$             62.75,0.70,,,,,,,,1.58%,,,0,,-11.17%,,,,,,,,,,,,
,,,,,,,,,,,,,,,,,,2020,9/2/2020,$                                                       64.32,,,,,,,,,,1.09%,$             64.32,0.70,,,,,,,,1.54%,,,0,,-8.95%,,,,,,,,,,,,
,,,,,,,,,,,,,,,,,,2020,9/3/2020,$                                                       62.62,,,,,,,,,,1.12%,$             62.62,0.70,,,,,,,,1.58%,,,0,,-11.35%,,,,,,,,,,,,
,,,,,,,,,,,,,,,,,,2020,9/4/2020,$                                                       62.20,,,,,,,,,,1.13%,$             62.20,0.70,,,,,,,,1.59%,,,0,,-11.95%,,,,,,,,,,,,
,,,,,,,,,,,,,,,,,,2020,9/8/2020,$                                                        60.31,,,,,,,,,,1.16%,$              60.31,0.70,,,,,,,,1.64%,,,0,,-14.62%,,,,,,,,,,,,
,,,,,,,,,,,,,,,,,,2020,9/9/2020,$                                                        61.73,,,,,,,,,,1.13%,$              61.73,0.70,,,,,,,,1.60%,,,0,,-12.61%,,,,,,,,,,,,
,,,,,,,,,,,,,,,,,,2020,9/10/2020,$                                                         61.21,,,,,,,,,,1.14%,$               61.21,0.70,,,,,,,,1.62%,,,0,,-13.35%,,,,,,,,,,,,
,,,,,,,,,,,,,,,,,,2020,9/11/2020,$                                                        61.80,,,,,,,,,,1.13%,$              61.80,0.70,,,,,,,,1.60%,,,0,,-12.51%,,,,,,,,,,,,
,,,,,,,,,,,,,,,,,,2020,9/14/2020,$                                                       62.69,,,,,,,,,,1.12%,$             62.69,0.70,,,,,,,,1.58%,,,0,,-11.25%,,,,,,,,,,,,
,,,,,,,,,,,,,,,,,,2020,9/15/2020,$                                                       63.47,,,,,,,,,,1.10%,$             63.47,0.70,,,,,,,,1.56%,,,0,,-10.15%,,,,,,,,,,,,
,,,,,,,,,,,,,,,,,,2020,9/16/2020,$                                                       63.86,,,,,,,,,,1.10%,$             63.86,0.70,,,,,,,,1.55%,,,0,,-9.60%,,,,,,,,,,,,
,,,,,,,,,,,,,,,,,,2020,9/17/2020,$                                                       63.98,,,,,,,,,,1.09%,$             63.98,0.70,,,,,,,,1.55%,,,0,,-9.43%,,,,,,,,,,,,
,,,,,,,,,,,,,,,,,,2020,9/18/2020,$                                                       64.90,,,,,,,,,,1.08%,$             64.90,0.70,,,,,,,,1.53%,,,0,,-8.13%,,,,,,,,,,,,
,,,,,,,,,,,,,,,,,,2020,9/21/2020,$                                                       63.55,,,,,,,,,,1.10%,$             63.55,0.70,,,,,,,,1.56%,,,0,,-10.04%,,,,,,,,,,,,
,,,,,,,,,,,,,,,,,,2020,9/22/2020,$                                                       64.09,,,,,,,,,,1.09%,$             64.09,0.70,,,,,,,,1.54%,,,0,,-9.27%,,,,,,,,,,,,
,,,,,,,,,,,,,,,,,,2020,9/23/2020,$                                                       63.09,,,,,,,,,,1.11%,$             63.09,0.70,,,,,,,,1.57%,,,0,,-10.69%,,,,,,,,,,,,
,,,,,,,,,,,,,,,,,,2020,9/24/2020,$                                                       63.80,,,,,,,,,,1.10%,$             63.80,0.70,,,,,,,,1.55%,,,0,,-9.68%,,,,,,,,,,,,
,,,,,,,,,,,,,,,,,,2020,9/25/2020,$                                                        65.19,,,,,,,,,,1.07%,$              65.19,0.70,,,,,,,,1.52%,,,0,,-7.72%,,,,,,,,,,,,
,,,,,,,,,,,,,,,,,,2020,9/28/2020,$                                                       66.25,,,,,,,,,,1.06%,$             66.25,0.70,,,,,,,,1.49%,,,0,,-6.21%,,,,,,,,,,,,
,,,,,,,,,,,,,,,,,,2020,9/29/2020,$                                                       65.94,,,,,,,,,,1.06%,$             65.94,0.70,,,,,,,,1.50%,,,0,,-6.65%,,,,,,,,,,,,
,,,,,,,,,,,,,,,,,,2020,9/30/2020,$                                                       65.37,,,,,,,,,,1.07%,$             65.37,0.70,,,,,,,,1.51%,,,0,,-7.46%,,,,,,,,,,,,
,,,,,,,,,,,,,,,,,,2020,10/1/2020,$                                                       66.40,,,,,,,,,,1.05%,$             66.40,0.70,,,,,,,,1.49%,,,0,,-6.00%,,,,,,,,,,,,
,,,,,,,,,,,,,,,,,,2020,10/2/2020,$                                                       66.72,,,,,,,,,,1.05%,$             66.72,0.70,,,,,,,,1.48%,,,0,,-5.55%,,,,,,,,,,,,
,,,,,,,,,,,,,,,,,,2020,10/5/2020,$                                                       67.66,,,,,,,,,,1.03%,$             67.66,0.70,,,,,,,,1.46%,,,0,,-4.22%,,,,,,,,,,,,
,,,,,,,,,,,,,,,,,,2020,10/6/2020,$                                                        68.19,,,,,,,,,,1.03%,$              68.19,0.70,,,,,,,,1.45%,,,0,,-3.47%,,,,,,,,,,,,
,,,,,,,,,,,,,,,,,,2020,10/7/2020,$                                                       68.52,,,,,,,,,,1.02%,$             68.52,0.70,,,,,,,,1.44%,,,0,,-3.00%,,,,,,,,,,,,
,,,,,,,,,,,,,,,,,,2020,10/8/2020,$                                                       69.96,,,,,,,,,,1.00%,$             69.96,0.70,,,,,,,,1.42%,,,0,,-0.96%,,,,,,,,,,,,
,,,,,,,,,,,,,,,,,,2020,10/9/2020,$                                                       70.49,,,,,,,,,,0.99%,$             70.49,0.70,,,,,,,,1.40%,,,0,,-0.21%,,,,,,,,,,,,
,,,,,,,,,,,,,,,,,,2020,10/12/2020,$                                                       72.20,,,,,,,,,,0.97%,$             72.20,0.70,,,,,,,,1.37%,,,0,,0.00%,,,,,,,,,,,,
,,,,,,,,,,,,,,,,,,2020,10/13/2020,$                                                        71.64,,,,,,,,,,0.98%,$              71.64,0.70,,,,,,,,1.38%,,,0,,-0.78%,,,,,,,,,,,,
,,,,,,,,,,,,,,,,,,2020,10/14/2020,$                                                        71.88,,,,,,,,,,0.97%,$              71.88,0.70,,,,,,,,1.38%,,,0,,-0.44%,,,,,,,,,,,,
,,,,,,,,,,,,,,,,,,2020,10/15/2020,$                                                        71.83,,,,,,,,,,0.97%,$              71.83,0.70,,,,,,,,1.38%,,,0,,-0.51%,,,,,,,,,,,,
,,,,,,,,,,,,,,,,,,2020,10/16/2020,$                                                       80.38,,,,,,,,,,0.87%,$             80.38,0.70,,,,,,,,1.23%,,,0,,0.00%,,,,,,,,,,,,
,,,,,,,,,,,,,,,,,,2020,10/19/2020,$                                                        77.31,,,,,,,,,,0.91%,$              77.31,0.70,,,,,,,,1.28%,,,0,,-3.82%,,,,,,,,,,,,
,,,,,,,,,,,,,,,,,,2020,10/20/2020,$                                                       75.69,,,,,,,,,,0.92%,$             75.69,0.70,,,,,,,,1.31%,,,0,,-5.83%,,,,,,,,,,,,
,,,,,,,,,,,,,,,,,,2020,10/21/2020,$                                                       75.44,,,,,,,,,,0.93%,$             75.44,0.70,,,,,,,,1.31%,,,0,,-6.15%,,,,,,,,,,,,
,,,,,,,,,,,,,,,,,,2020,10/22/2020,$                                                       76.39,,,,,,,,,,0.92%,$             76.39,0.70,,,,,,,,1.30%,,,0,,-4.96%,,,,,,,,,,,,
,,,,,,,,,,,,,,,,,,2020,10/23/2020,$                                                        76.16,,,,,,,,,,0.92%,$              76.16,0.70,,,,,,,,1.30%,,,0,,-5.25%,,,,,,,,,,,,
,,,,,,,,,,,,,,,,,,2020,10/26/2020,$                                                        76.19,,,,,,,,,,0.92%,$              76.19,0.70,,,,,,,,1.30%,,,0,,-5.21%,,,,,,,,,,,,
,,,,,,,,,,,,,,,,,,2020,10/27/2020,$                                                       75.52,,,,,,,,,,0.93%,$             75.52,0.70,,,,,,,,1.31%,,,0,,-6.05%,,,,,,,,,,,,
,,,,,,,,,,,,,,,,,,2020,10/28/2020,$                                                       73.49,,,,,,,,,,0.95%,$             73.49,0.70,,,,,,,,1.35%,,,0,,-8.57%,,,,,,,,,,,,
,,,,,,,,,,,,,,,,,,2020,10/29/2020,$                                                       73.58,,,,,,,,,,0.95%,$             73.58,0.70,,,,,,,,1.35%,,,0,,-8.46%,,,,,,,,,,,,
,,,,,,,,,,,,,,,,,,2020,10/30/2020,$                                                       73.34,,,,,,,,,,0.95%,$             73.34,0.70,,,,,,,,1.35%,,,0,,-8.76%,,,,,,,,,,,,
,,,,,,,,,,,,,,,,,,2020,11/2/2020,$                                                       74.09,,,,,,,,,,0.94%,$             74.09,0.70,,,,,,,,1.34%,,,0,,-7.83%,,,,,,,,,,,,
,,,,,,,,,,,,,,,,,,2020,11/3/2020,$                                                       74.40,,,,,,,,,,0.94%,$             74.40,0.70,,,,,,,,1.33%,,,0,,-7.44%,,,,,,,,,,,,
,,,,,,,,,,,,,,,,,,2020,11/4/2020,$                                                       73.85,,,,,,,,,,0.95%,$             73.85,0.70,,,,,,,,1.34%,,,0,,-8.12%,,,,,,,,,,,,
,,,,,,,,,,,,,,,,,,2020,11/5/2020,$                                                       75.05,,,,,,,,,,0.93%,$             75.05,0.70,,,,,,,,1.32%,,,0,,-6.63%,,,,,,,,,,,,
,,,,,,,,,,,,,,,,,,2020,11/6/2020,$                                                       74.22,,,,,,,,,,0.94%,$             74.22,0.70,,,,,,,,1.33%,,,0,,-7.66%,,,,,,,,,,,,
,,,,,,,,,,,,,,,,,,2020,11/9/2020,$                                                       75.39,,,,,,,,,,0.93%,$             75.39,0.70,,,,,,,,1.31%,,,0,,-6.21%,,,,,,,,,,,,
,,,,,,,,,,,,,,,,,,2020,11/10/2020,$                                                       76.87,,,,,,,,,,0.91%,$             76.87,0.70,,,,,,,,1.29%,,,0,,-4.37%,,,,,,,,,,,,
,,,,,,,,,,,,,,,,,,2020,11/11/2020,$                                                        78.13,,,,,,,,,,0.90%,$              78.13,0.70,,,,,,,,1.27%,,,0,,-2.80%,,,,,,,,,,,,
,,,,,,,,,,,,,,,,,,2020,11/12/2020,$                                                       76.20,,,,,,,,,,0.92%,$             76.20,0.70,,,,,,,,1.30%,,,0,,-5.20%,,,,,,,,,,,,
,,,,,,,,,,,,,,,,,,2020,11/13/2020,$                                                       76.66,,,,,,,,,,0.91%,$             76.66,0.70,,,,,,,,1.29%,,,0,,-4.63%,,,,,,,,,,,,
,,,,,,,,,,,,,,,,,,2020,11/16/2020,$                                                       79.77,,,,,,,,,,0.88%,$             79.77,0.70,,,,,,,,1.24%,,,0,,-0.76%,,,,,,,,,,,,
,,,,,,,,,,,,,,,,,,2020,11/17/2020,$                                                       79.34,,,,,,,,,,0.88%,$             79.34,0.70,,,,,,,,1.25%,,,0,,-1.29%,,,,,,,,,,,,
,,,,,,,,,,,,,,,,,,2020,11/18/2020,$                                                       78.58,,,,,,,,,,0.89%,$             78.58,0.70,,,,,,,,1.26%,,,0,,-2.24%,,,,,,,,,,,,
,,,,,,,,,,,,,,,,,,2020,11/19/2020,$                                                       79.77,,,,,,,,,,0.88%,$             79.77,0.70,,,,,,,,1.24%,,,0,,-0.76%,,,,,,,,,,,,
,,,,,,,,,,,,,,,,,,2020,11/20/2020,$                                                        80.10,,,,,,,,,,0.87%,$              80.10,0.70,,,,,,,,1.24%,,,0,,-0.35%,,,,,,,,,,,,
,,,,,,,,,,,,,,,,,,2020,11/23/2020,$                                                       80.64,,,,,,,,,,0.87%,$             80.64,0.70,,,,,,,,1.23%,,,0,,0.00%,,,,,,,,,,,,
,,,,,,,,,,,,,,,,,,2020,11/24/2020,$                                                         82.11,,,,,,,,,,0.85%,$               82.11,0.70,,,,,,,,1.21%,,,0,,0.00%,,,,,,,,,,,,
,,,,,,,,,,,,,,,,,,2020,11/25/2020,$                                                        81.62,,,,,,,,,,0.86%,$              81.62,0.70,,,,,,,,1.21%,,,0,,-0.60%,,,,,,,,,,,,
,,,,,,,,,,,,,,,,,,2020,11/27/2020,$                                                        81.80,,,,,,,,,,,$              81.80,,,,,,,,,1.21%,,,0,,-0.38%,,,,,,,,,,,,
,,,,,,,,,,,,,,,,,,2020,11/30/2020,$                                                       82.44,,,,,,,,,,0.85%,$             82.44,0.70,,,,,,,,1.20%,,,0,,0.00%,,,,,,,,,,,,
,,,,,,,,,,,,,,,,,,2020,12/1/2020,$                                                         81.91,,,,,,,,,,0.85%,$               81.91,0.70,,,,,,,,1.21%,,,0,,-0.64%,,,,,,,,,,,,
,,,,,,,,,,,,,,,,,,2020,12/2/2020,$                                                        81.83,,,,,,,,,,0.86%,$              81.83,0.70,,,,,,,,1.21%,,,0,,-0.74%,,,,,,,,,,,,
,,,,,,,,,,,,,,,,,,2020,12/3/2020,$                                                        81.70,,,,,,,,,,0.86%,$              81.70,0.70,,,,,,,,1.21%,,,0,,-0.90%,,,,,,,,,,,,
,,,,,,,,,,,,,,,,,,2020,12/4/2020,$                                                       83.46,,,,,,,,,,0.84%,$             83.46,0.70,,,,,,,,1.19%,,,0,,0.00%,,,,,,,,,,,,
,,,,,,,,,,,,,,,,,,2020,12/7/2020,$                                                       84.45,,,,,,,,,,0.83%,$             84.45,0.70,,,,,,,,1.17%,,,0,,0.00%,,,,,,,,,,,,
,,,,,,,,,,,,,,,,,,2020,12/8/2020,$                                                       85.07,,,,,,,,,,0.82%,$             85.07,0.70,,,,,,,,1.16%,,,0,,0.00%,,,,,,,,,,,,
,,,,,,,,,,,,,,,,,,2020,12/9/2020,$                                                       87.09,,,,,,,,,,0.80%,$             87.09,0.70,,,,,,,,1.14%,,,0,,0.00%,,,,,,,,,,,,
,,,,,,,,,,,,,,,,,,2020,12/10/2020,$                                                        87.91,,,,,,,,,,0.80%,$              87.91,0.70,,,,,,,,1.13%,,,0,,0.00%,,,,,,,,,,,,
,,,,,,,,,,,,,,,,,,2020,12/11/2020,$                                                       88.54,,,,,,,,,,0.79%,$             88.54,0.70,,,,,,,,1.12%,,,0,,0.00%,,,,,,,,,,,,
,,,,,,,,,,,,,,,,,,2020,12/14/2020,$                                                       87.78,,,,,,,,,,0.80%,$             87.78,0.70,,,,,,,,1.13%,,,0,,-0.86%,,,,,,,,,,,,
,,,,,,,,,,,,,,,,,,2020,12/15/2020,$                                                       89.79,,,,,,,,,,0.78%,$             89.79,0.70,,,,,,,,1.10%,,,0,,0.00%,,,,,,,,,,,,
,,,,,,,,,,,,,,,,,,2020,12/16/2020,$                                                       88.76,,,,,,,,,,0.79%,$             88.76,0.70,,,,,,,,1.12%,,,0,,-1.15%,,,,,,,,,,,,
,,,,,,,,,,,,,,,,,,2020,12/17/2020,$                                                       89.20,,,,,,,,,,0.78%,$             89.20,0.70,,,,,,,,1.11%,,,0,,-0.66%,,,,,,,,,,,,
,,,,,,,,,,,,,,,,,,2020,12/18/2020,$                                                       90.79,,,,,,,,,,0.77%,$             90.79,0.70,,,,,,,,1.09%,,,0,,0.00%,,,,,,,,,,,,
,,,,,,,,,,,,,,,,,,2020,12/21/2020,$                                                        90.13,,,,,,,,,,0.78%,$              90.13,0.70,,,,,,,,1.10%,,,0,,-0.73%,,,,,,,,,,,,
,,,,,,,,,,,,,,,,,,2020,12/22/2020,$                                                        91.50,,,,,,,,,,0.77%,$              91.50,0.70,,,,,,,,1.08%,,,0,,0.00%,,,,,,,,,,,,
,,,,,,,,,,,,,,,,,,2020,12/23/2020,$                                                       93.24,,,,,,,,,,0.75%,$             93.24,0.70,,,,,,,,1.06%,,,0,,0.00%,,,,,,,,,,,,
,,,,,,,,,,,,,,,,,,2020,12/24/2020,$                                                        93.71,,,,,,,,,,0.75%,$              93.71,0.70,,,,,,,,1.06%,,,0,,0.00%,,,,,,,,,,,,
,,,,,,,,,,,,,,,,,,2020,12/28/2020,$                                                       94.37,,,,,,,,,,0.74%,$             94.37,0.70,,,,,,,,1.05%,,,0,,0.00%,,,,,,,,,,,,
,,,,,,,,,,,,,,,,,,2020,12/29/2020,$                                                       92.60,,,,,,,,,,0.76%,$             92.60,0.70,,,,,,,,1.07%,,,0,,-1.88%,,,,,,,,,,,,
,,,,,,,,,,,,,,,,,,2020,12/30/2020,$                                                       93.37,,,,,,,,,,0.75%,$             93.37,0.70,,,,,,,,1.06%,,,0,,-1.06%,,,,,,,,,,,,
,,,,,,,,,,,,,,,,,,2020,12/31/2020,$                                                       94.06,,,,,,,,,,0.74%,$             94.06,0.70,,,,,,,,1.05%,,,0,,-0.33%,,,,,,,,,,,,
,,,,,,,,,,,,,,,,,,2021,1/4/2021,$                                                       90.88,,,,,,,,,,0.84%,$             90.88,0.76,,,,,,,,1.09%,,,0,,-3.70%,,,,,,,,,,,,
,,,,,,,,,,,,,,,,,,2021,1/5/2021,$                                                       92.23,,,,,,,,,,0.82%,$             92.23,0.76,,,,,,,,1.07%,,,0,,-2.27%,,,,,,,,,,,,
,,,,,,,,,,,,,,,,,,2021,1/6/2021,$                                                       97.20,,,,,,,,,,0.78%,$             97.20,0.76,,,,,,,,1.02%,,,0,,0.00%,,,,,,,,,,,,
,,,,,,,,,,,,,,,,,,2021,1/7/2021,$                                                      101.87,,,,,,,,,,0.75%,$            101.87,0.76,,,,,,,,0.97%,,,0,,0.00%,,,,,,,,,,,,
,,,,,,,,,,,,,,,,,,2021,1/8/2021,$                                                     104.82,,,,,,,,,,0.73%,$           104.82,0.76,,,,,,,,0.94%,,,0,,0.00%,,,,,,,,,,,,
,,,,,,,,,,,,,,,,,,2021,1/11/2021,$                                                     104.07,,,,,,,,,,0.73%,$           104.07,0.76,,,,,,,,0.95%,,,0,,-0.72%,,,,,,,,,,,,
,,,,,,,,,,,,,,,,,,2021,1/12/2021,$                                                     105.94,,,,,,,,,,0.72%,$           105.94,0.76,,,,,,,,0.93%,,,0,,0.00%,,,,,,,,,,,,
,,,,,,,,,,,,,,,,,,2021,1/13/2021,$                                                     106.59,,,,,,,,,,0.71%,$           106.59,0.76,,,,,,,,0.93%,,,0,,0.00%,,,,,,,,,,,,
,,,,,,,,,,,,,,,,,,2021,1/14/2021,$                                                     106.75,,,,,,,,,,0.71%,$           106.75,0.76,,,,,,,,0.93%,,,0,,0.00%,,,,,,,,,,,,
,,,,,,,,,,,,,,,,,,2021,1/15/2021,$                                                       98.42,,,,,,,,,,0.77%,$             98.42,0.76,,,,,,,,1.01%,,,0,,-7.80%,,,,,,,,,,,,
,,,,,,,,,,,,,,,,,,2021,1/19/2021,$                                                     100.85,,,,,,,,,,0.75%,$           100.85,0.76,,,,,,,,0.98%,,,0,,-5.53%,,,,,,,,,,,,
,,,,,,,,,,,,,,,,,,2021,1/20/2021,$                                                       98.67,,,,,,,,,,0.77%,$             98.67,0.76,,,,,,,,1.00%,,,0,,-7.57%,,,,,,,,,,,,
,,,,,,,,,,,,,,,,,,2021,1/21/2021,$                                                       96.98,,,,,,,,,,0.78%,$             96.98,0.76,,,,,,,,1.02%,,,0,,-9.15%,,,,,,,,,,,,
,,,,,,,,,,,,,,,,,,2021,1/22/2021,$                                                     100.08,,,,,,,,,,0.76%,$           100.08,0.76,,,,,,,,0.99%,,,0,,-6.25%,,,,,,,,,,,,
,,,,,,,,,,,,,,,,,,2021,1/25/2021,$                                                      102.13,,,,,,,,,,0.74%,$            102.13,0.76,,,,,,,,0.97%,,,0,,-4.33%,,,,,,,,,,,,
,,,,,,,,,,,,,,,,,,2021,1/26/2021,$                                                       101.21,,,,,,,,,,0.75%,$             101.21,0.76,,,,,,,,0.98%,,,0,,-5.19%,,,,,,,,,,,,
,,,,,,,,,,,,,,,,,,2021,1/27/2021,$                                                       99.86,,,,,,,,,,0.76%,$             99.86,0.76,,,,,,,,0.99%,,,0,,-6.45%,,,,,,,,,,,,
,,,,,,,,,,,,,,,,,,2021,1/28/2021,$                                                       96.65,,,,,,,,,,0.79%,$             96.65,0.76,,,,,,,,1.02%,,,0,,-9.46%,,,,,,,,,,,,
,,,,,,,,,,,,,,,,,,2021,1/29/2021,$                                                         91.71,,,,,,,,,,0.83%,$               91.71,0.76,,,,,,,,1.08%,,,0,,-14.09%,,,,,,,,,,,,
,,,,,,,,,,,,,,,,,,2021,2/1/2021,$                                                       94.04,,,,,,,,,,0.81%,$             94.04,0.76,,,,,,,,1.05%,,,0,,-11.91%,,,,,,,,,,,,
,,,,,,,,,,,,,,,,,,2021,2/2/2021,$                                                        97.13,,,,,,,,,,0.78%,$              97.13,0.76,,,,,,,,1.02%,,,0,,-9.01%,,,,,,,,,,,,
,,,,,,,,,,,,,,,,,,2021,2/3/2021,$                                                       96.25,,,,,,,,,,0.79%,$             96.25,0.76,,,,,,,,1.03%,,,0,,-9.84%,,,,,,,,,,,,
,,,,,,,,,,,,,,,,,,2021,2/4/2021,$                                                       99.05,,,,,,,,,,0.77%,$             99.05,0.76,,,,,,,,1.00%,,,0,,-7.21%,,,,,,,,,,,,
,,,,,,,,,,,,,,,,,,2021,2/5/2021,$                                                       99.67,,,,,,,,,,0.76%,$             99.67,0.76,,,,,,,,0.99%,,,0,,-6.63%,,,,,,,,,,,,
,,,,,,,,,,,,,,,,,,2021,2/8/2021,$                                                     105.05,,,,,,,,,,0.72%,$           105.05,0.76,,,,,,,,0.94%,,,0,,-1.59%,,,,,,,,,,,,
,,,,,,,,,,,,,,,,,,2021,2/9/2021,$                                                     106.55,,,,,,,,,,0.71%,$           106.55,0.76,,,,,,,,0.93%,,,0,,-0.19%,,,,,,,,,,,,
,,,,,,,,,,,,,,,,,,2021,2/10/2021,$                                                     103.77,,,,,,,,,,0.73%,$           103.77,0.76,,,,,,,,0.95%,,,0,,-2.79%,,,,,,,,,,,,
,,,,,,,,,,,,,,,,,,2021,2/11/2021,$                                                      106.12,,,,,,,,,,0.72%,$            106.12,0.76,,,,,,,,0.93%,,,0,,-0.59%,,,,,,,,,,,,
,,,,,,,,,,,,,,,,,,2021,2/12/2021,$                                                     107.48,,,,,,,,,,0.71%,$           107.48,0.76,,,,,,,,0.92%,,,0,,0.00%,,,,,,,,,,,,
,,,,,,,,,,,,,,,,,,2021,2/16/2021,$                                                     106.50,,,,,,,,,,0.71%,$           106.50,0.76,,,,,,,,0.93%,,,0,,-0.91%,,,,,,,,,,,,
,,,,,,,,,,,,,,,,,,2021,2/17/2021,$                                                      105.10,,,,,,,,,,0.72%,$            105.10,0.76,,,,,,,,0.94%,,,0,,-2.21%,,,,,,,,,,,,
,,,,,,,,,,,,,,,,,,2021,2/18/2021,$                                                     104.89,,,,,,,,,,0.72%,$           104.89,0.76,,,,,,,,0.94%,,,0,,-2.41%,,,,,,,,,,,,
,,,,,,,,,,,,,,,,,,2021,2/19/2021,$                                                     106.00,,,,,,,,,,0.72%,$           106.00,0.76,,,,,,,,0.93%,,,0,,-1.38%,,,,,,,,,,,,
,,,,,,,,,,,,,,,,,,2021,2/22/2021,$                                                     106.34,,,,,,,,,,0.71%,$           106.34,0.76,,,,,,,,0.93%,,,0,,-1.06%,,,,,,,,,,,,
,,,,,,,,,,,,,,,,,,2021,2/23/2021,$                                                     105.03,,,,,,,,,,0.72%,$           105.03,0.76,,,,,,,,0.94%,,,0,,-2.28%,,,,,,,,,,,,
,,,,,,,,,,,,,,,,,,2021,2/24/2021,$                                                     109.55,,,,,,,,,,0.69%,$           109.55,0.76,,,,,,,,0.90%,,,0,,0.00%,,,,,,,,,,,,
,,,,,,,,,,,,,,,,,,2021,2/25/2021,$                                                      106.51,,,,,,,,,,0.71%,$            106.51,0.76,,,,,,,,0.93%,,,0,,-2.77%,,,,,,,,,,,,
,,,,,,,,,,,,,,,,,,2021,2/26/2021,$                                                     108.59,,,,,,,,,,0.70%,$           108.59,0.76,,,,,,,,0.91%,,,0,,-0.88%,,,,,,,,,,,,
,,,,,,,,,,,,,,,,,,2021,3/1/2021,$                                                     105.64,,,,,,,,,,0.72%,$           105.64,0.76,,,,,,,,0.94%,,,0,,-3.57%,,,,,,,,,,,,
,,,,,,,,,,,,,,,,,,2021,3/2/2021,$                                                      104.15,,,,,,,,,,0.73%,$            104.15,0.76,,,,,,,,0.95%,,,0,,-4.93%,,,,,,,,,,,,
,,,,,,,,,,,,,,,,,,2021,3/3/2021,$                                                      102.12,,,,,,,,,,0.74%,$            102.12,0.76,,,,,,,,0.97%,,,0,,-6.78%,,,,,,,,,,,,
,,,,,,,,,,,,,,,,,,2021,3/4/2021,$                                                       97.87,,,,,,,,,,0.78%,$             97.87,0.76,,,,,,,,1.01%,,,0,,-10.66%,,,,,,,,,,,,
,,,,,,,,,,,,,,,,,,2021,3/5/2021,$                                                     100.37,,,,,,,,,,0.76%,$           100.37,0.76,,,,,,,,0.99%,,,0,,-8.38%,,,,,,,,,,,,
,,,,,,,,,,,,,,,,,,2021,3/8/2021,$                                                     100.48,,,,,,,,,,0.76%,$           100.48,0.76,,,,,,,,0.99%,,,0,,-8.28%,,,,,,,,,,,,
,,,,,,,,,,,,,,,,,,2021,3/9/2021,$                                                     102.54,,,,,,,,,,0.74%,$           102.54,0.76,,,,,,,,0.97%,,,0,,-6.40%,,,,,,,,,,,,
,,,,,,,,,,,,,,,,,,2021,3/10/2021,$                                                     103.52,,,,,,,,,,0.73%,$           103.52,0.76,,,,,,,,0.96%,,,0,,-5.50%,,,,,,,,,,,,
,,,,,,,,,,,,,,,,,,2021,3/11/2021,$                                                      104.14,,,,,,,,,,0.73%,$            104.14,0.76,,,,,,,,0.95%,,,0,,-4.94%,,,,,,,,,,,,
,,,,,,,,,,,,,,,,,,2021,3/12/2021,$                                                     104.63,,,,,,,,,,0.73%,$           104.63,0.76,,,,,,,,0.95%,,,0,,-4.49%,,,,,,,,,,,,
,,,,,,,,,,,,,,,,,,2021,3/15/2021,$                                                     102.35,,,,,,,,,,,$           102.35,,,,,,,,,0.97%,,,0,,-6.57%,,,,,,,,,,,,
,,,,,,,,,,,,,,,,,,2021,3/16/2021,$                                                       100.11,,,,,,,,,,0.76%,$             100.11,0.76,,,,,,,,0.99%,,,0,,-8.62%,,,,,,,,,,,,
,,,,,,,,,,,,,,,,,,2021,3/17/2021,$                                                       99.89,,,,,,,,,,0.76%,$             99.89,0.76,,,,,,,,0.99%,,,0,,-8.82%,,,,,,,,,,,,
,,,,,,,,,,,,,,,,,,2021,3/18/2021,$                                                       96.76,,,,,,,,,,0.79%,$             96.76,0.76,,,,,,,,1.02%,,,0,,-11.68%,,,,,,,,,,,,
,,,,,,,,,,,,,,,,,,2021,3/19/2021,$                                                       94.98,,,,,,,,,,0.80%,$             94.98,0.76,,,,,,,,1.04%,,,0,,-13.30%,,,,,,,,,,,,
,,,,,,,,,,,,,,,,,,2021,3/22/2021,$                                                       95.00,,,,,,,,,,0.80%,$             95.00,0.76,,,,,,,,1.04%,,,0,,-13.28%,,,,,,,,,,,,
,,,,,,,,,,,,,,,,,,2021,3/23/2021,$                                                       93.75,,,,,,,,,,0.81%,$             93.75,0.76,,,,,,,,1.06%,,,0,,-14.42%,,,,,,,,,,,,
,,,,,,,,,,,,,,,,,,2021,3/24/2021,$                                                       92.99,,,,,,,,,,0.82%,$             92.99,0.76,,,,,,,,1.06%,,,0,,-15.12%,,,,,,,,,,,,
,,,,,,,,,,,,,,,,,,2021,3/25/2021,$                                                       94.68,,,,,,,,,,0.80%,$             94.68,0.76,,,,,,,,1.05%,,,0,,-13.57%,,,,,,,,,,,,
,,,,,,,,,,,,,,,,,,2021,3/26/2021,$                                                       96.08,,,,,,,,,,0.79%,$             96.08,0.76,,,,,,,,1.03%,,,0,,-12.30%,,,,,,,,,,,,
,,,,,,,,,,,,,,,,,,2021,3/29/2021,$                                                       92.58,,,,,,,,,,0.82%,$             92.58,0.76,,,,,,,,1.07%,,,0,,-15.49%,,,,,,,,,,,,
,,,,,,,,,,,,,,,,,,2021,3/30/2021,$                                                       94.22,,,,,,,,,,0.81%,$             94.22,0.76,,,,,,,,1.05%,,,0,,-13.99%,,,,,,,,,,,,
,,,,,,,,,,,,,,,,,,2021,3/31/2021,$                                                       93.07,,,,,,,,,,0.82%,$             93.07,0.76,,,,,,,,1.06%,,,0,,-15.04%,,,,,,,,,,,,
,,,,,,,,,,,,,,,,,,2021,4/1/2021,$                                                       95.93,,,,,,,,,,0.79%,$             95.93,0.76,,,,,,,,1.03%,,,0,,-12.43%,,,,,,,,,,,,
,,,,,,,,,,,,,,,,,,2021,4/5/2021,$                                                        96.91,,,,,,,,,,0.78%,$              96.91,0.76,,,,,,,,1.02%,,,0,,-11.54%,,,,,,,,,,,,
,,,,,,,,,,,,,,,,,,2021,4/6/2021,$                                                       98.23,,,,,,,,,,0.77%,$             98.23,0.76,,,,,,,,1.01%,,,0,,-10.33%,,,,,,,,,,,,
,,,,,,,,,,,,,,,,,,2021,4/7/2021,$                                                       96.52,,,,,,,,,,0.79%,$             96.52,0.76,,,,,,,,1.03%,,,0,,-11.89%,,,,,,,,,,,,
,,,,,,,,,,,,,,,,,,2021,4/8/2021,$                                                       94.62,,,,,,,,,,0.80%,$             94.62,0.76,,,,,,,,1.05%,,,0,,-13.63%,,,,,,,,,,,,
,,,,,,,,,,,,,,,,,,2021,4/9/2021,$                                                       95.36,,,,,,,,,,0.80%,$             95.36,0.76,,,,,,,,1.04%,,,0,,-12.95%,,,,,,,,,,,,
,,,,,,,,,,,,,,,,,,2021,4/12/2021,$                                                       94.80,,,,,,,,,,0.80%,$             94.80,0.76,,,,,,,,1.04%,,,0,,-13.46%,,,,,,,,,,,,
,,,,,,,,,,,,,,,,,,2021,4/13/2021,$                                                       94.50,,,,,,,,,,0.80%,$             94.50,0.76,,,,,,,,1.05%,,,0,,-13.74%,,,,,,,,,,,,
,,,,,,,,,,,,,,,,,,2021,4/14/2021,$                                                        95.15,,,,,,,,,,0.80%,$              95.15,0.76,,,,,,,,1.04%,,,0,,-13.14%,,,,,,,,,,,,
,,,,,,,,,,,,,,,,,,2021,4/15/2021,$                                                       95.88,,,,,,,,,,0.79%,$             95.88,0.76,,,,,,,,1.03%,,,0,,-12.48%,,,,,,,,,,,,
,,,,,,,,,,,,,,,,,,2021,4/16/2021,$                                                       95.85,,,,,,,,,,0.79%,$             95.85,0.76,,,,,,,,1.03%,,,0,,-12.51%,,,,,,,,,,,,
,,,,,,,,,,,,,,,,,,2021,4/19/2021,$                                                        96.61,,,,,,,,,,0.79%,$              96.61,0.76,,,,,,,,1.02%,,,0,,-11.81%,,,,,,,,,,,,
,,,,,,,,,,,,,,,,,,2021,4/20/2021,$                                                       90.57,,,,,,,,,,0.84%,$             90.57,0.76,,,,,,,,1.09%,,,0,,-17.33%,,,,,,,,,,,,
,,,,,,,,,,,,,,,,,,2021,4/21/2021,$                                                       94.79,,,,,,,,,,0.80%,$             94.79,0.76,,,,,,,,1.04%,,,0,,-13.47%,,,,,,,,,,,,
,,,,,,,,,,,,,,,,,,2021,4/22/2021,$                                                       95.63,,,,,,,,,,0.79%,$             95.63,0.76,,,,,,,,1.04%,,,0,,-12.71%,,,,,,,,,,,,
,,,,,,,,,,,,,,,,,,2021,4/23/2021,$                                                       97.54,,,,,,,,,,0.78%,$             97.54,0.76,,,,,,,,1.01%,,,0,,-10.96%,,,,,,,,,,,,
,,,,,,,,,,,,,,,,,,2021,4/26/2021,$                                                        96.21,,,,,,,,,,0.79%,$              96.21,0.76,,,,,,,,1.03%,,,0,,-12.18%,,,,,,,,,,,,
,,,,,,,,,,,,,,,,,,2021,4/27/2021,$                                                       95.59,,,,,,,,,,0.80%,$             95.59,0.76,,,,,,,,1.04%,,,0,,-12.74%,,,,,,,,,,,,
,,,,,,,,,,,,,,,,,,2021,4/28/2021,$                                                        94.91,,,,,,,,,,0.80%,$              94.91,0.76,,,,,,,,1.04%,,,0,,-13.36%,,,,,,,,,,,,
,,,,,,,,,,,,,,,,,,2021,4/29/2021,$                                                       93.85,,,,,,,,,,0.81%,$             93.85,0.76,,,,,,,,1.05%,,,0,,-14.33%,,,,,,,,,,,,
,,,,,,,,,,,,,,,,,,2021,4/30/2021,$                                                       93.39,,,,,,,,,,0.81%,$             93.39,0.76,,,,,,,,1.06%,,,0,,-14.75%,,,,,,,,,,,,
,,,,,,,,,,,,,,,,,,2021,5/3/2021,$                                                       92.40,,,,,,,,,,0.82%,$             92.40,0.76,,,,,,,,1.07%,,,0,,-15.65%,,,,,,,,,,,,
,,,,,,,,,,,,,,,,,,2021,5/4/2021,$                                                       92.73,,,,,,,,,,0.82%,$             92.73,0.76,,,,,,,,1.07%,,,0,,-15.35%,,,,,,,,,,,,
,,,,,,,,,,,,,,,,,,2021,5/5/2021,$                                                        91.89,,,,,,,,,,0.83%,$              91.89,0.76,,,,,,,,1.08%,,,0,,-16.12%,,,,,,,,,,,,
,,,,,,,,,,,,,,,,,,2021,5/6/2021,$                                                        91.75,,,,,,,,,,0.83%,$              91.75,0.76,,,,,,,,1.08%,,,0,,-16.25%,,,,,,,,,,,,
,,,,,,,,,,,,,,,,,,2021,5/7/2021,$                                                        91.87,,,,,,,,,,0.83%,$              91.87,0.76,,,,,,,,1.08%,,,0,,-16.14%,,,,,,,,,,,,
,,,,,,,,,,,,,,,,,,2021,5/10/2021,$                                                         91.31,,,,,,,,,,0.83%,$               91.31,0.76,,,,,,,,1.08%,,,0,,-16.65%,,,,,,,,,,,,
,,,,,,,,,,,,,,,,,,2021,5/11/2021,$                                                       92.55,,,,,,,,,,0.82%,$             92.55,0.76,,,,,,,,1.07%,,,0,,-15.52%,,,,,,,,,,,,
,,,,,,,,,,,,,,,,,,2021,5/12/2021,$                                                       89.92,,,,,,,,,,0.85%,$             89.92,0.76,,,,,,,,1.10%,,,0,,-17.92%,,,,,,,,,,,,
,,,,,,,,,,,,,,,,,,2021,5/13/2021,$                                                       92.28,,,,,,,,,,0.82%,$             92.28,0.76,,,,,,,,1.07%,,,0,,-15.76%,,,,,,,,,,,,
,,,,,,,,,,,,,,,,,,2021,5/14/2021,$                                                       93.63,,,,,,,,,,0.81%,$             93.63,0.76,,,,,,,,1.06%,,,0,,-14.53%,,,,,,,,,,,,
,,,,,,,,,,,,,,,,,,2021,5/17/2021,$                                                       94.83,,,,,,,,,,0.80%,$             94.83,0.76,,,,,,,,1.04%,,,0,,-13.44%,,,,,,,,,,,,
,,,,,,,,,,,,,,,,,,2021,5/18/2021,$                                                       92.73,,,,,,,,,,0.82%,$             92.73,0.76,,,,,,,,1.07%,,,0,,-15.35%,,,,,,,,,,,,
,,,,,,,,,,,,,,,,,,2021,5/19/2021,$                                                        92.41,,,,,,,,,,0.82%,$              92.41,0.76,,,,,,,,1.07%,,,0,,-15.65%,,,,,,,,,,,,
,,,,,,,,,,,,,,,,,,2021,5/20/2021,$                                                        93.01,,,,,,,,,,0.82%,$              93.01,0.76,,,,,,,,1.06%,,,0,,-15.10%,,,,,,,,,,,,
,,,,,,,,,,,,,,,,,,2021,5/21/2021,$                                                       92.60,,,,,,,,,,0.82%,$             92.60,0.76,,,,,,,,1.07%,,,0,,-15.47%,,,,,,,,,,,,
,,,,,,,,,,,,,,,,,,2021,5/24/2021,$                                                        92.61,,,,,,,,,,0.82%,$              92.61,0.76,,,,,,,,1.07%,,,0,,-15.46%,,,,,,,,,,,,
,,,,,,,,,,,,,,,,,,2021,5/25/2021,$                                                       93.37,,,,,,,,,,0.81%,$             93.37,0.76,,,,,,,,1.06%,,,0,,-14.77%,,,,,,,,,,,,
,,,,,,,,,,,,,,,,,,2021,5/26/2021,$                                                       94.86,,,,,,,,,,0.80%,$             94.86,0.76,,,,,,,,1.04%,,,0,,-13.41%,,,,,,,,,,,,
,,,,,,,,,,,,,,,,,,2021,5/27/2021,$                                                       95.49,,,,,,,,,,0.80%,$             95.49,0.76,,,,,,,,1.04%,,,0,,-12.83%,,,,,,,,,,,,
,,,,,,,,,,,,,,,,,,2021,5/28/2021,$                                                       95.57,,,,,,,,,,0.80%,$             95.57,0.76,,,,,,,,1.04%,,,0,,-12.76%,,,,,,,,,,,,
,,,,,,,,,,,,,,,,,,2021,6/1/2021,$                                                       95.66,,,,,,,,,,0.79%,$             95.66,0.76,,,,,,,,1.03%,,,0,,-12.68%,,,,,,,,,,,,
,,,,,,,,,,,,,,,,,,2021,6/2/2021,$                                                       95.40,,,,,,,,,,0.80%,$             95.40,0.76,,,,,,,,1.04%,,,0,,-12.92%,,,,,,,,,,,,
,,,,,,,,,,,,,,,,,,2021,6/3/2021,$                                                       92.43,,,,,,,,,,0.82%,$             92.43,0.76,,,,,,,,1.07%,,,0,,-15.63%,,,,,,,,,,,,
,,,,,,,,,,,,,,,,,,2021,6/4/2021,$                                                       93.48,,,,,,,,,,0.81%,$             93.48,0.76,,,,,,,,1.06%,,,0,,-14.67%,,,,,,,,,,,,
,,,,,,,,,,,,,,,,,,2021,6/7/2021,$                                                       94.07,,,,,,,,,,0.81%,$             94.07,0.76,,,,,,,,1.05%,,,0,,-14.13%,,,,,,,,,,,,
,,,,,,,,,,,,,,,,,,2021,6/8/2021,$                                                       94.20,,,,,,,,,,0.81%,$             94.20,0.76,,,,,,,,1.05%,,,0,,-14.01%,,,,,,,,,,,,
,,,,,,,,,,,,,,,,,,2021,6/9/2021,$                                                       93.45,,,,,,,,,,0.81%,$             93.45,0.76,,,,,,,,1.06%,,,0,,-14.70%,,,,,,,,,,,,
,,,,,,,,,,,,,,,,,,2021,6/10/2021,$                                                       93.34,,,,,,,,,,0.81%,$             93.34,0.76,,,,,,,,1.06%,,,0,,-14.80%,,,,,,,,,,,,
,,,,,,,,,,,,,,,,,,2021,6/11/2021,$                                                       94.54,,,,,,,,,,0.80%,$             94.54,0.76,,,,,,,,1.05%,,,0,,-13.70%,,,,,,,,,,,,
,,,,,,,,,,,,,,,,,,2021,6/14/2021,$                                                       94.67,,,,,,,,,,0.80%,$             94.67,0.76,,,,,,,,1.05%,,,0,,-13.58%,,,,,,,,,,,,
,,,,,,,,,,,,,,,,,,2021,6/15/2021,$                                                       95.09,,,,,,,,,,0.80%,$             95.09,0.76,,,,,,,,1.04%,,,0,,-13.20%,,,,,,,,,,,,
,,,,,,,,,,,,,,,,,,2021,6/16/2021,$                                                       96.45,,,,,,,,,,0.79%,$             96.45,0.76,,,,,,,,1.03%,,,0,,-11.96%,,,,,,,,,,,,
,,,,,,,,,,,,,,,,,,2021,6/17/2021,$                                                         95.11,,,,,,,,,,0.80%,$               95.11,0.76,,,,,,,,1.04%,,,0,,-13.18%,,,,,,,,,,,,
,,,,,,,,,,,,,,,,,,2021,6/18/2021,$                                                       92.35,,,,,,,,,,0.82%,$             92.35,0.76,,,,,,,,1.07%,,,0,,-15.70%,,,,,,,,,,,,
,,,,,,,,,,,,,,,,,,2021,6/21/2021,$                                                       94.79,,,,,,,,,,0.80%,$             94.79,0.76,,,,,,,,1.04%,,,0,,-13.47%,,,,,,,,,,,,
,,,,,,,,,,,,,,,,,,2021,6/22/2021,$                                                       95.66,,,,,,,,,,0.79%,$             95.66,0.76,,,,,,,,1.03%,,,0,,-12.68%,,,,,,,,,,,,
,,,,,,,,,,,,,,,,,,2021,6/23/2021,$                                                       94.93,,,,,,,,,,0.80%,$             94.93,0.76,,,,,,,,1.04%,,,0,,-13.35%,,,,,,,,,,,,
,,,,,,,,,,,,,,,,,,2021,6/24/2021,$                                                        95.51,,,,,,,,,,0.80%,$              95.51,0.76,,,,,,,,1.04%,,,0,,-12.82%,,,,,,,,,,,,
,,,,,,,,,,,,,,,,,,2021,6/25/2021,$                                                       95.96,,,,,,,,,,0.79%,$             95.96,0.76,,,,,,,,1.03%,,,0,,-12.41%,,,,,,,,,,,,
,,,,,,,,,,,,,,,,,,2021,6/28/2021,$                                                         98.11,,,,,,,,,,0.77%,$               98.11,0.76,,,,,,,,1.01%,,,0,,-10.44%,,,,,,,,,,,,
,,,,,,,,,,,,,,,,,,2021,6/29/2021,$                                                       99.26,,,,,,,,,,0.77%,$             99.26,0.76,,,,,,,,1.00%,,,0,,-9.39%,,,,,,,,,,,,
,,,,,,,,,,,,,,,,,,2021,6/30/2021,$                                                        98.12,,,,,,,,,,0.77%,$              98.12,0.76,,,,,,,,1.01%,,,0,,-10.43%,,,,,,,,,,,,
,,,,,,,,,,,,,,,,,,2021,7/1/2021,$                                                       98.67,,,,,,,,,,0.77%,$             98.67,0.76,,,,,,,,1.00%,,,0,,-9.93%,,,,,,,,,,,,
,,,,,,,,,,,,,,,,,,2021,7/2/2021,$                                                       98.30,,,,,,,,,,0.77%,$             98.30,0.76,,,,,,,,1.01%,,,0,,-10.27%,,,,,,,,,,,,
,,,,,,,,,,,,,,,,,,2021,7/6/2021,$                                                     100.03,,,,,,,,,,0.76%,$           100.03,0.76,,,,,,,,0.99%,,,0,,-8.69%,,,,,,,,,,,,
,,,,,,,,,,,,,,,,,,2021,7/7/2021,$                                                       99.44,,,,,,,,,,0.76%,$             99.44,0.76,,,,,,,,1.00%,,,0,,-9.23%,,,,,,,,,,,,
,,,,,,,,,,,,,,,,,,2021,7/8/2021,$                                                       98.80,,,,,,,,,,0.77%,$             98.80,0.76,,,,,,,,1.00%,,,0,,-9.81%,,,,,,,,,,,,
,,,,,,,,,,,,,,,,,,2021,7/9/2021,$                                                     100.09,,,,,,,,,,0.76%,$           100.09,0.76,,,,,,,,0.99%,,,0,,-8.64%,,,,,,,,,,,,
,,,,,,,,,,,,,,,,,,2021,7/12/2021,$                                                     100.78,,,,,,,,,,0.75%,$           100.78,0.76,,,,,,,,0.98%,,,0,,-8.01%,,,,,,,,,,,,
,,,,,,,,,,,,,,,,,,2021,7/13/2021,$                                                       98.89,,,,,,,,,,0.77%,$             98.89,0.76,,,,,,,,1.00%,,,0,,-9.73%,,,,,,,,,,,,
,,,,,,,,,,,,,,,,,,2021,7/14/2021,$                                                        98.16,,,,,,,,,,0.77%,$              98.16,0.76,,,,,,,,1.01%,,,0,,-10.40%,,,,,,,,,,,,
,,,,,,,,,,,,,,,,,,2021,7/15/2021,$                                                       97.75,,,,,,,,,,0.78%,$             97.75,0.76,,,,,,,,1.01%,,,0,,-10.77%,,,,,,,,,,,,
,,,,,,,,,,,,,,,,,,2021,7/16/2021,$                                                        96.17,,,,,,,,,,0.79%,$              96.17,0.76,,,,,,,,1.03%,,,0,,-12.21%,,,,,,,,,,,,
,,,,,,,,,,,,,,,,,,2021,7/19/2021,$                                                       94.22,,,,,,,,,,0.81%,$             94.22,0.76,,,,,,,,1.05%,,,0,,-13.99%,,,,,,,,,,,,
,,,,,,,,,,,,,,,,,,2021,7/20/2021,$                                                     100.53,,,,,,,,,,0.76%,$           100.53,0.76,,,,,,,,0.98%,,,0,,-8.23%,,,,,,,,,,,,
,,,,,,,,,,,,,,,,,,2021,7/21/2021,$                                                       98.59,,,,,,,,,,0.77%,$             98.59,0.76,,,,,,,,1.00%,,,0,,-10.00%,,,,,,,,,,,,
,,,,,,,,,,,,,,,,,,2021,7/22/2021,$                                                       97.72,,,,,,,,,,0.78%,$             97.72,0.76,,,,,,,,1.01%,,,0,,-10.80%,,,,,,,,,,,,
,,,,,,,,,,,,,,,,,,2021,7/23/2021,$                                                       99.74,,,,,,,,,,0.76%,$             99.74,0.76,,,,,,,,0.99%,,,0,,-8.95%,,,,,,,,,,,,
,,,,,,,,,,,,,,,,,,2021,7/26/2021,$                                                        99.81,,,,,,,,,,0.76%,$              99.81,0.76,,,,,,,,0.99%,,,0,,-8.89%,,,,,,,,,,,,
,,,,,,,,,,,,,,,,,,2021,7/27/2021,$                                                        98.15,,,,,,,,,,0.77%,$              98.15,0.76,,,,,,,,1.01%,,,0,,-10.41%,,,,,,,,,,,,
,,,,,,,,,,,,,,,,,,2021,7/28/2021,$                                                       98.63,,,,,,,,,,0.77%,$             98.63,0.76,,,,,,,,1.00%,,,0,,-9.97%,,,,,,,,,,,,
,,,,,,,,,,,,,,,,,,2021,7/29/2021,$                                                     100.00,,,,,,,,,,0.76%,$           100.00,0.76,,,,,,,,0.99%,,,0,,-8.72%,,,,,,,,,,,,
,,,,,,,,,,,,,,,,,,2021,7/30/2021,$                                                      101.03,,,,,,,,,,0.75%,$            101.03,0.76,,,,,,,,0.98%,,,0,,-7.78%,,,,,,,,,,,,
,,,,,,,,,,,,,,,,,,2021,8/2/2021,$                                                       99.98,,,,,,,,,,0.76%,$             99.98,0.76,,,,,,,,0.99%,,,0,,-8.74%,,,,,,,,,,,,
,,,,,,,,,,,,,,,,,,2021,8/3/2021,$                                                       101.91,,,,,,,,,,0.75%,$             101.91,0.76,,,,,,,,0.97%,,,0,,-6.97%,,,,,,,,,,,,
,,,,,,,,,,,,,,,,,,2021,8/4/2021,$                                                     100.63,,,,,,,,,,0.76%,$           100.63,0.76,,,,,,,,0.98%,,,0,,-8.14%,,,,,,,,,,,,
,,,,,,,,,,,,,,,,,,2021,8/5/2021,$                                                     100.99,,,,,,,,,,0.75%,$           100.99,0.76,,,,,,,,0.98%,,,0,,-7.81%,,,,,,,,,,,,
,,,,,,,,,,,,,,,,,,2021,8/6/2021,$                                                     102.50,,,,,,,,,,0.74%,$           102.50,0.76,,,,,,,,0.97%,,,0,,-6.44%,,,,,,,,,,,,
,,,,,,,,,,,,,,,,,,2021,8/9/2021,$                                                      101.77,,,,,,,,,,0.75%,$            101.77,0.76,,,,,,,,0.97%,,,0,,-7.10%,,,,,,,,,,,,
,,,,,,,,,,,,,,,,,,2021,8/10/2021,$                                                      101.76,,,,,,,,,,0.75%,$            101.76,0.76,,,,,,,,0.97%,,,0,,-7.11%,,,,,,,,,,,,
,,,,,,,,,,,,,,,,,,2021,8/11/2021,$                                                     103.85,,,,,,,,,,0.73%,$           103.85,0.76,,,,,,,,0.95%,,,0,,-5.20%,,,,,,,,,,,,
,,,,,,,,,,,,,,,,,,2021,8/12/2021,$                                                     104.62,,,,,,,,,,0.73%,$           104.62,0.76,,,,,,,,0.95%,,,0,,-4.50%,,,,,,,,,,,,
,,,,,,,,,,,,,,,,,,2021,8/13/2021,$                                                     104.52,,,,,,,,,,0.73%,$           104.52,0.76,,,,,,,,0.95%,,,0,,-4.59%,,,,,,,,,,,,
,,,,,,,,,,,,,,,,,,2021,8/16/2021,$                                                     106.05,,,,,,,,,,0.72%,$           106.05,0.76,,,,,,,,0.93%,,,0,,-3.19%,,,,,,,,,,,,
,,,,,,,,,,,,,,,,,,2021,8/17/2021,$                                                     103.29,,,,,,,,,,0.74%,$           103.29,0.76,,,,,,,,0.96%,,,0,,-5.71%,,,,,,,,,,,,
,,,,,,,,,,,,,,,,,,2021,8/18/2021,$                                                      101.79,,,,,,,,,,0.75%,$            101.79,0.76,,,,,,,,0.97%,,,0,,-7.08%,,,,,,,,,,,,
,,,,,,,,,,,,,,,,,,2021,8/19/2021,$                                                      101.92,,,,,,,,,,0.75%,$            101.92,0.76,,,,,,,,0.97%,,,0,,-6.96%,,,,,,,,,,,,
,,,,,,,,,,,,,,,,,,2021,8/20/2021,$                                                     104.65,,,,,,,,,,0.73%,$           104.65,0.76,,,,,,,,0.95%,,,0,,-4.47%,,,,,,,,,,,,
,,,,,,,,,,,,,,,,,,2021,8/23/2021,$                                                     106.83,,,,,,,,,,0.71%,$           106.83,0.76,,,,,,,,0.93%,,,0,,-2.48%,,,,,,,,,,,,
,,,,,,,,,,,,,,,,,,2021,8/24/2021,$                                                     106.94,,,,,,,,,,0.71%,$           106.94,0.76,,,,,,,,0.93%,,,0,,-2.38%,,,,,,,,,,,,
,,,,,,,,,,,,,,,,,,2021,8/25/2021,$                                                     105.95,,,,,,,,,,0.72%,$           105.95,0.76,,,,,,,,0.93%,,,0,,-3.29%,,,,,,,,,,,,
,,,,,,,,,,,,,,,,,,2021,8/26/2021,$                                                     104.83,,,,,,,,,,0.72%,$           104.83,0.76,,,,,,,,0.94%,,,0,,-4.31%,,,,,,,,,,,,
,,,,,,,,,,,,,,,,,,2021,8/27/2021,$                                                      107.18,,,,,,,,,,0.71%,$            107.18,0.76,,,,,,,,0.92%,,,0,,-2.16%,,,,,,,,,,,,
,,,,,,,,,,,,,,,,,,2021,8/30/2021,$                                                       107.11,,,,,,,,,,0.71%,$             107.11,0.76,,,,,,,,0.92%,,,0,,-2.23%,,,,,,,,,,,,
,,,,,,,,,,,,,,,,,,2021,8/31/2021,$                                                     107.09,,,,,,,,,,0.71%,$           107.09,0.76,,,,,,,,0.92%,,,0,,-2.25%,,,,,,,,,,,,
,,,,,,,,,,,,,,,,,,2021,9/1/2021,$                                                     106.56,,,,,,,,,,0.71%,$           106.56,0.76,,,,,,,,0.93%,,,0,,-2.73%,,,,,,,,,,,,
,,,,,,,,,,,,,,,,,,2021,9/2/2021,$                                                     106.08,,,,,,,,,,0.72%,$           106.08,0.76,,,,,,,,0.93%,,,0,,-3.17%,,,,,,,,,,,,
,,,,,,,,,,,,,,,,,,2021,9/3/2021,$                                                     105.63,,,,,,,,,,0.72%,$           105.63,0.76,,,,,,,,0.94%,,,0,,-3.58%,,,,,,,,,,,,
,,,,,,,,,,,,,,,,,,2021,9/7/2021,$                                                     103.90,,,,,,,,,,0.73%,$           103.90,0.76,,,,,,,,0.95%,,,0,,-5.16%,,,,,,,,,,,,
,,,,,,,,,,,,,,,,,,2021,9/8/2021,$                                                     104.44,,,,,,,,,,0.73%,$           104.44,0.76,,,,,,,,0.95%,,,0,,-4.66%,,,,,,,,,,,,
,,,,,,,,,,,,,,,,,,2021,9/9/2021,$                                                     102.36,,,,,,,,,,0.74%,$           102.36,0.76,,,,,,,,0.97%,,,0,,-6.56%,,,,,,,,,,,,
,,,,,,,,,,,,,,,,,,2021,9/10/2021,$                                                       102.11,,,,,,,,,,0.74%,$             102.11,0.76,,,,,,,,0.97%,,,0,,-6.79%,,,,,,,,,,,,
,,,,,,,,,,,,,,,,,,2021,9/13/2021,$                                                       102.11,,,,,,,,,,0.74%,$             102.11,0.76,,,,,,,,0.97%,,,0,,-6.79%,,,,,,,,,,,,
,,,,,,,,,,,,,,,,,,2021,9/14/2021,$                                                     102.44,,,,,,,,,,0.74%,$           102.44,0.76,,,,,,,,0.97%,,,0,,-6.49%,,,,,,,,,,,,
,,,,,,,,,,,,,,,,,,2021,9/15/2021,$                                                     103.39,,,,,,,,,,0.74%,$           103.39,0.76,,,,,,,,0.96%,,,0,,-5.62%,,,,,,,,,,,,
,,,,,,,,,,,,,,,,,,2021,9/16/2021,$                                                     103.24,,,,,,,,,,0.74%,$           103.24,0.76,,,,,,,,0.96%,,,0,,-5.76%,,,,,,,,,,,,
,,,,,,,,,,,,,,,,,,2021,9/17/2021,$                                                     102.65,,,,,,,,,,0.74%,$           102.65,0.76,,,,,,,,0.96%,,,0,,-6.30%,,,,,,,,,,,,
,,,,,,,,,,,,,,,,,,2021,9/20/2021,$                                                     100.58,,,,,,,,,,0.76%,$           100.58,0.76,,,,,,,,0.98%,,,0,,-8.19%,,,,,,,,,,,,
,,,,,,,,,,,,,,,,,,2021,9/21/2021,$                                                     100.64,,,,,,,,,,0.76%,$           100.64,0.76,,,,,,,,0.98%,,,0,,-8.13%,,,,,,,,,,,,
,,,,,,,,,,,,,,,,,,2021,9/22/2021,$                                                     102.44,,,,,,,,,,0.74%,$           102.44,0.76,,,,,,,,0.97%,,,0,,-6.49%,,,,,,,,,,,,
,,,,,,,,,,,,,,,,,,2021,9/23/2021,$                                                     104.99,,,,,,,,,,0.72%,$           104.99,0.76,,,,,,,,0.94%,,,0,,-4.16%,,,,,,,,,,,,
,,,,,,,,,,,,,,,,,,2021,9/24/2021,$                                                     106.77,,,,,,,,,,0.71%,$           106.77,0.76,,,,,,,,0.93%,,,0,,-2.54%,,,,,,,,,,,,
,,,,,,,,,,,,,,,,,,2021,9/27/2021,$                                                     107.40,,,,,,,,,,0.71%,$           107.40,0.76,,,,,,,,0.92%,,,0,,-1.96%,,,,,,,,,,,,
,,,,,,,,,,,,,,,,,,2021,9/28/2021,$                                                     105.08,,,,,,,,,,0.72%,$           105.08,0.76,,,,,,,,0.94%,,,0,,-4.08%,,,,,,,,,,,,
,,,,,,,,,,,,,,,,,,2021,9/29/2021,$                                                     106.35,,,,,,,,,,0.71%,$           106.35,0.76,,,,,,,,0.93%,,,0,,-2.92%,,,,,,,,,,,,
,,,,,,,,,,,,,,,,,,2021,9/30/2021,$                                                       101.14,,,,,,,,,,0.75%,$             101.14,0.76,,,,,,,,0.98%,,,0,,-7.68%,,,,,,,,,,,,
,,,,,,,,,,,,,,,,,,2021,10/1/2021,$                                                      102.16,,,,,,,,,,0.74%,$            102.16,0.76,,,,,,,,0.97%,,,0,,-6.75%,,,,,,,,,,,,
,,,,,,,,,,,,,,,,,,2021,10/4/2021,$                                                     102.05,,,,,,,,,,0.74%,$           102.05,0.76,,,,,,,,0.97%,,,0,,-6.85%,,,,,,,,,,,,
,,,,,,,,,,,,,,,,,,2021,10/5/2021,$                                                     103.75,,,,,,,,,,,$           103.75,,,,,,,,,0.95%,,,0,,-5.29%,,,,,,,,,,,,
,,,,,,,,,,,,,,,,,,2021,10/6/2021,$                                                     103.03,,,,,,,,,,0.74%,$           103.03,0.76,,,,,,,,0.96%,,,0,,-5.95%,,,,,,,,,,,,
,,,,,,,,,,,,,,,,,,2021,10/7/2021,$                                                     105.37,,,,,,,,,,0.72%,$           105.37,0.76,,,,,,,,0.94%,,,0,,-3.82%,,,,,,,,,,,,
,,,,,,,,,,,,,,,,,,2021,10/8/2021,$                                                      105.16,,,,,,,,,,0.72%,$            105.16,0.76,,,,,,,,0.94%,,,0,,-4.01%,,,,,,,,,,,,
,,,,,,,,,,,,,,,,,,2021,10/11/2021,$                                                      100.51,,,,,,,,,,0.76%,$            100.51,0.76,,,,,,,,0.98%,,,0,,-8.25%,,,,,,,,,,,,
,,,,,,,,,,,,,,,,,,2021,10/12/2021,$                                                     100.47,,,,,,,,,,0.76%,$           100.47,0.76,,,,,,,,0.99%,,,0,,-8.29%,,,,,,,,,,,,
,,,,,,,,,,,,,,,,,,2021,10/13/2021,$                                                     100.78,,,,,,,,,,0.75%,$           100.78,0.76,,,,,,,,0.98%,,,0,,-8.01%,,,,,,,,,,,,
,,,,,,,,,,,,,,,,,,2021,10/14/2021,$                                                     102.89,,,,,,,,,,0.74%,$           102.89,0.76,,,,,,,,0.96%,,,0,,-6.08%,,,,,,,,,,,,
,,,,,,,,,,,,,,,,,,2021,10/15/2021,$                                                     103.65,,,,,,,,,,0.73%,$           103.65,0.76,,,,,,,,0.96%,,,0,,-5.39%,,,,,,,,,,,,
,,,,,,,,,,,,,,,,,,2021,10/18/2021,$                                                     102.24,,,,,,,,,,0.74%,$           102.24,0.76,,,,,,,,0.97%,,,0,,-6.67%,,,,,,,,,,,,
,,,,,,,,,,,,,,,,,,2021,10/19/2021,$                                                     102.45,,,,,,,,,,0.74%,$           102.45,0.76,,,,,,,,0.97%,,,0,,-6.48%,,,,,,,,,,,,
,,,,,,,,,,,,,,,,,,2021,10/20/2021,$                                                     104.07,,,,,,,,,,0.73%,$           104.07,0.76,,,,,,,,0.95%,,,0,,-5.00%,,,,,,,,,,,,
,,,,,,,,,,,,,,,,,,2021,10/21/2021,$                                                     104.53,,,,,,,,,,0.73%,$           104.53,0.76,,,,,,,,0.95%,,,0,,-4.58%,,,,,,,,,,,,
,,,,,,,,,,,,,,,,,,2021,10/22/2021,$                                                     104.48,,,,,,,,,,0.73%,$           104.48,0.76,,,,,,,,0.95%,,,0,,-4.63%,,,,,,,,,,,,
,,,,,,,,,,,,,,,,,,2021,10/25/2021,$                                                     103.84,,,,,,,,,,0.73%,$           103.84,0.76,,,,,,,,0.95%,,,0,,-5.21%,,,,,,,,,,,,
,,,,,,,,,,,,,,,,,,2021,10/26/2021,$                                                     103.32,,,,,,,,,,0.74%,$           103.32,0.76,,,,,,,,0.96%,,,0,,-5.69%,,,,,,,,,,,,
,,,,,,,,,,,,,,,,,,2021,10/27/2021,$                                                      101.47,,,,,,,,,,0.75%,$            101.47,0.76,,,,,,,,0.98%,,,0,,-7.38%,,,,,,,,,,,,
,,,,,,,,,,,,,,,,,,2021,10/28/2021,$                                                     102.06,,,,,,,,,,0.74%,$           102.06,0.76,,,,,,,,0.97%,,,0,,-6.84%,,,,,,,,,,,,
,,,,,,,,,,,,,,,,,,2021,10/29/2021,$                                                     102.25,,,,,,,,,,0.74%,$           102.25,0.76,,,,,,,,0.97%,,,0,,-6.66%,,,,,,,,,,,,
,,,,,,,,,,,,,,,,,,2021,11/1/2021,$                                                     102.59,,,,,,,,,,0.74%,$           102.59,0.76,,,,,,,,0.97%,,,0,,-6.35%,,,,,,,,,,,,
,,,,,,,,,,,,,,,,,,2021,11/2/2021,$                                                      103.21,,,,,,,,,,0.74%,$            103.21,0.76,,,,,,,,0.96%,,,0,,-5.79%,,,,,,,,,,,,
,,,,,,,,,,,,,,,,,,2021,11/3/2021,$                                                     103.27,,,,,,,,,,0.74%,$           103.27,0.76,,,,,,,,0.96%,,,0,,-5.73%,,,,,,,,,,,,
,,,,,,,,,,,,,,,,,,2021,11/4/2021,$                                                     104.76,,,,,,,,,,0.73%,$           104.76,0.76,,,,,,,,0.95%,,,0,,-4.37%,,,,,,,,,,,,
,,,,,,,,,,,,,,,,,,2021,11/5/2021,$                                                     108.89,,,,,,,,,,0.70%,$           108.89,0.76,,,,,,,,0.91%,,,0,,-0.60%,,,,,,,,,,,,
,,,,,,,,,,,,,,,,,,2021,11/8/2021,$                                                     109.88,,,,,,,,,,0.69%,$           109.88,0.76,,,,,,,,0.90%,,,0,,0.00%,,,,,,,,,,,,
,,,,,,,,,,,,,,,,,,2021,11/9/2021,$                                                     109.88,,,,,,,,,,0.69%,$           109.88,0.76,,,,,,,,0.90%,,,0,,0.00%,,,,,,,,,,,,
,,,,,,,,,,,,,,,,,,2021,11/10/2021,$                                                       109.11,,,,,,,,,,0.70%,$             109.11,0.76,,,,,,,,0.91%,,,0,,-0.70%,,,,,,,,,,,,
,,,,,,,,,,,,,,,,,,2021,11/11/2021,$                                                     109.83,,,,,,,,,,0.69%,$           109.83,0.76,,,,,,,,0.90%,,,0,,-0.05%,,,,,,,,,,,,
,,,,,,,,,,,,,,,,,,2021,11/12/2021,$                                                      109.41,,,,,,,,,,0.69%,$            109.41,0.76,,,,,,,,0.90%,,,0,,-0.43%,,,,,,,,,,,,
,,,,,,,,,,,,,,,,,,2021,11/15/2021,$                                                     108.63,,,,,,,,,,0.70%,$           108.63,0.76,,,,,,,,0.91%,,,0,,-1.14%,,,,,,,,,,,,
,,,,,,,,,,,,,,,,,,2021,11/16/2021,$                                                      108.71,,,,,,,,,,0.70%,$            108.71,0.76,,,,,,,,0.91%,,,0,,-1.06%,,,,,,,,,,,,
,,,,,,,,,,,,,,,,,,2021,11/17/2021,$                                                     108.23,,,,,,,,,,0.70%,$           108.23,0.76,,,,,,,,0.91%,,,0,,-1.50%,,,,,,,,,,,,
,,,,,,,,,,,,,,,,,,2021,11/18/2021,$                                                      107.31,,,,,,,,,,0.71%,$            107.31,0.76,,,,,,,,0.92%,,,0,,-2.34%,,,,,,,,,,,,
,,,,,,,,,,,,,,,,,,2021,11/19/2021,$                                                     108.42,,,,,,,,,,0.70%,$           108.42,0.76,,,,,,,,0.91%,,,0,,-1.33%,,,,,,,,,,,,
,,,,,,,,,,,,,,,,,,2021,11/22/2021,$                                                     109.57,,,,,,,,,,0.69%,$           109.57,0.76,,,,,,,,0.90%,,,0,,-0.28%,,,,,,,,,,,,
,,,,,,,,,,,,,,,,,,2021,11/23/2021,$                                                       110.15,,,,,,,,,,0.69%,$             110.15,0.76,,,,,,,,0.90%,,,0,,0.00%,,,,,,,,,,,,
,,,,,,,,,,,,,,,,,,2021,11/24/2021,$                                                     106.88,,,,,,,,,,0.71%,$           106.88,0.76,,,,,,,,0.93%,,,0,,-2.97%,,,,,,,,,,,,
,,,,,,,,,,,,,,,,,,2021,11/26/2021,$                                                      103.14,,,,,,,,,,0.74%,$            103.14,0.76,,,,,,,,0.96%,,,0,,-6.36%,,,,,,,,,,,,
,,,,,,,,,,,,,,,,,,2021,11/29/2021,$                                                     104.80,,,,,,,,,,0.73%,$           104.80,0.76,,,,,,,,0.94%,,,0,,-4.86%,,,,,,,,,,,,
,,,,,,,,,,,,,,,,,,2021,11/30/2021,$                                                     102.36,,,,,,,,,,0.74%,$           102.36,0.76,,,,,,,,0.97%,,,0,,-7.07%,,,,,,,,,,,,
,,,,,,,,,,,,,,,,,,2021,12/1/2021,$                                                      101.27,,,,,,,,,,0.75%,$            101.27,0.76,,,,,,,,0.98%,,,0,,-8.06%,,,,,,,,,,,,
,,,,,,,,,,,,,,,,,,2021,12/2/2021,$                                                     104.97,,,,,,,,,,0.72%,$           104.97,0.76,,,,,,,,0.94%,,,0,,-4.70%,,,,,,,,,,,,
,,,,,,,,,,,,,,,,,,2021,12/3/2021,$                                                     102.86,,,,,,,,,,0.74%,$           102.86,0.76,,,,,,,,0.96%,,,0,,-6.62%,,,,,,,,,,,,
,,,,,,,,,,,,,,,,,,2021,12/6/2021,$                                                     106.87,,,,,,,,,,0.71%,$           106.87,0.76,,,,,,,,0.93%,,,0,,-2.98%,,,,,,,,,,,,
,,,,,,,,,,,,,,,,,,2021,12/7/2021,$                                                     109.47,,,,,,,,,,0.69%,$           109.47,0.76,,,,,,,,0.90%,,,0,,-0.62%,,,,,,,,,,,,
,,,,,,,,,,,,,,,,,,2021,12/8/2021,$                                                      110.76,,,,,,,,,,0.69%,$            110.76,0.76,,,,,,,,0.89%,,,0,,0.00%,,,,,,,,,,,,
,,,,,,,,,,,,,,,,,,2021,12/9/2021,$                                                     109.00,,,,,,,,,,0.70%,$           109.00,0.76,,,,,,,,0.91%,,,0,,-1.59%,,,,,,,,,,,,
,,,,,,,,,,,,,,,,,,2021,12/10/2021,$                                                      108.31,,,,,,,,,,0.70%,$            108.31,0.76,,,,,,,,0.91%,,,0,,-2.21%,,,,,,,,,,,,
,,,,,,,,,,,,,,,,,,2021,12/13/2021,$                                                      108.10,,,,,,,,,,0.70%,$            108.10,0.76,,,,,,,,0.92%,,,0,,-2.40%,,,,,,,,,,,,
,,,,,,,,,,,,,,,,,,2021,12/14/2021,$                                                     105.85,,,,,,,,,,0.72%,$           105.85,0.76,,,,,,,,0.94%,,,0,,-4.43%,,,,,,,,,,,,
,,,,,,,,,,,,,,,,,,2021,12/15/2021,$                                                     107.36,,,,,,,,,,0.71%,$           107.36,0.76,,,,,,,,0.92%,,,0,,-3.07%,,,,,,,,,,,,
,,,,,,,,,,,,,,,,,,2021,12/16/2021,$                                                     104.66,,,,,,,,,,0.73%,$           104.66,0.76,,,,,,,,0.95%,,,0,,-5.51%,,,,,,,,,,,,
,,,,,,,,,,,,,,,,,,2021,12/17/2021,$                                                     103.89,,,,,,,,,,0.73%,$           103.89,0.76,,,,,,,,0.95%,,,0,,-6.20%,,,,,,,,,,,,
,,,,,,,,,,,,,,,,,,2021,12/20/2021,$                                                      101.45,,,,,,,,,,0.75%,$            101.45,0.76,,,,,,,,0.98%,,,0,,-8.41%,,,,,,,,,,,,
,,,,,,,,,,,,,,,,,,2021,12/21/2021,$                                                     103.47,,,,,,,,,,0.73%,$           103.47,0.76,,,,,,,,0.96%,,,0,,-6.58%,,,,,,,,,,,,
,,,,,,,,,,,,,,,,,,2021,12/22/2021,$                                                     105.55,,,,,,,,,,0.72%,$           105.55,0.76,,,,,,,,0.94%,,,0,,-4.70%,,,,,,,,,,,,
,,,,,,,,,,,,,,,,,,2021,12/23/2021,$                                                      105.19,,,,,,,,,,0.72%,$            105.19,0.76,,,,,,,,0.94%,,,0,,-5.03%,,,,,,,,,,,,
,,,,,,,,,,,,,,,,,,2021,12/27/2021,$                                                     106.53,,,,,,,,,,0.71%,$           106.53,0.76,,,,,,,,0.93%,,,0,,-3.82%,,,,,,,,,,,,
,,,,,,,,,,,,,,,,,,2021,12/28/2021,$                                                     106.48,,,,,,,,,,0.71%,$           106.48,0.76,,,,,,,,0.93%,,,0,,-3.86%,,,,,,,,,,,,
,,,,,,,,,,,,,,,,,,2021,12/29/2021,$                                                     106.57,,,,,,,,,,0.71%,$           106.57,0.76,,,,,,,,0.93%,,,0,,-3.78%,,,,,,,,,,,,
,,,,,,,,,,,,,,,,,,2021,12/30/2021,$                                                     105.64,,,,,,,,,,0.72%,$           105.64,0.76,,,,,,,,0.94%,,,0,,-4.62%,,,,,,,,,,,,
,,,,,,,,,,,,,,,,,,2021,12/31/2021,$                                                     106.56,,,,,,,,,,0.71%,$           106.56,0.76,,,,,,,,0.93%,,,0,,-3.79%,,,,,,,,,,,,
,,,,,,,,,,,,,,,,,,2022,1/3/2022,$                                                     106.44,,,,,,,,,,,$           106.44,#N/A Connection,,,,,,,,0.93%,,,0,,-3.90%,,,,,,,,,,,,
,,,,,,,,,,,,,,,,,,2022,1/4/2022,$                                                      101.99,,,,,,,,,,,$            101.99,#N/A Connection,,,,,,,,0.97%,,,0,,-7.92%,,,,,,,,,,,,
,,,,,,,,,,,,,,,,,,2022,1/5/2022,$                                                       101.14,,,,,,,,,,,$             101.14,#N/A Connection,,,,,,,,0.98%,,,0,,-8.69%,,,,,,,,,,,,
,,,,,,,,,,,,,,,,,,2022,1/6/2022,$                                                     100.39,,,,,,,,,,,$           100.39,#N/A Connection,,,,,,,,0.99%,,,0,,-9.36%,,,,,,,,,,,,
,,,,,,,,,,,,,,,,,,2022,1/7/2022,$                                                       97.77,,,,,,,,,,,$             97.77,#N/A Connection,,,,,,,,1.01%,,,0,,-11.73%,,,,,,,,,,,,
,,,,,,,,,,,,,,,,,,2022,1/10/2022,$                                                       97.35,,,,,,,,,,,$             97.35,#N/A Connection,,,,,,,,1.02%,,,0,,-12.11%,,,,,,,,,,,,
,,,,,,,,,,,,,,,,,,2022,1/11/2022,$                                                        97.19,,,,,,,,,,,$              97.19,#N/A Connection,,,,,,,,1.02%,,,0,,-12.25%,,,,,,,,,,,,
,,,,,,,,,,,,,,,,,,2022,1/12/2022,$                                                       97.37,,,,,,,,,,,$             97.37,#N/A Connection,,,,,,,,1.02%,,,0,,-12.09%,,,,,,,,,,,,
,,,,,,,,,,,,,,,,,,2022,1/13/2022,$                                                       95.88,,,,,,,,,,,$             95.88,#N/A Connection,,,,,,,,1.03%,,,0,,-13.43%,,,,,,,,,,,,
,,,,,,,,,,,,,,,,,,2022,1/14/2022,$                                                       95.05,,,,,,,,,,,$             95.05,#N/A Connection,,,,,,,,1.04%,,,0,,-14.18%,,,,,,,,,,,,
,,,,,,,,,,,,,,,,,,2022,1/18/2022,$                                                        91.65,,,,,,,,,,,$              91.65,#N/A Connection,,,,,,,,1.08%,,,0,,-17.25%,,,,,,,,,,,,
,,,,,,,,,,,,,,,,,,2022,1/19/2022,$                                                        90.91,,,,,,,,,,,$              90.91,#N/A Connection,,,,,,,,1.09%,,,0,,-17.92%,,,,,,,,,,,,
,,,,,,,,,,,,,,,,,,2022,1/20/2022,$                                                       89.83,,,,,,,,,,,$             89.83,#N/A Connection,,,,,,,,1.10%,,,0,,-18.90%,,,,,,,,,,,,
,,,,,,,,,,,,,,,,,,2022,1/21/2022,$                                                       89.50,,,,,,,,,,,$             89.50,#N/A Connection,,,,,,,,1.11%,,,0,,-19.19%,,,,,,,,,,,,
,,,,,,,,,,,,,,,,,,2022,1/24/2022,$                                                        93.10,,,,,,,,,,,$              93.10,#N/A Connection,,,,,,,,1.06%,,,0,,-15.94%,,,,,,,,,,,,
,,,,,,,,,,,,,,,,,,2022,1/25/2022,$                                                       89.50,,,,,,,,,,,$             89.50,#N/A Connection,,,,,,,,1.11%,,,0,,-19.19%,,,,,,,,,,,,
,,,,,,,,,,,,,,,,,,2022,1/26/2022,$                                                       87.74,,,,,,,,,,,$             87.74,#N/A Connection,,,,,,,,1.13%,,,0,,-20.78%,,,,,,,,,,,,
,,,,,,,,,,,,,,,,,,2022,1/27/2022,$                                                       86.27,,,,,,,,,,,$             86.27,#N/A Connection,,,,,,,,1.15%,,,0,,-22.11%,,,,,,,,,,,,
,,,,,,,,,,,,,,,,,,2022,1/28/2022,$                                                       94.45,,,,,,,,,,,$             94.45,#N/A Connection,,,,,,,,1.05%,,,0,,-14.73%,,,,,,,,,,,,
,,,,,,,,,,,,,,,,,,2022,1/31/2022,$                                                       101.17,,,,,,,,,,,$             101.17,#N/A Connection,,,,,,,,0.98%,,,0,,-8.66%,,,,,,,,,,,,
,,,,,,,,,,,,,,,,,,2022,2/1/2022,$                                                      102.14,,,,,,,,,,,$            102.14,#N/A Connection,,,,,,,,0.97%,,,0,,-7.78%,,,,,,,,,,,,
,,,,,,,,,,,,,,,,,,2022,2/2/2022,$                                                     103.27,,,,,,,,,,,$           103.27,#N/A Connection,,,,,,,,0.96%,,,0,,-6.76%,,,,,,,,,,,,
,,,,,,,,,,,,,,,,,,2022,2/3/2022,$                                                     100.37,,,,,,,,,,,$           100.37,#N/A Connection,,,,,,,,0.99%,,,0,,-9.38%,,,,,,,,,,,,
,,,,,,,,,,,,,,,,,,2022,2/4/2022,$                                                       99.94,,,,,,,,,,,$             99.94,#N/A Connection,,,,,,,,0.99%,,,0,,-9.77%,,,,,,,,,,,,
,,,,,,,,,,,,,,,,,,2022,2/7/2022,$                                                       99.55,,,,,,,,,,,$             99.55,#N/A Connection,,,,,,,,0.99%,,,0,,-10.12%,,,,,,,,,,,,
,,,,,,,,,,,,,,,,,,2022,2/8/2022,$                                                      101.97,,,,,,,,,,,$            101.97,#N/A Connection,,,,,,,,0.97%,,,0,,-7.94%,,,,,,,,,,,,
,,,,,,,,,,,,,,,,,,2022,2/9/2022,$                                                      103.19,,,,,,,,,,,$            103.19,#N/A Connection,,,,,,,,0.96%,,,0,,-6.83%,,,,,,,,,,,,
,,,,,,,,,,,,,,,,,,2022,2/10/2022,$                                                      101.23,,,,,,,,,,,$            101.23,#N/A Connection,,,,,,,,0.98%,,,0,,-8.60%,,,,,,,,,,,,
,,,,,,,,,,,,,,,,,,2022,2/11/2022,$                                                      101.68,,,,,,,,,,,$            101.68,#N/A Connection,,,,,,,,0.97%,,,0,,-8.20%,,,,,,,,,,,,
,,,,,,,,,,,,,,,,,,2022,2/14/2022,$                                                     102.68,,,,,,,,,,,$           102.68,#N/A Connection,,,,,,,,0.96%,,,0,,-7.30%,,,,,,,,,,,,
,,,,,,,,,,,,,,,,,,2022,2/15/2022,$                                                     104.05,,,,,,,,,,,$           104.05,#N/A Connection,,,,,,,,0.95%,,,0,,-6.06%,,,,,,,,,,,,
,,,,,,,,,,,,,,,,,,2022,2/16/2022,$                                                     104.63,,,,,,,,,,,$           104.63,#N/A Connection,,,,,,,,0.95%,,,0,,-5.53%,,,,,,,,,,,,
,,,,,,,,,,,,,,,,,,2022,2/17/2022,$                                                     102.45,,,,,,,,,,,$           102.45,#N/A Connection,,,,,,,,0.97%,,,0,,-7.50%,,,,,,,,,,,,
,,,,,,,,,,,,,,,,,,2022,2/18/2022,$                                                      101.43,,,,,,,,,,,$            101.43,#N/A Connection,,,,,,,,0.98%,,,0,,-8.42%,,,,,,,,,,,,
,,,,,,,,,,,,,,,,,,2022,2/22/2022,$                                                        99.17,,,,,,,,,,,$              99.17,#N/A Connection,,,,,,,,1.00%,,,0,,-10.46%,,,,,,,,,,,,
,,,,,,,,,,,,,,,,,,2022,2/23/2022,$                                                       97.37,,,,,,,,,,,$             97.37,#N/A Connection,,,,,,,,1.02%,,,0,,-12.09%,,,,,,,,,,,,
,,,,,,,,,,,,,,,,,,2022,2/24/2022,$                                                       99.26,,,,,,,,,,,$             99.26,#N/A Connection,,,,,,,,1.00%,,,0,,-10.38%,,,,,,,,,,,,
,,,,,,,,,,,,,,,,,,2022,2/25/2022,$                                                     100.07,,,,,,,,,,,$           100.07,#N/A Connection,,,,,,,,0.99%,,,0,,-9.65%,,,,,,,,,,,,
,,,,,,,,,,,,,,,,,,2022,2/28/2022,$                                                        99.41,,,,,,,,,,,$              99.41,#N/A Connection,,,,,,,,1.00%,,,0,,-10.25%,,,,,,,,,,,,
,,,,,,,,,,,,,,,,,,2022,3/1/2022,$                                                       97.76,,,,,,,,,,,$             97.76,#N/A Connection,,,,,,,,1.01%,,,0,,-11.74%,,,,,,,,,,,,
,,,,,,,,,,,,,,,,,,2022,3/2/2022,$                                                       98.69,,,,,,,,,,,$             98.69,#N/A Connection,,,,,,,,1.00%,,,0,,-10.90%,,,,,,,,,,,,
,,,,,,,,,,,,,,,,,,2022,3/3/2022,$                                                        99.41,,,,,,,,,,,$              99.41,#N/A Connection,,,,,,,,1.00%,,,0,,-10.25%,,,,,,,,,,,,
,,,,,,,,,,,,,,,,,,2022,3/4/2022,$                                                       97.62,,,,,,,,,,,$             97.62,#N/A Connection,,,,,,,,1.01%,,,0,,-11.86%,,,,,,,,,,,,
,,,,,,,,,,,,,,,,,,2022,3/7/2022,$                                                       94.54,,,,,,,,,,,$             94.54,#N/A Connection,,,,,,,,1.05%,,,0,,-14.64%,,,,,,,,,,,,
,,,,,,,,,,,,,,,,,,2022,3/8/2022,$                                                       94.33,,,,,,,,,,,$             94.33,#N/A Connection,,,,,,,,1.05%,,,0,,-14.83%,,,,,,,,,,,,
,,,,,,,,,,,,,,,,,,2022,3/9/2022,$                                                       96.38,,,,,,,,,,,$             96.38,#N/A Connection,,,,,,,,1.03%,,,0,,-12.98%,,,,,,,,,,,,
,,,,,,,,,,,,,,,,,,2022,3/10/2022,$                                                       94.46,,,,,,,,,,,$             94.46,#N/A Connection,,,,,,,,1.05%,,,0,,-14.72%,,,,,,,,,,,,
,,,,,,,,,,,,,,,,,,2022,3/11/2022,$                                                       93.09,,,,,,,,,,,$             93.09,#N/A Connection,,,,,,,,1.06%,,,0,,-15.95%,,,,,,,,,,,,
,,,,,,,,,,,,,,,,,,2022,3/14/2022,$                                                        93.81,,,,,,,,,,,$              93.81,#N/A Connection,,,,,,,,1.06%,,,0,,-15.30%,,,,,,,,,,,,
,,,,,,,,,,,,,,,,,,2022,3/15/2022,$                                                       94.98,,,,,,,,,,,$             94.98,#N/A Connection,,,,,,,,1.04%,,,0,,-14.25%,,,,,,,,,,,,
,,,,,,,,,,,,,,,,,,2022,3/16/2022,$                                                       96.85,,,,,,,,,,,$             96.85,#N/A Connection,,,,,,,,1.02%,,,0,,-12.56%,,,,,,,,,,,,
,,,,,,,,,,,,,,,,,,2022,3/17/2022,$                                                        97.51,,,,,,,,,,,$              97.51,#N/A Connection,,,,,,,,1.02%,,,0,,-11.96%,,,,,,,,,,,,
,,,,,,,,,,,,,,,,,,2022,3/18/2022,$                                                        99.91,,,,,,,,,,,$              99.91,#N/A Connection,,,,,,,,0.99%,,,0,,-9.80%,,,,,,,,,,,,
,,,,,,,,,,,,,,,,,,2022,3/21/2022,$                                                       99.62,,,,,,,,,,,$             99.62,#N/A Connection,,,,,,,,0.99%,,,0,,-10.06%,,,,,,,,,,,,
,,,,,,,,,,,,,,,,,,2022,3/22/2022,$                                                       99.78,,,,,,,,,,,$             99.78,#N/A Connection,,,,,,,,0.99%,,,0,,-9.91%,,,,,,,,,,,,
,,,,,,,,,,,,,,,,,,2022,3/23/2022,$                                                       98.00,,,,,,,,,,,$             98.00,#N/A Connection,,,,,,,,1.01%,,,0,,-11.52%,,,,,,,,,,,,
,,,,,,,,,,,,,,,,,,2022,3/24/2022,$                                                       98.87,,,,,,,,,,,$             98.87,#N/A Connection,,,,,,,,1.00%,,,0,,-10.73%,,,,,,,,,,,,
,,,,,,,,,,,,,,,,,,2022,3/25/2022,$                                                       99.69,,,,,,,,,,,$             99.69,#N/A Connection,,,,,,,,0.99%,,,0,,-9.99%,,,,,,,,,,,,
,,,,,,,,,,,,,,,,,,2022,3/28/2022,$                                                       99.58,,,,,,,,,,,$             99.58,#N/A Connection,,,,,,,,0.99%,,,0,,-10.09%,,,,,,,,,,,,
,,,,,,,,,,,,,,,,,,2022,3/29/2022,$                                                      101.02,,,,,,,,,,,$            101.02,#N/A Connection,,,,,,,,0.98%,,,0,,-8.79%,,,,,,,,,,,,
,,,,,,,,,,,,,,,,,,2022,3/30/2022,$                                                       99.60,,,,,,,,,,,$             99.60,#N/A Connection,,,,,,,,0.99%,,,0,,-10.08%,,,,,,,,,,,,
,,,,,,,,,,,,,,,,,,2022,3/31/2022,$                                                        99.71,,,,,,,,,,,$              99.71,#N/A Connection,,,,,,,,0.99%,,,0,,-9.98%,,,,,,,,,,,,
,,,,,,,,,,,,,,,,,,2022,4/1/2022,$                                                     102.33,,,,,,,,,,,$           102.33,#N/A Connection,,,,,,,,0.97%,,,0,,-7.61%,,,,,,,,,,,,
,,,,,,,,,,,,,,,,,,2022,4/4/2022,$                                                     102.22,,,,,,,,,,,$           102.22,#N/A Connection,,,,,,,,0.97%,,,0,,-7.71%,,,,,,,,,,,,
,,,,,,,,,,,,,,,,,,2022,4/5/2022,$                                                       99.43,,,,,,,,,,,$             99.43,#N/A Connection,,,,,,,,1.00%,,,0,,-10.23%,,,,,,,,,,,,
,,,,,,,,,,,,,,,,,,2022,4/6/2022,$                                                        98.19,,,,,,,,,,,$              98.19,#N/A Connection,,,,,,,,1.01%,,,0,,-11.35%,,,,,,,,,,,,
,,,,,,,,,,,,,,,,,,2022,4/7/2022,$                                                       98.54,,,,,,,,,,,$             98.54,#N/A Connection,,,,,,,,1.00%,,,0,,-11.03%,,,,,,,,,,,,
,,,,,,,,,,,,,,,,,,2022,4/8/2022,$                                                       96.02,,,,,,,,,,,$             96.02,#N/A Connection,,,,,,,,1.03%,,,0,,-13.31%,,,,,,,,,,,,
,,,,,,,,,,,,,,,,,,2022,4/11/2022,$                                                       93.90,,,,,,,,,,,$             93.90,#N/A Connection,,,,,,,,1.05%,,,0,,-15.22%,,,,,,,,,,,,
,,,,,,,,,,,,,,,,,,2022,4/12/2022,$                                                        94.51,,,,,,,,,,,$              94.51,#N/A Connection,,,,,,,,1.05%,,,0,,-14.67%,,,,,,,,,,,,
,,,,,,,,,,,,,,,,,,2022,4/13/2022,$                                                       95.75,,,,,,,,,,,$             95.75,#N/A Connection,,,,,,,,1.03%,,,0,,-13.55%,,,,,,,,,,,,
,,,,,,,,,,,,,,,,,,2022,4/14/2022,$                                                        93.81,,,,,,,,,,,$              93.81,#N/A Connection,,,,,,,,1.06%,,,0,,-15.30%,,,,,,,,,,,,
,,,,,,,,,,,,,,,,,,2022,4/18/2022,$                                                        94.19,,,,,,,,,,,$              94.19,#N/A Connection,,,,,,,,1.05%,,,0,,-14.96%,,,,,,,,,,,,
,,,,,,,,,,,,,,,,,,2022,4/19/2022,$                                                       87.56,,,,,,,,,,,$             87.56,#N/A Connection,,,,,,,,1.13%,,,0,,-20.95%,,,,,,,,,,,,
,,,,,,,,,,,,,,,,,,2022,4/20/2022,$                                                       87.52,,,,,,,,,,,$             87.52,#N/A Connection,,,,,,,,1.13%,,,0,,-20.98%,,,,,,,,,,,,
,,,,,,,,,,,,,,,,,,2022,4/21/2022,$                                                       85.28,,,,,,,,,,,$             85.28,#N/A Connection,,,,,,,,1.16%,,,0,,-23.00%,,,,,,,,,,,,
,,,,,,,,,,,,,,,,,,2022,4/22/2022,$                                                       83.56,,,,,,,,,,,$             83.56,#N/A Connection,,,,,,,,1.18%,,,0,,-24.56%,,,,,,,,,,,,
,,,,,,,,,,,,,,,,,,2022,4/25/2022,$                                                       84.22,,,,,,,,,,,$             84.22,#N/A Connection,,,,,,,,1.18%,,,0,,-23.96%,,,,,,,,,,,,
,,,,,,,,,,,,,,,,,,2022,4/26/2022,$                                                        81.47,,,,,,,,,,,$              81.47,#N/A Connection,,,,,,,,1.22%,,,0,,-26.44%,,,,,,,,,,,,
,,,,,,,,,,,,,,,,,,2022,4/27/2022,$                                                        81.34,,,,,,,,,,,$              81.34,#N/A Connection,,,,,,,,1.22%,,,0,,-26.56%,,,,,,,,,,,,
,,,,,,,,,,,,,,,,,,2022,4/28/2022,$                                                        82.14,,,,,,,,,,,$              82.14,#N/A Connection,,,,,,,,1.21%,,,0,,-25.84%,,,,,,,,,,,,
,,,,,,,,,,,,,,,,,,2022,4/29/2022,$                                                       80.69,,,,,,,,,,,$             80.69,#N/A Connection,,,,,,,,1.23%,,,0,,-27.15%,,,,,,,,,,,,
,,,,,,,,,,,,,,,,,,2022,5/2/2022,$                                                       80.44,,,,,,,,,,,$             80.44,#N/A Connection,,,,,,,,1.23%,,,0,,-27.37%,,,,,,,,,,,,
,,,,,,,,,,,,,,,,,,2022,5/3/2022,$                                                       80.43,,,,,,,,,,,$             80.43,#N/A Connection,,,,,,,,1.23%,,,0,,-27.38%,,,,,,,,,,,,
,,,,,,,,,,,,,,,,,,2022,5/4/2022,$                                                       84.46,,,,,,,,,,,$             84.46,#N/A Connection,,,,,,,,1.17%,,,0,,-23.75%,,,,,,,,,,,,
,,,,,,,,,,,,,,,,,,2022,5/5/2022,$                                                       80.66,,,,,,,,,,,$             80.66,#N/A Connection,,,,,,,,1.23%,,,0,,-27.18%,,,,,,,,,,,,
,,,,,,,,,,,,,,,,,,2022,5/6/2022,$                                                       79.57,,,,,,,,,,,$             79.57,#N/A Connection,,,,,,,,1.24%,,,0,,-28.16%,,,,,,,,,,,,
,,,,,,,,,,,,,,,,,,2022,5/9/2022,$                                                        77.31,,,,,,,,,,,$              77.31,#N/A Connection,,,,,,,,1.28%,,,0,,-30.20%,,,,,,,,,,,,
,,,,,,,,,,,,,,,,,,2022,5/10/2022,$                                                       77.63,,,,,,,,,,,$             77.63,#N/A Connection,,,,,,,,1.28%,,,0,,-29.91%,,,,,,,,,,,,
,,,,,,,,,,,,,,,,,,2022,5/11/2022,$                                                       76.32,,,,,,,,,,,$             76.32,#N/A Connection,,,,,,,,1.30%,,,0,,-31.09%,,,,,,,,,,,,
,,,,,,,,,,,,,,,,,,2022,5/12/2022,$                                                       77.52,,,,,,,,,,,$             77.52,#N/A Connection,,,,,,,,1.28%,,,0,,-30.01%,,,,,,,,,,,,
,,,,,,,,,,,,,,,,,,2022,5/13/2022,$                                                       78.47,,,,,,,,,,,$             78.47,#N/A Connection,,,,,,,,1.26%,,,0,,-29.15%,,,,,,,,,,,,
,,,,,,,,,,,,,,,,,,2022,5/16/2022,$                                                       77.53,,,,,,,,,,,$             77.53,#N/A Connection,,,,,,,,1.28%,,,0,,-30.00%,,,,,,,,,,,,
,,,,,,,,,,,,,,,,,,2022,5/17/2022,$                                                       79.47,,,,,,,,,,,$             79.47,#N/A Connection,,,,,,,,1.25%,,,0,,-28.25%,,,,,,,,,,,,
,,,,,,,,,,,,,,,,,,2022,5/18/2022,$                                                       77.20,,,,,,,,,,,$             77.20,#N/A Connection,,,,,,,,1.28%,,,0,,-30.30%,,,,,,,,,,,,
,,,,,,,,,,,,,,,,,,2022,5/19/2022,$                                                       77.46,,,,,,,,,,,$             77.46,#N/A Connection,,,,,,,,1.28%,,,0,,-30.07%,,,,,,,,,,,,
,,,,,,,,,,,,,,,,,,2022,5/20/2022,$                                                       77.35,,,,,,,,,,,$             77.35,#N/A Connection,,,,,,,,1.28%,,,0,,-30.16%,,,,,,,,,,,,
,,,,,,,,,,,,,,,,,,2022,5/23/2022,$                                                       77.55,,,,,,,,,,,$             77.55,#N/A Connection,,,,,,,,1.28%,,,0,,-29.98%,,,,,,,,,,,,
,,,,,,,,,,,,,,,,,,2022,5/24/2022,$                                                       77.23,,,,,,,,,,,$             77.23,#N/A Connection,,,,,,,,1.28%,,,0,,-30.27%,,,,,,,,,,,,
,,,,,,,,,,,,,,,,,,2022,5/25/2022,$                                                       76.92,,,,,,,,,,,$             76.92,#N/A Connection,,,,,,,,1.29%,,,0,,-30.55%,,,,,,,,,,,,
,,,,,,,,,,,,,,,,,,2022,5/26/2022,$                                                       76.39,,,,,,,,,,,$             76.39,#N/A Connection,,,,,,,,1.30%,,,0,,-31.03%,,,,,,,,,,,,
,,,,,,,,,,,,,,,,,,2022,5/27/2022,$                                                       79.25,,,,,,,,,,,$             79.25,#N/A Connection,,,,,,,,1.25%,,,0,,-28.45%,,,,,,,,,,,,
,,,,,,,,,,,,,,,,,,2022,5/31/2022,$                                                        79.14,,,,,,,,,,,$              79.14,#N/A Connection,,,,,,,,1.25%,,,0,,-28.55%,,,,,,,,,,,,
,,,,,,,,,,,,,,,,,,2022,6/1/2022,$                                                       79.79,,,,,,,,,,,$             79.79,#N/A Connection,,,,,,,,1.24%,,,0,,-27.96%,,,,,,,,,,,,
,,,,,,,,,,,,,,,,,,2022,6/2/2022,$                                                       82.25,,,,,,,,,,,$             82.25,#N/A Connection,,,,,,,,1.20%,,,0,,-25.74%,,,,,,,,,,,,
,,,,,,,,,,,,,,,,,,2022,6/3/2022,$                                                         81.10,,,,,,,,,,,$               81.10,#N/A Connection,,,,,,,,1.22%,,,0,,-26.78%,,,,,,,,,,,,
,,,,,,,,,,,,,,,,,,2022,6/6/2022,$                                                        81.03,,,,,,,,,,,$              81.03,#N/A Connection,,,,,,,,1.22%,,,0,,-26.84%,,,,,,,,,,,,
,,,,,,,,,,,,,,,,,,2022,6/7/2022,$                                                        81.95,,,,,,,,,,,$              81.95,#N/A Connection,,,,,,,,1.21%,,,0,,-26.01%,,,,,,,,,,,,
,,,,,,,,,,,,,,,,,,2022,6/8/2022,$                                                       80.77,,,,,,,,,,,$             80.77,#N/A Connection,,,,,,,,1.23%,,,0,,-27.08%,,,,,,,,,,,,
,,,,,,,,,,,,,,,,,,2022,6/9/2022,$                                                       79.39,,,,,,,,,,,$             79.39,#N/A Connection,,,,,,,,1.25%,,,0,,-28.32%,,,,,,,,,,,,
,,,,,,,,,,,,,,,,,,2022,6/10/2022,$                                                       77.88,,,,,,,,,,,$             77.88,#N/A Connection,,,,,,,,1.27%,,,0,,-29.69%,,,,,,,,,,,,
,,,,,,,,,,,,,,,,,,2022,6/13/2022,$                                                        75.17,,,,,,,,,,,$              75.17,#N/A Connection,,,,,,,,1.32%,,,0,,-32.13%,,,,,,,,,,,,
,,,,,,,,,,,,,,,,,,2022,6/14/2022,$                                                       74.23,,,,,,,,,,,$             74.23,#N/A Connection,,,,,,,,1.33%,,,0,,-32.98%,,,,,,,,,,,,
,,,,,,,,,,,,,,,,,,2022,6/15/2022,$                                                       75.38,,,,,,,,,,,$             75.38,#N/A Connection,,,,,,,,1.31%,,,0,,-31.94%,,,,,,,,,,,,
,,,,,,,,,,,,,,,,,,2022,6/16/2022,$                                                       73.66,,,,,,,,,,,$             73.66,#N/A Connection,,,,,,,,1.34%,,,0,,-33.50%,,,,,,,,,,,,
,,,,,,,,,,,,,,,,,,2022,6/17/2022,$                                                        75.10,,,,,,,,,,,$              75.10,#N/A Connection,,,,,,,,1.32%,,,0,,-32.20%,,,,,,,,,,,,
,,,,,,,,,,,,,,,,,,2022,6/21/2022,$                                                       76.56,,,,,,,,,,,$             76.56,#N/A Connection,,,,,,,,1.29%,,,0,,-30.88%,,,,,,,,,,,,
,,,,,,,,,,,,,,,,,,2022,6/22/2022,$                                                       77.42,,,,,,,,,,,$             77.42,#N/A Connection,,,,,,,,1.28%,,,0,,-30.10%,,,,,,,,,,,,
,,,,,,,,,,,,,,,,,,2022,6/23/2022,$                                                       78.94,,,,,,,,,,,$             78.94,#N/A Connection,,,,,,,,1.25%,,,0,,-28.73%,,,,,,,,,,,,
,,,,,,,,,,,,,,,,,,2022,6/24/2022,$                                                        81.76,,,,,,,,,,,$              81.76,#N/A Connection,,,,,,,,1.21%,,,0,,-26.18%,,,,,,,,,,,,
,,,,,,,,,,,,,,,,,,2022,6/27/2022,$                                                        80.71,,,,,,,,,,,$              80.71,#N/A Connection,,,,,,,,1.23%,,,0,,-27.13%,,,,,,,,,,,,
,,,,,,,,,,,,,,,,,,2022,6/28/2022,$                                                       79.44,,,,,,,,,,,$             79.44,#N/A Connection,,,,,,,,1.25%,,,0,,-28.28%,,,,,,,,,,,,
,,,,,,,,,,,,,,,,,,2022,6/29/2022,$                                                       79.74,,,,,,,,,,,$             79.74,#N/A Connection,,,,,,,,1.24%,,,0,,-28.01%,,,,,,,,,,,,
,,,,,,,,,,,,,,,,,,2022,6/30/2022,$                                                       80.89,,,,,,,,,,,$             80.89,#N/A Connection,,,,,,,,1.22%,,,0,,-26.97%,,,,,,,,,,,,
,,,,,,,,,,,,,,,,,,2022,7/1/2022,$                                                       80.59,,,,,,,,,,,$             80.59,#N/A Connection,,,,,,,,1.23%,,,0,,-27.24%,,,,,,,,,,,,
,,,,,,,,,,,,,,,,,,2022,7/5/2022,$                                                       80.93,,,,,,,,,,,$             80.93,#N/A Connection,,,,,,,,1.22%,,,0,,-26.93%,,,,,,,,,,,,
,,,,,,,,,,,,,,,,,,2022,7/6/2022,$                                                        81.40,,,,,,,,,,,$              81.40,#N/A Connection,,,,,,,,1.22%,,,0,,-26.51%,,,,,,,,,,,,
,,,,,,,,,,,,,,,,,,2022,7/7/2022,$                                                        81.86,,,,,,,,,,,$              81.86,#N/A Connection,,,,,,,,1.21%,,,0,,-26.09%,,,,,,,,,,,,
,,,,,,,,,,,,,,,,,,2022,7/8/2022,$                                                         81.15,,,,,,,,,,,$               81.15,#N/A Connection,,,,,,,,1.22%,,,0,,-26.73%,,,,,,,,,,,,
,,,,,,,,,,,,,,,,,,2022,7/11/2022,$                                                        80.12,,,,,,,,,,,$              80.12,#N/A Connection,,,,,,,,1.24%,,,0,,-27.66%,,,,,,,,,,,,
,,,,,,,,,,,,,,,,,,2022,7/12/2022,$                                                       78.40,,,,,,,,,,,$             78.40,#N/A Connection,,,,,,,,1.26%,,,0,,-29.22%,,,,,,,,,,,,
,,,,,,,,,,,,,,,,,,2022,7/13/2022,$                                                       78.90,,,,,,,,,,,$             78.90,#N/A Connection,,,,,,,,1.25%,,,0,,-28.76%,,,,,,,,,,,,
,,,,,,,,,,,,,,,,,,2022,7/14/2022,$                                                       78.97,,,,,,,,,,,$             78.97,#N/A Connection,,,,,,,,1.25%,,,0,,-28.70%,,,,,,,,,,,,
,,,,,,,,,,,,,,,,,,2022,7/15/2022,$                                                         81.61,,,,,,,,,,,$               81.61,#N/A Connection,,,,,,,,1.21%,,,0,,-26.32%,,,,,,,,,,,,
,,,,,,,,,,,,,,,,,,2022,7/18/2022,$                                                       80.36,,,,,,,,,,,$             80.36,#N/A Connection,,,,,,,,1.23%,,,0,,-27.45%,,,,,,,,,,,,
,,,,,,,,,,,,,,,,,,2022,7/19/2022,$                                                       82.69,,,,,,,,,,,$             82.69,#N/A Connection,,,,,,,,1.20%,,,0,,-25.34%,,,,,,,,,,,,
,,,,,,,,,,,,,,,,,,2022,7/20/2022,$                                                       87.26,,,,,,,,,,,$             87.26,#N/A Connection,,,,,,,,1.13%,,,0,,-21.22%,,,,,,,,,,,,
,,,,,,,,,,,,,,,,,,2022,7/21/2022,$                                                       90.56,,,,,,,,,,,$             90.56,#N/A Connection,,,,,,,,1.09%,,,0,,-18.24%,,,,,,,,,,,,
,,,,,,,,,,,,,,,,,,2022,7/22/2022,$                                                         89.11,,,,,,,,,,,$               89.11,#N/A Connection,,,,,,,,1.11%,,,0,,-19.55%,,,,,,,,,,,,
,,,,,,,,,,,,,,,,,,2022,7/25/2022,$                                                       89.24,,,,,,,,,,,$             89.24,#N/A Connection,,,,,,,,1.11%,,,0,,-19.43%,,,,,,,,,,,,
,,,,,,,,,,,,,,,,,,2022,7/26/2022,$                                                       90.06,,,,,,,,,,,$             90.06,#N/A Connection,,,,,,,,1.10%,,,0,,-18.69%,,,,,,,,,,,,
,,,,,,,,,,,,,,,,,,2022,7/27/2022,$                                                         91.31,,,,,,,,,,,$               91.31,#N/A Connection,,,,,,,,1.08%,,,0,,-17.56%,,,,,,,,,,,,
,,,,,,,,,,,,,,,,,,2022,7/28/2022,$                                                       93.76,,,,,,,,,,,$             93.76,#N/A Connection,,,,,,,,1.06%,,,0,,-15.35%,,,,,,,,,,,,
,,,,,,,,,,,,,,,,,,2022,7/29/2022,$                                                        96.19,,,,,,,,,,,$              96.19,#N/A Connection,,,,,,,,1.03%,,,0,,-13.15%,,,,,,,,,,,,
,,,,,,,,,,,,,,,,,,2022,8/1/2022,$                                                       96.28,,,,,,,,,,,$             96.28,#N/A Connection,,,,,,,,1.03%,,,0,,-13.07%,,,,,,,,,,,,
,,,,,,,,,,,,,,,,,,2022,8/2/2022,$                                                       96.05,,,,,,,,,,,$             96.05,#N/A Connection,,,,,,,,1.03%,,,0,,-13.28%,,,,,,,,,,,,
,,,,,,,,,,,,,,,,,,2022,8/3/2022,$                                                       97.48,,,,,,,,,,,$             97.48,#N/A Connection,,,,,,,,1.02%,,,0,,-11.99%,,,,,,,,,,,,
,,,,,,,,,,,,,,,,,,2022,8/4/2022,$                                                       96.73,,,,,,,,,,,$             96.73,#N/A Connection,,,,,,,,1.02%,,,0,,-12.67%,,,,,,,,,,,,
,,,,,,,,,,,,,,,,,,2022,8/5/2022,$                                                        96.14,,,,,,,,,,,$              96.14,#N/A Connection,,,,,,,,1.03%,,,0,,-13.20%,,,,,,,,,,,,
,,,,,,,,,,,,,,,,,,2022,8/8/2022,$                                                        97.12,,,,,,,,,,,$              97.12,#N/A Connection,,,,,,,,1.02%,,,0,,-12.31%,,,,,,,,,,,,
,,,,,,,,,,,,,,,,,,2022,8/9/2022,$                                                       96.97,,,,,,,,,,,$             96.97,#N/A Connection,,,,,,,,1.02%,,,0,,-12.45%,,,,,,,,,,,,
,,,,,,,,,,,,,,,,,,2022,8/10/2022,$                                                       99.28,,,,,,,,,,,$             99.28,#N/A Connection,,,,,,,,1.00%,,,0,,-10.36%,,,,,,,,,,,,
,,,,,,,,,,,,,,,,,,2022,8/11/2022,$                                                       98.77,,,,,,,,,,,$             98.77,#N/A Connection,,,,,,,,1.00%,,,0,,-10.83%,,,,,,,,,,,,
,,,,,,,,,,,,,,,,,,2022,8/12/2022,$                                                     100.42,,,,,,,,,,,$           100.42,#N/A Connection,,,,,,,,0.99%,,,0,,-9.34%,,,,,,,,,,,,
,,,,,,,,,,,,,,,,,,2022,8/15/2022,$                                                      101.64,,,,,,,,,,,$            101.64,#N/A Connection,,,,,,,,0.97%,,,0,,-8.23%,,,,,,,,,,,,
,,,,,,,,,,,,,,,,,,2022,8/16/2022,$                                                     102.42,,,,,,,,,,,$           102.42,#N/A Connection,,,,,,,,0.97%,,,0,,-7.53%,,,,,,,,,,,,
,,,,,,,,,,,,,,,,,,2022,8/17/2022,$                                                      102.61,,,,,,,,,,,$            102.61,#N/A Connection,,,,,,,,0.96%,,,0,,-7.36%,,,,,,,,,,,,
,,,,,,,,,,,,,,,,,,2022,8/18/2022,$                                                     102.45,,,,,,,,,,,$           102.45,#N/A Connection,,,,,,,,0.97%,,,0,,-7.50%,,,,,,,,,,,,
,,,,,,,,,,,,,,,,,,2022,8/19/2022,$                                                       101.18,,,,,,,,,,,$             101.18,#N/A Connection,,,,,,,,0.98%,,,0,,-8.65%,,,,,,,,,,,,
,,,,,,,,,,,,,,,,,,2022,8/22/2022,$                                                       99.39,,,,,,,,,,,$             99.39,#N/A Connection,,,,,,,,1.00%,,,0,,-10.27%,,,,,,,,,,,,
,,,,,,,,,,,,,,,,,,2022,8/23/2022,$                                                       97.84,,,,,,,,,,,$             97.84,#N/A Connection,,,,,,,,1.01%,,,0,,-11.66%,,,,,,,,,,,,
,,,,,,,,,,,,,,,,,,2022,8/24/2022,$                                                        98.17,,,,,,,,,,,$              98.17,#N/A Connection,,,,,,,,1.01%,,,0,,-11.37%,,,,,,,,,,,,
,,,,,,,,,,,,,,,,,,2022,8/25/2022,$                                                       99.82,,,,,,,,,,,$             99.82,#N/A Connection,,,,,,,,0.99%,,,0,,-9.88%,,,,,,,,,,,,
,,,,,,,,,,,,,,,,,,2022,8/26/2022,$                                                       97.07,,,,,,,,,,,$             97.07,#N/A Connection,,,,,,,,1.02%,,,0,,-12.36%,,,,,,,,,,,,
,,,,,,,,,,,,,,,,,,2022,8/29/2022,$                                                        96.81,,,,,,,,,,,$              96.81,#N/A Connection,,,,,,,,1.02%,,,0,,-12.59%,,,,,,,,,,,,
,,,,,,,,,,,,,,,,,,2022,8/30/2022,$                                                        94.61,,,,,,,,,,,$              94.61,#N/A Connection,,,,,,,,1.05%,,,0,,-14.58%,,,,,,,,,,,,
,,,,,,,,,,,,,,,,,,2022,8/31/2022,$                                                       94.69,,,,,,,,,,,$             94.69,#N/A Connection,,,,,,,,1.05%,,,0,,-14.51%,,,,,,,,,,,,
,,,,,,,,,,,,,,,,,,2022,9/1/2022,$                                                       94.83,,,,,,,,,,,$             94.83,#N/A Connection,,,,,,,,1.04%,,,0,,-14.38%,,,,,,,,,,,,
,,,,,,,,,,,,,,,,,,2022,9/2/2022,$                                                        94.01,,,,,,,,,,,$              94.01,#N/A Connection,,,,,,,,1.05%,,,0,,-15.12%,,,,,,,,,,,,
,,,,,,,,,,,,,,,,,,2022,9/6/2022,$                                                        93.17,,,,,,,,,,,$              93.17,#N/A Connection,,,,,,,,1.06%,,,0,,-15.88%,,,,,,,,,,,,
,,,,,,,,,,,,,,,,,,2022,9/7/2022,$                                                       96.53,,,,,,,,,,,$             96.53,#N/A Connection,,,,,,,,1.03%,,,0,,-12.85%,,,,,,,,,,,,
,,,,,,,,,,,,,,,,,,2022,9/8/2022,$                                                       96.49,,,,,,,,,,,$             96.49,#N/A Connection,,,,,,,,1.03%,,,0,,-12.88%,,,,,,,,,,,,
,,,,,,,,,,,,,,,,,,2022,9/9/2022,$                                                       97.09,,,,,,,,,,,$             97.09,#N/A Connection,,,,,,,,1.02%,,,0,,-12.34%,,,,,,,,,,,,
,,,,,,,,,,,,,,,,,,2022,9/12/2022,$                                                       98.33,,,,,,,,,,,$             98.33,#N/A Connection,,,,,,,,1.01%,,,0,,-11.22%,,,,,,,,,,,,
,,,,,,,,,,,,,,,,,,2022,9/13/2022,$                                                       94.70,,,,,,,,,,,$             94.70,#N/A Connection,,,,,,,,1.05%,,,0,,-14.50%,,,,,,,,,,,,
,,,,,,,,,,,,,,,,,,2022,9/14/2022,$                                                       94.25,,,,,,,,,,,$             94.25,#N/A Connection,,,,,,,,1.05%,,,0,,-14.91%,,,,,,,,,,,,
,,,,,,,,,,,,,,,,,,2022,9/15/2022,$                                                       92.26,,,,,,,,,,,$             92.26,#N/A Connection,,,,,,,,1.07%,,,0,,-16.70%,,,,,,,,,,,,
,,,,,,,,,,,,,,,,,,2022,9/16/2022,$                                                        93.21,,,,,,,,,,,$              93.21,#N/A Connection,,,,,,,,1.06%,,,0,,-15.85%,,,,,,,,,,,,
,,,,,,,,,,,,,,,,,,2022,9/19/2022,$                                                        95.21,,,,,,,,,,,$              95.21,#N/A Connection,,,,,,,,1.04%,,,0,,-14.04%,,,,,,,,,,,,
,,,,,,,,,,,,,,,,,,2022,9/20/2022,$                                                       94.08,,,,,,,,,,,$             94.08,#N/A Connection,,,,,,,,1.05%,,,0,,-15.06%,,,,,,,,,,,,
,,,,,,,,,,,,,,,,,,2022,9/21/2022,$                                                       93.76,,,,,,,,,,,$             93.76,#N/A Connection,,,,,,,,1.06%,,,0,,-15.35%,,,,,,,,,,,,
,,,,,,,,,,,,,,,,,,2022,9/22/2022,$                                                       92.78,,,,,,,,,,,$             92.78,#N/A Connection,,,,,,,,1.07%,,,0,,-16.23%,,,,,,,,,,,,
,,,,,,,,,,,,,,,,,,2022,9/23/2022,$                                                       92.38,,,,,,,,,,,$             92.38,#N/A Connection,,,,,,,,1.07%,,,0,,-16.59%,,,,,,,,,,,,
,,,,,,,,,,,,,,,,,,2022,9/26/2022,$                                                       92.22,,,,,,,,,,,$             92.22,#N/A Connection,,,,,,,,1.07%,,,0,,-16.74%,,,,,,,,,,,,
,,,,,,,,,,,,,,,,,,2022,9/27/2022,$                                                        92.91,,,,,,,,,,,$              92.91,#N/A Connection,,,,,,,,1.07%,,,0,,-16.12%,,,,,,,,,,,,
,,,,,,,,,,,,,,,,,,2022,9/28/2022,$                                                        94.71,,,,,,,,,,,$              94.71,#N/A Connection,,,,,,,,1.05%,,,0,,-14.49%,,,,,,,,,,,,
,,,,,,,,,,,,,,,,,,2022,9/29/2022,$                                                         94.11,,,,,,,,,,,$               94.11,#N/A Connection,,,,,,,,1.05%,,,0,,-15.03%,,,,,,,,,,,,
,,,,,,,,,,,,,,,,,,2022,9/30/2022,$                                                       92.39,,,,,,,,,,,$             92.39,#N/A Connection,,,,,,,,1.07%,,,0,,-16.59%,,,,,,,,,,,,
,,,,,,,,,,,,,,,,,,2022,10/3/2022,$                                                        95.15,,,,,,,,,,,$              95.15,#N/A Connection,,,,,,,,1.04%,,,0,,-14.09%,,,,,,,,,,,,
,,,,,,,,,,,,,,,,,,2022,10/4/2022,$                                                        96.13,,,,,,,,,,,$              96.13,#N/A Connection,,,,,,,,1.03%,,,0,,-13.21%,,,,,,,,,,,,
,,,,,,,,,,,,,,,,,,2022,10/5/2022,$                                                        96.61,,,,,,,,,,,$              96.61,#N/A Connection,,,,,,,,1.02%,,,0,,-12.78%,,,,,,,,,,,,
,,,,,,,,,,,,,,,,,,2022,10/6/2022,$                                                       96.52,,,,,,,,,,,$             96.52,#N/A Connection,,,,,,,,1.03%,,,0,,-12.86%,,,,,,,,,,,,
,,,,,,,,,,,,,,,,,,2022,10/7/2022,$                                                       93.40,,,,,,,,,,,$             93.40,#N/A Connection,,,,,,,,1.06%,,,0,,-15.67%,,,,,,,,,,,,
,,,,,,,,,,,,,,,,,,2022,10/10/2022,$                                                       93.47,,,,,,,,,,,$             93.47,#N/A Connection,,,,,,,,1.06%,,,0,,-15.61%,,,,,,,,,,,,
,,,,,,,,,,,,,,,,,,2022,10/11/2022,$                                                       92.29,,,,,,,,,,,$             92.29,#N/A Connection,,,,,,,,1.07%,,,0,,-16.68%,,,,,,,,,,,,
,,,,,,,,,,,,,,,,,,2022,10/12/2022,$                                                       90.60,,,,,,,,,,,$             90.60,#N/A Connection,,,,,,,,1.09%,,,0,,-18.20%,,,,,,,,,,,,
,,,,,,,,,,,,,,,,,,2022,10/13/2022,$                                                        91.97,,,,,,,,,,,$              91.97,#N/A Connection,,,,,,,,1.08%,,,0,,-16.96%,,,,,,,,,,,,
,,,,,,,,,,,,,,,,,,2022,10/14/2022,$                                                        91.05,,,,,,,,,,,$              91.05,#N/A Connection,,,,,,,,1.09%,,,0,,-17.80%,,,,,,,,,,,,
,,,,,,,,,,,,,,,,,,2022,10/17/2022,$                                                       96.55,,,,,,,,,,,$             96.55,#N/A Connection,,,,,,,,1.03%,,,0,,-12.83%,,,,,,,,,,,,
,,,,,,,,,,,,,,,,,,2022,10/18/2022,$                                                       96.97,,,,,,,,,,,$             96.97,#N/A Connection,,,,,,,,1.02%,,,0,,-12.45%,,,,,,,,,,,,
,,,,,,,,,,,,,,,,,,2022,10/19/2022,$                                                     100.36,,,,,,,,,,,$           100.36,#N/A Connection,,,,,,,,0.99%,,,0,,-9.39%,,,,,,,,,,,,
,,,,,,,,,,,,,,,,,,2022,10/20/2022,$                                                       97.68,,,,,,,,,,,$             97.68,#N/A Connection,,,,,,,,1.01%,,,0,,-11.81%,,,,,,,,,,,,
,,,,,,,,,,,,,,,,,,2022,10/21/2022,$                                                      101.52,,,,,,,,,,,$            101.52,#N/A Connection,,,,,,,,0.98%,,,0,,-8.34%,,,,,,,,,,,,
,,,,,,,,,,,,,,,,,,2022,10/24/2022,$                                                     103.93,,,,,,,,,,,$           103.93,#N/A Connection,,,,,,,,0.95%,,,0,,-6.17%,,,,,,,,,,,,
,,,,,,,,,,,,,,,,,,2022,10/25/2022,$                                                        111.91,,,,,,,,,,,$              111.91,#N/A Connection,,,,,,,,0.88%,,,0,,0.00%,,,,,,,,,,,,
,,,,,,,,,,,,,,,,,,2022,10/26/2022,$                                                     108.00,,,,,,,,,,,$           108.00,#N/A Connection,,,,,,,,0.92%,,,0,,-3.49%,,,,,,,,,,,,
,,,,,,,,,,,,,,,,,,2022,10/27/2022,$                                                       111.06,,,,,,,,,,,$             111.06,#N/A Connection,,,,,,,,0.89%,,,0,,-0.76%,,,,,,,,,,,,
,,,,,,,,,,,,,,,,,,2022,10/28/2022,$                                                       111.73,,,,,,,,,,,$             111.73,#N/A Connection,,,,,,,,0.89%,,,0,,-0.16%,,,,,,,,,,,,
,,,,,,,,,,,,,,,,,,2022,10/31/2022,$                                                      112.48,,,,,,,,,,,$            112.48,#N/A Connection,,,,,,,,0.88%,,,0,,0.00%,,,,,,,,,,,,
,,,,,,,,,,,,,,,,,,2022,11/1/2022,$                                                       115.10,,,,,,,,,,,$             115.10,#N/A Connection,,,,,,,,0.86%,,,0,,0.00%,,,,,,,,,,,,
,,,,,,,,,,,,,,,,,,2022,11/2/2022,$                                                      110.68,,,,,,,,,,,$            110.68,#N/A Connection,,,,,,,,0.89%,,,0,,-3.84%,,,,,,,,,,,,
,,,,,,,,,,,,,,,,,,2022,11/3/2022,$                                                     109.29,,,,,,,,,,,$           109.29,#N/A Connection,,,,,,,,0.91%,,,0,,-5.05%,,,,,,,,,,,,
,,,,,,,,,,,,,,,,,,2022,11/4/2022,$                                                      108.91,,,,,,,,,,,$            108.91,#N/A Connection,,,,,,,,0.91%,,,0,,-5.38%,,,,,,,,,,,,
,,,,,,,,,,,,,,,,,,2022,11/7/2022,$                                                       112.61,,,,,,,,,,,$             112.61,#N/A Connection,,,,,,,,0.88%,,,0,,-2.16%,,,,,,,,,,,,
,,,,,,,,,,,,,,,,,,2022,11/8/2022,$                                                     109.63,,,,,,,,,,,$           109.63,#N/A Connection,,,,,,,,0.90%,,,0,,-4.75%,,,,,,,,,,,,
,,,,,,,,,,,,,,,,,,2022,11/9/2022,$                                                     108.28,,,,,,,,,,,$           108.28,#N/A Connection,,,,,,,,0.91%,,,0,,-5.93%,,,,,,,,,,,,
,,,,,,,,,,,,,,,,,,2022,11/10/2022,$                                                      113.86,,,,,,,,,,,$            113.86,#N/A Connection,,,,,,,,0.87%,,,0,,-1.08%,,,,,,,,,,,,
,,,,,,,,,,,,,,,,,,2022,11/11/2022,$                                                       111.26,,,,,,,,,,,$             111.26,#N/A Connection,,,,,,,,0.89%,,,0,,-3.34%,,,,,,,,,,,,
,,,,,,,,,,,,,,,,,,2022,11/14/2022,$                                                      110.68,,,,,,,,,,,$            110.68,#N/A Connection,,,,,,,,0.89%,,,0,,-3.84%,,,,,,,,,,,,
,,,,,,,,,,,,,,,,,,2022,11/15/2022,$                                                       116.01,,,,,,,,,,,$             116.01,#N/A Connection,,,,,,,,0.85%,,,0,,0.00%,,,,,,,,,,,,
,,,,,,,,,,,,,,,,,,2022,11/16/2022,$                                                      115.64,,,,,,,,,,,$            115.64,#N/A Connection,,,,,,,,0.86%,,,0,,-0.32%,,,,,,,,,,,,
,,,,,,,,,,,,,,,,,,2022,11/17/2022,$                                                      115.78,,,,,,,,,,,$            115.78,#N/A Connection,,,,,,,,0.86%,,,0,,-0.20%,,,,,,,,,,,,
,,,,,,,,,,,,,,,,,,2022,11/18/2022,$                                                       116.18,,,,,,,,,,,$             116.18,#N/A Connection,,,,,,,,0.85%,,,0,,0.00%,,,,,,,,,,,,
,,,,,,,,,,,,,,,,,,2022,11/21/2022,$                                                      115.86,,,,,,,,,,,$            115.86,#N/A Connection,,,,,,,,0.85%,,,0,,-0.28%,,,,,,,,,,,,
,,,,,,,,,,,,,,,,,,2022,11/22/2022,$                                                       117.12,,,,,,,,,,,$             117.12,#N/A Connection,,,,,,,,0.85%,,,0,,0.00%,,,,,,,,,,,,
,,,,,,,,,,,,,,,,,,2022,11/23/2022,$                                                      116.79,,,,,,,,,,,$            116.79,#N/A Connection,,,,,,,,0.85%,,,0,,-0.28%,,,,,,,,,,,,
,,,,,,,,,,,,,,,,,,2022,11/25/2022,$                                                      116.74,,,,,,,,,,,$            116.74,#N/A Connection,,,,,,,,0.85%,,,0,,-0.32%,,,,,,,,,,,,
,,,,,,,,,,,,,,,,,,2022,11/28/2022,$                                                      113.54,,,,,,,,,,,$            113.54,#N/A Connection,,,,,,,,0.87%,,,0,,-3.06%,,,,,,,,,,,,
,,,,,,,,,,,,,,,,,,2022,11/29/2022,$                                                      112.47,,,,,,,,,,,$            112.47,#N/A Connection,,,,,,,,0.88%,,,0,,-3.97%,,,,,,,,,,,,
,,,,,,,,,,,,,,,,,,2022,11/30/2022,$                                                      115.82,,,,,,,,,,,$            115.82,#N/A Connection,,,,,,,,0.85%,,,0,,-1.11%,,,,,,,,,,,,
,,,,,,,,,,,,,,,,,,2022,12/1/2022,$                                                      114.95,,,,,,,,,,,$            114.95,#N/A Connection,,,,,,,,0.86%,,,0,,-1.85%,,,,,,,,,,,,
,,,,,,,,,,,,,,,,,,2022,12/2/2022,$                                                      115.27,,,,,,,,,,,$            115.27,#N/A Connection,,,,,,,,0.86%,,,0,,-1.58%,,,,,,,,,,,,
,,,,,,,,,,,,,,,,,,2022,12/5/2022,$                                                      114.08,,,,,,,,,,,$            114.08,#N/A Connection,,,,,,,,0.87%,,,0,,-2.60%,,,,,,,,,,,,
,,,,,,,,,,,,,,,,,,2022,12/6/2022,$                                                      112.62,,,,,,,,,,,$            112.62,#N/A Connection,,,,,,,,0.88%,,,0,,-3.84%,,,,,,,,,,,,
,,,,,,,,,,,,,,,,,,2022,12/7/2022,$                                                      114.03,,,,,,,,,,,$            114.03,#N/A Connection,,,,,,,,0.87%,,,0,,-2.64%,,,,,,,,,,,,
,,,,,,,,,,,,,,,,,,2022,12/8/2022,$                                                      117.06,,,,,,,,,,,$            117.06,#N/A Connection,,,,,,,,0.85%,,,0,,-0.05%,,,,,,,,,,,,
,,,,,,,,,,,,,,,,,,2022,12/9/2022,$                                                      116.53,,,,,,,,,,,$            116.53,#N/A Connection,,,,,,,,0.85%,,,0,,-0.50%,,,,,,,,,,,,
,,,,,,,,,,,,,,,,,,2022,12/12/2022,$                                                      117.32,,,,,,,,,,,$            117.32,#N/A Connection,,,,,,,,0.84%,,,0,,0.00%,,,,,,,,,,,,
,,,,,,,,,,,,,,,,,,2022,12/13/2022,$                                                      117.73,,,,,,,,,,,$            117.73,#N/A Connection,,,,,,,,0.84%,,,0,,0.00%,,,,,,,,,,,,
,,,,,,,,,,,,,,,,,,2022,12/14/2022,$                                                      116.43,,,,,,,,,,,$            116.43,#N/A Connection,,,,,,,,0.85%,,,0,,-1.10%,,,,,,,,,,,,
,,,,,,,,,,,,,,,,,,2022,12/15/2022,$                                                      112.72,,,,,,,,,,,$            112.72,#N/A Connection,,,,,,,,0.88%,,,0,,-4.26%,,,,,,,,,,,,
,,,,,,,,,,,,,,,,,,2022,12/16/2022,$                                                       110.13,,,,,,,,,,,$             110.13,#N/A Connection,,,,,,,,0.90%,,,0,,-6.46%,,,,,,,,,,,,
,,,,,,,,,,,,,,,,,,2022,12/19/2022,$                                                     109.43,,,,,,,,,,,$           109.43,#N/A Connection,,,,,,,,0.90%,,,0,,-7.05%,,,,,,,,,,,,
,,,,,,,,,,,,,,,,,,2022,12/20/2022,$                                                       111.37,,,,,,,,,,,$             111.37,#N/A Connection,,,,,,,,0.89%,,,0,,-5.40%,,,,,,,,,,,,
,,,,,,,,,,,,,,,,,,2022,12/21/2022,$                                                      112.88,,,,,,,,,,,$            112.88,#N/A Connection,,,,,,,,0.88%,,,0,,-4.12%,,,,,,,,,,,,
,,,,,,,,,,,,,,,,,,2022,12/22/2022,$                                                       110.14,,,,,,,,,,,$             110.14,#N/A Connection,,,,,,,,0.90%,,,0,,-6.45%,,,,,,,,,,,,
,,,,,,,,,,,,,,,,,,2022,12/23/2022,$                                                     109.62,,,,,,,,,,,$           109.62,#N/A Connection,,,,,,,,0.90%,,,0,,-6.89%,,,,,,,,,,,,
,,,,,,,,,,,,,,,,,,2022,12/27/2022,$                                                      110.33,,,,,,,,,,,$            110.33,#N/A Connection,,,,,,,,0.90%,,,0,,-6.29%,,,,,,,,,,,,
,,,,,,,,,,,,,,,,,,2022,12/28/2022,$                                                     108.29,,,,,,,,,,,$           108.29,#N/A Connection,,,,,,,,0.91%,,,0,,-8.02%,,,,,,,,,,,,
,,,,,,,,,,,,,,,,,,2022,12/29/2022,$                                                      110.68,,,,,,,,,,,$            110.68,#N/A Connection,,,,,,,,0.89%,,,0,,-5.99%,,,,,,,,,,,,
,,,,,,,,,,,,,,,,,,2022,12/30/2022,$                                                     109.03,,,,,,,,,,,$           109.03,#N/A Connection,,,,,,,,0.91%,,,0,,-7.39%,,,,,,,,,,,,
,,,,,,,,,,,,,,,,,,2023,1/3/2023,$                                                     109.67,,,,,,,,,,0.90%,$           109.67,0.99,,,,,,,,0.90%,,,0,,-6.85%,,,,,,,,,,,,
,,,,,,,,,,,,,,,,,,2023,1/4/2023,$                                                     109.04,,,,,,,,,,0.91%,$           109.04,0.99,,,,,,,,0.91%,,,0,,-7.38%,,,,,,,,,,,,
,,,,,,,,,,,,,,,,,,2023,1/5/2023,$                                                     107.37,,,,,,,,,,0.92%,$           107.37,0.99,,,,,,,,0.92%,,,0,,-8.80%,,,,,,,,,,,,
,,,,,,,,,,,,,,,,,,2023,1/6/2023,$                                                     108.00,,,,,,,,,,0.92%,$           108.00,0.99,,,,,,,,0.92%,,,0,,-8.26%,,,,,,,,,,,,
,,,,,,,,,,,,,,,,,,2023,1/9/2023,$                                                     105.73,,,,,,,,,,0.94%,$           105.73,0.99,,,,,,,,0.94%,,,0,,-10.19%,,,,,,,,,,,,
,,,,,,,,,,,,,,,,,,2023,1/10/2023,$                                                       110.18,,,,,,,,,,0.90%,$             110.18,0.99,,,,,,,,0.90%,,,0,,-6.41%,,,,,,,,,,,,
,,,,,,,,,,,,,,,,,,2023,1/11/2023,$                                                      113.26,,,,,,,,,,0.87%,$            113.26,0.99,,,,,,,,0.87%,,,0,,-3.80%,,,,,,,,,,,,
,,,,,,,,,,,,,,,,,,2023,1/12/2023,$                                                      114.29,,,,,,,,,,0.87%,$            114.29,0.99,,,,,,,,0.87%,,,0,,-2.92%,,,,,,,,,,,,
,,,,,,,,,,,,,,,,,,2023,1/13/2023,$                                                      116.07,,,,,,,,,,0.85%,$            116.07,0.99,,,,,,,,0.85%,,,0,,-1.41%,,,,,,,,,,,,
,,,,,,,,,,,,,,,,,,2023,1/17/2023,$                                                      116.42,,,,,,,,,,0.85%,$            116.42,0.99,,,,,,,,0.85%,,,0,,-1.11%,,,,,,,,,,,,
,,,,,,,,,,,,,,,,,,2023,1/18/2023,$                                                      115.95,,,,,,,,,,0.85%,$            115.95,0.99,,,,,,,,0.85%,,,0,,-1.51%,,,,,,,,,,,,
,,,,,,,,,,,,,,,,,,2023,1/19/2023,$                                                       111.97,,,,,,,,,,0.88%,$             111.97,0.99,,,,,,,,0.88%,,,0,,-4.89%,,,,,,,,,,,,
,,,,,,,,,,,,,,,,,,2023,1/20/2023,$                                                      115.02,,,,,,,,,,0.86%,$            115.02,0.99,,,,,,,,0.86%,,,0,,-2.30%,,,,,,,,,,,,
,,,,,,,,,,,,,,,,,,2023,1/23/2023,$                                                      114.63,,,,,,,,,,0.86%,$            114.63,0.99,,,,,,,,0.86%,,,0,,-2.63%,,,,,,,,,,,,
,,,,,,,,,,,,,,,,,,2023,1/24/2023,$                                                       114.14,,,,,,,,,,0.87%,$             114.14,0.99,,,,,,,,0.87%,,,0,,-3.05%,,,,,,,,,,,,
,,,,,,,,,,,,,,,,,,2023,1/25/2023,$                                                      115.42,,,,,,,,,,0.86%,$            115.42,0.99,,,,,,,,0.86%,,,0,,-1.96%,,,,,,,,,,,,
,,,,,,,,,,,,,,,,,,2023,1/26/2023,$                                                       116.15,,,,,,,,,,0.85%,$             116.15,0.99,,,,,,,,0.85%,,,0,,-1.34%,,,,,,,,,,,,
,,,,,,,,,,,,,,,,,,2023,1/27/2023,$                                                       111.93,,,,,,,,,,0.88%,$             111.93,0.99,,,,,,,,0.88%,,,0,,-4.93%,,,,,,,,,,,,
,,,,,,,,,,,,,,,,,,2023,1/30/2023,$                                                      112.42,,,,,,,,,,0.88%,$            112.42,0.99,,,,,,,,0.88%,,,0,,-4.51%,,,,,,,,,,,,
,,,,,,,,,,,,,,,,,,2023,1/31/2023,$                                                      115.90,,,,,,,,,,0.85%,$            115.90,0.99,,,,,,,,0.85%,,,0,,-1.55%,,,,,,,,,,,,
,,,,,,,,,,,,,,,,,,2023,2/1/2023,$                                                      119.03,,,,,,,,,,0.83%,$            119.03,0.99,,,,,,,,0.83%,,,0,,0.00%,,,,,,,,,,,,
,,,,,,,,,,,,,,,,,,2023,2/2/2023,$                                                       118.10,,,,,,,,,,0.84%,$             118.10,0.99,,,,,,,,0.84%,,,0,,-0.78%,,,,,,,,,,,,
,,,,,,,,,,,,,,,,,,2023,2/3/2023,$                                                      121.05,,,,,,,,,,0.82%,$            121.05,0.99,,,,,,,,0.82%,,,0,,0.00%,,,,,,,,,,,,
,,,,,,,,,,,,,,,,,,2023,2/6/2023,$                                                     120.89,,,,,,,,,,0.82%,$           120.89,0.99,,,,,,,,0.82%,,,0,,-0.13%,,,,,,,,,,,,
,,,,,,,,,,,,,,,,,,2023,2/7/2023,$                                                     122.86,,,,,,,,,,0.81%,$           122.86,0.99,,,,,,,,0.81%,,,0,,0.00%,,,,,,,,,,,,
,,,,,,,,,,,,,,,,,,2023,2/8/2023,$                                                      120.41,,,,,,,,,,0.82%,$            120.41,0.99,,,,,,,,0.82%,,,0,,-1.99%,,,,,,,,,,,,
,,,,,,,,,,,,,,,,,,2023,2/9/2023,$                                                      119.89,,,,,,,,,,0.83%,$            119.89,0.99,,,,,,,,0.83%,,,0,,-2.42%,,,,,,,,,,,,
,,,,,,,,,,,,,,,,,,2023,2/10/2023,$                                                      118.75,,,,,,,,,,0.83%,$            118.75,0.99,,,,,,,,0.83%,,,0,,-3.35%,,,,,,,,,,,,
,,,,,,,,,,,,,,,,,,2023,2/13/2023,$                                                      121.26,,,,,,,,,,0.82%,$            121.26,0.99,,,,,,,,0.82%,,,0,,-1.30%,,,,,,,,,,,,
,,,,,,,,,,,,,,,,,,2023,2/14/2023,$                                                      121.08,,,,,,,,,,0.82%,$            121.08,0.99,,,,,,,,0.82%,,,0,,-1.45%,,,,,,,,,,,,
,,,,,,,,,,,,,,,,,,2023,2/15/2023,$                                                       121.21,,,,,,,,,,0.82%,$             121.21,0.99,,,,,,,,0.82%,,,0,,-1.34%,,,,,,,,,,,,
,,,,,,,,,,,,,,,,,,2023,2/16/2023,$                                                      120.10,,,,,,,,,,0.82%,$            120.10,0.99,,,,,,,,0.82%,,,0,,-2.25%,,,,,,,,,,,,
,,,,,,,,,,,,,,,,,,2023,2/17/2023,$                                                     120.29,,,,,,,,,,0.82%,$           120.29,0.99,,,,,,,,0.82%,,,0,,-2.09%,,,,,,,,,,,,
,,,,,,,,,,,,,,,,,,2023,2/21/2023,$                                                      118.03,,,,,,,,,,0.84%,$            118.03,0.99,,,,,,,,0.84%,,,0,,-3.93%,,,,,,,,,,,,
,,,,,,,,,,,,,,,,,,2023,2/22/2023,$                                                       118.10,,,,,,,,,,0.84%,$             118.10,0.99,,,,,,,,0.84%,,,0,,-3.87%,,,,,,,,,,,,
,,,,,,,,,,,,,,,,,,2023,2/23/2023,$                                                      118.48,,,,,,,,,,0.84%,$            118.48,0.99,,,,,,,,0.84%,,,0,,-3.57%,,,,,,,,,,,,
,,,,,,,,,,,,,,,,,,2023,2/24/2023,$                                                      117.39,,,,,,,,,,0.84%,$            117.39,0.99,,,,,,,,0.84%,,,0,,-4.45%,,,,,,,,,,,,
,,,,,,,,,,,,,,,,,,2023,2/27/2023,$                                                      118.94,,,,,,,,,,0.83%,$            118.94,0.99,,,,,,,,0.83%,,,0,,-3.19%,,,,,,,,,,,,
,,,,,,,,,,,,,,,,,,2023,2/28/2023,$                                                      121.62,,,,,,,,,,0.81%,$            121.62,0.99,,,,,,,,0.81%,,,0,,-1.01%,,,,,,,,,,,,
,,,,,,,,,,,,,,,,,,2023,3/1/2023,$                                                     120.04,,,,,,,,,,0.82%,$           120.04,0.99,,,,,,,,0.82%,,,0,,-2.30%,,,,,,,,,,,,
,,,,,,,,,,,,,,,,,,2023,3/2/2023,$                                                      121.46,,,,,,,,,,0.82%,$            121.46,0.99,,,,,,,,0.82%,,,0,,-1.14%,,,,,,,,,,,,
,,,,,,,,,,,,,,,,,,2023,3/3/2023,$                                                     123.77,,,,,,,,,,0.80%,$           123.77,0.99,,,,,,,,0.80%,,,0,,0.00%,,,,,,,,,,,,
,,,,,,,,,,,,,,,,,,2023,3/6/2023,$                                                      119.76,,,,,,,,,,0.83%,$            119.76,0.99,,,,,,,,0.83%,,,0,,-3.24%,,,,,,,,,,,,
,,,,,,,,,,,,,,,,,,2023,3/7/2023,$                                                      118.35,,,,,,,,,,0.84%,$            118.35,0.99,,,,,,,,0.84%,,,0,,-4.38%,,,,,,,,,,,,
,,,,,,,,,,,,,,,,,,2023,3/8/2023,$                                                      119.08,,,,,,,,,,0.83%,$            119.08,0.99,,,,,,,,0.83%,,,0,,-3.79%,,,,,,,,,,,,
,,,,,,,,,,,,,,,,,,2023,3/9/2023,$                                                      118.50,,,,,,,,,,0.84%,$            118.50,0.99,,,,,,,,0.84%,,,0,,-4.26%,,,,,,,,,,,,
,,,,,,,,,,,,,,,,,,2023,3/10/2023,$                                                       115.51,,,,,,,,,,0.86%,$             115.51,0.99,,,,,,,,0.86%,,,0,,-6.67%,,,,,,,,,,,,
,,,,,,,,,,,,,,,,,,2023,3/13/2023,$                                                      114.95,,,,,,,,,,0.86%,$            114.95,0.99,,,,,,,,0.86%,,,0,,-7.13%,,,,,,,,,,,,
,,,,,,,,,,,,,,,,,,2023,3/14/2023,$                                                       119.10,,,,,,,,,,0.83%,$             119.10,0.99,,,,,,,,0.83%,,,0,,-3.77%,,,,,,,,,,,,
,,,,,,,,,,,,,,,,,,2023,3/15/2023,$                                                      114.26,,,,,,,,,,0.87%,$            114.26,0.99,,,,,,,,0.87%,,,0,,-7.68%,,,,,,,,,,,,
,,,,,,,,,,,,,,,,,,2023,3/16/2023,$                                                      116.20,,,,,,,,,,0.85%,$            116.20,0.99,,,,,,,,0.85%,,,0,,-6.12%,,,,,,,,,,,,
,,,,,,,,,,,,,,,,,,2023,3/17/2023,$                                                      114.48,,,,,,,,,,0.86%,$            114.48,0.99,,,,,,,,0.86%,,,0,,-7.51%,,,,,,,,,,,,
,,,,,,,,,,,,,,,,,,2023,3/20/2023,$                                                      117.58,,,,,,,,,,0.84%,$            117.58,0.99,,,,,,,,0.84%,,,0,,-5.00%,,,,,,,,,,,,
,,,,,,,,,,,,,,,,,,2023,3/21/2023,$                                                       117.13,,,,,,,,,,0.85%,$             117.13,0.99,,,,,,,,0.85%,,,0,,-5.36%,,,,,,,,,,,,
,,,,,,,,,,,,,,,,,,2023,3/22/2023,$                                                       116.19,,,,,,,,,,0.85%,$             116.19,0.99,,,,,,,,0.85%,,,0,,-6.12%,,,,,,,,,,,,
,,,,,,,,,,,,,,,,,,2023,3/23/2023,$                                                      115.89,,,,,,,,,,0.85%,$            115.89,0.99,,,,,,,,0.85%,,,0,,-6.37%,,,,,,,,,,,,
,,,,,,,,,,,,,,,,,,2023,3/24/2023,$                                                      116.97,,,,,,,,,,0.85%,$            116.97,0.99,,,,,,,,0.85%,,,0,,-5.49%,,,,,,,,,,,,
,,,,,,,,,,,,,,,,,,2023,3/27/2023,$                                                      118.08,,,,,,,,,,0.84%,$            118.08,0.99,,,,,,,,0.84%,,,0,,-4.60%,,,,,,,,,,,,
,,,,,,,,,,,,,,,,,,2023,3/28/2023,$                                                      118.73,,,,,,,,,,0.83%,$            118.73,0.99,,,,,,,,0.83%,,,0,,-4.07%,,,,,,,,,,,,
,,,,,,,,,,,,,,,,,,2023,3/29/2023,$                                                      119.88,,,,,,,,,,0.83%,$            119.88,0.99,,,,,,,,0.83%,,,0,,-3.14%,,,,,,,,,,,,
,,,,,,,,,,,,,,,,,,2023,3/30/2023,$                                                      119.75,,,,,,,,,,0.83%,$            119.75,0.99,,,,,,,,0.83%,,,0,,-3.25%,,,,,,,,,,,,
,,,,,,,,,,,,,,,,,,2023,3/31/2023,$                                                      121.82,,,,,,,,,,0.81%,$            121.82,0.99,,,,,,,,0.81%,,,0,,-1.58%,,,,,,,,,,,,
,,,,,,,,,,,,,,,,,,2023,4/3/2023,$                                                     123.60,,,,,,,,,,0.80%,$           123.60,0.99,,,,,,,,0.80%,,,0,,-0.14%,,,,,,,,,,,,
,,,,,,,,,,,,,,,,,,2023,4/4/2023,$                                                     120.97,,,,,,,,,,0.82%,$           120.97,0.99,,,,,,,,0.82%,,,0,,-2.26%,,,,,,,,,,,,
,,,,,,,,,,,,,,,,,,2023,4/5/2023,$                                                      119.08,,,,,,,,,,0.83%,$            119.08,0.99,,,,,,,,0.83%,,,0,,-3.79%,,,,,,,,,,,,
,,,,,,,,,,,,,,,,,,2023,4/6/2023,$                                                      118.94,,,,,,,,,,0.83%,$            118.94,0.99,,,,,,,,0.83%,,,0,,-3.90%,,,,,,,,,,,,
,,,,,,,,,,,,,,,,,,2023,4/10/2023,$                                                     120.68,,,,,,,,,,0.82%,$           120.68,0.99,,,,,,,,0.82%,,,0,,-2.50%,,,,,,,,,,,,
,,,,,,,,,,,,,,,,,,2023,4/11/2023,$                                                     120.68,,,,,,,,,,0.82%,$           120.68,0.99,,,,,,,,0.82%,,,0,,-2.50%,,,,,,,,,,,,
,,,,,,,,,,,,,,,,,,2023,4/12/2023,$                                                      122.17,,,,,,,,,,0.81%,$            122.17,0.99,,,,,,,,0.81%,,,0,,-1.29%,,,,,,,,,,,,
,,,,,,,,,,,,,,,,,,2023,4/13/2023,$                                                     122.44,,,,,,,,,,0.81%,$           122.44,0.99,,,,,,,,0.81%,,,0,,-1.07%,,,,,,,,,,,,
,,,,,,,,,,,,,,,,,,2023,4/14/2023,$                                                      121.32,,,,,,,,,,0.82%,$            121.32,0.99,,,,,,,,0.82%,,,0,,-1.98%,,,,,,,,,,,,
,,,,,,,,,,,,,,,,,,2023,4/17/2023,$                                                     120.92,,,,,,,,,,0.82%,$           120.92,0.99,,,,,,,,0.82%,,,0,,-2.30%,,,,,,,,,,,,
,,,,,,,,,,,,,,,,,,2023,4/18/2023,$                                                     120.85,,,,,,,,,,0.82%,$           120.85,0.99,,,,,,,,0.82%,,,0,,-2.36%,,,,,,,,,,,,
,,,,,,,,,,,,,,,,,,2023,4/19/2023,$                                                     120.50,,,,,,,,,,0.82%,$           120.50,0.99,,,,,,,,0.82%,,,0,,-2.64%,,,,,,,,,,,,
,,,,,,,,,,,,,,,,,,2023,4/20/2023,$                                                     133.34,,,,,,,,,,0.74%,$           133.34,0.99,,,,,,,,0.74%,,,0,,0.00%,,,,,,,,,,,,
,,,,,,,,,,,,,,,,,,2023,4/21/2023,$                                                     135.64,,,,,,,,,,0.73%,$           135.64,0.99,,,,,,,,0.73%,,,0,,0.00%,,,,,,,,,,,,
,,,,,,,,,,,,,,,,,,2023,4/24/2023,$                                                     134.30,,,,,,,,,,0.74%,$           134.30,0.99,,,,,,,,0.74%,,,0,,-0.99%,,,,,,,,,,,,
,,,,,,,,,,,,,,,,,,2023,4/25/2023,$                                                     132.76,,,,,,,,,,0.75%,$           132.76,0.99,,,,,,,,0.75%,,,0,,-2.12%,,,,,,,,,,,,
,,,,,,,,,,,,,,,,,,2023,4/26/2023,$                                                      130.17,,,,,,,,,,0.76%,$            130.17,0.99,,,,,,,,0.76%,,,0,,-4.03%,,,,,,,,,,,,
,,,,,,,,,,,,,,,,,,2023,4/27/2023,$                                                     132.83,,,,,,,,,,0.75%,$           132.83,0.99,,,,,,,,0.75%,,,0,,-2.07%,,,,,,,,,,,,
,,,,,,,,,,,,,,,,,,2023,4/28/2023,$                                                     132.33,,,,,,,,,,0.75%,$           132.33,0.99,,,,,,,,0.75%,,,0,,-2.44%,,,,,,,,,,,,
,,,,,,,,,,,,,,,,,,2023,5/1/2023,$                                                     136.55,,,,,,,,,,0.73%,$           136.55,0.99,,,,,,,,0.73%,,,0,,0.00%,,,,,,,,,,,,
,,,,,,,,,,,,,,,,,,2023,5/2/2023,$                                                     137.66,,,,,,,,,,0.72%,$           137.66,0.99,,,,,,,,0.72%,,,0,,0.00%,,,,,,,,,,,,
,,,,,,,,,,,,,,,,,,2023,5/3/2023,$                                                     135.72,,,,,,,,,,0.73%,$           135.72,0.99,,,,,,,,0.73%,,,0,,-1.41%,,,,,,,,,,,,
,,,,,,,,,,,,,,,,,,2023,5/4/2023,$                                                     137.38,,,,,,,,,,0.72%,$           137.38,0.99,,,,,,,,0.72%,,,0,,-0.20%,,,,,,,,,,,,
,,,,,,,,,,,,,,,,,,2023,5/5/2023,$                                                     139.26,,,,,,,,,,0.71%,$           139.26,0.99,,,,,,,,0.71%,,,0,,0.00%,,,,,,,,,,,,
,,,,,,,,,,,,,,,,,,2023,5/8/2023,$                                                     137.77,,,,,,,,,,0.72%,$           137.77,0.99,,,,,,,,0.72%,,,0,,-1.07%,,,,,,,,,,,,
,,,,,,,,,,,,,,,,,,2023,5/9/2023,$                                                     138.06,,,,,,,,,,0.72%,$           138.06,0.99,,,,,,,,0.72%,,,0,,-0.86%,,,,,,,,,,,,
,,,,,,,,,,,,,,,,,,2023,5/10/2023,$                                                     139.08,,,,,,,,,,0.71%,$           139.08,0.99,,,,,,,,0.71%,,,0,,-0.13%,,,,,,,,,,,,
,,,,,,,,,,,,,,,,,,2023,5/11/2023,$                                                     137.64,,,,,,,,,,0.72%,$           137.64,0.99,,,,,,,,0.72%,,,0,,-1.16%,,,,,,,,,,,,
,,,,,,,,,,,,,,,,,,2023,5/12/2023,$                                                     137.68,,,,,,,,,,0.72%,$           137.68,0.99,,,,,,,,0.72%,,,0,,-1.13%,,,,,,,,,,,,
,,,,,,,,,,,,,,,,,,2023,5/15/2023,$                                                     137.59,,,,,,,,,,0.72%,$           137.59,0.99,,,,,,,,0.72%,,,0,,-1.20%,,,,,,,,,,,,
,,,,,,,,,,,,,,,,,,2023,5/16/2023,$                                                     137.32,,,,,,,,,,0.72%,$           137.32,0.99,,,,,,,,0.72%,,,0,,-1.39%,,,,,,,,,,,,
,,,,,,,,,,,,,,,,,,2023,5/17/2023,$                                                     138.93,,,,,,,,,,0.71%,$           138.93,0.99,,,,,,,,0.71%,,,0,,-0.24%,,,,,,,,,,,,
,,,,,,,,,,,,,,,,,,2023,5/18/2023,$                                                     140.65,,,,,,,,,,0.70%,$           140.65,0.99,,,,,,,,0.70%,,,0,,0.00%,,,,,,,,,,,,
,,,,,,,,,,,,,,,,,,2023,5/19/2023,$                                                     142.37,,,,,,,,,,0.70%,$           142.37,0.99,,,,,,,,0.70%,,,0,,0.00%,,,,,,,,,,,,
,,,,,,,,,,,,,,,,,,2023,5/22/2023,$                                                      140.91,,,,,,,,,,0.70%,$            140.91,0.99,,,,,,,,0.70%,,,0,,-1.03%,,,,,,,,,,,,
,,,,,,,,,,,,,,,,,,2023,5/23/2023,$                                                     139.94,,,,,,,,,,0.71%,$           139.94,0.99,,,,,,,,0.71%,,,0,,-1.71%,,,,,,,,,,,,
,,,,,,,,,,,,,,,,,,2023,5/24/2023,$                                                     138.40,,,,,,,,,,0.72%,$           138.40,0.99,,,,,,,,0.72%,,,0,,-2.79%,,,,,,,,,,,,
,,,,,,,,,,,,,,,,,,2023,5/25/2023,$                                                     136.86,,,,,,,,,,0.72%,$           136.86,0.99,,,,,,,,0.72%,,,0,,-3.87%,,,,,,,,,,,,
,,,,,,,,,,,,,,,,,,2023,5/26/2023,$                                                      139.19,,,,,,,,,,0.71%,$            139.19,0.99,,,,,,,,0.71%,,,0,,-2.23%,,,,,,,,,,,,
,,,,,,,,,,,,,,,,,,2023,5/30/2023,$                                                     139.69,,,,,,,,,,0.71%,$           139.69,0.99,,,,,,,,0.71%,,,0,,-1.88%,,,,,,,,,,,,
,,,,,,,,,,,,,,,,,,2023,5/31/2023,$                                                     137.87,,,,,,,,,,0.72%,$           137.87,0.99,,,,,,,,0.72%,,,0,,-3.16%,,,,,,,,,,,,
,,,,,,,,,,,,,,,,,,2023,6/1/2023,$                                                     142.07,,,,,,,,,,0.70%,$           142.07,0.99,,,,,,,,0.70%,,,0,,-0.21%,,,,,,,,,,,,
,,,,,,,,,,,,,,,,,,2023,6/2/2023,$                                                     145.00,,,,,,,,,,0.68%,$           145.00,0.99,,,,,,,,0.68%,,,0,,0.00%,,,,,,,,,,,,
,,,,,,,,,,,,,,,,,,2023,6/5/2023,$                                                     143.76,,,,,,,,,,0.69%,$           143.76,0.99,,,,,,,,0.69%,,,0,,-0.86%,,,,,,,,,,,,
,,,,,,,,,,,,,,,,,,2023,6/6/2023,$                                                     146.33,,,,,,,,,,0.68%,$           146.33,0.99,,,,,,,,0.68%,,,0,,0.00%,,,,,,,,,,,,
,,,,,,,,,,,,,,,,,,2023,6/7/2023,$                                                     150.77,,,,,,,,,,0.66%,$           150.77,0.99,,,,,,,,0.66%,,,0,,0.00%,,,,,,,,,,,,
,,,,,,,,,,,,,,,,,,2023,6/8/2023,$                                                      151.03,,,,,,,,,,0.66%,$            151.03,0.99,,,,,,,,0.66%,,,0,,0.00%,,,,,,,,,,,,
,,,,,,,,,,,,,,,,,,2023,6/9/2023,$                                                      152.51,,,,,,,,,,0.65%,$            152.51,0.99,,,,,,,,0.65%,,,0,,0.00%,,,,,,,,,,,,
,,,,,,,,,,,,,,,,,,2023,6/12/2023,$                                                     153.60,,,,,,,,,,0.64%,$           153.60,0.99,,,,,,,,0.64%,,,0,,0.00%,,,,,,,,,,,,
,,,,,,,,,,,,,,,,,,2023,6/13/2023,$                                                     152.03,,,,,,,,,,,$           152.03,0.99,,,,,,,,,,,0,,,,,,,,,,,,,,
,,,,,,,,,,,,,,,,,,2023,6/14/2023,$                                                     150.24,,,,,,,,,,,,0.99,,,,,,,,,,,0,,,,,,,,,,,,,,
,,,,,,,,,,,,,,,,,,2023,6/15/2023,$                                                     149.53,,,,,,,,,,,,0.99,,,,,,,,,,,0,,,,,,,,,,,,,,
,,,,,,,,,,,,,,,,,,2023,6/16/2023,$                                                     149.50,,,,,,,,,,,,0.99,,,,,,,,,,,0,,,,,,,,,,,,,,
,,,,,,,,,,,,,,,,,,2023,6/20/2023,$                                                     149.35,,,,,,,,,,,,0.99,,,,,,,,,,,0,,,,,,,,,,,,,,
,,,,,,,,,,,,,,,,,,2023,6/21/2023,$                                                     150.95,,,,,,,,,,,,0.99,,,,,,,,,,,0,,,,,,,,,,,,,,
,,,,,,,,,,,,,,,,,,2023,6/22/2023,$                                                     147.05,,,,,,,,,,,,0.99,,,,,,,,,,,0,,,,,,,,,,,,,,
,,,,,,,,,,,,,,,,,,2023,6/23/2023,$                                                     143.66,,,,,,,,,,,,0.99,,,,,,,,,,,0,,,,,,,,,,,,,,
,,,,,,,,,,,,,,,,,,2023,6/26/2023,$                                                      144.19,,,,,,,,,,,,0.99,,,,,,,,,,,0,,,,,,,,,,,,,,
,,,,,,,,,,,,,,,,,,2023,6/27/2023,$                                                      144.71,,,,,,,,,,,,0.99,,,,,,,,,,,0,,,,,,,,,,,,,,
,,,,,,,,,,,,,,,,,,2023,6/28/2023,$                                                     144.32,,,,,,,,,,,,0.99,,,,,,,,,,,0,,,,,,,,,,,,,,
,,,,,,,,,,,,,,,,,,2023,6/29/2023,$                                                      147.31,,,,,,,,,,,,0.99,,,,,,,,,,,0,,,,,,,,,,,,,,
,,,,,,,,,,,,,,,,,,2023,6/30/2023,$                                                     147.56,,,,,,,,,,,,0.99,,,,,,,,,,,0,,,,,,,,,,,,,,
,,,,,,,,,,,,,,,,,,2023,7/3/2023,$                                                     146.98,,,,,,,,,,,,0.99,,,,,,,,,,,0,,,,,,,,,,,,,,
,,,,,,,,,,,,,,,,,,2023,7/5/2023,$                                                      141.62,,,,,,,,,,,,0.99,,,,,,,,,,,0,,,,,,,,,,,,,,
,,,,,,,,,,,,,,,,,,2023,7/6/2023,$                                                     140.30,,,,,,,,,,,,0.99,,,,,,,,,,,0,,,,,,,,,,,,,,
,,,,,,,,,,,,,,,,,,2023,7/7/2023,$                                                     140.08,,,,,,,,,,,,0.99,,,,,,,,,,,0,,,,,,,,,,,,,,
,,,,,,,,,,,,,,,,,,2023,7/10/2023,$                                                     143.70,,,,,,,,,,,,0.99,,,,,,,,,,,0,,,,,,,,,,,,,,
,,,,,,,,,,,,,,,,,,2023,7/11/2023,$                                                     146.50,,,,,,,,,,,,0.99,,,,,,,,,,,0,,,,,,,,,,,,,,
,,,,,,,,,,,,,,,,,,2023,7/12/2023,$                                                     143.90,,,,,,,,,,,,0.99,,,,,,,,,,,0,,,,,,,,,,,,,,
,,,,,,,,,,,,,,,,,,2023,7/13/2023,$                                                     143.02,,,,,,,,,,,,0.99,,,,,,,,,,,0,,,,,,,,,,,,,,
,,,,,,,,,,,,,,,,,,2023,7/14/2023,$                                                     142.38,,,,,,,,,,,,0.99,,,,,,,,,,,0,,,,,,,,,,,,,,
,,,,,,,,,,,,,,,,,,2023,7/17/2023,$                                                     146.40,,,,,,,,,,,,0.99,,,,,,,,,,,0,,,,,,,,,,,,,,
,,,,,,,,,,,,,,,,,,2023,7/18/2023,$                                                     147.07,,,,,,,,,,,,0.99,,,,,,,,,,,0,,,,,,,,,,,,,,
,,,,,,,,,,,,,,,,,,2023,7/19/2023,$                                                     145.65,,,,,,,,,,,,0.99,,,,,,,,,,,0,,,,,,,,,,,,,,
,,,,,,,,,,,,,,,,,,2023,7/20/2023,$                                                     157.04,,,,,,,,,,,,0.99,,,,,,,,,,,0,,,,,,,,,,,,,,
,,,,,,,,,,,,,,,,,,2023,7/21/2023,$                                                     164.00,,,,,,,,,,,,0.99,,,,,,,,,,,0,,,,,,,,,,,,,,
,,,,,,,,,,,,,,,,,,2023,7/24/2023,$                                                      163.51,,,,,,,,,,,,0.99,,,,,,,,,,,0,,,,,,,,,,,,,,
,,,,,,,,,,,,,,,,,,2023,7/25/2023,$                                                      164.81,,,,,,,,,,,,0.99,,,,,,,,,,,0,,,,,,,,,,,,,,
,,,,,,,,,,,,,,,,,,2023,7/26/2023,$                                                     163.20,,,,,,,,,,,,0.99,,,,,,,,,,,0,,,,,,,,,,,,,,
,,,,,,,,,,,,,,,,,,2023,7/27/2023,$                                                     162.52,,,,,,,,,,,,0.99,,,,,,,,,,,0,,,,,,,,,,,,,,
,,,,,,,,,,,,,,,,,,2023,7/28/2023,$                                                     162.26,,,,,,,,,,,,0.99,,,,,,,,,,,0,,,,,,,,,,,,,,
,,,,,,,,,,,,,,,,,,2023,7/31/2023,$                                                     164.64,,,,,,,,,,,,0.99,,,,,,,,,,,0,,,,,,,,,,,,,,
,,,,,,,,,,,,,,,,,,2023,8/1/2023,$                                                     162.63,,,,,,,,,,,,0.99,,,,,,,,,,,0,,,,,,,,,,,,,,
,,,,,,,,,,,,,,,,,,2023,8/2/2023,$                                                     163.48,,,,,,,,,,,,0.99,,,,,,,,,,,0,,,,,,,,,,,,,,
,,,,,,,,,,,,,,,,,,2023,8/3/2023,$                                                      163.61,,,,,,,,,,,,0.99,,,,,,,,,,,0,,,,,,,,,,,,,,
,,,,,,,,,,,,,,,,,,2023,8/4/2023,$                                                     165.24,,,,,,,,,,,,0.99,,,,,,,,,,,0,,,,,,,,,,,,,,
,,,,,,,,,,,,,,,,,,2023,8/7/2023,$                                                     165.29,,,,,,,,,,,,0.99,,,,,,,,,,,0,,,,,,,,,,,,,,
,,,,,,,,,,,,,,,,,,2023,8/8/2023,$                                                     162.48,,,,,,,,,,,,0.99,,,,,,,,,,,0,,,,,,,,,,,,,,
,,,,,,,,,,,,,,,,,,2023,8/9/2023,$                                                     162.05,,,,,,,,,,,,0.99,,,,,,,,,,,0,,,,,,,,,,,,,,
,,,,,,,,,,,,,,,,,,2023,8/10/2023,$                                                      164.15,,,,,,,,,,,,0.99,,,,,,,,,,,0,,,,,,,,,,,,,,
,,,,,,,,,,,,,,,,,,2023,8/11/2023,$                                                     166.83,,,,,,,,,,,,0.99,,,,,,,,,,,0,,,,,,,,,,,,,,
,,,,,,,,,,,,,,,,,,2023,8/14/2023,$                                                     169.54,,,,,,,,,,,,0.99,,,,,,,,,,,0,,,,,,,,,,,,,,
,,,,,,,,,,,,,,,,,,2023,8/15/2023,$                                                     168.30,,,,,,,,,,,,0.99,,,,,,,,,,,0,,,,,,,,,,,,,,
,,,,,,,,,,,,,,,,,,2023,8/16/2023,$                                                     163.96,,,,,,,,,,,,0.99,,,,,,,,,,,0,,,,,,,,,,,,,,
,,,,,,,,,,,,,,,,,,2023,8/17/2023,$                                                     159.89,,,,,,,,,,,,0.99,,,,,,,,,,,0,,,,,,,,,,,,,,
,,,,,,,,,,,,,,,,,,2023,8/18/2023,$                                                     159.49,,,,,,,,,,,,0.99,,,,,,,,,,,0,,,,,,,,,,,,,,
,,,,,,,,,,,,,,,,,,2023,8/21/2023,$                                                     160.26,,,,,,,,,,,,0.99,,,,,,,,,,,0,,,,,,,,,,,,,,
,,,,,,,,,,,,,,,,,,2023,8/22/2023,$                                                     160.02,,,,,,,,,,,,0.99,,,,,,,,,,,0,,,,,,,,,,,,,,
,,,,,,,,,,,,,,,,,,2023,8/23/2023,$                                                     162.84,,,,,,,,,,,,0.99,,,,,,,,,,,0,,,,,,,,,,,,,,
,,,,,,,,,,,,,,,,,,2023,8/24/2023,$                                                      161.07,,,,,,,,,,,,0.99,,,,,,,,,,,0,,,,,,,,,,,,,,
,,,,,,,,,,,,,,,,,,2023,8/25/2023,$                                                     162.70,,,,,,,,,,,,0.99,,,,,,,,,,,0,,,,,,,,,,,,,,
,,,,,,,,,,,,,,,,,,2023,8/28/2023,$                                                     165.70,,,,,,,,,,,,0.99,,,,,,,,,,,0,,,,,,,,,,,,,,
,,,,,,,,,,,,,,,,,,2023,8/29/2023,$                                                     165.86,,,,,,,,,,,,0.99,,,,,,,,,,,0,,,,,,,,,,,,,,
,,,,,,,,,,,,,,,,,,2023,8/30/2023,$                                                      166.12,,,,,,,,,,,,0.99,,,,,,,,,,,0,,,,,,,,,,,,,,
,,,,,,,,,,,,,,,,,,2023,8/31/2023,$                                                     166.08,,,,,,,,,,,,0.99,,,,,,,,,,,0,,,,,,,,,,,,,,
,,,,,,,,,,,,,,,,,,2023,9/1/2023,$                                                     167.63,,,,,,,,,,,,0.99,,,,,,,,,,,0,,,,,,,,,,,,,,
,,,,,,,,,,,,,,,,,,2023,9/5/2023,$                                                      161.95,,,,,,,,,,,,0.99,,,,,,,,,,,0,,,,,,,,,,,,,,
,,,,,,,,,,,,,,,,,,2023,9/6/2023,$                                                     163.67,,,,,,,,,,,,0.99,,,,,,,,,,,0,,,,,,,,,,,,,,
,,,,,,,,,,,,,,,,,,2023,9/7/2023,$                                                     162.52,,,,,,,,,,,,0.99,,,,,,,,,,,0,,,,,,,,,,,,,,
,,,,,,,,,,,,,,,,,,2023,9/8/2023,$                                                     160.63,,,,,,,,,,,,0.99,,,,,,,,,,,0,,,,,,,,,,,,,,
,,,,,,,,,,,,,,,,,,2023,9/11/2023,$                                                      161.79,,,,,,,,,,,,0.99,,,,,,,,,,,0,,,,,,,,,,,,,,
,,,,,,,,,,,,,,,,,,2023,9/12/2023,$                                                     160.45,,,,,,,,,,,,0.99,,,,,,,,,,,0,,,,,,,,,,,,,,
,,,,,,,,,,,,,,,,,,2023,9/13/2023,$                                                     158.74,,,,,,,,,,,,0.99,,,,,,,,,,,0,,,,,,,,,,,,,,
,,,,,,,,,,,,,,,,,,2023,9/14/2023,$                                                     159.36,,,,,,,,,,,,0.99,,,,,,,,,,,0,,,,,,,,,,,,,,
,,,,,,,,,,,,,,,,,,2023,9/15/2023,$                                                     160.83,,,,,,,,,,,,0.99,,,,,,,,,,,0,,,,,,,,,,,,,,
,,,,,,,,,,,,,,,,,,2023,9/18/2023,$                                                      161.67,,,,,,,,,,,,0.99,,,,,,,,,,,0,,,,,,,,,,,,,,
,,,,,,,,,,,,,,,,,,2023,9/19/2023,$                                                     158.83,,,,,,,,,,,,0.99,,,,,,,,,,,0,,,,,,,,,,,,,,
,,,,,,,,,,,,,,,,,,2023,9/20/2023,$                                                     157.77,,,,,,,,,,,,0.99,,,,,,,,,,,0,,,,,,,,,,,,,,
,,,,,,,,,,,,,,,,,,2023,9/21/2023,$                                                     152.60,,,,,,,,,,,,0.99,,,,,,,,,,,0,,,,,,,,,,,,,,
,,,,,,,,,,,,,,,,,,2023,9/22/2023,$                                                     152.36,,,,,,,,,,,,0.99,,,,,,,,,,,0,,,,,,,,,,,,,,
,,,,,,,,,,,,,,,,,,2023,9/25/2023,$                                                      151.97,,,,,,,,,,,,0.99,,,,,,,,,,,0,,,,,,,,,,,,,,
,,,,,,,,,,,,,,,,,,2023,9/26/2023,$                                                     150.40,,,,,,,,,,,,0.99,,,,,,,,,,,0,,,,,,,,,,,,,,
,,,,,,,,,,,,,,,,,,2023,9/27/2023,$                                                     152.34,,,,,,,,,,,,0.99,,,,,,,,,,,0,,,,,,,,,,,,,,
,,,,,,,,,,,,,,,,,,2023,9/28/2023,$                                                     155.49,,,,,,,,,,,,0.99,,,,,,,,,,,0,,,,,,,,,,,,,,
,,,,,,,,,,,,,,,,,,2023,9/29/2023,$                                                     143.87,,,,,,,,,,,,0.99,,,,,,,,,,,0,,,,,,,,,,,,,,
,,,,,,,,,,,,,,,,,,2023,10/2/2023,$                                                      142.91,,,,,,,,,,,,0.99,,,,,,,,,,,0,,,,,,,,,,,,,,
,,,,,,,,,,,,,,,,,,2023,10/3/2023,$                                                     142.30,,,,,,,,,,,,0.99,,,,,,,,,,,0,,,,,,,,,,,,,,
,,,,,,,,,,,,,,,,,,2023,10/4/2023,$                                                     142.48,,,,,,,,,,,,0.99,,,,,,,,,,,0,,,,,,,,,,,,,,
,,,,,,,,,,,,,,,,,,2023,10/5/2023,$                                                     142.36,,,,,,,,,,,,0.99,,,,,,,,,,,0,,,,,,,,,,,,,,
,,,,,,,,,,,,,,,,,,2023,10/6/2023,$                                                     142.99,,,,,,,,,,,,0.99,,,,,,,,,,,0,,,,,,,,,,,,,,
,,,,,,,,,,,,,,,,,,2023,10/9/2023,$                                                     143.03,,,,,,,,,,,,0.99,,,,,,,,,,,0,,,,,,,,,,,,,,
,,,,,,,,,,,,,,,,,,2023,10/10/2023,$                                                      143.21,,,,,,,,,,,,0.99,,,,,,,,,,,0,,,,,,,,,,,,,,
,,,,,,,,,,,,,,,,,,2023,10/11/2023,$                                                      141.33,,,,,,,,,,,,0.99,,,,,,,,,,,0,,,,,,,,,,,,,,
,,,,,,,,,,,,,,,,,,2023,10/12/2023,$                                                     139.90,,,,,,,,,,,,0.99,,,,,,,,,,,0,,,,,,,,,,,,,,
,,,,,,,,,,,,,,,,,,2023,10/13/2023,$                                                     136.02,,,,,,,,,,,,0.99,,,,,,,,,,,0,,,,,,,,,,,,,,
,,,,,,,,,,,,,,,,,,2023,10/16/2023,$                                                      137.17,,,,,,,,,,,,0.99,,,,,,,,,,,0,,,,,,,,,,,,,,
,,,,,,,,,,,,,,,,,,2023,10/17/2023,$                                                     139.82,,,,,,,,,,,,0.99,,,,,,,,,,,0,,,,,,,,,,,,,,
,,,,,,,,,,,,,,,,,,2023,10/18/2023,$                                                     134.79,,,,,,,,,,,,0.99,,,,,,,,,,,0,,,,,,,,,,,,,,
,,,,,,,,,,,,,,,,,,2023,10/19/2023,$                                                     138.83,,,,,,,,,,,,0.99,,,,,,,,,,,0,,,,,,,,,,,,,,
,,,,,,,,,,,,,,,,,,2023,10/20/2023,$                                                     136.94,,,,,,,,,,,,0.99,,,,,,,,,,,0,,,,,,,,,,,,,,
,,,,,,,,,,,,,,,,,,2023,10/23/2023,$                                                      135.61,,,,,,,,,,,,0.99,,,,,,,,,,,0,,,,,,,,,,,,,,
,,,,,,,,,,,,,,,,,,2023,10/24/2023,$                                                      136.91,,,,,,,,,,,,0.99,,,,,,,,,,,0,,,,,,,,,,,,,,
,,,,,,,,,,,,,,,,,,2023,10/25/2023,$                                                      137.15,,,,,,,,,,,,0.99,,,,,,,,,,,0,,,,,,,,,,,,,,
,,,,,,,,,,,,,,,,,,2023,10/26/2023,$                                                     137.63,,,,,,,,,,,,0.99,,,,,,,,,,,0,,,,,,,,,,,,,,
,,,,,,,,,,,,,,,,,,2023,10/27/2023,$                                                     137.89,,,,,,,,,,,,0.99,,,,,,,,,,,0,,,,,,,,,,,,,,
,,,,,,,,,,,,,,,,,,2023,10/30/2023,$                                                      137.61,,,,,,,,,,,,0.99,,,,,,,,,,,0,,,,,,,,,,,,,,
,,,,,,,,,,,,,,,,,,2023,10/31/2023,$                                                     138.55,,,,,,,,,,,,0.99,,,,,,,,,,,0,,,,,,,,,,,,,,
,,,,,,,,,,,,,,,,,,2023,11/1/2023,$                                                     138.77,,,,,,,,,,,,0.99,,,,,,,,,,,0,,,,,,,,,,,,,,
,,,,,,,,,,,,,,,,,,2023,11/2/2023,$                                                     142.40,,,,,,,,,,,,0.99,,,,,,,,,,,0,,,,,,,,,,,,,,
,,,,,,,,,,,,,,,,,,2023,11/3/2023,$                                                     142.92,,,,,,,,,,,,0.99,,,,,,,,,,,0,,,,,,,,,,,,,,
,,,,,,,,,,,,,,,,,,2023,11/6/2023,$                                                      141.97,,,,,,,,,,,,0.99,,,,,,,,,,,0,,,,,,,,,,,,,,
,,,,,,,,,,,,,,,,,,2023,11/7/2023,$                                                     143.60,,,,,,,,,,,,0.99,,,,,,,,,,,0,,,,,,,,,,,,,,
,,,,,,,,,,,,,,,,,,2023,11/8/2023,$                                                      141.74,,,,,,,,,,,,0.99,,,,,,,,,,,0,,,,,,,,,,,,,,
,,,,,,,,,,,,,,,,,,2023,11/9/2023,$                                                      141.65,,,,,,,,,,,,0.99,,,,,,,,,,,0,,,,,,,,,,,,,,
,,,,,,,,,,,,,,,,,,2023,11/10/2023,$                                                     142.32,,,,,,,,,,,,0.99,,,,,,,,,,,0,,,,,,,,,,,,,,
,,,,,,,,,,,,,,,,,,2023,11/13/2023,$                                                     144.63,,,,,,,,,,,,0.99,,,,,,,,,,,0,,,,,,,,,,,,,,
,,,,,,,,,,,,,,,,,,2023,11/14/2023,$                                                     150.46,,,,,,,,,,,,0.99,,,,,,,,,,,0,,,,,,,,,,,,,,
,,,,,,,,,,,,,,,,,,2023,11/15/2023,$                                                     148.22,,,,,,,,,,,,0.99,,,,,,,,,,,0,,,,,,,,,,,,,,
,,,,,,,,,,,,,,,,,,2023,11/16/2023,$                                                       148.11,,,,,,,,,,,,0.99,,,,,,,,,,,0,,,,,,,,,,,,,,
,,,,,,,,,,,,,,,,,,2023,11/17/2023,$                                                     148.39,,,,,,,,,,,,0.99,,,,,,,,,,,0,,,,,,,,,,,,,,
,,,,,,,,,,,,,,,,,,2023,11/20/2023,$                                                     146.67,,,,,,,,,,,,0.99,,,,,,,,,,,0,,,,,,,,,,,,,,
,,,,,,,,,,,,,,,,,,2023,11/21/2023,$                                                     147.34,,,,,,,,,,,,0.99,,,,,,,,,,,0,,,,,,,,,,,,,,
,,,,,,,,,,,,,,,,,,2023,11/22/2023,$                                                     148.87,,,,,,,,,,,,0.99,,,,,,,,,,,0,,,,,,,,,,,,,,
,,,,,,,,,,,,,,,,,,2023,11/24/2023,$                                                     149.55,,,,,,,,,,,,0.99,,,,,,,,,,,0,,,,,,,,,,,,,,
,,,,,,,,,,,,,,,,,,2023,11/27/2023,$                                                     149.44,,,,,,,,,,,,0.99,,,,,,,,,,,0,,,,,,,,,,,,,,
,,,,,,,,,,,,,,,,,,2023,11/28/2023,$                                                     146.92,,,,,,,,,,,,0.99,,,,,,,,,,,0,,,,,,,,,,,,,,
,,,,,,,,,,,,,,,,,,2023,11/29/2023,$                                                     146.80,,,,,,,,,,,,0.99,,,,,,,,,,,0,,,,,,,,,,,,,,
,,,,,,,,,,,,,,,,,,2023,11/30/2023,$                                                     147.37,,,,,,,,,,,,0.99,,,,,,,,,,,0,,,,,,,,,,,,,,
,,,,,,,,,,,,,,,,,,2023,12/1/2023,$                                                       149.11,,,,,,,,,,,,0.99,,,,,,,,,,,0,,,,,,,,,,,,,,
,,,,,,,,,,,,,,,,,,2023,12/4/2023,$                                                      150.91,,,,,,,,,,,,0.99,,,,,,,,,,,0,,,,,,,,,,,,,,
,,,,,,,,,,,,,,,,,,2023,12/5/2023,$                                                     149.47,,,,,,,,,,,,0.99,,,,,,,,,,,0,,,,,,,,,,,,,,
,,,,,,,,,,,,,,,,,,2023,12/6/2023,$                                                     150.20,,,,,,,,,,,,0.99,,,,,,,,,,,0,,,,,,,,,,,,,,
,,,,,,,,,,,,,,,,,,2023,12/7/2023,$                                                     148.34,,,,,,,,,,,,0.99,,,,,,,,,,,0,,,,,,,,,,,,,,
,,,,,,,,,,,,,,,,,,2023,12/8/2023,$                                                     150.72,,,,,,,,,,,,0.99,,,,,,,,,,,0,,,,,,,,,,,,,,
,,,,,,,,,,,,,,,,,,2023,12/11/2023,$                                                      151.37,,,,,,,,,,,,0.99,,,,,,,,,,,0,,,,,,,,,,,,,,
,,,,,,,,,,,,,,,,,,2023,12/12/2023,$                                                      151.74,,,,,,,,,,,,0.99,,,,,,,,,,,0,,,,,,,,,,,,,,
,,,,,,,,,,,,,,,,,,2023,12/13/2023,$                                                     154.88,,,,,,,,,,,,0.99,,,,,,,,,,,0,,,,,,,,,,,,,,
,,,,,,,,,,,,,,,,,,2023,12/14/2023,$                                                      157.10,,,,,,,,,,,,0.99,,,,,,,,,,,0,,,,,,,,,,,,,,
,,,,,,,,,,,,,,,,,,2023,12/15/2023,$                                                     152.74,,,,,,,,,,,,0.99,,,,,,,,,,,0,,,,,,,,,,,,,,
,,,,,,,,,,,,,,,,,,2023,12/18/2023,$                                                     152.52,,,,,,,,,,,,0.99,,,,,,,,,,,0,,,,,,,,,,,,,,
,,,,,,,,,,,,,,,,,,2023,12/19/2023,$                                                     154.57,,,,,,,,,,,,0.99,,,,,,,,,,,0,,,,,,,,,,,,,,
,,,,,,,,,,,,,,,,,,2023,12/20/2023,$                                                     150.98,,,,,,,,,,,,0.99,,,,,,,,,,,0,,,,,,,,,,,,,,
,,,,,,,,,,,,,,,,,,2023,12/21/2023,$                                                     152.36,,,,,,,,,,,,0.99,,,,,,,,,,,0,,,,,,,,,,,,,,
,,,,,,,,,,,,,,,,,,2023,12/22/2023,$                                                     154.55,,,,,,,,,,,,0.99,,,,,,,,,,,0,,,,,,,,,,,,,,
,,,,,,,,,,,,,,,,,,2023,12/26/2023,$                                                     155.67,,,,,,,,,,,,0.99,,,,,,,,,,,0,,,,,,,,,,,,,,
,,,,,,,,,,,,,,,,,,2023,12/27/2023,$                                                     155.98,,,,,,,,,,,,0.99,,,,,,,,,,,0,,,,,,,,,,,,,,
,,,,,,,,,,,,,,,,,,2023,12/28/2023,$                                                     155.29,,,,,,,,,,,,0.99,,,,,,,,,,,0,,,,,,,,,,,,,,
,,,,,,,,,,,,,,,,,,2023,12/29/2023,$                                                     154.37,,,,,,,,,,,,0.99,,,,,,,,,,,0,,,,,,,,,,,,,,
,,,,,,,,,,,,,,,,,,2024,1/2/2024,$                                                     156.39,,,,,,,,,,,,1.22,,,,,,,,,,,0,,,,,,,,,,,,,,
,,,,,,,,,,,,,,,,,,2024,1/3/2024,$                                                      152.12,,,,,,,,,,,,1.22,,,,,,,,,,,0,,,,,,,,,,,,,,
,,,,,,,,,,,,,,,,,,2024,1/4/2024,$                                                     153.27,,,,,,,,,,,,1.22,,,,,,,,,,,0,,,,,,,,,,,,,,
,,,,,,,,,,,,,,,,,,2024,1/5/2024,$                                                      149.12,,,,,,,,,,,,1.22,,,,,,,,,,,0,,,,,,,,,,,,,,
,,,,,,,,,,,,,,,,,,2024,1/8/2024,$                                                     153.28,,,,,,,,,,,,1.22,,,,,,,,,,,0,,,,,,,,,,,,,,
,,,,,,,,,,,,,,,,,,2024,1/9/2024,$                                                     150.35,,,,,,,,,,,,1.22,,,,,,,,,,,0,,,,,,,,,,,,,,
,,,,,,,,,,,,,,,,,,2024,1/10/2024,$                                                      151.34,,,,,,,,,,,,1.22,,,,,,,,,,,0,,,,,,,,,,,,,,
,,,,,,,,,,,,,,,,,,2024,1/11/2024,$                                                      150.71,,,,,,,,,,,,1.22,,,,,,,,,,,0,,,,,,,,,,,,,,
,,,,,,,,,,,,,,,,,,2024,1/12/2024,$                                                      151.72,,,,,,,,,,,,1.22,,,,,,,,,,,0,,,,,,,,,,,,,,
,,,,,,,,,,,,,,,,,,2024,1/16/2024,$                                                      151.24,,,,,,,,,,,,1.22,,,,,,,,,,,0,,,,,,,,,,,,,,
,,,,,,,,,,,,,,,,,,2024,1/17/2024,$                                                      149.21,,,,,,,,,,,,1.22,,,,,,,,,,,0,,,,,,,,,,,,,,
,,,,,,,,,,,,,,,,,,2024,1/18/2024,$                                                        151.11,,,,,,,,,,,,1.22,,,,,,,,,,,0,,,,,,,,,,,,,,
,,,,,,,,,,,,,,,,,,2024,1/19/2024,$                                                      151.73,,,,,,,,,,,,1.22,,,,,,,,,,,0,,,,,,,,,,,,,,
,,,,,,,,,,,,,,,,,,2024,1/22/2024,$                                                     155.56,,,,,,,,,,,,1.22,,,,,,,,,,,0,,,,,,,,,,,,,,
,,,,,,,,,,,,,,,,,,2024,1/23/2024,$                                                     154.33,,,,,,,,,,,,1.22,,,,,,,,,,,0,,,,,,,,,,,,,,
,,,,,,,,,,,,,,,,,,2024,1/24/2024,$                                                     150.67,,,,,,,,,,,,1.22,,,,,,,,,,,0,,,,,,,,,,,,,,
,,,,,,,,,,,,,,,,,,2024,1/25/2024,$                                                     152.32,,,,,,,,,,,,1.22,,,,,,,,,,,0,,,,,,,,,,,,,,
,,,,,,,,,,,,,,,,,,2024,1/26/2024,$                                                     143.77,,,,,,,,,,,,1.22,,,,,,,,,,,0,,,,,,,,,,,,,,
,,,,,,,,,,,,,,,,,,2024,1/29/2024,$                                                      146.41,,,,,,,,,,,,1.22,,,,,,,,,,,0,,,,,,,,,,,,,,
,,,,,,,,,,,,,,,,,,2024,1/30/2024,$                                                     145.89,,,,,,,,,,,,1.22,,,,,,,,,,,0,,,,,,,,,,,,,,
,,,,,,,,,,,,,,,,,,2024,1/31/2024,$                                                     143.99,,,,,,,,,,,,1.22,,,,,,,,,,,0,,,,,,,,,,,,,,
,,,,,,,,,,,,,,,,,,2024,2/1/2024,$                                                     145.35,,,,,,,,,,,,1.22,,,,,,,,,,,0,,,,,,,,,,,,,,
,,,,,,,,,,,,,,,,,,2024,2/2/2024,$                                                     143.67,,,,,,,,,,,,1.22,,,,,,,,,,,0,,,,,,,,,,,,,,
,,,,,,,,,,,,,,,,,,2024,2/5/2024,$                                                     139.90,,,,,,,,,,,,1.22,,,,,,,,,,,0,,,,,,,,,,,,,,
,,,,,,,,,,,,,,,,,,2024,2/6/2024,$                                                      140.71,,,,,,,,,,,,1.22,,,,,,,,,,,0,,,,,,,,,,,,,,
,,,,,,,,,,,,,,,,,,2024,2/7/2024,$                                                      143.14,,,,,,,,,,,,1.22,,,,,,,,,,,0,,,,,,,,,,,,,,
,,,,,,,,,,,,,,,,,,2024,2/8/2024,$                                                     146.43,,,,,,,,,,,,1.22,,,,,,,,,,,0,,,,,,,,,,,,,,
,,,,,,,,,,,,,,,,,,2024,2/9/2024,$                                                     149.88,,,,,,,,,,,,1.22,,,,,,,,,,,0,,,,,,,,,,,,,,
,,,,,,,,,,,,,,,,,,2024,2/12/2024,$                                                     152.23,,,,,,,,,,,,1.22,,,,,,,,,,,0,,,,,,,,,,,,,,
,,,,,,,,,,,,,,,,,,2024,2/13/2024,$                                                     149.90,,,,,,,,,,,,1.22,,,,,,,,,,,0,,,,,,,,,,,,,,
,,,,,,,,,,,,,,,,,,2024,2/14/2024,$                                                     153.47,,,,,,,,,,,,1.22,,,,,,,,,,,0,,,,,,,,,,,,,,
,,,,,,,,,,,,,,,,,,2024,2/15/2024,$                                                      156.10,,,,,,,,,,,,1.22,,,,,,,,,,,0,,,,,,,,,,,,,,
,,,,,,,,,,,,,,,,,,2024,2/16/2024,$                                                      157.41,,,,,,,,,,,,1.22,,,,,,,,,,,0,,,,,,,,,,,,,,
,,,,,,,,,,,,,,,,,,2024,2/20/2024,$                                                     156.83,,,,,,,,,,,,1.22,,,,,,,,,,,0,,,,,,,,,,,,,,
,,,,,,,,,,,,,,,,,,2024,2/21/2024,$                                                     155.69,,,,,,,,,,,,1.22,,,,,,,,,,,0,,,,,,,,,,,,,,
,,,,,,,,,,,,,,,,,,2024,2/22/2024,$                                                     156.07,,,,,,,,,,,,1.22,,,,,,,,,,,0,,,,,,,,,,,,,,
,,,,,,,,,,,,,,,,,,2024,2/23/2024,$                                                     156.57,,,,,,,,,,,,1.22,,,,,,,,,,,0,,,,,,,,,,,,,,
,,,,,,,,,,,,,,,,,,2024,2/26/2024,$                                                     156.98,,,,,,,,,,,,1.22,,,,,,,,,,,0,,,,,,,,,,,,,,
,,,,,,,,,,,,,,,,,,2024,2/27/2024,$                                                     157.49,,,,,,,,,,,,1.22,,,,,,,,,,,0,,,,,,,,,,,,,,
,,,,,,,,,,,,,,,,,,2024,2/28/2024,$                                                     157.80,,,,,,,,,,,,1.22,,,,,,,,,,,0,,,,,,,,,,,,,,
,,,,,,,,,,,,,,,,,,2024,2/29/2024,$                                                     158.69,,,,,,,,,,,,1.22,,,,,,,,,,,0,,,,,,,,,,,,,,
,,,,,,,,,,,,,,,,,,2024,3/1/2024,$                                                     159.92,,,,,,,,,,,,1.22,,,,,,,,,,,0,,,,,,,,,,,,,,
,,,,,,,,,,,,,,,,,,2024,3/4/2024,$                                                      161.77,,,,,,,,,,,,1.22,,,,,,,,,,,0,,,,,,,,,,,,,,
,,,,,,,,,,,,,,,,,,2024,3/5/2024,$                                                      161.35,,,,,,,,,,,,1.22,,,,,,,,,,,0,,,,,,,,,,,,,,
,,,,,,,,,,,,,,,,,,2024,3/6/2024,$                                                      162.61,,,,,,,,,,,,1.22,,,,,,,,,,,0,,,,,,,,,,,,,,
,,,,,,,,,,,,,,,,,,2024,3/7/2024,$                                                     162.77,,,,,,,,,,,,1.22,,,,,,,,,,,0,,,,,,,,,,,,,,
,,,,,,,,,,,,,,,,,,2024,3/8/2024,$                                                      161.04,,,,,,,,,,,,1.22,,,,,,,,,,,0,,,,,,,,,,,,,,
,,,,,,,,,,,,,,,,,,2024,3/11/2024,$                                                     157.72,,,,,,,,,,,,1.22,,,,,,,,,,,0,,,,,,,,,,,,,,
,,,,,,,,,,,,,,,,,,2024,3/12/2024,$                                                     157.96,,,,,,,,,,,,1.22,,,,,,,,,,,0,,,,,,,,,,,,,,
,,,,,,,,,,,,,,,,,,2024,3/13/2024,$                                                     153.85,,,,,,,,,,,,1.22,,,,,,,,,,,0,,,,,,,,,,,,,,
,,,,,,,,,,,,,,,,,,2024,3/14/2024,$                                                      152.18,,,,,,,,,,,,1.22,,,,,,,,,,,0,,,,,,,,,,,,,,
,,,,,,,,,,,,,,,,,,2024,3/15/2024,$                                                     153.84,,,,,,,,,,,,1.22,,,,,,,,,,,0,,,,,,,,,,,,,,
,,,,,,,,,,,,,,,,,,2024,3/18/2024,$                                                     154.40,,,,,,,,,,,,1.22,,,,,,,,,,,0,,,,,,,,,,,,,,
,,,,,,,,,,,,,,,,,,2024,3/19/2024,$                                                     155.87,,,,,,,,,,,,1.22,,,,,,,,,,,0,,,,,,,,,,,,,,
,,,,,,,,,,,,,,,,,,2024,3/20/2024,$                                                     157.46,,,,,,,,,,,,1.22,,,,,,,,,,,0,,,,,,,,,,,,,,
,,,,,,,,,,,,,,,,,,2024,3/21/2024,$                                                     159.05,,,,,,,,,,,,1.22,,,,,,,,,,,0,,,,,,,,,,,,,,
,,,,,,,,,,,,,,,,,,2024,3/22/2024,$                                                     160.24,,,,,,,,,,,,1.22,,,,,,,,,,,0,,,,,,,,,,,,,,
,,,,,,,,,,,,,,,,,,2024,3/25/2024,$                                                     158.57,,,,,,,,,,,,1.22,,,,,,,,,,,0,,,,,,,,,,,,,,
,,,,,,,,,,,,,,,,,,2024,3/26/2024,$                                                     157.50,,,,,,,,,,,,1.22,,,,,,,,,,,0,,,,,,,,,,,,,,
,,,,,,,,,,,,,,,,,,2024,3/27/2024,$                                                      161.00,,,,,,,,,,,,1.22,,,,,,,,,,,0,,,,,,,,,,,,,,
,,,,,,,,,,,,,,,,,,2024,3/28/2024,$                                                       161.81,,,,,,,,,,,,1.22,,,,,,,,,,,0,,,,,,,,,,,,,,
,,,,,,,,,,,,,,,,,,2024,4/1/2024,$                                                     159.69,,,,,,,,,,,,1.22,,,,,,,,,,,0,,,,,,,,,,,,,,
,,,,,,,,,,,,,,,,,,2024,4/2/2024,$                                                     157.73,,,,,,,,,,,,1.22,,,,,,,,,,,0,,,,,,,,,,,,,,
,,,,,,,,,,,,,,,,,,2024,4/3/2024,$                                                     156.95,,,,,,,,,,,,1.22,,,,,,,,,,,0,,,,,,,,,,,,,,
,,,,,,,,,,,,,,,,,,2024,4/4/2024,$                                                     155.82,,,,,,,,,,,,1.22,,,,,,,,,,,0,,,,,,,,,,,,,,
,,,,,,,,,,,,,,,,,,2024,4/5/2024,$                                                      159.13,,,,,,,,,,,,1.22,,,,,,,,,,,0,,,,,,,,,,,,,,
,,,,,,,,,,,,,,,,,,2024,4/8/2024,$                                                     157.86,,,,,,,,,,,,1.22,,,,,,,,,,,0,,,,,,,,,,,,,,
,,,,,,,,,,,,,,,,,,2024,4/9/2024,$                                                     158.08,,,,,,,,,,,,1.22,,,,,,,,,,,0,,,,,,,,,,,,,,
,,,,,,,,,,,,,,,,,,2024,4/10/2024,$                                                     153.97,,,,,,,,,,,,1.22,,,,,,,,,,,0,,,,,,,,,,,,,,
,,,,,,,,,,,,,,,,,,2024,4/11/2024,$                                                     154.23,,,,,,,,,,,,1.22,,,,,,,,,,,0,,,,,,,,,,,,,,
,,,,,,,,,,,,,,,,,,2024,4/12/2024,$                                                      152.91,,,,,,,,,,,,1.22,,,,,,,,,,,0,,,,,,,,,,,,,,
,,,,,,,,,,,,,,,,,,2024,4/15/2024,$                                                      153.17,,,,,,,,,,,,1.22,,,,,,,,,,,0,,,,,,,,,,,,,,
,,,,,,,,,,,,,,,,,,2024,4/16/2024,$                                                     154.09,,,,,,,,,,,,1.22,,,,,,,,,,,0,,,,,,,,,,,,,,
,,,,,,,,,,,,,,,,,,2024,4/17/2024,$                                                     153.00,,,,,,,,,,,,1.22,,,,,,,,,,,0,,,,,,,,,,,,,,
,,,,,,,,,,,,,,,,,,2024,4/18/2024,$                                                     178.48,,,,,,,,,,,,1.22,,,,,,,,,,,0,,,,,,,,,,,,,,
,,,,,,,,,,,,,,,,,,2024,4/19/2024,$                                                     176.78,,,,,,,,,,,,1.22,,,,,,,,,,,0,,,,,,,,,,,,,,
,,,,,,,,,,,,,,,,,,2024,4/22/2024,$                                                       181.14,,,,,,,,,,,,1.22,,,,,,,,,,,0,,,,,,,,,,,,,,
,,,,,,,,,,,,,,,,,,2024,4/23/2024,$                                                     186.40,,,,,,,,,,,,1.22,,,,,,,,,,,0,,,,,,,,,,,,,,
,,,,,,,,,,,,,,,,,,2024,4/24/2024,$                                                      183.14,,,,,,,,,,,,1.22,,,,,,,,,,,0,,,,,,,,,,,,,,
,,,,,,,,,,,,,,,,,,2024,4/25/2024,$                                                     183.78,,,,,,,,,,,,1.22,,,,,,,,,,,0,,,,,,,,,,,,,,
,,,,,,,,,,,,,,,,,,2024,4/26/2024,$                                                     185.52,,,,,,,,,,,,1.22,,,,,,,,,,,0,,,,,,,,,,,,,,
,,,,,,,,,,,,,,,,,,2024,4/29/2024,$                                                     185.76,,,,,,,,,,,,1.22,,,,,,,,,,,0,,,,,,,,,,,,,,
,,,,,,,,,,,,,,,,,,2024,4/30/2024,$                                                     182.92,,,,,,,,,,,,1.22,,,,,,,,,,,0,,,,,,,,,,,,,,
,,,,,,,,,,,,,,,,,,2024,5/1/2024,$                                                     182.52,,,,,,,,,,,,1.22,,,,,,,,,,,0,,,,,,,,,,,,,,
,,,,,,,,,,,,,,,,,,2024,5/2/2024,$                                                     187.27,,,,,,,,,,,,1.22,,,,,,,,,,,0,,,,,,,,,,,,,,
,,,,,,,,,,,,,,,,,,2024,5/3/2024,$                                                     189.00,,,,,,,,,,,,1.22,,,,,,,,,,,0,,,,,,,,,,,,,,
,,,,,,,,,,,,,,,,,,2024,5/6/2024,$                                                     190.72,,,,,,,,,,,,1.22,,,,,,,,,,,0,,,,,,,,,,,,,,
,,,,,,,,,,,,,,,,,,2024,5/7/2024,$                                                      191.65,,,,,,,,,,,,1.22,,,,,,,,,,,0,,,,,,,,,,,,,,
,,,,,,,,,,,,,,,,,,2024,5/8/2024,$                                                     194.28,,,,,,,,,,,,1.22,,,,,,,,,,,0,,,,,,,,,,,,,,
,,,,,,,,,,,,,,,,,,2024,5/9/2024,$                                                      197.71,,,,,,,,,,,,1.22,,,,,,,,,,,0,,,,,,,,,,,,,,
,,,,,,,,,,,,,,,,,,2024,5/10/2024,$                                                     196.38,,,,,,,,,,,,1.22,,,,,,,,,,,0,,,,,,,,,,,,,,
,,,,,,,,,,,,,,,,,,2024,5/13/2024,$                                                     194.20,,,,,,,,,,,,1.22,,,,,,,,,,,0,,,,,,,,,,,,,,
,,,,,,,,,,,,,,,,,,2024,5/14/2024,$                                                     194.22,,,,,,,,,,,,1.22,,,,,,,,,,,0,,,,,,,,,,,,,,
,,,,,,,,,,,,,,,,,,2024,5/15/2024,$                                                     195.98,,,,,,,,,,,,1.22,,,,,,,,,,,0,,,,,,,,,,,,,,
,,,,,,,,,,,,,,,,,,2024,5/16/2024,$                                                     196.33,,,,,,,,,,,,1.22,,,,,,,,,,,0,,,,,,,,,,,,,,
,,,,,,,,,,,,,,,,,,2024,5/17/2024,$                                                      197.21,,,,,,,,,,,,1.22,,,,,,,,,,,0,,,,,,,,,,,,,,
,,,,,,,,,,,,,,,,,,2024,5/20/2024,$                                                     196.65,,,,,,,,,,,,1.22,,,,,,,,,,,0,,,,,,,,,,,,,,
,,,,,,,,,,,,,,,,,,2024,5/21/2024,$                                                     198.30,,,,,,,,,,,,1.22,,,,,,,,,,,0,,,,,,,,,,,,,,
,,,,,,,,,,,,,,,,,,2024,5/22/2024,$                                                     199.38,,,,,,,,,,,,1.22,,,,,,,,,,,0,,,,,,,,,,,,,,
,,,,,,,,,,,,,,,,,,2024,5/23/2024,$                                                     199.65,,,,,,,,,,,,1.22,,,,,,,,,,,0,,,,,,,,,,,,,,
,,,,,,,,,,,,,,,,,,2024,5/24/2024,$                                                    200.64,,,,,,,,,,,,1.22,,,,,,,,,,,0,,,,,,,,,,,,,,
,,,,,,,,,,,,,,,,,,2024,5/28/2024,$                                                     196.03,,,,,,,,,,,,1.22,,,,,,,,,,,0,,,,,,,,,,,,,,
,,,,,,,,,,,,,,,,,,2024,5/29/2024,$                                                     190.62,,,,,,,,,,,,1.22,,,,,,,,,,,0,,,,,,,,,,,,,,
,,,,,,,,,,,,,,,,,,2024,5/30/2024,$                                                      192.15,,,,,,,,,,,,1.22,,,,,,,,,,,0,,,,,,,,,,,,,,
,,,,,,,,,,,,,,,,,,2024,5/31/2024,$                                                     192.96,,,,,,,,,,,,1.22,,,,,,,,,,,0,,,,,,,,,,,,,,
,,,,,,,,,,,,,,,,,,2024,6/3/2024,$                                                     188.63,,,,,,,,,,,,1.22,,,,,,,,,,,0,,,,,,,,,,,,,,
,,,,,,,,,,,,,,,,,,2024,6/4/2024,$                                                      187.17,,,,,,,,,,,,1.22,,,,,,,,,,,0,,,,,,,,,,,,,,
,,,,,,,,,,,,,,,,,,2024,6/5/2024,$                                                      189.14,,,,,,,,,,,,1.22,,,,,,,,,,,0,,,,,,,,,,,,,,
,,,,,,,,,,,,,,,,,,2024,6/6/2024,$                                                     187.50,,,,,,,,,,,,1.22,,,,,,,,,,,0,,,,,,,,,,,,,,
,,,,,,,,,,,,,,,,,,2024,6/7/2024,$                                                     185.32,,,,,,,,,,,,1.22,,,,,,,,,,,0,,,,,,,,,,,,,,
,,,,,,,,,,,,,,,,,,2024,6/10/2024,$                                                     185.97,,,,,,,,,,,,1.22,,,,,,,,,,,0,,,,,,,,,,,,,,
,,,,,,,,,,,,,,,,,,2024,6/11/2024,$                                                     185.98,,,,,,,,,,,,1.22,,,,,,,,,,,0,,,,,,,,,,,,,,
,,,,,,,,,,,,,,,,,,2024,6/12/2024,$                                                       189.11,,,,,,,,,,,,1.22,,,,,,,,,,,0,,,,,,,,,,,,,,
,,,,,,,,,,,,,,,,,,2024,6/13/2024,$                                                     188.82,,,,,,,,,,,,1.22,,,,,,,,,,,0,,,,,,,,,,,,,,
,,,,,,,,,,,,,,,,,,2024,6/14/2024,$                                                     186.47,,,,,,,,,,,,1.22,,,,,,,,,,,0,,,,,,,,,,,,,,
,,,,,,,,,,,,,,,,,,2024,6/17/2024,$                                                      189.01,,,,,,,,,,,,1.22,,,,,,,,,,,0,,,,,,,,,,,,,,
,,,,,,,,,,,,,,,,,,2024,6/18/2024,$                                                     190.55,,,,,,,,,,,,1.22,,,,,,,,,,,0,,,,,,,,,,,,,,
,,,,,,,,,,,,,,,,,,2024,6/20/2024,$                                                     186.88,,,,,,,,,,,,1.22,,,,,,,,,,,0,,,,,,,,,,,,,,
,,,,,,,,,,,,,,,,,,2024,6/21/2024,$                                                      188.41,,,,,,,,,,,,1.22,,,,,,,,,,,0,,,,,,,,,,,,,,
,,,,,,,,,,,,,,,,,,2024,6/24/2024,$                                                     187.06,,,,,,,,,,,,1.22,,,,,,,,,,,0,,,,,,,,,,,,,,
,,,,,,,,,,,,,,,,,,2024,6/25/2024,$                                                     186.23,,,,,,,,,,,,1.22,,,,,,,,,,,0,,,,,,,,,,,,,,
,,,,,,,,,,,,,,,,,,2024,6/26/2024,$                                                     184.30,,,,,,,,,,,,1.22,,,,,,,,,,,0,,,,,,,,,,,,,,
,,,,,,,,,,,,,,,,,,2024,6/27/2024,$                                                      186.14,,,,,,,,,,,,1.22,,,,,,,,,,,0,,,,,,,,,,,,,,
,,,,,,,,,,,,,,,,,,2024,6/28/2024,$                                                     186.35,,,,,,,,,,,,1.22,,,,,,,,,,,0,,,,,,,,,,,,,,
,,,,,,,,,,,,,,,,,,2024,7/1/2024,$                                                     184.77,,,,,,,,,,,,1.22,,,,,,,,,,,0,,,,,,,,,,,,,,
,,,,,,,,,,,,,,,,,,2024,7/2/2024,$                                                     186.85,,,,,,,,,,,,1.22,,,,,,,,,,,0,,,,,,,,,,,,,,
,,,,,,,,,,,,,,,,,,2024,7/3/2024,$                                                     188.68,,,,,,,,,,,,1.22,,,,,,,,,,,0,,,,,,,,,,,,,,
,,,,,,,,,,,,,,,,,,2024,7/5/2024,$                                                     187.38,,,,,,,,,,,,1.22,,,,,,,,,,,0,,,,,,,,,,,,,,
,,,,,,,,,,,,,,,,,,2024,7/8/2024,$                                                     187.78,,,,,,,,,,,,1.22,,,,,,,,,,,0,,,,,,,,,,,,,,
,,,,,,,,,,,,,,,,,,2024,7/9/2024,$                                                     185.46,,,,,,,,,,,,1.22,,,,,,,,,,,0,,,,,,,,,,,,,,
,,,,,,,,,,,,,,,,,,2024,7/10/2024,$                                                     188.54,,,,,,,,,,,,1.22,,,,,,,,,,,0,,,,,,,,,,,,,,
,,,,,,,,,,,,,,,,,,2024,7/11/2024,$                                                     192.67,,,,,,,,,,,,1.22,,,,,,,,,,,0,,,,,,,,,,,,,,
,,,,,,,,,,,,,,,,,,2024,7/12/2024,$                                                     192.99,,,,,,,,,,,,1.22,,,,,,,,,,,0,,,,,,,,,,,,,,
,,,,,,,,,,,,,,,,,,2024,7/15/2024,$                                                     196.20,,,,,,,,,,,,1.22,,,,,,,,,,,0,,,,,,,,,,,,,,
,,,,,,,,,,,,,,,,,,2024,7/16/2024,$                                                      201.41,,,,,,,,,,,,1.22,,,,,,,,,,,0,,,,,,,,,,,,,,
,,,,,,,,,,,,,,,,,,2024,7/17/2024,$                                                     196.86,,,,,,,,,,,,1.22,,,,,,,,,,,0,,,,,,,,,,,,,,
,,,,,,,,,,,,,,,,,,2024,7/18/2024,$                                                     193.99,,,,,,,,,,,,1.22,,,,,,,,,,,0,,,,,,,,,,,,,,
,,,,,,,,,,,,,,,,,,2024,7/19/2024,$                                                     190.56,,,,,,,,,,,,1.22,,,,,,,,,,,0,,,,,,,,,,,,,,
,,,,,,,,,,,,,,,,,,2024,7/22/2024,$                                                     201.52,,,,,,,,,,,,1.22,,,,,,,,,,,0,,,,,,,,,,,,,,
,,,,,,,,,,,,,,,,,,2024,7/23/2024,$                                                     204.41,,,,,,,,,,,,1.22,,,,,,,,,,,0,,,,,,,,,,,,,,
,,,,,,,,,,,,,,,,,,2024,7/24/2024,$                                                       201.11,,,,,,,,,,,,1.22,,,,,,,,,,,0,,,,,,,,,,,,,,
,,,,,,,,,,,,,,,,,,2024,7/25/2024,$                                                     201.53,,,,,,,,,,,,1.22,,,,,,,,,,,0,,,,,,,,,,,,,,
,,,,,,,,,,,,,,,,,,2024,7/26/2024,$                                                    206.29,,,,,,,,,,,,1.22,,,,,,,,,,,0,,,,,,,,,,,,,,
,,,,,,,,,,,,,,,,,,2024,7/29/2024,$                                                    205.39,,,,,,,,,,,,1.22,,,,,,,,,,,0,,,,,,,,,,,,,,
,,,,,,,,,,,,,,,,,,2024,7/30/2024,$                                                    202.06,,,,,,,,,,,,1.22,,,,,,,,,,,0,,,,,,,,,,,,,,
,,,,,,,,,,,,,,,,,,2024,7/31/2024,$                                                     206.16,,,,,,,,,,,,1.22,,,,,,,,,,,0,,,,,,,,,,,,,,
,,,,,,,,,,,,,,,,,,2024,8/1/2024,$                                                    202.04,,,,,,,,,,,,1.22,,,,,,,,,,,0,,,,,,,,,,,,,,
,,,,,,,,,,,,,,,,,,2024,8/2/2024,$                                                     195.35,,,,,,,,,,,,1.22,,,,,,,,,,,0,,,,,,,,,,,,,,
,,,,,,,,,,,,,,,,,,2024,8/5/2024,$                                                     187.83,,,,,,,,,,,,1.22,,,,,,,,,,,0,,,,,,,,,,,,,,
,,,,,,,,,,,,,,,,,,2024,8/6/2024,$                                                     189.28,,,,,,,,,,,,1.22,,,,,,,,,,,0,,,,,,,,,,,,,,
,,,,,,,,,,,,,,,,,,2024,8/7/2024,$                                                     187.49,,,,,,,,,,,,1.22,,,,,,,,,,,0,,,,,,,,,,,,,,
,,,,,,,,,,,,,,,,,,2024,8/8/2024,$                                                     192.30,,,,,,,,,,,,1.22,,,,,,,,,,,0,,,,,,,,,,,,,,
,,,,,,,,,,,,,,,,,,2024,8/9/2024,$                                                      191.45,,,,,,,,,,,,1.22,,,,,,,,,,,0,,,,,,,,,,,,,,
,,,,,,,,,,,,,,,,,,2024,8/12/2024,$                                                     190.72,,,,,,,,,,,,1.22,,,,,,,,,,,0,,,,,,,,,,,,,,
,,,,,,,,,,,,,,,,,,2024,8/13/2024,$                                                     194.54,,,,,,,,,,,,1.22,,,,,,,,,,,0,,,,,,,,,,,,,,
,,,,,,,,,,,,,,,,,,2024,8/14/2024,$                                                     196.84,,,,,,,,,,,,1.22,,,,,,,,,,,0,,,,,,,,,,,,,,
,,,,,,,,,,,,,,,,,,2024,8/15/2024,$                                                     201.62,,,,,,,,,,,,1.22,,,,,,,,,,,0,,,,,,,,,,,,,,
,,,,,,,,,,,,,,,,,,2024,8/16/2024,$                                                     199.98,,,,,,,,,,,,1.22,,,,,,,,,,,0,,,,,,,,,,,,,,
,,,,,,,,,,,,,,,,,,2024,8/19/2024,$                                                     203.51,,,,,,,,,,,,1.22,,,,,,,,,,,0,,,,,,,,,,,,,,
,,,,,,,,,,,,,,,,,,2024,8/20/2024,$                                                     201.47,,,,,,,,,,,,1.22,,,,,,,,,,,0,,,,,,,,,,,,,,
,,,,,,,,,,,,,,,,,,2024,8/21/2024,$                                                    204.78,,,,,,,,,,,,1.22,,,,,,,,,,,0,,,,,,,,,,,,,,
,,,,,,,,,,,,,,,,,,2024,8/22/2024,$                                                    203.30,,,,,,,,,,,,1.22,,,,,,,,,,,0,,,,,,,,,,,,,,
,,,,,,,,,,,,,,,,,,2024,8/23/2024,$                                                    202.94,,,,,,,,,,,,1.22,,,,,,,,,,,0,,,,,,,,,,,,,,
,,,,,,,,,,,,,,,,,,2024,8/26/2024,$                                                    204.88,,,,,,,,,,,,1.22,,,,,,,,,,,0,,,,,,,,,,,,,,
,,,,,,,,,,,,,,,,,,2024,8/27/2024,$                                                    204.77,,,,,,,,,,,,1.22,,,,,,,,,,,0,,,,,,,,,,,,,,
,,,,,,,,,,,,,,,,,,2024,8/28/2024,$                                                    203.95,,,,,,,,,,,,1.22,,,,,,,,,,,0,,,,,,,,,,,,,,
,,,,,,,,,,,,,,,,,,2024,8/29/2024,$                                                    204.22,,,,,,,,,,,,1.22,,,,,,,,,,,0,,,,,,,,,,,,,,
,,,,,,,,,,,,,,,,,,2024,8/30/2024,$                                                    206.94,,,,,,,,,,,,1.22,,,,,,,,,,,0,,,,,,,,,,,,,,
,,,,,,,,,,,,,,,,,,2024,9/3/2024,$                                                     197.47,,,,,,,,,,,,1.22,,,,,,,,,,,0,,,,,,,,,,,,,,
,,,,,,,,,,,,,,,,,,2024,9/4/2024,$                                                     195.26,,,,,,,,,,,,1.22,,,,,,,,,,,0,,,,,,,,,,,,,,
,,,,,,,,,,,,,,,,,,2024,9/5/2024,$                                                      192.31,,,,,,,,,,,,1.22,,,,,,,,,,,0,,,,,,,,,,,,,,
,,,,,,,,,,,,,,,,,,2024,9/6/2024,$                                                      190.61,,,,,,,,,,,,1.22,,,,,,,,,,,0,,,,,,,,,,,,,,
,,,,,,,,,,,,,,,,,,2024,9/9/2024,$                                                     192.07,,,,,,,,,,,,1.22,,,,,,,,,,,0,,,,,,,,,,,,,,
,,,,,,,,,,,,,,,,,,2024,9/10/2024,$                                                      195.19,,,,,,,,,,,,1.22,,,,,,,,,,,0,,,,,,,,,,,,,,
,,,,,,,,,,,,,,,,,,2024,9/11/2024,$                                                     200.17,,,,,,,,,,,,1.22,,,,,,,,,,,0,,,,,,,,,,,,,,
,,,,,,,,,,,,,,,,,,2024,9/12/2024,$                                                    203.80,,,,,,,,,,,,1.22,,,,,,,,,,,0,,,,,,,,,,,,,,
,,,,,,,,,,,,,,,,,,2024,9/13/2024,$                                                    209.08,,,,,,,,,,,,1.22,,,,,,,,,,,0,,,,,,,,,,,,,,
,,,,,,,,,,,,,,,,,,2024,9/16/2024,$                                                      211.79,,,,,,,,,,,,1.22,,,,,,,,,,,0,,,,,,,,,,,,,,
,,,,,,,,,,,,,,,,,,2024,9/17/2024,$                                                     213.59,,,,,,,,,,,,1.22,,,,,,,,,,,0,,,,,,,,,,,,,,
,,,,,,,,,,,,,,,,,,2024,9/18/2024,$                                                      211.82,,,,,,,,,,,,1.22,,,,,,,,,,,0,,,,,,,,,,,,,,
,,,,,,,,,,,,,,,,,,2024,9/19/2024,$                                                     219.63,,,,,,,,,,,,1.22,,,,,,,,,,,0,,,,,,,,,,,,,,
,,,,,,,,,,,,,,,,,,2024,9/20/2024,$                                                     217.07,,,,,,,,,,,,1.22,,,,,,,,,,,0,,,,,,,,,,,,,,
,,,,,,,,,,,,,,,,,,2024,9/23/2024,$                                                      219.16,,,,,,,,,,,,1.22,,,,,,,,,,,0,,,,,,,,,,,,,,
,,,,,,,,,,,,,,,,,,2024,9/24/2024,$                                                      218.71,,,,,,,,,,,,1.22,,,,,,,,,,,0,,,,,,,,,,,,,,
,,,,,,,,,,,,,,,,,,2024,9/25/2024,$                                                      215.17,,,,,,,,,,,,1.22,,,,,,,,,,,0,,,,,,,,,,,,,,
,,,,,,,,,,,,,,,,,,2024,9/26/2024,$                                                     215.53,,,,,,,,,,,,1.22,,,,,,,,,,,0,,,,,,,,,,,,,,
,,,,,,,,,,,,,,,,,,2024,9/27/2024,$                                                     216.24,,,,,,,,,,,,1.22,,,,,,,,,,,0,,,,,,,,,,,,,,
,,,,,,,,,,,,,,,,,,2024,9/30/2024,$                                                      218.41,,,,,,,,,,,,1.22,,,,,,,,,,,0,,,,,,,,,,,,,,
,,,,,,,,,,,,,,,,,,2024,10/1/2024,$                                                     217.96,,,,,,,,,,,,1.22,,,,,,,,,,,0,,,,,,,,,,,,,,
,,,,,,,,,,,,,,,,,,2024,10/2/2024,$                                                     219.90,,,,,,,,,,,,1.22,,,,,,,,,,,0,,,,,,,,,,,,,,
,,,,,,,,,,,,,,,,,,2024,10/3/2024,$                                                     218.86,,,,,,,,,,,,1.22,,,,,,,,,,,0,,,,,,,,,,,,,,
,,,,,,,,,,,,,,,,,,2024,10/4/2024,$                                                    223.58,,,,,,,,,,,,1.22,,,,,,,,,,,0,,,,,,,,,,,,,,
,,,,,,,,,,,,,,,,,,2024,10/7/2024,$                                                     224.91,,,,,,,,,,,,1.22,,,,,,,,,,,0,,,,,,,,,,,,,,
,,,,,,,,,,,,,,,,,,2024,10/8/2024,$                                                     226.10,,,,,,,,,,,,1.22,,,,,,,,,,,0,,,,,,,,,,,,,,
,,,,,,,,,,,,,,,,,,2024,10/9/2024,$                                                    229.69,,,,,,,,,,,,1.22,,,,,,,,,,,0,,,,,,,,,,,,,,
,,,,,,,,,,,,,,,,,,2024,10/10/2024,$                                                    226.64,,,,,,,,,,,,1.22,,,,,,,,,,,0,,,,,,,,,,,,,,
,,,,,,,,,,,,,,,,,,2024,10/11/2024,$                                                    226.20,,,,,,,,,,,,1.22,,,,,,,,,,,0,,,,,,,,,,,,,,
,,,,,,,,,,,,,,,,,,2024,10/14/2024,$                                                    225.23,,,,,,,,,,,,1.22,,,,,,,,,,,0,,,,,,,,,,,,,,
,,,,,,,,,,,,,,,,,,2024,10/15/2024,$                                                    222.06,,,,,,,,,,,,1.22,,,,,,,,,,,0,,,,,,,,,,,,,,
,,,,,,,,,,,,,,,,,,2024,10/16/2024,$                                                     219.77,,,,,,,,,,,,1.22,,,,,,,,,,,0,,,,,,,,,,,,,,
,,,,,,,,,,,,,,,,,,2024,10/17/2024,$                                                    205.95,,,,,,,,,,,,1.22,,,,,,,,,,,0,,,,,,,,,,,,,,
,,,,,,,,,,,,,,,,,,2024,10/18/2024,$                                                    207.66,,,,,,,,,,,,1.22,,,,,,,,,,,0,,,,,,,,,,,,,,
,,,,,,,,,,,,,,,,,,2024,10/21/2024,$                                                     204.14,,,,,,,,,,,,1.22,,,,,,,,,,,0,,,,,,,,,,,,,,
,,,,,,,,,,,,,,,,,,2024,10/22/2024,$                                                     199.00,,,,,,,,,,,,1.22,,,,,,,,,,,0,,,,,,,,,,,,,,
,,,,,,,,,,,,,,,,,,2024,10/23/2024,$                                                    202.67,,,,,,,,,,,,1.22,,,,,,,,,,,0,,,,,,,,,,,,,,
,,,,,,,,,,,,,,,,,,2024,10/24/2024,$                                                      201.19,,,,,,,,,,,,1.22,,,,,,,,,,,0,,,,,,,,,,,,,,
,,,,,,,,,,,,,,,,,,2024,10/25/2024,$                                                    202.03,,,,,,,,,,,,1.22,,,,,,,,,,,0,,,,,,,,,,,,,,
,,,,,,,,,,,,,,,,,,2024,10/28/2024,$                                                    204.35,,,,,,,,,,,,1.22,,,,,,,,,,,0,,,,,,,,,,,,,,
,,,,,,,,,,,,,,,,,,2024,10/29/2024,$                                                    203.99,,,,,,,,,,,,1.22,,,,,,,,,,,0,,,,,,,,,,,,,,
,,,,,,,,,,,,,,,,,,2024,10/30/2024,$                                                    204.96,,,,,,,,,,,,1.22,,,,,,,,,,,0,,,,,,,,,,,,,,
,,,,,,,,,,,,,,,,,,2024,10/31/2024,$                                                    200.05,,,,,,,,,,,,1.22,,,,,,,,,,,0,,,,,,,,,,,,,,
,,,,,,,,,,,,,,,,,,2024,11/1/2024,$                                                     201.98,,,,,,,,,,,,1.22,,,,,,,,,,,0,,,,,,,,,,,,,,
,,,,,,,,,,,,,,,,,,2024,11/4/2024,$                                                    202.85,,,,,,,,,,,,1.22,,,,,,,,,,,0,,,,,,,,,,,,,,
,,,,,,,,,,,,,,,,,,2024,11/5/2024,$                                                    206.60,,,,,,,,,,,,1.22,,,,,,,,,,,0,,,,,,,,,,,,,,
,,,,,,,,,,,,,,,,,,2024,11/6/2024,$                                                    223.66,,,,,,,,,,,,1.22,,,,,,,,,,,0,,,,,,,,,,,,,,
,,,,,,,,,,,,,,,,,,2024,11/7/2024,$                                                    223.25,,,,,,,,,,,,1.22,,,,,,,,,,,0,,,,,,,,,,,,,,
,,,,,,,,,,,,,,,,,,2024,11/8/2024,$                                                    223.47,,,,,,,,,,,,1.22,,,,,,,,,,,0,,,,,,,,,,,,,,
,,,,,,,,,,,,,,,,,,2024,11/11/2024,$                                                    226.87,,,,,,,,,,,,1.22,,,,,,,,,,,0,,,,,,,,,,,,,,
,,,,,,,,,,,,,,,,,,2024,11/12/2024,$                                                    225.02,,,,,,,,,,,,1.22,,,,,,,,,,,0,,,,,,,,,,,,,,
,,,,,,,,,,,,,,,,,,2024,11/13/2024,$                                                    223.70,,,,,,,,,,,,1.22,,,,,,,,,,,0,,,,,,,,,,,,,,
,,,,,,,,,,,,,,,,,,2024,11/14/2024,$                                                     219.65,,,,,,,,,,,,1.22,,,,,,,,,,,0,,,,,,,,,,,,,,
,,,,,,,,,,,,,,,,,,2024,11/15/2024,$                                                     215.32,,,,,,,,,,,,1.22,,,,,,,,,,,0,,,,,,,,,,,,,,
,,,,,,,,,,,,,,,,,,2024,11/18/2024,$                                                     212.97,,,,,,,,,,,,1.22,,,,,,,,,,,0,,,,,,,,,,,,,,
,,,,,,,,,,,,,,,,,,2024,11/19/2024,$                                                      211.07,,,,,,,,,,,,1.22,,,,,,,,,,,0,,,,,,,,,,,,,,
,,,,,,,,,,,,,,,,,,2024,11/20/2024,$                                                     216.75,,,,,,,,,,,,1.22,,,,,,,,,,,0,,,,,,,,,,,,,,
,,,,,,,,,,,,,,,,,,2024,11/21/2024,$                                                     219.23,,,,,,,,,,,,1.22,,,,,,,,,,,0,,,,,,,,,,,,,,
,,,,,,,,,,,,,,,,,,2024,11/22/2024,$                                                     221.00,,,,,,,,,,,,1.22,,,,,,,,,,,0,,,,,,,,,,,,,,
,,,,,,,,,,,,,,,,,,2024,11/25/2024,$                                                    220.24,,,,,,,,,,,,1.22,,,,,,,,,,,0,,,,,,,,,,,,,,
,,,,,,,,,,,,,,,,,,2024,11/26/2024,$                                                     216.00,,,,,,,,,,,,1.22,,,,,,,,,,,0,,,,,,,,,,,,,,
,,,,,,,,,,,,,,,,,,2024,11/27/2024,$                                                     216.36,,,,,,,,,,,,1.22,,,,,,,,,,,0,,,,,,,,,,,,,,
,,,,,,,,,,,,,,,,,,2024,11/29/2024,$                                                     216.82,,,,,,,,,,,,1.22,,,,,,,,,,,0,,,,,,,,,,,,,,
,,,,,,,,,,,,,,,,,,2024,12/2/2024,$                                                    220.56,,,,,,,,,,,,1.22,,,,,,,,,,,0,,,,,,,,,,,,,,
,,,,,,,,,,,,,,,,,,2024,12/3/2024,$                                                     218.95,,,,,,,,,,,,1.22,,,,,,,,,,,0,,,,,,,,,,,,,,
,,,,,,,,,,,,,,,,,,2024,12/4/2024,$                                                    220.83,,,,,,,,,,,,1.22,,,,,,,,,,,0,,,,,,,,,,,,,,
,,,,,,,,,,,,,,,,,,2024,12/5/2024,$                                                     224.18,,,,,,,,,,,,1.22,,,,,,,,,,,0,,,,,,,,,,,,,,
,,,,,,,,,,,,,,,,,,2024,12/6/2024,$                                                    224.38,,,,,,,,,,,,1.22,,,,,,,,,,,0,,,,,,,,,,,,,,
,,,,,,,,,,,,,,,,,,2024,12/9/2024,$                                                    228.07,,,,,,,,,,,,1.22,,,,,,,,,,,0,,,,,,,,,,,,,,
,,,,,,,,,,,,,,,,,,2024,12/10/2024,$                                                    234.70,,,,,,,,,,,,1.22,,,,,,,,,,,0,,,,,,,,,,,,,,
,,,,,,,,,,,,,,,,,,2024,12/11/2024,$                                                    237.67,,,,,,,,,,,,1.22,,,,,,,,,,,0,,,,,,,,,,,,,,
,,,,,,,,,,,,,,,,,,2024,12/12/2024,$                                                    230.63,,,,,,,,,,,,1.22,,,,,,,,,,,0,,,,,,,,,,,,,,
,,,,,,,,,,,,,,,,,,2024,12/13/2024,$                                                     226.31,,,,,,,,,,,,1.22,,,,,,,,,,,0,,,,,,,,,,,,,,
,,,,,,,,,,,,,,,,,,2024,12/16/2024,$                                                    230.37,,,,,,,,,,,,1.22,,,,,,,,,,,0,,,,,,,,,,,,,,
,,,,,,,,,,,,,,,,,,2024,12/17/2024,$                                                     227.18,,,,,,,,,,,,1.22,,,,,,,,,,,0,,,,,,,,,,,,,,
,,,,,,,,,,,,,,,,,,2024,12/18/2024,$                                                     219.45,,,,,,,,,,,,1.22,,,,,,,,,,,0,,,,,,,,,,,,,,
,,,,,,,,,,,,,,,,,,2024,12/19/2024,$                                                     218.46,,,,,,,,,,,,1.22,,,,,,,,,,,0,,,,,,,,,,,,,,
,,,,,,,,,,,,,,,,,,2024,12/20/2024,$                                                     217.72,,,,,,,,,,,,1.22,,,,,,,,,,,0,,,,,,,,,,,,,,
,,,,,,,,,,,,,,,,,,2024,12/23/2024,$                                                     216.87,,,,,,,,,,,,1.22,,,,,,,,,,,0,,,,,,,,,,,,,,
,,,,,,,,,,,,,,,,,,2024,12/24/2024,$                                                    220.00,,,,,,,,,,,,1.22,,,,,,,,,,,0,,,,,,,,,,,,,,
,,,,,,,,,,,,,,,,,,2024,12/26/2024,$                                                     219.95,,,,,,,,,,,,1.22,,,,,,,,,,,0,,,,,,,,,,,,,,
,,,,,,,,,,,,,,,,,,2024,12/27/2024,$                                                     215.45,,,,,,,,,,,,1.22,,,,,,,,,,,0,,,,,,,,,,,,,,
,,,,,,,,,,,,,,,,,,2024,12/30/2024,$                                                     214.25,,,,,,,,,,,,1.22,,,,,,,,,,,0,,,,,,,,,,,,,,
,,,,,,,,,,,,,,,,,,2024,12/31/2024,$                                                      212.12,,,,,,,,,,,,1.22,,,,,,,,,,,0,,,,,,,,,,,,,,
,,,,,,,,,,,,,,,,,,2025,1/2/2025,$                                                      211.68,,,,,,,,,,,,1.48,,,,,,,,,,,0,,,,,,,,,,,,,,
,,,,,,,,,,,,,,,,,,2025,1/3/2025,$                                                     213.38,,,,,,,,,,,,1.48,,,,,,,,,,,0,,,,,,,,,,,,,,
,,,,,,,,,,,,,,,,,,2025,1/6/2025,$                                                     213.44,,,,,,,,,,,,1.48,,,,,,,,,,,0,,,,,,,,,,,,,,
,,,,,,,,,,,,,,,,,,2025,1/7/2025,$                                                      211.87,,,,,,,,,,,,1.48,,,,,,,,,,,0,,,,,,,,,,,,,,
,,,,,,,,,,,,,,,,,,2025,1/8/2025,$                                                     214.57,,,,,,,,,,,,1.48,,,,,,,,,,,0,,,,,,,,,,,,,,
,,,,,,,,,,,,,,,,,,2025,1/10/2025,$                                                    207.64,,,,,,,,,,,,1.48,,,,,,,,,,,0,,,,,,,,,,,,,,
,,,,,,,,,,,,,,,,,,2025,1/13/2025,$                                                     206.71,,,,,,,,,,,,1.48,,,,,,,,,,,0,,,,,,,,,,,,,,
,,,,,,,,,,,,,,,,,,2025,1/14/2025,$                                                    209.78,,,,,,,,,,,,1.48,,,,,,,,,,,0,,,,,,,,,,,,,,
,,,,,,,,,,,,,,,,,,2025,1/15/2025,$                                                      213.81,,,,,,,,,,,,1.48,,,,,,,,,,,0,,,,,,,,,,,,,,
,,,,,,,,,,,,,,,,,,2025,1/16/2025,$                                                     213.96,,,,,,,,,,,,1.48,,,,,,,,,,,0,,,,,,,,,,,,,,
,,,,,,,,,,,,,,,,,,2025,1/17/2025,$                                                      215.17,,,,,,,,,,,,1.48,,,,,,,,,,,0,,,,,,,,,,,,,,
,,,,,,,,,,,,,,,,,,2025,1/21/2025,$                                                      219.41,,,,,,,,,,,,1.48,,,,,,,,,,,0,,,,,,,,,,,,,,
,,,,,,,,,,,,,,,,,,2025,1/22/2025,$                                                     218.48,,,,,,,,,,,,1.48,,,,,,,,,,,0,,,,,,,,,,,,,,
,,,,,,,,,,,,,,,,,,2025,1/23/2025,$                                                     219.02,,,,,,,,,,,,1.48,,,,,,,,,,,0,,,,,,,,,,,,,,
,,,,,,,,,,,,,,,,,,2025,1/24/2025,$                                                     210.43,,,,,,,,,,,,1.48,,,,,,,,,,,0,,,,,,,,,,,,,,
,,,,,,,,,,,,,,,,,,2025,1/27/2025,$                                                     207.61,,,,,,,,,,,,1.48,,,,,,,,,,,0,,,,,,,,,,,,,,
,,,,,,,,,,,,,,,,,,2025,1/28/2025,$                                                     207.41,,,,,,,,,,,,1.48,,,,,,,,,,,0,,,,,,,,,,,,,,
,,,,,,,,,,,,,,,,,,2025,1/29/2025,$                                                     208.51,,,,,,,,,,,,1.48,,,,,,,,,,,0,,,,,,,,,,,,,,
,,,,,,,,,,,,,,,,,,2025,1/30/2025,$                                                    208.58,,,,,,,,,,,,1.48,,,,,,,,,,,0,,,,,,,,,,,,,,
,,,,,,,,,,,,,,,,,,2025,1/31/2025,$                                                      213.91,,,,,,,,,,,,1.48,,,,,,,,,,,0,,,,,,,,,,,,,,
,,,,,,,,,,,,,,,,,,2025,2/3/2025,$                                                     215.70,,,,,,,,,,,,1.48,,,,,,,,,,,0,,,,,,,,,,,,,,
,,,,,,,,,,,,,,,,,,2025,2/4/2025,$                                                     216.80,,,,,,,,,,,,1.48,,,,,,,,,,,0,,,,,,,,,,,,,,
,,,,,,,,,,,,,,,,,,2025,2/5/2025,$                                                      221.51,,,,,,,,,,,,1.48,,,,,,,,,,,0,,,,,,,,,,,,,,
,,,,,,,,,,,,,,,,,,2025,2/6/2025,$                                                      215.91,,,,,,,,,,,,1.48,,,,,,,,,,,0,,,,,,,,,,,,,,
,,,,,,,,,,,,,,,,,,2025,2/7/2025,$                                                     213.86,,,,,,,,,,,,1.48,,,,,,,,,,,0,,,,,,,,,,,,,,
,,,,,,,,,,,,,,,,,,2025,2/10/2025,$                                                     215.50,,,,,,,,,,,,1.48,,,,,,,,,,,0,,,,,,,,,,,,,,
,,,,,,,,,,,,,,,,,,2025,2/11/2025,$                                                     216.65,,,,,,,,,,,,1.48,,,,,,,,,,,0,,,,,,,,,,,,,,
,,,,,,,,,,,,,,,,,,2025,2/12/2025,$                                                     214.73,,,,,,,,,,,,1.48,,,,,,,,,,,0,,,,,,,,,,,,,,
,,,,,,,,,,,,,,,,,,2025,2/13/2025,$                                                     219.28,,,,,,,,,,,,1.48,,,,,,,,,,,0,,,,,,,,,,,,,,
,,,,,,,,,,,,,,,,,,2025,2/14/2025,$                                                      217.31,,,,,,,,,,,,1.48,,,,,,,,,,,0,,,,,,,,,,,,,,
,,,,,,,,,,,,,,,,,,2025,2/18/2025,$                                                    220.08,,,,,,,,,,,,1.48,,,,,,,,,,,0,,,,,,,,,,,,,,
,,,,,,,,,,,,,,,,,,2025,2/19/2025,$                                                    220.34,,,,,,,,,,,,1.48,,,,,,,,,,,0,,,,,,,,,,,,,,
,,,,,,,,,,,,,,,,,,2025,2/20/2025,$                                                      218.17,,,,,,,,,,,,1.48,,,,,,,,,,,0,,,,,,,,,,,,,,
,,,,,,,,,,,,,,,,,,2025,2/21/2025,$                                                     210.25,,,,,,,,,,,,1.48,,,,,,,,,,,0,,,,,,,,,,,,,,
,,,,,,,,,,,,,,,,,,2025,2/24/2025,$                                                     206.21,,,,,,,,,,,,1.48,,,,,,,,,,,0,,,,,,,,,,,,,,
,,,,,,,,,,,,,,,,,,2025,2/25/2025,$                                                    207.59,,,,,,,,,,,,1.48,,,,,,,,,,,0,,,,,,,,,,,,,,
,,,,,,,,,,,,,,,,,,2025,2/26/2025,$                                                    208.22,,,,,,,,,,,,1.48,,,,,,,,,,,0,,,,,,,,,,,,,,
,,,,,,,,,,,,,,,,,,2025,2/27/2025,$                                                    208.04,,,,,,,,,,,,1.48,,,,,,,,,,,0,,,,,,,,,,,,,,
,,,,,,,,,,,,,,,,,,2025,2/28/2025,$                                                     210.33,,,,,,,,,,,,1.48,,,,,,,,,,,0,,,,,,,,,,,,,,
,,,,,,,,,,,,,,,,,,2025,3/3/2025,$                                                    209.70,,,,,,,,,,,,1.48,,,,,,,,,,,0,,,,,,,,,,,,,,
,,,,,,,,,,,,,,,,,,2025,3/4/2025,$                                                    209.68,,,,,,,,,,,,1.48,,,,,,,,,,,0,,,,,,,,,,,,,,
,,,,,,,,,,,,,,,,,,2025,3/5/2025,$                                                      210.18,,,,,,,,,,,,1.48,,,,,,,,,,,0,,,,,,,,,,,,,,
,,,,,,,,,,,,,,,,,,2025,3/6/2025,$                                                     209.13,,,,,,,,,,,,1.48,,,,,,,,,,,0,,,,,,,,,,,,,,
,,,,,,,,,,,,,,,,,,2025,3/7/2025,$                                                     212.07,,,,,,,,,,,,1.48,,,,,,,,,,,0,,,,,,,,,,,,,,
,,,,,,,,,,,,,,,,,,2025,3/10/2025,$                                                    209.36,,,,,,,,,,,,1.48,,,,,,,,,,,0,,,,,,,,,,,,,,
,,,,,,,,,,,,,,,,,,2025,3/11/2025,$                                                    206.59,,,,,,,,,,,,1.48,,,,,,,,,,,0,,,,,,,,,,,,,,
,,,,,,,,,,,,,,,,,,2025,3/12/2025,$                                                      197.61,,,,,,,,,,,,1.48,,,,,,,,,,,0,,,,,,,,,,,,,,
,,,,,,,,,,,,,,,,,,2025,3/13/2025,$                                                       195.11,,,,,,,,,,,,1.48,,,,,,,,,,,0,,,,,,,,,,,,,,
,,,,,,,,,,,,,,,,,,2025,3/14/2025,$                                                      198.10,,,,,,,,,,,,1.48,,,,,,,,,,,0,,,,,,,,,,,,,,
,,,,,,,,,,,,,,,,,,2025,3/17/2025,$                                                     199.74,,,,,,,,,,,,1.48,,,,,,,,,,,0,,,,,,,,,,,,,,
,,,,,,,,,,,,,,,,,,2025,3/18/2025,$                                                     196.98,,,,,,,,,,,,1.48,,,,,,,,,,,0,,,,,,,,,,,,,,
,,,,,,,,,,,,,,,,,,2025,3/19/2025,$                                                     201.99,,,,,,,,,,,,1.48,,,,,,,,,,,0,,,,,,,,,,,,,,
,,,,,,,,,,,,,,,,,,2025,3/20/2025,$                                                     196.63,,,,,,,,,,,,1.48,,,,,,,,,,,0,,,,,,,,,,,,,,
,,,,,,,,,,,,,,,,,,2025,3/21/2025,$                                                     189.49,,,,,,,,,,,,1.48,,,,,,,,,,,0,,,,,,,,,,,,,,
,,,,,,,,,,,,,,,,,,2025,3/24/2025,$                                                      194.18,,,,,,,,,,,,1.48,,,,,,,,,,,0,,,,,,,,,,,,,,
,,,,,,,,,,,,,,,,,,2025,3/25/2025,$                                                     195.75,,,,,,,,,,,,1.48,,,,,,,,,,,0,,,,,,,,,,,,,,
,,,,,,,,,,,,,,,,,,2025,3/26/2025,$                                                     192.38,,,,,,,,,,,,1.48,,,,,,,,,,,0,,,,,,,,,,,,,,
,,,,,,,,,,,,,,,,,,2025,3/27/2025,$                                                     193.20,,,,,,,,,,,,1.48,,,,,,,,,,,0,,,,,,,,,,,,,,
,,,,,,,,,,,,,,,,,,2025,3/28/2025,$                                                      190.21,,,,,,,,,,,,1.48,,,,,,,,,,,0,,,,,,,,,,,,,,
,,,,,,,,,,,,,,,,,,2025,3/31/2025,$                                                     190.25,,,,,,,,,,,,1.48,,,,,,,,,,,0,,,,,,,,,,,,,,
,,,,,,,,,,,,,,,,,,2025,4/1/2025,$                                                     192.67,,,,,,,,,,,,1.48,,,,,,,,,,,0,,,,,,,,,,,,,,
,,,,,,,,,,,,,,,,,,2025,4/2/2025,$                                                     195.77,,,,,,,,,,,,1.48,,,,,,,,,,,0,,,,,,,,,,,,,,
,,,,,,,,,,,,,,,,,,2025,4/3/2025,$                                                     184.92,,,,,,,,,,,,1.48,,,,,,,,,,,0,,,,,,,,,,,,,,
,,,,,,,,,,,,,,,,,,2025,4/4/2025,$                                                     172.77,,,,,,,,,,,,1.48,,,,,,,,,,,0,,,,,,,,,,,,,,
,,,,,,,,,,,,,,,,,,2025,4/7/2025,$                                                     172.87,,,,,,,,,,,,1.48,,,,,,,,,,,0,,,,,,,,,,,,,,
,,,,,,,,,,,,,,,,,,2025,4/8/2025,$                                                     170.72,,,,,,,,,,,,1.48,,,,,,,,,,,0,,,,,,,,,,,,,,
,,,,,,,,,,,,,,,,,,2025,4/9/2025,$                                                     184.69,,,,,,,,,,,,1.48,,,,,,,,,,,0,,,,,,,,,,,,,,
,,,,,,,,,,,,,,,,,,2025,4/10/2025,$                                                      182.17,,,,,,,,,,,,1.48,,,,,,,,,,,0,,,,,,,,,,,,,,
,,,,,,,,,,,,,,,,,,2025,4/11/2025,$                                                     183.50,,,,,,,,,,,,1.48,,,,,,,,,,,0,,,,,,,,,,,,,,
,,,,,,,,,,,,,,,,,,2025,4/14/2025,$                                                     183.28,,,,,,,,,,,,1.48,,,,,,,,,,,0,,,,,,,,,,,,,,
,,,,,,,,,,,,,,,,,,2025,4/15/2025,$                                                      185.81,,,,,,,,,,,,1.48,,,,,,,,,,,0,,,,,,,,,,,,,,
,,,,,,,,,,,,,,,,,,2025,4/16/2025,$                                                     183.90,,,,,,,,,,,,1.48,,,,,,,,,,,0,,,,,,,,,,,,,,
,,,,,,,,,,,,,,,,,,2025,4/17/2025,$                                                     201.63,,,,,,,,,,,,1.48,,,,,,,,,,,0,,,,,,,,,,,,,,
,,,,,,,,,,,,,,,,,,2025,4/21/2025,$                                                     199.82,,,,,,,,,,,,1.48,,,,,,,,,,,0,,,,,,,,,,,,,,
,,,,,,,,,,,,,,,,,,2025,4/22/2025,$                                                    208.53,,,,,,,,,,,,1.48,,,,,,,,,,,0,,,,,,,,,,,,,,
,,,,,,,,,,,,,,,,,,2025,4/23/2025,$                                                     210.43,,,,,,,,,,,,1.48,,,,,,,,,,,0,,,,,,,,,,,,,,
,,,,,,,,,,,,,,,,,,2025,4/24/2025,$                                                     217.48,,,,,,,,,,,,1.48,,,,,,,,,,,0,,,,,,,,,,,,,,
,,,,,,,,,,,,,,,,,,2025,4/25/2025,$                                                     216.36,,,,,,,,,,,,1.48,,,,,,,,,,,0,,,,,,,,,,,,,,
,,,,,,,,,,,,,,,,,,2025,4/28/2025,$                                                     215.78,,,,,,,,,,,,1.48,,,,,,,,,,,0,,,,,,,,,,,,,,
,,,,,,,,,,,,,,,,,,2025,4/29/2025,$                                                     217.29,,,,,,,,,,,,1.48,,,,,,,,,,,0,,,,,,,,,,,,,,
,,,,,,,,,,,,,,,,,,2025,4/30/2025,$                                                    220.82,,,,,,,,,,,,1.48,,,,,,,,,,,0,,,,,,,,,,,,,,
,,,,,,,,,,,,,,,,,,2025,5/1/2025,$                                                    224.22,,,,,,,,,,,,1.48,,,,,,,,,,,0,,,,,,,,,,,,,,
,,,,,,,,,,,,,,,,,,2025,5/2/2025,$                                                    229.64,,,,,,,,,,,,1.48,,,,,,,,,,,0,,,,,,,,,,,,,,
,,,,,,,,,,,,,,,,,,2025,5/5/2025,$                                                    228.59,,,,,,,,,,,,1.48,,,,,,,,,,,0,,,,,,,,,,,,,,
,,,,,,,,,,,,,,,,,,2025,5/6/2025,$                                                    224.30,,,,,,,,,,,,1.48,,,,,,,,,,,0,,,,,,,,,,,,,,
,,,,,,,,,,,,,,,,,,2025,5/7/2025,$                                                    225.87,,,,,,,,,,,,1.48,,,,,,,,,,,0,,,,,,,,,,,,,,
,,,,,,,,,,,,,,,,,,2025,5/8/2025,$                                                    229.26,,,,,,,,,,,,1.48,,,,,,,,,,,0,,,,,,,,,,,,,,
,,,,,,,,,,,,,,,,,,2025,5/9/2025,$                                                    230.88,,,,,,,,,,,,1.48,,,,,,,,,,,0,,,,,,,,,,,,,,
,,,,,,,,,,,,,,,,,,2025,5/12/2025,$                                                    235.45,,,,,,,,,,,,1.48,,,,,,,,,,,0,,,,,,,,,,,,,,
,,,,,,,,,,,,,,,,,,2025,5/13/2025,$                                                    247.46,,,,,,,,,,,,1.48,,,,,,,,,,,0,,,,,,,,,,,,,,
,,,,,,,,,,,,,,,,,,2025,5/14/2025,$                                                     241.59,,,,,,,,,,,,1.48,,,,,,,,,,,0,,,,,,,,,,,,,,
,,,,,,,,,,,,,,,,,,2025,5/15/2025,$                                                     244.18,,,,,,,,,,,,1.48,,,,,,,,,,,0,,,,,,,,,,,,,,
,,,,,,,,,,,,,,,,,,2025,5/16/2025,$                                                    244.97,,,,,,,,,,,,1.48,,,,,,,,,,,0,,,,,,,,,,,,,,
,,,,,,,,,,,,,,,,,,2025,5/19/2025,$                                                    243.35,,,,,,,,,,,,1.48,,,,,,,,,,,0,,,,,,,,,,,,,,
,,,,,,,,,,,,,,,,,,2025,5/20/2025,$                                                    247.24,,,,,,,,,,,,1.48,,,,,,,,,,,0,,,,,,,,,,,,,,
,,,,,,,,,,,,,,,,,,2025,5/21/2025,$                                                    243.68,,,,,,,,,,,,1.48,,,,,,,,,,,0,,,,,,,,,,,,,,
,,,,,,,,,,,,,,,,,,2025,5/22/2025,$                                                    243.67,,,,,,,,,,,,1.48,,,,,,,,,,,0,,,,,,,,,,,,,,
,,,,,,,,,,,,,,,,,,2025,5/23/2025,$                                                    243.46,,,,,,,,,,,,1.48,,,,,,,,,,,0,,,,,,,,,,,,,,
,,,,,,,,,,,,,,,,,,2025,5/27/2025,$                                                     249.81,,,,,,,,,,,,1.48,,,,,,,,,,,0,,,,,,,,,,,,,,
,,,,,,,,,,,,,,,,,,2025,5/28/2025,$                                                    245.77,,,,,,,,,,,,1.48,,,,,,,,,,,0,,,,,,,,,,,,,,
,,,,,,,,,,,,,,,,,,2025,5/29/2025,$                                                    248.48,,,,,,,,,,,,1.48,,,,,,,,,,,0,,,,,,,,,,,,,,
,,,,,,,,,,,,,,,,,,2025,5/30/2025,$                                                    248.22,,,,,,,,,,,,1.48,,,,,,,,,,,0,,,,,,,,,,,,,,
,,,,,,,,,,,,,,,,,,2025,6/2/2025,$                                                     251.74,,,,,,,,,,,,1.48,,,,,,,,,,,0,,,,,,,,,,,,,,
,,,,,,,,,,,,,,,,,,2025,6/3/2025,$                                                     254.17,,,,,,,,,,,,1.48,,,,,,,,,,,0,,,,,,,,,,,,,,
,,,,,,,,,,,,,,,,,,2025,6/4/2025,$                                                    249.06,,,,,,,,,,,,1.48,,,,,,,,,,,0,,,,,,,,,,,,,,
,,,,,,,,,,,,,,,,,,2025,6/5/2025,$                                                     248.17,,,,,,,,,,,,1.48,,,,,,,,,,,0,,,,,,,,,,,,,,
,,,,,,,,,,,,,,,,,,2025,6/6/2025,$                                                    246.90,,,,,,,,,,,,1.48,,,,,,,,,,,0,,,,,,,,,,,,,,
,,,,,,,,,,,,,,,,,,2025,6/9/2025,$                                                    247.83,,,,,,,,,,,,1.48,,,,,,,,,,,0,,,,,,,,,,,,,,
,,,,,,,,,,,,,,,,,,2025,6/10/2025,$                                                    247.47,,,,,,,,,,,,1.48,,,,,,,,,,,0,,,,,,,,,,,,,,
,,,,,,,,,,,,,,,,,,2025,6/11/2025,$                                                    245.33,,,,,,,,,,,,1.48,,,,,,,,,,,0,,,,,,,,,,,,,,
,,,,,,,,,,,,,,,,,,2025,6/12/2025,$                                                    244.63,,,,,,,,,,,,1.48,,,,,,,,,,,0,,,,,,,,,,,,,,
,,,,,,,,,,,,,,,,,,2025,6/13/2025,$                                                    242.75,,,,,,,,,,,,1.48,,,,,,,,,,,0,,,,,,,,,,,,,,
,,,,,,,,,,,,,,,,,,2025,6/16/2025,$                                                    243.45,,,,,,,,,,,,1.48,,,,,,,,,,,0,,,,,,,,,,,,,,
,,,,,,,,,,,,,,,,,,2025,6/17/2025,$                                                    242.56,,,,,,,,,,,,1.48,,,,,,,,,,,0,,,,,,,,,,,,,,
,,,,,,,,,,,,,,,,,,2025,6/18/2025,$                                                     241.64,,,,,,,,,,,,1.48,,,,,,,,,,,0,,,,,,,,,,,,,,
,,,,,,,,,,,,,,,,,,2025,6/20/2025,$                                                    243.58,,,,,,,,,,,,1.48,,,,,,,,,,,0,,,,,,,,,,,,,,
,,,,,,,,,,,,,,,,,,2025,6/23/2025,$                                                    246.59,,,,,,,,,,,,1.48,,,,,,,,,,,0,,,,,,,,,,,,,,
,,,,,,,,,,,,,,,,,,2025,6/24/2025,$                                                    247.20,,,,,,,,,,,,1.48,,,,,,,,,,,0,,,,,,,,,,,,,,
,,,,,,,,,,,,,,,,,,2025,6/25/2025,$                                                    242.39,,,,,,,,,,,,1.48,,,,,,,,,,,0,,,,,,,,,,,,,,
,,,,,,,,,,,,,,,,,,2025,6/26/2025,$                                                    246.94,,,,,,,,,,,,1.48,,,,,,,,,,,0,,,,,,,,,,,,,,
,,,,,,,,,,,,,,,,,,2025,6/27/2025,$                                                    246.06,,,,,,,,,,,,1.48,,,,,,,,,,,0,,,,,,,,,,,,,,
,,,,,,,,,,,,,,,,,,2025,6/30/2025,$                                                    244.95,,,,,,,,,,,,1.48,,,,,,,,,,,0,,,,,,,,,,,,,,
,,,,,,,,,,,,,,,,,,2025,7/1/2025,$                                                    240.58,,,,,,,,,,,,1.48,,,,,,,,,,,0,,,,,,,,,,,,,,
,,,,,,,,,,,,,,,,,,2025,7/2/2025,$                                                    240.33,,,,,,,,,,,,1.48,,,,,,,,,,,0,,,,,,,,,,,,,,
,,,,,,,,,,,,,,,,,,2025,7/3/2025,$                                                    242.62,,,,,,,,,,,,1.48,,,,,,,,,,,0,,,,,,,,,,,,,,
,,,,,,,,,,,,,,,,,,2025,7/7/2025,$                                                     239.51,,,,,,,,,,,,1.48,,,,,,,,,,,0,,,,,,,,,,,,,,
,,,,,,,,,,,,,,,,,,2025,7/8/2025,$                                                    237.96,,,,,,,,,,,,1.48,,,,,,,,,,,0,,,,,,,,,,,,,,
,,,,,,,,,,,,,,,,,,2025,7/9/2025,$                                                    239.82,,,,,,,,,,,,1.48,,,,,,,,,,,0,,,,,,,,,,,,,,
,,,,,,,,,,,,,,,,,,2025,7/10/2025,$                                                    239.69,,,,,,,,,,,,1.48,,,,,,,,,,,0,,,,,,,,,,,,,,
,,,,,,,,,,,,,,,,,,2025,7/11/2025,$                                                     239.01,,,,,,,,,,,,1.48,,,,,,,,,,,0,,,,,,,,,,,,,,
,,,,,,,,,,,,,,,,,,2025,7/14/2025,$                                                    239.38,,,,,,,,,,,,1.48,,,,,,,,,,,0,,,,,,,,,,,,,,
,,,,,,,,,,,,,,,,,,2025,7/15/2025,$                                                    237.68,,,,,,,,,,,,1.48,,,,,,,,,,,0,,,,,,,,,,,,,,
,,,,,,,,,,,,,,,,,,2025,7/16/2025,$                                                     240.91,,,,,,,,,,,,1.48,,,,,,,,,,,0,,,,,,,,,,,,,,
,,,,,,,,,,,,,,,,,,2025,7/17/2025,$                                                     245.81,,,,,,,,,,,,1.48,,,,,,,,,,,0,,,,,,,,,,,,,,
,,,,,,,,,,,,,,,,,,2025,7/18/2025,$                                                    244.37,,,,,,,,,,,,1.48,,,,,,,,,,,0,,,,,,,,,,,,,,
,,,,,,,,,,,,,,,,,,2025,7/21/2025,$                                                    245.22,,,,,,,,,,,,1.48,,,,,,,,,,,0,,,,,,,,,,,,,,
,,,,,,,,,,,,,,,,,,2025,7/22/2025,$                                                    204.80,,,,,,,,,,,,1.48,,,,,,,,,,,0,,,,,,,,,,,,,,
,,,,,,,,,,,,,,,,,,2025,7/23/2025,$                                                      192.01,,,,,,,,,,,,1.48,,,,,,,,,,,0,,,,,,,,,,,,,,
,,,,,,,,,,,,,,,,,,2025,7/24/2025,$                                                     189.82,,,,,,,,,,,,1.48,,,,,,,,,,,0,,,,,,,,,,,,,,
,,,,,,,,,,,,,,,,,,2025,7/25/2025,$                                                      193.01,,,,,,,,,,,,1.48,,,,,,,,,,,0,,,,,,,,,,,,,,
,,,,,,,,,,,,,,,,,,2025,7/28/2025,$                                                     192.58,,,,,,,,,,,,1.48,,,,,,,,,,,0,,,,,,,,,,,,,,
,,,,,,,,,,,,,,,,,,2025,7/29/2025,$                                                     188.00,,,,,,,,,,,,1.48,,,,,,,,,,,0,,,,,,,,,,,,,,
,,,,,,,,,,,,,,,,,,2025,7/30/2025,$                                                      191.30,,,,,,,,,,,,1.48,,,,,,,,,,,0,,,,,,,,,,,,,,
,,,,,,,,,,,,,,,,,,2025,7/31/2025,$                                                     188.76,,,,,,,,,,,,1.48,,,,,,,,,,,0,,,,,,,,,,,,,,
,,,,,,,,,,,,,,,,,,2025,8/1/2025,$                                                      181.30,,,,,,,,,,,,1.48,,,,,,,,,,,0,,,,,,,,,,,,,,
,,,,,,,,,,,,,,,,,,2025,8/4/2025,$                                                     185.86,,,,,,,,,,,,1.48,,,,,,,,,,,0,,,,,,,,,,,,,,
,,,,,,,,,,,,,,,,,,2025,8/5/2025,$                                                     184.23,,,,,,,,,,,,1.48,,,,,,,,,,,0,,,,,,,,,,,,,,
,,,,,,,,,,,,,,,,,,2025,8/6/2025,$                                                      188.15,,,,,,,,,,,,1.48,,,,,,,,,,,0,,,,,,,,,,,,,,
,,,,,,,,,,,,,,,,,,2025,8/7/2025,$                                                     188.82,,,,,,,,,,,,1.48,,,,,,,,,,,0,,,,,,,,,,,,,,
,,,,,,,,,,,,,,,,,,2025,8/8/2025,$                                                      188.17,,,,,,,,,,,,1.48,,,,,,,,,,,0,,,,,,,,,,,,,,
,,,,,,,,,,,,,,,,,,2025,8/11/2025,$                                                     188.87,,,,,,,,,,,,1.48,,,,,,,,,,,0,,,,,,,,,,,,,,
,,,,,,,,,,,,,,,,,,2025,8/12/2025,$                                                     192.29,,,,,,,,,,,,1.48,,,,,,,,,,,0,,,,,,,,,,,,,,
,,,,,,,,,,,,,,,,,,2025,8/13/2025,$                                                     193.09,,,,,,,,,,,,1.48,,,,,,,,,,,0,,,,,,,,,,,,,,
,,,,,,,,,,,,,,,,,,2025,8/14/2025,$                                                      191.08,,,,,,,,,,,,1.48,,,,,,,,,,,0,,,,,,,,,,,,,,
,,,,,,,,,,,,,,,,,,2025,8/15/2025,$                                                     186.82,,,,,,,,,,,,1.48,,,,,,,,,,,0,,,,,,,,,,,,,,
,,,,,,,,,,,,,,,,,,2025,8/18/2025,$                                                     186.70,,,,,,,,,,,,1.48,,,,,,,,,,,0,,,,,,,,,,,,,,
,,,,,,,,,,,,,,,,,,2025,8/19/2025,$                                                     187.66,,,,,,,,,,,,1.48,,,,,,,,,,,0,,,,,,,,,,,,,,
,,,,,,,,,,,,,,,,,,2025,8/20/2025,$                                                     187.60,,,,,,,,,,,,1.48,,,,,,,,,,,0,,,,,,,,,,,,,,
,,,,,,,,,,,,,,,,,,2025,8/21/2025,$                                                     183.45,,,,,,,,,,,,1.48,,,,,,,,,,,0,,,,,,,,,,,,,,
,,,,,,,,,,,,,,,,,,2025,8/22/2025,$                                                     189.29,,,,,,,,,,,,1.48,,,,,,,,,,,0,,,,,,,,,,,,,,
,,,,,,,,,,,,,,,,,,2025,8/25/2025,$                                                     185.07,,,,,,,,,,,,1.48,,,,,,,,,,,0,,,,,,,,,,,,,,
,,,,,,,,,,,,,,,,,,2025,8/26/2025,$                                                      185.19,,,,,,,,,,,,1.48,,,,,,,,,,,0,,,,,,,,,,,,,,
,,,,,,,,,,,,,,,,,,2025,8/27/2025,$                                                     188.40,,,,,,,,,,,,1.48,,,,,,,,,,,0,,,,,,,,,,,,,,
,,,,,,,,,,,,,,,,,,2025,8/28/2025,$                                                     186.49,,,,,,,,,,,,1.48,,,,,,,,,,,0,,,,,,,,,,,,,,
,,,,,,,,,,,,,,,,,,2025,8/29/2025,$                                                     182.92,,,,,,,,,,,,1.48,,,,,,,,,,,0,,,,,,,,,,,,,,
,,,,,,,,,,,,,,,,,,2025,9/2/2025,$                                                     180.95,,,,,,,,,,,,1.48,,,,,,,,,,,0,,,,,,,,,,,,,,
,,,,,,,,,,,,,,,,,,2025,9/3/2025,$                                                      181.76,,,,,,,,,,,,1.48,,,,,,,,,,,0,,,,,,,,,,,,,,
,,,,,,,,,,,,,,,,,,2025,9/4/2025,$                                                     183.25,,,,,,,,,,,,1.48,,,,,,,,,,,0,,,,,,,,,,,,,,
,,,,,,,,,,,,,,,,,,2025,9/5/2025,$                                                     182.83,,,,,,,,,,,,1.48,,,,,,,,,,,0,,,,,,,,,,,,,,
,,,,,,,,,,,,,,,,,,2025,9/8/2025,$                                                      182.71,,,,,,,,,,,,1.48,,,,,,,,,,,0,,,,,,,,,,,,,,
,,,,,,,,,,,,,,,,,,2025,9/9/2025,$                                                     179.44,,,,,,,,,,,,1.48,,,,,,,,,,,0,,,,,,,,,,,,,,
,,,,,,,,,,,,,,,,,,2025,9/10/2025,$                                                     177.48,,,,,,,,,,,,1.48,,,,,,,,,,,0,,,,,,,,,,,,,,
,,,,,,,,,,,,,,,,,,2025,9/11/2025,$                                                      181.29,,,,,,,,,,,,1.48,,,,,,,,,,,0,,,,,,,,,,,,,,
,,,,,,,,,,,,,,,,,,2025,9/12/2025,$                                                     177.80,,,,,,,,,,,,1.48,,,,,,,,,,,0,,,,,,,,,,,,,,
,,,,,,,,,,,,,,,,,,2025,9/15/2025,$                                                     179.76,,,,,,,,,,,,1.48,,,,,,,,,,,0,,,,,,,,,,,,,,
,,,,,,,,,,,,,,,,,,2025,9/16/2025,$                                                     177.25,,,,,,,,,,,,1.48,,,,,,,,,,,0,,,,,,,,,,,,,,
,,,,,,,,,,,,,,,,,,2025,9/17/2025,$                                                     172.67,,,,,,,,,,,,1.48,,,,,,,,,,,0,,,,,,,,,,,,,,
,,,,,,,,,,,,,,,,,,2025,9/18/2025,$                                                     178.34,,,,,,,,,,,,1.48,,,,,,,,,,,0,,,,,,,,,,,,,,
,,,,,,,,,,,,,,,,,,2025,9/19/2025,$                                                     177.08,,,,,,,,,,,,1.48,,,,,,,,,,,0,,,,,,,,,,,,,,
,,,,,,,,,,,,,,,,,,2025,9/22/2025,$                                                     177.23,,,,,,,,,,,,1.48,,,,,,,,,,,0,,,,,,,,,,,,,,
,,,,,,,,,,,,,,,,,,2025,9/23/2025,$                                                     175.43,,,,,,,,,,,,1.48,,,,,,,,,,,0,,,,,,,,,,,,,,
,,,,,,,,,,,,,,,,,,2025,9/24/2025,$                                                     172.32,,,,,,,,,,,,1.48,,,,,,,,,,,0,,,,,,,,,,,,,,
,,,,,,,,,,,,,,,,,,2025,9/25/2025,$                                                     174.96,,,,,,,,,,,,1.48,,,,,,,,,,,0,,,,,,,,,,,,,,
,,,,,,,,,,,,,,,,,,2025,9/26/2025,$                                                     176.39,,,,,,,,,,,,1.48,,,,,,,,,,,0,,,,,,,,,,,,,,
,,,,,,,,,,,,,,,,,,2025,9/29/2025,$                                                     177.03,,,,,,,,,,,,1.48,,,,,,,,,,,0,,,,,,,,,,,,,,
,,,,,,,,,,,,,,,,,,2025,9/30/2025,$                                                     178.58,,,,,,,,,,,,1.48,,,,,,,,,,,0,,,,,,,,,,,,,,
,,,,,,,,,,,,,,,,,,2025,10/1/2025,$                                                     176.67,,,,,,,,,,,,1.48,,,,,,,,,,,0,,,,,,,,,,,,,,
,,,,,,,,,,,,,,,,,,2025,10/2/2025,$                                                     179.75,,,,,,,,,,,,1.48,,,,,,,,,,,0,,,,,,,,,,,,,,
,,,,,,,,,,,,,,,,,,2025,10/3/2025,$                                                       181.01,,,,,,,,,,,,1.48,,,,,,,,,,,0,,,,,,,,,,,,,,
,,,,,,,,,,,,,,,,,,2025,10/6/2025,$                                                     180.94,,,,,,,,,,,,1.48,,,,,,,,,,,0,,,,,,,,,,,,,,
,,,,,,,,,,,,,,,,,,2025,10/7/2025,$                                                     178.86,,,,,,,,,,,,1.48,,,,,,,,,,,0,,,,,,,,,,,,,,
,,,,,,,,,,,,,,,,,,2025,10/8/2025,$                                                     179.23,,,,,,,,,,,,1.48,,,,,,,,,,,0,,,,,,,,,,,,,,
,,,,,,,,,,,,,,,,,,2025,10/9/2025,$                                                     173.62,,,,,,,,,,,,1.48,,,,,,,,,,,0,,,,,,,,,,,,,,
,,,,,,,,,,,,,,,,,,2025,10/10/2025,$                                                     172.92,,,,,,,,,,,,1.48,,,,,,,,,,,0,,,,,,,,,,,,,,
,,,,,,,,,,,,,,,,,,2025,10/13/2025,$                                                     177.22,,,,,,,,,,,,1.48,,,,,,,,,,,0,,,,,,,,,,,,,,
,,,,,,,,,,,,,,,,,,2025,10/14/2025,$                                                     178.98,,,,,,,,,,,,1.48,,,,,,,,,,,0,,,,,,,,,,,,,,
,,,,,,,,,,,,,,,,,,2025,10/15/2025,$                                                     180.24,,,,,,,,,,,,1.48,,,,,,,,,,,0,,,,,,,,,,,,,,
,,,,,,,,,,,,,,,,,,2025,10/16/2025,$                                                     177.89,,,,,,,,,,,,1.48,,,,,,,,,,,0,,,,,,,,,,,,,,
,,,,,,,,,,,,,,,,,,2025,10/17/2025,$                                                     179.94,,,,,,,,,,,,1.48,,,,,,,,,,,0,,,,,,,,,,,,,,
,,,,,,,,,,,,,,,,,,2025,10/20/2025,$                                                      187.41,,,,,,,,,,,,1.48,,,,,,,,,,,0,,,,,,,,,,,,,,
,,,,,,,,,,,,,,,,,,2025,10/21/2025,$                                                     177.35,,,,,,,,,,,,1.48,,,,,,,,,,,0,,,,,,,,,,,,,,
,,,,,,,,,,,,,,,,,,2025,10/22/2025,$                                                     182.60,,,,,,,,,,,,1.48,,,,,,,,,,,0,,,,,,,,,,,,,,
,,,,,,,,,,,,,,,,,,2025,10/23/2025,$                                                     186.62,,,,,,,,,,,,1.48,,,,,,,,,,,0,,,,,,,,,,,,,,
,,,,,,,,,,,,,,,,,,2025,10/24/2025,$                                                     187.29,,,,,,,,,,,,1.48,,,,,,,,,,,0,,,,,,,,,,,,,,
,,,,,,,,,,,,,,,,,,2025,10/27/2025,$                                                      183.17,,,,,,,,,,,,1.48,,,,,,,,,,,0,,,,,,,,,,,,,,
,,,,,,,,,,,,,,,,,,2025,10/28/2025,$                                                     185.50,,,,,,,,,,,,1.48,,,,,,,,,,,0,,,,,,,,,,,,,,
,,,,,,,,,,,,,,,,,,2025,10/29/2025,$                                                     183.00,,,,,,,,,,,,1.48,,,,,,,,,,,0,,,,,,,,,,,,,,
,,,,,,,,,,,,,,,,,,2025,10/30/2025,$                                                       181.13,,,,,,,,,,,,1.48,,,,,,,,,,,0,,,,,,,,,,,,,,
,,,,,,,,,,,,,,,,,,2025,10/31/2025,$                                                     180.45,,,,,,,,,,,,1.48,,,,,,,,,,,0,,,,,,,,,,,,,,
,,,,,,,,,,,,,,,,,,2025,11/3/2025,$                                                      181.93,,,,,,,,,,,,1.48,,,,,,,,,,,0,,,,,,,,,,,,,,
,,,,,,,,,,,,,,,,,,2025,11/4/2025,$                                                     183.08,,,,,,,,,,,,1.48,,,,,,,,,,,0,,,,,,,,,,,,,,
,,,,,,,,,,,,,,,,,,2025,11/5/2025,$                                                      186.19,,,,,,,,,,,,1.48,,,,,,,,,,,0,,,,,,,,,,,,,,
,,,,,,,,,,,,,,,,,,2025,11/6/2025,$                                                     186.74,,,,,,,,,,,,1.48,,,,,,,,,,,0,,,,,,,,,,,,,,
,,,,,,,,,,,,,,,,,,2025,11/7/2025,$                                                     187.87,,,,,,,,,,,,1.48,,,,,,,,,,,0,,,,,,,,,,,,,,
,,,,,,,,,,,,,,,,,,2025,11/10/2025,$                                                     187.50,,,,,,,,,,,,1.48,,,,,,,,,,,0,,,,,,,,,,,,,,
,,,,,,,,,,,,,,,,,,2025,11/11/2025,$                                                      185.51,,,,,,,,,,,,1.48,,,,,,,,,,,0,,,,,,,,,,,,,,
,,,,,,,,,,,,,,,,,,2025,11/12/2025,$                                                     185.82,,,,,,,,,,,,1.48,,,,,,,,,,,0,,,,,,,,,,,,,,
,,,,,,,,,,,,,,,,,,2025,11/13/2025,$                                                     177.80,,,,,,,,,,,,1.48,,,,,,,,,,,0,,,,,,,,,,,,,,
,,,,,,,,,,,,,,,,,,2025,11/14/2025,$                                                     175.90,,,,,,,,,,,,1.48,,,,,,,,,,,0,,,,,,,,,,,,,,
,,,,,,,,,,,,,,,,,,2025,11/17/2025,$                                                     174.59,,,,,,,,,,,,1.48,,,,,,,,,,,0,,,,,,,,,,,,,,
,,,,,,,,,,,,,,,,,,2025,11/18/2025,$                                                     172.04,,,,,,,,,,,,1.48,,,,,,,,,,,0,,,,,,,,,,,,,,
,,,,,,,,,,,,,,,,,,2025,11/19/2025,$                                                     169.05,,,,,,,,,,,,1.48,,,,,,,,,,,0,,,,,,,,,,,,,,
,,,,,,,,,,,,,,,,,,2025,11/20/2025,$                                                      168.16,,,,,,,,,,,,1.48,,,,,,,,,,,0,,,,,,,,,,,,,,
,,,,,,,,,,,,,,,,,,2025,11/21/2025,$                                                     177.46,,,,,,,,,,,,1.48,,,,,,,,,,,0,,,,,,,,,,,,,,
,,,,,,,,,,,,,,,,,,2025,11/24/2025,$                                                     177.82,,,,,,,,,,,,1.48,,,,,,,,,,,0,,,,,,,,,,,,,,
,,,,,,,,,,,,,,,,,,2025,11/25/2025,$                                                     182.60,,,,,,,,,,,,1.48,,,,,,,,,,,0,,,,,,,,,,,,,,
,,,,,,,,,,,,,,,,,,2025,11/26/2025,$                                                      176.91,,,,,,,,,,,,1.48,,,,,,,,,,,0,,,,,,,,,,,,,,
,,,,,,,,,,,,,,,,,,2025,11/28/2025,$                                                     178.54,,,,,,,,,,,,1.48,,,,,,,,,,,0,,,,,,,,,,,,,,
,,,,,,,,,,,,,,,,,,2025,12/1/2025,$                                                     173.29,,,,,,,,,,,,1.48,,,,,,,,,,,0,,,,,,,,,,,,,,
,,,,,,,,,,,,,,,,,,2025,12/2/2025,$                                                     174.59,,,,,,,,,,,,1.48,,,,,,,,,,,0,,,,,,,,,,,,,,
,,,,,,,,,,,,,,,,,,2025,12/3/2025,$                                                     178.30,,,,,,,,,,,,1.48,,,,,,,,,,,0,,,,,,,,,,,,,,
,,,,,,,,,,,,,,,,,,2025,12/4/2025,$                                                      177.81,,,,,,,,,,,,1.48,,,,,,,,,,,0,,,,,,,,,,,,,,
,,,,,,,,,,,,,,,,,,2025,12/5/2025,$                                                      180.14,,,,,,,,,,,,1.48,,,,,,,,,,,0,,,,,,,,,,,,,,
,,,,,,,,,,,,,,,,,,2025,12/8/2025,$                                                     177.38,,,,,,,,,,,,1.48,,,,,,,,,,,0,,,,,,,,,,,,,,
,,,,,,,,,,,,,,,,,,2025,12/9/2025,$                                                     176.00,,,,,,,,,,,,1.48,,,,,,,,,,,0,,,,,,,,,,,,,,
,,,,,,,,,,,,,,,,,,2025,12/10/2025,$                                                     177.44,,,,,,,,,,,,1.48,,,,,,,,,,,0,,,,,,,,,,,,,,
,,,,,,,,,,,,,,,,,,2025,12/11/2025,$                                                     182.37,,,,,,,,,,,,1.48,,,,,,,,,,,0,,,,,,,,,,,,,,
,,,,,,,,,,,,,,,,,,2025,12/12/2025,$                                                     184.80,,,,,,,,,,,,1.48,,,,,,,,,,,0,,,,,,,,,,,,,,
,,,,,,,,,,,,,,,,,,2025,12/15/2025,$                                                     183.53,,,,,,,,,,,,1.48,,,,,,,,,,,0,,,,,,,,,,,,,,
,,,,,,,,,,,,,,,,,,2025,12/16/2025,$                                                     184.04,,,,,,,,,,,,1.48,,,,,,,,,,,0,,,,,,,,,,,,,,
,,,,,,,,,,,,,,,,,,2025,12/17/2025,$                                                     180.87,,,,,,,,,,,,1.48,,,,,,,,,,,0,,,,,,,,,,,,,,
,,,,,,,,,,,,,,,,,,2025,12/18/2025,$                                                     182.66,,,,,,,,,,,,1.48,,,,,,,,,,,0,,,,,,,,,,,,,,
,,,,,,,,,,,,,,,,,,2025,12/19/2025,$                                                      181.64,,,,,,,,,,,,1.48,,,,,,,,,,,0,,,,,,,,,,,,,,
,,,,,,,,,,,,,,,,,,2025,12/22/2025,$                                                      183.14,,,,,,,,,,,,1.48,,,,,,,,,,,0,,,,,,,,,,,,,,
,,,,,,,,,,,,,,,,,,2025,12/23/2025,$                                                      181.26,,,,,,,,,,,,1.48,,,,,,,,,,,0,,,,,,,,,,,,,,
,,,,,,,,,,,,,,,,,,2025,12/24/2025,$                                                     182.55,,,,,,,,,,,,1.48,,,,,,,,,,,0,,,,,,,,,,,,,,
,,,,,,,,,,,,,,,,,,2025,12/26/2025,$                                                     180.75,,,,,,,,,,,,1.48,,,,,,,,,,,0,,,,,,,,,,,,,,
,,,,,,,,,,,,,,,,,,2025,12/29/2025,$                                                     179.74,,,,,,,,,,,,1.48,,,,,,,,,,,0,,,,,,,,,,,,,,
,,,,,,,,,,,,,,,,,,2025,12/30/2025,$                                                     178.23,,,,,,,,,,,,1.48,,,,,,,,,,,0,,,,,,,,,,,,,,
,,,,,,,,,,,,,,,,,,2025,12/31/2025,$                                                      174.41,,,,,,,,,,,,1.48,,,,,,,,,,,0,,,,,,,,,,,,,,
,,,,,,,,,,,,,,,,,,2026,1/2/2026,$                                                     176.39,,,,,,,,,,,,1.48,,,,,,,,,,,0,,,,,,,,,,,,,,
,,,,,,,,,,,,,,,,,,2026,1/5/2026,$                                                     177.03,,,,,,,,,,,,1.48,,,,,,,,,,,0,,,,,,,,,,,,,,
,,,,,,,,,,,,,,,,,,2026,1/6/2026,$                                                      181.83,,,,,,,,,,,,1.48,,,,,,,,,,,0,,,,,,,,,,,,,,
,,,,,,,,,,,,,,,,,,2026,1/7/2026,$                                                     166.69,,,,,,,,,,,,1.48,,,,,,,,,,,0,,,,,,,,,,,,,,
,,,,,,,,,,,,,,,,,,2026,1/8/2026,$                                                      174.10,,,,,,,,,,,,1.48,,,,,,,,,,,0,,,,,,,,,,,,,,
,,,,,,,,,,,,,,,,,,2026,1/9/2026,$                                                      174.61,,,,,,,,,,,,1.48,,,,,,,,,,,0,,,,,,,,,,,,,,
,,,,,,,,,,,,,,,,,,2026,1/12/2026,$                                                      171.63,,,,,,,,,,,,1.48,,,,,,,,,,,0,,,,,,,,,,,,,,
,,,,,,,,,,,,,,,,,,2026,1/13/2026,$                                                      171.80,,,,,,,,,,,,1.48,,,,,,,,,,,0,,,,,,,,,,,,,,
,,,,,,,,,,,,,,,,,,2026,1/14/2026,$                                                      171.00,,,,,,,,,,,,1.48,,,,,,,,,,,0,,,,,,,,,,,,,,
,,,,,,,,,,,,,,,,,,2026,1/15/2026,$                                                     170.56,,,,,,,,,,,,1.48,,,,,,,,,,,0,,,,,,,,,,,,,,
,,,,,,,,,,,,,,,,,,2026,1/16/2026,$                                                      171.68,,,,,,,,,,,,1.48,,,,,,,,,,,0,,,,,,,,,,,,,,
,,,,,,,,,,,,,,,,,,2026,1/20/2026,$                                                     165.76,,,,,,,,,,,,1.48,,,,,,,,,,,0,,,,,,,,,,,,,,
,,,,,,,,,,,,,,,,,,2026,1/21/2026,$                                                      170.14,,,,,,,,,,,,1.48,,,,,,,,,,,0,,,,,,,,,,,,,,
,,,,,,,,,,,,,,,,,,2026,1/22/2026,$                                                      172.13,,,,,,,,,,,,1.48,,,,,,,,,,,0,,,,,,,,,,,,,,
,,,,,,,,,,,,,,,,,,2026,1/23/2026,$                                                     169.52,,,,,,,,,,,,1.48,,,,,,,,,,,0,,,,,,,,,,,,,,
,,,,,,,,,,,,,,,,,,2026,1/26/2026,$                                                     173.60,,,,,,,,,,,,1.48,,,,,,,,,,,0,,,,,,,,,,,,,,
,,,,,,,,,,,,,,,,,,2026,1/27/2026,$                                                      164.41,,,,,,,,,,,,1.48,,,,,,,,,,,0,,,,,,,,,,,,,,
,,,,,,,,,,,,,,,,,,2026,1/28/2026,$                                                     146.32,,,,,,,,,,,,1.48,,,,,,,,,,,0,,,,,,,,,,,,,,
,,,,,,,,,,,,,,,,,,2026,1/29/2026,$                                                     144.42,,,,,,,,,,,,1.48,,,,,,,,,,,0,,,,,,,,,,,,,,
,,,,,,,,,,,,,,,,,,2026,1/30/2026,$                                                     146.58,,,,,,,,,,,,1.48,,,,,,,,,,,0,,,,,,,,,,,,,,
,,,,,,,,,,,,,,,,,,2026,2/2/2026,$                                                      151.83,,,,,,,,,,,,1.48,,,,,,,,,,,0,,,,,,,,,,,,,,
,,,,,,,,,,,,,,,,,,2026,2/3/2026,$                                                     147.43,,,,,,,,,,,,1.48,,,,,,,,,,,0,,,,,,,,,,,,,,
,,,,,,,,,,,,,,,,,,2026,2/4/2026,$                                                      146.31,,,,,,,,,,,,1.48,,,,,,,,,,,0,,,,,,,,,,,,,,
,,,,,,,,,,,,,,,,,,2026,2/5/2026,$                                                     145.88,,,,,,,,,,,,1.48,,,,,,,,,,,0,,,,,,,,,,,,,,
,,,,,,,,,,,,,,,,,,2026,2/6/2026,$                                                      151.23,,,,,,,,,,,,1.48,,,,,,,,,,,0,,,,,,,,,,,,,,
,,,,,,,,,,,,,,,,,,2026,2/9/2026,$                                                     150.58,,,,,,,,,,,,1.48,,,,,,,,,,,0,,,,,,,,,,,,,,
,,,,,,,,,,,,,,,,,,2026,2/10/2026,$                                                     153.05,,,,,,,,,,,,1.48,,,,,,,,,,,0,,,,,,,,,,,,,,
,,,,,,,,,,,,,,,,,,2026,2/11/2026,$                                                     156.92,,,,,,,,,,,,1.48,,,,,,,,,,,0,,,,,,,,,,,,,,
,,,,,,,,,,,,,,,,,,2026,2/12/2026,$                                                      158.41,,,,,,,,,,,,1.48,,,,,,,,,,,0,,,,,,,,,,,,,,
,,,,,,,,,,,,,,,,,,2026,2/13/2026,$                                                     154.88,,,,,,,,,,,,1.48,,,,,,,,,,,0,,,,,,,,,,,,,,
,,,,,,,,,,,,,,,,,,2026,2/17/2026,$                                                      159.19,,,,,,,,,,,,1.48,,,,,,,,,,,0,,,,,,,,,,,,,,
,,,,,,,,,,,,,,,,,,2026,2/18/2026,$                                                     158.20,,,,,,,,,,,,1.48,,,,,,,,,,,0,,,,,,,,,,,,,,
,,,,,,,,,,,,,,,,,,2026,2/19/2026,$                                                      161.89,,,,,,,,,,,,1.48,,,,,,,,,,,0,,,,,,,,,,,,,,
,,,,,,,,,,,,,,,,,,2026,2/20/2026,$                                                     159.37,,,,,,,,,,,,1.48,,,,,,,,,,,0,,,,,,,,,,,,,,
,,,,,,,,,,,,,,,,,,2026,2/23/2026,$                                                     156.20,,,,,,,,,,,,1.48,,,,,,,,,,,0,,,,,,,,,,,,,,
,,,,,,,,,,,,,,,,,,2026,2/24/2026,$                                                     158.34,,,,,,,,,,,,1.48,,,,,,,,,,,0,,,,,,,,,,,,,,
,,,,,,,,,,,,,,,,,,2026,2/25/2026,$                                                     155.79,,,,,,,,,,,,1.48,,,,,,,,,,,0,,,,,,,,,,,,,,
,,,,,,,,,,,,,,,,,,2026,2/26/2026,$                                                      156.17,,,,,,,,,,,,1.48,,,,,,,,,,,0,,,,,,,,,,,,,,
,,,,,,,,,,,,,,,,,,2026,2/27/2026,$                                                     152.43,,,,,,,,,,,,1.48,,,,,,,,,,,0,,,,,,,,,,,,,,
,,,,,,,,,,,,,,,,,,2026,3/2/2026,$                                                     152.20,,,,,,,,,,,,1.48,,,,,,,,,,,0,,,,,,,,,,,,,,
,,,,,,,,,,,,,,,,,,2026,3/3/2026,$                                                     148.76,,,,,,,,,,,,1.48,,,,,,,,,,,0,,,,,,,,,,,,,,
,,,,,,,,,,,,,,,,,,2026,3/4/2026,$                                                       149.11,,,,,,,,,,,,1.48,,,,,,,,,,,0,,,,,,,,,,,,,,
,,,,,,,,,,,,,,,,,,2026,3/5/2026,$                                                     146.00,,,,,,,,,,,,1.48,,,,,,,,,,,0,,,,,,,,,,,,,,
,,,,,,,,,,,,,,,,,,2026,3/6/2026,$                                                     148.85,,,,,,,,,,,,1.48,,,,,,,,,,,0,,,,,,,,,,,,,,
,,,,,,,,,,,,,,,,,,2026,3/9/2026,$                                                     149.54,,,,,,,,,,,,1.48,,,,,,,,,,,0,,,,,,,,,,,,,,
,,,,,,,,,,,,,,,,,,2026,3/10/2026,$                                                     147.20,,,,,,,,,,,,1.48,,,,,,,,,,,0,,,,,,,,,,,,,,
,,,,,,,,,,,,,,,,,,2026,3/11/2026,$                                                     146.84,,,,,,,,,,,,1.48,,,,,,,,,,,0,,,,,,,,,,,,,,
,,,,,,,,,,,,,,,,,,2026,3/12/2026,$                                                     144.30,,,,,,,,,,,,1.48,,,,,,,,,,,0,,,,,,,,,,,,,,
,,,,,,,,,,,,,,,,,,2026,3/13/2026,$                                                     146.59,,,,,,,,,,,,1.48,,,,,,,,,,,0,,,,,,,,,,,,,,
,,,,,,,,,,,,,,,,,,2026,3/16/2026,$                                                      151.86,,,,,,,,,,,,1.48,,,,,,,,,,,0,,,,,,,,,,,,,,
,,,,,,,,,,,,,,,,,,2026,3/17/2026,$                                                     150.00,,,,,,,,,,,,1.48,,,,,,,,,,,0,,,,,,,,,,,,,,
,,,,,,,,,,,,,,,,,,2026,3/18/2026,$                                                     147.89,,,,,,,,,,,,1.48,,,,,,,,,,,0,,,,,,,,,,,,,,
,,,,,,,,,,,,,,,,,,2026,3/19/2026,$                                                      148.41,,,,,,,,,,,,1.48,,,,,,,,,,,0,,,,,,,,,,,,,,
,,,,,,,,,,,,,,,,,,2026,3/20/2026,$                                                     147.94,,,,,,,,,,,,1.48,,,,,,,,,,,0,,,,,,,,,,,,,,
,,,,,,,,,,,,,,,,,,2026,3/23/2026,$                                                     153.83,,,,,,,,,,,,1.48,,,,,,,,,,,0,,,,,,,,,,,,,,
,,,,,,,,,,,,,,,,,,2026,3/24/2026,$                                                     150.64,,,,,,,,,,,,1.48,,,,,,,,,,,0,,,,,,,,,,,,,,
,,,,,,,,,,,,,,,,,,2026,3/25/2026,$                                                     153.37,,,,,,,,,,,,1.48,,,,,,,,,,,0,,,,,,,,,,,,,,
,,,,,,,,,,,,,,,,,,2026,3/26/2026,$                                                       151.18,,,,,,,,,,,,1.48,,,,,,,,,,,0,,,,,,,,,,,,,,
,,,,,,,,,,,,,,,,,,2026,3/27/2026,$                                                      145.81,,,,,,,,,,,,1.48,,,,,,,,,,,0,,,,,,,,,,,,,,
,,,,,,,,,,,,,,,,,,2026,3/30/2026,$                                                      148.10,,,,,,,,,,,,1.48,,,,,,,,,,,0,,,,,,,,,,,,,,
,,,,,,,,,,,,,,,,,,2026,3/31/2026,$                                                     152.35,,,,,,,,,,,,1.48,,,,,,,,,,,0,,,,,,,,,,,,,,
,,,,,,,,,,,,,,,,,,2026,4/1/2026,$                                                      154.21,,,,,,,,,,,,1.48,,,,,,,,,,,0,,,,,,,,,,,,,,
,,,,,,,,,,,,,,,,,,2026,4/2/2026,$                                                     156.73,,,,,,,,,,,,1.48,,,,,,,,,,,0,,,,,,,,,,,,,,
,,,,,,,,,,,,,,,,,,2026,4/6/2026,$                                                     155.42,,,,,,,,,,,,1.48,,,,,,,,,,,0,,,,,,,,,,,,,,
,,,,,,,,,,,,,,,,,,2026,4/7/2026,$                                                      151.93,,,,,,,,,,,,1.48,,,,,,,,,,,0,,,,,,,,,,,,,,
,,,,,,,,,,,,,,,,,,2026,4/8/2026,$                                                     154.27,,,,,,,,,,,,1.48,,,,,,,,,,,0,,,,,,,,,,,,,,
,,,,,,,,,,,,,,,,,,2026,4/9/2026,$                                                      155.41,,,,,,,,,,,,1.48,,,,,,,,,,,0,,,,,,,,,,,,,,
,,,,,,,,,,,,,,,,,,2026,4/10/2026,$                                                     155.23,,,,,,,,,,,,1.48,,,,,,,,,,,0,,,,,,,,,,,,,,
,,,,,,,,,,,,,,,,,,2026,4/13/2026,$                                                      161.00,,,,,,,,,,,,1.48,,,,,,,,,,,0,,,,,,,,,,,,,,
,,,,,,,,,,,,,,,,,,2026,4/14/2026,$                                                      161.35,,,,,,,,,,,,1.48,,,,,,,,,,,0,,,,,,,,,,,,,,
,,,,,,,,,,,,,,,,,,2026,4/15/2026,$                                                     157.02,,,,,,,,,,,,1.48,,,,,,,,,,,0,,,,,,,,,,,,,,
,,,,,,,,,,,,,,,,,,2026,4/16/2026,$                                                     152.29,,,,,,,,,,,,1.48,,,,,,,,,,,0,,,,,,,,,,,,,,
,,,,,,,,,,,,,,,,,,2026,4/17/2026,$                                                      115.54,,,,,,,,,,,,1.48,,,,,,,,,,,0,,,,,,,,,,,,,,
,,,,,,,,,,,,,,,,,,2026,4/20/2026,$                                                       113.41,,,,,,,,,,,,1.48,,,,,,,,,,,0,,,,,,,,,,,,,,
,,,,,,,,,,,,,,,,,,2026,4/21/2026,$                                                     120.89,,,,,,,,,,,,1.48,,,,,,,,,,,0,,,,,,,,,,,,,,
,,,,,,,,,,,,,,,,,,2026,4/22/2026,$                                                     123.56,,,,,,,,,,,,1.48,,,,,,,,,,,0,,,,,,,,,,,,,,
,,,,,,,,,,,,,,,,,,2026,4/23/2026,$                                                     123.00,,,,,,,,,,,,1.48,,,,,,,,,,,0,,,,,,,,,,,,,,
,,,,,,,,,,,,,,,,,,2026,4/24/2026,$                                                      121.83,,,,,,,,,,,,1.48,,,,,,,,,,,0,,,,,,,,,,,,,,
,,,,,,,,,,,,,,,,,,2026,4/27/2026,$                                                     122.96,,,,,,,,,,,,1.48,,,,,,,,,,,0,,,,,,,,,,,,,,
,,,,,,,,,,,,,,,,,,2026,4/28/2026,$                                                      118.42,,,,,,,,,,,,1.48,,,,,,,,,,,0,,,,,,,,,,,,,,
,,,,,,,,,,,,,,,,,,2026,4/29/2026,$                                                      117.86,,,,,,,,,,,,1.48,,,,,,,,,,,0,,,,,,,,,,,,,,
,,,,,,,,,,,,,,,,,,2026,4/30/2026,$                                                      120.91,,,,,,,,,,,,1.48,,,,,,,,,,,0,,,,,,,,,,,,,,
,,,,,,,,,,,,,,,,,,2026,5/1/2026,$                                                      121.98,,,,,,,,,,,,1.48,,,,,,,,,,,0,,,,,,,,,,,,,,
,,,,,,,,,,,,,,,,,,2026,5/4/2026,$                                                     120.03,,,,,,,,,,,,1.48,,,,,,,,,,,0,,,,,,,,,,,,,,
,,,,,,,,,,,,,,,,,,2026,5/5/2026,$                                                      121.09,,,,,,,,,,,,1.48,,,,,,,,,,,0,,,,,,,,,,,,,,
,,,,,,,,,,,,,,,,,,2026,5/6/2026,$                                                     123.75,,,,,,,,,,,,1.48,,,,,,,,,,,0,,,,,,,,,,,,,,
,,,,,,,,,,,,,,,,,,2026,5/7/2026,$                                                     122.56,,,,,,,,,,,,1.48,,,,,,,,,,,0,,,,,,,,,,,,,,
,,,,,,,,,,,,,,,,,,2026,5/8/2026,$                                                      118.52,,,,,,,,,,,,1.48,,,,,,,,,,,0,,,,,,,,,,,,,,
,,,,,,,,,,,,,,,,,,2026,5/11/2026,$                                                      116.67,,,,,,,,,,,,1.48,,,,,,,,,,,0,,,,,,,,,,,,,,
,,,,,,,,,,,,,,,,,,2026,5/12/2026,$                                                      115.04,,,,,,,,,,,,1.48,,,,,,,,,,,0,,,,,,,,,,,,,,
,,,,,,,,,,,,,,,,,,2026,5/13/2026,$                                                      116.07,,,,,,,,,,,,1.48,,,,,,,,,,,0,,,,,,,,,,,,,,
,,,,,,,,,,,,,,,,,,2026,5/14/2026,$                                                      117.54,,,,,,,,,,,,1.48,,,,,,,,,,,0,,,,,,,,,,,,,,
,,,,,,,,,,,,,,,,,,2026,5/15/2026,$                                                      114.23,,,,,,,,,,,,1.48,,,,,,,,,,,0,,,,,,,,,,,,,,
,,,,,,,,,,,,,,,,,,2026,5/18/2026,$                                                      118.96,,,,,,,,,,,,1.48,,,,,,,,,,,0,,,,,,,,,,,,,,
,,,,,,,,,,,,,,,,,,2026,5/19/2026,$                                                       119.16,,,,,,,,,,,,1.48,,,,,,,,,,,0,,,,,,,,,,,,,,
,,,,,,,,,,,,,,,,,,2026,5/20/2026,$                                                      118.06,,,,,,,,,,,,1.48,,,,,,,,,,,0,,,,,,,,,,,,,,
,,,,,,,,,,,,,,,,,,2026,5/21/2026,$                                                     120.24,,,,,,,,,,,,1.48,,,,,,,,,,,0,,,,,,,,,,,,,,
,,,,,,,,,,,,,,,,,,2026,5/22/2026,$                                                     125.84,,,,,,,,,,,,1.48,,,,,,,,,,,0,,,,,,,,,,,,,,
,,,,,,,,,,,,,,,,,,2026,5/26/2026,$                                                     127.20,,,,,,,,,,,,1.48,,,,,,,,,,,0,,,,,,,,,,,,,,
,,,,,,,,,,,,,,,,,,2026,5/27/2026,$                                                     125.53,,,,,,,,,,,,1.48,,,,,,,,,,,0,,,,,,,,,,,,,,
,,,,,,,,,,,,,,,,,,2026,5/28/2026,$                                                     124.74,,,,,,,,,,,,1.48,,,,,,,,,,,0,,,,,,,,,,,,,,
,,,,,,,,,,,,,,,,,,2026,5/29/2026,$                                                     123.90,,,,,,,,,,,,1.48,,,,,,,,,,,0,,,,,,,,,,,,,,
,,,,,,,,,,,,,,,,,,2026,6/1/2026,$                                                     122.54,,,,,,,,,,,,1.48,,,,,,,,,,,0,,,,,,,,,,,,,,
,,,,,,,,,,,,,,,,,,2026,6/2/2026,$                                                     125.63,,,,,,,,,,,,1.48,,,,,,,,,,,0,,,,,,,,,,,,,,
,,,,,,,,,,,,,,,,,,2026,6/3/2026,$                                                     129.80,,,,,,,,,,,,1.48,,,,,,,,,,,0,,,,,,,,,,,,,,
,,,,,,,,,,,,,,,,,,2026,6/4/2026,$                                                     127.97,,,,,,,,,,,,1.48,,,,,,,,,,,0,,,,,,,,,,,,,,
,,,,,,,,,,,,,,,,,,2026,6/5/2026,$                                                     126.53,,,,,,,,,,,,1.48,,,,,,,,,,,0,,,,,,,,,,,,,,
,,,,,,,,,,,,,,,,,,2026,6/8/2026,$                                                     130.34,,,,,,,,,,,,1.48,,,,,,,,,,,0,,,,,,,,,,,,,,
,,,,,,,,,,,,,,,,,,2026,6/9/2026,$                                                     130.53,,,,,,,,,,,,1.48,,,,,,,,,,,0,,,,,,,,,,,,,,
,,,,,,,,,,,,,,,,,,2026,6/10/2026,$                                                     128.43,,,,,,,,,,,,1.48,,,,,,,,,,,0,,,,,,,,,,,,,,
,,,,,,,,,,,,,,,,,,2026,6/11/2026,$                                                     130.52,,,,,,,,,,,,1.48,,,,,,,,,,,0,,,,,,,,,,,,,,
,,,,,,,,,,,,,,,,,,2026,6/12/2026,$                                                      131.73,,,,,,,,,,,,1.48,,,,,,,,,,,0,,,,,,,,,,,,,,
,,,,,,,,,,,,,,,,,,2026,6/15/2026,$                                                     134.40,,,,,,,,,,,,1.48,,,,,,,,,,,0,,,,,,,,,,,,,,
,,,,,,,,,,,,,,,,,,2026,6/16/2026,$                                                     135.38,,,,,,,,,,,,1.48,,,,,,,,,,,0,,,,,,,,,,,,,,
,,,,,,,,,,,,,,,,,,2026,6/17/2026,$                                                     134.65,,,,,,,,,,,,1.48,,,,,,,,,,,0,,,,,,,,,,,,,,
,,,,,,,,,,,,,,,,,,2026,6/18/2026,$                                                     135.50,,,,,,,,,,,,1.48,,,,,,,,,,,0,,,,,,,,,,,,,,
,,,,,,,,,,,,,,,,,,2026,6/22/2026,$                                                     134.82,,,,,,,,,,,,1.48,,,,,,,,,,,0,,,,,,,,,,,,,,
,,,,,,,,,,,,,,,,,,2026,6/23/2026,$                                                      127.81,,,,,,,,,,,,1.48,,,,,,,,,,,0,,,,,,,,,,,,,,
,,,,,,,,,,,,,,,,,,2026,6/24/2026,$                                                     133.58,,,,,,,,,,,,1.48,,,,,,,,,,,0,,,,,,,,,,,,,,
,,,,,,,,,,,,,,,,,,2026,6/25/2026,$                                                     140.90,,,,,,,,,,,,1.48,,,,,,,,,,,0,,,,,,,,,,,,,,
,,,,,,,,,,,,,,,,,,2026,6/26/2026,$                                                     140.88,,,,,,,,,,,,1.48,,,,,,,,,,,0,,,,,,,,,,,,,,
,,,,,,,,,,,,,,,,,,2026,6/29/2026,$                                                     138.67,,,,,,,,,,,,1.48,,,,,,,,,,,0,,,,,,,,,,,,,,
,,,,,,,,,,,,,,,,,,2026,6/30/2026,$                                                     148.38,,,,,,,,,,,,1.48,,,,,,,,,,,0,,,,,,,,,,,,,,
,,,,,,,,,,,,,,,,,,2026,7/1/2026,$                                                     146.23,,,,,,,,,,,,1.48,,,,,,,,,,,0,,,,,,,,,,,,,,
,,,,,,,,,,,,,,,,,,2026,7/2/2026,$                                                     145.87,,,,,,,,,,,,1.48,,,,,,,,,,,0,,,,,,,,,,,,,,
,,,,,,,,,,,,,,,,,,2026,7/6/2026,$                                                     149.79,,,,,,,,,,,,1.48,,,,,,,,,,,0,,,,,,,,,,,,,,
,,,,,,,,,,,,,,,,,,2026,7/7/2026,$                                                     147.08,,,,,,,,,,,,1.48,,,,,,,,,,,0,,,,,,,,,,,,,,
,,,,,,,,,,,,,,,,,,2026,7/8/2026,$                                                     144.45,,,,,,,,,,,,1.48,,,,,,,,,,,0,,,,,,,,,,,,,,
,,,,,,,,,,,,,,,,,,2026,7/9/2026,$                                                     144.97,,,,,,,,,,,,1.48,,,,,,,,,,,0,,,,,,,,,,,,,,
,,,,,,,,,,,,,,,,,,2026,7/10/2026,$                                                      144.18,,,,,,,,,,,,1.48,,,,,,,,,,,0,,,,,,,,,,,,,,
,,,,,,,,,,,,,,,,,,2026,7/13/2026,$                                                      140.12,,,,,,,,,,,,1.48,,,,,,,,,,,0,,,,,,,,,,,,,,
,,,,,,,,,,,,,,,,,,2026,7/14/2026,$                                                      141.46,,,,,,,,,,,,1.48,,,,,,,,,,,0,,,,,,,,,,,,,,
,,,,,,,,,,,,,,,,,,2026,7/15/2026,$                                                      144.18,,,,,,,,,,,,1.48,,,,,,,,,,,0,,,,,,,,,,,,,,
,,,,,,,,,,,,,,,,,,2026,7/16/2026,$                                                       151.16,,,,,,,,,,,,1.48,,,,,,,,,,,0,,,,,,,,,,,,,,
,,,,,,,,,,,,,,,,,,2026,7/17/2026,$                                                     149.48,,,,,,,,,,,,1.48,,,,,,,,,,,0,,,,,,,,,,,,,,
,,,,,,,,,,,,,,,,,,2026,7/20/2026,$                                                     148.30,,,,,,,,,,,,1.48,,,,,,,,,,,0,,,,,,,,,,,,,,
,,,,,,,,,,,,,,,,,,2026,7/21/2026,$                                                     145.87,,,,,,,,,,,,1.48,,,,,,,,,,,0,,,,,,,,,,,,,,
,,,,,,,,,,,,,,,,,,2026,7/22/2026,$                                                     126.67,,,,,,,,,,,,1.48,,,,,,,,,,,0,,,,,,,,,,,,,,
,,,,,,,,,,,,,,,,,,2026,7/23/2026,$                                                     123.20,,,,,,,,,,,,1.48,,,,,,,,,,,0,,,,,,,,,,,,,,
,,,,,,,,,,,,,,,,,,2026,7/24/2026,$                                                     126.32,,,,,,,,,,,,1.48,,,,,,,,,,,0,,,,,,,,,,,,,,
