,,,,,,,,,,,,,,,,,TRAIL 12M,AÑO DE INICIO,TICKER,Nombre,,,,,,,,,,RATING,UPSIDE,PRECIO ACTUAL,PRECIO COMPRA,MEDIANA MAXIMA,PRECIO MAXIMO,BANDA MAXIMA,YIELD MAXIMO,YIELD OVERVALUED,YIELD MEDIO,YOC MAXIMO,G/P MAXIMAS,G/P MAXIMAS CON DIV,RATING MAXIMO,,,,COTIZACIÓN,,,SI,,,MAXIMO,MINIMO,ANCHO,DIVISION,MARCAS
,,,,,,,,,,,,,,,,,NO,2016,CGO CN,Cogeco Inc,,,,,,,,,,7%,184%,$       60.26,$           51.82,$         117.25,$           107.04,$          171.13,6.78%,1.78%,3.43%,6.78%,34.06%,36.90%,132%,,,,,,,NO,,,6.56%,1.53%,5.04%,0.10%,50
,,,,,,,,,,,,,,,,,CONFIANZA,EXTRA,YOC,FECHA COMPRA,,,,,,,,,,PRECIO MEDIANA,UPSIDE MEDIANA,YIELD ACTUAL,PRECIO VENTA,MEDIANA MINIMA,PRECIO MINIMO,BANDA MINIMA,YIELD MINIMO,YIELD UNDERVALUED,MEDIANA YIELD,YOC MINIMO,G/P MINIMAS,G/P MINIMAS CON DIV,RATING MINIMO,,,,3Y CAGR,0.00%,,Cogeco Inc - Max. DrawDown (%),,,,,,,
,,,,,,,,,,,,,,,,,90%,NO,5.88%,11/10/2017,,,,,,,,,,$         117.25,95%,5.06%,$          171.13,$           47.14,$             44.95,$          20.83,1.46%,5.88%,2.60%,2.85%,-43.70%,-42.31%,-6%,,,,5Y CAGR,6.16%,,Cogeco Inc - Returns (%),,,,,,,
,,,,,,,,,,,,,,,,,,,,,,,,,,,,,,,,,,,,,,,,,,,,,,,10Y CAGR,9.54%,,Cogeco Inc - Yield On Cost (YOC),,,,,,,
,,,,,,,,,,,,,,,,,,YEAR,Date,Close,RSM POSITIVO,RSM NEGATIVO,Date,Close,Date,Close,RSD,MA(RSD),MRS = (( RSD(today) /ma(RSD(today). n)) - 1 ) * 100,YIELD,PRICE,DPS,CHANEL O,CHANEL U,CHANEL M,RATING,UPSIDE,OVERVALUED,UNDERVALUED,YOC,PRECIO,DIVIDENDOS,DIVIDENDOS DESDE COMPRA,MEDIANA YIELD,MAX. DRAWDOWN,,AÑO,DIVIDENDOS,% YoY,Cogeco Inc - Rating: 7% - Upside: 184%,,,Nº,INTERVALOS,FRECUENCIA,F. ACUMULADA,% TOTAL
,,,,,,,,,,,,,,,,,,2016,1/4/2016,$                                                        51.44,,,12/29/2014,,12/29/2014,,,,,2.38%,$              51.44,1.23,68.80,20.83,47.14,64%,34%,1.78%,5.88%,5.92%,17.15%,28.81%,6,2.60%,0.00%,,1997,0.00,-,7,,,0,1.53%,24,24,0.91%
,,,,,,,,,,,,,,,,,,2016,1/5/2016,$                                                        51.00,,,1/5/2015,,1/5/2015,,,,,2.40%,$              51.00,1.23,68.80,20.83,47.14,63%,35%,1.78%,5.88%,5.97%,18.16%,29.92%,6,2.60%,-0.86%,,1998,0.00,,184,,,1,1.63%,62,86,2.34%
,,,,,,,,,,,,,,,,,,2016,1/6/2016,$                                                        51.27,,,1/12/2015,,1/12/2015,,,,,2.39%,$              51.27,1.23,68.80,20.83,47.14,63%,34%,1.78%,5.88%,5.94%,17.53%,29.24%,6,2.60%,-0.33%,,1999,0.00,,,,,2,1.73%,69,155,2.61%
,,,,,,,,,,,,,,,,,,2016,1/7/2016,$                                                       49.85,,,1/19/2015,,1/20/2015,,,,,2.46%,$             49.85,1.23,68.80,20.83,47.14,60%,38%,1.78%,5.88%,6.11%,20.88%,32.92%,6,2.60%,-3.09%,,2000,0.00,,1/1/1970,1970,,3,1.83%,80,235,3.02%
,,,,,,,,,,,,,,,,,,2016,1/8/2016,$                                                         50.11,,,1/26/2015,,1/26/2015,,,,,2.44%,$               50.11,1.23,68.80,20.83,47.14,61%,37%,1.78%,5.88%,6.08%,20.26%,32.23%,6,2.60%,-2.59%,,2001,0.00,,1/1/1971,1971,,4,1.93%,10,245,0.38%
,,,,,,,,,,,,,,,,,,2016,1/11/2016,$                                                       50.36,,,2/2/2015,,2/2/2015,,,,,2.43%,$             50.36,1.23,68.80,20.83,47.14,62%,37%,1.78%,5.88%,6.05%,19.66%,31.57%,6,2.60%,-2.10%,,2002,0.21,,1/1/1972,1972,,5,2.03%,143,388,5.40%
,,,,,,,,,,,,,,,,,,2016,1/12/2016,$                                                       50.68,,,2/9/2015,,2/9/2015,,,,,2.42%,$             50.68,1.23,68.80,20.83,47.14,62%,36%,1.78%,5.88%,6.01%,18.90%,30.74%,6,2.60%,-1.48%,,2003,0.21,0.00%,1/1/1973,1973,,6,2.13%,135,523,5.10%
,,,,,,,,,,,,,,,,,,2016,1/13/2016,$                                                       50.40,,,2/17/2015,,2/17/2015,,,,,2.43%,$             50.40,1.23,68.80,20.83,47.14,62%,37%,1.78%,5.88%,6.05%,19.56%,31.47%,6,2.60%,-2.02%,,2004,0.21,0.00%,1/1/1974,1974,,7,2.23%,227,750,8.57%
,,,,,,,,,,,,,,,,,,2016,1/14/2016,$                                                         51.14,,,2/23/2015,,2/23/2015,,,,,2.40%,$               51.14,1.23,68.80,20.83,47.14,63%,35%,1.78%,5.88%,5.96%,17.83%,29.57%,6,2.60%,-0.58%,,2005,0.23,9.52%,1/1/1975,1975,,8,2.33%,294,1044,11.10%
,,,,,,,,,,,,,,,,,,2016,1/15/2016,$                                                        49.71,,,3/2/2015,,3/2/2015,,,,,2.46%,$              49.71,1.23,68.80,20.83,47.14,60%,38%,1.78%,5.88%,6.13%,21.22%,33.29%,6,2.60%,-3.36%,,2006,0.25,8.70%,1/1/1976,1976,,9,2.43%,208,1252,7.85%
,,,,,,,,,,,,,,,,,,2016,1/18/2016,$                                                       48.40,,,3/9/2015,,3/9/2015,,,,,2.53%,$             48.40,1.23,68.80,20.83,47.14,57%,42%,1.78%,5.88%,6.30%,24.50%,36.90%,6,2.60%,-5.91%,,2007,0.28,12.00%,1/1/1977,1977,,10,2.53%,86,1338,3.25%
,,,,,,,,,,,,,,,,,,2016,1/19/2016,$                                                       50.02,,,3/16/2015,,3/16/2015,,,,,2.45%,$             50.02,1.23,68.80,20.83,47.14,61%,38%,1.78%,5.88%,6.09%,20.47%,32.47%,6,2.60%,-2.76%,,2008,0.29,3.57%,1/1/1978,1978,,11,2.63%,79,1417,2.98%
,,,,,,,,,,,,,,,,,,2016,1/20/2016,$                                                         51.13,,,3/23/2015,,3/23/2015,,,,,2.40%,$               51.13,1.23,68.80,20.83,47.14,63%,35%,1.78%,5.88%,5.96%,17.86%,29.59%,6,2.60%,-0.60%,,2009,0.34,17.24%,1/1/1979,1979,,12,2.73%,40,1457,1.51%
,,,,,,,,,,,,,,,,,,2016,1/21/2016,$                                                        51.36,,,3/30/2015,,3/30/2015,,,,,2.39%,$              51.36,1.23,68.80,20.83,47.14,64%,34%,1.78%,5.88%,5.93%,17.33%,29.01%,6,2.60%,-0.16%,,2010,0.42,23.53%,1/1/1980,1980,,13,2.83%,23,1480,0.87%
,,,,,,,,,,,,,,,,,,2016,1/22/2016,$                                                        51.73,,,4/6/2015,,4/6/2015,,,,,2.37%,$              51.73,1.23,68.80,20.83,47.14,64%,33%,1.78%,5.88%,5.89%,16.49%,28.09%,6,2.60%,0.00%,,2011,0.56,33.33%,1/1/1981,1981,,14,2.93%,10,1490,0.38%
,,,,,,,,,,,,,,,,,,2016,1/25/2016,$                                                         51.12,,,4/13/2015,,4/13/2015,,,,,2.40%,$               51.12,1.23,68.80,20.83,47.14,63%,35%,1.78%,5.88%,5.96%,17.88%,29.62%,6,2.60%,-1.18%,,2012,0.73,30.36%,1/1/1982,1982,,15,3.03%,6,1496,0.23%
,,,,,,,,,,,,,,,,,,2016,1/26/2016,$                                                        51.62,,,4/20/2015,,4/20/2015,,,,,2.37%,$              51.62,1.23,68.80,20.83,47.14,64%,33%,1.78%,5.88%,5.90%,16.74%,28.36%,6,2.60%,-0.21%,,2013,0.79,8.22%,1/1/1983,1983,,16,3.13%,18,1514,0.68%
,,,,,,,,,,,,,,,,,,2016,1/27/2016,$                                                         51.51,,,4/27/2015,,4/27/2015,,,,,2.38%,$               51.51,1.23,68.80,20.83,47.14,64%,34%,1.78%,5.88%,5.92%,16.99%,28.64%,6,2.60%,-0.43%,,2014,0.92,15.82%,1/1/1984,1984,,17,3.23%,23,1537,0.87%
,,,,,,,,,,,,,,,,,,2016,1/28/2016,$                                                       52.88,,,5/4/2015,,5/4/2015,,,,,2.32%,$             52.88,1.23,68.80,20.83,47.14,67%,30%,1.78%,5.88%,5.76%,13.96%,25.30%,6,2.60%,0.00%,,2015,1.06,15.85%,1/1/1985,1985,,18,3.33%,42,1579,1.59%
,,,,,,,,,,,,,,,,,,2016,1/29/2016,$                                                       53.55,,,5/11/2015,,5/11/2015,,,,,2.29%,$             53.55,1.23,68.80,20.83,47.14,68%,28%,1.78%,5.88%,5.69%,12.53%,23.73%,6,2.60%,0.00%,,2016,1.23,15.57%,1/1/1986,1986,,19,3.43%,9,1588,0.34%
,,,,,,,,,,,,,,,,,,2016,2/1/2016,$                                                       52.06,,,5/19/2015,,5/18/2015,,,,,2.35%,$             52.06,1.23,68.80,20.83,47.14,65%,32%,1.78%,5.88%,5.85%,15.75%,27.28%,6,2.60%,-2.78%,,2017,1.41,15.10%,1/1/1987,1987,,20,3.53%,7,1595,0.26%
,,,,,,,,,,,,,,,,,,2016,2/2/2016,$                                                       52.56,,,5/25/2015,,5/26/2015,,,,,2.33%,$             52.56,1.23,68.80,20.83,47.14,66%,31%,1.78%,5.88%,5.80%,14.65%,26.07%,6,2.60%,-1.85%,,2018,1.60,13.48%,1/1/1988,1988,,21,3.63%,23,1618,0.87%
,,,,,,,,,,,,,,,,,,2016,2/3/2016,$                                                        51.63,,,6/1/2015,,6/1/2015,,,,,2.37%,$              51.63,1.23,68.80,20.83,47.14,64%,33%,1.78%,5.88%,5.90%,16.72%,28.34%,6,2.60%,-3.59%,,2019,1.77,10.31%,1/1/1989,1989,,22,3.73%,24,1642,0.91%
,,,,,,,,,,,,,,,,,,2016,2/4/2016,$                                                        51.69,,,6/8/2015,,6/8/2015,,,,,2.37%,$              51.69,1.23,68.80,20.83,47.14,64%,33%,1.78%,5.88%,5.89%,16.58%,28.19%,6,2.60%,-3.47%,,2020,1.97,11.61%,1/1/1990,1990,,23,3.83%,9,1651,0.34%
,,,,,,,,,,,,,,,,,,2016,2/5/2016,$                                                       52.40,,,6/15/2015,,6/15/2015,,,,,2.34%,$             52.40,1.23,68.80,20.83,47.14,66%,31%,1.78%,5.88%,5.81%,15.00%,26.45%,6,2.60%,-2.15%,,2021,2.26,14.72%,1/1/1991,1991,,24,3.93%,9,1660,0.34%
,,,,,,,,,,,,,,,,,,2016,2/8/2016,$                                                        52.19,,,6/22/2015,,6/22/2015,,,,,2.35%,$              52.19,1.23,68.80,20.83,47.14,65%,32%,1.78%,5.88%,5.84%,15.46%,26.96%,6,2.60%,-2.54%,,2022,2.61,15.31%,1/1/1992,1992,,25,4.03%,11,1671,0.42%
,,,,,,,,,,,,,,,,,,2016,2/9/2016,$                                                        51.76,,,6/29/2015,,6/29/2015,,,,,2.37%,$              51.76,1.23,68.80,20.83,47.14,64%,33%,1.78%,5.88%,5.89%,16.42%,28.01%,6,2.60%,-3.34%,,2023,3.05,16.92%,1/1/1993,1993,,26,4.13%,19,1690,0.72%
,,,,,,,,,,,,,,,,,,2016,2/10/2016,$                                                       52.02,,,7/6/2015,,7/6/2015,,,,,2.35%,$             52.02,1.23,68.80,20.83,47.14,65%,32%,1.78%,5.88%,5.86%,15.84%,27.37%,6,2.60%,-2.86%,,2024,3.05,0.00%,1/1/1994,1994,,27,4.23%,29,1719,1.10%
,,,,,,,,,,,,,,,,,,2016,2/11/2016,$                                                        51.46,,,7/13/2015,,7/13/2015,,,,,2.38%,$              51.46,1.23,68.80,20.83,47.14,64%,34%,1.78%,5.88%,5.92%,17.10%,28.76%,6,2.60%,-3.90%,,2025,3.05,0.00%,1/1/1995,1995,,28,4.33%,29,1748,1.10%
,,,,,,,,,,,,,,,,,,2016,2/12/2016,$                                                        51.72,,,7/20/2015,,7/20/2015,,,,,2.37%,$              51.72,1.23,68.80,20.83,47.14,64%,33%,1.78%,5.88%,5.89%,16.51%,28.11%,6,2.60%,-3.42%,,2026,3.05,0.00%,1/1/1996,1996,,29,4.43%,27,1775,1.02%
,,,,,,,,,,,,,,,,,,2016,2/16/2016,$                                                       52.63,,,7/27/2015,,7/27/2015,,,,,2.33%,$             52.63,1.23,68.80,20.83,47.14,66%,31%,1.78%,5.88%,5.79%,14.50%,25.90%,6,2.60%,-1.72%,,,,,1/1/1997,1997,,30,4.53%,27,1802,1.02%
,,,,,,,,,,,,,,,,,,2016,2/17/2016,$                                                       53.24,,,8/4/2015,,8/3/2015,,,,,2.30%,$             53.24,1.23,68.80,20.83,47.14,68%,29%,1.78%,5.88%,5.72%,13.19%,24.46%,6,2.60%,-0.58%,,,,,1/1/1998,1998,,31,4.63%,54,1856,2.04%
,,,,,,,,,,,,,,,,,,2016,2/18/2016,$                                                       53.47,,,8/10/2015,,8/10/2015,,,,,2.29%,$             53.47,1.23,68.80,20.83,47.14,68%,29%,1.78%,5.88%,5.70%,12.70%,23.92%,6,2.60%,-0.15%,,,,,1/1/1999,1999,,32,4.73%,62,1918,2.34%
,,,,,,,,,,,,,,,,,,2016,2/19/2016,$                                                       53.00,,,8/17/2015,,8/17/2015,,,,,2.31%,$             53.00,1.23,68.80,20.83,47.14,67%,30%,1.78%,5.88%,5.75%,13.70%,25.02%,6,2.60%,-1.03%,,,,,1/1/2000,2000,,33,4.83%,80,1998,3.02%
,,,,,,,,,,,,,,,,,,2016,2/22/2016,$                                                       54.00,,,8/24/2015,,8/24/2015,,,,,2.27%,$             54.00,1.23,68.80,20.83,47.14,69%,27%,1.78%,5.88%,5.64%,11.59%,22.70%,6,2.60%,0.00%,,,,,1/1/2001,2001,,34,4.93%,98,2096,3.70%
,,,,,,,,,,,,,,,,,,2016,2/23/2016,$                                                       53.00,,,8/31/2015,,8/31/2015,,,,,2.31%,$             53.00,1.23,68.80,20.83,47.14,67%,30%,1.78%,5.88%,5.75%,13.70%,25.02%,6,2.60%,-1.85%,,,,,1/1/2002,2002,,35,5.03%,79,2175,2.98%
,,,,,,,,,,,,,,,,,,2016,2/24/2016,$                                                       52.47,,,9/8/2015,,9/8/2015,,,,,2.33%,$             52.47,1.23,68.80,20.83,47.14,66%,31%,1.78%,5.88%,5.81%,14.85%,26.28%,6,2.60%,-2.83%,,,,,1/1/2003,2003,,36,5.13%,65,2240,2.45%
,,,,,,,,,,,,,,,,,,2016,2/25/2016,$                                                       52.26,,,9/14/2015,,9/14/2015,,,,,2.34%,$             52.26,1.23,68.80,20.83,47.14,66%,32%,1.78%,5.88%,5.83%,15.31%,26.79%,6,2.60%,-3.22%,,,,,1/1/2004,2004,,37,5.23%,46,2286,1.74%
,,,,,,,,,,,,,,,,,,2016,2/26/2016,$                                                       52.75,,,9/21/2015,,9/21/2015,,,,,2.32%,$             52.75,1.23,68.80,20.83,47.14,67%,30%,1.78%,5.88%,5.78%,14.24%,25.61%,6,2.60%,-2.31%,,,,,1/1/2005,2005,,38,5.33%,32,2318,1.21%
,,,,,,,,,,,,,,,,,,2016,2/29/2016,$                                                       53.04,,,9/28/2015,,9/28/2015,,,,,2.31%,$             53.04,1.23,68.80,20.83,47.14,67%,30%,1.78%,5.88%,5.74%,13.61%,24.92%,6,2.60%,-1.78%,,,,,1/1/2006,2006,,39,5.43%,42,2360,1.59%
,,,,,,,,,,,,,,,,,,2016,3/1/2016,$                                                       52.80,,,10/5/2015,,10/5/2015,,,,,2.32%,$             52.80,1.23,68.80,20.83,47.14,67%,30%,1.78%,5.88%,5.77%,14.13%,25.49%,6,2.60%,-2.22%,,,,,1/1/2007,2007,,40,5.53%,54,2414,2.04%
,,,,,,,,,,,,,,,,,,2016,3/2/2016,$                                                        53.19,,,10/13/2015,,10/12/2015,,,,,2.30%,$              53.19,1.23,68.80,20.83,47.14,67%,29%,1.78%,5.88%,5.73%,13.29%,24.57%,6,2.60%,-1.50%,,,,,1/1/2008,2008,,41,5.63%,53,2467,2.00%
,,,,,,,,,,,,,,,,,,2016,3/3/2016,$                                                       53.52,,,10/19/2015,,10/19/2015,,,,,2.29%,$             53.52,1.23,68.80,20.83,47.14,68%,29%,1.78%,5.88%,5.69%,12.59%,23.80%,6,2.60%,-0.89%,,,,,1/1/2009,2009,,42,5.73%,22,2489,0.83%
,,,,,,,,,,,,,,,,,,2016,3/4/2016,$                                                       53.67,,,10/26/2015,,10/26/2015,,,,,2.28%,$             53.67,1.23,68.80,20.83,47.14,68%,28%,1.78%,5.88%,5.68%,12.28%,23.46%,6,2.60%,-0.61%,,,,,1/1/2010,2010,,43,5.83%,21,2510,0.79%
,,,,,,,,,,,,,,,,,,2016,3/7/2016,$                                                       54.30,,,11/2/2015,,11/2/2015,,,,,2.26%,$             54.30,1.23,68.80,20.83,47.14,70%,27%,1.78%,5.88%,5.61%,10.98%,22.03%,6,2.60%,0.00%,,,,,1/1/2011,2011,,44,5.93%,12,2522,0.45%
,,,,,,,,,,,,,,,,,,2016,3/8/2016,$                                                       54.28,,,11/9/2015,,11/9/2015,,,,,2.26%,$             54.28,1.23,68.80,20.83,47.14,70%,27%,1.78%,5.88%,5.61%,11.02%,22.07%,6,2.60%,-0.04%,,,,,1/1/2012,2012,,45,6.03%,24,2546,0.91%
,,,,,,,,,,,,,,,,,,2016,3/9/2016,$                                                        54.17,,,11/16/2015,,11/16/2015,,,,,2.26%,$              54.17,1.23,68.80,20.83,47.14,69%,27%,1.78%,5.88%,5.62%,11.24%,22.32%,6,2.60%,-0.24%,,,,,1/1/2013,2013,,46,6.13%,23,2569,0.87%
,,,,,,,,,,,,,,,,,,2016,3/10/2016,$                                                       54.70,,,11/23/2015,,11/23/2015,,,,,2.24%,$             54.70,1.23,68.80,20.83,47.14,71%,26%,1.78%,5.88%,5.57%,10.16%,21.13%,6,2.60%,0.00%,,,,,1/1/2014,2014,,47,6.23%,17,2586,0.64%
,,,,,,,,,,,,,,,,,,2016,3/11/2016,$                                                       55.08,,,11/30/2015,,11/30/2015,,,,,2.22%,$             55.08,1.23,68.80,20.83,47.14,71%,25%,1.78%,5.88%,5.53%,9.40%,20.30%,6,2.60%,0.00%,,,,,1/1/2015,2015,,48,6.33%,15,2601,0.57%
,,,,,,,,,,,,,,,,,,2016,3/14/2016,$                                                        55.17,,,12/7/2015,,12/7/2015,,,,,2.22%,$              55.17,1.23,68.80,20.83,47.14,72%,25%,1.78%,5.88%,5.52%,9.23%,20.10%,6,2.60%,0.00%,,,,,1/1/2016,2016,,49,6.43%,17,2618,0.64%
,,,,,,,,,,,,,,,,,,2016,3/15/2016,$                                                        55.91,,,12/14/2015,,12/14/2015,,,,,2.19%,$              55.91,1.23,68.80,20.83,47.14,73%,23%,1.78%,5.88%,5.45%,7.78%,18.51%,6,2.60%,0.00%,,,,,1/1/2017,2017,,50,6.53%,0,2618,0.00%
,,,,,,,,,,,,,,,,,,2016,3/16/2016,$                                                        56.15,,,12/21/2015,,12/21/2015,,,,,2.18%,$              56.15,1.23,68.80,20.83,47.14,74%,23%,1.78%,5.88%,5.43%,7.32%,18.01%,6,2.60%,0.00%,,,,,1/1/2018,2018,,51,,,,
,,,,,,,,,,,,,,,,,,2016,3/17/2016,$                                                       57.59,,,12/29/2015,,12/28/2015,,,,,2.13%,$             57.59,1.23,68.80,20.83,47.14,77%,19%,1.78%,5.88%,5.29%,4.64%,15.05%,6,2.60%,0.00%,,,,,1/1/2019,2019,,52,,,,
,,,,,,,,,,,,,,,,,,2016,3/18/2016,$                                                       57.82,,,1/4/2016,,1/4/2016,,,,,2.12%,$             57.82,1.23,68.80,20.83,47.14,77%,19%,1.78%,5.88%,5.27%,4.22%,14.60%,6,2.60%,0.00%,,,,,1/1/2020,2020,,53,,,,
,,,,,,,,,,,,,,,,,,2016,3/21/2016,$                                                       57.50,,,1/11/2016,,1/11/2016,,,,,2.13%,$             57.50,1.23,68.80,20.83,47.14,76%,20%,1.78%,5.88%,5.30%,4.80%,15.23%,6,2.60%,-0.55%,,,,,,,,54,,,,
,,,,,,,,,,,,,,,,,,2016,3/22/2016,$                                                        56.91,,,1/18/2016,,1/19/2016,,,,,2.15%,$              56.91,1.23,68.80,20.83,47.14,75%,21%,1.78%,5.88%,5.35%,5.89%,16.43%,6,2.60%,-1.57%,,,,,,,,55,,,,
,,,,,,,,,,,,,,,,,,2016,3/23/2016,$                                                       55.69,,,1/25/2016,,1/25/2016,,,,,2.20%,$             55.69,1.23,68.80,20.83,47.14,73%,24%,1.78%,5.88%,5.47%,8.21%,18.98%,6,2.60%,-3.68%,,,,,,,,56,,,,
,,,,,,,,,,,,,,,,,,2016,3/24/2016,$                                                       54.94,,,2/1/2016,,2/1/2016,,,,,2.23%,$             54.94,1.23,68.80,20.83,47.14,71%,25%,1.78%,5.88%,5.55%,9.68%,20.60%,6,2.60%,-4.98%,,,,,,80%,,57,,,,
,,,,,,,,,,,,,,,,,,2016,3/28/2016,$                                                        55.15,,,2/8/2016,,2/8/2016,,,,,2.22%,$              55.15,1.23,68.80,20.83,47.14,72%,25%,1.78%,5.88%,5.52%,9.27%,20.15%,6,2.60%,-4.62%,,,,,,81%,,58,,,,
,,,,,,,,,,,,,,,,,,2016,3/29/2016,$                                                       55.87,,,2/16/2016,,2/16/2016,,,,,2.19%,$             55.87,1.23,68.80,20.83,47.14,73%,23%,1.78%,5.88%,5.45%,7.86%,18.60%,6,2.60%,-3.37%,,,,,,82%,,59,,,,
,,,,,,,,,,,,,,,,,,2016,3/30/2016,$                                                       56.55,,,2/22/2016,,2/22/2016,,,,,2.17%,$             56.55,1.23,68.80,20.83,47.14,74%,22%,1.78%,5.88%,5.39%,6.56%,17.17%,6,2.60%,-2.20%,,,,,,83%,,60,,,,
,,,,,,,,,,,,,,,,,,2016,3/31/2016,$                                                       56.90,,,2/29/2016,,2/29/2016,,,,,2.15%,$             56.90,1.23,68.80,20.83,47.14,75%,21%,1.78%,5.88%,5.36%,5.91%,16.45%,6,2.60%,-1.59%,,,,,,84%,,61,,,,
,,,,,,,,,,,,,,,,,,2016,4/1/2016,$                                                       56.03,,,3/7/2016,,3/7/2016,,,,,2.19%,$             56.03,1.23,68.80,20.83,47.14,73%,23%,1.78%,5.88%,5.44%,7.55%,18.26%,6,2.60%,-3.10%,,,,,,85%,,62,,,,
,,,,,,,,,,,,,,,,,,2016,4/4/2016,$                                                       56.95,,,3/14/2016,,3/14/2016,,,,,2.15%,$             56.95,1.23,68.80,20.83,47.14,75%,21%,1.78%,5.88%,5.35%,5.81%,16.35%,6,2.60%,-1.50%,,,,,,86%,,63,,,,
,,,,,,,,,,,,,,,,,,2016,4/5/2016,$                                                       56.23,,,3/21/2016,,3/21/2016,,,,,2.18%,$             56.23,1.23,68.80,20.83,47.14,74%,22%,1.78%,5.88%,5.42%,7.17%,17.84%,6,2.60%,-2.75%,,,,,,87%,,64,,,,
,,,,,,,,,,,,,,,,,,2016,4/6/2016,$                                                       54.42,,,3/28/2016,,3/28/2016,,,,,2.25%,$             54.42,1.23,68.80,20.83,47.14,70%,26%,1.78%,5.88%,5.60%,10.73%,21.76%,6,2.60%,-5.88%,,,,,,88%,,65,,,,
,,,,,,,,,,,,,,,,,,2016,4/7/2016,$                                                       54.95,,,4/4/2016,,4/4/2016,,,,,2.23%,$             54.95,1.23,68.80,20.83,47.14,71%,25%,1.78%,5.88%,5.55%,9.66%,20.58%,6,2.60%,-4.96%,,,,,,89%,,66,,,,
,,,,,,,,,,,,,,,,,,2016,4/8/2016,$                                                        54.15,,,4/11/2016,,4/11/2016,,,,,2.26%,$              54.15,1.23,68.80,20.83,47.14,69%,27%,1.78%,5.88%,5.63%,11.28%,22.36%,6,2.60%,-6.35%,,,,,,90%,,67,,,,
,,,,,,,,,,,,,,,,,,2016,4/11/2016,$                                                       54.26,,,4/18/2016,,4/18/2016,,,,,2.26%,$             54.26,1.23,68.80,20.83,47.14,70%,27%,1.78%,5.88%,5.62%,11.06%,22.12%,6,2.60%,-6.16%,,,,,,91%,,68,,,,
,,,,,,,,,,,,,,,,,,2016,4/12/2016,$                                                       53.95,,,4/25/2016,,4/25/2016,,,,,2.27%,$             53.95,1.23,68.80,20.83,47.14,69%,28%,1.78%,5.88%,5.65%,11.70%,22.82%,6,2.60%,-6.69%,,,,,,92%,,69,,,,
,,,,,,,,,,,,,,,,,,2016,4/13/2016,$                                                        53.51,,,5/2/2016,,5/2/2016,,,,,2.29%,$              53.51,1.23,68.80,20.83,47.14,68%,29%,1.78%,5.88%,5.69%,12.61%,23.83%,6,2.60%,-7.45%,,,,,,93%,,70,,,,
,,,,,,,,,,,,,,,,,,2016,4/14/2016,$                                                       52.67,,,5/9/2016,,5/9/2016,,,,,2.33%,$             52.67,1.23,68.80,20.83,47.14,66%,31%,1.78%,5.88%,5.79%,14.41%,25.80%,6,2.60%,-8.91%,,,,,,94%,,71,,,,
,,,,,,,,,,,,,,,,,,2016,4/15/2016,$                                                       52.60,,,5/16/2016,,5/16/2016,,,,,2.33%,$             52.60,1.23,68.80,20.83,47.14,66%,31%,1.78%,5.88%,5.79%,14.56%,25.97%,6,2.60%,-9.03%,,,,,,95%,,72,,,,
,,,,,,,,,,,,,,,,,,2016,4/18/2016,$                                                       53.53,,,5/24/2016,,5/23/2016,,,,,2.29%,$             53.53,1.23,68.80,20.83,47.14,68%,29%,1.78%,5.88%,5.69%,12.57%,23.78%,6,2.60%,-7.42%,,,,,,96%,,73,,,,
,,,,,,,,,,,,,,,,,,2016,4/19/2016,$                                                       52.56,,,5/30/2016,,5/31/2016,,,,,2.33%,$             52.56,1.23,68.80,20.83,47.14,66%,31%,1.78%,5.88%,5.80%,14.65%,26.07%,6,2.60%,-9.10%,,,,,,97%,,74,,,,
,,,,,,,,,,,,,,,,,,2016,4/20/2016,$                                                       53.35,,,6/6/2016,,6/6/2016,,,,,2.30%,$             53.35,1.23,68.80,20.83,47.14,68%,29%,1.78%,5.88%,5.71%,12.95%,24.20%,6,2.60%,-7.73%,,,,,,98%,,75,,,,
,,,,,,,,,,,,,,,,,,2016,4/21/2016,$                                                       52.95,,,6/13/2016,,6/13/2016,,,,,2.31%,$             52.95,1.23,68.80,20.83,47.14,67%,30%,1.78%,5.88%,5.75%,13.81%,25.14%,6,2.60%,-8.42%,,,,,,99%,,76,,,,
,,,,,,,,,,,,,,,,,,2016,4/22/2016,$                                                       52.08,,,6/20/2016,,6/20/2016,,,,,2.35%,$             52.08,1.23,68.80,20.83,47.14,65%,32%,1.78%,5.88%,5.85%,15.71%,27.23%,6,2.60%,-9.93%,,,,,,100%,,77,,,,
,,,,,,,,,,,,,,,,,,2016,4/25/2016,$                                                        52.21,,,6/27/2016,,6/27/2016,,,,,2.35%,$              52.21,1.23,68.80,20.83,47.14,65%,32%,1.78%,5.88%,5.84%,15.42%,26.91%,6,2.60%,-9.70%,,,,,,,,78,,,,
,,,,,,,,,,,,,,,,,,2016,4/26/2016,$                                                        52.16,,,7/4/2016,,7/5/2016,,,,,2.35%,$              52.16,1.23,68.80,20.83,47.14,65%,32%,1.78%,5.88%,5.84%,15.53%,27.03%,6,2.60%,-9.79%,,,,,,,,79,,,,
,,,,,,,,,,,,,,,,,,2016,4/27/2016,$                                                        52.17,,,7/11/2016,,7/11/2016,,,,,2.35%,$              52.17,1.23,68.80,20.83,47.14,65%,32%,1.78%,5.88%,5.84%,15.51%,27.01%,6,2.60%,-9.77%,,,,,,,,80,,,,
,,,,,,,,,,,,,,,,,,2016,4/28/2016,$                                                       50.70,,,7/18/2016,,7/18/2016,,,,,2.42%,$             50.70,1.23,68.80,20.83,47.14,62%,36%,1.78%,5.88%,6.01%,18.86%,30.69%,6,2.60%,-12.31%,,,,,,,,,,,,
,,,,,,,,,,,,,,,,,,2016,4/29/2016,$                                                        51.32,,,7/25/2016,,7/25/2016,,,,,2.39%,$              51.32,1.23,68.80,20.83,47.14,64%,34%,1.78%,5.88%,5.94%,17.42%,29.11%,6,2.60%,-11.24%,,,,,,,,,,,,
,,,,,,,,,,,,,,,,,,2016,5/2/2016,$                                                       53.35,,,8/2/2016,,8/1/2016,,,,,2.30%,$             53.35,1.23,68.80,20.83,47.14,68%,29%,1.78%,5.88%,5.71%,12.95%,24.20%,6,2.60%,-7.73%,,,,,,,,,,,,
,,,,,,,,,,,,,,,,,,2016,5/3/2016,$                                                       53.45,,,8/8/2016,,8/8/2016,,,,,2.29%,$             53.45,1.23,68.80,20.83,47.14,68%,29%,1.78%,5.88%,5.70%,12.74%,23.97%,6,2.60%,-7.56%,,,,,,,,,,,,
,,,,,,,,,,,,,,,,,,2016,5/4/2016,$                                                       53.45,,,8/15/2016,,8/15/2016,,,,,2.29%,$             53.45,1.23,68.80,20.83,47.14,68%,29%,1.78%,5.88%,5.70%,12.74%,23.97%,6,2.60%,-7.56%,,,,,,,,,,,,
,,,,,,,,,,,,,,,,,,2016,5/5/2016,$                                                       53.89,,,8/22/2016,,8/22/2016,,,,,2.27%,$             53.89,1.23,68.80,20.83,47.14,69%,28%,1.78%,5.88%,5.65%,11.82%,22.95%,6,2.60%,-6.80%,,,,,,,,,,,,
,,,,,,,,,,,,,,,,,,2016,5/6/2016,$                                                        54.10,,,8/29/2016,,8/29/2016,,,,,2.26%,$              54.10,1.23,68.80,20.83,47.14,69%,27%,1.78%,5.88%,5.63%,11.39%,22.48%,6,2.60%,-6.43%,,,,,,,,,,,,
,,,,,,,,,,,,,,,,,,2016,5/9/2016,$                                                       53.54,,,9/6/2016,,9/6/2016,,,,,2.29%,$             53.54,1.23,68.80,20.83,47.14,68%,29%,1.78%,5.88%,5.69%,12.55%,23.76%,6,2.60%,-7.40%,,,,,,,,,,,,
,,,,,,,,,,,,,,,,,,2016,5/10/2016,$                                                       53.85,,,9/12/2016,,9/12/2016,,,,,2.27%,$             53.85,1.23,68.80,20.83,47.14,69%,28%,1.78%,5.88%,5.66%,11.90%,23.05%,6,2.60%,-6.87%,,,,,,,,,,,,
,,,,,,,,,,,,,,,,,,2016,5/11/2016,$                                                       53.70,,,9/19/2016,,9/19/2016,,,,,2.28%,$             53.70,1.23,68.80,20.83,47.14,69%,28%,1.78%,5.88%,5.67%,12.22%,23.39%,6,2.60%,-7.13%,,,,,,,,,,,,
,,,,,,,,,,,,,,,,,,2016,5/12/2016,$                                                       54.50,,,9/26/2016,,9/26/2016,,,,,2.25%,$             54.50,1.23,68.80,20.83,47.14,70%,26%,1.78%,5.88%,5.59%,10.57%,21.58%,6,2.60%,-5.74%,,,,,,,,,,,,
,,,,,,,,,,,,,,,,,,2016,5/13/2016,$                                                       53.72,,,10/3/2016,,10/3/2016,,,,,2.28%,$             53.72,1.23,68.80,20.83,47.14,69%,28%,1.78%,5.88%,5.67%,12.17%,23.34%,6,2.60%,-7.09%,,,,,,,,,,,,
,,,,,,,,,,,,,,,,,,2016,5/16/2016,$                                                       55.23,,,10/11/2016,,10/10/2016,,,,,2.22%,$             55.23,1.23,68.80,20.83,47.14,72%,25%,1.78%,5.88%,5.52%,9.11%,19.97%,6,2.60%,-4.48%,,,,,,,,,,,,
,,,,,,,,,,,,,,,,,,2016,5/17/2016,$                                                       54.50,,,10/17/2016,,10/17/2016,,,,,2.25%,$             54.50,1.23,68.80,20.83,47.14,70%,26%,1.78%,5.88%,5.59%,10.57%,21.58%,6,2.60%,-5.74%,,,,,,,,,,,,
,,,,,,,,,,,,,,,,,,2016,5/18/2016,$                                                       53.60,,,10/24/2016,,10/24/2016,,,,,2.29%,$             53.60,1.23,68.80,20.83,47.14,68%,28%,1.78%,5.88%,5.68%,12.43%,23.62%,6,2.60%,-7.30%,,,,,,,,,,,,
,,,,,,,,,,,,,,,,,,2016,5/19/2016,$                                                       53.84,,,10/31/2016,,10/31/2016,,,,,2.28%,$             53.84,1.23,68.80,20.83,47.14,69%,28%,1.78%,5.88%,5.66%,11.92%,23.07%,6,2.60%,-6.88%,,,,,,,,,,,,
,,,,,,,,,,,,,,,,,,2016,5/20/2016,$                                                        53.61,,,11/7/2016,,11/7/2016,,,,,2.29%,$              53.61,1.23,68.80,20.83,47.14,68%,28%,1.78%,5.88%,5.68%,12.40%,23.60%,6,2.60%,-7.28%,,,,,,,,,,,,
,,,,,,,,,,,,,,,,,,2016,5/24/2016,$                                                        55.19,,,11/14/2016,,11/14/2016,,,,,2.22%,$              55.19,1.23,68.80,20.83,47.14,72%,25%,1.78%,5.88%,5.52%,9.19%,20.06%,6,2.60%,-4.55%,,,,,,,,,,,,
,,,,,,,,,,,,,,,,,,2016,5/25/2016,$                                                       54.74,,,11/21/2016,,11/21/2016,,,,,2.24%,$             54.74,1.23,68.80,20.83,47.14,71%,26%,1.78%,5.88%,5.57%,10.08%,21.04%,6,2.60%,-5.33%,,,,,,,,,,,,
,,,,,,,,,,,,,,,,,,2016,5/26/2016,$                                                       54.60,,,11/28/2016,,11/28/2016,,,,,2.24%,$             54.60,1.23,68.80,20.83,47.14,70%,26%,1.78%,5.88%,5.58%,10.37%,21.36%,6,2.60%,-5.57%,,,,,,,,,,,,
,,,,,,,,,,,,,,,,,,2016,5/27/2016,$                                                       55.65,,,12/5/2016,,12/5/2016,,,,,2.20%,$             55.65,1.23,68.80,20.83,47.14,73%,24%,1.78%,5.88%,5.48%,8.28%,19.07%,6,2.60%,-3.75%,,,,,,,,,,,,
,,,,,,,,,,,,,,,,,,2016,5/30/2016,$                                                       55.90,,,12/12/2016,,12/12/2016,,,,,2.19%,$             55.90,1.23,68.80,20.83,47.14,73%,23%,1.78%,5.88%,5.45%,7.80%,18.53%,6,2.60%,-3.32%,,,,,,,,,,,,
,,,,,,,,,,,,,,,,,,2016,5/31/2016,$                                                       56.26,,,12/19/2016,,12/19/2016,,,,,2.18%,$             56.26,1.23,68.80,20.83,47.14,74%,22%,1.78%,5.88%,5.42%,7.11%,17.77%,6,2.60%,-2.70%,,,,,,,,,,,,
,,,,,,,,,,,,,,,,,,2016,6/1/2016,$                                                       56.37,,,12/28/2016,,12/27/2016,,,,,2.17%,$             56.37,1.23,68.80,20.83,47.14,74%,22%,1.78%,5.88%,5.41%,6.90%,17.54%,6,2.60%,-2.51%,,,,,,,,,,,,
,,,,,,,,,,,,,,,,,,2016,6/2/2016,$                                                       55.77,,,1/3/2017,,1/3/2017,,,,,2.20%,$             55.77,1.23,68.80,20.83,47.14,73%,23%,1.78%,5.88%,5.46%,8.05%,18.81%,6,2.60%,-3.55%,,,,,,,,,,,,
,,,,,,,,,,,,,,,,,,2016,6/3/2016,$                                                       55.60,,,1/9/2017,,1/9/2017,,,,,2.20%,$             55.60,1.23,68.80,20.83,47.14,72%,24%,1.78%,5.88%,5.48%,8.38%,19.17%,6,2.60%,-3.84%,,,,,,,,,,,,
,,,,,,,,,,,,,,,,,,2016,6/6/2016,$                                                       55.79,,,1/16/2017,,1/17/2017,,,,,2.20%,$             55.79,1.23,68.80,20.83,47.14,73%,23%,1.78%,5.88%,5.46%,8.01%,18.77%,6,2.60%,-3.51%,,,,,,,,,,,,
,,,,,,,,,,,,,,,,,,2016,6/7/2016,$                                                       55.93,,,1/23/2017,,1/23/2017,,,,,2.19%,$             55.93,1.23,68.80,20.83,47.14,73%,23%,1.78%,5.88%,5.45%,7.74%,18.47%,6,2.60%,-3.27%,,,,,,,,,,,,
,,,,,,,,,,,,,,,,,,2016,6/8/2016,$                                                       55.66,,,1/30/2017,,1/30/2017,,,,,2.20%,$             55.66,1.23,68.80,20.83,47.14,73%,24%,1.78%,5.88%,5.47%,8.26%,19.04%,6,2.60%,-3.74%,,,,,,,,,,,,
,,,,,,,,,,,,,,,,,,2016,6/9/2016,$                                                       55.68,,,2/6/2017,,2/6/2017,,,,,2.20%,$             55.68,1.23,68.80,20.83,47.14,73%,24%,1.78%,5.88%,5.47%,8.23%,19.00%,6,2.60%,-3.70%,,,,,,,,,,,,
,,,,,,,,,,,,,,,,,,2016,6/10/2016,$                                                        55.18,,,2/13/2017,,2/13/2017,,,,,2.22%,$              55.18,1.23,68.80,20.83,47.14,72%,25%,1.78%,5.88%,5.52%,9.21%,20.08%,6,2.60%,-4.57%,,,,,,,,,,,,
,,,,,,,,,,,,,,,,,,2016,6/13/2016,$                                                        55.17,,,2/21/2017,,2/21/2017,,,,,2.22%,$              55.17,1.23,68.80,20.83,47.14,72%,25%,1.78%,5.88%,5.52%,9.23%,20.10%,6,2.60%,-4.58%,,,,,,,,,,,,
,,,,,,,,,,,,,,,,,,2016,6/14/2016,$                                                       55.09,,,2/27/2017,,2/27/2017,,,,,2.22%,$             55.09,1.23,68.80,20.83,47.14,71%,25%,1.78%,5.88%,5.53%,9.38%,20.28%,6,2.60%,-4.72%,,,,,,,,,,,,
,,,,,,,,,,,,,,,,,,2016,6/15/2016,$                                                       55.05,,,3/6/2017,,3/6/2017,,,,,2.23%,$             55.05,1.23,68.80,20.83,47.14,71%,25%,1.78%,5.88%,5.53%,9.46%,20.36%,6,2.60%,-4.79%,,,,,,,,,,,,
,,,,,,,,,,,,,,,,,,2016,6/16/2016,$                                                       55.02,,,3/13/2017,,3/13/2017,,,,,2.23%,$             55.02,1.23,68.80,20.83,47.14,71%,25%,1.78%,5.88%,5.54%,9.52%,20.43%,6,2.60%,-4.84%,,,,,,,,,,,,
,,,,,,,,,,,,,,,,,,2016,6/17/2016,$                                                       54.73,,,3/20/2017,,3/20/2017,,,,,2.24%,$             54.73,1.23,68.80,20.83,47.14,71%,26%,1.78%,5.88%,5.57%,10.10%,21.07%,6,2.60%,-5.34%,,,,,,,,,,,,
,,,,,,,,,,,,,,,,,,2016,6/20/2016,$                                                        55.01,,,3/27/2017,,3/27/2017,,,,,2.23%,$              55.01,1.23,68.80,20.83,47.14,71%,25%,1.78%,5.88%,5.54%,9.54%,20.45%,6,2.60%,-4.86%,,,,,,,,,,,,
,,,,,,,,,,,,,,,,,,2016,6/21/2016,$                                                       55.62,,,4/3/2017,,4/3/2017,,,,,2.20%,$             55.62,1.23,68.80,20.83,47.14,73%,24%,1.78%,5.88%,5.48%,8.34%,19.13%,6,2.60%,-3.80%,,,,,,,,,,,,
,,,,,,,,,,,,,,,,,,2016,6/22/2016,$                                                       54.68,,,4/10/2017,,4/10/2017,,,,,2.24%,$             54.68,1.23,68.80,20.83,47.14,71%,26%,1.78%,5.88%,5.57%,10.20%,21.18%,6,2.60%,-5.43%,,,,,,,,,,,,
,,,,,,,,,,,,,,,,,,2016,6/23/2016,$                                                       55.20,,,4/17/2017,,4/17/2017,,,,,2.22%,$             55.20,1.23,68.80,20.83,47.14,72%,25%,1.78%,5.88%,5.52%,9.17%,20.04%,6,2.60%,-4.53%,,,,,,,,,,,,
,,,,,,,,,,,,,,,,,,2016,6/24/2016,$                                                         54.11,,,4/24/2017,,4/24/2017,,,,,2.26%,$               54.11,1.23,68.80,20.83,47.14,69%,27%,1.78%,5.88%,5.63%,11.37%,22.45%,6,2.60%,-6.42%,,,,,,,,,,,,
,,,,,,,,,,,,,,,,,,2016,6/27/2016,$                                                        53.91,,,5/1/2017,,5/1/2017,,,,,2.27%,$              53.91,1.23,68.80,20.83,47.14,69%,28%,1.78%,5.88%,5.65%,11.78%,22.91%,6,2.60%,-6.76%,,,,,,,,,,,,
,,,,,,,,,,,,,,,,,,2016,6/28/2016,$                                                       54.52,,,5/8/2017,,5/8/2017,,,,,2.25%,$             54.52,1.23,68.80,20.83,47.14,70%,26%,1.78%,5.88%,5.59%,10.53%,21.53%,6,2.60%,-5.71%,,,,,,,,,,,,
,,,,,,,,,,,,,,,,,,2016,6/29/2016,$                                                       55.60,,,5/15/2017,,5/15/2017,,,,,2.20%,$             55.60,1.23,68.80,20.83,47.14,72%,24%,1.78%,5.88%,5.48%,8.38%,19.17%,6,2.60%,-3.84%,,,,,,,,,,,,
,,,,,,,,,,,,,,,,,,2016,6/30/2016,$                                                       55.83,,,5/23/2017,,5/22/2017,,,,,2.19%,$             55.83,1.23,68.80,20.83,47.14,73%,23%,1.78%,5.88%,5.46%,7.93%,18.68%,6,2.60%,-3.44%,,,,,,,,,,,,
,,,,,,,,,,,,,,,,,,2016,7/4/2016,$                                                        55.71,,,5/29/2017,,5/30/2017,,,,,2.20%,$              55.71,1.23,68.80,20.83,47.14,73%,23%,1.78%,5.88%,5.47%,8.17%,18.94%,6,2.60%,-3.65%,,,,,,,,,,,,
,,,,,,,,,,,,,,,,,,2016,7/5/2016,$                                                        56.01,,,6/5/2017,,6/5/2017,,,,,2.19%,$              56.01,1.23,68.80,20.83,47.14,73%,23%,1.78%,5.88%,5.44%,7.59%,18.30%,6,2.60%,-3.13%,,,,,,,,,,,,
,,,,,,,,,,,,,,,,,,2016,7/6/2016,$                                                        55.71,,,6/12/2017,,6/12/2017,,,,,2.20%,$              55.71,1.23,68.80,20.83,47.14,73%,23%,1.78%,5.88%,5.47%,8.17%,18.94%,6,2.60%,-3.65%,,,,,,,,,,,,
,,,,,,,,,,,,,,,,,,2016,7/7/2016,$                                                       50.80,,,6/19/2017,,6/19/2017,,,,,2.41%,$             50.80,1.23,68.80,20.83,47.14,62%,35%,1.78%,5.88%,6.00%,18.62%,30.43%,6,2.60%,-12.14%,,,,,,,,,,,,
,,,,,,,,,,,,,,,,,,2016,7/8/2016,$                                                        50.18,,,6/26/2017,,6/26/2017,,,,,2.44%,$              50.18,1.23,68.80,20.83,47.14,61%,37%,1.78%,5.88%,6.07%,20.09%,32.04%,6,2.60%,-13.21%,,,,,,,,,,,,
,,,,,,,,,,,,,,,,,,2016,7/11/2016,$                                                       50.39,,,7/4/2017,,7/3/2017,,,,,2.43%,$             50.39,1.23,68.80,20.83,47.14,62%,37%,1.78%,5.88%,6.05%,19.59%,31.49%,6,2.60%,-12.85%,,,,,,,,,,,,
,,,,,,,,,,,,,,,,,,2016,7/12/2016,$                                                       50.50,,,7/10/2017,,7/10/2017,,,,,2.43%,$             50.50,1.23,68.80,20.83,47.14,62%,36%,1.78%,5.88%,6.03%,19.33%,31.21%,6,2.60%,-12.66%,,,,,,,,,,,,
,,,,,,,,,,,,,,,,,,2016,7/13/2016,$                                                       50.27,,,7/17/2017,,7/17/2017,,,,,2.44%,$             50.27,1.23,68.80,20.83,47.14,61%,37%,1.78%,5.88%,6.06%,19.87%,31.81%,6,2.60%,-13.06%,,,,,,,,,,,,
,,,,,,,,,,,,,,,,,,2016,7/14/2016,$                                                       50.94,,,7/24/2017,,7/24/2017,,,,,2.40%,$             50.94,1.23,68.80,20.83,47.14,63%,35%,1.78%,5.88%,5.98%,18.30%,30.07%,6,2.60%,-11.90%,,,,,,,,,,,,
,,,,,,,,,,,,,,,,,,2016,7/15/2016,$                                                       50.88,,,7/31/2017,,7/31/2017,,,,,2.41%,$             50.88,1.23,68.80,20.83,47.14,63%,35%,1.78%,5.88%,5.99%,18.44%,30.23%,6,2.60%,-12.00%,,,,,,,,,,,,
,,,,,,,,,,,,,,,,,,2016,7/18/2016,$                                                        51.20,,,8/8/2017,,8/7/2017,,,,,2.39%,$              51.20,1.23,68.80,20.83,47.14,63%,34%,1.78%,5.88%,5.95%,17.70%,29.41%,6,2.60%,-11.45%,,,,,,,,,,,,
,,,,,,,,,,,,,,,,,,2016,7/19/2016,$                                                       50.96,,,8/14/2017,,8/14/2017,,,,,2.40%,$             50.96,1.23,68.80,20.83,47.14,63%,35%,1.78%,5.88%,5.98%,18.25%,30.02%,6,2.60%,-11.86%,,,,,,,,,,,,
,,,,,,,,,,,,,,,,,,2016,7/20/2016,$                                                        51.60,,,8/21/2017,,8/21/2017,,,,,2.37%,$              51.60,1.23,68.80,20.83,47.14,64%,33%,1.78%,5.88%,5.91%,16.78%,28.41%,6,2.60%,-10.76%,,,,,,,,,,,,
,,,,,,,,,,,,,,,,,,2016,7/21/2016,$                                                         51.41,,,8/28/2017,,8/28/2017,,,,,2.38%,$               51.41,1.23,68.80,20.83,47.14,64%,34%,1.78%,5.88%,5.93%,17.21%,28.89%,6,2.60%,-11.09%,,,,,,,,,,,,
,,,,,,,,,,,,,,,,,,2016,7/22/2016,$                                                        51.80,,,9/5/2017,,9/5/2017,,,,,2.36%,$              51.80,1.23,68.80,20.83,47.14,65%,33%,1.78%,5.88%,5.88%,16.33%,27.92%,6,2.60%,-10.41%,,,,,,,,,,,,
,,,,,,,,,,,,,,,,,,2016,7/25/2016,$                                                        51.75,,,9/11/2017,,9/11/2017,,,,,2.37%,$              51.75,1.23,68.80,20.83,47.14,64%,33%,1.78%,5.88%,5.89%,16.44%,28.04%,6,2.60%,-10.50%,,,,,,,,,,,,
,,,,,,,,,,,,,,,,,,2016,7/26/2016,$                                                        51.00,,,9/18/2017,,9/18/2017,,,,,2.40%,$              51.00,1.23,68.80,20.83,47.14,63%,35%,1.78%,5.88%,5.97%,18.16%,29.92%,6,2.60%,-11.80%,,,,,,,,,,,,
,,,,,,,,,,,,,,,,,,2016,7/27/2016,$                                                       52.28,,,9/25/2017,,9/25/2017,,,,,2.34%,$             52.28,1.23,68.80,20.83,47.14,66%,32%,1.78%,5.88%,5.83%,15.26%,26.74%,6,2.60%,-9.58%,,,,,,,,,,,,
,,,,,,,,,,,,,,,,,,2016,7/28/2016,$                                                       52.28,,,10/2/2017,,10/2/2017,,,,,2.34%,$             52.28,1.23,68.80,20.83,47.14,66%,32%,1.78%,5.88%,5.83%,15.26%,26.74%,6,2.60%,-9.58%,,,,,,,,,,,,
,,,,,,,,,,,,,,,,,,2016,7/29/2016,$                                                       52.59,,,10/10/2017,,10/9/2017,,,,,2.33%,$             52.59,1.23,68.80,20.83,47.14,66%,31%,1.78%,5.88%,5.79%,14.58%,25.99%,6,2.60%,-9.05%,,,,,,,,,,,,
,,,,,,,,,,,,,,,,,,2016,8/2/2016,$                                                        51.49,,,10/16/2017,,10/16/2017,,,,,2.38%,$              51.49,1.23,68.80,20.83,47.14,64%,34%,1.78%,5.88%,5.92%,17.03%,28.69%,6,2.60%,-10.95%,,,,,,,,,,,,
,,,,,,,,,,,,,,,,,,2016,8/3/2016,$                                                       50.87,,,10/23/2017,,10/23/2017,,,,,2.41%,$             50.87,1.23,68.80,20.83,47.14,63%,35%,1.78%,5.88%,5.99%,18.46%,30.25%,6,2.60%,-12.02%,,,,,,,,,,,,
,,,,,,,,,,,,,,,,,,2016,8/4/2016,$                                                       50.66,,,10/30/2017,,10/30/2017,,,,,2.42%,$             50.66,1.23,68.80,20.83,47.14,62%,36%,1.78%,5.88%,6.01%,18.95%,30.79%,6,2.60%,-12.38%,,,,,,,,,,,,
,,,,,,,,,,,,,,,,,,2016,8/5/2016,$                                                       52.07,,,11/6/2017,,11/6/2017,,,,,2.35%,$             52.07,1.23,68.80,20.83,47.14,65%,32%,1.78%,5.88%,5.85%,15.73%,27.25%,6,2.60%,-9.94%,,,,,,,,,,,,
,,,,,,,,,,,,,,,,,,2016,8/8/2016,$                                                        51.20,,,11/13/2017,,11/13/2017,,,,,2.39%,$              51.20,1.23,68.80,20.83,47.14,63%,34%,1.78%,5.88%,5.95%,17.70%,29.41%,6,2.60%,-11.45%,,,,,,,,,,,,
,,,,,,,,,,,,,,,,,,2016,8/9/2016,$                                                        51.50,,,11/20/2017,,11/20/2017,,,,,2.38%,$              51.50,1.23,68.80,20.83,47.14,64%,34%,1.78%,5.88%,5.92%,17.01%,28.66%,6,2.60%,-10.93%,,,,,,,,,,,,
,,,,,,,,,,,,,,,,,,2016,8/10/2016,$                                                         51.19,,,11/27/2017,,11/27/2017,,,,,2.39%,$               51.19,1.23,68.80,20.83,47.14,63%,34%,1.78%,5.88%,5.95%,17.72%,29.44%,6,2.60%,-11.47%,,,,,,,,,,,,
,,,,,,,,,,,,,,,,,,2016,8/11/2016,$                                                       50.97,,,12/4/2017,,12/4/2017,,,,,2.40%,$             50.97,1.23,68.80,20.83,47.14,63%,35%,1.78%,5.88%,5.98%,18.23%,30.00%,6,2.60%,-11.85%,,,,,,,,,,,,
,,,,,,,,,,,,,,,,,,2016,8/12/2016,$                                                        51.29,,,12/11/2017,,12/11/2017,,,,,2.39%,$              51.29,1.23,68.80,20.83,47.14,63%,34%,1.78%,5.88%,5.94%,17.49%,29.19%,6,2.60%,-11.29%,,,,,,,,,,,,
,,,,,,,,,,,,,,,,,,2016,8/15/2016,$                                                        51.26,,,12/18/2017,,12/18/2017,,,,,2.39%,$              51.26,1.23,68.80,20.83,47.14,63%,34%,1.78%,5.88%,5.94%,17.56%,29.26%,6,2.60%,-11.35%,,,,,,,,,,,,
,,,,,,,,,,,,,,,,,,2016,8/16/2016,$                                                        51.02,,,12/27/2017,,12/26/2017,,,,,2.40%,$              51.02,1.23,68.80,20.83,47.14,63%,35%,1.78%,5.88%,5.97%,18.11%,29.87%,6,2.60%,-11.76%,,,,,,,,,,,,
,,,,,,,,,,,,,,,,,,2016,8/17/2016,$                                                       50.78,,,1/2/2018,,1/2/2018,,,,,2.41%,$             50.78,1.23,68.80,20.83,47.14,62%,35%,1.78%,5.88%,6.00%,18.67%,30.48%,6,2.60%,-12.18%,,,,,,,,,,,,
,,,,,,,,,,,,,,,,,,2016,8/18/2016,$                                                       50.66,,,1/8/2018,,1/8/2018,,,,,2.42%,$             50.66,1.23,68.80,20.83,47.14,62%,36%,1.78%,5.88%,6.01%,18.95%,30.79%,6,2.60%,-12.38%,,,,,,,,,,,,
,,,,,,,,,,,,,,,,,,2016,8/19/2016,$                                                        51.59,,,1/15/2018,,1/16/2018,,,,,2.37%,$              51.59,1.23,68.80,20.83,47.14,64%,33%,1.78%,5.88%,5.91%,16.81%,28.44%,6,2.60%,-10.77%,,,,,,,,,,,,
,,,,,,,,,,,,,,,,,,2016,8/22/2016,$                                                       50.80,,,1/22/2018,,1/22/2018,,,,,2.41%,$             50.80,1.23,68.80,20.83,47.14,62%,35%,1.78%,5.88%,6.00%,18.62%,30.43%,6,2.60%,-12.14%,,,,,,,,,,,,
,,,,,,,,,,,,,,,,,,2016,8/23/2016,$                                                        51.35,,,1/29/2018,,1/29/2018,,,,,2.39%,$              51.35,1.23,68.80,20.83,47.14,64%,34%,1.78%,5.88%,5.93%,17.35%,29.04%,6,2.60%,-11.19%,,,,,,,,,,,,
,,,,,,,,,,,,,,,,,,2016,8/24/2016,$                                                        51.02,,,2/5/2018,,2/5/2018,,,,,2.40%,$              51.02,1.23,68.80,20.83,47.14,63%,35%,1.78%,5.88%,5.97%,18.11%,29.87%,6,2.60%,-11.76%,,,,,,,,,,,,
,,,,,,,,,,,,,,,,,,2016,8/25/2016,$                                                       50.25,,,2/12/2018,,2/12/2018,,,,,2.44%,$             50.25,1.23,68.80,20.83,47.14,61%,37%,1.78%,5.88%,6.06%,19.92%,31.86%,6,2.60%,-13.09%,,,,,,,,,,,,
,,,,,,,,,,,,,,,,,,2016,8/26/2016,$                                                       50.43,,,2/20/2018,,2/20/2018,,,,,2.43%,$             50.43,1.23,68.80,20.83,47.14,62%,36%,1.78%,5.88%,6.04%,19.49%,31.39%,6,2.60%,-12.78%,,,,,,,,,,,,
,,,,,,,,,,,,,,,,,,2016,8/29/2016,$                                                       50.37,,,2/26/2018,,2/26/2018,,,,,2.43%,$             50.37,1.23,68.80,20.83,47.14,62%,37%,1.78%,5.88%,6.05%,19.63%,31.55%,6,2.60%,-12.88%,,,,,,,,,,,,
,,,,,,,,,,,,,,,,,,2016,8/30/2016,$                                                       50.27,,,3/5/2018,,3/5/2018,,,,,2.44%,$             50.27,1.23,68.80,20.83,47.14,61%,37%,1.78%,5.88%,6.06%,19.87%,31.81%,6,2.60%,-13.06%,,,,,,,,,,,,
,,,,,,,,,,,,,,,,,,2016,8/31/2016,$                                                       50.62,,,3/12/2018,,3/12/2018,,,,,2.42%,$             50.62,1.23,68.80,20.83,47.14,62%,36%,1.78%,5.88%,6.02%,19.04%,30.90%,6,2.60%,-12.45%,,,,,,,,,,,,
,,,,,,,,,,,,,,,,,,2016,9/1/2016,$                                                       50.83,,,3/19/2018,,3/19/2018,,,,,2.41%,$             50.83,1.23,68.80,20.83,47.14,63%,35%,1.78%,5.88%,5.99%,18.55%,30.36%,6,2.60%,-12.09%,,,,,,,,,,,,
,,,,,,,,,,,,,,,,,,2016,9/2/2016,$                                                        51.40,,,3/26/2018,,3/26/2018,,,,,2.38%,$              51.40,1.23,68.80,20.83,47.14,64%,34%,1.78%,5.88%,5.93%,17.24%,28.91%,6,2.60%,-11.10%,,,,,,,,,,,,
,,,,,,,,,,,,,,,,,,2016,9/6/2016,$                                                        51.29,,,4/2/2018,,4/2/2018,,,,,2.39%,$              51.29,1.23,68.80,20.83,47.14,63%,34%,1.78%,5.88%,5.94%,17.49%,29.19%,6,2.60%,-11.29%,,,,,,,,,,,,
,,,,,,,,,,,,,,,,,,2016,9/7/2016,$                                                        51.00,,,4/9/2018,,4/9/2018,,,,,2.40%,$              51.00,1.23,68.80,20.83,47.14,63%,35%,1.78%,5.88%,5.97%,18.16%,29.92%,6,2.60%,-11.80%,,,,,,,,,,,,
,,,,,,,,,,,,,,,,,,2016,9/8/2016,$                                                       52.00,,,4/16/2018,,4/16/2018,,,,,2.36%,$             52.00,1.23,68.80,20.83,47.14,65%,32%,1.78%,5.88%,5.86%,15.88%,27.42%,6,2.60%,-10.07%,,,,,,,,,,,,
,,,,,,,,,,,,,,,,,,2016,9/9/2016,$                                                       50.32,,,4/23/2018,,4/23/2018,,,,,2.43%,$             50.32,1.23,68.80,20.83,47.14,61%,37%,1.78%,5.88%,6.06%,19.75%,31.68%,6,2.60%,-12.97%,,,,,,,,,,,,
,,,,,,,,,,,,,,,,,,2016,9/12/2016,$                                                         51.15,,,4/30/2018,,4/30/2018,,,,,2.39%,$               51.15,1.23,68.80,20.83,47.14,63%,35%,1.78%,5.88%,5.96%,17.81%,29.54%,6,2.60%,-11.54%,,,,,,,,,,,,
,,,,,,,,,,,,,,,,,,2016,9/13/2016,$                                                       50.87,,,5/7/2018,,5/7/2018,,,,,2.41%,$             50.87,1.23,68.80,20.83,47.14,63%,35%,1.78%,5.88%,5.99%,18.46%,30.25%,6,2.60%,-12.02%,,,,,,,,,,,,
,,,,,,,,,,,,,,,,,,2016,9/14/2016,$                                                        51.24,,,5/14/2018,,5/14/2018,,,,,2.39%,$              51.24,1.23,68.80,20.83,47.14,63%,34%,1.78%,5.88%,5.95%,17.60%,29.31%,6,2.60%,-11.38%,,,,,,,,,,,,
,,,,,,,,,,,,,,,,,,2016,9/15/2016,$                                                       50.68,,,5/22/2018,,5/21/2018,,,,,2.42%,$             50.68,1.23,68.80,20.83,47.14,62%,36%,1.78%,5.88%,6.01%,18.90%,30.74%,6,2.60%,-12.35%,,,,,,,,,,,,
,,,,,,,,,,,,,,,,,,2016,9/16/2016,$                                                        50.14,,,5/28/2018,,5/29/2018,,,,,2.44%,$              50.14,1.23,68.80,20.83,47.14,61%,37%,1.78%,5.88%,6.08%,20.18%,32.15%,6,2.60%,-13.28%,,,,,,,,,,,,
,,,,,,,,,,,,,,,,,,2016,9/19/2016,$                                                       50.39,,,6/4/2018,,6/4/2018,,,,,2.43%,$             50.39,1.23,68.80,20.83,47.14,62%,37%,1.78%,5.88%,6.05%,19.59%,31.49%,6,2.60%,-12.85%,,,,,,,,,,,,
,,,,,,,,,,,,,,,,,,2016,9/20/2016,$                                                        51.00,,,6/11/2018,,6/11/2018,,,,,2.40%,$              51.00,1.23,68.80,20.83,47.14,63%,35%,1.78%,5.88%,5.97%,18.16%,29.92%,6,2.60%,-11.80%,,,,,,,,,,,,
,,,,,,,,,,,,,,,,,,2016,9/21/2016,$                                                        50.81,,,6/18/2018,,6/18/2018,,,,,2.41%,$              50.81,1.23,68.80,20.83,47.14,62%,35%,1.78%,5.88%,6.00%,18.60%,30.41%,6,2.60%,-12.12%,,,,,,,,,,,,
,,,,,,,,,,,,,,,,,,2016,9/22/2016,$                                                        51.26,,,6/25/2018,,6/25/2018,,,,,2.39%,$              51.26,1.23,68.80,20.83,47.14,63%,34%,1.78%,5.88%,5.94%,17.56%,29.26%,6,2.60%,-11.35%,,,,,,,,,,,,
,,,,,,,,,,,,,,,,,,2016,9/23/2016,$                                                        51.73,,,7/3/2018,,7/2/2018,,,,,2.37%,$              51.73,1.23,68.80,20.83,47.14,64%,33%,1.78%,5.88%,5.89%,16.49%,28.09%,6,2.60%,-10.53%,,,,,,,,,,,,
,,,,,,,,,,,,,,,,,,2016,9/26/2016,$                                                       50.89,,,7/9/2018,,7/9/2018,,,,,2.41%,$             50.89,1.23,68.80,20.83,47.14,63%,35%,1.78%,5.88%,5.99%,18.41%,30.20%,6,2.60%,-11.99%,,,,,,,,,,,,
,,,,,,,,,,,,,,,,,,2016,9/27/2016,$                                                       50.85,,,7/16/2018,,7/16/2018,,,,,2.41%,$             50.85,1.23,68.80,20.83,47.14,63%,35%,1.78%,5.88%,5.99%,18.51%,30.30%,6,2.60%,-12.05%,,,,,,,,,,,,
,,,,,,,,,,,,,,,,,,2016,9/28/2016,$                                                        51.85,,,7/23/2018,,7/23/2018,,,,,2.36%,$              51.85,1.23,68.80,20.83,47.14,65%,33%,1.78%,5.88%,5.88%,16.22%,27.79%,6,2.60%,-10.33%,,,,,,,,,,,,
,,,,,,,,,,,,,,,,,,2016,9/29/2016,$                                                        52.17,,,7/30/2018,,7/30/2018,,,,,2.35%,$              52.17,1.23,68.80,20.83,47.14,65%,32%,1.78%,5.88%,5.84%,15.51%,27.01%,6,2.60%,-9.77%,,,,,,,,,,,,
,,,,,,,,,,,,,,,,,,2016,9/30/2016,$                                                        51.42,,,8/7/2018,,8/6/2018,,,,,2.38%,$              51.42,1.23,68.80,20.83,47.14,64%,34%,1.78%,5.88%,5.93%,17.19%,28.86%,6,2.60%,-11.07%,,,,,,,,,,,,
,,,,,,,,,,,,,,,,,,2016,10/3/2016,$                                                        51.83,,,8/13/2018,,8/13/2018,,,,,2.36%,$              51.83,1.23,68.80,20.83,47.14,65%,33%,1.78%,5.88%,5.88%,16.26%,27.84%,6,2.60%,-10.36%,,,,,,,,,,,,
,,,,,,,,,,,,,,,,,,2016,10/4/2016,$                                                        51.94,,,8/20/2018,,8/20/2018,,,,,2.36%,$              51.94,1.23,68.80,20.83,47.14,65%,32%,1.78%,5.88%,5.87%,16.02%,27.57%,6,2.60%,-10.17%,,,,,,,,,,,,
,,,,,,,,,,,,,,,,,,2016,10/5/2016,$                                                        51.22,,,8/27/2018,,8/27/2018,,,,,2.39%,$              51.22,1.23,68.80,20.83,47.14,63%,34%,1.78%,5.88%,5.95%,17.65%,29.36%,6,2.60%,-11.41%,,,,,,,,,,,,
,,,,,,,,,,,,,,,,,,2016,10/6/2016,$                                                        51.07,,,9/4/2018,,9/4/2018,,,,,2.40%,$              51.07,1.23,68.80,20.83,47.14,63%,35%,1.78%,5.88%,5.97%,17.99%,29.74%,6,2.60%,-11.67%,,,,,,,,,,,,
,,,,,,,,,,,,,,,,,,2016,10/7/2016,$                                                        50.19,,,9/10/2018,,9/10/2018,,,,,2.44%,$              50.19,1.23,68.80,20.83,47.14,61%,37%,1.78%,5.88%,6.07%,20.06%,32.02%,6,2.60%,-13.20%,,,,,,,,,,,,
,,,,,,,,,,,,,,,,,,2016,10/11/2016,$                                                       49.87,,,9/17/2018,,9/17/2018,,,,,2.46%,$             49.87,1.23,68.80,20.83,47.14,61%,38%,1.78%,5.88%,6.11%,20.83%,32.87%,6,2.60%,-13.75%,,,,,,,,,,,,
,,,,,,,,,,,,,,,,,,2016,10/12/2016,$                                                       50.08,,,9/24/2018,,9/24/2018,,,,,2.45%,$             50.08,1.23,68.80,20.83,47.14,61%,37%,1.78%,5.88%,6.08%,20.33%,32.31%,6,2.60%,-13.39%,,,,,,,,,,,,
,,,,,,,,,,,,,,,,,,2016,10/13/2016,$                                                       49.70,,,10/1/2018,,10/1/2018,,,,,2.46%,$             49.70,1.23,68.80,20.83,47.14,60%,38%,1.78%,5.88%,6.13%,21.25%,33.32%,6,2.60%,-14.04%,,,,,,,,,,,,
,,,,,,,,,,,,,,,,,,2016,10/14/2016,$                                                       49.86,,,10/9/2018,,10/8/2018,,,,,2.46%,$             49.86,1.23,68.80,20.83,47.14,61%,38%,1.78%,5.88%,6.11%,20.86%,32.89%,6,2.60%,-13.77%,,,,,,,,,,,,
,,,,,,,,,,,,,,,,,,2016,10/17/2016,$                                                       49.98,,,10/15/2018,,10/15/2018,,,,,2.45%,$             49.98,1.23,68.80,20.83,47.14,61%,38%,1.78%,5.88%,6.10%,20.57%,32.57%,6,2.60%,-13.56%,,,,,,,,,,,,
,,,,,,,,,,,,,,,,,,2016,10/18/2016,$                                                       50.65,,,10/22/2018,,10/22/2018,,,,,2.42%,$             50.65,1.23,68.80,20.83,47.14,62%,36%,1.78%,5.88%,6.02%,18.97%,30.82%,6,2.60%,-12.40%,,,,,,,,,,,,
,,,,,,,,,,,,,,,,,,2016,10/19/2016,$                                                        50.31,,,10/29/2018,,10/29/2018,,,,,2.43%,$              50.31,1.23,68.80,20.83,47.14,61%,37%,1.78%,5.88%,6.06%,19.78%,31.70%,6,2.60%,-12.99%,,,,,,,,,,,,
,,,,,,,,,,,,,,,,,,2016,10/20/2016,$                                                       49.82,,,11/5/2018,,11/5/2018,,,,,2.46%,$             49.82,1.23,68.80,20.83,47.14,60%,38%,1.78%,5.88%,6.12%,20.96%,33.00%,6,2.60%,-13.84%,,,,,,,,,,,,
,,,,,,,,,,,,,,,,,,2016,10/21/2016,$                                                       49.48,,,11/12/2018,,11/12/2018,,,,,2.48%,$             49.48,1.23,68.80,20.83,47.14,60%,39%,1.78%,5.88%,6.16%,21.79%,33.91%,6,2.60%,-14.42%,,,,,,,,,,,,
,,,,,,,,,,,,,,,,,,2016,10/24/2016,$                                                        49.41,,,11/19/2018,,11/19/2018,,,,,2.48%,$              49.41,1.23,68.80,20.83,47.14,60%,39%,1.78%,5.88%,6.17%,21.96%,34.10%,6,2.60%,-14.55%,,,,,,,,,,,,
,,,,,,,,,,,,,,,,,,2016,10/25/2016,$                                                       49.79,,,11/26/2018,,11/26/2018,,,,,2.46%,$             49.79,1.23,68.80,20.83,47.14,60%,38%,1.78%,5.88%,6.12%,21.03%,33.08%,6,2.60%,-13.89%,,,,,,,,,,,,
,,,,,,,,,,,,,,,,,,2016,10/26/2016,$                                                       49.44,,,12/3/2018,,12/3/2018,,,,,2.48%,$             49.44,1.23,68.80,20.83,47.14,60%,39%,1.78%,5.88%,6.16%,21.89%,34.02%,6,2.60%,-14.49%,,,,,,,,,,,,
,,,,,,,,,,,,,,,,,,2016,10/27/2016,$                                                       49.87,,,12/10/2018,,12/10/2018,,,,,2.46%,$             49.87,1.23,68.80,20.83,47.14,61%,38%,1.78%,5.88%,6.11%,20.83%,32.87%,6,2.60%,-13.75%,,,,,,,,,,,,
,,,,,,,,,,,,,,,,,,2016,10/28/2016,$                                                       49.72,,,12/17/2018,,12/17/2018,,,,,2.46%,$             49.72,1.23,68.80,20.83,47.14,60%,38%,1.78%,5.88%,6.13%,21.20%,33.27%,6,2.60%,-14.01%,,,,,,,,,,,,
,,,,,,,,,,,,,,,,,,2016,10/31/2016,$                                                       49.45,,,12/24/2018,,12/24/2018,,,,,2.48%,$             49.45,1.23,68.80,20.83,47.14,60%,39%,1.78%,5.88%,6.16%,21.86%,33.99%,6,2.60%,-14.48%,,,,,,,,,,,,
,,,,,,,,,,,,,,,,,,2016,11/1/2016,$                                                       48.85,,,12/31/2018,,12/31/2018,,,,,2.51%,$             48.85,1.23,68.80,20.83,47.14,58%,41%,1.78%,5.88%,6.24%,23.36%,35.64%,6,2.60%,-15.51%,,,,,,,,,,,,
,,,,,,,,,,,,,,,,,,2016,11/2/2016,$                                                       48.40,,,1/7/2019,,1/7/2019,,,,,2.53%,$             48.40,1.23,68.80,20.83,47.14,57%,42%,1.78%,5.88%,6.30%,24.50%,36.90%,6,2.60%,-16.29%,,,,,,,,,,,,
,,,,,,,,,,,,,,,,,,2016,11/3/2016,$                                                       48.99,,,1/14/2019,,1/14/2019,,,,,2.50%,$             48.99,1.23,68.80,20.83,47.14,59%,40%,1.78%,5.88%,6.22%,23.00%,35.25%,6,2.60%,-15.27%,,,,,,,,,,,,
,,,,,,,,,,,,,,,,,,2016,11/4/2016,$                                                        49.01,,,1/21/2019,,1/22/2019,,,,,2.50%,$              49.01,1.23,68.80,20.83,47.14,59%,40%,1.78%,5.88%,6.22%,22.95%,35.20%,6,2.60%,-15.24%,,,,,,,,,,,,
,,,,,,,,,,,,,,,,,,2016,11/7/2016,$                                                       48.44,,,1/28/2019,,1/28/2019,,,,,2.53%,$             48.44,1.23,68.80,20.83,47.14,58%,42%,1.78%,5.88%,6.29%,24.40%,36.79%,6,2.60%,-16.22%,,,,,,,,,,,,
,,,,,,,,,,,,,,,,,,2016,11/8/2016,$                                                       49.57,,,2/4/2019,,2/4/2019,,,,,2.47%,$             49.57,1.23,68.80,20.83,47.14,60%,39%,1.78%,5.88%,6.15%,21.57%,33.67%,6,2.60%,-14.27%,,,,,,,,,,,,
,,,,,,,,,,,,,,,,,,2016,11/9/2016,$                                                       49.57,,,2/11/2019,,2/11/2019,,,,,2.47%,$             49.57,1.23,68.80,20.83,47.14,60%,39%,1.78%,5.88%,6.15%,21.57%,33.67%,6,2.60%,-14.27%,,,,,,,,,,,,
,,,,,,,,,,,,,,,,,,2016,11/10/2016,$                                                       49.67,,,2/19/2019,,2/19/2019,,,,,2.47%,$             49.67,1.23,68.80,20.83,47.14,60%,39%,1.78%,5.88%,6.13%,21.32%,33.40%,6,2.60%,-14.10%,,,,,,,,,,,,
,,,,,,,,,,,,,,,,,,2016,11/11/2016,$                                                       50.20,,,2/25/2019,,2/25/2019,,,,,2.44%,$             50.20,1.23,68.80,20.83,47.14,61%,37%,1.78%,5.88%,6.07%,20.04%,31.99%,6,2.60%,-13.18%,,,,,,,,,,,,
,,,,,,,,,,,,,,,,,,2016,11/14/2016,$                                                       50.08,,,3/4/2019,,3/4/2019,,,,,2.45%,$             50.08,1.23,68.80,20.83,47.14,61%,37%,1.78%,5.88%,6.08%,20.33%,32.31%,6,2.60%,-13.39%,,,,,,,,,,,,
,,,,,,,,,,,,,,,,,,2016,11/15/2016,$                                                        51.87,,,3/11/2019,,3/11/2019,,,,,2.36%,$              51.87,1.23,68.80,20.83,47.14,65%,33%,1.78%,5.88%,5.87%,16.18%,27.74%,6,2.60%,-10.29%,,,,,,,,,,,,
,,,,,,,,,,,,,,,,,,2016,11/16/2016,$                                                        51.97,,,3/18/2019,,3/18/2019,,,,,2.36%,$              51.97,1.23,68.80,20.83,47.14,65%,32%,1.78%,5.88%,5.86%,15.95%,27.50%,6,2.60%,-10.12%,,,,,,,,,,,,
,,,,,,,,,,,,,,,,,,2016,11/17/2016,$                                                       52.80,,,3/25/2019,,3/25/2019,,,,,2.32%,$             52.80,1.23,68.80,20.83,47.14,67%,30%,1.78%,5.88%,5.77%,14.13%,25.49%,6,2.60%,-8.68%,,,,,,,,,,,,
,,,,,,,,,,,,,,,,,,2016,11/18/2016,$                                                       52.94,,,4/1/2019,,4/1/2019,,,,,2.31%,$             52.94,1.23,68.80,20.83,47.14,67%,30%,1.78%,5.88%,5.76%,13.83%,25.16%,6,2.60%,-8.44%,,,,,,,,,,,,
,,,,,,,,,,,,,,,,,,2016,11/21/2016,$                                                       54.83,,,4/8/2019,,4/8/2019,,,,,2.23%,$             54.83,1.23,68.80,20.83,47.14,71%,25%,1.78%,5.88%,5.56%,9.90%,20.85%,6,2.60%,-5.17%,,,,,,,,,,,,
,,,,,,,,,,,,,,,,,,2016,11/22/2016,$                                                       54.07,,,4/15/2019,,4/15/2019,,,,,2.27%,$             54.07,1.23,68.80,20.83,47.14,69%,27%,1.78%,5.88%,5.64%,11.45%,22.54%,6,2.60%,-6.49%,,,,,,,,,,,,
,,,,,,,,,,,,,,,,,,2016,11/23/2016,$                                                       53.85,,,4/22/2019,,4/22/2019,,,,,2.27%,$             53.85,1.23,68.80,20.83,47.14,69%,28%,1.78%,5.88%,5.66%,11.90%,23.05%,6,2.60%,-6.87%,,,,,,,,,,,,
,,,,,,,,,,,,,,,,,,2016,11/24/2016,$                                                       54.06,,,4/29/2019,,4/29/2019,,,,,2.27%,$             54.06,1.23,68.80,20.83,47.14,69%,27%,1.78%,5.88%,5.64%,11.47%,22.57%,6,2.60%,-6.50%,,,,,,,,,,,,
,,,,,,,,,,,,,,,,,,2016,11/25/2016,$                                                        54.31,,,5/6/2019,,5/6/2019,,,,,2.26%,$              54.31,1.23,68.80,20.83,47.14,70%,27%,1.78%,5.88%,5.61%,10.96%,22.00%,6,2.60%,-6.07%,,,,,,,,,,,,
,,,,,,,,,,,,,,,,,,2016,11/28/2016,$                                                       54.52,,,5/13/2019,,5/13/2019,,,,,2.25%,$             54.52,1.23,68.80,20.83,47.14,70%,26%,1.78%,5.88%,5.59%,10.53%,21.53%,6,2.60%,-5.71%,,,,,,,,,,,,
,,,,,,,,,,,,,,,,,,2016,11/29/2016,$                                                       55.50,,,5/21/2019,,5/20/2019,,,,,2.21%,$             55.50,1.23,68.80,20.83,47.14,72%,24%,1.78%,5.88%,5.49%,8.58%,19.39%,6,2.60%,-4.01%,,,,,,,,,,,,
,,,,,,,,,,,,,,,,,,2016,11/30/2016,$                                                       54.95,,,5/27/2019,,5/28/2019,,,,,2.23%,$             54.95,1.23,68.80,20.83,47.14,71%,25%,1.78%,5.88%,5.55%,9.66%,20.58%,6,2.60%,-4.96%,,,,,,,,,,,,
,,,,,,,,,,,,,,,,,,2016,12/1/2016,$                                                       53.65,,,6/3/2019,,6/3/2019,,,,,2.28%,$             53.65,1.23,68.80,20.83,47.14,68%,28%,1.78%,5.88%,5.68%,12.32%,23.50%,6,2.60%,-7.21%,,,,,,,,,,,,
,,,,,,,,,,,,,,,,,,2016,12/2/2016,$                                                       54.24,,,6/10/2019,,6/10/2019,,,,,2.26%,$             54.24,1.23,68.80,20.83,47.14,70%,27%,1.78%,5.88%,5.62%,11.10%,22.16%,6,2.60%,-6.19%,,,,,,,,,,,,
,,,,,,,,,,,,,,,,,,2016,12/5/2016,$                                                       54.80,,,6/17/2019,,6/17/2019,,,,,2.24%,$             54.80,1.23,68.80,20.83,47.14,71%,26%,1.78%,5.88%,5.56%,9.96%,20.91%,6,2.60%,-5.22%,,,,,,,,,,,,
,,,,,,,,,,,,,,,,,,2016,12/6/2016,$                                                        55.15,,,6/24/2019,,6/24/2019,,,,,2.22%,$              55.15,1.23,68.80,20.83,47.14,72%,25%,1.78%,5.88%,5.52%,9.27%,20.15%,6,2.60%,-4.62%,,,,,,,,,,,,
,,,,,,,,,,,,,,,,,,2016,12/7/2016,$                                                       55.53,,,7/2/2019,,7/1/2019,,,,,2.21%,$             55.53,1.23,68.80,20.83,47.14,72%,24%,1.78%,5.88%,5.49%,8.52%,19.32%,6,2.60%,-3.96%,,,,,,,,,,,,
,,,,,,,,,,,,,,,,,,2016,12/8/2016,$                                                        56.10,,,7/8/2019,,7/8/2019,,,,,2.18%,$              56.10,1.23,68.80,20.83,47.14,74%,23%,1.78%,5.88%,5.43%,7.42%,18.11%,6,2.60%,-2.97%,,,,,,,,,,,,
,,,,,,,,,,,,,,,,,,2016,12/9/2016,$                                                       56.07,,,7/15/2019,,7/15/2019,,,,,2.18%,$             56.07,1.23,68.80,20.83,47.14,73%,23%,1.78%,5.88%,5.43%,7.47%,18.17%,6,2.60%,-3.03%,,,,,,,,,,,,
,,,,,,,,,,,,,,,,,,2016,12/12/2016,$                                                       55.85,,,7/22/2019,,7/22/2019,,,,,2.19%,$             55.85,1.23,68.80,20.83,47.14,73%,23%,1.78%,5.88%,5.46%,7.90%,18.64%,6,2.60%,-3.41%,,,,,,,,,,,,
,,,,,,,,,,,,,,,,,,2016,12/13/2016,$                                                       55.80,,,7/29/2019,,7/29/2019,,,,,2.20%,$             55.80,1.23,68.80,20.83,47.14,73%,23%,1.78%,5.88%,5.46%,7.99%,18.75%,6,2.60%,-3.49%,,,,,,,,,,,,
,,,,,,,,,,,,,,,,,,2016,12/14/2016,$                                                       55.54,,,8/6/2019,,8/5/2019,,,,,2.21%,$             55.54,1.23,68.80,20.83,47.14,72%,24%,1.78%,5.88%,5.49%,8.50%,19.30%,6,2.60%,-3.94%,,,,,,,,,,,,
,,,,,,,,,,,,,,,,,,2016,12/15/2016,$                                                       56.00,,,8/12/2019,,8/12/2019,,,,,2.19%,$             56.00,1.23,68.80,20.83,47.14,73%,23%,1.78%,5.88%,5.44%,7.61%,18.32%,6,2.60%,-3.15%,,,,,,,,,,,,
,,,,,,,,,,,,,,,,,,2016,12/16/2016,$                                                       56.00,,,8/19/2019,,8/19/2019,,,,,2.19%,$             56.00,1.23,68.80,20.83,47.14,73%,23%,1.78%,5.88%,5.44%,7.61%,18.32%,6,2.60%,-3.15%,,,,,,,,,,,,
,,,,,,,,,,,,,,,,,,2016,12/19/2016,$                                                       55.76,,,8/26/2019,,8/26/2019,,,,,2.20%,$             55.76,1.23,68.80,20.83,47.14,73%,23%,1.78%,5.88%,5.46%,8.07%,18.83%,6,2.60%,-3.56%,,,,,,,,,,,,
,,,,,,,,,,,,,,,,,,2016,12/20/2016,$                                                       55.95,,,9/3/2019,,9/3/2019,,,,,2.19%,$             55.95,1.23,68.80,20.83,47.14,73%,23%,1.78%,5.88%,5.45%,7.70%,18.43%,6,2.60%,-3.23%,,,,,,,,,,,,
,,,,,,,,,,,,,,,,,,2016,12/21/2016,$                                                        55.12,,,9/9/2019,,9/9/2019,,,,,2.22%,$              55.12,1.23,68.80,20.83,47.14,71%,25%,1.78%,5.88%,5.53%,9.33%,20.21%,6,2.60%,-4.67%,,,,,,,,,,,,
,,,,,,,,,,,,,,,,,,2016,12/22/2016,$                                                       55.75,,,9/16/2019,,9/16/2019,,,,,2.20%,$             55.75,1.23,68.80,20.83,47.14,73%,23%,1.78%,5.88%,5.47%,8.09%,18.85%,6,2.60%,-3.58%,,,,,,,,,,,,
,,,,,,,,,,,,,,,,,,2016,12/23/2016,$                                                        56.13,,,9/23/2019,,9/23/2019,,,,,2.18%,$              56.13,1.23,68.80,20.83,47.14,74%,23%,1.78%,5.88%,5.43%,7.36%,18.05%,6,2.60%,-2.92%,,,,,,,,,,,,
,,,,,,,,,,,,,,,,,,2016,12/28/2016,$                                                       56.27,,,9/30/2019,,9/30/2019,,,,,2.18%,$             56.27,1.23,68.80,20.83,47.14,74%,22%,1.78%,5.88%,5.41%,7.09%,17.75%,6,2.60%,-2.68%,,,,,,,,,,,,
,,,,,,,,,,,,,,,,,,2016,12/29/2016,$                                                       56.57,,,10/7/2019,,10/7/2019,,,,,2.17%,$             56.57,1.23,68.80,20.83,47.14,75%,22%,1.78%,5.88%,5.39%,6.52%,17.13%,6,2.60%,-2.16%,,,,,,,,,,,,
,,,,,,,,,,,,,,,,,,2016,12/30/2016,$                                                       56.72,,,10/15/2019,,10/14/2019,,,,,2.16%,$             56.72,1.23,68.80,20.83,47.14,75%,21%,1.78%,5.88%,5.37%,6.24%,16.82%,6,2.60%,-1.90%,,,,,,,,,,,,
,,,,,,,,,,,,,,,,,,2017,1/3/2017,$                                                       55.92,,,10/21/2019,,10/21/2019,,,,,2.52%,$             55.92,1.41,79.19,23.98,54.26,58%,42%,1.78%,5.88%,5.45%,7.76%,16.30%,4.775,2.60%,-3.29%,,,,,,,,,,,,
,,,,,,,,,,,,,,,,,,2017,1/4/2017,$                                                       56.59,,,10/28/2019,,10/28/2019,,,,,2.49%,$             56.59,1.41,79.19,23.98,54.26,59%,40%,1.78%,5.88%,5.38%,6.49%,14.92%,4.775,2.60%,-2.13%,,,,,,,,,,,,
,,,,,,,,,,,,,,,,,,2017,1/5/2017,$                                                       56.99,,,11/4/2019,,11/4/2019,,,,,2.47%,$             56.99,1.41,79.19,23.98,54.26,60%,39%,1.78%,5.88%,5.35%,5.74%,14.12%,4.775,2.60%,-1.44%,,,,,,,,,,,,
,,,,,,,,,,,,,,,,,,2017,1/6/2017,$                                                       57.25,,,11/11/2019,,11/11/2019,,,,,2.46%,$             57.25,1.41,79.19,23.98,54.26,60%,38%,1.78%,5.88%,5.32%,5.26%,13.60%,4.775,2.60%,-0.99%,,,,,,,,,,,,
,,,,,,,,,,,,,,,,,,2017,1/9/2017,$                                                        57.14,,,11/18/2019,,11/18/2019,,,,,2.47%,$              57.14,1.41,79.19,23.98,54.26,60%,39%,1.78%,5.88%,5.33%,5.46%,13.82%,4.775,2.60%,-1.18%,,,,,,,,,,,,
,,,,,,,,,,,,,,,,,,2017,1/10/2017,$                                                       56.53,,,11/25/2019,,11/25/2019,,,,,2.49%,$             56.53,1.41,79.19,23.98,54.26,59%,40%,1.78%,5.88%,5.39%,6.60%,15.05%,4.775,2.60%,-2.23%,,,,,,,,,,,,
,,,,,,,,,,,,,,,,,,2017,1/11/2017,$                                                       56.78,,,12/2/2019,,12/2/2019,,,,,2.48%,$             56.78,1.41,79.19,23.98,54.26,59%,39%,1.78%,5.88%,5.37%,6.13%,14.54%,4.775,2.60%,-1.80%,,,,,,,,,,,,
,,,,,,,,,,,,,,,,,,2017,1/12/2017,$                                                         57.11,,,12/9/2019,,12/9/2019,,,,,2.47%,$               57.11,1.41,79.19,23.98,54.26,60%,39%,1.78%,5.88%,5.34%,5.52%,13.88%,4.775,2.60%,-1.23%,,,,,,,,,,,,
,,,,,,,,,,,,,,,,,,2017,1/13/2017,$                                                       59.63,,,12/16/2019,,12/16/2019,,,,,2.36%,$             59.63,1.41,79.19,23.98,54.26,65%,33%,1.78%,5.88%,5.11%,1.06%,9.06%,4.775,2.60%,0.00%,,,,,,,,,,,,
,,,,,,,,,,,,,,,,,,2017,1/16/2017,$                                                       60.00,,,12/23/2019,,12/23/2019,,,,,2.35%,$             60.00,1.41,79.19,23.98,54.26,65%,32%,1.78%,5.88%,5.08%,0.43%,8.39%,4.775,2.60%,0.00%,,,,,,,,,,,,
,,,,,,,,,,,,,,,,,,2017,1/17/2017,$                                                       59.80,,,12/30/2019,,12/30/2019,,,,,2.36%,$             59.80,1.41,79.19,23.98,54.26,65%,32%,1.78%,5.88%,5.10%,0.77%,8.75%,4.775,2.60%,-0.33%,,,,,,,,,,,,
,,,,,,,,,,,,,,,,,,2017,1/18/2017,$                                                       60.30,,,1/6/2020,,1/6/2020,,,,,2.34%,$             60.30,1.41,79.19,23.98,54.26,66%,31%,1.78%,5.88%,5.05%,-0.07%,7.85%,4.775,2.60%,0.00%,,,,,,,,,,,,
,,,,,,,,,,,,,,,,,,2017,1/19/2017,$                                                        61.05,,,1/13/2020,,1/13/2020,,,,,2.31%,$              61.05,1.41,79.19,23.98,54.26,67%,30%,1.78%,5.88%,4.99%,-1.29%,6.53%,4.775,2.60%,0.00%,,,,,,,,,,,,
,,,,,,,,,,,,,,,,,,2017,1/20/2017,$                                                        61.70,,,1/20/2020,,1/21/2020,,,,,2.29%,$              61.70,1.41,79.19,23.98,54.26,68%,28%,1.78%,5.88%,4.94%,-2.33%,5.41%,4.775,2.60%,0.00%,,,,,,,,,,,,
,,,,,,,,,,,,,,,,,,2017,1/23/2017,$                                                        61.68,,,1/27/2020,,1/27/2020,,,,,2.29%,$              61.68,1.41,79.19,23.98,54.26,68%,28%,1.78%,5.88%,4.94%,-2.30%,5.44%,4.775,2.60%,-0.03%,,,,,,,,,,,,
,,,,,,,,,,,,,,,,,,2017,1/24/2017,$                                                       62.42,,,2/3/2020,,2/3/2020,,,,,2.26%,$             62.42,1.41,79.19,23.98,54.26,70%,27%,1.78%,5.88%,4.88%,-3.46%,4.19%,4.775,2.60%,0.00%,,,,,,,,,,,,
,,,,,,,,,,,,,,,,,,2017,1/25/2017,$                                                       62.89,,,2/10/2020,,2/10/2020,,,,,2.24%,$             62.89,1.41,79.19,23.98,54.26,70%,26%,1.78%,5.88%,4.84%,-4.18%,3.41%,4.775,2.60%,0.00%,,,,,,,,,,,,
,,,,,,,,,,,,,,,,,,2017,1/26/2017,$                                                        63.16,,,2/18/2020,,2/18/2020,,,,,2.23%,$              63.16,1.41,79.19,23.98,54.26,71%,25%,1.78%,5.88%,4.82%,-4.59%,2.97%,4.775,2.60%,0.00%,,,,,,,,,,,,
,,,,,,,,,,,,,,,,,,2017,1/27/2017,$                                                        63.18,,,2/24/2020,,2/24/2020,,,,,2.23%,$              63.18,1.41,79.19,23.98,54.26,71%,25%,1.78%,5.88%,4.82%,-4.62%,2.94%,4.775,2.60%,0.00%,,,,,,,,,,,,
,,,,,,,,,,,,,,,,,,2017,1/30/2017,$                                                       62.34,,,3/2/2020,,3/2/2020,,,,,2.26%,$             62.34,1.41,79.19,23.98,54.26,69%,27%,1.78%,5.88%,4.89%,-3.34%,4.32%,4.775,2.60%,-1.33%,,,,,,,,,,,,
,,,,,,,,,,,,,,,,,,2017,1/31/2017,$                                                        61.90,,,3/9/2020,,3/9/2020,,,,,2.28%,$              61.90,1.41,79.19,23.98,54.26,69%,28%,1.78%,5.88%,4.92%,-2.65%,5.06%,4.775,2.60%,-2.03%,,,,,,,,,,,,
,,,,,,,,,,,,,,,,,,2017,2/1/2017,$                                                       62.77,,,3/16/2020,,3/16/2020,,,,,2.25%,$             62.77,1.41,79.19,23.98,54.26,70%,26%,1.78%,5.88%,4.85%,-4.00%,3.61%,4.775,2.60%,-0.65%,,,,,,,,,,,,
,,,,,,,,,,,,,,,,,,2017,2/2/2017,$                                                       62.73,,,3/23/2020,,3/23/2020,,,,,2.25%,$             62.73,1.41,79.19,23.98,54.26,70%,26%,1.78%,5.88%,4.86%,-3.93%,3.68%,4.775,2.60%,-0.72%,,,,,,,,,,,,
,,,,,,,,,,,,,,,,,,2017,2/3/2017,$                                                       62.80,,,3/30/2020,,3/30/2020,,,,,2.25%,$             62.80,1.41,79.19,23.98,54.26,70%,26%,1.78%,5.88%,4.85%,-4.04%,3.56%,4.775,2.60%,-0.60%,,,,,,,,,,,,
,,,,,,,,,,,,,,,,,,2017,2/6/2017,$                                                       62.73,,,4/6/2020,,4/6/2020,,,,,2.25%,$             62.73,1.41,79.19,23.98,54.26,70%,26%,1.78%,5.88%,4.86%,-3.94%,3.67%,4.775,2.60%,-0.71%,,,,,,,,,,,,
,,,,,,,,,,,,,,,,,,2017,2/7/2017,$                                                       62.50,,,4/13/2020,,4/13/2020,,,,,2.26%,$             62.50,1.41,79.19,23.98,54.26,70%,27%,1.78%,5.88%,4.88%,-3.58%,4.06%,4.775,2.60%,-1.08%,,,,,,,,,,,,
,,,,,,,,,,,,,,,,,,2017,2/8/2017,$                                                       62.37,,,4/20/2020,,4/20/2020,,,,,2.26%,$             62.37,1.41,79.19,23.98,54.26,70%,27%,1.78%,5.88%,4.89%,-3.38%,4.27%,4.775,2.60%,-1.28%,,,,,,,,,,,,
,,,,,,,,,,,,,,,,,,2017,2/9/2017,$                                                       63.54,,,4/27/2020,,4/27/2020,,,,,2.22%,$             63.54,1.41,79.19,23.98,54.26,72%,25%,1.78%,5.88%,4.80%,-5.16%,2.35%,4.775,2.60%,0.00%,,,,,,,,,,,,
,,,,,,,,,,,,,,,,,,2017,2/10/2017,$                                                        62.91,,,5/4/2020,,5/4/2020,,,,,2.24%,$              62.91,1.41,79.19,23.98,54.26,71%,26%,1.78%,5.88%,4.84%,-4.21%,3.38%,4.775,2.60%,-0.99%,,,,,,,,,,,,
,,,,,,,,,,,,,,,,,,2017,2/13/2017,$                                                        63.15,,,5/11/2020,,5/11/2020,,,,,2.23%,$              63.15,1.41,79.19,23.98,54.26,71%,25%,1.78%,5.88%,4.83%,-4.58%,2.98%,4.775,2.60%,-0.61%,,,,,,,,,,,,
,,,,,,,,,,,,,,,,,,2017,2/14/2017,$                                                       63.08,,,5/19/2020,,5/18/2020,,,,,2.24%,$             63.08,1.41,79.19,23.98,54.26,71%,26%,1.78%,5.88%,4.83%,-4.47%,3.10%,4.775,2.60%,-0.72%,,,,,,,,,,,,
,,,,,,,,,,,,,,,,,,2017,2/15/2017,$                                                       63.02,,,5/25/2020,,5/26/2020,,,,,2.24%,$             63.02,1.41,79.19,23.98,54.26,71%,26%,1.78%,5.88%,4.83%,-4.38%,3.20%,4.775,2.60%,-0.82%,,,,,,,,,,,,
,,,,,,,,,,,,,,,,,,2017,2/16/2017,$                                                       63.00,,,6/1/2020,,6/1/2020,,,,,2.24%,$             63.00,1.41,79.19,23.98,54.26,71%,26%,1.78%,5.88%,4.84%,-4.35%,3.23%,4.775,2.60%,-0.85%,,,,,,,,,,,,
,,,,,,,,,,,,,,,,,,2017,2/17/2017,$                                                        63.12,,,6/8/2020,,6/8/2020,,,,,2.23%,$              63.12,1.41,79.19,23.98,54.26,71%,25%,1.78%,5.88%,4.83%,-4.53%,3.03%,4.775,2.60%,-0.66%,,,,,,,,,,,,
,,,,,,,,,,,,,,,,,,2017,2/21/2017,$                                                       62.99,,,6/15/2020,,6/15/2020,,,,,2.24%,$             62.99,1.41,79.19,23.98,54.26,71%,26%,1.78%,5.88%,4.84%,-4.33%,3.25%,4.775,2.60%,-0.87%,,,,,,,,,,,,
,,,,,,,,,,,,,,,,,,2017,2/22/2017,$                                                       62.94,,,6/22/2020,,6/22/2020,,,,,2.24%,$             62.94,1.41,79.19,23.98,54.26,71%,26%,1.78%,5.88%,4.84%,-4.26%,3.33%,4.775,2.60%,-0.94%,,,,,,,,,,,,
,,,,,,,,,,,,,,,,,,2017,2/23/2017,$                                                       62.68,,,6/29/2020,,6/29/2020,,,,,2.25%,$             62.68,1.41,79.19,23.98,54.26,70%,26%,1.78%,5.88%,4.86%,-3.86%,3.76%,4.775,2.60%,-1.35%,,,,,,,,,,,,
,,,,,,,,,,,,,,,,,,2017,2/24/2017,$                                                        61.95,,,7/6/2020,,7/6/2020,,,,,2.28%,$              61.95,1.41,79.19,23.98,54.26,69%,28%,1.78%,5.88%,4.92%,-2.73%,4.98%,4.775,2.60%,-2.50%,,,,,,,,,,,,
,,,,,,,,,,,,,,,,,,2017,2/27/2017,$                                                        61.97,,,7/13/2020,,7/13/2020,,,,,2.28%,$              61.97,1.41,79.19,23.98,54.26,69%,28%,1.78%,5.88%,4.92%,-2.76%,4.95%,4.775,2.60%,-2.47%,,,,,,,,,,,,
,,,,,,,,,,,,,,,,,,2017,2/28/2017,$                                                       62.00,,,7/20/2020,,7/20/2020,,,,,2.27%,$             62.00,1.41,79.19,23.98,54.26,69%,28%,1.78%,5.88%,4.91%,-2.81%,4.90%,4.775,2.60%,-2.42%,,,,,,,,,,,,
,,,,,,,,,,,,,,,,,,2017,3/1/2017,$                                                       62.07,,,7/27/2020,,7/27/2020,,,,,2.27%,$             62.07,1.41,79.19,23.98,54.26,69%,28%,1.78%,5.88%,4.91%,-2.92%,4.78%,4.775,2.60%,-2.31%,,,,,,,,,,,,
,,,,,,,,,,,,,,,,,,2017,3/2/2017,$                                                        61.95,,,8/4/2020,,8/3/2020,,,,,2.28%,$              61.95,1.41,79.19,23.98,54.26,69%,28%,1.78%,5.88%,4.92%,-2.73%,4.98%,4.775,2.60%,-2.50%,,,,,,,,,,,,
,,,,,,,,,,,,,,,,,,2017,3/3/2017,$                                                        61.69,,,8/10/2020,,8/10/2020,,,,,2.29%,$              61.69,1.41,79.19,23.98,54.26,68%,28%,1.78%,5.88%,4.94%,-2.32%,5.42%,4.775,2.60%,-2.91%,,,,,,,,,,,,
,,,,,,,,,,,,,,,,,,2017,3/6/2017,$                                                         61.31,,,8/17/2020,,8/17/2020,,,,,2.30%,$               61.31,1.41,79.19,23.98,54.26,68%,29%,1.78%,5.88%,4.97%,-1.71%,6.08%,4.775,2.60%,-3.51%,,,,,,,,,,,,
,,,,,,,,,,,,,,,,,,2017,3/7/2017,$                                                         61.21,,,8/24/2020,,8/24/2020,,,,,2.30%,$               61.21,1.41,79.19,23.98,54.26,67%,29%,1.78%,5.88%,4.98%,-1.55%,6.25%,4.775,2.60%,-3.67%,,,,,,,,,,,,
,,,,,,,,,,,,,,,,,,2017,3/8/2017,$                                                         61.18,,,8/31/2020,,8/31/2020,,,,,2.30%,$               61.18,1.41,79.19,23.98,54.26,67%,29%,1.78%,5.88%,4.98%,-1.50%,6.30%,4.775,2.60%,-3.71%,,,,,,,,,,,,
,,,,,,,,,,,,,,,,,,2017,3/9/2017,$                                                         61.13,,,9/8/2020,,9/8/2020,,,,,2.31%,$               61.13,1.41,79.19,23.98,54.26,67%,30%,1.78%,5.88%,4.98%,-1.42%,6.39%,4.775,2.60%,-3.79%,,,,,,,,,,,,
,,,,,,,,,,,,,,,,,,2017,3/10/2017,$                                                        61.45,,,9/14/2020,,9/14/2020,,,,,2.29%,$              61.45,1.41,79.19,23.98,54.26,68%,29%,1.78%,5.88%,4.96%,-1.94%,5.83%,4.775,2.60%,-3.29%,,,,,,,,,,,,
,,,,,,,,,,,,,,,,,,2017,3/13/2017,$                                                        61.50,,,9/21/2020,,9/21/2020,,,,,2.29%,$              61.50,1.41,79.19,23.98,54.26,68%,29%,1.78%,5.88%,4.95%,-2.02%,5.75%,4.775,2.60%,-3.21%,,,,,,,,,,,,
,,,,,,,,,,,,,,,,,,2017,3/14/2017,$                                                        61.20,,,9/28/2020,,9/28/2020,,,,,2.30%,$              61.20,1.41,79.19,23.98,54.26,67%,29%,1.78%,5.88%,4.98%,-1.54%,6.27%,4.775,2.60%,-3.68%,,,,,,,,,,,,
,,,,,,,,,,,,,,,,,,2017,3/15/2017,$                                                        61.44,,,10/5/2020,,10/5/2020,,,,,2.29%,$              61.44,1.41,79.19,23.98,54.26,68%,29%,1.78%,5.88%,4.96%,-1.92%,5.85%,4.775,2.60%,-3.31%,,,,,,,,,,,,
,,,,,,,,,,,,,,,,,,2017,3/16/2017,$                                                        61.28,,,10/13/2020,,10/12/2020,,,,,2.30%,$              61.28,1.41,79.19,23.98,54.26,68%,29%,1.78%,5.88%,4.97%,-1.66%,6.13%,4.775,2.60%,-3.56%,,,,,,,,,,,,
,,,,,,,,,,,,,,,,,,2017,3/17/2017,$                                                       60.94,,,10/19/2020,,10/19/2020,,,,,2.31%,$             60.94,1.41,79.19,23.98,54.26,67%,30%,1.78%,5.88%,5.00%,-1.12%,6.72%,4.775,2.60%,-4.09%,,,,,,,,,,,,
,,,,,,,,,,,,,,,,,,2017,3/20/2017,$                                                        60.10,,,10/26/2020,,10/26/2020,,,,,2.35%,$              60.10,1.41,79.19,23.98,54.26,65%,32%,1.78%,5.88%,5.07%,0.27%,8.21%,4.775,2.60%,-5.41%,,,,,,,,,,,,
,,,,,,,,,,,,,,,,,,2017,3/21/2017,$                                                       59.90,,,11/2/2020,,11/2/2020,,,,,2.35%,$             59.90,1.41,79.19,23.98,54.26,65%,32%,1.78%,5.88%,5.09%,0.60%,8.57%,4.775,2.60%,-5.73%,,,,,,,,,,,,
,,,,,,,,,,,,,,,,,,2017,3/22/2017,$                                                       58.85,,,11/9/2020,,11/9/2020,,,,,2.40%,$             58.85,1.41,79.19,23.98,54.26,63%,35%,1.78%,5.88%,5.18%,2.40%,10.51%,4.775,2.60%,-7.38%,,,,,,,,,,,,
,,,,,,,,,,,,,,,,,,2017,3/23/2017,$                                                        59.71,,,11/16/2020,,11/16/2020,,,,,2.36%,$              59.71,1.41,79.19,23.98,54.26,65%,33%,1.78%,5.88%,5.10%,0.92%,8.92%,4.775,2.60%,-6.03%,,,,,,,,,,,,
,,,,,,,,,,,,,,,,,,2017,3/24/2017,$                                                        60.10,,,11/23/2020,,11/23/2020,,,,,2.35%,$              60.10,1.41,79.19,23.98,54.26,65%,32%,1.78%,5.88%,5.07%,0.27%,8.21%,4.775,2.60%,-5.41%,,,,,,,,,,,,
,,,,,,,,,,,,,,,,,,2017,3/27/2017,$                                                       59.43,,,11/30/2020,,11/30/2020,,,,,2.37%,$             59.43,1.41,79.19,23.98,54.26,64%,33%,1.78%,5.88%,5.13%,1.40%,9.43%,4.775,2.60%,-6.47%,,,,,,,,,,,,
,,,,,,,,,,,,,,,,,,2017,3/28/2017,$                                                       59.59,,,12/7/2020,,12/7/2020,,,,,2.37%,$             59.59,1.41,79.19,23.98,54.26,64%,33%,1.78%,5.88%,5.11%,1.12%,9.14%,4.775,2.60%,-6.22%,,,,,,,,,,,,
,,,,,,,,,,,,,,,,,,2017,3/29/2017,$                                                       59.35,,,12/14/2020,,12/14/2020,,,,,2.38%,$             59.35,1.41,79.19,23.98,54.26,64%,33%,1.78%,5.88%,5.13%,1.53%,9.58%,4.775,2.60%,-6.59%,,,,,,,,,,,,
,,,,,,,,,,,,,,,,,,2017,3/30/2017,$                                                       59.26,,,12/21/2020,,12/21/2020,,,,,2.38%,$             59.26,1.41,79.19,23.98,54.26,64%,34%,1.78%,5.88%,5.14%,1.69%,9.75%,4.775,2.60%,-6.74%,,,,,,,,,,,,
,,,,,,,,,,,,,,,,,,2017,3/31/2017,$                                                       59.56,,,12/29/2020,,12/28/2020,,,,,2.37%,$             59.56,1.41,79.19,23.98,54.26,64%,33%,1.78%,5.88%,5.12%,1.18%,9.19%,4.775,2.60%,-6.26%,,,,,,,,,,,,
,,,,,,,,,,,,,,,,,,2017,4/3/2017,$                                                       59.83,,,1/4/2021,,1/4/2021,,,,,2.36%,$             59.83,1.41,79.19,23.98,54.26,65%,32%,1.78%,5.88%,5.09%,0.72%,8.70%,4.775,2.60%,-5.84%,,,,,,,,,,,,
,,,,,,,,,,,,,,,,,,2017,4/4/2017,$                                                       59.62,,,1/11/2021,,1/11/2021,,,,,2.36%,$             59.62,1.41,79.19,23.98,54.26,65%,33%,1.78%,5.88%,5.11%,1.07%,9.08%,4.775,2.60%,-6.17%,,,,,,,,,,,,
,,,,,,,,,,,,,,,,,,2017,4/5/2017,$                                                       58.99,,,1/18/2021,,1/19/2021,,,,,2.39%,$             58.99,1.41,79.19,23.98,54.26,63%,34%,1.78%,5.88%,5.17%,2.15%,10.25%,4.775,2.60%,-7.16%,,,,,,,,,,,,
,,,,,,,,,,,,,,,,,,2017,4/6/2017,$                                                       59.32,,,1/25/2021,,1/25/2021,,,,,2.38%,$             59.32,1.41,79.19,23.98,54.26,64%,33%,1.78%,5.88%,5.14%,1.58%,9.63%,4.775,2.60%,-6.64%,,,,,,,,,,,,
,,,,,,,,,,,,,,,,,,2017,4/7/2017,$                                                        61.99,,,2/1/2021,,2/1/2021,,,,,2.27%,$              61.99,1.41,79.19,23.98,54.26,69%,28%,1.78%,5.88%,4.92%,-2.79%,4.91%,4.775,2.60%,-2.44%,,,,,,,,,,,,
,,,,,,,,,,,,,,,,,,2017,4/10/2017,$                                                       62.25,,,2/8/2021,,2/8/2021,,,,,2.27%,$             62.25,1.41,79.19,23.98,54.26,69%,27%,1.78%,5.88%,4.89%,-3.20%,4.47%,4.775,2.60%,-2.03%,,,,,,,,,,,,
,,,,,,,,,,,,,,,,,,2017,4/11/2017,$                                                        63.91,,,2/16/2021,,2/16/2021,,,,,2.21%,$              63.91,1.41,79.19,23.98,54.26,72%,24%,1.78%,5.88%,4.77%,-5.71%,1.76%,4.775,2.60%,0.00%,,,,,,,,,,,,
,,,,,,,,,,,,,,,,,,2017,4/12/2017,$                                                       65.23,,,2/22/2021,,2/22/2021,,,,,2.16%,$             65.23,1.41,79.19,23.98,54.26,75%,21%,1.78%,5.88%,4.67%,-7.62%,-0.30%,4.775,2.60%,0.00%,,,,,,,,,,,,
,,,,,,,,,,,,,,,,,,2017,4/13/2017,$                                                       64.75,,,3/1/2021,,3/1/2021,,,,,2.18%,$             64.75,1.41,79.19,23.98,54.26,74%,22%,1.78%,5.88%,4.71%,-6.93%,0.45%,4.775,2.60%,-0.74%,,,,,,,,,,,,
,,,,,,,,,,,,,,,,,,2017,4/17/2017,$                                                        66.12,,,3/8/2021,,3/8/2021,,,,,2.13%,$              66.12,1.41,79.19,23.98,54.26,76%,20%,1.78%,5.88%,4.61%,-8.86%,-1.64%,4.775,2.60%,0.00%,,,,,,,,,,,,
,,,,,,,,,,,,,,,,,,2017,4/18/2017,$                                                       66.40,,,3/15/2021,,3/15/2021,,,,,2.12%,$             66.40,1.41,79.19,23.98,54.26,77%,19%,1.78%,5.88%,4.59%,-9.25%,-2.06%,4.775,2.60%,0.00%,,,,,,,,,,,,
,,,,,,,,,,,,,,,,,,2017,4/19/2017,$                                                        67.12,,,3/22/2021,,3/22/2021,,,,,2.10%,$              67.12,1.41,79.19,23.98,54.26,78%,18%,1.78%,5.88%,4.54%,-10.22%,-3.11%,4.775,2.60%,0.00%,,,,,,,,,,,,
,,,,,,,,,,,,,,,,,,2017,4/20/2017,$                                                       67.08,,,3/29/2021,,3/29/2021,,,,,2.10%,$             67.08,1.41,79.19,23.98,54.26,78%,18%,1.78%,5.88%,4.54%,-10.17%,-3.05%,4.775,2.60%,-0.06%,,,,,,,,,,,,
,,,,,,,,,,,,,,,,,,2017,4/21/2017,$                                                       66.97,,,4/5/2021,,4/5/2021,,,,,2.11%,$             66.97,1.41,79.19,23.98,54.26,78%,18%,1.78%,5.88%,4.55%,-10.02%,-2.89%,4.775,2.60%,-0.22%,,,,,,,,,,,,
,,,,,,,,,,,,,,,,,,2017,4/24/2017,$                                                       66.74,,,4/12/2021,,4/12/2021,,,,,2.11%,$             66.74,1.41,79.19,23.98,54.26,77%,19%,1.78%,5.88%,4.57%,-9.71%,-2.55%,4.775,2.60%,-0.57%,,,,,,,,,,,,
,,,,,,,,,,,,,,,,,,2017,4/25/2017,$                                                       66.40,,,4/19/2021,,4/19/2021,,,,,2.12%,$             66.40,1.41,79.19,23.98,54.26,77%,19%,1.78%,5.88%,4.59%,-9.25%,-2.06%,4.775,2.60%,-1.07%,,,,,,,,,,,,
,,,,,,,,,,,,,,,,,,2017,4/26/2017,$                                                       66.85,,,4/26/2021,,4/26/2021,,,,,2.11%,$             66.85,1.41,79.19,23.98,54.26,78%,18%,1.78%,5.88%,4.56%,-9.86%,-2.72%,4.775,2.60%,-0.40%,,,,,,,,,,,,
,,,,,,,,,,,,,,,,,,2017,4/27/2017,$                                                       68.25,,,5/3/2021,,5/3/2021,,,,,2.07%,$             68.25,1.41,79.19,23.98,54.26,80%,16%,1.78%,5.88%,4.46%,-11.71%,-4.71%,4.775,2.60%,0.00%,,,,,,,,,,,,
,,,,,,,,,,,,,,,,,,2017,4/28/2017,$                                                       68.34,,,5/10/2021,,5/10/2021,,,,,2.06%,$             68.34,1.41,79.19,23.98,54.26,80%,16%,1.78%,5.88%,4.46%,-11.82%,-4.84%,4.775,2.60%,0.00%,,,,,,,,,,,,
,,,,,,,,,,,,,,,,,,2017,5/1/2017,$                                                       69.29,,,5/17/2021,,5/17/2021,,,,,2.03%,$             69.29,1.41,79.19,23.98,54.26,82%,14%,1.78%,5.88%,4.40%,-13.03%,-6.14%,4.775,2.60%,0.00%,,,,,,,,,,,,
,,,,,,,,,,,,,,,,,,2017,5/2/2017,$                                                       69.73,,,5/25/2021,,5/24/2021,,,,,2.02%,$             69.73,1.41,79.19,23.98,54.26,83%,14%,1.78%,5.88%,4.37%,-13.58%,-6.73%,4.775,2.60%,0.00%,,,,,,,,,,,,
,,,,,,,,,,,,,,,,,,2017,5/3/2017,$                                                       69.64,,,5/31/2021,,6/1/2021,,,,,2.02%,$             69.64,1.41,79.19,23.98,54.26,83%,14%,1.78%,5.88%,4.38%,-13.47%,-6.61%,4.775,2.60%,-0.13%,,,,,,,,,,,,
,,,,,,,,,,,,,,,,,,2017,5/4/2017,$                                                       69.00,,,6/7/2021,,6/7/2021,,,,,2.04%,$             69.00,1.41,79.19,23.98,54.26,82%,15%,1.78%,5.88%,4.42%,-12.67%,-5.75%,4.775,2.60%,-1.05%,,,,,,,,,,,,
,,,,,,,,,,,,,,,,,,2017,5/5/2017,$                                                       69.33,,,6/14/2021,,6/14/2021,,,,,2.03%,$             69.33,1.41,79.19,23.98,54.26,82%,14%,1.78%,5.88%,4.39%,-13.08%,-6.20%,4.775,2.60%,-0.57%,,,,,,,,,,,,
,,,,,,,,,,,,,,,,,,2017,5/8/2017,$                                                       69.20,,,6/21/2021,,6/21/2021,,,,,2.04%,$             69.20,1.41,79.19,23.98,54.26,82%,14%,1.78%,5.88%,4.40%,-12.92%,-6.02%,4.775,2.60%,-0.76%,,,,,,,,,,,,
,,,,,,,,,,,,,,,,,,2017,5/9/2017,$                                                       68.96,,,6/28/2021,,6/28/2021,,,,,2.04%,$             68.96,1.41,79.19,23.98,54.26,81%,15%,1.78%,5.88%,4.42%,-12.62%,-5.69%,4.775,2.60%,-1.10%,,,,,,,,,,,,
,,,,,,,,,,,,,,,,,,2017,5/10/2017,$                                                        69.01,,,7/5/2021,,7/6/2021,,,,,2.04%,$              69.01,1.41,79.19,23.98,54.26,82%,15%,1.78%,5.88%,4.42%,-12.68%,-5.76%,4.775,2.60%,-1.03%,,,,,,,,,,,,
,,,,,,,,,,,,,,,,,,2017,5/11/2017,$                                                       68.46,,,7/12/2021,,7/12/2021,,,,,2.06%,$             68.46,1.41,79.19,23.98,54.26,81%,16%,1.78%,5.88%,4.45%,-11.98%,-5.00%,4.775,2.60%,-1.82%,,,,,,,,,,,,
,,,,,,,,,,,,,,,,,,2017,5/12/2017,$                                                       68.28,,,7/19/2021,,7/19/2021,,,,,2.07%,$             68.28,1.41,79.19,23.98,54.26,80%,16%,1.78%,5.88%,4.46%,-11.75%,-4.75%,4.775,2.60%,-2.08%,,,,,,,,,,,,
,,,,,,,,,,,,,,,,,,2017,5/15/2017,$                                                        68.71,,,7/26/2021,,7/26/2021,,,,,2.05%,$              68.71,1.41,79.19,23.98,54.26,81%,15%,1.78%,5.88%,4.43%,-12.30%,-5.35%,4.775,2.60%,-1.46%,,,,,,,,,,,,
,,,,,,,,,,,,,,,,,,2017,5/16/2017,$                                                       68.28,,,8/3/2021,,8/2/2021,,,,,2.07%,$             68.28,1.41,79.19,23.98,54.26,80%,16%,1.78%,5.88%,4.46%,-11.75%,-4.75%,4.775,2.60%,-2.08%,,,,,,,,,,,,
,,,,,,,,,,,,,,,,,,2017,5/17/2017,$                                                       66.65,,,8/9/2021,,8/9/2021,,,,,2.12%,$             66.65,1.41,79.19,23.98,54.26,77%,19%,1.78%,5.88%,4.57%,-9.59%,-2.42%,4.775,2.60%,-4.42%,,,,,,,,,,,,
,,,,,,,,,,,,,,,,,,2017,5/18/2017,$                                                       66.74,,,8/16/2021,,8/16/2021,,,,,2.11%,$             66.74,1.41,79.19,23.98,54.26,77%,19%,1.78%,5.88%,4.57%,-9.71%,-2.55%,4.775,2.60%,-4.29%,,,,,,,,,,,,
,,,,,,,,,,,,,,,,,,2017,5/19/2017,$                                                       67.45,,,8/23/2021,,8/23/2021,,,,,2.09%,$             67.45,1.41,79.19,23.98,54.26,79%,17%,1.78%,5.88%,4.52%,-10.66%,-3.58%,4.775,2.60%,-3.27%,,,,,,,,,,,,
,,,,,,,,,,,,,,,,,,2017,5/23/2017,$                                                       67.30,,,8/30/2021,,8/30/2021,,,,,2.10%,$             67.30,1.41,79.19,23.98,54.26,78%,18%,1.78%,5.88%,4.53%,-10.46%,-3.37%,4.775,2.60%,-3.48%,,,,,,,,,,,,
,,,,,,,,,,,,,,,,,,2017,5/24/2017,$                                                       66.85,,,9/7/2021,,9/7/2021,,,,,2.11%,$             66.85,1.41,79.19,23.98,54.26,78%,18%,1.78%,5.88%,4.56%,-9.86%,-2.72%,4.775,2.60%,-4.13%,,,,,,,,,,,,
,,,,,,,,,,,,,,,,,,2017,5/25/2017,$                                                       66.65,,,9/13/2021,,9/13/2021,,,,,2.12%,$             66.65,1.41,79.19,23.98,54.26,77%,19%,1.78%,5.88%,4.57%,-9.59%,-2.42%,4.775,2.60%,-4.42%,,,,,,,,,,,,
,,,,,,,,,,,,,,,,,,2017,5/26/2017,$                                                       66.50,,,9/20/2021,,9/20/2021,,,,,2.12%,$             66.50,1.41,79.19,23.98,54.26,77%,19%,1.78%,5.88%,4.58%,-9.38%,-2.20%,4.775,2.60%,-4.63%,,,,,,,,,,,,
,,,,,,,,,,,,,,,,,,2017,5/29/2017,$                                                       66.89,,,9/27/2021,,9/27/2021,,,,,2.11%,$             66.89,1.41,79.19,23.98,54.26,78%,18%,1.78%,5.88%,4.56%,-9.91%,-2.77%,4.775,2.60%,-4.07%,,,,,,,,,,,,
,,,,,,,,,,,,,,,,,,2017,5/30/2017,$                                                        67.10,,,10/4/2021,,10/4/2021,,,,,2.10%,$              67.10,1.41,79.19,23.98,54.26,78%,18%,1.78%,5.88%,4.54%,-10.19%,-3.08%,4.775,2.60%,-3.77%,,,,,,,,,,,,
,,,,,,,,,,,,,,,,,,2017,5/31/2017,$                                                       67.08,,,10/12/2021,,10/11/2021,,,,,2.10%,$             67.08,1.41,79.19,23.98,54.26,78%,18%,1.78%,5.88%,4.54%,-10.17%,-3.05%,4.775,2.60%,-3.80%,,,,,,,,,,,,
,,,,,,,,,,,,,,,,,,2017,6/1/2017,$                                                       67.28,,,10/18/2021,,10/18/2021,,,,,2.10%,$             67.28,1.41,79.19,23.98,54.26,78%,18%,1.78%,5.88%,4.53%,-10.43%,-3.34%,4.775,2.60%,-3.51%,,,,,,,,,,,,
,,,,,,,,,,,,,,,,,,2017,6/2/2017,$                                                       68.69,,,10/25/2021,,10/25/2021,,,,,2.05%,$             68.69,1.41,79.19,23.98,54.26,81%,15%,1.78%,5.88%,4.44%,-12.27%,-5.32%,4.775,2.60%,-1.49%,,,,,,,,,,,,
,,,,,,,,,,,,,,,,,,2017,6/5/2017,$                                                       67.45,,,11/1/2021,,11/1/2021,,,,,2.09%,$             67.45,1.41,79.19,23.98,54.26,79%,17%,1.78%,5.88%,4.52%,-10.66%,-3.58%,4.775,2.60%,-3.27%,,,,,,,,,,,,
,,,,,,,,,,,,,,,,,,2017,6/6/2017,$                                                       67.33,,,11/8/2021,,11/8/2021,,,,,2.09%,$             67.33,1.41,79.19,23.98,54.26,79%,18%,1.78%,5.88%,4.53%,-10.50%,-3.41%,4.775,2.60%,-3.44%,,,,,,,,,,,,
,,,,,,,,,,,,,,,,,,2017,6/7/2017,$                                                       66.84,,,11/15/2021,,11/15/2021,,,,,2.11%,$             66.84,1.41,79.19,23.98,54.26,78%,18%,1.78%,5.88%,4.56%,-9.84%,-2.70%,4.775,2.60%,-4.14%,,,,,,,,,,,,
,,,,,,,,,,,,,,,,,,2017,6/8/2017,$                                                       67.05,,,11/22/2021,,11/22/2021,,,,,2.10%,$             67.05,1.41,79.19,23.98,54.26,78%,18%,1.78%,5.88%,4.54%,-10.12%,-3.00%,4.775,2.60%,-3.85%,,,,,,,,,,,,
,,,,,,,,,,,,,,,,,,2017,6/9/2017,$                                                       65.95,,,11/29/2021,,11/29/2021,,,,,2.14%,$             65.95,1.41,79.19,23.98,54.26,76%,20%,1.78%,5.88%,4.62%,-8.63%,-1.39%,4.775,2.60%,-5.42%,,,,,,,,,,,,
,,,,,,,,,,,,,,,,,,2017,6/12/2017,$                                                       66.50,,,12/6/2021,,12/6/2021,,,,,2.12%,$             66.50,1.41,79.19,23.98,54.26,77%,19%,1.78%,5.88%,4.58%,-9.38%,-2.20%,4.775,2.60%,-4.63%,,,,,,,,,,,,
,,,,,,,,,,,,,,,,,,2017,6/13/2017,$                                                       66.75,,,12/13/2021,,12/13/2021,,,,,2.11%,$             66.75,1.41,79.19,23.98,54.26,77%,19%,1.78%,5.88%,4.56%,-9.72%,-2.57%,4.775,2.60%,-4.27%,,,,,,,,,,,,
,,,,,,,,,,,,,,,,,,2017,6/14/2017,$                                                        67.10,,,12/20/2021,,12/20/2021,,,,,2.10%,$              67.10,1.41,79.19,23.98,54.26,78%,18%,1.78%,5.88%,4.54%,-10.19%,-3.08%,4.775,2.60%,-3.77%,,,,,,,,,,,,
,,,,,,,,,,,,,,,,,,2017,6/15/2017,$                                                       66.75,,,12/29/2021,,12/27/2021,,,,,2.11%,$             66.75,1.41,79.19,23.98,54.26,77%,19%,1.78%,5.88%,4.56%,-9.72%,-2.57%,4.775,2.60%,-4.27%,,,,,,,,,,,,
,,,,,,,,,,,,,,,,,,2017,6/16/2017,$                                                       66.26,,,1/4/2022,,1/3/2022,,,,,2.13%,$             66.26,1.41,79.19,23.98,54.26,77%,20%,1.78%,5.88%,4.60%,-9.06%,-1.85%,4.775,2.60%,-4.98%,,,,,,,,,,,,
,,,,,,,,,,,,,,,,,,2017,6/19/2017,$                                                       66.70,,,1/10/2022,,1/10/2022,,,,,2.11%,$             66.70,1.41,79.19,23.98,54.26,77%,19%,1.78%,5.88%,4.57%,-9.66%,-2.50%,4.775,2.60%,-4.35%,,,,,,,,,,,,
,,,,,,,,,,,,,,,,,,2017,6/20/2017,$                                                       66.83,,,1/17/2022,,1/18/2022,,,,,2.11%,$             66.83,1.41,79.19,23.98,54.26,78%,18%,1.78%,5.88%,4.56%,-9.83%,-2.69%,4.775,2.60%,-4.16%,,,,,,,,,,,,
,,,,,,,,,,,,,,,,,,2017,6/21/2017,$                                                       66.92,,,1/24/2022,,1/24/2022,,,,,2.11%,$             66.92,1.41,79.19,23.98,54.26,78%,18%,1.78%,5.88%,4.55%,-9.95%,-2.82%,4.775,2.60%,-4.03%,,,,,,,,,,,,
,,,,,,,,,,,,,,,,,,2017,6/22/2017,$                                                       67.50,,,1/31/2022,,1/31/2022,,,,,2.09%,$             67.50,1.41,79.19,23.98,54.26,79%,17%,1.78%,5.88%,4.51%,-10.73%,-3.65%,4.775,2.60%,-3.20%,,,,,,,,,,,,
,,,,,,,,,,,,,,,,,,2017,6/23/2017,$                                                       68.00,,,2/7/2022,,2/7/2022,,,,,2.07%,$             68.00,1.41,79.19,23.98,54.26,80%,16%,1.78%,5.88%,4.48%,-11.38%,-4.36%,4.775,2.60%,-2.48%,,,,,,,,,,,,
,,,,,,,,,,,,,,,,,,2017,6/26/2017,$                                                       67.79,,,2/14/2022,,2/14/2022,,,,,2.08%,$             67.79,1.41,79.19,23.98,54.26,79%,17%,1.78%,5.88%,4.49%,-11.11%,-4.06%,4.775,2.60%,-2.78%,,,,,,,,,,,,
,,,,,,,,,,,,,,,,,,2017,6/27/2017,$                                                        67.51,,,2/22/2022,,2/22/2022,,,,,2.09%,$              67.51,1.41,79.19,23.98,54.26,79%,17%,1.78%,5.88%,4.51%,-10.74%,-3.67%,4.775,2.60%,-3.18%,,,,,,,,,,,,
,,,,,,,,,,,,,,,,,,2017,6/28/2017,$                                                       68.90,,,2/28/2022,,2/28/2022,,,,,2.05%,$             68.90,1.41,79.19,23.98,54.26,81%,15%,1.78%,5.88%,4.42%,-12.54%,-5.61%,4.775,2.60%,-1.19%,,,,,,,,,,,,
,,,,,,,,,,,,,,,,,,2017,6/29/2017,$                                                       68.65,,,3/7/2022,,3/7/2022,,,,,2.05%,$             68.65,1.41,79.19,23.98,54.26,81%,15%,1.78%,5.88%,4.44%,-12.22%,-5.27%,4.775,2.60%,-1.55%,,,,,,,,,,,,
,,,,,,,,,,,,,,,,,,2017,6/30/2017,$                                                       67.50,,,3/14/2022,,3/14/2022,,,,,2.09%,$             67.50,1.41,79.19,23.98,54.26,79%,17%,1.78%,5.88%,4.51%,-10.73%,-3.65%,4.775,2.60%,-3.20%,,,,,,,,,,,,
,,,,,,,,,,,,,,,,,,2017,7/4/2017,$                                                       67.68,,,3/21/2022,,3/21/2022,,,,,2.08%,$             67.68,1.41,79.19,23.98,54.26,79%,17%,1.78%,5.88%,4.50%,-10.96%,-3.91%,4.775,2.60%,-2.94%,,,,,,,,,,,,
,,,,,,,,,,,,,,,,,,2017,7/5/2017,$                                                       66.49,,,3/28/2022,,3/28/2022,,,,,2.12%,$             66.49,1.41,79.19,23.98,54.26,77%,19%,1.78%,5.88%,4.58%,-9.37%,-2.19%,4.775,2.60%,-4.65%,,,,,,,,,,,,
,,,,,,,,,,,,,,,,,,2017,7/6/2017,$                                                        67.18,,,4/4/2022,,4/4/2022,,,,,2.10%,$              67.18,1.41,79.19,23.98,54.26,78%,18%,1.78%,5.88%,4.54%,-10.30%,-3.19%,4.775,2.60%,-3.66%,,,,,,,,,,,,
,,,,,,,,,,,,,,,,,,2017,7/7/2017,$                                                       67.40,,,4/11/2022,,4/11/2022,,,,,2.09%,$             67.40,1.41,79.19,23.98,54.26,79%,17%,1.78%,5.88%,4.52%,-10.59%,-3.51%,4.775,2.60%,-3.34%,,,,,,,,,,,,
,,,,,,,,,,,,,,,,,,2017,7/10/2017,$                                                       69.22,,,4/18/2022,,4/18/2022,,,,,2.04%,$             69.22,1.41,79.19,23.98,54.26,82%,14%,1.78%,5.88%,4.40%,-12.94%,-6.05%,4.775,2.60%,-0.73%,,,,,,,,,,,,
,,,,,,,,,,,,,,,,,,2017,7/11/2017,$                                                       69.00,,,4/25/2022,,4/25/2022,,,,,2.04%,$             69.00,1.41,79.19,23.98,54.26,82%,15%,1.78%,5.88%,4.42%,-12.67%,-5.75%,4.775,2.60%,-1.05%,,,,,,,,,,,,
,,,,,,,,,,,,,,,,,,2017,7/12/2017,$                                                       67.66,,,5/2/2022,,5/2/2022,,,,,2.08%,$             67.66,1.41,79.19,23.98,54.26,79%,17%,1.78%,5.88%,4.50%,-10.94%,-3.88%,4.775,2.60%,-2.97%,,,,,,,,,,,,
,,,,,,,,,,,,,,,,,,2017,7/13/2017,$                                                        67.16,,,5/9/2022,,5/9/2022,,,,,2.10%,$              67.16,1.41,79.19,23.98,54.26,78%,18%,1.78%,5.88%,4.54%,-10.27%,-3.16%,4.775,2.60%,-3.69%,,,,,,,,,,,,
,,,,,,,,,,,,,,,,,,2017,7/14/2017,$                                                       70.36,,,5/16/2022,,5/16/2022,,,,,2.00%,$             70.36,1.41,79.19,23.98,54.26,84%,13%,1.78%,5.88%,4.33%,-14.35%,-7.57%,4.775,2.60%,0.00%,,,,,,,,,,,,
,,,,,,,,,,,,,,,,,,2017,7/17/2017,$                                                        72.21,,,5/24/2022,,5/23/2022,,,,,1.95%,$              72.21,1.41,79.19,23.98,54.26,87%,10%,1.78%,5.88%,4.22%,-16.55%,-9.94%,4.775,2.60%,0.00%,,,,,,,,,,,,
,,,,,,,,,,,,,,,,,,2017,7/18/2017,$                                                       74.70,,,5/30/2022,,5/31/2022,,,,,1.89%,$             74.70,1.41,79.19,23.98,54.26,92%,6%,1.78%,5.88%,4.08%,-19.33%,-12.94%,4.775,2.60%,0.00%,,,,,,,,,,,,
,,,,,,,,,,,,,,,,,,2017,7/19/2017,$                                                       74.85,,,6/6/2022,,6/6/2022,,,,,1.88%,$             74.85,1.41,79.19,23.98,54.26,92%,6%,1.78%,5.88%,4.07%,-19.49%,-13.11%,4.775,2.60%,0.00%,,,,,,,,,,,,
,,,,,,,,,,,,,,,,,,2017,7/20/2017,$                                                       76.50,,,6/13/2022,,6/13/2022,,,,,1.84%,$             76.50,1.41,79.19,23.98,54.26,95%,4%,1.78%,5.88%,3.98%,-21.23%,-14.99%,4.775,2.60%,0.00%,,,,,,,,,,,,
,,,,,,,,,,,,,,,,,,2017,7/21/2017,$                                                       75.75,,,6/20/2022,,6/21/2022,,,,,1.86%,$             75.75,1.41,79.19,23.98,54.26,94%,5%,1.78%,5.88%,4.02%,-20.45%,-14.15%,4.775,2.60%,-0.98%,,,,,,,,,,,,
,,,,,,,,,,,,,,,,,,2017,7/24/2017,$                                                       76.44,,,6/27/2022,,6/27/2022,,,,,1.84%,$             76.44,1.41,79.19,23.98,54.26,95%,4%,1.78%,5.88%,3.99%,-21.17%,-14.92%,4.775,2.60%,-0.08%,,,,,,,,,,,,
,,,,,,,,,,,,,,,,,,2017,7/25/2017,$                                                       76.70,,,7/4/2022,,7/5/2022,,,,,1.84%,$             76.70,1.41,79.19,23.98,54.26,95%,3%,1.78%,5.88%,3.97%,-21.43%,-15.21%,4.775,2.60%,0.00%,,,,,,,,,,,,
,,,,,,,,,,,,,,,,,,2017,7/26/2017,$                                                       76.00,,,7/11/2022,,7/11/2022,,,,,1.86%,$             76.00,1.41,79.19,23.98,54.26,94%,4%,1.78%,5.88%,4.01%,-20.71%,-14.43%,4.775,2.60%,-0.91%,,,,,,,,,,,,
,,,,,,,,,,,,,,,,,,2017,7/27/2017,$                                                       76.22,,,7/18/2022,,7/18/2022,,,,,1.85%,$             76.22,1.41,79.19,23.98,54.26,95%,4%,1.78%,5.88%,4.00%,-20.94%,-14.67%,4.775,2.60%,-0.63%,,,,,,,,,,,,
,,,,,,,,,,,,,,,,,,2017,7/28/2017,$                                                       75.46,,,7/25/2022,,7/25/2022,,,,,1.87%,$             75.46,1.41,79.19,23.98,54.26,93%,5%,1.78%,5.88%,4.04%,-20.14%,-13.82%,4.775,2.60%,-1.62%,,,,,,,,,,,,
,,,,,,,,,,,,,,,,,,2017,7/31/2017,$                                                       76.38,,,8/2/2022,,8/1/2022,,,,,1.85%,$             76.38,1.41,79.19,23.98,54.26,95%,4%,1.78%,5.88%,3.99%,-21.11%,-14.85%,4.775,2.60%,-0.42%,,,,,,,,,,,,
,,,,,,,,,,,,,,,,,,2017,8/1/2017,$                                                       76.08,,,8/8/2022,,8/8/2022,,,,,1.85%,$             76.08,1.41,79.19,23.98,54.26,94%,4%,1.78%,5.88%,4.00%,-20.79%,-14.52%,4.775,2.60%,-0.81%,,,,,,,,,,,,
,,,,,,,,,,,,,,,,,,2017,8/2/2017,$                                                       77.08,,,8/15/2022,,8/15/2022,,,,,1.83%,$             77.08,1.41,79.19,23.98,54.26,96%,3%,1.78%,5.88%,3.95%,-21.82%,-15.63%,4.775,2.60%,0.00%,,,,,,,,,,,,
,,,,,,,,,,,,,,,,,,2017,8/3/2017,$                                                       75.32,,,8/22/2022,,8/22/2022,,,,,1.87%,$             75.32,1.41,79.19,23.98,54.26,93%,5%,1.78%,5.88%,4.05%,-19.99%,-13.66%,4.775,2.60%,-2.28%,,,,,,,,,,,,
,,,,,,,,,,,,,,,,,,2017,8/4/2017,$                                                       76.77,,,8/29/2022,,8/29/2022,,,,,1.84%,$             76.77,1.41,79.19,23.98,54.26,96%,3%,1.78%,5.88%,3.97%,-21.51%,-15.29%,4.775,2.60%,-0.40%,,,,,,,,,,,,
,,,,,,,,,,,,,,,,,,2017,8/8/2017,$                                                       79.20,,,9/6/2022,,9/6/2022,,,,,1.78%,$             79.20,1.41,79.19,23.98,54.26,100%,0%,1.78%,5.88%,3.85%,-23.91%,-17.89%,4.775,2.60%,0.00%,,,,,,,,,,,,
,,,,,,,,,,,,,,,,,,2017,8/9/2017,$                                                        78.17,,,9/12/2022,,9/12/2022,,,,,1.80%,$              78.17,1.41,79.19,23.98,54.26,98%,1%,1.78%,5.88%,3.90%,-22.91%,-16.80%,4.775,2.60%,-1.30%,,,,,,,,,,,,
,,,,,,,,,,,,,,,,,,2017,8/10/2017,$                                                        78.15,,,9/19/2022,,9/19/2022,,,,,1.80%,$              78.15,1.41,79.19,23.98,54.26,98%,1%,1.78%,5.88%,3.90%,-22.89%,-16.78%,4.775,2.60%,-1.33%,,,,,,,,,,,,
,,,,,,,,,,,,,,,,,,2017,8/11/2017,$                                                       78.95,,,9/26/2022,,9/26/2022,,,,,1.79%,$             78.95,1.41,79.19,23.98,54.26,100%,0%,1.78%,5.88%,3.86%,-23.67%,-17.63%,4.775,2.60%,-0.32%,,,,,,,,,,,,
,,,,,,,,,,,,,,,,,,2017,8/14/2017,$                                                       78.95,,,10/3/2022,,10/3/2022,,,,,1.79%,$             78.95,1.41,79.19,23.98,54.26,100%,0%,1.78%,5.88%,3.86%,-23.67%,-17.63%,4.775,2.60%,-0.32%,,,,,,,,,,,,
,,,,,,,,,,,,,,,,,,2017,8/15/2017,$                                                         79.11,,,10/11/2022,,10/10/2022,,,,,1.78%,$               79.11,1.41,79.19,23.98,54.26,100%,0%,1.78%,5.88%,3.85%,-23.83%,-17.79%,4.775,2.60%,-0.11%,,,,,,,,,,,,
,,,,,,,,,,,,,,,,,,2017,8/16/2017,$                                                       78.98,,,10/17/2022,,10/17/2022,,,,,1.79%,$             78.98,1.41,79.19,23.98,54.26,100%,0%,1.78%,5.88%,3.86%,-23.70%,-17.66%,4.775,2.60%,-0.28%,,,,,,,,,,,,
,,,,,,,,,,,,,,,,,,2017,8/17/2017,$                                                       78.90,,,10/24/2022,,10/24/2022,,,,,1.79%,$             78.90,1.41,79.19,23.98,54.26,99%,0%,1.78%,5.88%,3.86%,-23.62%,-17.57%,4.775,2.60%,-0.38%,,,,,,,,,,,,
,,,,,,,,,,,,,,,,,,2017,8/18/2017,$                                                        78.19,,,10/31/2022,,10/31/2022,,,,,1.80%,$              78.19,1.41,79.19,23.98,54.26,98%,1%,1.78%,5.88%,3.90%,-22.93%,-16.82%,4.775,2.60%,-1.28%,,,,,,,,,,,,
,,,,,,,,,,,,,,,,,,2017,8/21/2017,$                                                       78.88,,,11/7/2022,,11/7/2022,,,,,1.79%,$             78.88,1.41,79.19,23.98,54.26,99%,0%,1.78%,5.88%,3.86%,-23.61%,-17.55%,4.775,2.60%,-0.40%,,,,,,,,,,,,
,,,,,,,,,,,,,,,,,,2017,8/22/2017,$                                                       79.34,,,11/14/2022,,11/14/2022,,,,,1.78%,$             79.34,1.41,79.19,23.98,54.26,100%,0%,1.78%,5.88%,3.84%,-24.05%,-18.03%,4.775,2.60%,0.00%,,,,,,,,,,,,
,,,,,,,,,,,,,,,,,,2017,8/23/2017,$                                                        79.41,,,11/21/2022,,11/21/2022,,,,,1.78%,$              79.41,1.41,79.19,23.98,54.26,100%,0%,1.78%,5.88%,3.84%,-24.12%,-18.10%,4.775,2.60%,0.00%,,,,,,,,,,,,
,,,,,,,,,,,,,,,,,,2017,8/24/2017,$                                                       79.80,,,11/28/2022,,11/28/2022,,,,,1.77%,$             79.80,1.41,79.19,23.98,54.26,101%,-1%,1.78%,5.88%,3.82%,-24.49%,-18.50%,4.775,2.60%,0.00%,,,,,,,,,,,,
,,,,,,,,,,,,,,,,,,2017,8/25/2017,$                                                       80.23,,,12/5/2022,,12/5/2022,,,,,1.76%,$             80.23,1.41,79.19,23.98,54.26,102%,-1%,1.78%,5.88%,3.80%,-24.89%,-18.94%,4.775,2.60%,0.00%,,,,,,,,,,,,
,,,,,,,,,,,,,,,,,,2017,8/28/2017,$                                                       80.20,,,12/12/2022,,12/12/2022,,,,,1.76%,$             80.20,1.41,79.19,23.98,54.26,102%,-1%,1.78%,5.88%,3.80%,-24.86%,-18.91%,4.775,2.60%,-0.04%,,,,,,,,,,,,
,,,,,,,,,,,,,,,,,,2017,8/29/2017,$                                                        81.20,,,12/19/2022,,12/19/2022,,,,,1.74%,$              81.20,1.41,79.19,23.98,54.26,104%,-2%,1.78%,5.88%,3.75%,-25.79%,-19.91%,4.775,2.60%,0.00%,,,,,,,,,,,,
,,,,,,,,,,,,,,,,,,2017,8/30/2017,$                                                        81.37,,,12/28/2022,,12/27/2022,,,,,1.73%,$              81.37,1.41,79.19,23.98,54.26,104%,-3%,1.78%,5.88%,3.74%,-25.94%,-20.07%,4.775,2.60%,0.00%,,,,,,,,,,,,
,,,,,,,,,,,,,,,,,,2017,8/31/2017,$                                                        82.51,,,1/3/2023,,1/3/2023,,,,,1.71%,$              82.51,1.41,79.19,23.98,54.26,106%,-4%,1.78%,5.88%,3.69%,-26.97%,-21.18%,4.775,2.60%,0.00%,,,,,,,,,,,,
,,,,,,,,,,,,,,,,,,2017,9/1/2017,$                                                       82.60,,,1/9/2023,,1/9/2023,,,,,1.71%,$             82.60,1.41,79.19,23.98,54.26,106%,-4%,1.78%,5.88%,3.69%,-27.05%,-21.27%,4.775,2.60%,0.00%,,,,,,,,,,,,
,,,,,,,,,,,,,,,,,,2017,9/5/2017,$                                                       82.23,,,1/16/2023,,1/17/2023,,,,,1.71%,$             82.23,1.41,79.19,23.98,54.26,106%,-4%,1.78%,5.88%,3.71%,-26.72%,-20.91%,4.775,2.60%,-0.45%,,,,,,,,,,,,
,,,,,,,,,,,,,,,,,,2017,9/6/2017,$                                                       82.37,,,1/23/2023,,1/23/2023,,,,,1.71%,$             82.37,1.41,79.19,23.98,54.26,106%,-4%,1.78%,5.88%,3.70%,-26.84%,-21.05%,4.775,2.60%,-0.28%,,,,,,,,,,,,
,,,,,,,,,,,,,,,,,,2017,9/7/2017,$                                                        81.50,,,1/30/2023,,1/30/2023,,,,,1.73%,$              81.50,1.41,79.19,23.98,54.26,104%,-3%,1.78%,5.88%,3.74%,-26.06%,-20.20%,4.775,2.60%,-1.33%,,,,,,,,,,,,
,,,,,,,,,,,,,,,,,,2017,9/8/2017,$                                                       79.68,,,2/6/2023,,2/6/2023,,,,,1.77%,$             79.68,1.41,79.19,23.98,54.26,101%,-1%,1.78%,5.88%,3.82%,-24.37%,-18.38%,4.775,2.60%,-3.54%,,,,,,,,,,,,
,,,,,,,,,,,,,,,,,,2017,9/11/2017,$                                                        79.14,,,2/13/2023,,2/13/2023,,,,,1.78%,$              79.14,1.41,79.19,23.98,54.26,100%,0%,1.78%,5.88%,3.85%,-23.86%,-17.82%,4.775,2.60%,-4.19%,,,,,,,,,,,,
,,,,,,,,,,,,,,,,,,2017,9/12/2017,$                                                       80.05,,,2/21/2023,,2/21/2023,,,,,1.76%,$             80.05,1.41,79.19,23.98,54.26,102%,-1%,1.78%,5.88%,3.81%,-24.72%,-18.76%,4.775,2.60%,-3.09%,,,,,,,,,,,,
,,,,,,,,,,,,,,,,,,2017,9/13/2017,$                                                        77.91,,,2/27/2023,,2/27/2023,,,,,1.81%,$              77.91,1.41,79.19,23.98,54.26,98%,2%,1.78%,5.88%,3.91%,-22.65%,-16.53%,4.775,2.60%,-5.68%,,,,,,,,,,,,
,,,,,,,,,,,,,,,,,,2017,9/14/2017,$                                                       79.59,,,3/6/2023,,3/6/2023,,,,,1.77%,$             79.59,1.41,79.19,23.98,54.26,101%,-1%,1.78%,5.88%,3.83%,-24.29%,-18.29%,4.775,2.60%,-3.64%,,,,,,,,,,,,
,,,,,,,,,,,,,,,,,,2017,9/15/2017,$                                                       79.65,,,3/13/2023,,3/13/2023,,,,,1.77%,$             79.65,1.41,79.19,23.98,54.26,101%,-1%,1.78%,5.88%,3.83%,-24.34%,-18.35%,4.775,2.60%,-3.57%,,,,,,,,,,,,
,,,,,,,,,,,,,,,,,,2017,9/18/2017,$                                                       79.88,,,3/20/2023,,3/20/2023,,,,,1.77%,$             79.88,1.41,79.19,23.98,54.26,101%,-1%,1.78%,5.88%,3.81%,-24.56%,-18.58%,4.775,2.60%,-3.29%,,,,,,,,,,,,
,,,,,,,,,,,,,,,,,,2017,9/19/2017,$                                                       80.58,,,3/27/2023,,3/27/2023,,,,,1.75%,$             80.58,1.41,79.19,23.98,54.26,103%,-2%,1.78%,5.88%,3.78%,-25.22%,-19.29%,4.775,2.60%,-2.45%,,,,,,,,,,,,
,,,,,,,,,,,,,,,,,,2017,9/20/2017,$                                                        79.91,,,4/3/2023,,4/3/2023,,,,,1.76%,$              79.91,1.41,79.19,23.98,54.26,101%,-1%,1.78%,5.88%,3.81%,-24.59%,-18.61%,4.775,2.60%,-3.26%,,,,,,,,,,,,
,,,,,,,,,,,,,,,,,,2017,9/21/2017,$                                                       79.02,,,4/10/2023,,4/10/2023,,,,,1.78%,$             79.02,1.41,79.19,23.98,54.26,100%,0%,1.78%,5.88%,3.86%,-23.74%,-17.70%,4.775,2.60%,-4.33%,,,,,,,,,,,,
,,,,,,,,,,,,,,,,,,2017,9/22/2017,$                                                        77.91,,,4/17/2023,,4/17/2023,,,,,1.81%,$              77.91,1.41,79.19,23.98,54.26,98%,2%,1.78%,5.88%,3.91%,-22.65%,-16.53%,4.775,2.60%,-5.68%,,,,,,,,,,,,
,,,,,,,,,,,,,,,,,,2017,9/25/2017,$                                                       78.02,,,4/24/2023,,4/24/2023,,,,,1.81%,$             78.02,1.41,79.19,23.98,54.26,98%,2%,1.78%,5.88%,3.91%,-22.76%,-16.64%,4.775,2.60%,-5.54%,,,,,,,,,,,,
,,,,,,,,,,,,,,,,,,2017,9/26/2017,$                                                       78.32,,,5/1/2023,,5/1/2023,,,,,1.80%,$             78.32,1.41,79.19,23.98,54.26,98%,1%,1.78%,5.88%,3.89%,-23.06%,-16.96%,4.775,2.60%,-5.18%,,,,,,,,,,,,
,,,,,,,,,,,,,,,,,,2017,9/27/2017,$                                                       79.97,,,5/8/2023,,5/8/2023,,,,,1.76%,$             79.97,1.41,79.19,23.98,54.26,101%,-1%,1.78%,5.88%,3.81%,-24.65%,-18.68%,4.775,2.60%,-3.18%,,,,,,,,,,,,
,,,,,,,,,,,,,,,,,,2017,9/28/2017,$                                                        81.09,,,5/15/2023,,5/15/2023,,,,,1.74%,$              81.09,1.41,79.19,23.98,54.26,103%,-2%,1.78%,5.88%,3.76%,-25.69%,-19.80%,4.775,2.60%,-1.83%,,,,,,,,,,,,
,,,,,,,,,,,,,,,,,,2017,9/29/2017,$                                                        81.88,,,5/23/2023,,5/22/2023,,,,,1.72%,$              81.88,1.41,79.19,23.98,54.26,105%,-3%,1.78%,5.88%,3.72%,-26.40%,-20.57%,4.775,2.60%,-0.87%,,,,,,,,,,,,
,,,,,,,,,,,,,,,,,,2017,10/2/2017,$                                                       82.82,,,5/29/2023,,5/30/2023,,,,,1.70%,$             82.82,1.41,79.19,23.98,54.26,107%,-4%,1.78%,5.88%,3.68%,-27.24%,-21.47%,4.775,2.60%,0.00%,,,,,,,,,,,,
,,,,,,,,,,,,,,,,,,2017,10/3/2017,$                                                        82.91,,,6/5/2023,,6/5/2023,,,,,1.70%,$              82.91,1.41,79.19,23.98,54.26,107%,-4%,1.78%,5.88%,3.68%,-27.32%,-21.56%,4.775,2.60%,0.00%,,,,,,,,,,,,
,,,,,,,,,,,,,,,,,,2017,10/4/2017,$                                                        84.17,,,6/12/2023,,6/12/2023,,,,,1.68%,$              84.17,1.41,79.19,23.98,54.26,109%,-6%,1.78%,5.88%,3.62%,-28.41%,-22.73%,4.775,2.60%,0.00%,,,,,,,,,,,,
,,,,,,,,,,,,,,,,,,2017,10/5/2017,$                                                       84.39,,,6/19/2023,,6/20/2023,,,,,1.67%,$             84.39,1.41,79.19,23.98,54.26,109%,-6%,1.78%,5.88%,3.61%,-28.59%,-22.94%,4.775,2.60%,0.00%,,,,,,,,,,,,
,,,,,,,,,,,,,,,,,,2017,10/6/2017,$                                                       83.00,,,6/26/2023,,6/26/2023,,,,,1.70%,$             83.00,1.41,79.19,23.98,54.26,107%,-5%,1.78%,5.88%,3.67%,-27.40%,-21.64%,4.775,2.60%,-1.65%,,,,,,,,,,,,
,,,,,,,,,,,,,,,,,,2017,10/10/2017,$                                                       83.00,,,7/4/2023,,7/3/2023,,,,,1.70%,$             83.00,1.41,79.19,23.98,54.26,107%,-5%,1.78%,5.88%,3.67%,-27.40%,-21.64%,4.775,2.60%,-1.65%,,,,,,,,,,,,
,,,,,,,,,,,,,,,,,,2017,10/11/2017,$                                                       82.47,,,7/10/2023,,7/10/2023,,,,,1.71%,$             82.47,1.41,79.19,23.98,54.26,106%,-4%,1.78%,5.88%,3.69%,-26.93%,-21.14%,4.775,2.60%,-2.28%,,,,,,,,,,,,
,,,,,,,,,,,,,,,,,,2017,10/12/2017,$                                                       82.08,,,7/17/2023,,7/17/2023,,,,,1.72%,$             82.08,1.41,79.19,23.98,54.26,105%,-4%,1.78%,5.88%,3.71%,-26.58%,-20.77%,4.775,2.60%,-2.74%,,,,,,,,,,,,
,,,,,,,,,,,,,,,,,,2017,10/13/2017,$                                                        81.25,,,7/24/2023,,7/24/2023,,,,,1.74%,$              81.25,1.41,79.19,23.98,54.26,104%,-3%,1.78%,5.88%,3.75%,-25.83%,-19.96%,4.775,2.60%,-3.72%,,,,,,,,,,,,
,,,,,,,,,,,,,,,,,,2017,10/16/2017,$                                                         82.11,,,7/31/2023,,7/31/2023,,,,,1.72%,$               82.11,1.41,79.19,23.98,54.26,105%,-4%,1.78%,5.88%,3.71%,-26.61%,-20.80%,4.775,2.60%,-2.70%,,,,,,,,,,,,
,,,,,,,,,,,,,,,,,,2017,10/17/2017,$                                                       82.36,,,8/8/2023,,8/7/2023,,,,,1.71%,$             82.36,1.41,79.19,23.98,54.26,106%,-4%,1.78%,5.88%,3.70%,-26.83%,-21.04%,4.775,2.60%,-2.41%,,,,,,,,,,,,
,,,,,,,,,,,,,,,,,,2017,10/18/2017,$                                                       82.99,,,8/14/2023,,8/14/2023,,,,,1.70%,$             82.99,1.41,79.19,23.98,54.26,107%,-5%,1.78%,5.88%,3.67%,-27.39%,-21.64%,4.775,2.60%,-1.66%,,,,,,,,,,,,
,,,,,,,,,,,,,,,,,,2017,10/19/2017,$                                                       82.96,,,8/21/2023,,8/21/2023,,,,,1.70%,$             82.96,1.41,79.19,23.98,54.26,107%,-5%,1.78%,5.88%,3.67%,-27.36%,-21.61%,4.775,2.60%,-1.69%,,,,,,,,,,,,
,,,,,,,,,,,,,,,,,,2017,10/20/2017,$                                                        84.10,,,8/28/2023,,8/28/2023,,,,,1.68%,$              84.10,1.41,79.19,23.98,54.26,109%,-6%,1.78%,5.88%,3.62%,-28.35%,-22.67%,4.775,2.60%,-0.34%,,,,,,,,,,,,
,,,,,,,,,,,,,,,,,,2017,10/23/2017,$                                                       84.23,,,9/5/2023,,9/5/2023,,,,,1.67%,$             84.23,1.41,79.19,23.98,54.26,109%,-6%,1.78%,5.88%,3.62%,-28.46%,-22.79%,4.775,2.60%,-0.19%,,,,,,,,,,,,
,,,,,,,,,,,,,,,,,,2017,10/24/2017,$                                                       84.70,,,9/11/2023,,9/11/2023,,,,,1.66%,$             84.70,1.41,79.19,23.98,54.26,110%,-7%,1.78%,5.88%,3.60%,-28.85%,-23.22%,4.775,2.60%,0.00%,,,,,,,,,,,,
,,,,,,,,,,,,,,,,,,2017,10/25/2017,$                                                       84.45,,,9/18/2023,,9/18/2023,,,,,1.67%,$             84.45,1.41,79.19,23.98,54.26,110%,-6%,1.78%,5.88%,3.61%,-28.64%,-22.99%,4.775,2.60%,-0.30%,,,,,,,,,,,,
,,,,,,,,,,,,,,,,,,2017,10/26/2017,$                                                       84.54,,,9/25/2023,,9/25/2023,,,,,1.67%,$             84.54,1.41,79.19,23.98,54.26,110%,-6%,1.78%,5.88%,3.60%,-28.72%,-23.07%,4.775,2.60%,-0.19%,,,,,,,,,,,,
,,,,,,,,,,,,,,,,,,2017,10/27/2017,$                                                       85.90,,,10/2/2023,,10/2/2023,,,,,1.64%,$             85.90,1.41,79.19,23.98,54.26,112%,-8%,1.78%,5.88%,3.55%,-29.85%,-24.29%,4.775,2.60%,0.00%,,,,,,,,,,,,
,,,,,,,,,,,,,,,,,,2017,10/30/2017,$                                                       86.09,,,10/10/2023,,10/9/2023,,,,,1.64%,$             86.09,1.41,79.19,23.98,54.26,112%,-8%,1.78%,5.88%,3.54%,-30.00%,-24.46%,4.775,2.60%,0.00%,,,,,,,,,,,,
,,,,,,,,,,,,,,,,,,2017,10/31/2017,$                                                       87.94,,,10/16/2023,,10/16/2023,,,,,1.60%,$             87.94,1.41,79.19,23.98,54.26,116%,-10%,1.78%,5.88%,3.46%,-31.48%,-26.05%,4.775,2.60%,0.00%,,,,,,,,,,,,
,,,,,,,,,,,,,,,,,,2017,11/1/2017,$                                                       86.27,,,10/23/2023,,10/23/2023,,,,,1.63%,$             86.27,1.41,79.19,23.98,54.26,113%,-8%,1.78%,5.88%,3.53%,-30.15%,-24.61%,4.775,2.60%,-1.90%,,,,,,,,,,,,
,,,,,,,,,,,,,,,,,,2017,11/2/2017,$                                                       86.65,,,10/30/2023,,10/30/2023,,,,,1.63%,$             86.65,1.41,79.19,23.98,54.26,114%,-9%,1.78%,5.88%,3.52%,-30.46%,-24.95%,4.775,2.60%,-1.47%,,,,,,,,,,,,
,,,,,,,,,,,,,,,,,,2017,11/3/2017,$                                                       84.08,,,11/6/2023,,11/6/2023,,,,,1.68%,$             84.08,1.41,79.19,23.98,54.26,109%,-6%,1.78%,5.88%,3.62%,-28.33%,-22.65%,4.775,2.60%,-4.39%,,,,,,,,,,,,
,,,,,,,,,,,,,,,,,,2017,11/6/2017,$                                                       82.54,,,11/13/2023,,11/13/2023,,,,,1.71%,$             82.54,1.41,79.19,23.98,54.26,106%,-4%,1.78%,5.88%,3.69%,-26.99%,-21.21%,4.775,2.60%,-6.14%,,,,,,,,,,,,
,,,,,,,,,,,,,,,,,,2017,11/7/2017,$                                                        84.81,,,11/20/2023,,11/20/2023,,,,,1.66%,$              84.81,1.41,79.19,23.98,54.26,110%,-7%,1.78%,5.88%,3.59%,-28.95%,-23.32%,4.775,2.60%,-3.56%,,,,,,,,,,,,
,,,,,,,,,,,,,,,,,,2017,11/8/2017,$                                                        86.91,,,11/27/2023,,11/27/2023,,,,,1.62%,$              86.91,1.41,79.19,23.98,54.26,114%,-9%,1.78%,5.88%,3.51%,-30.66%,-25.17%,4.775,2.60%,-1.17%,,,,,,,,,,,,
,,,,,,,,,,,,,,,,,,2017,11/9/2017,$                                                       87.40,,,12/4/2023,,12/4/2023,,,,,1.61%,$             87.40,1.41,79.19,23.98,54.26,115%,-9%,1.78%,5.88%,3.49%,-31.05%,-25.59%,4.775,2.60%,-0.61%,,,,,,,,,,,,
,,,,,,,,,,,,,,,,,,2017,11/10/2017,$                                                       87.54,,,12/11/2023,,12/11/2023,,,,,1.61%,$             87.54,1.41,79.19,23.98,54.26,115%,-10%,1.78%,5.88%,3.48%,-31.16%,-25.71%,4.775,2.60%,-0.45%,,,,,,,,,,,,
,,,,,,,,,,,,,,,,,,2017,11/13/2017,$                                                       87.79,,,12/18/2023,,12/18/2023,,,,,1.61%,$             87.79,1.41,79.19,23.98,54.26,116%,-10%,1.78%,5.88%,3.47%,-31.36%,-25.92%,4.775,2.60%,-0.17%,,,,,,,,,,,,
,,,,,,,,,,,,,,,,,,2017,11/14/2017,$                                                       87.39,,,12/27/2023,,12/26/2023,,,,,1.61%,$             87.39,1.41,79.19,23.98,54.26,115%,-9%,1.78%,5.88%,3.49%,-31.04%,-25.58%,4.775,2.60%,-0.63%,,,,,,,,,,,,
,,,,,,,,,,,,,,,,,,2017,11/15/2017,$                                                       87.70,,,1/2/2024,,1/2/2024,,,,,1.61%,$             87.70,1.41,79.19,23.98,54.26,115%,-10%,1.78%,5.88%,3.47%,-31.29%,-25.84%,4.775,2.60%,-0.27%,,,,,,,,,,,,
,,,,,,,,,,,,,,,,,,2017,11/16/2017,$                                                        89.91,,,1/8/2024,,1/8/2024,,,,,1.57%,$              89.91,1.41,79.19,23.98,54.26,119%,-12%,1.78%,5.88%,3.39%,-32.98%,-27.67%,4.775,2.60%,0.00%,,,,,,,,,,,,
,,,,,,,,,,,,,,,,,,2017,11/17/2017,$                                                        91.44,,,1/15/2024,,1/16/2024,,,,,1.54%,$              91.44,1.41,79.19,23.98,54.26,122%,-13%,1.78%,5.88%,3.33%,-34.10%,-28.88%,4.775,2.60%,0.00%,,,,,,,,,,,,
,,,,,,,,,,,,,,,,,,2017,11/20/2017,$                                                       92.47,,,1/22/2024,,1/22/2024,,,,,1.52%,$             92.47,1.41,79.19,23.98,54.26,124%,-14%,1.78%,5.88%,3.30%,-34.83%,-29.67%,4.775,2.60%,0.00%,,,,,,,,,,,,
,,,,,,,,,,,,,,,,,,2017,11/21/2017,$                                                       95.42,,,1/29/2024,,1/29/2024,,,,,1.48%,$             95.42,1.41,79.19,23.98,54.26,129%,-17%,1.78%,5.88%,3.19%,-36.85%,-31.84%,4.775,2.60%,0.00%,,,,,,,,,,,,
,,,,,,,,,,,,,,,,,,2017,11/22/2017,$                                                       93.79,,,2/5/2024,,2/5/2024,,,,,1.50%,$             93.79,1.41,79.19,23.98,54.26,126%,-16%,1.78%,5.88%,3.25%,-35.75%,-30.66%,4.775,2.60%,-1.71%,,,,,,,,,,,,
,,,,,,,,,,,,,,,,,,2017,11/23/2017,$                                                       94.33,,,2/12/2024,,2/12/2024,,,,,1.49%,$             94.33,1.41,79.19,23.98,54.26,127%,-16%,1.78%,5.88%,3.23%,-36.12%,-31.06%,4.775,2.60%,-1.14%,,,,,,,,,,,,
,,,,,,,,,,,,,,,,,,2017,11/24/2017,$                                                       94.86,,,2/20/2024,,2/20/2024,,,,,1.49%,$             94.86,1.41,79.19,23.98,54.26,128%,-17%,1.78%,5.88%,3.21%,-36.47%,-31.44%,4.775,2.60%,-0.59%,,,,,,,,,,,,
,,,,,,,,,,,,,,,,,,2017,11/27/2017,$                                                       94.24,,,2/26/2024,,2/26/2024,,,,,1.50%,$             94.24,1.41,79.19,23.98,54.26,127%,-16%,1.78%,5.88%,3.23%,-36.06%,-30.99%,4.775,2.60%,-1.24%,,,,,,,,,,,,
,,,,,,,,,,,,,,,,,,2017,11/28/2017,$                                                       95.79,,,3/4/2024,,3/4/2024,,,,,1.47%,$             95.79,1.41,79.19,23.98,54.26,130%,-17%,1.78%,5.88%,3.18%,-37.09%,-32.11%,4.775,2.60%,0.00%,,,,,,,,,,,,
,,,,,,,,,,,,,,,,,,2017,11/29/2017,$                                                       95.93,,,3/11/2024,,3/11/2024,,,,,1.47%,$             95.93,1.41,79.19,23.98,54.26,130%,-17%,1.78%,5.88%,3.18%,-37.18%,-32.21%,4.775,2.60%,0.00%,,,,,,,,,,,,
,,,,,,,,,,,,,,,,,,2017,11/30/2017,$                                                       96.57,,,3/18/2024,,3/18/2024,,,,,1.46%,$             96.57,1.41,79.19,23.98,54.26,131%,-18%,1.78%,5.88%,3.16%,-37.60%,-32.66%,4.775,2.60%,0.00%,,,,,,,,,,,,
,,,,,,,,,,,,,,,,,,2017,12/1/2017,$                                                       96.87,,,3/25/2024,,3/25/2024,,,,,1.46%,$             96.87,1.41,79.19,23.98,54.26,132%,-18%,1.78%,5.88%,3.15%,-37.79%,-32.86%,4.775,2.60%,0.00%,,,,,,,,,,,,
,,,,,,,,,,,,,,,,,,2017,12/4/2017,$                                                        95.15,,,4/1/2024,,4/1/2024,,,,,1.48%,$              95.15,1.41,79.19,23.98,54.26,129%,-17%,1.78%,5.88%,3.20%,-36.67%,-31.65%,4.775,2.60%,-1.78%,,,,,,,,,,,,
,,,,,,,,,,,,,,,,,,2017,12/5/2017,$                                                       94.74,,,4/8/2024,,4/8/2024,,,,,1.49%,$             94.74,1.41,79.19,23.98,54.26,128%,-16%,1.78%,5.88%,3.22%,-36.39%,-31.35%,4.775,2.60%,-2.20%,,,,,,,,,,,,
,,,,,,,,,,,,,,,,,,2017,12/6/2017,$                                                       92.50,,,4/15/2024,,4/15/2024,,,,,1.52%,$             92.50,1.41,79.19,23.98,54.26,124%,-14%,1.78%,5.88%,3.29%,-34.85%,-29.69%,4.775,2.60%,-4.51%,,,,,,,,,,,,
,,,,,,,,,,,,,,,,,,2017,12/7/2017,$                                                       92.00,,,4/22/2024,,4/22/2024,,,,,1.53%,$             92.00,1.41,79.19,23.98,54.26,123%,-14%,1.78%,5.88%,3.31%,-34.50%,-29.31%,4.775,2.60%,-5.03%,,,,,,,,,,,,
,,,,,,,,,,,,,,,,,,2017,12/8/2017,$                                                       92.00,,,4/29/2024,,4/29/2024,,,,,1.53%,$             92.00,1.41,79.19,23.98,54.26,123%,-14%,1.78%,5.88%,3.31%,-34.50%,-29.31%,4.775,2.60%,-5.03%,,,,,,,,,,,,
,,,,,,,,,,,,,,,,,,2017,12/11/2017,$                                                        91.79,,,5/6/2024,,5/6/2024,,,,,1.54%,$              91.79,1.41,79.19,23.98,54.26,123%,-14%,1.78%,5.88%,3.32%,-34.35%,-29.15%,4.775,2.60%,-5.24%,,,,,,,,,,,,
,,,,,,,,,,,,,,,,,,2017,12/12/2017,$                                                       92.00,,,5/13/2024,,5/13/2024,,,,,1.53%,$             92.00,1.41,79.19,23.98,54.26,123%,-14%,1.78%,5.88%,3.31%,-34.50%,-29.31%,4.775,2.60%,-5.03%,,,,,,,,,,,,
,,,,,,,,,,,,,,,,,,2017,12/13/2017,$                                                        91.86,,,5/21/2024,,5/20/2024,,,,,1.53%,$              91.86,1.41,79.19,23.98,54.26,123%,-14%,1.78%,5.88%,3.32%,-34.40%,-29.20%,4.775,2.60%,-5.17%,,,,,,,,,,,,
,,,,,,,,,,,,,,,,,,2017,12/14/2017,$                                                       90.39,,,5/27/2024,,5/28/2024,,,,,1.56%,$             90.39,1.41,79.19,23.98,54.26,120%,-12%,1.78%,5.88%,3.37%,-33.33%,-28.05%,4.775,2.60%,-6.69%,,,,,,,,,,,,
,,,,,,,,,,,,,,,,,,2017,12/15/2017,$                                                       90.66,,,6/3/2024,,6/3/2024,,,,,1.56%,$             90.66,1.41,79.19,23.98,54.26,121%,-13%,1.78%,5.88%,3.36%,-33.53%,-28.26%,4.775,2.60%,-6.41%,,,,,,,,,,,,
,,,,,,,,,,,,,,,,,,2017,12/18/2017,$                                                       89.32,,,6/10/2024,,6/10/2024,,,,,1.58%,$             89.32,1.41,79.19,23.98,54.26,118%,-11%,1.78%,5.88%,3.41%,-32.53%,-27.19%,4.775,2.60%,-7.79%,,,,,,,,,,,,
,,,,,,,,,,,,,,,,,,2017,12/19/2017,$                                                        88.91,,,6/17/2024,,6/17/2024,,,,,1.59%,$              88.91,1.41,79.19,23.98,54.26,118%,-11%,1.78%,5.88%,3.43%,-32.22%,-26.85%,4.775,2.60%,-8.22%,,,,,,,,,,,,
,,,,,,,,,,,,,,,,,,2017,12/20/2017,$                                                       89.36,,,6/24/2024,,6/24/2024,,,,,1.58%,$             89.36,1.41,79.19,23.98,54.26,118%,-11%,1.78%,5.88%,3.41%,-32.56%,-27.22%,4.775,2.60%,-7.75%,,,,,,,,,,,,
,,,,,,,,,,,,,,,,,,2017,12/21/2017,$                                                       89.98,,,7/2/2024,,7/1/2024,,,,,1.57%,$             89.98,1.41,79.19,23.98,54.26,120%,-12%,1.78%,5.88%,3.39%,-33.03%,-27.72%,4.775,2.60%,-7.11%,,,,,,,,,,,,
,,,,,,,,,,,,,,,,,,2017,12/22/2017,$                                                       90.05,,,7/8/2024,,7/8/2024,,,,,1.57%,$             90.05,1.41,79.19,23.98,54.26,120%,-12%,1.78%,5.88%,3.38%,-33.08%,-27.78%,4.775,2.60%,-7.04%,,,,,,,,,,,,
,,,,,,,,,,,,,,,,,,2017,12/27/2017,$                                                       90.00,,,7/15/2024,,7/15/2024,,,,,1.57%,$             90.00,1.41,79.19,23.98,54.26,120%,-12%,1.78%,5.88%,3.39%,-33.04%,-27.74%,4.775,2.60%,-7.09%,,,,,,,,,,,,
,,,,,,,,,,,,,,,,,,2017,12/28/2017,$                                                       89.54,,,7/22/2024,,7/22/2024,,,,,1.57%,$             89.54,1.41,79.19,23.98,54.26,119%,-12%,1.78%,5.88%,3.40%,-32.70%,-27.37%,4.775,2.60%,-7.57%,,,,,,,,,,,,
,,,,,,,,,,,,,,,,,,2017,12/29/2017,$                                                        90.51,,,7/29/2024,,7/29/2024,,,,,1.56%,$              90.51,1.41,79.19,23.98,54.26,121%,-13%,1.78%,5.88%,3.37%,-33.42%,-28.15%,4.775,2.60%,-6.57%,,,,,,,,,,,,
,,,,,,,,,,,,,,,,,,2018,1/2/2018,$                                                        90.14,,,8/6/2024,,8/5/2024,,,,,1.78%,$              90.14,1.60,89.86,27.21,61.57,100%,0%,1.78%,5.88%,3.38%,-33.15%,-29.42%,3.365,2.60%,-6.95%,,,,,,,,,,,,
,,,,,,,,,,,,,,,,,,2018,1/3/2018,$                                                       90.09,,,8/12/2024,,8/12/2024,,,,,1.78%,$             90.09,1.60,89.86,27.21,61.57,100%,0%,1.78%,5.88%,3.38%,-33.11%,-29.38%,3.365,2.60%,-7.00%,,,,,,,,,,,,
,,,,,,,,,,,,,,,,,,2018,1/4/2018,$                                                       89.80,,,8/19/2024,,8/19/2024,,,,,1.78%,$             89.80,1.60,89.86,27.21,61.57,100%,0%,1.78%,5.88%,3.39%,-32.90%,-29.15%,3.365,2.60%,-7.30%,,,,,,,,,,,,
,,,,,,,,,,,,,,,,,,2018,1/5/2018,$                                                       89.58,,,8/26/2024,,8/26/2024,,,,,1.79%,$             89.58,1.60,89.86,27.21,61.57,100%,0%,1.78%,5.88%,3.40%,-32.73%,-28.97%,3.365,2.60%,-7.53%,,,,,,,,,,,,
,,,,,,,,,,,,,,,,,,2018,1/8/2018,$                                                       89.39,,,9/3/2024,,9/3/2024,,,,,1.79%,$             89.39,1.60,89.86,27.21,61.57,99%,1%,1.78%,5.88%,3.41%,-32.59%,-28.82%,3.365,2.60%,-7.72%,,,,,,,,,,,,
,,,,,,,,,,,,,,,,,,2018,1/9/2018,$                                                       88.45,,,9/9/2024,,9/9/2024,,,,,1.81%,$             88.45,1.60,89.86,27.21,61.57,98%,2%,1.78%,5.88%,3.44%,-31.87%,-28.07%,3.365,2.60%,-8.69%,,,,,,,,,,,,
,,,,,,,,,,,,,,,,,,2018,1/10/2018,$                                                       88.34,,,9/16/2024,,9/16/2024,,,,,1.81%,$             88.34,1.60,89.86,27.21,61.57,98%,2%,1.78%,5.88%,3.45%,-31.79%,-27.98%,3.365,2.60%,-8.81%,,,,,,,,,,,,
,,,,,,,,,,,,,,,,,,2018,1/11/2018,$                                                       85.43,,,9/23/2024,,9/23/2024,,,,,1.87%,$             85.43,1.60,89.86,27.21,61.57,93%,5%,1.78%,5.88%,3.57%,-29.46%,-25.52%,3.365,2.60%,-11.81%,,,,,,,,,,,,
,,,,,,,,,,,,,,,,,,2018,1/12/2018,$                                                        81.90,,,9/30/2024,,9/30/2024,,,,,1.95%,$              81.90,1.60,89.86,27.21,61.57,87%,10%,1.78%,5.88%,3.72%,-26.42%,-22.31%,3.365,2.60%,-15.45%,,,,,,,,,,,,
,,,,,,,,,,,,,,,,,,2018,1/15/2018,$                                                       80.25,,,10/7/2024,,10/7/2024,,,,,1.99%,$             80.25,1.60,89.86,27.21,61.57,85%,12%,1.78%,5.88%,3.80%,-24.91%,-20.72%,3.365,2.60%,-17.16%,,,,,,,,,,,,
,,,,,,,,,,,,,,,,,,2018,1/16/2018,$                                                       79.66,,,10/15/2024,,10/14/2024,,,,,2.01%,$             79.66,1.60,89.86,27.21,61.57,84%,13%,1.78%,5.88%,3.83%,-24.35%,-20.13%,3.365,2.60%,-17.77%,,,,,,,,,,,,
,,,,,,,,,,,,,,,,,,2018,1/17/2018,$                                                       78.45,,,10/21/2024,,10/21/2024,,,,,2.04%,$             78.45,1.60,89.86,27.21,61.57,82%,15%,1.78%,5.88%,3.88%,-23.19%,-18.90%,3.365,2.60%,-19.02%,,,,,,,,,,,,
,,,,,,,,,,,,,,,,,,2018,1/18/2018,$                                                        77.71,,,10/28/2024,,10/28/2024,,,,,2.06%,$              77.71,1.60,89.86,27.21,61.57,81%,16%,1.78%,5.88%,3.92%,-22.46%,-18.13%,3.365,2.60%,-19.78%,,,,,,,,,,,,
,,,,,,,,,,,,,,,,,,2018,1/19/2018,$                                                       78.66,,,11/4/2024,,11/4/2024,,,,,2.03%,$             78.66,1.60,89.86,27.21,61.57,82%,14%,1.78%,5.88%,3.87%,-23.39%,-19.11%,3.365,2.60%,-18.80%,,,,,,,,,,,,
,,,,,,,,,,,,,,,,,,2018,1/22/2018,$                                                       78.76,,,11/11/2024,,11/11/2024,,,,,2.03%,$             78.76,1.60,89.86,27.21,61.57,82%,14%,1.78%,5.88%,3.87%,-23.49%,-19.22%,3.365,2.60%,-18.70%,,,,,,,,,,,,
,,,,,,,,,,,,,,,,,,2018,1/23/2018,$                                                       77.09,,,11/18/2024,,11/18/2024,,,,,2.08%,$             77.09,1.60,89.86,27.21,61.57,80%,17%,1.78%,5.88%,3.95%,-21.83%,-17.47%,3.365,2.60%,-20.42%,,,,,,,,,,,,
,,,,,,,,,,,,,,,,,,2018,1/24/2018,$                                                       77.06,,,11/25/2024,,11/25/2024,,,,,2.08%,$             77.06,1.60,89.86,27.21,61.57,80%,17%,1.78%,5.88%,3.95%,-21.80%,-17.43%,3.365,2.60%,-20.45%,,,,,,,,,,,,
,,,,,,,,,,,,,,,,,,2018,1/25/2018,$                                                       77.00,,,12/2/2024,,12/2/2024,,,,,2.08%,$             77.00,1.60,89.86,27.21,61.57,79%,17%,1.78%,5.88%,3.96%,-21.74%,-17.37%,3.365,2.60%,-20.51%,,,,,,,,,,,,
,,,,,,,,,,,,,,,,,,2018,1/26/2018,$                                                       76.97,,,12/9/2024,,12/9/2024,,,,,2.08%,$             76.97,1.60,89.86,27.21,61.57,79%,17%,1.78%,5.88%,3.96%,-21.71%,-17.34%,3.365,2.60%,-20.54%,,,,,,,,,,,,
,,,,,,,,,,,,,,,,,,2018,1/29/2018,$                                                       76.28,,,12/16/2024,,12/16/2024,,,,,2.10%,$             76.28,1.60,89.86,27.21,61.57,78%,18%,1.78%,5.88%,3.99%,-21.00%,-16.59%,3.365,2.60%,-21.26%,,,,,,,,,,,,
,,,,,,,,,,,,,,,,,,2018,1/30/2018,$                                                       75.95,,,12/23/2024,,12/23/2024,,,,,2.11%,$             75.95,1.60,89.86,27.21,61.57,78%,18%,1.78%,5.88%,4.01%,-20.66%,-16.23%,3.365,2.60%,-21.60%,,,,,,,,,,,,
,,,,,,,,,,,,,,,,,,2018,1/31/2018,$                                                       75.04,,,12/30/2024,,12/30/2024,,,,,2.13%,$             75.04,1.60,89.86,27.21,61.57,76%,20%,1.78%,5.88%,4.06%,-19.70%,-15.21%,3.365,2.60%,-22.54%,,,,,,,,,,,,
,,,,,,,,,,,,,,,,,,2018,2/1/2018,$                                                       74.95,,,1/6/2025,,1/6/2025,,,,,2.13%,$             74.95,1.60,89.86,27.21,61.57,76%,20%,1.78%,5.88%,4.07%,-19.60%,-15.11%,3.365,2.60%,-22.63%,,,,,,,,,,,,
,,,,,,,,,,,,,,,,,,2018,2/2/2018,$                                                       74.30,,,1/13/2025,,1/13/2025,,,,,2.15%,$             74.30,1.60,89.86,27.21,61.57,75%,21%,1.78%,5.88%,4.10%,-18.90%,-14.37%,3.365,2.60%,-23.30%,,,,,,,,,,,,
,,,,,,,,,,,,,,,,,,2018,2/5/2018,$                                                       72.55,,,1/20/2025,,1/21/2025,,,,,2.21%,$             72.55,1.60,89.86,27.21,61.57,72%,24%,1.78%,5.88%,4.20%,-16.94%,-12.30%,3.365,2.60%,-25.11%,,,,,,,,,,,,
,,,,,,,,,,,,,,,,,,2018,2/6/2018,$                                                       72.39,,,1/27/2025,,1/27/2025,,,,,2.21%,$             72.39,1.60,89.86,27.21,61.57,72%,24%,1.78%,5.88%,4.21%,-16.76%,-12.11%,3.365,2.60%,-25.27%,,,,,,,,,,,,
,,,,,,,,,,,,,,,,,,2018,2/7/2018,$                                                       72.57,,,2/3/2025,,2/3/2025,,,,,2.20%,$             72.57,1.60,89.86,27.21,61.57,72%,24%,1.78%,5.88%,4.20%,-16.96%,-12.33%,3.365,2.60%,-25.09%,,,,,,,,,,,,
,,,,,,,,,,,,,,,,,,2018,2/8/2018,$                                                        72.01,,,2/10/2025,,2/10/2025,,,,,2.22%,$              72.01,1.60,89.86,27.21,61.57,72%,25%,1.78%,5.88%,4.23%,-16.32%,-11.64%,3.365,2.60%,-25.66%,,,,,,,,,,,,
,,,,,,,,,,,,,,,,,,2018,2/9/2018,$                                                       72.25,,,2/18/2025,,2/18/2025,,,,,2.21%,$             72.25,1.60,89.86,27.21,61.57,72%,24%,1.78%,5.88%,4.22%,-16.60%,-11.94%,3.365,2.60%,-25.42%,,,,,,,,,,,,
,,,,,,,,,,,,,,,,,,2018,2/12/2018,$                                                        73.13,,,2/24/2025,,2/24/2025,,,,,2.19%,$              73.13,1.60,89.86,27.21,61.57,73%,23%,1.78%,5.88%,4.17%,-17.60%,-13.00%,3.365,2.60%,-24.51%,,,,,,,,,,,,
,,,,,,,,,,,,,,,,,,2018,2/13/2018,$                                                        72.51,,,3/3/2025,,3/3/2025,,,,,2.21%,$              72.51,1.60,89.86,27.21,61.57,72%,24%,1.78%,5.88%,4.20%,-16.89%,-12.25%,3.365,2.60%,-25.15%,,,,,,,,,,,,
,,,,,,,,,,,,,,,,,,2018,2/14/2018,$                                                        71.82,,,3/10/2025,,3/10/2025,,,,,2.23%,$              71.82,1.60,89.86,27.21,61.57,71%,25%,1.78%,5.88%,4.24%,-16.10%,-11.41%,3.365,2.60%,-25.86%,,,,,,,,,,,,
,,,,,,,,,,,,,,,,,,2018,2/15/2018,$                                                       72.63,,,3/17/2025,,3/17/2025,,,,,2.20%,$             72.63,1.60,89.86,27.21,61.57,72%,24%,1.78%,5.88%,4.20%,-17.03%,-12.40%,3.365,2.60%,-25.02%,,,,,,,,,,,,
,,,,,,,,,,,,,,,,,,2018,2/16/2018,$                                                       72.80,,,3/24/2025,,3/24/2025,,,,,2.20%,$             72.80,1.60,89.86,27.21,61.57,73%,23%,1.78%,5.88%,4.19%,-17.23%,-12.60%,3.365,2.60%,-24.85%,,,,,,,,,,,,
,,,,,,,,,,,,,,,,,,2018,2/20/2018,$                                                        71.54,,,3/31/2025,,3/31/2025,,,,,2.24%,$              71.54,1.60,89.86,27.21,61.57,71%,26%,1.78%,5.88%,4.26%,-15.77%,-11.06%,3.365,2.60%,-26.15%,,,,,,,,,,,,
,,,,,,,,,,,,,,,,,,2018,2/21/2018,$                                                        71.64,,,4/7/2025,,4/7/2025,,,,,2.23%,$              71.64,1.60,89.86,27.21,61.57,71%,25%,1.78%,5.88%,4.25%,-15.88%,-11.19%,3.365,2.60%,-26.05%,,,,,,,,,,,,
,,,,,,,,,,,,,,,,,,2018,2/22/2018,$                                                        70.81,,,4/14/2025,,4/14/2025,,,,,2.26%,$              70.81,1.60,89.86,27.21,61.57,70%,27%,1.78%,5.88%,4.30%,-14.90%,-10.15%,3.365,2.60%,-26.90%,,,,,,,,,,,,
,,,,,,,,,,,,,,,,,,2018,2/23/2018,$                                                        71.44,,,4/21/2025,,4/21/2025,,,,,2.24%,$              71.44,1.60,89.86,27.21,61.57,71%,26%,1.78%,5.88%,4.27%,-15.65%,-10.94%,3.365,2.60%,-26.25%,,,,,,,,,,,,
,,,,,,,,,,,,,,,,,,2018,2/26/2018,$                                                        71.00,,,4/28/2025,,4/28/2025,,,,,2.25%,$              71.00,1.60,89.86,27.21,61.57,70%,27%,1.78%,5.88%,4.29%,-15.13%,-10.39%,3.365,2.60%,-26.71%,,,,,,,,,,,,
,,,,,,,,,,,,,,,,,,2018,2/27/2018,$                                                       72.26,,,5/5/2025,,5/5/2025,,,,,2.21%,$             72.26,1.60,89.86,27.21,61.57,72%,24%,1.78%,5.88%,4.22%,-16.61%,-11.95%,3.365,2.60%,-25.41%,,,,,,,,,,,,
,,,,,,,,,,,,,,,,,,2018,2/28/2018,$                                                        71.70,,,5/12/2025,,5/12/2025,,,,,2.23%,$              71.70,1.60,89.86,27.21,61.57,71%,25%,1.78%,5.88%,4.25%,-15.96%,-11.26%,3.365,2.60%,-25.98%,,,,,,,,,,,,
,,,,,,,,,,,,,,,,,,2018,3/1/2018,$                                                       72.00,,,5/20/2025,,5/19/2025,,,,,2.22%,$             72.00,1.60,89.86,27.21,61.57,71%,25%,1.78%,5.88%,4.23%,-16.31%,-11.63%,3.365,2.60%,-25.67%,,,,,,,,,,,,
,,,,,,,,,,,,,,,,,,2018,3/2/2018,$                                                        72.16,,,5/26/2025,,5/27/2025,,,,,2.22%,$              72.16,1.60,89.86,27.21,61.57,72%,25%,1.78%,5.88%,4.22%,-16.49%,-11.83%,3.365,2.60%,-25.51%,,,,,,,,,,,,
,,,,,,,,,,,,,,,,,,2018,3/5/2018,$                                                        72.18,,,6/2/2025,,6/2/2025,,,,,2.22%,$              72.18,1.60,89.86,27.21,61.57,72%,24%,1.78%,5.88%,4.22%,-16.51%,-11.85%,3.365,2.60%,-25.49%,,,,,,,,,,,,
,,,,,,,,,,,,,,,,,,2018,3/6/2018,$                                                        73.71,,,6/9/2025,,6/9/2025,,,,,2.17%,$              73.71,1.60,89.86,27.21,61.57,74%,22%,1.78%,5.88%,4.13%,-18.25%,-13.68%,3.365,2.60%,-23.91%,,,,,,,,,,,,
,,,,,,,,,,,,,,,,,,2018,3/7/2018,$                                                       72.45,,,6/16/2025,,6/16/2025,,,,,2.21%,$             72.45,1.60,89.86,27.21,61.57,72%,24%,1.78%,5.88%,4.21%,-16.83%,-12.18%,3.365,2.60%,-25.21%,,,,,,,,,,,,
,,,,,,,,,,,,,,,,,,2018,3/8/2018,$                                                       72.09,,,6/23/2025,,6/23/2025,,,,,2.22%,$             72.09,1.60,89.86,27.21,61.57,72%,25%,1.78%,5.88%,4.23%,-16.41%,-11.74%,3.365,2.60%,-25.58%,,,,,,,,,,,,
,,,,,,,,,,,,,,,,,,2018,3/9/2018,$                                                        72.15,,,6/30/2025,,6/30/2025,,,,,2.22%,$              72.15,1.60,89.86,27.21,61.57,72%,25%,1.78%,5.88%,4.22%,-16.48%,-11.82%,3.365,2.60%,-25.52%,,,,,,,,,,,,
,,,,,,,,,,,,,,,,,,2018,3/12/2018,$                                                        71.30,,,7/7/2025,,7/7/2025,,,,,2.24%,$              71.30,1.60,89.86,27.21,61.57,70%,26%,1.78%,5.88%,4.27%,-15.48%,-10.76%,3.365,2.60%,-26.40%,,,,,,,,,,,,
,,,,,,,,,,,,,,,,,,2018,3/13/2018,$                                                       70.83,,,7/14/2025,,7/14/2025,,,,,2.26%,$             70.83,1.60,89.86,27.21,61.57,70%,27%,1.78%,5.88%,4.30%,-14.92%,-10.17%,3.365,2.60%,-26.88%,,,,,,,,,,,,
,,,,,,,,,,,,,,,,,,2018,3/14/2018,$                                                        71.03,,,7/21/2025,,7/21/2025,,,,,2.25%,$              71.03,1.60,89.86,27.21,61.57,70%,27%,1.78%,5.88%,4.29%,-15.16%,-10.43%,3.365,2.60%,-26.67%,,,,,,,,,,,,
,,,,,,,,,,,,,,,,,,2018,3/15/2018,$                                                       70.78,,,7/28/2025,,7/28/2025,,,,,2.26%,$             70.78,1.60,89.86,27.21,61.57,70%,27%,1.78%,5.88%,4.30%,-14.86%,-10.11%,3.365,2.60%,-26.93%,,,,,,,,,,,,
,,,,,,,,,,,,,,,,,,2018,3/16/2018,$                                                       70.37,,,8/5/2025,,8/4/2025,,,,,2.27%,$             70.37,1.60,89.86,27.21,61.57,69%,28%,1.78%,5.88%,4.33%,-14.37%,-9.59%,3.365,2.60%,-27.36%,,,,,,,,,,,,
,,,,,,,,,,,,,,,,,,2018,3/19/2018,$                                                       69.89,,,8/11/2025,,8/11/2025,,,,,2.29%,$             69.89,1.60,89.86,27.21,61.57,68%,29%,1.78%,5.88%,4.36%,-13.78%,-8.96%,3.365,2.60%,-27.85%,,,,,,,,,,,,
,,,,,,,,,,,,,,,,,,2018,3/20/2018,$                                                       69.93,,,8/18/2025,,8/18/2025,,,,,2.29%,$             69.93,1.60,89.86,27.21,61.57,68%,29%,1.78%,5.88%,4.36%,-13.83%,-9.02%,3.365,2.60%,-27.81%,,,,,,,,,,,,
,,,,,,,,,,,,,,,,,,2018,3/21/2018,$                                                       69.52,,,8/25/2025,,8/25/2025,,,,,2.30%,$             69.52,1.60,89.86,27.21,61.57,68%,29%,1.78%,5.88%,4.38%,-13.32%,-8.48%,3.365,2.60%,-28.23%,,,,,,,,,,,,
,,,,,,,,,,,,,,,,,,2018,3/22/2018,$                                                        69.10,,,9/2/2025,,9/2/2025,,,,,2.32%,$              69.10,1.60,89.86,27.21,61.57,67%,30%,1.78%,5.88%,4.41%,-12.79%,-7.92%,3.365,2.60%,-28.67%,,,,,,,,,,,,
,,,,,,,,,,,,,,,,,,2018,3/23/2018,$                                                       69.00,,,9/8/2025,,9/8/2025,,,,,2.32%,$             69.00,1.60,89.86,27.21,61.57,67%,30%,1.78%,5.88%,4.42%,-12.67%,-7.79%,3.365,2.60%,-28.77%,,,,,,,,,,,,
,,,,,,,,,,,,,,,,,,2018,3/26/2018,$                                                       68.68,,,9/15/2025,,9/15/2025,,,,,2.33%,$             68.68,1.60,89.86,27.21,61.57,66%,31%,1.78%,5.88%,4.44%,-12.26%,-7.36%,3.365,2.60%,-29.10%,,,,,,,,,,,,
,,,,,,,,,,,,,,,,,,2018,3/27/2018,$                                                       68.55,,,9/22/2025,,9/22/2025,,,,,2.33%,$             68.55,1.60,89.86,27.21,61.57,66%,31%,1.78%,5.88%,4.44%,-12.09%,-7.18%,3.365,2.60%,-29.24%,,,,,,,,,,,,
,,,,,,,,,,,,,,,,,,2018,3/28/2018,$                                                       68.45,,,9/29/2025,,9/29/2025,,,,,2.34%,$             68.45,1.60,89.86,27.21,61.57,66%,31%,1.78%,5.88%,4.45%,-11.96%,-7.05%,3.365,2.60%,-29.34%,,,,,,,,,,,,
,,,,,,,,,,,,,,,,,,2018,3/29/2018,$                                                       68.49,,,10/6/2025,,10/6/2025,,,,,2.34%,$             68.49,1.60,89.86,27.21,61.57,66%,31%,1.78%,5.88%,4.45%,-12.02%,-7.10%,3.365,2.60%,-29.30%,,,,,,,,,,,,
,,,,,,,,,,,,,,,,,,2018,4/2/2018,$                                                       68.49,,,10/14/2025,,10/13/2025,,,,,2.34%,$             68.49,1.60,89.86,27.21,61.57,66%,31%,1.78%,5.88%,4.45%,-12.02%,-7.10%,3.365,2.60%,-29.30%,,,,,,,,,,,,
,,,,,,,,,,,,,,,,,,2018,4/3/2018,$                                                        68.51,,,10/20/2025,,10/20/2025,,,,,2.34%,$              68.51,1.60,89.86,27.21,61.57,66%,31%,1.78%,5.88%,4.45%,-12.04%,-7.13%,3.365,2.60%,-29.28%,,,,,,,,,,,,
,,,,,,,,,,,,,,,,,,2018,4/4/2018,$                                                       68.94,,,10/27/2025,,10/27/2025,,,,,2.32%,$             68.94,1.60,89.86,27.21,61.57,67%,30%,1.78%,5.88%,4.42%,-12.59%,-7.71%,3.365,2.60%,-28.83%,,,,,,,,,,,,
,,,,,,,,,,,,,,,,,,2018,4/5/2018,$                                                         70.11,,,11/3/2025,,11/3/2025,,,,,2.28%,$               70.11,1.60,89.86,27.21,61.57,68%,28%,1.78%,5.88%,4.35%,-14.05%,-9.25%,3.365,2.60%,-27.62%,,,,,,,,,,,,
,,,,,,,,,,,,,,,,,,2018,4/6/2018,$                                                       72.25,,,11/10/2025,,11/10/2025,,,,,2.21%,$             72.25,1.60,89.86,27.21,61.57,72%,24%,1.78%,5.88%,4.22%,-16.60%,-11.94%,3.365,2.60%,-25.42%,,,,,,,,,,,,
,,,,,,,,,,,,,,,,,,2018,4/9/2018,$                                                         71.51,,,11/17/2025,,11/17/2025,,,,,2.24%,$               71.51,1.60,89.86,27.21,61.57,71%,26%,1.78%,5.88%,4.26%,-15.73%,-11.03%,3.365,2.60%,-26.18%,,,,,,,,,,,,
,,,,,,,,,,,,,,,,,,2018,4/10/2018,$                                                       68.44,,,11/24/2025,,11/24/2025,,,,,2.34%,$             68.44,1.60,89.86,27.21,61.57,66%,31%,1.78%,5.88%,4.45%,-11.95%,-7.04%,3.365,2.60%,-29.35%,,,,,,,,,,,,
,,,,,,,,,,,,,,,,,,2018,4/11/2018,$                                                       67.69,,,12/1/2025,,12/1/2025,,,,,2.36%,$             67.69,1.60,89.86,27.21,61.57,65%,33%,1.78%,5.88%,4.50%,-10.98%,-6.01%,3.365,2.60%,-30.12%,,,,,,,,,,,,
,,,,,,,,,,,,,,,,,,2018,4/12/2018,$                                                       67.90,,,12/8/2025,,12/8/2025,,,,,2.36%,$             67.90,1.60,89.86,27.21,61.57,65%,32%,1.78%,5.88%,4.49%,-11.25%,-6.30%,3.365,2.60%,-29.91%,,,,,,,,,,,,
,,,,,,,,,,,,,,,,,,2018,4/13/2018,$                                                       65.48,,,12/15/2025,,12/15/2025,,,,,2.44%,$             65.48,1.60,89.86,27.21,61.57,61%,37%,1.78%,5.88%,4.65%,-7.97%,-2.83%,3.365,2.60%,-32.40%,,,,,,,,,,,,
,,,,,,,,,,,,,,,,,,2018,4/16/2018,$                                                       65.96,,,12/22/2025,,12/22/2025,,,,,2.43%,$             65.96,1.60,89.86,27.21,61.57,62%,36%,1.78%,5.88%,4.62%,-8.64%,-3.54%,3.365,2.60%,-31.91%,,,,,,,,,,,,
,,,,,,,,,,,,,,,,,,2018,4/17/2018,$                                                       67.07,,,12/29/2025,,12/29/2025,,,,,2.39%,$             67.07,1.60,89.86,27.21,61.57,64%,34%,1.78%,5.88%,4.54%,-10.15%,-5.14%,3.365,2.60%,-30.76%,,,,,,,,,,,,
,,,,,,,,,,,,,,,,,,2018,4/18/2018,$                                                       66.00,,,1/5/2026,,1/5/2026,,,,,2.42%,$             66.00,1.60,89.86,27.21,61.57,62%,36%,1.78%,5.88%,4.62%,-8.70%,-3.60%,3.365,2.60%,-31.87%,,,,,,,,,,,,
,,,,,,,,,,,,,,,,,,2018,4/19/2018,$                                                       66.05,,,1/12/2026,,1/12/2026,,,,,2.42%,$             66.05,1.60,89.86,27.21,61.57,62%,36%,1.78%,5.88%,4.61%,-8.77%,-3.67%,3.365,2.60%,-31.82%,,,,,,,,,,,,
,,,,,,,,,,,,,,,,,,2018,4/20/2018,$                                                        66.14,,,1/19/2026,,1/20/2026,,,,,2.42%,$              66.14,1.60,89.86,27.21,61.57,62%,36%,1.78%,5.88%,4.61%,-8.89%,-3.80%,3.365,2.60%,-31.72%,,,,,,,,,,,,
,,,,,,,,,,,,,,,,,,2018,4/23/2018,$                                                       66.33,,,1/26/2026,,1/26/2026,,,,,2.41%,$             66.33,1.60,89.86,27.21,61.57,62%,35%,1.78%,5.88%,4.59%,-9.15%,-4.08%,3.365,2.60%,-31.53%,,,,,,,,,,,,
,,,,,,,,,,,,,,,,,,2018,4/24/2018,$                                                        66.21,,,2/2/2026,,2/2/2026,,,,,2.42%,$              66.21,1.60,89.86,27.21,61.57,62%,36%,1.78%,5.88%,4.60%,-8.99%,-3.90%,3.365,2.60%,-31.65%,,,,,,,,,,,,
,,,,,,,,,,,,,,,,,,2018,4/25/2018,$                                                       65.50,,,2/9/2026,,2/9/2026,,,,,2.44%,$             65.50,1.60,89.86,27.21,61.57,61%,37%,1.78%,5.88%,4.65%,-8.00%,-2.86%,3.365,2.60%,-32.38%,,,,,,,,,,,,
,,,,,,,,,,,,,,,,,,2018,4/26/2018,$                                                        65.51,,,2/17/2026,,2/17/2026,,,,,2.44%,$              65.51,1.60,89.86,27.21,61.57,61%,37%,1.78%,5.88%,4.65%,-8.01%,-2.88%,3.365,2.60%,-32.37%,,,,,,,,,,,,
,,,,,,,,,,,,,,,,,,2018,4/27/2018,$                                                       66.32,,,2/23/2026,,2/23/2026,,,,,2.41%,$             66.32,1.60,89.86,27.21,61.57,62%,35%,1.78%,5.88%,4.59%,-9.14%,-4.06%,3.365,2.60%,-31.54%,,,,,,,,,,,,
,,,,,,,,,,,,,,,,,,2018,4/30/2018,$                                                       65.80,,,3/2/2026,,3/2/2026,,,,,2.43%,$             65.80,1.60,89.86,27.21,61.57,62%,37%,1.78%,5.88%,4.63%,-8.42%,-3.31%,3.365,2.60%,-32.07%,,,,,,,,,,,,
,,,,,,,,,,,,,,,,,,2018,5/1/2018,$                                                       65.50,,,3/9/2026,,3/9/2026,,,,,2.44%,$             65.50,1.60,89.86,27.21,61.57,61%,37%,1.78%,5.88%,4.65%,-8.00%,-2.86%,3.365,2.60%,-32.38%,,,,,,,,,,,,
,,,,,,,,,,,,,,,,,,2018,5/2/2018,$                                                       65.55,,,3/16/2026,,3/16/2026,,,,,2.44%,$             65.55,1.60,89.86,27.21,61.57,61%,37%,1.78%,5.88%,4.65%,-8.07%,-2.94%,3.365,2.60%,-32.33%,,,,,,,,,,,,
,,,,,,,,,,,,,,,,,,2018,5/3/2018,$                                                       65.66,,,3/23/2026,,3/23/2026,,,,,2.44%,$             65.66,1.60,89.86,27.21,61.57,61%,37%,1.78%,5.88%,4.64%,-8.22%,-3.10%,3.365,2.60%,-32.22%,,,,,,,,,,,,
,,,,,,,,,,,,,,,,,,2018,5/4/2018,$                                                        66.41,,,3/30/2026,,3/30/2026,,,,,2.41%,$              66.41,1.60,89.86,27.21,61.57,63%,35%,1.78%,5.88%,4.59%,-9.26%,-4.19%,3.365,2.60%,-31.44%,,,,,,,,,,,,
,,,,,,,,,,,,,,,,,,2018,5/7/2018,$                                                       65.96,,,4/6/2026,,4/6/2026,,,,,2.43%,$             65.96,1.60,89.86,27.21,61.57,62%,36%,1.78%,5.88%,4.62%,-8.64%,-3.54%,3.365,2.60%,-31.91%,,,,,,,,,,,,
,,,,,,,,,,,,,,,,,,2018,5/8/2018,$                                                       65.26,,,4/13/2026,,4/13/2026,,,,,2.45%,$             65.26,1.60,89.86,27.21,61.57,61%,38%,1.78%,5.88%,4.67%,-7.66%,-2.51%,3.365,2.60%,-32.63%,,,,,,,,,,,,
,,,,,,,,,,,,,,,,,,2018,5/9/2018,$                                                       64.86,,,4/20/2026,,4/20/2026,,,,,2.47%,$             64.86,1.60,89.86,27.21,61.57,60%,39%,1.78%,5.88%,4.70%,-7.09%,-1.90%,3.365,2.60%,-33.04%,,,,,,,,,,,,
,,,,,,,,,,,,,,,,,,2018,5/10/2018,$                                                       65.03,,,4/27/2026,,4/27/2026,,,,,2.46%,$             65.03,1.60,89.86,27.21,61.57,60%,38%,1.78%,5.88%,4.69%,-7.34%,-2.16%,3.365,2.60%,-32.87%,,,,,,,,,,,,
,,,,,,,,,,,,,,,,,,2018,5/11/2018,$                                                       64.50,,,5/4/2026,,5/4/2026,,,,,2.48%,$             64.50,1.60,89.86,27.21,61.57,60%,39%,1.78%,5.88%,4.72%,-6.57%,-1.36%,3.365,2.60%,-33.42%,,,,,,,,,,,,
,,,,,,,,,,,,,,,,,,2018,5/14/2018,$                                                       65.39,,,5/11/2026,,5/11/2026,,,,,2.45%,$             65.39,1.60,89.86,27.21,61.57,61%,37%,1.78%,5.88%,4.66%,-7.85%,-2.70%,3.365,2.60%,-32.50%,,,,,,,,,,,,
,,,,,,,,,,,,,,,,,,2018,5/15/2018,$                                                       65.94,,,5/19/2026,,5/18/2026,,,,,2.43%,$             65.94,1.60,89.86,27.21,61.57,62%,36%,1.78%,5.88%,4.62%,-8.61%,-3.51%,3.365,2.60%,-31.93%,,,,,,,,,,,,
,,,,,,,,,,,,,,,,,,2018,5/16/2018,$                                                       65.27,,,5/25/2026,,5/26/2026,,,,,2.45%,$             65.27,1.60,89.86,27.21,61.57,61%,38%,1.78%,5.88%,4.67%,-7.68%,-2.52%,3.365,2.60%,-32.62%,,,,,,,,,,,,
,,,,,,,,,,,,,,,,,,2018,5/17/2018,$                                                       65.37,,,6/1/2026,,6/1/2026,,,,,2.45%,$             65.37,1.60,89.86,27.21,61.57,61%,37%,1.78%,5.88%,4.66%,-7.82%,-2.67%,3.365,2.60%,-32.52%,,,,,,,,,,,,
,,,,,,,,,,,,,,,,,,2018,5/18/2018,$                                                       65.22,,,6/8/2026,,6/8/2026,,,,,2.45%,$             65.22,1.60,89.86,27.21,61.57,61%,38%,1.78%,5.88%,4.67%,-7.61%,-2.45%,3.365,2.60%,-32.67%,,,,,,,,,,,,
,,,,,,,,,,,,,,,,,,2018,5/22/2018,$                                                       65.68,,,6/15/2026,,6/15/2026,,,,,2.44%,$             65.68,1.60,89.86,27.21,61.57,61%,37%,1.78%,5.88%,4.64%,-8.25%,-3.13%,3.365,2.60%,-32.20%,,,,,,,,,,,,
,,,,,,,,,,,,,,,,,,2018,5/23/2018,$                                                        66.16,,,6/22/2026,,6/22/2026,,,,,2.42%,$              66.16,1.60,89.86,27.21,61.57,62%,36%,1.78%,5.88%,4.61%,-8.92%,-3.83%,3.365,2.60%,-31.70%,,,,,,,,,,,,
,,,,,,,,,,,,,,,,,,2018,5/24/2018,$                                                       65.94,,,6/29/2026,,6/29/2026,,,,,2.43%,$             65.94,1.60,89.86,27.21,61.57,62%,36%,1.78%,5.88%,4.62%,-8.61%,-3.51%,3.365,2.60%,-31.93%,,,,,,,,,,,,
,,,,,,,,,,,,,,,,,,2018,5/25/2018,$                                                       65.74,,,7/6/2026,,7/6/2026,,,,,2.43%,$             65.74,1.60,89.86,27.21,61.57,61%,37%,1.78%,5.88%,4.63%,-8.34%,-3.22%,3.365,2.60%,-32.14%,,,,,,,,,,,,
,,,,,,,,,,,,,,,,,,2018,5/28/2018,$                                                       65.49,,,7/13/2026,,7/13/2026,,,,,2.44%,$             65.49,1.60,89.86,27.21,61.57,61%,37%,1.78%,5.88%,4.65%,-7.99%,-2.85%,3.365,2.60%,-32.39%,,,,,,,,,,,,
,,,,,,,,,,,,,,,,,,2018,5/29/2018,$                                                       64.96,,,7/20/2026,,7/20/2026,,,,,2.46%,$             64.96,1.60,89.86,27.21,61.57,60%,38%,1.78%,5.88%,4.69%,-7.24%,-2.06%,3.365,2.60%,-32.94%,,,,,,,,,,,,
,,,,,,,,,,,,,,,,,,2018,5/30/2018,$                                                       64.87,,,,,,,,,,2.47%,$             64.87,1.60,89.86,27.21,61.57,60%,39%,1.78%,5.88%,4.70%,-7.11%,-1.92%,3.365,2.60%,-33.03%,,,,,,,,,,,,
,,,,,,,,,,,,,,,,,,2018,5/31/2018,$                                                       65.25,,,,,,,,,,2.45%,$             65.25,1.60,89.86,27.21,61.57,61%,38%,1.78%,5.88%,4.67%,-7.65%,-2.49%,3.365,2.60%,-32.64%,,,,,,,,,,,,
,,,,,,,,,,,,,,,,,,2018,6/1/2018,$                                                       64.65,,,,,,,,,,2.47%,$             64.65,1.60,89.86,27.21,61.57,60%,39%,1.78%,5.88%,4.71%,-6.79%,-1.59%,3.365,2.60%,-33.26%,,,,,,,,,,,,
,,,,,,,,,,,,,,,,,,2018,6/4/2018,$                                                       64.34,,,,,,,,,,2.49%,$             64.34,1.60,89.86,27.21,61.57,59%,40%,1.78%,5.88%,4.74%,-6.34%,-1.11%,3.365,2.60%,-33.58%,,,,,,,,,,,,
,,,,,,,,,,,,,,,,,,2018,6/5/2018,$                                                       63.45,,,,,,,,,,2.52%,$             63.45,1.60,89.86,27.21,61.57,58%,42%,1.78%,5.88%,4.80%,-5.03%,0.28%,3.365,2.60%,-34.50%,,,,,,,,,,,,
,,,,,,,,,,,,,,,,,,2018,6/6/2018,$                                                       63.67,,,,,,,,,,2.51%,$             63.67,1.60,89.86,27.21,61.57,58%,41%,1.78%,5.88%,4.79%,-5.36%,-0.07%,3.365,2.60%,-34.27%,,,,,,,,,,,,
,,,,,,,,,,,,,,,,,,2018,6/7/2018,$                                                        62.01,,,,,,,,,,2.58%,$              62.01,1.60,89.86,27.21,61.57,56%,45%,1.78%,5.88%,4.91%,-2.82%,2.60%,3.365,2.60%,-35.99%,,,,,,,,,,,,
,,,,,,,,,,,,,,,,,,2018,6/8/2018,$                                                       62.22,,,,,,,,,,2.57%,$             62.22,1.60,89.86,27.21,61.57,56%,44%,1.78%,5.88%,4.90%,-3.15%,2.26%,3.365,2.60%,-35.77%,,,,,,,,,,,,
,,,,,,,,,,,,,,,,,,2018,6/11/2018,$                                                       63.37,,,,,,,,,,2.52%,$             63.37,1.60,89.86,27.21,61.57,58%,42%,1.78%,5.88%,4.81%,-4.91%,0.40%,3.365,2.60%,-34.58%,,,,,,,,,,,,
,,,,,,,,,,,,,,,,,,2018,6/12/2018,$                                                       63.36,,,,,,,,,,2.53%,$             63.36,1.60,89.86,27.21,61.57,58%,42%,1.78%,5.88%,4.81%,-4.89%,0.42%,3.365,2.60%,-34.59%,,,,,,,,,,,,
,,,,,,,,,,,,,,,,,,2018,6/13/2018,$                                                       62.92,,,,,,,,,,2.54%,$             62.92,1.60,89.86,27.21,61.57,57%,43%,1.78%,5.88%,4.84%,-4.23%,1.12%,3.365,2.60%,-35.05%,,,,,,,,,,,,
,,,,,,,,,,,,,,,,,,2018,6/14/2018,$                                                       62.74,,,,,,,,,,2.55%,$             62.74,1.60,89.86,27.21,61.57,57%,43%,1.78%,5.88%,4.86%,-3.95%,1.41%,3.365,2.60%,-35.23%,,,,,,,,,,,,
,,,,,,,,,,,,,,,,,,2018,6/15/2018,$                                                       62.30,,,,,,,,,,2.57%,$             62.30,1.60,89.86,27.21,61.57,56%,44%,1.78%,5.88%,4.89%,-3.27%,2.13%,3.365,2.60%,-35.69%,,,,,,,,,,,,
,,,,,,,,,,,,,,,,,,2018,6/18/2018,$                                                       62.36,,,,,,,,,,2.57%,$             62.36,1.60,89.86,27.21,61.57,56%,44%,1.78%,5.88%,4.89%,-3.37%,2.03%,3.365,2.60%,-35.63%,,,,,,,,,,,,
,,,,,,,,,,,,,,,,,,2018,6/19/2018,$                                                       62.03,,,,,,,,,,2.58%,$             62.03,1.60,89.86,27.21,61.57,56%,45%,1.78%,5.88%,4.91%,-2.85%,2.57%,3.365,2.60%,-35.97%,,,,,,,,,,,,
,,,,,,,,,,,,,,,,,,2018,6/20/2018,$                                                        61.39,,,,,,,,,,2.61%,$              61.39,1.60,89.86,27.21,61.57,55%,46%,1.78%,5.88%,4.96%,-1.84%,3.64%,3.365,2.60%,-36.63%,,,,,,,,,,,,
,,,,,,,,,,,,,,,,,,2018,6/21/2018,$                                                       60.43,,,,,,,,,,2.65%,$             60.43,1.60,89.86,27.21,61.57,53%,49%,1.78%,5.88%,5.04%,-0.28%,5.29%,3.365,2.60%,-37.62%,,,,,,,,,,,,
,,,,,,,,,,,,,,,,,,2018,6/22/2018,$                                                       60.75,,,,,,,,,,2.63%,$             60.75,1.60,89.86,27.21,61.57,54%,48%,1.78%,5.88%,5.02%,-0.81%,4.73%,3.365,2.60%,-37.29%,,,,,,,,,,,,
,,,,,,,,,,,,,,,,,,2018,6/25/2018,$                                                       60.90,,,,,,,,,,2.63%,$             60.90,1.60,89.86,27.21,61.57,54%,48%,1.78%,5.88%,5.00%,-1.05%,4.47%,3.365,2.60%,-37.13%,,,,,,,,,,,,
,,,,,,,,,,,,,,,,,,2018,6/26/2018,$                                                       59.88,,,,,,,,,,2.67%,$             59.88,1.60,89.86,27.21,61.57,52%,50%,1.78%,5.88%,5.09%,0.63%,6.25%,3.365,2.60%,-38.19%,,,,,,,,,,,,
,,,,,,,,,,,,,,,,,,2018,6/27/2018,$                                                       58.86,,,,,,,,,,2.72%,$             58.86,1.60,89.86,27.21,61.57,51%,53%,1.78%,5.88%,5.18%,2.38%,8.10%,3.365,2.60%,-39.24%,,,,,,,,,,,,
,,,,,,,,,,,,,,,,,,2018,6/28/2018,$                                                       58.35,,,,,,,,,,2.74%,$             58.35,1.60,89.86,27.21,61.57,50%,54%,1.78%,5.88%,5.22%,3.27%,9.04%,3.365,2.60%,-39.76%,,,,,,,,,,,,
,,,,,,,,,,,,,,,,,,2018,6/29/2018,$                                                        58.12,,,,,,,,,,2.75%,$              58.12,1.60,89.86,27.21,61.57,49%,55%,1.78%,5.88%,5.24%,3.68%,9.47%,3.365,2.60%,-40.00%,,,,,,,,,,,,
,,,,,,,,,,,,,,,,,,2018,7/3/2018,$                                                       57.96,,,,,,,,,,2.76%,$             57.96,1.60,89.86,27.21,61.57,49%,55%,1.78%,5.88%,5.26%,3.97%,9.77%,3.365,2.60%,-40.17%,,,,,,,,,,,,
,,,,,,,,,,,,,,,,,,2018,7/4/2018,$                                                       57.80,,,,,,,,,,2.77%,$             57.80,1.60,89.86,27.21,61.57,49%,55%,1.78%,5.88%,5.27%,4.26%,10.08%,3.365,2.60%,-40.33%,,,,,,,,,,,,
,,,,,,,,,,,,,,,,,,2018,7/5/2018,$                                                        57.91,,,,,,,,,,2.76%,$              57.91,1.60,89.86,27.21,61.57,49%,55%,1.78%,5.88%,5.26%,4.06%,9.87%,3.365,2.60%,-40.22%,,,,,,,,,,,,
,,,,,,,,,,,,,,,,,,2018,7/6/2018,$                                                       58.89,,,,,,,,,,2.72%,$             58.89,1.60,89.86,27.21,61.57,51%,53%,1.78%,5.88%,5.17%,2.33%,8.04%,3.365,2.60%,-39.21%,,,,,,,,,,,,
,,,,,,,,,,,,,,,,,,2018,7/9/2018,$                                                       57.86,,,,,,,,,,2.77%,$             57.86,1.60,89.86,27.21,61.57,49%,55%,1.78%,5.88%,5.27%,4.15%,9.96%,3.365,2.60%,-40.27%,,,,,,,,,,,,
,,,,,,,,,,,,,,,,,,2018,7/10/2018,$                                                       58.43,,,,,,,,,,2.74%,$             58.43,1.60,89.86,27.21,61.57,50%,54%,1.78%,5.88%,5.21%,3.13%,8.89%,3.365,2.60%,-39.68%,,,,,,,,,,,,
,,,,,,,,,,,,,,,,,,2018,7/11/2018,$                                                       57.98,,,,,,,,,,2.76%,$             57.98,1.60,89.86,27.21,61.57,49%,55%,1.78%,5.88%,5.26%,3.93%,9.74%,3.365,2.60%,-40.15%,,,,,,,,,,,,
,,,,,,,,,,,,,,,,,,2018,7/12/2018,$                                                        63.18,,,,,,,,,,2.53%,$              63.18,1.60,89.86,27.21,61.57,57%,42%,1.78%,5.88%,4.82%,-4.62%,0.70%,3.365,2.60%,-34.78%,,,,,,,,,,,,
,,,,,,,,,,,,,,,,,,2018,7/13/2018,$                                                       63.78,,,,,,,,,,2.51%,$             63.78,1.60,89.86,27.21,61.57,58%,41%,1.78%,5.88%,4.78%,-5.52%,-0.24%,3.365,2.60%,-34.16%,,,,,,,,,,,,
,,,,,,,,,,,,,,,,,,2018,7/16/2018,$                                                       63.77,,,,,,,,,,2.51%,$             63.77,1.60,89.86,27.21,61.57,58%,41%,1.78%,5.88%,4.78%,-5.50%,-0.23%,3.365,2.60%,-34.17%,,,,,,,,,,,,
,,,,,,,,,,,,,,,,,,2018,7/17/2018,$                                                        62.91,,,,,,,,,,2.54%,$              62.91,1.60,89.86,27.21,61.57,57%,43%,1.78%,5.88%,4.84%,-4.21%,1.14%,3.365,2.60%,-35.06%,,,,,,,,,,,,
,,,,,,,,,,,,,,,,,,2018,7/18/2018,$                                                        61.58,,,,,,,,,,2.60%,$              61.58,1.60,89.86,27.21,61.57,55%,46%,1.78%,5.88%,4.95%,-2.14%,3.32%,3.365,2.60%,-36.43%,,,,,,,,,,,,
,,,,,,,,,,,,,,,,,,2018,7/19/2018,$                                                          61.11,,,,,,,,,,2.62%,$                61.11,1.60,89.86,27.21,61.57,54%,47%,1.78%,5.88%,4.99%,-1.39%,4.12%,3.365,2.60%,-36.92%,,,,,,,,,,,,
,,,,,,,,,,,,,,,,,,2018,7/20/2018,$                                                        61.42,,,,,,,,,,2.61%,$              61.42,1.60,89.86,27.21,61.57,55%,46%,1.78%,5.88%,4.96%,-1.89%,3.59%,3.365,2.60%,-36.60%,,,,,,,,,,,,
,,,,,,,,,,,,,,,,,,2018,7/23/2018,$                                                        61.22,,,,,,,,,,2.61%,$              61.22,1.60,89.86,27.21,61.57,54%,47%,1.78%,5.88%,4.98%,-1.57%,3.93%,3.365,2.60%,-36.80%,,,,,,,,,,,,
,,,,,,,,,,,,,,,,,,2018,7/24/2018,$                                                       62.45,,,,,,,,,,2.56%,$             62.45,1.60,89.86,27.21,61.57,56%,44%,1.78%,5.88%,4.88%,-3.51%,1.88%,3.365,2.60%,-35.53%,,,,,,,,,,,,
,,,,,,,,,,,,,,,,,,2018,7/25/2018,$                                                       60.20,,,,,,,,,,2.66%,$             60.20,1.60,89.86,27.21,61.57,53%,49%,1.78%,5.88%,5.06%,0.10%,5.69%,3.365,2.60%,-37.85%,,,,,,,,,,,,
,,,,,,,,,,,,,,,,,,2018,7/26/2018,$                                                       60.64,,,,,,,,,,2.64%,$             60.64,1.60,89.86,27.21,61.57,53%,48%,1.78%,5.88%,5.02%,-0.63%,4.92%,3.365,2.60%,-37.40%,,,,,,,,,,,,
,,,,,,,,,,,,,,,,,,2018,7/27/2018,$                                                        61.09,,,,,,,,,,2.62%,$              61.09,1.60,89.86,27.21,61.57,54%,47%,1.78%,5.88%,4.99%,-1.36%,4.15%,3.365,2.60%,-36.94%,,,,,,,,,,,,
,,,,,,,,,,,,,,,,,,2018,7/30/2018,$                                                        61.33,,,,,,,,,,2.61%,$              61.33,1.60,89.86,27.21,61.57,54%,47%,1.78%,5.88%,4.97%,-1.74%,3.74%,3.365,2.60%,-36.69%,,,,,,,,,,,,
,,,,,,,,,,,,,,,,,,2018,7/31/2018,$                                                       62.66,,,,,,,,,,2.55%,$             62.66,1.60,89.86,27.21,61.57,57%,43%,1.78%,5.88%,4.86%,-3.83%,1.54%,3.365,2.60%,-35.32%,,,,,,,,,,,,
,,,,,,,,,,,,,,,,,,2018,8/1/2018,$                                                        63.71,,,,,,,,,,2.51%,$              63.71,1.60,89.86,27.21,61.57,58%,41%,1.78%,5.88%,4.78%,-5.42%,-0.13%,3.365,2.60%,-34.23%,,,,,,,,,,,,
,,,,,,,,,,,,,,,,,,2018,8/2/2018,$                                                       63.46,,,,,,,,,,2.52%,$             63.46,1.60,89.86,27.21,61.57,58%,42%,1.78%,5.88%,4.80%,-5.04%,0.26%,3.365,2.60%,-34.49%,,,,,,,,,,,,
,,,,,,,,,,,,,,,,,,2018,8/3/2018,$                                                       66.78,,,,,,,,,,2.40%,$             66.78,1.60,89.86,27.21,61.57,63%,35%,1.78%,5.88%,4.56%,-9.76%,-4.72%,3.365,2.60%,-31.06%,,,,,,,,,,,,
,,,,,,,,,,,,,,,,,,2018,8/7/2018,$                                                        65.41,,,,,,,,,,2.45%,$              65.41,1.60,89.86,27.21,61.57,61%,37%,1.78%,5.88%,4.66%,-7.87%,-2.73%,3.365,2.60%,-32.48%,,,,,,,,,,,,
,,,,,,,,,,,,,,,,,,2018,8/8/2018,$                                                       64.87,,,,,,,,,,2.47%,$             64.87,1.60,89.86,27.21,61.57,60%,39%,1.78%,5.88%,4.70%,-7.11%,-1.92%,3.365,2.60%,-33.03%,,,,,,,,,,,,
,,,,,,,,,,,,,,,,,,2018,8/9/2018,$                                                       65.67,,,,,,,,,,2.44%,$             65.67,1.60,89.86,27.21,61.57,61%,37%,1.78%,5.88%,4.64%,-8.24%,-3.11%,3.365,2.60%,-32.21%,,,,,,,,,,,,
,,,,,,,,,,,,,,,,,,2018,8/10/2018,$                                                       65.67,,,,,,,,,,2.44%,$             65.67,1.60,89.86,27.21,61.57,61%,37%,1.78%,5.88%,4.64%,-8.24%,-3.11%,3.365,2.60%,-32.21%,,,,,,,,,,,,
,,,,,,,,,,,,,,,,,,2018,8/13/2018,$                                                       64.99,,,,,,,,,,2.46%,$             64.99,1.60,89.86,27.21,61.57,60%,38%,1.78%,5.88%,4.69%,-7.28%,-2.10%,3.365,2.60%,-32.91%,,,,,,,,,,,,
,,,,,,,,,,,,,,,,,,2018,8/14/2018,$                                                       64.69,,,,,,,,,,2.47%,$             64.69,1.60,89.86,27.21,61.57,60%,39%,1.78%,5.88%,4.71%,-6.85%,-1.65%,3.365,2.60%,-33.22%,,,,,,,,,,,,
,,,,,,,,,,,,,,,,,,2018,8/15/2018,$                                                       65.00,,,,,,,,,,2.46%,$             65.00,1.60,89.86,27.21,61.57,60%,38%,1.78%,5.88%,4.69%,-7.29%,-2.12%,3.365,2.60%,-32.90%,,,,,,,,,,,,
,,,,,,,,,,,,,,,,,,2018,8/16/2018,$                                                       64.99,,,,,,,,,,2.46%,$             64.99,1.60,89.86,27.21,61.57,60%,38%,1.78%,5.88%,4.69%,-7.28%,-2.10%,3.365,2.60%,-32.91%,,,,,,,,,,,,
,,,,,,,,,,,,,,,,,,2018,8/17/2018,$                                                       65.93,,,,,,,,,,2.43%,$             65.93,1.60,89.86,27.21,61.57,62%,36%,1.78%,5.88%,4.62%,-8.60%,-3.50%,3.365,2.60%,-31.94%,,,,,,,,,,,,
,,,,,,,,,,,,,,,,,,2018,8/20/2018,$                                                       65.32,,,,,,,,,,2.45%,$             65.32,1.60,89.86,27.21,61.57,61%,38%,1.78%,5.88%,4.66%,-7.75%,-2.59%,3.365,2.60%,-32.57%,,,,,,,,,,,,
,,,,,,,,,,,,,,,,,,2018,8/21/2018,$                                                       65.30,,,,,,,,,,2.45%,$             65.30,1.60,89.86,27.21,61.57,61%,38%,1.78%,5.88%,4.67%,-7.72%,-2.57%,3.365,2.60%,-32.59%,,,,,,,,,,,,
,,,,,,,,,,,,,,,,,,2018,8/22/2018,$                                                        65.01,,,,,,,,,,2.46%,$              65.01,1.60,89.86,27.21,61.57,60%,38%,1.78%,5.88%,4.69%,-7.31%,-2.13%,3.365,2.60%,-32.89%,,,,,,,,,,,,
,,,,,,,,,,,,,,,,,,2018,8/23/2018,$                                                       64.09,,,,,,,,,,2.50%,$             64.09,1.60,89.86,27.21,61.57,59%,40%,1.78%,5.88%,4.75%,-5.98%,-0.73%,3.365,2.60%,-33.84%,,,,,,,,,,,,
,,,,,,,,,,,,,,,,,,2018,8/24/2018,$                                                       63.79,,,,,,,,,,2.51%,$             63.79,1.60,89.86,27.21,61.57,58%,41%,1.78%,5.88%,4.78%,-5.53%,-0.26%,3.365,2.60%,-34.15%,,,,,,,,,,,,
,,,,,,,,,,,,,,,,,,2018,8/27/2018,$                                                       62.43,,,,,,,,,,2.56%,$             62.43,1.60,89.86,27.21,61.57,56%,44%,1.78%,5.88%,4.88%,-3.48%,1.91%,3.365,2.60%,-35.55%,,,,,,,,,,,,
,,,,,,,,,,,,,,,,,,2018,8/28/2018,$                                                         61.31,,,,,,,,,,2.61%,$               61.31,1.60,89.86,27.21,61.57,54%,47%,1.78%,5.88%,4.97%,-1.71%,3.78%,3.365,2.60%,-36.71%,,,,,,,,,,,,
,,,,,,,,,,,,,,,,,,2018,8/29/2018,$                                                        61.32,,,,,,,,,,2.61%,$              61.32,1.60,89.86,27.21,61.57,54%,47%,1.78%,5.88%,4.97%,-1.73%,3.76%,3.365,2.60%,-36.70%,,,,,,,,,,,,
,,,,,,,,,,,,,,,,,,2018,8/30/2018,$                                                        61.04,,,,,,,,,,2.62%,$              61.04,1.60,89.86,27.21,61.57,54%,47%,1.78%,5.88%,4.99%,-1.28%,4.23%,3.365,2.60%,-36.99%,,,,,,,,,,,,
,,,,,,,,,,,,,,,,,,2018,8/31/2018,$                                                       62.07,,,,,,,,,,2.58%,$             62.07,1.60,89.86,27.21,61.57,56%,45%,1.78%,5.88%,4.91%,-2.92%,2.51%,3.365,2.60%,-35.92%,,,,,,,,,,,,
,,,,,,,,,,,,,,,,,,2018,9/4/2018,$                                                        60.91,,,,,,,,,,2.63%,$              60.91,1.60,89.86,27.21,61.57,54%,48%,1.78%,5.88%,5.00%,-1.07%,4.46%,3.365,2.60%,-37.12%,,,,,,,,,,,,
,,,,,,,,,,,,,,,,,,2018,9/5/2018,$                                                       59.76,,,,,,,,,,2.68%,$             59.76,1.60,89.86,27.21,61.57,52%,50%,1.78%,5.88%,5.10%,0.84%,6.47%,3.365,2.60%,-38.31%,,,,,,,,,,,,
,,,,,,,,,,,,,,,,,,2018,9/6/2018,$                                                       60.02,,,,,,,,,,2.67%,$             60.02,1.60,89.86,27.21,61.57,52%,50%,1.78%,5.88%,5.08%,0.40%,6.01%,3.365,2.60%,-38.04%,,,,,,,,,,,,
,,,,,,,,,,,,,,,,,,2018,9/7/2018,$                                                       59.50,,,,,,,,,,2.69%,$             59.50,1.60,89.86,27.21,61.57,52%,51%,1.78%,5.88%,5.12%,1.28%,6.93%,3.365,2.60%,-38.58%,,,,,,,,,,,,
,,,,,,,,,,,,,,,,,,2018,9/10/2018,$                                                       59.04,,,,,,,,,,2.71%,$             59.04,1.60,89.86,27.21,61.57,51%,52%,1.78%,5.88%,5.16%,2.07%,7.77%,3.365,2.60%,-39.05%,,,,,,,,,,,,
,,,,,,,,,,,,,,,,,,2018,9/11/2018,$                                                       58.29,,,,,,,,,,2.74%,$             58.29,1.60,89.86,27.21,61.57,50%,54%,1.78%,5.88%,5.23%,3.38%,9.15%,3.365,2.60%,-39.83%,,,,,,,,,,,,
,,,,,,,,,,,,,,,,,,2018,9/12/2018,$                                                       59.56,,,,,,,,,,2.69%,$             59.56,1.60,89.86,27.21,61.57,52%,51%,1.78%,5.88%,5.12%,1.18%,6.83%,3.365,2.60%,-38.52%,,,,,,,,,,,,
,,,,,,,,,,,,,,,,,,2018,9/13/2018,$                                                       60.86,,,,,,,,,,2.63%,$             60.86,1.60,89.86,27.21,61.57,54%,48%,1.78%,5.88%,5.01%,-0.99%,4.54%,3.365,2.60%,-37.17%,,,,,,,,,,,,
,,,,,,,,,,,,,,,,,,2018,9/14/2018,$                                                         60.11,,,,,,,,,,2.66%,$               60.11,1.60,89.86,27.21,61.57,53%,49%,1.78%,5.88%,5.07%,0.25%,5.85%,3.365,2.60%,-37.95%,,,,,,,,,,,,
,,,,,,,,,,,,,,,,,,2018,9/17/2018,$                                                       59.24,,,,,,,,,,2.70%,$             59.24,1.60,89.86,27.21,61.57,51%,52%,1.78%,5.88%,5.14%,1.72%,7.40%,3.365,2.60%,-38.85%,,,,,,,,,,,,
,,,,,,,,,,,,,,,,,,2018,9/18/2018,$                                                        59.13,,,,,,,,,,2.71%,$              59.13,1.60,89.86,27.21,61.57,51%,52%,1.78%,5.88%,5.15%,1.91%,7.60%,3.365,2.60%,-38.96%,,,,,,,,,,,,
,,,,,,,,,,,,,,,,,,2018,9/19/2018,$                                                       58.65,,,,,,,,,,2.73%,$             58.65,1.60,89.86,27.21,61.57,50%,53%,1.78%,5.88%,5.20%,2.75%,8.48%,3.365,2.60%,-39.45%,,,,,,,,,,,,
,,,,,,,,,,,,,,,,,,2018,9/20/2018,$                                                       59.69,,,,,,,,,,2.68%,$             59.69,1.60,89.86,27.21,61.57,52%,51%,1.78%,5.88%,5.10%,0.95%,6.59%,3.365,2.60%,-38.38%,,,,,,,,,,,,
,,,,,,,,,,,,,,,,,,2018,9/21/2018,$                                                       59.98,,,,,,,,,,2.67%,$             59.98,1.60,89.86,27.21,61.57,52%,50%,1.78%,5.88%,5.08%,0.47%,6.08%,3.365,2.60%,-38.08%,,,,,,,,,,,,
,,,,,,,,,,,,,,,,,,2018,9/24/2018,$                                                       59.74,,,,,,,,,,2.68%,$             59.74,1.60,89.86,27.21,61.57,52%,50%,1.78%,5.88%,5.10%,0.87%,6.50%,3.365,2.60%,-38.33%,,,,,,,,,,,,
,,,,,,,,,,,,,,,,,,2018,9/25/2018,$                                                       57.87,,,,,,,,,,2.76%,$             57.87,1.60,89.86,27.21,61.57,49%,55%,1.78%,5.88%,5.27%,4.13%,9.94%,3.365,2.60%,-40.26%,,,,,,,,,,,,
,,,,,,,,,,,,,,,,,,2018,9/26/2018,$                                                       59.38,,,,,,,,,,2.69%,$             59.38,1.60,89.86,27.21,61.57,51%,51%,1.78%,5.88%,5.13%,1.48%,7.15%,3.365,2.60%,-38.70%,,,,,,,,,,,,
,,,,,,,,,,,,,,,,,,2018,9/27/2018,$                                                       59.95,,,,,,,,,,2.67%,$             59.95,1.60,89.86,27.21,61.57,52%,50%,1.78%,5.88%,5.08%,0.52%,6.13%,3.365,2.60%,-38.11%,,,,,,,,,,,,
,,,,,,,,,,,,,,,,,,2018,9/28/2018,$                                                       58.26,,,,,,,,,,2.75%,$             58.26,1.60,89.86,27.21,61.57,50%,54%,1.78%,5.88%,5.23%,3.43%,9.21%,3.365,2.60%,-39.86%,,,,,,,,,,,,
,,,,,,,,,,,,,,,,,,2018,10/1/2018,$                                                       58.97,,,,,,,,,,2.71%,$             58.97,1.60,89.86,27.21,61.57,51%,52%,1.78%,5.88%,5.17%,2.19%,7.89%,3.365,2.60%,-39.12%,,,,,,,,,,,,
,,,,,,,,,,,,,,,,,,2018,10/2/2018,$                                                       59.37,,,,,,,,,,2.69%,$             59.37,1.60,89.86,27.21,61.57,51%,51%,1.78%,5.88%,5.13%,1.50%,7.17%,3.365,2.60%,-38.71%,,,,,,,,,,,,
,,,,,,,,,,,,,,,,,,2018,10/3/2018,$                                                        60.01,,,,,,,,,,2.67%,$              60.01,1.60,89.86,27.21,61.57,52%,50%,1.78%,5.88%,5.08%,0.42%,6.02%,3.365,2.60%,-38.05%,,,,,,,,,,,,
,,,,,,,,,,,,,,,,,,2018,10/4/2018,$                                                       59.34,,,,,,,,,,2.70%,$             59.34,1.60,89.86,27.21,61.57,51%,51%,1.78%,5.88%,5.13%,1.55%,7.22%,3.365,2.60%,-38.74%,,,,,,,,,,,,
,,,,,,,,,,,,,,,,,,2018,10/5/2018,$                                                       59.20,,,,,,,,,,2.70%,$             59.20,1.60,89.86,27.21,61.57,51%,52%,1.78%,5.88%,5.15%,1.79%,7.47%,3.365,2.60%,-38.89%,,,,,,,,,,,,
,,,,,,,,,,,,,,,,,,2018,10/9/2018,$                                                        59.01,,,,,,,,,,2.71%,$              59.01,1.60,89.86,27.21,61.57,51%,52%,1.78%,5.88%,5.16%,2.12%,7.82%,3.365,2.60%,-39.08%,,,,,,,,,,,,
,,,,,,,,,,,,,,,,,,2018,10/10/2018,$                                                       59.74,,,,,,,,,,2.68%,$             59.74,1.60,89.86,27.21,61.57,52%,50%,1.78%,5.88%,5.10%,0.87%,6.50%,3.365,2.60%,-38.33%,,,,,,,,,,,,
,,,,,,,,,,,,,,,,,,2018,10/11/2018,$                                                       58.88,,,,,,,,,,2.72%,$             58.88,1.60,89.86,27.21,61.57,51%,53%,1.78%,5.88%,5.17%,2.34%,8.06%,3.365,2.60%,-39.22%,,,,,,,,,,,,
,,,,,,,,,,,,,,,,,,2018,10/12/2018,$                                                       58.72,,,,,,,,,,2.72%,$             58.72,1.60,89.86,27.21,61.57,50%,53%,1.78%,5.88%,5.19%,2.62%,8.35%,3.365,2.60%,-39.38%,,,,,,,,,,,,
,,,,,,,,,,,,,,,,,,2018,10/15/2018,$                                                       59.74,,,,,,,,,,2.68%,$             59.74,1.60,89.86,27.21,61.57,52%,50%,1.78%,5.88%,5.10%,0.87%,6.50%,3.365,2.60%,-38.33%,,,,,,,,,,,,
,,,,,,,,,,,,,,,,,,2018,10/16/2018,$                                                       60.49,,,,,,,,,,2.65%,$             60.49,1.60,89.86,27.21,61.57,53%,49%,1.78%,5.88%,5.04%,-0.38%,5.18%,3.365,2.60%,-37.56%,,,,,,,,,,,,
,,,,,,,,,,,,,,,,,,2018,10/17/2018,$                                                       63.47,,,,,,,,,,2.52%,$             63.47,1.60,89.86,27.21,61.57,58%,42%,1.78%,5.88%,4.80%,-5.06%,0.24%,3.365,2.60%,-34.48%,,,,,,,,,,,,
,,,,,,,,,,,,,,,,,,2018,10/18/2018,$                                                       64.76,,,,,,,,,,2.47%,$             64.76,1.60,89.86,27.21,61.57,60%,39%,1.78%,5.88%,4.71%,-6.95%,-1.75%,3.365,2.60%,-33.15%,,,,,,,,,,,,
,,,,,,,,,,,,,,,,,,2018,10/19/2018,$                                                       63.09,,,,,,,,,,2.54%,$             63.09,1.60,89.86,27.21,61.57,57%,42%,1.78%,5.88%,4.83%,-4.49%,0.85%,3.365,2.60%,-34.87%,,,,,,,,,,,,
,,,,,,,,,,,,,,,,,,2018,10/22/2018,$                                                       63.42,,,,,,,,,,2.52%,$             63.42,1.60,89.86,27.21,61.57,58%,42%,1.78%,5.88%,4.80%,-4.98%,0.32%,3.365,2.60%,-34.53%,,,,,,,,,,,,
,,,,,,,,,,,,,,,,,,2018,10/23/2018,$                                                       63.26,,,,,,,,,,2.53%,$             63.26,1.60,89.86,27.21,61.57,58%,42%,1.78%,5.88%,4.82%,-4.74%,0.58%,3.365,2.60%,-34.70%,,,,,,,,,,,,
,,,,,,,,,,,,,,,,,,2018,10/24/2018,$                                                        61.56,,,,,,,,,,2.60%,$              61.56,1.60,89.86,27.21,61.57,55%,46%,1.78%,5.88%,4.95%,-2.11%,3.35%,3.365,2.60%,-36.45%,,,,,,,,,,,,
,,,,,,,,,,,,,,,,,,2018,10/25/2018,$                                                       62.89,,,,,,,,,,2.54%,$             62.89,1.60,89.86,27.21,61.57,57%,43%,1.78%,5.88%,4.84%,-4.18%,1.17%,3.365,2.60%,-35.08%,,,,,,,,,,,,
,,,,,,,,,,,,,,,,,,2018,10/26/2018,$                                                       60.92,,,,,,,,,,2.63%,$             60.92,1.60,89.86,27.21,61.57,54%,48%,1.78%,5.88%,5.00%,-1.08%,4.44%,3.365,2.60%,-37.11%,,,,,,,,,,,,
,,,,,,,,,,,,,,,,,,2018,10/29/2018,$                                                        61.32,,,,,,,,,,2.61%,$              61.32,1.60,89.86,27.21,61.57,54%,47%,1.78%,5.88%,4.97%,-1.73%,3.76%,3.365,2.60%,-36.70%,,,,,,,,,,,,
,,,,,,,,,,,,,,,,,,2018,10/30/2018,$                                                        61.22,,,,,,,,,,2.61%,$              61.22,1.60,89.86,27.21,61.57,54%,47%,1.78%,5.88%,4.98%,-1.57%,3.93%,3.365,2.60%,-36.80%,,,,,,,,,,,,
,,,,,,,,,,,,,,,,,,2018,10/31/2018,$                                                        61.80,,,,,,,,,,2.59%,$              61.80,1.60,89.86,27.21,61.57,55%,45%,1.78%,5.88%,4.93%,-2.49%,2.95%,3.365,2.60%,-36.20%,,,,,,,,,,,,
,,,,,,,,,,,,,,,,,,2018,11/1/2018,$                                                       63.39,,,,,,,,,,2.52%,$             63.39,1.60,89.86,27.21,61.57,58%,42%,1.78%,5.88%,4.81%,-4.94%,0.37%,3.365,2.60%,-34.56%,,,,,,,,,,,,
,,,,,,,,,,,,,,,,,,2018,11/2/2018,$                                                        64.14,,,,,,,,,,2.49%,$              64.14,1.60,89.86,27.21,61.57,59%,40%,1.78%,5.88%,4.75%,-6.05%,-0.80%,3.365,2.60%,-33.79%,,,,,,,,,,,,
,,,,,,,,,,,,,,,,,,2018,11/5/2018,$                                                       65.00,,,,,,,,,,2.46%,$             65.00,1.60,89.86,27.21,61.57,60%,38%,1.78%,5.88%,4.69%,-7.29%,-2.12%,3.365,2.60%,-32.90%,,,,,,,,,,,,
,,,,,,,,,,,,,,,,,,2018,11/6/2018,$                                                       63.65,,,,,,,,,,2.51%,$             63.65,1.60,89.86,27.21,61.57,58%,41%,1.78%,5.88%,4.79%,-5.33%,-0.04%,3.365,2.60%,-34.29%,,,,,,,,,,,,
,,,,,,,,,,,,,,,,,,2018,11/7/2018,$                                                       64.64,,,,,,,,,,2.48%,$             64.64,1.60,89.86,27.21,61.57,60%,39%,1.78%,5.88%,4.71%,-6.78%,-1.57%,3.365,2.60%,-33.27%,,,,,,,,,,,,
,,,,,,,,,,,,,,,,,,2018,11/8/2018,$                                                        63.12,,,,,,,,,,2.53%,$              63.12,1.60,89.86,27.21,61.57,57%,42%,1.78%,5.88%,4.83%,-4.53%,0.80%,3.365,2.60%,-34.84%,,,,,,,,,,,,
,,,,,,,,,,,,,,,,,,2018,11/9/2018,$                                                       62.65,,,,,,,,,,2.55%,$             62.65,1.60,89.86,27.21,61.57,57%,43%,1.78%,5.88%,4.86%,-3.81%,1.56%,3.365,2.60%,-35.33%,,,,,,,,,,,,
,,,,,,,,,,,,,,,,,,2018,11/12/2018,$                                                        62.10,,,,,,,,,,2.58%,$              62.10,1.60,89.86,27.21,61.57,56%,45%,1.78%,5.88%,4.91%,-2.96%,2.46%,3.365,2.60%,-35.89%,,,,,,,,,,,,
,,,,,,,,,,,,,,,,,,2018,11/13/2018,$                                                       62.08,,,,,,,,,,2.58%,$             62.08,1.60,89.86,27.21,61.57,56%,45%,1.78%,5.88%,4.91%,-2.93%,2.49%,3.365,2.60%,-35.91%,,,,,,,,,,,,
,,,,,,,,,,,,,,,,,,2018,11/14/2018,$                                                       62.06,,,,,,,,,,2.58%,$             62.06,1.60,89.86,27.21,61.57,56%,45%,1.78%,5.88%,4.91%,-2.90%,2.52%,3.365,2.60%,-35.93%,,,,,,,,,,,,
,,,,,,,,,,,,,,,,,,2018,11/15/2018,$                                                        61.56,,,,,,,,,,2.60%,$              61.56,1.60,89.86,27.21,61.57,55%,46%,1.78%,5.88%,4.95%,-2.11%,3.35%,3.365,2.60%,-36.45%,,,,,,,,,,,,
,,,,,,,,,,,,,,,,,,2018,11/16/2018,$                                                        61.50,,,,,,,,,,2.60%,$              61.50,1.60,89.86,27.21,61.57,55%,46%,1.78%,5.88%,4.95%,-2.02%,3.46%,3.365,2.60%,-36.51%,,,,,,,,,,,,
,,,,,,,,,,,,,,,,,,2018,11/19/2018,$                                                       60.73,,,,,,,,,,2.63%,$             60.73,1.60,89.86,27.21,61.57,54%,48%,1.78%,5.88%,5.02%,-0.77%,4.77%,3.365,2.60%,-37.31%,,,,,,,,,,,,
,,,,,,,,,,,,,,,,,,2018,11/20/2018,$                                                       59.20,,,,,,,,,,2.70%,$             59.20,1.60,89.86,27.21,61.57,51%,52%,1.78%,5.88%,5.15%,1.79%,7.47%,3.365,2.60%,-38.89%,,,,,,,,,,,,
,,,,,,,,,,,,,,,,,,2018,11/21/2018,$                                                       60.60,,,,,,,,,,2.64%,$             60.60,1.60,89.86,27.21,61.57,53%,48%,1.78%,5.88%,5.03%,-0.56%,4.99%,3.365,2.60%,-37.44%,,,,,,,,,,,,
,,,,,,,,,,,,,,,,,,2018,11/22/2018,$                                                        60.81,,,,,,,,,,2.63%,$              60.81,1.60,89.86,27.21,61.57,54%,48%,1.78%,5.88%,5.01%,-0.90%,4.63%,3.365,2.60%,-37.23%,,,,,,,,,,,,
,,,,,,,,,,,,,,,,,,2018,11/23/2018,$                                                       60.27,,,,,,,,,,2.65%,$             60.27,1.60,89.86,27.21,61.57,53%,49%,1.78%,5.88%,5.06%,-0.02%,5.57%,3.365,2.60%,-37.78%,,,,,,,,,,,,
,,,,,,,,,,,,,,,,,,2018,11/26/2018,$                                                        59.61,,,,,,,,,,2.68%,$              59.61,1.60,89.86,27.21,61.57,52%,51%,1.78%,5.88%,5.11%,1.09%,6.74%,3.365,2.60%,-38.46%,,,,,,,,,,,,
,,,,,,,,,,,,,,,,,,2018,11/27/2018,$                                                       59.78,,,,,,,,,,2.68%,$             59.78,1.60,89.86,27.21,61.57,52%,50%,1.78%,5.88%,5.10%,0.80%,6.43%,3.365,2.60%,-38.29%,,,,,,,,,,,,
,,,,,,,,,,,,,,,,,,2018,11/28/2018,$                                                       60.68,,,,,,,,,,2.64%,$             60.68,1.60,89.86,27.21,61.57,53%,48%,1.78%,5.88%,5.02%,-0.69%,4.85%,3.365,2.60%,-37.36%,,,,,,,,,,,,
,,,,,,,,,,,,,,,,,,2018,11/29/2018,$                                                        62.10,,,,,,,,,,2.58%,$              62.10,1.60,89.86,27.21,61.57,56%,45%,1.78%,5.88%,4.91%,-2.96%,2.46%,3.365,2.60%,-35.89%,,,,,,,,,,,,
,,,,,,,,,,,,,,,,,,2018,11/30/2018,$                                                       62.23,,,,,,,,,,2.57%,$             62.23,1.60,89.86,27.21,61.57,56%,44%,1.78%,5.88%,4.90%,-3.17%,2.24%,3.365,2.60%,-35.76%,,,,,,,,,,,,
,,,,,,,,,,,,,,,,,,2018,12/3/2018,$                                                       62.32,,,,,,,,,,2.57%,$             62.32,1.60,89.86,27.21,61.57,56%,44%,1.78%,5.88%,4.89%,-3.31%,2.09%,3.365,2.60%,-35.67%,,,,,,,,,,,,
,,,,,,,,,,,,,,,,,,2018,12/4/2018,$                                                         61.61,,,,,,,,,,2.60%,$               61.61,1.60,89.86,27.21,61.57,55%,46%,1.78%,5.88%,4.95%,-2.19%,3.27%,3.365,2.60%,-36.40%,,,,,,,,,,,,
,,,,,,,,,,,,,,,,,,2018,12/5/2018,$                                                        61.93,,,,,,,,,,2.58%,$              61.93,1.60,89.86,27.21,61.57,55%,45%,1.78%,5.88%,4.92%,-2.70%,2.74%,3.365,2.60%,-36.07%,,,,,,,,,,,,
,,,,,,,,,,,,,,,,,,2018,12/6/2018,$                                                        61.37,,,,,,,,,,2.61%,$              61.37,1.60,89.86,27.21,61.57,55%,46%,1.78%,5.88%,4.96%,-1.81%,3.67%,3.365,2.60%,-36.65%,,,,,,,,,,,,
,,,,,,,,,,,,,,,,,,2018,12/7/2018,$                                                         62.11,,,,,,,,,,2.58%,$               62.11,1.60,89.86,27.21,61.57,56%,45%,1.78%,5.88%,4.91%,-2.98%,2.44%,3.365,2.60%,-35.88%,,,,,,,,,,,,
,,,,,,,,,,,,,,,,,,2018,12/10/2018,$                                                        61.74,,,,,,,,,,2.59%,$              61.74,1.60,89.86,27.21,61.57,55%,46%,1.78%,5.88%,4.94%,-2.40%,3.05%,3.365,2.60%,-36.27%,,,,,,,,,,,,
,,,,,,,,,,,,,,,,,,2018,12/11/2018,$                                                       62.58,,,,,,,,,,2.56%,$             62.58,1.60,89.86,27.21,61.57,56%,44%,1.78%,5.88%,4.87%,-3.71%,1.67%,3.365,2.60%,-35.40%,,,,,,,,,,,,
,,,,,,,,,,,,,,,,,,2018,12/12/2018,$                                                        62.19,,,,,,,,,,2.57%,$              62.19,1.60,89.86,27.21,61.57,56%,44%,1.78%,5.88%,4.90%,-3.10%,2.31%,3.365,2.60%,-35.80%,,,,,,,,,,,,
,,,,,,,,,,,,,,,,,,2018,12/13/2018,$                                                       60.88,,,,,,,,,,2.63%,$             60.88,1.60,89.86,27.21,61.57,54%,48%,1.78%,5.88%,5.00%,-1.02%,4.51%,3.365,2.60%,-37.15%,,,,,,,,,,,,
,,,,,,,,,,,,,,,,,,2018,12/14/2018,$                                                       59.67,,,,,,,,,,2.68%,$             59.67,1.60,89.86,27.21,61.57,52%,51%,1.78%,5.88%,5.11%,0.99%,6.63%,3.365,2.60%,-38.40%,,,,,,,,,,,,
,,,,,,,,,,,,,,,,,,2018,12/17/2018,$                                                       56.42,,,,,,,,,,2.84%,$             56.42,1.60,89.86,27.21,61.57,47%,59%,1.78%,5.88%,5.40%,6.81%,12.77%,3.365,2.60%,-41.76%,,,,,,,,,,,,
,,,,,,,,,,,,,,,,,,2018,12/18/2018,$                                                       57.27,,,,,,,,,,2.79%,$             57.27,1.60,89.86,27.21,61.57,48%,57%,1.78%,5.88%,5.32%,5.22%,11.10%,3.365,2.60%,-40.88%,,,,,,,,,,,,
,,,,,,,,,,,,,,,,,,2018,12/19/2018,$                                                       57.65,,,,,,,,,,2.78%,$             57.65,1.60,89.86,27.21,61.57,49%,56%,1.78%,5.88%,5.29%,4.53%,10.36%,3.365,2.60%,-40.49%,,,,,,,,,,,,
,,,,,,,,,,,,,,,,,,2018,12/20/2018,$                                                       57.78,,,,,,,,,,2.77%,$             57.78,1.60,89.86,27.21,61.57,49%,56%,1.78%,5.88%,5.27%,4.29%,10.12%,3.365,2.60%,-40.35%,,,,,,,,,,,,
,,,,,,,,,,,,,,,,,,2018,12/21/2018,$                                                        56.16,,,,,,,,,,2.85%,$              56.16,1.60,89.86,27.21,61.57,46%,60%,1.78%,5.88%,5.43%,7.30%,13.29%,3.365,2.60%,-42.03%,,,,,,,,,,,,
,,,,,,,,,,,,,,,,,,2018,12/24/2018,$                                                       55.53,,,,,,,,,,2.88%,$             55.53,1.60,89.86,27.21,61.57,45%,62%,1.78%,5.88%,5.49%,8.52%,14.58%,3.365,2.60%,-42.68%,,,,,,,,,,,,
,,,,,,,,,,,,,,,,,,2018,12/27/2018,$                                                       56.33,,,,,,,,,,2.84%,$             56.33,1.60,89.86,27.21,61.57,46%,60%,1.78%,5.88%,5.41%,6.98%,12.95%,3.365,2.60%,-41.85%,,,,,,,,,,,,
,,,,,,,,,,,,,,,,,,2018,12/28/2018,$                                                        58.12,,,,,,,,,,2.75%,$              58.12,1.60,89.86,27.21,61.57,49%,55%,1.78%,5.88%,5.24%,3.68%,9.47%,3.365,2.60%,-40.00%,,,,,,,,,,,,
,,,,,,,,,,,,,,,,,,2018,12/31/2018,$                                                       58.24,,,,,,,,,,2.75%,$             58.24,1.60,89.86,27.21,61.57,50%,54%,1.78%,5.88%,5.23%,3.47%,9.25%,3.365,2.60%,-39.88%,,,,,,,,,,,,
,,,,,,,,,,,,,,,,,,2019,1/2/2019,$                                                       58.26,,,,,,,,,,3.03%,$             58.26,1.77,99.13,30.02,67.92,41%,70%,1.78%,5.88%,5.23%,3.43%,6.46%,1.765,2.60%,-39.86%,,,,,,,,,,,,
,,,,,,,,,,,,,,,,,,2019,1/3/2019,$                                                        58.91,,,,,,,,,,3.00%,$              58.91,1.77,99.13,30.02,67.92,42%,68%,1.78%,5.88%,5.17%,2.29%,5.29%,1.765,2.60%,-39.19%,,,,,,,,,,,,
,,,,,,,,,,,,,,,,,,2019,1/4/2019,$                                                       58.08,,,,,,,,,,3.04%,$             58.08,1.77,99.13,30.02,67.92,41%,71%,1.78%,5.88%,5.25%,3.75%,6.79%,1.765,2.60%,-40.04%,,,,,,,,,,,,
,,,,,,,,,,,,,,,,,,2019,1/7/2019,$                                                        59.12,,,,,,,,,,2.99%,$              59.12,1.77,99.13,30.02,67.92,42%,68%,1.78%,5.88%,5.15%,1.93%,4.91%,1.765,2.60%,-38.97%,,,,,,,,,,,,
,,,,,,,,,,,,,,,,,,2019,1/8/2019,$                                                        59.15,,,,,,,,,,2.98%,$              59.15,1.77,99.13,30.02,67.92,42%,68%,1.78%,5.88%,5.15%,1.88%,4.86%,1.765,2.60%,-38.94%,,,,,,,,,,,,
,,,,,,,,,,,,,,,,,,2019,1/9/2019,$                                                       59.74,,,,,,,,,,2.95%,$             59.74,1.77,99.13,30.02,67.92,43%,66%,1.78%,5.88%,5.10%,0.87%,3.82%,1.765,2.60%,-38.33%,,,,,,,,,,,,
,,,,,,,,,,,,,,,,,,2019,1/10/2019,$                                                       60.78,,,,,,,,,,2.90%,$             60.78,1.77,99.13,30.02,67.92,45%,63%,1.78%,5.88%,5.01%,-0.86%,2.05%,1.765,2.60%,-37.26%,,,,,,,,,,,,
,,,,,,,,,,,,,,,,,,2019,1/11/2019,$                                                       65.42,,,,,,,,,,2.70%,$             65.42,1.77,99.13,30.02,67.92,51%,52%,1.78%,5.88%,4.66%,-7.89%,-5.19%,1.765,2.60%,-32.47%,,,,,,,,,,,,
,,,,,,,,,,,,,,,,,,2019,1/14/2019,$                                                       67.58,,,,,,,,,,2.61%,$             67.58,1.77,99.13,30.02,67.92,54%,47%,1.78%,5.88%,4.51%,-10.83%,-8.22%,1.765,2.60%,-30.24%,,,,,,,,,,,,
,,,,,,,,,,,,,,,,,,2019,1/15/2019,$                                                       67.36,,,,,,,,,,2.62%,$             67.36,1.77,99.13,30.02,67.92,54%,47%,1.78%,5.88%,4.52%,-10.54%,-7.92%,1.765,2.60%,-30.46%,,,,,,,,,,,,
,,,,,,,,,,,,,,,,,,2019,1/16/2019,$                                                       66.45,,,,,,,,,,2.66%,$             66.45,1.77,99.13,30.02,67.92,53%,49%,1.78%,5.88%,4.59%,-9.32%,-6.66%,1.765,2.60%,-31.40%,,,,,,,,,,,,
,,,,,,,,,,,,,,,,,,2019,1/17/2019,$                                                       67.05,,,,,,,,,,2.63%,$             67.05,1.77,99.13,30.02,67.92,54%,48%,1.78%,5.88%,4.54%,-10.13%,-7.49%,1.765,2.60%,-30.78%,,,,,,,,,,,,
,,,,,,,,,,,,,,,,,,2019,1/18/2019,$                                                       66.79,,,,,,,,,,2.64%,$             66.79,1.77,99.13,30.02,67.92,53%,48%,1.78%,5.88%,4.56%,-9.78%,-7.13%,1.765,2.60%,-31.05%,,,,,,,,,,,,
,,,,,,,,,,,,,,,,,,2019,1/21/2019,$                                                       65.88,,,,,,,,,,2.68%,$             65.88,1.77,99.13,30.02,67.92,52%,50%,1.78%,5.88%,4.63%,-8.53%,-5.85%,1.765,2.60%,-31.99%,,,,,,,,,,,,
,,,,,,,,,,,,,,,,,,2019,1/22/2019,$                                                       65.25,,,,,,,,,,2.70%,$             65.25,1.77,99.13,30.02,67.92,51%,52%,1.78%,5.88%,4.67%,-7.65%,-4.94%,1.765,2.60%,-32.64%,,,,,,,,,,,,
,,,,,,,,,,,,,,,,,,2019,1/23/2019,$                                                       65.65,,,,,,,,,,2.69%,$             65.65,1.77,99.13,30.02,67.92,52%,51%,1.78%,5.88%,4.64%,-8.21%,-5.52%,1.765,2.60%,-32.23%,,,,,,,,,,,,
,,,,,,,,,,,,,,,,,,2019,1/24/2019,$                                                       66.76,,,,,,,,,,2.64%,$             66.76,1.77,99.13,30.02,67.92,53%,48%,1.78%,5.88%,4.56%,-9.74%,-7.09%,1.765,2.60%,-31.08%,,,,,,,,,,,,
,,,,,,,,,,,,,,,,,,2019,1/25/2019,$                                                       66.97,,,,,,,,,,2.64%,$             66.97,1.77,99.13,30.02,67.92,53%,48%,1.78%,5.88%,4.55%,-10.02%,-7.38%,1.765,2.60%,-30.87%,,,,,,,,,,,,
,,,,,,,,,,,,,,,,,,2019,1/28/2019,$                                                       67.07,,,,,,,,,,2.63%,$             67.07,1.77,99.13,30.02,67.92,54%,48%,1.78%,5.88%,4.54%,-10.15%,-7.52%,1.765,2.60%,-30.76%,,,,,,,,,,,,
,,,,,,,,,,,,,,,,,,2019,1/29/2019,$                                                       67.46,,,,,,,,,,2.62%,$             67.46,1.77,99.13,30.02,67.92,54%,47%,1.78%,5.88%,4.52%,-10.67%,-8.06%,1.765,2.60%,-30.36%,,,,,,,,,,,,
,,,,,,,,,,,,,,,,,,2019,1/30/2019,$                                                       67.22,,,,,,,,,,2.63%,$             67.22,1.77,99.13,30.02,67.92,54%,47%,1.78%,5.88%,4.53%,-10.35%,-7.73%,1.765,2.60%,-30.61%,,,,,,,,,,,,
,,,,,,,,,,,,,,,,,,2019,1/31/2019,$                                                       67.40,,,,,,,,,,2.62%,$             67.40,1.77,99.13,30.02,67.92,54%,47%,1.78%,5.88%,4.52%,-10.59%,-7.97%,1.765,2.60%,-30.42%,,,,,,,,,,,,
,,,,,,,,,,,,,,,,,,2019,2/1/2019,$                                                       68.23,,,,,,,,,,2.59%,$             68.23,1.77,99.13,30.02,67.92,55%,45%,1.78%,5.88%,4.47%,-11.68%,-9.09%,1.765,2.60%,-29.57%,,,,,,,,,,,,
,,,,,,,,,,,,,,,,,,2019,2/4/2019,$                                                       68.40,,,,,,,,,,2.58%,$             68.40,1.77,99.13,30.02,67.92,56%,45%,1.78%,5.88%,4.45%,-11.90%,-9.32%,1.765,2.60%,-29.39%,,,,,,,,,,,,
,,,,,,,,,,,,,,,,,,2019,2/5/2019,$                                                       68.03,,,,,,,,,,2.59%,$             68.03,1.77,99.13,30.02,67.92,55%,46%,1.78%,5.88%,4.48%,-11.42%,-8.83%,1.765,2.60%,-29.77%,,,,,,,,,,,,
,,,,,,,,,,,,,,,,,,2019,2/6/2019,$                                                       67.85,,,,,,,,,,2.60%,$             67.85,1.77,99.13,30.02,67.92,55%,46%,1.78%,5.88%,4.49%,-11.19%,-8.59%,1.765,2.60%,-29.96%,,,,,,,,,,,,
,,,,,,,,,,,,,,,,,,2019,2/7/2019,$                                                       67.97,,,,,,,,,,2.60%,$             67.97,1.77,99.13,30.02,67.92,55%,46%,1.78%,5.88%,4.48%,-11.34%,-8.75%,1.765,2.60%,-29.83%,,,,,,,,,,,,
,,,,,,,,,,,,,,,,,,2019,2/8/2019,$                                                       68.66,,,,,,,,,,2.57%,$             68.66,1.77,99.13,30.02,67.92,56%,44%,1.78%,5.88%,4.44%,-12.23%,-9.66%,1.765,2.60%,-29.12%,,,,,,,,,,,,
,,,,,,,,,,,,,,,,,,2019,2/11/2019,$                                                       67.39,,,,,,,,,,2.62%,$             67.39,1.77,99.13,30.02,67.92,54%,47%,1.78%,5.88%,4.52%,-10.58%,-7.96%,1.765,2.60%,-30.43%,,,,,,,,,,,,
,,,,,,,,,,,,,,,,,,2019,2/12/2019,$                                                       68.20,,,,,,,,,,2.59%,$             68.20,1.77,99.13,30.02,67.92,55%,45%,1.78%,5.88%,4.47%,-11.64%,-9.05%,1.765,2.60%,-29.60%,,,,,,,,,,,,
,,,,,,,,,,,,,,,,,,2019,2/13/2019,$                                                        67.61,,,,,,,,,,2.61%,$              67.61,1.77,99.13,30.02,67.92,54%,47%,1.78%,5.88%,4.51%,-10.87%,-8.26%,1.765,2.60%,-30.21%,,,,,,,,,,,,
,,,,,,,,,,,,,,,,,,2019,2/14/2019,$                                                       68.28,,,,,,,,,,2.58%,$             68.28,1.77,99.13,30.02,67.92,55%,45%,1.78%,5.88%,4.46%,-11.75%,-9.16%,1.765,2.60%,-29.51%,,,,,,,,,,,,
,,,,,,,,,,,,,,,,,,2019,2/15/2019,$                                                       68.20,,,,,,,,,,2.59%,$             68.20,1.77,99.13,30.02,67.92,55%,45%,1.78%,5.88%,4.47%,-11.64%,-9.05%,1.765,2.60%,-29.60%,,,,,,,,,,,,
,,,,,,,,,,,,,,,,,,2019,2/19/2019,$                                                        66.81,,,,,,,,,,2.64%,$              66.81,1.77,99.13,30.02,67.92,53%,48%,1.78%,5.88%,4.56%,-9.80%,-7.16%,1.765,2.60%,-31.03%,,,,,,,,,,,,
,,,,,,,,,,,,,,,,,,2019,2/20/2019,$                                                       66.82,,,,,,,,,,2.64%,$             66.82,1.77,99.13,30.02,67.92,53%,48%,1.78%,5.88%,4.56%,-9.82%,-7.18%,1.765,2.60%,-31.02%,,,,,,,,,,,,
,,,,,,,,,,,,,,,,,,2019,2/21/2019,$                                                       67.79,,,,,,,,,,2.60%,$             67.79,1.77,99.13,30.02,67.92,55%,46%,1.78%,5.88%,4.49%,-11.11%,-8.50%,1.765,2.60%,-30.02%,,,,,,,,,,,,
,,,,,,,,,,,,,,,,,,2019,2/22/2019,$                                                       66.97,,,,,,,,,,2.64%,$             66.97,1.77,99.13,30.02,67.92,53%,48%,1.78%,5.88%,4.55%,-10.02%,-7.38%,1.765,2.60%,-30.87%,,,,,,,,,,,,
,,,,,,,,,,,,,,,,,,2019,2/25/2019,$                                                       66.96,,,,,,,,,,2.64%,$             66.96,1.77,99.13,30.02,67.92,53%,48%,1.78%,5.88%,4.55%,-10.01%,-7.37%,1.765,2.60%,-30.88%,,,,,,,,,,,,
,,,,,,,,,,,,,,,,,,2019,2/26/2019,$                                                       67.06,,,,,,,,,,2.63%,$             67.06,1.77,99.13,30.02,67.92,54%,48%,1.78%,5.88%,4.54%,-10.14%,-7.51%,1.765,2.60%,-30.77%,,,,,,,,,,,,
,,,,,,,,,,,,,,,,,,2019,2/27/2019,$                                                        71.88,,,,,,,,,,2.46%,$              71.88,1.77,99.13,30.02,67.92,61%,38%,1.78%,5.88%,4.24%,-16.17%,-13.71%,1.765,2.60%,-25.80%,,,,,,,,,,,,
,,,,,,,,,,,,,,,,,,2019,2/28/2019,$                                                       72.99,,,,,,,,,,2.42%,$             72.99,1.77,99.13,30.02,67.92,62%,36%,1.78%,5.88%,4.17%,-17.44%,-15.02%,1.765,2.60%,-24.65%,,,,,,,,,,,,
,,,,,,,,,,,,,,,,,,2019,3/1/2019,$                                                       74.00,,,,,,,,,,2.39%,$             74.00,1.77,99.13,30.02,67.92,64%,34%,1.78%,5.88%,4.12%,-18.57%,-16.18%,1.765,2.60%,-23.61%,,,,,,,,,,,,
,,,,,,,,,,,,,,,,,,2019,3/4/2019,$                                                       76.54,,,,,,,,,,2.31%,$             76.54,1.77,99.13,30.02,67.92,67%,30%,1.78%,5.88%,3.98%,-21.27%,-18.96%,1.765,2.60%,-20.99%,,,,,,,,,,,,
,,,,,,,,,,,,,,,,,,2019,3/5/2019,$                                                       76.02,,,,,,,,,,2.32%,$             76.02,1.77,99.13,30.02,67.92,67%,30%,1.78%,5.88%,4.01%,-20.73%,-18.41%,1.765,2.60%,-21.52%,,,,,,,,,,,,
,,,,,,,,,,,,,,,,,,2019,3/6/2019,$                                                        76.51,,,,,,,,,,2.31%,$              76.51,1.77,99.13,30.02,67.92,67%,30%,1.78%,5.88%,3.98%,-21.24%,-18.93%,1.765,2.60%,-21.02%,,,,,,,,,,,,
,,,,,,,,,,,,,,,,,,2019,3/7/2019,$                                                        76.18,,,,,,,,,,2.32%,$              76.18,1.77,99.13,30.02,67.92,67%,30%,1.78%,5.88%,4.00%,-20.90%,-18.58%,1.765,2.60%,-21.36%,,,,,,,,,,,,
,,,,,,,,,,,,,,,,,,2019,3/8/2019,$                                                       76.32,,,,,,,,,,2.31%,$             76.32,1.77,99.13,30.02,67.92,67%,30%,1.78%,5.88%,3.99%,-21.04%,-18.73%,1.765,2.60%,-21.21%,,,,,,,,,,,,
,,,,,,,,,,,,,,,,,,2019,3/11/2019,$                                                       76.88,,,,,,,,,,2.30%,$             76.88,1.77,99.13,30.02,67.92,68%,29%,1.78%,5.88%,3.96%,-21.62%,-19.32%,1.765,2.60%,-20.64%,,,,,,,,,,,,
,,,,,,,,,,,,,,,,,,2019,3/12/2019,$                                                         77.11,,,,,,,,,,2.29%,$               77.11,1.77,99.13,30.02,67.92,68%,29%,1.78%,5.88%,3.95%,-21.85%,-19.56%,1.765,2.60%,-20.40%,,,,,,,,,,,,
,,,,,,,,,,,,,,,,,,2019,3/13/2019,$                                                       76.86,,,,,,,,,,2.30%,$             76.86,1.77,99.13,30.02,67.92,68%,29%,1.78%,5.88%,3.96%,-21.60%,-19.30%,1.765,2.60%,-20.66%,,,,,,,,,,,,
,,,,,,,,,,,,,,,,,,2019,3/14/2019,$                                                       76.90,,,,,,,,,,2.30%,$             76.90,1.77,99.13,30.02,67.92,68%,29%,1.78%,5.88%,3.96%,-21.64%,-19.34%,1.765,2.60%,-20.62%,,,,,,,,,,,,
,,,,,,,,,,,,,,,,,,2019,3/15/2019,$                                                        76.15,,,,,,,,,,2.32%,$              76.15,1.77,99.13,30.02,67.92,67%,30%,1.78%,5.88%,4.00%,-20.87%,-18.55%,1.765,2.60%,-21.39%,,,,,,,,,,,,
,,,,,,,,,,,,,,,,,,2019,3/18/2019,$                                                        76.81,,,,,,,,,,2.30%,$              76.81,1.77,99.13,30.02,67.92,68%,29%,1.78%,5.88%,3.97%,-21.55%,-19.25%,1.765,2.60%,-20.71%,,,,,,,,,,,,
,,,,,,,,,,,,,,,,,,2019,3/19/2019,$                                                       77.08,,,,,,,,,,2.29%,$             77.08,1.77,99.13,30.02,67.92,68%,29%,1.78%,5.88%,3.95%,-21.82%,-19.53%,1.765,2.60%,-20.43%,,,,,,,,,,,,
,,,,,,,,,,,,,,,,,,2019,3/20/2019,$                                                       77.07,,,,,,,,,,2.29%,$             77.07,1.77,99.13,30.02,67.92,68%,29%,1.78%,5.88%,3.95%,-21.81%,-19.52%,1.765,2.60%,-20.44%,,,,,,,,,,,,
,,,,,,,,,,,,,,,,,,2019,3/21/2019,$                                                        77.17,,,,,,,,,,2.29%,$              77.17,1.77,99.13,30.02,67.92,68%,28%,1.78%,5.88%,3.95%,-21.91%,-19.63%,1.765,2.60%,-20.34%,,,,,,,,,,,,
,,,,,,,,,,,,,,,,,,2019,3/22/2019,$                                                       77.24,,,,,,,,,,2.29%,$             77.24,1.77,99.13,30.02,67.92,68%,28%,1.78%,5.88%,3.94%,-21.98%,-19.70%,1.765,2.60%,-20.26%,,,,,,,,,,,,
,,,,,,,,,,,,,,,,,,2019,3/25/2019,$                                                       77.40,,,,,,,,,,2.28%,$             77.40,1.77,99.13,30.02,67.92,69%,28%,1.78%,5.88%,3.94%,-22.14%,-19.86%,1.765,2.60%,-20.10%,,,,,,,,,,,,
,,,,,,,,,,,,,,,,,,2019,3/26/2019,$                                                       77.48,,,,,,,,,,2.28%,$             77.48,1.77,99.13,30.02,67.92,69%,28%,1.78%,5.88%,3.93%,-22.23%,-19.95%,1.765,2.60%,-20.02%,,,,,,,,,,,,
,,,,,,,,,,,,,,,,,,2019,3/27/2019,$                                                        80.10,,,,,,,,,,2.20%,$              80.10,1.77,99.13,30.02,67.92,72%,24%,1.78%,5.88%,3.80%,-24.77%,-22.57%,1.765,2.60%,-17.31%,,,,,,,,,,,,
,,,,,,,,,,,,,,,,,,2019,3/28/2019,$                                                       79.00,,,,,,,,,,2.23%,$             79.00,1.77,99.13,30.02,67.92,71%,25%,1.78%,5.88%,3.86%,-23.72%,-21.49%,1.765,2.60%,-18.45%,,,,,,,,,,,,
,,,,,,,,,,,,,,,,,,2019,3/29/2019,$                                                       78.64,,,,,,,,,,2.24%,$             78.64,1.77,99.13,30.02,67.92,70%,26%,1.78%,5.88%,3.87%,-23.37%,-21.13%,1.765,2.60%,-18.82%,,,,,,,,,,,,
,,,,,,,,,,,,,,,,,,2019,4/1/2019,$                                                       78.84,,,,,,,,,,2.24%,$             78.84,1.77,99.13,30.02,67.92,71%,26%,1.78%,5.88%,3.86%,-23.57%,-21.33%,1.765,2.60%,-18.61%,,,,,,,,,,,,
,,,,,,,,,,,,,,,,,,2019,4/2/2019,$                                                        79.91,,,,,,,,,,2.21%,$              79.91,1.77,99.13,30.02,67.92,72%,24%,1.78%,5.88%,3.81%,-24.59%,-22.38%,1.765,2.60%,-17.51%,,,,,,,,,,,,
,,,,,,,,,,,,,,,,,,2019,4/3/2019,$                                                       79.93,,,,,,,,,,2.21%,$             79.93,1.77,99.13,30.02,67.92,72%,24%,1.78%,5.88%,3.81%,-24.61%,-22.40%,1.765,2.60%,-17.49%,,,,,,,,,,,,
,,,,,,,,,,,,,,,,,,2019,4/4/2019,$                                                       80.20,,,,,,,,,,2.20%,$             80.20,1.77,99.13,30.02,67.92,73%,24%,1.78%,5.88%,3.80%,-24.86%,-22.66%,1.765,2.60%,-17.21%,,,,,,,,,,,,
,,,,,,,,,,,,,,,,,,2019,4/5/2019,$                                                       79.98,,,,,,,,,,2.21%,$             79.98,1.77,99.13,30.02,67.92,72%,24%,1.78%,5.88%,3.81%,-24.66%,-22.45%,1.765,2.60%,-17.44%,,,,,,,,,,,,
,,,,,,,,,,,,,,,,,,2019,4/8/2019,$                                                       78.98,,,,,,,,,,2.23%,$             78.98,1.77,99.13,30.02,67.92,71%,26%,1.78%,5.88%,3.86%,-23.70%,-21.47%,1.765,2.60%,-18.47%,,,,,,,,,,,,
,,,,,,,,,,,,,,,,,,2019,4/9/2019,$                                                       77.04,,,,,,,,,,2.29%,$             77.04,1.77,99.13,30.02,67.92,68%,29%,1.78%,5.88%,3.96%,-21.78%,-19.49%,1.765,2.60%,-20.47%,,,,,,,,,,,,
,,,,,,,,,,,,,,,,,,2019,4/10/2019,$                                                       83.68,,,,,,,,,,2.11%,$             83.68,1.77,99.13,30.02,67.92,78%,18%,1.78%,5.88%,3.64%,-27.99%,-25.88%,1.765,2.60%,-13.62%,,,,,,,,,,,,
,,,,,,,,,,,,,,,,,,2019,4/11/2019,$                                                         81.31,,,,,,,,,,2.17%,$               81.31,1.77,99.13,30.02,67.92,74%,22%,1.78%,5.88%,3.75%,-25.89%,-23.72%,1.765,2.60%,-16.06%,,,,,,,,,,,,
,,,,,,,,,,,,,,,,,,2019,4/12/2019,$                                                        81.84,,,,,,,,,,2.16%,$              81.84,1.77,99.13,30.02,67.92,75%,21%,1.78%,5.88%,3.72%,-26.37%,-24.21%,1.765,2.60%,-15.52%,,,,,,,,,,,,
,,,,,,,,,,,,,,,,,,2019,4/15/2019,$                                                       82.36,,,,,,,,,,2.14%,$             82.36,1.77,99.13,30.02,67.92,76%,20%,1.78%,5.88%,3.70%,-26.83%,-24.69%,1.765,2.60%,-14.98%,,,,,,,,,,,,
,,,,,,,,,,,,,,,,,,2019,4/16/2019,$                                                       82.42,,,,,,,,,,2.14%,$             82.42,1.77,99.13,30.02,67.92,76%,20%,1.78%,5.88%,3.70%,-26.89%,-24.75%,1.765,2.60%,-14.92%,,,,,,,,,,,,
,,,,,,,,,,,,,,,,,,2019,4/17/2019,$                                                        81.87,,,,,,,,,,2.16%,$              81.87,1.77,99.13,30.02,67.92,75%,21%,1.78%,5.88%,3.72%,-26.40%,-24.24%,1.765,2.60%,-15.48%,,,,,,,,,,,,
,,,,,,,,,,,,,,,,,,2019,4/18/2019,$                                                        82.10,,,,,,,,,,2.15%,$              82.10,1.77,99.13,30.02,67.92,75%,21%,1.78%,5.88%,3.71%,-26.60%,-24.45%,1.765,2.60%,-15.25%,,,,,,,,,,,,
,,,,,,,,,,,,,,,,,,2019,4/22/2019,$                                                       80.70,,,,,,,,,,2.19%,$             80.70,1.77,99.13,30.02,67.92,73%,23%,1.78%,5.88%,3.78%,-25.33%,-23.14%,1.765,2.60%,-16.69%,,,,,,,,,,,,
,,,,,,,,,,,,,,,,,,2019,4/23/2019,$                                                       80.08,,,,,,,,,,2.20%,$             80.08,1.77,99.13,30.02,67.92,72%,24%,1.78%,5.88%,3.80%,-24.75%,-22.55%,1.765,2.60%,-17.33%,,,,,,,,,,,,
,,,,,,,,,,,,,,,,,,2019,4/24/2019,$                                                       80.76,,,,,,,,,,2.19%,$             80.76,1.77,99.13,30.02,67.92,73%,23%,1.78%,5.88%,3.77%,-25.38%,-23.20%,1.765,2.60%,-16.63%,,,,,,,,,,,,
,,,,,,,,,,,,,,,,,,2019,4/25/2019,$                                                       80.89,,,,,,,,,,2.18%,$             80.89,1.77,99.13,30.02,67.92,74%,23%,1.78%,5.88%,3.77%,-25.50%,-23.32%,1.765,2.60%,-16.50%,,,,,,,,,,,,
,,,,,,,,,,,,,,,,,,2019,4/26/2019,$                                                        81.62,,,,,,,,,,2.16%,$              81.62,1.77,99.13,30.02,67.92,75%,21%,1.78%,5.88%,3.73%,-26.17%,-24.01%,1.765,2.60%,-15.74%,,,,,,,,,,,,
,,,,,,,,,,,,,,,,,,2019,4/29/2019,$                                                        81.56,,,,,,,,,,2.16%,$              81.56,1.77,99.13,30.02,67.92,75%,22%,1.78%,5.88%,3.74%,-26.12%,-23.95%,1.765,2.60%,-15.80%,,,,,,,,,,,,
,,,,,,,,,,,,,,,,,,2019,4/30/2019,$                                                       82.30,,,,,,,,,,2.14%,$             82.30,1.77,99.13,30.02,67.92,76%,20%,1.78%,5.88%,3.70%,-26.78%,-24.64%,1.765,2.60%,-15.04%,,,,,,,,,,,,
,,,,,,,,,,,,,,,,,,2019,5/1/2019,$                                                       82.97,,,,,,,,,,2.13%,$             82.97,1.77,99.13,30.02,67.92,77%,19%,1.78%,5.88%,3.67%,-27.37%,-25.24%,1.765,2.60%,-14.35%,,,,,,,,,,,,
,,,,,,,,,,,,,,,,,,2019,5/2/2019,$                                                       83.00,,,,,,,,,,2.13%,$             83.00,1.77,99.13,30.02,67.92,77%,19%,1.78%,5.88%,3.67%,-27.40%,-25.27%,1.765,2.60%,-14.32%,,,,,,,,,,,,
,,,,,,,,,,,,,,,,,,2019,5/3/2019,$                                                        81.49,,,,,,,,,,2.17%,$              81.49,1.77,99.13,30.02,67.92,74%,22%,1.78%,5.88%,3.74%,-26.05%,-23.89%,1.765,2.60%,-15.88%,,,,,,,,,,,,
,,,,,,,,,,,,,,,,,,2019,5/6/2019,$                                                         82.11,,,,,,,,,,2.15%,$               82.11,1.77,99.13,30.02,67.92,75%,21%,1.78%,5.88%,3.71%,-26.61%,-24.46%,1.765,2.60%,-15.24%,,,,,,,,,,,,
,,,,,,,,,,,,,,,,,,2019,5/7/2019,$                                                        82.41,,,,,,,,,,2.14%,$              82.41,1.77,99.13,30.02,67.92,76%,20%,1.78%,5.88%,3.70%,-26.88%,-24.74%,1.765,2.60%,-14.93%,,,,,,,,,,,,
,,,,,,,,,,,,,,,,,,2019,5/8/2019,$                                                       84.50,,,,,,,,,,2.09%,$             84.50,1.77,99.13,30.02,67.92,79%,17%,1.78%,5.88%,3.61%,-28.69%,-26.60%,1.765,2.60%,-12.77%,,,,,,,,,,,,
,,,,,,,,,,,,,,,,,,2019,5/9/2019,$                                                       84.94,,,,,,,,,,2.08%,$             84.94,1.77,99.13,30.02,67.92,79%,17%,1.78%,5.88%,3.59%,-29.06%,-26.98%,1.765,2.60%,-12.32%,,,,,,,,,,,,
,,,,,,,,,,,,,,,,,,2019,5/10/2019,$                                                       85.33,,,,,,,,,,2.07%,$             85.33,1.77,99.13,30.02,67.92,80%,16%,1.78%,5.88%,3.57%,-29.38%,-27.31%,1.765,2.60%,-11.91%,,,,,,,,,,,,
,,,,,,,,,,,,,,,,,,2019,5/13/2019,$                                                       86.24,,,,,,,,,,2.05%,$             86.24,1.77,99.13,30.02,67.92,81%,15%,1.78%,5.88%,3.53%,-30.13%,-28.08%,1.765,2.60%,-10.97%,,,,,,,,,,,,
,,,,,,,,,,,,,,,,,,2019,5/14/2019,$                                                       86.29,,,,,,,,,,2.05%,$             86.29,1.77,99.13,30.02,67.92,81%,15%,1.78%,5.88%,3.53%,-30.17%,-28.12%,1.765,2.60%,-10.92%,,,,,,,,,,,,
,,,,,,,,,,,,,,,,,,2019,5/15/2019,$                                                       85.78,,,,,,,,,,2.06%,$             85.78,1.77,99.13,30.02,67.92,81%,16%,1.78%,5.88%,3.55%,-29.75%,-27.69%,1.765,2.60%,-11.45%,,,,,,,,,,,,
,,,,,,,,,,,,,,,,,,2019,5/16/2019,$                                                        85.14,,,,,,,,,,2.07%,$              85.14,1.77,99.13,30.02,67.92,80%,16%,1.78%,5.88%,3.58%,-29.22%,-27.15%,1.765,2.60%,-12.11%,,,,,,,,,,,,
,,,,,,,,,,,,,,,,,,2019,5/17/2019,$                                                        84.10,,,,,,,,,,2.10%,$              84.10,1.77,99.13,30.02,67.92,78%,18%,1.78%,5.88%,3.62%,-28.35%,-26.25%,1.765,2.60%,-13.18%,,,,,,,,,,,,
,,,,,,,,,,,,,,,,,,2019,5/21/2019,$                                                       84.22,,,,,,,,,,2.10%,$             84.22,1.77,99.13,30.02,67.92,78%,18%,1.78%,5.88%,3.62%,-28.45%,-26.35%,1.765,2.60%,-13.06%,,,,,,,,,,,,
,,,,,,,,,,,,,,,,,,2019,5/22/2019,$                                                        85.14,,,,,,,,,,2.07%,$              85.14,1.77,99.13,30.02,67.92,80%,16%,1.78%,5.88%,3.58%,-29.22%,-27.15%,1.765,2.60%,-12.11%,,,,,,,,,,,,
,,,,,,,,,,,,,,,,,,2019,5/23/2019,$                                                       85.50,,,,,,,,,,2.06%,$             85.50,1.77,99.13,30.02,67.92,80%,16%,1.78%,5.88%,3.56%,-29.52%,-27.46%,1.765,2.60%,-11.74%,,,,,,,,,,,,
,,,,,,,,,,,,,,,,,,2019,5/24/2019,$                                                       83.52,,,,,,,,,,2.11%,$             83.52,1.77,99.13,30.02,67.92,77%,19%,1.78%,5.88%,3.65%,-27.85%,-25.74%,1.765,2.60%,-13.78%,,,,,,,,,,,,
,,,,,,,,,,,,,,,,,,2019,5/27/2019,$                                                       84.70,,,,,,,,,,2.08%,$             84.70,1.77,99.13,30.02,67.92,79%,17%,1.78%,5.88%,3.60%,-28.85%,-26.77%,1.765,2.60%,-12.56%,,,,,,,,,,,,
,,,,,,,,,,,,,,,,,,2019,5/28/2019,$                                                       85.87,,,,,,,,,,2.06%,$             85.87,1.77,99.13,30.02,67.92,81%,15%,1.78%,5.88%,3.55%,-29.82%,-27.77%,1.765,2.60%,-11.36%,,,,,,,,,,,,
,,,,,,,,,,,,,,,,,,2019,5/29/2019,$                                                       85.99,,,,,,,,,,2.05%,$             85.99,1.77,99.13,30.02,67.92,81%,15%,1.78%,5.88%,3.54%,-29.92%,-27.87%,1.765,2.60%,-11.23%,,,,,,,,,,,,
,,,,,,,,,,,,,,,,,,2019,5/30/2019,$                                                       85.68,,,,,,,,,,2.06%,$             85.68,1.77,99.13,30.02,67.92,81%,16%,1.78%,5.88%,3.56%,-29.67%,-27.61%,1.765,2.60%,-11.55%,,,,,,,,,,,,
,,,,,,,,,,,,,,,,,,2019,5/31/2019,$                                                       84.47,,,,,,,,,,2.09%,$             84.47,1.77,99.13,30.02,67.92,79%,17%,1.78%,5.88%,3.61%,-28.66%,-26.57%,1.765,2.60%,-12.80%,,,,,,,,,,,,
,,,,,,,,,,,,,,,,,,2019,6/3/2019,$                                                       83.89,,,,,,,,,,2.10%,$             83.89,1.77,99.13,30.02,67.92,78%,18%,1.78%,5.88%,3.63%,-28.17%,-26.06%,1.765,2.60%,-13.40%,,,,,,,,,,,,
,,,,,,,,,,,,,,,,,,2019,6/4/2019,$                                                       84.07,,,,,,,,,,2.10%,$             84.07,1.77,99.13,30.02,67.92,78%,18%,1.78%,5.88%,3.62%,-28.32%,-26.22%,1.765,2.60%,-13.21%,,,,,,,,,,,,
,,,,,,,,,,,,,,,,,,2019,6/5/2019,$                                                       84.24,,,,,,,,,,2.10%,$             84.24,1.77,99.13,30.02,67.92,78%,18%,1.78%,5.88%,3.62%,-28.47%,-26.37%,1.765,2.60%,-13.04%,,,,,,,,,,,,
,,,,,,,,,,,,,,,,,,2019,6/6/2019,$                                                        84.15,,,,,,,,,,2.10%,$              84.15,1.77,99.13,30.02,67.92,78%,18%,1.78%,5.88%,3.62%,-28.39%,-26.29%,1.765,2.60%,-13.13%,,,,,,,,,,,,
,,,,,,,,,,,,,,,,,,2019,6/7/2019,$                                                       84.45,,,,,,,,,,2.09%,$             84.45,1.77,99.13,30.02,67.92,79%,17%,1.78%,5.88%,3.61%,-28.64%,-26.55%,1.765,2.60%,-12.82%,,,,,,,,,,,,
,,,,,,,,,,,,,,,,,,2019,6/10/2019,$                                                        84.41,,,,,,,,,,2.09%,$              84.41,1.77,99.13,30.02,67.92,79%,17%,1.78%,5.88%,3.61%,-28.61%,-26.52%,1.765,2.60%,-12.86%,,,,,,,,,,,,
,,,,,,,,,,,,,,,,,,2019,6/11/2019,$                                                       84.75,,,,,,,,,,2.08%,$             84.75,1.77,99.13,30.02,67.92,79%,17%,1.78%,5.88%,3.60%,-28.90%,-26.81%,1.765,2.60%,-12.51%,,,,,,,,,,,,
,,,,,,,,,,,,,,,,,,2019,6/12/2019,$                                                       84.47,,,,,,,,,,2.09%,$             84.47,1.77,99.13,30.02,67.92,79%,17%,1.78%,5.88%,3.61%,-28.66%,-26.57%,1.765,2.60%,-12.80%,,,,,,,,,,,,
,,,,,,,,,,,,,,,,,,2019,6/13/2019,$                                                       82.75,,,,,,,,,,2.13%,$             82.75,1.77,99.13,30.02,67.92,76%,20%,1.78%,5.88%,3.68%,-27.18%,-25.05%,1.765,2.60%,-14.58%,,,,,,,,,,,,
,,,,,,,,,,,,,,,,,,2019,6/14/2019,$                                                       82.82,,,,,,,,,,2.13%,$             82.82,1.77,99.13,30.02,67.92,76%,20%,1.78%,5.88%,3.68%,-27.24%,-25.11%,1.765,2.60%,-14.50%,,,,,,,,,,,,
,,,,,,,,,,,,,,,,,,2019,6/17/2019,$                                                       83.62,,,,,,,,,,2.11%,$             83.62,1.77,99.13,30.02,67.92,78%,19%,1.78%,5.88%,3.64%,-27.94%,-25.83%,1.765,2.60%,-13.68%,,,,,,,,,,,,
,,,,,,,,,,,,,,,,,,2019,6/18/2019,$                                                       82.93,,,,,,,,,,2.13%,$             82.93,1.77,99.13,30.02,67.92,77%,20%,1.78%,5.88%,3.67%,-27.34%,-25.21%,1.765,2.60%,-14.39%,,,,,,,,,,,,
,,,,,,,,,,,,,,,,,,2019,6/19/2019,$                                                       84.44,,,,,,,,,,2.09%,$             84.44,1.77,99.13,30.02,67.92,79%,17%,1.78%,5.88%,3.61%,-28.64%,-26.55%,1.765,2.60%,-12.83%,,,,,,,,,,,,
,,,,,,,,,,,,,,,,,,2019,6/20/2019,$                                                        83.91,,,,,,,,,,2.10%,$              83.91,1.77,99.13,30.02,67.92,78%,18%,1.78%,5.88%,3.63%,-28.18%,-26.08%,1.765,2.60%,-13.38%,,,,,,,,,,,,
,,,,,,,,,,,,,,,,,,2019,6/21/2019,$                                                       83.29,,,,,,,,,,2.12%,$             83.29,1.77,99.13,30.02,67.92,77%,19%,1.78%,5.88%,3.66%,-27.65%,-25.53%,1.765,2.60%,-14.02%,,,,,,,,,,,,
,,,,,,,,,,,,,,,,,,2019,6/24/2019,$                                                       83.46,,,,,,,,,,2.11%,$             83.46,1.77,99.13,30.02,67.92,77%,19%,1.78%,5.88%,3.65%,-27.80%,-25.68%,1.765,2.60%,-13.84%,,,,,,,,,,,,
,,,,,,,,,,,,,,,,,,2019,6/25/2019,$                                                       83.30,,,,,,,,,,2.12%,$             83.30,1.77,99.13,30.02,67.92,77%,19%,1.78%,5.88%,3.66%,-27.66%,-25.54%,1.765,2.60%,-14.01%,,,,,,,,,,,,
,,,,,,,,,,,,,,,,,,2019,6/26/2019,$                                                       82.59,,,,,,,,,,2.14%,$             82.59,1.77,99.13,30.02,67.92,76%,20%,1.78%,5.88%,3.69%,-27.04%,-24.90%,1.765,2.60%,-14.74%,,,,,,,,,,,,
,,,,,,,,,,,,,,,,,,2019,6/27/2019,$                                                       83.28,,,,,,,,,,2.12%,$             83.28,1.77,99.13,30.02,67.92,77%,19%,1.78%,5.88%,3.66%,-27.64%,-25.52%,1.765,2.60%,-14.03%,,,,,,,,,,,,
,,,,,,,,,,,,,,,,,,2019,6/28/2019,$                                                       83.56,,,,,,,,,,2.11%,$             83.56,1.77,99.13,30.02,67.92,77%,19%,1.78%,5.88%,3.65%,-27.88%,-25.77%,1.765,2.60%,-13.74%,,,,,,,,,,,,
,,,,,,,,,,,,,,,,,,2019,7/2/2019,$                                                       84.60,,,,,,,,,,2.09%,$             84.60,1.77,99.13,30.02,67.92,79%,17%,1.78%,5.88%,3.60%,-28.77%,-26.68%,1.765,2.60%,-12.67%,,,,,,,,,,,,
,,,,,,,,,,,,,,,,,,2019,7/3/2019,$                                                       84.07,,,,,,,,,,2.10%,$             84.07,1.77,99.13,30.02,67.92,78%,18%,1.78%,5.88%,3.62%,-28.32%,-26.22%,1.765,2.60%,-13.21%,,,,,,,,,,,,
,,,,,,,,,,,,,,,,,,2019,7/4/2019,$                                                       83.83,,,,,,,,,,2.11%,$             83.83,1.77,99.13,30.02,67.92,78%,18%,1.78%,5.88%,3.63%,-28.12%,-26.01%,1.765,2.60%,-13.46%,,,,,,,,,,,,
,,,,,,,,,,,,,,,,,,2019,7/5/2019,$                                                       83.65,,,,,,,,,,2.11%,$             83.65,1.77,99.13,30.02,67.92,78%,19%,1.78%,5.88%,3.64%,-27.96%,-25.85%,1.765,2.60%,-13.65%,,,,,,,,,,,,
,,,,,,,,,,,,,,,,,,2019,7/8/2019,$                                                       82.90,,,,,,,,,,2.13%,$             82.90,1.77,99.13,30.02,67.92,77%,20%,1.78%,5.88%,3.68%,-27.31%,-25.18%,1.765,2.60%,-14.42%,,,,,,,,,,,,
,,,,,,,,,,,,,,,,,,2019,7/9/2019,$                                                       82.24,,,,,,,,,,2.15%,$             82.24,1.77,99.13,30.02,67.92,76%,21%,1.78%,5.88%,3.71%,-26.73%,-24.58%,1.765,2.60%,-15.10%,,,,,,,,,,,,
,,,,,,,,,,,,,,,,,,2019,7/10/2019,$                                                       82.05,,,,,,,,,,2.15%,$             82.05,1.77,99.13,30.02,67.92,75%,21%,1.78%,5.88%,3.71%,-26.56%,-24.41%,1.765,2.60%,-15.30%,,,,,,,,,,,,
,,,,,,,,,,,,,,,,,,2019,7/11/2019,$                                                        87.15,,,,,,,,,,2.03%,$              87.15,1.77,99.13,30.02,67.92,83%,14%,1.78%,5.88%,3.50%,-30.85%,-28.83%,1.765,2.60%,-10.03%,,,,,,,,,,,,
,,,,,,,,,,,,,,,,,,2019,7/12/2019,$                                                       90.02,,,,,,,,,,1.96%,$             90.02,1.77,99.13,30.02,67.92,87%,10%,1.78%,5.88%,3.38%,-33.06%,-31.10%,1.765,2.60%,-7.07%,,,,,,,,,,,,
,,,,,,,,,,,,,,,,,,2019,7/15/2019,$                                                       93.35,,,,,,,,,,1.89%,$             93.35,1.77,99.13,30.02,67.92,92%,6%,1.78%,5.88%,3.26%,-35.45%,-33.56%,1.765,2.60%,-3.63%,,,,,,,,,,,,
,,,,,,,,,,,,,,,,,,2019,7/16/2019,$                                                       94.74,,,,,,,,,,1.86%,$             94.74,1.77,99.13,30.02,67.92,94%,5%,1.78%,5.88%,3.22%,-36.39%,-34.53%,1.765,2.60%,-2.20%,,,,,,,,,,,,
,,,,,,,,,,,,,,,,,,2019,7/17/2019,$                                                       93.24,,,,,,,,,,1.89%,$             93.24,1.77,99.13,30.02,67.92,91%,6%,1.78%,5.88%,3.27%,-35.37%,-33.48%,1.765,2.60%,-3.75%,,,,,,,,,,,,
,,,,,,,,,,,,,,,,,,2019,7/18/2019,$                                                       92.30,,,,,,,,,,1.91%,$             92.30,1.77,99.13,30.02,67.92,90%,7%,1.78%,5.88%,3.30%,-34.71%,-32.80%,1.765,2.60%,-4.72%,,,,,,,,,,,,
,,,,,,,,,,,,,,,,,,2019,7/19/2019,$                                                        92.81,,,,,,,,,,1.90%,$              92.81,1.77,99.13,30.02,67.92,91%,7%,1.78%,5.88%,3.28%,-35.07%,-33.17%,1.765,2.60%,-4.19%,,,,,,,,,,,,
,,,,,,,,,,,,,,,,,,2019,7/22/2019,$                                                       92.03,,,,,,,,,,1.92%,$             92.03,1.77,99.13,30.02,67.92,90%,8%,1.78%,5.88%,3.31%,-34.52%,-32.60%,1.765,2.60%,-5.00%,,,,,,,,,,,,
,,,,,,,,,,,,,,,,,,2019,7/23/2019,$                                                       92.74,,,,,,,,,,1.90%,$             92.74,1.77,99.13,30.02,67.92,91%,7%,1.78%,5.88%,3.29%,-35.02%,-33.12%,1.765,2.60%,-4.26%,,,,,,,,,,,,
,,,,,,,,,,,,,,,,,,2019,7/24/2019,$                                                       93.97,,,,,,,,,,1.88%,$             93.97,1.77,99.13,30.02,67.92,93%,5%,1.78%,5.88%,3.24%,-35.87%,-33.99%,1.765,2.60%,-2.99%,,,,,,,,,,,,
,,,,,,,,,,,,,,,,,,2019,7/25/2019,$                                                       93.72,,,,,,,,,,1.88%,$             93.72,1.77,99.13,30.02,67.92,92%,6%,1.78%,5.88%,3.25%,-35.70%,-33.82%,1.765,2.60%,-3.25%,,,,,,,,,,,,
,,,,,,,,,,,,,,,,,,2019,7/26/2019,$                                                       92.85,,,,,,,,,,1.90%,$             92.85,1.77,99.13,30.02,67.92,91%,7%,1.78%,5.88%,3.28%,-35.10%,-33.20%,1.765,2.60%,-4.15%,,,,,,,,,,,,
,,,,,,,,,,,,,,,,,,2019,7/29/2019,$                                                       94.40,,,,,,,,,,1.87%,$             94.40,1.77,99.13,30.02,67.92,93%,5%,1.78%,5.88%,3.23%,-36.17%,-34.30%,1.765,2.60%,-2.55%,,,,,,,,,,,,
,,,,,,,,,,,,,,,,,,2019,7/30/2019,$                                                       93.94,,,,,,,,,,1.88%,$             93.94,1.77,99.13,30.02,67.92,92%,6%,1.78%,5.88%,3.24%,-35.85%,-33.97%,1.765,2.60%,-3.02%,,,,,,,,,,,,
,,,,,,,,,,,,,,,,,,2019,7/31/2019,$                                                       94.00,,,,,,,,,,1.88%,$             94.00,1.77,99.13,30.02,67.92,93%,5%,1.78%,5.88%,3.24%,-35.89%,-34.02%,1.765,2.60%,-2.96%,,,,,,,,,,,,
,,,,,,,,,,,,,,,,,,2019,8/1/2019,$                                                       95.72,,,,,,,,,,1.84%,$             95.72,1.77,99.13,30.02,67.92,95%,4%,1.78%,5.88%,3.18%,-37.05%,-35.20%,1.765,2.60%,-1.19%,,,,,,,,,,,,
,,,,,,,,,,,,,,,,,,2019,8/2/2019,$                                                       95.26,,,,,,,,,,1.85%,$             95.26,1.77,99.13,30.02,67.92,94%,4%,1.78%,5.88%,3.20%,-36.74%,-34.89%,1.765,2.60%,-1.66%,,,,,,,,,,,,
,,,,,,,,,,,,,,,,,,2019,8/6/2019,$                                                       96.80,,,,,,,,,,1.82%,$             96.80,1.77,99.13,30.02,67.92,97%,2%,1.78%,5.88%,3.15%,-37.75%,-35.92%,1.765,2.60%,-0.07%,,,,,,,,,,,,
,,,,,,,,,,,,,,,,,,2019,8/7/2019,$                                                       96.73,,,,,,,,,,1.82%,$             96.73,1.77,99.13,30.02,67.92,97%,2%,1.78%,5.88%,3.15%,-37.70%,-35.88%,1.765,2.60%,-0.14%,,,,,,,,,,,,
,,,,,,,,,,,,,,,,,,2019,8/8/2019,$                                                       95.79,,,,,,,,,,1.84%,$             95.79,1.77,99.13,30.02,67.92,95%,3%,1.78%,5.88%,3.18%,-37.09%,-35.25%,1.765,2.60%,-1.11%,,,,,,,,,,,,
,,,,,,,,,,,,,,,,,,2019,8/9/2019,$                                                       93.60,,,,,,,,,,1.89%,$             93.60,1.77,99.13,30.02,67.92,92%,6%,1.78%,5.88%,3.26%,-35.62%,-33.73%,1.765,2.60%,-3.38%,,,,,,,,,,,,
,,,,,,,,,,,,,,,,,,2019,8/12/2019,$                                                       94.99,,,,,,,,,,1.86%,$             94.99,1.77,99.13,30.02,67.92,94%,4%,1.78%,5.88%,3.21%,-36.56%,-34.70%,1.765,2.60%,-1.94%,,,,,,,,,,,,
,,,,,,,,,,,,,,,,,,2019,8/13/2019,$                                                       95.83,,,,,,,,,,1.84%,$             95.83,1.77,99.13,30.02,67.92,95%,3%,1.78%,5.88%,3.18%,-37.12%,-35.28%,1.765,2.60%,-1.07%,,,,,,,,,,,,
,,,,,,,,,,,,,,,,,,2019,8/14/2019,$                                                       95.26,,,,,,,,,,1.85%,$             95.26,1.77,99.13,30.02,67.92,94%,4%,1.78%,5.88%,3.20%,-36.74%,-34.89%,1.765,2.60%,-1.66%,,,,,,,,,,,,
,,,,,,,,,,,,,,,,,,2019,8/15/2019,$                                                       95.03,,,,,,,,,,1.86%,$             95.03,1.77,99.13,30.02,67.92,94%,4%,1.78%,5.88%,3.21%,-36.59%,-34.73%,1.765,2.60%,-1.90%,,,,,,,,,,,,
,,,,,,,,,,,,,,,,,,2019,8/16/2019,$                                                       95.83,,,,,,,,,,1.84%,$             95.83,1.77,99.13,30.02,67.92,95%,3%,1.78%,5.88%,3.18%,-37.12%,-35.28%,1.765,2.60%,-1.07%,,,,,,,,,,,,
,,,,,,,,,,,,,,,,,,2019,8/19/2019,$                                                       96.02,,,,,,,,,,1.84%,$             96.02,1.77,99.13,30.02,67.92,96%,3%,1.78%,5.88%,3.17%,-37.24%,-35.40%,1.765,2.60%,-0.88%,,,,,,,,,,,,
,,,,,,,,,,,,,,,,,,2019,8/20/2019,$                                                        96.13,,,,,,,,,,1.84%,$              96.13,1.77,99.13,30.02,67.92,96%,3%,1.78%,5.88%,3.17%,-37.31%,-35.48%,1.765,2.60%,-0.76%,,,,,,,,,,,,
,,,,,,,,,,,,,,,,,,2019,8/21/2019,$                                                       96.27,,,,,,,,,,1.83%,$             96.27,1.77,99.13,30.02,67.92,96%,3%,1.78%,5.88%,3.17%,-37.41%,-35.57%,1.765,2.60%,-0.62%,,,,,,,,,,,,
,,,,,,,,,,,,,,,,,,2019,8/22/2019,$                                                        94.81,,,,,,,,,,1.86%,$              94.81,1.77,99.13,30.02,67.92,94%,5%,1.78%,5.88%,3.21%,-36.44%,-34.58%,1.765,2.60%,-2.13%,,,,,,,,,,,,
,,,,,,,,,,,,,,,,,,2019,8/23/2019,$                                                       93.65,,,,,,,,,,1.88%,$             93.65,1.77,99.13,30.02,67.92,92%,6%,1.78%,5.88%,3.25%,-35.65%,-33.77%,1.765,2.60%,-3.32%,,,,,,,,,,,,
,,,,,,,,,,,,,,,,,,2019,8/26/2019,$                                                       92.80,,,,,,,,,,1.90%,$             92.80,1.77,99.13,30.02,67.92,91%,7%,1.78%,5.88%,3.28%,-35.06%,-33.16%,1.765,2.60%,-4.20%,,,,,,,,,,,,
,,,,,,,,,,,,,,,,,,2019,8/27/2019,$                                                        91.90,,,,,,,,,,1.92%,$              91.90,1.77,99.13,30.02,67.92,90%,8%,1.78%,5.88%,3.32%,-34.43%,-32.51%,1.765,2.60%,-5.13%,,,,,,,,,,,,
,,,,,,,,,,,,,,,,,,2019,8/28/2019,$                                                       93.58,,,,,,,,,,1.89%,$             93.58,1.77,99.13,30.02,67.92,92%,6%,1.78%,5.88%,3.26%,-35.61%,-33.72%,1.765,2.60%,-3.40%,,,,,,,,,,,,
,,,,,,,,,,,,,,,,,,2019,8/29/2019,$                                                        93.10,,,,,,,,,,1.90%,$              93.10,1.77,99.13,30.02,67.92,91%,6%,1.78%,5.88%,3.27%,-35.27%,-33.38%,1.765,2.60%,-3.89%,,,,,,,,,,,,
,,,,,,,,,,,,,,,,,,2019,8/30/2019,$                                                       93.84,,,,,,,,,,1.88%,$             93.84,1.77,99.13,30.02,67.92,92%,6%,1.78%,5.88%,3.25%,-35.78%,-33.90%,1.765,2.60%,-3.13%,,,,,,,,,,,,
,,,,,,,,,,,,,,,,,,2019,9/3/2019,$                                                       93.43,,,,,,,,,,1.89%,$             93.43,1.77,99.13,30.02,67.92,92%,6%,1.78%,5.88%,3.26%,-35.50%,-33.61%,1.765,2.60%,-3.55%,,,,,,,,,,,,
,,,,,,,,,,,,,,,,,,2019,9/4/2019,$                                                       93.68,,,,,,,,,,1.88%,$             93.68,1.77,99.13,30.02,67.92,92%,6%,1.78%,5.88%,3.25%,-35.67%,-33.79%,1.765,2.60%,-3.29%,,,,,,,,,,,,
,,,,,,,,,,,,,,,,,,2019,9/5/2019,$                                                        94.51,,,,,,,,,,1.87%,$              94.51,1.77,99.13,30.02,67.92,93%,5%,1.78%,5.88%,3.22%,-36.24%,-34.37%,1.765,2.60%,-2.44%,,,,,,,,,,,,
,,,,,,,,,,,,,,,,,,2019,9/6/2019,$                                                        94.51,,,,,,,,,,1.87%,$              94.51,1.77,99.13,30.02,67.92,93%,5%,1.78%,5.88%,3.22%,-36.24%,-34.37%,1.765,2.60%,-2.44%,,,,,,,,,,,,
,,,,,,,,,,,,,,,,,,2019,9/9/2019,$                                                        95.31,,,,,,,,,,1.85%,$              95.31,1.77,99.13,30.02,67.92,94%,4%,1.78%,5.88%,3.20%,-36.77%,-34.92%,1.765,2.60%,-1.61%,,,,,,,,,,,,
,,,,,,,,,,,,,,,,,,2019,9/10/2019,$                                                       95.80,,,,,,,,,,1.84%,$             95.80,1.77,99.13,30.02,67.92,95%,3%,1.78%,5.88%,3.18%,-37.10%,-35.26%,1.765,2.60%,-1.10%,,,,,,,,,,,,
,,,,,,,,,,,,,,,,,,2019,9/11/2019,$                                                       97.22,,,,,,,,,,1.82%,$             97.22,1.77,99.13,30.02,67.92,97%,2%,1.78%,5.88%,3.13%,-38.02%,-36.20%,1.765,2.60%,0.00%,,,,,,,,,,,,
,,,,,,,,,,,,,,,,,,2019,9/12/2019,$                                                       97.08,,,,,,,,,,1.82%,$             97.08,1.77,99.13,30.02,67.92,97%,2%,1.78%,5.88%,3.14%,-37.93%,-36.11%,1.765,2.60%,-0.14%,,,,,,,,,,,,
,,,,,,,,,,,,,,,,,,2019,9/13/2019,$                                                       96.02,,,,,,,,,,1.84%,$             96.02,1.77,99.13,30.02,67.92,96%,3%,1.78%,5.88%,3.17%,-37.24%,-35.40%,1.765,2.60%,-1.23%,,,,,,,,,,,,
,,,,,,,,,,,,,,,,,,2019,9/16/2019,$                                                        96.01,,,,,,,,,,1.84%,$              96.01,1.77,99.13,30.02,67.92,95%,3%,1.78%,5.88%,3.17%,-37.24%,-35.40%,1.765,2.60%,-1.24%,,,,,,,,,,,,
,,,,,,,,,,,,,,,,,,2019,9/17/2019,$                                                       99.90,,,,,,,,,,1.77%,$             99.90,1.77,99.13,30.02,67.92,101%,-1%,1.78%,5.88%,3.05%,-39.68%,-37.91%,1.765,2.60%,0.00%,,,,,,,,,,,,
,,,,,,,,,,,,,,,,,,2019,9/18/2019,$                                                        98.01,,,,,,,,,,1.80%,$              98.01,1.77,99.13,30.02,67.92,98%,1%,1.78%,5.88%,3.11%,-38.52%,-36.72%,1.765,2.60%,-1.89%,,,,,,,,,,,,
,,,,,,,,,,,,,,,,,,2019,9/19/2019,$                                                       99.04,,,,,,,,,,1.78%,$             99.04,1.77,99.13,30.02,67.92,100%,0%,1.78%,5.88%,3.08%,-39.16%,-37.37%,1.765,2.60%,-0.86%,,,,,,,,,,,,
,,,,,,,,,,,,,,,,,,2019,9/20/2019,$                                                        99.14,,,,,,,,,,1.78%,$              99.14,1.77,99.13,30.02,67.92,100%,0%,1.78%,5.88%,3.07%,-39.22%,-37.44%,1.765,2.60%,-0.76%,,,,,,,,,,,,
,,,,,,,,,,,,,,,,,,2019,9/23/2019,$                                                        99.21,,,,,,,,,,1.78%,$              99.21,1.77,99.13,30.02,67.92,100%,0%,1.78%,5.88%,3.07%,-39.26%,-37.48%,1.765,2.60%,-0.69%,,,,,,,,,,,,
,,,,,,,,,,,,,,,,,,2019,9/24/2019,$                                                       99.50,,,,,,,,,,1.77%,$             99.50,1.77,99.13,30.02,67.92,101%,0%,1.78%,5.88%,3.06%,-39.44%,-37.66%,1.765,2.60%,-0.40%,,,,,,,,,,,,
,,,,,,,,,,,,,,,,,,2019,9/25/2019,$                                                       97.57,,,,,,,,,,1.81%,$             97.57,1.77,99.13,30.02,67.92,98%,2%,1.78%,5.88%,3.12%,-38.24%,-36.43%,1.765,2.60%,-2.33%,,,,,,,,,,,,
,,,,,,,,,,,,,,,,,,2019,9/26/2019,$                                                       98.28,,,,,,,,,,1.80%,$             98.28,1.77,99.13,30.02,67.92,99%,1%,1.78%,5.88%,3.10%,-38.69%,-36.89%,1.765,2.60%,-1.62%,,,,,,,,,,,,
,,,,,,,,,,,,,,,,,,2019,9/27/2019,$                                                       95.77,,,,,,,,,,1.84%,$             95.77,1.77,99.13,30.02,67.92,95%,4%,1.78%,5.88%,3.18%,-37.08%,-35.24%,1.765,2.60%,-4.13%,,,,,,,,,,,,
,,,,,,,,,,,,,,,,,,2019,9/30/2019,$                                                       95.44,,,,,,,,,,1.85%,$             95.44,1.77,99.13,30.02,67.92,95%,4%,1.78%,5.88%,3.19%,-36.86%,-35.01%,1.765,2.60%,-4.46%,,,,,,,,,,,,
,,,,,,,,,,,,,,,,,,2019,10/1/2019,$                                                       95.94,,,,,,,,,,1.84%,$             95.94,1.77,99.13,30.02,67.92,95%,3%,1.78%,5.88%,3.18%,-37.19%,-35.35%,1.765,2.60%,-3.96%,,,,,,,,,,,,
,,,,,,,,,,,,,,,,,,2019,10/2/2019,$                                                       95.75,,,,,,,,,,1.84%,$             95.75,1.77,99.13,30.02,67.92,95%,4%,1.78%,5.88%,3.18%,-37.07%,-35.22%,1.765,2.60%,-4.15%,,,,,,,,,,,,
,,,,,,,,,,,,,,,,,,2019,10/3/2019,$                                                       95.86,,,,,,,,,,1.84%,$             95.86,1.77,99.13,30.02,67.92,95%,3%,1.78%,5.88%,3.18%,-37.14%,-35.30%,1.765,2.60%,-4.04%,,,,,,,,,,,,
,,,,,,,,,,,,,,,,,,2019,10/4/2019,$                                                       95.97,,,,,,,,,,1.84%,$             95.97,1.77,99.13,30.02,67.92,95%,3%,1.78%,5.88%,3.17%,-37.21%,-35.37%,1.765,2.60%,-3.93%,,,,,,,,,,,,
,,,,,,,,,,,,,,,,,,2019,10/7/2019,$                                                       95.95,,,,,,,,,,1.84%,$             95.95,1.77,99.13,30.02,67.92,95%,3%,1.78%,5.88%,3.18%,-37.20%,-35.36%,1.765,2.60%,-3.95%,,,,,,,,,,,,
,,,,,,,,,,,,,,,,,,2019,10/8/2019,$                                                       95.23,,,,,,,,,,1.85%,$             95.23,1.77,99.13,30.02,67.92,94%,4%,1.78%,5.88%,3.20%,-36.72%,-34.87%,1.765,2.60%,-4.67%,,,,,,,,,,,,
,,,,,,,,,,,,,,,,,,2019,10/9/2019,$                                                        96.31,,,,,,,,,,1.83%,$              96.31,1.77,99.13,30.02,67.92,96%,3%,1.78%,5.88%,3.16%,-37.43%,-35.60%,1.765,2.60%,-3.59%,,,,,,,,,,,,
,,,,,,,,,,,,,,,,,,2019,10/10/2019,$                                                       96.45,,,,,,,,,,1.83%,$             96.45,1.77,99.13,30.02,67.92,96%,3%,1.78%,5.88%,3.16%,-37.52%,-35.69%,1.765,2.60%,-3.45%,,,,,,,,,,,,
,,,,,,,,,,,,,,,,,,2019,10/11/2019,$                                                       96.40,,,,,,,,,,1.83%,$             96.40,1.77,99.13,30.02,67.92,96%,3%,1.78%,5.88%,3.16%,-37.49%,-35.66%,1.765,2.60%,-3.50%,,,,,,,,,,,,
,,,,,,,,,,,,,,,,,,2019,10/15/2019,$                                                        96.31,,,,,,,,,,1.83%,$              96.31,1.77,99.13,30.02,67.92,96%,3%,1.78%,5.88%,3.16%,-37.43%,-35.60%,1.765,2.60%,-3.59%,,,,,,,,,,,,
,,,,,,,,,,,,,,,,,,2019,10/16/2019,$                                                        98.31,,,,,,,,,,1.80%,$              98.31,1.77,99.13,30.02,67.92,99%,1%,1.78%,5.88%,3.10%,-38.70%,-36.91%,1.765,2.60%,-1.59%,,,,,,,,,,,,
,,,,,,,,,,,,,,,,,,2019,10/17/2019,$                                                       99.04,,,,,,,,,,1.78%,$             99.04,1.77,99.13,30.02,67.92,100%,0%,1.78%,5.88%,3.08%,-39.16%,-37.37%,1.765,2.60%,-0.86%,,,,,,,,,,,,
,,,,,,,,,,,,,,,,,,2019,10/18/2019,$                                                       97.64,,,,,,,,,,1.81%,$             97.64,1.77,99.13,30.02,67.92,98%,2%,1.78%,5.88%,3.12%,-38.28%,-36.48%,1.765,2.60%,-2.26%,,,,,,,,,,,,
,,,,,,,,,,,,,,,,,,2019,10/21/2019,$                                                       97.39,,,,,,,,,,1.81%,$             97.39,1.77,99.13,30.02,67.92,97%,2%,1.78%,5.88%,3.13%,-38.13%,-36.31%,1.765,2.60%,-2.51%,,,,,,,,,,,,
,,,,,,,,,,,,,,,,,,2019,10/22/2019,$                                                       97.94,,,,,,,,,,1.80%,$             97.94,1.77,99.13,30.02,67.92,98%,1%,1.78%,5.88%,3.11%,-38.47%,-36.67%,1.765,2.60%,-1.96%,,,,,,,,,,,,
,,,,,,,,,,,,,,,,,,2019,10/23/2019,$                                                       94.67,,,,,,,,,,1.86%,$             94.67,1.77,99.13,30.02,67.92,94%,5%,1.78%,5.88%,3.22%,-36.35%,-34.48%,1.765,2.60%,-5.24%,,,,,,,,,,,,
,,,,,,,,,,,,,,,,,,2019,10/24/2019,$                                                       93.65,,,,,,,,,,1.88%,$             93.65,1.77,99.13,30.02,67.92,92%,6%,1.78%,5.88%,3.25%,-35.65%,-33.77%,1.765,2.60%,-6.26%,,,,,,,,,,,,
,,,,,,,,,,,,,,,,,,2019,10/25/2019,$                                                       95.67,,,,,,,,,,1.84%,$             95.67,1.77,99.13,30.02,67.92,95%,4%,1.78%,5.88%,3.18%,-37.01%,-35.17%,1.765,2.60%,-4.23%,,,,,,,,,,,,
,,,,,,,,,,,,,,,,,,2019,10/28/2019,$                                                       96.35,,,,,,,,,,1.83%,$             96.35,1.77,99.13,30.02,67.92,96%,3%,1.78%,5.88%,3.16%,-37.46%,-35.63%,1.765,2.60%,-3.55%,,,,,,,,,,,,
,,,,,,,,,,,,,,,,,,2019,10/29/2019,$                                                        97.21,,,,,,,,,,1.82%,$              97.21,1.77,99.13,30.02,67.92,97%,2%,1.78%,5.88%,3.13%,-38.01%,-36.19%,1.765,2.60%,-2.69%,,,,,,,,,,,,
,,,,,,,,,,,,,,,,,,2019,10/30/2019,$                                                       99.90,,,,,,,,,,1.77%,$             99.90,1.77,99.13,30.02,67.92,101%,-1%,1.78%,5.88%,3.05%,-39.68%,-37.91%,1.765,2.60%,0.00%,,,,,,,,,,,,
,,,,,,,,,,,,,,,,,,2019,10/31/2019,$                                                      101.93,,,,,,,,,,1.73%,$            101.93,1.77,99.13,30.02,67.92,104%,-3%,1.78%,5.88%,2.99%,-40.88%,-39.15%,1.765,2.60%,0.00%,,,,,,,,,,,,
,,,,,,,,,,,,,,,,,,2019,11/1/2019,$                                                      101.84,,,,,,,,,,1.73%,$            101.84,1.77,99.13,30.02,67.92,104%,-3%,1.78%,5.88%,2.99%,-40.83%,-39.10%,1.765,2.60%,-0.09%,,,,,,,,,,,,
,,,,,,,,,,,,,,,,,,2019,11/4/2019,$                                                     102.32,,,,,,,,,,1.72%,$           102.32,1.77,99.13,30.02,67.92,105%,-3%,1.78%,5.88%,2.98%,-41.11%,-39.38%,1.765,2.60%,0.00%,,,,,,,,,,,,
,,,,,,,,,,,,,,,,,,2019,11/5/2019,$                                                       99.50,,,,,,,,,,1.77%,$             99.50,1.77,99.13,30.02,67.92,101%,0%,1.78%,5.88%,3.06%,-39.44%,-37.66%,1.765,2.60%,-2.76%,,,,,,,,,,,,
,,,,,,,,,,,,,,,,,,2019,11/6/2019,$                                                         99.11,,,,,,,,,,1.78%,$               99.11,1.77,99.13,30.02,67.92,100%,0%,1.78%,5.88%,3.07%,-39.20%,-37.42%,1.765,2.60%,-3.14%,,,,,,,,,,,,
,,,,,,,,,,,,,,,,,,2019,11/7/2019,$                                                       99.56,,,,,,,,,,1.77%,$             99.56,1.77,99.13,30.02,67.92,101%,0%,1.78%,5.88%,3.06%,-39.47%,-37.70%,1.765,2.60%,-2.70%,,,,,,,,,,,,
,,,,,,,,,,,,,,,,,,2019,11/8/2019,$                                                     100.34,,,,,,,,,,1.76%,$           100.34,1.77,99.13,30.02,67.92,102%,-1%,1.78%,5.88%,3.04%,-39.94%,-38.19%,1.765,2.60%,-1.94%,,,,,,,,,,,,
,,,,,,,,,,,,,,,,,,2019,11/11/2019,$                                                      101.89,,,,,,,,,,1.73%,$            101.89,1.77,99.13,30.02,67.92,104%,-3%,1.78%,5.88%,2.99%,-40.86%,-39.13%,1.765,2.60%,-0.42%,,,,,,,,,,,,
,,,,,,,,,,,,,,,,,,2019,11/12/2019,$                                                      102.71,,,,,,,,,,1.72%,$            102.71,1.77,99.13,30.02,67.92,105%,-3%,1.78%,5.88%,2.97%,-41.33%,-39.61%,1.765,2.60%,0.00%,,,,,,,,,,,,
,,,,,,,,,,,,,,,,,,2019,11/13/2019,$                                                      104.18,,,,,,,,,,1.69%,$            104.18,1.77,99.13,30.02,67.92,107%,-5%,1.78%,5.88%,2.92%,-42.16%,-40.46%,1.765,2.60%,0.00%,,,,,,,,,,,,
,,,,,,,,,,,,,,,,,,2019,11/14/2019,$                                                     105.37,,,,,,,,,,1.68%,$           105.37,1.77,99.13,30.02,67.92,109%,-6%,1.78%,5.88%,2.89%,-42.81%,-41.14%,1.765,2.60%,0.00%,,,,,,,,,,,,
,,,,,,,,,,,,,,,,,,2019,11/15/2019,$                                                     105.26,,,,,,,,,,1.68%,$           105.26,1.77,99.13,30.02,67.92,109%,-6%,1.78%,5.88%,2.89%,-42.75%,-41.07%,1.765,2.60%,-0.10%,,,,,,,,,,,,
,,,,,,,,,,,,,,,,,,2019,11/18/2019,$                                                     106.65,,,,,,,,,,1.65%,$           106.65,1.77,99.13,30.02,67.92,111%,-7%,1.78%,5.88%,2.86%,-43.50%,-41.84%,1.765,2.60%,0.00%,,,,,,,,,,,,
,,,,,,,,,,,,,,,,,,2019,11/19/2019,$                                                     106.72,,,,,,,,,,1.65%,$           106.72,1.77,99.13,30.02,67.92,111%,-7%,1.78%,5.88%,2.86%,-43.53%,-41.88%,1.765,2.60%,0.00%,,,,,,,,,,,,
,,,,,,,,,,,,,,,,,,2019,11/20/2019,$                                                     106.07,,,,,,,,,,1.66%,$           106.07,1.77,99.13,30.02,67.92,110%,-7%,1.78%,5.88%,2.87%,-43.19%,-41.52%,1.765,2.60%,-0.61%,,,,,,,,,,,,
,,,,,,,,,,,,,,,,,,2019,11/21/2019,$                                                     107.04,,,,,,,,,,1.65%,$           107.04,1.77,99.13,30.02,67.92,111%,-7%,1.78%,5.88%,2.85%,-43.70%,-42.05%,1.765,2.60%,0.00%,,,,,,,,,,,,
,,,,,,,,,,,,,,,,,,2019,11/22/2019,$                                                     106.50,,,,,,,,,,1.66%,$           106.50,1.77,99.13,30.02,67.92,111%,-7%,1.78%,5.88%,2.86%,-43.42%,-41.76%,1.765,2.60%,-0.50%,,,,,,,,,,,,
,,,,,,,,,,,,,,,,,,2019,11/25/2019,$                                                      106.91,,,,,,,,,,1.65%,$            106.91,1.77,99.13,30.02,67.92,111%,-7%,1.78%,5.88%,2.85%,-43.63%,-41.98%,1.765,2.60%,-0.12%,,,,,,,,,,,,
,,,,,,,,,,,,,,,,,,2019,11/26/2019,$                                                     103.67,,,,,,,,,,1.70%,$           103.67,1.77,99.13,30.02,67.92,107%,-4%,1.78%,5.88%,2.94%,-41.87%,-40.17%,1.765,2.60%,-3.15%,,,,,,,,,,,,
,,,,,,,,,,,,,,,,,,2019,11/27/2019,$                                                      102.51,,,,,,,,,,1.72%,$            102.51,1.77,99.13,30.02,67.92,105%,-3%,1.78%,5.88%,2.97%,-41.22%,-39.49%,1.765,2.60%,-4.23%,,,,,,,,,,,,
,,,,,,,,,,,,,,,,,,2019,11/28/2019,$                                                     103.28,,,,,,,,,,1.71%,$           103.28,1.77,99.13,30.02,67.92,106%,-4%,1.78%,5.88%,2.95%,-41.65%,-39.94%,1.765,2.60%,-3.51%,,,,,,,,,,,,
,,,,,,,,,,,,,,,,,,2019,11/29/2019,$                                                     102.97,,,,,,,,,,1.71%,$           102.97,1.77,99.13,30.02,67.92,106%,-4%,1.78%,5.88%,2.96%,-41.48%,-39.76%,1.765,2.60%,-3.80%,,,,,,,,,,,,
,,,,,,,,,,,,,,,,,,2019,12/2/2019,$                                                     102.67,,,,,,,,,,1.72%,$           102.67,1.77,99.13,30.02,67.92,105%,-3%,1.78%,5.88%,2.97%,-41.31%,-39.59%,1.765,2.60%,-4.08%,,,,,,,,,,,,
,,,,,,,,,,,,,,,,,,2019,12/3/2019,$                                                      102.91,,,,,,,,,,1.72%,$            102.91,1.77,99.13,30.02,67.92,105%,-4%,1.78%,5.88%,2.96%,-41.44%,-39.73%,1.765,2.60%,-3.86%,,,,,,,,,,,,
,,,,,,,,,,,,,,,,,,2019,12/4/2019,$                                                     103.52,,,,,,,,,,1.70%,$           103.52,1.77,99.13,30.02,67.92,106%,-4%,1.78%,5.88%,2.94%,-41.79%,-40.08%,1.765,2.60%,-3.29%,,,,,,,,,,,,
,,,,,,,,,,,,,,,,,,2019,12/5/2019,$                                                     104.45,,,,,,,,,,1.69%,$           104.45,1.77,99.13,30.02,67.92,108%,-5%,1.78%,5.88%,2.92%,-42.31%,-40.62%,1.765,2.60%,-2.42%,,,,,,,,,,,,
,,,,,,,,,,,,,,,,,,2019,12/6/2019,$                                                      103.81,,,,,,,,,,1.70%,$            103.81,1.77,99.13,30.02,67.92,107%,-5%,1.78%,5.88%,2.94%,-41.95%,-40.25%,1.765,2.60%,-3.02%,,,,,,,,,,,,
,,,,,,,,,,,,,,,,,,2019,12/9/2019,$                                                     104.00,,,,,,,,,,1.70%,$           104.00,1.77,99.13,30.02,67.92,107%,-5%,1.78%,5.88%,2.93%,-42.06%,-40.36%,1.765,2.60%,-2.84%,,,,,,,,,,,,
,,,,,,,,,,,,,,,,,,2019,12/10/2019,$                                                     103.96,,,,,,,,,,1.70%,$           103.96,1.77,99.13,30.02,67.92,107%,-5%,1.78%,5.88%,2.93%,-42.04%,-40.34%,1.765,2.60%,-2.88%,,,,,,,,,,,,
,,,,,,,,,,,,,,,,,,2019,12/11/2019,$                                                     104.82,,,,,,,,,,1.68%,$           104.82,1.77,99.13,30.02,67.92,108%,-5%,1.78%,5.88%,2.91%,-42.51%,-40.83%,1.765,2.60%,-2.07%,,,,,,,,,,,,
,,,,,,,,,,,,,,,,,,2019,12/12/2019,$                                                     104.64,,,,,,,,,,1.69%,$           104.64,1.77,99.13,30.02,67.92,108%,-5%,1.78%,5.88%,2.91%,-42.41%,-40.73%,1.765,2.60%,-2.24%,,,,,,,,,,,,
,,,,,,,,,,,,,,,,,,2019,12/13/2019,$                                                     104.00,,,,,,,,,,1.70%,$           104.00,1.77,99.13,30.02,67.92,107%,-5%,1.78%,5.88%,2.93%,-42.06%,-40.36%,1.765,2.60%,-2.84%,,,,,,,,,,,,
,,,,,,,,,,,,,,,,,,2019,12/16/2019,$                                                     103.90,,,,,,,,,,1.70%,$           103.90,1.77,99.13,30.02,67.92,107%,-5%,1.78%,5.88%,2.93%,-42.00%,-40.30%,1.765,2.60%,-2.93%,,,,,,,,,,,,
,,,,,,,,,,,,,,,,,,2019,12/17/2019,$                                                     102.07,,,,,,,,,,1.73%,$           102.07,1.77,99.13,30.02,67.92,104%,-3%,1.78%,5.88%,2.99%,-40.96%,-39.23%,1.765,2.60%,-4.64%,,,,,,,,,,,,
,,,,,,,,,,,,,,,,,,2019,12/18/2019,$                                                      101.70,,,,,,,,,,1.74%,$            101.70,1.77,99.13,30.02,67.92,104%,-3%,1.78%,5.88%,3.00%,-40.75%,-39.01%,1.765,2.60%,-4.99%,,,,,,,,,,,,
,,,,,,,,,,,,,,,,,,2019,12/19/2019,$                                                     102.70,,,,,,,,,,1.72%,$           102.70,1.77,99.13,30.02,67.92,105%,-3%,1.78%,5.88%,2.97%,-41.32%,-39.61%,1.765,2.60%,-4.05%,,,,,,,,,,,,
,,,,,,,,,,,,,,,,,,2019,12/20/2019,$                                                     104.00,,,,,,,,,,1.70%,$           104.00,1.77,99.13,30.02,67.92,107%,-5%,1.78%,5.88%,2.93%,-42.06%,-40.36%,1.765,2.60%,-2.84%,,,,,,,,,,,,
,,,,,,,,,,,,,,,,,,2019,12/23/2019,$                                                     103.80,,,,,,,,,,1.70%,$           103.80,1.77,99.13,30.02,67.92,107%,-4%,1.78%,5.88%,2.94%,-41.95%,-40.25%,1.765,2.60%,-3.03%,,,,,,,,,,,,
,,,,,,,,,,,,,,,,,,2019,12/24/2019,$                                                     103.69,,,,,,,,,,1.70%,$           103.69,1.77,99.13,30.02,67.92,107%,-4%,1.78%,5.88%,2.94%,-41.88%,-40.18%,1.765,2.60%,-3.13%,,,,,,,,,,,,
,,,,,,,,,,,,,,,,,,2019,12/27/2019,$                                                     103.74,,,,,,,,,,1.70%,$           103.74,1.77,99.13,30.02,67.92,107%,-4%,1.78%,5.88%,2.94%,-41.91%,-40.21%,1.765,2.60%,-3.08%,,,,,,,,,,,,
,,,,,,,,,,,,,,,,,,2019,12/30/2019,$                                                     103.54,,,,,,,,,,1.70%,$           103.54,1.77,99.13,30.02,67.92,106%,-4%,1.78%,5.88%,2.94%,-41.80%,-40.10%,1.765,2.60%,-3.27%,,,,,,,,,,,,
,,,,,,,,,,,,,,,,,,2019,12/31/2019,$                                                     104.09,,,,,,,,,,1.70%,$           104.09,1.77,99.13,30.02,67.92,107%,-5%,1.78%,5.88%,2.93%,-42.11%,-40.41%,1.765,2.60%,-2.76%,,,,,,,,,,,,
,,,,,,,,,,,,,,,,,,2020,1/2/2020,$                                                     103.59,,,,,,,,,,1.90%,$           103.59,1.97,110.64,33.50,75.81,91%,7%,1.78%,5.88%,2.94%,-41.83%,-41.83%,0,2.60%,-3.22%,,,,,,,,,,,,
,,,,,,,,,,,,,,,,,,2020,1/3/2020,$                                                     104.46,,,,,,,,,,1.89%,$           104.46,1.97,110.64,33.50,75.81,92%,6%,1.78%,5.88%,2.92%,-42.31%,-42.31%,0,2.60%,-2.41%,,,,,,,,,,,,
,,,,,,,,,,,,,,,,,,2020,1/6/2020,$                                                      104.19,,,,,,,,,,1.89%,$            104.19,1.97,110.64,33.50,75.81,92%,6%,1.78%,5.88%,2.92%,-42.16%,-42.16%,0,2.60%,-2.66%,,,,,,,,,,,,
,,,,,,,,,,,,,,,,,,2020,1/7/2020,$                                                      103.81,,,,,,,,,,1.90%,$            103.81,1.97,110.64,33.50,75.81,91%,7%,1.78%,5.88%,2.94%,-41.95%,-41.95%,0,2.60%,-3.02%,,,,,,,,,,,,
,,,,,,,,,,,,,,,,,,2020,1/8/2020,$                                                     103.80,,,,,,,,,,1.90%,$           103.80,1.97,110.64,33.50,75.81,91%,7%,1.78%,5.88%,2.94%,-41.95%,-41.95%,0,2.60%,-3.03%,,,,,,,,,,,,
,,,,,,,,,,,,,,,,,,2020,1/9/2020,$                                                     103.24,,,,,,,,,,1.91%,$           103.24,1.97,110.64,33.50,75.81,90%,7%,1.78%,5.88%,2.95%,-41.63%,-41.63%,0,2.60%,-3.55%,,,,,,,,,,,,
,,,,,,,,,,,,,,,,,,2020,1/10/2020,$                                                     104.06,,,,,,,,,,1.89%,$           104.06,1.97,110.64,33.50,75.81,91%,6%,1.78%,5.88%,2.93%,-42.09%,-42.09%,0,2.60%,-2.78%,,,,,,,,,,,,
,,,,,,,,,,,,,,,,,,2020,1/13/2020,$                                                       104.11,,,,,,,,,,1.89%,$             104.11,1.97,110.64,33.50,75.81,92%,6%,1.78%,5.88%,2.93%,-42.12%,-42.12%,0,2.60%,-2.74%,,,,,,,,,,,,
,,,,,,,,,,,,,,,,,,2020,1/14/2020,$                                                     103.39,,,,,,,,,,1.91%,$           103.39,1.97,110.64,33.50,75.81,91%,7%,1.78%,5.88%,2.95%,-41.72%,-41.72%,0,2.60%,-3.41%,,,,,,,,,,,,
,,,,,,,,,,,,,,,,,,2020,1/15/2020,$                                                        93.18,,,,,,,,,,2.11%,$              93.18,1.97,110.64,33.50,75.81,77%,19%,1.78%,5.88%,3.27%,-35.33%,-35.33%,0,2.60%,-12.95%,,,,,,,,,,,,
,,,,,,,,,,,,,,,,,,2020,1/16/2020,$                                                        94.71,,,,,,,,,,2.08%,$              94.71,1.97,110.64,33.50,75.81,79%,17%,1.78%,5.88%,3.22%,-36.37%,-36.37%,0,2.60%,-11.52%,,,,,,,,,,,,
,,,,,,,,,,,,,,,,,,2020,1/17/2020,$                                                       93.72,,,,,,,,,,2.10%,$             93.72,1.97,110.64,33.50,75.81,78%,18%,1.78%,5.88%,3.25%,-35.70%,-35.70%,0,2.60%,-12.44%,,,,,,,,,,,,
,,,,,,,,,,,,,,,,,,2020,1/20/2020,$                                                       94.40,,,,,,,,,,2.09%,$             94.40,1.97,110.64,33.50,75.81,79%,17%,1.78%,5.88%,3.23%,-36.17%,-36.17%,0,2.60%,-11.81%,,,,,,,,,,,,
,,,,,,,,,,,,,,,,,,2020,1/21/2020,$                                                       93.63,,,,,,,,,,2.10%,$             93.63,1.97,110.64,33.50,75.81,78%,18%,1.78%,5.88%,3.25%,-35.64%,-35.64%,0,2.60%,-12.53%,,,,,,,,,,,,
,,,,,,,,,,,,,,,,,,2020,1/22/2020,$                                                       94.87,,,,,,,,,,2.08%,$             94.87,1.97,110.64,33.50,75.81,80%,17%,1.78%,5.88%,3.21%,-36.48%,-36.48%,0,2.60%,-11.37%,,,,,,,,,,,,
,,,,,,,,,,,,,,,,,,2020,1/23/2020,$                                                       93.26,,,,,,,,,,2.11%,$             93.26,1.97,110.64,33.50,75.81,77%,19%,1.78%,5.88%,3.27%,-35.38%,-35.38%,0,2.60%,-12.87%,,,,,,,,,,,,
,,,,,,,,,,,,,,,,,,2020,1/24/2020,$                                                       94.07,,,,,,,,,,2.09%,$             94.07,1.97,110.64,33.50,75.81,79%,18%,1.78%,5.88%,3.24%,-35.94%,-35.94%,0,2.60%,-12.12%,,,,,,,,,,,,
,,,,,,,,,,,,,,,,,,2020,1/27/2020,$                                                       94.89,,,,,,,,,,2.08%,$             94.89,1.97,110.64,33.50,75.81,80%,17%,1.78%,5.88%,3.21%,-36.49%,-36.49%,0,2.60%,-11.35%,,,,,,,,,,,,
,,,,,,,,,,,,,,,,,,2020,1/28/2020,$                                                       94.55,,,,,,,,,,2.08%,$             94.55,1.97,110.64,33.50,75.81,79%,17%,1.78%,5.88%,3.22%,-36.27%,-36.27%,0,2.60%,-11.67%,,,,,,,,,,,,
,,,,,,,,,,,,,,,,,,2020,1/29/2020,$                                                       93.85,,,,,,,,,,2.10%,$             93.85,1.97,110.64,33.50,75.81,78%,18%,1.78%,5.88%,3.25%,-35.79%,-35.79%,0,2.60%,-12.32%,,,,,,,,,,,,
,,,,,,,,,,,,,,,,,,2020,1/30/2020,$                                                       93.80,,,,,,,,,,2.10%,$             93.80,1.97,110.64,33.50,75.81,78%,18%,1.78%,5.88%,3.25%,-35.76%,-35.76%,0,2.60%,-12.37%,,,,,,,,,,,,
,,,,,,,,,,,,,,,,,,2020,1/31/2020,$                                                       92.72,,,,,,,,,,2.12%,$             92.72,1.97,110.64,33.50,75.81,77%,19%,1.78%,5.88%,3.29%,-35.01%,-35.01%,0,2.60%,-13.38%,,,,,,,,,,,,
,,,,,,,,,,,,,,,,,,2020,2/3/2020,$                                                       94.48,,,,,,,,,,2.09%,$             94.48,1.97,110.64,33.50,75.81,79%,17%,1.78%,5.88%,3.23%,-36.22%,-36.22%,0,2.60%,-11.73%,,,,,,,,,,,,
,,,,,,,,,,,,,,,,,,2020,2/4/2020,$                                                       95.45,,,,,,,,,,2.06%,$             95.45,1.97,110.64,33.50,75.81,80%,16%,1.78%,5.88%,3.19%,-36.87%,-36.87%,0,2.60%,-10.83%,,,,,,,,,,,,
,,,,,,,,,,,,,,,,,,2020,2/5/2020,$                                                       95.32,,,,,,,,,,2.07%,$             95.32,1.97,110.64,33.50,75.81,80%,16%,1.78%,5.88%,3.20%,-36.78%,-36.78%,0,2.60%,-10.95%,,,,,,,,,,,,
,,,,,,,,,,,,,,,,,,2020,2/6/2020,$                                                        96.13,,,,,,,,,,2.05%,$              96.13,1.97,110.64,33.50,75.81,81%,15%,1.78%,5.88%,3.17%,-37.31%,-37.31%,0,2.60%,-10.19%,,,,,,,,,,,,
,,,,,,,,,,,,,,,,,,2020,2/7/2020,$                                                       97.65,,,,,,,,,,2.02%,$             97.65,1.97,110.64,33.50,75.81,83%,13%,1.78%,5.88%,3.12%,-38.29%,-38.29%,0,2.60%,-8.77%,,,,,,,,,,,,
,,,,,,,,,,,,,,,,,,2020,2/10/2020,$                                                       95.97,,,,,,,,,,2.05%,$             95.97,1.97,110.64,33.50,75.81,81%,15%,1.78%,5.88%,3.17%,-37.21%,-37.21%,0,2.60%,-10.34%,,,,,,,,,,,,
,,,,,,,,,,,,,,,,,,2020,2/11/2020,$                                                       94.09,,,,,,,,,,2.09%,$             94.09,1.97,110.64,33.50,75.81,79%,18%,1.78%,5.88%,3.24%,-35.95%,-35.95%,0,2.60%,-12.10%,,,,,,,,,,,,
,,,,,,,,,,,,,,,,,,2020,2/12/2020,$                                                       94.39,,,,,,,,,,2.09%,$             94.39,1.97,110.64,33.50,75.81,79%,17%,1.78%,5.88%,3.23%,-36.16%,-36.16%,0,2.60%,-11.82%,,,,,,,,,,,,
,,,,,,,,,,,,,,,,,,2020,2/13/2020,$                                                        95.21,,,,,,,,,,2.07%,$              95.21,1.97,110.64,33.50,75.81,80%,16%,1.78%,5.88%,3.20%,-36.71%,-36.71%,0,2.60%,-11.05%,,,,,,,,,,,,
,,,,,,,,,,,,,,,,,,2020,2/14/2020,$                                                       94.50,,,,,,,,,,2.08%,$             94.50,1.97,110.64,33.50,75.81,79%,17%,1.78%,5.88%,3.22%,-36.23%,-36.23%,0,2.60%,-11.72%,,,,,,,,,,,,
,,,,,,,,,,,,,,,,,,2020,2/18/2020,$                                                       94.62,,,,,,,,,,2.08%,$             94.62,1.97,110.64,33.50,75.81,79%,17%,1.78%,5.88%,3.22%,-36.31%,-36.31%,0,2.60%,-11.60%,,,,,,,,,,,,
,,,,,,,,,,,,,,,,,,2020,2/19/2020,$                                                       94.79,,,,,,,,,,2.08%,$             94.79,1.97,110.64,33.50,75.81,79%,17%,1.78%,5.88%,3.21%,-36.43%,-36.43%,0,2.60%,-11.44%,,,,,,,,,,,,
,,,,,,,,,,,,,,,,,,2020,2/20/2020,$                                                       94.63,,,,,,,,,,2.08%,$             94.63,1.97,110.64,33.50,75.81,79%,17%,1.78%,5.88%,3.22%,-36.32%,-36.32%,0,2.60%,-11.59%,,,,,,,,,,,,
,,,,,,,,,,,,,,,,,,2020,2/21/2020,$                                                       95.05,,,,,,,,,,2.07%,$             95.05,1.97,110.64,33.50,75.81,80%,16%,1.78%,5.88%,3.21%,-36.60%,-36.60%,0,2.60%,-11.20%,,,,,,,,,,,,
,,,,,,,,,,,,,,,,,,2020,2/24/2020,$                                                       95.63,,,,,,,,,,2.06%,$             95.63,1.97,110.64,33.50,75.81,81%,16%,1.78%,5.88%,3.19%,-36.99%,-36.99%,0,2.60%,-10.66%,,,,,,,,,,,,
,,,,,,,,,,,,,,,,,,2020,2/25/2020,$                                                       95.08,,,,,,,,,,2.07%,$             95.08,1.97,110.64,33.50,75.81,80%,16%,1.78%,5.88%,3.20%,-36.62%,-36.62%,0,2.60%,-11.17%,,,,,,,,,,,,
,,,,,,,,,,,,,,,,,,2020,2/26/2020,$                                                       94.99,,,,,,,,,,2.07%,$             94.99,1.97,110.64,33.50,75.81,80%,16%,1.78%,5.88%,3.21%,-36.56%,-36.56%,0,2.60%,-11.26%,,,,,,,,,,,,
,,,,,,,,,,,,,,,,,,2020,2/27/2020,$                                                       94.63,,,,,,,,,,2.08%,$             94.63,1.97,110.64,33.50,75.81,79%,17%,1.78%,5.88%,3.22%,-36.32%,-36.32%,0,2.60%,-11.59%,,,,,,,,,,,,
,,,,,,,,,,,,,,,,,,2020,2/28/2020,$                                                        92.14,,,,,,,,,,2.14%,$              92.14,1.97,110.64,33.50,75.81,76%,20%,1.78%,5.88%,3.31%,-34.60%,-34.60%,0,2.60%,-13.92%,,,,,,,,,,,,
,,,,,,,,,,,,,,,,,,2020,3/2/2020,$                                                       94.00,,,,,,,,,,2.10%,$             94.00,1.97,110.64,33.50,75.81,78%,18%,1.78%,5.88%,3.24%,-35.89%,-35.89%,0,2.60%,-12.18%,,,,,,,,,,,,
,,,,,,,,,,,,,,,,,,2020,3/3/2020,$                                                       93.26,,,,,,,,,,2.11%,$             93.26,1.97,110.64,33.50,75.81,77%,19%,1.78%,5.88%,3.27%,-35.38%,-35.38%,0,2.60%,-12.87%,,,,,,,,,,,,
,,,,,,,,,,,,,,,,,,2020,3/4/2020,$                                                       95.49,,,,,,,,,,2.06%,$             95.49,1.97,110.64,33.50,75.81,80%,16%,1.78%,5.88%,3.19%,-36.89%,-36.89%,0,2.60%,-10.79%,,,,,,,,,,,,
,,,,,,,,,,,,,,,,,,2020,3/5/2020,$                                                       92.82,,,,,,,,,,2.12%,$             92.82,1.97,110.64,33.50,75.81,77%,19%,1.78%,5.88%,3.28%,-35.08%,-35.08%,0,2.60%,-13.28%,,,,,,,,,,,,
,,,,,,,,,,,,,,,,,,2020,3/6/2020,$                                                       93.86,,,,,,,,,,2.10%,$             93.86,1.97,110.64,33.50,75.81,78%,18%,1.78%,5.88%,3.25%,-35.80%,-35.80%,0,2.60%,-12.31%,,,,,,,,,,,,
,,,,,,,,,,,,,,,,,,2020,3/9/2020,$                                                        89.61,,,,,,,,,,2.20%,$              89.61,1.97,110.64,33.50,75.81,73%,23%,1.78%,5.88%,3.40%,-32.75%,-32.75%,0,2.60%,-16.28%,,,,,,,,,,,,
,,,,,,,,,,,,,,,,,,2020,3/10/2020,$                                                        91.62,,,,,,,,,,2.15%,$              91.62,1.97,110.64,33.50,75.81,75%,21%,1.78%,5.88%,3.33%,-34.23%,-34.23%,0,2.60%,-14.41%,,,,,,,,,,,,
,,,,,,,,,,,,,,,,,,2020,3/11/2020,$                                                       87.68,,,,,,,,,,2.25%,$             87.68,1.97,110.64,33.50,75.81,70%,26%,1.78%,5.88%,3.48%,-31.27%,-31.27%,0,2.60%,-18.09%,,,,,,,,,,,,
,,,,,,,,,,,,,,,,,,2020,3/12/2020,$                                                       75.92,,,,,,,,,,2.59%,$             75.92,1.97,110.64,33.50,75.81,55%,46%,1.78%,5.88%,4.01%,-20.63%,-20.63%,0,2.60%,-29.07%,,,,,,,,,,,,
,,,,,,,,,,,,,,,,,,2020,3/13/2020,$                                                       86.27,,,,,,,,,,2.28%,$             86.27,1.97,110.64,33.50,75.81,68%,28%,1.78%,5.88%,3.53%,-30.15%,-30.15%,0,2.60%,-19.40%,,,,,,,,,,,,
,,,,,,,,,,,,,,,,,,2020,3/16/2020,$                                                       79.64,,,,,,,,,,2.47%,$             79.64,1.97,110.64,33.50,75.81,60%,39%,1.78%,5.88%,3.83%,-24.33%,-24.33%,0,2.60%,-25.60%,,,,,,,,,,,,
,,,,,,,,,,,,,,,,,,2020,3/17/2020,$                                                       85.85,,,,,,,,,,2.29%,$             85.85,1.97,110.64,33.50,75.81,68%,29%,1.78%,5.88%,3.55%,-29.81%,-29.81%,0,2.60%,-19.80%,,,,,,,,,,,,
,,,,,,,,,,,,,,,,,,2020,3/18/2020,$                                                        75.18,,,,,,,,,,2.62%,$              75.18,1.97,110.64,33.50,75.81,54%,47%,1.78%,5.88%,4.05%,-19.85%,-19.85%,0,2.60%,-29.76%,,,,,,,,,,,,
,,,,,,,,,,,,,,,,,,2020,3/19/2020,$                                                       78.58,,,,,,,,,,2.51%,$             78.58,1.97,110.64,33.50,75.81,58%,41%,1.78%,5.88%,3.88%,-23.31%,-23.31%,0,2.60%,-26.59%,,,,,,,,,,,,
,,,,,,,,,,,,,,,,,,2020,3/20/2020,$                                                        76.01,,,,,,,,,,2.59%,$              76.01,1.97,110.64,33.50,75.81,55%,46%,1.78%,5.88%,4.01%,-20.72%,-20.72%,0,2.60%,-28.99%,,,,,,,,,,,,
,,,,,,,,,,,,,,,,,,2020,3/23/2020,$                                                        74.14,,,,,,,,,,2.66%,$              74.14,1.97,110.64,33.50,75.81,53%,49%,1.78%,5.88%,4.11%,-18.72%,-18.72%,0,2.60%,-30.74%,,,,,,,,,,,,
,,,,,,,,,,,,,,,,,,2020,3/24/2020,$                                                        78.41,,,,,,,,,,2.51%,$              78.41,1.97,110.64,33.50,75.81,58%,41%,1.78%,5.88%,3.89%,-23.15%,-23.15%,0,2.60%,-26.75%,,,,,,,,,,,,
,,,,,,,,,,,,,,,,,,2020,3/25/2020,$                                                       80.24,,,,,,,,,,2.46%,$             80.24,1.97,110.64,33.50,75.81,61%,38%,1.78%,5.88%,3.80%,-24.90%,-24.90%,0,2.60%,-25.04%,,,,,,,,,,,,
,,,,,,,,,,,,,,,,,,2020,3/26/2020,$                                                       79.84,,,,,,,,,,2.47%,$             79.84,1.97,110.64,33.50,75.81,60%,39%,1.78%,5.88%,3.82%,-24.52%,-24.52%,0,2.60%,-25.41%,,,,,,,,,,,,
,,,,,,,,,,,,,,,,,,2020,3/27/2020,$                                                         81.41,,,,,,,,,,2.42%,$               81.41,1.97,110.64,33.50,75.81,62%,36%,1.78%,5.88%,3.74%,-25.98%,-25.98%,0,2.60%,-23.94%,,,,,,,,,,,,
,,,,,,,,,,,,,,,,,,2020,3/30/2020,$                                                       84.52,,,,,,,,,,2.33%,$             84.52,1.97,110.64,33.50,75.81,66%,31%,1.78%,5.88%,3.61%,-28.70%,-28.70%,0,2.60%,-21.04%,,,,,,,,,,,,
,,,,,,,,,,,,,,,,,,2020,3/31/2020,$                                                       86.88,,,,,,,,,,2.27%,$             86.88,1.97,110.64,33.50,75.81,69%,27%,1.78%,5.88%,3.51%,-30.64%,-30.64%,0,2.60%,-18.83%,,,,,,,,,,,,
,,,,,,,,,,,,,,,,,,2020,4/1/2020,$                                                        83.19,,,,,,,,,,2.37%,$              83.19,1.97,110.64,33.50,75.81,64%,33%,1.78%,5.88%,3.66%,-27.56%,-27.56%,0,2.60%,-22.28%,,,,,,,,,,,,
,,,,,,,,,,,,,,,,,,2020,4/2/2020,$                                                       83.76,,,,,,,,,,2.35%,$             83.76,1.97,110.64,33.50,75.81,65%,32%,1.78%,5.88%,3.64%,-28.06%,-28.06%,0,2.60%,-21.75%,,,,,,,,,,,,
,,,,,,,,,,,,,,,,,,2020,4/3/2020,$                                                       83.60,,,,,,,,,,2.36%,$             83.60,1.97,110.64,33.50,75.81,65%,32%,1.78%,5.88%,3.64%,-27.92%,-27.92%,0,2.60%,-21.90%,,,,,,,,,,,,
,,,,,,,,,,,,,,,,,,2020,4/6/2020,$                                                        85.91,,,,,,,,,,2.29%,$              85.91,1.97,110.64,33.50,75.81,68%,29%,1.78%,5.88%,3.55%,-29.86%,-29.86%,0,2.60%,-19.74%,,,,,,,,,,,,
,,,,,,,,,,,,,,,,,,2020,4/7/2020,$                                                       84.20,,,,,,,,,,2.34%,$             84.20,1.97,110.64,33.50,75.81,66%,31%,1.78%,5.88%,3.62%,-28.43%,-28.43%,0,2.60%,-21.34%,,,,,,,,,,,,
,,,,,,,,,,,,,,,,,,2020,4/8/2020,$                                                       84.33,,,,,,,,,,2.34%,$             84.33,1.97,110.64,33.50,75.81,66%,31%,1.78%,5.88%,3.61%,-28.54%,-28.54%,0,2.60%,-21.22%,,,,,,,,,,,,
,,,,,,,,,,,,,,,,,,2020,4/9/2020,$                                                        81.32,,,,,,,,,,2.42%,$              81.32,1.97,110.64,33.50,75.81,62%,36%,1.78%,5.88%,3.75%,-25.90%,-25.90%,0,2.60%,-24.03%,,,,,,,,,,,,
,,,,,,,,,,,,,,,,,,2020,4/13/2020,$                                                        81.79,,,,,,,,,,2.41%,$              81.79,1.97,110.64,33.50,75.81,63%,35%,1.78%,5.88%,3.73%,-26.32%,-26.32%,0,2.60%,-23.59%,,,,,,,,,,,,
,,,,,,,,,,,,,,,,,,2020,4/14/2020,$                                                       84.00,,,,,,,,,,2.35%,$             84.00,1.97,110.64,33.50,75.81,65%,32%,1.78%,5.88%,3.63%,-28.26%,-28.26%,0,2.60%,-21.52%,,,,,,,,,,,,
,,,,,,,,,,,,,,,,,,2020,4/15/2020,$                                                       83.08,,,,,,,,,,2.37%,$             83.08,1.97,110.64,33.50,75.81,64%,33%,1.78%,5.88%,3.67%,-27.47%,-27.47%,0,2.60%,-22.38%,,,,,,,,,,,,
,,,,,,,,,,,,,,,,,,2020,4/16/2020,$                                                        82.81,,,,,,,,,,2.38%,$              82.81,1.97,110.64,33.50,75.81,64%,34%,1.78%,5.88%,3.68%,-27.23%,-27.23%,0,2.60%,-22.64%,,,,,,,,,,,,
,,,,,,,,,,,,,,,,,,2020,4/17/2020,$                                                       84.46,,,,,,,,,,2.33%,$             84.46,1.97,110.64,33.50,75.81,66%,31%,1.78%,5.88%,3.61%,-28.65%,-28.65%,0,2.60%,-21.09%,,,,,,,,,,,,
,,,,,,,,,,,,,,,,,,2020,4/20/2020,$                                                        86.18,,,,,,,,,,2.29%,$              86.18,1.97,110.64,33.50,75.81,68%,28%,1.78%,5.88%,3.54%,-30.08%,-30.08%,0,2.60%,-19.49%,,,,,,,,,,,,
,,,,,,,,,,,,,,,,,,2020,4/21/2020,$                                                       84.20,,,,,,,,,,2.34%,$             84.20,1.97,110.64,33.50,75.81,66%,31%,1.78%,5.88%,3.62%,-28.43%,-28.43%,0,2.60%,-21.34%,,,,,,,,,,,,
,,,,,,,,,,,,,,,,,,2020,4/22/2020,$                                                       85.36,,,,,,,,,,2.31%,$             85.36,1.97,110.64,33.50,75.81,67%,30%,1.78%,5.88%,3.57%,-29.40%,-29.40%,0,2.60%,-20.25%,,,,,,,,,,,,
,,,,,,,,,,,,,,,,,,2020,4/23/2020,$                                                       87.05,,,,,,,,,,2.26%,$             87.05,1.97,110.64,33.50,75.81,69%,27%,1.78%,5.88%,3.50%,-30.78%,-30.78%,0,2.60%,-18.68%,,,,,,,,,,,,
,,,,,,,,,,,,,,,,,,2020,4/24/2020,$                                                       85.64,,,,,,,,,,2.30%,$             85.64,1.97,110.64,33.50,75.81,68%,29%,1.78%,5.88%,3.56%,-29.64%,-29.64%,0,2.60%,-19.99%,,,,,,,,,,,,
,,,,,,,,,,,,,,,,,,2020,4/27/2020,$                                                       86.87,,,,,,,,,,2.27%,$             86.87,1.97,110.64,33.50,75.81,69%,27%,1.78%,5.88%,3.51%,-30.63%,-30.63%,0,2.60%,-18.84%,,,,,,,,,,,,
,,,,,,,,,,,,,,,,,,2020,4/28/2020,$                                                        90.01,,,,,,,,,,2.19%,$              90.01,1.97,110.64,33.50,75.81,73%,23%,1.78%,5.88%,3.39%,-33.05%,-33.05%,0,2.60%,-15.91%,,,,,,,,,,,,
,,,,,,,,,,,,,,,,,,2020,4/29/2020,$                                                       88.62,,,,,,,,,,2.22%,$             88.62,1.97,110.64,33.50,75.81,71%,25%,1.78%,5.88%,3.44%,-32.00%,-32.00%,0,2.60%,-17.21%,,,,,,,,,,,,
,,,,,,,,,,,,,,,,,,2020,4/30/2020,$                                                        85.81,,,,,,,,,,2.30%,$              85.81,1.97,110.64,33.50,75.81,68%,29%,1.78%,5.88%,3.55%,-29.78%,-29.78%,0,2.60%,-19.83%,,,,,,,,,,,,
,,,,,,,,,,,,,,,,,,2020,5/1/2020,$                                                       86.02,,,,,,,,,,2.29%,$             86.02,1.97,110.64,33.50,75.81,68%,29%,1.78%,5.88%,3.54%,-29.95%,-29.95%,0,2.60%,-19.64%,,,,,,,,,,,,
,,,,,,,,,,,,,,,,,,2020,5/4/2020,$                                                       87.50,,,,,,,,,,2.25%,$             87.50,1.97,110.64,33.50,75.81,70%,26%,1.78%,5.88%,3.48%,-31.13%,-31.13%,0,2.60%,-18.25%,,,,,,,,,,,,
,,,,,,,,,,,,,,,,,,2020,5/5/2020,$                                                       85.85,,,,,,,,,,2.29%,$             85.85,1.97,110.64,33.50,75.81,68%,29%,1.78%,5.88%,3.55%,-29.81%,-29.81%,0,2.60%,-19.80%,,,,,,,,,,,,
,,,,,,,,,,,,,,,,,,2020,5/6/2020,$                                                       84.43,,,,,,,,,,2.33%,$             84.43,1.97,110.64,33.50,75.81,66%,31%,1.78%,5.88%,3.61%,-28.63%,-28.63%,0,2.60%,-21.12%,,,,,,,,,,,,
,,,,,,,,,,,,,,,,,,2020,5/7/2020,$                                                       86.00,,,,,,,,,,2.29%,$             86.00,1.97,110.64,33.50,75.81,68%,29%,1.78%,5.88%,3.54%,-29.93%,-29.93%,0,2.60%,-19.66%,,,,,,,,,,,,
,,,,,,,,,,,,,,,,,,2020,5/8/2020,$                                                       86.80,,,,,,,,,,2.27%,$             86.80,1.97,110.64,33.50,75.81,69%,27%,1.78%,5.88%,3.51%,-30.58%,-30.58%,0,2.60%,-18.91%,,,,,,,,,,,,
,,,,,,,,,,,,,,,,,,2020,5/11/2020,$                                                       86.75,,,,,,,,,,2.27%,$             86.75,1.97,110.64,33.50,75.81,69%,28%,1.78%,5.88%,3.51%,-30.54%,-30.54%,0,2.60%,-18.96%,,,,,,,,,,,,
,,,,,,,,,,,,,,,,,,2020,5/12/2020,$                                                       84.47,,,,,,,,,,2.33%,$             84.47,1.97,110.64,33.50,75.81,66%,31%,1.78%,5.88%,3.61%,-28.66%,-28.66%,0,2.60%,-21.09%,,,,,,,,,,,,
,,,,,,,,,,,,,,,,,,2020,5/13/2020,$                                                        82.81,,,,,,,,,,2.38%,$              82.81,1.97,110.64,33.50,75.81,64%,34%,1.78%,5.88%,3.68%,-27.23%,-27.23%,0,2.60%,-22.64%,,,,,,,,,,,,
,,,,,,,,,,,,,,,,,,2020,5/14/2020,$                                                       83.86,,,,,,,,,,2.35%,$             83.86,1.97,110.64,33.50,75.81,65%,32%,1.78%,5.88%,3.63%,-28.14%,-28.14%,0,2.60%,-21.66%,,,,,,,,,,,,
,,,,,,,,,,,,,,,,,,2020,5/15/2020,$                                                        84.61,,,,,,,,,,2.33%,$              84.61,1.97,110.64,33.50,75.81,66%,31%,1.78%,5.88%,3.60%,-28.78%,-28.78%,0,2.60%,-20.95%,,,,,,,,,,,,
,,,,,,,,,,,,,,,,,,2020,5/19/2020,$                                                       82.37,,,,,,,,,,2.39%,$             82.37,1.97,110.64,33.50,75.81,63%,34%,1.78%,5.88%,3.70%,-26.84%,-26.84%,0,2.60%,-23.05%,,,,,,,,,,,,
,,,,,,,,,,,,,,,,,,2020,5/20/2020,$                                                        82.51,,,,,,,,,,2.39%,$              82.51,1.97,110.64,33.50,75.81,64%,34%,1.78%,5.88%,3.69%,-26.97%,-26.97%,0,2.60%,-22.92%,,,,,,,,,,,,
,,,,,,,,,,,,,,,,,,2020,5/21/2020,$                                                       83.36,,,,,,,,,,2.36%,$             83.36,1.97,110.64,33.50,75.81,65%,33%,1.78%,5.88%,3.66%,-27.71%,-27.71%,0,2.60%,-22.12%,,,,,,,,,,,,
,,,,,,,,,,,,,,,,,,2020,5/22/2020,$                                                        83.10,,,,,,,,,,2.37%,$              83.10,1.97,110.64,33.50,75.81,64%,33%,1.78%,5.88%,3.67%,-27.48%,-27.48%,0,2.60%,-22.37%,,,,,,,,,,,,
,,,,,,,,,,,,,,,,,,2020,5/25/2020,$                                                       85.00,,,,,,,,,,2.32%,$             85.00,1.97,110.64,33.50,75.81,67%,30%,1.78%,5.88%,3.58%,-29.11%,-29.11%,0,2.60%,-20.59%,,,,,,,,,,,,
,,,,,,,,,,,,,,,,,,2020,5/26/2020,$                                                       84.30,,,,,,,,,,2.34%,$             84.30,1.97,110.64,33.50,75.81,66%,31%,1.78%,5.88%,3.61%,-28.52%,-28.52%,0,2.60%,-21.24%,,,,,,,,,,,,
,,,,,,,,,,,,,,,,,,2020,5/27/2020,$                                                       82.80,,,,,,,,,,2.38%,$             82.80,1.97,110.64,33.50,75.81,64%,34%,1.78%,5.88%,3.68%,-27.22%,-27.22%,0,2.60%,-22.65%,,,,,,,,,,,,
,,,,,,,,,,,,,,,,,,2020,5/28/2020,$                                                       86.58,,,,,,,,,,2.28%,$             86.58,1.97,110.64,33.50,75.81,69%,28%,1.78%,5.88%,3.52%,-30.40%,-30.40%,0,2.60%,-19.11%,,,,,,,,,,,,
,,,,,,,,,,,,,,,,,,2020,5/29/2020,$                                                       86.28,,,,,,,,,,2.28%,$             86.28,1.97,110.64,33.50,75.81,68%,28%,1.78%,5.88%,3.53%,-30.16%,-30.16%,0,2.60%,-19.39%,,,,,,,,,,,,
,,,,,,,,,,,,,,,,,,2020,6/1/2020,$                                                       84.02,,,,,,,,,,2.34%,$             84.02,1.97,110.64,33.50,75.81,65%,32%,1.78%,5.88%,3.63%,-28.28%,-28.28%,0,2.60%,-21.51%,,,,,,,,,,,,
,,,,,,,,,,,,,,,,,,2020,6/2/2020,$                                                        85.18,,,,,,,,,,2.31%,$              85.18,1.97,110.64,33.50,75.81,67%,30%,1.78%,5.88%,3.58%,-29.26%,-29.26%,0,2.60%,-20.42%,,,,,,,,,,,,
,,,,,,,,,,,,,,,,,,2020,6/3/2020,$                                                       86.55,,,,,,,,,,2.28%,$             86.55,1.97,110.64,33.50,75.81,69%,28%,1.78%,5.88%,3.52%,-30.38%,-30.38%,0,2.60%,-19.14%,,,,,,,,,,,,
,,,,,,,,,,,,,,,,,,2020,6/4/2020,$                                                       84.30,,,,,,,,,,2.34%,$             84.30,1.97,110.64,33.50,75.81,66%,31%,1.78%,5.88%,3.61%,-28.52%,-28.52%,0,2.60%,-21.24%,,,,,,,,,,,,
,,,,,,,,,,,,,,,,,,2020,6/5/2020,$                                                       84.48,,,,,,,,,,2.33%,$             84.48,1.97,110.64,33.50,75.81,66%,31%,1.78%,5.88%,3.61%,-28.67%,-28.67%,0,2.60%,-21.08%,,,,,,,,,,,,
,,,,,,,,,,,,,,,,,,2020,6/8/2020,$                                                       84.04,,,,,,,,,,2.34%,$             84.04,1.97,110.64,33.50,75.81,66%,32%,1.78%,5.88%,3.63%,-28.30%,-28.30%,0,2.60%,-21.49%,,,,,,,,,,,,
,,,,,,,,,,,,,,,,,,2020,6/9/2020,$                                                       84.39,,,,,,,,,,2.33%,$             84.39,1.97,110.64,33.50,75.81,66%,31%,1.78%,5.88%,3.61%,-28.59%,-28.59%,0,2.60%,-21.16%,,,,,,,,,,,,
,,,,,,,,,,,,,,,,,,2020,6/10/2020,$                                                        85.12,,,,,,,,,,2.31%,$              85.12,1.97,110.64,33.50,75.81,67%,30%,1.78%,5.88%,3.58%,-29.21%,-29.21%,0,2.60%,-20.48%,,,,,,,,,,,,
,,,,,,,,,,,,,,,,,,2020,6/11/2020,$                                                         81.10,,,,,,,,,,2.43%,$               81.10,1.97,110.64,33.50,75.81,62%,36%,1.78%,5.88%,3.76%,-25.70%,-25.70%,0,2.60%,-24.23%,,,,,,,,,,,,
,,,,,,,,,,,,,,,,,,2020,6/12/2020,$                                                       83.25,,,,,,,,,,2.37%,$             83.25,1.97,110.64,33.50,75.81,64%,33%,1.78%,5.88%,3.66%,-27.62%,-27.62%,0,2.60%,-22.23%,,,,,,,,,,,,
,,,,,,,,,,,,,,,,,,2020,6/15/2020,$                                                       82.94,,,,,,,,,,2.38%,$             82.94,1.97,110.64,33.50,75.81,64%,33%,1.78%,5.88%,3.67%,-27.35%,-27.35%,0,2.60%,-22.51%,,,,,,,,,,,,
,,,,,,,,,,,,,,,,,,2020,6/16/2020,$                                                        81.08,,,,,,,,,,2.43%,$              81.08,1.97,110.64,33.50,75.81,62%,36%,1.78%,5.88%,3.76%,-25.68%,-25.68%,0,2.60%,-24.25%,,,,,,,,,,,,
,,,,,,,,,,,,,,,,,,2020,6/17/2020,$                                                       80.64,,,,,,,,,,2.44%,$             80.64,1.97,110.64,33.50,75.81,61%,37%,1.78%,5.88%,3.78%,-25.27%,-25.27%,0,2.60%,-24.66%,,,,,,,,,,,,
,,,,,,,,,,,,,,,,,,2020,6/18/2020,$                                                       82.33,,,,,,,,,,2.39%,$             82.33,1.97,110.64,33.50,75.81,63%,34%,1.78%,5.88%,3.70%,-26.81%,-26.81%,0,2.60%,-23.08%,,,,,,,,,,,,
,,,,,,,,,,,,,,,,,,2020,6/19/2020,$                                                        81.96,,,,,,,,,,2.40%,$              81.96,1.97,110.64,33.50,75.81,63%,35%,1.78%,5.88%,3.72%,-26.48%,-26.48%,0,2.60%,-23.43%,,,,,,,,,,,,
,,,,,,,,,,,,,,,,,,2020,6/22/2020,$                                                       82.07,,,,,,,,,,2.40%,$             82.07,1.97,110.64,33.50,75.81,63%,35%,1.78%,5.88%,3.71%,-26.57%,-26.57%,0,2.60%,-23.33%,,,,,,,,,,,,
,,,,,,,,,,,,,,,,,,2020,6/23/2020,$                                                        81.60,,,,,,,,,,2.41%,$              81.60,1.97,110.64,33.50,75.81,62%,36%,1.78%,5.88%,3.73%,-26.15%,-26.15%,0,2.60%,-23.77%,,,,,,,,,,,,
,,,,,,,,,,,,,,,,,,2020,6/24/2020,$                                                        82.17,,,,,,,,,,2.40%,$              82.17,1.97,110.64,33.50,75.81,63%,35%,1.78%,5.88%,3.71%,-26.66%,-26.66%,0,2.60%,-23.23%,,,,,,,,,,,,
,,,,,,,,,,,,,,,,,,2020,6/25/2020,$                                                        82.51,,,,,,,,,,2.39%,$              82.51,1.97,110.64,33.50,75.81,64%,34%,1.78%,5.88%,3.69%,-26.97%,-26.97%,0,2.60%,-22.92%,,,,,,,,,,,,
,,,,,,,,,,,,,,,,,,2020,6/26/2020,$                                                        81.94,,,,,,,,,,2.40%,$              81.94,1.97,110.64,33.50,75.81,63%,35%,1.78%,5.88%,3.72%,-26.46%,-26.46%,0,2.60%,-23.45%,,,,,,,,,,,,
,,,,,,,,,,,,,,,,,,2020,6/29/2020,$                                                       82.09,,,,,,,,,,2.40%,$             82.09,1.97,110.64,33.50,75.81,63%,35%,1.78%,5.88%,3.71%,-26.59%,-26.59%,0,2.60%,-23.31%,,,,,,,,,,,,
,,,,,,,,,,,,,,,,,,2020,6/30/2020,$                                                        81.02,,,,,,,,,,2.43%,$              81.02,1.97,110.64,33.50,75.81,62%,37%,1.78%,5.88%,3.76%,-25.62%,-25.62%,0,2.60%,-24.31%,,,,,,,,,,,,
,,,,,,,,,,,,,,,,,,2020,7/2/2020,$                                                       86.07,,,,,,,,,,2.29%,$             86.07,1.97,110.64,33.50,75.81,68%,29%,1.78%,5.88%,3.54%,-29.99%,-29.99%,0,2.60%,-19.59%,,,,,,,,,,,,
,,,,,,,,,,,,,,,,,,2020,7/3/2020,$                                                       85.00,,,,,,,,,,2.32%,$             85.00,1.97,110.64,33.50,75.81,67%,30%,1.78%,5.88%,3.58%,-29.11%,-29.11%,0,2.60%,-20.59%,,,,,,,,,,,,
,,,,,,,,,,,,,,,,,,2020,7/6/2020,$                                                       83.93,,,,,,,,,,2.35%,$             83.93,1.97,110.64,33.50,75.81,65%,32%,1.78%,5.88%,3.63%,-28.20%,-28.20%,0,2.60%,-21.59%,,,,,,,,,,,,
,,,,,,,,,,,,,,,,,,2020,7/7/2020,$                                                       83.94,,,,,,,,,,2.35%,$             83.94,1.97,110.64,33.50,75.81,65%,32%,1.78%,5.88%,3.63%,-28.21%,-28.21%,0,2.60%,-21.58%,,,,,,,,,,,,
,,,,,,,,,,,,,,,,,,2020,7/8/2020,$                                                       80.62,,,,,,,,,,2.44%,$             80.62,1.97,110.64,33.50,75.81,61%,37%,1.78%,5.88%,3.78%,-25.25%,-25.25%,0,2.60%,-24.68%,,,,,,,,,,,,
,,,,,,,,,,,,,,,,,,2020,7/9/2020,$                                                        81.38,,,,,,,,,,2.42%,$              81.38,1.97,110.64,33.50,75.81,62%,36%,1.78%,5.88%,3.74%,-25.95%,-25.95%,0,2.60%,-23.97%,,,,,,,,,,,,
,,,,,,,,,,,,,,,,,,2020,7/10/2020,$                                                        81.96,,,,,,,,,,2.40%,$              81.96,1.97,110.64,33.50,75.81,63%,35%,1.78%,5.88%,3.72%,-26.48%,-26.48%,0,2.60%,-23.43%,,,,,,,,,,,,
,,,,,,,,,,,,,,,,,,2020,7/13/2020,$                                                        81.23,,,,,,,,,,2.43%,$              81.23,1.97,110.64,33.50,75.81,62%,36%,1.78%,5.88%,3.75%,-25.82%,-25.82%,0,2.60%,-24.11%,,,,,,,,,,,,
,,,,,,,,,,,,,,,,,,2020,7/14/2020,$                                                         81.21,,,,,,,,,,2.43%,$               81.21,1.97,110.64,33.50,75.81,62%,36%,1.78%,5.88%,3.75%,-25.80%,-25.80%,0,2.60%,-24.13%,,,,,,,,,,,,
,,,,,,,,,,,,,,,,,,2020,7/15/2020,$                                                        81.00,,,,,,,,,,2.43%,$              81.00,1.97,110.64,33.50,75.81,62%,37%,1.78%,5.88%,3.76%,-25.60%,-25.60%,0,2.60%,-24.33%,,,,,,,,,,,,
,,,,,,,,,,,,,,,,,,2020,7/16/2020,$                                                        82.12,,,,,,,,,,2.40%,$              82.12,1.97,110.64,33.50,75.81,63%,35%,1.78%,5.88%,3.71%,-26.62%,-26.62%,0,2.60%,-23.28%,,,,,,,,,,,,
,,,,,,,,,,,,,,,,,,2020,7/17/2020,$                                                       87.24,,,,,,,,,,2.26%,$             87.24,1.97,110.64,33.50,75.81,70%,27%,1.78%,5.88%,3.49%,-30.93%,-30.93%,0,2.60%,-18.50%,,,,,,,,,,,,
,,,,,,,,,,,,,,,,,,2020,7/20/2020,$                                                       85.02,,,,,,,,,,2.32%,$             85.02,1.97,110.64,33.50,75.81,67%,30%,1.78%,5.88%,3.58%,-29.12%,-29.12%,0,2.60%,-20.57%,,,,,,,,,,,,
,,,,,,,,,,,,,,,,,,2020,7/21/2020,$                                                       83.43,,,,,,,,,,2.36%,$             83.43,1.97,110.64,33.50,75.81,65%,33%,1.78%,5.88%,3.65%,-27.77%,-27.77%,0,2.60%,-22.06%,,,,,,,,,,,,
,,,,,,,,,,,,,,,,,,2020,7/22/2020,$                                                        81.43,,,,,,,,,,2.42%,$              81.43,1.97,110.64,33.50,75.81,62%,36%,1.78%,5.88%,3.74%,-26.00%,-26.00%,0,2.60%,-23.93%,,,,,,,,,,,,
,,,,,,,,,,,,,,,,,,2020,7/23/2020,$                                                        81.62,,,,,,,,,,2.41%,$              81.62,1.97,110.64,33.50,75.81,62%,36%,1.78%,5.88%,3.73%,-26.17%,-26.17%,0,2.60%,-23.75%,,,,,,,,,,,,
,,,,,,,,,,,,,,,,,,2020,7/24/2020,$                                                       80.94,,,,,,,,,,2.43%,$             80.94,1.97,110.64,33.50,75.81,61%,37%,1.78%,5.88%,3.76%,-25.55%,-25.55%,0,2.60%,-24.38%,,,,,,,,,,,,
,,,,,,,,,,,,,,,,,,2020,7/27/2020,$                                                       80.94,,,,,,,,,,2.43%,$             80.94,1.97,110.64,33.50,75.81,61%,37%,1.78%,5.88%,3.76%,-25.55%,-25.55%,0,2.60%,-24.38%,,,,,,,,,,,,
,,,,,,,,,,,,,,,,,,2020,7/28/2020,$                                                        81.27,,,,,,,,,,2.42%,$              81.27,1.97,110.64,33.50,75.81,62%,36%,1.78%,5.88%,3.75%,-25.85%,-25.85%,0,2.60%,-24.08%,,,,,,,,,,,,
,,,,,,,,,,,,,,,,,,2020,7/29/2020,$                                                       80.74,,,,,,,,,,2.44%,$             80.74,1.97,110.64,33.50,75.81,61%,37%,1.78%,5.88%,3.77%,-25.37%,-25.37%,0,2.60%,-24.57%,,,,,,,,,,,,
,,,,,,,,,,,,,,,,,,2020,7/30/2020,$                                                         81.19,,,,,,,,,,2.43%,$               81.19,1.97,110.64,33.50,75.81,62%,36%,1.78%,5.88%,3.75%,-25.78%,-25.78%,0,2.60%,-24.15%,,,,,,,,,,,,
,,,,,,,,,,,,,,,,,,2020,7/31/2020,$                                                         81.51,,,,,,,,,,2.42%,$               81.51,1.97,110.64,33.50,75.81,62%,36%,1.78%,5.88%,3.74%,-26.07%,-26.07%,0,2.60%,-23.85%,,,,,,,,,,,,
,,,,,,,,,,,,,,,,,,2020,8/4/2020,$                                                       83.63,,,,,,,,,,2.36%,$             83.63,1.97,110.64,33.50,75.81,65%,32%,1.78%,5.88%,3.64%,-27.94%,-27.94%,0,2.60%,-21.87%,,,,,,,,,,,,
,,,,,,,,,,,,,,,,,,2020,8/5/2020,$                                                       82.25,,,,,,,,,,2.40%,$             82.25,1.97,110.64,33.50,75.81,63%,35%,1.78%,5.88%,3.70%,-26.74%,-26.74%,0,2.60%,-23.16%,,,,,,,,,,,,
,,,,,,,,,,,,,,,,,,2020,8/6/2020,$                                                       83.55,,,,,,,,,,2.36%,$             83.55,1.97,110.64,33.50,75.81,65%,32%,1.78%,5.88%,3.65%,-27.88%,-27.88%,0,2.60%,-21.95%,,,,,,,,,,,,
,,,,,,,,,,,,,,,,,,2020,8/7/2020,$                                                       82.54,,,,,,,,,,2.39%,$             82.54,1.97,110.64,33.50,75.81,64%,34%,1.78%,5.88%,3.69%,-26.99%,-26.99%,0,2.60%,-22.89%,,,,,,,,,,,,
,,,,,,,,,,,,,,,,,,2020,8/10/2020,$                                                        82.01,,,,,,,,,,2.40%,$              82.01,1.97,110.64,33.50,75.81,63%,35%,1.78%,5.88%,3.72%,-26.52%,-26.52%,0,2.60%,-23.38%,,,,,,,,,,,,
,,,,,,,,,,,,,,,,,,2020,8/11/2020,$                                                        81.57,,,,,,,,,,2.42%,$              81.57,1.97,110.64,33.50,75.81,62%,36%,1.78%,5.88%,3.74%,-26.12%,-26.12%,0,2.60%,-23.79%,,,,,,,,,,,,
,,,,,,,,,,,,,,,,,,2020,8/12/2020,$                                                         81.81,,,,,,,,,,2.41%,$               81.81,1.97,110.64,33.50,75.81,63%,35%,1.78%,5.88%,3.72%,-26.34%,-26.34%,0,2.60%,-23.57%,,,,,,,,,,,,
,,,,,,,,,,,,,,,,,,2020,8/13/2020,$                                                       80.43,,,,,,,,,,2.45%,$             80.43,1.97,110.64,33.50,75.81,61%,38%,1.78%,5.88%,3.79%,-25.08%,-25.08%,0,2.60%,-24.86%,,,,,,,,,,,,
,,,,,,,,,,,,,,,,,,2020,8/14/2020,$                                                       80.25,,,,,,,,,,2.45%,$             80.25,1.97,110.64,33.50,75.81,61%,38%,1.78%,5.88%,3.80%,-24.91%,-24.91%,0,2.60%,-25.03%,,,,,,,,,,,,
,,,,,,,,,,,,,,,,,,2020,8/17/2020,$                                                       82.03,,,,,,,,,,2.40%,$             82.03,1.97,110.64,33.50,75.81,63%,35%,1.78%,5.88%,3.71%,-26.54%,-26.54%,0,2.60%,-23.37%,,,,,,,,,,,,
,,,,,,,,,,,,,,,,,,2020,8/18/2020,$                                                        81.69,,,,,,,,,,2.41%,$              81.69,1.97,110.64,33.50,75.81,62%,35%,1.78%,5.88%,3.73%,-26.23%,-26.23%,0,2.60%,-23.68%,,,,,,,,,,,,
,,,,,,,,,,,,,,,,,,2020,8/19/2020,$                                                       83.49,,,,,,,,,,2.36%,$             83.49,1.97,110.64,33.50,75.81,65%,33%,1.78%,5.88%,3.65%,-27.82%,-27.82%,0,2.60%,-22.00%,,,,,,,,,,,,
,,,,,,,,,,,,,,,,,,2020,8/20/2020,$                                                       83.08,,,,,,,,,,2.37%,$             83.08,1.97,110.64,33.50,75.81,64%,33%,1.78%,5.88%,3.67%,-27.47%,-27.47%,0,2.60%,-22.38%,,,,,,,,,,,,
,,,,,,,,,,,,,,,,,,2020,8/21/2020,$                                                       83.06,,,,,,,,,,2.37%,$             83.06,1.97,110.64,33.50,75.81,64%,33%,1.78%,5.88%,3.67%,-27.45%,-27.45%,0,2.60%,-22.40%,,,,,,,,,,,,
,,,,,,,,,,,,,,,,,,2020,8/24/2020,$                                                        83.18,,,,,,,,,,2.37%,$              83.18,1.97,110.64,33.50,75.81,64%,33%,1.78%,5.88%,3.66%,-27.55%,-27.55%,0,2.60%,-22.29%,,,,,,,,,,,,
,,,,,,,,,,,,,,,,,,2020,8/25/2020,$                                                        81.26,,,,,,,,,,2.42%,$              81.26,1.97,110.64,33.50,75.81,62%,36%,1.78%,5.88%,3.75%,-25.84%,-25.84%,0,2.60%,-24.08%,,,,,,,,,,,,
,,,,,,,,,,,,,,,,,,2020,8/26/2020,$                                                       80.58,,,,,,,,,,2.44%,$             80.58,1.97,110.64,33.50,75.81,61%,37%,1.78%,5.88%,3.78%,-25.22%,-25.22%,0,2.60%,-24.72%,,,,,,,,,,,,
,,,,,,,,,,,,,,,,,,2020,8/27/2020,$                                                        81.50,,,,,,,,,,2.42%,$              81.50,1.97,110.64,33.50,75.81,62%,36%,1.78%,5.88%,3.74%,-26.06%,-26.06%,0,2.60%,-23.86%,,,,,,,,,,,,
,,,,,,,,,,,,,,,,,,2020,8/28/2020,$                                                       80.40,,,,,,,,,,2.45%,$             80.40,1.97,110.64,33.50,75.81,61%,38%,1.78%,5.88%,3.79%,-25.05%,-25.05%,0,2.60%,-24.89%,,,,,,,,,,,,
,,,,,,,,,,,,,,,,,,2020,8/31/2020,$                                                       78.43,,,,,,,,,,2.51%,$             78.43,1.97,110.64,33.50,75.81,58%,41%,1.78%,5.88%,3.88%,-23.17%,-23.17%,0,2.60%,-26.73%,,,,,,,,,,,,
,,,,,,,,,,,,,,,,,,2020,9/1/2020,$                                                       78.90,,,,,,,,,,2.50%,$             78.90,1.97,110.64,33.50,75.81,59%,40%,1.78%,5.88%,3.86%,-23.62%,-23.62%,0,2.60%,-26.29%,,,,,,,,,,,,
,,,,,,,,,,,,,,,,,,2020,9/2/2020,$                                                        92.19,,,,,,,,,,2.14%,$              92.19,1.97,110.64,33.50,75.81,76%,20%,1.78%,5.88%,3.31%,-34.63%,-34.63%,0,2.60%,-13.87%,,,,,,,,,,,,
,,,,,,,,,,,,,,,,,,2020,9/3/2020,$                                                        93.31,,,,,,,,,,2.11%,$              93.31,1.97,110.64,33.50,75.81,78%,19%,1.78%,5.88%,3.27%,-35.42%,-35.42%,0,2.60%,-12.83%,,,,,,,,,,,,
,,,,,,,,,,,,,,,,,,2020,9/4/2020,$                                                       92.60,,,,,,,,,,2.13%,$             92.60,1.97,110.64,33.50,75.81,77%,19%,1.78%,5.88%,3.29%,-34.92%,-34.92%,0,2.60%,-13.49%,,,,,,,,,,,,
,,,,,,,,,,,,,,,,,,2020,9/8/2020,$                                                        88.21,,,,,,,,,,2.23%,$              88.21,1.97,110.64,33.50,75.81,71%,25%,1.78%,5.88%,3.45%,-31.69%,-31.69%,0,2.60%,-17.59%,,,,,,,,,,,,
,,,,,,,,,,,,,,,,,,2020,9/9/2020,$                                                       89.59,,,,,,,,,,2.20%,$             89.59,1.97,110.64,33.50,75.81,73%,23%,1.78%,5.88%,3.40%,-32.74%,-32.74%,0,2.60%,-16.30%,,,,,,,,,,,,
,,,,,,,,,,,,,,,,,,2020,9/10/2020,$                                                       89.53,,,,,,,,,,2.20%,$             89.53,1.97,110.64,33.50,75.81,73%,24%,1.78%,5.88%,3.40%,-32.69%,-32.69%,0,2.60%,-16.36%,,,,,,,,,,,,
,,,,,,,,,,,,,,,,,,2020,9/11/2020,$                                                         91.01,,,,,,,,,,2.16%,$               91.01,1.97,110.64,33.50,75.81,75%,22%,1.78%,5.88%,3.35%,-33.79%,-33.79%,0,2.60%,-14.98%,,,,,,,,,,,,
,,,,,,,,,,,,,,,,,,2020,9/14/2020,$                                                        91.96,,,,,,,,,,2.14%,$              91.96,1.97,110.64,33.50,75.81,76%,20%,1.78%,5.88%,3.31%,-34.47%,-34.47%,0,2.60%,-14.09%,,,,,,,,,,,,
,,,,,,,,,,,,,,,,,,2020,9/15/2020,$                                                        91.92,,,,,,,,,,2.14%,$              91.92,1.97,110.64,33.50,75.81,76%,20%,1.78%,5.88%,3.31%,-34.44%,-34.44%,0,2.60%,-14.13%,,,,,,,,,,,,
,,,,,,,,,,,,,,,,,,2020,9/16/2020,$                                                        91.26,,,,,,,,,,2.16%,$              91.26,1.97,110.64,33.50,75.81,75%,21%,1.78%,5.88%,3.34%,-33.97%,-33.97%,0,2.60%,-14.74%,,,,,,,,,,,,
,,,,,,,,,,,,,,,,,,2020,9/17/2020,$                                                       90.50,,,,,,,,,,2.18%,$             90.50,1.97,110.64,33.50,75.81,74%,22%,1.78%,5.88%,3.37%,-33.41%,-33.41%,0,2.60%,-15.45%,,,,,,,,,,,,
,,,,,,,,,,,,,,,,,,2020,9/18/2020,$                                                       88.94,,,,,,,,,,2.21%,$             88.94,1.97,110.64,33.50,75.81,72%,24%,1.78%,5.88%,3.43%,-32.25%,-32.25%,0,2.60%,-16.91%,,,,,,,,,,,,
,,,,,,,,,,,,,,,,,,2020,9/21/2020,$                                                       86.79,,,,,,,,,,2.27%,$             86.79,1.97,110.64,33.50,75.81,69%,27%,1.78%,5.88%,3.51%,-30.57%,-30.57%,0,2.60%,-18.92%,,,,,,,,,,,,
,,,,,,,,,,,,,,,,,,2020,9/22/2020,$                                                        87.51,,,,,,,,,,2.25%,$              87.51,1.97,110.64,33.50,75.81,70%,26%,1.78%,5.88%,3.48%,-31.14%,-31.14%,0,2.60%,-18.25%,,,,,,,,,,,,
,,,,,,,,,,,,,,,,,,2020,9/23/2020,$                                                       86.06,,,,,,,,,,2.29%,$             86.06,1.97,110.64,33.50,75.81,68%,29%,1.78%,5.88%,3.54%,-29.98%,-29.98%,0,2.60%,-19.60%,,,,,,,,,,,,
,,,,,,,,,,,,,,,,,,2020,9/24/2020,$                                                       84.88,,,,,,,,,,2.32%,$             84.88,1.97,110.64,33.50,75.81,67%,30%,1.78%,5.88%,3.59%,-29.01%,-29.01%,0,2.60%,-20.70%,,,,,,,,,,,,
,,,,,,,,,,,,,,,,,,2020,9/25/2020,$                                                       87.52,,,,,,,,,,2.25%,$             87.52,1.97,110.64,33.50,75.81,70%,26%,1.78%,5.88%,3.48%,-31.15%,-31.15%,0,2.60%,-18.24%,,,,,,,,,,,,
,,,,,,,,,,,,,,,,,,2020,9/28/2020,$                                                       88.79,,,,,,,,,,2.22%,$             88.79,1.97,110.64,33.50,75.81,72%,25%,1.78%,5.88%,3.43%,-32.13%,-32.13%,0,2.60%,-17.05%,,,,,,,,,,,,
,,,,,,,,,,,,,,,,,,2020,9/29/2020,$                                                       87.54,,,,,,,,,,2.25%,$             87.54,1.97,110.64,33.50,75.81,70%,26%,1.78%,5.88%,3.48%,-31.16%,-31.16%,0,2.60%,-18.22%,,,,,,,,,,,,
,,,,,,,,,,,,,,,,,,2020,9/30/2020,$                                                       88.05,,,,,,,,,,2.24%,$             88.05,1.97,110.64,33.50,75.81,71%,26%,1.78%,5.88%,3.46%,-31.56%,-31.56%,0,2.60%,-17.74%,,,,,,,,,,,,
,,,,,,,,,,,,,,,,,,2020,10/1/2020,$                                                       89.23,,,,,,,,,,2.21%,$             89.23,1.97,110.64,33.50,75.81,72%,24%,1.78%,5.88%,3.41%,-32.47%,-32.47%,0,2.60%,-16.64%,,,,,,,,,,,,
,,,,,,,,,,,,,,,,,,2020,10/2/2020,$                                                       89.50,,,,,,,,,,2.20%,$             89.50,1.97,110.64,33.50,75.81,73%,24%,1.78%,5.88%,3.40%,-32.67%,-32.67%,0,2.60%,-16.39%,,,,,,,,,,,,
,,,,,,,,,,,,,,,,,,2020,10/5/2020,$                                                        90.17,,,,,,,,,,2.18%,$              90.17,1.97,110.64,33.50,75.81,73%,23%,1.78%,5.88%,3.38%,-33.17%,-33.17%,0,2.60%,-15.76%,,,,,,,,,,,,
,,,,,,,,,,,,,,,,,,2020,10/6/2020,$                                                         89.11,,,,,,,,,,2.21%,$               89.11,1.97,110.64,33.50,75.81,72%,24%,1.78%,5.88%,3.42%,-32.38%,-32.38%,0,2.60%,-16.75%,,,,,,,,,,,,
,,,,,,,,,,,,,,,,,,2020,10/7/2020,$                                                       88.54,,,,,,,,,,2.22%,$             88.54,1.97,110.64,33.50,75.81,71%,25%,1.78%,5.88%,3.44%,-31.94%,-31.94%,0,2.60%,-17.28%,,,,,,,,,,,,
,,,,,,,,,,,,,,,,,,2020,10/8/2020,$                                                       88.09,,,,,,,,,,2.24%,$             88.09,1.97,110.64,33.50,75.81,71%,26%,1.78%,5.88%,3.46%,-31.59%,-31.59%,0,2.60%,-17.70%,,,,,,,,,,,,
,,,,,,,,,,,,,,,,,,2020,10/9/2020,$                                                       87.79,,,,,,,,,,2.24%,$             87.79,1.97,110.64,33.50,75.81,70%,26%,1.78%,5.88%,3.47%,-31.36%,-31.36%,0,2.60%,-17.98%,,,,,,,,,,,,
,,,,,,,,,,,,,,,,,,2020,10/13/2020,$                                                       86.76,,,,,,,,,,2.27%,$             86.76,1.97,110.64,33.50,75.81,69%,28%,1.78%,5.88%,3.51%,-30.54%,-30.54%,0,2.60%,-18.95%,,,,,,,,,,,,
,,,,,,,,,,,,,,,,,,2020,10/14/2020,$                                                        85.41,,,,,,,,,,2.31%,$              85.41,1.97,110.64,33.50,75.81,67%,30%,1.78%,5.88%,3.57%,-29.45%,-29.45%,0,2.60%,-20.21%,,,,,,,,,,,,
,,,,,,,,,,,,,,,,,,2020,10/15/2020,$                                                       86.06,,,,,,,,,,2.29%,$             86.06,1.97,110.64,33.50,75.81,68%,29%,1.78%,5.88%,3.54%,-29.98%,-29.98%,0,2.60%,-19.60%,,,,,,,,,,,,
,,,,,,,,,,,,,,,,,,2020,10/16/2020,$                                                       84.76,,,,,,,,,,2.32%,$             84.76,1.97,110.64,33.50,75.81,66%,31%,1.78%,5.88%,3.59%,-28.91%,-28.91%,0,2.60%,-20.81%,,,,,,,,,,,,
,,,,,,,,,,,,,,,,,,2020,10/19/2020,$                                                         84.11,,,,,,,,,,2.34%,$               84.11,1.97,110.64,33.50,75.81,66%,32%,1.78%,5.88%,3.62%,-28.36%,-28.36%,0,2.60%,-21.42%,,,,,,,,,,,,
,,,,,,,,,,,,,,,,,,2020,10/20/2020,$                                                       84.84,,,,,,,,,,2.32%,$             84.84,1.97,110.64,33.50,75.81,67%,30%,1.78%,5.88%,3.59%,-28.97%,-28.97%,0,2.60%,-20.74%,,,,,,,,,,,,
,,,,,,,,,,,,,,,,,,2020,10/21/2020,$                                                       84.68,,,,,,,,,,2.33%,$             84.68,1.97,110.64,33.50,75.81,66%,31%,1.78%,5.88%,3.60%,-28.84%,-28.84%,0,2.60%,-20.89%,,,,,,,,,,,,
,,,,,,,,,,,,,,,,,,2020,10/22/2020,$                                                       83.68,,,,,,,,,,2.35%,$             83.68,1.97,110.64,33.50,75.81,65%,32%,1.78%,5.88%,3.64%,-27.99%,-27.99%,0,2.60%,-21.82%,,,,,,,,,,,,
,,,,,,,,,,,,,,,,,,2020,10/23/2020,$                                                       82.93,,,,,,,,,,2.38%,$             82.93,1.97,110.64,33.50,75.81,64%,33%,1.78%,5.88%,3.67%,-27.34%,-27.34%,0,2.60%,-22.52%,,,,,,,,,,,,
,,,,,,,,,,,,,,,,,,2020,10/26/2020,$                                                        81.69,,,,,,,,,,2.41%,$              81.69,1.97,110.64,33.50,75.81,62%,35%,1.78%,5.88%,3.73%,-26.23%,-26.23%,0,2.60%,-23.68%,,,,,,,,,,,,
,,,,,,,,,,,,,,,,,,2020,10/27/2020,$                                                         81.51,,,,,,,,,,2.42%,$               81.51,1.97,110.64,33.50,75.81,62%,36%,1.78%,5.88%,3.74%,-26.07%,-26.07%,0,2.60%,-23.85%,,,,,,,,,,,,
,,,,,,,,,,,,,,,,,,2020,10/28/2020,$                                                        79.61,,,,,,,,,,2.47%,$              79.61,1.97,110.64,33.50,75.81,60%,39%,1.78%,5.88%,3.83%,-24.31%,-24.31%,0,2.60%,-25.63%,,,,,,,,,,,,
,,,,,,,,,,,,,,,,,,2020,10/29/2020,$                                                       80.34,,,,,,,,,,2.45%,$             80.34,1.97,110.64,33.50,75.81,61%,38%,1.78%,5.88%,3.79%,-24.99%,-24.99%,0,2.60%,-24.94%,,,,,,,,,,,,
,,,,,,,,,,,,,,,,,,2020,10/30/2020,$                                                       79.68,,,,,,,,,,2.47%,$             79.68,1.97,110.64,33.50,75.81,60%,39%,1.78%,5.88%,3.82%,-24.37%,-24.37%,0,2.60%,-25.56%,,,,,,,,,,,,
,,,,,,,,,,,,,,,,,,2020,11/2/2020,$                                                       79.39,,,,,,,,,,2.48%,$             79.39,1.97,110.64,33.50,75.81,59%,39%,1.78%,5.88%,3.84%,-24.10%,-24.10%,0,2.60%,-25.83%,,,,,,,,,,,,
,,,,,,,,,,,,,,,,,,2020,11/3/2020,$                                                       79.24,,,,,,,,,,2.49%,$             79.24,1.97,110.64,33.50,75.81,59%,40%,1.78%,5.88%,3.85%,-23.95%,-23.95%,0,2.60%,-25.97%,,,,,,,,,,,,
,,,,,,,,,,,,,,,,,,2020,11/4/2020,$                                                        79.51,,,,,,,,,,2.48%,$              79.51,1.97,110.64,33.50,75.81,60%,39%,1.78%,5.88%,3.83%,-24.21%,-24.21%,0,2.60%,-25.72%,,,,,,,,,,,,
,,,,,,,,,,,,,,,,,,2020,11/5/2020,$                                                       79.00,,,,,,,,,,2.49%,$             79.00,1.97,110.64,33.50,75.81,59%,40%,1.78%,5.88%,3.86%,-23.72%,-23.72%,0,2.60%,-26.20%,,,,,,,,,,,,
,,,,,,,,,,,,,,,,,,2020,11/6/2020,$                                                       79.00,,,,,,,,,,2.49%,$             79.00,1.97,110.64,33.50,75.81,59%,40%,1.78%,5.88%,3.86%,-23.72%,-23.72%,0,2.60%,-26.20%,,,,,,,,,,,,
,,,,,,,,,,,,,,,,,,2020,11/9/2020,$                                                       78.40,,,,,,,,,,2.51%,$             78.40,1.97,110.64,33.50,75.81,58%,41%,1.78%,5.88%,3.89%,-23.14%,-23.14%,0,2.60%,-26.76%,,,,,,,,,,,,
,,,,,,,,,,,,,,,,,,2020,11/10/2020,$                                                       77.67,,,,,,,,,,2.54%,$             77.67,1.97,110.64,33.50,75.81,57%,42%,1.78%,5.88%,3.92%,-22.42%,-22.42%,0,2.60%,-27.44%,,,,,,,,,,,,
,,,,,,,,,,,,,,,,,,2020,11/11/2020,$                                                       78.68,,,,,,,,,,2.50%,$             78.68,1.97,110.64,33.50,75.81,59%,41%,1.78%,5.88%,3.87%,-23.41%,-23.41%,0,2.60%,-26.49%,,,,,,,,,,,,
,,,,,,,,,,,,,,,,,,2020,11/12/2020,$                                                        77.41,,,,,,,,,,2.54%,$              77.41,1.97,110.64,33.50,75.81,57%,43%,1.78%,5.88%,3.94%,-22.15%,-22.15%,0,2.60%,-27.68%,,,,,,,,,,,,
,,,,,,,,,,,,,,,,,,2020,11/13/2020,$                                                       77.74,,,,,,,,,,2.53%,$             77.74,1.97,110.64,33.50,75.81,57%,42%,1.78%,5.88%,3.92%,-22.49%,-22.49%,0,2.60%,-27.37%,,,,,,,,,,,,
,,,,,,,,,,,,,,,,,,2020,11/16/2020,$                                                       78.82,,,,,,,,,,2.50%,$             78.82,1.97,110.64,33.50,75.81,59%,40%,1.78%,5.88%,3.87%,-23.55%,-23.55%,0,2.60%,-26.36%,,,,,,,,,,,,
,,,,,,,,,,,,,,,,,,2020,11/17/2020,$                                                       77.82,,,,,,,,,,2.53%,$             77.82,1.97,110.64,33.50,75.81,57%,42%,1.78%,5.88%,3.92%,-22.56%,-22.56%,0,2.60%,-27.30%,,,,,,,,,,,,
,,,,,,,,,,,,,,,,,,2020,11/18/2020,$                                                       77.56,,,,,,,,,,2.54%,$             77.56,1.97,110.64,33.50,75.81,57%,43%,1.78%,5.88%,3.93%,-22.31%,-22.31%,0,2.60%,-27.54%,,,,,,,,,,,,
,,,,,,,,,,,,,,,,,,2020,11/19/2020,$                                                       77.68,,,,,,,,,,2.54%,$             77.68,1.97,110.64,33.50,75.81,57%,42%,1.78%,5.88%,3.92%,-22.43%,-22.43%,0,2.60%,-27.43%,,,,,,,,,,,,
,,,,,,,,,,,,,,,,,,2020,11/20/2020,$                                                        81.07,,,,,,,,,,2.43%,$              81.07,1.97,110.64,33.50,75.81,62%,36%,1.78%,5.88%,3.76%,-25.67%,-25.67%,0,2.60%,-24.26%,,,,,,,,,,,,
,,,,,,,,,,,,,,,,,,2020,11/23/2020,$                                                       80.66,,,,,,,,,,2.44%,$             80.66,1.97,110.64,33.50,75.81,61%,37%,1.78%,5.88%,3.78%,-25.29%,-25.29%,0,2.60%,-24.64%,,,,,,,,,,,,
,,,,,,,,,,,,,,,,,,2020,11/24/2020,$                                                        80.16,,,,,,,,,,2.46%,$              80.16,1.97,110.64,33.50,75.81,60%,38%,1.78%,5.88%,3.80%,-24.83%,-24.83%,0,2.60%,-25.11%,,,,,,,,,,,,
,,,,,,,,,,,,,,,,,,2020,11/25/2020,$                                                       80.07,,,,,,,,,,2.46%,$             80.07,1.97,110.64,33.50,75.81,60%,38%,1.78%,5.88%,3.81%,-24.74%,-24.74%,0,2.60%,-25.20%,,,,,,,,,,,,
,,,,,,,,,,,,,,,,,,2020,11/26/2020,$                                                         80.11,,,,,,,,,,2.46%,$               80.11,1.97,110.64,33.50,75.81,60%,38%,1.78%,5.88%,3.80%,-24.78%,-24.78%,0,2.60%,-25.16%,,,,,,,,,,,,
,,,,,,,,,,,,,,,,,,2020,11/27/2020,$                                                        80.12,,,,,,,,,,2.46%,$              80.12,1.97,110.64,33.50,75.81,60%,38%,1.78%,5.88%,3.80%,-24.79%,-24.79%,0,2.60%,-25.15%,,,,,,,,,,,,
,,,,,,,,,,,,,,,,,,2020,11/30/2020,$                                                       79.55,,,,,,,,,,2.48%,$             79.55,1.97,110.64,33.50,75.81,60%,39%,1.78%,5.88%,3.83%,-24.25%,-24.25%,0,2.60%,-25.68%,,,,,,,,,,,,
,,,,,,,,,,,,,,,,,,2020,12/1/2020,$                                                       80.94,,,,,,,,,,2.43%,$             80.94,1.97,110.64,33.50,75.81,61%,37%,1.78%,5.88%,3.76%,-25.55%,-25.55%,0,2.60%,-24.38%,,,,,,,,,,,,
,,,,,,,,,,,,,,,,,,2020,12/2/2020,$                                                       80.99,,,,,,,,,,2.43%,$             80.99,1.97,110.64,33.50,75.81,62%,37%,1.78%,5.88%,3.76%,-25.60%,-25.60%,0,2.60%,-24.34%,,,,,,,,,,,,
,,,,,,,,,,,,,,,,,,2020,12/3/2020,$                                                        81.22,,,,,,,,,,2.43%,$              81.22,1.97,110.64,33.50,75.81,62%,36%,1.78%,5.88%,3.75%,-25.81%,-25.81%,0,2.60%,-24.12%,,,,,,,,,,,,
,,,,,,,,,,,,,,,,,,2020,12/4/2020,$                                                        81.20,,,,,,,,,,2.43%,$              81.20,1.97,110.64,33.50,75.81,62%,36%,1.78%,5.88%,3.75%,-25.79%,-25.79%,0,2.60%,-24.14%,,,,,,,,,,,,
,,,,,,,,,,,,,,,,,,2020,12/7/2020,$                                                         81.10,,,,,,,,,,2.43%,$               81.10,1.97,110.64,33.50,75.81,62%,36%,1.78%,5.88%,3.76%,-25.70%,-25.70%,0,2.60%,-24.23%,,,,,,,,,,,,
,,,,,,,,,,,,,,,,,,2020,12/8/2020,$                                                        81.46,,,,,,,,,,2.42%,$              81.46,1.97,110.64,33.50,75.81,62%,36%,1.78%,5.88%,3.74%,-26.03%,-26.03%,0,2.60%,-23.90%,,,,,,,,,,,,
,,,,,,,,,,,,,,,,,,2020,12/9/2020,$                                                        81.79,,,,,,,,,,2.41%,$              81.79,1.97,110.64,33.50,75.81,63%,35%,1.78%,5.88%,3.73%,-26.32%,-26.32%,0,2.60%,-23.59%,,,,,,,,,,,,
,,,,,,,,,,,,,,,,,,2020,12/10/2020,$                                                        81.55,,,,,,,,,,2.42%,$              81.55,1.97,110.64,33.50,75.81,62%,36%,1.78%,5.88%,3.74%,-26.11%,-26.11%,0,2.60%,-23.81%,,,,,,,,,,,,
,,,,,,,,,,,,,,,,,,2020,12/11/2020,$                                                       83.63,,,,,,,,,,2.36%,$             83.63,1.97,110.64,33.50,75.81,65%,32%,1.78%,5.88%,3.64%,-27.94%,-27.94%,0,2.60%,-21.87%,,,,,,,,,,,,
,,,,,,,,,,,,,,,,,,2020,12/14/2020,$                                                       84.20,,,,,,,,,,2.34%,$             84.20,1.97,110.64,33.50,75.81,66%,31%,1.78%,5.88%,3.62%,-28.43%,-28.43%,0,2.60%,-21.34%,,,,,,,,,,,,
,,,,,,,,,,,,,,,,,,2020,12/15/2020,$                                                       84.35,,,,,,,,,,2.34%,$             84.35,1.97,110.64,33.50,75.81,66%,31%,1.78%,5.88%,3.61%,-28.56%,-28.56%,0,2.60%,-21.20%,,,,,,,,,,,,
,,,,,,,,,,,,,,,,,,2020,12/16/2020,$                                                       84.36,,,,,,,,,,2.34%,$             84.36,1.97,110.64,33.50,75.81,66%,31%,1.78%,5.88%,3.61%,-28.57%,-28.57%,0,2.60%,-21.19%,,,,,,,,,,,,
,,,,,,,,,,,,,,,,,,2020,12/17/2020,$                                                       83.53,,,,,,,,,,2.36%,$             83.53,1.97,110.64,33.50,75.81,65%,32%,1.78%,5.88%,3.65%,-27.86%,-27.86%,0,2.60%,-21.96%,,,,,,,,,,,,
,,,,,,,,,,,,,,,,,,2020,12/18/2020,$                                                       83.07,,,,,,,,,,2.37%,$             83.07,1.97,110.64,33.50,75.81,64%,33%,1.78%,5.88%,3.67%,-27.46%,-27.46%,0,2.60%,-22.39%,,,,,,,,,,,,
,,,,,,,,,,,,,,,,,,2020,12/21/2020,$                                                        82.14,,,,,,,,,,2.40%,$              82.14,1.97,110.64,33.50,75.81,63%,35%,1.78%,5.88%,3.71%,-26.64%,-26.64%,0,2.60%,-23.26%,,,,,,,,,,,,
,,,,,,,,,,,,,,,,,,2020,12/22/2020,$                                                        81.75,,,,,,,,,,2.41%,$              81.75,1.97,110.64,33.50,75.81,63%,35%,1.78%,5.88%,3.73%,-26.29%,-26.29%,0,2.60%,-23.63%,,,,,,,,,,,,
,,,,,,,,,,,,,,,,,,2020,12/23/2020,$                                                        81.73,,,,,,,,,,2.41%,$              81.73,1.97,110.64,33.50,75.81,63%,35%,1.78%,5.88%,3.73%,-26.27%,-26.27%,0,2.60%,-23.65%,,,,,,,,,,,,
,,,,,,,,,,,,,,,,,,2020,12/24/2020,$                                                        81.87,,,,,,,,,,2.41%,$              81.87,1.97,110.64,33.50,75.81,63%,35%,1.78%,5.88%,3.72%,-26.40%,-26.40%,0,2.60%,-23.51%,,,,,,,,,,,,
,,,,,,,,,,,,,,,,,,2020,12/29/2020,$                                                       82.80,,,,,,,,,,2.38%,$             82.80,1.97,110.64,33.50,75.81,64%,34%,1.78%,5.88%,3.68%,-27.22%,-27.22%,0,2.60%,-22.65%,,,,,,,,,,,,
,,,,,,,,,,,,,,,,,,2020,12/30/2020,$                                                       82.57,,,,,,,,,,2.39%,$             82.57,1.97,110.64,33.50,75.81,64%,34%,1.78%,5.88%,3.69%,-27.02%,-27.02%,0,2.60%,-22.86%,,,,,,,,,,,,
,,,,,,,,,,,,,,,,,,2020,12/31/2020,$                                                        81.98,,,,,,,,,,2.40%,$              81.98,1.97,110.64,33.50,75.81,63%,35%,1.78%,5.88%,3.72%,-26.49%,-26.49%,0,2.60%,-23.41%,,,,,,,,,,,,
,,,,,,,,,,,,,,,,,,2021,1/4/2021,$                                                        81.59,,,,,,,,,,2.77%,$              81.59,2.26,126.93,38.44,86.97,49%,56%,1.78%,5.88%,3.73%,-26.14%,-26.14%,0,2.60%,-23.78%,,,,,,,,,,,,
,,,,,,,,,,,,,,,,,,2021,1/5/2021,$                                                        82.17,,,,,,,,,,2.75%,$              82.17,2.26,126.93,38.44,86.97,49%,54%,1.78%,5.88%,3.71%,-26.66%,-26.66%,0,2.60%,-23.23%,,,,,,,,,,,,
,,,,,,,,,,,,,,,,,,2021,1/6/2021,$                                                        81.76,,,,,,,,,,2.76%,$              81.76,2.26,126.93,38.44,86.97,49%,55%,1.78%,5.88%,3.73%,-26.30%,-26.30%,0,2.60%,-23.62%,,,,,,,,,,,,
,,,,,,,,,,,,,,,,,,2021,1/7/2021,$                                                       80.76,,,,,,,,,,2.80%,$             80.76,2.26,126.93,38.44,86.97,48%,57%,1.78%,5.88%,3.77%,-25.38%,-25.38%,0,2.60%,-24.55%,,,,,,,,,,,,
,,,,,,,,,,,,,,,,,,2021,1/8/2021,$                                                       80.66,,,,,,,,,,2.80%,$             80.66,2.26,126.93,38.44,86.97,48%,57%,1.78%,5.88%,3.78%,-25.29%,-25.29%,0,2.60%,-24.64%,,,,,,,,,,,,
,,,,,,,,,,,,,,,,,,2021,1/11/2021,$                                                       80.05,,,,,,,,,,2.82%,$             80.05,2.26,126.93,38.44,86.97,47%,59%,1.78%,5.88%,3.81%,-24.72%,-24.72%,0,2.60%,-25.21%,,,,,,,,,,,,
,,,,,,,,,,,,,,,,,,2021,1/12/2021,$                                                       79.03,,,,,,,,,,2.86%,$             79.03,2.26,126.93,38.44,86.97,46%,61%,1.78%,5.88%,3.86%,-23.75%,-23.75%,0,2.60%,-26.17%,,,,,,,,,,,,
,,,,,,,,,,,,,,,,,,2021,1/13/2021,$                                                        79.41,,,,,,,,,,2.85%,$              79.41,2.26,126.93,38.44,86.97,46%,60%,1.78%,5.88%,3.84%,-24.12%,-24.12%,0,2.60%,-25.81%,,,,,,,,,,,,
,,,,,,,,,,,,,,,,,,2021,1/14/2021,$                                                       78.87,,,,,,,,,,2.87%,$             78.87,2.26,126.93,38.44,86.97,46%,61%,1.78%,5.88%,3.86%,-23.60%,-23.60%,0,2.60%,-26.32%,,,,,,,,,,,,
,,,,,,,,,,,,,,,,,,2021,1/15/2021,$                                                        83.13,,,,,,,,,,2.72%,$              83.13,2.26,126.93,38.44,86.97,51%,53%,1.78%,5.88%,3.67%,-27.51%,-27.51%,0,2.60%,-22.34%,,,,,,,,,,,,
,,,,,,,,,,,,,,,,,,2021,1/18/2021,$                                                       88.72,,,,,,,,,,2.55%,$             88.72,2.26,126.93,38.44,86.97,57%,43%,1.78%,5.88%,3.43%,-32.08%,-32.08%,0,2.60%,-17.12%,,,,,,,,,,,,
,,,,,,,,,,,,,,,,,,2021,1/19/2021,$                                                        88.91,,,,,,,,,,2.54%,$              88.91,2.26,126.93,38.44,86.97,57%,43%,1.78%,5.88%,3.43%,-32.22%,-32.22%,0,2.60%,-16.94%,,,,,,,,,,,,
,,,,,,,,,,,,,,,,,,2021,1/20/2021,$                                                       88.82,,,,,,,,,,2.54%,$             88.82,2.26,126.93,38.44,86.97,57%,43%,1.78%,5.88%,3.43%,-32.15%,-32.15%,0,2.60%,-17.02%,,,,,,,,,,,,
,,,,,,,,,,,,,,,,,,2021,1/21/2021,$                                                       90.67,,,,,,,,,,2.49%,$             90.67,2.26,126.93,38.44,86.97,59%,40%,1.78%,5.88%,3.36%,-33.54%,-33.54%,0,2.60%,-15.29%,,,,,,,,,,,,
,,,,,,,,,,,,,,,,,,2021,1/22/2021,$                                                       90.55,,,,,,,,,,2.50%,$             90.55,2.26,126.93,38.44,86.97,59%,40%,1.78%,5.88%,3.36%,-33.45%,-33.45%,0,2.60%,-15.41%,,,,,,,,,,,,
,,,,,,,,,,,,,,,,,,2021,1/25/2021,$                                                       92.45,,,,,,,,,,2.44%,$             92.45,2.26,126.93,38.44,86.97,61%,37%,1.78%,5.88%,3.30%,-34.82%,-34.82%,0,2.60%,-13.63%,,,,,,,,,,,,
,,,,,,,,,,,,,,,,,,2021,1/26/2021,$                                                       93.24,,,,,,,,,,2.42%,$             93.24,2.26,126.93,38.44,86.97,62%,36%,1.78%,5.88%,3.27%,-35.37%,-35.37%,0,2.60%,-12.89%,,,,,,,,,,,,
,,,,,,,,,,,,,,,,,,2021,1/27/2021,$                                                       92.82,,,,,,,,,,2.43%,$             92.82,2.26,126.93,38.44,86.97,61%,37%,1.78%,5.88%,3.28%,-35.08%,-35.08%,0,2.60%,-13.28%,,,,,,,,,,,,
,,,,,,,,,,,,,,,,,,2021,1/28/2021,$                                                       92.94,,,,,,,,,,2.43%,$             92.94,2.26,126.93,38.44,86.97,62%,37%,1.78%,5.88%,3.28%,-35.16%,-35.16%,0,2.60%,-13.17%,,,,,,,,,,,,
,,,,,,,,,,,,,,,,,,2021,1/29/2021,$                                                        91.97,,,,,,,,,,2.46%,$              91.97,2.26,126.93,38.44,86.97,60%,38%,1.78%,5.88%,3.31%,-34.48%,-34.48%,0,2.60%,-14.08%,,,,,,,,,,,,
,,,,,,,,,,,,,,,,,,2021,2/1/2021,$                                                       92.00,,,,,,,,,,2.46%,$             92.00,2.26,126.93,38.44,86.97,61%,38%,1.78%,5.88%,3.31%,-34.50%,-34.50%,0,2.60%,-14.05%,,,,,,,,,,,,
,,,,,,,,,,,,,,,,,,2021,2/2/2021,$                                                       92.50,,,,,,,,,,2.44%,$             92.50,2.26,126.93,38.44,86.97,61%,37%,1.78%,5.88%,3.29%,-34.85%,-34.85%,0,2.60%,-13.58%,,,,,,,,,,,,
,,,,,,,,,,,,,,,,,,2021,2/3/2021,$                                                        91.89,,,,,,,,,,2.46%,$              91.89,2.26,126.93,38.44,86.97,60%,38%,1.78%,5.88%,3.32%,-34.42%,-34.42%,0,2.60%,-14.15%,,,,,,,,,,,,
,,,,,,,,,,,,,,,,,,2021,2/4/2021,$                                                       92.27,,,,,,,,,,2.45%,$             92.27,2.26,126.93,38.44,86.97,61%,38%,1.78%,5.88%,3.30%,-34.69%,-34.69%,0,2.60%,-13.80%,,,,,,,,,,,,
,,,,,,,,,,,,,,,,,,2021,2/5/2021,$                                                       93.75,,,,,,,,,,2.41%,$             93.75,2.26,126.93,38.44,86.97,63%,35%,1.78%,5.88%,3.25%,-35.72%,-35.72%,0,2.60%,-12.42%,,,,,,,,,,,,
,,,,,,,,,,,,,,,,,,2021,2/8/2021,$                                                        94.01,,,,,,,,,,2.40%,$              94.01,2.26,126.93,38.44,86.97,63%,35%,1.78%,5.88%,3.24%,-35.90%,-35.90%,0,2.60%,-12.17%,,,,,,,,,,,,
,,,,,,,,,,,,,,,,,,2021,2/9/2021,$                                                       94.35,,,,,,,,,,2.40%,$             94.35,2.26,126.93,38.44,86.97,63%,35%,1.78%,5.88%,3.23%,-36.13%,-36.13%,0,2.60%,-11.86%,,,,,,,,,,,,
,,,,,,,,,,,,,,,,,,2021,2/10/2021,$                                                       95.25,,,,,,,,,,2.37%,$             95.25,2.26,126.93,38.44,86.97,64%,33%,1.78%,5.88%,3.20%,-36.73%,-36.73%,0,2.60%,-11.01%,,,,,,,,,,,,
,,,,,,,,,,,,,,,,,,2021,2/11/2021,$                                                       95.68,,,,,,,,,,2.36%,$             95.68,2.26,126.93,38.44,86.97,65%,33%,1.78%,5.88%,3.18%,-37.02%,-37.02%,0,2.60%,-10.61%,,,,,,,,,,,,
,,,,,,,,,,,,,,,,,,2021,2/12/2021,$                                                       96.83,,,,,,,,,,2.33%,$             96.83,2.26,126.93,38.44,86.97,66%,31%,1.78%,5.88%,3.15%,-37.77%,-37.77%,0,2.60%,-9.54%,,,,,,,,,,,,
,,,,,,,,,,,,,,,,,,2021,2/16/2021,$                                                       97.78,,,,,,,,,,2.31%,$             97.78,2.26,126.93,38.44,86.97,67%,30%,1.78%,5.88%,3.12%,-38.37%,-38.37%,0,2.60%,-8.65%,,,,,,,,,,,,
,,,,,,,,,,,,,,,,,,2021,2/17/2021,$                                                       95.64,,,,,,,,,,2.36%,$             95.64,2.26,126.93,38.44,86.97,65%,33%,1.78%,5.88%,3.19%,-36.99%,-36.99%,0,2.60%,-10.65%,,,,,,,,,,,,
,,,,,,,,,,,,,,,,,,2021,2/18/2021,$                                                       95.48,,,,,,,,,,2.37%,$             95.48,2.26,126.93,38.44,86.97,64%,33%,1.78%,5.88%,3.19%,-36.89%,-36.89%,0,2.60%,-10.80%,,,,,,,,,,,,
,,,,,,,,,,,,,,,,,,2021,2/19/2021,$                                                       94.82,,,,,,,,,,2.38%,$             94.82,2.26,126.93,38.44,86.97,64%,34%,1.78%,5.88%,3.21%,-36.45%,-36.45%,0,2.60%,-11.42%,,,,,,,,,,,,
,,,,,,,,,,,,,,,,,,2021,2/22/2021,$                                                       94.06,,,,,,,,,,2.40%,$             94.06,2.26,126.93,38.44,86.97,63%,35%,1.78%,5.88%,3.24%,-35.93%,-35.93%,0,2.60%,-12.13%,,,,,,,,,,,,
,,,,,,,,,,,,,,,,,,2021,2/23/2021,$                                                       92.64,,,,,,,,,,2.44%,$             92.64,2.26,126.93,38.44,86.97,61%,37%,1.78%,5.88%,3.29%,-34.95%,-34.95%,0,2.60%,-13.45%,,,,,,,,,,,,
,,,,,,,,,,,,,,,,,,2021,2/24/2021,$                                                       92.25,,,,,,,,,,2.45%,$             92.25,2.26,126.93,38.44,86.97,61%,38%,1.78%,5.88%,3.30%,-34.68%,-34.68%,0,2.60%,-13.82%,,,,,,,,,,,,
,,,,,,,,,,,,,,,,,,2021,2/25/2021,$                                                       92.20,,,,,,,,,,2.45%,$             92.20,2.26,126.93,38.44,86.97,61%,38%,1.78%,5.88%,3.30%,-34.64%,-34.64%,0,2.60%,-13.86%,,,,,,,,,,,,
,,,,,,,,,,,,,,,,,,2021,2/26/2021,$                                                       93.38,,,,,,,,,,2.42%,$             93.38,2.26,126.93,38.44,86.97,62%,36%,1.78%,5.88%,3.26%,-35.47%,-35.47%,0,2.60%,-12.76%,,,,,,,,,,,,
,,,,,,,,,,,,,,,,,,2021,3/1/2021,$                                                       94.42,,,,,,,,,,2.39%,$             94.42,2.26,126.93,38.44,86.97,63%,34%,1.78%,5.88%,3.23%,-36.18%,-36.18%,0,2.60%,-11.79%,,,,,,,,,,,,
,,,,,,,,,,,,,,,,,,2021,3/2/2021,$                                                       94.85,,,,,,,,,,2.38%,$             94.85,2.26,126.93,38.44,86.97,64%,34%,1.78%,5.88%,3.21%,-36.47%,-36.47%,0,2.60%,-11.39%,,,,,,,,,,,,
,,,,,,,,,,,,,,,,,,2021,3/3/2021,$                                                       94.67,,,,,,,,,,2.39%,$             94.67,2.26,126.93,38.44,86.97,64%,34%,1.78%,5.88%,3.22%,-36.35%,-36.35%,0,2.60%,-11.56%,,,,,,,,,,,,
,,,,,,,,,,,,,,,,,,2021,3/4/2021,$                                                       94.70,,,,,,,,,,2.39%,$             94.70,2.26,126.93,38.44,86.97,64%,34%,1.78%,5.88%,3.22%,-36.37%,-36.37%,0,2.60%,-11.53%,,,,,,,,,,,,
,,,,,,,,,,,,,,,,,,2021,3/5/2021,$                                                       96.73,,,,,,,,,,2.34%,$             96.73,2.26,126.93,38.44,86.97,66%,31%,1.78%,5.88%,3.15%,-37.70%,-37.70%,0,2.60%,-9.63%,,,,,,,,,,,,
,,,,,,,,,,,,,,,,,,2021,3/8/2021,$                                                        97.61,,,,,,,,,,2.32%,$              97.61,2.26,126.93,38.44,86.97,67%,30%,1.78%,5.88%,3.12%,-38.26%,-38.26%,0,2.60%,-8.81%,,,,,,,,,,,,
,,,,,,,,,,,,,,,,,,2021,3/9/2021,$                                                       97.62,,,,,,,,,,2.32%,$             97.62,2.26,126.93,38.44,86.97,67%,30%,1.78%,5.88%,3.12%,-38.27%,-38.27%,0,2.60%,-8.80%,,,,,,,,,,,,
,,,,,,,,,,,,,,,,,,2021,3/10/2021,$                                                       96.92,,,,,,,,,,2.33%,$             96.92,2.26,126.93,38.44,86.97,66%,31%,1.78%,5.88%,3.14%,-37.83%,-37.83%,0,2.60%,-9.45%,,,,,,,,,,,,
,,,,,,,,,,,,,,,,,,2021,3/11/2021,$                                                       96.89,,,,,,,,,,2.33%,$             96.89,2.26,126.93,38.44,86.97,66%,31%,1.78%,5.88%,3.14%,-37.81%,-37.81%,0,2.60%,-9.48%,,,,,,,,,,,,
,,,,,,,,,,,,,,,,,,2021,3/12/2021,$                                                       97.50,,,,,,,,,,2.32%,$             97.50,2.26,126.93,38.44,86.97,67%,30%,1.78%,5.88%,3.13%,-38.19%,-38.19%,0,2.60%,-8.91%,,,,,,,,,,,,
,,,,,,,,,,,,,,,,,,2021,3/15/2021,$                                                       98.29,,,,,,,,,,2.30%,$             98.29,2.26,126.93,38.44,86.97,68%,29%,1.78%,5.88%,3.10%,-38.69%,-38.69%,0,2.60%,-8.17%,,,,,,,,,,,,
,,,,,,,,,,,,,,,,,,2021,3/16/2021,$                                                       98.97,,,,,,,,,,2.28%,$             98.97,2.26,126.93,38.44,86.97,68%,28%,1.78%,5.88%,3.08%,-39.11%,-39.11%,0,2.60%,-7.54%,,,,,,,,,,,,
,,,,,,,,,,,,,,,,,,2021,3/17/2021,$                                                     100.25,,,,,,,,,,2.25%,$           100.25,2.26,126.93,38.44,86.97,70%,27%,1.78%,5.88%,3.04%,-39.89%,-39.89%,0,2.60%,-6.34%,,,,,,,,,,,,
,,,,,,,,,,,,,,,,,,2021,3/18/2021,$                                                       98.82,,,,,,,,,,2.29%,$             98.82,2.26,126.93,38.44,86.97,68%,28%,1.78%,5.88%,3.08%,-39.02%,-39.02%,0,2.60%,-7.68%,,,,,,,,,,,,
,,,,,,,,,,,,,,,,,,2021,3/19/2021,$                                                       98.30,,,,,,,,,,2.30%,$             98.30,2.26,126.93,38.44,86.97,68%,29%,1.78%,5.88%,3.10%,-38.70%,-38.70%,0,2.60%,-8.17%,,,,,,,,,,,,
,,,,,,,,,,,,,,,,,,2021,3/22/2021,$                                                       99.28,,,,,,,,,,2.28%,$             99.28,2.26,126.93,38.44,86.97,69%,28%,1.78%,5.88%,3.07%,-39.30%,-39.30%,0,2.60%,-7.25%,,,,,,,,,,,,
,,,,,,,,,,,,,,,,,,2021,3/23/2021,$                                                       99.59,,,,,,,,,,2.27%,$             99.59,2.26,126.93,38.44,86.97,69%,27%,1.78%,5.88%,3.06%,-39.49%,-39.49%,0,2.60%,-6.96%,,,,,,,,,,,,
,,,,,,,,,,,,,,,,,,2021,3/24/2021,$                                                       97.90,,,,,,,,,,2.31%,$             97.90,2.26,126.93,38.44,86.97,67%,30%,1.78%,5.88%,3.11%,-38.45%,-38.45%,0,2.60%,-8.54%,,,,,,,,,,,,
,,,,,,,,,,,,,,,,,,2021,3/25/2021,$                                                       98.40,,,,,,,,,,2.30%,$             98.40,2.26,126.93,38.44,86.97,68%,29%,1.78%,5.88%,3.10%,-38.76%,-38.76%,0,2.60%,-8.07%,,,,,,,,,,,,
,,,,,,,,,,,,,,,,,,2021,3/26/2021,$                                                       97.05,,,,,,,,,,2.33%,$             97.05,2.26,126.93,38.44,86.97,66%,31%,1.78%,5.88%,3.14%,-37.91%,-37.91%,0,2.60%,-9.33%,,,,,,,,,,,,
,,,,,,,,,,,,,,,,,,2021,3/29/2021,$                                                       97.62,,,,,,,,,,2.32%,$             97.62,2.26,126.93,38.44,86.97,67%,30%,1.78%,5.88%,3.12%,-38.27%,-38.27%,0,2.60%,-8.80%,,,,,,,,,,,,
,,,,,,,,,,,,,,,,,,2021,3/30/2021,$                                                       98.32,,,,,,,,,,2.30%,$             98.32,2.26,126.93,38.44,86.97,68%,29%,1.78%,5.88%,3.10%,-38.71%,-38.71%,0,2.60%,-8.15%,,,,,,,,,,,,
,,,,,,,,,,,,,,,,,,2021,3/31/2021,$                                                       96.95,,,,,,,,,,2.33%,$             96.95,2.26,126.93,38.44,86.97,66%,31%,1.78%,5.88%,3.14%,-37.84%,-37.84%,0,2.60%,-9.43%,,,,,,,,,,,,
,,,,,,,,,,,,,,,,,,2021,4/1/2021,$                                                       97.20,,,,,,,,,,2.33%,$             97.20,2.26,126.93,38.44,86.97,66%,31%,1.78%,5.88%,3.13%,-38.00%,-38.00%,0,2.60%,-9.19%,,,,,,,,,,,,
,,,,,,,,,,,,,,,,,,2021,4/5/2021,$                                                       97.40,,,,,,,,,,2.32%,$             97.40,2.26,126.93,38.44,86.97,67%,30%,1.78%,5.88%,3.13%,-38.13%,-38.13%,0,2.60%,-9.01%,,,,,,,,,,,,
,,,,,,,,,,,,,,,,,,2021,4/6/2021,$                                                       97.63,,,,,,,,,,2.31%,$             97.63,2.26,126.93,38.44,86.97,67%,30%,1.78%,5.88%,3.12%,-38.28%,-38.28%,0,2.60%,-8.79%,,,,,,,,,,,,
,,,,,,,,,,,,,,,,,,2021,4/7/2021,$                                                       97.22,,,,,,,,,,2.32%,$             97.22,2.26,126.93,38.44,86.97,66%,31%,1.78%,5.88%,3.13%,-38.02%,-38.02%,0,2.60%,-9.17%,,,,,,,,,,,,
,,,,,,,,,,,,,,,,,,2021,4/8/2021,$                                                       98.30,,,,,,,,,,2.30%,$             98.30,2.26,126.93,38.44,86.97,68%,29%,1.78%,5.88%,3.10%,-38.70%,-38.70%,0,2.60%,-8.17%,,,,,,,,,,,,
,,,,,,,,,,,,,,,,,,2021,4/9/2021,$                                                       97.36,,,,,,,,,,2.32%,$             97.36,2.26,126.93,38.44,86.97,67%,30%,1.78%,5.88%,3.13%,-38.11%,-38.11%,0,2.60%,-9.04%,,,,,,,,,,,,
,,,,,,,,,,,,,,,,,,2021,4/12/2021,$                                                       97.75,,,,,,,,,,2.31%,$             97.75,2.26,126.93,38.44,86.97,67%,30%,1.78%,5.88%,3.12%,-38.35%,-38.35%,0,2.60%,-8.68%,,,,,,,,,,,,
,,,,,,,,,,,,,,,,,,2021,4/13/2021,$                                                       97.34,,,,,,,,,,2.32%,$             97.34,2.26,126.93,38.44,86.97,67%,30%,1.78%,5.88%,3.13%,-38.09%,-38.09%,0,2.60%,-9.06%,,,,,,,,,,,,
,,,,,,,,,,,,,,,,,,2021,4/14/2021,$                                                       98.25,,,,,,,,,,2.30%,$             98.25,2.26,126.93,38.44,86.97,68%,29%,1.78%,5.88%,3.10%,-38.67%,-38.67%,0,2.60%,-8.21%,,,,,,,,,,,,
,,,,,,,,,,,,,,,,,,2021,4/15/2021,$                                                     100.78,,,,,,,,,,2.24%,$           100.78,2.26,126.93,38.44,86.97,70%,26%,1.78%,5.88%,3.02%,-40.21%,-40.21%,0,2.60%,-5.85%,,,,,,,,,,,,
,,,,,,,,,,,,,,,,,,2021,4/16/2021,$                                                        99.10,,,,,,,,,,2.28%,$              99.10,2.26,126.93,38.44,86.97,69%,28%,1.78%,5.88%,3.07%,-39.19%,-39.19%,0,2.60%,-7.42%,,,,,,,,,,,,
,,,,,,,,,,,,,,,,,,2021,4/19/2021,$                                                        98.41,,,,,,,,,,2.30%,$              98.41,2.26,126.93,38.44,86.97,68%,29%,1.78%,5.88%,3.10%,-38.77%,-38.77%,0,2.60%,-8.06%,,,,,,,,,,,,
,,,,,,,,,,,,,,,,,,2021,4/20/2021,$                                                       98.73,,,,,,,,,,2.29%,$             98.73,2.26,126.93,38.44,86.97,68%,29%,1.78%,5.88%,3.09%,-38.96%,-38.96%,0,2.60%,-7.76%,,,,,,,,,,,,
,,,,,,,,,,,,,,,,,,2021,4/21/2021,$                                                       98.59,,,,,,,,,,2.29%,$             98.59,2.26,126.93,38.44,86.97,68%,29%,1.78%,5.88%,3.09%,-38.88%,-38.88%,0,2.60%,-7.89%,,,,,,,,,,,,
,,,,,,,,,,,,,,,,,,2021,4/22/2021,$                                                       98.62,,,,,,,,,,2.29%,$             98.62,2.26,126.93,38.44,86.97,68%,29%,1.78%,5.88%,3.09%,-38.90%,-38.90%,0,2.60%,-7.87%,,,,,,,,,,,,
,,,,,,,,,,,,,,,,,,2021,4/23/2021,$                                                       98.08,,,,,,,,,,2.30%,$             98.08,2.26,126.93,38.44,86.97,67%,29%,1.78%,5.88%,3.11%,-38.56%,-38.56%,0,2.60%,-8.37%,,,,,,,,,,,,
,,,,,,,,,,,,,,,,,,2021,4/26/2021,$                                                       97.45,,,,,,,,,,2.32%,$             97.45,2.26,126.93,38.44,86.97,67%,30%,1.78%,5.88%,3.13%,-38.16%,-38.16%,0,2.60%,-8.96%,,,,,,,,,,,,
,,,,,,,,,,,,,,,,,,2021,4/27/2021,$                                                       95.54,,,,,,,,,,2.37%,$             95.54,2.26,126.93,38.44,86.97,65%,33%,1.78%,5.88%,3.19%,-36.93%,-36.93%,0,2.60%,-10.74%,,,,,,,,,,,,
,,,,,,,,,,,,,,,,,,2021,4/28/2021,$                                                       96.78,,,,,,,,,,2.34%,$             96.78,2.26,126.93,38.44,86.97,66%,31%,1.78%,5.88%,3.15%,-37.74%,-37.74%,0,2.60%,-9.59%,,,,,,,,,,,,
,,,,,,,,,,,,,,,,,,2021,4/29/2021,$                                                       96.63,,,,,,,,,,2.34%,$             96.63,2.26,126.93,38.44,86.97,66%,31%,1.78%,5.88%,3.15%,-37.64%,-37.64%,0,2.60%,-9.73%,,,,,,,,,,,,
,,,,,,,,,,,,,,,,,,2021,4/30/2021,$                                                       96.58,,,,,,,,,,2.34%,$             96.58,2.26,126.93,38.44,86.97,66%,31%,1.78%,5.88%,3.15%,-37.61%,-37.61%,0,2.60%,-9.77%,,,,,,,,,,,,
,,,,,,,,,,,,,,,,,,2021,5/3/2021,$                                                       96.06,,,,,,,,,,2.35%,$             96.06,2.26,126.93,38.44,86.97,65%,32%,1.78%,5.88%,3.17%,-37.27%,-37.27%,0,2.60%,-10.26%,,,,,,,,,,,,
,,,,,,,,,,,,,,,,,,2021,5/5/2021,$                                                       96.58,,,,,,,,,,2.34%,$             96.58,2.26,126.93,38.44,86.97,66%,31%,1.78%,5.88%,3.15%,-37.61%,-37.61%,0,2.60%,-9.77%,,,,,,,,,,,,
,,,,,,,,,,,,,,,,,,2021,5/6/2021,$                                                        96.41,,,,,,,,,,2.34%,$              96.41,2.26,126.93,38.44,86.97,66%,32%,1.78%,5.88%,3.16%,-37.50%,-37.50%,0,2.60%,-9.93%,,,,,,,,,,,,
,,,,,,,,,,,,,,,,,,2021,5/7/2021,$                                                        96.81,,,,,,,,,,2.33%,$              96.81,2.26,126.93,38.44,86.97,66%,31%,1.78%,5.88%,3.15%,-37.75%,-37.75%,0,2.60%,-9.56%,,,,,,,,,,,,
,,,,,,,,,,,,,,,,,,2021,5/10/2021,$                                                       97.72,,,,,,,,,,2.31%,$             97.72,2.26,126.93,38.44,86.97,67%,30%,1.78%,5.88%,3.12%,-38.33%,-38.33%,0,2.60%,-8.71%,,,,,,,,,,,,
,,,,,,,,,,,,,,,,,,2021,5/11/2021,$                                                       97.56,,,,,,,,,,2.32%,$             97.56,2.26,126.93,38.44,86.97,67%,30%,1.78%,5.88%,3.12%,-38.23%,-38.23%,0,2.60%,-8.86%,,,,,,,,,,,,
,,,,,,,,,,,,,,,,,,2021,5/12/2021,$                                                       96.70,,,,,,,,,,2.34%,$             96.70,2.26,126.93,38.44,86.97,66%,31%,1.78%,5.88%,3.15%,-37.68%,-37.68%,0,2.60%,-9.66%,,,,,,,,,,,,
,,,,,,,,,,,,,,,,,,2021,5/13/2021,$                                                        97.17,,,,,,,,,,2.33%,$              97.17,2.26,126.93,38.44,86.97,66%,31%,1.78%,5.88%,3.14%,-37.98%,-37.98%,0,2.60%,-9.22%,,,,,,,,,,,,
,,,,,,,,,,,,,,,,,,2021,5/14/2021,$                                                       97.97,,,,,,,,,,2.31%,$             97.97,2.26,126.93,38.44,86.97,67%,30%,1.78%,5.88%,3.11%,-38.49%,-38.49%,0,2.60%,-8.47%,,,,,,,,,,,,
,,,,,,,,,,,,,,,,,,2021,5/17/2021,$                                                       95.85,,,,,,,,,,2.36%,$             95.85,2.26,126.93,38.44,86.97,65%,32%,1.78%,5.88%,3.18%,-37.13%,-37.13%,0,2.60%,-10.45%,,,,,,,,,,,,
,,,,,,,,,,,,,,,,,,2021,5/18/2021,$                                                       95.33,,,,,,,,,,2.37%,$             95.33,2.26,126.93,38.44,86.97,64%,33%,1.78%,5.88%,3.20%,-36.79%,-36.79%,0,2.60%,-10.94%,,,,,,,,,,,,
,,,,,,,,,,,,,,,,,,2021,5/19/2021,$                                                        94.18,,,,,,,,,,2.40%,$              94.18,2.26,126.93,38.44,86.97,63%,35%,1.78%,5.88%,3.24%,-36.02%,-36.02%,0,2.60%,-12.01%,,,,,,,,,,,,
,,,,,,,,,,,,,,,,,,2021,5/20/2021,$                                                        94.10,,,,,,,,,,2.40%,$              94.10,2.26,126.93,38.44,86.97,63%,35%,1.78%,5.88%,3.24%,-35.96%,-35.96%,0,2.60%,-12.09%,,,,,,,,,,,,
,,,,,,,,,,,,,,,,,,2021,5/21/2021,$                                                       92.99,,,,,,,,,,2.43%,$             92.99,2.26,126.93,38.44,86.97,62%,36%,1.78%,5.88%,3.28%,-35.20%,-35.20%,0,2.60%,-13.13%,,,,,,,,,,,,
,,,,,,,,,,,,,,,,,,2021,5/25/2021,$                                                        93.13,,,,,,,,,,2.43%,$              93.13,2.26,126.93,38.44,86.97,62%,36%,1.78%,5.88%,3.27%,-35.29%,-35.29%,0,2.60%,-13.00%,,,,,,,,,,,,
,,,,,,,,,,,,,,,,,,2021,5/26/2021,$                                                        96.21,,,,,,,,,,2.35%,$              96.21,2.26,126.93,38.44,86.97,65%,32%,1.78%,5.88%,3.17%,-37.37%,-37.37%,0,2.60%,-10.12%,,,,,,,,,,,,
,,,,,,,,,,,,,,,,,,2021,5/27/2021,$                                                       93.96,,,,,,,,,,2.41%,$             93.96,2.26,126.93,38.44,86.97,63%,35%,1.78%,5.88%,3.24%,-35.87%,-35.87%,0,2.60%,-12.22%,,,,,,,,,,,,
,,,,,,,,,,,,,,,,,,2021,5/28/2021,$                                                        95.01,,,,,,,,,,2.38%,$              95.01,2.26,126.93,38.44,86.97,64%,34%,1.78%,5.88%,3.21%,-36.58%,-36.58%,0,2.60%,-11.24%,,,,,,,,,,,,
,,,,,,,,,,,,,,,,,,2021,5/31/2021,$                                                       93.26,,,,,,,,,,2.42%,$             93.26,2.26,126.93,38.44,86.97,62%,36%,1.78%,5.88%,3.27%,-35.38%,-35.38%,0,2.60%,-12.87%,,,,,,,,,,,,
,,,,,,,,,,,,,,,,,,2021,6/1/2021,$                                                       93.99,,,,,,,,,,2.40%,$             93.99,2.26,126.93,38.44,86.97,63%,35%,1.78%,5.88%,3.24%,-35.89%,-35.89%,0,2.60%,-12.19%,,,,,,,,,,,,
,,,,,,,,,,,,,,,,,,2021,6/2/2021,$                                                       94.00,,,,,,,,,,2.40%,$             94.00,2.26,126.93,38.44,86.97,63%,35%,1.78%,5.88%,3.24%,-35.89%,-35.89%,0,2.60%,-12.18%,,,,,,,,,,,,
,,,,,,,,,,,,,,,,,,2021,6/3/2021,$                                                       95.03,,,,,,,,,,2.38%,$             95.03,2.26,126.93,38.44,86.97,64%,34%,1.78%,5.88%,3.21%,-36.59%,-36.59%,0,2.60%,-11.22%,,,,,,,,,,,,
,,,,,,,,,,,,,,,,,,2021,6/4/2021,$                                                       94.23,,,,,,,,,,2.40%,$             94.23,2.26,126.93,38.44,86.97,63%,35%,1.78%,5.88%,3.23%,-36.05%,-36.05%,0,2.60%,-11.97%,,,,,,,,,,,,
,,,,,,,,,,,,,,,,,,2021,6/7/2021,$                                                        94.13,,,,,,,,,,2.40%,$              94.13,2.26,126.93,38.44,86.97,63%,35%,1.78%,5.88%,3.24%,-35.98%,-35.98%,0,2.60%,-12.06%,,,,,,,,,,,,
,,,,,,,,,,,,,,,,,,2021,6/8/2021,$                                                       93.64,,,,,,,,,,2.41%,$             93.64,2.26,126.93,38.44,86.97,62%,36%,1.78%,5.88%,3.25%,-35.65%,-35.65%,0,2.60%,-12.52%,,,,,,,,,,,,
,,,,,,,,,,,,,,,,,,2021,6/9/2021,$                                                       93.63,,,,,,,,,,2.41%,$             93.63,2.26,126.93,38.44,86.97,62%,36%,1.78%,5.88%,3.25%,-35.64%,-35.64%,0,2.60%,-12.53%,,,,,,,,,,,,
,,,,,,,,,,,,,,,,,,2021,6/10/2021,$                                                       93.96,,,,,,,,,,2.41%,$             93.96,2.26,126.93,38.44,86.97,63%,35%,1.78%,5.88%,3.24%,-35.87%,-35.87%,0,2.60%,-12.22%,,,,,,,,,,,,
,,,,,,,,,,,,,,,,,,2021,6/11/2021,$                                                        94.01,,,,,,,,,,2.40%,$              94.01,2.26,126.93,38.44,86.97,63%,35%,1.78%,5.88%,3.24%,-35.90%,-35.90%,0,2.60%,-12.17%,,,,,,,,,,,,
,,,,,,,,,,,,,,,,,,2021,6/14/2021,$                                                       94.00,,,,,,,,,,2.40%,$             94.00,2.26,126.93,38.44,86.97,63%,35%,1.78%,5.88%,3.24%,-35.89%,-35.89%,0,2.60%,-12.18%,,,,,,,,,,,,
,,,,,,,,,,,,,,,,,,2021,6/15/2021,$                                                       93.52,,,,,,,,,,2.42%,$             93.52,2.26,126.93,38.44,86.97,62%,36%,1.78%,5.88%,3.26%,-35.56%,-35.56%,0,2.60%,-12.63%,,,,,,,,,,,,
,,,,,,,,,,,,,,,,,,2021,6/16/2021,$                                                       93.55,,,,,,,,,,2.42%,$             93.55,2.26,126.93,38.44,86.97,62%,36%,1.78%,5.88%,3.26%,-35.59%,-35.59%,0,2.60%,-12.60%,,,,,,,,,,,,
,,,,,,,,,,,,,,,,,,2021,6/17/2021,$                                                       93.98,,,,,,,,,,2.40%,$             93.98,2.26,126.93,38.44,86.97,63%,35%,1.78%,5.88%,3.24%,-35.88%,-35.88%,0,2.60%,-12.20%,,,,,,,,,,,,
,,,,,,,,,,,,,,,,,,2021,6/18/2021,$                                                         91.10,,,,,,,,,,2.48%,$               91.10,2.26,126.93,38.44,86.97,60%,39%,1.78%,5.88%,3.34%,-33.85%,-33.85%,0,2.60%,-14.89%,,,,,,,,,,,,
,,,,,,,,,,,,,,,,,,2021,6/21/2021,$                                                        91.88,,,,,,,,,,2.46%,$              91.88,2.26,126.93,38.44,86.97,60%,38%,1.78%,5.88%,3.32%,-34.41%,-34.41%,0,2.60%,-14.16%,,,,,,,,,,,,
,,,,,,,,,,,,,,,,,,2021,6/22/2021,$                                                         91.21,,,,,,,,,,2.48%,$               91.21,2.26,126.93,38.44,86.97,60%,39%,1.78%,5.88%,3.34%,-33.93%,-33.93%,0,2.60%,-14.79%,,,,,,,,,,,,
,,,,,,,,,,,,,,,,,,2021,6/23/2021,$                                                        91.50,,,,,,,,,,2.47%,$              91.50,2.26,126.93,38.44,86.97,60%,39%,1.78%,5.88%,3.33%,-34.14%,-34.14%,0,2.60%,-14.52%,,,,,,,,,,,,
,,,,,,,,,,,,,,,,,,2021,6/24/2021,$                                                       92.09,,,,,,,,,,2.45%,$             92.09,2.26,126.93,38.44,86.97,61%,38%,1.78%,5.88%,3.31%,-34.56%,-34.56%,0,2.60%,-13.97%,,,,,,,,,,,,
,,,,,,,,,,,,,,,,,,2021,6/25/2021,$                                                       93.45,,,,,,,,,,2.42%,$             93.45,2.26,126.93,38.44,86.97,62%,36%,1.78%,5.88%,3.26%,-35.52%,-35.52%,0,2.60%,-12.70%,,,,,,,,,,,,
,,,,,,,,,,,,,,,,,,2021,6/28/2021,$                                                        92.21,,,,,,,,,,2.45%,$              92.21,2.26,126.93,38.44,86.97,61%,38%,1.78%,5.88%,3.30%,-34.65%,-34.65%,0,2.60%,-13.85%,,,,,,,,,,,,
,,,,,,,,,,,,,,,,,,2021,6/29/2021,$                                                        92.10,,,,,,,,,,2.45%,$              92.10,2.26,126.93,38.44,86.97,61%,38%,1.78%,5.88%,3.31%,-34.57%,-34.57%,0,2.60%,-13.96%,,,,,,,,,,,,
,,,,,,,,,,,,,,,,,,2021,6/30/2021,$                                                        96.14,,,,,,,,,,2.35%,$              96.14,2.26,126.93,38.44,86.97,65%,32%,1.78%,5.88%,3.17%,-37.32%,-37.32%,0,2.60%,-10.18%,,,,,,,,,,,,
,,,,,,,,,,,,,,,,,,2021,7/2/2021,$                                                       97.00,,,,,,,,,,2.33%,$             97.00,2.26,126.93,38.44,86.97,66%,31%,1.78%,5.88%,3.14%,-37.88%,-37.88%,0,2.60%,-9.38%,,,,,,,,,,,,
,,,,,,,,,,,,,,,,,,2021,7/5/2021,$                                                        97.15,,,,,,,,,,2.33%,$              97.15,2.26,126.93,38.44,86.97,66%,31%,1.78%,5.88%,3.14%,-37.97%,-37.97%,0,2.60%,-9.24%,,,,,,,,,,,,
,,,,,,,,,,,,,,,,,,2021,7/6/2021,$                                                       95.79,,,,,,,,,,2.36%,$             95.79,2.26,126.93,38.44,86.97,65%,33%,1.78%,5.88%,3.18%,-37.09%,-37.09%,0,2.60%,-10.51%,,,,,,,,,,,,
,,,,,,,,,,,,,,,,,,2021,7/7/2021,$                                                       95.45,,,,,,,,,,2.37%,$             95.45,2.26,126.93,38.44,86.97,64%,33%,1.78%,5.88%,3.19%,-36.87%,-36.87%,0,2.60%,-10.83%,,,,,,,,,,,,
,,,,,,,,,,,,,,,,,,2021,7/8/2021,$                                                       94.99,,,,,,,,,,2.38%,$             94.99,2.26,126.93,38.44,86.97,64%,34%,1.78%,5.88%,3.21%,-36.56%,-36.56%,0,2.60%,-11.26%,,,,,,,,,,,,
,,,,,,,,,,,,,,,,,,2021,7/9/2021,$                                                        96.19,,,,,,,,,,2.35%,$              96.19,2.26,126.93,38.44,86.97,65%,32%,1.78%,5.88%,3.17%,-37.35%,-37.35%,0,2.60%,-10.14%,,,,,,,,,,,,
,,,,,,,,,,,,,,,,,,2021,7/12/2021,$                                                       96.54,,,,,,,,,,2.34%,$             96.54,2.26,126.93,38.44,86.97,66%,31%,1.78%,5.88%,3.16%,-37.58%,-37.58%,0,2.60%,-9.81%,,,,,,,,,,,,
,,,,,,,,,,,,,,,,,,2021,7/13/2021,$                                                       97.40,,,,,,,,,,2.32%,$             97.40,2.26,126.93,38.44,86.97,67%,30%,1.78%,5.88%,3.13%,-38.13%,-38.13%,0,2.60%,-9.01%,,,,,,,,,,,,
,,,,,,,,,,,,,,,,,,2021,7/14/2021,$                                                        96.71,,,,,,,,,,2.34%,$              96.71,2.26,126.93,38.44,86.97,66%,31%,1.78%,5.88%,3.15%,-37.69%,-37.69%,0,2.60%,-9.65%,,,,,,,,,,,,
,,,,,,,,,,,,,,,,,,2021,7/15/2021,$                                                       96.25,,,,,,,,,,2.35%,$             96.25,2.26,126.93,38.44,86.97,65%,32%,1.78%,5.88%,3.17%,-37.39%,-37.39%,0,2.60%,-10.08%,,,,,,,,,,,,
,,,,,,,,,,,,,,,,,,2021,7/16/2021,$                                                       96.07,,,,,,,,,,2.35%,$             96.07,2.26,126.93,38.44,86.97,65%,32%,1.78%,5.88%,3.17%,-37.27%,-37.27%,0,2.60%,-10.25%,,,,,,,,,,,,
,,,,,,,,,,,,,,,,,,2021,7/19/2021,$                                                       94.82,,,,,,,,,,2.38%,$             94.82,2.26,126.93,38.44,86.97,64%,34%,1.78%,5.88%,3.21%,-36.45%,-36.45%,0,2.60%,-11.42%,,,,,,,,,,,,
,,,,,,,,,,,,,,,,,,2021,7/20/2021,$                                                       95.06,,,,,,,,,,2.38%,$             95.06,2.26,126.93,38.44,86.97,64%,34%,1.78%,5.88%,3.21%,-36.61%,-36.61%,0,2.60%,-11.19%,,,,,,,,,,,,
,,,,,,,,,,,,,,,,,,2021,7/21/2021,$                                                       95.09,,,,,,,,,,2.38%,$             95.09,2.26,126.93,38.44,86.97,64%,33%,1.78%,5.88%,3.20%,-36.63%,-36.63%,0,2.60%,-11.16%,,,,,,,,,,,,
,,,,,,,,,,,,,,,,,,2021,7/22/2021,$                                                       94.80,,,,,,,,,,2.38%,$             94.80,2.26,126.93,38.44,86.97,64%,34%,1.78%,5.88%,3.21%,-36.43%,-36.43%,0,2.60%,-11.43%,,,,,,,,,,,,
,,,,,,,,,,,,,,,,,,2021,7/23/2021,$                                                       94.84,,,,,,,,,,2.38%,$             94.84,2.26,126.93,38.44,86.97,64%,34%,1.78%,5.88%,3.21%,-36.46%,-36.46%,0,2.60%,-11.40%,,,,,,,,,,,,
,,,,,,,,,,,,,,,,,,2021,7/26/2021,$                                                       94.44,,,,,,,,,,2.39%,$             94.44,2.26,126.93,38.44,86.97,63%,34%,1.78%,5.88%,3.23%,-36.19%,-36.19%,0,2.60%,-11.77%,,,,,,,,,,,,
,,,,,,,,,,,,,,,,,,2021,7/27/2021,$                                                       94.02,,,,,,,,,,2.40%,$             94.02,2.26,126.93,38.44,86.97,63%,35%,1.78%,5.88%,3.24%,-35.91%,-35.91%,0,2.60%,-12.16%,,,,,,,,,,,,
,,,,,,,,,,,,,,,,,,2021,7/28/2021,$                                                       92.95,,,,,,,,,,2.43%,$             92.95,2.26,126.93,38.44,86.97,62%,37%,1.78%,5.88%,3.28%,-35.17%,-35.17%,0,2.60%,-13.16%,,,,,,,,,,,,
,,,,,,,,,,,,,,,,,,2021,7/29/2021,$                                                       92.72,,,,,,,,,,2.44%,$             92.72,2.26,126.93,38.44,86.97,61%,37%,1.78%,5.88%,3.29%,-35.01%,-35.01%,0,2.60%,-13.38%,,,,,,,,,,,,
,,,,,,,,,,,,,,,,,,2021,7/30/2021,$                                                       92.99,,,,,,,,,,2.43%,$             92.99,2.26,126.93,38.44,86.97,62%,36%,1.78%,5.88%,3.28%,-35.20%,-35.20%,0,2.60%,-13.13%,,,,,,,,,,,,
,,,,,,,,,,,,,,,,,,2021,8/3/2021,$                                                       92.00,,,,,,,,,,2.46%,$             92.00,2.26,126.93,38.44,86.97,61%,38%,1.78%,5.88%,3.31%,-34.50%,-34.50%,0,2.60%,-14.05%,,,,,,,,,,,,
,,,,,,,,,,,,,,,,,,2021,8/4/2021,$                                                        91.06,,,,,,,,,,2.48%,$              91.06,2.26,126.93,38.44,86.97,59%,39%,1.78%,5.88%,3.35%,-33.82%,-33.82%,0,2.60%,-14.93%,,,,,,,,,,,,
,,,,,,,,,,,,,,,,,,2021,8/5/2021,$                                                       90.66,,,,,,,,,,2.49%,$             90.66,2.26,126.93,38.44,86.97,59%,40%,1.78%,5.88%,3.36%,-33.53%,-33.53%,0,2.60%,-15.30%,,,,,,,,,,,,
,,,,,,,,,,,,,,,,,,2021,8/6/2021,$                                                         91.31,,,,,,,,,,2.48%,$               91.31,2.26,126.93,38.44,86.97,60%,39%,1.78%,5.88%,3.34%,-34.01%,-34.01%,0,2.60%,-14.70%,,,,,,,,,,,,
,,,,,,,,,,,,,,,,,,2021,8/9/2021,$                                                        91.64,,,,,,,,,,2.47%,$              91.64,2.26,126.93,38.44,86.97,60%,39%,1.78%,5.88%,3.32%,-34.24%,-34.24%,0,2.60%,-14.39%,,,,,,,,,,,,
,,,,,,,,,,,,,,,,,,2021,8/10/2021,$                                                       90.93,,,,,,,,,,2.49%,$             90.93,2.26,126.93,38.44,86.97,59%,40%,1.78%,5.88%,3.35%,-33.73%,-33.73%,0,2.60%,-15.05%,,,,,,,,,,,,
,,,,,,,,,,,,,,,,,,2021,8/11/2021,$                                                         91.31,,,,,,,,,,2.48%,$               91.31,2.26,126.93,38.44,86.97,60%,39%,1.78%,5.88%,3.34%,-34.01%,-34.01%,0,2.60%,-14.70%,,,,,,,,,,,,
,,,,,,,,,,,,,,,,,,2021,8/12/2021,$                                                         91.19,,,,,,,,,,2.48%,$               91.19,2.26,126.93,38.44,86.97,60%,39%,1.78%,5.88%,3.34%,-33.92%,-33.92%,0,2.60%,-14.81%,,,,,,,,,,,,
,,,,,,,,,,,,,,,,,,2021,8/13/2021,$                                                        91.05,,,,,,,,,,2.48%,$              91.05,2.26,126.93,38.44,86.97,59%,39%,1.78%,5.88%,3.35%,-33.82%,-33.82%,0,2.60%,-14.94%,,,,,,,,,,,,
,,,,,,,,,,,,,,,,,,2021,8/16/2021,$                                                       90.25,,,,,,,,,,2.50%,$             90.25,2.26,126.93,38.44,86.97,59%,41%,1.78%,5.88%,3.38%,-33.23%,-33.23%,0,2.60%,-15.69%,,,,,,,,,,,,
,,,,,,,,,,,,,,,,,,2021,8/17/2021,$                                                       90.34,,,,,,,,,,2.50%,$             90.34,2.26,126.93,38.44,86.97,59%,41%,1.78%,5.88%,3.37%,-33.30%,-33.30%,0,2.60%,-15.60%,,,,,,,,,,,,
,,,,,,,,,,,,,,,,,,2021,8/18/2021,$                                                       89.94,,,,,,,,,,2.51%,$             89.94,2.26,126.93,38.44,86.97,58%,41%,1.78%,5.88%,3.39%,-33.00%,-33.00%,0,2.60%,-15.98%,,,,,,,,,,,,
,,,,,,,,,,,,,,,,,,2021,8/19/2021,$                                                       90.92,,,,,,,,,,2.49%,$             90.92,2.26,126.93,38.44,86.97,59%,40%,1.78%,5.88%,3.35%,-33.72%,-33.72%,0,2.60%,-15.06%,,,,,,,,,,,,
,,,,,,,,,,,,,,,,,,2021,8/20/2021,$                                                        91.00,,,,,,,,,,2.48%,$              91.00,2.26,126.93,38.44,86.97,59%,39%,1.78%,5.88%,3.35%,-33.78%,-33.78%,0,2.60%,-14.99%,,,,,,,,,,,,
,,,,,,,,,,,,,,,,,,2021,8/23/2021,$                                                        91.04,,,,,,,,,,2.48%,$              91.04,2.26,126.93,38.44,86.97,59%,39%,1.78%,5.88%,3.35%,-33.81%,-33.81%,0,2.60%,-14.95%,,,,,,,,,,,,
,,,,,,,,,,,,,,,,,,2021,8/24/2021,$                                                       90.86,,,,,,,,,,2.49%,$             90.86,2.26,126.93,38.44,86.97,59%,40%,1.78%,5.88%,3.35%,-33.68%,-33.68%,0,2.60%,-15.12%,,,,,,,,,,,,
,,,,,,,,,,,,,,,,,,2021,8/25/2021,$                                                       90.28,,,,,,,,,,2.50%,$             90.28,2.26,126.93,38.44,86.97,59%,41%,1.78%,5.88%,3.38%,-33.25%,-33.25%,0,2.60%,-15.66%,,,,,,,,,,,,
,,,,,,,,,,,,,,,,,,2021,8/26/2021,$                                                       90.52,,,,,,,,,,2.50%,$             90.52,2.26,126.93,38.44,86.97,59%,40%,1.78%,5.88%,3.37%,-33.43%,-33.43%,0,2.60%,-15.43%,,,,,,,,,,,,
,,,,,,,,,,,,,,,,,,2021,8/27/2021,$                                                        91.25,,,,,,,,,,2.48%,$              91.25,2.26,126.93,38.44,86.97,60%,39%,1.78%,5.88%,3.34%,-33.96%,-33.96%,0,2.60%,-14.75%,,,,,,,,,,,,
,,,,,,,,,,,,,,,,,,2021,8/30/2021,$                                                         91.41,,,,,,,,,,2.47%,$               91.41,2.26,126.93,38.44,86.97,60%,39%,1.78%,5.88%,3.33%,-34.08%,-34.08%,0,2.60%,-14.60%,,,,,,,,,,,,
,,,,,,,,,,,,,,,,,,2021,8/31/2021,$                                                        91.29,,,,,,,,,,2.48%,$              91.29,2.26,126.93,38.44,86.97,60%,39%,1.78%,5.88%,3.34%,-33.99%,-33.99%,0,2.60%,-14.71%,,,,,,,,,,,,
,,,,,,,,,,,,,,,,,,2021,9/1/2021,$                                                       92.50,,,,,,,,,,2.44%,$             92.50,2.26,126.93,38.44,86.97,61%,37%,1.78%,5.88%,3.29%,-34.85%,-34.85%,0,2.60%,-13.58%,,,,,,,,,,,,
,,,,,,,,,,,,,,,,,,2021,9/2/2021,$                                                       93.22,,,,,,,,,,2.42%,$             93.22,2.26,126.93,38.44,86.97,62%,36%,1.78%,5.88%,3.27%,-35.36%,-35.36%,0,2.60%,-12.91%,,,,,,,,,,,,
,,,,,,,,,,,,,,,,,,2021,9/3/2021,$                                                       92.64,,,,,,,,,,2.44%,$             92.64,2.26,126.93,38.44,86.97,61%,37%,1.78%,5.88%,3.29%,-34.95%,-34.95%,0,2.60%,-13.45%,,,,,,,,,,,,
,,,,,,,,,,,,,,,,,,2021,9/7/2021,$                                                        92.15,,,,,,,,,,2.45%,$              92.15,2.26,126.93,38.44,86.97,61%,38%,1.78%,5.88%,3.31%,-34.61%,-34.61%,0,2.60%,-13.91%,,,,,,,,,,,,
,,,,,,,,,,,,,,,,,,2021,9/8/2021,$                                                       92.72,,,,,,,,,,2.44%,$             92.72,2.26,126.93,38.44,86.97,61%,37%,1.78%,5.88%,3.29%,-35.01%,-35.01%,0,2.60%,-13.38%,,,,,,,,,,,,
,,,,,,,,,,,,,,,,,,2021,9/9/2021,$                                                       92.65,,,,,,,,,,2.44%,$             92.65,2.26,126.93,38.44,86.97,61%,37%,1.78%,5.88%,3.29%,-34.96%,-34.96%,0,2.60%,-13.45%,,,,,,,,,,,,
,,,,,,,,,,,,,,,,,,2021,9/10/2021,$                                                        92.91,,,,,,,,,,2.43%,$              92.91,2.26,126.93,38.44,86.97,62%,37%,1.78%,5.88%,3.28%,-35.14%,-35.14%,0,2.60%,-13.20%,,,,,,,,,,,,
,,,,,,,,,,,,,,,,,,2021,9/13/2021,$                                                       92.33,,,,,,,,,,2.45%,$             92.33,2.26,126.93,38.44,86.97,61%,37%,1.78%,5.88%,3.30%,-34.73%,-34.73%,0,2.60%,-13.74%,,,,,,,,,,,,
,,,,,,,,,,,,,,,,,,2021,9/14/2021,$                                                       92.25,,,,,,,,,,2.45%,$             92.25,2.26,126.93,38.44,86.97,61%,38%,1.78%,5.88%,3.30%,-34.68%,-34.68%,0,2.60%,-13.82%,,,,,,,,,,,,
,,,,,,,,,,,,,,,,,,2021,9/15/2021,$                                                       92.60,,,,,,,,,,2.44%,$             92.60,2.26,126.93,38.44,86.97,61%,37%,1.78%,5.88%,3.29%,-34.92%,-34.92%,0,2.60%,-13.49%,,,,,,,,,,,,
,,,,,,,,,,,,,,,,,,2021,9/16/2021,$                                                        92.71,,,,,,,,,,2.44%,$              92.71,2.26,126.93,38.44,86.97,61%,37%,1.78%,5.88%,3.29%,-35.00%,-35.00%,0,2.60%,-13.39%,,,,,,,,,,,,
,,,,,,,,,,,,,,,,,,2021,9/17/2021,$                                                       92.90,,,,,,,,,,2.43%,$             92.90,2.26,126.93,38.44,86.97,62%,37%,1.78%,5.88%,3.28%,-35.13%,-35.13%,0,2.60%,-13.21%,,,,,,,,,,,,
,,,,,,,,,,,,,,,,,,2021,9/20/2021,$                                                         91.14,,,,,,,,,,2.48%,$               91.14,2.26,126.93,38.44,86.97,60%,39%,1.78%,5.88%,3.34%,-33.88%,-33.88%,0,2.60%,-14.85%,,,,,,,,,,,,
,,,,,,,,,,,,,,,,,,2021,9/21/2021,$                                                         91.81,,,,,,,,,,2.46%,$               91.81,2.26,126.93,38.44,86.97,60%,38%,1.78%,5.88%,3.32%,-34.36%,-34.36%,0,2.60%,-14.23%,,,,,,,,,,,,
,,,,,,,,,,,,,,,,,,2021,9/22/2021,$                                                        91.53,,,,,,,,,,2.47%,$              91.53,2.26,126.93,38.44,86.97,60%,39%,1.78%,5.88%,3.33%,-34.16%,-34.16%,0,2.60%,-14.49%,,,,,,,,,,,,
,,,,,,,,,,,,,,,,,,2021,9/23/2021,$                                                        91.37,,,,,,,,,,2.47%,$              91.37,2.26,126.93,38.44,86.97,60%,39%,1.78%,5.88%,3.33%,-34.05%,-34.05%,0,2.60%,-14.64%,,,,,,,,,,,,
,,,,,,,,,,,,,,,,,,2021,9/24/2021,$                                                        91.60,,,,,,,,,,2.47%,$              91.60,2.26,126.93,38.44,86.97,60%,39%,1.78%,5.88%,3.33%,-34.21%,-34.21%,0,2.60%,-14.42%,,,,,,,,,,,,
,,,,,,,,,,,,,,,,,,2021,9/27/2021,$                                                        91.70,,,,,,,,,,2.46%,$              91.70,2.26,126.93,38.44,86.97,60%,38%,1.78%,5.88%,3.32%,-34.29%,-34.29%,0,2.60%,-14.33%,,,,,,,,,,,,
,,,,,,,,,,,,,,,,,,2021,9/28/2021,$                                                        91.32,,,,,,,,,,2.47%,$              91.32,2.26,126.93,38.44,86.97,60%,39%,1.78%,5.88%,3.34%,-34.01%,-34.01%,0,2.60%,-14.69%,,,,,,,,,,,,
,,,,,,,,,,,,,,,,,,2021,9/29/2021,$                                                        91.84,,,,,,,,,,2.46%,$              91.84,2.26,126.93,38.44,86.97,60%,38%,1.78%,5.88%,3.32%,-34.39%,-34.39%,0,2.60%,-14.20%,,,,,,,,,,,,
,,,,,,,,,,,,,,,,,,2021,9/30/2021,$                                                       90.20,,,,,,,,,,2.51%,$             90.20,2.26,126.93,38.44,86.97,58%,41%,1.78%,5.88%,3.38%,-33.19%,-33.19%,0,2.60%,-15.73%,,,,,,,,,,,,
,,,,,,,,,,,,,,,,,,2021,10/1/2021,$                                                       89.86,,,,,,,,,,2.52%,$             89.86,2.26,126.93,38.44,86.97,58%,41%,1.78%,5.88%,3.39%,-32.94%,-32.94%,0,2.60%,-16.05%,,,,,,,,,,,,
,,,,,,,,,,,,,,,,,,2021,10/4/2021,$                                                        88.14,,,,,,,,,,2.56%,$              88.14,2.26,126.93,38.44,86.97,56%,44%,1.78%,5.88%,3.46%,-31.63%,-31.63%,0,2.60%,-17.66%,,,,,,,,,,,,
,,,,,,,,,,,,,,,,,,2021,10/5/2021,$                                                        89.10,,,,,,,,,,2.54%,$              89.10,2.26,126.93,38.44,86.97,57%,42%,1.78%,5.88%,3.42%,-32.37%,-32.37%,0,2.60%,-16.76%,,,,,,,,,,,,
,,,,,,,,,,,,,,,,,,2021,10/6/2021,$                                                       88.74,,,,,,,,,,2.55%,$             88.74,2.26,126.93,38.44,86.97,57%,43%,1.78%,5.88%,3.43%,-32.09%,-32.09%,0,2.60%,-17.10%,,,,,,,,,,,,
,,,,,,,,,,,,,,,,,,2021,10/7/2021,$                                                        88.51,,,,,,,,,,2.55%,$              88.51,2.26,126.93,38.44,86.97,57%,43%,1.78%,5.88%,3.44%,-31.92%,-31.92%,0,2.60%,-17.31%,,,,,,,,,,,,
,,,,,,,,,,,,,,,,,,2021,10/8/2021,$                                                       87.34,,,,,,,,,,2.59%,$             87.34,2.26,126.93,38.44,86.97,55%,45%,1.78%,5.88%,3.49%,-31.01%,-31.01%,0,2.60%,-18.40%,,,,,,,,,,,,
,,,,,,,,,,,,,,,,,,2021,10/12/2021,$                                                        86.81,,,,,,,,,,2.60%,$              86.81,2.26,126.93,38.44,86.97,55%,46%,1.78%,5.88%,3.51%,-30.58%,-30.58%,0,2.60%,-18.90%,,,,,,,,,,,,
,,,,,,,,,,,,,,,,,,2021,10/13/2021,$                                                       85.74,,,,,,,,,,2.64%,$             85.74,2.26,126.93,38.44,86.97,53%,48%,1.78%,5.88%,3.55%,-29.72%,-29.72%,0,2.60%,-19.90%,,,,,,,,,,,,
,,,,,,,,,,,,,,,,,,2021,10/14/2021,$                                                       86.03,,,,,,,,,,2.63%,$             86.03,2.26,126.93,38.44,86.97,54%,48%,1.78%,5.88%,3.54%,-29.95%,-29.95%,0,2.60%,-19.63%,,,,,,,,,,,,
,,,,,,,,,,,,,,,,,,2021,10/15/2021,$                                                       85.70,,,,,,,,,,2.64%,$             85.70,2.26,126.93,38.44,86.97,53%,48%,1.78%,5.88%,3.56%,-29.68%,-29.68%,0,2.60%,-19.94%,,,,,,,,,,,,
,,,,,,,,,,,,,,,,,,2021,10/18/2021,$                                                       85.34,,,,,,,,,,2.65%,$             85.34,2.26,126.93,38.44,86.97,53%,49%,1.78%,5.88%,3.57%,-29.39%,-29.39%,0,2.60%,-20.27%,,,,,,,,,,,,
,,,,,,,,,,,,,,,,,,2021,10/19/2021,$                                                       85.20,,,,,,,,,,2.65%,$             85.20,2.26,126.93,38.44,86.97,53%,49%,1.78%,5.88%,3.58%,-29.27%,-29.27%,0,2.60%,-20.40%,,,,,,,,,,,,
,,,,,,,,,,,,,,,,,,2021,10/20/2021,$                                                       84.95,,,,,,,,,,2.66%,$             84.95,2.26,126.93,38.44,86.97,53%,49%,1.78%,5.88%,3.59%,-29.06%,-29.06%,0,2.60%,-20.64%,,,,,,,,,,,,
,,,,,,,,,,,,,,,,,,2021,10/21/2021,$                                                       84.60,,,,,,,,,,2.67%,$             84.60,2.26,126.93,38.44,86.97,52%,50%,1.78%,5.88%,3.60%,-28.77%,-28.77%,0,2.60%,-20.96%,,,,,,,,,,,,
,,,,,,,,,,,,,,,,,,2021,10/22/2021,$                                                        84.41,,,,,,,,,,2.68%,$              84.41,2.26,126.93,38.44,86.97,52%,50%,1.78%,5.88%,3.61%,-28.61%,-28.61%,0,2.60%,-21.14%,,,,,,,,,,,,
,,,,,,,,,,,,,,,,,,2021,10/25/2021,$                                                        84.15,,,,,,,,,,2.69%,$              84.15,2.26,126.93,38.44,86.97,52%,51%,1.78%,5.88%,3.62%,-28.39%,-28.39%,0,2.60%,-21.38%,,,,,,,,,,,,
,,,,,,,,,,,,,,,,,,2021,10/26/2021,$                                                       84.20,,,,,,,,,,2.68%,$             84.20,2.26,126.93,38.44,86.97,52%,51%,1.78%,5.88%,3.62%,-28.43%,-28.43%,0,2.60%,-21.34%,,,,,,,,,,,,
,,,,,,,,,,,,,,,,,,2021,10/27/2021,$                                                       83.30,,,,,,,,,,2.71%,$             83.30,2.26,126.93,38.44,86.97,51%,52%,1.78%,5.88%,3.66%,-27.66%,-27.66%,0,2.60%,-22.18%,,,,,,,,,,,,
,,,,,,,,,,,,,,,,,,2021,10/28/2021,$                                                       84.45,,,,,,,,,,2.68%,$             84.45,2.26,126.93,38.44,86.97,52%,50%,1.78%,5.88%,3.61%,-28.64%,-28.64%,0,2.60%,-21.10%,,,,,,,,,,,,
,,,,,,,,,,,,,,,,,,2021,10/29/2021,$                                                       82.38,,,,,,,,,,2.74%,$             82.38,2.26,126.93,38.44,86.97,50%,54%,1.78%,5.88%,3.70%,-26.85%,-26.85%,0,2.60%,-23.04%,,,,,,,,,,,,
,,,,,,,,,,,,,,,,,,2021,11/1/2021,$                                                        82.13,,,,,,,,,,2.75%,$              82.13,2.26,126.93,38.44,86.97,49%,55%,1.78%,5.88%,3.71%,-26.63%,-26.63%,0,2.60%,-23.27%,,,,,,,,,,,,
,,,,,,,,,,,,,,,,,,2021,11/2/2021,$                                                        82.21,,,,,,,,,,2.75%,$              82.21,2.26,126.93,38.44,86.97,49%,54%,1.78%,5.88%,3.71%,-26.70%,-26.70%,0,2.60%,-23.20%,,,,,,,,,,,,
,,,,,,,,,,,,,,,,,,2021,11/3/2021,$                                                       82.29,,,,,,,,,,2.75%,$             82.29,2.26,126.93,38.44,86.97,50%,54%,1.78%,5.88%,3.70%,-26.77%,-26.77%,0,2.60%,-23.12%,,,,,,,,,,,,
,,,,,,,,,,,,,,,,,,2021,11/4/2021,$                                                       82.36,,,,,,,,,,2.74%,$             82.36,2.26,126.93,38.44,86.97,50%,54%,1.78%,5.88%,3.70%,-26.83%,-26.83%,0,2.60%,-23.06%,,,,,,,,,,,,
,,,,,,,,,,,,,,,,,,2021,11/5/2021,$                                                         83.11,,,,,,,,,,2.72%,$               83.11,2.26,126.93,38.44,86.97,50%,53%,1.78%,5.88%,3.67%,-27.49%,-27.49%,0,2.60%,-22.36%,,,,,,,,,,,,
,,,,,,,,,,,,,,,,,,2021,11/8/2021,$                                                       84.00,,,,,,,,,,2.69%,$             84.00,2.26,126.93,38.44,86.97,51%,51%,1.78%,5.88%,3.63%,-28.26%,-28.26%,0,2.60%,-21.52%,,,,,,,,,,,,
,,,,,,,,,,,,,,,,,,2021,11/9/2021,$                                                       83.60,,,,,,,,,,2.70%,$             83.60,2.26,126.93,38.44,86.97,51%,52%,1.78%,5.88%,3.64%,-27.92%,-27.92%,0,2.60%,-21.90%,,,,,,,,,,,,
,,,,,,,,,,,,,,,,,,2021,11/10/2021,$                                                       84.29,,,,,,,,,,2.68%,$             84.29,2.26,126.93,38.44,86.97,52%,51%,1.78%,5.88%,3.61%,-28.51%,-28.51%,0,2.60%,-21.25%,,,,,,,,,,,,
,,,,,,,,,,,,,,,,,,2021,11/11/2021,$                                                        83.10,,,,,,,,,,2.72%,$              83.10,2.26,126.93,38.44,86.97,50%,53%,1.78%,5.88%,3.67%,-27.48%,-27.48%,0,2.60%,-22.37%,,,,,,,,,,,,
,,,,,,,,,,,,,,,,,,2021,11/12/2021,$                                                       82.44,,,,,,,,,,2.74%,$             82.44,2.26,126.93,38.44,86.97,50%,54%,1.78%,5.88%,3.70%,-26.90%,-26.90%,0,2.60%,-22.98%,,,,,,,,,,,,
,,,,,,,,,,,,,,,,,,2021,11/15/2021,$                                                       79.23,,,,,,,,,,2.85%,$             79.23,2.26,126.93,38.44,86.97,46%,60%,1.78%,5.88%,3.85%,-23.94%,-23.94%,0,2.60%,-25.98%,,,,,,,,,,,,
,,,,,,,,,,,,,,,,,,2021,11/16/2021,$                                                       79.23,,,,,,,,,,2.85%,$             79.23,2.26,126.93,38.44,86.97,46%,60%,1.78%,5.88%,3.85%,-23.94%,-23.94%,0,2.60%,-25.98%,,,,,,,,,,,,
,,,,,,,,,,,,,,,,,,2021,11/17/2021,$                                                       79.80,,,,,,,,,,2.83%,$             79.80,2.26,126.93,38.44,86.97,47%,59%,1.78%,5.88%,3.82%,-24.49%,-24.49%,0,2.60%,-25.45%,,,,,,,,,,,,
,,,,,,,,,,,,,,,,,,2021,11/18/2021,$                                                       79.40,,,,,,,,,,2.85%,$             79.40,2.26,126.93,38.44,86.97,46%,60%,1.78%,5.88%,3.84%,-24.11%,-24.11%,0,2.60%,-25.82%,,,,,,,,,,,,
,,,,,,,,,,,,,,,,,,2021,11/19/2021,$                                                       78.79,,,,,,,,,,2.87%,$             78.79,2.26,126.93,38.44,86.97,46%,61%,1.78%,5.88%,3.87%,-23.52%,-23.52%,0,2.60%,-26.39%,,,,,,,,,,,,
,,,,,,,,,,,,,,,,,,2021,11/22/2021,$                                                       77.90,,,,,,,,,,2.90%,$             77.90,2.26,126.93,38.44,86.97,45%,63%,1.78%,5.88%,3.91%,-22.64%,-22.64%,0,2.60%,-27.22%,,,,,,,,,,,,
,,,,,,,,,,,,,,,,,,2021,11/23/2021,$                                                        79.81,,,,,,,,,,2.83%,$              79.81,2.26,126.93,38.44,86.97,47%,59%,1.78%,5.88%,3.82%,-24.50%,-24.50%,0,2.60%,-25.44%,,,,,,,,,,,,
,,,,,,,,,,,,,,,,,,2021,11/24/2021,$                                                        81.05,,,,,,,,,,2.79%,$              81.05,2.26,126.93,38.44,86.97,48%,57%,1.78%,5.88%,3.76%,-25.65%,-25.65%,0,2.60%,-24.28%,,,,,,,,,,,,
,,,,,,,,,,,,,,,,,,2021,11/25/2021,$                                                       83.92,,,,,,,,,,2.69%,$             83.92,2.26,126.93,38.44,86.97,51%,51%,1.78%,5.88%,3.63%,-28.19%,-28.19%,0,2.60%,-21.60%,,,,,,,,,,,,
,,,,,,,,,,,,,,,,,,2021,11/26/2021,$                                                        81.38,,,,,,,,,,2.78%,$              81.38,2.26,126.93,38.44,86.97,49%,56%,1.78%,5.88%,3.74%,-25.95%,-25.95%,0,2.60%,-23.97%,,,,,,,,,,,,
,,,,,,,,,,,,,,,,,,2021,11/29/2021,$                                                        81.22,,,,,,,,,,2.78%,$              81.22,2.26,126.93,38.44,86.97,48%,56%,1.78%,5.88%,3.75%,-25.81%,-25.81%,0,2.60%,-24.12%,,,,,,,,,,,,
,,,,,,,,,,,,,,,,,,2021,11/30/2021,$                                                       79.85,,,,,,,,,,2.83%,$             79.85,2.26,126.93,38.44,86.97,47%,59%,1.78%,5.88%,3.82%,-24.53%,-24.53%,0,2.60%,-25.40%,,,,,,,,,,,,
,,,,,,,,,,,,,,,,,,2021,12/1/2021,$                                                       79.70,,,,,,,,,,2.84%,$             79.70,2.26,126.93,38.44,86.97,47%,59%,1.78%,5.88%,3.82%,-24.39%,-24.39%,0,2.60%,-25.54%,,,,,,,,,,,,
,,,,,,,,,,,,,,,,,,2021,12/2/2021,$                                                       80.47,,,,,,,,,,2.81%,$             80.47,2.26,126.93,38.44,86.97,47%,58%,1.78%,5.88%,3.79%,-25.11%,-25.11%,0,2.60%,-24.82%,,,,,,,,,,,,
,,,,,,,,,,,,,,,,,,2021,12/3/2021,$                                                        80.10,,,,,,,,,,2.82%,$              80.10,2.26,126.93,38.44,86.97,47%,58%,1.78%,5.88%,3.80%,-24.77%,-24.77%,0,2.60%,-25.17%,,,,,,,,,,,,
,,,,,,,,,,,,,,,,,,2021,12/6/2021,$                                                       79.75,,,,,,,,,,2.83%,$             79.75,2.26,126.93,38.44,86.97,47%,59%,1.78%,5.88%,3.82%,-24.44%,-24.44%,0,2.60%,-25.50%,,,,,,,,,,,,
,,,,,,,,,,,,,,,,,,2021,12/7/2021,$                                                       79.72,,,,,,,,,,2.83%,$             79.72,2.26,126.93,38.44,86.97,47%,59%,1.78%,5.88%,3.82%,-24.41%,-24.41%,0,2.60%,-25.52%,,,,,,,,,,,,
,,,,,,,,,,,,,,,,,,2021,12/8/2021,$                                                       79.46,,,,,,,,,,2.84%,$             79.46,2.26,126.93,38.44,86.97,46%,60%,1.78%,5.88%,3.83%,-24.16%,-24.16%,0,2.60%,-25.77%,,,,,,,,,,,,
,,,,,,,,,,,,,,,,,,2021,12/9/2021,$                                                       78.64,,,,,,,,,,2.87%,$             78.64,2.26,126.93,38.44,86.97,45%,61%,1.78%,5.88%,3.87%,-23.37%,-23.37%,0,2.60%,-26.53%,,,,,,,,,,,,
,,,,,,,,,,,,,,,,,,2021,12/10/2021,$                                                       77.72,,,,,,,,,,2.91%,$             77.72,2.26,126.93,38.44,86.97,44%,63%,1.78%,5.88%,3.92%,-22.47%,-22.47%,0,2.60%,-27.39%,,,,,,,,,,,,
,,,,,,,,,,,,,,,,,,2021,12/13/2021,$                                                       76.87,,,,,,,,,,2.94%,$             76.87,2.26,126.93,38.44,86.97,43%,65%,1.78%,5.88%,3.96%,-21.61%,-21.61%,0,2.60%,-28.19%,,,,,,,,,,,,
,,,,,,,,,,,,,,,,,,2021,12/14/2021,$                                                       76.87,,,,,,,,,,2.94%,$             76.87,2.26,126.93,38.44,86.97,43%,65%,1.78%,5.88%,3.96%,-21.61%,-21.61%,0,2.60%,-28.19%,,,,,,,,,,,,
,,,,,,,,,,,,,,,,,,2021,12/15/2021,$                                                       76.00,,,,,,,,,,2.97%,$             76.00,2.26,126.93,38.44,86.97,42%,67%,1.78%,5.88%,4.01%,-20.71%,-20.71%,0,2.60%,-29.00%,,,,,,,,,,,,
,,,,,,,,,,,,,,,,,,2021,12/16/2021,$                                                       76.62,,,,,,,,,,2.95%,$             76.62,2.26,126.93,38.44,86.97,43%,66%,1.78%,5.88%,3.98%,-21.35%,-21.35%,0,2.60%,-28.42%,,,,,,,,,,,,
,,,,,,,,,,,,,,,,,,2021,12/17/2021,$                                                       76.63,,,,,,,,,,2.95%,$             76.63,2.26,126.93,38.44,86.97,43%,66%,1.78%,5.88%,3.98%,-21.36%,-21.36%,0,2.60%,-28.41%,,,,,,,,,,,,
,,,,,,,,,,,,,,,,,,2021,12/20/2021,$                                                       76.83,,,,,,,,,,2.94%,$             76.83,2.26,126.93,38.44,86.97,43%,65%,1.78%,5.88%,3.97%,-21.57%,-21.57%,0,2.60%,-28.22%,,,,,,,,,,,,
,,,,,,,,,,,,,,,,,,2021,12/21/2021,$                                                       79.22,,,,,,,,,,2.85%,$             79.22,2.26,126.93,38.44,86.97,46%,60%,1.78%,5.88%,3.85%,-23.93%,-23.93%,0,2.60%,-25.99%,,,,,,,,,,,,
,,,,,,,,,,,,,,,,,,2021,12/22/2021,$                                                       80.70,,,,,,,,,,2.80%,$             80.70,2.26,126.93,38.44,86.97,48%,57%,1.78%,5.88%,3.78%,-25.33%,-25.33%,0,2.60%,-24.61%,,,,,,,,,,,,
,,,,,,,,,,,,,,,,,,2021,12/23/2021,$                                                       80.60,,,,,,,,,,2.80%,$             80.60,2.26,126.93,38.44,86.97,48%,57%,1.78%,5.88%,3.78%,-25.24%,-25.24%,0,2.60%,-24.70%,,,,,,,,,,,,
,,,,,,,,,,,,,,,,,,2021,12/24/2021,$                                                        81.22,,,,,,,,,,2.78%,$              81.22,2.26,126.93,38.44,86.97,48%,56%,1.78%,5.88%,3.75%,-25.81%,-25.81%,0,2.60%,-24.12%,,,,,,,,,,,,
,,,,,,,,,,,,,,,,,,2021,12/29/2021,$                                                       80.25,,,,,,,,,,2.82%,$             80.25,2.26,126.93,38.44,86.97,47%,58%,1.78%,5.88%,3.80%,-24.91%,-24.91%,0,2.60%,-25.03%,,,,,,,,,,,,
,,,,,,,,,,,,,,,,,,2021,12/30/2021,$                                                       80.97,,,,,,,,,,2.79%,$             80.97,2.26,126.93,38.44,86.97,48%,57%,1.78%,5.88%,3.76%,-25.58%,-25.58%,0,2.60%,-24.36%,,,,,,,,,,,,
,,,,,,,,,,,,,,,,,,2021,12/31/2021,$                                                        81.23,,,,,,,,,,2.78%,$              81.23,2.26,126.93,38.44,86.97,48%,56%,1.78%,5.88%,3.75%,-25.82%,-25.82%,0,2.60%,-24.11%,,,,,,,,,,,,
,,,,,,,,,,,,,,,,,,2022,1/4/2022,$                                                        81.40,,,,,,,,,,3.20%,$              81.40,2.61,146.36,44.32,100.28,36%,80%,1.78%,5.88%,3.74%,-25.97%,-25.97%,0,2.60%,-23.95%,,,,,,,,,,,,
,,,,,,,,,,,,,,,,,,2022,1/5/2022,$                                                         81.14,,,,,,,,,,3.21%,$               81.14,2.61,146.36,44.32,100.28,36%,80%,1.78%,5.88%,3.76%,-25.73%,-25.73%,0,2.60%,-24.20%,,,,,,,,,,,,
,,,,,,,,,,,,,,,,,,2022,1/6/2022,$                                                       80.50,,,,,,,,,,3.24%,$             80.50,2.61,146.36,44.32,100.28,35%,82%,1.78%,5.88%,3.79%,-25.14%,-25.14%,0,2.60%,-24.79%,,,,,,,,,,,,
,,,,,,,,,,,,,,,,,,2022,1/7/2022,$                                                       80.27,,,,,,,,,,3.25%,$             80.27,2.61,146.36,44.32,100.28,35%,82%,1.78%,5.88%,3.80%,-24.93%,-24.93%,0,2.60%,-25.01%,,,,,,,,,,,,
,,,,,,,,,,,,,,,,,,2022,1/10/2022,$                                                       80.32,,,,,,,,,,3.24%,$             80.32,2.61,146.36,44.32,100.28,35%,82%,1.78%,5.88%,3.79%,-24.98%,-24.98%,0,2.60%,-24.96%,,,,,,,,,,,,
,,,,,,,,,,,,,,,,,,2022,1/11/2022,$                                                         81.19,,,,,,,,,,3.21%,$               81.19,2.61,146.36,44.32,100.28,36%,80%,1.78%,5.88%,3.75%,-25.78%,-25.78%,0,2.60%,-24.15%,,,,,,,,,,,,
,,,,,,,,,,,,,,,,,,2022,1/12/2022,$                                                       79.84,,,,,,,,,,3.26%,$             79.84,2.61,146.36,44.32,100.28,35%,83%,1.78%,5.88%,3.82%,-24.52%,-24.52%,0,2.60%,-25.41%,,,,,,,,,,,,
,,,,,,,,,,,,,,,,,,2022,1/13/2022,$                                                       80.23,,,,,,,,,,3.25%,$             80.23,2.61,146.36,44.32,100.28,35%,82%,1.78%,5.88%,3.80%,-24.89%,-24.89%,0,2.60%,-25.05%,,,,,,,,,,,,
,,,,,,,,,,,,,,,,,,2022,1/14/2022,$                                                       79.34,,,,,,,,,,3.28%,$             79.34,2.61,146.36,44.32,100.28,34%,84%,1.78%,5.88%,3.84%,-24.05%,-24.05%,0,2.60%,-25.88%,,,,,,,,,,,,
,,,,,,,,,,,,,,,,,,2022,1/17/2022,$                                                         81.13,,,,,,,,,,3.21%,$               81.13,2.61,146.36,44.32,100.28,36%,80%,1.78%,5.88%,3.76%,-25.72%,-25.72%,0,2.60%,-24.21%,,,,,,,,,,,,
,,,,,,,,,,,,,,,,,,2022,1/18/2022,$                                                       79.88,,,,,,,,,,3.26%,$             79.88,2.61,146.36,44.32,100.28,35%,83%,1.78%,5.88%,3.81%,-24.56%,-24.56%,0,2.60%,-25.37%,,,,,,,,,,,,
,,,,,,,,,,,,,,,,,,2022,1/19/2022,$                                                       79.90,,,,,,,,,,3.26%,$             79.90,2.61,146.36,44.32,100.28,35%,83%,1.78%,5.88%,3.81%,-24.58%,-24.58%,0,2.60%,-25.36%,,,,,,,,,,,,
,,,,,,,,,,,,,,,,,,2022,1/20/2022,$                                                        79.41,,,,,,,,,,3.28%,$              79.41,2.61,146.36,44.32,100.28,34%,84%,1.78%,5.88%,3.84%,-24.12%,-24.12%,0,2.60%,-25.81%,,,,,,,,,,,,
,,,,,,,,,,,,,,,,,,2022,1/21/2022,$                                                       77.66,,,,,,,,,,3.36%,$             77.66,2.61,146.36,44.32,100.28,33%,88%,1.78%,5.88%,3.92%,-22.41%,-22.41%,0,2.60%,-27.45%,,,,,,,,,,,,
,,,,,,,,,,,,,,,,,,2022,1/24/2022,$                                                       78.05,,,,,,,,,,3.34%,$             78.05,2.61,146.36,44.32,100.28,33%,88%,1.78%,5.88%,3.90%,-22.79%,-22.79%,0,2.60%,-27.08%,,,,,,,,,,,,
,,,,,,,,,,,,,,,,,,2022,1/25/2022,$                                                       78.08,,,,,,,,,,3.34%,$             78.08,2.61,146.36,44.32,100.28,33%,87%,1.78%,5.88%,3.90%,-22.82%,-22.82%,0,2.60%,-27.06%,,,,,,,,,,,,
,,,,,,,,,,,,,,,,,,2022,1/26/2022,$                                                       76.22,,,,,,,,,,3.42%,$             76.22,2.61,146.36,44.32,100.28,31%,92%,1.78%,5.88%,4.00%,-20.94%,-20.94%,0,2.60%,-28.79%,,,,,,,,,,,,
,,,,,,,,,,,,,,,,,,2022,1/27/2022,$                                                       76.36,,,,,,,,,,3.41%,$             76.36,2.61,146.36,44.32,100.28,31%,92%,1.78%,5.88%,3.99%,-21.08%,-21.08%,0,2.60%,-28.66%,,,,,,,,,,,,
,,,,,,,,,,,,,,,,,,2022,1/28/2022,$                                                       79.92,,,,,,,,,,3.26%,$             79.92,2.61,146.36,44.32,100.28,35%,83%,1.78%,5.88%,3.81%,-24.60%,-24.60%,0,2.60%,-25.34%,,,,,,,,,,,,
,,,,,,,,,,,,,,,,,,2022,1/31/2022,$                                                        81.94,,,,,,,,,,3.18%,$              81.94,2.61,146.36,44.32,100.28,37%,79%,1.78%,5.88%,3.72%,-26.46%,-26.46%,0,2.60%,-23.45%,,,,,,,,,,,,
,,,,,,,,,,,,,,,,,,2022,2/1/2022,$                                                        81.34,,,,,,,,,,3.20%,$              81.34,2.61,146.36,44.32,100.28,36%,80%,1.78%,5.88%,3.75%,-25.92%,-25.92%,0,2.60%,-24.01%,,,,,,,,,,,,
,,,,,,,,,,,,,,,,,,2022,2/2/2022,$                                                        81.35,,,,,,,,,,3.20%,$              81.35,2.61,146.36,44.32,100.28,36%,80%,1.78%,5.88%,3.75%,-25.93%,-25.93%,0,2.60%,-24.00%,,,,,,,,,,,,
,,,,,,,,,,,,,,,,,,2022,2/3/2022,$                                                       80.97,,,,,,,,,,3.22%,$             80.97,2.61,146.36,44.32,100.28,36%,81%,1.78%,5.88%,3.76%,-25.58%,-25.58%,0,2.60%,-24.36%,,,,,,,,,,,,
,,,,,,,,,,,,,,,,,,2022,2/4/2022,$                                                        81.00,,,,,,,,,,3.22%,$              81.00,2.61,146.36,44.32,100.28,36%,81%,1.78%,5.88%,3.76%,-25.60%,-25.60%,0,2.60%,-24.33%,,,,,,,,,,,,
,,,,,,,,,,,,,,,,,,2022,2/7/2022,$                                                       80.04,,,,,,,,,,3.26%,$             80.04,2.61,146.36,44.32,100.28,35%,83%,1.78%,5.88%,3.81%,-24.71%,-24.71%,0,2.60%,-25.22%,,,,,,,,,,,,
,,,,,,,,,,,,,,,,,,2022,2/8/2022,$                                                        81.65,,,,,,,,,,3.19%,$              81.65,2.61,146.36,44.32,100.28,37%,79%,1.78%,5.88%,3.73%,-26.20%,-26.20%,0,2.60%,-23.72%,,,,,,,,,,,,
,,,,,,,,,,,,,,,,,,2022,2/9/2022,$                                                        81.59,,,,,,,,,,3.19%,$              81.59,2.61,146.36,44.32,100.28,37%,79%,1.78%,5.88%,3.73%,-26.14%,-26.14%,0,2.60%,-23.78%,,,,,,,,,,,,
,,,,,,,,,,,,,,,,,,2022,2/10/2022,$                                                        82.15,,,,,,,,,,3.17%,$              82.15,2.61,146.36,44.32,100.28,37%,78%,1.78%,5.88%,3.71%,-26.65%,-26.65%,0,2.60%,-23.25%,,,,,,,,,,,,
,,,,,,,,,,,,,,,,,,2022,2/11/2022,$                                                        81.24,,,,,,,,,,3.21%,$              81.24,2.61,146.36,44.32,100.28,36%,80%,1.78%,5.88%,3.75%,-25.82%,-25.82%,0,2.60%,-24.10%,,,,,,,,,,,,
,,,,,,,,,,,,,,,,,,2022,2/14/2022,$                                                        81.05,,,,,,,,,,3.22%,$              81.05,2.61,146.36,44.32,100.28,36%,81%,1.78%,5.88%,3.76%,-25.65%,-25.65%,0,2.60%,-24.28%,,,,,,,,,,,,
,,,,,,,,,,,,,,,,,,2022,2/15/2022,$                                                       80.33,,,,,,,,,,3.24%,$             80.33,2.61,146.36,44.32,100.28,35%,82%,1.78%,5.88%,3.79%,-24.98%,-24.98%,0,2.60%,-24.95%,,,,,,,,,,,,
,,,,,,,,,,,,,,,,,,2022,2/16/2022,$                                                        81.03,,,,,,,,,,3.22%,$              81.03,2.61,146.36,44.32,100.28,36%,81%,1.78%,5.88%,3.76%,-25.63%,-25.63%,0,2.60%,-24.30%,,,,,,,,,,,,
,,,,,,,,,,,,,,,,,,2022,2/17/2022,$                                                       80.06,,,,,,,,,,3.26%,$             80.06,2.61,146.36,44.32,100.28,35%,83%,1.78%,5.88%,3.81%,-24.73%,-24.73%,0,2.60%,-25.21%,,,,,,,,,,,,
,,,,,,,,,,,,,,,,,,2022,2/18/2022,$                                                       80.36,,,,,,,,,,3.24%,$             80.36,2.61,146.36,44.32,100.28,35%,82%,1.78%,5.88%,3.79%,-25.01%,-25.01%,0,2.60%,-24.93%,,,,,,,,,,,,
,,,,,,,,,,,,,,,,,,2022,2/22/2022,$                                                       80.00,,,,,,,,,,3.26%,$             80.00,2.61,146.36,44.32,100.28,35%,83%,1.78%,5.88%,3.81%,-24.68%,-24.68%,0,2.60%,-25.26%,,,,,,,,,,,,
,,,,,,,,,,,,,,,,,,2022,2/23/2022,$                                                        79.13,,,,,,,,,,3.29%,$              79.13,2.61,146.36,44.32,100.28,34%,85%,1.78%,5.88%,3.85%,-23.85%,-23.85%,0,2.60%,-26.07%,,,,,,,,,,,,
,,,,,,,,,,,,,,,,,,2022,2/24/2022,$                                                        77.71,,,,,,,,,,3.35%,$              77.71,2.61,146.36,44.32,100.28,33%,88%,1.78%,5.88%,3.92%,-22.46%,-22.46%,0,2.60%,-27.40%,,,,,,,,,,,,
,,,,,,,,,,,,,,,,,,2022,2/25/2022,$                                                       78.09,,,,,,,,,,3.34%,$             78.09,2.61,146.36,44.32,100.28,33%,87%,1.78%,5.88%,3.90%,-22.83%,-22.83%,0,2.60%,-27.05%,,,,,,,,,,,,
,,,,,,,,,,,,,,,,,,2022,2/28/2022,$                                                       78.44,,,,,,,,,,3.32%,$             78.44,2.61,146.36,44.32,100.28,33%,87%,1.78%,5.88%,3.88%,-23.18%,-23.18%,0,2.60%,-26.72%,,,,,,,,,,,,
,,,,,,,,,,,,,,,,,,2022,3/1/2022,$                                                       77.27,,,,,,,,,,3.37%,$             77.27,2.61,146.36,44.32,100.28,32%,89%,1.78%,5.88%,3.94%,-22.01%,-22.01%,0,2.60%,-27.81%,,,,,,,,,,,,
,,,,,,,,,,,,,,,,,,2022,3/2/2022,$                                                       77.52,,,,,,,,,,3.36%,$             77.52,2.61,146.36,44.32,100.28,33%,89%,1.78%,5.88%,3.93%,-22.27%,-22.27%,0,2.60%,-27.58%,,,,,,,,,,,,
,,,,,,,,,,,,,,,,,,2022,3/3/2022,$                                                       77.08,,,,,,,,,,3.38%,$             77.08,2.61,146.36,44.32,100.28,32%,90%,1.78%,5.88%,3.95%,-21.82%,-21.82%,0,2.60%,-27.99%,,,,,,,,,,,,
,,,,,,,,,,,,,,,,,,2022,3/4/2022,$                                                       77.32,,,,,,,,,,3.37%,$             77.32,2.61,146.36,44.32,100.28,32%,89%,1.78%,5.88%,3.94%,-22.06%,-22.06%,0,2.60%,-27.77%,,,,,,,,,,,,
,,,,,,,,,,,,,,,,,,2022,3/7/2022,$                                                       77.86,,,,,,,,,,3.35%,$             77.86,2.61,146.36,44.32,100.28,33%,88%,1.78%,5.88%,3.91%,-22.60%,-22.60%,0,2.60%,-27.26%,,,,,,,,,,,,
,,,,,,,,,,,,,,,,,,2022,3/8/2022,$                                                       77.80,,,,,,,,,,3.35%,$             77.80,2.61,146.36,44.32,100.28,33%,88%,1.78%,5.88%,3.92%,-22.54%,-22.54%,0,2.60%,-27.32%,,,,,,,,,,,,
,,,,,,,,,,,,,,,,,,2022,3/9/2022,$                                                       78.39,,,,,,,,,,3.32%,$             78.39,2.61,146.36,44.32,100.28,33%,87%,1.78%,5.88%,3.89%,-23.13%,-23.13%,0,2.60%,-26.77%,,,,,,,,,,,,
,,,,,,,,,,,,,,,,,,2022,3/10/2022,$                                                       78.30,,,,,,,,,,3.33%,$             78.30,2.61,146.36,44.32,100.28,33%,87%,1.78%,5.88%,3.89%,-23.04%,-23.04%,0,2.60%,-26.85%,,,,,,,,,,,,
,,,,,,,,,,,,,,,,,,2022,3/11/2022,$                                                       77.88,,,,,,,,,,3.35%,$             77.88,2.61,146.36,44.32,100.28,33%,88%,1.78%,5.88%,3.91%,-22.62%,-22.62%,0,2.60%,-27.24%,,,,,,,,,,,,
,,,,,,,,,,,,,,,,,,2022,3/14/2022,$                                                       77.70,,,,,,,,,,3.35%,$             77.70,2.61,146.36,44.32,100.28,33%,88%,1.78%,5.88%,3.92%,-22.45%,-22.45%,0,2.60%,-27.41%,,,,,,,,,,,,
,,,,,,,,,,,,,,,,,,2022,3/15/2022,$                                                        77.41,,,,,,,,,,3.37%,$              77.41,2.61,146.36,44.32,100.28,32%,89%,1.78%,5.88%,3.94%,-22.15%,-22.15%,0,2.60%,-27.68%,,,,,,,,,,,,
,,,,,,,,,,,,,,,,,,2022,3/16/2022,$                                                       77.34,,,,,,,,,,3.37%,$             77.34,2.61,146.36,44.32,100.28,32%,89%,1.78%,5.88%,3.94%,-22.08%,-22.08%,0,2.60%,-27.75%,,,,,,,,,,,,
,,,,,,,,,,,,,,,,,,2022,3/17/2022,$                                                       77.75,,,,,,,,,,3.35%,$             77.75,2.61,146.36,44.32,100.28,33%,88%,1.78%,5.88%,3.92%,-22.50%,-22.50%,0,2.60%,-27.36%,,,,,,,,,,,,
,,,,,,,,,,,,,,,,,,2022,3/18/2022,$                                                       76.75,,,,,,,,,,3.40%,$             76.75,2.61,146.36,44.32,100.28,32%,91%,1.78%,5.88%,3.97%,-21.49%,-21.49%,0,2.60%,-28.30%,,,,,,,,,,,,
,,,,,,,,,,,,,,,,,,2022,3/21/2022,$                                                       77.59,,,,,,,,,,3.36%,$             77.59,2.61,146.36,44.32,100.28,33%,89%,1.78%,5.88%,3.93%,-22.34%,-22.34%,0,2.60%,-27.51%,,,,,,,,,,,,
,,,,,,,,,,,,,,,,,,2022,3/22/2022,$                                                       77.95,,,,,,,,,,3.34%,$             77.95,2.61,146.36,44.32,100.28,33%,88%,1.78%,5.88%,3.91%,-22.69%,-22.69%,0,2.60%,-27.18%,,,,,,,,,,,,
,,,,,,,,,,,,,,,,,,2022,3/23/2022,$                                                       77.90,,,,,,,,,,3.35%,$             77.90,2.61,146.36,44.32,100.28,33%,88%,1.78%,5.88%,3.91%,-22.64%,-22.64%,0,2.60%,-27.22%,,,,,,,,,,,,
,,,,,,,,,,,,,,,,,,2022,3/24/2022,$                                                        76.19,,,,,,,,,,3.42%,$              76.19,2.61,146.36,44.32,100.28,31%,92%,1.78%,5.88%,4.00%,-20.91%,-20.91%,0,2.60%,-28.82%,,,,,,,,,,,,
,,,,,,,,,,,,,,,,,,2022,3/25/2022,$                                                       76.32,,,,,,,,,,3.41%,$             76.32,2.61,146.36,44.32,100.28,31%,92%,1.78%,5.88%,3.99%,-21.04%,-21.04%,0,2.60%,-28.70%,,,,,,,,,,,,
,,,,,,,,,,,,,,,,,,2022,3/28/2022,$                                                       76.43,,,,,,,,,,3.41%,$             76.43,2.61,146.36,44.32,100.28,31%,91%,1.78%,5.88%,3.99%,-21.16%,-21.16%,0,2.60%,-28.60%,,,,,,,,,,,,
,,,,,,,,,,,,,,,,,,2022,3/29/2022,$                                                        77.19,,,,,,,,,,3.38%,$              77.19,2.61,146.36,44.32,100.28,32%,90%,1.78%,5.88%,3.95%,-21.93%,-21.93%,0,2.60%,-27.89%,,,,,,,,,,,,
,,,,,,,,,,,,,,,,,,2022,3/30/2022,$                                                         77.11,,,,,,,,,,3.38%,$               77.11,2.61,146.36,44.32,100.28,32%,90%,1.78%,5.88%,3.95%,-21.85%,-21.85%,0,2.60%,-27.96%,,,,,,,,,,,,
,,,,,,,,,,,,,,,,,,2022,3/31/2022,$                                                       77.08,,,,,,,,,,3.38%,$             77.08,2.61,146.36,44.32,100.28,32%,90%,1.78%,5.88%,3.95%,-21.82%,-21.82%,0,2.60%,-27.99%,,,,,,,,,,,,
,,,,,,,,,,,,,,,,,,2022,4/1/2022,$                                                       77.34,,,,,,,,,,3.37%,$             77.34,2.61,146.36,44.32,100.28,32%,89%,1.78%,5.88%,3.94%,-22.08%,-22.08%,0,2.60%,-27.75%,,,,,,,,,,,,
,,,,,,,,,,,,,,,,,,2022,4/4/2022,$                                                        77.81,,,,,,,,,,3.35%,$              77.81,2.61,146.36,44.32,100.28,33%,88%,1.78%,5.88%,3.92%,-22.55%,-22.55%,0,2.60%,-27.31%,,,,,,,,,,,,
,,,,,,,,,,,,,,,,,,2022,4/5/2022,$                                                       77.68,,,,,,,,,,3.35%,$             77.68,2.61,146.36,44.32,100.28,33%,88%,1.78%,5.88%,3.92%,-22.43%,-22.43%,0,2.60%,-27.43%,,,,,,,,,,,,
,,,,,,,,,,,,,,,,,,2022,4/6/2022,$                                                       77.32,,,,,,,,,,3.37%,$             77.32,2.61,146.36,44.32,100.28,32%,89%,1.78%,5.88%,3.94%,-22.06%,-22.06%,0,2.60%,-27.77%,,,,,,,,,,,,
,,,,,,,,,,,,,,,,,,2022,4/7/2022,$                                                       77.39,,,,,,,,,,3.37%,$             77.39,2.61,146.36,44.32,100.28,32%,89%,1.78%,5.88%,3.94%,-22.13%,-22.13%,0,2.60%,-27.70%,,,,,,,,,,,,
,,,,,,,,,,,,,,,,,,2022,4/8/2022,$                                                       77.28,,,,,,,,,,3.37%,$             77.28,2.61,146.36,44.32,100.28,32%,89%,1.78%,5.88%,3.94%,-22.02%,-22.02%,0,2.60%,-27.80%,,,,,,,,,,,,
,,,,,,,,,,,,,,,,,,2022,4/11/2022,$                                                       77.35,,,,,,,,,,3.37%,$             77.35,2.61,146.36,44.32,100.28,32%,89%,1.78%,5.88%,3.94%,-22.09%,-22.09%,0,2.60%,-27.74%,,,,,,,,,,,,
,,,,,,,,,,,,,,,,,,2022,4/12/2022,$                                                        79.15,,,,,,,,,,3.29%,$              79.15,2.61,146.36,44.32,100.28,34%,85%,1.78%,5.88%,3.85%,-23.87%,-23.87%,0,2.60%,-26.06%,,,,,,,,,,,,
,,,,,,,,,,,,,,,,,,2022,4/13/2022,$                                                        79.12,,,,,,,,,,3.29%,$              79.12,2.61,146.36,44.32,100.28,34%,85%,1.78%,5.88%,3.85%,-23.84%,-23.84%,0,2.60%,-26.08%,,,,,,,,,,,,
,,,,,,,,,,,,,,,,,,2022,4/14/2022,$                                                        81.75,,,,,,,,,,3.19%,$              81.75,2.61,146.36,44.32,100.28,37%,79%,1.78%,5.88%,3.73%,-26.29%,-26.29%,0,2.60%,-23.63%,,,,,,,,,,,,
,,,,,,,,,,,,,,,,,,2022,4/18/2022,$                                                       83.35,,,,,,,,,,3.13%,$             83.35,2.61,146.36,44.32,100.28,38%,76%,1.78%,5.88%,3.66%,-27.70%,-27.70%,0,2.60%,-22.13%,,,,,,,,,,,,
,,,,,,,,,,,,,,,,,,2022,4/19/2022,$                                                       83.97,,,,,,,,,,3.10%,$             83.97,2.61,146.36,44.32,100.28,39%,74%,1.78%,5.88%,3.63%,-28.24%,-28.24%,0,2.60%,-21.55%,,,,,,,,,,,,
,,,,,,,,,,,,,,,,,,2022,4/20/2022,$                                                       84.68,,,,,,,,,,3.08%,$             84.68,2.61,146.36,44.32,100.28,40%,73%,1.78%,5.88%,3.60%,-28.84%,-28.84%,0,2.60%,-20.89%,,,,,,,,,,,,
,,,,,,,,,,,,,,,,,,2022,4/21/2022,$                                                       84.49,,,,,,,,,,3.08%,$             84.49,2.61,146.36,44.32,100.28,39%,73%,1.78%,5.88%,3.61%,-28.68%,-28.68%,0,2.60%,-21.07%,,,,,,,,,,,,
,,,,,,,,,,,,,,,,,,2022,4/22/2022,$                                                        83.12,,,,,,,,,,3.14%,$              83.12,2.61,146.36,44.32,100.28,38%,76%,1.78%,5.88%,3.67%,-27.50%,-27.50%,0,2.60%,-22.35%,,,,,,,,,,,,
,,,,,,,,,,,,,,,,,,2022,4/25/2022,$                                                       82.92,,,,,,,,,,3.14%,$             82.92,2.61,146.36,44.32,100.28,38%,77%,1.78%,5.88%,3.67%,-27.33%,-27.33%,0,2.60%,-22.53%,,,,,,,,,,,,
,,,,,,,,,,,,,,,,,,2022,4/26/2022,$                                                       78.90,,,,,,,,,,3.30%,$             78.90,2.61,146.36,44.32,100.28,34%,86%,1.78%,5.88%,3.86%,-23.62%,-23.62%,0,2.60%,-26.29%,,,,,,,,,,,,
,,,,,,,,,,,,,,,,,,2022,4/27/2022,$                                                       78.72,,,,,,,,,,3.31%,$             78.72,2.61,146.36,44.32,100.28,34%,86%,1.78%,5.88%,3.87%,-23.45%,-23.45%,0,2.60%,-26.46%,,,,,,,,,,,,
,,,,,,,,,,,,,,,,,,2022,4/28/2022,$                                                       78.38,,,,,,,,,,3.32%,$             78.38,2.61,146.36,44.32,100.28,33%,87%,1.78%,5.88%,3.89%,-23.12%,-23.12%,0,2.60%,-26.78%,,,,,,,,,,,,
,,,,,,,,,,,,,,,,,,2022,4/29/2022,$                                                       76.50,,,,,,,,,,3.41%,$             76.50,2.61,146.36,44.32,100.28,32%,91%,1.78%,5.88%,3.98%,-21.23%,-21.23%,0,2.60%,-28.53%,,,,,,,,,,,,
,,,,,,,,,,,,,,,,,,2022,5/2/2022,$                                                       73.86,,,,,,,,,,3.53%,$             73.86,2.61,146.36,44.32,100.28,29%,98%,1.78%,5.88%,4.13%,-18.41%,-18.41%,0,2.60%,-31.00%,,,,,,,,,,,,
,,,,,,,,,,,,,,,,,,2022,5/3/2022,$                                                       73.34,,,,,,,,,,3.55%,$             73.34,2.61,146.36,44.32,100.28,28%,100%,1.78%,5.88%,4.15%,-17.83%,-17.83%,0,2.60%,-31.48%,,,,,,,,,,,,
,,,,,,,,,,,,,,,,,,2022,5/4/2022,$                                                       72.64,,,,,,,,,,3.59%,$             72.64,2.61,146.36,44.32,100.28,28%,101%,1.78%,5.88%,4.19%,-17.04%,-17.04%,0,2.60%,-32.14%,,,,,,,,,,,,
,,,,,,,,,,,,,,,,,,2022,5/5/2022,$                                                       70.98,,,,,,,,,,3.67%,$             70.98,2.61,146.36,44.32,100.28,26%,106%,1.78%,5.88%,4.29%,-15.10%,-15.10%,0,2.60%,-33.69%,,,,,,,,,,,,
,,,,,,,,,,,,,,,,,,2022,5/6/2022,$                                                       70.62,,,,,,,,,,3.69%,$             70.62,2.61,146.36,44.32,100.28,26%,107%,1.78%,5.88%,4.31%,-14.67%,-14.67%,0,2.60%,-34.02%,,,,,,,,,,,,
,,,,,,,,,,,,,,,,,,2022,5/9/2022,$                                                       70.58,,,,,,,,,,3.69%,$             70.58,2.61,146.36,44.32,100.28,26%,107%,1.78%,5.88%,4.32%,-14.62%,-14.62%,0,2.60%,-34.06%,,,,,,,,,,,,
,,,,,,,,,,,,,,,,,,2022,5/10/2022,$                                                       70.40,,,,,,,,,,3.70%,$             70.40,2.61,146.36,44.32,100.28,26%,108%,1.78%,5.88%,4.33%,-14.40%,-14.40%,0,2.60%,-34.23%,,,,,,,,,,,,
,,,,,,,,,,,,,,,,,,2022,5/11/2022,$                                                       68.48,,,,,,,,,,3.81%,$             68.48,2.61,146.36,44.32,100.28,24%,114%,1.78%,5.88%,4.45%,-12.00%,-12.00%,0,2.60%,-36.02%,,,,,,,,,,,,
,,,,,,,,,,,,,,,,,,2022,5/12/2022,$                                                       69.89,,,,,,,,,,3.73%,$             69.89,2.61,146.36,44.32,100.28,25%,109%,1.78%,5.88%,4.36%,-13.78%,-13.78%,0,2.60%,-34.71%,,,,,,,,,,,,
,,,,,,,,,,,,,,,,,,2022,5/13/2022,$                                                       73.39,,,,,,,,,,3.55%,$             73.39,2.61,146.36,44.32,100.28,28%,99%,1.78%,5.88%,4.15%,-17.89%,-17.89%,0,2.60%,-31.44%,,,,,,,,,,,,
,,,,,,,,,,,,,,,,,,2022,5/16/2022,$                                                       74.28,,,,,,,,,,3.51%,$             74.28,2.61,146.36,44.32,100.28,29%,97%,1.78%,5.88%,4.10%,-18.87%,-18.87%,0,2.60%,-30.61%,,,,,,,,,,,,
,,,,,,,,,,,,,,,,,,2022,5/17/2022,$                                                       74.33,,,,,,,,,,3.51%,$             74.33,2.61,146.36,44.32,100.28,29%,97%,1.78%,5.88%,4.10%,-18.93%,-18.93%,0,2.60%,-30.56%,,,,,,,,,,,,
,,,,,,,,,,,,,,,,,,2022,5/18/2022,$                                                       74.48,,,,,,,,,,3.50%,$             74.48,2.61,146.36,44.32,100.28,30%,97%,1.78%,5.88%,4.09%,-19.09%,-19.09%,0,2.60%,-30.42%,,,,,,,,,,,,
,,,,,,,,,,,,,,,,,,2022,5/19/2022,$                                                        74.51,,,,,,,,,,3.50%,$              74.51,2.61,146.36,44.32,100.28,30%,96%,1.78%,5.88%,4.09%,-19.12%,-19.12%,0,2.60%,-30.39%,,,,,,,,,,,,
,,,,,,,,,,,,,,,,,,2022,5/20/2022,$                                                       74.24,,,,,,,,,,3.51%,$             74.24,2.61,146.36,44.32,100.28,29%,97%,1.78%,5.88%,4.10%,-18.83%,-18.83%,0,2.60%,-30.64%,,,,,,,,,,,,
,,,,,,,,,,,,,,,,,,2022,5/24/2022,$                                                       74.69,,,,,,,,,,3.49%,$             74.69,2.61,146.36,44.32,100.28,30%,96%,1.78%,5.88%,4.08%,-19.32%,-19.32%,0,2.60%,-30.22%,,,,,,,,,,,,
,,,,,,,,,,,,,,,,,,2022,5/25/2022,$                                                       76.03,,,,,,,,,,3.43%,$             76.03,2.61,146.36,44.32,100.28,31%,93%,1.78%,5.88%,4.01%,-20.74%,-20.74%,0,2.60%,-28.97%,,,,,,,,,,,,
,,,,,,,,,,,,,,,,,,2022,5/26/2022,$                                                       77.09,,,,,,,,,,3.38%,$             77.09,2.61,146.36,44.32,100.28,32%,90%,1.78%,5.88%,3.95%,-21.83%,-21.83%,0,2.60%,-27.98%,,,,,,,,,,,,
,,,,,,,,,,,,,,,,,,2022,5/27/2022,$                                                       77.93,,,,,,,,,,3.34%,$             77.93,2.61,146.36,44.32,100.28,33%,88%,1.78%,5.88%,3.91%,-22.67%,-22.67%,0,2.60%,-27.20%,,,,,,,,,,,,
,,,,,,,,,,,,,,,,,,2022,5/30/2022,$                                                       77.95,,,,,,,,,,3.34%,$             77.95,2.61,146.36,44.32,100.28,33%,88%,1.78%,5.88%,3.91%,-22.69%,-22.69%,0,2.60%,-27.18%,,,,,,,,,,,,
,,,,,,,,,,,,,,,,,,2022,5/31/2022,$                                                       77.95,,,,,,,,,,3.34%,$             77.95,2.61,146.36,44.32,100.28,33%,88%,1.78%,5.88%,3.91%,-22.69%,-22.69%,0,2.60%,-27.18%,,,,,,,,,,,,
,,,,,,,,,,,,,,,,,,2022,6/1/2022,$                                                       77.64,,,,,,,,,,3.36%,$             77.64,2.61,146.36,44.32,100.28,33%,89%,1.78%,5.88%,3.92%,-22.39%,-22.39%,0,2.60%,-27.47%,,,,,,,,,,,,
,,,,,,,,,,,,,,,,,,2022,6/2/2022,$                                                       75.57,,,,,,,,,,3.45%,$             75.57,2.61,146.36,44.32,100.28,31%,94%,1.78%,5.88%,4.03%,-20.26%,-20.26%,0,2.60%,-29.40%,,,,,,,,,,,,
,,,,,,,,,,,,,,,,,,2022,6/3/2022,$                                                       73.88,,,,,,,,,,3.53%,$             73.88,2.61,146.36,44.32,100.28,29%,98%,1.78%,5.88%,4.12%,-18.44%,-18.44%,0,2.60%,-30.98%,,,,,,,,,,,,
,,,,,,,,,,,,,,,,,,2022,6/6/2022,$                                                       74.24,,,,,,,,,,3.51%,$             74.24,2.61,146.36,44.32,100.28,29%,97%,1.78%,5.88%,4.10%,-18.83%,-18.83%,0,2.60%,-30.64%,,,,,,,,,,,,
,,,,,,,,,,,,,,,,,,2022,6/7/2022,$                                                       73.55,,,,,,,,,,3.54%,$             73.55,2.61,146.36,44.32,100.28,29%,99%,1.78%,5.88%,4.14%,-18.07%,-18.07%,0,2.60%,-31.29%,,,,,,,,,,,,
,,,,,,,,,,,,,,,,,,2022,6/8/2022,$                                                       72.75,,,,,,,,,,3.58%,$             72.75,2.61,146.36,44.32,100.28,28%,101%,1.78%,5.88%,4.19%,-17.17%,-17.17%,0,2.60%,-32.03%,,,,,,,,,,,,
,,,,,,,,,,,,,,,,,,2022,6/9/2022,$                                                        71.70,,,,,,,,,,3.63%,$              71.70,2.61,146.36,44.32,100.28,27%,104%,1.78%,5.88%,4.25%,-15.96%,-15.96%,0,2.60%,-33.02%,,,,,,,,,,,,
,,,,,,,,,,,,,,,,,,2022,6/10/2022,$                                                       70.95,,,,,,,,,,3.67%,$             70.95,2.61,146.36,44.32,100.28,26%,106%,1.78%,5.88%,4.29%,-15.07%,-15.07%,0,2.60%,-33.72%,,,,,,,,,,,,
,,,,,,,,,,,,,,,,,,2022,6/13/2022,$                                                        71.78,,,,,,,,,,3.63%,$              71.78,2.61,146.36,44.32,100.28,27%,104%,1.78%,5.88%,4.24%,-16.05%,-16.05%,0,2.60%,-32.94%,,,,,,,,,,,,
,,,,,,,,,,,,,,,,,,2022,6/14/2022,$                                                        71.65,,,,,,,,,,3.64%,$              71.65,2.61,146.36,44.32,100.28,27%,104%,1.78%,5.88%,4.25%,-15.90%,-15.90%,0,2.60%,-33.06%,,,,,,,,,,,,
,,,,,,,,,,,,,,,,,,2022,6/15/2022,$                                                       70.82,,,,,,,,,,3.68%,$             70.82,2.61,146.36,44.32,100.28,26%,107%,1.78%,5.88%,4.30%,-14.91%,-14.91%,0,2.60%,-33.84%,,,,,,,,,,,,
,,,,,,,,,,,,,,,,,,2022,6/16/2022,$                                                       69.24,,,,,,,,,,3.76%,$             69.24,2.61,146.36,44.32,100.28,24%,111%,1.78%,5.88%,4.40%,-12.97%,-12.97%,0,2.60%,-35.31%,,,,,,,,,,,,
,,,,,,,,,,,,,,,,,,2022,6/17/2022,$                                                       69.55,,,,,,,,,,3.75%,$             69.55,2.61,146.36,44.32,100.28,25%,110%,1.78%,5.88%,4.38%,-13.36%,-13.36%,0,2.60%,-35.02%,,,,,,,,,,,,
,,,,,,,,,,,,,,,,,,2022,6/20/2022,$                                                       70.50,,,,,,,,,,3.70%,$             70.50,2.61,146.36,44.32,100.28,26%,108%,1.78%,5.88%,4.32%,-14.52%,-14.52%,0,2.60%,-34.14%,,,,,,,,,,,,
,,,,,,,,,,,,,,,,,,2022,6/21/2022,$                                                       70.69,,,,,,,,,,3.69%,$             70.69,2.61,146.36,44.32,100.28,26%,107%,1.78%,5.88%,4.31%,-14.75%,-14.75%,0,2.60%,-33.96%,,,,,,,,,,,,
,,,,,,,,,,,,,,,,,,2022,6/22/2022,$                                                       68.96,,,,,,,,,,3.78%,$             68.96,2.61,146.36,44.32,100.28,24%,112%,1.78%,5.88%,4.42%,-12.62%,-12.62%,0,2.60%,-35.58%,,,,,,,,,,,,
,,,,,,,,,,,,,,,,,,2022,6/23/2022,$                                                        67.91,,,,,,,,,,3.84%,$              67.91,2.61,146.36,44.32,100.28,23%,116%,1.78%,5.88%,4.49%,-11.26%,-11.26%,0,2.60%,-36.56%,,,,,,,,,,,,
,,,,,,,,,,,,,,,,,,2022,6/24/2022,$                                                        71.00,,,,,,,,,,3.67%,$              71.00,2.61,146.36,44.32,100.28,26%,106%,1.78%,5.88%,4.29%,-15.13%,-15.13%,0,2.60%,-33.67%,,,,,,,,,,,,
,,,,,,,,,,,,,,,,,,2022,6/27/2022,$                                                       70.94,,,,,,,,,,3.67%,$             70.94,2.61,146.36,44.32,100.28,26%,106%,1.78%,5.88%,4.30%,-15.05%,-15.05%,0,2.60%,-33.73%,,,,,,,,,,,,
,,,,,,,,,,,,,,,,,,2022,6/28/2022,$                                                       70.26,,,,,,,,,,3.71%,$             70.26,2.61,146.36,44.32,100.28,25%,108%,1.78%,5.88%,4.34%,-14.23%,-14.23%,0,2.60%,-34.36%,,,,,,,,,,,,
,,,,,,,,,,,,,,,,,,2022,6/29/2022,$                                                        68.81,,,,,,,,,,3.79%,$              68.81,2.61,146.36,44.32,100.28,24%,113%,1.78%,5.88%,4.43%,-12.43%,-12.43%,0,2.60%,-35.72%,,,,,,,,,,,,
,,,,,,,,,,,,,,,,,,2022,6/30/2022,$                                                       68.25,,,,,,,,,,3.82%,$             68.25,2.61,146.36,44.32,100.28,23%,114%,1.78%,5.88%,4.46%,-11.71%,-11.71%,0,2.60%,-36.24%,,,,,,,,,,,,
,,,,,,,,,,,,,,,,,,2022,7/4/2022,$                                                       68.40,,,,,,,,,,3.81%,$             68.40,2.61,146.36,44.32,100.28,24%,114%,1.78%,5.88%,4.45%,-11.90%,-11.90%,0,2.60%,-36.10%,,,,,,,,,,,,
,,,,,,,,,,,,,,,,,,2022,7/5/2022,$                                                        69.13,,,,,,,,,,3.77%,$              69.13,2.61,146.36,44.32,100.28,24%,112%,1.78%,5.88%,4.41%,-12.83%,-12.83%,0,2.60%,-35.42%,,,,,,,,,,,,
,,,,,,,,,,,,,,,,,,2022,7/6/2022,$                                                       69.63,,,,,,,,,,3.74%,$             69.63,2.61,146.36,44.32,100.28,25%,110%,1.78%,5.88%,4.38%,-13.46%,-13.46%,0,2.60%,-34.95%,,,,,,,,,,,,
,,,,,,,,,,,,,,,,,,2022,7/7/2022,$                                                        70.17,,,,,,,,,,3.71%,$              70.17,2.61,146.36,44.32,100.28,25%,109%,1.78%,5.88%,4.34%,-14.12%,-14.12%,0,2.60%,-34.45%,,,,,,,,,,,,
,,,,,,,,,,,,,,,,,,2022,7/8/2022,$                                                       70.87,,,,,,,,,,3.68%,$             70.87,2.61,146.36,44.32,100.28,26%,107%,1.78%,5.88%,4.30%,-14.97%,-14.97%,0,2.60%,-33.79%,,,,,,,,,,,,
,,,,,,,,,,,,,,,,,,2022,7/11/2022,$                                                       69.48,,,,,,,,,,3.75%,$             69.48,2.61,146.36,44.32,100.28,25%,111%,1.78%,5.88%,4.39%,-13.27%,-13.27%,0,2.60%,-35.09%,,,,,,,,,,,,
,,,,,,,,,,,,,,,,,,2022,7/12/2022,$                                                        71.53,,,,,,,,,,3.64%,$              71.53,2.61,146.36,44.32,100.28,27%,105%,1.78%,5.88%,4.26%,-15.76%,-15.76%,0,2.60%,-33.17%,,,,,,,,,,,,
,,,,,,,,,,,,,,,,,,2022,7/13/2022,$                                                        69.91,,,,,,,,,,3.73%,$              69.91,2.61,146.36,44.32,100.28,25%,109%,1.78%,5.88%,4.36%,-13.80%,-13.80%,0,2.60%,-34.69%,,,,,,,,,,,,
,,,,,,,,,,,,,,,,,,2022,7/14/2022,$                                                       67.22,,,,,,,,,,3.88%,$             67.22,2.61,146.36,44.32,100.28,22%,118%,1.78%,5.88%,4.53%,-10.35%,-10.35%,0,2.60%,-37.20%,,,,,,,,,,,,
,,,,,,,,,,,,,,,,,,2022,7/15/2022,$                                                       65.56,,,,,,,,,,3.97%,$             65.56,2.61,146.36,44.32,100.28,21%,123%,1.78%,5.88%,4.65%,-8.08%,-8.08%,0,2.60%,-38.75%,,,,,,,,,,,,
,,,,,,,,,,,,,,,,,,2022,7/18/2022,$                                                       65.58,,,,,,,,,,3.97%,$             65.58,2.61,146.36,44.32,100.28,21%,123%,1.78%,5.88%,4.65%,-8.11%,-8.11%,0,2.60%,-38.73%,,,,,,,,,,,,
,,,,,,,,,,,,,,,,,,2022,7/19/2022,$                                                       66.77,,,,,,,,,,3.90%,$             66.77,2.61,146.36,44.32,100.28,22%,119%,1.78%,5.88%,4.56%,-9.75%,-9.75%,0,2.60%,-37.62%,,,,,,,,,,,,
,,,,,,,,,,,,,,,,,,2022,7/20/2022,$                                                       67.34,,,,,,,,,,3.87%,$             67.34,2.61,146.36,44.32,100.28,23%,117%,1.78%,5.88%,4.52%,-10.51%,-10.51%,0,2.60%,-37.09%,,,,,,,,,,,,
,,,,,,,,,,,,,,,,,,2022,7/21/2022,$                                                        68.01,,,,,,,,,,3.83%,$              68.01,2.61,146.36,44.32,100.28,23%,115%,1.78%,5.88%,4.48%,-11.40%,-11.40%,0,2.60%,-36.46%,,,,,,,,,,,,
,,,,,,,,,,,,,,,,,,2022,7/22/2022,$                                                        68.19,,,,,,,,,,3.82%,$              68.19,2.61,146.36,44.32,100.28,23%,115%,1.78%,5.88%,4.47%,-11.63%,-11.63%,0,2.60%,-36.29%,,,,,,,,,,,,
,,,,,,,,,,,,,,,,,,2022,7/25/2022,$                                                       69.30,,,,,,,,,,3.76%,$             69.30,2.61,146.36,44.32,100.28,24%,111%,1.78%,5.88%,4.40%,-13.04%,-13.04%,0,2.60%,-35.26%,,,,,,,,,,,,
,,,,,,,,,,,,,,,,,,2022,7/26/2022,$                                                       69.45,,,,,,,,,,3.75%,$             69.45,2.61,146.36,44.32,100.28,25%,111%,1.78%,5.88%,4.39%,-13.23%,-13.23%,0,2.60%,-35.12%,,,,,,,,,,,,
,,,,,,,,,,,,,,,,,,2022,7/27/2022,$                                                        68.81,,,,,,,,,,3.79%,$              68.81,2.61,146.36,44.32,100.28,24%,113%,1.78%,5.88%,4.43%,-12.43%,-12.43%,0,2.60%,-35.72%,,,,,,,,,,,,
,,,,,,,,,,,,,,,,,,2022,7/28/2022,$                                                       68.93,,,,,,,,,,3.78%,$             68.93,2.61,146.36,44.32,100.28,24%,112%,1.78%,5.88%,4.42%,-12.58%,-12.58%,0,2.60%,-35.60%,,,,,,,,,,,,
,,,,,,,,,,,,,,,,,,2022,7/29/2022,$                                                       68.24,,,,,,,,,,3.82%,$             68.24,2.61,146.36,44.32,100.28,23%,114%,1.78%,5.88%,4.47%,-11.69%,-11.69%,0,2.60%,-36.25%,,,,,,,,,,,,
,,,,,,,,,,,,,,,,,,2022,8/2/2022,$                                                       67.63,,,,,,,,,,3.85%,$             67.63,2.61,146.36,44.32,100.28,23%,116%,1.78%,5.88%,4.51%,-10.90%,-10.90%,0,2.60%,-36.82%,,,,,,,,,,,,
,,,,,,,,,,,,,,,,,,2022,8/3/2022,$                                                        68.21,,,,,,,,,,3.82%,$              68.21,2.61,146.36,44.32,100.28,23%,115%,1.78%,5.88%,4.47%,-11.66%,-11.66%,0,2.60%,-36.28%,,,,,,,,,,,,
,,,,,,,,,,,,,,,,,,2022,8/4/2022,$                                                         70.11,,,,,,,,,,3.72%,$               70.11,2.61,146.36,44.32,100.28,25%,109%,1.78%,5.88%,4.35%,-14.05%,-14.05%,0,2.60%,-34.50%,,,,,,,,,,,,
,,,,,,,,,,,,,,,,,,2022,8/5/2022,$                                                       69.00,,,,,,,,,,3.78%,$             69.00,2.61,146.36,44.32,100.28,24%,112%,1.78%,5.88%,4.42%,-12.67%,-12.67%,0,2.60%,-35.54%,,,,,,,,,,,,
,,,,,,,,,,,,,,,,,,2022,8/8/2022,$                                                       69.22,,,,,,,,,,3.76%,$             69.22,2.61,146.36,44.32,100.28,24%,111%,1.78%,5.88%,4.40%,-12.94%,-12.94%,0,2.60%,-35.33%,,,,,,,,,,,,
,,,,,,,,,,,,,,,,,,2022,8/9/2022,$                                                       67.78,,,,,,,,,,3.84%,$             67.78,2.61,146.36,44.32,100.28,23%,116%,1.78%,5.88%,4.50%,-11.09%,-11.09%,0,2.60%,-36.68%,,,,,,,,,,,,
,,,,,,,,,,,,,,,,,,2022,8/10/2022,$                                                       69.02,,,,,,,,,,3.78%,$             69.02,2.61,146.36,44.32,100.28,24%,112%,1.78%,5.88%,4.41%,-12.69%,-12.69%,0,2.60%,-35.52%,,,,,,,,,,,,
,,,,,,,,,,,,,,,,,,2022,8/11/2022,$                                                       70.24,,,,,,,,,,3.71%,$             70.24,2.61,146.36,44.32,100.28,25%,108%,1.78%,5.88%,4.34%,-14.21%,-14.21%,0,2.60%,-34.38%,,,,,,,,,,,,
,,,,,,,,,,,,,,,,,,2022,8/12/2022,$                                                       70.89,,,,,,,,,,3.68%,$             70.89,2.61,146.36,44.32,100.28,26%,106%,1.78%,5.88%,4.30%,-15.00%,-15.00%,0,2.60%,-33.77%,,,,,,,,,,,,
,,,,,,,,,,,,,,,,,,2022,8/15/2022,$                                                        71.20,,,,,,,,,,3.66%,$              71.20,2.61,146.36,44.32,100.28,26%,106%,1.78%,5.88%,4.28%,-15.37%,-15.37%,0,2.60%,-33.48%,,,,,,,,,,,,
,,,,,,,,,,,,,,,,,,2022,8/16/2022,$                                                        71.80,,,,,,,,,,3.63%,$              71.80,2.61,146.36,44.32,100.28,27%,104%,1.78%,5.88%,4.24%,-16.07%,-16.07%,0,2.60%,-32.92%,,,,,,,,,,,,
,,,,,,,,,,,,,,,,,,2022,8/17/2022,$                                                        70.21,,,,,,,,,,3.71%,$              70.21,2.61,146.36,44.32,100.28,25%,108%,1.78%,5.88%,4.34%,-14.17%,-14.17%,0,2.60%,-34.41%,,,,,,,,,,,,
,,,,,,,,,,,,,,,,,,2022,8/18/2022,$                                                       69.66,,,,,,,,,,3.74%,$             69.66,2.61,146.36,44.32,100.28,25%,110%,1.78%,5.88%,4.37%,-13.49%,-13.49%,0,2.60%,-34.92%,,,,,,,,,,,,
,,,,,,,,,,,,,,,,,,2022,8/19/2022,$                                                       68.96,,,,,,,,,,3.78%,$             68.96,2.61,146.36,44.32,100.28,24%,112%,1.78%,5.88%,4.42%,-12.62%,-12.62%,0,2.60%,-35.58%,,,,,,,,,,,,
,,,,,,,,,,,,,,,,,,2022,8/22/2022,$                                                       66.50,,,,,,,,,,3.92%,$             66.50,2.61,146.36,44.32,100.28,22%,120%,1.78%,5.88%,4.58%,-9.38%,-9.38%,0,2.60%,-37.87%,,,,,,,,,,,,
,,,,,,,,,,,,,,,,,,2022,8/23/2022,$                                                       66.04,,,,,,,,,,3.95%,$             66.04,2.61,146.36,44.32,100.28,21%,122%,1.78%,5.88%,4.61%,-8.75%,-8.75%,0,2.60%,-38.30%,,,,,,,,,,,,
,,,,,,,,,,,,,,,,,,2022,8/24/2022,$                                                       65.54,,,,,,,,,,3.98%,$             65.54,2.61,146.36,44.32,100.28,21%,123%,1.78%,5.88%,4.65%,-8.06%,-8.06%,0,2.60%,-38.77%,,,,,,,,,,,,
,,,,,,,,,,,,,,,,,,2022,8/25/2022,$                                                       66.84,,,,,,,,,,3.90%,$             66.84,2.61,146.36,44.32,100.28,22%,119%,1.78%,5.88%,4.56%,-9.84%,-9.84%,0,2.60%,-37.56%,,,,,,,,,,,,
,,,,,,,,,,,,,,,,,,2022,8/26/2022,$                                                       65.68,,,,,,,,,,3.97%,$             65.68,2.61,146.36,44.32,100.28,21%,123%,1.78%,5.88%,4.64%,-8.25%,-8.25%,0,2.60%,-38.64%,,,,,,,,,,,,
,,,,,,,,,,,,,,,,,,2022,8/29/2022,$                                                       64.79,,,,,,,,,,4.02%,$             64.79,2.61,146.36,44.32,100.28,20%,126%,1.78%,5.88%,4.70%,-6.99%,-6.99%,0,2.60%,-39.47%,,,,,,,,,,,,
,,,,,,,,,,,,,,,,,,2022,8/30/2022,$                                                       64.59,,,,,,,,,,4.03%,$             64.59,2.61,146.36,44.32,100.28,20%,127%,1.78%,5.88%,4.72%,-6.70%,-6.70%,0,2.60%,-39.66%,,,,,,,,,,,,
,,,,,,,,,,,,,,,,,,2022,8/31/2022,$                                                        63.17,,,,,,,,,,4.13%,$              63.17,2.61,146.36,44.32,100.28,18%,132%,1.78%,5.88%,4.82%,-4.61%,-4.61%,0,2.60%,-40.98%,,,,,,,,,,,,
,,,,,,,,,,,,,,,,,,2022,9/1/2022,$                                                       63.00,,,,,,,,,,4.14%,$             63.00,2.61,146.36,44.32,100.28,18%,132%,1.78%,5.88%,4.84%,-4.35%,-4.35%,0,2.60%,-41.14%,,,,,,,,,,,,
,,,,,,,,,,,,,,,,,,2022,9/2/2022,$                                                        62.81,,,,,,,,,,4.15%,$              62.81,2.61,146.36,44.32,100.28,18%,133%,1.78%,5.88%,4.85%,-4.06%,-4.06%,0,2.60%,-41.32%,,,,,,,,,,,,
,,,,,,,,,,,,,,,,,,2022,9/6/2022,$                                                        61.60,,,,,,,,,,4.23%,$              61.60,2.61,146.36,44.32,100.28,17%,138%,1.78%,5.88%,4.95%,-2.18%,-2.18%,0,2.60%,-42.45%,,,,,,,,,,,,
,,,,,,,,,,,,,,,,,,2022,9/7/2022,$                                                       62.02,,,,,,,,,,4.20%,$             62.02,2.61,146.36,44.32,100.28,17%,136%,1.78%,5.88%,4.91%,-2.84%,-2.84%,0,2.60%,-42.06%,,,,,,,,,,,,
,,,,,,,,,,,,,,,,,,2022,9/8/2022,$                                                        61.50,,,,,,,,,,4.24%,$              61.50,2.61,146.36,44.32,100.28,17%,138%,1.78%,5.88%,4.95%,-2.02%,-2.02%,0,2.60%,-42.54%,,,,,,,,,,,,
,,,,,,,,,,,,,,,,,,2022,9/9/2022,$                                                         64.11,,,,,,,,,,4.06%,$               64.11,2.61,146.36,44.32,100.28,19%,128%,1.78%,5.88%,4.75%,-6.01%,-6.01%,0,2.60%,-40.11%,,,,,,,,,,,,
,,,,,,,,,,,,,,,,,,2022,9/12/2022,$                                                       63.60,,,,,,,,,,4.10%,$             63.60,2.61,146.36,44.32,100.28,19%,130%,1.78%,5.88%,4.79%,-5.25%,-5.25%,0,2.60%,-40.58%,,,,,,,,,,,,
,,,,,,,,,,,,,,,,,,2022,9/13/2022,$                                                        61.90,,,,,,,,,,4.21%,$              61.90,2.61,146.36,44.32,100.28,17%,136%,1.78%,5.88%,4.92%,-2.65%,-2.65%,0,2.60%,-42.17%,,,,,,,,,,,,
,,,,,,,,,,,,,,,,,,2022,9/14/2022,$                                                        61.73,,,,,,,,,,4.22%,$              61.73,2.61,146.36,44.32,100.28,17%,137%,1.78%,5.88%,4.94%,-2.38%,-2.38%,0,2.60%,-42.33%,,,,,,,,,,,,
,,,,,,,,,,,,,,,,,,2022,9/15/2022,$                                                       60.77,,,,,,,,,,4.29%,$             60.77,2.61,146.36,44.32,100.28,16%,141%,1.78%,5.88%,5.01%,-0.84%,-0.84%,0,2.60%,-43.23%,,,,,,,,,,,,
,,,,,,,,,,,,,,,,,,2022,9/16/2022,$                                                       60.72,,,,,,,,,,4.29%,$             60.72,2.61,146.36,44.32,100.28,16%,141%,1.78%,5.88%,5.02%,-0.76%,-0.76%,0,2.60%,-43.27%,,,,,,,,,,,,
,,,,,,,,,,,,,,,,,,2022,9/19/2022,$                                                       60.42,,,,,,,,,,4.31%,$             60.42,2.61,146.36,44.32,100.28,16%,142%,1.78%,5.88%,5.04%,-0.26%,-0.26%,0,2.60%,-43.55%,,,,,,,,,,,,
,,,,,,,,,,,,,,,,,,2022,9/20/2022,$                                                       60.24,,,,,,,,,,4.33%,$             60.24,2.61,146.36,44.32,100.28,16%,143%,1.78%,5.88%,5.06%,0.03%,0.03%,0,2.60%,-43.72%,,,,,,,,,,,,
,,,,,,,,,,,,,,,,,,2022,9/21/2022,$                                                       58.60,,,,,,,,,,4.45%,$             58.60,2.61,146.36,44.32,100.28,14%,150%,1.78%,5.88%,5.20%,2.83%,2.83%,0,2.60%,-45.25%,,,,,,,,,,,,
,,,,,,,,,,,,,,,,,,2022,9/22/2022,$                                                       59.20,,,,,,,,,,4.40%,$             59.20,2.61,146.36,44.32,100.28,15%,147%,1.78%,5.88%,5.15%,1.79%,1.79%,0,2.60%,-44.69%,,,,,,,,,,,,
,,,,,,,,,,,,,,,,,,2022,9/23/2022,$                                                       57.85,,,,,,,,,,4.50%,$             57.85,2.61,146.36,44.32,100.28,13%,153%,1.78%,5.88%,5.27%,4.17%,4.17%,0,2.60%,-45.95%,,,,,,,,,,,,
,,,,,,,,,,,,,,,,,,2022,9/26/2022,$                                                       56.84,,,,,,,,,,4.58%,$             56.84,2.61,146.36,44.32,100.28,12%,158%,1.78%,5.88%,5.36%,6.02%,6.02%,0,2.60%,-46.90%,,,,,,,,,,,,
,,,,,,,,,,,,,,,,,,2022,9/27/2022,$                                                       55.36,,,,,,,,,,4.71%,$             55.36,2.61,146.36,44.32,100.28,11%,164%,1.78%,5.88%,5.50%,8.85%,8.85%,0,2.60%,-48.28%,,,,,,,,,,,,
,,,,,,,,,,,,,,,,,,2022,9/28/2022,$                                                       55.74,,,,,,,,,,4.68%,$             55.74,2.61,146.36,44.32,100.28,11%,163%,1.78%,5.88%,5.47%,8.11%,8.11%,0,2.60%,-47.93%,,,,,,,,,,,,
,,,,,,,,,,,,,,,,,,2022,10/3/2022,$                                                       56.47,,,,,,,,,,4.61%,$             56.47,2.61,146.36,44.32,100.28,12%,159%,1.78%,5.88%,5.40%,6.71%,6.71%,0,2.60%,-47.24%,,,,,,,,,,,,
,,,,,,,,,,,,,,,,,,2022,10/4/2022,$                                                       57.34,,,,,,,,,,4.54%,$             57.34,2.61,146.36,44.32,100.28,13%,155%,1.78%,5.88%,5.31%,5.09%,5.09%,0,2.60%,-46.43%,,,,,,,,,,,,
,,,,,,,,,,,,,,,,,,2022,10/5/2022,$                                                       57.69,,,,,,,,,,4.52%,$             57.69,2.61,146.36,44.32,100.28,13%,154%,1.78%,5.88%,5.28%,4.45%,4.45%,0,2.60%,-46.10%,,,,,,,,,,,,
,,,,,,,,,,,,,,,,,,2022,10/6/2022,$                                                       57.85,,,,,,,,,,4.50%,$             57.85,2.61,146.36,44.32,100.28,13%,153%,1.78%,5.88%,5.27%,4.17%,4.17%,0,2.60%,-45.95%,,,,,,,,,,,,
,,,,,,,,,,,,,,,,,,2022,10/7/2022,$                                                       55.37,,,,,,,,,,4.71%,$             55.37,2.61,146.36,44.32,100.28,11%,164%,1.78%,5.88%,5.50%,8.83%,8.83%,0,2.60%,-48.27%,,,,,,,,,,,,
,,,,,,,,,,,,,,,,,,2022,10/11/2022,$                                                       52.79,,,,,,,,,,4.94%,$             52.79,2.61,146.36,44.32,100.28,8%,177%,1.78%,5.88%,5.77%,14.15%,14.15%,0,2.60%,-50.68%,,,,,,,,,,,,
,,,,,,,,,,,,,,,,,,2022,10/12/2022,$                                                       54.29,,,,,,,,,,4.80%,$             54.29,2.61,146.36,44.32,100.28,10%,170%,1.78%,5.88%,5.61%,11.00%,11.00%,0,2.60%,-49.28%,,,,,,,,,,,,
,,,,,,,,,,,,,,,,,,2022,10/13/2022,$                                                       54.57,,,,,,,,,,4.78%,$             54.57,2.61,146.36,44.32,100.28,10%,168%,1.78%,5.88%,5.58%,10.43%,10.43%,0,2.60%,-49.02%,,,,,,,,,,,,
,,,,,,,,,,,,,,,,,,2022,10/14/2022,$                                                       54.24,,,,,,,,,,4.80%,$             54.24,2.61,146.36,44.32,100.28,10%,170%,1.78%,5.88%,5.62%,11.10%,11.10%,0,2.60%,-49.33%,,,,,,,,,,,,
,,,,,,,,,,,,,,,,,,2022,10/17/2022,$                                                        54.61,,,,,,,,,,4.77%,$              54.61,2.61,146.36,44.32,100.28,10%,168%,1.78%,5.88%,5.58%,10.35%,10.35%,0,2.60%,-48.98%,,,,,,,,,,,,
,,,,,,,,,,,,,,,,,,2022,10/18/2022,$                                                       55.45,,,,,,,,,,4.70%,$             55.45,2.61,146.36,44.32,100.28,11%,164%,1.78%,5.88%,5.50%,8.67%,8.67%,0,2.60%,-48.20%,,,,,,,,,,,,
,,,,,,,,,,,,,,,,,,2022,10/19/2022,$                                                       55.20,,,,,,,,,,4.72%,$             55.20,2.61,146.36,44.32,100.28,11%,165%,1.78%,5.88%,5.52%,9.17%,9.17%,0,2.60%,-48.43%,,,,,,,,,,,,
,,,,,,,,,,,,,,,,,,2022,10/20/2022,$                                                       54.02,,,,,,,,,,4.82%,$             54.02,2.61,146.36,44.32,100.28,10%,171%,1.78%,5.88%,5.64%,11.55%,11.55%,0,2.60%,-49.53%,,,,,,,,,,,,
,,,,,,,,,,,,,,,,,,2022,10/21/2022,$                                                       53.60,,,,,,,,,,4.86%,$             53.60,2.61,146.36,44.32,100.28,9%,173%,1.78%,5.88%,5.68%,12.43%,12.43%,0,2.60%,-49.93%,,,,,,,,,,,,
,,,,,,,,,,,,,,,,,,2022,10/24/2022,$                                                       53.75,,,,,,,,,,4.85%,$             53.75,2.61,146.36,44.32,100.28,9%,172%,1.78%,5.88%,5.67%,12.11%,12.11%,0,2.60%,-49.79%,,,,,,,,,,,,
,,,,,,,,,,,,,,,,,,2022,10/25/2022,$                                                       54.52,,,,,,,,,,4.78%,$             54.52,2.61,146.36,44.32,100.28,10%,168%,1.78%,5.88%,5.59%,10.53%,10.53%,0,2.60%,-49.07%,,,,,,,,,,,,
,,,,,,,,,,,,,,,,,,2022,10/26/2022,$                                                       54.84,,,,,,,,,,4.75%,$             54.84,2.61,146.36,44.32,100.28,10%,167%,1.78%,5.88%,5.56%,9.88%,9.88%,0,2.60%,-48.77%,,,,,,,,,,,,
,,,,,,,,,,,,,,,,,,2022,10/27/2022,$                                                       55.70,,,,,,,,,,4.68%,$             55.70,2.61,146.36,44.32,100.28,11%,163%,1.78%,5.88%,5.47%,8.19%,8.19%,0,2.60%,-47.96%,,,,,,,,,,,,
,,,,,,,,,,,,,,,,,,2022,10/28/2022,$                                                        58.61,,,,,,,,,,4.45%,$              58.61,2.61,146.36,44.32,100.28,14%,150%,1.78%,5.88%,5.20%,2.82%,2.82%,0,2.60%,-45.24%,,,,,,,,,,,,
,,,,,,,,,,,,,,,,,,2022,10/31/2022,$                                                       58.02,,,,,,,,,,4.49%,$             58.02,2.61,146.36,44.32,100.28,13%,152%,1.78%,5.88%,5.25%,3.86%,3.86%,0,2.60%,-45.80%,,,,,,,,,,,,
,,,,,,,,,,,,,,,,,,2022,11/1/2022,$                                                        58.41,,,,,,,,,,4.46%,$              58.41,2.61,146.36,44.32,100.28,14%,151%,1.78%,5.88%,5.22%,3.17%,3.17%,0,2.60%,-45.43%,,,,,,,,,,,,
,,,,,,,,,,,,,,,,,,2022,11/2/2022,$                                                       57.07,,,,,,,,,,4.57%,$             57.07,2.61,146.36,44.32,100.28,12%,156%,1.78%,5.88%,5.34%,5.59%,5.59%,0,2.60%,-46.68%,,,,,,,,,,,,
,,,,,,,,,,,,,,,,,,2022,11/3/2022,$                                                       56.47,,,,,,,,,,4.61%,$             56.47,2.61,146.36,44.32,100.28,12%,159%,1.78%,5.88%,5.40%,6.71%,6.71%,0,2.60%,-47.24%,,,,,,,,,,,,
,,,,,,,,,,,,,,,,,,2022,11/4/2022,$                                                       55.36,,,,,,,,,,4.71%,$             55.36,2.61,146.36,44.32,100.28,11%,164%,1.78%,5.88%,5.50%,8.85%,8.85%,0,2.60%,-48.28%,,,,,,,,,,,,
,,,,,,,,,,,,,,,,,,2022,11/7/2022,$                                                       56.40,,,,,,,,,,4.62%,$             56.40,2.61,146.36,44.32,100.28,12%,160%,1.78%,5.88%,5.40%,6.84%,6.84%,0,2.60%,-47.31%,,,,,,,,,,,,
,,,,,,,,,,,,,,,,,,2022,11/8/2022,$                                                       56.95,,,,,,,,,,4.58%,$             56.95,2.61,146.36,44.32,100.28,12%,157%,1.78%,5.88%,5.35%,5.81%,5.81%,0,2.60%,-46.80%,,,,,,,,,,,,
,,,,,,,,,,,,,,,,,,2022,11/9/2022,$                                                       56.30,,,,,,,,,,4.63%,$             56.30,2.61,146.36,44.32,100.28,12%,160%,1.78%,5.88%,5.41%,7.03%,7.03%,0,2.60%,-47.40%,,,,,,,,,,,,
,,,,,,,,,,,,,,,,,,2022,11/10/2022,$                                                       56.88,,,,,,,,,,4.58%,$             56.88,2.61,146.36,44.32,100.28,12%,157%,1.78%,5.88%,5.36%,5.94%,5.94%,0,2.60%,-46.86%,,,,,,,,,,,,
,,,,,,,,,,,,,,,,,,2022,11/11/2022,$                                                       57.66,,,,,,,,,,4.52%,$             57.66,2.61,146.36,44.32,100.28,13%,154%,1.78%,5.88%,5.28%,4.51%,4.51%,0,2.60%,-46.13%,,,,,,,,,,,,
,,,,,,,,,,,,,,,,,,2022,11/14/2022,$                                                        58.12,,,,,,,,,,4.48%,$              58.12,2.61,146.36,44.32,100.28,14%,152%,1.78%,5.88%,5.24%,3.68%,3.68%,0,2.60%,-45.70%,,,,,,,,,,,,
,,,,,,,,,,,,,,,,,,2022,11/15/2022,$                                                       58.66,,,,,,,,,,4.44%,$             58.66,2.61,146.36,44.32,100.28,14%,150%,1.78%,5.88%,5.19%,2.73%,2.73%,0,2.60%,-45.20%,,,,,,,,,,,,
,,,,,,,,,,,,,,,,,,2022,11/16/2022,$                                                       58.59,,,,,,,,,,4.45%,$             58.59,2.61,146.36,44.32,100.28,14%,150%,1.78%,5.88%,5.20%,2.85%,2.85%,0,2.60%,-45.26%,,,,,,,,,,,,
,,,,,,,,,,,,,,,,,,2022,11/17/2022,$                                                       58.86,,,,,,,,,,4.43%,$             58.86,2.61,146.36,44.32,100.28,14%,149%,1.78%,5.88%,5.18%,2.38%,2.38%,0,2.60%,-45.01%,,,,,,,,,,,,
,,,,,,,,,,,,,,,,,,2022,11/18/2022,$                                                       58.53,,,,,,,,,,4.45%,$             58.53,2.61,146.36,44.32,100.28,14%,150%,1.78%,5.88%,5.21%,2.96%,2.96%,0,2.60%,-45.32%,,,,,,,,,,,,
,,,,,,,,,,,,,,,,,,2022,11/21/2022,$                                                       57.48,,,,,,,,,,4.53%,$             57.48,2.61,146.36,44.32,100.28,13%,155%,1.78%,5.88%,5.30%,4.84%,4.84%,0,2.60%,-46.30%,,,,,,,,,,,,
,,,,,,,,,,,,,,,,,,2022,11/22/2022,$                                                       58.05,,,,,,,,,,4.49%,$             58.05,2.61,146.36,44.32,100.28,13%,152%,1.78%,5.88%,5.25%,3.81%,3.81%,0,2.60%,-45.77%,,,,,,,,,,,,
,,,,,,,,,,,,,,,,,,2022,11/23/2022,$                                                       58.94,,,,,,,,,,4.42%,$             58.94,2.61,146.36,44.32,100.28,14%,148%,1.78%,5.88%,5.17%,2.24%,2.24%,0,2.60%,-44.94%,,,,,,,,,,,,
,,,,,,,,,,,,,,,,,,2022,11/24/2022,$                                                       59.55,,,,,,,,,,4.38%,$             59.55,2.61,146.36,44.32,100.28,15%,146%,1.78%,5.88%,5.12%,1.19%,1.19%,0,2.60%,-44.37%,,,,,,,,,,,,
,,,,,,,,,,,,,,,,,,2022,11/25/2022,$                                                       59.32,,,,,,,,,,4.39%,$             59.32,2.61,146.36,44.32,100.28,15%,147%,1.78%,5.88%,5.14%,1.58%,1.58%,0,2.60%,-44.58%,,,,,,,,,,,,
,,,,,,,,,,,,,,,,,,2022,11/28/2022,$                                                         60.11,,,,,,,,,,4.34%,$               60.11,2.61,146.36,44.32,100.28,15%,143%,1.78%,5.88%,5.07%,0.25%,0.25%,0,2.60%,-43.84%,,,,,,,,,,,,
,,,,,,,,,,,,,,,,,,2022,11/29/2022,$                                                         60.11,,,,,,,,,,4.34%,$               60.11,2.61,146.36,44.32,100.28,15%,143%,1.78%,5.88%,5.07%,0.25%,0.25%,0,2.60%,-43.84%,,,,,,,,,,,,
,,,,,,,,,,,,,,,,,,2022,11/30/2022,$                                                       60.00,,,,,,,,,,4.34%,$             60.00,2.61,146.36,44.32,100.28,15%,144%,1.78%,5.88%,5.08%,0.43%,0.43%,0,2.60%,-43.95%,,,,,,,,,,,,
,,,,,,,,,,,,,,,,,,2022,12/1/2022,$                                                       62.30,,,,,,,,,,4.18%,$             62.30,2.61,146.36,44.32,100.28,18%,135%,1.78%,5.88%,4.89%,-3.27%,-3.27%,0,2.60%,-41.80%,,,,,,,,,,,,
,,,,,,,,,,,,,,,,,,2022,12/2/2022,$                                                       62.38,,,,,,,,,,4.18%,$             62.38,2.61,146.36,44.32,100.28,18%,135%,1.78%,5.88%,4.88%,-3.40%,-3.40%,0,2.60%,-41.72%,,,,,,,,,,,,
,,,,,,,,,,,,,,,,,,2022,12/5/2022,$                                                       63.08,,,,,,,,,,4.13%,$             63.08,2.61,146.36,44.32,100.28,18%,132%,1.78%,5.88%,4.83%,-4.47%,-4.47%,0,2.60%,-41.07%,,,,,,,,,,,,
,,,,,,,,,,,,,,,,,,2022,12/6/2022,$                                                         61.21,,,,,,,,,,4.26%,$               61.21,2.61,146.36,44.32,100.28,17%,139%,1.78%,5.88%,4.98%,-1.55%,-1.55%,0,2.60%,-42.82%,,,,,,,,,,,,
,,,,,,,,,,,,,,,,,,2022,12/7/2022,$                                                       59.32,,,,,,,,,,4.39%,$             59.32,2.61,146.36,44.32,100.28,15%,147%,1.78%,5.88%,5.14%,1.58%,1.58%,0,2.60%,-44.58%,,,,,,,,,,,,
,,,,,,,,,,,,,,,,,,2022,12/8/2022,$                                                        59.51,,,,,,,,,,4.38%,$              59.51,2.61,146.36,44.32,100.28,15%,146%,1.78%,5.88%,5.12%,1.26%,1.26%,0,2.60%,-44.40%,,,,,,,,,,,,
,,,,,,,,,,,,,,,,,,2022,12/9/2022,$                                                       59.98,,,,,,,,,,4.34%,$             59.98,2.61,146.36,44.32,100.28,15%,144%,1.78%,5.88%,5.08%,0.47%,0.47%,0,2.60%,-43.96%,,,,,,,,,,,,
,,,,,,,,,,,,,,,,,,2022,12/12/2022,$                                                       59.49,,,,,,,,,,4.38%,$             59.49,2.61,146.36,44.32,100.28,15%,146%,1.78%,5.88%,5.12%,1.29%,1.29%,0,2.60%,-44.42%,,,,,,,,,,,,
,,,,,,,,,,,,,,,,,,2022,12/13/2022,$                                                        61.34,,,,,,,,,,4.25%,$              61.34,2.61,146.36,44.32,100.28,17%,139%,1.78%,5.88%,4.97%,-1.76%,-1.76%,0,2.60%,-42.69%,,,,,,,,,,,,
,,,,,,,,,,,,,,,,,,2022,12/14/2022,$                                                       60.83,,,,,,,,,,4.28%,$             60.83,2.61,146.36,44.32,100.28,16%,141%,1.78%,5.88%,5.01%,-0.94%,-0.94%,0,2.60%,-43.17%,,,,,,,,,,,,
,,,,,,,,,,,,,,,,,,2022,12/15/2022,$                                                       60.25,,,,,,,,,,4.33%,$             60.25,2.61,146.36,44.32,100.28,16%,143%,1.78%,5.88%,5.06%,0.02%,0.02%,0,2.60%,-43.71%,,,,,,,,,,,,
,,,,,,,,,,,,,,,,,,2022,12/16/2022,$                                                       59.76,,,,,,,,,,4.36%,$             59.76,2.61,146.36,44.32,100.28,15%,145%,1.78%,5.88%,5.10%,0.84%,0.84%,0,2.60%,-44.17%,,,,,,,,,,,,
,,,,,,,,,,,,,,,,,,2022,12/19/2022,$                                                       58.68,,,,,,,,,,4.44%,$             58.68,2.61,146.36,44.32,100.28,14%,149%,1.78%,5.88%,5.19%,2.69%,2.69%,0,2.60%,-45.18%,,,,,,,,,,,,
,,,,,,,,,,,,,,,,,,2022,12/20/2022,$                                                       59.28,,,,,,,,,,4.40%,$             59.28,2.61,146.36,44.32,100.28,15%,147%,1.78%,5.88%,5.14%,1.65%,1.65%,0,2.60%,-44.62%,,,,,,,,,,,,
,,,,,,,,,,,,,,,,,,2022,12/21/2022,$                                                       60.36,,,,,,,,,,4.32%,$             60.36,2.61,146.36,44.32,100.28,16%,142%,1.78%,5.88%,5.05%,-0.17%,-0.17%,0,2.60%,-43.61%,,,,,,,,,,,,
,,,,,,,,,,,,,,,,,,2022,12/22/2022,$                                                       60.09,,,,,,,,,,4.34%,$             60.09,2.61,146.36,44.32,100.28,15%,144%,1.78%,5.88%,5.07%,0.28%,0.28%,0,2.60%,-43.86%,,,,,,,,,,,,
,,,,,,,,,,,,,,,,,,2022,12/23/2022,$                                                       60.46,,,,,,,,,,4.31%,$             60.46,2.61,146.36,44.32,100.28,16%,142%,1.78%,5.88%,5.04%,-0.33%,-0.33%,0,2.60%,-43.52%,,,,,,,,,,,,
,,,,,,,,,,,,,,,,,,2022,12/28/2022,$                                                       60.00,,,,,,,,,,4.34%,$             60.00,2.61,146.36,44.32,100.28,15%,144%,1.78%,5.88%,5.08%,0.43%,0.43%,0,2.60%,-43.95%,,,,,,,,,,,,
,,,,,,,,,,,,,,,,,,2022,12/29/2022,$                                                        63.18,,,,,,,,,,4.12%,$              63.18,2.61,146.36,44.32,100.28,18%,132%,1.78%,5.88%,4.82%,-4.62%,-4.62%,0,2.60%,-40.98%,,,,,,,,,,,,
,,,,,,,,,,,,,,,,,,2022,12/30/2022,$                                                       63.57,,,,,,,,,,4.10%,$             63.57,2.61,146.36,44.32,100.28,19%,130%,1.78%,5.88%,4.79%,-5.21%,-5.21%,0,2.60%,-40.61%,,,,,,,,,,,,
,,,,,,,,,,,,,,,,,,2023,1/3/2023,$                                                       64.68,,,,,,,,,,4.71%,$             64.68,3.05,171.13,51.82,117.25,11%,165%,1.78%,5.88%,4.71%,-6.83%,-6.83%,0,2.60%,-39.57%,,,,,,,,,,,,
,,,,,,,,,,,,,,,,,,2023,1/4/2023,$                                                        65.31,,,,,,,,,,4.67%,$              65.31,3.05,171.13,51.82,117.25,11%,162%,1.78%,5.88%,4.67%,-7.73%,-7.73%,0,2.60%,-38.99%,,,,,,,,,,,,
,,,,,,,,,,,,,,,,,,2023,1/5/2023,$                                                       66.62,,,,,,,,,,4.57%,$             66.62,3.05,171.13,51.82,117.25,12%,157%,1.78%,5.88%,4.57%,-9.55%,-9.55%,0,2.60%,-37.76%,,,,,,,,,,,,
,,,,,,,,,,,,,,,,,,2023,1/6/2023,$                                                        67.12,,,,,,,,,,4.54%,$              67.12,3.05,171.13,51.82,117.25,13%,155%,1.78%,5.88%,4.54%,-10.22%,-10.22%,0,2.60%,-37.29%,,,,,,,,,,,,
,,,,,,,,,,,,,,,,,,2023,1/9/2023,$                                                       65.63,,,,,,,,,,4.64%,$             65.63,3.05,171.13,51.82,117.25,12%,161%,1.78%,5.88%,4.64%,-8.18%,-8.18%,0,2.60%,-38.69%,,,,,,,,,,,,
,,,,,,,,,,,,,,,,,,2023,1/10/2023,$                                                        66.61,,,,,,,,,,4.57%,$              66.61,3.05,171.13,51.82,117.25,12%,157%,1.78%,5.88%,4.57%,-9.53%,-9.53%,0,2.60%,-37.77%,,,,,,,,,,,,
,,,,,,,,,,,,,,,,,,2023,1/11/2023,$                                                       67.00,,,,,,,,,,4.55%,$             67.00,3.05,171.13,51.82,117.25,13%,155%,1.78%,5.88%,4.55%,-10.06%,-10.06%,0,2.60%,-37.41%,,,,,,,,,,,,
,,,,,,,,,,,,,,,,,,2023,1/12/2023,$                                                       68.39,,,,,,,,,,4.46%,$             68.39,3.05,171.13,51.82,117.25,14%,150%,1.78%,5.88%,4.46%,-11.89%,-11.89%,0,2.60%,-36.11%,,,,,,,,,,,,
,,,,,,,,,,,,,,,,,,2023,1/13/2023,$                                                        61.44,,,,,,,,,,4.96%,$              61.44,3.05,171.13,51.82,117.25,8%,179%,1.78%,5.88%,4.96%,-1.92%,-1.92%,0,2.60%,-42.60%,,,,,,,,,,,,
,,,,,,,,,,,,,,,,,,2023,1/16/2023,$                                                       58.86,,,,,,,,,,5.18%,$             58.86,3.05,171.13,51.82,117.25,6%,191%,1.78%,5.88%,5.18%,2.38%,2.38%,0,2.60%,-45.01%,,,,,,,,,,,,
,,,,,,,,,,,,,,,,,,2023,1/17/2023,$                                                       58.59,,,,,,,,,,5.20%,$             58.59,3.05,171.13,51.82,117.25,6%,192%,1.78%,5.88%,5.20%,2.85%,2.85%,0,2.60%,-45.26%,,,,,,,,,,,,
,,,,,,,,,,,,,,,,,,2023,1/18/2023,$                                                       57.63,,,,,,,,,,5.29%,$             57.63,3.05,171.13,51.82,117.25,5%,197%,1.78%,5.88%,5.29%,4.56%,4.56%,0,2.60%,-46.16%,,,,,,,,,,,,
,,,,,,,,,,,,,,,,,,2023,1/19/2023,$                                                        56.14,,,,,,,,,,5.43%,$              56.14,3.05,171.13,51.82,117.25,4%,205%,1.78%,5.88%,5.43%,7.34%,7.34%,0,2.60%,-47.55%,,,,,,,,,,,,
,,,,,,,,,,,,,,,,,,2023,1/20/2023,$                                                       58.32,,,,,,,,,,5.22%,$             58.32,3.05,171.13,51.82,117.25,5%,193%,1.78%,5.88%,5.22%,3.33%,3.33%,0,2.60%,-45.52%,,,,,,,,,,,,
,,,,,,,,,,,,,,,,,,2023,1/23/2023,$                                                        59.16,,,,,,,,,,5.15%,$              59.16,3.05,171.13,51.82,117.25,6%,189%,1.78%,5.88%,5.15%,1.86%,1.86%,0,2.60%,-44.73%,,,,,,,,,,,,
,,,,,,,,,,,,,,,,,,2023,1/24/2023,$                                                       58.09,,,,,,,,,,5.25%,$             58.09,3.05,171.13,51.82,117.25,5%,195%,1.78%,5.88%,5.25%,3.74%,3.74%,0,2.60%,-45.73%,,,,,,,,,,,,
,,,,,,,,,,,,,,,,,,2023,1/25/2023,$                                                       58.05,,,,,,,,,,5.25%,$             58.05,3.05,171.13,51.82,117.25,5%,195%,1.78%,5.88%,5.25%,3.81%,3.81%,0,2.60%,-45.77%,,,,,,,,,,,,
,,,,,,,,,,,,,,,,,,2023,1/26/2023,$                                                       58.67,,,,,,,,,,5.19%,$             58.67,3.05,171.13,51.82,117.25,6%,192%,1.78%,5.88%,5.19%,2.71%,2.71%,0,2.60%,-45.19%,,,,,,,,,,,,
,,,,,,,,,,,,,,,,,,2023,1/27/2023,$                                                        59.14,,,,,,,,,,5.15%,$              59.14,3.05,171.13,51.82,117.25,6%,189%,1.78%,5.88%,5.15%,1.89%,1.89%,0,2.60%,-44.75%,,,,,,,,,,,,
,,,,,,,,,,,,,,,,,,2023,1/30/2023,$                                                        59.31,,,,,,,,,,5.14%,$              59.31,3.05,171.13,51.82,117.25,6%,189%,1.78%,5.88%,5.14%,1.60%,1.60%,0,2.60%,-44.59%,,,,,,,,,,,,
,,,,,,,,,,,,,,,,,,2023,1/31/2023,$                                                        59.31,,,,,,,,,,5.14%,$              59.31,3.05,171.13,51.82,117.25,6%,189%,1.78%,5.88%,5.14%,1.60%,1.60%,0,2.60%,-44.59%,,,,,,,,,,,,
,,,,,,,,,,,,,,,,,,2023,2/1/2023,$                                                        61.30,,,,,,,,,,4.97%,$              61.30,3.05,171.13,51.82,117.25,8%,179%,1.78%,5.88%,4.97%,-1.70%,-1.70%,0,2.60%,-42.73%,,,,,,,,,,,,
,,,,,,,,,,,,,,,,,,2023,2/2/2023,$                                                       62.39,,,,,,,,,,4.88%,$             62.39,3.05,171.13,51.82,117.25,9%,174%,1.78%,5.88%,4.88%,-3.41%,-3.41%,0,2.60%,-41.71%,,,,,,,,,,,,
,,,,,,,,,,,,,,,,,,2023,2/3/2023,$                                                        61.48,,,,,,,,,,4.96%,$              61.48,3.05,171.13,51.82,117.25,8%,178%,1.78%,5.88%,4.96%,-1.98%,-1.98%,0,2.60%,-42.56%,,,,,,,,,,,,
,,,,,,,,,,,,,,,,,,2023,2/6/2023,$                                                        61.56,,,,,,,,,,4.95%,$              61.56,3.05,171.13,51.82,117.25,8%,178%,1.78%,5.88%,4.95%,-2.11%,-2.11%,0,2.60%,-42.49%,,,,,,,,,,,,
,,,,,,,,,,,,,,,,,,2023,2/7/2023,$                                                        61.09,,,,,,,,,,4.99%,$              61.09,3.05,171.13,51.82,117.25,8%,180%,1.78%,5.88%,4.99%,-1.36%,-1.36%,0,2.60%,-42.93%,,,,,,,,,,,,
,,,,,,,,,,,,,,,,,,2023,2/8/2023,$                                                        61.03,,,,,,,,,,4.99%,$              61.03,3.05,171.13,51.82,117.25,8%,180%,1.78%,5.88%,4.99%,-1.26%,-1.26%,0,2.60%,-42.98%,,,,,,,,,,,,
,,,,,,,,,,,,,,,,,,2023,2/9/2023,$                                                        60.19,,,,,,,,,,5.06%,$              60.19,3.05,171.13,51.82,117.25,7%,184%,1.78%,5.88%,5.06%,0.12%,0.12%,0,2.60%,-43.77%,,,,,,,,,,,,
,,,,,,,,,,,,,,,,,,2023,2/10/2023,$                                                       60.26,,,,,,,,,,5.06%,$             60.26,3.05,171.13,51.82,117.25,7%,184%,1.78%,5.88%,5.06%,0.00%,0.00%,0,2.60%,-43.70%,,,,,,,,,,,,
,,,,,,,,,,,,,,,,,,2023,2/13/2023,$                                                        61.25,,,,,,,,,,4.97%,$              61.25,3.05,171.13,51.82,117.25,8%,179%,1.78%,5.88%,4.97%,-1.62%,-1.62%,0,2.60%,-42.78%,,,,,,,,,,,,
,,,,,,,,,,,,,,,,,,2023,2/14/2023,$                                                       60.82,,,,,,,,,,5.01%,$             60.82,3.05,171.13,51.82,117.25,8%,181%,1.78%,5.88%,5.01%,-0.92%,-0.92%,0,2.60%,-43.18%,,,,,,,,,,,,
,,,,,,,,,,,,,,,,,,2023,2/15/2023,$                                                       60.70,,,,,,,,,,5.02%,$             60.70,3.05,171.13,51.82,117.25,7%,182%,1.78%,5.88%,5.02%,-0.72%,-0.72%,0,2.60%,-43.29%,,,,,,,,,,,,
,,,,,,,,,,,,,,,,,,2023,2/16/2023,$                                                       62.09,,,,,,,,,,4.91%,$             62.09,3.05,171.13,51.82,117.25,9%,176%,1.78%,5.88%,4.91%,-2.95%,-2.95%,0,2.60%,-41.99%,,,,,,,,,,,,
,,,,,,,,,,,,,,,,,,2023,2/17/2023,$                                                       63.20,,,,,,,,,,4.82%,$             63.20,3.05,171.13,51.82,117.25,10%,171%,1.78%,5.88%,4.82%,-4.65%,-4.65%,0,2.60%,-40.96%,,,,,,,,,,,,
,,,,,,,,,,,,,,,,,,2023,2/21/2023,$                                                        61.59,,,,,,,,,,4.95%,$              61.59,3.05,171.13,51.82,117.25,8%,178%,1.78%,5.88%,4.95%,-2.16%,-2.16%,0,2.60%,-42.46%,,,,,,,,,,,,
,,,,,,,,,,,,,,,,,,2023,2/22/2023,$                                                         61.12,,,,,,,,,,4.99%,$               61.12,3.05,171.13,51.82,117.25,8%,180%,1.78%,5.88%,4.99%,-1.41%,-1.41%,0,2.60%,-42.90%,,,,,,,,,,,,
,,,,,,,,,,,,,,,,,,2023,2/23/2023,$                                                        61.59,,,,,,,,,,4.95%,$              61.59,3.05,171.13,51.82,117.25,8%,178%,1.78%,5.88%,4.95%,-2.16%,-2.16%,0,2.60%,-42.46%,,,,,,,,,,,,
,,,,,,,,,,,,,,,,,,2023,2/24/2023,$                                                        61.32,,,,,,,,,,4.97%,$              61.32,3.05,171.13,51.82,117.25,8%,179%,1.78%,5.88%,4.97%,-1.73%,-1.73%,0,2.60%,-42.71%,,,,,,,,,,,,
,,,,,,,,,,,,,,,,,,2023,2/27/2023,$                                                        60.21,,,,,,,,,,5.06%,$              60.21,3.05,171.13,51.82,117.25,7%,184%,1.78%,5.88%,5.06%,0.08%,0.08%,0,2.60%,-43.75%,,,,,,,,,,,,
,,,,,,,,,,,,,,,,,,2023,2/28/2023,$                                                       60.50,,,,,,,,,,5.04%,$             60.50,3.05,171.13,51.82,117.25,7%,183%,1.78%,5.88%,5.04%,-0.40%,-0.40%,0,2.60%,-43.48%,,,,,,,,,,,,
,,,,,,,,,,,,,,,,,,2023,3/1/2023,$                                                       59.77,,,,,,,,,,5.10%,$             59.77,3.05,171.13,51.82,117.25,7%,186%,1.78%,5.88%,5.10%,0.82%,0.82%,0,2.60%,-44.16%,,,,,,,,,,,,
,,,,,,,,,,,,,,,,,,2023,3/2/2023,$                                                       59.92,,,,,,,,,,5.09%,$             59.92,3.05,171.13,51.82,117.25,7%,186%,1.78%,5.88%,5.09%,0.57%,0.57%,0,2.60%,-44.02%,,,,,,,,,,,,
,,,,,,,,,,,,,,,,,,2023,3/3/2023,$                                                       59.23,,,,,,,,,,5.14%,$             59.23,3.05,171.13,51.82,117.25,6%,189%,1.78%,5.88%,5.14%,1.74%,1.74%,0,2.60%,-44.67%,,,,,,,,,,,,
,,,,,,,,,,,,,,,,,,2023,3/6/2023,$                                                       59.72,,,,,,,,,,5.10%,$             59.72,3.05,171.13,51.82,117.25,7%,187%,1.78%,5.88%,5.10%,0.90%,0.90%,0,2.60%,-44.21%,,,,,,,,,,,,
,,,,,,,,,,,,,,,,,,2023,3/7/2023,$                                                       59.08,,,,,,,,,,5.16%,$             59.08,3.05,171.13,51.82,117.25,6%,190%,1.78%,5.88%,5.16%,2.00%,2.00%,0,2.60%,-44.81%,,,,,,,,,,,,
,,,,,,,,,,,,,,,,,,2023,3/8/2023,$                                                       58.55,,,,,,,,,,5.20%,$             58.55,3.05,171.13,51.82,117.25,6%,192%,1.78%,5.88%,5.20%,2.92%,2.92%,0,2.60%,-45.30%,,,,,,,,,,,,
,,,,,,,,,,,,,,,,,,2023,3/9/2023,$                                                       57.48,,,,,,,,,,5.30%,$             57.48,3.05,171.13,51.82,117.25,5%,198%,1.78%,5.88%,5.30%,4.84%,4.84%,0,2.60%,-46.30%,,,,,,,,,,,,
,,,,,,,,,,,,,,,,,,2023,3/10/2023,$                                                       55.42,,,,,,,,,,5.50%,$             55.42,3.05,171.13,51.82,117.25,3%,209%,1.78%,5.88%,5.50%,8.73%,8.73%,0,2.60%,-48.22%,,,,,,,,,,,,
,,,,,,,,,,,,,,,,,,2023,3/13/2023,$                                                       55.29,,,,,,,,,,5.51%,$             55.29,3.05,171.13,51.82,117.25,3%,210%,1.78%,5.88%,5.51%,8.99%,8.99%,0,2.60%,-48.35%,,,,,,,,,,,,
,,,,,,,,,,,,,,,,,,2023,3/14/2023,$                                                       54.94,,,,,,,,,,5.55%,$             54.94,3.05,171.13,51.82,117.25,3%,211%,1.78%,5.88%,5.55%,9.68%,9.68%,0,2.60%,-48.67%,,,,,,,,,,,,
,,,,,,,,,,,,,,,,,,2023,3/15/2023,$                                                       55.42,,,,,,,,,,5.50%,$             55.42,3.05,171.13,51.82,117.25,3%,209%,1.78%,5.88%,5.50%,8.73%,8.73%,0,2.60%,-48.22%,,,,,,,,,,,,
,,,,,,,,,,,,,,,,,,2023,3/16/2023,$                                                       55.49,,,,,,,,,,5.49%,$             55.49,3.05,171.13,51.82,117.25,3%,208%,1.78%,5.88%,5.49%,8.60%,8.60%,0,2.60%,-48.16%,,,,,,,,,,,,
,,,,,,,,,,,,,,,,,,2023,3/17/2023,$                                                       54.48,,,,,,,,,,5.59%,$             54.48,3.05,171.13,51.82,117.25,2%,214%,1.78%,5.88%,5.59%,10.61%,10.61%,0,2.60%,-49.10%,,,,,,,,,,,,
,,,,,,,,,,,,,,,,,,2023,3/20/2023,$                                                       55.64,,,,,,,,,,5.48%,$             55.64,3.05,171.13,51.82,117.25,3%,208%,1.78%,5.88%,5.48%,8.30%,8.30%,0,2.60%,-48.02%,,,,,,,,,,,,
,,,,,,,,,,,,,,,,,,2023,3/21/2023,$                                                       55.64,,,,,,,,,,5.48%,$             55.64,3.05,171.13,51.82,117.25,3%,208%,1.78%,5.88%,5.48%,8.30%,8.30%,0,2.60%,-48.02%,,,,,,,,,,,,
,,,,,,,,,,,,,,,,,,2023,3/22/2023,$                                                       55.49,,,,,,,,,,5.49%,$             55.49,3.05,171.13,51.82,117.25,3%,208%,1.78%,5.88%,5.49%,8.60%,8.60%,0,2.60%,-48.16%,,,,,,,,,,,,
,,,,,,,,,,,,,,,,,,2023,3/23/2023,$                                                       55.98,,,,,,,,,,5.44%,$             55.98,3.05,171.13,51.82,117.25,3%,206%,1.78%,5.88%,5.44%,7.65%,7.65%,0,2.60%,-47.70%,,,,,,,,,,,,
,,,,,,,,,,,,,,,,,,2023,3/24/2023,$                                                       56.05,,,,,,,,,,5.44%,$             56.05,3.05,171.13,51.82,117.25,4%,205%,1.78%,5.88%,5.44%,7.51%,7.51%,0,2.60%,-47.64%,,,,,,,,,,,,
,,,,,,,,,,,,,,,,,,2023,3/27/2023,$                                                       55.93,,,,,,,,,,5.45%,$             55.93,3.05,171.13,51.82,117.25,3%,206%,1.78%,5.88%,5.45%,7.74%,7.74%,0,2.60%,-47.75%,,,,,,,,,,,,
,,,,,,,,,,,,,,,,,,2023,3/28/2023,$                                                        56.12,,,,,,,,,,5.43%,$              56.12,3.05,171.13,51.82,117.25,4%,205%,1.78%,5.88%,5.43%,7.38%,7.38%,0,2.60%,-47.57%,,,,,,,,,,,,
,,,,,,,,,,,,,,,,,,2023,3/29/2023,$                                                       56.39,,,,,,,,,,5.40%,$             56.39,3.05,171.13,51.82,117.25,4%,203%,1.78%,5.88%,5.40%,6.86%,6.86%,0,2.60%,-47.32%,,,,,,,,,,,,
,,,,,,,,,,,,,,,,,,2023,3/30/2023,$                                                       57.68,,,,,,,,,,5.28%,$             57.68,3.05,171.13,51.82,117.25,5%,197%,1.78%,5.88%,5.28%,4.47%,4.47%,0,2.60%,-46.11%,,,,,,,,,,,,
,,,,,,,,,,,,,,,,,,2023,3/31/2023,$                                                       60.83,,,,,,,,,,5.01%,$             60.83,3.05,171.13,51.82,117.25,8%,181%,1.78%,5.88%,5.01%,-0.94%,-0.94%,0,2.60%,-43.17%,,,,,,,,,,,,
,,,,,,,,,,,,,,,,,,2023,4/3/2023,$                                                       58.86,,,,,,,,,,5.18%,$             58.86,3.05,171.13,51.82,117.25,6%,191%,1.78%,5.88%,5.18%,2.38%,2.38%,0,2.60%,-45.01%,,,,,,,,,,,,
,,,,,,,,,,,,,,,,,,2023,4/4/2023,$                                                        60.16,,,,,,,,,,5.06%,$              60.16,3.05,171.13,51.82,117.25,7%,184%,1.78%,5.88%,5.06%,0.17%,0.17%,0,2.60%,-43.80%,,,,,,,,,,,,
,,,,,,,,,,,,,,,,,,2023,4/5/2023,$                                                       60.05,,,,,,,,,,5.07%,$             60.05,3.05,171.13,51.82,117.25,7%,185%,1.78%,5.88%,5.07%,0.35%,0.35%,0,2.60%,-43.90%,,,,,,,,,,,,
,,,,,,,,,,,,,,,,,,2023,4/6/2023,$                                                       59.40,,,,,,,,,,5.13%,$             59.40,3.05,171.13,51.82,117.25,6%,188%,1.78%,5.88%,5.13%,1.45%,1.45%,0,2.60%,-44.51%,,,,,,,,,,,,
,,,,,,,,,,,,,,,,,,2023,4/10/2023,$                                                        60.41,,,,,,,,,,5.04%,$              60.41,3.05,171.13,51.82,117.25,7%,183%,1.78%,5.88%,5.04%,-0.25%,-0.25%,0,2.60%,-43.56%,,,,,,,,,,,,
,,,,,,,,,,,,,,,,,,2023,4/11/2023,$                                                       62.47,,,,,,,,,,4.88%,$             62.47,3.05,171.13,51.82,117.25,9%,174%,1.78%,5.88%,4.88%,-3.54%,-3.54%,0,2.60%,-41.64%,,,,,,,,,,,,
,,,,,,,,,,,,,,,,,,2023,4/12/2023,$                                                       59.50,,,,,,,,,,5.12%,$             59.50,3.05,171.13,51.82,117.25,6%,188%,1.78%,5.88%,5.12%,1.28%,1.28%,0,2.60%,-44.41%,,,,,,,,,,,,
,,,,,,,,,,,,,,,,,,2023,4/13/2023,$                                                       59.00,,,,,,,,,,5.16%,$             59.00,3.05,171.13,51.82,117.25,6%,190%,1.78%,5.88%,5.16%,2.14%,2.14%,0,2.60%,-44.88%,,,,,,,,,,,,
,,,,,,,,,,,,,,,,,,2023,4/14/2023,$                                                       58.46,,,,,,,,,,5.21%,$             58.46,3.05,171.13,51.82,117.25,6%,193%,1.78%,5.88%,5.21%,3.08%,3.08%,0,2.60%,-45.38%,,,,,,,,,,,,
,,,,,,,,,,,,,,,,,,2023,4/17/2023,$                                                       57.38,,,,,,,,,,5.31%,$             57.38,3.05,171.13,51.82,117.25,5%,198%,1.78%,5.88%,5.31%,5.02%,5.02%,0,2.60%,-46.39%,,,,,,,,,,,,
,,,,,,,,,,,,,,,,,,2023,4/18/2023,$                                                       57.90,,,,,,,,,,5.26%,$             57.90,3.05,171.13,51.82,117.25,5%,196%,1.78%,5.88%,5.26%,4.08%,4.08%,0,2.60%,-45.91%,,,,,,,,,,,,
,,,,,,,,,,,,,,,,,,2023,4/19/2023,$                                                       57.97,,,,,,,,,,5.26%,$             57.97,3.05,171.13,51.82,117.25,5%,195%,1.78%,5.88%,5.26%,3.95%,3.95%,0,2.60%,-45.84%,,,,,,,,,,,,
,,,,,,,,,,,,,,,,,,2023,4/20/2023,$                                                        57.81,,,,,,,,,,5.27%,$              57.81,3.05,171.13,51.82,117.25,5%,196%,1.78%,5.88%,5.27%,4.24%,4.24%,0,2.60%,-45.99%,,,,,,,,,,,,
,,,,,,,,,,,,,,,,,,2023,4/21/2023,$                                                        58.19,,,,,,,,,,5.24%,$              58.19,3.05,171.13,51.82,117.25,5%,194%,1.78%,5.88%,5.24%,3.56%,3.56%,0,2.60%,-45.64%,,,,,,,,,,,,
,,,,,,,,,,,,,,,,,,2023,4/24/2023,$                                                       57.47,,,,,,,,,,5.30%,$             57.47,3.05,171.13,51.82,117.25,5%,198%,1.78%,5.88%,5.30%,4.85%,4.85%,0,2.60%,-46.31%,,,,,,,,,,,,
,,,,,,,,,,,,,,,,,,2023,4/25/2023,$                                                       56.75,,,,,,,,,,5.37%,$             56.75,3.05,171.13,51.82,117.25,4%,202%,1.78%,5.88%,5.37%,6.19%,6.19%,0,2.60%,-46.98%,,,,,,,,,,,,
,,,,,,,,,,,,,,,,,,2023,4/26/2023,$                                                        56.21,,,,,,,,,,5.42%,$              56.21,3.05,171.13,51.82,117.25,4%,204%,1.78%,5.88%,5.42%,7.21%,7.21%,0,2.60%,-47.49%,,,,,,,,,,,,
,,,,,,,,,,,,,,,,,,2023,4/27/2023,$                                                       56.62,,,,,,,,,,5.38%,$             56.62,3.05,171.13,51.82,117.25,4%,202%,1.78%,5.88%,5.38%,6.43%,6.43%,0,2.60%,-47.10%,,,,,,,,,,,,
,,,,,,,,,,,,,,,,,,2023,4/28/2023,$                                                       57.67,,,,,,,,,,5.28%,$             57.67,3.05,171.13,51.82,117.25,5%,197%,1.78%,5.88%,5.28%,4.49%,4.49%,0,2.60%,-46.12%,,,,,,,,,,,,
,,,,,,,,,,,,,,,,,,2023,5/1/2023,$                                                       57.27,,,,,,,,,,5.32%,$             57.27,3.05,171.13,51.82,117.25,5%,199%,1.78%,5.88%,5.32%,5.22%,5.22%,0,2.60%,-46.50%,,,,,,,,,,,,
,,,,,,,,,,,,,,,,,,2023,5/2/2023,$                                                       56.27,,,,,,,,,,5.41%,$             56.27,3.05,171.13,51.82,117.25,4%,204%,1.78%,5.88%,5.41%,7.09%,7.09%,0,2.60%,-47.43%,,,,,,,,,,,,
,,,,,,,,,,,,,,,,,,2023,5/3/2023,$                                                       55.36,,,,,,,,,,5.50%,$             55.36,3.05,171.13,51.82,117.25,3%,209%,1.78%,5.88%,5.50%,8.85%,8.85%,0,2.60%,-48.28%,,,,,,,,,,,,
,,,,,,,,,,,,,,,,,,2023,5/4/2023,$                                                       54.44,,,,,,,,,,5.60%,$             54.44,3.05,171.13,51.82,117.25,2%,214%,1.78%,5.88%,5.60%,10.69%,10.69%,0,2.60%,-49.14%,,,,,,,,,,,,
,,,,,,,,,,,,,,,,,,2023,5/5/2023,$                                                         54.11,,,,,,,,,,5.63%,$               54.11,3.05,171.13,51.82,117.25,2%,216%,1.78%,5.88%,5.63%,11.37%,11.37%,0,2.60%,-49.45%,,,,,,,,,,,,
,,,,,,,,,,,,,,,,,,2023,5/8/2023,$                                                       54.00,,,,,,,,,,5.64%,$             54.00,3.05,171.13,51.82,117.25,2%,217%,1.78%,5.88%,5.64%,11.59%,11.59%,0,2.60%,-49.55%,,,,,,,,,,,,
,,,,,,,,,,,,,,,,,,2023,5/9/2023,$                                                       54.36,,,,,,,,,,5.61%,$             54.36,3.05,171.13,51.82,117.25,2%,215%,1.78%,5.88%,5.61%,10.85%,10.85%,0,2.60%,-49.22%,,,,,,,,,,,,
,,,,,,,,,,,,,,,,,,2023,5/10/2023,$                                                       54.08,,,,,,,,,,5.63%,$             54.08,3.05,171.13,51.82,117.25,2%,216%,1.78%,5.88%,5.63%,11.43%,11.43%,0,2.60%,-49.48%,,,,,,,,,,,,
,,,,,,,,,,,,,,,,,,2023,5/11/2023,$                                                       54.02,,,,,,,,,,5.64%,$             54.02,3.05,171.13,51.82,117.25,2%,217%,1.78%,5.88%,5.64%,11.55%,11.55%,0,2.60%,-49.53%,,,,,,,,,,,,
,,,,,,,,,,,,,,,,,,2023,5/12/2023,$                                                       53.82,,,,,,,,,,5.66%,$             53.82,3.05,171.13,51.82,117.25,2%,218%,1.78%,5.88%,5.66%,11.97%,11.97%,0,2.60%,-49.72%,,,,,,,,,,,,
,,,,,,,,,,,,,,,,,,2023,5/15/2023,$                                                       53.45,,,,,,,,,,5.70%,$             53.45,3.05,171.13,51.82,117.25,1%,220%,1.78%,5.88%,5.70%,12.74%,12.74%,0,2.60%,-50.07%,,,,,,,,,,,,
,,,,,,,,,,,,,,,,,,2023,5/16/2023,$                                                       54.33,,,,,,,,,,5.61%,$             54.33,3.05,171.13,51.82,117.25,2%,215%,1.78%,5.88%,5.61%,10.91%,10.91%,0,2.60%,-49.24%,,,,,,,,,,,,
,,,,,,,,,,,,,,,,,,2023,5/17/2023,$                                                       55.05,,,,,,,,,,5.53%,$             55.05,3.05,171.13,51.82,117.25,3%,211%,1.78%,5.88%,5.53%,9.46%,9.46%,0,2.60%,-48.57%,,,,,,,,,,,,
,,,,,,,,,,,,,,,,,,2023,5/18/2023,$                                                       54.78,,,,,,,,,,5.56%,$             54.78,3.05,171.13,51.82,117.25,2%,212%,1.78%,5.88%,5.56%,10.00%,10.00%,0,2.60%,-48.82%,,,,,,,,,,,,
,,,,,,,,,,,,,,,,,,2023,5/19/2023,$                                                       55.29,,,,,,,,,,5.51%,$             55.29,3.05,171.13,51.82,117.25,3%,210%,1.78%,5.88%,5.51%,8.99%,8.99%,0,2.60%,-48.35%,,,,,,,,,,,,
,,,,,,,,,,,,,,,,,,2023,5/23/2023,$                                                       54.44,,,,,,,,,,5.60%,$             54.44,3.05,171.13,51.82,117.25,2%,214%,1.78%,5.88%,5.60%,10.69%,10.69%,0,2.60%,-49.14%,,,,,,,,,,,,
,,,,,,,,,,,,,,,,,,2023,5/24/2023,$                                                       53.47,,,,,,,,,,5.70%,$             53.47,3.05,171.13,51.82,117.25,1%,220%,1.78%,5.88%,5.70%,12.70%,12.70%,0,2.60%,-50.05%,,,,,,,,,,,,
,,,,,,,,,,,,,,,,,,2023,5/25/2023,$                                                        53.12,,,,,,,,,,5.74%,$              53.12,3.05,171.13,51.82,117.25,1%,222%,1.78%,5.88%,5.74%,13.44%,13.44%,0,2.60%,-50.37%,,,,,,,,,,,,
,,,,,,,,,,,,,,,,,,2023,5/26/2023,$                                                       53.84,,,,,,,,,,5.66%,$             53.84,3.05,171.13,51.82,117.25,2%,218%,1.78%,5.88%,5.66%,11.92%,11.92%,0,2.60%,-49.70%,,,,,,,,,,,,
,,,,,,,,,,,,,,,,,,2023,5/29/2023,$                                                       55.00,,,,,,,,,,5.54%,$             55.00,3.05,171.13,51.82,117.25,3%,211%,1.78%,5.88%,5.54%,9.56%,9.56%,0,2.60%,-48.62%,,,,,,,,,,,,
,,,,,,,,,,,,,,,,,,2023,5/30/2023,$                                                       54.46,,,,,,,,,,5.59%,$             54.46,3.05,171.13,51.82,117.25,2%,214%,1.78%,5.88%,5.59%,10.65%,10.65%,0,2.60%,-49.12%,,,,,,,,,,,,
,,,,,,,,,,,,,,,,,,2023,5/31/2023,$                                                       53.66,,,,,,,,,,5.68%,$             53.66,3.05,171.13,51.82,117.25,2%,219%,1.78%,5.88%,5.68%,12.30%,12.30%,0,2.60%,-49.87%,,,,,,,,,,,,
,,,,,,,,,,,,,,,,,,2023,6/1/2023,$                                                       53.29,,,,,,,,,,5.72%,$             53.29,3.05,171.13,51.82,117.25,1%,221%,1.78%,5.88%,5.72%,13.08%,13.08%,0,2.60%,-50.21%,,,,,,,,,,,,
,,,,,,,,,,,,,,,,,,2023,6/2/2023,$                                                       53.37,,,,,,,,,,5.71%,$             53.37,3.05,171.13,51.82,117.25,1%,221%,1.78%,5.88%,5.71%,12.91%,12.91%,0,2.60%,-50.14%,,,,,,,,,,,,
,,,,,,,,,,,,,,,,,,2023,6/5/2023,$                                                       53.05,,,,,,,,,,5.74%,$             53.05,3.05,171.13,51.82,117.25,1%,223%,1.78%,5.88%,5.74%,13.59%,13.59%,0,2.60%,-50.44%,,,,,,,,,,,,
,,,,,,,,,,,,,,,,,,2023,6/6/2023,$                                                       54.42,,,,,,,,,,5.60%,$             54.42,3.05,171.13,51.82,117.25,2%,214%,1.78%,5.88%,5.60%,10.73%,10.73%,0,2.60%,-49.16%,,,,,,,,,,,,
,,,,,,,,,,,,,,,,,,2023,6/7/2023,$                                                       55.60,,,,,,,,,,5.48%,$             55.60,3.05,171.13,51.82,117.25,3%,208%,1.78%,5.88%,5.48%,8.38%,8.38%,0,2.60%,-48.06%,,,,,,,,,,,,
,,,,,,,,,,,,,,,,,,2023,6/8/2023,$                                                       55.34,,,,,,,,,,5.51%,$             55.34,3.05,171.13,51.82,117.25,3%,209%,1.78%,5.88%,5.51%,8.89%,8.89%,0,2.60%,-48.30%,,,,,,,,,,,,
,,,,,,,,,,,,,,,,,,2023,6/9/2023,$                                                       55.88,,,,,,,,,,5.45%,$             55.88,3.05,171.13,51.82,117.25,3%,206%,1.78%,5.88%,5.45%,7.84%,7.84%,0,2.60%,-47.80%,,,,,,,,,,,,
,,,,,,,,,,,,,,,,,,2023,6/12/2023,$                                                       55.38,,,,,,,,,,5.50%,$             55.38,3.05,171.13,51.82,117.25,3%,209%,1.78%,5.88%,5.50%,8.81%,8.81%,0,2.60%,-48.26%,,,,,,,,,,,,
,,,,,,,,,,,,,,,,,,2023,6/13/2023,$                                                       56.57,,,,,,,,,,5.39%,$             56.57,3.05,171.13,51.82,117.25,4%,203%,1.78%,5.88%,5.39%,6.52%,6.52%,0,2.60%,-47.15%,,,,,,,,,,,,
,,,,,,,,,,,,,,,,,,2023,6/14/2023,$                                                       56.36,,,,,,,,,,5.41%,$             56.36,3.05,171.13,51.82,117.25,4%,204%,1.78%,5.88%,5.41%,6.92%,6.92%,0,2.60%,-47.35%,,,,,,,,,,,,
,,,,,,,,,,,,,,,,,,2023,6/15/2023,$                                                        56.16,,,,,,,,,,5.43%,$              56.16,3.05,171.13,51.82,117.25,4%,205%,1.78%,5.88%,5.43%,7.30%,7.30%,0,2.60%,-47.53%,,,,,,,,,,,,
,,,,,,,,,,,,,,,,,,2023,6/16/2023,$                                                       55.68,,,,,,,,,,5.47%,$             55.68,3.05,171.13,51.82,117.25,3%,207%,1.78%,5.88%,5.47%,8.23%,8.23%,0,2.60%,-47.98%,,,,,,,,,,,,
,,,,,,,,,,,,,,,,,,2023,6/19/2023,$                                                       55.34,,,,,,,,,,5.51%,$             55.34,3.05,171.13,51.82,117.25,3%,209%,1.78%,5.88%,5.51%,8.89%,8.89%,0,2.60%,-48.30%,,,,,,,,,,,,
,,,,,,,,,,,,,,,,,,2023,6/20/2023,$                                                       55.88,,,,,,,,,,5.45%,$             55.88,3.05,171.13,51.82,117.25,3%,206%,1.78%,5.88%,5.45%,7.84%,7.84%,0,2.60%,-47.80%,,,,,,,,,,,,
,,,,,,,,,,,,,,,,,,2023,6/21/2023,$                                                       54.54,,,,,,,,,,5.59%,$             54.54,3.05,171.13,51.82,117.25,2%,214%,1.78%,5.88%,5.59%,10.49%,10.49%,0,2.60%,-49.05%,,,,,,,,,,,,
,,,,,,,,,,,,,,,,,,2023,6/22/2023,$                                                       53.80,,,,,,,,,,5.66%,$             53.80,3.05,171.13,51.82,117.25,2%,218%,1.78%,5.88%,5.66%,12.01%,12.01%,0,2.60%,-49.74%,,,,,,,,,,,,
,,,,,,,,,,,,,,,,,,2023,6/23/2023,$                                                       53.80,,,,,,,,,,5.66%,$             53.80,3.05,171.13,51.82,117.25,2%,218%,1.78%,5.88%,5.66%,12.01%,12.01%,0,2.60%,-49.74%,,,,,,,,,,,,
,,,,,,,,,,,,,,,,,,2023,6/26/2023,$                                                       52.92,,,,,,,,,,5.76%,$             52.92,3.05,171.13,51.82,117.25,1%,223%,1.78%,5.88%,5.76%,13.87%,13.87%,0,2.60%,-50.56%,,,,,,,,,,,,
,,,,,,,,,,,,,,,,,,2023,6/27/2023,$                                                       54.40,,,,,,,,,,5.60%,$             54.40,3.05,171.13,51.82,117.25,2%,215%,1.78%,5.88%,5.60%,10.77%,10.77%,0,2.60%,-49.18%,,,,,,,,,,,,
,,,,,,,,,,,,,,,,,,2023,6/28/2023,$                                                       54.60,,,,,,,,,,5.58%,$             54.60,3.05,171.13,51.82,117.25,2%,213%,1.78%,5.88%,5.58%,10.37%,10.37%,0,2.60%,-48.99%,,,,,,,,,,,,
,,,,,,,,,,,,,,,,,,2023,6/29/2023,$                                                       54.73,,,,,,,,,,5.57%,$             54.73,3.05,171.13,51.82,117.25,2%,213%,1.78%,5.88%,5.57%,10.10%,10.10%,0,2.60%,-48.87%,,,,,,,,,,,,
,,,,,,,,,,,,,,,,,,2023,6/30/2023,$                                                       55.87,,,,,,,,,,5.45%,$             55.87,3.05,171.13,51.82,117.25,3%,206%,1.78%,5.88%,5.45%,7.86%,7.86%,0,2.60%,-47.80%,,,,,,,,,,,,
,,,,,,,,,,,,,,,,,,2023,7/4/2023,$                                                       56.38,,,,,,,,,,5.40%,$             56.38,3.05,171.13,51.82,117.25,4%,204%,1.78%,5.88%,5.40%,6.88%,6.88%,0,2.60%,-47.33%,,,,,,,,,,,,
,,,,,,,,,,,,,,,,,,2023,7/5/2023,$                                                        57.18,,,,,,,,,,5.33%,$              57.18,3.05,171.13,51.82,117.25,4%,199%,1.78%,5.88%,5.33%,5.39%,5.39%,0,2.60%,-46.58%,,,,,,,,,,,,
,,,,,,,,,,,,,,,,,,2023,7/6/2023,$                                                       56.75,,,,,,,,,,5.37%,$             56.75,3.05,171.13,51.82,117.25,4%,202%,1.78%,5.88%,5.37%,6.19%,6.19%,0,2.60%,-46.98%,,,,,,,,,,,,
,,,,,,,,,,,,,,,,,,2023,7/7/2023,$                                                       55.62,,,,,,,,,,5.48%,$             55.62,3.05,171.13,51.82,117.25,3%,208%,1.78%,5.88%,5.48%,8.34%,8.34%,0,2.60%,-48.04%,,,,,,,,,,,,
,,,,,,,,,,,,,,,,,,2023,7/10/2023,$                                                       54.49,,,,,,,,,,5.59%,$             54.49,3.05,171.13,51.82,117.25,2%,214%,1.78%,5.88%,5.59%,10.59%,10.59%,0,2.60%,-49.09%,,,,,,,,,,,,
,,,,,,,,,,,,,,,,,,2023,7/11/2023,$                                                         54.11,,,,,,,,,,5.63%,$               54.11,3.05,171.13,51.82,117.25,2%,216%,1.78%,5.88%,5.63%,11.37%,11.37%,0,2.60%,-49.45%,,,,,,,,,,,,
,,,,,,,,,,,,,,,,,,2023,7/12/2023,$                                                        54.10,,,,,,,,,,5.63%,$              54.10,3.05,171.13,51.82,117.25,2%,216%,1.78%,5.88%,5.63%,11.39%,11.39%,0,2.60%,-49.46%,,,,,,,,,,,,
,,,,,,,,,,,,,,,,,,2023,7/13/2023,$                                                        54.15,,,,,,,,,,5.63%,$              54.15,3.05,171.13,51.82,117.25,2%,216%,1.78%,5.88%,5.63%,11.28%,11.28%,0,2.60%,-49.41%,,,,,,,,,,,,
,,,,,,,,,,,,,,,,,,2023,7/14/2023,$                                                        53.21,,,,,,,,,,5.73%,$              53.21,3.05,171.13,51.82,117.25,1%,222%,1.78%,5.88%,5.73%,13.25%,13.25%,0,2.60%,-50.29%,,,,,,,,,,,,
,,,,,,,,,,,,,,,,,,2023,7/17/2023,$                                                        51.79,,,,,,,,,,5.88%,$              51.79,3.05,171.13,51.82,117.25,0%,230%,1.78%,5.88%,5.88%,16.35%,16.35%,0,2.60%,-51.62%,,,,,,,,,,,,
,,,,,,,,,,,,,,,,,,2023,7/18/2023,$                                                        52.41,,,,,,,,,,5.81%,$              52.41,3.05,171.13,51.82,117.25,0%,227%,1.78%,5.88%,5.81%,14.98%,14.98%,0,2.60%,-51.04%,,,,,,,,,,,,
,,,,,,,,,,,,,,,,,,2023,7/19/2023,$                                                       52.89,,,,,,,,,,5.76%,$             52.89,3.05,171.13,51.82,117.25,1%,224%,1.78%,5.88%,5.76%,13.93%,13.93%,0,2.60%,-50.59%,,,,,,,,,,,,
,,,,,,,,,,,,,,,,,,2023,7/20/2023,$                                                       52.00,,,,,,,,,,5.86%,$             52.00,3.05,171.13,51.82,117.25,0%,229%,1.78%,5.88%,5.86%,15.88%,15.88%,0,2.60%,-51.42%,,,,,,,,,,,,
,,,,,,,,,,,,,,,,,,2023,7/21/2023,$                                                        52.10,,,,,,,,,,5.85%,$              52.10,3.05,171.13,51.82,117.25,0%,228%,1.78%,5.88%,5.85%,15.66%,15.66%,0,2.60%,-51.33%,,,,,,,,,,,,
,,,,,,,,,,,,,,,,,,2023,7/24/2023,$                                                       52.83,,,,,,,,,,5.77%,$             52.83,3.05,171.13,51.82,117.25,1%,224%,1.78%,5.88%,5.77%,14.06%,14.06%,0,2.60%,-50.64%,,,,,,,,,,,,
,,,,,,,,,,,,,,,,,,2023,7/25/2023,$                                                       52.52,,,,,,,,,,5.80%,$             52.52,3.05,171.13,51.82,117.25,1%,226%,1.78%,5.88%,5.80%,14.74%,14.74%,0,2.60%,-50.93%,,,,,,,,,,,,
,,,,,,,,,,,,,,,,,,2023,7/26/2023,$                                                        51.77,,,,,,,,,,5.89%,$              51.77,3.05,171.13,51.82,117.25,0%,231%,1.78%,5.88%,5.89%,16.40%,16.40%,0,2.60%,-51.63%,,,,,,,,,,,,
,,,,,,,,,,,,,,,,,,2023,7/27/2023,$                                                        51.46,,,,,,,,,,5.92%,$              51.46,3.05,171.13,51.82,117.25,0%,233%,1.78%,5.88%,5.92%,17.10%,17.10%,0,2.60%,-51.92%,,,,,,,,,,,,
,,,,,,,,,,,,,,,,,,2023,7/28/2023,$                                                         51.16,,,,,,,,,,5.96%,$               51.16,3.05,171.13,51.82,117.25,-1%,235%,1.78%,5.88%,5.96%,17.79%,17.79%,0,2.60%,-52.20%,,,,,,,,,,,,
,,,,,,,,,,,,,,,,,,2023,7/31/2023,$                                                        52.18,,,,,,,,,,5.84%,$              52.18,3.05,171.13,51.82,117.25,0%,228%,1.78%,5.88%,5.84%,15.48%,15.48%,0,2.60%,-51.25%,,,,,,,,,,,,
,,,,,,,,,,,,,,,,,,2023,8/1/2023,$                                                        51.56,,,,,,,,,,5.91%,$              51.56,3.05,171.13,51.82,117.25,0%,232%,1.78%,5.88%,5.91%,16.87%,16.87%,0,2.60%,-51.83%,,,,,,,,,,,,
,,,,,,,,,,,,,,,,,,2023,8/2/2023,$                                                       50.89,,,,,,,,,,5.99%,$             50.89,3.05,171.13,51.82,117.25,-1%,236%,1.78%,5.88%,5.99%,18.41%,18.41%,0,2.60%,-52.46%,,,,,,,,,,,,
,,,,,,,,,,,,,,,,,,2023,8/3/2023,$                                                        50.19,,,,,,,,,,6.07%,$              50.19,3.05,171.13,51.82,117.25,-1%,241%,1.78%,5.88%,6.07%,20.06%,20.06%,0,2.60%,-53.11%,,,,,,,,,,,,
,,,,,,,,,,,,,,,,,,2023,8/4/2023,$                                                       50.39,,,,,,,,,,6.05%,$             50.39,3.05,171.13,51.82,117.25,-1%,240%,1.78%,5.88%,6.05%,19.59%,19.59%,0,2.60%,-52.92%,,,,,,,,,,,,
,,,,,,,,,,,,,,,,,,2023,8/8/2023,$                                                       50.93,,,,,,,,,,5.98%,$             50.93,3.05,171.13,51.82,117.25,-1%,236%,1.78%,5.88%,5.98%,18.32%,18.32%,0,2.60%,-52.42%,,,,,,,,,,,,
,,,,,,,,,,,,,,,,,,2023,8/9/2023,$                                                        50.51,,,,,,,,,,6.03%,$              50.51,3.05,171.13,51.82,117.25,-1%,239%,1.78%,5.88%,6.03%,19.30%,19.30%,0,2.60%,-52.81%,,,,,,,,,,,,
,,,,,,,,,,,,,,,,,,2023,8/10/2023,$                                                       50.93,,,,,,,,,,5.98%,$             50.93,3.05,171.13,51.82,117.25,-1%,236%,1.78%,5.88%,5.98%,18.32%,18.32%,0,2.60%,-52.42%,,,,,,,,,,,,
,,,,,,,,,,,,,,,,,,2023,8/11/2023,$                                                       50.90,,,,,,,,,,5.99%,$             50.90,3.05,171.13,51.82,117.25,-1%,236%,1.78%,5.88%,5.99%,18.39%,18.39%,0,2.60%,-52.45%,,,,,,,,,,,,
,,,,,,,,,,,,,,,,,,2023,8/14/2023,$                                                       50.45,,,,,,,,,,6.04%,$             50.45,3.05,171.13,51.82,117.25,-1%,239%,1.78%,5.88%,6.04%,19.44%,19.44%,0,2.60%,-52.87%,,,,,,,,,,,,
,,,,,,,,,,,,,,,,,,2023,8/15/2023,$                                                       49.99,,,,,,,,,,6.10%,$             49.99,3.05,171.13,51.82,117.25,-2%,242%,1.78%,5.88%,6.10%,20.54%,20.54%,0,2.60%,-53.30%,,,,,,,,,,,,
,,,,,,,,,,,,,,,,,,2023,8/16/2023,$                                                       49.35,,,,,,,,,,6.17%,$             49.35,3.05,171.13,51.82,117.25,-2%,247%,1.78%,5.88%,6.17%,22.11%,22.11%,0,2.60%,-53.90%,,,,,,,,,,,,
,,,,,,,,,,,,,,,,,,2023,8/17/2023,$                                                       48.44,,,,,,,,,,6.29%,$             48.44,3.05,171.13,51.82,117.25,-3%,253%,1.78%,5.88%,6.29%,24.40%,24.40%,0,2.60%,-54.75%,,,,,,,,,,,,
,,,,,,,,,,,,,,,,,,2023,8/18/2023,$                                                       48.58,,,,,,,,,,6.27%,$             48.58,3.05,171.13,51.82,117.25,-3%,252%,1.78%,5.88%,6.27%,24.04%,24.04%,0,2.60%,-54.62%,,,,,,,,,,,,
,,,,,,,,,,,,,,,,,,2023,8/21/2023,$                                                       47.87,,,,,,,,,,6.37%,$             47.87,3.05,171.13,51.82,117.25,-3%,257%,1.78%,5.88%,6.37%,25.88%,25.88%,0,2.60%,-55.28%,,,,,,,,,,,,
,,,,,,,,,,,,,,,,,,2023,8/22/2023,$                                                       47.49,,,,,,,,,,6.42%,$             47.49,3.05,171.13,51.82,117.25,-4%,260%,1.78%,5.88%,6.42%,26.89%,26.89%,0,2.60%,-55.63%,,,,,,,,,,,,
,,,,,,,,,,,,,,,,,,2023,8/23/2023,$                                                       47.23,,,,,,,,,,6.45%,$             47.23,3.05,171.13,51.82,117.25,-4%,262%,1.78%,5.88%,6.45%,27.59%,27.59%,0,2.60%,-55.88%,,,,,,,,,,,,
,,,,,,,,,,,,,,,,,,2023,8/24/2023,$                                                        47.18,,,,,,,,,,6.46%,$              47.18,3.05,171.13,51.82,117.25,-4%,263%,1.78%,5.88%,6.46%,27.72%,27.72%,0,2.60%,-55.92%,,,,,,,,,,,,
,,,,,,,,,,,,,,,,,,2023,8/25/2023,$                                                       47.92,,,,,,,,,,6.36%,$             47.92,3.05,171.13,51.82,117.25,-3%,257%,1.78%,5.88%,6.36%,25.75%,25.75%,0,2.60%,-55.23%,,,,,,,,,,,,
,,,,,,,,,,,,,,,,,,2023,8/28/2023,$                                                       49.09,,,,,,,,,,6.21%,$             49.09,3.05,171.13,51.82,117.25,-2%,249%,1.78%,5.88%,6.21%,22.75%,22.75%,0,2.60%,-54.14%,,,,,,,,,,,,
,,,,,,,,,,,,,,,,,,2023,8/29/2023,$                                                       49.78,,,,,,,,,,6.12%,$             49.78,3.05,171.13,51.82,117.25,-2%,244%,1.78%,5.88%,6.12%,21.05%,21.05%,0,2.60%,-53.49%,,,,,,,,,,,,
,,,,,,,,,,,,,,,,,,2023,8/30/2023,$                                                       49.47,,,,,,,,,,6.16%,$             49.47,3.05,171.13,51.82,117.25,-2%,246%,1.78%,5.88%,6.16%,21.81%,21.81%,0,2.60%,-53.78%,,,,,,,,,,,,
,,,,,,,,,,,,,,,,,,2023,8/31/2023,$                                                       50.00,,,,,,,,,,6.09%,$             50.00,3.05,171.13,51.82,117.25,-2%,242%,1.78%,5.88%,6.09%,20.52%,20.52%,0,2.60%,-53.29%,,,,,,,,,,,,
,,,,,,,,,,,,,,,,,,2023,9/1/2023,$                                                       49.47,,,,,,,,,,6.16%,$             49.47,3.05,171.13,51.82,117.25,-2%,246%,1.78%,5.88%,6.16%,21.81%,21.81%,0,2.60%,-53.78%,,,,,,,,,,,,
,,,,,,,,,,,,,,,,,,2023,9/5/2023,$                                                       49.27,,,,,,,,,,6.18%,$             49.27,3.05,171.13,51.82,117.25,-2%,247%,1.78%,5.88%,6.18%,22.31%,22.31%,0,2.60%,-53.97%,,,,,,,,,,,,
,,,,,,,,,,,,,,,,,,2023,9/6/2023,$                                                        49.10,,,,,,,,,,6.21%,$              49.10,3.05,171.13,51.82,117.25,-2%,249%,1.78%,5.88%,6.21%,22.73%,22.73%,0,2.60%,-54.13%,,,,,,,,,,,,
,,,,,,,,,,,,,,,,,,2023,9/7/2023,$                                                        49.19,,,,,,,,,,6.19%,$              49.19,3.05,171.13,51.82,117.25,-2%,248%,1.78%,5.88%,6.19%,22.50%,22.50%,0,2.60%,-54.05%,,,,,,,,,,,,
,,,,,,,,,,,,,,,,,,2023,9/8/2023,$                                                       48.69,,,,,,,,,,6.26%,$             48.69,3.05,171.13,51.82,117.25,-3%,251%,1.78%,5.88%,6.26%,23.76%,23.76%,0,2.60%,-54.51%,,,,,,,,,,,,
,,,,,,,,,,,,,,,,,,2023,9/11/2023,$                                                       49.06,,,,,,,,,,6.21%,$             49.06,3.05,171.13,51.82,117.25,-2%,249%,1.78%,5.88%,6.21%,22.83%,22.83%,0,2.60%,-54.17%,,,,,,,,,,,,
,,,,,,,,,,,,,,,,,,2023,9/12/2023,$                                                       48.58,,,,,,,,,,6.27%,$             48.58,3.05,171.13,51.82,117.25,-3%,252%,1.78%,5.88%,6.27%,24.04%,24.04%,0,2.60%,-54.62%,,,,,,,,,,,,
,,,,,,,,,,,,,,,,,,2023,9/13/2023,$                                                       48.20,,,,,,,,,,6.32%,$             48.20,3.05,171.13,51.82,117.25,-3%,255%,1.78%,5.88%,6.32%,25.02%,25.02%,0,2.60%,-54.97%,,,,,,,,,,,,
,,,,,,,,,,,,,,,,,,2023,9/14/2023,$                                                       49.02,,,,,,,,,,6.22%,$             49.02,3.05,171.13,51.82,117.25,-2%,249%,1.78%,5.88%,6.22%,22.93%,22.93%,0,2.60%,-54.20%,,,,,,,,,,,,
,,,,,,,,,,,,,,,,,,2023,9/15/2023,$                                                       49.25,,,,,,,,,,6.19%,$             49.25,3.05,171.13,51.82,117.25,-2%,247%,1.78%,5.88%,6.19%,22.36%,22.36%,0,2.60%,-53.99%,,,,,,,,,,,,
,,,,,,,,,,,,,,,,,,2023,9/18/2023,$                                                       49.25,,,,,,,,,,6.19%,$             49.25,3.05,171.13,51.82,117.25,-2%,247%,1.78%,5.88%,6.19%,22.36%,22.36%,0,2.60%,-53.99%,,,,,,,,,,,,
,,,,,,,,,,,,,,,,,,2023,9/19/2023,$                                                       49.25,,,,,,,,,,6.19%,$             49.25,3.05,171.13,51.82,117.25,-2%,247%,1.78%,5.88%,6.19%,22.36%,22.36%,0,2.60%,-53.99%,,,,,,,,,,,,
,,,,,,,,,,,,,,,,,,2023,9/20/2023,$                                                       49.20,,,,,,,,,,6.19%,$             49.20,3.05,171.13,51.82,117.25,-2%,248%,1.78%,5.88%,6.19%,22.48%,22.48%,0,2.60%,-54.04%,,,,,,,,,,,,
,,,,,,,,,,,,,,,,,,2023,9/21/2023,$                                                       48.63,,,,,,,,,,6.27%,$             48.63,3.05,171.13,51.82,117.25,-3%,252%,1.78%,5.88%,6.27%,23.92%,23.92%,0,2.60%,-54.57%,,,,,,,,,,,,
,,,,,,,,,,,,,,,,,,2023,9/22/2023,$                                                        48.81,,,,,,,,,,6.24%,$              48.81,3.05,171.13,51.82,117.25,-3%,251%,1.78%,5.88%,6.24%,23.46%,23.46%,0,2.60%,-54.40%,,,,,,,,,,,,
,,,,,,,,,,,,,,,,,,2023,9/25/2023,$                                                       47.72,,,,,,,,,,6.39%,$             47.72,3.05,171.13,51.82,117.25,-3%,259%,1.78%,5.88%,6.39%,26.28%,26.28%,0,2.60%,-55.42%,,,,,,,,,,,,
,,,,,,,,,,,,,,,,,,2023,9/26/2023,$                                                       46.47,,,,,,,,,,6.56%,$             46.47,3.05,171.13,51.82,117.25,-4%,268%,1.78%,5.88%,6.56%,29.68%,29.68%,0,2.60%,-56.59%,,,,,,,,,,,,
,,,,,,,,,,,,,,,,,,2023,9/27/2023,$                                                       46.78,,,,,,,,,,6.51%,$             46.78,3.05,171.13,51.82,117.25,-4%,266%,1.78%,5.88%,6.51%,28.82%,28.82%,0,2.60%,-56.30%,,,,,,,,,,,,
,,,,,,,,,,,,,,,,,,2023,9/28/2023,$                                                        46.81,,,,,,,,,,6.51%,$              46.81,3.05,171.13,51.82,117.25,-4%,266%,1.78%,5.88%,6.51%,28.73%,28.73%,0,2.60%,-56.27%,,,,,,,,,,,,
,,,,,,,,,,,,,,,,,,2023,9/29/2023,$                                                       49.27,,,,,,,,,,6.18%,$             49.27,3.05,171.13,51.82,117.25,-2%,247%,1.78%,5.88%,6.18%,22.31%,22.31%,0,2.60%,-53.97%,,,,,,,,,,,,
,,,,,,,,,,,,,,,,,,2023,10/2/2023,$                                                       47.93,,,,,,,,,,6.36%,$             47.93,3.05,171.13,51.82,117.25,-3%,257%,1.78%,5.88%,6.36%,25.73%,25.73%,0,2.60%,-55.22%,,,,,,,,,,,,
,,,,,,,,,,,,,,,,,,2023,10/3/2023,$                                                        47.13,,,,,,,,,,6.47%,$              47.13,3.05,171.13,51.82,117.25,-4%,263%,1.78%,5.88%,6.47%,27.86%,27.86%,0,2.60%,-55.97%,,,,,,,,,,,,
,,,,,,,,,,,,,,,,,,2023,10/4/2023,$                                                       47.27,,,,,,,,,,6.45%,$             47.27,3.05,171.13,51.82,117.25,-4%,262%,1.78%,5.88%,6.45%,27.48%,27.48%,0,2.60%,-55.84%,,,,,,,,,,,,
,,,,,,,,,,,,,,,,,,2023,10/5/2023,$                                                       47.90,,,,,,,,,,6.36%,$             47.90,3.05,171.13,51.82,117.25,-3%,257%,1.78%,5.88%,6.36%,25.80%,25.80%,0,2.60%,-55.25%,,,,,,,,,,,,
,,,,,,,,,,,,,,,,,,2023,10/6/2023,$                                                       48.44,,,,,,,,,,6.29%,$             48.44,3.05,171.13,51.82,117.25,-3%,253%,1.78%,5.88%,6.29%,24.40%,24.40%,0,2.60%,-54.75%,,,,,,,,,,,,
,,,,,,,,,,,,,,,,,,2023,10/10/2023,$                                                        49.13,,,,,,,,,,6.20%,$              49.13,3.05,171.13,51.82,117.25,-2%,248%,1.78%,5.88%,6.20%,22.65%,22.65%,0,2.60%,-54.10%,,,,,,,,,,,,
,,,,,,,,,,,,,,,,,,2023,10/11/2023,$                                                        50.41,,,,,,,,,,6.04%,$              50.41,3.05,171.13,51.82,117.25,-1%,239%,1.78%,5.88%,6.04%,19.54%,19.54%,0,2.60%,-52.91%,,,,,,,,,,,,
,,,,,,,,,,,,,,,,,,2023,10/12/2023,$                                                       49.02,,,,,,,,,,6.22%,$             49.02,3.05,171.13,51.82,117.25,-2%,249%,1.78%,5.88%,6.22%,22.93%,22.93%,0,2.60%,-54.20%,,,,,,,,,,,,
,,,,,,,,,,,,,,,,,,2023,10/13/2023,$                                                        48.19,,,,,,,,,,6.32%,$              48.19,3.05,171.13,51.82,117.25,-3%,255%,1.78%,5.88%,6.32%,25.05%,25.05%,0,2.60%,-54.98%,,,,,,,,,,,,
,,,,,,,,,,,,,,,,,,2023,10/16/2023,$                                                         50.11,,,,,,,,,,6.08%,$               50.11,3.05,171.13,51.82,117.25,-1%,242%,1.78%,5.88%,6.08%,20.26%,20.26%,0,2.60%,-53.19%,,,,,,,,,,,,
,,,,,,,,,,,,,,,,,,2023,10/17/2023,$                                                       50.35,,,,,,,,,,6.05%,$             50.35,3.05,171.13,51.82,117.25,-1%,240%,1.78%,5.88%,6.05%,19.68%,19.68%,0,2.60%,-52.96%,,,,,,,,,,,,
,,,,,,,,,,,,,,,,,,2023,10/18/2023,$                                                        50.21,,,,,,,,,,6.07%,$              50.21,3.05,171.13,51.82,117.25,-1%,241%,1.78%,5.88%,6.07%,20.02%,20.02%,0,2.60%,-53.09%,,,,,,,,,,,,
,,,,,,,,,,,,,,,,,,2023,10/19/2023,$                                                       50.32,,,,,,,,,,6.06%,$             50.32,3.05,171.13,51.82,117.25,-1%,240%,1.78%,5.88%,6.06%,19.75%,19.75%,0,2.60%,-52.99%,,,,,,,,,,,,
,,,,,,,,,,,,,,,,,,2023,10/20/2023,$                                                       49.36,,,,,,,,,,6.17%,$             49.36,3.05,171.13,51.82,117.25,-2%,247%,1.78%,5.88%,6.17%,22.08%,22.08%,0,2.60%,-53.89%,,,,,,,,,,,,
,,,,,,,,,,,,,,,,,,2023,10/23/2023,$                                                       48.47,,,,,,,,,,6.29%,$             48.47,3.05,171.13,51.82,117.25,-3%,253%,1.78%,5.88%,6.29%,24.32%,24.32%,0,2.60%,-54.72%,,,,,,,,,,,,
,,,,,,,,,,,,,,,,,,2023,10/24/2023,$                                                       48.05,,,,,,,,,,6.34%,$             48.05,3.05,171.13,51.82,117.25,-3%,256%,1.78%,5.88%,6.34%,25.41%,25.41%,0,2.60%,-55.11%,,,,,,,,,,,,
,,,,,,,,,,,,,,,,,,2023,10/25/2023,$                                                        47.15,,,,,,,,,,6.46%,$              47.15,3.05,171.13,51.82,117.25,-4%,263%,1.78%,5.88%,6.46%,27.80%,27.80%,0,2.60%,-55.95%,,,,,,,,,,,,
,,,,,,,,,,,,,,,,,,2023,10/26/2023,$                                                        47.19,,,,,,,,,,6.46%,$              47.19,3.05,171.13,51.82,117.25,-4%,263%,1.78%,5.88%,6.46%,27.70%,27.70%,0,2.60%,-55.91%,,,,,,,,,,,,
,,,,,,,,,,,,,,,,,,2023,10/27/2023,$                                                       45.83,,,,,,,,,,6.65%,$             45.83,3.05,171.13,51.82,117.25,-5%,273%,1.78%,5.88%,6.65%,31.49%,31.49%,0,2.60%,-57.18%,,,,,,,,,,,,
,,,,,,,,,,,,,,,,,,2023,10/30/2023,$                                                       45.65,,,,,,,,,,6.67%,$             45.65,3.05,171.13,51.82,117.25,-5%,275%,1.78%,5.88%,6.67%,32.00%,32.00%,0,2.60%,-57.35%,,,,,,,,,,,,
,,,,,,,,,,,,,,,,,,2023,10/31/2023,$                                                        47.14,,,,,,,,,,6.46%,$              47.14,3.05,171.13,51.82,117.25,-4%,263%,1.78%,5.88%,6.46%,27.83%,27.83%,0,2.60%,-55.96%,,,,,,,,,,,,
,,,,,,,,,,,,,,,,,,2023,11/1/2023,$                                                       46.86,,,,,,,,,,6.50%,$             46.86,3.05,171.13,51.82,117.25,-4%,265%,1.78%,5.88%,6.50%,28.60%,28.60%,0,2.60%,-56.22%,,,,,,,,,,,,
,,,,,,,,,,,,,,,,,,2023,11/2/2023,$                                                       48.96,,,,,,,,,,6.22%,$             48.96,3.05,171.13,51.82,117.25,-2%,250%,1.78%,5.88%,6.22%,23.08%,23.08%,0,2.60%,-54.26%,,,,,,,,,,,,
,,,,,,,,,,,,,,,,,,2023,11/3/2023,$                                                       48.60,,,,,,,,,,6.27%,$             48.60,3.05,171.13,51.82,117.25,-3%,252%,1.78%,5.88%,6.27%,23.99%,23.99%,0,2.60%,-54.60%,,,,,,,,,,,,
,,,,,,,,,,,,,,,,,,2023,11/6/2023,$                                                        47.71,,,,,,,,,,6.39%,$              47.71,3.05,171.13,51.82,117.25,-3%,259%,1.78%,5.88%,6.39%,26.30%,26.30%,0,2.60%,-55.43%,,,,,,,,,,,,
,,,,,,,,,,,,,,,,,,2023,11/7/2023,$                                                       46.65,,,,,,,,,,6.53%,$             46.65,3.05,171.13,51.82,117.25,-4%,267%,1.78%,5.88%,6.53%,29.17%,29.17%,0,2.60%,-56.42%,,,,,,,,,,,,
,,,,,,,,,,,,,,,,,,2023,11/8/2023,$                                                        46.51,,,,,,,,,,6.55%,$              46.51,3.05,171.13,51.82,117.25,-4%,268%,1.78%,5.88%,6.55%,29.56%,29.56%,0,2.60%,-56.55%,,,,,,,,,,,,
,,,,,,,,,,,,,,,,,,2023,11/9/2023,$                                                       45.37,,,,,,,,,,6.72%,$             45.37,3.05,171.13,51.82,117.25,-5%,277%,1.78%,5.88%,6.72%,32.82%,32.82%,0,2.60%,-57.61%,,,,,,,,,,,,
,,,,,,,,,,,,,,,,,,2023,11/10/2023,$                                                       45.93,,,,,,,,,,6.63%,$             45.93,3.05,171.13,51.82,117.25,-5%,273%,1.78%,5.88%,6.63%,31.20%,31.20%,0,2.60%,-57.09%,,,,,,,,,,,,
,,,,,,,,,,,,,,,,,,2023,11/13/2023,$                                                       45.22,,,,,,,,,,6.74%,$             45.22,3.05,171.13,51.82,117.25,-6%,278%,1.78%,5.88%,6.74%,33.26%,33.26%,0,2.60%,-57.75%,,,,,,,,,,,,
,,,,,,,,,,,,,,,,,,2023,11/14/2023,$                                                       44.95,,,,,,,,,,6.78%,$             44.95,3.05,171.13,51.82,117.25,-6%,281%,1.78%,5.88%,6.78%,34.06%,34.06%,0,2.60%,-58.01%,,,,,,,,,,,,
,,,,,,,,,,,,,,,,,,2023,11/15/2023,$                                                       45.97,,,,,,,,,,6.63%,$             45.97,3.05,171.13,51.82,117.25,-5%,272%,1.78%,5.88%,6.63%,31.09%,31.09%,0,2.60%,-57.05%,,,,,,,,,,,,
,,,,,,,,,,,,,,,,,,2023,11/16/2023,$                                                       45.62,,,,,,,,,,6.68%,$             45.62,3.05,171.13,51.82,117.25,-5%,275%,1.78%,5.88%,6.68%,32.09%,32.09%,0,2.60%,-57.38%,,,,,,,,,,,,
,,,,,,,,,,,,,,,,,,2023,11/17/2023,$                                                       46.23,,,,,,,,,,6.59%,$             46.23,3.05,171.13,51.82,117.25,-5%,270%,1.78%,5.88%,6.59%,30.35%,30.35%,0,2.60%,-56.81%,,,,,,,,,,,,
,,,,,,,,,,,,,,,,,,2023,11/20/2023,$                                                        46.12,,,,,,,,,,6.61%,$              46.12,3.05,171.13,51.82,117.25,-5%,271%,1.78%,5.88%,6.61%,30.66%,30.66%,0,2.60%,-56.91%,,,,,,,,,,,,
,,,,,,,,,,,,,,,,,,2023,11/21/2023,$                                                       46.29,,,,,,,,,,6.58%,$             46.29,3.05,171.13,51.82,117.25,-5%,270%,1.78%,5.88%,6.58%,30.18%,30.18%,0,2.60%,-56.75%,,,,,,,,,,,,
,,,,,,,,,,,,,,,,,,2023,11/22/2023,$                                                       46.22,,,,,,,,,,6.59%,$             46.22,3.05,171.13,51.82,117.25,-5%,270%,1.78%,5.88%,6.59%,30.38%,30.38%,0,2.60%,-56.82%,,,,,,,,,,,,
,,,,,,,,,,,,,,,,,,2023,11/23/2023,$                                                       46.94,,,,,,,,,,6.49%,$             46.94,3.05,171.13,51.82,117.25,-4%,265%,1.78%,5.88%,6.49%,28.38%,28.38%,0,2.60%,-56.15%,,,,,,,,,,,,
,,,,,,,,,,,,,,,,,,2023,11/24/2023,$                                                       46.80,,,,,,,,,,6.51%,$             46.80,3.05,171.13,51.82,117.25,-4%,266%,1.78%,5.88%,6.51%,28.76%,28.76%,0,2.60%,-56.28%,,,,,,,,,,,,
,,,,,,,,,,,,,,,,,,2023,11/27/2023,$                                                       47.00,,,,,,,,,,6.48%,$             47.00,3.05,171.13,51.82,117.25,-4%,264%,1.78%,5.88%,6.48%,28.21%,28.21%,0,2.60%,-56.09%,,,,,,,,,,,,
,,,,,,,,,,,,,,,,,,2023,11/28/2023,$                                                       46.76,,,,,,,,,,6.52%,$             46.76,3.05,171.13,51.82,117.25,-4%,266%,1.78%,5.88%,6.52%,28.87%,28.87%,0,2.60%,-56.32%,,,,,,,,,,,,
,,,,,,,,,,,,,,,,,,2023,11/29/2023,$                                                       46.40,,,,,,,,,,6.57%,$             46.40,3.05,171.13,51.82,117.25,-5%,269%,1.78%,5.88%,6.57%,29.87%,29.87%,0,2.60%,-56.65%,,,,,,,,,,,,
,,,,,,,,,,,,,,,,,,2023,11/30/2023,$                                                        46.81,,,,,,,,,,6.51%,$              46.81,3.05,171.13,51.82,117.25,-4%,266%,1.78%,5.88%,6.51%,28.73%,28.73%,0,2.60%,-56.27%,,,,,,,,,,,,
,,,,,,,,,,,,,,,,,,2023,12/1/2023,$                                                       48.39,,,,,,,,,,6.30%,$             48.39,3.05,171.13,51.82,117.25,-3%,254%,1.78%,5.88%,6.30%,24.53%,24.53%,0,2.60%,-54.79%,,,,,,,,,,,,
,,,,,,,,,,,,,,,,,,2023,12/4/2023,$                                                       50.50,,,,,,,,,,6.03%,$             50.50,3.05,171.13,51.82,117.25,-1%,239%,1.78%,5.88%,6.03%,19.33%,19.33%,0,2.60%,-52.82%,,,,,,,,,,,,
,,,,,,,,,,,,,,,,,,2023,12/5/2023,$                                                       50.92,,,,,,,,,,5.98%,$             50.92,3.05,171.13,51.82,117.25,-1%,236%,1.78%,5.88%,5.98%,18.34%,18.34%,0,2.60%,-52.43%,,,,,,,,,,,,
,,,,,,,,,,,,,,,,,,2023,12/6/2023,$                                                        51.88,,,,,,,,,,5.87%,$              51.88,3.05,171.13,51.82,117.25,0%,230%,1.78%,5.88%,5.87%,16.15%,16.15%,0,2.60%,-51.53%,,,,,,,,,,,,
,,,,,,,,,,,,,,,,,,2023,12/7/2023,$                                                        51.78,,,,,,,,,,5.88%,$              51.78,3.05,171.13,51.82,117.25,0%,230%,1.78%,5.88%,5.88%,16.38%,16.38%,0,2.60%,-51.63%,,,,,,,,,,,,
,,,,,,,,,,,,,,,,,,2023,12/8/2023,$                                                       52.29,,,,,,,,,,5.83%,$             52.29,3.05,171.13,51.82,117.25,0%,227%,1.78%,5.88%,5.83%,15.24%,15.24%,0,2.60%,-51.15%,,,,,,,,,,,,
,,,,,,,,,,,,,,,,,,2023,12/11/2023,$                                                        52.12,,,,,,,,,,5.85%,$              52.12,3.05,171.13,51.82,117.25,0%,228%,1.78%,5.88%,5.85%,15.62%,15.62%,0,2.60%,-51.31%,,,,,,,,,,,,
,,,,,,,,,,,,,,,,,,2023,12/12/2023,$                                                       52.54,,,,,,,,,,5.80%,$             52.54,3.05,171.13,51.82,117.25,1%,226%,1.78%,5.88%,5.80%,14.69%,14.69%,0,2.60%,-50.92%,,,,,,,,,,,,
,,,,,,,,,,,,,,,,,,2023,12/13/2023,$                                                        54.19,,,,,,,,,,5.62%,$              54.19,3.05,171.13,51.82,117.25,2%,216%,1.78%,5.88%,5.62%,11.20%,11.20%,0,2.60%,-49.37%,,,,,,,,,,,,
,,,,,,,,,,,,,,,,,,2023,12/14/2023,$                                                       54.80,,,,,,,,,,5.56%,$             54.80,3.05,171.13,51.82,117.25,2%,212%,1.78%,5.88%,5.56%,9.96%,9.96%,0,2.60%,-48.80%,,,,,,,,,,,,
,,,,,,,,,,,,,,,,,,2023,12/15/2023,$                                                       52.78,,,,,,,,,,5.77%,$             52.78,3.05,171.13,51.82,117.25,1%,224%,1.78%,5.88%,5.77%,14.17%,14.17%,0,2.60%,-50.69%,,,,,,,,,,,,
,,,,,,,,,,,,,,,,,,2023,12/18/2023,$                                                       52.23,,,,,,,,,,5.83%,$             52.23,3.05,171.13,51.82,117.25,0%,228%,1.78%,5.88%,5.83%,15.37%,15.37%,0,2.60%,-51.21%,,,,,,,,,,,,
,,,,,,,,,,,,,,,,,,2023,12/19/2023,$                                                       54.88,,,,,,,,,,5.55%,$             54.88,3.05,171.13,51.82,117.25,3%,212%,1.78%,5.88%,5.55%,9.80%,9.80%,0,2.60%,-48.73%,,,,,,,,,,,,
,,,,,,,,,,,,,,,,,,2023,12/20/2023,$                                                       55.74,,,,,,,,,,5.47%,$             55.74,3.05,171.13,51.82,117.25,3%,207%,1.78%,5.88%,5.47%,8.11%,8.11%,0,2.60%,-47.93%,,,,,,,,,,,,
,,,,,,,,,,,,,,,,,,2023,12/21/2023,$                                                       56.58,,,,,,,,,,5.39%,$             56.58,3.05,171.13,51.82,117.25,4%,202%,1.78%,5.88%,5.39%,6.50%,6.50%,0,2.60%,-47.14%,,,,,,,,,,,,
,,,,,,,,,,,,,,,,,,2023,12/22/2023,$                                                        56.19,,,,,,,,,,5.42%,$              56.19,3.05,171.13,51.82,117.25,4%,205%,1.78%,5.88%,5.42%,7.24%,7.24%,0,2.60%,-47.51%,,,,,,,,,,,,
,,,,,,,,,,,,,,,,,,2023,12/27/2023,$                                                       57.02,,,,,,,,,,5.34%,$             57.02,3.05,171.13,51.82,117.25,4%,200%,1.78%,5.88%,5.34%,5.68%,5.68%,0,2.60%,-46.73%,,,,,,,,,,,,
,,,,,,,,,,,,,,,,,,2023,12/28/2023,$                                                       57.34,,,,,,,,,,5.31%,$             57.34,3.05,171.13,51.82,117.25,5%,198%,1.78%,5.88%,5.31%,5.09%,5.09%,0,2.60%,-46.43%,,,,,,,,,,,,
,,,,,,,,,,,,,,,,,,2023,12/29/2023,$                                                        57.17,,,,,,,,,,5.33%,$              57.17,3.05,171.13,51.82,117.25,4%,199%,1.78%,5.88%,5.33%,5.40%,5.40%,0,2.60%,-46.59%,,,,,,,,,,,,
,,,,,,,,,,,,,,,,,,2024,1/2/2024,$                                                       56.98,,,,,,,,,,5.35%,$             56.98,3.05,171.13,51.82,117.25,4%,200%,1.78%,5.88%,5.35%,5.76%,5.76%,0,2.60%,-46.77%,,,,,,,,,,,,
,,,,,,,,,,,,,,,,,,2024,1/3/2024,$                                                        58.31,,,,,,,,,,5.23%,$              58.31,3.05,171.13,51.82,117.25,5%,193%,1.78%,5.88%,5.23%,3.34%,3.34%,0,2.60%,-45.53%,,,,,,,,,,,,
,,,,,,,,,,,,,,,,,,2024,1/4/2024,$                                                       57.94,,,,,,,,,,5.26%,$             57.94,3.05,171.13,51.82,117.25,5%,195%,1.78%,5.88%,5.26%,4.00%,4.00%,0,2.60%,-45.87%,,,,,,,,,,,,
,,,,,,,,,,,,,,,,,,2024,1/5/2024,$                                                       57.43,,,,,,,,,,5.31%,$             57.43,3.05,171.13,51.82,117.25,5%,198%,1.78%,5.88%,5.31%,4.93%,4.93%,0,2.60%,-46.35%,,,,,,,,,,,,
,,,,,,,,,,,,,,,,,,2024,1/8/2024,$                                                        57.21,,,,,,,,,,5.33%,$              57.21,3.05,171.13,51.82,117.25,5%,199%,1.78%,5.88%,5.33%,5.33%,5.33%,0,2.60%,-46.55%,,,,,,,,,,,,
,,,,,,,,,,,,,,,,,,2024,1/9/2024,$                                                       57.73,,,,,,,,,,5.28%,$             57.73,3.05,171.13,51.82,117.25,5%,196%,1.78%,5.88%,5.28%,4.38%,4.38%,0,2.60%,-46.07%,,,,,,,,,,,,
,,,,,,,,,,,,,,,,,,2024,1/10/2024,$                                                       58.32,,,,,,,,,,5.22%,$             58.32,3.05,171.13,51.82,117.25,5%,193%,1.78%,5.88%,5.22%,3.33%,3.33%,0,2.60%,-45.52%,,,,,,,,,,,,
,,,,,,,,,,,,,,,,,,2024,1/11/2024,$                                                        58.18,,,,,,,,,,5.24%,$              58.18,3.05,171.13,51.82,117.25,5%,194%,1.78%,5.88%,5.24%,3.58%,3.58%,0,2.60%,-45.65%,,,,,,,,,,,,
,,,,,,,,,,,,,,,,,,2024,1/12/2024,$                                                       58.72,,,,,,,,,,5.19%,$             58.72,3.05,171.13,51.82,117.25,6%,191%,1.78%,5.88%,5.19%,2.62%,2.62%,0,2.60%,-45.14%,,,,,,,,,,,,
,,,,,,,,,,,,,,,,,,2024,1/15/2024,$                                                       59.07,,,,,,,,,,5.16%,$             59.07,3.05,171.13,51.82,117.25,6%,190%,1.78%,5.88%,5.16%,2.01%,2.01%,0,2.60%,-44.82%,,,,,,,,,,,,
,,,,,,,,,,,,,,,,,,2024,1/16/2024,$                                                        61.73,,,,,,,,,,4.94%,$              61.73,3.05,171.13,51.82,117.25,8%,177%,1.78%,5.88%,4.94%,-2.38%,-2.38%,0,2.60%,-42.33%,,,,,,,,,,,,
,,,,,,,,,,,,,,,,,,2024,1/17/2024,$                                                         61.10,,,,,,,,,,4.99%,$               61.10,3.05,171.13,51.82,117.25,8%,180%,1.78%,5.88%,4.99%,-1.37%,-1.37%,0,2.60%,-42.92%,,,,,,,,,,,,
,,,,,,,,,,,,,,,,,,2024,1/18/2024,$                                                        62.10,,,,,,,,,,4.91%,$              62.10,3.05,171.13,51.82,117.25,9%,176%,1.78%,5.88%,4.91%,-2.96%,-2.96%,0,2.60%,-41.98%,,,,,,,,,,,,
,,,,,,,,,,,,,,,,,,2024,1/19/2024,$                                                       60.68,,,,,,,,,,5.02%,$             60.68,3.05,171.13,51.82,117.25,7%,182%,1.78%,5.88%,5.02%,-0.69%,-0.69%,0,2.60%,-43.31%,,,,,,,,,,,,
,,,,,,,,,,,,,,,,,,2024,1/22/2024,$                                                        61.55,,,,,,,,,,4.95%,$              61.55,3.05,171.13,51.82,117.25,8%,178%,1.78%,5.88%,4.95%,-2.10%,-2.10%,0,2.60%,-42.50%,,,,,,,,,,,,
,,,,,,,,,,,,,,,,,,2024,1/23/2024,$                                                        61.78,,,,,,,,,,4.93%,$              61.78,3.05,171.13,51.82,117.25,8%,177%,1.78%,5.88%,4.93%,-2.46%,-2.46%,0,2.60%,-42.28%,,,,,,,,,,,,
,,,,,,,,,,,,,,,,,,2024,1/24/2024,$                                                       60.75,,,,,,,,,,5.02%,$             60.75,3.05,171.13,51.82,117.25,7%,182%,1.78%,5.88%,5.02%,-0.81%,-0.81%,0,2.60%,-43.25%,,,,,,,,,,,,
,,,,,,,,,,,,,,,,,,2024,1/25/2024,$                                                       59.73,,,,,,,,,,5.10%,$             59.73,3.05,171.13,51.82,117.25,7%,187%,1.78%,5.88%,5.10%,0.89%,0.89%,0,2.60%,-44.20%,,,,,,,,,,,,
,,,,,,,,,,,,,,,,,,2024,1/26/2024,$                                                        61.54,,,,,,,,,,4.95%,$              61.54,3.05,171.13,51.82,117.25,8%,178%,1.78%,5.88%,4.95%,-2.08%,-2.08%,0,2.60%,-42.51%,,,,,,,,,,,,
,,,,,,,,,,,,,,,,,,2024,1/29/2024,$                                                        61.08,,,,,,,,,,4.99%,$              61.08,3.05,171.13,51.82,117.25,8%,180%,1.78%,5.88%,4.99%,-1.34%,-1.34%,0,2.60%,-42.94%,,,,,,,,,,,,
,,,,,,,,,,,,,,,,,,2024,1/30/2024,$                                                        60.31,,,,,,,,,,5.05%,$              60.31,3.05,171.13,51.82,117.25,7%,184%,1.78%,5.88%,5.05%,-0.08%,-0.08%,0,2.60%,-43.66%,,,,,,,,,,,,
,,,,,,,,,,,,,,,,,,2024,1/31/2024,$                                                       59.66,,,,,,,,,,5.11%,$             59.66,3.05,171.13,51.82,117.25,7%,187%,1.78%,5.88%,5.11%,1.01%,1.01%,0,2.60%,-44.26%,,,,,,,,,,,,
,,,,,,,,,,,,,,,,,,2024,2/1/2024,$                                                       60.83,,,,,,,,,,5.01%,$             60.83,3.05,171.13,51.82,117.25,8%,181%,1.78%,5.88%,5.01%,-0.94%,-0.94%,0,2.60%,-43.17%,,,,,,,,,,,,
,,,,,,,,,,,,,,,,,,2024,2/2/2024,$                                                       59.77,,,,,,,,,,5.10%,$             59.77,3.05,171.13,51.82,117.25,7%,186%,1.78%,5.88%,5.10%,0.82%,0.82%,0,2.60%,-44.16%,,,,,,,,,,,,
,,,,,,,,,,,,,,,,,,2024,2/5/2024,$                                                        58.21,,,,,,,,,,5.23%,$              58.21,3.05,171.13,51.82,117.25,5%,194%,1.78%,5.88%,5.23%,3.52%,3.52%,0,2.60%,-45.62%,,,,,,,,,,,,
,,,,,,,,,,,,,,,,,,2024,2/6/2024,$                                                         58.11,,,,,,,,,,5.24%,$               58.11,3.05,171.13,51.82,117.25,5%,194%,1.78%,5.88%,5.24%,3.70%,3.70%,0,2.60%,-45.71%,,,,,,,,,,,,
,,,,,,,,,,,,,,,,,,2024,2/7/2024,$                                                       58.78,,,,,,,,,,5.18%,$             58.78,3.05,171.13,51.82,117.25,6%,191%,1.78%,5.88%,5.18%,2.52%,2.52%,0,2.60%,-45.09%,,,,,,,,,,,,
,,,,,,,,,,,,,,,,,,2024,2/8/2024,$                                                       58.98,,,,,,,,,,5.17%,$             58.98,3.05,171.13,51.82,117.25,6%,190%,1.78%,5.88%,5.17%,2.17%,2.17%,0,2.60%,-44.90%,,,,,,,,,,,,
,,,,,,,,,,,,,,,,,,2024,2/9/2024,$                                                       58.74,,,,,,,,,,5.19%,$             58.74,3.05,171.13,51.82,117.25,6%,191%,1.78%,5.88%,5.19%,2.59%,2.59%,0,2.60%,-45.12%,,,,,,,,,,,,
,,,,,,,,,,,,,,,,,,2024,2/12/2024,$                                                       59.80,,,,,,,,,,5.10%,$             59.80,3.05,171.13,51.82,117.25,7%,186%,1.78%,5.88%,5.10%,0.77%,0.77%,0,2.60%,-44.13%,,,,,,,,,,,,
,,,,,,,,,,,,,,,,,,2024,2/13/2024,$                                                       58.57,,,,,,,,,,5.20%,$             58.57,3.05,171.13,51.82,117.25,6%,192%,1.78%,5.88%,5.20%,2.89%,2.89%,0,2.60%,-45.28%,,,,,,,,,,,,
,,,,,,,,,,,,,,,,,,2024,2/14/2024,$                                                       58.25,,,,,,,,,,5.23%,$             58.25,3.05,171.13,51.82,117.25,5%,194%,1.78%,5.88%,5.23%,3.45%,3.45%,0,2.60%,-45.58%,,,,,,,,,,,,
,,,,,,,,,,,,,,,,,,2024,2/15/2024,$                                                       59.67,,,,,,,,,,5.11%,$             59.67,3.05,171.13,51.82,117.25,7%,187%,1.78%,5.88%,5.11%,0.99%,0.99%,0,2.60%,-44.25%,,,,,,,,,,,,
,,,,,,,,,,,,,,,,,,2024,2/16/2024,$                                                       59.93,,,,,,,,,,5.08%,$             59.93,3.05,171.13,51.82,117.25,7%,186%,1.78%,5.88%,5.08%,0.55%,0.55%,0,2.60%,-44.01%,,,,,,,,,,,,
,,,,,,,,,,,,,,,,,,2024,2/20/2024,$                                                       58.29,,,,,,,,,,5.23%,$             58.29,3.05,171.13,51.82,117.25,5%,194%,1.78%,5.88%,5.23%,3.38%,3.38%,0,2.60%,-45.54%,,,,,,,,,,,,
,,,,,,,,,,,,,,,,,,2024,2/21/2024,$                                                        58.81,,,,,,,,,,5.18%,$              58.81,3.05,171.13,51.82,117.25,6%,191%,1.78%,5.88%,5.18%,2.47%,2.47%,0,2.60%,-45.06%,,,,,,,,,,,,
,,,,,,,,,,,,,,,,,,2024,2/22/2024,$                                                       58.76,,,,,,,,,,5.19%,$             58.76,3.05,171.13,51.82,117.25,6%,191%,1.78%,5.88%,5.19%,2.55%,2.55%,0,2.60%,-45.10%,,,,,,,,,,,,
,,,,,,,,,,,,,,,,,,2024,2/23/2024,$                                                       57.94,,,,,,,,,,5.26%,$             57.94,3.05,171.13,51.82,117.25,5%,195%,1.78%,5.88%,5.26%,4.00%,4.00%,0,2.60%,-45.87%,,,,,,,,,,,,
,,,,,,,,,,,,,,,,,,2024,2/26/2024,$                                                        56.91,,,,,,,,,,5.35%,$              56.91,3.05,171.13,51.82,117.25,4%,201%,1.78%,5.88%,5.35%,5.89%,5.89%,0,2.60%,-46.83%,,,,,,,,,,,,
,,,,,,,,,,,,,,,,,,2024,2/27/2024,$                                                       57.56,,,,,,,,,,5.29%,$             57.56,3.05,171.13,51.82,117.25,5%,197%,1.78%,5.88%,5.29%,4.69%,4.69%,0,2.60%,-46.23%,,,,,,,,,,,,
,,,,,,,,,,,,,,,,,,2024,2/28/2024,$                                                       57.96,,,,,,,,,,5.26%,$             57.96,3.05,171.13,51.82,117.25,5%,195%,1.78%,5.88%,5.26%,3.97%,3.97%,0,2.60%,-45.85%,,,,,,,,,,,,
,,,,,,,,,,,,,,,,,,2024,2/29/2024,$                                                       57.43,,,,,,,,,,5.31%,$             57.43,3.05,171.13,51.82,117.25,5%,198%,1.78%,5.88%,5.31%,4.93%,4.93%,0,2.60%,-46.35%,,,,,,,,,,,,
,,,,,,,,,,,,,,,,,,2024,3/1/2024,$                                                       58.42,,,,,,,,,,5.22%,$             58.42,3.05,171.13,51.82,117.25,6%,193%,1.78%,5.88%,5.22%,3.15%,3.15%,0,2.60%,-45.42%,,,,,,,,,,,,
,,,,,,,,,,,,,,,,,,2024,3/4/2024,$                                                       57.87,,,,,,,,,,5.27%,$             57.87,3.05,171.13,51.82,117.25,5%,196%,1.78%,5.88%,5.27%,4.13%,4.13%,0,2.60%,-45.94%,,,,,,,,,,,,
,,,,,,,,,,,,,,,,,,2024,3/5/2024,$                                                       58.74,,,,,,,,,,5.19%,$             58.74,3.05,171.13,51.82,117.25,6%,191%,1.78%,5.88%,5.19%,2.59%,2.59%,0,2.60%,-45.12%,,,,,,,,,,,,
,,,,,,,,,,,,,,,,,,2024,3/6/2024,$                                                       59.58,,,,,,,,,,5.11%,$             59.58,3.05,171.13,51.82,117.25,7%,187%,1.78%,5.88%,5.11%,1.14%,1.14%,0,2.60%,-44.34%,,,,,,,,,,,,
,,,,,,,,,,,,,,,,,,2024,3/7/2024,$                                                        57.91,,,,,,,,,,5.26%,$              57.91,3.05,171.13,51.82,117.25,5%,196%,1.78%,5.88%,5.26%,4.06%,4.06%,0,2.60%,-45.90%,,,,,,,,,,,,
,,,,,,,,,,,,,,,,,,2024,3/8/2024,$                                                       56.96,,,,,,,,,,5.35%,$             56.96,3.05,171.13,51.82,117.25,4%,200%,1.78%,5.88%,5.35%,5.79%,5.79%,0,2.60%,-46.79%,,,,,,,,,,,,
,,,,,,,,,,,,,,,,,,2024,3/11/2024,$                                                       56.74,,,,,,,,,,5.37%,$             56.74,3.05,171.13,51.82,117.25,4%,202%,1.78%,5.88%,5.37%,6.20%,6.20%,0,2.60%,-46.99%,,,,,,,,,,,,
,,,,,,,,,,,,,,,,,,2024,3/12/2024,$                                                       56.80,,,,,,,,,,5.36%,$             56.80,3.05,171.13,51.82,117.25,4%,201%,1.78%,5.88%,5.36%,6.09%,6.09%,0,2.60%,-46.94%,,,,,,,,,,,,
,,,,,,,,,,,,,,,,,,2024,3/13/2024,$                                                       57.56,,,,,,,,,,5.29%,$             57.56,3.05,171.13,51.82,117.25,5%,197%,1.78%,5.88%,5.29%,4.69%,4.69%,0,2.60%,-46.23%,,,,,,,,,,,,
,,,,,,,,,,,,,,,,,,2024,3/14/2024,$                                                       56.36,,,,,,,,,,5.41%,$             56.36,3.05,171.13,51.82,117.25,4%,204%,1.78%,5.88%,5.41%,6.92%,6.92%,0,2.60%,-47.35%,,,,,,,,,,,,
,,,,,,,,,,,,,,,,,,2024,3/15/2024,$                                                       56.36,,,,,,,,,,5.41%,$             56.36,3.05,171.13,51.82,117.25,4%,204%,1.78%,5.88%,5.41%,6.92%,6.92%,0,2.60%,-47.35%,,,,,,,,,,,,
,,,,,,,,,,,,,,,,,,2024,3/18/2024,$                                                       56.60,,,,,,,,,,5.38%,$             56.60,3.05,171.13,51.82,117.25,4%,202%,1.78%,5.88%,5.38%,6.47%,6.47%,0,2.60%,-47.12%,,,,,,,,,,,,
,,,,,,,,,,,,,,,,,,2024,3/19/2024,$                                                       57.39,,,,,,,,,,5.31%,$             57.39,3.05,171.13,51.82,117.25,5%,198%,1.78%,5.88%,5.31%,5.00%,5.00%,0,2.60%,-46.38%,,,,,,,,,,,,
,,,,,,,,,,,,,,,,,,2024,3/20/2024,$                                                       56.90,,,,,,,,,,5.36%,$             56.90,3.05,171.13,51.82,117.25,4%,201%,1.78%,5.88%,5.36%,5.91%,5.91%,0,2.60%,-46.84%,,,,,,,,,,,,
,,,,,,,,,,,,,,,,,,2024,3/21/2024,$                                                       56.47,,,,,,,,,,5.40%,$             56.47,3.05,171.13,51.82,117.25,4%,203%,1.78%,5.88%,5.40%,6.71%,6.71%,0,2.60%,-47.24%,,,,,,,,,,,,
,,,,,,,,,,,,,,,,,,2024,3/22/2024,$                                                       55.76,,,,,,,,,,5.46%,$             55.76,3.05,171.13,51.82,117.25,3%,207%,1.78%,5.88%,5.46%,8.07%,8.07%,0,2.60%,-47.91%,,,,,,,,,,,,
,,,,,,,,,,,,,,,,,,2024,3/25/2024,$                                                        55.21,,,,,,,,,,5.52%,$              55.21,3.05,171.13,51.82,117.25,3%,210%,1.78%,5.88%,5.52%,9.15%,9.15%,0,2.60%,-48.42%,,,,,,,,,,,,
,,,,,,,,,,,,,,,,,,2024,3/26/2024,$                                                       55.64,,,,,,,,,,5.48%,$             55.64,3.05,171.13,51.82,117.25,3%,208%,1.78%,5.88%,5.48%,8.30%,8.30%,0,2.60%,-48.02%,,,,,,,,,,,,
,,,,,,,,,,,,,,,,,,2024,3/27/2024,$                                                       57.38,,,,,,,,,,5.31%,$             57.38,3.05,171.13,51.82,117.25,5%,198%,1.78%,5.88%,5.31%,5.02%,5.02%,0,2.60%,-46.39%,,,,,,,,,,,,
,,,,,,,,,,,,,,,,,,2024,3/28/2024,$                                                       56.90,,,,,,,,,,5.36%,$             56.90,3.05,171.13,51.82,117.25,4%,201%,1.78%,5.88%,5.36%,5.91%,5.91%,0,2.60%,-46.84%,,,,,,,,,,,,
,,,,,,,,,,,,,,,,,,2024,4/1/2024,$                                                       56.77,,,,,,,,,,5.37%,$             56.77,3.05,171.13,51.82,117.25,4%,201%,1.78%,5.88%,5.37%,6.15%,6.15%,0,2.60%,-46.96%,,,,,,,,,,,,
,,,,,,,,,,,,,,,,,,2024,4/2/2024,$                                                       55.05,,,,,,,,,,5.53%,$             55.05,3.05,171.13,51.82,117.25,3%,211%,1.78%,5.88%,5.53%,9.46%,9.46%,0,2.60%,-48.57%,,,,,,,,,,,,
,,,,,,,,,,,,,,,,,,2024,4/3/2024,$                                                       54.86,,,,,,,,,,5.55%,$             54.86,3.05,171.13,51.82,117.25,3%,212%,1.78%,5.88%,5.55%,9.84%,9.84%,0,2.60%,-48.75%,,,,,,,,,,,,
,,,,,,,,,,,,,,,,,,2024,4/4/2024,$                                                       55.03,,,,,,,,,,5.54%,$             55.03,3.05,171.13,51.82,117.25,3%,211%,1.78%,5.88%,5.54%,9.50%,9.50%,0,2.60%,-48.59%,,,,,,,,,,,,
,,,,,,,,,,,,,,,,,,2024,4/5/2024,$                                                       54.87,,,,,,,,,,5.55%,$             54.87,3.05,171.13,51.82,117.25,3%,212%,1.78%,5.88%,5.55%,9.82%,9.82%,0,2.60%,-48.74%,,,,,,,,,,,,
,,,,,,,,,,,,,,,,,,2024,4/8/2024,$                                                       54.66,,,,,,,,,,5.57%,$             54.66,3.05,171.13,51.82,117.25,2%,213%,1.78%,5.88%,5.57%,10.25%,10.25%,0,2.60%,-48.93%,,,,,,,,,,,,
,,,,,,,,,,,,,,,,,,2024,4/9/2024,$                                                        55.15,,,,,,,,,,5.52%,$              55.15,3.05,171.13,51.82,117.25,3%,210%,1.78%,5.88%,5.52%,9.27%,9.27%,0,2.60%,-48.48%,,,,,,,,,,,,
,,,,,,,,,,,,,,,,,,2024,4/10/2024,$                                                       53.57,,,,,,,,,,5.69%,$             53.57,3.05,171.13,51.82,117.25,1%,219%,1.78%,5.88%,5.69%,12.49%,12.49%,0,2.60%,-49.95%,,,,,,,,,,,,
,,,,,,,,,,,,,,,,,,2024,4/11/2024,$                                                       53.30,,,,,,,,,,5.72%,$             53.30,3.05,171.13,51.82,117.25,1%,221%,1.78%,5.88%,5.72%,13.06%,13.06%,0,2.60%,-50.21%,,,,,,,,,,,,
,,,,,,,,,,,,,,,,,,2024,4/12/2024,$                                                       53.24,,,,,,,,,,5.72%,$             53.24,3.05,171.13,51.82,117.25,1%,221%,1.78%,5.88%,5.72%,13.19%,13.19%,0,2.60%,-50.26%,,,,,,,,,,,,
,,,,,,,,,,,,,,,,,,2024,4/15/2024,$                                                       53.48,,,,,,,,,,5.70%,$             53.48,3.05,171.13,51.82,117.25,1%,220%,1.78%,5.88%,5.70%,12.68%,12.68%,0,2.60%,-50.04%,,,,,,,,,,,,
,,,,,,,,,,,,,,,,,,2024,4/16/2024,$                                                        53.19,,,,,,,,,,5.73%,$              53.19,3.05,171.13,51.82,117.25,1%,222%,1.78%,5.88%,5.73%,13.29%,13.29%,0,2.60%,-50.31%,,,,,,,,,,,,
,,,,,,,,,,,,,,,,,,2024,4/17/2024,$                                                       53.22,,,,,,,,,,5.73%,$             53.22,3.05,171.13,51.82,117.25,1%,222%,1.78%,5.88%,5.73%,13.23%,13.23%,0,2.60%,-50.28%,,,,,,,,,,,,
,,,,,,,,,,,,,,,,,,2024,4/18/2024,$                                                       53.34,,,,,,,,,,5.71%,$             53.34,3.05,171.13,51.82,117.25,1%,221%,1.78%,5.88%,5.71%,12.97%,12.97%,0,2.60%,-50.17%,,,,,,,,,,,,
,,,,,,,,,,,,,,,,,,2024,4/19/2024,$                                                        53.51,,,,,,,,,,5.69%,$              53.51,3.05,171.13,51.82,117.25,1%,220%,1.78%,5.88%,5.69%,12.61%,12.61%,0,2.60%,-50.01%,,,,,,,,,,,,
,,,,,,,,,,,,,,,,,,2024,4/22/2024,$                                                       53.68,,,,,,,,,,5.68%,$             53.68,3.05,171.13,51.82,117.25,2%,219%,1.78%,5.88%,5.68%,12.26%,12.26%,0,2.60%,-49.85%,,,,,,,,,,,,
,,,,,,,,,,,,,,,,,,2024,4/23/2024,$                                                        54.16,,,,,,,,,,5.63%,$              54.16,3.05,171.13,51.82,117.25,2%,216%,1.78%,5.88%,5.63%,11.26%,11.26%,0,2.60%,-49.40%,,,,,,,,,,,,
,,,,,,,,,,,,,,,,,,2024,4/24/2024,$                                                        51.88,,,,,,,,,,5.87%,$              51.88,3.05,171.13,51.82,117.25,0%,230%,1.78%,5.88%,5.87%,16.15%,16.15%,0,2.60%,-51.53%,,,,,,,,,,,,
,,,,,,,,,,,,,,,,,,2024,4/25/2024,$                                                        51.62,,,,,,,,,,5.90%,$              51.62,3.05,171.13,51.82,117.25,0%,232%,1.78%,5.88%,5.90%,16.74%,16.74%,0,2.60%,-51.78%,,,,,,,,,,,,
,,,,,,,,,,,,,,,,,,2024,4/26/2024,$                                                        51.25,,,,,,,,,,5.95%,$              51.25,3.05,171.13,51.82,117.25,0%,234%,1.78%,5.88%,5.95%,17.58%,17.58%,0,2.60%,-52.12%,,,,,,,,,,,,
,,,,,,,,,,,,,,,,,,2024,4/29/2024,$                                                        51.94,,,,,,,,,,5.87%,$              51.94,3.05,171.13,51.82,117.25,0%,229%,1.78%,5.88%,5.87%,16.02%,16.02%,0,2.60%,-51.48%,,,,,,,,,,,,
,,,,,,,,,,,,,,,,,,2024,4/30/2024,$                                                        51.33,,,,,,,,,,5.94%,$              51.33,3.05,171.13,51.82,117.25,0%,233%,1.78%,5.88%,5.94%,17.40%,17.40%,0,2.60%,-52.05%,,,,,,,,,,,,
,,,,,,,,,,,,,,,,,,2024,5/1/2024,$                                                         51.31,,,,,,,,,,5.94%,$               51.31,3.05,171.13,51.82,117.25,0%,234%,1.78%,5.88%,5.94%,17.44%,17.44%,0,2.60%,-52.06%,,,,,,,,,,,,
,,,,,,,,,,,,,,,,,,2024,5/2/2024,$                                                       52.02,,,,,,,,,,5.86%,$             52.02,3.05,171.13,51.82,117.25,0%,229%,1.78%,5.88%,5.86%,15.84%,15.84%,0,2.60%,-51.40%,,,,,,,,,,,,
,,,,,,,,,,,,,,,,,,2024,5/3/2024,$                                                       52.64,,,,,,,,,,5.79%,$             52.64,3.05,171.13,51.82,117.25,1%,225%,1.78%,5.88%,5.79%,14.48%,14.48%,0,2.60%,-50.82%,,,,,,,,,,,,
,,,,,,,,,,,,,,,,,,2024,5/6/2024,$                                                       53.87,,,,,,,,,,5.66%,$             53.87,3.05,171.13,51.82,117.25,2%,218%,1.78%,5.88%,5.66%,11.86%,11.86%,0,2.60%,-49.67%,,,,,,,,,,,,
,,,,,,,,,,,,,,,,,,2024,5/7/2024,$                                                       53.69,,,,,,,,,,5.68%,$             53.69,3.05,171.13,51.82,117.25,2%,219%,1.78%,5.88%,5.68%,12.24%,12.24%,0,2.60%,-49.84%,,,,,,,,,,,,
,,,,,,,,,,,,,,,,,,2024,5/8/2024,$                                                        53.61,,,,,,,,,,5.68%,$              53.61,3.05,171.13,51.82,117.25,1%,219%,1.78%,5.88%,5.68%,12.40%,12.40%,0,2.60%,-49.92%,,,,,,,,,,,,
,,,,,,,,,,,,,,,,,,2024,5/9/2024,$                                                       54.03,,,,,,,,,,5.64%,$             54.03,3.05,171.13,51.82,117.25,2%,217%,1.78%,5.88%,5.64%,11.53%,11.53%,0,2.60%,-49.52%,,,,,,,,,,,,
,,,,,,,,,,,,,,,,,,2024,5/10/2024,$                                                       54.29,,,,,,,,,,5.61%,$             54.29,3.05,171.13,51.82,117.25,2%,215%,1.78%,5.88%,5.61%,11.00%,11.00%,0,2.60%,-49.28%,,,,,,,,,,,,
,,,,,,,,,,,,,,,,,,2024,5/13/2024,$                                                        54.01,,,,,,,,,,5.64%,$              54.01,3.05,171.13,51.82,117.25,2%,217%,1.78%,5.88%,5.64%,11.57%,11.57%,0,2.60%,-49.54%,,,,,,,,,,,,
,,,,,,,,,,,,,,,,,,2024,5/14/2024,$                                                       53.80,,,,,,,,,,5.66%,$             53.80,3.05,171.13,51.82,117.25,2%,218%,1.78%,5.88%,5.66%,12.01%,12.01%,0,2.60%,-49.74%,,,,,,,,,,,,
,,,,,,,,,,,,,,,,,,2024,5/15/2024,$                                                       53.67,,,,,,,,,,5.68%,$             53.67,3.05,171.13,51.82,117.25,2%,219%,1.78%,5.88%,5.68%,12.28%,12.28%,0,2.60%,-49.86%,,,,,,,,,,,,
,,,,,,,,,,,,,,,,,,2024,5/16/2024,$                                                       53.76,,,,,,,,,,5.67%,$             53.76,3.05,171.13,51.82,117.25,2%,218%,1.78%,5.88%,5.67%,12.09%,12.09%,0,2.60%,-49.78%,,,,,,,,,,,,
,,,,,,,,,,,,,,,,,,2024,5/17/2024,$                                                       53.32,,,,,,,,,,5.71%,$             53.32,3.05,171.13,51.82,117.25,1%,221%,1.78%,5.88%,5.71%,13.02%,13.02%,0,2.60%,-50.19%,,,,,,,,,,,,
,,,,,,,,,,,,,,,,,,2024,5/21/2024,$                                                       52.85,,,,,,,,,,5.77%,$             52.85,3.05,171.13,51.82,117.25,1%,224%,1.78%,5.88%,5.77%,14.02%,14.02%,0,2.60%,-50.63%,,,,,,,,,,,,
,,,,,,,,,,,,,,,,,,2024,5/22/2024,$                                                        52.16,,,,,,,,,,5.84%,$              52.16,3.05,171.13,51.82,117.25,0%,228%,1.78%,5.88%,5.84%,15.53%,15.53%,0,2.60%,-51.27%,,,,,,,,,,,,
,,,,,,,,,,,,,,,,,,2024,5/23/2024,$                                                       52.36,,,,,,,,,,5.82%,$             52.36,3.05,171.13,51.82,117.25,0%,227%,1.78%,5.88%,5.82%,15.09%,15.09%,0,2.60%,-51.08%,,,,,,,,,,,,
,,,,,,,,,,,,,,,,,,2024,5/24/2024,$                                                        52.19,,,,,,,,,,5.84%,$              52.19,3.05,171.13,51.82,117.25,0%,228%,1.78%,5.88%,5.84%,15.46%,15.46%,0,2.60%,-51.24%,,,,,,,,,,,,
,,,,,,,,,,,,,,,,,,2024,5/27/2024,$                                                        51.65,,,,,,,,,,5.90%,$              51.65,3.05,171.13,51.82,117.25,0%,231%,1.78%,5.88%,5.90%,16.67%,16.67%,0,2.60%,-51.75%,,,,,,,,,,,,
,,,,,,,,,,,,,,,,,,2024,5/28/2024,$                                                        51.43,,,,,,,,,,5.92%,$              51.43,3.05,171.13,51.82,117.25,0%,233%,1.78%,5.88%,5.92%,17.17%,17.17%,0,2.60%,-51.95%,,,,,,,,,,,,
,,,,,,,,,,,,,,,,,,2024,5/29/2024,$                                                       50.50,,,,,,,,,,6.03%,$             50.50,3.05,171.13,51.82,117.25,-1%,239%,1.78%,5.88%,6.03%,19.33%,19.33%,0,2.60%,-52.82%,,,,,,,,,,,,
,,,,,,,,,,,,,,,,,,2024,5/30/2024,$                                                       50.25,,,,,,,,,,6.06%,$             50.25,3.05,171.13,51.82,117.25,-1%,241%,1.78%,5.88%,6.06%,19.92%,19.92%,0,2.60%,-53.05%,,,,,,,,,,,,
,,,,,,,,,,,,,,,,,,2024,5/31/2024,$                                                       47.45,,,,,,,,,,6.42%,$             47.45,3.05,171.13,51.82,117.25,-4%,261%,1.78%,5.88%,6.42%,27.00%,27.00%,0,2.60%,-55.67%,,,,,,,,,,,,
,,,,,,,,,,,,,,,,,,2024,6/3/2024,$                                                         51.01,,,,,,,,,,5.97%,$               51.01,3.05,171.13,51.82,117.25,-1%,235%,1.78%,5.88%,5.97%,18.13%,18.13%,0,2.60%,-52.34%,,,,,,,,,,,,
,,,,,,,,,,,,,,,,,,2024,6/4/2024,$                                                       49.69,,,,,,,,,,6.13%,$             49.69,3.05,171.13,51.82,117.25,-2%,244%,1.78%,5.88%,6.13%,21.27%,21.27%,0,2.60%,-53.58%,,,,,,,,,,,,
,,,,,,,,,,,,,,,,,,2024,6/5/2024,$                                                       50.50,,,,,,,,,,6.03%,$             50.50,3.05,171.13,51.82,117.25,-1%,239%,1.78%,5.88%,6.03%,19.33%,19.33%,0,2.60%,-52.82%,,,,,,,,,,,,
,,,,,,,,,,,,,,,,,,2024,6/6/2024,$                                                       49.94,,,,,,,,,,6.10%,$             49.94,3.05,171.13,51.82,117.25,-2%,243%,1.78%,5.88%,6.10%,20.66%,20.66%,0,2.60%,-53.34%,,,,,,,,,,,,
,,,,,,,,,,,,,,,,,,2024,6/7/2024,$                                                       49.62,,,,,,,,,,6.14%,$             49.62,3.05,171.13,51.82,117.25,-2%,245%,1.78%,5.88%,6.14%,21.44%,21.44%,0,2.60%,-53.64%,,,,,,,,,,,,
,,,,,,,,,,,,,,,,,,2024,6/10/2024,$                                                       49.74,,,,,,,,,,6.13%,$             49.74,3.05,171.13,51.82,117.25,-2%,244%,1.78%,5.88%,6.13%,21.15%,21.15%,0,2.60%,-53.53%,,,,,,,,,,,,
,,,,,,,,,,,,,,,,,,2024,6/11/2024,$                                                        49.91,,,,,,,,,,6.10%,$              49.91,3.05,171.13,51.82,117.25,-2%,243%,1.78%,5.88%,6.10%,20.74%,20.74%,0,2.60%,-53.37%,,,,,,,,,,,,
,,,,,,,,,,,,,,,,,,2024,6/12/2024,$                                                       50.00,,,,,,,,,,6.09%,$             50.00,3.05,171.13,51.82,117.25,-2%,242%,1.78%,5.88%,6.09%,20.52%,20.52%,0,2.60%,-53.29%,,,,,,,,,,,,
,,,,,,,,,,,,,,,,,,2024,6/13/2024,$                                                       49.70,,,,,,,,,,6.13%,$             49.70,3.05,171.13,51.82,117.25,-2%,244%,1.78%,5.88%,6.13%,21.25%,21.25%,0,2.60%,-53.57%,,,,,,,,,,,,
,,,,,,,,,,,,,,,,,,2024,6/14/2024,$                                                       49.87,,,,,,,,,,6.11%,$             49.87,3.05,171.13,51.82,117.25,-2%,243%,1.78%,5.88%,6.11%,20.83%,20.83%,0,2.60%,-53.41%,,,,,,,,,,,,
,,,,,,,,,,,,,,,,,,2024,6/17/2024,$                                                       49.20,,,,,,,,,,6.19%,$             49.20,3.05,171.13,51.82,117.25,-2%,248%,1.78%,5.88%,6.19%,22.48%,22.48%,0,2.60%,-54.04%,,,,,,,,,,,,
,,,,,,,,,,,,,,,,,,2024,6/18/2024,$                                                       48.73,,,,,,,,,,6.25%,$             48.73,3.05,171.13,51.82,117.25,-3%,251%,1.78%,5.88%,6.25%,23.66%,23.66%,0,2.60%,-54.47%,,,,,,,,,,,,
,,,,,,,,,,,,,,,,,,2024,6/19/2024,$                                                       48.42,,,,,,,,,,6.29%,$             48.42,3.05,171.13,51.82,117.25,-3%,253%,1.78%,5.88%,6.29%,24.45%,24.45%,0,2.60%,-54.76%,,,,,,,,,,,,
,,,,,,,,,,,,,,,,,,2024,6/20/2024,$                                                       47.39,,,,,,,,,,6.43%,$             47.39,3.05,171.13,51.82,117.25,-4%,261%,1.78%,5.88%,6.43%,27.16%,27.16%,0,2.60%,-55.73%,,,,,,,,,,,,
,,,,,,,,,,,,,,,,,,2024,6/21/2024,$                                                       46.60,,,,,,,,,,6.54%,$             46.60,3.05,171.13,51.82,117.25,-4%,267%,1.78%,5.88%,6.54%,29.31%,29.31%,0,2.60%,-56.46%,,,,,,,,,,,,
,,,,,,,,,,,,,,,,,,2024,6/24/2024,$                                                       47.78,,,,,,,,,,6.38%,$             47.78,3.05,171.13,51.82,117.25,-3%,258%,1.78%,5.88%,6.38%,26.12%,26.12%,0,2.60%,-55.36%,,,,,,,,,,,,
,,,,,,,,,,,,,,,,,,2024,6/25/2024,$                                                       47.37,,,,,,,,,,6.43%,$             47.37,3.05,171.13,51.82,117.25,-4%,261%,1.78%,5.88%,6.43%,27.21%,27.21%,0,2.60%,-55.75%,,,,,,,,,,,,
,,,,,,,,,,,,,,,,,,2024,6/26/2024,$                                                       47.47,,,,,,,,,,6.42%,$             47.47,3.05,171.13,51.82,117.25,-4%,261%,1.78%,5.88%,6.42%,26.94%,26.94%,0,2.60%,-55.65%,,,,,,,,,,,,
,,,,,,,,,,,,,,,,,,2024,6/27/2024,$                                                       47.92,,,,,,,,,,6.36%,$             47.92,3.05,171.13,51.82,117.25,-3%,257%,1.78%,5.88%,6.36%,25.75%,25.75%,0,2.60%,-55.23%,,,,,,,,,,,,
,,,,,,,,,,,,,,,,,,2024,6/28/2024,$                                                       48.20,,,,,,,,,,6.32%,$             48.20,3.05,171.13,51.82,117.25,-3%,255%,1.78%,5.88%,6.32%,25.02%,25.02%,0,2.60%,-54.97%,,,,,,,,,,,,
,,,,,,,,,,,,,,,,,,2024,7/2/2024,$                                                       48.60,,,,,,,,,,6.27%,$             48.60,3.05,171.13,51.82,117.25,-3%,252%,1.78%,5.88%,6.27%,23.99%,23.99%,0,2.60%,-54.60%,,,,,,,,,,,,
,,,,,,,,,,,,,,,,,,2024,7/3/2024,$                                                       49.88,,,,,,,,,,6.11%,$             49.88,3.05,171.13,51.82,117.25,-2%,243%,1.78%,5.88%,6.11%,20.81%,20.81%,0,2.60%,-53.40%,,,,,,,,,,,,
,,,,,,,,,,,,,,,,,,2024,7/4/2024,$                                                       49.98,,,,,,,,,,6.10%,$             49.98,3.05,171.13,51.82,117.25,-2%,242%,1.78%,5.88%,6.10%,20.57%,20.57%,0,2.60%,-53.31%,,,,,,,,,,,,
,,,,,,,,,,,,,,,,,,2024,7/5/2024,$                                                       48.99,,,,,,,,,,6.22%,$             48.99,3.05,171.13,51.82,117.25,-2%,249%,1.78%,5.88%,6.22%,23.00%,23.00%,0,2.60%,-54.23%,,,,,,,,,,,,
,,,,,,,,,,,,,,,,,,2024,7/8/2024,$                                                       48.89,,,,,,,,,,6.23%,$             48.89,3.05,171.13,51.82,117.25,-2%,250%,1.78%,5.88%,6.23%,23.26%,23.26%,0,2.60%,-54.33%,,,,,,,,,,,,
,,,,,,,,,,,,,,,,,,2024,7/9/2024,$                                                       47.50,,,,,,,,,,6.41%,$             47.50,3.05,171.13,51.82,117.25,-4%,260%,1.78%,5.88%,6.41%,26.86%,26.86%,0,2.60%,-55.62%,,,,,,,,,,,,
,,,,,,,,,,,,,,,,,,2024,7/10/2024,$                                                       47.52,,,,,,,,,,6.41%,$             47.52,3.05,171.13,51.82,117.25,-4%,260%,1.78%,5.88%,6.41%,26.81%,26.81%,0,2.60%,-55.61%,,,,,,,,,,,,
,,,,,,,,,,,,,,,,,,2024,7/11/2024,$                                                       47.47,,,,,,,,,,6.42%,$             47.47,3.05,171.13,51.82,117.25,-4%,261%,1.78%,5.88%,6.42%,26.94%,26.94%,0,2.60%,-55.65%,,,,,,,,,,,,
,,,,,,,,,,,,,,,,,,2024,7/12/2024,$                                                       50.00,,,,,,,,,,6.09%,$             50.00,3.05,171.13,51.82,117.25,-2%,242%,1.78%,5.88%,6.09%,20.52%,20.52%,0,2.60%,-53.29%,,,,,,,,,,,,
,,,,,,,,,,,,,,,,,,2024,7/15/2024,$                                                       50.70,,,,,,,,,,6.01%,$             50.70,3.05,171.13,51.82,117.25,-1%,238%,1.78%,5.88%,6.01%,18.86%,18.86%,0,2.60%,-52.63%,,,,,,,,,,,,
,,,,,,,,,,,,,,,,,,2024,7/16/2024,$                                                        51.28,,,,,,,,,,5.94%,$              51.28,3.05,171.13,51.82,117.25,0%,234%,1.78%,5.88%,5.94%,17.51%,17.51%,0,2.60%,-52.09%,,,,,,,,,,,,
,,,,,,,,,,,,,,,,,,2024,7/17/2024,$                                                       53.05,,,,,,,,,,5.74%,$             53.05,3.05,171.13,51.82,117.25,1%,223%,1.78%,5.88%,5.74%,13.59%,13.59%,0,2.60%,-50.44%,,,,,,,,,,,,
,,,,,,,,,,,,,,,,,,2024,7/18/2024,$                                                       53.05,,,,,,,,,,5.74%,$             53.05,3.05,171.13,51.82,117.25,1%,223%,1.78%,5.88%,5.74%,13.59%,13.59%,0,2.60%,-50.44%,,,,,,,,,,,,
,,,,,,,,,,,,,,,,,,2024,7/19/2024,$                                                        53.01,,,,,,,,,,5.75%,$              53.01,3.05,171.13,51.82,117.25,1%,223%,1.78%,5.88%,5.75%,13.68%,13.68%,0,2.60%,-50.48%,,,,,,,,,,,,
,,,,,,,,,,,,,,,,,,2024,7/22/2024,$                                                        53.19,,,,,,,,,,5.73%,$              53.19,3.05,171.13,51.82,117.25,1%,222%,1.78%,5.88%,5.73%,13.29%,13.29%,0,2.60%,-50.31%,,,,,,,,,,,,
,,,,,,,,,,,,,,,,,,2024,7/23/2024,$                                                       53.28,,,,,,,,,,5.72%,$             53.28,3.05,171.13,51.82,117.25,1%,221%,1.78%,5.88%,5.72%,13.10%,13.10%,0,2.60%,-50.22%,,,,,,,,,,,,
,,,,,,,,,,,,,,,,,,2024,7/24/2024,$                                                       53.44,,,,,,,,,,5.70%,$             53.44,3.05,171.13,51.82,117.25,1%,220%,1.78%,5.88%,5.70%,12.76%,12.76%,0,2.60%,-50.07%,,,,,,,,,,,,
,,,,,,,,,,,,,,,,,,2024,7/25/2024,$                                                       54.02,,,,,,,,,,5.64%,$             54.02,3.05,171.13,51.82,117.25,2%,217%,1.78%,5.88%,5.64%,11.55%,11.55%,0,2.60%,-49.53%,,,,,,,,,,,,
,,,,,,,,,,,,,,,,,,2024,7/26/2024,$                                                        54.10,,,,,,,,,,5.63%,$              54.10,3.05,171.13,51.82,117.25,2%,216%,1.78%,5.88%,5.63%,11.39%,11.39%,0,2.60%,-49.46%,,,,,,,,,,,,
,,,,,,,,,,,,,,,,,,2024,7/29/2024,$                                                        54.81,,,,,,,,,,5.56%,$              54.81,3.05,171.13,51.82,117.25,3%,212%,1.78%,5.88%,5.56%,9.94%,9.94%,0,2.60%,-48.79%,,,,,,,,,,,,
,,,,,,,,,,,,,,,,,,2024,7/30/2024,$                                                       54.33,,,,,,,,,,5.61%,$             54.33,3.05,171.13,51.82,117.25,2%,215%,1.78%,5.88%,5.61%,10.91%,10.91%,0,2.60%,-49.24%,,,,,,,,,,,,
,,,,,,,,,,,,,,,,,,2024,7/31/2024,$                                                        54.71,,,,,,,,,,5.57%,$              54.71,3.05,171.13,51.82,117.25,2%,213%,1.78%,5.88%,5.57%,10.14%,10.14%,0,2.60%,-48.89%,,,,,,,,,,,,
,,,,,,,,,,,,,,,,,,2024,8/1/2024,$                                                        54.81,,,,,,,,,,5.56%,$              54.81,3.05,171.13,51.82,117.25,3%,212%,1.78%,5.88%,5.56%,9.94%,9.94%,0,2.60%,-48.79%,,,,,,,,,,,,
,,,,,,,,,,,,,,,,,,2024,8/2/2024,$                                                       54.33,,,,,,,,,,5.61%,$             54.33,3.05,171.13,51.82,117.25,2%,215%,1.78%,5.88%,5.61%,10.91%,10.91%,0,2.60%,-49.24%,,,,,,,,,,,,
,,,,,,,,,,,,,,,,,,2024,8/6/2024,$                                                        54.19,,,,,,,,,,5.62%,$              54.19,3.05,171.13,51.82,117.25,2%,216%,1.78%,5.88%,5.62%,11.20%,11.20%,0,2.60%,-49.37%,,,,,,,,,,,,
,,,,,,,,,,,,,,,,,,2024,8/7/2024,$                                                       53.99,,,,,,,,,,5.64%,$             53.99,3.05,171.13,51.82,117.25,2%,217%,1.78%,5.88%,5.64%,11.61%,11.61%,0,2.60%,-49.56%,,,,,,,,,,,,
,,,,,,,,,,,,,,,,,,2024,8/8/2024,$                                                       55.38,,,,,,,,,,5.50%,$             55.38,3.05,171.13,51.82,117.25,3%,209%,1.78%,5.88%,5.50%,8.81%,8.81%,0,2.60%,-48.26%,,,,,,,,,,,,
,,,,,,,,,,,,,,,,,,2024,8/9/2024,$                                                       55.37,,,,,,,,,,5.50%,$             55.37,3.05,171.13,51.82,117.25,3%,209%,1.78%,5.88%,5.50%,8.83%,8.83%,0,2.60%,-48.27%,,,,,,,,,,,,
,,,,,,,,,,,,,,,,,,2024,8/12/2024,$                                                       54.39,,,,,,,,,,5.60%,$             54.39,3.05,171.13,51.82,117.25,2%,215%,1.78%,5.88%,5.60%,10.79%,10.79%,0,2.60%,-49.19%,,,,,,,,,,,,
,,,,,,,,,,,,,,,,,,2024,8/13/2024,$                                                       54.89,,,,,,,,,,5.55%,$             54.89,3.05,171.13,51.82,117.25,3%,212%,1.78%,5.88%,5.55%,9.78%,9.78%,0,2.60%,-48.72%,,,,,,,,,,,,
,,,,,,,,,,,,,,,,,,2024,8/14/2024,$                                                       54.55,,,,,,,,,,5.59%,$             54.55,3.05,171.13,51.82,117.25,2%,214%,1.78%,5.88%,5.59%,10.47%,10.47%,0,2.60%,-49.04%,,,,,,,,,,,,
,,,,,,,,,,,,,,,,,,2024,8/15/2024,$                                                       54.40,,,,,,,,,,5.60%,$             54.40,3.05,171.13,51.82,117.25,2%,215%,1.78%,5.88%,5.60%,10.77%,10.77%,0,2.60%,-49.18%,,,,,,,,,,,,
,,,,,,,,,,,,,,,,,,2024,8/16/2024,$                                                       53.06,,,,,,,,,,5.74%,$             53.06,3.05,171.13,51.82,117.25,1%,223%,1.78%,5.88%,5.74%,13.57%,13.57%,0,2.60%,-50.43%,,,,,,,,,,,,
,,,,,,,,,,,,,,,,,,2024,8/19/2024,$                                                       54.74,,,,,,,,,,5.57%,$             54.74,3.05,171.13,51.82,117.25,2%,213%,1.78%,5.88%,5.57%,10.08%,10.08%,0,2.60%,-48.86%,,,,,,,,,,,,
,,,,,,,,,,,,,,,,,,2024,8/20/2024,$                                                        54.19,,,,,,,,,,5.62%,$              54.19,3.05,171.13,51.82,117.25,2%,216%,1.78%,5.88%,5.62%,11.20%,11.20%,0,2.60%,-49.37%,,,,,,,,,,,,
,,,,,,,,,,,,,,,,,,2024,8/21/2024,$                                                       54.53,,,,,,,,,,5.59%,$             54.53,3.05,171.13,51.82,117.25,2%,214%,1.78%,5.88%,5.59%,10.51%,10.51%,0,2.60%,-49.06%,,,,,,,,,,,,
,,,,,,,,,,,,,,,,,,2024,8/22/2024,$                                                       54.48,,,,,,,,,,5.59%,$             54.48,3.05,171.13,51.82,117.25,2%,214%,1.78%,5.88%,5.59%,10.61%,10.61%,0,2.60%,-49.10%,,,,,,,,,,,,
,,,,,,,,,,,,,,,,,,2024,8/23/2024,$                                                       55.64,,,,,,,,,,5.48%,$             55.64,3.05,171.13,51.82,117.25,3%,208%,1.78%,5.88%,5.48%,8.30%,8.30%,0,2.60%,-48.02%,,,,,,,,,,,,
,,,,,,,,,,,,,,,,,,2024,8/26/2024,$                                                       55.77,,,,,,,,,,5.46%,$             55.77,3.05,171.13,51.82,117.25,3%,207%,1.78%,5.88%,5.46%,8.05%,8.05%,0,2.60%,-47.90%,,,,,,,,,,,,
,,,,,,,,,,,,,,,,,,2024,8/27/2024,$                                                       55.65,,,,,,,,,,5.48%,$             55.65,3.05,171.13,51.82,117.25,3%,208%,1.78%,5.88%,5.48%,8.28%,8.28%,0,2.60%,-48.01%,,,,,,,,,,,,
,,,,,,,,,,,,,,,,,,2024,8/28/2024,$                                                       54.48,,,,,,,,,,5.59%,$             54.48,3.05,171.13,51.82,117.25,2%,214%,1.78%,5.88%,5.59%,10.61%,10.61%,0,2.60%,-49.10%,,,,,,,,,,,,
,,,,,,,,,,,,,,,,,,2024,8/29/2024,$                                                       54.47,,,,,,,,,,5.59%,$             54.47,3.05,171.13,51.82,117.25,2%,214%,1.78%,5.88%,5.59%,10.63%,10.63%,0,2.60%,-49.11%,,,,,,,,,,,,
,,,,,,,,,,,,,,,,,,2024,8/30/2024,$                                                       53.93,,,,,,,,,,5.65%,$             53.93,3.05,171.13,51.82,117.25,2%,217%,1.78%,5.88%,5.65%,11.74%,11.74%,0,2.60%,-49.62%,,,,,,,,,,,,
,,,,,,,,,,,,,,,,,,2024,9/3/2024,$                                                       53.57,,,,,,,,,,5.69%,$             53.57,3.05,171.13,51.82,117.25,1%,219%,1.78%,5.88%,5.69%,12.49%,12.49%,0,2.60%,-49.95%,,,,,,,,,,,,
,,,,,,,,,,,,,,,,,,2024,9/4/2024,$                                                       53.65,,,,,,,,,,5.68%,$             53.65,3.05,171.13,51.82,117.25,2%,219%,1.78%,5.88%,5.68%,12.32%,12.32%,0,2.60%,-49.88%,,,,,,,,,,,,
,,,,,,,,,,,,,,,,,,2024,9/5/2024,$                                                       53.80,,,,,,,,,,5.66%,$             53.80,3.05,171.13,51.82,117.25,2%,218%,1.78%,5.88%,5.66%,12.01%,12.01%,0,2.60%,-49.74%,,,,,,,,,,,,
,,,,,,,,,,,,,,,,,,2024,9/6/2024,$                                                       54.24,,,,,,,,,,5.62%,$             54.24,3.05,171.13,51.82,117.25,2%,216%,1.78%,5.88%,5.62%,11.10%,11.10%,0,2.60%,-49.33%,,,,,,,,,,,,
,,,,,,,,,,,,,,,,,,2024,9/9/2024,$                                                        54.18,,,,,,,,,,5.62%,$              54.18,3.05,171.13,51.82,117.25,2%,216%,1.78%,5.88%,5.62%,11.22%,11.22%,0,2.60%,-49.38%,,,,,,,,,,,,
,,,,,,,,,,,,,,,,,,2024,9/10/2024,$                                                        54.18,,,,,,,,,,5.62%,$              54.18,3.05,171.13,51.82,117.25,2%,216%,1.78%,5.88%,5.62%,11.22%,11.22%,0,2.60%,-49.38%,,,,,,,,,,,,
,,,,,,,,,,,,,,,,,,2024,9/11/2024,$                                                        54.41,,,,,,,,,,5.60%,$              54.41,3.05,171.13,51.82,117.25,2%,215%,1.78%,5.88%,5.60%,10.75%,10.75%,0,2.60%,-49.17%,,,,,,,,,,,,
,,,,,,,,,,,,,,,,,,2024,9/12/2024,$                                                        55.13,,,,,,,,,,5.53%,$              55.13,3.05,171.13,51.82,117.25,3%,210%,1.78%,5.88%,5.53%,9.31%,9.31%,0,2.60%,-48.50%,,,,,,,,,,,,
,,,,,,,,,,,,,,,,,,2024,9/13/2024,$                                                       55.37,,,,,,,,,,5.50%,$             55.37,3.05,171.13,51.82,117.25,3%,209%,1.78%,5.88%,5.50%,8.83%,8.83%,0,2.60%,-48.27%,,,,,,,,,,,,
,,,,,,,,,,,,,,,,,,2024,9/16/2024,$                                                       55.52,,,,,,,,,,5.49%,$             55.52,3.05,171.13,51.82,117.25,3%,208%,1.78%,5.88%,5.49%,8.54%,8.54%,0,2.60%,-48.13%,,,,,,,,,,,,
,,,,,,,,,,,,,,,,,,2024,9/17/2024,$                                                       55.90,,,,,,,,,,5.45%,$             55.90,3.05,171.13,51.82,117.25,3%,206%,1.78%,5.88%,5.45%,7.80%,7.80%,0,2.60%,-47.78%,,,,,,,,,,,,
,,,,,,,,,,,,,,,,,,2024,9/18/2024,$                                                        55.81,,,,,,,,,,5.46%,$              55.81,3.05,171.13,51.82,117.25,3%,207%,1.78%,5.88%,5.46%,7.97%,7.97%,0,2.60%,-47.86%,,,,,,,,,,,,
,,,,,,,,,,,,,,,,,,2024,9/19/2024,$                                                       55.82,,,,,,,,,,5.46%,$             55.82,3.05,171.13,51.82,117.25,3%,207%,1.78%,5.88%,5.46%,7.95%,7.95%,0,2.60%,-47.85%,,,,,,,,,,,,
,,,,,,,,,,,,,,,,,,2024,9/20/2024,$                                                       56.78,,,,,,,,,,5.37%,$             56.78,3.05,171.13,51.82,117.25,4%,201%,1.78%,5.88%,5.37%,6.13%,6.13%,0,2.60%,-46.95%,,,,,,,,,,,,
,,,,,,,,,,,,,,,,,,2024,9/23/2024,$                                                       56.73,,,,,,,,,,5.37%,$             56.73,3.05,171.13,51.82,117.25,4%,202%,1.78%,5.88%,5.37%,6.22%,6.22%,0,2.60%,-47.00%,,,,,,,,,,,,
,,,,,,,,,,,,,,,,,,2024,9/24/2024,$                                                        57.12,,,,,,,,,,5.33%,$              57.12,3.05,171.13,51.82,117.25,4%,200%,1.78%,5.88%,5.33%,5.50%,5.50%,0,2.60%,-46.64%,,,,,,,,,,,,
,,,,,,,,,,,,,,,,,,2024,9/25/2024,$                                                       57.07,,,,,,,,,,5.34%,$             57.07,3.05,171.13,51.82,117.25,4%,200%,1.78%,5.88%,5.34%,5.59%,5.59%,0,2.60%,-46.68%,,,,,,,,,,,,
,,,,,,,,,,,,,,,,,,2024,9/26/2024,$                                                       58.47,,,,,,,,,,5.21%,$             58.47,3.05,171.13,51.82,117.25,6%,193%,1.78%,5.88%,5.21%,3.06%,3.06%,0,2.60%,-45.38%,,,,,,,,,,,,
,,,,,,,,,,,,,,,,,,2024,9/27/2024,$                                                       60.23,,,,,,,,,,5.06%,$             60.23,3.05,171.13,51.82,117.25,7%,184%,1.78%,5.88%,5.06%,0.05%,0.05%,0,2.60%,-43.73%,,,,,,,,,,,,
,,,,,,,,,,,,,,,,,,2024,9/30/2024,$                                                       59.82,,,,,,,,,,5.09%,$             59.82,3.05,171.13,51.82,117.25,7%,186%,1.78%,5.88%,5.09%,0.74%,0.74%,0,2.60%,-44.11%,,,,,,,,,,,,
,,,,,,,,,,,,,,,,,,2024,10/1/2024,$                                                        60.13,,,,,,,,,,5.07%,$              60.13,3.05,171.13,51.82,117.25,7%,185%,1.78%,5.88%,5.07%,0.22%,0.22%,0,2.60%,-43.82%,,,,,,,,,,,,
,,,,,,,,,,,,,,,,,,2024,10/2/2024,$                                                       59.05,,,,,,,,,,5.16%,$             59.05,3.05,171.13,51.82,117.25,6%,190%,1.78%,5.88%,5.16%,2.05%,2.05%,0,2.60%,-44.83%,,,,,,,,,,,,
,,,,,,,,,,,,,,,,,,2024,10/3/2024,$                                                       58.59,,,,,,,,,,5.20%,$             58.59,3.05,171.13,51.82,117.25,6%,192%,1.78%,5.88%,5.20%,2.85%,2.85%,0,2.60%,-45.26%,,,,,,,,,,,,
,,,,,,,,,,,,,,,,,,2024,10/4/2024,$                                                       59.75,,,,,,,,,,5.10%,$             59.75,3.05,171.13,51.82,117.25,7%,186%,1.78%,5.88%,5.10%,0.85%,0.85%,0,2.60%,-44.18%,,,,,,,,,,,,
,,,,,,,,,,,,,,,,,,2024,10/7/2024,$                                                       58.98,,,,,,,,,,5.17%,$             58.98,3.05,171.13,51.82,117.25,6%,190%,1.78%,5.88%,5.17%,2.17%,2.17%,0,2.60%,-44.90%,,,,,,,,,,,,
,,,,,,,,,,,,,,,,,,2024,10/8/2024,$                                                       58.80,,,,,,,,,,5.18%,$             58.80,3.05,171.13,51.82,117.25,6%,191%,1.78%,5.88%,5.18%,2.48%,2.48%,0,2.60%,-45.07%,,,,,,,,,,,,
,,,,,,,,,,,,,,,,,,2024,10/9/2024,$                                                        59.15,,,,,,,,,,5.15%,$              59.15,3.05,171.13,51.82,117.25,6%,189%,1.78%,5.88%,5.15%,1.88%,1.88%,0,2.60%,-44.74%,,,,,,,,,,,,
,,,,,,,,,,,,,,,,,,2024,10/10/2024,$                                                        59.15,,,,,,,,,,5.15%,$              59.15,3.05,171.13,51.82,117.25,6%,189%,1.78%,5.88%,5.15%,1.88%,1.88%,0,2.60%,-44.74%,,,,,,,,,,,,
,,,,,,,,,,,,,,,,,,2024,10/11/2024,$                                                       60.50,,,,,,,,,,5.04%,$             60.50,3.05,171.13,51.82,117.25,7%,183%,1.78%,5.88%,5.04%,-0.40%,-0.40%,0,2.60%,-43.48%,,,,,,,,,,,,
,,,,,,,,,,,,,,,,,,2024,10/15/2024,$                                                        60.51,,,,,,,,,,5.04%,$              60.51,3.05,171.13,51.82,117.25,7%,183%,1.78%,5.88%,5.04%,-0.41%,-0.41%,0,2.60%,-43.47%,,,,,,,,,,,,
,,,,,,,,,,,,,,,,,,2024,10/16/2024,$                                                        61.59,,,,,,,,,,4.95%,$              61.59,3.05,171.13,51.82,117.25,8%,178%,1.78%,5.88%,4.95%,-2.16%,-2.16%,0,2.60%,-42.46%,,,,,,,,,,,,
,,,,,,,,,,,,,,,,,,2024,10/17/2024,$                                                       62.69,,,,,,,,,,4.86%,$             62.69,3.05,171.13,51.82,117.25,9%,173%,1.78%,5.88%,4.86%,-3.88%,-3.88%,0,2.60%,-41.43%,,,,,,,,,,,,
,,,,,,,,,,,,,,,,,,2024,10/18/2024,$                                                        61.62,,,,,,,,,,4.94%,$              61.62,3.05,171.13,51.82,117.25,8%,178%,1.78%,5.88%,4.94%,-2.21%,-2.21%,0,2.60%,-42.43%,,,,,,,,,,,,
,,,,,,,,,,,,,,,,,,2024,10/21/2024,$                                                       60.59,,,,,,,,,,5.03%,$             60.59,3.05,171.13,51.82,117.25,7%,182%,1.78%,5.88%,5.03%,-0.54%,-0.54%,0,2.60%,-43.39%,,,,,,,,,,,,
,,,,,,,,,,,,,,,,,,2024,10/22/2024,$                                                        61.43,,,,,,,,,,4.96%,$              61.43,3.05,171.13,51.82,117.25,8%,179%,1.78%,5.88%,4.96%,-1.90%,-1.90%,0,2.60%,-42.61%,,,,,,,,,,,,
,,,,,,,,,,,,,,,,,,2024,10/23/2024,$                                                       62.35,,,,,,,,,,4.89%,$             62.35,3.05,171.13,51.82,117.25,9%,174%,1.78%,5.88%,4.89%,-3.35%,-3.35%,0,2.60%,-41.75%,,,,,,,,,,,,
,,,,,,,,,,,,,,,,,,2024,10/24/2024,$                                                        61.94,,,,,,,,,,4.92%,$              61.94,3.05,171.13,51.82,117.25,8%,176%,1.78%,5.88%,4.92%,-2.71%,-2.71%,0,2.60%,-42.13%,,,,,,,,,,,,
,,,,,,,,,,,,,,,,,,2024,10/25/2024,$                                                        61.37,,,,,,,,,,4.96%,$              61.37,3.05,171.13,51.82,117.25,8%,179%,1.78%,5.88%,4.96%,-1.81%,-1.81%,0,2.60%,-42.67%,,,,,,,,,,,,
,,,,,,,,,,,,,,,,,,2024,10/28/2024,$                                                       60.54,,,,,,,,,,5.03%,$             60.54,3.05,171.13,51.82,117.25,7%,183%,1.78%,5.88%,5.03%,-0.46%,-0.46%,0,2.60%,-43.44%,,,,,,,,,,,,
,,,,,,,,,,,,,,,,,,2024,10/29/2024,$                                                       59.44,,,,,,,,,,5.13%,$             59.44,3.05,171.13,51.82,117.25,6%,188%,1.78%,5.88%,5.13%,1.38%,1.38%,0,2.60%,-44.47%,,,,,,,,,,,,
,,,,,,,,,,,,,,,,,,2024,10/30/2024,$                                                       60.50,,,,,,,,,,5.04%,$             60.50,3.05,171.13,51.82,117.25,7%,183%,1.78%,5.88%,5.04%,-0.40%,-0.40%,0,2.60%,-43.48%,,,,,,,,,,,,
,,,,,,,,,,,,,,,,,,2024,10/31/2024,$                                                       60.80,,,,,,,,,,5.01%,$             60.80,3.05,171.13,51.82,117.25,8%,181%,1.78%,5.88%,5.01%,-0.89%,-0.89%,0,2.60%,-43.20%,,,,,,,,,,,,
,,,,,,,,,,,,,,,,,,2024,11/1/2024,$                                                       60.03,,,,,,,,,,5.08%,$             60.03,3.05,171.13,51.82,117.25,7%,185%,1.78%,5.88%,5.08%,0.38%,0.38%,0,2.60%,-43.92%,,,,,,,,,,,,
,,,,,,,,,,,,,,,,,,2024,11/4/2024,$                                                        61.68,,,,,,,,,,4.94%,$              61.68,3.05,171.13,51.82,117.25,8%,177%,1.78%,5.88%,4.94%,-2.30%,-2.30%,0,2.60%,-42.38%,,,,,,,,,,,,
,,,,,,,,,,,,,,,,,,2024,11/5/2024,$                                                        61.96,,,,,,,,,,4.92%,$              61.96,3.05,171.13,51.82,117.25,8%,176%,1.78%,5.88%,4.92%,-2.74%,-2.74%,0,2.60%,-42.12%,,,,,,,,,,,,
,,,,,,,,,,,,,,,,,,2024,11/6/2024,$                                                        61.56,,,,,,,,,,4.95%,$              61.56,3.05,171.13,51.82,117.25,8%,178%,1.78%,5.88%,4.95%,-2.11%,-2.11%,0,2.60%,-42.49%,,,,,,,,,,,,
,,,,,,,,,,,,,,,,,,2024,11/7/2024,$                                                        61.49,,,,,,,,,,4.96%,$              61.49,3.05,171.13,51.82,117.25,8%,178%,1.78%,5.88%,4.96%,-2.00%,-2.00%,0,2.60%,-42.55%,,,,,,,,,,,,
,,,,,,,,,,,,,,,,,,2024,11/8/2024,$                                                       62.40,,,,,,,,,,4.88%,$             62.40,3.05,171.13,51.82,117.25,9%,174%,1.78%,5.88%,4.88%,-3.43%,-3.43%,0,2.60%,-41.70%,,,,,,,,,,,,
,,,,,,,,,,,,,,,,,,2024,11/11/2024,$                                                       62.74,,,,,,,,,,4.86%,$             62.74,3.05,171.13,51.82,117.25,9%,173%,1.78%,5.88%,4.86%,-3.95%,-3.95%,0,2.60%,-41.39%,,,,,,,,,,,,
,,,,,,,,,,,,,,,,,,2024,11/12/2024,$                                                        62.17,,,,,,,,,,4.90%,$              62.17,3.05,171.13,51.82,117.25,9%,175%,1.78%,5.88%,4.90%,-3.07%,-3.07%,0,2.60%,-41.92%,,,,,,,,,,,,
,,,,,,,,,,,,,,,,,,2024,11/13/2024,$                                                        61.49,,,,,,,,,,4.96%,$              61.49,3.05,171.13,51.82,117.25,8%,178%,1.78%,5.88%,4.96%,-2.00%,-2.00%,0,2.60%,-42.55%,,,,,,,,,,,,
,,,,,,,,,,,,,,,,,,2024,11/14/2024,$                                                       60.66,,,,,,,,,,5.02%,$             60.66,3.05,171.13,51.82,117.25,7%,182%,1.78%,5.88%,5.02%,-0.66%,-0.66%,0,2.60%,-43.33%,,,,,,,,,,,,
,,,,,,,,,,,,,,,,,,2024,11/15/2024,$                                                       59.87,,,,,,,,,,5.09%,$             59.87,3.05,171.13,51.82,117.25,7%,186%,1.78%,5.88%,5.09%,0.65%,0.65%,0,2.60%,-44.07%,,,,,,,,,,,,
,,,,,,,,,,,,,,,,,,2024,11/18/2024,$                                                       60.35,,,,,,,,,,5.05%,$             60.35,3.05,171.13,51.82,117.25,7%,184%,1.78%,5.88%,5.05%,-0.15%,-0.15%,0,2.60%,-43.62%,,,,,,,,,,,,
,,,,,,,,,,,,,,,,,,2024,11/19/2024,$                                                       60.98,,,,,,,,,,5.00%,$             60.98,3.05,171.13,51.82,117.25,8%,181%,1.78%,5.88%,5.00%,-1.18%,-1.18%,0,2.60%,-43.03%,,,,,,,,,,,,
,,,,,,,,,,,,,,,,,,2024,11/20/2024,$                                                         61.13,,,,,,,,,,4.98%,$               61.13,3.05,171.13,51.82,117.25,8%,180%,1.78%,5.88%,4.98%,-1.42%,-1.42%,0,2.60%,-42.89%,,,,,,,,,,,,
,,,,,,,,,,,,,,,,,,2024,11/21/2024,$                                                       59.98,,,,,,,,,,5.08%,$             59.98,3.05,171.13,51.82,117.25,7%,185%,1.78%,5.88%,5.08%,0.47%,0.47%,0,2.60%,-43.96%,,,,,,,,,,,,
,,,,,,,,,,,,,,,,,,2024,11/22/2024,$                                                       60.04,,,,,,,,,,5.07%,$             60.04,3.05,171.13,51.82,117.25,7%,185%,1.78%,5.88%,5.07%,0.37%,0.37%,0,2.60%,-43.91%,,,,,,,,,,,,
,,,,,,,,,,,,,,,,,,2024,11/25/2024,$                                                        60.17,,,,,,,,,,5.06%,$              60.17,3.05,171.13,51.82,117.25,7%,184%,1.78%,5.88%,5.06%,0.15%,0.15%,0,2.60%,-43.79%,,,,,,,,,,,,
,,,,,,,,,,,,,,,,,,2024,11/26/2024,$                                                       59.25,,,,,,,,,,5.14%,$             59.25,3.05,171.13,51.82,117.25,6%,189%,1.78%,5.88%,5.14%,1.70%,1.70%,0,2.60%,-44.65%,,,,,,,,,,,,
,,,,,,,,,,,,,,,,,,2024,11/27/2024,$                                                       59.42,,,,,,,,,,5.13%,$             59.42,3.05,171.13,51.82,117.25,6%,188%,1.78%,5.88%,5.13%,1.41%,1.41%,0,2.60%,-44.49%,,,,,,,,,,,,
,,,,,,,,,,,,,,,,,,2024,11/28/2024,$                                                       59.59,,,,,,,,,,5.11%,$             59.59,3.05,171.13,51.82,117.25,7%,187%,1.78%,5.88%,5.11%,1.12%,1.12%,0,2.60%,-44.33%,,,,,,,,,,,,
,,,,,,,,,,,,,,,,,,2024,11/29/2024,$                                                        61.40,,,,,,,,,,4.96%,$              61.40,3.05,171.13,51.82,117.25,8%,179%,1.78%,5.88%,4.96%,-1.86%,-1.86%,0,2.60%,-42.64%,,,,,,,,,,,,
,,,,,,,,,,,,,,,,,,2024,12/2/2024,$                                                        61.62,,,,,,,,,,4.94%,$              61.62,3.05,171.13,51.82,117.25,8%,178%,1.78%,5.88%,4.94%,-2.21%,-2.21%,0,2.60%,-42.43%,,,,,,,,,,,,
,,,,,,,,,,,,,,,,,,2024,12/3/2024,$                                                       63.20,,,,,,,,,,4.82%,$             63.20,3.05,171.13,51.82,117.25,10%,171%,1.78%,5.88%,4.82%,-4.65%,-4.65%,0,2.60%,-40.96%,,,,,,,,,,,,
,,,,,,,,,,,,,,,,,,2024,12/4/2024,$                                                       64.00,,,,,,,,,,4.76%,$             64.00,3.05,171.13,51.82,117.25,10%,167%,1.78%,5.88%,4.76%,-5.84%,-5.84%,0,2.60%,-40.21%,,,,,,,,,,,,
,,,,,,,,,,,,,,,,,,2024,12/5/2024,$                                                        64.16,,,,,,,,,,4.75%,$              64.16,3.05,171.13,51.82,117.25,10%,167%,1.78%,5.88%,4.75%,-6.08%,-6.08%,0,2.60%,-40.06%,,,,,,,,,,,,
,,,,,,,,,,,,,,,,,,2024,12/6/2024,$                                                       64.73,,,,,,,,,,4.71%,$             64.73,3.05,171.13,51.82,117.25,11%,164%,1.78%,5.88%,4.71%,-6.91%,-6.91%,0,2.60%,-39.53%,,,,,,,,,,,,
,,,,,,,,,,,,,,,,,,2024,12/9/2024,$                                                       62.87,,,,,,,,,,4.85%,$             62.87,3.05,171.13,51.82,117.25,9%,172%,1.78%,5.88%,4.85%,-4.15%,-4.15%,0,2.60%,-41.26%,,,,,,,,,,,,
,,,,,,,,,,,,,,,,,,2024,12/10/2024,$                                                        62.61,,,,,,,,,,4.87%,$              62.61,3.05,171.13,51.82,117.25,9%,173%,1.78%,5.88%,4.87%,-3.75%,-3.75%,0,2.60%,-41.51%,,,,,,,,,,,,
,,,,,,,,,,,,,,,,,,2024,12/11/2024,$                                                        61.09,,,,,,,,,,4.99%,$              61.09,3.05,171.13,51.82,117.25,8%,180%,1.78%,5.88%,4.99%,-1.36%,-1.36%,0,2.60%,-42.93%,,,,,,,,,,,,
,,,,,,,,,,,,,,,,,,2024,12/12/2024,$                                                       60.72,,,,,,,,,,5.02%,$             60.72,3.05,171.13,51.82,117.25,7%,182%,1.78%,5.88%,5.02%,-0.76%,-0.76%,0,2.60%,-43.27%,,,,,,,,,,,,
,,,,,,,,,,,,,,,,,,2024,12/13/2024,$                                                       60.52,,,,,,,,,,5.03%,$             60.52,3.05,171.13,51.82,117.25,7%,183%,1.78%,5.88%,5.03%,-0.43%,-0.43%,0,2.60%,-43.46%,,,,,,,,,,,,
,,,,,,,,,,,,,,,,,,2024,12/16/2024,$                                                        59.10,,,,,,,,,,5.16%,$              59.10,3.05,171.13,51.82,117.25,6%,190%,1.78%,5.88%,5.16%,1.96%,1.96%,0,2.60%,-44.79%,,,,,,,,,,,,
,,,,,,,,,,,,,,,,,,2024,12/17/2024,$                                                       58.25,,,,,,,,,,5.23%,$             58.25,3.05,171.13,51.82,117.25,5%,194%,1.78%,5.88%,5.23%,3.45%,3.45%,0,2.60%,-45.58%,,,,,,,,,,,,
,,,,,,,,,,,,,,,,,,2024,12/18/2024,$                                                        57.91,,,,,,,,,,5.26%,$              57.91,3.05,171.13,51.82,117.25,5%,196%,1.78%,5.88%,5.26%,4.06%,4.06%,0,2.60%,-45.90%,,,,,,,,,,,,
,,,,,,,,,,,,,,,,,,2024,12/19/2024,$                                                       57.28,,,,,,,,,,5.32%,$             57.28,3.05,171.13,51.82,117.25,5%,199%,1.78%,5.88%,5.32%,5.20%,5.20%,0,2.60%,-46.49%,,,,,,,,,,,,
,,,,,,,,,,,,,,,,,,2024,12/20/2024,$                                                       57.66,,,,,,,,,,5.28%,$             57.66,3.05,171.13,51.82,117.25,5%,197%,1.78%,5.88%,5.28%,4.51%,4.51%,0,2.60%,-46.13%,,,,,,,,,,,,
,,,,,,,,,,,,,,,,,,2024,12/23/2024,$                                                       57.70,,,,,,,,,,5.28%,$             57.70,3.05,171.13,51.82,117.25,5%,197%,1.78%,5.88%,5.28%,4.44%,4.44%,0,2.60%,-46.09%,,,,,,,,,,,,
,,,,,,,,,,,,,,,,,,2024,12/24/2024,$                                                       57.43,,,,,,,,,,5.31%,$             57.43,3.05,171.13,51.82,117.25,5%,198%,1.78%,5.88%,5.31%,4.93%,4.93%,0,2.60%,-46.35%,,,,,,,,,,,,
,,,,,,,,,,,,,,,,,,2024,12/27/2024,$                                                       57.46,,,,,,,,,,5.30%,$             57.46,3.05,171.13,51.82,117.25,5%,198%,1.78%,5.88%,5.30%,4.87%,4.87%,0,2.60%,-46.32%,,,,,,,,,,,,
,,,,,,,,,,,,,,,,,,2024,12/30/2024,$                                                       58.22,,,,,,,,,,5.23%,$             58.22,3.05,171.13,51.82,117.25,5%,194%,1.78%,5.88%,5.23%,3.50%,3.50%,0,2.60%,-45.61%,,,,,,,,,,,,
,,,,,,,,,,,,,,,,,,2024,12/31/2024,$                                                       58.97,,,,,,,,,,5.17%,$             58.97,3.05,171.13,51.82,117.25,6%,190%,1.78%,5.88%,5.17%,2.19%,2.19%,0,2.60%,-44.91%,,,,,,,,,,,,
,,,,,,,,,,,,,,,,,,2025,1/2/2025,$                                                       59.60,,,,,,,,,,5.11%,$             59.60,3.05,171.13,51.82,117.25,7%,187%,1.78%,5.88%,5.11%,1.11%,1.11%,0,2.60%,-44.32%,,,,,,,,,,,,
,,,,,,,,,,,,,,,,,,2025,1/3/2025,$                                                       59.86,,,,,,,,,,5.09%,$             59.86,3.05,171.13,51.82,117.25,7%,186%,1.78%,5.88%,5.09%,0.67%,0.67%,0,2.60%,-44.08%,,,,,,,,,,,,
,,,,,,,,,,,,,,,,,,2025,1/6/2025,$                                                          61.11,,,,,,,,,,4.99%,$                61.11,3.05,171.13,51.82,117.25,8%,180%,1.78%,5.88%,4.99%,-1.39%,-1.39%,0,2.60%,-42.91%,,,,,,,,,,,,
,,,,,,,,,,,,,,,,,,2025,1/7/2025,$                                                       62.28,,,,,,,,,,4.89%,$             62.28,3.05,171.13,51.82,117.25,9%,175%,1.78%,5.88%,4.89%,-3.24%,-3.24%,0,2.60%,-41.82%,,,,,,,,,,,,
,,,,,,,,,,,,,,,,,,2025,1/8/2025,$                                                       60.45,,,,,,,,,,5.04%,$             60.45,3.05,171.13,51.82,117.25,7%,183%,1.78%,5.88%,5.04%,-0.31%,-0.31%,0,2.60%,-43.53%,,,,,,,,,,,,
,,,,,,,,,,,,,,,,,,2025,1/9/2025,$                                                       60.25,,,,,,,,,,5.06%,$             60.25,3.05,171.13,51.82,117.25,7%,184%,1.78%,5.88%,5.06%,0.02%,0.02%,0,2.60%,-43.71%,,,,,,,,,,,,
,,,,,,,,,,,,,,,,,,2025,1/10/2025,$                                                       58.90,,,,,,,,,,5.17%,$             58.90,3.05,171.13,51.82,117.25,6%,191%,1.78%,5.88%,5.17%,2.31%,2.31%,0,2.60%,-44.97%,,,,,,,,,,,,
,,,,,,,,,,,,,,,,,,2025,1/13/2025,$                                                       58.90,,,,,,,,,,5.17%,$             58.90,3.05,171.13,51.82,117.25,6%,191%,1.78%,5.88%,5.17%,2.31%,2.31%,0,2.60%,-44.97%,,,,,,,,,,,,
,,,,,,,,,,,,,,,,,,2025,1/14/2025,$                                                       54.48,,,,,,,,,,5.59%,$             54.48,3.05,171.13,51.82,117.25,2%,214%,1.78%,5.88%,5.59%,10.61%,10.61%,0,2.60%,-49.10%,,,,,,,,,,,,
,,,,,,,,,,,,,,,,,,2025,1/15/2025,$                                                       53.93,,,,,,,,,,5.65%,$             53.93,3.05,171.13,51.82,117.25,2%,217%,1.78%,5.88%,5.65%,11.74%,11.74%,0,2.60%,-49.62%,,,,,,,,,,,,
,,,,,,,,,,,,,,,,,,2025,1/16/2025,$                                                       53.55,,,,,,,,,,5.69%,$             53.55,3.05,171.13,51.82,117.25,1%,220%,1.78%,5.88%,5.69%,12.53%,12.53%,0,2.60%,-49.97%,,,,,,,,,,,,
,,,,,,,,,,,,,,,,,,2025,1/17/2025,$                                                       53.62,,,,,,,,,,5.68%,$             53.62,3.05,171.13,51.82,117.25,2%,219%,1.78%,5.88%,5.68%,12.38%,12.38%,0,2.60%,-49.91%,,,,,,,,,,,,
,,,,,,,,,,,,,,,,,,2025,1/20/2025,$                                                        54.12,,,,,,,,,,5.63%,$              54.12,3.05,171.13,51.82,117.25,2%,216%,1.78%,5.88%,5.63%,11.35%,11.35%,0,2.60%,-49.44%,,,,,,,,,,,,
,,,,,,,,,,,,,,,,,,2025,1/21/2025,$                                                        53.17,,,,,,,,,,5.73%,$              53.17,3.05,171.13,51.82,117.25,1%,222%,1.78%,5.88%,5.73%,13.33%,13.33%,0,2.60%,-50.33%,,,,,,,,,,,,
,,,,,,,,,,,,,,,,,,2025,1/22/2025,$                                                       52.88,,,,,,,,,,5.76%,$             52.88,3.05,171.13,51.82,117.25,1%,224%,1.78%,5.88%,5.76%,13.96%,13.96%,0,2.60%,-50.60%,,,,,,,,,,,,
,,,,,,,,,,,,,,,,,,2025,1/23/2025,$                                                       53.55,,,,,,,,,,5.69%,$             53.55,3.05,171.13,51.82,117.25,1%,220%,1.78%,5.88%,5.69%,12.53%,12.53%,0,2.60%,-49.97%,,,,,,,,,,,,
,,,,,,,,,,,,,,,,,,2025,1/24/2025,$                                                       54.05,,,,,,,,,,5.64%,$             54.05,3.05,171.13,51.82,117.25,2%,217%,1.78%,5.88%,5.64%,11.49%,11.49%,0,2.60%,-49.50%,,,,,,,,,,,,
,,,,,,,,,,,,,,,,,,2025,1/27/2025,$                                                       53.04,,,,,,,,,,5.74%,$             53.04,3.05,171.13,51.82,117.25,1%,223%,1.78%,5.88%,5.74%,13.61%,13.61%,0,2.60%,-50.45%,,,,,,,,,,,,
,,,,,,,,,,,,,,,,,,2025,1/28/2025,$                                                       53.54,,,,,,,,,,5.69%,$             53.54,3.05,171.13,51.82,117.25,1%,220%,1.78%,5.88%,5.69%,12.55%,12.55%,0,2.60%,-49.98%,,,,,,,,,,,,
,,,,,,,,,,,,,,,,,,2025,1/29/2025,$                                                       53.03,,,,,,,,,,5.75%,$             53.03,3.05,171.13,51.82,117.25,1%,223%,1.78%,5.88%,5.75%,13.63%,13.63%,0,2.60%,-50.46%,,,,,,,,,,,,
,,,,,,,,,,,,,,,,,,2025,1/30/2025,$                                                       53.87,,,,,,,,,,5.66%,$             53.87,3.05,171.13,51.82,117.25,2%,218%,1.78%,5.88%,5.66%,11.86%,11.86%,0,2.60%,-49.67%,,,,,,,,,,,,
,,,,,,,,,,,,,,,,,,2025,1/31/2025,$                                                       53.28,,,,,,,,,,5.72%,$             53.28,3.05,171.13,51.82,117.25,1%,221%,1.78%,5.88%,5.72%,13.10%,13.10%,0,2.60%,-50.22%,,,,,,,,,,,,
,,,,,,,,,,,,,,,,,,2025,2/3/2025,$                                                        51.98,,,,,,,,,,5.86%,$              51.98,3.05,171.13,51.82,117.25,0%,229%,1.78%,5.88%,5.86%,15.93%,15.93%,0,2.60%,-51.44%,,,,,,,,,,,,
,,,,,,,,,,,,,,,,,,2025,2/4/2025,$                                                       54.72,,,,,,,,,,5.57%,$             54.72,3.05,171.13,51.82,117.25,2%,213%,1.78%,5.88%,5.57%,10.12%,10.12%,0,2.60%,-48.88%,,,,,,,,,,,,
,,,,,,,,,,,,,,,,,,2025,2/5/2025,$                                                       55.75,,,,,,,,,,5.47%,$             55.75,3.05,171.13,51.82,117.25,3%,207%,1.78%,5.88%,5.47%,8.09%,8.09%,0,2.60%,-47.92%,,,,,,,,,,,,
,,,,,,,,,,,,,,,,,,2025,2/6/2025,$                                                       54.93,,,,,,,,,,5.55%,$             54.93,3.05,171.13,51.82,117.25,3%,212%,1.78%,5.88%,5.55%,9.70%,9.70%,0,2.60%,-48.68%,,,,,,,,,,,,
,,,,,,,,,,,,,,,,,,2025,2/7/2025,$                                                       54.02,,,,,,,,,,5.64%,$             54.02,3.05,171.13,51.82,117.25,2%,217%,1.78%,5.88%,5.64%,11.55%,11.55%,0,2.60%,-49.53%,,,,,,,,,,,,
,,,,,,,,,,,,,,,,,,2025,2/10/2025,$                                                       54.20,,,,,,,,,,5.62%,$             54.20,3.05,171.13,51.82,117.25,2%,216%,1.78%,5.88%,5.62%,11.18%,11.18%,0,2.60%,-49.36%,,,,,,,,,,,,
,,,,,,,,,,,,,,,,,,2025,2/11/2025,$                                                       54.44,,,,,,,,,,5.60%,$             54.44,3.05,171.13,51.82,117.25,2%,214%,1.78%,5.88%,5.60%,10.69%,10.69%,0,2.60%,-49.14%,,,,,,,,,,,,
,,,,,,,,,,,,,,,,,,2025,2/12/2025,$                                                       55.00,,,,,,,,,,5.54%,$             55.00,3.05,171.13,51.82,117.25,3%,211%,1.78%,5.88%,5.54%,9.56%,9.56%,0,2.60%,-48.62%,,,,,,,,,,,,
,,,,,,,,,,,,,,,,,,2025,2/13/2025,$                                                       55.39,,,,,,,,,,5.50%,$             55.39,3.05,171.13,51.82,117.25,3%,209%,1.78%,5.88%,5.50%,8.79%,8.79%,0,2.60%,-48.25%,,,,,,,,,,,,
,,,,,,,,,,,,,,,,,,2025,2/14/2025,$                                                       57.22,,,,,,,,,,5.33%,$             57.22,3.05,171.13,51.82,117.25,5%,199%,1.78%,5.88%,5.33%,5.31%,5.31%,0,2.60%,-46.54%,,,,,,,,,,,,
,,,,,,,,,,,,,,,,,,2025,2/18/2025,$                                                       58.09,,,,,,,,,,5.25%,$             58.09,3.05,171.13,51.82,117.25,5%,195%,1.78%,5.88%,5.25%,3.74%,3.74%,0,2.60%,-45.73%,,,,,,,,,,,,
,,,,,,,,,,,,,,,,,,2025,2/19/2025,$                                                       58.35,,,,,,,,,,5.22%,$             58.35,3.05,171.13,51.82,117.25,5%,193%,1.78%,5.88%,5.22%,3.27%,3.27%,0,2.60%,-45.49%,,,,,,,,,,,,
,,,,,,,,,,,,,,,,,,2025,2/20/2025,$                                                       58.68,,,,,,,,,,5.19%,$             58.68,3.05,171.13,51.82,117.25,6%,192%,1.78%,5.88%,5.19%,2.69%,2.69%,0,2.60%,-45.18%,,,,,,,,,,,,
,,,,,,,,,,,,,,,,,,2025,2/21/2025,$                                                       58.36,,,,,,,,,,5.22%,$             58.36,3.05,171.13,51.82,117.25,5%,193%,1.78%,5.88%,5.22%,3.26%,3.26%,0,2.60%,-45.48%,,,,,,,,,,,,
,,,,,,,,,,,,,,,,,,2025,2/24/2025,$                                                       60.35,,,,,,,,,,5.05%,$             60.35,3.05,171.13,51.82,117.25,7%,184%,1.78%,5.88%,5.05%,-0.15%,-0.15%,0,2.60%,-43.62%,,,,,,,,,,,,
,,,,,,,,,,,,,,,,,,2025,2/25/2025,$                                                       60.75,,,,,,,,,,5.02%,$             60.75,3.05,171.13,51.82,117.25,7%,182%,1.78%,5.88%,5.02%,-0.81%,-0.81%,0,2.60%,-43.25%,,,,,,,,,,,,
,,,,,,,,,,,,,,,,,,2025,2/26/2025,$                                                       60.93,,,,,,,,,,5.00%,$             60.93,3.05,171.13,51.82,117.25,8%,181%,1.78%,5.88%,5.00%,-1.10%,-1.10%,0,2.60%,-43.08%,,,,,,,,,,,,
,,,,,,,,,,,,,,,,,,2025,2/27/2025,$                                                       60.34,,,,,,,,,,5.05%,$             60.34,3.05,171.13,51.82,117.25,7%,184%,1.78%,5.88%,5.05%,-0.13%,-0.13%,0,2.60%,-43.63%,,,,,,,,,,,,
,,,,,,,,,,,,,,,,,,2025,2/28/2025,$                                                       59.00,,,,,,,,,,5.16%,$             59.00,3.05,171.13,51.82,117.25,6%,190%,1.78%,5.88%,5.16%,2.14%,2.14%,0,2.60%,-44.88%,,,,,,,,,,,,
,,,,,,,,,,,,,,,,,,2025,3/3/2025,$                                                        58.31,,,,,,,,,,5.23%,$              58.31,3.05,171.13,51.82,117.25,5%,193%,1.78%,5.88%,5.23%,3.34%,3.34%,0,2.60%,-45.53%,,,,,,,,,,,,
,,,,,,,,,,,,,,,,,,2025,3/4/2025,$                                                       56.97,,,,,,,,,,5.35%,$             56.97,3.05,171.13,51.82,117.25,4%,200%,1.78%,5.88%,5.35%,5.77%,5.77%,0,2.60%,-46.78%,,,,,,,,,,,,
,,,,,,,,,,,,,,,,,,2025,3/5/2025,$                                                       59.35,,,,,,,,,,5.13%,$             59.35,3.05,171.13,51.82,117.25,6%,188%,1.78%,5.88%,5.13%,1.53%,1.53%,0,2.60%,-44.55%,,,,,,,,,,,,
,,,,,,,,,,,,,,,,,,2025,3/6/2025,$                                                        58.41,,,,,,,,,,5.22%,$              58.41,3.05,171.13,51.82,117.25,6%,193%,1.78%,5.88%,5.22%,3.17%,3.17%,0,2.60%,-45.43%,,,,,,,,,,,,
,,,,,,,,,,,,,,,,,,2025,3/7/2025,$                                                       59.77,,,,,,,,,,5.10%,$             59.77,3.05,171.13,51.82,117.25,7%,186%,1.78%,5.88%,5.10%,0.82%,0.82%,0,2.60%,-44.16%,,,,,,,,,,,,
,,,,,,,,,,,,,,,,,,2025,3/10/2025,$                                                       59.43,,,,,,,,,,5.13%,$             59.43,3.05,171.13,51.82,117.25,6%,188%,1.78%,5.88%,5.13%,1.40%,1.40%,0,2.60%,-44.48%,,,,,,,,,,,,
,,,,,,,,,,,,,,,,,,2025,3/11/2025,$                                                        61.08,,,,,,,,,,4.99%,$              61.08,3.05,171.13,51.82,117.25,8%,180%,1.78%,5.88%,4.99%,-1.34%,-1.34%,0,2.60%,-42.94%,,,,,,,,,,,,
,,,,,,,,,,,,,,,,,,2025,3/12/2025,$                                                       60.68,,,,,,,,,,5.02%,$             60.68,3.05,171.13,51.82,117.25,7%,182%,1.78%,5.88%,5.02%,-0.69%,-0.69%,0,2.60%,-43.31%,,,,,,,,,,,,
,,,,,,,,,,,,,,,,,,2025,3/13/2025,$                                                        61.06,,,,,,,,,,4.99%,$              61.06,3.05,171.13,51.82,117.25,8%,180%,1.78%,5.88%,4.99%,-1.31%,-1.31%,0,2.60%,-42.96%,,,,,,,,,,,,
,,,,,,,,,,,,,,,,,,2025,3/14/2025,$                                                        61.79,,,,,,,,,,4.93%,$              61.79,3.05,171.13,51.82,117.25,8%,177%,1.78%,5.88%,4.93%,-2.48%,-2.48%,0,2.60%,-42.27%,,,,,,,,,,,,
,,,,,,,,,,,,,,,,,,2025,3/17/2025,$                                                       62.07,,,,,,,,,,4.91%,$             62.07,3.05,171.13,51.82,117.25,9%,176%,1.78%,5.88%,4.91%,-2.92%,-2.92%,0,2.60%,-42.01%,,,,,,,,,,,,
,,,,,,,,,,,,,,,,,,2025,3/18/2025,$                                                        61.44,,,,,,,,,,4.96%,$              61.44,3.05,171.13,51.82,117.25,8%,179%,1.78%,5.88%,4.96%,-1.92%,-1.92%,0,2.60%,-42.60%,,,,,,,,,,,,
,,,,,,,,,,,,,,,,,,2025,3/19/2025,$                                                        61.64,,,,,,,,,,4.94%,$              61.64,3.05,171.13,51.82,117.25,8%,178%,1.78%,5.88%,4.94%,-2.24%,-2.24%,0,2.60%,-42.41%,,,,,,,,,,,,
,,,,,,,,,,,,,,,,,,2025,3/20/2025,$                                                       59.78,,,,,,,,,,5.10%,$             59.78,3.05,171.13,51.82,117.25,7%,186%,1.78%,5.88%,5.10%,0.80%,0.80%,0,2.60%,-44.15%,,,,,,,,,,,,
,,,,,,,,,,,,,,,,,,2025,3/21/2025,$                                                         60.11,,,,,,,,,,5.07%,$               60.11,3.05,171.13,51.82,117.25,7%,185%,1.78%,5.88%,5.07%,0.25%,0.25%,0,2.60%,-43.84%,,,,,,,,,,,,
,,,,,,,,,,,,,,,,,,2025,3/24/2025,$                                                       60.43,,,,,,,,,,5.04%,$             60.43,3.05,171.13,51.82,117.25,7%,183%,1.78%,5.88%,5.04%,-0.28%,-0.28%,0,2.60%,-43.54%,,,,,,,,,,,,
,,,,,,,,,,,,,,,,,,2025,3/25/2025,$                                                       60.60,,,,,,,,,,5.03%,$             60.60,3.05,171.13,51.82,117.25,7%,182%,1.78%,5.88%,5.03%,-0.56%,-0.56%,0,2.60%,-43.39%,,,,,,,,,,,,
,,,,,,,,,,,,,,,,,,2025,3/26/2025,$                                                       60.88,,,,,,,,,,5.00%,$             60.88,3.05,171.13,51.82,117.25,8%,181%,1.78%,5.88%,5.00%,-1.02%,-1.02%,0,2.60%,-43.12%,,,,,,,,,,,,
,,,,,,,,,,,,,,,,,,2025,3/27/2025,$                                                        62.12,,,,,,,,,,4.91%,$              62.12,3.05,171.13,51.82,117.25,9%,175%,1.78%,5.88%,4.91%,-2.99%,-2.99%,0,2.60%,-41.97%,,,,,,,,,,,,
,,,,,,,,,,,,,,,,,,2025,3/28/2025,$                                                        61.80,,,,,,,,,,4.93%,$              61.80,3.05,171.13,51.82,117.25,8%,177%,1.78%,5.88%,4.93%,-2.49%,-2.49%,0,2.60%,-42.26%,,,,,,,,,,,,
,,,,,,,,,,,,,,,,,,2025,3/31/2025,$                                                       63.48,,,,,,,,,,4.80%,$             63.48,3.05,171.13,51.82,117.25,10%,170%,1.78%,5.88%,4.80%,-5.07%,-5.07%,0,2.60%,-40.70%,,,,,,,,,,,,
,,,,,,,,,,,,,,,,,,2025,4/1/2025,$                                                       62.60,,,,,,,,,,4.87%,$             62.60,3.05,171.13,51.82,117.25,9%,173%,1.78%,5.88%,4.87%,-3.74%,-3.74%,0,2.60%,-41.52%,,,,,,,,,,,,
,,,,,,,,,,,,,,,,,,2025,4/2/2025,$                                                       62.28,,,,,,,,,,4.89%,$             62.28,3.05,171.13,51.82,117.25,9%,175%,1.78%,5.88%,4.89%,-3.24%,-3.24%,0,2.60%,-41.82%,,,,,,,,,,,,
,,,,,,,,,,,,,,,,,,2025,4/3/2025,$                                                        62.15,,,,,,,,,,4.90%,$              62.15,3.05,171.13,51.82,117.25,9%,175%,1.78%,5.88%,4.90%,-3.04%,-3.04%,0,2.60%,-41.94%,,,,,,,,,,,,
,,,,,,,,,,,,,,,,,,2025,4/4/2025,$                                                       59.77,,,,,,,,,,5.10%,$             59.77,3.05,171.13,51.82,117.25,7%,186%,1.78%,5.88%,5.10%,0.82%,0.82%,0,2.60%,-44.16%,,,,,,,,,,,,
,,,,,,,,,,,,,,,,,,2025,4/7/2025,$                                                       59.33,,,,,,,,,,5.14%,$             59.33,3.05,171.13,51.82,117.25,6%,188%,1.78%,5.88%,5.14%,1.57%,1.57%,0,2.60%,-44.57%,,,,,,,,,,,,
,,,,,,,,,,,,,,,,,,2025,4/8/2025,$                                                        59.81,,,,,,,,,,5.09%,$              59.81,3.05,171.13,51.82,117.25,7%,186%,1.78%,5.88%,5.09%,0.75%,0.75%,0,2.60%,-44.12%,,,,,,,,,,,,
,,,,,,,,,,,,,,,,,,2025,4/9/2025,$                                                       60.07,,,,,,,,,,5.07%,$             60.07,3.05,171.13,51.82,117.25,7%,185%,1.78%,5.88%,5.07%,0.32%,0.32%,0,2.60%,-43.88%,,,,,,,,,,,,
,,,,,,,,,,,,,,,,,,2025,4/10/2025,$                                                       54.98,,,,,,,,,,5.54%,$             54.98,3.05,171.13,51.82,117.25,3%,211%,1.78%,5.88%,5.54%,9.60%,9.60%,0,2.60%,-48.64%,,,,,,,,,,,,
,,,,,,,,,,,,,,,,,,2025,4/11/2025,$                                                        55.14,,,,,,,,,,5.53%,$              55.14,3.05,171.13,51.82,117.25,3%,210%,1.78%,5.88%,5.53%,9.29%,9.29%,0,2.60%,-48.49%,,,,,,,,,,,,
,,,,,,,,,,,,,,,,,,2025,4/14/2025,$                                                        59.12,,,,,,,,,,5.15%,$              59.12,3.05,171.13,51.82,117.25,6%,189%,1.78%,5.88%,5.15%,1.93%,1.93%,0,2.60%,-44.77%,,,,,,,,,,,,
,,,,,,,,,,,,,,,,,,2025,4/15/2025,$                                                       59.55,,,,,,,,,,5.12%,$             59.55,3.05,171.13,51.82,117.25,6%,187%,1.78%,5.88%,5.12%,1.19%,1.19%,0,2.60%,-44.37%,,,,,,,,,,,,
,,,,,,,,,,,,,,,,,,2025,4/16/2025,$                                                        60.10,,,,,,,,,,5.07%,$              60.10,3.05,171.13,51.82,117.25,7%,185%,1.78%,5.88%,5.07%,0.27%,0.27%,0,2.60%,-43.85%,,,,,,,,,,,,
,,,,,,,,,,,,,,,,,,2025,4/17/2025,$                                                       60.85,,,,,,,,,,5.01%,$             60.85,3.05,171.13,51.82,117.25,8%,181%,1.78%,5.88%,5.01%,-0.97%,-0.97%,0,2.60%,-43.15%,,,,,,,,,,,,
,,,,,,,,,,,,,,,,,,2025,4/21/2025,$                                                         62.11,,,,,,,,,,4.91%,$               62.11,3.05,171.13,51.82,117.25,9%,176%,1.78%,5.88%,4.91%,-2.98%,-2.98%,0,2.60%,-41.97%,,,,,,,,,,,,
,,,,,,,,,,,,,,,,,,2025,4/22/2025,$                                                       62.39,,,,,,,,,,4.88%,$             62.39,3.05,171.13,51.82,117.25,9%,174%,1.78%,5.88%,4.88%,-3.41%,-3.41%,0,2.60%,-41.71%,,,,,,,,,,,,
,,,,,,,,,,,,,,,,,,2025,4/23/2025,$                                                        61.23,,,,,,,,,,4.98%,$              61.23,3.05,171.13,51.82,117.25,8%,179%,1.78%,5.88%,4.98%,-1.58%,-1.58%,0,2.60%,-42.80%,,,,,,,,,,,,
,,,,,,,,,,,,,,,,,,2025,4/24/2025,$                                                        61.35,,,,,,,,,,4.97%,$              61.35,3.05,171.13,51.82,117.25,8%,179%,1.78%,5.88%,4.97%,-1.78%,-1.78%,0,2.60%,-42.68%,,,,,,,,,,,,
,,,,,,,,,,,,,,,,,,2025,4/25/2025,$                                                        61.48,,,,,,,,,,4.96%,$              61.48,3.05,171.13,51.82,117.25,8%,178%,1.78%,5.88%,4.96%,-1.98%,-1.98%,0,2.60%,-42.56%,,,,,,,,,,,,
,,,,,,,,,,,,,,,,,,2025,4/28/2025,$                                                       62.00,,,,,,,,,,4.91%,$             62.00,3.05,171.13,51.82,117.25,9%,176%,1.78%,5.88%,4.91%,-2.81%,-2.81%,0,2.60%,-42.08%,,,,,,,,,,,,
,,,,,,,,,,,,,,,,,,2025,4/29/2025,$                                                       62.72,,,,,,,,,,4.86%,$             62.72,3.05,171.13,51.82,117.25,9%,173%,1.78%,5.88%,4.86%,-3.92%,-3.92%,0,2.60%,-41.41%,,,,,,,,,,,,
,,,,,,,,,,,,,,,,,,2025,4/30/2025,$                                                        64.12,,,,,,,,,,4.75%,$              64.12,3.05,171.13,51.82,117.25,10%,167%,1.78%,5.88%,4.75%,-6.02%,-6.02%,0,2.60%,-40.10%,,,,,,,,,,,,
,,,,,,,,,,,,,,,,,,2025,5/1/2025,$                                                        63.15,,,,,,,,,,4.83%,$              63.15,3.05,171.13,51.82,117.25,9%,171%,1.78%,5.88%,4.83%,-4.58%,-4.58%,0,2.60%,-41.00%,,,,,,,,,,,,
,,,,,,,,,,,,,,,,,,2025,5/2/2025,$                                                       62.87,,,,,,,,,,4.85%,$             62.87,3.05,171.13,51.82,117.25,9%,172%,1.78%,5.88%,4.85%,-4.15%,-4.15%,0,2.60%,-41.26%,,,,,,,,,,,,
,,,,,,,,,,,,,,,,,,2025,5/5/2025,$                                                       62.54,,,,,,,,,,4.87%,$             62.54,3.05,171.13,51.82,117.25,9%,174%,1.78%,5.88%,4.87%,-3.65%,-3.65%,0,2.60%,-41.57%,,,,,,,,,,,,
,,,,,,,,,,,,,,,,,,2025,5/6/2025,$                                                       63.08,,,,,,,,,,4.83%,$             63.08,3.05,171.13,51.82,117.25,9%,171%,1.78%,5.88%,4.83%,-4.47%,-4.47%,0,2.60%,-41.07%,,,,,,,,,,,,
,,,,,,,,,,,,,,,,,,2025,5/7/2025,$                                                        64.12,,,,,,,,,,4.75%,$              64.12,3.05,171.13,51.82,117.25,10%,167%,1.78%,5.88%,4.75%,-6.02%,-6.02%,0,2.60%,-40.10%,,,,,,,,,,,,
,,,,,,,,,,,,,,,,,,2025,5/8/2025,$                                                        65.14,,,,,,,,,,4.68%,$              65.14,3.05,171.13,51.82,117.25,11%,163%,1.78%,5.88%,4.68%,-7.49%,-7.49%,0,2.60%,-39.14%,,,,,,,,,,,,
,,,,,,,,,,,,,,,,,,2025,5/9/2025,$                                                        65.71,,,,,,,,,,4.64%,$              65.71,3.05,171.13,51.82,117.25,12%,160%,1.78%,5.88%,4.64%,-8.29%,-8.29%,0,2.60%,-38.61%,,,,,,,,,,,,
,,,,,,,,,,,,,,,,,,2025,5/12/2025,$                                                       64.34,,,,,,,,,,4.74%,$             64.34,3.05,171.13,51.82,117.25,10%,166%,1.78%,5.88%,4.74%,-6.34%,-6.34%,0,2.60%,-39.89%,,,,,,,,,,,,
,,,,,,,,,,,,,,,,,,2025,5/13/2025,$                                                       63.38,,,,,,,,,,4.81%,$             63.38,3.05,171.13,51.82,117.25,10%,170%,1.78%,5.88%,4.81%,-4.92%,-4.92%,0,2.60%,-40.79%,,,,,,,,,,,,
,,,,,,,,,,,,,,,,,,2025,5/14/2025,$                                                       62.86,,,,,,,,,,4.85%,$             62.86,3.05,171.13,51.82,117.25,9%,172%,1.78%,5.88%,4.85%,-4.14%,-4.14%,0,2.60%,-41.27%,,,,,,,,,,,,
,,,,,,,,,,,,,,,,,,2025,5/15/2025,$                                                       64.44,,,,,,,,,,4.73%,$             64.44,3.05,171.13,51.82,117.25,11%,166%,1.78%,5.88%,4.73%,-6.49%,-6.49%,0,2.60%,-39.80%,,,,,,,,,,,,
,,,,,,,,,,,,,,,,,,2025,5/16/2025,$                                                       64.57,,,,,,,,,,4.72%,$             64.57,3.05,171.13,51.82,117.25,11%,165%,1.78%,5.88%,4.72%,-6.67%,-6.67%,0,2.60%,-39.68%,,,,,,,,,,,,
,,,,,,,,,,,,,,,,,,2025,5/20/2025,$                                                       64.76,,,,,,,,,,4.71%,$             64.76,3.05,171.13,51.82,117.25,11%,164%,1.78%,5.88%,4.71%,-6.95%,-6.95%,0,2.60%,-39.50%,,,,,,,,,,,,
,,,,,,,,,,,,,,,,,,2025,5/21/2025,$                                                       63.42,,,,,,,,,,4.80%,$             63.42,3.05,171.13,51.82,117.25,10%,170%,1.78%,5.88%,4.80%,-4.98%,-4.98%,0,2.60%,-40.75%,,,,,,,,,,,,
,,,,,,,,,,,,,,,,,,2025,5/22/2025,$                                                       64.22,,,,,,,,,,4.74%,$             64.22,3.05,171.13,51.82,117.25,10%,166%,1.78%,5.88%,4.74%,-6.17%,-6.17%,0,2.60%,-40.00%,,,,,,,,,,,,
,,,,,,,,,,,,,,,,,,2025,5/23/2025,$                                                       64.84,,,,,,,,,,4.70%,$             64.84,3.05,171.13,51.82,117.25,11%,164%,1.78%,5.88%,4.70%,-7.06%,-7.06%,0,2.60%,-39.42%,,,,,,,,,,,,
,,,,,,,,,,,,,,,,,,2025,5/26/2025,$                                                        64.61,,,,,,,,,,4.72%,$              64.61,3.05,171.13,51.82,117.25,11%,165%,1.78%,5.88%,4.72%,-6.73%,-6.73%,0,2.60%,-39.64%,,,,,,,,,,,,
,,,,,,,,,,,,,,,,,,2025,5/27/2025,$                                                       63.98,,,,,,,,,,4.76%,$             63.98,3.05,171.13,51.82,117.25,10%,167%,1.78%,5.88%,4.76%,-5.81%,-5.81%,0,2.60%,-40.23%,,,,,,,,,,,,
,,,,,,,,,,,,,,,,,,2025,5/28/2025,$                                                       63.82,,,,,,,,,,4.77%,$             63.82,3.05,171.13,51.82,117.25,10%,168%,1.78%,5.88%,4.77%,-5.58%,-5.58%,0,2.60%,-40.38%,,,,,,,,,,,,
,,,,,,,,,,,,,,,,,,2025,5/29/2025,$                                                        64.31,,,,,,,,,,4.74%,$              64.31,3.05,171.13,51.82,117.25,10%,166%,1.78%,5.88%,4.74%,-6.30%,-6.30%,0,2.60%,-39.92%,,,,,,,,,,,,
,,,,,,,,,,,,,,,,,,2025,5/30/2025,$                                                       65.59,,,,,,,,,,4.65%,$             65.59,3.05,171.13,51.82,117.25,12%,161%,1.78%,5.88%,4.65%,-8.13%,-8.13%,0,2.60%,-38.72%,,,,,,,,,,,,
,,,,,,,,,,,,,,,,,,2025,6/2/2025,$                                                       65.37,,,,,,,,,,4.66%,$             65.37,3.05,171.13,51.82,117.25,11%,162%,1.78%,5.88%,4.66%,-7.82%,-7.82%,0,2.60%,-38.93%,,,,,,,,,,,,
,,,,,,,,,,,,,,,,,,2025,6/3/2025,$                                                       65.90,,,,,,,,,,4.62%,$             65.90,3.05,171.13,51.82,117.25,12%,160%,1.78%,5.88%,4.62%,-8.56%,-8.56%,0,2.60%,-38.43%,,,,,,,,,,,,
,,,,,,,,,,,,,,,,,,2025,6/4/2025,$                                                       66.49,,,,,,,,,,4.58%,$             66.49,3.05,171.13,51.82,117.25,12%,157%,1.78%,5.88%,4.58%,-9.37%,-9.37%,0,2.60%,-37.88%,,,,,,,,,,,,
,,,,,,,,,,,,,,,,,,2025,6/5/2025,$                                                        66.13,,,,,,,,,,4.61%,$              66.13,3.05,171.13,51.82,117.25,12%,159%,1.78%,5.88%,4.61%,-8.88%,-8.88%,0,2.60%,-38.22%,,,,,,,,,,,,
,,,,,,,,,,,,,,,,,,2025,6/6/2025,$                                                       65.76,,,,,,,,,,4.63%,$             65.76,3.05,171.13,51.82,117.25,12%,160%,1.78%,5.88%,4.63%,-8.36%,-8.36%,0,2.60%,-38.57%,,,,,,,,,,,,
,,,,,,,,,,,,,,,,,,2025,6/9/2025,$                                                       65.53,,,,,,,,,,4.65%,$             65.53,3.05,171.13,51.82,117.25,11%,161%,1.78%,5.88%,4.65%,-8.04%,-8.04%,0,2.60%,-38.78%,,,,,,,,,,,,
,,,,,,,,,,,,,,,,,,2025,6/10/2025,$                                                       64.54,,,,,,,,,,4.72%,$             64.54,3.05,171.13,51.82,117.25,11%,165%,1.78%,5.88%,4.72%,-6.63%,-6.63%,0,2.60%,-39.70%,,,,,,,,,,,,
,,,,,,,,,,,,,,,,,,2025,6/11/2025,$                                                        65.10,,,,,,,,,,4.68%,$              65.10,3.05,171.13,51.82,117.25,11%,163%,1.78%,5.88%,4.68%,-7.43%,-7.43%,0,2.60%,-39.18%,,,,,,,,,,,,
,,,,,,,,,,,,,,,,,,2025,6/12/2025,$                                                       65.68,,,,,,,,,,4.64%,$             65.68,3.05,171.13,51.82,117.25,12%,161%,1.78%,5.88%,4.64%,-8.25%,-8.25%,0,2.60%,-38.64%,,,,,,,,,,,,
,,,,,,,,,,,,,,,,,,2025,6/13/2025,$                                                       64.50,,,,,,,,,,4.72%,$             64.50,3.05,171.13,51.82,117.25,11%,165%,1.78%,5.88%,4.72%,-6.57%,-6.57%,0,2.60%,-39.74%,,,,,,,,,,,,
,,,,,,,,,,,,,,,,,,2025,6/16/2025,$                                                       64.75,,,,,,,,,,4.71%,$             64.75,3.05,171.13,51.82,117.25,11%,164%,1.78%,5.88%,4.71%,-6.93%,-6.93%,0,2.60%,-39.51%,,,,,,,,,,,,
,,,,,,,,,,,,,,,,,,2025,6/17/2025,$                                                       64.82,,,,,,,,,,4.70%,$             64.82,3.05,171.13,51.82,117.25,11%,164%,1.78%,5.88%,4.70%,-7.03%,-7.03%,0,2.60%,-39.44%,,,,,,,,,,,,
,,,,,,,,,,,,,,,,,,2025,6/18/2025,$                                                       64.99,,,,,,,,,,4.69%,$             64.99,3.05,171.13,51.82,117.25,11%,163%,1.78%,5.88%,4.69%,-7.28%,-7.28%,0,2.60%,-39.28%,,,,,,,,,,,,
,,,,,,,,,,,,,,,,,,2025,6/19/2025,$                                                       64.95,,,,,,,,,,4.69%,$             64.95,3.05,171.13,51.82,117.25,11%,163%,1.78%,5.88%,4.69%,-7.22%,-7.22%,0,2.60%,-39.32%,,,,,,,,,,,,
,,,,,,,,,,,,,,,,,,2025,6/20/2025,$                                                       64.29,,,,,,,,,,4.74%,$             64.29,3.05,171.13,51.82,117.25,10%,166%,1.78%,5.88%,4.74%,-6.27%,-6.27%,0,2.60%,-39.94%,,,,,,,,,,,,
,,,,,,,,,,,,,,,,,,2025,6/23/2025,$                                                       65.50,,,,,,,,,,4.65%,$             65.50,3.05,171.13,51.82,117.25,11%,161%,1.78%,5.88%,4.65%,-8.00%,-8.00%,0,2.60%,-38.81%,,,,,,,,,,,,
,,,,,,,,,,,,,,,,,,2025,6/24/2025,$                                                       65.30,,,,,,,,,,4.67%,$             65.30,3.05,171.13,51.82,117.25,11%,162%,1.78%,5.88%,4.67%,-7.72%,-7.72%,0,2.60%,-38.99%,,,,,,,,,,,,
,,,,,,,,,,,,,,,,,,2025,6/25/2025,$                                                       64.90,,,,,,,,,,4.69%,$             64.90,3.05,171.13,51.82,117.25,11%,164%,1.78%,5.88%,4.69%,-7.15%,-7.15%,0,2.60%,-39.37%,,,,,,,,,,,,
,,,,,,,,,,,,,,,,,,2025,6/26/2025,$                                                       64.67,,,,,,,,,,4.71%,$             64.67,3.05,171.13,51.82,117.25,11%,165%,1.78%,5.88%,4.71%,-6.82%,-6.82%,0,2.60%,-39.58%,,,,,,,,,,,,
,,,,,,,,,,,,,,,,,,2025,6/27/2025,$                                                       64.85,,,,,,,,,,4.70%,$             64.85,3.05,171.13,51.82,117.25,11%,164%,1.78%,5.88%,4.70%,-7.08%,-7.08%,0,2.60%,-39.42%,,,,,,,,,,,,
,,,,,,,,,,,,,,,,,,2025,6/30/2025,$                                                       67.23,,,,,,,,,,4.53%,$             67.23,3.05,171.13,51.82,117.25,13%,155%,1.78%,5.88%,4.53%,-10.37%,-10.37%,0,2.60%,-37.19%,,,,,,,,,,,,
,,,,,,,,,,,,,,,,,,2025,7/2/2025,$                                                       68.26,,,,,,,,,,4.46%,$             68.26,3.05,171.13,51.82,117.25,14%,151%,1.78%,5.88%,4.46%,-11.72%,-11.72%,0,2.60%,-36.23%,,,,,,,,,,,,
,,,,,,,,,,,,,,,,,,2025,7/3/2025,$                                                       68.84,,,,,,,,,,4.43%,$             68.84,3.05,171.13,51.82,117.25,14%,149%,1.78%,5.88%,4.43%,-12.46%,-12.46%,0,2.60%,-35.69%,,,,,,,,,,,,
,,,,,,,,,,,,,,,,,,2025,7/4/2025,$                                                       68.86,,,,,,,,,,4.42%,$             68.86,3.05,171.13,51.82,117.25,14%,149%,1.78%,5.88%,4.42%,-12.49%,-12.49%,0,2.60%,-35.67%,,,,,,,,,,,,
,,,,,,,,,,,,,,,,,,2025,7/7/2025,$                                                       68.50,,,,,,,,,,4.45%,$             68.50,3.05,171.13,51.82,117.25,14%,150%,1.78%,5.88%,4.45%,-12.03%,-12.03%,0,2.60%,-36.01%,,,,,,,,,,,,
,,,,,,,,,,,,,,,,,,2025,7/8/2025,$                                                       68.63,,,,,,,,,,4.44%,$             68.63,3.05,171.13,51.82,117.25,14%,149%,1.78%,5.88%,4.44%,-12.20%,-12.20%,0,2.60%,-35.88%,,,,,,,,,,,,
,,,,,,,,,,,,,,,,,,2025,7/9/2025,$                                                       68.87,,,,,,,,,,4.42%,$             68.87,3.05,171.13,51.82,117.25,14%,148%,1.78%,5.88%,4.42%,-12.50%,-12.50%,0,2.60%,-35.66%,,,,,,,,,,,,
,,,,,,,,,,,,,,,,,,2025,7/10/2025,$                                                       68.94,,,,,,,,,,4.42%,$             68.94,3.05,171.13,51.82,117.25,14%,148%,1.78%,5.88%,4.42%,-12.59%,-12.59%,0,2.60%,-35.59%,,,,,,,,,,,,
,,,,,,,,,,,,,,,,,,2025,7/11/2025,$                                                       68.25,,,,,,,,,,4.46%,$             68.25,3.05,171.13,51.82,117.25,14%,151%,1.78%,5.88%,4.46%,-11.71%,-11.71%,0,2.60%,-36.24%,,,,,,,,,,,,
,,,,,,,,,,,,,,,,,,2025,7/14/2025,$                                                       68.00,,,,,,,,,,4.48%,$             68.00,3.05,171.13,51.82,117.25,14%,152%,1.78%,5.88%,4.48%,-11.38%,-11.38%,0,2.60%,-36.47%,,,,,,,,,,,,
,,,,,,,,,,,,,,,,,,2025,7/15/2025,$                                                        67.18,,,,,,,,,,4.54%,$              67.18,3.05,171.13,51.82,117.25,13%,155%,1.78%,5.88%,4.54%,-10.30%,-10.30%,0,2.60%,-37.24%,,,,,,,,,,,,
,,,,,,,,,,,,,,,,,,2025,7/16/2025,$                                                        61.27,,,,,,,,,,4.97%,$              61.27,3.05,171.13,51.82,117.25,8%,179%,1.78%,5.88%,4.97%,-1.65%,-1.65%,0,2.60%,-42.76%,,,,,,,,,,,,
,,,,,,,,,,,,,,,,,,2025,7/17/2025,$                                                        62.91,,,,,,,,,,4.84%,$              62.91,3.05,171.13,51.82,117.25,9%,172%,1.78%,5.88%,4.84%,-4.21%,-4.21%,0,2.60%,-41.23%,,,,,,,,,,,,
,,,,,,,,,,,,,,,,,,2025,7/18/2025,$                                                        61.64,,,,,,,,,,4.94%,$              61.64,3.05,171.13,51.82,117.25,8%,178%,1.78%,5.88%,4.94%,-2.24%,-2.24%,0,2.60%,-42.41%,,,,,,,,,,,,
,,,,,,,,,,,,,,,,,,2025,7/21/2025,$                                                        61.78,,,,,,,,,,4.93%,$              61.78,3.05,171.13,51.82,117.25,8%,177%,1.78%,5.88%,4.93%,-2.46%,-2.46%,0,2.60%,-42.28%,,,,,,,,,,,,
,,,,,,,,,,,,,,,,,,2025,7/22/2025,$                                                        61.48,,,,,,,,,,4.96%,$              61.48,3.05,171.13,51.82,117.25,8%,178%,1.78%,5.88%,4.96%,-1.98%,-1.98%,0,2.60%,-42.56%,,,,,,,,,,,,
,,,,,,,,,,,,,,,,,,2025,7/23/2025,$                                                       62.92,,,,,,,,,,4.84%,$             62.92,3.05,171.13,51.82,117.25,9%,172%,1.78%,5.88%,4.84%,-4.23%,-4.23%,0,2.60%,-41.22%,,,,,,,,,,,,
,,,,,,,,,,,,,,,,,,2025,7/24/2025,$                                                       62.56,,,,,,,,,,4.87%,$             62.56,3.05,171.13,51.82,117.25,9%,174%,1.78%,5.88%,4.87%,-3.68%,-3.68%,0,2.60%,-41.55%,,,,,,,,,,,,
,,,,,,,,,,,,,,,,,,2025,7/25/2025,$                                                        62.61,,,,,,,,,,4.87%,$              62.61,3.05,171.13,51.82,117.25,9%,173%,1.78%,5.88%,4.87%,-3.75%,-3.75%,0,2.60%,-41.51%,,,,,,,,,,,,
,,,,,,,,,,,,,,,,,,2025,7/28/2025,$                                                        61.96,,,,,,,,,,4.92%,$              61.96,3.05,171.13,51.82,117.25,8%,176%,1.78%,5.88%,4.92%,-2.74%,-2.74%,0,2.60%,-42.12%,,,,,,,,,,,,
,,,,,,,,,,,,,,,,,,2025,7/29/2025,$                                                        60.17,,,,,,,,,,5.06%,$              60.17,3.05,171.13,51.82,117.25,7%,184%,1.78%,5.88%,5.06%,0.15%,0.15%,0,2.60%,-43.79%,,,,,,,,,,,,
,,,,,,,,,,,,,,,,,,2025,7/30/2025,$                                                       59.63,,,,,,,,,,5.11%,$             59.63,3.05,171.13,51.82,117.25,7%,187%,1.78%,5.88%,5.11%,1.06%,1.06%,0,2.60%,-44.29%,,,,,,,,,,,,
,,,,,,,,,,,,,,,,,,2025,7/31/2025,$                                                       58.53,,,,,,,,,,5.21%,$             58.53,3.05,171.13,51.82,117.25,6%,192%,1.78%,5.88%,5.21%,2.96%,2.96%,0,2.60%,-45.32%,,,,,,,,,,,,
,,,,,,,,,,,,,,,,,,2025,8/1/2025,$                                                       58.86,,,,,,,,,,5.18%,$             58.86,3.05,171.13,51.82,117.25,6%,191%,1.78%,5.88%,5.18%,2.38%,2.38%,0,2.60%,-45.01%,,,,,,,,,,,,
,,,,,,,,,,,,,,,,,,2025,8/5/2025,$                                                        59.12,,,,,,,,,,5.15%,$              59.12,3.05,171.13,51.82,117.25,6%,189%,1.78%,5.88%,5.15%,1.93%,1.93%,0,2.60%,-44.77%,,,,,,,,,,,,
,,,,,,,,,,,,,,,,,,2025,8/6/2025,$                                                       58.47,,,,,,,,,,5.21%,$             58.47,3.05,171.13,51.82,117.25,6%,193%,1.78%,5.88%,5.21%,3.06%,3.06%,0,2.60%,-45.38%,,,,,,,,,,,,
,,,,,,,,,,,,,,,,,,2025,8/7/2025,$                                                        57.61,,,,,,,,,,5.29%,$              57.61,3.05,171.13,51.82,117.25,5%,197%,1.78%,5.88%,5.29%,4.60%,4.60%,0,2.60%,-46.18%,,,,,,,,,,,,
,,,,,,,,,,,,,,,,,,2025,8/8/2025,$                                                       57.27,,,,,,,,,,5.32%,$             57.27,3.05,171.13,51.82,117.25,5%,199%,1.78%,5.88%,5.32%,5.22%,5.22%,0,2.60%,-46.50%,,,,,,,,,,,,
,,,,,,,,,,,,,,,,,,2025,8/11/2025,$                                                        57.31,,,,,,,,,,5.32%,$              57.31,3.05,171.13,51.82,117.25,5%,199%,1.78%,5.88%,5.32%,5.15%,5.15%,0,2.60%,-46.46%,,,,,,,,,,,,
,,,,,,,,,,,,,,,,,,2025,8/12/2025,$                                                       58.05,,,,,,,,,,5.25%,$             58.05,3.05,171.13,51.82,117.25,5%,195%,1.78%,5.88%,5.25%,3.81%,3.81%,0,2.60%,-45.77%,,,,,,,,,,,,
,,,,,,,,,,,,,,,,,,2025,8/13/2025,$                                                       58.69,,,,,,,,,,5.19%,$             58.69,3.05,171.13,51.82,117.25,6%,192%,1.78%,5.88%,5.19%,2.68%,2.68%,0,2.60%,-45.17%,,,,,,,,,,,,
,,,,,,,,,,,,,,,,,,2025,8/14/2025,$                                                       58.97,,,,,,,,,,5.17%,$             58.97,3.05,171.13,51.82,117.25,6%,190%,1.78%,5.88%,5.17%,2.19%,2.19%,0,2.60%,-44.91%,,,,,,,,,,,,
,,,,,,,,,,,,,,,,,,2025,8/15/2025,$                                                       59.50,,,,,,,,,,5.12%,$             59.50,3.05,171.13,51.82,117.25,6%,188%,1.78%,5.88%,5.12%,1.28%,1.28%,0,2.60%,-44.41%,,,,,,,,,,,,
,,,,,,,,,,,,,,,,,,2025,8/18/2025,$                                                       58.49,,,,,,,,,,5.21%,$             58.49,3.05,171.13,51.82,117.25,6%,193%,1.78%,5.88%,5.21%,3.03%,3.03%,0,2.60%,-45.36%,,,,,,,,,,,,
,,,,,,,,,,,,,,,,,,2025,8/19/2025,$                                                       58.68,,,,,,,,,,5.19%,$             58.68,3.05,171.13,51.82,117.25,6%,192%,1.78%,5.88%,5.19%,2.69%,2.69%,0,2.60%,-45.18%,,,,,,,,,,,,
,,,,,,,,,,,,,,,,,,2025,8/20/2025,$                                                       58.65,,,,,,,,,,5.20%,$             58.65,3.05,171.13,51.82,117.25,6%,192%,1.78%,5.88%,5.20%,2.75%,2.75%,0,2.60%,-45.21%,,,,,,,,,,,,
,,,,,,,,,,,,,,,,,,2025,8/21/2025,$                                                       58.48,,,,,,,,,,5.21%,$             58.48,3.05,171.13,51.82,117.25,6%,193%,1.78%,5.88%,5.21%,3.04%,3.04%,0,2.60%,-45.37%,,,,,,,,,,,,
,,,,,,,,,,,,,,,,,,2025,8/22/2025,$                                                       58.54,,,,,,,,,,5.20%,$             58.54,3.05,171.13,51.82,117.25,6%,192%,1.78%,5.88%,5.20%,2.94%,2.94%,0,2.60%,-45.31%,,,,,,,,,,,,
,,,,,,,,,,,,,,,,,,2025,8/25/2025,$                                                       58.80,,,,,,,,,,5.18%,$             58.80,3.05,171.13,51.82,117.25,6%,191%,1.78%,5.88%,5.18%,2.48%,2.48%,0,2.60%,-45.07%,,,,,,,,,,,,
,,,,,,,,,,,,,,,,,,2025,8/26/2025,$                                                       59.03,,,,,,,,,,5.16%,$             59.03,3.05,171.13,51.82,117.25,6%,190%,1.78%,5.88%,5.16%,2.08%,2.08%,0,2.60%,-44.85%,,,,,,,,,,,,
,,,,,,,,,,,,,,,,,,2025,8/27/2025,$                                                       59.90,,,,,,,,,,5.09%,$             59.90,3.05,171.13,51.82,117.25,7%,186%,1.78%,5.88%,5.09%,0.60%,0.60%,0,2.60%,-44.04%,,,,,,,,,,,,
,,,,,,,,,,,,,,,,,,2025,8/28/2025,$                                                       59.89,,,,,,,,,,5.09%,$             59.89,3.05,171.13,51.82,117.25,7%,186%,1.78%,5.88%,5.09%,0.62%,0.62%,0,2.60%,-44.05%,,,,,,,,,,,,
,,,,,,,,,,,,,,,,,,2025,8/29/2025,$                                                       60.28,,,,,,,,,,5.05%,$             60.28,3.05,171.13,51.82,117.25,7%,184%,1.78%,5.88%,5.05%,-0.03%,-0.03%,0,2.60%,-43.68%,,,,,,,,,,,,
,,,,,,,,,,,,,,,,,,2025,9/2/2025,$                                                       60.42,,,,,,,,,,5.04%,$             60.42,3.05,171.13,51.82,117.25,7%,183%,1.78%,5.88%,5.04%,-0.26%,-0.26%,0,2.60%,-43.55%,,,,,,,,,,,,
,,,,,,,,,,,,,,,,,,2025,9/3/2025,$                                                       60.32,,,,,,,,,,5.05%,$             60.32,3.05,171.13,51.82,117.25,7%,184%,1.78%,5.88%,5.05%,-0.10%,-0.10%,0,2.60%,-43.65%,,,,,,,,,,,,
,,,,,,,,,,,,,,,,,,2025,9/4/2025,$                                                         61.19,,,,,,,,,,4.98%,$               61.19,3.05,171.13,51.82,117.25,8%,180%,1.78%,5.88%,4.98%,-1.52%,-1.52%,0,2.60%,-42.83%,,,,,,,,,,,,
,,,,,,,,,,,,,,,,,,2025,9/5/2025,$                                                        61.35,,,,,,,,,,4.97%,$              61.35,3.05,171.13,51.82,117.25,8%,179%,1.78%,5.88%,4.97%,-1.78%,-1.78%,0,2.60%,-42.68%,,,,,,,,,,,,
,,,,,,,,,,,,,,,,,,2025,9/8/2025,$                                                        61.07,,,,,,,,,,4.99%,$              61.07,3.05,171.13,51.82,117.25,8%,180%,1.78%,5.88%,4.99%,-1.33%,-1.33%,0,2.60%,-42.95%,,,,,,,,,,,,
,,,,,,,,,,,,,,,,,,2025,9/9/2025,$                                                       60.94,,,,,,,,,,5.00%,$             60.94,3.05,171.13,51.82,117.25,8%,181%,1.78%,5.88%,5.00%,-1.12%,-1.12%,0,2.60%,-43.07%,,,,,,,,,,,,
,,,,,,,,,,,,,,,,,,2025,9/10/2025,$                                                        61.38,,,,,,,,,,4.96%,$              61.38,3.05,171.13,51.82,117.25,8%,179%,1.78%,5.88%,4.96%,-1.82%,-1.82%,0,2.60%,-42.66%,,,,,,,,,,,,
,,,,,,,,,,,,,,,,,,2025,9/11/2025,$                                                        61.40,,,,,,,,,,4.96%,$              61.40,3.05,171.13,51.82,117.25,8%,179%,1.78%,5.88%,4.96%,-1.86%,-1.86%,0,2.60%,-42.64%,,,,,,,,,,,,
,,,,,,,,,,,,,,,,,,2025,9/12/2025,$                                                        61.80,,,,,,,,,,4.93%,$              61.80,3.05,171.13,51.82,117.25,8%,177%,1.78%,5.88%,4.93%,-2.49%,-2.49%,0,2.60%,-42.26%,,,,,,,,,,,,
,,,,,,,,,,,,,,,,,,2025,9/15/2025,$                                                        61.69,,,,,,,,,,4.94%,$              61.69,3.05,171.13,51.82,117.25,8%,177%,1.78%,5.88%,4.94%,-2.32%,-2.32%,0,2.60%,-42.37%,,,,,,,,,,,,
,,,,,,,,,,,,,,,,,,2025,9/16/2025,$                                                        61.93,,,,,,,,,,4.92%,$              61.93,3.05,171.13,51.82,117.25,8%,176%,1.78%,5.88%,4.92%,-2.70%,-2.70%,0,2.60%,-42.14%,,,,,,,,,,,,
,,,,,,,,,,,,,,,,,,2025,9/17/2025,$                                                       62.69,,,,,,,,,,4.86%,$             62.69,3.05,171.13,51.82,117.25,9%,173%,1.78%,5.88%,4.86%,-3.88%,-3.88%,0,2.60%,-41.43%,,,,,,,,,,,,
,,,,,,,,,,,,,,,,,,2025,9/18/2025,$                                                        61.58,,,,,,,,,,4.95%,$              61.58,3.05,171.13,51.82,117.25,8%,178%,1.78%,5.88%,4.95%,-2.14%,-2.14%,0,2.60%,-42.47%,,,,,,,,,,,,
,,,,,,,,,,,,,,,,,,2025,9/19/2025,$                                                        61.72,,,,,,,,,,4.94%,$              61.72,3.05,171.13,51.82,117.25,8%,177%,1.78%,5.88%,4.94%,-2.37%,-2.37%,0,2.60%,-42.34%,,,,,,,,,,,,
,,,,,,,,,,,,,,,,,,2025,9/22/2025,$                                                       60.89,,,,,,,,,,5.00%,$             60.89,3.05,171.13,51.82,117.25,8%,181%,1.78%,5.88%,5.00%,-1.03%,-1.03%,0,2.60%,-43.11%,,,,,,,,,,,,
,,,,,,,,,,,,,,,,,,2025,9/23/2025,$                                                       60.94,,,,,,,,,,5.00%,$             60.94,3.05,171.13,51.82,117.25,8%,181%,1.78%,5.88%,5.00%,-1.12%,-1.12%,0,2.60%,-43.07%,,,,,,,,,,,,
,,,,,,,,,,,,,,,,,,2025,9/24/2025,$                                                       59.96,,,,,,,,,,5.08%,$             59.96,3.05,171.13,51.82,117.25,7%,185%,1.78%,5.88%,5.08%,0.50%,0.50%,0,2.60%,-43.98%,,,,,,,,,,,,
,,,,,,,,,,,,,,,,,,2025,9/25/2025,$                                                       60.73,,,,,,,,,,5.02%,$             60.73,3.05,171.13,51.82,117.25,7%,182%,1.78%,5.88%,5.02%,-0.77%,-0.77%,0,2.60%,-43.26%,,,,,,,,,,,,
,,,,,,,,,,,,,,,,,,2025,9/26/2025,$                                                        61.47,,,,,,,,,,4.96%,$              61.47,3.05,171.13,51.82,117.25,8%,178%,1.78%,5.88%,4.96%,-1.97%,-1.97%,0,2.60%,-42.57%,,,,,,,,,,,,
,,,,,,,,,,,,,,,,,,2025,9/29/2025,$                                                       60.63,,,,,,,,,,5.03%,$             60.63,3.05,171.13,51.82,117.25,7%,182%,1.78%,5.88%,5.03%,-0.61%,-0.61%,0,2.60%,-43.36%,,,,,,,,,,,,
,,,,,,,,,,,,,,,,,,2025,9/30/2025,$                                                       60.47,,,,,,,,,,5.04%,$             60.47,3.05,171.13,51.82,117.25,7%,183%,1.78%,5.88%,5.04%,-0.35%,-0.35%,0,2.60%,-43.51%,,,,,,,,,,,,
,,,,,,,,,,,,,,,,,,2025,10/1/2025,$                                                         61.01,,,,,,,,,,4.99%,$               61.01,3.05,171.13,51.82,117.25,8%,180%,1.78%,5.88%,4.99%,-1.23%,-1.23%,0,2.60%,-43.00%,,,,,,,,,,,,
,,,,,,,,,,,,,,,,,,2025,10/2/2025,$                                                       60.85,,,,,,,,,,5.01%,$             60.85,3.05,171.13,51.82,117.25,8%,181%,1.78%,5.88%,5.01%,-0.97%,-0.97%,0,2.60%,-43.15%,,,,,,,,,,,,
,,,,,,,,,,,,,,,,,,2025,10/3/2025,$                                                       60.22,,,,,,,,,,5.06%,$             60.22,3.05,171.13,51.82,117.25,7%,184%,1.78%,5.88%,5.06%,0.07%,0.07%,0,2.60%,-43.74%,,,,,,,,,,,,
,,,,,,,,,,,,,,,,,,2025,10/6/2025,$                                                       60.06,,,,,,,,,,5.07%,$             60.06,3.05,171.13,51.82,117.25,7%,185%,1.78%,5.88%,5.07%,0.33%,0.33%,0,2.60%,-43.89%,,,,,,,,,,,,
,,,,,,,,,,,,,,,,,,2025,10/7/2025,$                                                       59.84,,,,,,,,,,5.09%,$             59.84,3.05,171.13,51.82,117.25,7%,186%,1.78%,5.88%,5.09%,0.70%,0.70%,0,2.60%,-44.10%,,,,,,,,,,,,
,,,,,,,,,,,,,,,,,,2025,10/8/2025,$                                                       59.99,,,,,,,,,,5.08%,$             59.99,3.05,171.13,51.82,117.25,7%,185%,1.78%,5.88%,5.08%,0.45%,0.45%,0,2.60%,-43.96%,,,,,,,,,,,,
,,,,,,,,,,,,,,,,,,2025,10/9/2025,$                                                       60.02,,,,,,,,,,5.08%,$             60.02,3.05,171.13,51.82,117.25,7%,185%,1.78%,5.88%,5.08%,0.40%,0.40%,0,2.60%,-43.93%,,,,,,,,,,,,
,,,,,,,,,,,,,,,,,,2025,10/10/2025,$                                                       60.25,,,,,,,,,,5.06%,$             60.25,3.05,171.13,51.82,117.25,7%,184%,1.78%,5.88%,5.06%,0.02%,0.02%,0,2.60%,-43.71%,,,,,,,,,,,,
,,,,,,,,,,,,,,,,,,2025,10/14/2025,$                                                       60.46,,,,,,,,,,5.04%,$             60.46,3.05,171.13,51.82,117.25,7%,183%,1.78%,5.88%,5.04%,-0.33%,-0.33%,0,2.60%,-43.52%,,,,,,,,,,,,
,,,,,,,,,,,,,,,,,,2025,10/15/2025,$                                                        60.13,,,,,,,,,,5.07%,$              60.13,3.05,171.13,51.82,117.25,7%,185%,1.78%,5.88%,5.07%,0.22%,0.22%,0,2.60%,-43.82%,,,,,,,,,,,,
,,,,,,,,,,,,,,,,,,2025,10/16/2025,$                                                       60.06,,,,,,,,,,5.07%,$             60.06,3.05,171.13,51.82,117.25,7%,185%,1.78%,5.88%,5.07%,0.33%,0.33%,0,2.60%,-43.89%,,,,,,,,,,,,
,,,,,,,,,,,,,,,,,,2025,10/17/2025,$                                                        61.69,,,,,,,,,,4.94%,$              61.69,3.05,171.13,51.82,117.25,8%,177%,1.78%,5.88%,4.94%,-2.32%,-2.32%,0,2.60%,-42.37%,,,,,,,,,,,,
,,,,,,,,,,,,,,,,,,2025,10/20/2025,$                                                       60.92,,,,,,,,,,5.00%,$             60.92,3.05,171.13,51.82,117.25,8%,181%,1.78%,5.88%,5.00%,-1.08%,-1.08%,0,2.60%,-43.09%,,,,,,,,,,,,
,,,,,,,,,,,,,,,,,,2025,10/21/2025,$                                                       60.85,,,,,,,,,,5.01%,$             60.85,3.05,171.13,51.82,117.25,8%,181%,1.78%,5.88%,5.01%,-0.97%,-0.97%,0,2.60%,-43.15%,,,,,,,,,,,,
,,,,,,,,,,,,,,,,,,2025,10/22/2025,$                                                        61.69,,,,,,,,,,4.94%,$              61.69,3.05,171.13,51.82,117.25,8%,177%,1.78%,5.88%,4.94%,-2.32%,-2.32%,0,2.60%,-42.37%,,,,,,,,,,,,
,,,,,,,,,,,,,,,,,,2025,10/23/2025,$                                                         61.19,,,,,,,,,,4.98%,$               61.19,3.05,171.13,51.82,117.25,8%,180%,1.78%,5.88%,4.98%,-1.52%,-1.52%,0,2.60%,-42.83%,,,,,,,,,,,,
,,,,,,,,,,,,,,,,,,2025,10/24/2025,$                                                       60.97,,,,,,,,,,5.00%,$             60.97,3.05,171.13,51.82,117.25,8%,181%,1.78%,5.88%,5.00%,-1.16%,-1.16%,0,2.60%,-43.04%,,,,,,,,,,,,
,,,,,,,,,,,,,,,,,,2025,10/27/2025,$                                                       60.44,,,,,,,,,,5.04%,$             60.44,3.05,171.13,51.82,117.25,7%,183%,1.78%,5.88%,5.04%,-0.30%,-0.30%,0,2.60%,-43.54%,,,,,,,,,,,,
,,,,,,,,,,,,,,,,,,2025,10/28/2025,$                                                       60.35,,,,,,,,,,5.05%,$             60.35,3.05,171.13,51.82,117.25,7%,184%,1.78%,5.88%,5.05%,-0.15%,-0.15%,0,2.60%,-43.62%,,,,,,,,,,,,
,,,,,,,,,,,,,,,,,,2025,10/29/2025,$                                                       60.07,,,,,,,,,,5.07%,$             60.07,3.05,171.13,51.82,117.25,7%,185%,1.78%,5.88%,5.07%,0.32%,0.32%,0,2.60%,-43.88%,,,,,,,,,,,,
,,,,,,,,,,,,,,,,,,2025,10/30/2025,$                                                        55.81,,,,,,,,,,5.46%,$              55.81,3.05,171.13,51.82,117.25,3%,207%,1.78%,5.88%,5.46%,7.97%,7.97%,0,2.60%,-47.86%,,,,,,,,,,,,
,,,,,,,,,,,,,,,,,,2025,10/31/2025,$                                                       58.63,,,,,,,,,,5.20%,$             58.63,3.05,171.13,51.82,117.25,6%,192%,1.78%,5.88%,5.20%,2.78%,2.78%,0,2.60%,-45.23%,,,,,,,,,,,,
,,,,,,,,,,,,,,,,,,2025,11/3/2025,$                                                       60.36,,,,,,,,,,5.05%,$             60.36,3.05,171.13,51.82,117.25,7%,184%,1.78%,5.88%,5.05%,-0.17%,-0.17%,0,2.60%,-43.61%,,,,,,,,,,,,
,,,,,,,,,,,,,,,,,,2025,11/4/2025,$                                                        59.41,,,,,,,,,,5.13%,$              59.41,3.05,171.13,51.82,117.25,6%,188%,1.78%,5.88%,5.13%,1.43%,1.43%,0,2.60%,-44.50%,,,,,,,,,,,,
,,,,,,,,,,,,,,,,,,2025,11/5/2025,$                                                        60.16,,,,,,,,,,5.06%,$              60.16,3.05,171.13,51.82,117.25,7%,184%,1.78%,5.88%,5.06%,0.17%,0.17%,0,2.60%,-43.80%,,,,,,,,,,,,
,,,,,,,,,,,,,,,,,,2025,11/6/2025,$                                                       60.69,,,,,,,,,,5.02%,$             60.69,3.05,171.13,51.82,117.25,7%,182%,1.78%,5.88%,5.02%,-0.71%,-0.71%,0,2.60%,-43.30%,,,,,,,,,,,,
,,,,,,,,,,,,,,,,,,2025,11/7/2025,$                                                         61.16,,,,,,,,,,4.98%,$               61.16,3.05,171.13,51.82,117.25,8%,180%,1.78%,5.88%,4.98%,-1.47%,-1.47%,0,2.60%,-42.86%,,,,,,,,,,,,
,,,,,,,,,,,,,,,,,,2025,11/10/2025,$                                                        61.23,,,,,,,,,,4.98%,$              61.23,3.05,171.13,51.82,117.25,8%,179%,1.78%,5.88%,4.98%,-1.58%,-1.58%,0,2.60%,-42.80%,,,,,,,,,,,,
,,,,,,,,,,,,,,,,,,2025,11/11/2025,$                                                        61.65,,,,,,,,,,4.94%,$              61.65,3.05,171.13,51.82,117.25,8%,178%,1.78%,5.88%,4.94%,-2.25%,-2.25%,0,2.60%,-42.40%,,,,,,,,,,,,
,,,,,,,,,,,,,,,,,,2025,11/12/2025,$                                                        61.60,,,,,,,,,,4.95%,$              61.60,3.05,171.13,51.82,117.25,8%,178%,1.78%,5.88%,4.95%,-2.18%,-2.18%,0,2.60%,-42.45%,,,,,,,,,,,,
,,,,,,,,,,,,,,,,,,2025,11/13/2025,$                                                        61.30,,,,,,,,,,4.97%,$              61.30,3.05,171.13,51.82,117.25,8%,179%,1.78%,5.88%,4.97%,-1.70%,-1.70%,0,2.60%,-42.73%,,,,,,,,,,,,
,,,,,,,,,,,,,,,,,,2025,11/14/2025,$                                                        61.49,,,,,,,,,,4.96%,$              61.49,3.05,171.13,51.82,117.25,8%,178%,1.78%,5.88%,4.96%,-2.00%,-2.00%,0,2.60%,-42.55%,,,,,,,,,,,,
,,,,,,,,,,,,,,,,,,2025,11/17/2025,$                                                        61.20,,,,,,,,,,4.98%,$              61.20,3.05,171.13,51.82,117.25,8%,180%,1.78%,5.88%,4.98%,-1.54%,-1.54%,0,2.60%,-42.83%,,,,,,,,,,,,
,,,,,,,,,,,,,,,,,,2025,11/18/2025,$                                                       60.50,,,,,,,,,,5.04%,$             60.50,3.05,171.13,51.82,117.25,7%,183%,1.78%,5.88%,5.04%,-0.40%,-0.40%,0,2.60%,-43.48%,,,,,,,,,,,,
,,,,,,,,,,,,,,,,,,2025,11/19/2025,$                                                        61.02,,,,,,,,,,4.99%,$              61.02,3.05,171.13,51.82,117.25,8%,180%,1.78%,5.88%,4.99%,-1.25%,-1.25%,0,2.60%,-42.99%,,,,,,,,,,,,
,,,,,,,,,,,,,,,,,,2025,11/20/2025,$                                                        61.52,,,,,,,,,,4.95%,$              61.52,3.05,171.13,51.82,117.25,8%,178%,1.78%,5.88%,4.95%,-2.05%,-2.05%,0,2.60%,-42.53%,,,,,,,,,,,,
,,,,,,,,,,,,,,,,,,2025,11/21/2025,$                                                       62.30,,,,,,,,,,4.89%,$             62.30,3.05,171.13,51.82,117.25,9%,175%,1.78%,5.88%,4.89%,-3.27%,-3.27%,0,2.60%,-41.80%,,,,,,,,,,,,
,,,,,,,,,,,,,,,,,,2025,11/24/2025,$                                                       63.08,,,,,,,,,,4.83%,$             63.08,3.05,171.13,51.82,117.25,9%,171%,1.78%,5.88%,4.83%,-4.47%,-4.47%,0,2.60%,-41.07%,,,,,,,,,,,,
,,,,,,,,,,,,,,,,,,2025,11/25/2025,$                                                        64.19,,,,,,,,,,4.75%,$              64.19,3.05,171.13,51.82,117.25,10%,167%,1.78%,5.88%,4.75%,-6.12%,-6.12%,0,2.60%,-40.03%,,,,,,,,,,,,
,,,,,,,,,,,,,,,,,,2025,11/26/2025,$                                                       63.28,,,,,,,,,,4.82%,$             63.28,3.05,171.13,51.82,117.25,10%,170%,1.78%,5.88%,4.82%,-4.77%,-4.77%,0,2.60%,-40.88%,,,,,,,,,,,,
,,,,,,,,,,,,,,,,,,2025,11/27/2025,$                                                       63.88,,,,,,,,,,4.77%,$             63.88,3.05,171.13,51.82,117.25,10%,168%,1.78%,5.88%,4.77%,-5.67%,-5.67%,0,2.60%,-40.32%,,,,,,,,,,,,
,,,,,,,,,,,,,,,,,,2025,11/28/2025,$                                                       64.23,,,,,,,,,,4.74%,$             64.23,3.05,171.13,51.82,117.25,10%,166%,1.78%,5.88%,4.74%,-6.18%,-6.18%,0,2.60%,-39.99%,,,,,,,,,,,,
,,,,,,,,,,,,,,,,,,2025,12/1/2025,$                                                       63.85,,,,,,,,,,4.77%,$             63.85,3.05,171.13,51.82,117.25,10%,168%,1.78%,5.88%,4.77%,-5.62%,-5.62%,0,2.60%,-40.35%,,,,,,,,,,,,
,,,,,,,,,,,,,,,,,,2025,12/2/2025,$                                                       63.97,,,,,,,,,,4.76%,$             63.97,3.05,171.13,51.82,117.25,10%,168%,1.78%,5.88%,4.76%,-5.80%,-5.80%,0,2.60%,-40.24%,,,,,,,,,,,,
,,,,,,,,,,,,,,,,,,2025,12/3/2025,$                                                       64.40,,,,,,,,,,4.73%,$             64.40,3.05,171.13,51.82,117.25,11%,166%,1.78%,5.88%,4.73%,-6.43%,-6.43%,0,2.60%,-39.84%,,,,,,,,,,,,
,,,,,,,,,,,,,,,,,,2025,12/4/2025,$                                                       64.56,,,,,,,,,,4.72%,$             64.56,3.05,171.13,51.82,117.25,11%,165%,1.78%,5.88%,4.72%,-6.66%,-6.66%,0,2.60%,-39.69%,,,,,,,,,,,,
,,,,,,,,,,,,,,,,,,2025,12/5/2025,$                                                        64.21,,,,,,,,,,4.75%,$              64.21,3.05,171.13,51.82,117.25,10%,167%,1.78%,5.88%,4.75%,-6.15%,-6.15%,0,2.60%,-40.01%,,,,,,,,,,,,
,,,,,,,,,,,,,,,,,,2025,12/8/2025,$                                                       64.09,,,,,,,,,,4.75%,$             64.09,3.05,171.13,51.82,117.25,10%,167%,1.78%,5.88%,4.75%,-5.98%,-5.98%,0,2.60%,-40.13%,,,,,,,,,,,,
,,,,,,,,,,,,,,,,,,2025,12/9/2025,$                                                       64.33,,,,,,,,,,4.74%,$             64.33,3.05,171.13,51.82,117.25,10%,166%,1.78%,5.88%,4.74%,-6.33%,-6.33%,0,2.60%,-39.90%,,,,,,,,,,,,
,,,,,,,,,,,,,,,,,,2025,12/10/2025,$                                                       64.07,,,,,,,,,,4.76%,$             64.07,3.05,171.13,51.82,117.25,10%,167%,1.78%,5.88%,4.76%,-5.95%,-5.95%,0,2.60%,-40.14%,,,,,,,,,,,,
,,,,,,,,,,,,,,,,,,2025,12/11/2025,$                                                       63.22,,,,,,,,,,4.82%,$             63.22,3.05,171.13,51.82,117.25,10%,171%,1.78%,5.88%,4.82%,-4.68%,-4.68%,0,2.60%,-40.94%,,,,,,,,,,,,
,,,,,,,,,,,,,,,,,,2025,12/12/2025,$                                                       62.90,,,,,,,,,,4.84%,$             62.90,3.05,171.13,51.82,117.25,9%,172%,1.78%,5.88%,4.84%,-4.20%,-4.20%,0,2.60%,-41.24%,,,,,,,,,,,,
,,,,,,,,,,,,,,,,,,2025,12/15/2025,$                                                       62.53,,,,,,,,,,4.87%,$             62.53,3.05,171.13,51.82,117.25,9%,174%,1.78%,5.88%,4.87%,-3.63%,-3.63%,0,2.60%,-41.58%,,,,,,,,,,,,
,,,,,,,,,,,,,,,,,,2025,12/16/2025,$                                                       62.89,,,,,,,,,,4.84%,$             62.89,3.05,171.13,51.82,117.25,9%,172%,1.78%,5.88%,4.84%,-4.18%,-4.18%,0,2.60%,-41.25%,,,,,,,,,,,,
,,,,,,,,,,,,,,,,,,2025,12/17/2025,$                                                       62.52,,,,,,,,,,4.87%,$             62.52,3.05,171.13,51.82,117.25,9%,174%,1.78%,5.88%,4.87%,-3.61%,-3.61%,0,2.60%,-41.59%,,,,,,,,,,,,
,,,,,,,,,,,,,,,,,,2025,12/18/2025,$                                                       62.40,,,,,,,,,,4.88%,$             62.40,3.05,171.13,51.82,117.25,9%,174%,1.78%,5.88%,4.88%,-3.43%,-3.43%,0,2.60%,-41.70%,,,,,,,,,,,,
,,,,,,,,,,,,,,,,,,2025,12/19/2025,$                                                        61.76,,,,,,,,,,4.93%,$              61.76,3.05,171.13,51.82,117.25,8%,177%,1.78%,5.88%,4.93%,-2.43%,-2.43%,0,2.60%,-42.30%,,,,,,,,,,,,
,,,,,,,,,,,,,,,,,,2025,12/22/2025,$                                                       62.55,,,,,,,,,,4.87%,$             62.55,3.05,171.13,51.82,117.25,9%,174%,1.78%,5.88%,4.87%,-3.66%,-3.66%,0,2.60%,-41.56%,,,,,,,,,,,,
,,,,,,,,,,,,,,,,,,2025,12/23/2025,$                                                       62.72,,,,,,,,,,4.86%,$             62.72,3.05,171.13,51.82,117.25,9%,173%,1.78%,5.88%,4.86%,-3.92%,-3.92%,0,2.60%,-41.41%,,,,,,,,,,,,
,,,,,,,,,,,,,,,,,,2025,12/24/2025,$                                                       62.66,,,,,,,,,,4.86%,$             62.66,3.05,171.13,51.82,117.25,9%,173%,1.78%,5.88%,4.86%,-3.83%,-3.83%,0,2.60%,-41.46%,,,,,,,,,,,,
,,,,,,,,,,,,,,,,,,2025,12/29/2025,$                                                        63.17,,,,,,,,,,4.82%,$              63.17,3.05,171.13,51.82,117.25,10%,171%,1.78%,5.88%,4.82%,-4.61%,-4.61%,0,2.60%,-40.98%,,,,,,,,,,,,
,,,,,,,,,,,,,,,,,,2025,12/30/2025,$                                                       63.28,,,,,,,,,,4.82%,$             63.28,3.05,171.13,51.82,117.25,10%,170%,1.78%,5.88%,4.82%,-4.77%,-4.77%,0,2.60%,-40.88%,,,,,,,,,,,,
,,,,,,,,,,,,,,,,,,2025,12/31/2025,$                                                       63.99,,,,,,,,,,4.76%,$             63.99,3.05,171.13,51.82,117.25,10%,167%,1.78%,5.88%,4.76%,-5.83%,-5.83%,0,2.60%,-40.22%,,,,,,,,,,,,
,,,,,,,,,,,,,,,,,,2026,1/2/2026,$                                                       64.28,,,,,,,,,,4.74%,$             64.28,3.05,171.13,51.82,117.25,10%,166%,1.78%,5.88%,4.74%,-6.25%,-6.25%,0,2.60%,-39.95%,,,,,,,,,,,,
,,,,,,,,,,,,,,,,,,2026,1/5/2026,$                                                       64.35,,,,,,,,,,4.74%,$             64.35,3.05,171.13,51.82,117.25,11%,166%,1.78%,5.88%,4.74%,-6.36%,-6.36%,0,2.60%,-39.88%,,,,,,,,,,,,
,,,,,,,,,,,,,,,,,,2026,1/6/2026,$                                                       65.60,,,,,,,,,,4.64%,$             65.60,3.05,171.13,51.82,117.25,12%,161%,1.78%,5.88%,4.64%,-8.14%,-8.14%,0,2.60%,-38.71%,,,,,,,,,,,,
,,,,,,,,,,,,,,,,,,2026,1/7/2026,$                                                       64.59,,,,,,,,,,4.72%,$             64.59,3.05,171.13,51.82,117.25,11%,165%,1.78%,5.88%,4.72%,-6.70%,-6.70%,0,2.60%,-39.66%,,,,,,,,,,,,
,,,,,,,,,,,,,,,,,,2026,1/8/2026,$                                                       64.85,,,,,,,,,,4.70%,$             64.85,3.05,171.13,51.82,117.25,11%,164%,1.78%,5.88%,4.70%,-7.08%,-7.08%,0,2.60%,-39.42%,,,,,,,,,,,,
,,,,,,,,,,,,,,,,,,2026,1/9/2026,$                                                       65.44,,,,,,,,,,4.66%,$             65.44,3.05,171.13,51.82,117.25,11%,162%,1.78%,5.88%,4.66%,-7.92%,-7.92%,0,2.60%,-38.86%,,,,,,,,,,,,
,,,,,,,,,,,,,,,,,,2026,1/12/2026,$                                                       65.92,,,,,,,,,,4.62%,$             65.92,3.05,171.13,51.82,117.25,12%,160%,1.78%,5.88%,4.62%,-8.59%,-8.59%,0,2.60%,-38.42%,,,,,,,,,,,,
,,,,,,,,,,,,,,,,,,2026,1/13/2026,$                                                       65.07,,,,,,,,,,4.68%,$             65.07,3.05,171.13,51.82,117.25,11%,163%,1.78%,5.88%,4.68%,-7.39%,-7.39%,0,2.60%,-39.21%,,,,,,,,,,,,
,,,,,,,,,,,,,,,,,,2026,1/14/2026,$                                                        66.13,,,,,,,,,,4.61%,$              66.13,3.05,171.13,51.82,117.25,12%,159%,1.78%,5.88%,4.61%,-8.88%,-8.88%,0,2.60%,-38.22%,,,,,,,,,,,,
,,,,,,,,,,,,,,,,,,2026,1/15/2026,$                                                       68.84,,,,,,,,,,4.43%,$             68.84,3.05,171.13,51.82,117.25,14%,149%,1.78%,5.88%,4.43%,-12.46%,-12.46%,0,2.60%,-35.69%,,,,,,,,,,,,
,,,,,,,,,,,,,,,,,,2026,1/16/2026,$                                                        71.56,,,,,,,,,,4.26%,$              71.56,3.05,171.13,51.82,117.25,17%,139%,1.78%,5.88%,4.26%,-15.79%,-15.79%,0,2.60%,-33.15%,,,,,,,,,,,,
,,,,,,,,,,,,,,,,,,2026,1/19/2026,$                                                         71.51,,,,,,,,,,4.26%,$               71.51,3.05,171.13,51.82,117.25,17%,139%,1.78%,5.88%,4.26%,-15.73%,-15.73%,0,2.60%,-33.19%,,,,,,,,,,,,
,,,,,,,,,,,,,,,,,,2026,1/20/2026,$                                                       70.33,,,,,,,,,,4.33%,$             70.33,3.05,171.13,51.82,117.25,16%,143%,1.78%,5.88%,4.33%,-14.32%,-14.32%,0,2.60%,-34.30%,,,,,,,,,,,,
,,,,,,,,,,,,,,,,,,2026,1/21/2026,$                                                       70.72,,,,,,,,,,4.31%,$             70.72,3.05,171.13,51.82,117.25,16%,142%,1.78%,5.88%,4.31%,-14.79%,-14.79%,0,2.60%,-33.93%,,,,,,,,,,,,
,,,,,,,,,,,,,,,,,,2026,1/22/2026,$                                                         71.12,,,,,,,,,,4.28%,$               71.12,3.05,171.13,51.82,117.25,16%,141%,1.78%,5.88%,4.28%,-15.27%,-15.27%,0,2.60%,-33.56%,,,,,,,,,,,,
,,,,,,,,,,,,,,,,,,2026,1/23/2026,$                                                        72.14,,,,,,,,,,4.22%,$              72.14,3.05,171.13,51.82,117.25,17%,137%,1.78%,5.88%,4.22%,-16.47%,-16.47%,0,2.60%,-32.60%,,,,,,,,,,,,
,,,,,,,,,,,,,,,,,,2026,1/26/2026,$                                                        71.26,,,,,,,,,,4.28%,$              71.26,3.05,171.13,51.82,117.25,16%,140%,1.78%,5.88%,4.28%,-15.44%,-15.44%,0,2.60%,-33.43%,,,,,,,,,,,,
,,,,,,,,,,,,,,,,,,2026,1/27/2026,$                                                       68.98,,,,,,,,,,4.42%,$             68.98,3.05,171.13,51.82,117.25,14%,148%,1.78%,5.88%,4.42%,-12.64%,-12.64%,0,2.60%,-35.56%,,,,,,,,,,,,
,,,,,,,,,,,,,,,,,,2026,1/28/2026,$                                                        67.14,,,,,,,,,,4.54%,$              67.14,3.05,171.13,51.82,117.25,13%,155%,1.78%,5.88%,4.54%,-10.25%,-10.25%,0,2.60%,-37.28%,,,,,,,,,,,,
,,,,,,,,,,,,,,,,,,2026,1/29/2026,$                                                       66.48,,,,,,,,,,4.58%,$             66.48,3.05,171.13,51.82,117.25,12%,157%,1.78%,5.88%,4.58%,-9.36%,-9.36%,0,2.60%,-37.89%,,,,,,,,,,,,
,,,,,,,,,,,,,,,,,,2026,1/30/2026,$                                                       66.78,,,,,,,,,,4.56%,$             66.78,3.05,171.13,51.82,117.25,13%,156%,1.78%,5.88%,4.56%,-9.76%,-9.76%,0,2.60%,-37.61%,,,,,,,,,,,,
,,,,,,,,,,,,,,,,,,2026,2/2/2026,$                                                       67.88,,,,,,,,,,4.49%,$             67.88,3.05,171.13,51.82,117.25,13%,152%,1.78%,5.88%,4.49%,-11.23%,-11.23%,0,2.60%,-36.58%,,,,,,,,,,,,
,,,,,,,,,,,,,,,,,,2026,2/3/2026,$                                                       68.69,,,,,,,,,,4.44%,$             68.69,3.05,171.13,51.82,117.25,14%,149%,1.78%,5.88%,4.44%,-12.27%,-12.27%,0,2.60%,-35.83%,,,,,,,,,,,,
,,,,,,,,,,,,,,,,,,2026,2/4/2026,$                                                       69.38,,,,,,,,,,4.39%,$             69.38,3.05,171.13,51.82,117.25,15%,147%,1.78%,5.88%,4.39%,-13.14%,-13.14%,0,2.60%,-35.18%,,,,,,,,,,,,
,,,,,,,,,,,,,,,,,,2026,2/5/2026,$                                                        69.17,,,,,,,,,,4.41%,$              69.17,3.05,171.13,51.82,117.25,15%,147%,1.78%,5.88%,4.41%,-12.88%,-12.88%,0,2.60%,-35.38%,,,,,,,,,,,,
,,,,,,,,,,,,,,,,,,2026,2/6/2026,$                                                        70.17,,,,,,,,,,4.34%,$              70.17,3.05,171.13,51.82,117.25,15%,144%,1.78%,5.88%,4.34%,-14.12%,-14.12%,0,2.60%,-34.45%,,,,,,,,,,,,
,,,,,,,,,,,,,,,,,,2026,2/9/2026,$                                                       69.53,,,,,,,,,,4.38%,$             69.53,3.05,171.13,51.82,117.25,15%,146%,1.78%,5.88%,4.38%,-13.33%,-13.33%,0,2.60%,-35.04%,,,,,,,,,,,,
,,,,,,,,,,,,,,,,,,2026,2/10/2026,$                                                       70.28,,,,,,,,,,4.34%,$             70.28,3.05,171.13,51.82,117.25,15%,143%,1.78%,5.88%,4.34%,-14.26%,-14.26%,0,2.60%,-34.34%,,,,,,,,,,,,
,,,,,,,,,,,,,,,,,,2026,2/11/2026,$                                                         71.15,,,,,,,,,,4.28%,$               71.15,3.05,171.13,51.82,117.25,16%,141%,1.78%,5.88%,4.28%,-15.31%,-15.31%,0,2.60%,-33.53%,,,,,,,,,,,,
,,,,,,,,,,,,,,,,,,2026,2/12/2026,$                                                       70.97,,,,,,,,,,4.29%,$             70.97,3.05,171.13,51.82,117.25,16%,141%,1.78%,5.88%,4.29%,-15.09%,-15.09%,0,2.60%,-33.70%,,,,,,,,,,,,
,,,,,,,,,,,,,,,,,,2026,2/13/2026,$                                                       70.94,,,,,,,,,,4.30%,$             70.94,3.05,171.13,51.82,117.25,16%,141%,1.78%,5.88%,4.30%,-15.05%,-15.05%,0,2.60%,-33.73%,,,,,,,,,,,,
,,,,,,,,,,,,,,,,,,2026,2/17/2026,$                                                       72.46,,,,,,,,,,4.21%,$             72.46,3.05,171.13,51.82,117.25,17%,136%,1.78%,5.88%,4.21%,-16.84%,-16.84%,0,2.60%,-32.31%,,,,,,,,,,,,
,,,,,,,,,,,,,,,,,,2026,2/18/2026,$                                                        71.88,,,,,,,,,,4.24%,$              71.88,3.05,171.13,51.82,117.25,17%,138%,1.78%,5.88%,4.24%,-16.17%,-16.17%,0,2.60%,-32.85%,,,,,,,,,,,,
,,,,,,,,,,,,,,,,,,2026,2/19/2026,$                                                        71.07,,,,,,,,,,4.29%,$              71.07,3.05,171.13,51.82,117.25,16%,141%,1.78%,5.88%,4.29%,-15.21%,-15.21%,0,2.60%,-33.60%,,,,,,,,,,,,
,,,,,,,,,,,,,,,,,,2026,2/20/2026,$                                                       70.93,,,,,,,,,,4.30%,$             70.93,3.05,171.13,51.82,117.25,16%,141%,1.78%,5.88%,4.30%,-15.04%,-15.04%,0,2.60%,-33.74%,,,,,,,,,,,,
,,,,,,,,,,,,,,,,,,2026,2/23/2026,$                                                        71.74,,,,,,,,,,4.25%,$              71.74,3.05,171.13,51.82,117.25,17%,139%,1.78%,5.88%,4.25%,-16.00%,-16.00%,0,2.60%,-32.98%,,,,,,,,,,,,
,,,,,,,,,,,,,,,,,,2026,2/24/2026,$                                                       72.40,,,,,,,,,,4.21%,$             72.40,3.05,171.13,51.82,117.25,17%,136%,1.78%,5.88%,4.21%,-16.77%,-16.77%,0,2.60%,-32.36%,,,,,,,,,,,,
,,,,,,,,,,,,,,,,,,2026,2/25/2026,$                                                       74.35,,,,,,,,,,4.10%,$             74.35,3.05,171.13,51.82,117.25,19%,130%,1.78%,5.88%,4.10%,-18.95%,-18.95%,0,2.60%,-30.54%,,,,,,,,,,,,
,,,,,,,,,,,,,,,,,,2026,2/26/2026,$                                                        73.41,,,,,,,,,,4.15%,$              73.41,3.05,171.13,51.82,117.25,18%,133%,1.78%,5.88%,4.15%,-17.91%,-17.91%,0,2.60%,-31.42%,,,,,,,,,,,,
,,,,,,,,,,,,,,,,,,2026,2/27/2026,$                                                        73.61,,,,,,,,,,4.14%,$              73.61,3.05,171.13,51.82,117.25,18%,132%,1.78%,5.88%,4.14%,-18.14%,-18.14%,0,2.60%,-31.23%,,,,,,,,,,,,
,,,,,,,,,,,,,,,,,,2026,3/2/2026,$                                                       73.65,,,,,,,,,,4.14%,$             73.65,3.05,171.13,51.82,117.25,18%,132%,1.78%,5.88%,4.14%,-18.18%,-18.18%,0,2.60%,-31.19%,,,,,,,,,,,,
,,,,,,,,,,,,,,,,,,2026,3/3/2026,$                                                       73.86,,,,,,,,,,4.13%,$             73.86,3.05,171.13,51.82,117.25,18%,132%,1.78%,5.88%,4.13%,-18.41%,-18.41%,0,2.60%,-31.00%,,,,,,,,,,,,
,,,,,,,,,,,,,,,,,,2026,3/4/2026,$                                                       75.46,,,,,,,,,,4.04%,$             75.46,3.05,171.13,51.82,117.25,20%,127%,1.78%,5.88%,4.04%,-20.14%,-20.14%,0,2.60%,-29.50%,,,,,,,,,,,,
,,,,,,,,,,,,,,,,,,2026,3/5/2026,$                                                       74.38,,,,,,,,,,4.10%,$             74.38,3.05,171.13,51.82,117.25,19%,130%,1.78%,5.88%,4.10%,-18.98%,-18.98%,0,2.60%,-30.51%,,,,,,,,,,,,
,,,,,,,,,,,,,,,,,,2026,3/6/2026,$                                                        72.12,,,,,,,,,,4.22%,$              72.12,3.05,171.13,51.82,117.25,17%,137%,1.78%,5.88%,4.22%,-16.44%,-16.44%,0,2.60%,-32.62%,,,,,,,,,,,,
,,,,,,,,,,,,,,,,,,2026,3/9/2026,$                                                        71.90,,,,,,,,,,4.24%,$              71.90,3.05,171.13,51.82,117.25,17%,138%,1.78%,5.88%,4.24%,-16.19%,-16.19%,0,2.60%,-32.83%,,,,,,,,,,,,
,,,,,,,,,,,,,,,,,,2026,3/10/2026,$                                                       72.70,,,,,,,,,,4.19%,$             72.70,3.05,171.13,51.82,117.25,17%,135%,1.78%,5.88%,4.19%,-17.11%,-17.11%,0,2.60%,-32.08%,,,,,,,,,,,,
,,,,,,,,,,,,,,,,,,2026,3/11/2026,$                                                        71.67,,,,,,,,,,4.25%,$              71.67,3.05,171.13,51.82,117.25,17%,139%,1.78%,5.88%,4.25%,-15.92%,-15.92%,0,2.60%,-33.04%,,,,,,,,,,,,
,,,,,,,,,,,,,,,,,,2026,3/12/2026,$                                                         71.41,,,,,,,,,,4.27%,$               71.41,3.05,171.13,51.82,117.25,16%,140%,1.78%,5.88%,4.27%,-15.61%,-15.61%,0,2.60%,-33.29%,,,,,,,,,,,,
,,,,,,,,,,,,,,,,,,2026,3/13/2026,$                                                       70.82,,,,,,,,,,4.30%,$             70.82,3.05,171.13,51.82,117.25,16%,142%,1.78%,5.88%,4.30%,-14.91%,-14.91%,0,2.60%,-33.84%,,,,,,,,,,,,
,,,,,,,,,,,,,,,,,,2026,3/16/2026,$                                                        71.87,,,,,,,,,,4.24%,$              71.87,3.05,171.13,51.82,117.25,17%,138%,1.78%,5.88%,4.24%,-16.15%,-16.15%,0,2.60%,-32.86%,,,,,,,,,,,,
,,,,,,,,,,,,,,,,,,2026,3/17/2026,$                                                        73.15,,,,,,,,,,4.17%,$              73.15,3.05,171.13,51.82,117.25,18%,134%,1.78%,5.88%,4.17%,-17.62%,-17.62%,0,2.60%,-31.66%,,,,,,,,,,,,
,,,,,,,,,,,,,,,,,,2026,3/18/2026,$                                                       73.34,,,,,,,,,,4.15%,$             73.34,3.05,171.13,51.82,117.25,18%,133%,1.78%,5.88%,4.15%,-17.83%,-17.83%,0,2.60%,-31.48%,,,,,,,,,,,,
,,,,,,,,,,,,,,,,,,2026,3/19/2026,$                                                       73.28,,,,,,,,,,4.16%,$             73.28,3.05,171.13,51.82,117.25,18%,134%,1.78%,5.88%,4.16%,-17.77%,-17.77%,0,2.60%,-31.54%,,,,,,,,,,,,
,,,,,,,,,,,,,,,,,,2026,3/20/2026,$                                                        74.12,,,,,,,,,,4.11%,$              74.12,3.05,171.13,51.82,117.25,19%,131%,1.78%,5.88%,4.11%,-18.70%,-18.70%,0,2.60%,-30.75%,,,,,,,,,,,,
,,,,,,,,,,,,,,,,,,2026,3/23/2026,$                                                         76.11,,,,,,,,,,4.00%,$               76.11,3.05,171.13,51.82,117.25,20%,125%,1.78%,5.88%,4.00%,-20.83%,-20.83%,0,2.60%,-28.90%,,,,,,,,,,,,
,,,,,,,,,,,,,,,,,,2026,3/24/2026,$                                                        76.21,,,,,,,,,,4.00%,$              76.21,3.05,171.13,51.82,117.25,20%,125%,1.78%,5.88%,4.00%,-20.93%,-20.93%,0,2.60%,-28.80%,,,,,,,,,,,,
,,,,,,,,,,,,,,,,,,2026,3/25/2026,$                                                        76.61,,,,,,,,,,3.98%,$              76.61,3.05,171.13,51.82,117.25,21%,123%,1.78%,5.88%,3.98%,-21.34%,-21.34%,0,2.60%,-28.43%,,,,,,,,,,,,
,,,,,,,,,,,,,,,,,,2026,3/26/2026,$                                                       69.57,,,,,,,,,,4.38%,$             69.57,3.05,171.13,51.82,117.25,15%,146%,1.78%,5.88%,4.38%,-13.38%,-13.38%,0,2.60%,-35.01%,,,,,,,,,,,,
,,,,,,,,,,,,,,,,,,2026,3/27/2026,$                                                       68.74,,,,,,,,,,4.43%,$             68.74,3.05,171.13,51.82,117.25,14%,149%,1.78%,5.88%,4.43%,-12.34%,-12.34%,0,2.60%,-35.78%,,,,,,,,,,,,
,,,,,,,,,,,,,,,,,,2026,3/30/2026,$                                                       68.00,,,,,,,,,,4.48%,$             68.00,3.05,171.13,51.82,117.25,14%,152%,1.78%,5.88%,4.48%,-11.38%,-11.38%,0,2.60%,-36.47%,,,,,,,,,,,,
,,,,,,,,,,,,,,,,,,2026,3/31/2026,$                                                       69.33,,,,,,,,,,4.39%,$             69.33,3.05,171.13,51.82,117.25,15%,147%,1.78%,5.88%,4.39%,-13.08%,-13.08%,0,2.60%,-35.23%,,,,,,,,,,,,
,,,,,,,,,,,,,,,,,,2026,4/1/2026,$                                                       68.26,,,,,,,,,,4.46%,$             68.26,3.05,171.13,51.82,117.25,14%,151%,1.78%,5.88%,4.46%,-11.72%,-11.72%,0,2.60%,-36.23%,,,,,,,,,,,,
,,,,,,,,,,,,,,,,,,2026,4/2/2026,$                                                       68.62,,,,,,,,,,4.44%,$             68.62,3.05,171.13,51.82,117.25,14%,149%,1.78%,5.88%,4.44%,-12.18%,-12.18%,0,2.60%,-35.89%,,,,,,,,,,,,
,,,,,,,,,,,,,,,,,,2026,4/6/2026,$                                                        67.16,,,,,,,,,,4.54%,$              67.16,3.05,171.13,51.82,117.25,13%,155%,1.78%,5.88%,4.54%,-10.27%,-10.27%,0,2.60%,-37.26%,,,,,,,,,,,,
,,,,,,,,,,,,,,,,,,2026,4/7/2026,$                                                       66.37,,,,,,,,,,4.59%,$             66.37,3.05,171.13,51.82,117.25,12%,158%,1.78%,5.88%,4.59%,-9.21%,-9.21%,0,2.60%,-38.00%,,,,,,,,,,,,
,,,,,,,,,,,,,,,,,,2026,4/8/2026,$                                                       66.52,,,,,,,,,,4.58%,$             66.52,3.05,171.13,51.82,117.25,12%,157%,1.78%,5.88%,4.58%,-9.41%,-9.41%,0,2.60%,-37.86%,,,,,,,,,,,,
,,,,,,,,,,,,,,,,,,2026,4/9/2026,$                                                       65.32,,,,,,,,,,4.66%,$             65.32,3.05,171.13,51.82,117.25,11%,162%,1.78%,5.88%,4.66%,-7.75%,-7.75%,0,2.60%,-38.98%,,,,,,,,,,,,
,,,,,,,,,,,,,,,,,,2026,4/10/2026,$                                                        61.94,,,,,,,,,,4.92%,$              61.94,3.05,171.13,51.82,117.25,8%,176%,1.78%,5.88%,4.92%,-2.71%,-2.71%,0,2.60%,-42.13%,,,,,,,,,,,,
,,,,,,,,,,,,,,,,,,2026,4/13/2026,$                                                        61.79,,,,,,,,,,4.93%,$              61.79,3.05,171.13,51.82,117.25,8%,177%,1.78%,5.88%,4.93%,-2.48%,-2.48%,0,2.60%,-42.27%,,,,,,,,,,,,
,,,,,,,,,,,,,,,,,,2026,4/14/2026,$                                                        62.91,,,,,,,,,,4.84%,$              62.91,3.05,171.13,51.82,117.25,9%,172%,1.78%,5.88%,4.84%,-4.21%,-4.21%,0,2.60%,-41.23%,,,,,,,,,,,,
,,,,,,,,,,,,,,,,,,2026,4/15/2026,$                                                       63.25,,,,,,,,,,4.82%,$             63.25,3.05,171.13,51.82,117.25,10%,171%,1.78%,5.88%,4.82%,-4.73%,-4.73%,0,2.60%,-40.91%,,,,,,,,,,,,
,,,,,,,,,,,,,,,,,,2026,4/16/2026,$                                                       63.65,,,,,,,,,,4.79%,$             63.65,3.05,171.13,51.82,117.25,10%,169%,1.78%,5.88%,4.79%,-5.33%,-5.33%,0,2.60%,-40.54%,,,,,,,,,,,,
,,,,,,,,,,,,,,,,,,2026,4/17/2026,$                                                       64.03,,,,,,,,,,4.76%,$             64.03,3.05,171.13,51.82,117.25,10%,167%,1.78%,5.88%,4.76%,-5.89%,-5.89%,0,2.60%,-40.18%,,,,,,,,,,,,
,,,,,,,,,,,,,,,,,,2026,4/20/2026,$                                                        63.51,,,,,,,,,,4.80%,$              63.51,3.05,171.13,51.82,117.25,10%,169%,1.78%,5.88%,4.80%,-5.12%,-5.12%,0,2.60%,-40.67%,,,,,,,,,,,,
,,,,,,,,,,,,,,,,,,2026,4/21/2026,$                                                       63.00,,,,,,,,,,4.84%,$             63.00,3.05,171.13,51.82,117.25,9%,172%,1.78%,5.88%,4.84%,-4.35%,-4.35%,0,2.60%,-41.14%,,,,,,,,,,,,
,,,,,,,,,,,,,,,,,,2026,4/22/2026,$                                                       62.83,,,,,,,,,,4.85%,$             62.83,3.05,171.13,51.82,117.25,9%,172%,1.78%,5.88%,4.85%,-4.09%,-4.09%,0,2.60%,-41.30%,,,,,,,,,,,,
,,,,,,,,,,,,,,,,,,2026,4/23/2026,$                                                       62.73,,,,,,,,,,4.86%,$             62.73,3.05,171.13,51.82,117.25,9%,173%,1.78%,5.88%,4.86%,-3.94%,-3.94%,0,2.60%,-41.40%,,,,,,,,,,,,
,,,,,,,,,,,,,,,,,,2026,4/24/2026,$                                                        62.31,,,,,,,,,,4.89%,$              62.31,3.05,171.13,51.82,117.25,9%,175%,1.78%,5.88%,4.89%,-3.29%,-3.29%,0,2.60%,-41.79%,,,,,,,,,,,,
,,,,,,,,,,,,,,,,,,2026,4/27/2026,$                                                       62.54,,,,,,,,,,4.87%,$             62.54,3.05,171.13,51.82,117.25,9%,174%,1.78%,5.88%,4.87%,-3.65%,-3.65%,0,2.60%,-41.57%,,,,,,,,,,,,
,,,,,,,,,,,,,,,,,,2026,4/28/2026,$                                                        62.51,,,,,,,,,,4.87%,$              62.51,3.05,171.13,51.82,117.25,9%,174%,1.78%,5.88%,4.87%,-3.60%,-3.60%,0,2.60%,-41.60%,,,,,,,,,,,,
,,,,,,,,,,,,,,,,,,2026,4/29/2026,$                                                       62.02,,,,,,,,,,4.91%,$             62.02,3.05,171.13,51.82,117.25,9%,176%,1.78%,5.88%,4.91%,-2.84%,-2.84%,0,2.60%,-42.06%,,,,,,,,,,,,
,,,,,,,,,,,,,,,,,,2026,4/30/2026,$                                                        63.13,,,,,,,,,,4.83%,$              63.13,3.05,171.13,51.82,117.25,9%,171%,1.78%,5.88%,4.83%,-4.55%,-4.55%,0,2.60%,-41.02%,,,,,,,,,,,,
,,,,,,,,,,,,,,,,,,2026,5/1/2026,$                                                       63.66,,,,,,,,,,4.79%,$             63.66,3.05,171.13,51.82,117.25,10%,169%,1.78%,5.88%,4.79%,-5.34%,-5.34%,0,2.60%,-40.53%,,,,,,,,,,,,
,,,,,,,,,,,,,,,,,,2026,5/4/2026,$                                                       63.30,,,,,,,,,,4.81%,$             63.30,3.05,171.13,51.82,117.25,10%,170%,1.78%,5.88%,4.81%,-4.80%,-4.80%,0,2.60%,-40.86%,,,,,,,,,,,,
,,,,,,,,,,,,,,,,,,2026,5/5/2026,$                                                        63.01,,,,,,,,,,4.84%,$              63.01,3.05,171.13,51.82,117.25,9%,172%,1.78%,5.88%,4.84%,-4.36%,-4.36%,0,2.60%,-41.13%,,,,,,,,,,,,
,,,,,,,,,,,,,,,,,,2026,5/6/2026,$                                                        63.10,,,,,,,,,,4.83%,$              63.10,3.05,171.13,51.82,117.25,9%,171%,1.78%,5.88%,4.83%,-4.50%,-4.50%,0,2.60%,-41.05%,,,,,,,,,,,,
,,,,,,,,,,,,,,,,,,2026,5/7/2026,$                                                        63.19,,,,,,,,,,4.82%,$              63.19,3.05,171.13,51.82,117.25,10%,171%,1.78%,5.88%,4.82%,-4.64%,-4.64%,0,2.60%,-40.97%,,,,,,,,,,,,
,,,,,,,,,,,,,,,,,,2026,5/8/2026,$                                                       63.79,,,,,,,,,,4.78%,$             63.79,3.05,171.13,51.82,117.25,10%,168%,1.78%,5.88%,4.78%,-5.53%,-5.53%,0,2.60%,-40.41%,,,,,,,,,,,,
,,,,,,,,,,,,,,,,,,2026,5/11/2026,$                                                       62.94,,,,,,,,,,4.84%,$             62.94,3.05,171.13,51.82,117.25,9%,172%,1.78%,5.88%,4.84%,-4.26%,-4.26%,0,2.60%,-41.20%,,,,,,,,,,,,
,,,,,,,,,,,,,,,,,,2026,5/12/2026,$                                                         62.11,,,,,,,,,,4.91%,$               62.11,3.05,171.13,51.82,117.25,9%,176%,1.78%,5.88%,4.91%,-2.98%,-2.98%,0,2.60%,-41.97%,,,,,,,,,,,,
,,,,,,,,,,,,,,,,,,2026,5/13/2026,$                                                        62.17,,,,,,,,,,4.90%,$              62.17,3.05,171.13,51.82,117.25,9%,175%,1.78%,5.88%,4.90%,-3.07%,-3.07%,0,2.60%,-41.92%,,,,,,,,,,,,
,,,,,,,,,,,,,,,,,,2026,5/14/2026,$                                                       62.05,,,,,,,,,,4.91%,$             62.05,3.05,171.13,51.82,117.25,9%,176%,1.78%,5.88%,4.91%,-2.88%,-2.88%,0,2.60%,-42.03%,,,,,,,,,,,,
,,,,,,,,,,,,,,,,,,2026,5/15/2026,$                                                        61.88,,,,,,,,,,4.92%,$              61.88,3.05,171.13,51.82,117.25,8%,177%,1.78%,5.88%,4.92%,-2.62%,-2.62%,0,2.60%,-42.19%,,,,,,,,,,,,
,,,,,,,,,,,,,,,,,,2026,5/19/2026,$                                                        62.81,,,,,,,,,,4.85%,$              62.81,3.05,171.13,51.82,117.25,9%,172%,1.78%,5.88%,4.85%,-4.06%,-4.06%,0,2.60%,-41.32%,,,,,,,,,,,,
,,,,,,,,,,,,,,,,,,2026,5/20/2026,$                                                       63.59,,,,,,,,,,4.79%,$             63.59,3.05,171.13,51.82,117.25,10%,169%,1.78%,5.88%,4.79%,-5.24%,-5.24%,0,2.60%,-40.59%,,,,,,,,,,,,
,,,,,,,,,,,,,,,,,,2026,5/21/2026,$                                                       63.50,,,,,,,,,,4.80%,$             63.50,3.05,171.13,51.82,117.25,10%,169%,1.78%,5.88%,4.80%,-5.10%,-5.10%,0,2.60%,-40.68%,,,,,,,,,,,,
,,,,,,,,,,,,,,,,,,2026,5/22/2026,$                                                       64.85,,,,,,,,,,4.70%,$             64.85,3.05,171.13,51.82,117.25,11%,164%,1.78%,5.88%,4.70%,-7.08%,-7.08%,0,2.60%,-39.42%,,,,,,,,,,,,
,,,,,,,,,,,,,,,,,,2026,5/25/2026,$                                                       64.97,,,,,,,,,,4.69%,$             64.97,3.05,171.13,51.82,117.25,11%,163%,1.78%,5.88%,4.69%,-7.25%,-7.25%,0,2.60%,-39.30%,,,,,,,,,,,,
,,,,,,,,,,,,,,,,,,2026,5/26/2026,$                                                       64.63,,,,,,,,,,4.71%,$             64.63,3.05,171.13,51.82,117.25,11%,165%,1.78%,5.88%,4.71%,-6.76%,-6.76%,0,2.60%,-39.62%,,,,,,,,,,,,
,,,,,,,,,,,,,,,,,,2026,5/27/2026,$                                                       65.00,,,,,,,,,,4.69%,$             65.00,3.05,171.13,51.82,117.25,11%,163%,1.78%,5.88%,4.69%,-7.29%,-7.29%,0,2.60%,-39.28%,,,,,,,,,,,,
,,,,,,,,,,,,,,,,,,2026,5/28/2026,$                                                       65.26,,,,,,,,,,4.67%,$             65.26,3.05,171.13,51.82,117.25,11%,162%,1.78%,5.88%,4.67%,-7.66%,-7.66%,0,2.60%,-39.03%,,,,,,,,,,,,
,,,,,,,,,,,,,,,,,,2026,5/29/2026,$                                                       66.29,,,,,,,,,,4.60%,$             66.29,3.05,171.13,51.82,117.25,12%,158%,1.78%,5.88%,4.60%,-9.10%,-9.10%,0,2.60%,-38.07%,,,,,,,,,,,,
,,,,,,,,,,,,,,,,,,2026,6/1/2026,$                                                       64.99,,,,,,,,,,4.69%,$             64.99,3.05,171.13,51.82,117.25,11%,163%,1.78%,5.88%,4.69%,-7.28%,-7.28%,0,2.60%,-39.28%,,,,,,,,,,,,
,,,,,,,,,,,,,,,,,,2026,6/2/2026,$                                                       64.28,,,,,,,,,,4.74%,$             64.28,3.05,171.13,51.82,117.25,10%,166%,1.78%,5.88%,4.74%,-6.25%,-6.25%,0,2.60%,-39.95%,,,,,,,,,,,,
,,,,,,,,,,,,,,,,,,2026,6/3/2026,$                                                       64.73,,,,,,,,,,4.71%,$             64.73,3.05,171.13,51.82,117.25,11%,164%,1.78%,5.88%,4.71%,-6.91%,-6.91%,0,2.60%,-39.53%,,,,,,,,,,,,
,,,,,,,,,,,,,,,,,,2026,6/4/2026,$                                                       64.25,,,,,,,,,,4.74%,$             64.25,3.05,171.13,51.82,117.25,10%,166%,1.78%,5.88%,4.74%,-6.21%,-6.21%,0,2.60%,-39.98%,,,,,,,,,,,,
,,,,,,,,,,,,,,,,,,2026,6/5/2026,$                                                        63.91,,,,,,,,,,4.77%,$              63.91,3.05,171.13,51.82,117.25,10%,168%,1.78%,5.88%,4.77%,-5.71%,-5.71%,0,2.60%,-40.29%,,,,,,,,,,,,
,,,,,,,,,,,,,,,,,,2026,6/8/2026,$                                                       64.37,,,,,,,,,,4.73%,$             64.37,3.05,171.13,51.82,117.25,11%,166%,1.78%,5.88%,4.73%,-6.38%,-6.38%,0,2.60%,-39.86%,,,,,,,,,,,,
,,,,,,,,,,,,,,,,,,2026,6/9/2026,$                                                       64.54,,,,,,,,,,4.72%,$             64.54,3.05,171.13,51.82,117.25,11%,165%,1.78%,5.88%,4.72%,-6.63%,-6.63%,0,2.60%,-39.70%,,,,,,,,,,,,
,,,,,,,,,,,,,,,,,,2026,6/10/2026,$                                                       64.76,,,,,,,,,,4.71%,$             64.76,3.05,171.13,51.82,117.25,11%,164%,1.78%,5.88%,4.71%,-6.95%,-6.95%,0,2.60%,-39.50%,,,,,,,,,,,,
,,,,,,,,,,,,,,,,,,2026,6/11/2026,$                                                       64.99,,,,,,,,,,4.69%,$             64.99,3.05,171.13,51.82,117.25,11%,163%,1.78%,5.88%,4.69%,-7.28%,-7.28%,0,2.60%,-39.28%,,,,,,,,,,,,
,,,,,,,,,,,,,,,,,,2026,6/12/2026,$                                                       65.53,,,,,,,,,,4.65%,$             65.53,3.05,171.13,51.82,117.25,11%,161%,1.78%,5.88%,4.65%,-8.04%,-8.04%,0,2.60%,-38.78%,,,,,,,,,,,,
,,,,,,,,,,,,,,,,,,2026,6/15/2026,$                                                       64.54,,,,,,,,,,4.72%,$             64.54,3.05,171.13,51.82,117.25,11%,165%,1.78%,5.88%,4.72%,-6.63%,-6.63%,0,2.60%,-39.70%,,,,,,,,,,,,
,,,,,,,,,,,,,,,,,,2026,6/16/2026,$                                                        64.10,,,,,,,,,,4.75%,$              64.10,3.05,171.13,51.82,117.25,10%,167%,1.78%,5.88%,4.75%,-5.99%,-5.99%,0,2.60%,-40.12%,,,,,,,,,,,,
,,,,,,,,,,,,,,,,,,2026,6/17/2026,$                                                       63.53,,,,,,,,,,4.80%,$             63.53,3.05,171.13,51.82,117.25,10%,169%,1.78%,5.88%,4.80%,-5.15%,-5.15%,0,2.60%,-40.65%,,,,,,,,,,,,
,,,,,,,,,,,,,,,,,,2026,6/18/2026,$                                                        61.92,,,,,,,,,,4.92%,$              61.92,3.05,171.13,51.82,117.25,8%,176%,1.78%,5.88%,4.92%,-2.68%,-2.68%,0,2.60%,-42.15%,,,,,,,,,,,,
,,,,,,,,,,,,,,,,,,2026,6/19/2026,$                                                       63.50,,,,,,,,,,4.80%,$             63.50,3.05,171.13,51.82,117.25,10%,169%,1.78%,5.88%,4.80%,-5.10%,-5.10%,0,2.60%,-40.68%,,,,,,,,,,,,
,,,,,,,,,,,,,,,,,,2026,6/22/2026,$                                                        61.78,,,,,,,,,,4.93%,$              61.78,3.05,171.13,51.82,117.25,8%,177%,1.78%,5.88%,4.93%,-2.46%,-2.46%,0,2.60%,-42.28%,,,,,,,,,,,,
,,,,,,,,,,,,,,,,,,2026,6/23/2026,$                                                       62.74,,,,,,,,,,4.86%,$             62.74,3.05,171.13,51.82,117.25,9%,173%,1.78%,5.88%,4.86%,-3.95%,-3.95%,0,2.60%,-41.39%,,,,,,,,,,,,
,,,,,,,,,,,,,,,,,,2026,6/24/2026,$                                                       62.46,,,,,,,,,,4.88%,$             62.46,3.05,171.13,51.82,117.25,9%,174%,1.78%,5.88%,4.88%,-3.52%,-3.52%,0,2.60%,-41.65%,,,,,,,,,,,,
,,,,,,,,,,,,,,,,,,2026,6/25/2026,$                                                       62.36,,,,,,,,,,4.89%,$             62.36,3.05,171.13,51.82,117.25,9%,174%,1.78%,5.88%,4.89%,-3.37%,-3.37%,0,2.60%,-41.74%,,,,,,,,,,,,
,,,,,,,,,,,,,,,,,,2026,6/26/2026,$                                                       63.24,,,,,,,,,,4.82%,$             63.24,3.05,171.13,51.82,117.25,10%,171%,1.78%,5.88%,4.82%,-4.71%,-4.71%,0,2.60%,-40.92%,,,,,,,,,,,,
,,,,,,,,,,,,,,,,,,2026,6/29/2026,$                                                       63.07,,,,,,,,,,4.83%,$             63.07,3.05,171.13,51.82,117.25,9%,171%,1.78%,5.88%,4.83%,-4.46%,-4.46%,0,2.60%,-41.08%,,,,,,,,,,,,
,,,,,,,,,,,,,,,,,,2026,6/30/2026,$                                                        61.96,,,,,,,,,,4.92%,$              61.96,3.05,171.13,51.82,117.25,8%,176%,1.78%,5.88%,4.92%,-2.74%,-2.74%,0,2.60%,-42.12%,,,,,,,,,,,,
,,,,,,,,,,,,,,,,,,2026,7/2/2026,$                                                       62.54,,,,,,,,,,4.87%,$             62.54,3.05,171.13,51.82,117.25,9%,174%,1.78%,5.88%,4.87%,-3.65%,-3.65%,0,2.60%,-41.57%,,,,,,,,,,,,
,,,,,,,,,,,,,,,,,,2026,7/3/2026,$                                                       63.47,,,,,,,,,,4.80%,$             63.47,3.05,171.13,51.82,117.25,10%,170%,1.78%,5.88%,4.80%,-5.06%,-5.06%,0,2.60%,-40.70%,,,,,,,,,,,,
,,,,,,,,,,,,,,,,,,2026,7/6/2026,$                                                       62.38,,,,,,,,,,4.88%,$             62.38,3.05,171.13,51.82,117.25,9%,174%,1.78%,5.88%,4.88%,-3.40%,-3.40%,0,2.60%,-41.72%,,,,,,,,,,,,
,,,,,,,,,,,,,,,,,,2026,7/7/2026,$                                                       62.50,,,,,,,,,,4.88%,$             62.50,3.05,171.13,51.82,117.25,9%,174%,1.78%,5.88%,4.88%,-3.58%,-3.58%,0,2.60%,-41.61%,,,,,,,,,,,,
,,,,,,,,,,,,,,,,,,2026,7/8/2026,$                                                       62.34,,,,,,,,,,4.89%,$             62.34,3.05,171.13,51.82,117.25,9%,175%,1.78%,5.88%,4.89%,-3.34%,-3.34%,0,2.60%,-41.76%,,,,,,,,,,,,
,,,,,,,,,,,,,,,,,,2026,7/9/2026,$                                                       62.90,,,,,,,,,,4.84%,$             62.90,3.05,171.13,51.82,117.25,9%,172%,1.78%,5.88%,4.84%,-4.20%,-4.20%,0,2.60%,-41.24%,,,,,,,,,,,,
,,,,,,,,,,,,,,,,,,2026,7/10/2026,$                                                       62.40,,,,,,,,,,4.88%,$             62.40,3.05,171.13,51.82,117.25,9%,174%,1.78%,5.88%,4.88%,-3.43%,-3.43%,0,2.60%,-41.70%,,,,,,,,,,,,
,,,,,,,,,,,,,,,,,,2026,7/13/2026,$                                                       62.97,,,,,,,,,,4.84%,$             62.97,3.05,171.13,51.82,117.25,9%,172%,1.78%,5.88%,4.84%,-4.30%,-4.30%,0,2.60%,-41.17%,,,,,,,,,,,,
,,,,,,,,,,,,,,,,,,2026,7/14/2026,$                                                        62.61,,,,,,,,,,4.87%,$              62.61,3.05,171.13,51.82,117.25,9%,173%,1.78%,5.88%,4.87%,-3.75%,-3.75%,0,2.60%,-41.51%,,,,,,,,,,,,
,,,,,,,,,,,,,,,,,,2026,7/15/2026,$                                                       63.57,,,,,,,,,,4.79%,$             63.57,3.05,171.13,51.82,117.25,10%,169%,1.78%,5.88%,4.79%,-5.21%,-5.21%,0,2.60%,-40.61%,,,,,,,,,,,,
,,,,,,,,,,,,,,,,,,2026,7/16/2026,$                                                        62.12,,,,,,,,,,4.91%,$              62.12,3.05,171.13,51.82,117.25,9%,175%,1.78%,5.88%,4.91%,-2.99%,-2.99%,0,2.60%,-41.97%,,,,,,,,,,,,
,,,,,,,,,,,,,,,,,,2026,7/17/2026,$                                                       62.99,,,,,,,,,,4.84%,$             62.99,3.05,171.13,51.82,117.25,9%,172%,1.78%,5.88%,4.84%,-4.33%,-4.33%,0,2.60%,-41.15%,,,,,,,,,,,,
,,,,,,,,,,,,,,,,,,2026,7/20/2026,$                                                        62.31,,,,,,,,,,4.89%,$              62.31,3.05,171.13,51.82,117.25,9%,175%,1.78%,5.88%,4.89%,-3.29%,-3.29%,0,2.60%,-41.79%,,,,,,,,,,,,
,,,,,,,,,,,,,,,,,,2026,7/21/2026,$                                                         61.16,,,,,,,,,,4.98%,$               61.16,3.05,171.13,51.82,117.25,8%,180%,1.78%,5.88%,4.98%,-1.47%,-1.47%,0,2.60%,-42.86%,,,,,,,,,,,,
,,,,,,,,,,,,,,,,,,2026,7/22/2026,$                                                       60.87,,,,,,,,,,5.01%,$             60.87,3.05,171.13,51.82,117.25,8%,181%,1.78%,5.88%,5.01%,-1.00%,-1.00%,0,2.60%,-43.13%,,,,,,,,,,,,
,,,,,,,,,,,,,,,,,,2026,7/23/2026,$                                                       60.67,,,,,,,,,,5.02%,$             60.67,3.05,171.13,51.82,117.25,7%,182%,1.78%,5.88%,5.02%,-0.68%,-0.68%,0,2.60%,-43.32%,,,,,,,,,,,,
,,,,,,,,,,,,,,,,,,2026,7/24/2026,$                                                       60.26,,,,,,,,,,5.06%,$             60.26,3.05,171.13,51.82,117.25,7%,184%,1.78%,5.88%,5.06%,0.00%,0.00%,0,2.60%,-43.70%,,,,,,,,,,,,
