,,,,,,,,,,,,,,,,,TRAIL 12M,AÑO DE INICIO,TICKER,Nombre,,,,,,,,,,RATING,UPSIDE,PRECIO ACTUAL,PRECIO COMPRA,MEDIANA MAXIMA,PRECIO MAXIMO,BANDA MAXIMA,YIELD MAXIMO,YIELD OVERVALUED,YIELD MEDIO,YOC MAXIMO,G/P MAXIMAS,G/P MAXIMAS CON DIV,RATING MAXIMO,,,,COTIZACIÓN,,,SI,,,MAXIMO,MINIMO,ANCHO,DIVISION,MARCAS
,,,,,,,,,,,,,,,,,NO,2016,SCMN SW,Swisscom AG,,,,,,,,,,116%,-4%,$     631.50,$       446.00,$       507.50,$          726.50,$       605.43,5.13%,3.63%,4.32%,5.13%,47.34%,67.87%,176%,,,,,,,NO,,,5.09%,3.08%,2.01%,0.03%,67
,,,,,,,,,,,,,,,,,CONFIANZA,EXTRA,YOC,FECHA COMPRA,,,,,,,,,,PRECIO MEDIANA,UPSIDE MEDIANA,YIELD ACTUAL,PRECIO VENTA,MEDIANA MINIMA,PRECIO MINIMO,BANDA MINIMA,YIELD MINIMO,YIELD UNDERVALUED,MEDIANA YIELD,YOC MINIMO,G/P MINIMAS,G/P MINIMAS CON DIV,RATING MINIMO,,,,3Y CAGR,0.00%,,Swisscom AG - Max. DrawDown (%),,,,,,,
,,,,,,,,,,,,,,,,,90%,NO,4.93%,11/10/2017,,,,,,,,,,$       507.50,-20%,3.48%,$       605.43,$       507.50,$          428.60,$       446.00,3.03%,4.93%,4.33%,3.03%,-13.08%,-13.08%,-11%,,,,5Y CAGR,0.00%,,Swisscom AG - Returns (%),,,,,,,
,,,,,,,,,,,,,,,,,,,,,,,,,,,,,,,,,,,,,,,,,,,,,,,10Y CAGR,0.00%,,Swisscom AG - Yield On Cost (YOC),,,,,,,
,,,,,,,,,,,,,,,,,,YEAR,Date,Close,RSM POSITIVO,RSM NEGATIVO,Date,Close,Date,Close,RSD,MA(RSD),MRS = (( RSD(today) /ma(RSD(today). n)) - 1 ) * 100,YIELD,PRICE,DPS,CHANEL O,CHANEL U,CHANEL M,RATING,UPSIDE,OVERVALUED,UNDERVALUED,YOC,PRECIO,DIVIDENDOS,DIVIDENDOS DESDE COMPRA,MEDIANA YIELD,MAX. DRAWDOWN,,AÑO,DIVIDENDOS,% YoY,Swisscom AG - Rating: 116% - Upside: -4%,,,Nº,INTERVALOS,FRECUENCIA,F. ACUMULADA,% TOTAL
,,,,,,,,,,,,,,,,,,2016,1/4/2016,$                                                    494.00,,,12/29/2014,,12/29/2014,,,,,4.45%,494.00 CHF,22.00,605.43,446.00,507.50,30%,23%,3.63%,4.93%,4.45%,27.83%,45.65%,88,4.33%,0.00%,,1997,0.00,-,116,,,0,3.08%,5,5,0.19%
,,,,,,,,,,,,,,,,,,2016,1/5/2016,496.10 CHF,,,1/5/2015,,1/5/2015,,,,,4.43%,496.10 CHF,22.00,605.43,446.00,507.50,31%,22%,3.63%,4.93%,4.43%,27.29%,45.03%,88,4.33%,0.00%,,1998,0.00,,-4,,,1,3.11%,8,13,0.30%
,,,,,,,,,,,,,,,,,,2016,1/6/2016,495.40 CHF,,,1/12/2015,,1/12/2015,,,,,4.44%,495.40 CHF,22.00,605.43,446.00,507.50,31%,22%,3.63%,4.93%,4.44%,27.47%,45.24%,88,4.33%,-0.14%,,1999,0.00,,,,,2,3.14%,2,15,0.08%
,,,,,,,,,,,,,,,,,,2016,1/7/2016,492.50 CHF,,,1/19/2015,,1/20/2015,,,,,4.47%,492.50 CHF,22.00,605.43,446.00,507.50,29%,23%,3.63%,4.93%,4.47%,28.22%,46.09%,88,4.33%,-0.73%,,2000,0.00,,1/1/1970,1970,,3,3.17%,1,16,0.04%
,,,,,,,,,,,,,,,,,,2016,1/8/2016,488.40 CHF,,,1/26/2015,,1/26/2015,,,,,4.50%,488.40 CHF,22.00,605.43,446.00,507.50,27%,24%,3.63%,4.93%,4.50%,29.30%,47.32%,88,4.33%,-1.55%,,2001,0.00,,1/1/1971,1971,,4,3.20%,5,21,0.19%
,,,,,,,,,,,,,,,,,,2016,1/11/2016,487.90 CHF,,,2/2/2015,,2/2/2015,,,,,4.51%,487.90 CHF,22.00,605.43,446.00,507.50,26%,24%,3.63%,4.93%,4.51%,29.43%,47.47%,88,4.33%,-1.65%,,2002,11.00,,1/1/1972,1972,,5,3.23%,6,27,0.23%
,,,,,,,,,,,,,,,,,,2016,1/12/2016,492.40 CHF,,,2/9/2015,,2/9/2015,,,,,4.47%,492.40 CHF,22.00,605.43,446.00,507.50,29%,23%,3.63%,4.93%,4.47%,28.25%,46.12%,88,4.33%,-0.75%,,2003,12.00,9.09%,1/1/1973,1973,,6,3.26%,13,40,0.49%
,,,,,,,,,,,,,,,,,,2016,1/13/2016,497.50 CHF,,,2/16/2015,,2/17/2015,,,,,4.42%,497.50 CHF,22.00,605.43,446.00,507.50,32%,22%,3.63%,4.93%,4.42%,26.93%,44.62%,88,4.33%,0.00%,,2004,13.00,8.33%,1/1/1974,1974,,7,3.29%,9,49,0.34%
,,,,,,,,,,,,,,,,,,2016,1/14/2016,487.30 CHF,,,2/23/2015,,2/23/2015,,,,,4.51%,487.30 CHF,22.00,605.43,446.00,507.50,26%,24%,3.63%,4.93%,4.51%,29.59%,47.65%,88,4.33%,-2.05%,,2005,14.00,7.69%,1/1/1975,1975,,8,3.32%,15,64,0.57%
,,,,,,,,,,,,,,,,,,2016,1/15/2016,477.70 CHF,,,3/2/2015,,3/2/2015,,,,,4.61%,477.70 CHF,22.00,605.43,446.00,507.50,20%,27%,3.63%,4.93%,4.61%,32.20%,50.62%,88,4.33%,-3.98%,,2006,16.00,14.29%,1/1/1976,1976,,9,3.35%,7,71,0.26%
,,,,,,,,,,,,,,,,,,2016,1/18/2016,475.00 CHF,,,3/9/2015,,3/9/2015,,,,,4.63%,475.00 CHF,22.00,605.43,446.00,507.50,18%,27%,3.63%,4.93%,4.63%,32.95%,51.47%,88,4.33%,-4.52%,,2007,17.00,6.25%,1/1/1977,1977,,10,3.38%,5,76,0.19%
,,,,,,,,,,,,,,,,,,2016,1/19/2016,481.40 CHF,,,3/16/2015,,3/16/2015,,,,,4.57%,481.40 CHF,22.00,605.43,446.00,507.50,22%,26%,3.63%,4.93%,4.57%,31.18%,49.46%,88,4.33%,-3.24%,,2008,18.00,5.88%,1/1/1978,1978,,11,3.41%,1,77,0.04%
,,,,,,,,,,,,,,,,,,2016,1/20/2016,465.60 CHF,,,3/23/2015,,3/23/2015,,,,,4.73%,465.60 CHF,22.00,605.43,446.00,507.50,12%,30%,3.63%,4.93%,4.73%,35.63%,54.53%,88,4.33%,-6.41%,,2009,19.00,5.56%,1/1/1979,1979,,12,3.44%,7,84,0.26%
,,,,,,,,,,,,,,,,,,2016,1/21/2016,469.90 CHF,,,3/30/2015,,3/30/2015,,,,,4.68%,469.90 CHF,22.00,605.43,446.00,507.50,15%,29%,3.63%,4.93%,4.68%,34.39%,53.12%,88,4.33%,-5.55%,,2010,20.00,5.26%,1/1/1980,1980,,13,3.47%,12,96,0.45%
,,,,,,,,,,,,,,,,,,2016,1/22/2016,487.80 CHF,,,4/7/2015,,4/6/2015,,,,,4.51%,487.80 CHF,22.00,605.43,446.00,507.50,26%,24%,3.63%,4.93%,4.51%,29.46%,47.50%,88,4.33%,-1.95%,,2011,12.00,-40.00%,1/1/1981,1981,,14,3.50%,7,103,0.26%
,,,,,,,,,,,,,,,,,,2016,1/25/2016,488.80 CHF,,,4/13/2015,,4/13/2015,,,,,4.50%,488.80 CHF,22.00,605.43,446.00,507.50,27%,24%,3.63%,4.93%,4.50%,29.19%,47.20%,88,4.33%,-1.75%,,2012,22.00,83.33%,1/1/1982,1982,,15,3.53%,3,106,0.11%
,,,,,,,,,,,,,,,,,,2016,1/26/2016,490.50 CHF,,,4/20/2015,,4/20/2015,,,,,4.49%,490.50 CHF,22.00,605.43,446.00,507.50,28%,23%,3.63%,4.93%,4.49%,28.75%,46.69%,88,4.33%,-1.41%,,2013,22.00,0.00%,1/1/1983,1983,,16,3.56%,6,112,0.23%
,,,,,,,,,,,,,,,,,,2016,1/27/2016,497.70 CHF,,,4/27/2015,,4/27/2015,,,,,4.42%,497.70 CHF,22.00,605.43,446.00,507.50,32%,22%,3.63%,4.93%,4.42%,26.88%,44.56%,88,4.33%,0.00%,,2014,22.00,0.00%,1/1/1984,1984,,17,3.59%,5,117,0.19%
,,,,,,,,,,,,,,,,,,2016,1/28/2016,497.90 CHF,,,5/4/2015,,5/4/2015,,,,,4.42%,497.90 CHF,22.00,605.43,446.00,507.50,33%,22%,3.63%,4.93%,4.42%,26.83%,44.51%,88,4.33%,0.00%,,2015,22.00,0.00%,1/1/1985,1985,,18,3.62%,13,130,0.49%
,,,,,,,,,,,,,,,,,,2016,1/29/2016,504.50 CHF,,,5/11/2015,,5/11/2015,,,,,4.36%,504.50 CHF,22.00,605.43,446.00,507.50,37%,20%,3.63%,4.93%,4.36%,25.17%,42.62%,88,4.33%,0.00%,,2016,22.00,0.00%,1/1/1986,1986,,19,3.65%,11,141,0.41%
,,,,,,,,,,,,,,,,,,2016,2/1/2016,505.50 CHF,,,5/18/2015,,5/18/2015,,,,,4.35%,505.50 CHF,22.00,605.43,446.00,507.50,37%,20%,3.63%,4.93%,4.35%,24.93%,42.33%,88,4.33%,0.00%,,2017,22.00,0.00%,1/1/1987,1987,,20,3.68%,15,156,0.57%
,,,,,,,,,,,,,,,,,,2016,2/2/2016,500.00 CHF,,,5/26/2015,,5/26/2015,,,,,4.40%,500.00 CHF,22.00,605.43,446.00,507.50,34%,21%,3.63%,4.93%,4.40%,26.30%,43.90%,88,4.33%,-1.09%,,2018,22.00,0.00%,1/1/1988,1988,,21,3.71%,27,183,1.02%
,,,,,,,,,,,,,,,,,,2016,2/3/2016,501.00 CHF,,,6/1/2015,,6/1/2015,,,,,4.39%,501.00 CHF,22.00,605.43,446.00,507.50,34%,21%,3.63%,4.93%,4.39%,26.05%,43.61%,88,4.33%,-0.89%,,2019,22.00,0.00%,1/1/1989,1989,,22,3.74%,39,222,1.47%
,,,,,,,,,,,,,,,,,,2016,2/4/2016,484.90 CHF,,,6/8/2015,,6/8/2015,,,,,4.54%,484.90 CHF,22.00,605.43,446.00,507.50,24%,25%,3.63%,4.93%,4.54%,30.23%,48.38%,88,4.33%,-4.08%,,2020,22.00,0.00%,1/1/1990,1990,,23,3.77%,37,259,1.39%
,,,,,,,,,,,,,,,,,,2016,2/5/2016,481.80 CHF,,,6/15/2015,,6/15/2015,,,,,4.57%,481.80 CHF,22.00,605.43,446.00,507.50,22%,26%,3.63%,4.93%,4.57%,31.07%,49.34%,88,4.33%,-4.69%,,2021,22.00,0.00%,1/1/1991,1991,,24,3.80%,34,293,1.28%
,,,,,,,,,,,,,,,,,,2016,2/8/2016,475.00 CHF,,,6/22/2015,,6/22/2015,,,,,4.63%,475.00 CHF,22.00,605.43,446.00,507.50,18%,27%,3.63%,4.93%,4.63%,32.95%,51.47%,88,4.33%,-6.03%,,2022,22.00,0.00%,1/1/1992,1992,,25,3.83%,25,318,0.94%
,,,,,,,,,,,,,,,,,,2016,2/9/2016,466.50 CHF,,,6/29/2015,,6/29/2015,,,,,4.72%,466.50 CHF,22.00,605.43,446.00,507.50,13%,30%,3.63%,4.93%,4.72%,35.37%,54.23%,88,4.33%,-7.72%,,2023,22.00,0.00%,1/1/1993,1993,,26,3.86%,41,359,1.54%
,,,,,,,,,,,,,,,,,,2016,2/10/2016,473.30 CHF,,,7/6/2015,,7/6/2015,,,,,4.65%,473.30 CHF,22.00,605.43,446.00,507.50,17%,28%,3.63%,4.93%,4.65%,33.42%,52.02%,88,4.33%,-6.37%,,2024,22.00,0.00%,1/1/1994,1994,,27,3.89%,42,401,1.58%
,,,,,,,,,,,,,,,,,,2016,2/11/2016,460.30 CHF,,,7/13/2015,,7/13/2015,,,,,4.78%,460.30 CHF,22.00,605.43,446.00,507.50,9%,32%,3.63%,4.93%,4.78%,37.19%,56.31%,88,4.33%,-8.94%,,2025,22.00,0.00%,1/1/1995,1995,,28,3.92%,51,452,1.92%
,,,,,,,,,,,,,,,,,,2016,2/12/2016,466.00 CHF,,,7/20/2015,,7/20/2015,,,,,4.72%,466.00 CHF,22.00,605.43,446.00,507.50,13%,30%,3.63%,4.93%,4.72%,35.52%,54.40%,88,4.33%,-7.81%,,2026,22.00,0.00%,1/1/1996,1996,,29,3.95%,37,489,1.39%
,,,,,,,,,,,,,,,,,,2016,2/15/2016,479.70 CHF,,,7/27/2015,,7/27/2015,,,,,4.59%,479.70 CHF,22.00,605.43,446.00,507.50,21%,26%,3.63%,4.93%,4.59%,31.64%,49.99%,88,4.33%,-5.10%,,,,,1/1/1997,1997,,30,3.98%,43,532,1.62%
,,,,,,,,,,,,,,,,,,2016,2/16/2016,478.10 CHF,,,8/3/2015,,8/3/2015,,,,,4.60%,478.10 CHF,22.00,605.43,446.00,507.50,20%,27%,3.63%,4.93%,4.60%,32.09%,50.49%,88,4.33%,-5.42%,,,,,1/1/1998,1998,,31,4.01%,62,594,2.34%
,,,,,,,,,,,,,,,,,,2016,2/17/2016,487.70 CHF,,,8/10/2015,,8/10/2015,,,,,4.51%,487.70 CHF,22.00,605.43,446.00,507.50,26%,24%,3.63%,4.93%,4.51%,29.49%,47.53%,88,4.33%,-3.52%,,,,,1/1/1999,1999,,32,4.04%,40,634,1.51%
,,,,,,,,,,,,,,,,,,2016,2/18/2016,493.50 CHF,,,8/17/2015,,8/17/2015,,,,,4.46%,493.50 CHF,22.00,605.43,446.00,507.50,30%,23%,3.63%,4.93%,4.46%,27.96%,45.80%,88,4.33%,-2.37%,,,,,1/1/2000,2000,,33,4.07%,50,684,1.88%
,,,,,,,,,,,,,,,,,,2016,2/19/2016,483.10 CHF,,,8/24/2015,,8/24/2015,,,,,4.55%,483.10 CHF,22.00,605.43,446.00,507.50,23%,25%,3.63%,4.93%,4.55%,30.72%,48.93%,88,4.33%,-4.43%,,,,,1/1/2001,2001,,34,4.10%,60,744,2.26%
,,,,,,,,,,,,,,,,,,2016,2/22/2016,492.70 CHF,,,8/31/2015,,8/31/2015,,,,,4.47%,492.70 CHF,22.00,605.43,446.00,507.50,29%,23%,3.63%,4.93%,4.47%,28.17%,46.03%,88,4.33%,-2.53%,,,,,1/1/2002,2002,,35,4.13%,67,811,2.52%
,,,,,,,,,,,,,,,,,,2016,2/23/2016,478.10 CHF,,,9/7/2015,,9/8/2015,,,,,4.60%,478.10 CHF,22.00,605.43,446.00,507.50,20%,27%,3.63%,4.93%,4.60%,32.09%,50.49%,88,4.33%,-5.42%,,,,,1/1/2003,2003,,36,4.16%,60,871,2.26%
,,,,,,,,,,,,,,,,,,2016,2/24/2016,470.80 CHF,,,9/14/2015,,9/14/2015,,,,,4.67%,470.80 CHF,22.00,605.43,446.00,507.50,16%,29%,3.63%,4.93%,4.67%,34.13%,52.82%,88,4.33%,-6.86%,,,,,1/1/2004,2004,,37,4.19%,55,926,2.07%
,,,,,,,,,,,,,,,,,,2016,2/25/2016,486.20 CHF,,,9/21/2015,,9/21/2015,,,,,4.52%,486.20 CHF,22.00,605.43,446.00,507.50,25%,25%,3.63%,4.93%,4.52%,29.88%,47.98%,88,4.33%,-3.82%,,,,,1/1/2005,2005,,38,4.22%,89,1015,3.35%
,,,,,,,,,,,,,,,,,,2016,2/26/2016,491.60 CHF,,,9/28/2015,,9/28/2015,,,,,4.48%,491.60 CHF,22.00,605.43,446.00,507.50,29%,23%,3.63%,4.93%,4.48%,28.46%,46.36%,88,4.33%,-2.75%,,,,,1/1/2006,2006,,39,4.25%,91,1106,3.43%
,,,,,,,,,,,,,,,,,,2016,2/29/2016,489.90 CHF,,,10/5/2015,,10/5/2015,,,,,4.49%,489.90 CHF,22.00,605.43,446.00,507.50,28%,24%,3.63%,4.93%,4.49%,28.90%,46.87%,88,4.33%,-3.09%,,,,,1/1/2007,2007,,40,4.28%,89,1195,3.35%
,,,,,,,,,,,,,,,,,,2016,3/1/2016,499.30 CHF,,,10/12/2015,,10/12/2015,,,,,4.41%,499.30 CHF,22.00,605.43,446.00,507.50,33%,21%,3.63%,4.93%,4.41%,26.48%,44.10%,88,4.33%,-1.23%,,,,,1/1/2008,2008,,41,4.31%,141,1336,5.31%
,,,,,,,,,,,,,,,,,,2016,3/2/2016,498.80 CHF,,,10/19/2015,,10/19/2015,,,,,4.41%,498.80 CHF,22.00,605.43,446.00,507.50,33%,21%,3.63%,4.93%,4.41%,26.60%,44.25%,88,4.33%,-1.33%,,,,,1/1/2009,2009,,42,4.34%,108,1444,4.07%
,,,,,,,,,,,,,,,,,,2016,3/3/2016,498.50 CHF,,,10/26/2015,,10/26/2015,,,,,4.41%,498.50 CHF,22.00,605.43,446.00,507.50,33%,21%,3.63%,4.93%,4.41%,26.68%,44.33%,88,4.33%,-1.38%,,,,,1/1/2010,2010,,43,4.37%,78,1522,2.94%
,,,,,,,,,,,,,,,,,,2016,3/4/2016,498.50 CHF,,,11/2/2015,,11/2/2015,,,,,4.41%,498.50 CHF,22.00,605.43,446.00,507.50,33%,21%,3.63%,4.93%,4.41%,26.68%,44.33%,88,4.33%,-1.38%,,,,,1/1/2011,2011,,44,4.40%,70,1592,2.64%
,,,,,,,,,,,,,,,,,,2016,3/7/2016,502.00 CHF,,,11/9/2015,,11/9/2015,,,,,4.38%,502.00 CHF,22.00,605.43,446.00,507.50,35%,21%,3.63%,4.93%,4.38%,25.80%,43.33%,88,4.33%,-0.69%,,,,,1/1/2012,2012,,45,4.43%,83,1675,3.13%
,,,,,,,,,,,,,,,,,,2016,3/8/2016,508.00 CHF,,,11/16/2015,,11/16/2015,,,,,4.33%,508.00 CHF,22.00,605.43,446.00,507.50,39%,19%,3.63%,4.93%,4.33%,24.31%,41.63%,88,4.33%,0.00%,,,,,1/1/2013,2013,,46,4.46%,63,1738,2.37%
,,,,,,,,,,,,,,,,,,2016,3/9/2016,511.50 CHF,,,11/23/2015,,11/23/2015,,,,,4.30%,511.50 CHF,22.00,605.43,446.00,507.50,41%,18%,3.63%,4.93%,4.30%,23.46%,40.66%,88,4.33%,0.00%,,,,,1/1/2014,2014,,47,4.49%,61,1799,2.30%
,,,,,,,,,,,,,,,,,,2016,3/10/2016,508.50 CHF,,,11/30/2015,,11/30/2015,,,,,4.33%,508.50 CHF,22.00,605.43,446.00,507.50,39%,19%,3.63%,4.93%,4.33%,24.19%,41.49%,88,4.33%,-0.59%,,,,,1/1/2015,2015,,48,4.52%,57,1856,2.15%
,,,,,,,,,,,,,,,,,,2016,3/11/2016,519.00 CHF,,,12/7/2015,,12/7/2015,,,,,4.24%,519.00 CHF,22.00,605.43,446.00,507.50,46%,17%,3.63%,4.93%,4.24%,21.68%,38.63%,88,4.33%,0.00%,,,,,1/1/2016,2016,,49,4.55%,72,1928,2.71%
,,,,,,,,,,,,,,,,,,2016,3/14/2016,516.50 CHF,,,12/14/2015,,12/14/2015,,,,,4.26%,516.50 CHF,22.00,605.43,446.00,507.50,44%,17%,3.63%,4.93%,4.26%,22.27%,39.30%,88,4.33%,-0.48%,,,,,1/1/2017,2017,,50,4.58%,82,2010,3.09%
,,,,,,,,,,,,,,,,,,2016,3/15/2016,513.50 CHF,,,12/21/2015,,12/21/2015,,,,,4.28%,513.50 CHF,22.00,605.43,446.00,507.50,42%,18%,3.63%,4.93%,4.28%,22.98%,40.12%,88,4.33%,-1.06%,,,,,1/1/2018,2018,,51,4.61%,62,2072,2.34%
,,,,,,,,,,,,,,,,,,2016,3/16/2016,516.00 CHF,,,12/28/2015,,12/28/2015,,,,,4.26%,516.00 CHF,22.00,605.43,446.00,507.50,44%,17%,3.63%,4.93%,4.26%,22.38%,39.44%,88,4.33%,-0.58%,,,,,1/1/2019,2019,,52,4.64%,52,2124,1.96%
,,,,,,,,,,,,,,,,,,2016,3/17/2016,519.50 CHF,,,1/4/2016,,1/4/2016,,,,,4.23%,519.50 CHF,22.00,605.43,446.00,507.50,46%,17%,3.63%,4.93%,4.23%,21.56%,38.50%,88,4.33%,0.00%,,,,,1/1/2020,2020,,53,4.67%,56,2180,2.11%
,,,,,,,,,,,,,,,,,,2016,3/18/2016,520.50 CHF,,,1/11/2016,,1/11/2016,,,,,4.23%,520.50 CHF,22.00,605.43,446.00,507.50,47%,16%,3.63%,4.93%,4.23%,21.33%,38.23%,88,4.33%,0.00%,,,,,,,,54,4.70%,60,2240,2.26%
,,,,,,,,,,,,,,,,,,2016,3/21/2016,521.00 CHF,,,1/18/2016,,1/19/2016,,,,,4.22%,521.00 CHF,22.00,605.43,446.00,507.50,47%,16%,3.63%,4.93%,4.22%,21.21%,38.10%,88,4.33%,0.00%,,,,,,,,55,4.73%,39,2279,1.47%
,,,,,,,,,,,,,,,,,,2016,3/22/2016,520.00 CHF,,,1/25/2016,,1/25/2016,,,,,4.23%,520.00 CHF,22.00,605.43,446.00,507.50,46%,16%,3.63%,4.93%,4.23%,21.44%,38.37%,88,4.33%,-0.19%,,,,,,,,56,4.76%,41,2320,1.54%
,,,,,,,,,,,,,,,,,,2016,3/23/2016,520.50 CHF,,,2/1/2016,,2/1/2016,,,,,4.23%,520.50 CHF,22.00,605.43,446.00,507.50,47%,16%,3.63%,4.93%,4.23%,21.33%,38.23%,88,4.33%,-0.10%,,,,,,80%,,57,4.79%,40,2360,1.51%
,,,,,,,,,,,,,,,,,,2016,3/24/2016,514.50 CHF,,,2/8/2016,,2/8/2016,,,,,4.28%,514.50 CHF,22.00,605.43,446.00,507.50,43%,18%,3.63%,4.93%,4.28%,22.74%,39.84%,88,4.33%,-1.25%,,,,,,81%,,58,4.82%,44,2404,1.66%
,,,,,,,,,,,,,,,,,,2016,3/29/2016,518.50 CHF,,,2/15/2016,,2/16/2016,,,,,4.24%,518.50 CHF,22.00,605.43,446.00,507.50,45%,17%,3.63%,4.93%,4.24%,21.79%,38.77%,88,4.33%,-0.48%,,,,,,82%,,59,4.85%,39,2443,1.47%
,,,,,,,,,,,,,,,,,,2016,3/30/2016,525.50 CHF,,,2/22/2016,,2/22/2016,,,,,4.19%,525.50 CHF,22.00,605.43,446.00,507.50,50%,15%,3.63%,4.93%,4.19%,20.17%,36.92%,88,4.33%,0.00%,,,,,,83%,,60,4.88%,32,2475,1.21%
,,,,,,,,,,,,,,,,,,2016,3/31/2016,522.00 CHF,,,2/29/2016,,2/29/2016,,,,,4.21%,522.00 CHF,22.00,605.43,446.00,507.50,48%,16%,3.63%,4.93%,4.21%,20.98%,37.84%,88,4.33%,-0.67%,,,,,,84%,,61,4.91%,37,2512,1.39%
,,,,,,,,,,,,,,,,,,2016,4/1/2016,522.50 CHF,,,3/7/2016,,3/7/2016,,,,,4.21%,522.50 CHF,22.00,605.43,446.00,507.50,48%,16%,3.63%,4.93%,4.21%,20.86%,37.70%,88,4.33%,-0.57%,,,,,,85%,,62,4.94%,36,2548,1.36%
,,,,,,,,,,,,,,,,,,2016,4/4/2016,524.00 CHF,,,3/14/2016,,3/14/2016,,,,,4.20%,524.00 CHF,22.00,605.43,446.00,507.50,49%,16%,3.63%,4.93%,4.20%,20.52%,37.31%,88,4.33%,-0.29%,,,,,,86%,,63,4.97%,16,2564,0.60%
,,,,,,,,,,,,,,,,,,2016,4/5/2016,515.00 CHF,,,3/21/2016,,3/21/2016,,,,,4.27%,515.00 CHF,22.00,605.43,446.00,507.50,43%,18%,3.63%,4.93%,4.27%,22.62%,39.71%,88,4.33%,-2.00%,,,,,,87%,,64,5.00%,20,2584,0.75%
,,,,,,,,,,,,,,,,,,2016,4/6/2016,521.00 CHF,,,3/29/2016,,3/28/2016,,,,,4.22%,521.00 CHF,22.00,605.43,446.00,507.50,47%,16%,3.63%,4.93%,4.22%,21.21%,38.10%,88,4.33%,-0.86%,,,,,,88%,,65,5.03%,23,2607,0.87%
,,,,,,,,,,,,,,,,,,2016,4/7/2016,522.50 CHF,,,4/4/2016,,4/4/2016,,,,,4.21%,522.50 CHF,22.00,605.43,446.00,507.50,48%,16%,3.63%,4.93%,4.21%,20.86%,37.70%,88,4.33%,-0.57%,,,,,,89%,,66,5.06%,20,2627,0.75%
,,,,,,,,,,,,,,,,,,2016,4/8/2016,502.00 CHF,,,4/11/2016,,4/11/2016,,,,,4.38%,502.00 CHF,22.00,605.43,446.00,507.50,35%,21%,3.63%,4.93%,4.38%,25.80%,43.33%,88,4.33%,-4.47%,,,,,,90%,,67,5.09%,0,2627,0.00%
,,,,,,,,,,,,,,,,,,2016,4/11/2016,497.60 CHF,,,4/18/2016,,4/18/2016,,,,,4.42%,497.60 CHF,22.00,605.43,446.00,507.50,32%,22%,3.63%,4.93%,4.42%,26.91%,44.59%,88,4.33%,-5.31%,,,,,,91%,,68,,,,
,,,,,,,,,,,,,,,,,,2016,4/12/2016,499.60 CHF,,,4/25/2016,,4/25/2016,,,,,4.40%,499.60 CHF,22.00,605.43,446.00,507.50,34%,21%,3.63%,4.93%,4.40%,26.40%,44.02%,88,4.33%,-4.93%,,,,,,92%,,69,,,,
,,,,,,,,,,,,,,,,,,2016,4/13/2016,495.90 CHF,,,5/2/2016,,5/2/2016,,,,,4.44%,495.90 CHF,22.00,605.43,446.00,507.50,31%,22%,3.63%,4.93%,4.44%,27.34%,45.09%,88,4.33%,-5.63%,,,,,,93%,,70,,,,
,,,,,,,,,,,,,,,,,,2016,4/14/2016,497.30 CHF,,,5/9/2016,,5/9/2016,,,,,4.42%,497.30 CHF,22.00,605.43,446.00,507.50,32%,22%,3.63%,4.93%,4.42%,26.99%,44.68%,88,4.33%,-5.37%,,,,,,94%,,71,,,,
,,,,,,,,,,,,,,,,,,2016,4/15/2016,495.70 CHF,,,5/17/2016,,5/16/2016,,,,,4.44%,495.70 CHF,22.00,605.43,446.00,507.50,31%,22%,3.63%,4.93%,4.44%,27.40%,45.15%,88,4.33%,-5.67%,,,,,,95%,,72,,,,
,,,,,,,,,,,,,,,,,,2016,4/18/2016,496.20 CHF,,,5/23/2016,,5/23/2016,,,,,4.43%,496.20 CHF,22.00,605.43,446.00,507.50,31%,22%,3.63%,4.93%,4.43%,27.27%,45.00%,88,4.33%,-5.58%,,,,,,96%,,73,,,,
,,,,,,,,,,,,,,,,,,2016,4/19/2016,506.00 CHF,,,5/30/2016,,5/31/2016,,,,,4.35%,506.00 CHF,22.00,605.43,446.00,507.50,38%,20%,3.63%,4.93%,4.35%,24.80%,42.19%,88,4.33%,-3.71%,,,,,,97%,,74,,,,
,,,,,,,,,,,,,,,,,,2016,4/20/2016,506.00 CHF,,,6/6/2016,,6/6/2016,,,,,4.35%,506.00 CHF,22.00,605.43,446.00,507.50,38%,20%,3.63%,4.93%,4.35%,24.80%,42.19%,88,4.33%,-3.71%,,,,,,98%,,75,,,,
,,,,,,,,,,,,,,,,,,2016,4/21/2016,500.50 CHF,,,6/13/2016,,6/13/2016,,,,,4.40%,500.50 CHF,22.00,605.43,446.00,507.50,34%,21%,3.63%,4.93%,4.40%,26.17%,43.76%,88,4.33%,-4.76%,,,,,,99%,,76,,,,
,,,,,,,,,,,,,,,,,,2016,4/22/2016,492.30 CHF,,,6/20/2016,,6/20/2016,,,,,4.47%,492.30 CHF,22.00,605.43,446.00,507.50,29%,23%,3.63%,4.93%,4.47%,28.28%,46.15%,88,4.33%,-6.32%,,,,,,100%,,77,,,,
,,,,,,,,,,,,,,,,,,2016,4/25/2016,492.50 CHF,,,6/27/2016,,6/27/2016,,,,,4.47%,492.50 CHF,22.00,605.43,446.00,507.50,29%,23%,3.63%,4.93%,4.47%,28.22%,46.09%,88,4.33%,-6.28%,,,,,,,,78,,,,
,,,,,,,,,,,,,,,,,,2016,4/26/2016,493.90 CHF,,,7/4/2016,,7/5/2016,,,,,4.45%,493.90 CHF,22.00,605.43,446.00,507.50,30%,23%,3.63%,4.93%,4.45%,27.86%,45.68%,88,4.33%,-6.01%,,,,,,,,79,,,,
,,,,,,,,,,,,,,,,,,2016,4/27/2016,491.50 CHF,,,7/11/2016,,7/11/2016,,,,,4.48%,491.50 CHF,22.00,605.43,446.00,507.50,29%,23%,3.63%,4.93%,4.48%,28.48%,46.39%,88,4.33%,-6.47%,,,,,,,,80,,,,
,,,,,,,,,,,,,,,,,,2016,4/28/2016,490.60 CHF,,,7/18/2016,,7/18/2016,,,,,4.48%,490.60 CHF,22.00,605.43,446.00,507.50,28%,23%,3.63%,4.93%,4.48%,28.72%,46.66%,88,4.33%,-6.64%,,,,,,,,,,,,
,,,,,,,,,,,,,,,,,,2016,4/29/2016,485.90 CHF,,,7/25/2016,,7/25/2016,,,,,4.53%,485.90 CHF,22.00,605.43,446.00,507.50,25%,25%,3.63%,4.93%,4.53%,29.97%,48.08%,88,4.33%,-7.54%,,,,,,,,,,,,
,,,,,,,,,,,,,,,,,,2016,5/2/2016,489.90 CHF,,,8/2/2016,,8/1/2016,,,,,4.49%,489.90 CHF,22.00,605.43,446.00,507.50,28%,24%,3.63%,4.93%,4.49%,28.90%,46.87%,88,4.33%,-6.77%,,,,,,,,,,,,
,,,,,,,,,,,,,,,,,,2016,5/3/2016,493.10 CHF,,,8/8/2016,,8/8/2016,,,,,4.46%,493.10 CHF,22.00,605.43,446.00,507.50,30%,23%,3.63%,4.93%,4.46%,28.07%,45.91%,88,4.33%,-6.17%,,,,,,,,,,,,
,,,,,,,,,,,,,,,,,,2016,5/4/2016,484.30 CHF,,,8/15/2016,,8/15/2016,,,,,4.54%,484.30 CHF,22.00,605.43,446.00,507.50,24%,25%,3.63%,4.93%,4.54%,30.39%,48.56%,88,4.33%,-7.84%,,,,,,,,,,,,
,,,,,,,,,,,,,,,,,,2016,5/6/2016,475.40 CHF,,,8/22/2016,,8/22/2016,,,,,4.63%,475.40 CHF,22.00,605.43,446.00,507.50,18%,27%,3.63%,4.93%,4.63%,32.84%,51.35%,88,4.33%,-9.53%,,,,,,,,,,,,
,,,,,,,,,,,,,,,,,,2016,5/9/2016,478.90 CHF,,,8/29/2016,,8/29/2016,,,,,4.59%,478.90 CHF,22.00,605.43,446.00,507.50,21%,26%,3.63%,4.93%,4.59%,31.86%,50.24%,88,4.33%,-8.87%,,,,,,,,,,,,
,,,,,,,,,,,,,,,,,,2016,5/10/2016,480.80 CHF,,,9/5/2016,,9/6/2016,,,,,4.58%,480.80 CHF,22.00,605.43,446.00,507.50,22%,26%,3.63%,4.93%,4.58%,31.34%,49.65%,88,4.33%,-8.51%,,,,,,,,,,,,
,,,,,,,,,,,,,,,,,,2016,5/11/2016,480.40 CHF,,,9/12/2016,,9/12/2016,,,,,4.58%,480.40 CHF,22.00,605.43,446.00,507.50,22%,26%,3.63%,4.93%,4.58%,31.45%,49.77%,88,4.33%,-8.58%,,,,,,,,,,,,
,,,,,,,,,,,,,,,,,,2016,5/12/2016,483.40 CHF,,,9/19/2016,,9/19/2016,,,,,4.55%,483.40 CHF,22.00,605.43,446.00,507.50,23%,25%,3.63%,4.93%,4.55%,30.64%,48.84%,88,4.33%,-8.01%,,,,,,,,,,,,
,,,,,,,,,,,,,,,,,,2016,5/13/2016,486.30 CHF,,,9/26/2016,,9/26/2016,,,,,4.52%,486.30 CHF,22.00,605.43,446.00,507.50,25%,24%,3.63%,4.93%,4.52%,29.86%,47.95%,88,4.33%,-7.46%,,,,,,,,,,,,
,,,,,,,,,,,,,,,,,,2016,5/17/2016,483.10 CHF,,,10/3/2016,,10/3/2016,,,,,4.55%,483.10 CHF,22.00,605.43,446.00,507.50,23%,25%,3.63%,4.93%,4.55%,30.72%,48.93%,88,4.33%,-8.07%,,,,,,,,,,,,
,,,,,,,,,,,,,,,,,,2016,5/18/2016,480.00 CHF,,,10/10/2016,,10/10/2016,,,,,4.58%,480.00 CHF,22.00,605.43,446.00,507.50,21%,26%,3.63%,4.93%,4.58%,31.56%,49.90%,88,4.33%,-8.66%,,,,,,,,,,,,
,,,,,,,,,,,,,,,,,,2016,5/19/2016,470.90 CHF,,,10/17/2016,,10/17/2016,,,,,4.67%,470.90 CHF,22.00,605.43,446.00,507.50,16%,29%,3.63%,4.93%,4.67%,34.10%,52.79%,88,4.33%,-10.39%,,,,,,,,,,,,
,,,,,,,,,,,,,,,,,,2016,5/20/2016,472.60 CHF,,,10/24/2016,,10/24/2016,,,,,4.66%,472.60 CHF,22.00,605.43,446.00,507.50,17%,28%,3.63%,4.93%,4.66%,33.62%,52.24%,88,4.33%,-10.07%,,,,,,,,,,,,
,,,,,,,,,,,,,,,,,,2016,5/23/2016,462.90 CHF,,,10/31/2016,,10/31/2016,,,,,4.75%,462.90 CHF,22.00,605.43,446.00,507.50,11%,31%,3.63%,4.93%,4.75%,36.42%,55.43%,88,4.33%,-11.91%,,,,,,,,,,,,
,,,,,,,,,,,,,,,,,,2016,5/24/2016,465.40 CHF,,,11/7/2016,,11/7/2016,,,,,4.73%,465.40 CHF,22.00,605.43,446.00,507.50,12%,30%,3.63%,4.93%,4.73%,35.69%,54.60%,88,4.33%,-11.44%,,,,,,,,,,,,
,,,,,,,,,,,,,,,,,,2016,5/25/2016,474.20 CHF,,,11/14/2016,,11/14/2016,,,,,4.64%,474.20 CHF,22.00,605.43,446.00,507.50,18%,28%,3.63%,4.93%,4.64%,33.17%,51.73%,88,4.33%,-9.76%,,,,,,,,,,,,
,,,,,,,,,,,,,,,,,,2016,5/26/2016,477.00 CHF,,,11/21/2016,,11/21/2016,,,,,4.61%,477.00 CHF,22.00,605.43,446.00,507.50,19%,27%,3.63%,4.93%,4.61%,32.39%,50.84%,88,4.33%,-9.23%,,,,,,,,,,,,
,,,,,,,,,,,,,,,,,,2016,5/27/2016,479.00 CHF,,,11/28/2016,,11/28/2016,,,,,4.59%,479.00 CHF,22.00,605.43,446.00,507.50,21%,26%,3.63%,4.93%,4.59%,31.84%,50.21%,88,4.33%,-8.85%,,,,,,,,,,,,
,,,,,,,,,,,,,,,,,,2016,5/30/2016,479.70 CHF,,,12/5/2016,,12/5/2016,,,,,4.59%,479.70 CHF,22.00,605.43,446.00,507.50,21%,26%,3.63%,4.93%,4.59%,31.64%,49.99%,88,4.33%,-8.72%,,,,,,,,,,,,
,,,,,,,,,,,,,,,,,,2016,5/31/2016,472.70 CHF,,,12/12/2016,,12/12/2016,,,,,4.65%,472.70 CHF,22.00,605.43,446.00,507.50,17%,28%,3.63%,4.93%,4.65%,33.59%,52.21%,88,4.33%,-10.05%,,,,,,,,,,,,
,,,,,,,,,,,,,,,,,,2016,6/1/2016,468.60 CHF,,,12/19/2016,,12/19/2016,,,,,4.69%,468.60 CHF,22.00,605.43,446.00,507.50,14%,29%,3.63%,4.93%,4.69%,34.76%,53.54%,88,4.33%,-10.83%,,,,,,,,,,,,
,,,,,,,,,,,,,,,,,,2016,6/2/2016,472.30 CHF,,,12/27/2016,,12/27/2016,,,,,4.66%,472.30 CHF,22.00,605.43,446.00,507.50,16%,28%,3.63%,4.93%,4.66%,33.71%,52.34%,88,4.33%,-10.12%,,,,,,,,,,,,
,,,,,,,,,,,,,,,,,,2016,6/3/2016,478.50 CHF,,,1/3/2017,,1/3/2017,,,,,4.60%,478.50 CHF,22.00,605.43,446.00,507.50,20%,27%,3.63%,4.93%,4.60%,31.97%,50.37%,88,4.33%,-8.94%,,,,,,,,,,,,
,,,,,,,,,,,,,,,,,,2016,6/6/2016,479.90 CHF,,,1/9/2017,,1/9/2017,,,,,4.58%,479.90 CHF,22.00,605.43,446.00,507.50,21%,26%,3.63%,4.93%,4.58%,31.59%,49.93%,88,4.33%,-8.68%,,,,,,,,,,,,
,,,,,,,,,,,,,,,,,,2016,6/7/2016,477.40 CHF,,,1/16/2017,,1/17/2017,,,,,4.61%,477.40 CHF,22.00,605.43,446.00,507.50,20%,27%,3.63%,4.93%,4.61%,32.28%,50.71%,88,4.33%,-9.15%,,,,,,,,,,,,
,,,,,,,,,,,,,,,,,,2016,6/8/2016,471.60 CHF,,,1/23/2017,,1/23/2017,,,,,4.66%,471.60 CHF,22.00,605.43,446.00,507.50,16%,28%,3.63%,4.93%,4.66%,33.91%,52.57%,88,4.33%,-10.26%,,,,,,,,,,,,
,,,,,,,,,,,,,,,,,,2016,6/9/2016,466.50 CHF,,,1/30/2017,,1/30/2017,,,,,4.72%,466.50 CHF,22.00,605.43,446.00,507.50,13%,30%,3.63%,4.93%,4.72%,35.37%,54.23%,88,4.33%,-11.23%,,,,,,,,,,,,
,,,,,,,,,,,,,,,,,,2016,6/10/2016,459.60 CHF,,,2/6/2017,,2/6/2017,,,,,4.79%,459.60 CHF,22.00,605.43,446.00,507.50,9%,32%,3.63%,4.93%,4.79%,37.40%,56.55%,88,4.33%,-12.54%,,,,,,,,,,,,
,,,,,,,,,,,,,,,,,,2016,6/13/2016,454.30 CHF,,,2/13/2017,,2/13/2017,,,,,4.84%,454.30 CHF,22.00,605.43,446.00,507.50,5%,33%,3.63%,4.93%,4.84%,39.01%,58.38%,88,4.33%,-13.55%,,,,,,,,,,,,
,,,,,,,,,,,,,,,,,,2016,6/14/2016,447.70 CHF,,,2/20/2017,,2/21/2017,,,,,4.91%,447.70 CHF,22.00,605.43,446.00,507.50,1%,35%,3.63%,4.93%,4.91%,41.05%,60.71%,88,4.33%,-14.80%,,,,,,,,,,,,
,,,,,,,,,,,,,,,,,,2016,6/15/2016,452.20 CHF,,,2/27/2017,,2/27/2017,,,,,4.87%,452.20 CHF,22.00,605.43,446.00,507.50,4%,34%,3.63%,4.93%,4.87%,39.65%,59.11%,88,4.33%,-13.95%,,,,,,,,,,,,
,,,,,,,,,,,,,,,,,,2016,6/16/2016,447.00 CHF,,,3/6/2017,,3/6/2017,,,,,4.92%,447.00 CHF,22.00,605.43,446.00,507.50,1%,35%,3.63%,4.93%,4.92%,41.28%,60.96%,88,4.33%,-14.94%,,,,,,,,,,,,
,,,,,,,,,,,,,,,,,,2016,6/17/2016,452.70 CHF,,,3/13/2017,,3/13/2017,,,,,4.86%,452.70 CHF,22.00,605.43,446.00,507.50,4%,34%,3.63%,4.93%,4.86%,39.50%,58.94%,88,4.33%,-13.85%,,,,,,,,,,,,
,,,,,,,,,,,,,,,,,,2016,6/20/2016,455.50 CHF,,,3/20/2017,,3/20/2017,,,,,4.83%,455.50 CHF,22.00,605.43,446.00,507.50,6%,33%,3.63%,4.93%,4.83%,38.64%,57.96%,88,4.33%,-13.32%,,,,,,,,,,,,
,,,,,,,,,,,,,,,,,,2016,6/21/2016,455.30 CHF,,,3/27/2017,,3/27/2017,,,,,4.83%,455.30 CHF,22.00,605.43,446.00,507.50,6%,33%,3.63%,4.93%,4.83%,38.70%,58.03%,88,4.33%,-13.36%,,,,,,,,,,,,
,,,,,,,,,,,,,,,,,,2016,6/22/2016,454.80 CHF,,,4/3/2017,,4/3/2017,,,,,4.84%,454.80 CHF,22.00,605.43,446.00,507.50,6%,33%,3.63%,4.93%,4.84%,38.85%,58.20%,88,4.33%,-13.45%,,,,,,,,,,,,
,,,,,,,,,,,,,,,,,,2016,6/23/2016,461.80 CHF,,,4/10/2017,,4/10/2017,,,,,4.76%,461.80 CHF,22.00,605.43,446.00,507.50,10%,31%,3.63%,4.93%,4.76%,36.75%,55.80%,88,4.33%,-12.12%,,,,,,,,,,,,
,,,,,,,,,,,,,,,,,,2016,6/24/2016,453.10 CHF,,,4/18/2017,,4/17/2017,,,,,4.86%,453.10 CHF,22.00,605.43,446.00,507.50,4%,34%,3.63%,4.93%,4.86%,39.37%,58.79%,88,4.33%,-13.78%,,,,,,,,,,,,
,,,,,,,,,,,,,,,,,,2016,6/27/2016,446.90 CHF,,,4/24/2017,,4/24/2017,,,,,4.92%,446.90 CHF,22.00,605.43,446.00,507.50,1%,35%,3.63%,4.93%,4.92%,41.31%,61.00%,88,4.33%,-14.96%,,,,,,,,,,,,
,,,,,,,,,,,,,,,,,,2016,6/28/2016,459.10 CHF,,,5/2/2017,,5/1/2017,,,,,4.79%,459.10 CHF,22.00,605.43,446.00,507.50,8%,32%,3.63%,4.93%,4.79%,37.55%,56.72%,88,4.33%,-12.64%,,,,,,,,,,,,
,,,,,,,,,,,,,,,,,,2016,6/29/2016,473.60 CHF,,,5/8/2017,,5/8/2017,,,,,4.65%,473.60 CHF,22.00,605.43,446.00,507.50,17%,28%,3.63%,4.93%,4.65%,33.34%,51.92%,88,4.33%,-9.88%,,,,,,,,,,,,
,,,,,,,,,,,,,,,,,,2016,6/30/2016,481.40 CHF,,,5/15/2017,,5/15/2017,,,,,4.57%,481.40 CHF,22.00,605.43,446.00,507.50,22%,26%,3.63%,4.93%,4.57%,31.18%,49.46%,88,4.33%,-8.39%,,,,,,,,,,,,
,,,,,,,,,,,,,,,,,,2016,7/1/2016,479.80 CHF,,,5/22/2017,,5/22/2017,,,,,4.59%,479.80 CHF,22.00,605.43,446.00,507.50,21%,26%,3.63%,4.93%,4.59%,31.62%,49.96%,88,4.33%,-8.70%,,,,,,,,,,,,
,,,,,,,,,,,,,,,,,,2016,7/4/2016,478.60 CHF,,,5/29/2017,,5/30/2017,,,,,4.60%,478.60 CHF,22.00,605.43,446.00,507.50,20%,27%,3.63%,4.93%,4.60%,31.95%,50.33%,88,4.33%,-8.92%,,,,,,,,,,,,
,,,,,,,,,,,,,,,,,,2016,7/5/2016,474.20 CHF,,,6/6/2017,,6/5/2017,,,,,4.64%,474.20 CHF,22.00,605.43,446.00,507.50,18%,28%,3.63%,4.93%,4.64%,33.17%,51.73%,88,4.33%,-9.76%,,,,,,,,,,,,
,,,,,,,,,,,,,,,,,,2016,7/6/2016,467.10 CHF,,,6/12/2017,,6/12/2017,,,,,4.71%,467.10 CHF,22.00,605.43,446.00,507.50,13%,30%,3.63%,4.93%,4.71%,35.20%,54.04%,88,4.33%,-11.11%,,,,,,,,,,,,
,,,,,,,,,,,,,,,,,,2016,7/7/2016,471.00 CHF,,,6/19/2017,,6/19/2017,,,,,4.67%,471.00 CHF,22.00,605.43,446.00,507.50,16%,29%,3.63%,4.93%,4.67%,34.08%,52.76%,88,4.33%,-10.37%,,,,,,,,,,,,
,,,,,,,,,,,,,,,,,,2016,7/8/2016,473.80 CHF,,,6/26/2017,,6/26/2017,,,,,4.64%,473.80 CHF,22.00,605.43,446.00,507.50,17%,28%,3.63%,4.93%,4.64%,33.28%,51.86%,88,4.33%,-9.84%,,,,,,,,,,,,
,,,,,,,,,,,,,,,,,,2016,7/11/2016,478.40 CHF,,,7/3/2017,,7/3/2017,,,,,4.60%,478.40 CHF,22.00,605.43,446.00,507.50,20%,27%,3.63%,4.93%,4.60%,32.00%,50.40%,88,4.33%,-8.96%,,,,,,,,,,,,
,,,,,,,,,,,,,,,,,,2016,7/12/2016,482.20 CHF,,,7/10/2017,,7/10/2017,,,,,4.56%,482.20 CHF,22.00,605.43,446.00,507.50,23%,26%,3.63%,4.93%,4.56%,30.96%,49.21%,88,4.33%,-8.24%,,,,,,,,,,,,
,,,,,,,,,,,,,,,,,,2016,7/13/2016,481.90 CHF,,,7/17/2017,,7/17/2017,,,,,4.57%,481.90 CHF,22.00,605.43,446.00,507.50,23%,26%,3.63%,4.93%,4.57%,31.04%,49.30%,88,4.33%,-8.30%,,,,,,,,,,,,
,,,,,,,,,,,,,,,,,,2016,7/14/2016,483.40 CHF,,,7/24/2017,,7/24/2017,,,,,4.55%,483.40 CHF,22.00,605.43,446.00,507.50,23%,25%,3.63%,4.93%,4.55%,30.64%,48.84%,88,4.33%,-8.01%,,,,,,,,,,,,
,,,,,,,,,,,,,,,,,,2016,7/15/2016,481.50 CHF,,,7/31/2017,,7/31/2017,,,,,4.57%,481.50 CHF,22.00,605.43,446.00,507.50,22%,26%,3.63%,4.93%,4.57%,31.15%,49.43%,88,4.33%,-8.37%,,,,,,,,,,,,
,,,,,,,,,,,,,,,,,,2016,7/18/2016,482.90 CHF,,,8/7/2017,,8/7/2017,,,,,4.56%,482.90 CHF,22.00,605.43,446.00,507.50,23%,25%,3.63%,4.93%,4.56%,30.77%,49.00%,88,4.33%,-8.11%,,,,,,,,,,,,
,,,,,,,,,,,,,,,,,,2016,7/19/2016,480.70 CHF,,,8/14/2017,,8/14/2017,,,,,4.58%,480.70 CHF,22.00,605.43,446.00,507.50,22%,26%,3.63%,4.93%,4.58%,31.37%,49.68%,88,4.33%,-8.53%,,,,,,,,,,,,
,,,,,,,,,,,,,,,,,,2016,7/20/2016,480.30 CHF,,,8/21/2017,,8/21/2017,,,,,4.58%,480.30 CHF,22.00,605.43,446.00,507.50,22%,26%,3.63%,4.93%,4.58%,31.48%,49.80%,88,4.33%,-8.60%,,,,,,,,,,,,
,,,,,,,,,,,,,,,,,,2016,7/21/2016,477.70 CHF,,,8/28/2017,,8/28/2017,,,,,4.61%,477.70 CHF,22.00,605.43,446.00,507.50,20%,27%,3.63%,4.93%,4.61%,32.20%,50.62%,88,4.33%,-9.10%,,,,,,,,,,,,
,,,,,,,,,,,,,,,,,,2016,7/22/2016,479.50 CHF,,,9/4/2017,,9/5/2017,,,,,4.59%,479.50 CHF,22.00,605.43,446.00,507.50,21%,26%,3.63%,4.93%,4.59%,31.70%,50.05%,88,4.33%,-8.75%,,,,,,,,,,,,
,,,,,,,,,,,,,,,,,,2016,7/25/2016,479.20 CHF,,,9/11/2017,,9/11/2017,,,,,4.59%,479.20 CHF,22.00,605.43,446.00,507.50,21%,26%,3.63%,4.93%,4.59%,31.78%,50.15%,88,4.33%,-8.81%,,,,,,,,,,,,
,,,,,,,,,,,,,,,,,,2016,7/26/2016,478.60 CHF,,,9/18/2017,,9/18/2017,,,,,4.60%,478.60 CHF,22.00,605.43,446.00,507.50,20%,27%,3.63%,4.93%,4.60%,31.95%,50.33%,88,4.33%,-8.92%,,,,,,,,,,,,
,,,,,,,,,,,,,,,,,,2016,7/27/2016,480.00 CHF,,,9/25/2017,,9/25/2017,,,,,4.58%,480.00 CHF,22.00,605.43,446.00,507.50,21%,26%,3.63%,4.93%,4.58%,31.56%,49.90%,88,4.33%,-8.66%,,,,,,,,,,,,
,,,,,,,,,,,,,,,,,,2016,7/28/2016,479.60 CHF,,,10/2/2017,,10/2/2017,,,,,4.59%,479.60 CHF,22.00,605.43,446.00,507.50,21%,26%,3.63%,4.93%,4.59%,31.67%,50.02%,88,4.33%,-8.73%,,,,,,,,,,,,
,,,,,,,,,,,,,,,,,,2016,7/29/2016,476.10 CHF,,,10/9/2017,,10/9/2017,,,,,4.62%,476.10 CHF,22.00,605.43,446.00,507.50,19%,27%,3.63%,4.93%,4.62%,32.64%,51.12%,88,4.33%,-9.40%,,,,,,,,,,,,
,,,,,,,,,,,,,,,,,,2016,8/2/2016,471.20 CHF,,,10/16/2017,,10/16/2017,,,,,4.67%,471.20 CHF,22.00,605.43,446.00,507.50,16%,28%,3.63%,4.93%,4.67%,34.02%,52.70%,88,4.33%,-10.33%,,,,,,,,,,,,
,,,,,,,,,,,,,,,,,,2016,8/3/2016,473.30 CHF,,,10/23/2017,,10/23/2017,,,,,4.65%,473.30 CHF,22.00,605.43,446.00,507.50,17%,28%,3.63%,4.93%,4.65%,33.42%,52.02%,88,4.33%,-9.93%,,,,,,,,,,,,
,,,,,,,,,,,,,,,,,,2016,8/4/2016,475.20 CHF,,,10/30/2017,,10/30/2017,,,,,4.63%,475.20 CHF,22.00,605.43,446.00,507.50,18%,27%,3.63%,4.93%,4.63%,32.89%,51.41%,88,4.33%,-9.57%,,,,,,,,,,,,
,,,,,,,,,,,,,,,,,,2016,8/5/2016,480.50 CHF,,,11/6/2017,,11/6/2017,,,,,4.58%,480.50 CHF,22.00,605.43,446.00,507.50,22%,26%,3.63%,4.93%,4.58%,31.43%,49.74%,88,4.33%,-8.56%,,,,,,,,,,,,
,,,,,,,,,,,,,,,,,,2016,8/8/2016,478.50 CHF,,,11/13/2017,,11/13/2017,,,,,4.60%,478.50 CHF,22.00,605.43,446.00,507.50,20%,27%,3.63%,4.93%,4.60%,31.97%,50.37%,88,4.33%,-8.94%,,,,,,,,,,,,
,,,,,,,,,,,,,,,,,,2016,8/9/2016,484.50 CHF,,,11/20/2017,,11/20/2017,,,,,4.54%,484.50 CHF,22.00,605.43,446.00,507.50,24%,25%,3.63%,4.93%,4.54%,30.34%,48.50%,88,4.33%,-7.80%,,,,,,,,,,,,
,,,,,,,,,,,,,,,,,,2016,8/10/2016,483.60 CHF,,,11/27/2017,,11/27/2017,,,,,4.55%,483.60 CHF,22.00,605.43,446.00,507.50,24%,25%,3.63%,4.93%,4.55%,30.58%,48.78%,88,4.33%,-7.97%,,,,,,,,,,,,
,,,,,,,,,,,,,,,,,,2016,8/11/2016,485.90 CHF,,,12/4/2017,,12/4/2017,,,,,4.53%,485.90 CHF,22.00,605.43,446.00,507.50,25%,25%,3.63%,4.93%,4.53%,29.97%,48.08%,88,4.33%,-7.54%,,,,,,,,,,,,
,,,,,,,,,,,,,,,,,,2016,8/12/2016,486.60 CHF,,,12/11/2017,,12/11/2017,,,,,4.52%,486.60 CHF,22.00,605.43,446.00,507.50,25%,24%,3.63%,4.93%,4.52%,29.78%,47.86%,88,4.33%,-7.40%,,,,,,,,,,,,
,,,,,,,,,,,,,,,,,,2016,8/15/2016,486.80 CHF,,,12/18/2017,,12/18/2017,,,,,4.52%,486.80 CHF,22.00,605.43,446.00,507.50,26%,24%,3.63%,4.93%,4.52%,29.72%,47.80%,88,4.33%,-7.36%,,,,,,,,,,,,
,,,,,,,,,,,,,,,,,,2016,8/16/2016,482.60 CHF,,,12/27/2017,,12/26/2017,,,,,4.56%,482.60 CHF,22.00,605.43,446.00,507.50,23%,25%,3.63%,4.93%,4.56%,30.85%,49.09%,88,4.33%,-8.16%,,,,,,,,,,,,
,,,,,,,,,,,,,,,,,,2016,8/17/2016,479.40 CHF,,,1/3/2018,,1/2/2018,,,,,4.59%,479.40 CHF,22.00,605.43,446.00,507.50,21%,26%,3.63%,4.93%,4.59%,31.73%,50.08%,88,4.33%,-8.77%,,,,,,,,,,,,
,,,,,,,,,,,,,,,,,,2016,8/18/2016,469.80 CHF,,,1/8/2018,,1/8/2018,,,,,4.68%,469.80 CHF,22.00,605.43,446.00,507.50,15%,29%,3.63%,4.93%,4.68%,34.42%,53.15%,88,4.33%,-10.60%,,,,,,,,,,,,
,,,,,,,,,,,,,,,,,,2016,8/19/2016,465.70 CHF,,,1/15/2018,,1/16/2018,,,,,4.72%,465.70 CHF,22.00,605.43,446.00,507.50,12%,30%,3.63%,4.93%,4.72%,35.60%,54.50%,88,4.33%,-11.38%,,,,,,,,,,,,
,,,,,,,,,,,,,,,,,,2016,8/22/2016,467.30 CHF,,,1/22/2018,,1/22/2018,,,,,4.71%,467.30 CHF,22.00,605.43,446.00,507.50,13%,30%,3.63%,4.93%,4.71%,35.14%,53.97%,88,4.33%,-11.08%,,,,,,,,,,,,
,,,,,,,,,,,,,,,,,,2016,8/23/2016,468.90 CHF,,,1/29/2018,,1/29/2018,,,,,4.69%,468.90 CHF,22.00,605.43,446.00,507.50,14%,29%,3.63%,4.93%,4.69%,34.68%,53.44%,88,4.33%,-10.77%,,,,,,,,,,,,
,,,,,,,,,,,,,,,,,,2016,8/24/2016,468.50 CHF,,,2/5/2018,,2/5/2018,,,,,4.70%,468.50 CHF,22.00,605.43,446.00,507.50,14%,29%,3.63%,4.93%,4.70%,34.79%,53.58%,88,4.33%,-10.85%,,,,,,,,,,,,
,,,,,,,,,,,,,,,,,,2016,8/25/2016,468.30 CHF,,,2/12/2018,,2/12/2018,,,,,4.70%,468.30 CHF,22.00,605.43,446.00,507.50,14%,29%,3.63%,4.93%,4.70%,34.85%,53.64%,88,4.33%,-10.88%,,,,,,,,,,,,
,,,,,,,,,,,,,,,,,,2016,8/26/2016,471.10 CHF,,,2/19/2018,,2/20/2018,,,,,4.67%,471.10 CHF,22.00,605.43,446.00,507.50,16%,29%,3.63%,4.93%,4.67%,34.05%,52.73%,88,4.33%,-10.35%,,,,,,,,,,,,
,,,,,,,,,,,,,,,,,,2016,8/29/2016,469.30 CHF,,,2/26/2018,,2/26/2018,,,,,4.69%,469.30 CHF,22.00,605.43,446.00,507.50,15%,29%,3.63%,4.93%,4.69%,34.56%,53.31%,88,4.33%,-10.69%,,,,,,,,,,,,
,,,,,,,,,,,,,,,,,,2016,8/30/2016,471.80 CHF,,,3/5/2018,,3/5/2018,,,,,4.66%,471.80 CHF,22.00,605.43,446.00,507.50,16%,28%,3.63%,4.93%,4.66%,33.85%,52.50%,88,4.33%,-10.22%,,,,,,,,,,,,
,,,,,,,,,,,,,,,,,,2016,8/31/2016,468.90 CHF,,,3/12/2018,,3/12/2018,,,,,4.69%,468.90 CHF,22.00,605.43,446.00,507.50,14%,29%,3.63%,4.93%,4.69%,34.68%,53.44%,88,4.33%,-10.77%,,,,,,,,,,,,
,,,,,,,,,,,,,,,,,,2016,9/1/2016,466.00 CHF,,,3/19/2018,,3/19/2018,,,,,4.72%,466.00 CHF,22.00,605.43,446.00,507.50,13%,30%,3.63%,4.93%,4.72%,35.52%,54.40%,88,4.33%,-11.32%,,,,,,,,,,,,
,,,,,,,,,,,,,,,,,,2016,9/2/2016,474.20 CHF,,,3/26/2018,,3/26/2018,,,,,4.64%,474.20 CHF,22.00,605.43,446.00,507.50,18%,28%,3.63%,4.93%,4.64%,33.17%,51.73%,88,4.33%,-9.76%,,,,,,,,,,,,
,,,,,,,,,,,,,,,,,,2016,9/5/2016,476.80 CHF,,,4/3/2018,,4/2/2018,,,,,4.61%,476.80 CHF,22.00,605.43,446.00,507.50,19%,27%,3.63%,4.93%,4.61%,32.45%,50.90%,88,4.33%,-9.27%,,,,,,,,,,,,
,,,,,,,,,,,,,,,,,,2016,9/6/2016,477.70 CHF,,,4/9/2018,,4/9/2018,,,,,4.61%,477.70 CHF,22.00,605.43,446.00,507.50,20%,27%,3.63%,4.93%,4.61%,32.20%,50.62%,88,4.33%,-9.10%,,,,,,,,,,,,
,,,,,,,,,,,,,,,,,,2016,9/7/2016,478.20 CHF,,,4/16/2018,,4/16/2018,,,,,4.60%,478.20 CHF,22.00,605.43,446.00,507.50,20%,27%,3.63%,4.93%,4.60%,32.06%,50.46%,88,4.33%,-9.00%,,,,,,,,,,,,
,,,,,,,,,,,,,,,,,,2016,9/8/2016,478.70 CHF,,,4/23/2018,,4/23/2018,,,,,4.60%,478.70 CHF,22.00,605.43,446.00,507.50,21%,26%,3.63%,4.93%,4.60%,31.92%,50.30%,88,4.33%,-8.91%,,,,,,,,,,,,
,,,,,,,,,,,,,,,,,,2016,9/9/2016,473.80 CHF,,,4/30/2018,,4/30/2018,,,,,4.64%,473.80 CHF,22.00,605.43,446.00,507.50,17%,28%,3.63%,4.93%,4.64%,33.28%,51.86%,88,4.33%,-9.84%,,,,,,,,,,,,
,,,,,,,,,,,,,,,,,,2016,9/12/2016,469.40 CHF,,,5/7/2018,,5/7/2018,,,,,4.69%,469.40 CHF,22.00,605.43,446.00,507.50,15%,29%,3.63%,4.93%,4.69%,34.53%,53.28%,88,4.33%,-10.68%,,,,,,,,,,,,
,,,,,,,,,,,,,,,,,,2016,9/13/2016,466.70 CHF,,,5/14/2018,,5/14/2018,,,,,4.71%,466.70 CHF,22.00,605.43,446.00,507.50,13%,30%,3.63%,4.93%,4.71%,35.31%,54.17%,88,4.33%,-11.19%,,,,,,,,,,,,
,,,,,,,,,,,,,,,,,,2016,9/14/2016,463.00 CHF,,,5/22/2018,,5/21/2018,,,,,4.75%,463.00 CHF,22.00,605.43,446.00,507.50,11%,31%,3.63%,4.93%,4.75%,36.39%,55.40%,88,4.33%,-11.89%,,,,,,,,,,,,
,,,,,,,,,,,,,,,,,,2016,9/15/2016,463.30 CHF,,,5/28/2018,,5/29/2018,,,,,4.75%,463.30 CHF,22.00,605.43,446.00,507.50,11%,31%,3.63%,4.93%,4.75%,36.30%,55.30%,88,4.33%,-11.84%,,,,,,,,,,,,
,,,,,,,,,,,,,,,,,,2016,9/16/2016,467.50 CHF,,,6/4/2018,,6/4/2018,,,,,4.71%,467.50 CHF,22.00,605.43,446.00,507.50,13%,30%,3.63%,4.93%,4.71%,35.08%,53.90%,88,4.33%,-11.04%,,,,,,,,,,,,
,,,,,,,,,,,,,,,,,,2016,9/19/2016,468.10 CHF,,,6/11/2018,,6/11/2018,,,,,4.70%,468.10 CHF,22.00,605.43,446.00,507.50,14%,29%,3.63%,4.93%,4.70%,34.91%,53.71%,88,4.33%,-10.92%,,,,,,,,,,,,
,,,,,,,,,,,,,,,,,,2016,9/20/2016,467.70 CHF,,,6/18/2018,,6/18/2018,,,,,4.70%,467.70 CHF,22.00,605.43,446.00,507.50,14%,29%,3.63%,4.93%,4.70%,35.02%,53.84%,88,4.33%,-11.00%,,,,,,,,,,,,
,,,,,,,,,,,,,,,,,,2016,9/21/2016,469.10 CHF,,,6/25/2018,,6/25/2018,,,,,4.69%,469.10 CHF,22.00,605.43,446.00,507.50,14%,29%,3.63%,4.93%,4.69%,34.62%,53.38%,88,4.33%,-10.73%,,,,,,,,,,,,
,,,,,,,,,,,,,,,,,,2016,9/22/2016,476.80 CHF,,,7/2/2018,,7/2/2018,,,,,4.61%,476.80 CHF,22.00,605.43,446.00,507.50,19%,27%,3.63%,4.93%,4.61%,32.45%,50.90%,88,4.33%,-9.27%,,,,,,,,,,,,
,,,,,,,,,,,,,,,,,,2016,9/23/2016,472.60 CHF,,,7/9/2018,,7/9/2018,,,,,4.66%,472.60 CHF,22.00,605.43,446.00,507.50,17%,28%,3.63%,4.93%,4.66%,33.62%,52.24%,88,4.33%,-10.07%,,,,,,,,,,,,
,,,,,,,,,,,,,,,,,,2016,9/26/2016,467.90 CHF,,,7/16/2018,,7/16/2018,,,,,4.70%,467.90 CHF,22.00,605.43,446.00,507.50,14%,29%,3.63%,4.93%,4.70%,34.96%,53.77%,88,4.33%,-10.96%,,,,,,,,,,,,
,,,,,,,,,,,,,,,,,,2016,9/27/2016,466.30 CHF,,,7/23/2018,,7/23/2018,,,,,4.72%,466.30 CHF,22.00,605.43,446.00,507.50,13%,30%,3.63%,4.93%,4.72%,35.43%,54.30%,88,4.33%,-11.27%,,,,,,,,,,,,
,,,,,,,,,,,,,,,,,,2016,9/28/2016,465.30 CHF,,,7/30/2018,,7/30/2018,,,,,4.73%,465.30 CHF,22.00,605.43,446.00,507.50,12%,30%,3.63%,4.93%,4.73%,35.72%,54.63%,88,4.33%,-11.46%,,,,,,,,,,,,
,,,,,,,,,,,,,,,,,,2016,9/29/2016,461.70 CHF,,,8/6/2018,,8/6/2018,,,,,4.76%,461.70 CHF,22.00,605.43,446.00,507.50,10%,31%,3.63%,4.93%,4.76%,36.78%,55.84%,88,4.33%,-12.14%,,,,,,,,,,,,
,,,,,,,,,,,,,,,,,,2016,9/30/2016,461.10 CHF,,,8/13/2018,,8/13/2018,,,,,4.77%,461.10 CHF,22.00,605.43,446.00,507.50,9%,31%,3.63%,4.93%,4.77%,36.96%,56.04%,88,4.33%,-12.25%,,,,,,,,,,,,
,,,,,,,,,,,,,,,,,,2016,10/3/2016,458.50 CHF,,,8/20/2018,,8/20/2018,,,,,4.80%,458.50 CHF,22.00,605.43,446.00,507.50,8%,32%,3.63%,4.93%,4.80%,37.73%,56.92%,88,4.33%,-12.75%,,,,,,,,,,,,
,,,,,,,,,,,,,,,,,,2016,10/4/2016,460.40 CHF,,,8/27/2018,,8/27/2018,,,,,4.78%,460.40 CHF,22.00,605.43,446.00,507.50,9%,32%,3.63%,4.93%,4.78%,37.16%,56.28%,88,4.33%,-12.39%,,,,,,,,,,,,
,,,,,,,,,,,,,,,,,,2016,10/5/2016,457.40 CHF,,,9/3/2018,,9/4/2018,,,,,4.81%,457.40 CHF,22.00,605.43,446.00,507.50,7%,32%,3.63%,4.93%,4.81%,38.06%,57.30%,88,4.33%,-12.96%,,,,,,,,,,,,
,,,,,,,,,,,,,,,,,,2016,10/6/2016,450.90 CHF,,,9/10/2018,,9/10/2018,,,,,4.88%,450.90 CHF,22.00,605.43,446.00,507.50,3%,34%,3.63%,4.93%,4.88%,40.05%,59.57%,88,4.33%,-14.20%,,,,,,,,,,,,
,,,,,,,,,,,,,,,,,,2016,10/7/2016,449.90 CHF,,,9/17/2018,,9/17/2018,,,,,4.89%,449.90 CHF,22.00,605.43,446.00,507.50,2%,35%,3.63%,4.93%,4.89%,40.36%,59.92%,88,4.33%,-14.39%,,,,,,,,,,,,
,,,,,,,,,,,,,,,,,,2016,10/10/2016,452.20 CHF,,,9/24/2018,,9/24/2018,,,,,4.87%,452.20 CHF,22.00,605.43,446.00,507.50,4%,34%,3.63%,4.93%,4.87%,39.65%,59.11%,88,4.33%,-13.95%,,,,,,,,,,,,
,,,,,,,,,,,,,,,,,,2016,10/11/2016,453.60 CHF,,,10/1/2018,,10/1/2018,,,,,4.85%,453.60 CHF,22.00,605.43,446.00,507.50,5%,33%,3.63%,4.93%,4.85%,39.22%,58.62%,88,4.33%,-13.68%,,,,,,,,,,,,
,,,,,,,,,,,,,,,,,,2016,10/12/2016,452.00 CHF,,,10/8/2018,,10/8/2018,,,,,4.87%,452.00 CHF,22.00,605.43,446.00,507.50,4%,34%,3.63%,4.93%,4.87%,39.71%,59.18%,88,4.33%,-13.99%,,,,,,,,,,,,
,,,,,,,,,,,,,,,,,,2016,10/13/2016,448.60 CHF,,,10/15/2018,,10/15/2018,,,,,4.90%,448.60 CHF,22.00,605.43,446.00,507.50,2%,35%,3.63%,4.93%,4.90%,40.77%,60.39%,88,4.33%,-14.63%,,,,,,,,,,,,
,,,,,,,,,,,,,,,,,,2016,10/14/2016,453.20 CHF,,,10/22/2018,,10/22/2018,,,,,4.85%,453.20 CHF,22.00,605.43,446.00,507.50,5%,34%,3.63%,4.93%,4.85%,39.34%,58.76%,88,4.33%,-13.76%,,,,,,,,,,,,
,,,,,,,,,,,,,,,,,,2016,10/17/2016,450.70 CHF,,,10/29/2018,,10/29/2018,,,,,4.88%,450.70 CHF,22.00,605.43,446.00,507.50,3%,34%,3.63%,4.93%,4.88%,40.12%,59.64%,88,4.33%,-14.23%,,,,,,,,,,,,
,,,,,,,,,,,,,,,,,,2016,10/18/2016,453.70 CHF,,,11/5/2018,,11/5/2018,,,,,4.85%,453.70 CHF,22.00,605.43,446.00,507.50,5%,33%,3.63%,4.93%,4.85%,39.19%,58.58%,88,4.33%,-13.66%,,,,,,,,,,,,
,,,,,,,,,,,,,,,,,,2016,10/19/2016,453.00 CHF,,,11/12/2018,,11/12/2018,,,,,4.86%,453.00 CHF,22.00,605.43,446.00,507.50,4%,34%,3.63%,4.93%,4.86%,39.40%,58.83%,88,4.33%,-13.80%,,,,,,,,,,,,
,,,,,,,,,,,,,,,,,,2016,10/20/2016,452.50 CHF,,,11/19/2018,,11/19/2018,,,,,4.86%,452.50 CHF,22.00,605.43,446.00,507.50,4%,34%,3.63%,4.93%,4.86%,39.56%,59.01%,88,4.33%,-13.89%,,,,,,,,,,,,
,,,,,,,,,,,,,,,,,,2016,10/21/2016,454.10 CHF,,,11/26/2018,,11/26/2018,,,,,4.84%,454.10 CHF,22.00,605.43,446.00,507.50,5%,33%,3.63%,4.93%,4.84%,39.07%,58.45%,88,4.33%,-13.59%,,,,,,,,,,,,
,,,,,,,,,,,,,,,,,,2016,10/24/2016,453.90 CHF,,,12/3/2018,,12/3/2018,,,,,4.85%,453.90 CHF,22.00,605.43,446.00,507.50,5%,33%,3.63%,4.93%,4.85%,39.13%,58.52%,88,4.33%,-13.63%,,,,,,,,,,,,
,,,,,,,,,,,,,,,,,,2016,10/25/2016,457.30 CHF,,,12/10/2018,,12/10/2018,,,,,4.81%,457.30 CHF,22.00,605.43,446.00,507.50,7%,32%,3.63%,4.93%,4.81%,38.09%,57.34%,88,4.33%,-12.98%,,,,,,,,,,,,
,,,,,,,,,,,,,,,,,,2016,10/26/2016,456.20 CHF,,,12/17/2018,,12/17/2018,,,,,4.82%,456.20 CHF,22.00,605.43,446.00,507.50,6%,33%,3.63%,4.93%,4.82%,38.43%,57.72%,88,4.33%,-13.19%,,,,,,,,,,,,
,,,,,,,,,,,,,,,,,,2016,10/27/2016,455.30 CHF,,,12/27/2018,,12/24/2018,,,,,4.83%,455.30 CHF,22.00,605.43,446.00,507.50,6%,33%,3.63%,4.93%,4.83%,38.70%,58.03%,88,4.33%,-13.36%,,,,,,,,,,,,
,,,,,,,,,,,,,,,,,,2016,10/28/2016,455.60 CHF,,,1/3/2019,,12/31/2018,,,,,4.83%,455.60 CHF,22.00,605.43,446.00,507.50,6%,33%,3.63%,4.93%,4.83%,38.61%,57.92%,88,4.33%,-13.30%,,,,,,,,,,,,
,,,,,,,,,,,,,,,,,,2016,10/31/2016,453.30 CHF,,,1/7/2019,,1/7/2019,,,,,4.85%,453.30 CHF,22.00,605.43,446.00,507.50,5%,34%,3.63%,4.93%,4.85%,39.31%,58.72%,88,4.33%,-13.74%,,,,,,,,,,,,
,,,,,,,,,,,,,,,,,,2016,11/1/2016,449.60 CHF,,,1/14/2019,,1/14/2019,,,,,4.89%,449.60 CHF,22.00,605.43,446.00,507.50,2%,35%,3.63%,4.93%,4.89%,40.46%,60.03%,88,4.33%,-14.44%,,,,,,,,,,,,
,,,,,,,,,,,,,,,,,,2016,11/2/2016,448.60 CHF,,,1/21/2019,,1/22/2019,,,,,4.90%,448.60 CHF,22.00,605.43,446.00,507.50,2%,35%,3.63%,4.93%,4.90%,40.77%,60.39%,88,4.33%,-14.63%,,,,,,,,,,,,
,,,,,,,,,,,,,,,,,,2016,11/3/2016,446.90 CHF,,,1/28/2019,,1/28/2019,,,,,4.92%,446.90 CHF,22.00,605.43,446.00,507.50,1%,35%,3.63%,4.93%,4.92%,41.31%,61.00%,88,4.33%,-14.96%,,,,,,,,,,,,
,,,,,,,,,,,,,,,,,,2016,11/4/2016,441.60 CHF,,,2/4/2019,,2/4/2019,,,,,4.98%,441.60 CHF,22.00,605.43,446.00,507.50,-3%,37%,3.63%,4.93%,4.98%,43.00%,62.93%,88,4.33%,-15.97%,,,,,,,,,,,,
,,,,,,,,,,,,,,,,,,2016,11/7/2016,443.10 CHF,,,2/11/2019,,2/11/2019,,,,,4.97%,443.10 CHF,22.00,605.43,446.00,507.50,-2%,37%,3.63%,4.93%,4.97%,42.52%,62.38%,88,4.33%,-15.68%,,,,,,,,,,,,
,,,,,,,,,,,,,,,,,,2016,11/8/2016,444.30 CHF,,,2/18/2019,,2/19/2019,,,,,4.95%,444.30 CHF,22.00,605.43,446.00,507.50,-1%,36%,3.63%,4.93%,4.95%,42.13%,61.94%,88,4.33%,-15.45%,,,,,,,,,,,,
,,,,,,,,,,,,,,,,,,2016,11/9/2016,447.20 CHF,,,2/25/2019,,2/25/2019,,,,,4.92%,447.20 CHF,22.00,605.43,446.00,507.50,1%,35%,3.63%,4.93%,4.92%,41.21%,60.89%,88,4.33%,-14.90%,,,,,,,,,,,,
,,,,,,,,,,,,,,,,,,2016,11/10/2016,435.40 CHF,,,3/4/2019,,3/4/2019,,,,,5.05%,435.40 CHF,22.00,605.43,446.00,507.50,-7%,39%,3.63%,4.93%,5.05%,45.04%,65.25%,88,4.33%,-17.15%,,,,,,,,,,,,
,,,,,,,,,,,,,,,,,,2016,11/11/2016,435.40 CHF,,,3/11/2019,,3/11/2019,,,,,5.05%,435.40 CHF,22.00,605.43,446.00,507.50,-7%,39%,3.63%,4.93%,5.05%,45.04%,65.25%,88,4.33%,-17.15%,,,,,,,,,,,,
,,,,,,,,,,,,,,,,,,2016,11/14/2016,434.30 CHF,,,3/18/2019,,3/18/2019,,,,,5.07%,434.30 CHF,22.00,605.43,446.00,507.50,-7%,39%,3.63%,4.93%,5.07%,45.41%,65.67%,88,4.33%,-17.35%,,,,,,,,,,,,
,,,,,,,,,,,,,,,,,,2016,11/15/2016,434.20 CHF,,,3/25/2019,,3/25/2019,,,,,5.07%,434.20 CHF,22.00,605.43,446.00,507.50,-7%,39%,3.63%,4.93%,5.07%,45.44%,65.71%,88,4.33%,-17.37%,,,,,,,,,,,,
,,,,,,,,,,,,,,,,,,2016,11/16/2016,434.50 CHF,,,4/1/2019,,4/1/2019,,,,,5.06%,434.50 CHF,22.00,605.43,446.00,507.50,-7%,39%,3.63%,4.93%,5.06%,45.34%,65.59%,88,4.33%,-17.32%,,,,,,,,,,,,
,,,,,,,,,,,,,,,,,,2016,11/17/2016,437.40 CHF,,,4/8/2019,,4/8/2019,,,,,5.03%,437.40 CHF,22.00,605.43,446.00,507.50,-5%,38%,3.63%,4.93%,5.03%,44.38%,64.49%,88,4.33%,-16.76%,,,,,,,,,,,,
,,,,,,,,,,,,,,,,,,2016,11/18/2016,436.60 CHF,,,4/15/2019,,4/15/2019,,,,,5.04%,436.60 CHF,22.00,605.43,446.00,507.50,-6%,39%,3.63%,4.93%,5.04%,44.64%,64.80%,88,4.33%,-16.92%,,,,,,,,,,,,
,,,,,,,,,,,,,,,,,,2016,11/21/2016,433.00 CHF,,,4/23/2019,,4/22/2019,,,,,5.08%,433.00 CHF,22.00,605.43,446.00,507.50,-8%,40%,3.63%,4.93%,5.08%,45.84%,66.17%,88,4.33%,-17.60%,,,,,,,,,,,,
,,,,,,,,,,,,,,,,,,2016,11/22/2016,433.30 CHF,,,4/29/2019,,4/29/2019,,,,,5.08%,433.30 CHF,22.00,605.43,446.00,507.50,-8%,40%,3.63%,4.93%,5.08%,45.74%,66.05%,88,4.33%,-17.55%,,,,,,,,,,,,
,,,,,,,,,,,,,,,,,,2016,11/23/2016,432.80 CHF,,,5/6/2019,,5/6/2019,,,,,5.08%,432.80 CHF,22.00,605.43,446.00,507.50,-8%,40%,3.63%,4.93%,5.08%,45.91%,66.24%,88,4.33%,-17.64%,,,,,,,,,,,,
,,,,,,,,,,,,,,,,,,2016,11/24/2016,432.10 CHF,,,5/13/2019,,5/13/2019,,,,,5.09%,432.10 CHF,22.00,605.43,446.00,507.50,-9%,40%,3.63%,4.93%,5.09%,46.15%,66.51%,88,4.33%,-17.77%,,,,,,,,,,,,
,,,,,,,,,,,,,,,,,,2016,11/25/2016,435.50 CHF,,,5/20/2019,,5/20/2019,,,,,5.05%,435.50 CHF,22.00,605.43,446.00,507.50,-7%,39%,3.63%,4.93%,5.05%,45.01%,65.21%,88,4.33%,-17.13%,,,,,,,,,,,,
,,,,,,,,,,,,,,,,,,2016,11/28/2016,432.40 CHF,,,5/27/2019,,5/28/2019,,,,,5.09%,432.40 CHF,22.00,605.43,446.00,507.50,-9%,40%,3.63%,4.93%,5.09%,46.05%,66.40%,88,4.33%,-17.72%,,,,,,,,,,,,
,,,,,,,,,,,,,,,,,,2016,11/29/2016,433.50 CHF,,,6/3/2019,,6/3/2019,,,,,5.07%,433.50 CHF,22.00,605.43,446.00,507.50,-8%,40%,3.63%,4.93%,5.07%,45.67%,65.97%,88,4.33%,-17.51%,,,,,,,,,,,,
,,,,,,,,,,,,,,,,,,2016,11/30/2016,434.50 CHF,,,6/11/2019,,6/10/2019,,,,,5.06%,434.50 CHF,22.00,605.43,446.00,507.50,-7%,39%,3.63%,4.93%,5.06%,45.34%,65.59%,88,4.33%,-17.32%,,,,,,,,,,,,
,,,,,,,,,,,,,,,,,,2016,12/1/2016,428.60 CHF,,,6/17/2019,,6/17/2019,,,,,5.13%,428.60 CHF,22.00,605.43,446.00,507.50,-11%,41%,3.63%,4.93%,5.13%,47.34%,67.87%,88,4.33%,-18.44%,,,,,,,,,,,,
,,,,,,,,,,,,,,,,,,2016,12/2/2016,431.10 CHF,,,6/24/2019,,6/24/2019,,,,,5.10%,431.10 CHF,22.00,605.43,446.00,507.50,-9%,40%,3.63%,4.93%,5.10%,46.49%,66.90%,88,4.33%,-17.96%,,,,,,,,,,,,
,,,,,,,,,,,,,,,,,,2016,12/5/2016,433.30 CHF,,,7/1/2019,,7/1/2019,,,,,5.08%,433.30 CHF,22.00,605.43,446.00,507.50,-8%,40%,3.63%,4.93%,5.08%,45.74%,66.05%,88,4.33%,-17.55%,,,,,,,,,,,,
,,,,,,,,,,,,,,,,,,2016,12/6/2016,432.80 CHF,,,7/8/2019,,7/8/2019,,,,,5.08%,432.80 CHF,22.00,605.43,446.00,507.50,-8%,40%,3.63%,4.93%,5.08%,45.91%,66.24%,88,4.33%,-17.64%,,,,,,,,,,,,
,,,,,,,,,,,,,,,,,,2016,12/7/2016,438.40 CHF,,,7/15/2019,,7/15/2019,,,,,5.02%,438.40 CHF,22.00,605.43,446.00,507.50,-5%,38%,3.63%,4.93%,5.02%,44.05%,64.12%,88,4.33%,-16.57%,,,,,,,,,,,,
,,,,,,,,,,,,,,,,,,2016,12/8/2016,437.40 CHF,,,7/22/2019,,7/22/2019,,,,,5.03%,437.40 CHF,22.00,605.43,446.00,507.50,-5%,38%,3.63%,4.93%,5.03%,44.38%,64.49%,88,4.33%,-16.76%,,,,,,,,,,,,
,,,,,,,,,,,,,,,,,,2016,12/9/2016,446.70 CHF,,,7/29/2019,,7/29/2019,,,,,4.93%,446.70 CHF,22.00,605.43,446.00,507.50,0%,36%,3.63%,4.93%,4.93%,41.37%,61.07%,88,4.33%,-15.00%,,,,,,,,,,,,
,,,,,,,,,,,,,,,,,,2016,12/12/2016,443.70 CHF,,,8/5/2019,,8/5/2019,,,,,4.96%,443.70 CHF,22.00,605.43,446.00,507.50,-1%,36%,3.63%,4.93%,4.96%,42.33%,62.16%,88,4.33%,-15.57%,,,,,,,,,,,,
,,,,,,,,,,,,,,,,,,2016,12/13/2016,449.10 CHF,,,8/12/2019,,8/12/2019,,,,,4.90%,449.10 CHF,22.00,605.43,446.00,507.50,2%,35%,3.63%,4.93%,4.90%,40.61%,60.21%,88,4.33%,-14.54%,,,,,,,,,,,,
,,,,,,,,,,,,,,,,,,2016,12/14/2016,447.40 CHF,,,8/19/2019,,8/19/2019,,,,,4.92%,447.40 CHF,22.00,605.43,446.00,507.50,1%,35%,3.63%,4.93%,4.92%,41.15%,60.82%,88,4.33%,-14.86%,,,,,,,,,,,,
,,,,,,,,,,,,,,,,,,2016,12/15/2016,448.70 CHF,,,8/26/2019,,8/26/2019,,,,,4.90%,448.70 CHF,22.00,605.43,446.00,507.50,2%,35%,3.63%,4.93%,4.90%,40.74%,60.35%,88,4.33%,-14.61%,,,,,,,,,,,,
,,,,,,,,,,,,,,,,,,2016,12/16/2016,447.30 CHF,,,9/2/2019,,9/3/2019,,,,,4.92%,447.30 CHF,22.00,605.43,446.00,507.50,1%,35%,3.63%,4.93%,4.92%,41.18%,60.85%,88,4.33%,-14.88%,,,,,,,,,,,,
,,,,,,,,,,,,,,,,,,2016,12/19/2016,452.10 CHF,,,9/9/2019,,9/9/2019,,,,,4.87%,452.10 CHF,22.00,605.43,446.00,507.50,4%,34%,3.63%,4.93%,4.87%,39.68%,59.15%,88,4.33%,-13.97%,,,,,,,,,,,,
,,,,,,,,,,,,,,,,,,2016,12/20/2016,453.40 CHF,,,9/16/2019,,9/16/2019,,,,,4.85%,453.40 CHF,22.00,605.43,446.00,507.50,5%,34%,3.63%,4.93%,4.85%,39.28%,58.69%,88,4.33%,-13.72%,,,,,,,,,,,,
,,,,,,,,,,,,,,,,,,2016,12/21/2016,451.90 CHF,,,9/23/2019,,9/23/2019,,,,,4.87%,451.90 CHF,22.00,605.43,446.00,507.50,4%,34%,3.63%,4.93%,4.87%,39.74%,59.22%,88,4.33%,-14.01%,,,,,,,,,,,,
,,,,,,,,,,,,,,,,,,2016,12/22/2016,450.40 CHF,,,9/30/2019,,9/30/2019,,,,,4.88%,450.40 CHF,22.00,605.43,446.00,507.50,3%,34%,3.63%,4.93%,4.88%,40.21%,59.75%,88,4.33%,-14.29%,,,,,,,,,,,,
,,,,,,,,,,,,,,,,,,2016,12/23/2016,454.90 CHF,,,10/7/2019,,10/7/2019,,,,,4.84%,454.90 CHF,22.00,605.43,446.00,507.50,6%,33%,3.63%,4.93%,4.84%,38.82%,58.17%,88,4.33%,-13.43%,,,,,,,,,,,,
,,,,,,,,,,,,,,,,,,2016,12/27/2016,456.50 CHF,,,10/14/2019,,10/14/2019,,,,,4.82%,456.50 CHF,22.00,605.43,446.00,507.50,7%,33%,3.63%,4.93%,4.82%,38.34%,57.61%,88,4.33%,-13.13%,,,,,,,,,,,,
,,,,,,,,,,,,,,,,,,2016,12/28/2016,455.10 CHF,,,10/21/2019,,10/21/2019,,,,,4.83%,455.10 CHF,22.00,605.43,446.00,507.50,6%,33%,3.63%,4.93%,4.83%,38.76%,58.10%,88,4.33%,-13.40%,,,,,,,,,,,,
,,,,,,,,,,,,,,,,,,2016,12/29/2016,456.10 CHF,,,10/28/2019,,10/28/2019,,,,,4.82%,456.10 CHF,22.00,605.43,446.00,507.50,6%,33%,3.63%,4.93%,4.82%,38.46%,57.75%,88,4.33%,-13.21%,,,,,,,,,,,,
,,,,,,,,,,,,,,,,,,2016,12/30/2016,457.00 CHF,,,11/4/2019,,11/4/2019,,,,,4.81%,457.00 CHF,22.00,605.43,446.00,507.50,7%,32%,3.63%,4.93%,4.81%,38.18%,57.44%,88,4.33%,-13.04%,,,,,,,,,,,,
,,,,,,,,,,,,,,,,,,2017,1/3/2017,451.00 CHF,,,11/11/2019,,11/11/2019,,,,,4.88%,451.00 CHF,22.00,605.43,446.00,507.50,3%,34%,3.63%,4.93%,4.88%,40.02%,54.66%,66,4.33%,-14.18%,,,,,,,,,,,,
,,,,,,,,,,,,,,,,,,2017,1/4/2017,459.70 CHF,,,11/18/2019,,11/18/2019,,,,,4.79%,459.70 CHF,22.00,605.43,446.00,507.50,9%,32%,3.63%,4.93%,4.79%,37.37%,51.73%,66,4.33%,-12.52%,,,,,,,,,,,,
,,,,,,,,,,,,,,,,,,2017,1/5/2017,467.30 CHF,,,11/25/2019,,11/25/2019,,,,,4.71%,467.30 CHF,22.00,605.43,446.00,507.50,13%,30%,3.63%,4.93%,4.71%,35.14%,49.26%,66,4.33%,-11.08%,,,,,,,,,,,,
,,,,,,,,,,,,,,,,,,2017,1/6/2017,466.40 CHF,,,12/2/2019,,12/2/2019,,,,,4.72%,466.40 CHF,22.00,605.43,446.00,507.50,13%,30%,3.63%,4.93%,4.72%,35.40%,49.55%,66,4.33%,-11.25%,,,,,,,,,,,,
,,,,,,,,,,,,,,,,,,2017,1/9/2017,466.70 CHF,,,12/9/2019,,12/9/2019,,,,,4.71%,466.70 CHF,22.00,605.43,446.00,507.50,13%,30%,3.63%,4.93%,4.71%,35.31%,49.45%,66,4.33%,-11.19%,,,,,,,,,,,,
,,,,,,,,,,,,,,,,,,2017,1/10/2017,461.80 CHF,,,12/16/2019,,12/16/2019,,,,,4.76%,461.80 CHF,22.00,605.43,446.00,507.50,10%,31%,3.63%,4.93%,4.76%,36.75%,51.04%,66,4.33%,-12.12%,,,,,,,,,,,,
,,,,,,,,,,,,,,,,,,2017,1/11/2017,462.00 CHF,,,12/23/2019,,12/23/2019,,,,,4.76%,462.00 CHF,22.00,605.43,446.00,507.50,10%,31%,3.63%,4.93%,4.76%,36.69%,50.97%,66,4.33%,-12.08%,,,,,,,,,,,,
,,,,,,,,,,,,,,,,,,2017,1/12/2017,459.30 CHF,,,12/30/2019,,12/30/2019,,,,,4.79%,459.30 CHF,22.00,605.43,446.00,507.50,8%,32%,3.63%,4.93%,4.79%,37.49%,51.86%,66,4.33%,-12.60%,,,,,,,,,,,,
,,,,,,,,,,,,,,,,,,2017,1/13/2017,461.00 CHF,,,1/6/2020,,1/6/2020,,,,,4.77%,461.00 CHF,22.00,605.43,446.00,507.50,9%,31%,3.63%,4.93%,4.77%,36.98%,51.30%,66,4.33%,-12.27%,,,,,,,,,,,,
,,,,,,,,,,,,,,,,,,2017,1/16/2017,454.80 CHF,,,1/13/2020,,1/13/2020,,,,,4.84%,454.80 CHF,22.00,605.43,446.00,507.50,6%,33%,3.63%,4.93%,4.84%,38.85%,53.36%,66,4.33%,-13.45%,,,,,,,,,,,,
,,,,,,,,,,,,,,,,,,2017,1/17/2017,452.60 CHF,,,1/20/2020,,1/21/2020,,,,,4.86%,452.60 CHF,22.00,605.43,446.00,507.50,4%,34%,3.63%,4.93%,4.86%,39.53%,54.11%,66,4.33%,-13.87%,,,,,,,,,,,,
,,,,,,,,,,,,,,,,,,2017,1/18/2017,450.30 CHF,,,1/27/2020,,1/27/2020,,,,,4.89%,450.30 CHF,22.00,605.43,446.00,507.50,3%,34%,3.63%,4.93%,4.89%,40.24%,54.90%,66,4.33%,-14.31%,,,,,,,,,,,,
,,,,,,,,,,,,,,,,,,2017,1/19/2017,446.30 CHF,,,2/3/2020,,2/3/2020,,,,,4.93%,446.30 CHF,22.00,605.43,446.00,507.50,0%,36%,3.63%,4.93%,4.93%,41.50%,56.29%,66,4.33%,-15.07%,,,,,,,,,,,,
,,,,,,,,,,,,,,,,,,2017,1/20/2017,442.80 CHF,,,2/10/2020,,2/10/2020,,,,,4.97%,442.80 CHF,22.00,605.43,446.00,507.50,-2%,37%,3.63%,4.93%,4.97%,42.62%,57.52%,66,4.33%,-15.74%,,,,,,,,,,,,
,,,,,,,,,,,,,,,,,,2017,1/23/2017,438.40 CHF,,,2/17/2020,,2/18/2020,,,,,5.02%,438.40 CHF,22.00,605.43,446.00,507.50,-5%,38%,3.63%,4.93%,5.02%,44.05%,59.10%,66,4.33%,-16.57%,,,,,,,,,,,,
,,,,,,,,,,,,,,,,,,2017,1/24/2017,438.10 CHF,,,2/24/2020,,2/24/2020,,,,,5.02%,438.10 CHF,22.00,605.43,446.00,507.50,-5%,38%,3.63%,4.93%,5.02%,44.15%,59.21%,66,4.33%,-16.63%,,,,,,,,,,,,
,,,,,,,,,,,,,,,,,,2017,1/25/2017,437.00 CHF,,,3/2/2020,,3/2/2020,,,,,5.03%,437.00 CHF,22.00,605.43,446.00,507.50,-6%,39%,3.63%,4.93%,5.03%,44.51%,59.61%,66,4.33%,-16.84%,,,,,,,,,,,,
,,,,,,,,,,,,,,,,,,2017,1/26/2017,438.80 CHF,,,3/9/2020,,3/9/2020,,,,,5.01%,438.80 CHF,22.00,605.43,446.00,507.50,-5%,38%,3.63%,4.93%,5.01%,43.92%,58.96%,66,4.33%,-16.50%,,,,,,,,,,,,
,,,,,,,,,,,,,,,,,,2017,1/27/2017,436.00 CHF,,,3/16/2020,,3/16/2020,,,,,5.05%,436.00 CHF,22.00,605.43,446.00,507.50,-6%,39%,3.63%,4.93%,5.05%,44.84%,59.98%,66,4.33%,-17.03%,,,,,,,,,,,,
,,,,,,,,,,,,,,,,,,2017,1/30/2017,434.40 CHF,,,3/23/2020,,3/23/2020,,,,,5.06%,434.40 CHF,22.00,605.43,446.00,507.50,-7%,39%,3.63%,4.93%,5.06%,45.37%,60.57%,66,4.33%,-17.34%,,,,,,,,,,,,
,,,,,,,,,,,,,,,,,,2017,1/31/2017,436.60 CHF,,,3/30/2020,,3/30/2020,,,,,5.04%,436.60 CHF,22.00,605.43,446.00,507.50,-6%,39%,3.63%,4.93%,5.04%,44.64%,59.76%,66,4.33%,-16.92%,,,,,,,,,,,,
,,,,,,,,,,,,,,,,,,2017,2/1/2017,433.20 CHF,,,4/6/2020,,4/6/2020,,,,,5.08%,433.20 CHF,22.00,605.43,446.00,507.50,-8%,40%,3.63%,4.93%,5.08%,45.78%,61.01%,66,4.33%,-17.56%,,,,,,,,,,,,
,,,,,,,,,,,,,,,,,,2017,2/2/2017,431.40 CHF,,,4/14/2020,,4/13/2020,,,,,5.10%,431.40 CHF,22.00,605.43,446.00,507.50,-9%,40%,3.63%,4.93%,5.10%,46.38%,61.68%,66,4.33%,-17.91%,,,,,,,,,,,,
,,,,,,,,,,,,,,,,,,2017,2/3/2017,432.50 CHF,,,4/20/2020,,4/20/2020,,,,,5.09%,432.50 CHF,22.00,605.43,446.00,507.50,-8%,40%,3.63%,4.93%,5.09%,46.01%,61.27%,66,4.33%,-17.70%,,,,,,,,,,,,
,,,,,,,,,,,,,,,,,,2017,2/6/2017,431.60 CHF,,,4/27/2020,,4/27/2020,,,,,5.10%,431.60 CHF,22.00,605.43,446.00,507.50,-9%,40%,3.63%,4.93%,5.10%,46.32%,61.61%,66,4.33%,-17.87%,,,,,,,,,,,,
,,,,,,,,,,,,,,,,,,2017,2/7/2017,434.00 CHF,,,5/4/2020,,5/4/2020,,,,,5.07%,434.00 CHF,22.00,605.43,446.00,507.50,-8%,40%,3.63%,4.93%,5.07%,45.51%,60.71%,66,4.33%,-17.41%,,,,,,,,,,,,
,,,,,,,,,,,,,,,,,,2017,2/8/2017,440.10 CHF,,,5/11/2020,,5/11/2020,,,,,5.00%,440.10 CHF,22.00,605.43,446.00,507.50,-4%,38%,3.63%,4.93%,5.00%,43.49%,58.49%,66,4.33%,-16.25%,,,,,,,,,,,,
,,,,,,,,,,,,,,,,,,2017,2/9/2017,443.50 CHF,,,5/18/2020,,5/18/2020,,,,,4.96%,443.50 CHF,22.00,605.43,446.00,507.50,-2%,37%,3.63%,4.93%,4.96%,42.39%,57.27%,66,4.33%,-15.60%,,,,,,,,,,,,
,,,,,,,,,,,,,,,,,,2017,2/10/2017,443.90 CHF,,,5/25/2020,,5/26/2020,,,,,4.96%,443.90 CHF,22.00,605.43,446.00,507.50,-1%,36%,3.63%,4.93%,4.96%,42.26%,57.13%,66,4.33%,-15.53%,,,,,,,,,,,,
,,,,,,,,,,,,,,,,,,2017,2/13/2017,442.20 CHF,,,6/2/2020,,6/1/2020,,,,,4.98%,442.20 CHF,22.00,605.43,446.00,507.50,-2%,37%,3.63%,4.93%,4.98%,42.81%,57.73%,66,4.33%,-15.85%,,,,,,,,,,,,
,,,,,,,,,,,,,,,,,,2017,2/14/2017,441.40 CHF,,,6/8/2020,,6/8/2020,,,,,4.98%,441.40 CHF,22.00,605.43,446.00,507.50,-3%,37%,3.63%,4.93%,4.98%,43.07%,58.02%,66,4.33%,-16.00%,,,,,,,,,,,,
,,,,,,,,,,,,,,,,,,2017,2/15/2017,443.30 CHF,,,6/15/2020,,6/15/2020,,,,,4.96%,443.30 CHF,22.00,605.43,446.00,507.50,-2%,37%,3.63%,4.93%,4.96%,42.45%,57.34%,66,4.33%,-15.64%,,,,,,,,,,,,
,,,,,,,,,,,,,,,,,,2017,2/16/2017,446.60 CHF,,,6/22/2020,,6/22/2020,,,,,4.93%,446.60 CHF,22.00,605.43,446.00,507.50,0%,36%,3.63%,4.93%,4.93%,41.40%,56.18%,66,4.33%,-15.01%,,,,,,,,,,,,
,,,,,,,,,,,,,,,,,,2017,2/17/2017,448.00 CHF,,,6/29/2020,,6/29/2020,,,,,4.91%,448.00 CHF,22.00,605.43,446.00,507.50,1%,35%,3.63%,4.93%,4.91%,40.96%,55.69%,66,4.33%,-14.75%,,,,,,,,,,,,
,,,,,,,,,,,,,,,,,,2017,2/20/2017,452.10 CHF,,,7/6/2020,,7/6/2020,,,,,4.87%,452.10 CHF,22.00,605.43,446.00,507.50,4%,34%,3.63%,4.93%,4.87%,39.68%,54.28%,66,4.33%,-13.97%,,,,,,,,,,,,
,,,,,,,,,,,,,,,,,,2017,2/21/2017,452.80 CHF,,,7/13/2020,,7/13/2020,,,,,4.86%,452.80 CHF,22.00,605.43,446.00,507.50,4%,34%,3.63%,4.93%,4.86%,39.47%,54.04%,66,4.33%,-13.83%,,,,,,,,,,,,
,,,,,,,,,,,,,,,,,,2017,2/22/2017,452.50 CHF,,,7/20/2020,,7/20/2020,,,,,4.86%,452.50 CHF,22.00,605.43,446.00,507.50,4%,34%,3.63%,4.93%,4.86%,39.56%,54.14%,66,4.33%,-13.89%,,,,,,,,,,,,
,,,,,,,,,,,,,,,,,,2017,2/23/2017,451.70 CHF,,,7/27/2020,,7/27/2020,,,,,4.87%,451.70 CHF,22.00,605.43,446.00,507.50,4%,34%,3.63%,4.93%,4.87%,39.81%,54.42%,66,4.33%,-14.04%,,,,,,,,,,,,
,,,,,,,,,,,,,,,,,,2017,2/24/2017,448.40 CHF,,,8/3/2020,,8/3/2020,,,,,4.91%,448.40 CHF,22.00,605.43,446.00,507.50,2%,35%,3.63%,4.93%,4.91%,40.83%,55.55%,66,4.33%,-14.67%,,,,,,,,,,,,
,,,,,,,,,,,,,,,,,,2017,2/27/2017,448.30 CHF,,,8/10/2020,,8/10/2020,,,,,4.91%,448.30 CHF,22.00,605.43,446.00,507.50,1%,35%,3.63%,4.93%,4.91%,40.87%,55.59%,66,4.33%,-14.69%,,,,,,,,,,,,
,,,,,,,,,,,,,,,,,,2017,2/28/2017,440.80 CHF,,,8/17/2020,,8/17/2020,,,,,4.99%,440.80 CHF,22.00,605.43,446.00,507.50,-3%,37%,3.63%,4.93%,4.99%,43.26%,58.24%,66,4.33%,-16.12%,,,,,,,,,,,,
,,,,,,,,,,,,,,,,,,2017,3/1/2017,443.40 CHF,,,8/24/2020,,8/24/2020,,,,,4.96%,443.40 CHF,22.00,605.43,446.00,507.50,-2%,37%,3.63%,4.93%,4.96%,42.42%,57.31%,66,4.33%,-15.62%,,,,,,,,,,,,
,,,,,,,,,,,,,,,,,,2017,3/2/2017,446.20 CHF,,,8/31/2020,,8/31/2020,,,,,4.93%,446.20 CHF,22.00,605.43,446.00,507.50,0%,36%,3.63%,4.93%,4.93%,41.53%,56.32%,66,4.33%,-15.09%,,,,,,,,,,,,
,,,,,,,,,,,,,,,,,,2017,3/3/2017,446.00 CHF,,,9/7/2020,,9/8/2020,,,,,4.93%,446.00 CHF,22.00,605.43,446.00,507.50,0%,36%,3.63%,4.93%,4.93%,41.59%,56.39%,66,4.33%,-15.13%,,,,,,,,,,,,
,,,,,,,,,,,,,,,,,,2017,3/6/2017,446.50 CHF,,,9/14/2020,,9/14/2020,,,,,4.93%,446.50 CHF,22.00,605.43,446.00,507.50,0%,36%,3.63%,4.93%,4.93%,41.43%,56.22%,66,4.33%,-15.03%,,,,,,,,,,,,
,,,,,,,,,,,,,,,,,,2017,3/7/2017,445.00 CHF,,,9/21/2020,,9/21/2020,,,,,4.94%,445.00 CHF,22.00,605.43,446.00,507.50,-1%,36%,3.63%,4.93%,4.94%,41.91%,56.74%,66,4.33%,-15.32%,,,,,,,,,,,,
,,,,,,,,,,,,,,,,,,2017,3/8/2017,443.40 CHF,,,9/28/2020,,9/28/2020,,,,,4.96%,443.40 CHF,22.00,605.43,446.00,507.50,-2%,37%,3.63%,4.93%,4.96%,42.42%,57.31%,66,4.33%,-15.62%,,,,,,,,,,,,
,,,,,,,,,,,,,,,,,,2017,3/9/2017,444.10 CHF,,,10/5/2020,,10/5/2020,,,,,4.95%,444.10 CHF,22.00,605.43,446.00,507.50,-1%,36%,3.63%,4.93%,4.95%,42.20%,57.06%,66,4.33%,-15.49%,,,,,,,,,,,,
,,,,,,,,,,,,,,,,,,2017,3/10/2017,448.70 CHF,,,10/12/2020,,10/12/2020,,,,,4.90%,448.70 CHF,22.00,605.43,446.00,507.50,2%,35%,3.63%,4.93%,4.90%,40.74%,55.45%,66,4.33%,-14.61%,,,,,,,,,,,,
,,,,,,,,,,,,,,,,,,2017,3/13/2017,446.90 CHF,,,10/19/2020,,10/19/2020,,,,,4.92%,446.90 CHF,22.00,605.43,446.00,507.50,1%,35%,3.63%,4.93%,4.92%,41.31%,56.08%,66,4.33%,-14.96%,,,,,,,,,,,,
,,,,,,,,,,,,,,,,,,2017,3/14/2017,447.20 CHF,,,10/26/2020,,10/26/2020,,,,,4.92%,447.20 CHF,22.00,605.43,446.00,507.50,1%,35%,3.63%,4.93%,4.92%,41.21%,55.97%,66,4.33%,-14.90%,,,,,,,,,,,,
,,,,,,,,,,,,,,,,,,2017,3/15/2017,447.50 CHF,,,11/2/2020,,11/2/2020,,,,,4.92%,447.50 CHF,22.00,605.43,446.00,507.50,1%,35%,3.63%,4.93%,4.92%,41.12%,55.87%,66,4.33%,-14.84%,,,,,,,,,,,,
,,,,,,,,,,,,,,,,,,2017,3/16/2017,450.30 CHF,,,11/9/2020,,11/9/2020,,,,,4.89%,450.30 CHF,22.00,605.43,446.00,507.50,3%,34%,3.63%,4.93%,4.89%,40.24%,54.90%,66,4.33%,-14.31%,,,,,,,,,,,,
,,,,,,,,,,,,,,,,,,2017,3/17/2017,459.60 CHF,,,11/16/2020,,11/16/2020,,,,,4.79%,459.60 CHF,22.00,605.43,446.00,507.50,9%,32%,3.63%,4.93%,4.79%,37.40%,51.76%,66,4.33%,-12.54%,,,,,,,,,,,,
,,,,,,,,,,,,,,,,,,2017,3/20/2017,458.00 CHF,,,11/23/2020,,11/23/2020,,,,,4.80%,458.00 CHF,22.00,605.43,446.00,507.50,8%,32%,3.63%,4.93%,4.80%,37.88%,52.29%,66,4.33%,-12.84%,,,,,,,,,,,,
,,,,,,,,,,,,,,,,,,2017,3/21/2017,457.40 CHF,,,11/30/2020,,11/30/2020,,,,,4.81%,457.40 CHF,22.00,605.43,446.00,507.50,7%,32%,3.63%,4.93%,4.81%,38.06%,52.49%,66,4.33%,-12.96%,,,,,,,,,,,,
,,,,,,,,,,,,,,,,,,2017,3/22/2017,456.70 CHF,,,12/7/2020,,12/7/2020,,,,,4.82%,456.70 CHF,22.00,605.43,446.00,507.50,7%,33%,3.63%,4.93%,4.82%,38.27%,52.73%,66,4.33%,-13.09%,,,,,,,,,,,,
,,,,,,,,,,,,,,,,,,2017,3/23/2017,459.10 CHF,,,12/14/2020,,12/14/2020,,,,,4.79%,459.10 CHF,22.00,605.43,446.00,507.50,8%,32%,3.63%,4.93%,4.79%,37.55%,51.93%,66,4.33%,-12.64%,,,,,,,,,,,,
,,,,,,,,,,,,,,,,,,2017,3/24/2017,457.00 CHF,,,12/21/2020,,12/21/2020,,,,,4.81%,457.00 CHF,22.00,605.43,446.00,507.50,7%,32%,3.63%,4.93%,4.81%,38.18%,52.63%,66,4.33%,-13.04%,,,,,,,,,,,,
,,,,,,,,,,,,,,,,,,2017,3/27/2017,456.00 CHF,,,12/28/2020,,12/28/2020,,,,,4.82%,456.00 CHF,22.00,605.43,446.00,507.50,6%,33%,3.63%,4.93%,4.82%,38.49%,52.96%,66,4.33%,-13.23%,,,,,,,,,,,,
,,,,,,,,,,,,,,,,,,2017,3/28/2017,456.30 CHF,,,1/4/2021,,1/4/2021,,,,,4.82%,456.30 CHF,22.00,605.43,446.00,507.50,6%,33%,3.63%,4.93%,4.82%,38.40%,52.86%,66,4.33%,-13.17%,,,,,,,,,,,,
,,,,,,,,,,,,,,,,,,2017,3/29/2017,456.20 CHF,,,1/11/2021,,1/11/2021,,,,,4.82%,456.20 CHF,22.00,605.43,446.00,507.50,6%,33%,3.63%,4.93%,4.82%,38.43%,52.89%,66,4.33%,-13.19%,,,,,,,,,,,,
,,,,,,,,,,,,,,,,,,2017,3/30/2017,458.70 CHF,,,1/18/2021,,1/19/2021,,,,,4.80%,458.70 CHF,22.00,605.43,446.00,507.50,8%,32%,3.63%,4.93%,4.80%,37.67%,52.06%,66,4.33%,-12.71%,,,,,,,,,,,,
,,,,,,,,,,,,,,,,,,2017,3/31/2017,462.80 CHF,,,1/25/2021,,1/25/2021,,,,,4.75%,462.80 CHF,22.00,605.43,446.00,507.50,11%,31%,3.63%,4.93%,4.75%,36.45%,50.71%,66,4.33%,-11.93%,,,,,,,,,,,,
,,,,,,,,,,,,,,,,,,2017,4/3/2017,460.60 CHF,,,2/1/2021,,2/1/2021,,,,,4.78%,460.60 CHF,22.00,605.43,446.00,507.50,9%,31%,3.63%,4.93%,4.78%,37.10%,51.43%,66,4.33%,-12.35%,,,,,,,,,,,,
,,,,,,,,,,,,,,,,,,2017,4/4/2017,458.60 CHF,,,2/8/2021,,2/8/2021,,,,,4.80%,458.60 CHF,22.00,605.43,446.00,507.50,8%,32%,3.63%,4.93%,4.80%,37.70%,52.09%,66,4.33%,-12.73%,,,,,,,,,,,,
,,,,,,,,,,,,,,,,,,2017,4/5/2017,437.80 CHF,,,2/15/2021,,2/16/2021,,,,,5.03%,437.80 CHF,22.00,605.43,446.00,507.50,-5%,38%,3.63%,4.93%,5.03%,44.24%,59.32%,66,4.33%,-16.69%,,,,,,,,,,,,
,,,,,,,,,,,,,,,,,,2017,4/6/2017,437.40 CHF,,,2/22/2021,,2/22/2021,,,,,5.03%,437.40 CHF,22.00,605.43,446.00,507.50,-5%,38%,3.63%,4.93%,5.03%,44.38%,59.47%,66,4.33%,-16.76%,,,,,,,,,,,,
,,,,,,,,,,,,,,,,,,2017,4/7/2017,437.30 CHF,,,3/1/2021,,3/1/2021,,,,,5.03%,437.30 CHF,22.00,605.43,446.00,507.50,-5%,38%,3.63%,4.93%,5.03%,44.41%,59.50%,66,4.33%,-16.78%,,,,,,,,,,,,
,,,,,,,,,,,,,,,,,,2017,4/10/2017,438.60 CHF,,,3/8/2021,,3/8/2021,,,,,5.02%,438.60 CHF,22.00,605.43,446.00,507.50,-5%,38%,3.63%,4.93%,5.02%,43.98%,59.03%,66,4.33%,-16.54%,,,,,,,,,,,,
,,,,,,,,,,,,,,,,,,2017,4/11/2017,435.70 CHF,,,3/15/2021,,3/15/2021,,,,,5.05%,435.70 CHF,22.00,605.43,446.00,507.50,-6%,39%,3.63%,4.93%,5.05%,44.94%,60.09%,66,4.33%,-17.09%,,,,,,,,,,,,
,,,,,,,,,,,,,,,,,,2017,4/12/2017,436.40 CHF,,,3/22/2021,,3/22/2021,,,,,5.04%,436.40 CHF,22.00,605.43,446.00,507.50,-6%,39%,3.63%,4.93%,5.04%,44.71%,59.83%,66,4.33%,-16.96%,,,,,,,,,,,,
,,,,,,,,,,,,,,,,,,2017,4/13/2017,435.30 CHF,,,3/29/2021,,3/29/2021,,,,,5.05%,435.30 CHF,22.00,605.43,446.00,507.50,-7%,39%,3.63%,4.93%,5.05%,45.07%,60.23%,66,4.33%,-17.16%,,,,,,,,,,,,
,,,,,,,,,,,,,,,,,,2017,4/18/2017,434.30 CHF,,,4/6/2021,,4/5/2021,,,,,5.07%,434.30 CHF,22.00,605.43,446.00,507.50,-7%,39%,3.63%,4.93%,5.07%,45.41%,60.60%,66,4.33%,-17.35%,,,,,,,,,,,,
,,,,,,,,,,,,,,,,,,2017,4/19/2017,436.00 CHF,,,4/12/2021,,4/12/2021,,,,,5.05%,436.00 CHF,22.00,605.43,446.00,507.50,-6%,39%,3.63%,4.93%,5.05%,44.84%,59.98%,66,4.33%,-17.03%,,,,,,,,,,,,
,,,,,,,,,,,,,,,,,,2017,4/20/2017,437.80 CHF,,,4/19/2021,,4/19/2021,,,,,5.03%,437.80 CHF,22.00,605.43,446.00,507.50,-5%,38%,3.63%,4.93%,5.03%,44.24%,59.32%,66,4.33%,-16.69%,,,,,,,,,,,,
,,,,,,,,,,,,,,,,,,2017,4/21/2017,436.60 CHF,,,4/26/2021,,4/26/2021,,,,,5.04%,436.60 CHF,22.00,605.43,446.00,507.50,-6%,39%,3.63%,4.93%,5.04%,44.64%,59.76%,66,4.33%,-16.92%,,,,,,,,,,,,
,,,,,,,,,,,,,,,,,,2017,4/24/2017,436.90 CHF,,,5/3/2021,,5/3/2021,,,,,5.04%,436.90 CHF,22.00,605.43,446.00,507.50,-6%,39%,3.63%,4.93%,5.04%,44.54%,59.65%,66,4.33%,-16.86%,,,,,,,,,,,,
,,,,,,,,,,,,,,,,,,2017,4/25/2017,440.50 CHF,,,5/10/2021,,5/10/2021,,,,,4.99%,440.50 CHF,22.00,605.43,446.00,507.50,-3%,37%,3.63%,4.93%,4.99%,43.36%,58.34%,66,4.33%,-16.18%,,,,,,,,,,,,
,,,,,,,,,,,,,,,,,,2017,4/26/2017,439.20 CHF,,,5/17/2021,,5/17/2021,,,,,5.01%,439.20 CHF,22.00,605.43,446.00,507.50,-4%,38%,3.63%,4.93%,5.01%,43.78%,58.81%,66,4.33%,-16.42%,,,,,,,,,,,,
,,,,,,,,,,,,,,,,,,2017,4/27/2017,435.80 CHF,,,5/25/2021,,5/24/2021,,,,,5.05%,435.80 CHF,22.00,605.43,446.00,507.50,-6%,39%,3.63%,4.93%,5.05%,44.91%,60.05%,66,4.33%,-17.07%,,,,,,,,,,,,
,,,,,,,,,,,,,,,,,,2017,4/28/2017,433.70 CHF,,,5/31/2021,,6/1/2021,,,,,5.07%,433.70 CHF,22.00,605.43,446.00,507.50,-8%,40%,3.63%,4.93%,5.07%,45.61%,60.83%,66,4.33%,-17.47%,,,,,,,,,,,,
,,,,,,,,,,,,,,,,,,2017,5/2/2017,435.00 CHF,,,6/7/2021,,6/7/2021,,,,,5.06%,435.00 CHF,22.00,605.43,446.00,507.50,-7%,39%,3.63%,4.93%,5.06%,45.17%,60.34%,66,4.33%,-17.22%,,,,,,,,,,,,
,,,,,,,,,,,,,,,,,,2017,5/3/2017,444.70 CHF,,,6/14/2021,,6/14/2021,,,,,4.95%,444.70 CHF,22.00,605.43,446.00,507.50,-1%,36%,3.63%,4.93%,4.95%,42.01%,56.85%,66,4.33%,-15.38%,,,,,,,,,,,,
,,,,,,,,,,,,,,,,,,2017,5/4/2017,446.00 CHF,,,6/21/2021,,6/21/2021,,,,,4.93%,446.00 CHF,22.00,605.43,446.00,507.50,0%,36%,3.63%,4.93%,4.93%,41.59%,56.39%,66,4.33%,-15.13%,,,,,,,,,,,,
,,,,,,,,,,,,,,,,,,2017,5/5/2017,449.00 CHF,,,6/28/2021,,6/28/2021,,,,,4.90%,449.00 CHF,22.00,605.43,446.00,507.50,2%,35%,3.63%,4.93%,4.90%,40.65%,55.35%,66,4.33%,-14.56%,,,,,,,,,,,,
,,,,,,,,,,,,,,,,,,2017,5/8/2017,453.70 CHF,,,7/5/2021,,7/6/2021,,,,,4.85%,453.70 CHF,22.00,605.43,446.00,507.50,5%,33%,3.63%,4.93%,4.85%,39.19%,53.74%,66,4.33%,-13.66%,,,,,,,,,,,,
,,,,,,,,,,,,,,,,,,2017,5/9/2017,454.40 CHF,,,7/12/2021,,7/12/2021,,,,,4.84%,454.40 CHF,22.00,605.43,446.00,507.50,5%,33%,3.63%,4.93%,4.84%,38.97%,53.50%,66,4.33%,-13.53%,,,,,,,,,,,,
,,,,,,,,,,,,,,,,,,2017,5/10/2017,454.20 CHF,,,7/19/2021,,7/19/2021,,,,,4.84%,454.20 CHF,22.00,605.43,446.00,507.50,5%,33%,3.63%,4.93%,4.84%,39.04%,53.57%,66,4.33%,-13.57%,,,,,,,,,,,,
,,,,,,,,,,,,,,,,,,2017,5/11/2017,452.90 CHF,,,7/26/2021,,7/26/2021,,,,,4.86%,452.90 CHF,22.00,605.43,446.00,507.50,4%,34%,3.63%,4.93%,4.86%,39.43%,54.01%,66,4.33%,-13.82%,,,,,,,,,,,,
,,,,,,,,,,,,,,,,,,2017,5/12/2017,457.40 CHF,,,8/2/2021,,8/2/2021,,,,,4.81%,457.40 CHF,22.00,605.43,446.00,507.50,7%,32%,3.63%,4.93%,4.81%,38.06%,52.49%,66,4.33%,-12.96%,,,,,,,,,,,,
,,,,,,,,,,,,,,,,,,2017,5/15/2017,457.30 CHF,,,8/9/2021,,8/9/2021,,,,,4.81%,457.30 CHF,22.00,605.43,446.00,507.50,7%,32%,3.63%,4.93%,4.81%,38.09%,52.53%,66,4.33%,-12.98%,,,,,,,,,,,,
,,,,,,,,,,,,,,,,,,2017,5/16/2017,458.40 CHF,,,8/16/2021,,8/16/2021,,,,,4.80%,458.40 CHF,22.00,605.43,446.00,507.50,8%,32%,3.63%,4.93%,4.80%,37.76%,52.16%,66,4.33%,-12.77%,,,,,,,,,,,,
,,,,,,,,,,,,,,,,,,2017,5/17/2017,453.40 CHF,,,8/23/2021,,8/23/2021,,,,,4.85%,453.40 CHF,22.00,605.43,446.00,507.50,5%,34%,3.63%,4.93%,4.85%,39.28%,53.84%,66,4.33%,-13.72%,,,,,,,,,,,,
,,,,,,,,,,,,,,,,,,2017,5/18/2017,450.10 CHF,,,8/30/2021,,8/30/2021,,,,,4.89%,450.10 CHF,22.00,605.43,446.00,507.50,3%,35%,3.63%,4.93%,4.89%,40.30%,54.97%,66,4.33%,-14.35%,,,,,,,,,,,,
,,,,,,,,,,,,,,,,,,2017,5/19/2017,455.20 CHF,,,9/6/2021,,9/7/2021,,,,,4.83%,455.20 CHF,22.00,605.43,446.00,507.50,6%,33%,3.63%,4.93%,4.83%,38.73%,53.23%,66,4.33%,-13.38%,,,,,,,,,,,,
,,,,,,,,,,,,,,,,,,2017,5/22/2017,464.80 CHF,,,9/13/2021,,9/13/2021,,,,,4.73%,464.80 CHF,22.00,605.43,446.00,507.50,12%,30%,3.63%,4.93%,4.73%,35.86%,50.06%,66,4.33%,-11.55%,,,,,,,,,,,,
,,,,,,,,,,,,,,,,,,2017,5/23/2017,464.20 CHF,,,9/20/2021,,9/20/2021,,,,,4.74%,464.20 CHF,22.00,605.43,446.00,507.50,11%,30%,3.63%,4.93%,4.74%,36.04%,50.26%,66,4.33%,-11.67%,,,,,,,,,,,,
,,,,,,,,,,,,,,,,,,2017,5/24/2017,464.50 CHF,,,9/27/2021,,9/27/2021,,,,,4.74%,464.50 CHF,22.00,605.43,446.00,507.50,12%,30%,3.63%,4.93%,4.74%,35.95%,50.16%,66,4.33%,-11.61%,,,,,,,,,,,,
,,,,,,,,,,,,,,,,,,2017,5/26/2017,465.90 CHF,,,10/4/2021,,10/4/2021,,,,,4.72%,465.90 CHF,22.00,605.43,446.00,507.50,12%,30%,3.63%,4.93%,4.72%,35.54%,49.71%,66,4.33%,-11.34%,,,,,,,,,,,,
,,,,,,,,,,,,,,,,,,2017,5/29/2017,465.20 CHF,,,10/11/2021,,10/11/2021,,,,,4.73%,465.20 CHF,22.00,605.43,446.00,507.50,12%,30%,3.63%,4.93%,4.73%,35.75%,49.94%,66,4.33%,-11.47%,,,,,,,,,,,,
,,,,,,,,,,,,,,,,,,2017,5/30/2017,462.30 CHF,,,10/18/2021,,10/18/2021,,,,,4.76%,462.30 CHF,22.00,605.43,446.00,507.50,10%,31%,3.63%,4.93%,4.76%,36.60%,50.88%,66,4.33%,-12.03%,,,,,,,,,,,,
,,,,,,,,,,,,,,,,,,2017,5/31/2017,463.70 CHF,,,10/25/2021,,10/25/2021,,,,,4.74%,463.70 CHF,22.00,605.43,446.00,507.50,11%,31%,3.63%,4.93%,4.74%,36.19%,50.42%,66,4.33%,-11.76%,,,,,,,,,,,,
,,,,,,,,,,,,,,,,,,2017,6/1/2017,466.60 CHF,,,11/1/2021,,11/1/2021,,,,,4.71%,466.60 CHF,22.00,605.43,446.00,507.50,13%,30%,3.63%,4.93%,4.71%,35.34%,49.49%,66,4.33%,-11.21%,,,,,,,,,,,,
,,,,,,,,,,,,,,,,,,2017,6/2/2017,463.10 CHF,,,11/8/2021,,11/8/2021,,,,,4.75%,463.10 CHF,22.00,605.43,446.00,507.50,11%,31%,3.63%,4.93%,4.75%,36.36%,50.62%,66,4.33%,-11.87%,,,,,,,,,,,,
,,,,,,,,,,,,,,,,,,2017,6/6/2017,460.50 CHF,,,11/15/2021,,11/15/2021,,,,,4.78%,460.50 CHF,22.00,605.43,446.00,507.50,9%,31%,3.63%,4.93%,4.78%,37.13%,51.47%,66,4.33%,-12.37%,,,,,,,,,,,,
,,,,,,,,,,,,,,,,,,2017,6/7/2017,461.10 CHF,,,11/22/2021,,11/22/2021,,,,,4.77%,461.10 CHF,22.00,605.43,446.00,507.50,9%,31%,3.63%,4.93%,4.77%,36.96%,51.27%,66,4.33%,-12.25%,,,,,,,,,,,,
,,,,,,,,,,,,,,,,,,2017,6/8/2017,459.10 CHF,,,11/29/2021,,11/29/2021,,,,,4.79%,459.10 CHF,22.00,605.43,446.00,507.50,8%,32%,3.63%,4.93%,4.79%,37.55%,51.93%,66,4.33%,-12.64%,,,,,,,,,,,,
,,,,,,,,,,,,,,,,,,2017,6/9/2017,459.40 CHF,,,12/6/2021,,12/6/2021,,,,,4.79%,459.40 CHF,22.00,605.43,446.00,507.50,8%,32%,3.63%,4.93%,4.79%,37.46%,51.83%,66,4.33%,-12.58%,,,,,,,,,,,,
,,,,,,,,,,,,,,,,,,2017,6/12/2017,457.10 CHF,,,12/13/2021,,12/13/2021,,,,,4.81%,457.10 CHF,22.00,605.43,446.00,507.50,7%,32%,3.63%,4.93%,4.81%,38.15%,52.59%,66,4.33%,-13.02%,,,,,,,,,,,,
,,,,,,,,,,,,,,,,,,2017,6/13/2017,459.00 CHF,,,12/20/2021,,12/20/2021,,,,,4.79%,459.00 CHF,22.00,605.43,446.00,507.50,8%,32%,3.63%,4.93%,4.79%,37.58%,51.96%,66,4.33%,-12.65%,,,,,,,,,,,,
,,,,,,,,,,,,,,,,,,2017,6/14/2017,460.80 CHF,,,12/27/2021,,12/27/2021,,,,,4.77%,460.80 CHF,22.00,605.43,446.00,507.50,9%,31%,3.63%,4.93%,4.77%,37.04%,51.37%,66,4.33%,-12.31%,,,,,,,,,,,,
,,,,,,,,,,,,,,,,,,2017,6/15/2017,456.50 CHF,,,1/3/2022,,1/3/2022,,,,,4.82%,456.50 CHF,22.00,605.43,446.00,507.50,7%,33%,3.63%,4.93%,4.82%,38.34%,52.79%,66,4.33%,-13.13%,,,,,,,,,,,,
,,,,,,,,,,,,,,,,,,2017,6/16/2017,465.20 CHF,,,1/10/2022,,1/10/2022,,,,,4.73%,465.20 CHF,22.00,605.43,446.00,507.50,12%,30%,3.63%,4.93%,4.73%,35.75%,49.94%,66,4.33%,-11.47%,,,,,,,,,,,,
,,,,,,,,,,,,,,,,,,2017,6/19/2017,467.00 CHF,,,1/17/2022,,1/18/2022,,,,,4.71%,467.00 CHF,22.00,605.43,446.00,507.50,13%,30%,3.63%,4.93%,4.71%,35.22%,49.36%,66,4.33%,-11.13%,,,,,,,,,,,,
,,,,,,,,,,,,,,,,,,2017,6/20/2017,467.80 CHF,,,1/24/2022,,1/24/2022,,,,,4.70%,467.80 CHF,22.00,605.43,446.00,507.50,14%,29%,3.63%,4.93%,4.70%,34.99%,49.10%,66,4.33%,-10.98%,,,,,,,,,,,,
,,,,,,,,,,,,,,,,,,2017,6/21/2017,466.60 CHF,,,1/31/2022,,1/31/2022,,,,,4.71%,466.60 CHF,22.00,605.43,446.00,507.50,13%,30%,3.63%,4.93%,4.71%,35.34%,49.49%,66,4.33%,-11.21%,,,,,,,,,,,,
,,,,,,,,,,,,,,,,,,2017,6/22/2017,467.20 CHF,,,2/7/2022,,2/7/2022,,,,,4.71%,467.20 CHF,22.00,605.43,446.00,507.50,13%,30%,3.63%,4.93%,4.71%,35.17%,49.29%,66,4.33%,-11.09%,,,,,,,,,,,,
,,,,,,,,,,,,,,,,,,2017,6/23/2017,468.30 CHF,,,2/14/2022,,2/14/2022,,,,,4.70%,468.30 CHF,22.00,605.43,446.00,507.50,14%,29%,3.63%,4.93%,4.70%,34.85%,48.94%,66,4.33%,-10.88%,,,,,,,,,,,,
,,,,,,,,,,,,,,,,,,2017,6/26/2017,468.40 CHF,,,2/21/2022,,2/22/2022,,,,,4.70%,468.40 CHF,22.00,605.43,446.00,507.50,14%,29%,3.63%,4.93%,4.70%,34.82%,48.91%,66,4.33%,-10.87%,,,,,,,,,,,,
,,,,,,,,,,,,,,,,,,2017,6/27/2017,465.60 CHF,,,2/28/2022,,2/28/2022,,,,,4.73%,465.60 CHF,22.00,605.43,446.00,507.50,12%,30%,3.63%,4.93%,4.73%,35.63%,49.81%,66,4.33%,-11.40%,,,,,,,,,,,,
,,,,,,,,,,,,,,,,,,2017,6/28/2017,464.40 CHF,,,3/7/2022,,3/7/2022,,,,,4.74%,464.40 CHF,22.00,605.43,446.00,507.50,12%,30%,3.63%,4.93%,4.74%,35.98%,50.19%,66,4.33%,-11.63%,,,,,,,,,,,,
,,,,,,,,,,,,,,,,,,2017,6/29/2017,464.00 CHF,,,3/14/2022,,3/14/2022,,,,,4.74%,464.00 CHF,22.00,605.43,446.00,507.50,11%,30%,3.63%,4.93%,4.74%,36.10%,50.32%,66,4.33%,-11.70%,,,,,,,,,,,,
,,,,,,,,,,,,,,,,,,2017,6/30/2017,463.80 CHF,,,3/21/2022,,3/21/2022,,,,,4.74%,463.80 CHF,22.00,605.43,446.00,507.50,11%,31%,3.63%,4.93%,4.74%,36.16%,50.39%,66,4.33%,-11.74%,,,,,,,,,,,,
,,,,,,,,,,,,,,,,,,2017,7/3/2017,469.00 CHF,,,3/28/2022,,3/28/2022,,,,,4.69%,469.00 CHF,22.00,605.43,446.00,507.50,14%,29%,3.63%,4.93%,4.69%,34.65%,48.72%,66,4.33%,-10.75%,,,,,,,,,,,,
,,,,,,,,,,,,,,,,,,2017,7/4/2017,468.70 CHF,,,4/4/2022,,4/4/2022,,,,,4.69%,468.70 CHF,22.00,605.43,446.00,507.50,14%,29%,3.63%,4.93%,4.69%,34.73%,48.82%,66,4.33%,-10.81%,,,,,,,,,,,,
,,,,,,,,,,,,,,,,,,2017,7/5/2017,467.10 CHF,,,4/11/2022,,4/11/2022,,,,,4.71%,467.10 CHF,22.00,605.43,446.00,507.50,13%,30%,3.63%,4.93%,4.71%,35.20%,49.33%,66,4.33%,-11.11%,,,,,,,,,,,,
,,,,,,,,,,,,,,,,,,2017,7/6/2017,462.90 CHF,,,4/19/2022,,4/18/2022,,,,,4.75%,462.90 CHF,22.00,605.43,446.00,507.50,11%,31%,3.63%,4.93%,4.75%,36.42%,50.68%,66,4.33%,-11.91%,,,,,,,,,,,,
,,,,,,,,,,,,,,,,,,2017,7/7/2017,462.00 CHF,,,4/25/2022,,4/25/2022,,,,,4.76%,462.00 CHF,22.00,605.43,446.00,507.50,10%,31%,3.63%,4.93%,4.76%,36.69%,50.97%,66,4.33%,-12.08%,,,,,,,,,,,,
,,,,,,,,,,,,,,,,,,2017,7/10/2017,466.20 CHF,,,5/2/2022,,5/2/2022,,,,,4.72%,466.20 CHF,22.00,605.43,446.00,507.50,13%,30%,3.63%,4.93%,4.72%,35.46%,49.61%,66,4.33%,-11.28%,,,,,,,,,,,,
,,,,,,,,,,,,,,,,,,2017,7/11/2017,462.90 CHF,,,5/9/2022,,5/9/2022,,,,,4.75%,462.90 CHF,22.00,605.43,446.00,507.50,11%,31%,3.63%,4.93%,4.75%,36.42%,50.68%,66,4.33%,-11.91%,,,,,,,,,,,,
,,,,,,,,,,,,,,,,,,2017,7/12/2017,467.30 CHF,,,5/16/2022,,5/16/2022,,,,,4.71%,467.30 CHF,22.00,605.43,446.00,507.50,13%,30%,3.63%,4.93%,4.71%,35.14%,49.26%,66,4.33%,-11.08%,,,,,,,,,,,,
,,,,,,,,,,,,,,,,,,2017,7/13/2017,467.80 CHF,,,5/23/2022,,5/23/2022,,,,,4.70%,467.80 CHF,22.00,605.43,446.00,507.50,14%,29%,3.63%,4.93%,4.70%,34.99%,49.10%,66,4.33%,-10.98%,,,,,,,,,,,,
,,,,,,,,,,,,,,,,,,2017,7/14/2017,466.90 CHF,,,5/30/2022,,5/31/2022,,,,,4.71%,466.90 CHF,22.00,605.43,446.00,507.50,13%,30%,3.63%,4.93%,4.71%,35.25%,49.39%,66,4.33%,-11.15%,,,,,,,,,,,,
,,,,,,,,,,,,,,,,,,2017,7/17/2017,468.50 CHF,,,6/7/2022,,6/6/2022,,,,,4.70%,468.50 CHF,22.00,605.43,446.00,507.50,14%,29%,3.63%,4.93%,4.70%,34.79%,48.88%,66,4.33%,-10.85%,,,,,,,,,,,,
,,,,,,,,,,,,,,,,,,2017,7/18/2017,468.20 CHF,,,6/13/2022,,6/13/2022,,,,,4.70%,468.20 CHF,22.00,605.43,446.00,507.50,14%,29%,3.63%,4.93%,4.70%,34.88%,48.97%,66,4.33%,-10.90%,,,,,,,,,,,,
,,,,,,,,,,,,,,,,,,2017,7/19/2017,470.90 CHF,,,6/20/2022,,6/21/2022,,,,,4.67%,470.90 CHF,22.00,605.43,446.00,507.50,16%,29%,3.63%,4.93%,4.67%,34.10%,48.12%,66,4.33%,-10.39%,,,,,,,,,,,,
,,,,,,,,,,,,,,,,,,2017,7/20/2017,471.00 CHF,,,6/27/2022,,6/27/2022,,,,,4.67%,471.00 CHF,22.00,605.43,446.00,507.50,16%,29%,3.63%,4.93%,4.67%,34.08%,48.09%,66,4.33%,-10.37%,,,,,,,,,,,,
,,,,,,,,,,,,,,,,,,2017,7/21/2017,469.30 CHF,,,7/4/2022,,7/5/2022,,,,,4.69%,469.30 CHF,22.00,605.43,446.00,507.50,15%,29%,3.63%,4.93%,4.69%,34.56%,48.63%,66,4.33%,-10.69%,,,,,,,,,,,,
,,,,,,,,,,,,,,,,,,2017,7/24/2017,467.10 CHF,,,7/11/2022,,7/11/2022,,,,,4.71%,467.10 CHF,22.00,605.43,446.00,507.50,13%,30%,3.63%,4.93%,4.71%,35.20%,49.33%,66,4.33%,-11.11%,,,,,,,,,,,,
,,,,,,,,,,,,,,,,,,2017,7/25/2017,466.00 CHF,,,7/18/2022,,7/18/2022,,,,,4.72%,466.00 CHF,22.00,605.43,446.00,507.50,13%,30%,3.63%,4.93%,4.72%,35.52%,49.68%,66,4.33%,-11.32%,,,,,,,,,,,,
,,,,,,,,,,,,,,,,,,2017,7/26/2017,471.50 CHF,,,7/25/2022,,7/25/2022,,,,,4.67%,471.50 CHF,22.00,605.43,446.00,507.50,16%,28%,3.63%,4.93%,4.67%,33.93%,47.93%,66,4.33%,-10.28%,,,,,,,,,,,,
,,,,,,,,,,,,,,,,,,2017,7/27/2017,474.80 CHF,,,8/2/2022,,8/1/2022,,,,,4.63%,474.80 CHF,22.00,605.43,446.00,507.50,18%,28%,3.63%,4.93%,4.63%,33.00%,46.90%,66,4.33%,-9.65%,,,,,,,,,,,,
,,,,,,,,,,,,,,,,,,2017,7/28/2017,471.50 CHF,,,8/8/2022,,8/8/2022,,,,,4.67%,471.50 CHF,22.00,605.43,446.00,507.50,16%,28%,3.63%,4.93%,4.67%,33.93%,47.93%,66,4.33%,-10.28%,,,,,,,,,,,,
,,,,,,,,,,,,,,,,,,2017,7/31/2017,473.20 CHF,,,8/15/2022,,8/15/2022,,,,,4.65%,473.20 CHF,22.00,605.43,446.00,507.50,17%,28%,3.63%,4.93%,4.65%,33.45%,47.40%,66,4.33%,-9.95%,,,,,,,,,,,,
,,,,,,,,,,,,,,,,,,2017,8/2/2017,476.60 CHF,,,8/22/2022,,8/22/2022,,,,,4.62%,476.60 CHF,22.00,605.43,446.00,507.50,19%,27%,3.63%,4.93%,4.62%,32.50%,46.35%,66,4.33%,-9.31%,,,,,,,,,,,,
,,,,,,,,,,,,,,,,,,2017,8/3/2017,479.30 CHF,,,8/29/2022,,8/29/2022,,,,,4.59%,479.30 CHF,22.00,605.43,446.00,507.50,21%,26%,3.63%,4.93%,4.59%,31.75%,45.52%,66,4.33%,-8.79%,,,,,,,,,,,,
,,,,,,,,,,,,,,,,,,2017,8/4/2017,481.00 CHF,,,9/5/2022,,9/6/2022,,,,,4.57%,481.00 CHF,22.00,605.43,446.00,507.50,22%,26%,3.63%,4.93%,4.57%,31.29%,45.01%,66,4.33%,-8.47%,,,,,,,,,,,,
,,,,,,,,,,,,,,,,,,2017,8/7/2017,481.70 CHF,,,9/12/2022,,9/12/2022,,,,,4.57%,481.70 CHF,22.00,605.43,446.00,507.50,22%,26%,3.63%,4.93%,4.57%,31.10%,44.80%,66,4.33%,-8.33%,,,,,,,,,,,,
,,,,,,,,,,,,,,,,,,2017,8/8/2017,483.60 CHF,,,9/19/2022,,9/19/2022,,,,,4.55%,483.60 CHF,22.00,605.43,446.00,507.50,24%,25%,3.63%,4.93%,4.55%,30.58%,44.23%,66,4.33%,-7.97%,,,,,,,,,,,,
,,,,,,,,,,,,,,,,,,2017,8/9/2017,479.10 CHF,,,9/26/2022,,9/26/2022,,,,,4.59%,479.10 CHF,22.00,605.43,446.00,507.50,21%,26%,3.63%,4.93%,4.59%,31.81%,45.59%,66,4.33%,-8.83%,,,,,,,,,,,,
,,,,,,,,,,,,,,,,,,2017,8/10/2017,476.50 CHF,,,10/3/2022,,10/3/2022,,,,,4.62%,476.50 CHF,22.00,605.43,446.00,507.50,19%,27%,3.63%,4.93%,4.62%,32.53%,46.38%,66,4.33%,-9.32%,,,,,,,,,,,,
,,,,,,,,,,,,,,,,,,2017,8/11/2017,472.80 CHF,,,10/10/2022,,10/10/2022,,,,,4.65%,472.80 CHF,22.00,605.43,446.00,507.50,17%,28%,3.63%,4.93%,4.65%,33.57%,47.53%,66,4.33%,-10.03%,,,,,,,,,,,,
,,,,,,,,,,,,,,,,,,2017,8/14/2017,480.80 CHF,,,10/17/2022,,10/17/2022,,,,,4.58%,480.80 CHF,22.00,605.43,446.00,507.50,22%,26%,3.63%,4.93%,4.58%,31.34%,45.07%,66,4.33%,-8.51%,,,,,,,,,,,,
,,,,,,,,,,,,,,,,,,2017,8/15/2017,480.50 CHF,,,10/24/2022,,10/24/2022,,,,,4.58%,480.50 CHF,22.00,605.43,446.00,507.50,22%,26%,3.63%,4.93%,4.58%,31.43%,45.16%,66,4.33%,-8.56%,,,,,,,,,,,,
,,,,,,,,,,,,,,,,,,2017,8/16/2017,477.90 CHF,,,10/31/2022,,10/31/2022,,,,,4.60%,477.90 CHF,22.00,605.43,446.00,507.50,20%,27%,3.63%,4.93%,4.60%,32.14%,45.95%,66,4.33%,-9.06%,,,,,,,,,,,,
,,,,,,,,,,,,,,,,,,2017,8/17/2017,476.50 CHF,,,11/7/2022,,11/7/2022,,,,,4.62%,476.50 CHF,22.00,605.43,446.00,507.50,19%,27%,3.63%,4.93%,4.62%,32.53%,46.38%,66,4.33%,-9.32%,,,,,,,,,,,,
,,,,,,,,,,,,,,,,,,2017,8/18/2017,474.60 CHF,,,11/14/2022,,11/14/2022,,,,,4.64%,474.60 CHF,22.00,605.43,446.00,507.50,18%,28%,3.63%,4.93%,4.64%,33.06%,46.97%,66,4.33%,-9.69%,,,,,,,,,,,,
,,,,,,,,,,,,,,,,,,2017,8/21/2017,480.40 CHF,,,11/21/2022,,11/21/2022,,,,,4.58%,480.40 CHF,22.00,605.43,446.00,507.50,22%,26%,3.63%,4.93%,4.58%,31.45%,45.19%,66,4.33%,-8.58%,,,,,,,,,,,,
,,,,,,,,,,,,,,,,,,2017,8/22/2017,484.40 CHF,,,11/28/2022,,11/28/2022,,,,,4.54%,484.40 CHF,22.00,605.43,446.00,507.50,24%,25%,3.63%,4.93%,4.54%,30.37%,43.99%,66,4.33%,-7.82%,,,,,,,,,,,,
,,,,,,,,,,,,,,,,,,2017,8/23/2017,482.30 CHF,,,12/5/2022,,12/5/2022,,,,,4.56%,482.30 CHF,22.00,605.43,446.00,507.50,23%,26%,3.63%,4.93%,4.56%,30.94%,44.62%,66,4.33%,-8.22%,,,,,,,,,,,,
,,,,,,,,,,,,,,,,,,2017,8/24/2017,482.30 CHF,,,12/12/2022,,12/12/2022,,,,,4.56%,482.30 CHF,22.00,605.43,446.00,507.50,23%,26%,3.63%,4.93%,4.56%,30.94%,44.62%,66,4.33%,-8.22%,,,,,,,,,,,,
,,,,,,,,,,,,,,,,,,2017,8/25/2017,479.00 CHF,,,12/19/2022,,12/19/2022,,,,,4.59%,479.00 CHF,22.00,605.43,446.00,507.50,21%,26%,3.63%,4.93%,4.59%,31.84%,45.62%,66,4.33%,-8.85%,,,,,,,,,,,,
,,,,,,,,,,,,,,,,,,2017,8/28/2017,476.60 CHF,,,12/27/2022,,12/27/2022,,,,,4.62%,476.60 CHF,22.00,605.43,446.00,507.50,19%,27%,3.63%,4.93%,4.62%,32.50%,46.35%,66,4.33%,-9.31%,,,,,,,,,,,,
,,,,,,,,,,,,,,,,,,2017,8/29/2017,475.80 CHF,,,1/3/2023,,1/3/2023,,,,,4.62%,475.80 CHF,22.00,605.43,446.00,507.50,19%,27%,3.63%,4.93%,4.62%,32.72%,46.60%,66,4.33%,-9.46%,,,,,,,,,,,,
,,,,,,,,,,,,,,,,,,2017,8/30/2017,480.60 CHF,,,1/9/2023,,1/9/2023,,,,,4.58%,480.60 CHF,22.00,605.43,446.00,507.50,22%,26%,3.63%,4.93%,4.58%,31.40%,45.13%,66,4.33%,-8.54%,,,,,,,,,,,,
,,,,,,,,,,,,,,,,,,2017,8/31/2017,482.50 CHF,,,1/16/2023,,1/17/2023,,,,,4.56%,482.50 CHF,22.00,605.43,446.00,507.50,23%,25%,3.63%,4.93%,4.56%,30.88%,44.56%,66,4.33%,-8.18%,,,,,,,,,,,,
,,,,,,,,,,,,,,,,,,2017,9/1/2017,481.80 CHF,,,1/23/2023,,1/23/2023,,,,,4.57%,481.80 CHF,22.00,605.43,446.00,507.50,22%,26%,3.63%,4.93%,4.57%,31.07%,44.77%,66,4.33%,-8.32%,,,,,,,,,,,,
,,,,,,,,,,,,,,,,,,2017,9/4/2017,478.00 CHF,,,1/30/2023,,1/30/2023,,,,,4.60%,478.00 CHF,22.00,605.43,446.00,507.50,20%,27%,3.63%,4.93%,4.60%,32.11%,45.92%,66,4.33%,-9.04%,,,,,,,,,,,,
,,,,,,,,,,,,,,,,,,2017,9/5/2017,475.40 CHF,,,2/6/2023,,2/6/2023,,,,,4.63%,475.40 CHF,22.00,605.43,446.00,507.50,18%,27%,3.63%,4.93%,4.63%,32.84%,46.72%,66,4.33%,-9.53%,,,,,,,,,,,,
,,,,,,,,,,,,,,,,,,2017,9/6/2017,474.70 CHF,,,2/13/2023,,2/13/2023,,,,,4.63%,474.70 CHF,22.00,605.43,446.00,507.50,18%,28%,3.63%,4.93%,4.63%,33.03%,46.93%,66,4.33%,-9.67%,,,,,,,,,,,,
,,,,,,,,,,,,,,,,,,2017,9/7/2017,477.40 CHF,,,2/20/2023,,2/21/2023,,,,,4.61%,477.40 CHF,22.00,605.43,446.00,507.50,20%,27%,3.63%,4.93%,4.61%,32.28%,46.10%,66,4.33%,-9.15%,,,,,,,,,,,,
,,,,,,,,,,,,,,,,,,2017,9/8/2017,476.20 CHF,,,2/27/2023,,2/27/2023,,,,,4.62%,476.20 CHF,22.00,605.43,446.00,507.50,19%,27%,3.63%,4.93%,4.62%,32.61%,46.47%,66,4.33%,-9.38%,,,,,,,,,,,,
,,,,,,,,,,,,,,,,,,2017,9/11/2017,482.10 CHF,,,3/6/2023,,3/6/2023,,,,,4.56%,482.10 CHF,22.00,605.43,446.00,507.50,23%,26%,3.63%,4.93%,4.56%,30.99%,44.68%,66,4.33%,-8.26%,,,,,,,,,,,,
,,,,,,,,,,,,,,,,,,2017,9/12/2017,479.90 CHF,,,3/13/2023,,3/13/2023,,,,,4.58%,479.90 CHF,22.00,605.43,446.00,507.50,21%,26%,3.63%,4.93%,4.58%,31.59%,45.34%,66,4.33%,-8.68%,,,,,,,,,,,,
,,,,,,,,,,,,,,,,,,2017,9/13/2017,480.40 CHF,,,3/20/2023,,3/20/2023,,,,,4.58%,480.40 CHF,22.00,605.43,446.00,507.50,22%,26%,3.63%,4.93%,4.58%,31.45%,45.19%,66,4.33%,-8.58%,,,,,,,,,,,,
,,,,,,,,,,,,,,,,,,2017,9/14/2017,482.50 CHF,,,3/27/2023,,3/27/2023,,,,,4.56%,482.50 CHF,22.00,605.43,446.00,507.50,23%,25%,3.63%,4.93%,4.56%,30.88%,44.56%,66,4.33%,-8.18%,,,,,,,,,,,,
,,,,,,,,,,,,,,,,,,2017,9/15/2017,481.50 CHF,,,4/3/2023,,4/3/2023,,,,,4.57%,481.50 CHF,22.00,605.43,446.00,507.50,22%,26%,3.63%,4.93%,4.57%,31.15%,44.86%,66,4.33%,-8.37%,,,,,,,,,,,,
,,,,,,,,,,,,,,,,,,2017,9/18/2017,482.50 CHF,,,4/11/2023,,4/10/2023,,,,,4.56%,482.50 CHF,22.00,605.43,446.00,507.50,23%,25%,3.63%,4.93%,4.56%,30.88%,44.56%,66,4.33%,-8.18%,,,,,,,,,,,,
,,,,,,,,,,,,,,,,,,2017,9/19/2017,489.70 CHF,,,4/17/2023,,4/17/2023,,,,,4.49%,489.70 CHF,22.00,605.43,446.00,507.50,27%,24%,3.63%,4.93%,4.49%,28.96%,42.43%,66,4.33%,-6.81%,,,,,,,,,,,,
,,,,,,,,,,,,,,,,,,2017,9/20/2017,491.70 CHF,,,4/24/2023,,4/24/2023,,,,,4.47%,491.70 CHF,22.00,605.43,446.00,507.50,29%,23%,3.63%,4.93%,4.47%,28.43%,41.85%,66,4.33%,-6.43%,,,,,,,,,,,,
,,,,,,,,,,,,,,,,,,2017,9/21/2017,489.00 CHF,,,5/2/2023,,5/1/2023,,,,,4.50%,489.00 CHF,22.00,605.43,446.00,507.50,27%,24%,3.63%,4.93%,4.50%,29.14%,42.64%,66,4.33%,-6.95%,,,,,,,,,,,,
,,,,,,,,,,,,,,,,,,2017,9/22/2017,489.50 CHF,,,5/8/2023,,5/8/2023,,,,,4.49%,489.50 CHF,22.00,605.43,446.00,507.50,27%,24%,3.63%,4.93%,4.49%,29.01%,42.49%,66,4.33%,-6.85%,,,,,,,,,,,,
,,,,,,,,,,,,,,,,,,2017,9/25/2017,494.10 CHF,,,5/15/2023,,5/15/2023,,,,,4.45%,494.10 CHF,22.00,605.43,446.00,507.50,30%,23%,3.63%,4.93%,4.45%,27.81%,41.17%,66,4.33%,-5.98%,,,,,,,,,,,,
,,,,,,,,,,,,,,,,,,2017,9/26/2017,493.10 CHF,,,5/22/2023,,5/22/2023,,,,,4.46%,493.10 CHF,22.00,605.43,446.00,507.50,30%,23%,3.63%,4.93%,4.46%,28.07%,41.45%,66,4.33%,-6.17%,,,,,,,,,,,,
,,,,,,,,,,,,,,,,,,2017,9/27/2017,492.00 CHF,,,5/30/2023,,5/30/2023,,,,,4.47%,492.00 CHF,22.00,605.43,446.00,507.50,29%,23%,3.63%,4.93%,4.47%,28.35%,41.77%,66,4.33%,-6.37%,,,,,,,,,,,,
,,,,,,,,,,,,,,,,,,2017,9/28/2017,492.20 CHF,,,6/5/2023,,6/5/2023,,,,,4.47%,492.20 CHF,22.00,605.43,446.00,507.50,29%,23%,3.63%,4.93%,4.47%,28.30%,41.71%,66,4.33%,-6.34%,,,,,,,,,,,,
,,,,,,,,,,,,,,,,,,2017,9/29/2017,496.00 CHF,,,6/12/2023,,6/12/2023,,,,,4.44%,496.00 CHF,22.00,605.43,446.00,507.50,31%,22%,3.63%,4.93%,4.44%,27.32%,40.63%,66,4.33%,-5.61%,,,,,,,,,,,,
,,,,,,,,,,,,,,,,,,2017,10/2/2017,496.60 CHF,,,6/19/2023,,6/20/2023,,,,,4.43%,496.60 CHF,22.00,605.43,446.00,507.50,32%,22%,3.63%,4.93%,4.43%,27.16%,40.46%,66,4.33%,-5.50%,,,,,,,,,,,,
,,,,,,,,,,,,,,,,,,2017,10/3/2017,494.50 CHF,,,6/26/2023,,6/26/2023,,,,,4.45%,494.50 CHF,22.00,605.43,446.00,507.50,30%,22%,3.63%,4.93%,4.45%,27.70%,41.05%,66,4.33%,-5.90%,,,,,,,,,,,,
,,,,,,,,,,,,,,,,,,2017,10/4/2017,495.30 CHF,,,7/3/2023,,7/3/2023,,,,,4.44%,495.30 CHF,22.00,605.43,446.00,507.50,31%,22%,3.63%,4.93%,4.44%,27.50%,40.82%,66,4.33%,-5.75%,,,,,,,,,,,,
,,,,,,,,,,,,,,,,,,2017,10/5/2017,498.70 CHF,,,7/10/2023,,7/10/2023,,,,,4.41%,498.70 CHF,22.00,605.43,446.00,507.50,33%,21%,3.63%,4.93%,4.41%,26.63%,39.86%,66,4.33%,-5.10%,,,,,,,,,,,,
,,,,,,,,,,,,,,,,,,2017,10/6/2017,495.80 CHF,,,7/17/2023,,7/17/2023,,,,,4.44%,495.80 CHF,22.00,605.43,446.00,507.50,31%,22%,3.63%,4.93%,4.44%,27.37%,40.68%,66,4.33%,-5.65%,,,,,,,,,,,,
,,,,,,,,,,,,,,,,,,2017,10/9/2017,497.60 CHF,,,7/24/2023,,7/24/2023,,,,,4.42%,497.60 CHF,22.00,605.43,446.00,507.50,32%,22%,3.63%,4.93%,4.42%,26.91%,40.17%,66,4.33%,-5.31%,,,,,,,,,,,,
,,,,,,,,,,,,,,,,,,2017,10/10/2017,499.20 CHF,,,7/31/2023,,7/31/2023,,,,,4.41%,499.20 CHF,22.00,605.43,446.00,507.50,33%,21%,3.63%,4.93%,4.41%,26.50%,39.72%,66,4.33%,-5.00%,,,,,,,,,,,,
,,,,,,,,,,,,,,,,,,2017,10/11/2017,500.50 CHF,,,8/7/2023,,8/7/2023,,,,,4.40%,500.50 CHF,22.00,605.43,446.00,507.50,34%,21%,3.63%,4.93%,4.40%,26.17%,39.36%,66,4.33%,-4.76%,,,,,,,,,,,,
,,,,,,,,,,,,,,,,,,2017,10/12/2017,501.00 CHF,,,8/14/2023,,8/14/2023,,,,,4.39%,501.00 CHF,22.00,605.43,446.00,507.50,34%,21%,3.63%,4.93%,4.39%,26.05%,39.22%,66,4.33%,-4.66%,,,,,,,,,,,,
,,,,,,,,,,,,,,,,,,2017,10/13/2017,502.50 CHF,,,8/21/2023,,8/21/2023,,,,,4.38%,502.50 CHF,22.00,605.43,446.00,507.50,35%,20%,3.63%,4.93%,4.38%,25.67%,38.81%,66,4.33%,-4.38%,,,,,,,,,,,,
,,,,,,,,,,,,,,,,,,2017,10/16/2017,500.00 CHF,,,8/28/2023,,8/28/2023,,,,,4.40%,500.00 CHF,22.00,605.43,446.00,507.50,34%,21%,3.63%,4.93%,4.40%,26.30%,39.50%,66,4.33%,-4.85%,,,,,,,,,,,,
,,,,,,,,,,,,,,,,,,2017,10/17/2017,498.80 CHF,,,9/4/2023,,9/5/2023,,,,,4.41%,498.80 CHF,22.00,605.43,446.00,507.50,33%,21%,3.63%,4.93%,4.41%,26.60%,39.84%,66,4.33%,-5.08%,,,,,,,,,,,,
,,,,,,,,,,,,,,,,,,2017,10/18/2017,499.20 CHF,,,9/11/2023,,9/11/2023,,,,,4.41%,499.20 CHF,22.00,605.43,446.00,507.50,33%,21%,3.63%,4.93%,4.41%,26.50%,39.72%,66,4.33%,-5.00%,,,,,,,,,,,,
,,,,,,,,,,,,,,,,,,2017,10/19/2017,496.20 CHF,,,9/18/2023,,9/18/2023,,,,,4.43%,496.20 CHF,22.00,605.43,446.00,507.50,31%,22%,3.63%,4.93%,4.43%,27.27%,40.57%,66,4.33%,-5.58%,,,,,,,,,,,,
,,,,,,,,,,,,,,,,,,2017,10/20/2017,495.40 CHF,,,9/25/2023,,9/25/2023,,,,,4.44%,495.40 CHF,22.00,605.43,446.00,507.50,31%,22%,3.63%,4.93%,4.44%,27.47%,40.80%,66,4.33%,-5.73%,,,,,,,,,,,,
,,,,,,,,,,,,,,,,,,2017,10/23/2017,498.00 CHF,,,10/2/2023,,10/2/2023,,,,,4.42%,498.00 CHF,22.00,605.43,446.00,507.50,33%,22%,3.63%,4.93%,4.42%,26.81%,40.06%,66,4.33%,-5.23%,,,,,,,,,,,,
,,,,,,,,,,,,,,,,,,2017,10/24/2017,497.80 CHF,,,10/9/2023,,10/9/2023,,,,,4.42%,497.80 CHF,22.00,605.43,446.00,507.50,32%,22%,3.63%,4.93%,4.42%,26.86%,40.12%,66,4.33%,-5.27%,,,,,,,,,,,,
,,,,,,,,,,,,,,,,,,2017,10/25/2017,493.10 CHF,,,10/16/2023,,10/16/2023,,,,,4.46%,493.10 CHF,22.00,605.43,446.00,507.50,30%,23%,3.63%,4.93%,4.46%,28.07%,41.45%,66,4.33%,-6.17%,,,,,,,,,,,,
,,,,,,,,,,,,,,,,,,2017,10/26/2017,497.80 CHF,,,10/23/2023,,10/23/2023,,,,,4.42%,497.80 CHF,22.00,605.43,446.00,507.50,32%,22%,3.63%,4.93%,4.42%,26.86%,40.12%,66,4.33%,-5.27%,,,,,,,,,,,,
,,,,,,,,,,,,,,,,,,2017,10/27/2017,498.80 CHF,,,10/30/2023,,10/30/2023,,,,,4.41%,498.80 CHF,22.00,605.43,446.00,507.50,33%,21%,3.63%,4.93%,4.41%,26.60%,39.84%,66,4.33%,-5.08%,,,,,,,,,,,,
,,,,,,,,,,,,,,,,,,2017,10/30/2017,501.00 CHF,,,11/6/2023,,11/6/2023,,,,,4.39%,501.00 CHF,22.00,605.43,446.00,507.50,34%,21%,3.63%,4.93%,4.39%,26.05%,39.22%,66,4.33%,-4.66%,,,,,,,,,,,,
,,,,,,,,,,,,,,,,,,2017,10/31/2017,503.50 CHF,,,11/13/2023,,11/13/2023,,,,,4.37%,503.50 CHF,22.00,605.43,446.00,507.50,36%,20%,3.63%,4.93%,4.37%,25.42%,38.53%,66,4.33%,-4.19%,,,,,,,,,,,,
,,,,,,,,,,,,,,,,,,2017,11/1/2017,503.00 CHF,,,11/20/2023,,11/20/2023,,,,,4.37%,503.00 CHF,22.00,605.43,446.00,507.50,36%,20%,3.63%,4.93%,4.37%,25.55%,38.67%,66,4.33%,-4.28%,,,,,,,,,,,,
,,,,,,,,,,,,,,,,,,2017,11/2/2017,502.00 CHF,,,11/27/2023,,11/27/2023,,,,,4.38%,502.00 CHF,22.00,605.43,446.00,507.50,35%,21%,3.63%,4.93%,4.38%,25.80%,38.94%,66,4.33%,-4.47%,,,,,,,,,,,,
,,,,,,,,,,,,,,,,,,2017,11/3/2017,501.50 CHF,,,12/4/2023,,12/4/2023,,,,,4.39%,501.50 CHF,22.00,605.43,446.00,507.50,35%,21%,3.63%,4.93%,4.39%,25.92%,39.08%,66,4.33%,-4.57%,,,,,,,,,,,,
,,,,,,,,,,,,,,,,,,2017,11/6/2017,505.00 CHF,,,12/11/2023,,12/11/2023,,,,,4.36%,505.00 CHF,22.00,605.43,446.00,507.50,37%,20%,3.63%,4.93%,4.36%,25.05%,38.12%,66,4.33%,-3.90%,,,,,,,,,,,,
,,,,,,,,,,,,,,,,,,2017,11/7/2017,504.00 CHF,,,12/18/2023,,12/18/2023,,,,,4.37%,504.00 CHF,22.00,605.43,446.00,507.50,36%,20%,3.63%,4.93%,4.37%,25.30%,38.39%,66,4.33%,-4.09%,,,,,,,,,,,,
,,,,,,,,,,,,,,,,,,2017,11/8/2017,505.50 CHF,,,12/27/2023,,12/26/2023,,,,,4.35%,505.50 CHF,22.00,605.43,446.00,507.50,37%,20%,3.63%,4.93%,4.35%,24.93%,37.98%,66,4.33%,-3.81%,,,,,,,,,,,,
,,,,,,,,,,,,,,,,,,2017,11/9/2017,504.50 CHF,,,1/3/2024,,1/2/2024,,,,,4.36%,504.50 CHF,22.00,605.43,446.00,507.50,37%,20%,3.63%,4.93%,4.36%,25.17%,38.26%,66,4.33%,-4.00%,,,,,,,,,,,,
,,,,,,,,,,,,,,,,,,2017,11/10/2017,504.00 CHF,,,1/8/2024,,1/8/2024,,,,,4.37%,504.00 CHF,22.00,605.43,446.00,507.50,36%,20%,3.63%,4.93%,4.37%,25.30%,38.39%,66,4.33%,-4.09%,,,,,,,,,,,,
,,,,,,,,,,,,,,,,,,2017,11/13/2017,504.50 CHF,,,1/15/2024,,1/16/2024,,,,,4.36%,504.50 CHF,22.00,605.43,446.00,507.50,37%,20%,3.63%,4.93%,4.36%,25.17%,38.26%,66,4.33%,-4.00%,,,,,,,,,,,,
,,,,,,,,,,,,,,,,,,2017,11/14/2017,505.50 CHF,,,1/22/2024,,1/22/2024,,,,,4.35%,505.50 CHF,22.00,605.43,446.00,507.50,37%,20%,3.63%,4.93%,4.35%,24.93%,37.98%,66,4.33%,-3.81%,,,,,,,,,,,,
,,,,,,,,,,,,,,,,,,2017,11/15/2017,504.50 CHF,,,1/29/2024,,1/29/2024,,,,,4.36%,504.50 CHF,22.00,605.43,446.00,507.50,37%,20%,3.63%,4.93%,4.36%,25.17%,38.26%,66,4.33%,-4.00%,,,,,,,,,,,,
,,,,,,,,,,,,,,,,,,2017,11/16/2017,509.00 CHF,,,2/5/2024,,2/5/2024,,,,,4.32%,509.00 CHF,22.00,605.43,446.00,507.50,40%,19%,3.63%,4.93%,4.32%,24.07%,37.03%,66,4.33%,-3.14%,,,,,,,,,,,,
,,,,,,,,,,,,,,,,,,2017,11/17/2017,504.50 CHF,,,2/12/2024,,2/12/2024,,,,,4.36%,504.50 CHF,22.00,605.43,446.00,507.50,37%,20%,3.63%,4.93%,4.36%,25.17%,38.26%,66,4.33%,-4.00%,,,,,,,,,,,,
,,,,,,,,,,,,,,,,,,2017,11/20/2017,507.50 CHF,,,2/19/2024,,2/20/2024,,,,,4.33%,507.50 CHF,22.00,605.43,446.00,507.50,39%,19%,3.63%,4.93%,4.33%,24.43%,37.44%,66,4.33%,-3.43%,,,,,,,,,,,,
,,,,,,,,,,,,,,,,,,2017,11/21/2017,509.00 CHF,,,2/26/2024,,2/26/2024,,,,,4.32%,509.00 CHF,22.00,605.43,446.00,507.50,40%,19%,3.63%,4.93%,4.32%,24.07%,37.03%,66,4.33%,-3.14%,,,,,,,,,,,,
,,,,,,,,,,,,,,,,,,2017,11/22/2017,510.50 CHF,,,3/4/2024,,3/4/2024,,,,,4.31%,510.50 CHF,22.00,605.43,446.00,507.50,40%,19%,3.63%,4.93%,4.31%,23.70%,36.63%,66,4.33%,-2.85%,,,,,,,,,,,,
,,,,,,,,,,,,,,,,,,2017,11/23/2017,510.50 CHF,,,3/11/2024,,3/11/2024,,,,,4.31%,510.50 CHF,22.00,605.43,446.00,507.50,40%,19%,3.63%,4.93%,4.31%,23.70%,36.63%,66,4.33%,-2.85%,,,,,,,,,,,,
,,,,,,,,,,,,,,,,,,2017,11/24/2017,510.00 CHF,,,3/18/2024,,3/18/2024,,,,,4.31%,510.00 CHF,22.00,605.43,446.00,507.50,40%,19%,3.63%,4.93%,4.31%,23.82%,36.76%,66,4.33%,-2.95%,,,,,,,,,,,,
,,,,,,,,,,,,,,,,,,2017,11/27/2017,512.50 CHF,,,3/25/2024,,3/25/2024,,,,,4.29%,512.50 CHF,22.00,605.43,446.00,507.50,42%,18%,3.63%,4.93%,4.29%,23.22%,36.10%,66,4.33%,-2.47%,,,,,,,,,,,,
,,,,,,,,,,,,,,,,,,2017,11/28/2017,512.50 CHF,,,4/2/2024,,4/1/2024,,,,,4.29%,512.50 CHF,22.00,605.43,446.00,507.50,42%,18%,3.63%,4.93%,4.29%,23.22%,36.10%,66,4.33%,-2.47%,,,,,,,,,,,,
,,,,,,,,,,,,,,,,,,2017,11/29/2017,514.50 CHF,,,4/8/2024,,4/8/2024,,,,,4.28%,514.50 CHF,22.00,605.43,446.00,507.50,43%,18%,3.63%,4.93%,4.28%,22.74%,35.57%,66,4.33%,-2.09%,,,,,,,,,,,,
,,,,,,,,,,,,,,,,,,2017,11/30/2017,519.00 CHF,,,4/15/2024,,4/15/2024,,,,,4.24%,519.00 CHF,22.00,605.43,446.00,507.50,46%,17%,3.63%,4.93%,4.24%,21.68%,34.39%,66,4.33%,-1.24%,,,,,,,,,,,,
,,,,,,,,,,,,,,,,,,2017,12/1/2017,519.00 CHF,,,4/22/2024,,4/22/2024,,,,,4.24%,519.00 CHF,22.00,605.43,446.00,507.50,46%,17%,3.63%,4.93%,4.24%,21.68%,34.39%,66,4.33%,-1.24%,,,,,,,,,,,,
,,,,,,,,,,,,,,,,,,2017,12/4/2017,524.00 CHF,,,4/29/2024,,4/29/2024,,,,,4.20%,524.00 CHF,22.00,605.43,446.00,507.50,49%,16%,3.63%,4.93%,4.20%,20.52%,33.11%,66,4.33%,-0.29%,,,,,,,,,,,,
,,,,,,,,,,,,,,,,,,2017,12/5/2017,522.00 CHF,,,5/6/2024,,5/6/2024,,,,,4.21%,522.00 CHF,22.00,605.43,446.00,507.50,48%,16%,3.63%,4.93%,4.21%,20.98%,33.62%,66,4.33%,-0.67%,,,,,,,,,,,,
,,,,,,,,,,,,,,,,,,2017,12/6/2017,520.50 CHF,,,5/13/2024,,5/13/2024,,,,,4.23%,520.50 CHF,22.00,605.43,446.00,507.50,47%,16%,3.63%,4.93%,4.23%,21.33%,34.01%,66,4.33%,-0.95%,,,,,,,,,,,,
,,,,,,,,,,,,,,,,,,2017,12/7/2017,522.50 CHF,,,5/21/2024,,5/20/2024,,,,,4.21%,522.50 CHF,22.00,605.43,446.00,507.50,48%,16%,3.63%,4.93%,4.21%,20.86%,33.49%,66,4.33%,-0.57%,,,,,,,,,,,,
,,,,,,,,,,,,,,,,,,2017,12/8/2017,524.00 CHF,,,5/27/2024,,5/28/2024,,,,,4.20%,524.00 CHF,22.00,605.43,446.00,507.50,49%,16%,3.63%,4.93%,4.20%,20.52%,33.11%,66,4.33%,-0.29%,,,,,,,,,,,,
,,,,,,,,,,,,,,,,,,2017,12/11/2017,516.00 CHF,,,6/3/2024,,6/3/2024,,,,,4.26%,516.00 CHF,22.00,605.43,446.00,507.50,44%,17%,3.63%,4.93%,4.26%,22.38%,35.17%,66,4.33%,-1.81%,,,,,,,,,,,,
,,,,,,,,,,,,,,,,,,2017,12/12/2017,516.50 CHF,,,6/10/2024,,6/10/2024,,,,,4.26%,516.50 CHF,22.00,605.43,446.00,507.50,44%,17%,3.63%,4.93%,4.26%,22.27%,35.04%,66,4.33%,-1.71%,,,,,,,,,,,,
,,,,,,,,,,,,,,,,,,2017,12/13/2017,518.50 CHF,,,6/17/2024,,6/17/2024,,,,,4.24%,518.50 CHF,22.00,605.43,446.00,507.50,45%,17%,3.63%,4.93%,4.24%,21.79%,34.52%,66,4.33%,-1.33%,,,,,,,,,,,,
,,,,,,,,,,,,,,,,,,2017,12/14/2017,520.00 CHF,,,6/24/2024,,6/24/2024,,,,,4.23%,520.00 CHF,22.00,605.43,446.00,507.50,46%,16%,3.63%,4.93%,4.23%,21.44%,34.13%,66,4.33%,-1.05%,,,,,,,,,,,,
,,,,,,,,,,,,,,,,,,2017,12/15/2017,522.50 CHF,,,7/1/2024,,7/1/2024,,,,,4.21%,522.50 CHF,22.00,605.43,446.00,507.50,48%,16%,3.63%,4.93%,4.21%,20.86%,33.49%,66,4.33%,-0.57%,,,,,,,,,,,,
,,,,,,,,,,,,,,,,,,2017,12/18/2017,523.00 CHF,,,7/8/2024,,7/8/2024,,,,,4.21%,523.00 CHF,22.00,605.43,446.00,507.50,48%,16%,3.63%,4.93%,4.21%,20.75%,33.37%,66,4.33%,-0.48%,,,,,,,,,,,,
,,,,,,,,,,,,,,,,,,2017,12/19/2017,523.00 CHF,,,7/15/2024,,7/15/2024,,,,,4.21%,523.00 CHF,22.00,605.43,446.00,507.50,48%,16%,3.63%,4.93%,4.21%,20.75%,33.37%,66,4.33%,-0.48%,,,,,,,,,,,,
,,,,,,,,,,,,,,,,,,2017,12/20/2017,517.00 CHF,,,7/22/2024,,7/22/2024,,,,,4.26%,517.00 CHF,22.00,605.43,446.00,507.50,45%,17%,3.63%,4.93%,4.26%,22.15%,34.91%,66,4.33%,-1.62%,,,,,,,,,,,,
,,,,,,,,,,,,,,,,,,2017,12/21/2017,519.00 CHF,,,7/29/2024,,7/29/2024,,,,,4.24%,519.00 CHF,22.00,605.43,446.00,507.50,46%,17%,3.63%,4.93%,4.24%,21.68%,34.39%,66,4.33%,-1.24%,,,,,,,,,,,,
,,,,,,,,,,,,,,,,,,2017,12/22/2017,519.00 CHF,,,8/5/2024,,8/5/2024,,,,,4.24%,519.00 CHF,22.00,605.43,446.00,507.50,46%,17%,3.63%,4.93%,4.24%,21.68%,34.39%,66,4.33%,-1.24%,,,,,,,,,,,,
,,,,,,,,,,,,,,,,,,2017,12/27/2017,521.00 CHF,,,8/12/2024,,8/12/2024,,,,,4.22%,521.00 CHF,22.00,605.43,446.00,507.50,47%,16%,3.63%,4.93%,4.22%,21.21%,33.88%,66,4.33%,-0.86%,,,,,,,,,,,,
,,,,,,,,,,,,,,,,,,2017,12/28/2017,520.00 CHF,,,8/19/2024,,8/19/2024,,,,,4.23%,520.00 CHF,22.00,605.43,446.00,507.50,46%,16%,3.63%,4.93%,4.23%,21.44%,34.13%,66,4.33%,-1.05%,,,,,,,,,,,,
,,,,,,,,,,,,,,,,,,2017,12/29/2017,518.50 CHF,,,8/26/2024,,8/26/2024,,,,,4.24%,518.50 CHF,22.00,605.43,446.00,507.50,45%,17%,3.63%,4.93%,4.24%,21.79%,34.52%,66,4.33%,-1.33%,,,,,,,,,,,,
,,,,,,,,,,,,,,,,,,2018,1/3/2018,520.40 CHF,,,9/2/2024,,9/3/2024,,,,,4.23%,520.40 CHF,22.00,605.43,446.00,507.50,47%,16%,3.63%,4.93%,4.23%,21.35%,29.80%,44,4.33%,-0.97%,,,,,,,,,,,,
,,,,,,,,,,,,,,,,,,2018,1/4/2018,523.20 CHF,,,9/9/2024,,9/9/2024,,,,,4.20%,523.20 CHF,22.00,605.43,446.00,507.50,48%,16%,3.63%,4.93%,4.20%,20.70%,29.11%,44,4.33%,-0.44%,,,,,,,,,,,,
,,,,,,,,,,,,,,,,,,2018,1/5/2018,524.00 CHF,,,9/16/2024,,9/16/2024,,,,,4.20%,524.00 CHF,22.00,605.43,446.00,507.50,49%,16%,3.63%,4.93%,4.20%,20.52%,28.91%,44,4.33%,-0.29%,,,,,,,,,,,,
,,,,,,,,,,,,,,,,,,2018,1/8/2018,526.40 CHF,,,9/23/2024,,9/23/2024,,,,,4.18%,526.40 CHF,22.00,605.43,446.00,507.50,50%,15%,3.63%,4.93%,4.18%,19.97%,28.32%,44,4.33%,0.00%,,,,,,,,,,,,
,,,,,,,,,,,,,,,,,,2018,1/9/2018,529.40 CHF,,,9/30/2024,,9/30/2024,,,,,4.16%,529.40 CHF,22.00,605.43,446.00,507.50,52%,14%,3.63%,4.93%,4.16%,19.29%,27.60%,44,4.33%,0.00%,,,,,,,,,,,,
,,,,,,,,,,,,,,,,,,2018,1/10/2018,521.60 CHF,,,10/7/2024,,10/7/2024,,,,,4.22%,521.60 CHF,22.00,605.43,446.00,507.50,47%,16%,3.63%,4.93%,4.22%,21.07%,29.51%,44,4.33%,-1.47%,,,,,,,,,,,,
,,,,,,,,,,,,,,,,,,2018,1/11/2018,519.80 CHF,,,10/14/2024,,10/14/2024,,,,,4.23%,519.80 CHF,22.00,605.43,446.00,507.50,46%,16%,3.63%,4.93%,4.23%,21.49%,29.95%,44,4.33%,-1.81%,,,,,,,,,,,,
,,,,,,,,,,,,,,,,,,2018,1/12/2018,519.00 CHF,,,10/21/2024,,10/21/2024,,,,,4.24%,519.00 CHF,22.00,605.43,446.00,507.50,46%,17%,3.63%,4.93%,4.24%,21.68%,30.15%,44,4.33%,-1.96%,,,,,,,,,,,,
,,,,,,,,,,,,,,,,,,2018,1/15/2018,519.00 CHF,,,10/28/2024,,10/28/2024,,,,,4.24%,519.00 CHF,22.00,605.43,446.00,507.50,46%,17%,3.63%,4.93%,4.24%,21.68%,30.15%,44,4.33%,-1.96%,,,,,,,,,,,,
,,,,,,,,,,,,,,,,,,2018,1/16/2018,519.00 CHF,,,11/4/2024,,11/4/2024,,,,,4.24%,519.00 CHF,22.00,605.43,446.00,507.50,46%,17%,3.63%,4.93%,4.24%,21.68%,30.15%,44,4.33%,-1.96%,,,,,,,,,,,,
,,,,,,,,,,,,,,,,,,2018,1/17/2018,517.60 CHF,,,11/11/2024,,11/11/2024,,,,,4.25%,517.60 CHF,22.00,605.43,446.00,507.50,45%,17%,3.63%,4.93%,4.25%,22.01%,30.51%,44,4.33%,-2.23%,,,,,,,,,,,,
,,,,,,,,,,,,,,,,,,2018,1/18/2018,517.60 CHF,,,11/18/2024,,11/18/2024,,,,,4.25%,517.60 CHF,22.00,605.43,446.00,507.50,45%,17%,3.63%,4.93%,4.25%,22.01%,30.51%,44,4.33%,-2.23%,,,,,,,,,,,,
,,,,,,,,,,,,,,,,,,2018,1/19/2018,519.60 CHF,,,11/25/2024,,11/25/2024,,,,,4.23%,519.60 CHF,22.00,605.43,446.00,507.50,46%,17%,3.63%,4.93%,4.23%,21.54%,30.00%,44,4.33%,-1.85%,,,,,,,,,,,,
,,,,,,,,,,,,,,,,,,2018,1/22/2018,523.40 CHF,,,12/2/2024,,12/2/2024,,,,,4.20%,523.40 CHF,22.00,605.43,446.00,507.50,49%,16%,3.63%,4.93%,4.20%,20.65%,29.06%,44,4.33%,-1.13%,,,,,,,,,,,,
,,,,,,,,,,,,,,,,,,2018,1/23/2018,524.60 CHF,,,12/9/2024,,12/9/2024,,,,,4.19%,524.60 CHF,22.00,605.43,446.00,507.50,49%,15%,3.63%,4.93%,4.19%,20.38%,28.76%,44,4.33%,-0.91%,,,,,,,,,,,,
,,,,,,,,,,,,,,,,,,2018,1/24/2018,520.40 CHF,,,12/16/2024,,12/16/2024,,,,,4.23%,520.40 CHF,22.00,605.43,446.00,507.50,47%,16%,3.63%,4.93%,4.23%,21.35%,29.80%,44,4.33%,-1.70%,,,,,,,,,,,,
,,,,,,,,,,,,,,,,,,2018,1/25/2018,515.20 CHF,,,12/23/2024,,12/23/2024,,,,,4.27%,515.20 CHF,22.00,605.43,446.00,507.50,43%,18%,3.63%,4.93%,4.27%,22.57%,31.11%,44,4.33%,-2.68%,,,,,,,,,,,,
,,,,,,,,,,,,,,,,,,2018,1/26/2018,518.80 CHF,,,12/30/2024,,12/30/2024,,,,,4.24%,518.80 CHF,22.00,605.43,446.00,507.50,46%,17%,3.63%,4.93%,4.24%,21.72%,30.20%,44,4.33%,-2.00%,,,,,,,,,,,,
,,,,,,,,,,,,,,,,,,2018,1/29/2018,513.40 CHF,,,1/6/2025,,1/6/2025,,,,,4.29%,513.40 CHF,22.00,605.43,446.00,507.50,42%,18%,3.63%,4.93%,4.29%,23.00%,31.57%,44,4.33%,-3.02%,,,,,,,,,,,,
,,,,,,,,,,,,,,,,,,2018,1/30/2018,509.60 CHF,,,1/13/2025,,1/13/2025,,,,,4.32%,509.60 CHF,22.00,605.43,446.00,507.50,40%,19%,3.63%,4.93%,4.32%,23.92%,32.55%,44,4.33%,-3.74%,,,,,,,,,,,,
,,,,,,,,,,,,,,,,,,2018,1/31/2018,508.40 CHF,,,1/20/2025,,1/21/2025,,,,,4.33%,508.40 CHF,22.00,605.43,446.00,507.50,39%,19%,3.63%,4.93%,4.33%,24.21%,32.87%,44,4.33%,-3.97%,,,,,,,,,,,,
,,,,,,,,,,,,,,,,,,2018,2/1/2018,507.80 CHF,,,1/27/2025,,1/27/2025,,,,,4.33%,507.80 CHF,22.00,605.43,446.00,507.50,39%,19%,3.63%,4.93%,4.33%,24.36%,33.02%,44,4.33%,-4.08%,,,,,,,,,,,,
,,,,,,,,,,,,,,,,,,2018,2/2/2018,506.80 CHF,,,2/3/2025,,2/3/2025,,,,,4.34%,506.80 CHF,22.00,605.43,446.00,507.50,38%,19%,3.63%,4.93%,4.34%,24.61%,33.29%,44,4.33%,-4.27%,,,,,,,,,,,,
,,,,,,,,,,,,,,,,,,2018,2/5/2018,499.70 CHF,,,2/10/2025,,2/10/2025,,,,,4.40%,499.70 CHF,22.00,605.43,446.00,507.50,34%,21%,3.63%,4.93%,4.40%,26.38%,35.18%,44,4.33%,-5.61%,,,,,,,,,,,,
,,,,,,,,,,,,,,,,,,2018,2/6/2018,491.00 CHF,,,2/17/2025,,2/18/2025,,,,,4.48%,491.00 CHF,22.00,605.43,446.00,507.50,28%,23%,3.63%,4.93%,4.48%,28.62%,37.58%,44,4.33%,-7.25%,,,,,,,,,,,,
,,,,,,,,,,,,,,,,,,2018,2/7/2018,506.20 CHF,,,2/24/2025,,2/24/2025,,,,,4.35%,506.20 CHF,22.00,605.43,446.00,507.50,38%,20%,3.63%,4.93%,4.35%,24.75%,33.45%,44,4.33%,-4.38%,,,,,,,,,,,,
,,,,,,,,,,,,,,,,,,2018,2/8/2018,496.30 CHF,,,3/3/2025,,3/3/2025,,,,,4.43%,496.30 CHF,22.00,605.43,446.00,507.50,32%,22%,3.63%,4.93%,4.43%,27.24%,36.11%,44,4.33%,-6.25%,,,,,,,,,,,,
,,,,,,,,,,,,,,,,,,2018,2/9/2018,489.40 CHF,,,3/10/2025,,3/10/2025,,,,,4.50%,489.40 CHF,22.00,605.43,446.00,507.50,27%,24%,3.63%,4.93%,4.50%,29.04%,38.03%,44,4.33%,-7.56%,,,,,,,,,,,,
,,,,,,,,,,,,,,,,,,2018,2/12/2018,501.40 CHF,,,3/17/2025,,3/17/2025,,,,,4.39%,501.40 CHF,22.00,605.43,446.00,507.50,35%,21%,3.63%,4.93%,4.39%,25.95%,34.72%,44,4.33%,-5.29%,,,,,,,,,,,,
,,,,,,,,,,,,,,,,,,2018,2/13/2018,501.60 CHF,,,3/24/2025,,3/24/2025,,,,,4.39%,501.60 CHF,22.00,605.43,446.00,507.50,35%,21%,3.63%,4.93%,4.39%,25.90%,34.67%,44,4.33%,-5.25%,,,,,,,,,,,,
,,,,,,,,,,,,,,,,,,2018,2/14/2018,510.40 CHF,,,3/31/2025,,3/31/2025,,,,,4.31%,510.40 CHF,22.00,605.43,446.00,507.50,40%,19%,3.63%,4.93%,4.31%,23.73%,32.35%,44,4.33%,-3.59%,,,,,,,,,,,,
,,,,,,,,,,,,,,,,,,2018,2/15/2018,510.00 CHF,,,4/7/2025,,4/7/2025,,,,,4.31%,510.00 CHF,22.00,605.43,446.00,507.50,40%,19%,3.63%,4.93%,4.31%,23.82%,32.45%,44,4.33%,-3.66%,,,,,,,,,,,,
,,,,,,,,,,,,,,,,,,2018,2/16/2018,513.80 CHF,,,4/14/2025,,4/14/2025,,,,,4.28%,513.80 CHF,22.00,605.43,446.00,507.50,43%,18%,3.63%,4.93%,4.28%,22.91%,31.47%,44,4.33%,-2.95%,,,,,,,,,,,,
,,,,,,,,,,,,,,,,,,2018,2/19/2018,510.20 CHF,,,4/22/2025,,4/21/2025,,,,,4.31%,510.20 CHF,22.00,605.43,446.00,507.50,40%,19%,3.63%,4.93%,4.31%,23.77%,32.40%,44,4.33%,-3.63%,,,,,,,,,,,,
,,,,,,,,,,,,,,,,,,2018,2/20/2018,510.40 CHF,,,4/28/2025,,4/28/2025,,,,,4.31%,510.40 CHF,22.00,605.43,446.00,507.50,40%,19%,3.63%,4.93%,4.31%,23.73%,32.35%,44,4.33%,-3.59%,,,,,,,,,,,,
,,,,,,,,,,,,,,,,,,2018,2/21/2018,511.00 CHF,,,5/5/2025,,5/5/2025,,,,,4.31%,511.00 CHF,22.00,605.43,446.00,507.50,41%,18%,3.63%,4.93%,4.31%,23.58%,32.19%,44,4.33%,-3.48%,,,,,,,,,,,,
,,,,,,,,,,,,,,,,,,2018,2/22/2018,509.60 CHF,,,5/12/2025,,5/12/2025,,,,,4.32%,509.60 CHF,22.00,605.43,446.00,507.50,40%,19%,3.63%,4.93%,4.32%,23.92%,32.55%,44,4.33%,-3.74%,,,,,,,,,,,,
,,,,,,,,,,,,,,,,,,2018,2/23/2018,514.00 CHF,,,5/19/2025,,5/19/2025,,,,,4.28%,514.00 CHF,22.00,605.43,446.00,507.50,43%,18%,3.63%,4.93%,4.28%,22.86%,31.42%,44,4.33%,-2.91%,,,,,,,,,,,,
,,,,,,,,,,,,,,,,,,2018,2/26/2018,516.80 CHF,,,5/26/2025,,5/27/2025,,,,,4.26%,516.80 CHF,22.00,605.43,446.00,507.50,44%,17%,3.63%,4.93%,4.26%,22.19%,30.71%,44,4.33%,-2.38%,,,,,,,,,,,,
,,,,,,,,,,,,,,,,,,2018,2/27/2018,513.80 CHF,,,6/2/2025,,6/2/2025,,,,,4.28%,513.80 CHF,22.00,605.43,446.00,507.50,43%,18%,3.63%,4.93%,4.28%,22.91%,31.47%,44,4.33%,-2.95%,,,,,,,,,,,,
,,,,,,,,,,,,,,,,,,2018,2/28/2018,512.00 CHF,,,6/10/2025,,6/9/2025,,,,,4.30%,512.00 CHF,22.00,605.43,446.00,507.50,41%,18%,3.63%,4.93%,4.30%,23.34%,31.93%,44,4.33%,-3.29%,,,,,,,,,,,,
,,,,,,,,,,,,,,,,,,2018,3/1/2018,504.40 CHF,,,6/16/2025,,6/16/2025,,,,,4.36%,504.40 CHF,22.00,605.43,446.00,507.50,37%,20%,3.63%,4.93%,4.36%,25.20%,33.92%,44,4.33%,-4.72%,,,,,,,,,,,,
,,,,,,,,,,,,,,,,,,2018,3/2/2018,498.90 CHF,,,6/23/2025,,6/23/2025,,,,,4.41%,498.90 CHF,22.00,605.43,446.00,507.50,33%,21%,3.63%,4.93%,4.41%,26.58%,35.40%,44,4.33%,-5.76%,,,,,,,,,,,,
,,,,,,,,,,,,,,,,,,2018,3/5/2018,507.40 CHF,,,6/30/2025,,6/30/2025,,,,,4.34%,507.40 CHF,22.00,605.43,446.00,507.50,39%,19%,3.63%,4.93%,4.34%,24.46%,33.13%,44,4.33%,-4.16%,,,,,,,,,,,,
,,,,,,,,,,,,,,,,,,2018,3/6/2018,505.60 CHF,,,7/7/2025,,7/7/2025,,,,,4.35%,505.60 CHF,22.00,605.43,446.00,507.50,37%,20%,3.63%,4.93%,4.35%,24.90%,33.60%,44,4.33%,-4.50%,,,,,,,,,,,,
,,,,,,,,,,,,,,,,,,2018,3/7/2018,504.40 CHF,,,7/14/2025,,7/14/2025,,,,,4.36%,504.40 CHF,22.00,605.43,446.00,507.50,37%,20%,3.63%,4.93%,4.36%,25.20%,33.92%,44,4.33%,-4.72%,,,,,,,,,,,,
,,,,,,,,,,,,,,,,,,2018,3/8/2018,507.80 CHF,,,7/21/2025,,7/21/2025,,,,,4.33%,507.80 CHF,22.00,605.43,446.00,507.50,39%,19%,3.63%,4.93%,4.33%,24.36%,33.02%,44,4.33%,-4.08%,,,,,,,,,,,,
,,,,,,,,,,,,,,,,,,2018,3/9/2018,509.60 CHF,,,7/28/2025,,7/28/2025,,,,,4.32%,509.60 CHF,22.00,605.43,446.00,507.50,40%,19%,3.63%,4.93%,4.32%,23.92%,32.55%,44,4.33%,-3.74%,,,,,,,,,,,,
,,,,,,,,,,,,,,,,,,2018,3/12/2018,509.80 CHF,,,8/4/2025,,8/4/2025,,,,,4.32%,509.80 CHF,22.00,605.43,446.00,507.50,40%,19%,3.63%,4.93%,4.32%,23.87%,32.50%,44,4.33%,-3.70%,,,,,,,,,,,,
,,,,,,,,,,,,,,,,,,2018,3/13/2018,506.00 CHF,,,8/11/2025,,8/11/2025,,,,,4.35%,506.00 CHF,22.00,605.43,446.00,507.50,38%,20%,3.63%,4.93%,4.35%,24.80%,33.50%,44,4.33%,-4.42%,,,,,,,,,,,,
,,,,,,,,,,,,,,,,,,2018,3/14/2018,506.40 CHF,,,8/18/2025,,8/18/2025,,,,,4.34%,506.40 CHF,22.00,605.43,446.00,507.50,38%,20%,3.63%,4.93%,4.34%,24.70%,33.39%,44,4.33%,-4.34%,,,,,,,,,,,,
,,,,,,,,,,,,,,,,,,2018,3/15/2018,508.20 CHF,,,8/25/2025,,8/25/2025,,,,,4.33%,508.20 CHF,22.00,605.43,446.00,507.50,39%,19%,3.63%,4.93%,4.33%,24.26%,32.92%,44,4.33%,-4.00%,,,,,,,,,,,,
,,,,,,,,,,,,,,,,,,2018,3/16/2018,506.60 CHF,,,9/1/2025,,9/2/2025,,,,,4.34%,506.60 CHF,22.00,605.43,446.00,507.50,38%,20%,3.63%,4.93%,4.34%,24.65%,33.34%,44,4.33%,-4.31%,,,,,,,,,,,,
,,,,,,,,,,,,,,,,,,2018,3/19/2018,502.60 CHF,,,9/8/2025,,9/8/2025,,,,,4.38%,502.60 CHF,22.00,605.43,446.00,507.50,36%,20%,3.63%,4.93%,4.38%,25.65%,34.40%,44,4.33%,-5.06%,,,,,,,,,,,,
,,,,,,,,,,,,,,,,,,2018,3/20/2018,479.30 CHF,,,9/15/2025,,9/15/2025,,,,,4.59%,479.30 CHF,22.00,605.43,446.00,507.50,21%,26%,3.63%,4.93%,4.59%,31.75%,40.93%,44,4.33%,-9.46%,,,,,,,,,,,,
,,,,,,,,,,,,,,,,,,2018,3/21/2018,472.20 CHF,,,9/22/2025,,9/22/2025,,,,,4.66%,472.20 CHF,22.00,605.43,446.00,507.50,16%,28%,3.63%,4.93%,4.66%,33.74%,43.05%,44,4.33%,-10.80%,,,,,,,,,,,,
,,,,,,,,,,,,,,,,,,2018,3/22/2018,466.60 CHF,,,9/29/2025,,9/29/2025,,,,,4.71%,466.60 CHF,22.00,605.43,446.00,507.50,13%,30%,3.63%,4.93%,4.71%,35.34%,44.77%,44,4.33%,-11.86%,,,,,,,,,,,,
,,,,,,,,,,,,,,,,,,2018,3/23/2018,467.00 CHF,,,10/6/2025,,10/6/2025,,,,,4.71%,467.00 CHF,22.00,605.43,446.00,507.50,13%,30%,3.63%,4.93%,4.71%,35.22%,44.65%,44,4.33%,-11.79%,,,,,,,,,,,,
,,,,,,,,,,,,,,,,,,2018,3/26/2018,461.60 CHF,,,10/13/2025,,10/13/2025,,,,,4.77%,461.60 CHF,22.00,605.43,446.00,507.50,10%,31%,3.63%,4.93%,4.77%,36.81%,46.34%,44,4.33%,-12.81%,,,,,,,,,,,,
,,,,,,,,,,,,,,,,,,2018,3/27/2018,468.70 CHF,,,10/20/2025,,10/20/2025,,,,,4.69%,468.70 CHF,22.00,605.43,446.00,507.50,14%,29%,3.63%,4.93%,4.69%,34.73%,44.12%,44,4.33%,-11.47%,,,,,,,,,,,,
,,,,,,,,,,,,,,,,,,2018,3/28/2018,475.00 CHF,,,10/27/2025,,10/27/2025,,,,,4.63%,475.00 CHF,22.00,605.43,446.00,507.50,18%,27%,3.63%,4.93%,4.63%,32.95%,42.21%,44,4.33%,-10.28%,,,,,,,,,,,,
,,,,,,,,,,,,,,,,,,2018,3/29/2018,473.60 CHF,,,11/3/2025,,11/3/2025,,,,,4.65%,473.60 CHF,22.00,605.43,446.00,507.50,17%,28%,3.63%,4.93%,4.65%,33.34%,42.63%,44,4.33%,-10.54%,,,,,,,,,,,,
,,,,,,,,,,,,,,,,,,2018,4/3/2018,464.30 CHF,,,11/10/2025,,11/10/2025,,,,,4.74%,464.30 CHF,22.00,605.43,446.00,507.50,11%,30%,3.63%,4.93%,4.74%,36.01%,45.49%,44,4.33%,-12.30%,,,,,,,,,,,,
,,,,,,,,,,,,,,,,,,2018,4/4/2018,464.80 CHF,,,11/17/2025,,11/17/2025,,,,,4.73%,464.80 CHF,22.00,605.43,446.00,507.50,12%,30%,3.63%,4.93%,4.73%,35.86%,45.33%,44,4.33%,-12.20%,,,,,,,,,,,,
,,,,,,,,,,,,,,,,,,2018,4/5/2018,473.40 CHF,,,11/24/2025,,11/24/2025,,,,,4.65%,473.40 CHF,22.00,605.43,446.00,507.50,17%,28%,3.63%,4.93%,4.65%,33.40%,42.69%,44,4.33%,-10.58%,,,,,,,,,,,,
,,,,,,,,,,,,,,,,,,2018,4/6/2018,451.00 CHF,,,12/1/2025,,12/1/2025,,,,,4.88%,451.00 CHF,22.00,605.43,446.00,507.50,3%,34%,3.63%,4.93%,4.88%,40.02%,49.78%,44,4.33%,-14.81%,,,,,,,,,,,,
,,,,,,,,,,,,,,,,,,2018,4/9/2018,450.80 CHF,,,12/8/2025,,12/8/2025,,,,,4.88%,450.80 CHF,22.00,605.43,446.00,507.50,3%,34%,3.63%,4.93%,4.88%,40.08%,49.84%,44,4.33%,-14.85%,,,,,,,,,,,,
,,,,,,,,,,,,,,,,,,2018,4/10/2018,452.10 CHF,,,12/15/2025,,12/15/2025,,,,,4.87%,452.10 CHF,22.00,605.43,446.00,507.50,4%,34%,3.63%,4.93%,4.87%,39.68%,49.41%,44,4.33%,-14.60%,,,,,,,,,,,,
,,,,,,,,,,,,,,,,,,2018,4/11/2018,451.00 CHF,,,12/22/2025,,12/22/2025,,,,,4.88%,451.00 CHF,22.00,605.43,446.00,507.50,3%,34%,3.63%,4.93%,4.88%,40.02%,49.78%,44,4.33%,-14.81%,,,,,,,,,,,,
,,,,,,,,,,,,,,,,,,2018,4/12/2018,451.10 CHF,,,12/29/2025,,12/29/2025,,,,,4.88%,451.10 CHF,22.00,605.43,446.00,507.50,3%,34%,3.63%,4.93%,4.88%,39.99%,49.75%,44,4.33%,-14.79%,,,,,,,,,,,,
,,,,,,,,,,,,,,,,,,2018,4/13/2018,453.30 CHF,,,1/5/2026,,1/5/2026,,,,,4.85%,453.30 CHF,22.00,605.43,446.00,507.50,5%,34%,3.63%,4.93%,4.85%,39.31%,49.02%,44,4.33%,-14.37%,,,,,,,,,,,,
,,,,,,,,,,,,,,,,,,2018,4/16/2018,454.40 CHF,,,1/12/2026,,1/12/2026,,,,,4.84%,454.40 CHF,22.00,605.43,446.00,507.50,5%,33%,3.63%,4.93%,4.84%,38.97%,48.66%,44,4.33%,-14.17%,,,,,,,,,,,,
,,,,,,,,,,,,,,,,,,2018,4/17/2018,455.30 CHF,,,1/19/2026,,1/20/2026,,,,,4.83%,455.30 CHF,22.00,605.43,446.00,507.50,6%,33%,3.63%,4.93%,4.83%,38.70%,48.36%,44,4.33%,-14.00%,,,,,,,,,,,,
,,,,,,,,,,,,,,,,,,2018,4/18/2018,455.10 CHF,,,1/26/2026,,1/26/2026,,,,,4.83%,455.10 CHF,22.00,605.43,446.00,507.50,6%,33%,3.63%,4.93%,4.83%,38.76%,48.43%,44,4.33%,-14.03%,,,,,,,,,,,,
,,,,,,,,,,,,,,,,,,2018,4/19/2018,456.30 CHF,,,2/2/2026,,2/2/2026,,,,,4.82%,456.30 CHF,22.00,605.43,446.00,507.50,6%,33%,3.63%,4.93%,4.82%,38.40%,48.04%,44,4.33%,-13.81%,,,,,,,,,,,,
,,,,,,,,,,,,,,,,,,2018,4/20/2018,462.90 CHF,,,2/9/2026,,2/9/2026,,,,,4.75%,462.90 CHF,22.00,605.43,446.00,507.50,11%,31%,3.63%,4.93%,4.75%,36.42%,45.93%,44,4.33%,-12.56%,,,,,,,,,,,,
,,,,,,,,,,,,,,,,,,2018,4/23/2018,465.30 CHF,,,2/16/2026,,2/17/2026,,,,,4.73%,465.30 CHF,22.00,605.43,446.00,507.50,12%,30%,3.63%,4.93%,4.73%,35.72%,45.18%,44,4.33%,-12.11%,,,,,,,,,,,,
,,,,,,,,,,,,,,,,,,2018,4/24/2018,465.60 CHF,,,2/23/2026,,2/23/2026,,,,,4.73%,465.60 CHF,22.00,605.43,446.00,507.50,12%,30%,3.63%,4.93%,4.73%,35.63%,45.08%,44,4.33%,-12.05%,,,,,,,,,,,,
,,,,,,,,,,,,,,,,,,2018,4/25/2018,464.80 CHF,,,3/2/2026,,3/2/2026,,,,,4.73%,464.80 CHF,22.00,605.43,446.00,507.50,12%,30%,3.63%,4.93%,4.73%,35.86%,45.33%,44,4.33%,-12.20%,,,,,,,,,,,,
,,,,,,,,,,,,,,,,,,2018,4/26/2018,473.80 CHF,,,3/9/2026,,3/9/2026,,,,,4.64%,473.80 CHF,22.00,605.43,446.00,507.50,17%,28%,3.63%,4.93%,4.64%,33.28%,42.57%,44,4.33%,-10.50%,,,,,,,,,,,,
,,,,,,,,,,,,,,,,,,2018,4/27/2018,473.40 CHF,,,3/16/2026,,3/16/2026,,,,,4.65%,473.40 CHF,22.00,605.43,446.00,507.50,17%,28%,3.63%,4.93%,4.65%,33.40%,42.69%,44,4.33%,-10.58%,,,,,,,,,,,,
,,,,,,,,,,,,,,,,,,2018,4/30/2018,477.00 CHF,,,3/23/2026,,3/23/2026,,,,,4.61%,477.00 CHF,22.00,605.43,446.00,507.50,19%,27%,3.63%,4.93%,4.61%,32.39%,41.61%,44,4.33%,-9.90%,,,,,,,,,,,,
,,,,,,,,,,,,,,,,,,2018,5/2/2018,460.30 CHF,,,3/30/2026,,3/30/2026,,,,,4.78%,460.30 CHF,22.00,605.43,446.00,507.50,9%,32%,3.63%,4.93%,4.78%,37.19%,46.75%,44,4.33%,-13.05%,,,,,,,,,,,,
,,,,,,,,,,,,,,,,,,2018,5/3/2018,456.00 CHF,,,4/7/2026,,4/6/2026,,,,,4.82%,456.00 CHF,22.00,605.43,446.00,507.50,6%,33%,3.63%,4.93%,4.82%,38.49%,48.14%,44,4.33%,-13.86%,,,,,,,,,,,,
,,,,,,,,,,,,,,,,,,2018,5/4/2018,455.50 CHF,,,4/13/2026,,4/13/2026,,,,,4.83%,455.50 CHF,22.00,605.43,446.00,507.50,6%,33%,3.63%,4.93%,4.83%,38.64%,48.30%,44,4.33%,-13.96%,,,,,,,,,,,,
,,,,,,,,,,,,,,,,,,2018,5/7/2018,460.70 CHF,,,4/20/2026,,4/20/2026,,,,,4.78%,460.70 CHF,22.00,605.43,446.00,507.50,9%,31%,3.63%,4.93%,4.78%,37.07%,46.62%,44,4.33%,-12.98%,,,,,,,,,,,,
,,,,,,,,,,,,,,,,,,2018,5/8/2018,458.30 CHF,,,4/27/2026,,4/27/2026,,,,,4.80%,458.30 CHF,22.00,605.43,446.00,507.50,8%,32%,3.63%,4.93%,4.80%,37.79%,47.39%,44,4.33%,-13.43%,,,,,,,,,,,,
,,,,,,,,,,,,,,,,,,2018,5/9/2018,458.90 CHF,,,5/4/2026,,5/4/2026,,,,,4.79%,458.90 CHF,22.00,605.43,446.00,507.50,8%,32%,3.63%,4.93%,4.79%,37.61%,47.20%,44,4.33%,-13.32%,,,,,,,,,,,,
,,,,,,,,,,,,,,,,,,2018,5/11/2018,460.40 CHF,,,5/11/2026,,5/11/2026,,,,,4.78%,460.40 CHF,22.00,605.43,446.00,507.50,9%,32%,3.63%,4.93%,4.78%,37.16%,46.72%,44,4.33%,-13.03%,,,,,,,,,,,,
,,,,,,,,,,,,,,,,,,2018,5/14/2018,458.20 CHF,,,5/18/2026,,5/18/2026,,,,,4.80%,458.20 CHF,22.00,605.43,446.00,507.50,8%,32%,3.63%,4.93%,4.80%,37.82%,47.42%,44,4.33%,-13.45%,,,,,,,,,,,,
,,,,,,,,,,,,,,,,,,2018,5/15/2018,454.90 CHF,,,5/26/2026,,5/26/2026,,,,,4.84%,454.90 CHF,22.00,605.43,446.00,507.50,6%,33%,3.63%,4.93%,4.84%,38.82%,48.49%,44,4.33%,-14.07%,,,,,,,,,,,,
,,,,,,,,,,,,,,,,,,2018,5/16/2018,450.70 CHF,,,6/1/2026,,6/1/2026,,,,,4.88%,450.70 CHF,22.00,605.43,446.00,507.50,3%,34%,3.63%,4.93%,4.88%,40.12%,49.88%,44,4.33%,-14.87%,,,,,,,,,,,,
,,,,,,,,,,,,,,,,,,2018,5/17/2018,454.20 CHF,,,6/8/2026,,6/8/2026,,,,,4.84%,454.20 CHF,22.00,605.43,446.00,507.50,5%,33%,3.63%,4.93%,4.84%,39.04%,48.72%,44,4.33%,-14.20%,,,,,,,,,,,,
,,,,,,,,,,,,,,,,,,2018,5/18/2018,452.00 CHF,,,6/15/2026,,6/15/2026,,,,,4.87%,452.00 CHF,22.00,605.43,446.00,507.50,4%,34%,3.63%,4.93%,4.87%,39.71%,49.45%,44,4.33%,-14.62%,,,,,,,,,,,,
,,,,,,,,,,,,,,,,,,2018,5/22/2018,455.00 CHF,,,6/22/2026,,6/22/2026,,,,,4.84%,455.00 CHF,22.00,605.43,446.00,507.50,6%,33%,3.63%,4.93%,4.84%,38.79%,48.46%,44,4.33%,-14.05%,,,,,,,,,,,,
,,,,,,,,,,,,,,,,,,2018,5/23/2018,451.60 CHF,,,6/29/2026,,6/29/2026,,,,,4.87%,451.60 CHF,22.00,605.43,446.00,507.50,4%,34%,3.63%,4.93%,4.87%,39.84%,49.58%,44,4.33%,-14.70%,,,,,,,,,,,,
,,,,,,,,,,,,,,,,,,2018,5/24/2018,449.50 CHF,,,7/6/2026,,7/6/2026,,,,,4.89%,449.50 CHF,22.00,605.43,446.00,507.50,2%,35%,3.63%,4.93%,4.89%,40.49%,50.28%,44,4.33%,-15.09%,,,,,,,,,,,,
,,,,,,,,,,,,,,,,,,2018,5/25/2018,445.70 CHF,,,7/13/2026,,7/13/2026,,,,,4.94%,445.70 CHF,22.00,605.43,446.00,507.50,0%,36%,3.63%,4.93%,4.94%,41.69%,51.56%,44,4.33%,-15.81%,,,,,,,,,,,,
,,,,,,,,,,,,,,,,,,2018,5/28/2018,447.10 CHF,,,7/20/2026,,7/20/2026,,,,,4.92%,447.10 CHF,22.00,605.43,446.00,507.50,1%,35%,3.63%,4.93%,4.92%,41.24%,51.08%,44,4.33%,-15.55%,,,,,,,,,,,,
,,,,,,,,,,,,,,,,,,2018,5/29/2018,442.00 CHF,,,7/27/2026,,7/27/2026,,,,,4.98%,442.00 CHF,22.00,605.43,446.00,507.50,-3%,37%,3.63%,4.93%,4.98%,42.87%,52.83%,44,4.33%,-16.51%,,,,,,,,,,,,
,,,,,,,,,,,,,,,,,,2018,5/30/2018,441.80 CHF,,,,,,,,,,4.98%,441.80 CHF,22.00,605.43,446.00,507.50,-3%,37%,3.63%,4.93%,4.98%,42.94%,52.90%,44,4.33%,-16.55%,,,,,,,,,,,,
,,,,,,,,,,,,,,,,,,2018,5/31/2018,439.60 CHF,,,,,,,,,,5.00%,439.60 CHF,22.00,605.43,446.00,507.50,-4%,38%,3.63%,4.93%,5.00%,43.65%,53.66%,44,4.33%,-16.96%,,,,,,,,,,,,
,,,,,,,,,,,,,,,,,,2018,6/1/2018,443.30 CHF,,,,,,,,,,4.96%,443.30 CHF,22.00,605.43,446.00,507.50,-2%,37%,3.63%,4.93%,4.96%,42.45%,52.38%,44,4.33%,-16.26%,,,,,,,,,,,,
,,,,,,,,,,,,,,,,,,2018,6/4/2018,448.60 CHF,,,,,,,,,,4.90%,448.60 CHF,22.00,605.43,446.00,507.50,2%,35%,3.63%,4.93%,4.90%,40.77%,50.58%,44,4.33%,-15.26%,,,,,,,,,,,,
,,,,,,,,,,,,,,,,,,2018,6/5/2018,444.30 CHF,,,,,,,,,,4.95%,444.30 CHF,22.00,605.43,446.00,507.50,-1%,36%,3.63%,4.93%,4.95%,42.13%,52.04%,44,4.33%,-16.07%,,,,,,,,,,,,
,,,,,,,,,,,,,,,,,,2018,6/6/2018,441.30 CHF,,,,,,,,,,4.99%,441.30 CHF,22.00,605.43,446.00,507.50,-3%,37%,3.63%,4.93%,4.99%,43.10%,53.07%,44,4.33%,-16.64%,,,,,,,,,,,,
,,,,,,,,,,,,,,,,,,2018,6/7/2018,443.50 CHF,,,,,,,,,,4.96%,443.50 CHF,22.00,605.43,446.00,507.50,-2%,37%,3.63%,4.93%,4.96%,42.39%,52.31%,44,4.33%,-16.23%,,,,,,,,,,,,
,,,,,,,,,,,,,,,,,,2018,6/8/2018,442.30 CHF,,,,,,,,,,4.97%,442.30 CHF,22.00,605.43,446.00,507.50,-2%,37%,3.63%,4.93%,4.97%,42.78%,52.72%,44,4.33%,-16.45%,,,,,,,,,,,,
,,,,,,,,,,,,,,,,,,2018,6/11/2018,447.70 CHF,,,,,,,,,,4.91%,447.70 CHF,22.00,605.43,446.00,507.50,1%,35%,3.63%,4.93%,4.91%,41.05%,50.88%,44,4.33%,-15.43%,,,,,,,,,,,,
,,,,,,,,,,,,,,,,,,2018,6/12/2018,449.10 CHF,,,,,,,,,,4.90%,449.10 CHF,22.00,605.43,446.00,507.50,2%,35%,3.63%,4.93%,4.90%,40.61%,50.41%,44,4.33%,-15.17%,,,,,,,,,,,,
,,,,,,,,,,,,,,,,,,2018,6/13/2018,445.00 CHF,,,,,,,,,,4.94%,445.00 CHF,22.00,605.43,446.00,507.50,-1%,36%,3.63%,4.93%,4.94%,41.91%,51.80%,44,4.33%,-15.94%,,,,,,,,,,,,
,,,,,,,,,,,,,,,,,,2018,6/14/2018,446.00 CHF,,,,,,,,,,4.93%,446.00 CHF,22.00,605.43,446.00,507.50,0%,36%,3.63%,4.93%,4.93%,41.59%,51.46%,44,4.33%,-15.75%,,,,,,,,,,,,
,,,,,,,,,,,,,,,,,,2018,6/15/2018,443.10 CHF,,,,,,,,,,4.97%,443.10 CHF,22.00,605.43,446.00,507.50,-2%,37%,3.63%,4.93%,4.97%,42.52%,52.45%,44,4.33%,-16.30%,,,,,,,,,,,,
,,,,,,,,,,,,,,,,,,2018,6/18/2018,439.20 CHF,,,,,,,,,,5.01%,439.20 CHF,22.00,605.43,446.00,507.50,-4%,38%,3.63%,4.93%,5.01%,43.78%,53.80%,44,4.33%,-17.04%,,,,,,,,,,,,
,,,,,,,,,,,,,,,,,,2018,6/19/2018,435.00 CHF,,,,,,,,,,5.06%,435.00 CHF,22.00,605.43,446.00,507.50,-7%,39%,3.63%,4.93%,5.06%,45.17%,55.29%,44,4.33%,-17.83%,,,,,,,,,,,,
,,,,,,,,,,,,,,,,,,2018,6/20/2018,438.30 CHF,,,,,,,,,,5.02%,438.30 CHF,22.00,605.43,446.00,507.50,-5%,38%,3.63%,4.93%,5.02%,44.08%,54.12%,44,4.33%,-17.21%,,,,,,,,,,,,
,,,,,,,,,,,,,,,,,,2018,6/21/2018,435.20 CHF,,,,,,,,,,5.06%,435.20 CHF,22.00,605.43,446.00,507.50,-7%,39%,3.63%,4.93%,5.06%,45.11%,55.22%,44,4.33%,-17.79%,,,,,,,,,,,,
,,,,,,,,,,,,,,,,,,2018,6/22/2018,447.70 CHF,,,,,,,,,,4.91%,447.70 CHF,22.00,605.43,446.00,507.50,1%,35%,3.63%,4.93%,4.91%,41.05%,50.88%,44,4.33%,-15.43%,,,,,,,,,,,,
,,,,,,,,,,,,,,,,,,2018,6/25/2018,442.30 CHF,,,,,,,,,,4.97%,442.30 CHF,22.00,605.43,446.00,507.50,-2%,37%,3.63%,4.93%,4.97%,42.78%,52.72%,44,4.33%,-16.45%,,,,,,,,,,,,
,,,,,,,,,,,,,,,,,,2018,6/26/2018,442.50 CHF,,,,,,,,,,4.97%,442.50 CHF,22.00,605.43,446.00,507.50,-2%,37%,3.63%,4.93%,4.97%,42.71%,52.66%,44,4.33%,-16.41%,,,,,,,,,,,,
,,,,,,,,,,,,,,,,,,2018,6/27/2018,444.90 CHF,,,,,,,,,,4.94%,444.90 CHF,22.00,605.43,446.00,507.50,-1%,36%,3.63%,4.93%,4.94%,41.94%,51.83%,44,4.33%,-15.96%,,,,,,,,,,,,
,,,,,,,,,,,,,,,,,,2018,6/28/2018,441.10 CHF,,,,,,,,,,4.99%,441.10 CHF,22.00,605.43,446.00,507.50,-3%,37%,3.63%,4.93%,4.99%,43.16%,53.14%,44,4.33%,-16.68%,,,,,,,,,,,,
,,,,,,,,,,,,,,,,,,2018,6/29/2018,443.20 CHF,,,,,,,,,,4.96%,443.20 CHF,22.00,605.43,446.00,507.50,-2%,37%,3.63%,4.93%,4.96%,42.49%,52.41%,44,4.33%,-16.28%,,,,,,,,,,,,
,,,,,,,,,,,,,,,,,,2018,7/2/2018,440.20 CHF,,,,,,,,,,5.00%,440.20 CHF,22.00,605.43,446.00,507.50,-4%,38%,3.63%,4.93%,5.00%,43.46%,53.45%,44,4.33%,-16.85%,,,,,,,,,,,,
,,,,,,,,,,,,,,,,,,2018,7/3/2018,447.80 CHF,,,,,,,,,,4.91%,447.80 CHF,22.00,605.43,446.00,507.50,1%,35%,3.63%,4.93%,4.91%,41.02%,50.85%,44,4.33%,-15.41%,,,,,,,,,,,,
,,,,,,,,,,,,,,,,,,2018,7/4/2018,454.70 CHF,,,,,,,,,,4.84%,454.70 CHF,22.00,605.43,446.00,507.50,5%,33%,3.63%,4.93%,4.84%,38.88%,48.56%,44,4.33%,-14.11%,,,,,,,,,,,,
,,,,,,,,,,,,,,,,,,2018,7/5/2018,456.00 CHF,,,,,,,,,,4.82%,456.00 CHF,22.00,605.43,446.00,507.50,6%,33%,3.63%,4.93%,4.82%,38.49%,48.14%,44,4.33%,-13.86%,,,,,,,,,,,,
,,,,,,,,,,,,,,,,,,2018,7/6/2018,459.00 CHF,,,,,,,,,,4.79%,459.00 CHF,22.00,605.43,446.00,507.50,8%,32%,3.63%,4.93%,4.79%,37.58%,47.17%,44,4.33%,-13.30%,,,,,,,,,,,,
,,,,,,,,,,,,,,,,,,2018,7/9/2018,458.60 CHF,,,,,,,,,,4.80%,458.60 CHF,22.00,605.43,446.00,507.50,8%,32%,3.63%,4.93%,4.80%,37.70%,47.30%,44,4.33%,-13.37%,,,,,,,,,,,,
,,,,,,,,,,,,,,,,,,2018,7/10/2018,457.30 CHF,,,,,,,,,,4.81%,457.30 CHF,22.00,605.43,446.00,507.50,7%,32%,3.63%,4.93%,4.81%,38.09%,47.71%,44,4.33%,-13.62%,,,,,,,,,,,,
,,,,,,,,,,,,,,,,,,2018,7/11/2018,451.60 CHF,,,,,,,,,,4.87%,451.60 CHF,22.00,605.43,446.00,507.50,4%,34%,3.63%,4.93%,4.87%,39.84%,49.58%,44,4.33%,-14.70%,,,,,,,,,,,,
,,,,,,,,,,,,,,,,,,2018,7/12/2018,454.80 CHF,,,,,,,,,,4.84%,454.80 CHF,22.00,605.43,446.00,507.50,6%,33%,3.63%,4.93%,4.84%,38.85%,48.53%,44,4.33%,-14.09%,,,,,,,,,,,,
,,,,,,,,,,,,,,,,,,2018,7/13/2018,451.60 CHF,,,,,,,,,,4.87%,451.60 CHF,22.00,605.43,446.00,507.50,4%,34%,3.63%,4.93%,4.87%,39.84%,49.58%,44,4.33%,-14.70%,,,,,,,,,,,,
,,,,,,,,,,,,,,,,,,2018,7/16/2018,449.10 CHF,,,,,,,,,,4.90%,449.10 CHF,22.00,605.43,446.00,507.50,2%,35%,3.63%,4.93%,4.90%,40.61%,50.41%,44,4.33%,-15.17%,,,,,,,,,,,,
,,,,,,,,,,,,,,,,,,2018,7/17/2018,445.20 CHF,,,,,,,,,,4.94%,445.20 CHF,22.00,605.43,446.00,507.50,-1%,36%,3.63%,4.93%,4.94%,41.85%,51.73%,44,4.33%,-15.90%,,,,,,,,,,,,
,,,,,,,,,,,,,,,,,,2018,7/18/2018,445.00 CHF,,,,,,,,,,4.94%,445.00 CHF,22.00,605.43,446.00,507.50,-1%,36%,3.63%,4.93%,4.94%,41.91%,51.80%,44,4.33%,-15.94%,,,,,,,,,,,,
,,,,,,,,,,,,,,,,,,2018,7/19/2018,445.20 CHF,,,,,,,,,,4.94%,445.20 CHF,22.00,605.43,446.00,507.50,-1%,36%,3.63%,4.93%,4.94%,41.85%,51.73%,44,4.33%,-15.90%,,,,,,,,,,,,
,,,,,,,,,,,,,,,,,,2018,7/20/2018,450.10 CHF,,,,,,,,,,4.89%,450.10 CHF,22.00,605.43,446.00,507.50,3%,35%,3.63%,4.93%,4.89%,40.30%,50.08%,44,4.33%,-14.98%,,,,,,,,,,,,
,,,,,,,,,,,,,,,,,,2018,7/23/2018,450.80 CHF,,,,,,,,,,4.88%,450.80 CHF,22.00,605.43,446.00,507.50,3%,34%,3.63%,4.93%,4.88%,40.08%,49.84%,44,4.33%,-14.85%,,,,,,,,,,,,
,,,,,,,,,,,,,,,,,,2018,7/24/2018,449.80 CHF,,,,,,,,,,4.89%,449.80 CHF,22.00,605.43,446.00,507.50,2%,35%,3.63%,4.93%,4.89%,40.40%,50.18%,44,4.33%,-15.04%,,,,,,,,,,,,
,,,,,,,,,,,,,,,,,,2018,7/25/2018,448.20 CHF,,,,,,,,,,4.91%,448.20 CHF,22.00,605.43,446.00,507.50,1%,35%,3.63%,4.93%,4.91%,40.90%,50.71%,44,4.33%,-15.34%,,,,,,,,,,,,
,,,,,,,,,,,,,,,,,,2018,7/26/2018,456.30 CHF,,,,,,,,,,4.82%,456.30 CHF,22.00,605.43,446.00,507.50,6%,33%,3.63%,4.93%,4.82%,38.40%,48.04%,44,4.33%,-13.81%,,,,,,,,,,,,
,,,,,,,,,,,,,,,,,,2018,7/27/2018,461.60 CHF,,,,,,,,,,4.77%,461.60 CHF,22.00,605.43,446.00,507.50,10%,31%,3.63%,4.93%,4.77%,36.81%,46.34%,44,4.33%,-12.81%,,,,,,,,,,,,
,,,,,,,,,,,,,,,,,,2018,7/30/2018,468.90 CHF,,,,,,,,,,4.69%,468.90 CHF,22.00,605.43,446.00,507.50,14%,29%,3.63%,4.93%,4.69%,34.68%,44.06%,44,4.33%,-11.43%,,,,,,,,,,,,
,,,,,,,,,,,,,,,,,,2018,7/31/2018,465.30 CHF,,,,,,,,,,4.73%,465.30 CHF,22.00,605.43,446.00,507.50,12%,30%,3.63%,4.93%,4.73%,35.72%,45.18%,44,4.33%,-12.11%,,,,,,,,,,,,
,,,,,,,,,,,,,,,,,,2018,8/2/2018,465.60 CHF,,,,,,,,,,4.73%,465.60 CHF,22.00,605.43,446.00,507.50,12%,30%,3.63%,4.93%,4.73%,35.63%,45.08%,44,4.33%,-12.05%,,,,,,,,,,,,
,,,,,,,,,,,,,,,,,,2018,8/3/2018,469.40 CHF,,,,,,,,,,4.69%,469.40 CHF,22.00,605.43,446.00,507.50,15%,29%,3.63%,4.93%,4.69%,34.53%,43.91%,44,4.33%,-11.33%,,,,,,,,,,,,
,,,,,,,,,,,,,,,,,,2018,8/6/2018,469.30 CHF,,,,,,,,,,4.69%,469.30 CHF,22.00,605.43,446.00,507.50,15%,29%,3.63%,4.93%,4.69%,34.56%,43.94%,44,4.33%,-11.35%,,,,,,,,,,,,
,,,,,,,,,,,,,,,,,,2018,8/7/2018,470.40 CHF,,,,,,,,,,4.68%,470.40 CHF,22.00,605.43,446.00,507.50,15%,29%,3.63%,4.93%,4.68%,34.25%,43.60%,44,4.33%,-11.14%,,,,,,,,,,,,
,,,,,,,,,,,,,,,,,,2018,8/8/2018,467.70 CHF,,,,,,,,,,4.70%,467.70 CHF,22.00,605.43,446.00,507.50,14%,29%,3.63%,4.93%,4.70%,35.02%,44.43%,44,4.33%,-11.65%,,,,,,,,,,,,
,,,,,,,,,,,,,,,,,,2018,8/9/2018,466.90 CHF,,,,,,,,,,4.71%,466.90 CHF,22.00,605.43,446.00,507.50,13%,30%,3.63%,4.93%,4.71%,35.25%,44.68%,44,4.33%,-11.81%,,,,,,,,,,,,
,,,,,,,,,,,,,,,,,,2018,8/10/2018,461.30 CHF,,,,,,,,,,4.77%,461.30 CHF,22.00,605.43,446.00,507.50,10%,31%,3.63%,4.93%,4.77%,36.90%,46.43%,44,4.33%,-12.86%,,,,,,,,,,,,
,,,,,,,,,,,,,,,,,,2018,8/13/2018,459.30 CHF,,,,,,,,,,4.79%,459.30 CHF,22.00,605.43,446.00,507.50,8%,32%,3.63%,4.93%,4.79%,37.49%,47.07%,44,4.33%,-13.24%,,,,,,,,,,,,
,,,,,,,,,,,,,,,,,,2018,8/14/2018,461.10 CHF,,,,,,,,,,4.77%,461.10 CHF,22.00,605.43,446.00,507.50,9%,31%,3.63%,4.93%,4.77%,36.96%,46.50%,44,4.33%,-12.90%,,,,,,,,,,,,
,,,,,,,,,,,,,,,,,,2018,8/15/2018,458.10 CHF,,,,,,,,,,4.80%,458.10 CHF,22.00,605.43,446.00,507.50,8%,32%,3.63%,4.93%,4.80%,37.85%,47.46%,44,4.33%,-13.47%,,,,,,,,,,,,
,,,,,,,,,,,,,,,,,,2018,8/16/2018,452.90 CHF,,,,,,,,,,4.86%,452.90 CHF,22.00,605.43,446.00,507.50,4%,34%,3.63%,4.93%,4.86%,39.43%,49.15%,44,4.33%,-14.45%,,,,,,,,,,,,
,,,,,,,,,,,,,,,,,,2018,8/17/2018,449.10 CHF,,,,,,,,,,4.90%,449.10 CHF,22.00,605.43,446.00,507.50,2%,35%,3.63%,4.93%,4.90%,40.61%,50.41%,44,4.33%,-15.17%,,,,,,,,,,,,
,,,,,,,,,,,,,,,,,,2018,8/20/2018,447.90 CHF,,,,,,,,,,4.91%,447.90 CHF,22.00,605.43,446.00,507.50,1%,35%,3.63%,4.93%,4.91%,40.99%,50.81%,44,4.33%,-15.39%,,,,,,,,,,,,
,,,,,,,,,,,,,,,,,,2018,8/21/2018,447.50 CHF,,,,,,,,,,4.92%,447.50 CHF,22.00,605.43,446.00,507.50,1%,35%,3.63%,4.93%,4.92%,41.12%,50.95%,44,4.33%,-15.47%,,,,,,,,,,,,
,,,,,,,,,,,,,,,,,,2018,8/22/2018,448.20 CHF,,,,,,,,,,4.91%,448.20 CHF,22.00,605.43,446.00,507.50,1%,35%,3.63%,4.93%,4.91%,40.90%,50.71%,44,4.33%,-15.34%,,,,,,,,,,,,
,,,,,,,,,,,,,,,,,,2018,8/23/2018,448.30 CHF,,,,,,,,,,4.91%,448.30 CHF,22.00,605.43,446.00,507.50,1%,35%,3.63%,4.93%,4.91%,40.87%,50.68%,44,4.33%,-15.32%,,,,,,,,,,,,
,,,,,,,,,,,,,,,,,,2018,8/24/2018,443.20 CHF,,,,,,,,,,4.96%,443.20 CHF,22.00,605.43,446.00,507.50,-2%,37%,3.63%,4.93%,4.96%,42.49%,52.41%,44,4.33%,-16.28%,,,,,,,,,,,,
,,,,,,,,,,,,,,,,,,2018,8/27/2018,446.20 CHF,,,,,,,,,,4.93%,446.20 CHF,22.00,605.43,446.00,507.50,0%,36%,3.63%,4.93%,4.93%,41.53%,51.39%,44,4.33%,-15.72%,,,,,,,,,,,,
,,,,,,,,,,,,,,,,,,2018,8/28/2018,442.70 CHF,,,,,,,,,,4.97%,442.70 CHF,22.00,605.43,446.00,507.50,-2%,37%,3.63%,4.93%,4.97%,42.65%,52.59%,44,4.33%,-16.38%,,,,,,,,,,,,
,,,,,,,,,,,,,,,,,,2018,8/29/2018,439.80 CHF,,,,,,,,,,5.00%,439.80 CHF,22.00,605.43,446.00,507.50,-4%,38%,3.63%,4.93%,5.00%,43.59%,53.59%,44,4.33%,-16.92%,,,,,,,,,,,,
,,,,,,,,,,,,,,,,,,2018,8/30/2018,435.00 CHF,,,,,,,,,,5.06%,435.00 CHF,22.00,605.43,446.00,507.50,-7%,39%,3.63%,4.93%,5.06%,45.17%,55.29%,44,4.33%,-17.83%,,,,,,,,,,,,
,,,,,,,,,,,,,,,,,,2018,8/31/2018,432.90 CHF,,,,,,,,,,5.08%,432.90 CHF,22.00,605.43,446.00,507.50,-8%,40%,3.63%,4.93%,5.08%,45.88%,56.04%,44,4.33%,-18.23%,,,,,,,,,,,,
,,,,,,,,,,,,,,,,,,2018,9/3/2018,435.50 CHF,,,,,,,,,,5.05%,435.50 CHF,22.00,605.43,446.00,507.50,-7%,39%,3.63%,4.93%,5.05%,45.01%,55.11%,44,4.33%,-17.74%,,,,,,,,,,,,
,,,,,,,,,,,,,,,,,,2018,9/4/2018,431.80 CHF,,,,,,,,,,5.09%,431.80 CHF,22.00,605.43,446.00,507.50,-9%,40%,3.63%,4.93%,5.09%,46.25%,56.44%,44,4.33%,-18.44%,,,,,,,,,,,,
,,,,,,,,,,,,,,,,,,2018,9/5/2018,431.40 CHF,,,,,,,,,,5.10%,431.40 CHF,22.00,605.43,446.00,507.50,-9%,40%,3.63%,4.93%,5.10%,46.38%,56.58%,44,4.33%,-18.51%,,,,,,,,,,,,
,,,,,,,,,,,,,,,,,,2018,9/6/2018,431.10 CHF,,,,,,,,,,5.10%,431.10 CHF,22.00,605.43,446.00,507.50,-9%,40%,3.63%,4.93%,5.10%,46.49%,56.69%,44,4.33%,-18.57%,,,,,,,,,,,,
,,,,,,,,,,,,,,,,,,2018,9/7/2018,430.60 CHF,,,,,,,,,,5.11%,430.60 CHF,22.00,605.43,446.00,507.50,-10%,41%,3.63%,4.93%,5.11%,46.66%,56.87%,44,4.33%,-18.66%,,,,,,,,,,,,
,,,,,,,,,,,,,,,,,,2018,9/10/2018,436.30 CHF,,,,,,,,,,5.04%,436.30 CHF,22.00,605.43,446.00,507.50,-6%,39%,3.63%,4.93%,5.04%,44.74%,54.82%,44,4.33%,-17.59%,,,,,,,,,,,,
,,,,,,,,,,,,,,,,,,2018,9/11/2018,436.20 CHF,,,,,,,,,,5.04%,436.20 CHF,22.00,605.43,446.00,507.50,-6%,39%,3.63%,4.93%,5.04%,44.77%,54.86%,44,4.33%,-17.60%,,,,,,,,,,,,
,,,,,,,,,,,,,,,,,,2018,9/12/2018,439.40 CHF,,,,,,,,,,5.01%,439.40 CHF,22.00,605.43,446.00,507.50,-4%,38%,3.63%,4.93%,5.01%,43.72%,53.73%,44,4.33%,-17.00%,,,,,,,,,,,,
,,,,,,,,,,,,,,,,,,2018,9/13/2018,439.50 CHF,,,,,,,,,,5.01%,439.50 CHF,22.00,605.43,446.00,507.50,-4%,38%,3.63%,4.93%,5.01%,43.69%,53.70%,44,4.33%,-16.98%,,,,,,,,,,,,
,,,,,,,,,,,,,,,,,,2018,9/14/2018,439.20 CHF,,,,,,,,,,5.01%,439.20 CHF,22.00,605.43,446.00,507.50,-4%,38%,3.63%,4.93%,5.01%,43.78%,53.80%,44,4.33%,-17.04%,,,,,,,,,,,,
,,,,,,,,,,,,,,,,,,2018,9/17/2018,443.70 CHF,,,,,,,,,,4.96%,443.70 CHF,22.00,605.43,446.00,507.50,-1%,36%,3.63%,4.93%,4.96%,42.33%,52.24%,44,4.33%,-16.19%,,,,,,,,,,,,
,,,,,,,,,,,,,,,,,,2018,9/18/2018,446.90 CHF,,,,,,,,,,4.92%,446.90 CHF,22.00,605.43,446.00,507.50,1%,35%,3.63%,4.93%,4.92%,41.31%,51.15%,44,4.33%,-15.58%,,,,,,,,,,,,
,,,,,,,,,,,,,,,,,,2018,9/19/2018,443.50 CHF,,,,,,,,,,4.96%,443.50 CHF,22.00,605.43,446.00,507.50,-2%,37%,3.63%,4.93%,4.96%,42.39%,52.31%,44,4.33%,-16.23%,,,,,,,,,,,,
,,,,,,,,,,,,,,,,,,2018,9/20/2018,445.70 CHF,,,,,,,,,,4.94%,445.70 CHF,22.00,605.43,446.00,507.50,0%,36%,3.63%,4.93%,4.94%,41.69%,51.56%,44,4.33%,-15.81%,,,,,,,,,,,,
,,,,,,,,,,,,,,,,,,2018,9/21/2018,445.30 CHF,,,,,,,,,,4.94%,445.30 CHF,22.00,605.43,446.00,507.50,0%,36%,3.63%,4.93%,4.94%,41.81%,51.70%,44,4.33%,-15.89%,,,,,,,,,,,,
,,,,,,,,,,,,,,,,,,2018,9/24/2018,444.20 CHF,,,,,,,,,,4.95%,444.20 CHF,22.00,605.43,446.00,507.50,-1%,36%,3.63%,4.93%,4.95%,42.17%,52.07%,44,4.33%,-16.09%,,,,,,,,,,,,
,,,,,,,,,,,,,,,,,,2018,9/25/2018,444.90 CHF,,,,,,,,,,4.94%,444.90 CHF,22.00,605.43,446.00,507.50,-1%,36%,3.63%,4.93%,4.94%,41.94%,51.83%,44,4.33%,-15.96%,,,,,,,,,,,,
,,,,,,,,,,,,,,,,,,2018,9/26/2018,448.10 CHF,,,,,,,,,,4.91%,448.10 CHF,22.00,605.43,446.00,507.50,1%,35%,3.63%,4.93%,4.91%,40.93%,50.75%,44,4.33%,-15.36%,,,,,,,,,,,,
,,,,,,,,,,,,,,,,,,2018,9/27/2018,450.70 CHF,,,,,,,,,,4.88%,450.70 CHF,22.00,605.43,446.00,507.50,3%,34%,3.63%,4.93%,4.88%,40.12%,49.88%,44,4.33%,-14.87%,,,,,,,,,,,,
,,,,,,,,,,,,,,,,,,2018,9/28/2018,445.40 CHF,,,,,,,,,,4.94%,445.40 CHF,22.00,605.43,446.00,507.50,0%,36%,3.63%,4.93%,4.94%,41.78%,51.66%,44,4.33%,-15.87%,,,,,,,,,,,,
,,,,,,,,,,,,,,,,,,2018,10/1/2018,444.20 CHF,,,,,,,,,,4.95%,444.20 CHF,22.00,605.43,446.00,507.50,-1%,36%,3.63%,4.93%,4.95%,42.17%,52.07%,44,4.33%,-16.09%,,,,,,,,,,,,
,,,,,,,,,,,,,,,,,,2018,10/2/2018,438.10 CHF,,,,,,,,,,5.02%,438.10 CHF,22.00,605.43,446.00,507.50,-5%,38%,3.63%,4.93%,5.02%,44.15%,54.19%,44,4.33%,-17.25%,,,,,,,,,,,,
,,,,,,,,,,,,,,,,,,2018,10/3/2018,432.00 CHF,,,,,,,,,,5.09%,432.00 CHF,22.00,605.43,446.00,507.50,-9%,40%,3.63%,4.93%,5.09%,46.18%,56.37%,44,4.33%,-18.40%,,,,,,,,,,,,
,,,,,,,,,,,,,,,,,,2018,10/4/2018,433.30 CHF,,,,,,,,,,5.08%,433.30 CHF,22.00,605.43,446.00,507.50,-8%,40%,3.63%,4.93%,5.08%,45.74%,55.90%,44,4.33%,-18.15%,,,,,,,,,,,,
,,,,,,,,,,,,,,,,,,2018,10/5/2018,432.60 CHF,,,,,,,,,,5.09%,432.60 CHF,22.00,605.43,446.00,507.50,-8%,40%,3.63%,4.93%,5.09%,45.98%,56.15%,44,4.33%,-18.28%,,,,,,,,,,,,
,,,,,,,,,,,,,,,,,,2018,10/8/2018,428.60 CHF,,,,,,,,,,5.13%,428.60 CHF,22.00,605.43,446.00,507.50,-11%,41%,3.63%,4.93%,5.13%,47.34%,57.61%,44,4.33%,-19.04%,,,,,,,,,,,,
,,,,,,,,,,,,,,,,,,2018,10/9/2018,431.80 CHF,,,,,,,,,,5.09%,431.80 CHF,22.00,605.43,446.00,507.50,-9%,40%,3.63%,4.93%,5.09%,46.25%,56.44%,44,4.33%,-18.44%,,,,,,,,,,,,
,,,,,,,,,,,,,,,,,,2018,10/10/2018,437.60 CHF,,,,,,,,,,5.03%,437.60 CHF,22.00,605.43,446.00,507.50,-5%,38%,3.63%,4.93%,5.03%,44.31%,54.36%,44,4.33%,-17.34%,,,,,,,,,,,,
,,,,,,,,,,,,,,,,,,2018,10/11/2018,431.70 CHF,,,,,,,,,,5.10%,431.70 CHF,22.00,605.43,446.00,507.50,-9%,40%,3.63%,4.93%,5.10%,46.28%,56.47%,44,4.33%,-18.45%,,,,,,,,,,,,
,,,,,,,,,,,,,,,,,,2018,10/12/2018,430.30 CHF,,,,,,,,,,5.11%,430.30 CHF,22.00,605.43,446.00,507.50,-10%,41%,3.63%,4.93%,5.11%,46.76%,56.98%,44,4.33%,-18.72%,,,,,,,,,,,,
,,,,,,,,,,,,,,,,,,2018,10/15/2018,435.90 CHF,,,,,,,,,,5.05%,435.90 CHF,22.00,605.43,446.00,507.50,-6%,39%,3.63%,4.93%,5.05%,44.87%,54.97%,44,4.33%,-17.66%,,,,,,,,,,,,
,,,,,,,,,,,,,,,,,,2018,10/16/2018,443.20 CHF,,,,,,,,,,4.96%,443.20 CHF,22.00,605.43,446.00,507.50,-2%,37%,3.63%,4.93%,4.96%,42.49%,52.41%,44,4.33%,-16.28%,,,,,,,,,,,,
,,,,,,,,,,,,,,,,,,2018,10/17/2018,445.00 CHF,,,,,,,,,,4.94%,445.00 CHF,22.00,605.43,446.00,507.50,-1%,36%,3.63%,4.93%,4.94%,41.91%,51.80%,44,4.33%,-15.94%,,,,,,,,,,,,
,,,,,,,,,,,,,,,,,,2018,10/18/2018,449.40 CHF,,,,,,,,,,4.90%,449.40 CHF,22.00,605.43,446.00,507.50,2%,35%,3.63%,4.93%,4.90%,40.52%,50.31%,44,4.33%,-15.11%,,,,,,,,,,,,
,,,,,,,,,,,,,,,,,,2018,10/19/2018,450.40 CHF,,,,,,,,,,4.88%,450.40 CHF,22.00,605.43,446.00,507.50,3%,34%,3.63%,4.93%,4.88%,40.21%,49.98%,44,4.33%,-14.92%,,,,,,,,,,,,
,,,,,,,,,,,,,,,,,,2018,10/22/2018,446.80 CHF,,,,,,,,,,4.92%,446.80 CHF,22.00,605.43,446.00,507.50,1%,36%,3.63%,4.93%,4.92%,41.34%,51.19%,44,4.33%,-15.60%,,,,,,,,,,,,
,,,,,,,,,,,,,,,,,,2018,10/23/2018,442.10 CHF,,,,,,,,,,4.98%,442.10 CHF,22.00,605.43,446.00,507.50,-2%,37%,3.63%,4.93%,4.98%,42.84%,52.79%,44,4.33%,-16.49%,,,,,,,,,,,,
,,,,,,,,,,,,,,,,,,2018,10/24/2018,445.20 CHF,,,,,,,,,,4.94%,445.20 CHF,22.00,605.43,446.00,507.50,-1%,36%,3.63%,4.93%,4.94%,41.85%,51.73%,44,4.33%,-15.90%,,,,,,,,,,,,
,,,,,,,,,,,,,,,,,,2018,10/25/2018,445.30 CHF,,,,,,,,,,4.94%,445.30 CHF,22.00,605.43,446.00,507.50,0%,36%,3.63%,4.93%,4.94%,41.81%,51.70%,44,4.33%,-15.89%,,,,,,,,,,,,
,,,,,,,,,,,,,,,,,,2018,10/26/2018,440.70 CHF,,,,,,,,,,4.99%,440.70 CHF,22.00,605.43,446.00,507.50,-3%,37%,3.63%,4.93%,4.99%,43.29%,53.28%,44,4.33%,-16.75%,,,,,,,,,,,,
,,,,,,,,,,,,,,,,,,2018,10/29/2018,454.90 CHF,,,,,,,,,,4.84%,454.90 CHF,22.00,605.43,446.00,507.50,6%,33%,3.63%,4.93%,4.84%,38.82%,48.49%,44,4.33%,-14.07%,,,,,,,,,,,,
,,,,,,,,,,,,,,,,,,2018,10/30/2018,458.70 CHF,,,,,,,,,,4.80%,458.70 CHF,22.00,605.43,446.00,507.50,8%,32%,3.63%,4.93%,4.80%,37.67%,47.26%,44,4.33%,-13.35%,,,,,,,,,,,,
,,,,,,,,,,,,,,,,,,2018,10/31/2018,461.40 CHF,,,,,,,,,,4.77%,461.40 CHF,22.00,605.43,446.00,507.50,10%,31%,3.63%,4.93%,4.77%,36.87%,46.40%,44,4.33%,-12.84%,,,,,,,,,,,,
,,,,,,,,,,,,,,,,,,2018,11/1/2018,456.20 CHF,,,,,,,,,,4.82%,456.20 CHF,22.00,605.43,446.00,507.50,6%,33%,3.63%,4.93%,4.82%,38.43%,48.07%,44,4.33%,-13.83%,,,,,,,,,,,,
,,,,,,,,,,,,,,,,,,2018,11/2/2018,457.20 CHF,,,,,,,,,,4.81%,457.20 CHF,22.00,605.43,446.00,507.50,7%,32%,3.63%,4.93%,4.81%,38.12%,47.75%,44,4.33%,-13.64%,,,,,,,,,,,,
,,,,,,,,,,,,,,,,,,2018,11/5/2018,458.70 CHF,,,,,,,,,,4.80%,458.70 CHF,22.00,605.43,446.00,507.50,8%,32%,3.63%,4.93%,4.80%,37.67%,47.26%,44,4.33%,-13.35%,,,,,,,,,,,,
,,,,,,,,,,,,,,,,,,2018,11/6/2018,455.30 CHF,,,,,,,,,,4.83%,455.30 CHF,22.00,605.43,446.00,507.50,6%,33%,3.63%,4.93%,4.83%,38.70%,48.36%,44,4.33%,-14.00%,,,,,,,,,,,,
,,,,,,,,,,,,,,,,,,2018,11/7/2018,459.40 CHF,,,,,,,,,,4.79%,459.40 CHF,22.00,605.43,446.00,507.50,8%,32%,3.63%,4.93%,4.79%,37.46%,47.04%,44,4.33%,-13.22%,,,,,,,,,,,,
,,,,,,,,,,,,,,,,,,2018,11/8/2018,463.50 CHF,,,,,,,,,,4.75%,463.50 CHF,22.00,605.43,446.00,507.50,11%,31%,3.63%,4.93%,4.75%,36.25%,45.74%,44,4.33%,-12.45%,,,,,,,,,,,,
,,,,,,,,,,,,,,,,,,2018,11/9/2018,462.80 CHF,,,,,,,,,,4.75%,462.80 CHF,22.00,605.43,446.00,507.50,11%,31%,3.63%,4.93%,4.75%,36.45%,45.96%,44,4.33%,-12.58%,,,,,,,,,,,,
,,,,,,,,,,,,,,,,,,2018,11/12/2018,460.90 CHF,,,,,,,,,,4.77%,460.90 CHF,22.00,605.43,446.00,507.50,9%,31%,3.63%,4.93%,4.77%,37.01%,46.56%,44,4.33%,-12.94%,,,,,,,,,,,,
,,,,,,,,,,,,,,,,,,2018,11/13/2018,462.70 CHF,,,,,,,,,,4.75%,462.70 CHF,22.00,605.43,446.00,507.50,10%,31%,3.63%,4.93%,4.75%,36.48%,45.99%,44,4.33%,-12.60%,,,,,,,,,,,,
,,,,,,,,,,,,,,,,,,2018,11/14/2018,462.30 CHF,,,,,,,,,,4.76%,462.30 CHF,22.00,605.43,446.00,507.50,10%,31%,3.63%,4.93%,4.76%,36.60%,46.12%,44,4.33%,-12.67%,,,,,,,,,,,,
,,,,,,,,,,,,,,,,,,2018,11/15/2018,458.00 CHF,,,,,,,,,,4.80%,458.00 CHF,22.00,605.43,446.00,507.50,8%,32%,3.63%,4.93%,4.80%,37.88%,47.49%,44,4.33%,-13.49%,,,,,,,,,,,,
,,,,,,,,,,,,,,,,,,2018,11/16/2018,461.20 CHF,,,,,,,,,,4.77%,461.20 CHF,22.00,605.43,446.00,507.50,10%,31%,3.63%,4.93%,4.77%,36.93%,46.47%,44,4.33%,-12.88%,,,,,,,,,,,,
,,,,,,,,,,,,,,,,,,2018,11/19/2018,461.80 CHF,,,,,,,,,,4.76%,461.80 CHF,22.00,605.43,446.00,507.50,10%,31%,3.63%,4.93%,4.76%,36.75%,46.28%,44,4.33%,-12.77%,,,,,,,,,,,,
,,,,,,,,,,,,,,,,,,2018,11/20/2018,457.90 CHF,,,,,,,,,,4.80%,457.90 CHF,22.00,605.43,446.00,507.50,7%,32%,3.63%,4.93%,4.80%,37.91%,47.52%,44,4.33%,-13.51%,,,,,,,,,,,,
,,,,,,,,,,,,,,,,,,2018,11/21/2018,463.40 CHF,,,,,,,,,,4.75%,463.40 CHF,22.00,605.43,446.00,507.50,11%,31%,3.63%,4.93%,4.75%,36.28%,45.77%,44,4.33%,-12.47%,,,,,,,,,,,,
,,,,,,,,,,,,,,,,,,2018,11/22/2018,459.80 CHF,,,,,,,,,,4.78%,459.80 CHF,22.00,605.43,446.00,507.50,9%,32%,3.63%,4.93%,4.78%,37.34%,46.91%,44,4.33%,-13.15%,,,,,,,,,,,,
,,,,,,,,,,,,,,,,,,2018,11/23/2018,462.40 CHF,,,,,,,,,,4.76%,462.40 CHF,22.00,605.43,446.00,507.50,10%,31%,3.63%,4.93%,4.76%,36.57%,46.09%,44,4.33%,-12.66%,,,,,,,,,,,,
,,,,,,,,,,,,,,,,,,2018,11/26/2018,473.80 CHF,,,,,,,,,,4.64%,473.80 CHF,22.00,605.43,446.00,507.50,17%,28%,3.63%,4.93%,4.64%,33.28%,42.57%,44,4.33%,-10.50%,,,,,,,,,,,,
,,,,,,,,,,,,,,,,,,2018,11/27/2018,475.70 CHF,,,,,,,,,,4.62%,475.70 CHF,22.00,605.43,446.00,507.50,19%,27%,3.63%,4.93%,4.62%,32.75%,42.00%,44,4.33%,-10.14%,,,,,,,,,,,,
,,,,,,,,,,,,,,,,,,2018,11/28/2018,475.90 CHF,,,,,,,,,,4.62%,475.90 CHF,22.00,605.43,446.00,507.50,19%,27%,3.63%,4.93%,4.62%,32.70%,41.94%,44,4.33%,-10.11%,,,,,,,,,,,,
,,,,,,,,,,,,,,,,,,2018,11/29/2018,475.50 CHF,,,,,,,,,,4.63%,475.50 CHF,22.00,605.43,446.00,507.50,19%,27%,3.63%,4.93%,4.63%,32.81%,42.06%,44,4.33%,-10.18%,,,,,,,,,,,,
,,,,,,,,,,,,,,,,,,2018,11/30/2018,479.30 CHF,,,,,,,,,,4.59%,479.30 CHF,22.00,605.43,446.00,507.50,21%,26%,3.63%,4.93%,4.59%,31.75%,40.93%,44,4.33%,-9.46%,,,,,,,,,,,,
,,,,,,,,,,,,,,,,,,2018,12/3/2018,475.40 CHF,,,,,,,,,,4.63%,475.40 CHF,22.00,605.43,446.00,507.50,18%,27%,3.63%,4.93%,4.63%,32.84%,42.09%,44,4.33%,-10.20%,,,,,,,,,,,,
,,,,,,,,,,,,,,,,,,2018,12/4/2018,480.70 CHF,,,,,,,,,,4.58%,480.70 CHF,22.00,605.43,446.00,507.50,22%,26%,3.63%,4.93%,4.58%,31.37%,40.52%,44,4.33%,-9.20%,,,,,,,,,,,,
,,,,,,,,,,,,,,,,,,2018,12/5/2018,477.10 CHF,,,,,,,,,,4.61%,477.10 CHF,22.00,605.43,446.00,507.50,20%,27%,3.63%,4.93%,4.61%,32.36%,41.58%,44,4.33%,-9.88%,,,,,,,,,,,,
,,,,,,,,,,,,,,,,,,2018,12/6/2018,469.80 CHF,,,,,,,,,,4.68%,469.80 CHF,22.00,605.43,446.00,507.50,15%,29%,3.63%,4.93%,4.68%,34.42%,43.78%,44,4.33%,-11.26%,,,,,,,,,,,,
,,,,,,,,,,,,,,,,,,2018,12/7/2018,476.40 CHF,,,,,,,,,,4.62%,476.40 CHF,22.00,605.43,446.00,507.50,19%,27%,3.63%,4.93%,4.62%,32.56%,41.79%,44,4.33%,-10.01%,,,,,,,,,,,,
,,,,,,,,,,,,,,,,,,2018,12/10/2018,466.10 CHF,,,,,,,,,,4.72%,466.10 CHF,22.00,605.43,446.00,507.50,13%,30%,3.63%,4.93%,4.72%,35.49%,44.93%,44,4.33%,-11.96%,,,,,,,,,,,,
,,,,,,,,,,,,,,,,,,2018,12/11/2018,476.10 CHF,,,,,,,,,,4.62%,476.10 CHF,22.00,605.43,446.00,507.50,19%,27%,3.63%,4.93%,4.62%,32.64%,41.88%,44,4.33%,-10.07%,,,,,,,,,,,,
,,,,,,,,,,,,,,,,,,2018,12/12/2018,481.20 CHF,,,,,,,,,,4.57%,481.20 CHF,22.00,605.43,446.00,507.50,22%,26%,3.63%,4.93%,4.57%,31.23%,40.38%,44,4.33%,-9.10%,,,,,,,,,,,,
,,,,,,,,,,,,,,,,,,2018,12/13/2018,475.90 CHF,,,,,,,,,,4.62%,475.90 CHF,22.00,605.43,446.00,507.50,19%,27%,3.63%,4.93%,4.62%,32.70%,41.94%,44,4.33%,-10.11%,,,,,,,,,,,,
,,,,,,,,,,,,,,,,,,2018,12/14/2018,477.80 CHF,,,,,,,,,,4.60%,477.80 CHF,22.00,605.43,446.00,507.50,20%,27%,3.63%,4.93%,4.60%,32.17%,41.38%,44,4.33%,-9.75%,,,,,,,,,,,,
,,,,,,,,,,,,,,,,,,2018,12/17/2018,477.70 CHF,,,,,,,,,,4.61%,477.70 CHF,22.00,605.43,446.00,507.50,20%,27%,3.63%,4.93%,4.61%,32.20%,41.41%,44,4.33%,-9.77%,,,,,,,,,,,,
,,,,,,,,,,,,,,,,,,2018,12/18/2018,472.80 CHF,,,,,,,,,,4.65%,472.80 CHF,22.00,605.43,446.00,507.50,17%,28%,3.63%,4.93%,4.65%,33.57%,42.87%,44,4.33%,-10.69%,,,,,,,,,,,,
,,,,,,,,,,,,,,,,,,2018,12/19/2018,478.90 CHF,,,,,,,,,,4.59%,478.90 CHF,22.00,605.43,446.00,507.50,21%,26%,3.63%,4.93%,4.59%,31.86%,41.05%,44,4.33%,-9.54%,,,,,,,,,,,,
,,,,,,,,,,,,,,,,,,2018,12/20/2018,475.60 CHF,,,,,,,,,,4.63%,475.60 CHF,22.00,605.43,446.00,507.50,19%,27%,3.63%,4.93%,4.63%,32.78%,42.03%,44,4.33%,-10.16%,,,,,,,,,,,,
,,,,,,,,,,,,,,,,,,2018,12/21/2018,473.00 CHF,,,,,,,,,,4.65%,473.00 CHF,22.00,605.43,446.00,507.50,17%,28%,3.63%,4.93%,4.65%,33.51%,42.81%,44,4.33%,-10.65%,,,,,,,,,,,,
,,,,,,,,,,,,,,,,,,2018,12/27/2018,457.50 CHF,,,,,,,,,,4.81%,457.50 CHF,22.00,605.43,446.00,507.50,7%,32%,3.63%,4.93%,4.81%,38.03%,47.65%,44,4.33%,-13.58%,,,,,,,,,,,,
,,,,,,,,,,,,,,,,,,2018,12/28/2018,469.70 CHF,,,,,,,,,,4.68%,469.70 CHF,22.00,605.43,446.00,507.50,15%,29%,3.63%,4.93%,4.68%,34.45%,43.82%,44,4.33%,-11.28%,,,,,,,,,,,,
,,,,,,,,,,,,,,,,,,2019,1/3/2019,479.80 CHF,,,,,,,,,,4.59%,479.80 CHF,22.00,605.43,446.00,507.50,21%,26%,3.63%,4.93%,4.59%,31.62%,36.20%,22,4.33%,-9.37%,,,,,,,,,,,,
,,,,,,,,,,,,,,,,,,2019,1/4/2019,480.10 CHF,,,,,,,,,,4.58%,480.10 CHF,22.00,605.43,446.00,507.50,21%,26%,3.63%,4.93%,4.58%,31.54%,36.12%,22,4.33%,-9.31%,,,,,,,,,,,,
,,,,,,,,,,,,,,,,,,2019,1/7/2019,480.40 CHF,,,,,,,,,,4.58%,480.40 CHF,22.00,605.43,446.00,507.50,22%,26%,3.63%,4.93%,4.58%,31.45%,36.03%,22,4.33%,-9.26%,,,,,,,,,,,,
,,,,,,,,,,,,,,,,,,2019,1/8/2019,476.20 CHF,,,,,,,,,,4.62%,476.20 CHF,22.00,605.43,446.00,507.50,19%,27%,3.63%,4.93%,4.62%,32.61%,37.23%,22,4.33%,-10.05%,,,,,,,,,,,,
,,,,,,,,,,,,,,,,,,2019,1/9/2019,477.50 CHF,,,,,,,,,,4.61%,477.50 CHF,22.00,605.43,446.00,507.50,20%,27%,3.63%,4.93%,4.61%,32.25%,36.86%,22,4.33%,-9.80%,,,,,,,,,,,,
,,,,,,,,,,,,,,,,,,2019,1/10/2019,481.00 CHF,,,,,,,,,,4.57%,481.00 CHF,22.00,605.43,446.00,507.50,22%,26%,3.63%,4.93%,4.57%,31.29%,35.86%,22,4.33%,-9.14%,,,,,,,,,,,,
,,,,,,,,,,,,,,,,,,2019,1/11/2019,482.50 CHF,,,,,,,,,,4.56%,482.50 CHF,22.00,605.43,446.00,507.50,23%,25%,3.63%,4.93%,4.56%,30.88%,35.44%,22,4.33%,-8.86%,,,,,,,,,,,,
,,,,,,,,,,,,,,,,,,2019,1/14/2019,481.40 CHF,,,,,,,,,,4.57%,481.40 CHF,22.00,605.43,446.00,507.50,22%,26%,3.63%,4.93%,4.57%,31.18%,35.75%,22,4.33%,-9.07%,,,,,,,,,,,,
,,,,,,,,,,,,,,,,,,2019,1/15/2019,479.30 CHF,,,,,,,,,,4.59%,479.30 CHF,22.00,605.43,446.00,507.50,21%,26%,3.63%,4.93%,4.59%,31.75%,36.34%,22,4.33%,-9.46%,,,,,,,,,,,,
,,,,,,,,,,,,,,,,,,2019,1/16/2019,483.50 CHF,,,,,,,,,,4.55%,483.50 CHF,22.00,605.43,446.00,507.50,24%,25%,3.63%,4.93%,4.55%,30.61%,35.16%,22,4.33%,-8.67%,,,,,,,,,,,,
,,,,,,,,,,,,,,,,,,2019,1/17/2019,488.10 CHF,,,,,,,,,,4.51%,488.10 CHF,22.00,605.43,446.00,507.50,26%,24%,3.63%,4.93%,4.51%,29.38%,33.89%,22,4.33%,-7.80%,,,,,,,,,,,,
,,,,,,,,,,,,,,,,,,2019,1/18/2019,488.70 CHF,,,,,,,,,,4.50%,488.70 CHF,22.00,605.43,446.00,507.50,27%,24%,3.63%,4.93%,4.50%,29.22%,33.72%,22,4.33%,-7.69%,,,,,,,,,,,,
,,,,,,,,,,,,,,,,,,2019,1/21/2019,486.30 CHF,,,,,,,,,,4.52%,486.30 CHF,22.00,605.43,446.00,507.50,25%,24%,3.63%,4.93%,4.52%,29.86%,34.38%,22,4.33%,-8.14%,,,,,,,,,,,,
,,,,,,,,,,,,,,,,,,2019,1/22/2019,484.50 CHF,,,,,,,,,,4.54%,484.50 CHF,22.00,605.43,446.00,507.50,24%,25%,3.63%,4.93%,4.54%,30.34%,34.88%,22,4.33%,-8.48%,,,,,,,,,,,,
,,,,,,,,,,,,,,,,,,2019,1/23/2019,485.30 CHF,,,,,,,,,,4.53%,485.30 CHF,22.00,605.43,446.00,507.50,25%,25%,3.63%,4.93%,4.53%,30.13%,34.66%,22,4.33%,-8.33%,,,,,,,,,,,,
,,,,,,,,,,,,,,,,,,2019,1/24/2019,485.70 CHF,,,,,,,,,,4.53%,485.70 CHF,22.00,605.43,446.00,507.50,25%,25%,3.63%,4.93%,4.53%,30.02%,34.55%,22,4.33%,-8.25%,,,,,,,,,,,,
,,,,,,,,,,,,,,,,,,2019,1/25/2019,482.30 CHF,,,,,,,,,,4.56%,482.30 CHF,22.00,605.43,446.00,507.50,23%,26%,3.63%,4.93%,4.56%,30.94%,35.50%,22,4.33%,-8.90%,,,,,,,,,,,,
,,,,,,,,,,,,,,,,,,2019,1/28/2019,485.30 CHF,,,,,,,,,,4.53%,485.30 CHF,22.00,605.43,446.00,507.50,25%,25%,3.63%,4.93%,4.53%,30.13%,34.66%,22,4.33%,-8.33%,,,,,,,,,,,,
,,,,,,,,,,,,,,,,,,2019,1/29/2019,488.60 CHF,,,,,,,,,,4.50%,488.60 CHF,22.00,605.43,446.00,507.50,27%,24%,3.63%,4.93%,4.50%,29.25%,33.75%,22,4.33%,-7.71%,,,,,,,,,,,,
,,,,,,,,,,,,,,,,,,2019,1/30/2019,487.40 CHF,,,,,,,,,,4.51%,487.40 CHF,22.00,605.43,446.00,507.50,26%,24%,3.63%,4.93%,4.51%,29.57%,34.08%,22,4.33%,-7.93%,,,,,,,,,,,,
,,,,,,,,,,,,,,,,,,2019,1/31/2019,476.00 CHF,,,,,,,,,,4.62%,476.00 CHF,22.00,605.43,446.00,507.50,19%,27%,3.63%,4.93%,4.62%,32.67%,37.29%,22,4.33%,-10.09%,,,,,,,,,,,,
,,,,,,,,,,,,,,,,,,2019,2/1/2019,469.80 CHF,,,,,,,,,,4.68%,469.80 CHF,22.00,605.43,446.00,507.50,15%,29%,3.63%,4.93%,4.68%,34.42%,39.10%,22,4.33%,-11.26%,,,,,,,,,,,,
,,,,,,,,,,,,,,,,,,2019,2/4/2019,458.50 CHF,,,,,,,,,,4.80%,458.50 CHF,22.00,605.43,446.00,507.50,8%,32%,3.63%,4.93%,4.80%,37.73%,42.53%,22,4.33%,-13.39%,,,,,,,,,,,,
,,,,,,,,,,,,,,,,,,2019,2/5/2019,464.50 CHF,,,,,,,,,,4.74%,464.50 CHF,22.00,605.43,446.00,507.50,12%,30%,3.63%,4.93%,4.74%,35.95%,40.69%,22,4.33%,-12.26%,,,,,,,,,,,,
,,,,,,,,,,,,,,,,,,2019,2/6/2019,463.50 CHF,,,,,,,,,,4.75%,463.50 CHF,22.00,605.43,446.00,507.50,11%,31%,3.63%,4.93%,4.75%,36.25%,40.99%,22,4.33%,-12.45%,,,,,,,,,,,,
,,,,,,,,,,,,,,,,,,2019,2/7/2019,444.90 CHF,,,,,,,,,,4.94%,444.90 CHF,22.00,605.43,446.00,507.50,-1%,36%,3.63%,4.93%,4.94%,41.94%,46.89%,22,4.33%,-15.96%,,,,,,,,,,,,
,,,,,,,,,,,,,,,,,,2019,2/8/2019,444.00 CHF,,,,,,,,,,4.95%,444.00 CHF,22.00,605.43,446.00,507.50,-1%,36%,3.63%,4.93%,4.95%,42.23%,47.18%,22,4.33%,-16.13%,,,,,,,,,,,,
,,,,,,,,,,,,,,,,,,2019,2/11/2019,447.70 CHF,,,,,,,,,,4.91%,447.70 CHF,22.00,605.43,446.00,507.50,1%,35%,3.63%,4.93%,4.91%,41.05%,45.97%,22,4.33%,-15.43%,,,,,,,,,,,,
,,,,,,,,,,,,,,,,,,2019,2/12/2019,446.80 CHF,,,,,,,,,,4.92%,446.80 CHF,22.00,605.43,446.00,507.50,1%,36%,3.63%,4.93%,4.92%,41.34%,46.26%,22,4.33%,-15.60%,,,,,,,,,,,,
,,,,,,,,,,,,,,,,,,2019,2/13/2019,449.80 CHF,,,,,,,,,,4.89%,449.80 CHF,22.00,605.43,446.00,507.50,2%,35%,3.63%,4.93%,4.89%,40.40%,45.29%,22,4.33%,-15.04%,,,,,,,,,,,,
,,,,,,,,,,,,,,,,,,2019,2/14/2019,447.40 CHF,,,,,,,,,,4.92%,447.40 CHF,22.00,605.43,446.00,507.50,1%,35%,3.63%,4.93%,4.92%,41.15%,46.07%,22,4.33%,-15.49%,,,,,,,,,,,,
,,,,,,,,,,,,,,,,,,2019,2/15/2019,447.50 CHF,,,,,,,,,,4.92%,447.50 CHF,22.00,605.43,446.00,507.50,1%,35%,3.63%,4.93%,4.92%,41.12%,46.03%,22,4.33%,-15.47%,,,,,,,,,,,,
,,,,,,,,,,,,,,,,,,2019,2/18/2019,451.30 CHF,,,,,,,,,,4.87%,451.30 CHF,22.00,605.43,446.00,507.50,3%,34%,3.63%,4.93%,4.87%,39.93%,44.80%,22,4.33%,-14.75%,,,,,,,,,,,,
,,,,,,,,,,,,,,,,,,2019,2/19/2019,452.20 CHF,,,,,,,,,,4.87%,452.20 CHF,22.00,605.43,446.00,507.50,4%,34%,3.63%,4.93%,4.87%,39.65%,44.52%,22,4.33%,-14.58%,,,,,,,,,,,,
,,,,,,,,,,,,,,,,,,2019,2/20/2019,454.40 CHF,,,,,,,,,,4.84%,454.40 CHF,22.00,605.43,446.00,507.50,5%,33%,3.63%,4.93%,4.84%,38.97%,43.82%,22,4.33%,-14.17%,,,,,,,,,,,,
,,,,,,,,,,,,,,,,,,2019,2/21/2019,457.70 CHF,,,,,,,,,,4.81%,457.70 CHF,22.00,605.43,446.00,507.50,7%,32%,3.63%,4.93%,4.81%,37.97%,42.78%,22,4.33%,-13.54%,,,,,,,,,,,,
,,,,,,,,,,,,,,,,,,2019,2/22/2019,459.50 CHF,,,,,,,,,,4.79%,459.50 CHF,22.00,605.43,446.00,507.50,8%,32%,3.63%,4.93%,4.79%,37.43%,42.22%,22,4.33%,-13.20%,,,,,,,,,,,,
,,,,,,,,,,,,,,,,,,2019,2/25/2019,457.50 CHF,,,,,,,,,,4.81%,457.50 CHF,22.00,605.43,446.00,507.50,7%,32%,3.63%,4.93%,4.81%,38.03%,42.84%,22,4.33%,-13.58%,,,,,,,,,,,,
,,,,,,,,,,,,,,,,,,2019,2/26/2019,462.90 CHF,,,,,,,,,,4.75%,462.90 CHF,22.00,605.43,446.00,507.50,11%,31%,3.63%,4.93%,4.75%,36.42%,41.18%,22,4.33%,-12.56%,,,,,,,,,,,,
,,,,,,,,,,,,,,,,,,2019,2/27/2019,463.50 CHF,,,,,,,,,,4.75%,463.50 CHF,22.00,605.43,446.00,507.50,11%,31%,3.63%,4.93%,4.75%,36.25%,40.99%,22,4.33%,-12.45%,,,,,,,,,,,,
,,,,,,,,,,,,,,,,,,2019,2/28/2019,462.10 CHF,,,,,,,,,,4.76%,462.10 CHF,22.00,605.43,446.00,507.50,10%,31%,3.63%,4.93%,4.76%,36.66%,41.42%,22,4.33%,-12.71%,,,,,,,,,,,,
,,,,,,,,,,,,,,,,,,2019,3/1/2019,460.60 CHF,,,,,,,,,,4.78%,460.60 CHF,22.00,605.43,446.00,507.50,9%,31%,3.63%,4.93%,4.78%,37.10%,41.88%,22,4.33%,-13.00%,,,,,,,,,,,,
,,,,,,,,,,,,,,,,,,2019,3/4/2019,462.10 CHF,,,,,,,,,,4.76%,462.10 CHF,22.00,605.43,446.00,507.50,10%,31%,3.63%,4.93%,4.76%,36.66%,41.42%,22,4.33%,-12.71%,,,,,,,,,,,,
,,,,,,,,,,,,,,,,,,2019,3/5/2019,463.30 CHF,,,,,,,,,,4.75%,463.30 CHF,22.00,605.43,446.00,507.50,11%,31%,3.63%,4.93%,4.75%,36.30%,41.05%,22,4.33%,-12.49%,,,,,,,,,,,,
,,,,,,,,,,,,,,,,,,2019,3/6/2019,463.10 CHF,,,,,,,,,,4.75%,463.10 CHF,22.00,605.43,446.00,507.50,11%,31%,3.63%,4.93%,4.75%,36.36%,41.11%,22,4.33%,-12.52%,,,,,,,,,,,,
,,,,,,,,,,,,,,,,,,2019,3/7/2019,468.70 CHF,,,,,,,,,,4.69%,468.70 CHF,22.00,605.43,446.00,507.50,14%,29%,3.63%,4.93%,4.69%,34.73%,39.43%,22,4.33%,-11.47%,,,,,,,,,,,,
,,,,,,,,,,,,,,,,,,2019,3/8/2019,472.30 CHF,,,,,,,,,,4.66%,472.30 CHF,22.00,605.43,446.00,507.50,16%,28%,3.63%,4.93%,4.66%,33.71%,38.37%,22,4.33%,-10.79%,,,,,,,,,,,,
,,,,,,,,,,,,,,,,,,2019,3/11/2019,473.40 CHF,,,,,,,,,,4.65%,473.40 CHF,22.00,605.43,446.00,507.50,17%,28%,3.63%,4.93%,4.65%,33.40%,38.04%,22,4.33%,-10.58%,,,,,,,,,,,,
,,,,,,,,,,,,,,,,,,2019,3/12/2019,477.10 CHF,,,,,,,,,,4.61%,477.10 CHF,22.00,605.43,446.00,507.50,20%,27%,3.63%,4.93%,4.61%,32.36%,36.97%,22,4.33%,-9.88%,,,,,,,,,,,,
,,,,,,,,,,,,,,,,,,2019,3/13/2019,480.30 CHF,,,,,,,,,,4.58%,480.30 CHF,22.00,605.43,446.00,507.50,22%,26%,3.63%,4.93%,4.58%,31.48%,36.06%,22,4.33%,-9.27%,,,,,,,,,,,,
,,,,,,,,,,,,,,,,,,2019,3/14/2019,483.00 CHF,,,,,,,,,,4.55%,483.00 CHF,22.00,605.43,446.00,507.50,23%,25%,3.63%,4.93%,4.55%,30.75%,35.30%,22,4.33%,-8.76%,,,,,,,,,,,,
,,,,,,,,,,,,,,,,,,2019,3/15/2019,482.70 CHF,,,,,,,,,,4.56%,482.70 CHF,22.00,605.43,446.00,507.50,23%,25%,3.63%,4.93%,4.56%,30.83%,35.38%,22,4.33%,-8.82%,,,,,,,,,,,,
,,,,,,,,,,,,,,,,,,2019,3/18/2019,484.60 CHF,,,,,,,,,,4.54%,484.60 CHF,22.00,605.43,446.00,507.50,24%,25%,3.63%,4.93%,4.54%,30.31%,34.85%,22,4.33%,-8.46%,,,,,,,,,,,,
,,,,,,,,,,,,,,,,,,2019,3/19/2019,486.00 CHF,,,,,,,,,,4.53%,486.00 CHF,22.00,605.43,446.00,507.50,25%,25%,3.63%,4.93%,4.53%,29.94%,34.47%,22,4.33%,-8.20%,,,,,,,,,,,,
,,,,,,,,,,,,,,,,,,2019,3/20/2019,481.10 CHF,,,,,,,,,,4.57%,481.10 CHF,22.00,605.43,446.00,507.50,22%,26%,3.63%,4.93%,4.57%,31.26%,35.83%,22,4.33%,-9.12%,,,,,,,,,,,,
,,,,,,,,,,,,,,,,,,2019,3/21/2019,484.10 CHF,,,,,,,,,,4.54%,484.10 CHF,22.00,605.43,446.00,507.50,24%,25%,3.63%,4.93%,4.54%,30.45%,34.99%,22,4.33%,-8.56%,,,,,,,,,,,,
,,,,,,,,,,,,,,,,,,2019,3/22/2019,483.20 CHF,,,,,,,,,,4.55%,483.20 CHF,22.00,605.43,446.00,507.50,23%,25%,3.63%,4.93%,4.55%,30.69%,35.24%,22,4.33%,-8.73%,,,,,,,,,,,,
,,,,,,,,,,,,,,,,,,2019,3/25/2019,481.20 CHF,,,,,,,,,,4.57%,481.20 CHF,22.00,605.43,446.00,507.50,22%,26%,3.63%,4.93%,4.57%,31.23%,35.81%,22,4.33%,-9.10%,,,,,,,,,,,,
,,,,,,,,,,,,,,,,,,2019,3/26/2019,484.70 CHF,,,,,,,,,,4.54%,484.70 CHF,22.00,605.43,446.00,507.50,24%,25%,3.63%,4.93%,4.54%,30.29%,34.83%,22,4.33%,-8.44%,,,,,,,,,,,,
,,,,,,,,,,,,,,,,,,2019,3/27/2019,483.60 CHF,,,,,,,,,,4.55%,483.60 CHF,22.00,605.43,446.00,507.50,24%,25%,3.63%,4.93%,4.55%,30.58%,35.13%,22,4.33%,-8.65%,,,,,,,,,,,,
,,,,,,,,,,,,,,,,,,2019,3/28/2019,484.90 CHF,,,,,,,,,,4.54%,484.90 CHF,22.00,605.43,446.00,507.50,24%,25%,3.63%,4.93%,4.54%,30.23%,34.77%,22,4.33%,-8.41%,,,,,,,,,,,,
,,,,,,,,,,,,,,,,,,2019,3/29/2019,487.00 CHF,,,,,,,,,,4.52%,487.00 CHF,22.00,605.43,446.00,507.50,26%,24%,3.63%,4.93%,4.52%,29.67%,34.19%,22,4.33%,-8.01%,,,,,,,,,,,,
,,,,,,,,,,,,,,,,,,2019,4/1/2019,489.50 CHF,,,,,,,,,,4.49%,489.50 CHF,22.00,605.43,446.00,507.50,27%,24%,3.63%,4.93%,4.49%,29.01%,33.50%,22,4.33%,-7.54%,,,,,,,,,,,,
,,,,,,,,,,,,,,,,,,2019,4/2/2019,493.80 CHF,,,,,,,,,,4.46%,493.80 CHF,22.00,605.43,446.00,507.50,30%,23%,3.63%,4.93%,4.46%,27.89%,32.34%,22,4.33%,-6.72%,,,,,,,,,,,,
,,,,,,,,,,,,,,,,,,2019,4/3/2019,490.50 CHF,,,,,,,,,,4.49%,490.50 CHF,22.00,605.43,446.00,507.50,28%,23%,3.63%,4.93%,4.49%,28.75%,33.23%,22,4.33%,-7.35%,,,,,,,,,,,,
,,,,,,,,,,,,,,,,,,2019,4/4/2019,464.60 CHF,,,,,,,,,,4.74%,464.60 CHF,22.00,605.43,446.00,507.50,12%,30%,3.63%,4.93%,4.74%,35.92%,40.66%,22,4.33%,-12.24%,,,,,,,,,,,,
,,,,,,,,,,,,,,,,,,2019,4/5/2019,460.50 CHF,,,,,,,,,,4.78%,460.50 CHF,22.00,605.43,446.00,507.50,9%,31%,3.63%,4.93%,4.78%,37.13%,41.91%,22,4.33%,-13.01%,,,,,,,,,,,,
,,,,,,,,,,,,,,,,,,2019,4/8/2019,459.10 CHF,,,,,,,,,,4.79%,459.10 CHF,22.00,605.43,446.00,507.50,8%,32%,3.63%,4.93%,4.79%,37.55%,42.34%,22,4.33%,-13.28%,,,,,,,,,,,,
,,,,,,,,,,,,,,,,,,2019,4/9/2019,461.30 CHF,,,,,,,,,,4.77%,461.30 CHF,22.00,605.43,446.00,507.50,10%,31%,3.63%,4.93%,4.77%,36.90%,41.66%,22,4.33%,-12.86%,,,,,,,,,,,,
,,,,,,,,,,,,,,,,,,2019,4/10/2019,467.70 CHF,,,,,,,,,,4.70%,467.70 CHF,22.00,605.43,446.00,507.50,14%,29%,3.63%,4.93%,4.70%,35.02%,39.73%,22,4.33%,-11.65%,,,,,,,,,,,,
,,,,,,,,,,,,,,,,,,2019,4/11/2019,467.80 CHF,,,,,,,,,,4.70%,467.80 CHF,22.00,605.43,446.00,507.50,14%,29%,3.63%,4.93%,4.70%,34.99%,39.70%,22,4.33%,-11.64%,,,,,,,,,,,,
,,,,,,,,,,,,,,,,,,2019,4/12/2019,463.50 CHF,,,,,,,,,,4.75%,463.50 CHF,22.00,605.43,446.00,507.50,11%,31%,3.63%,4.93%,4.75%,36.25%,40.99%,22,4.33%,-12.45%,,,,,,,,,,,,
,,,,,,,,,,,,,,,,,,2019,4/15/2019,469.20 CHF,,,,,,,,,,4.69%,469.20 CHF,22.00,605.43,446.00,507.50,15%,29%,3.63%,4.93%,4.69%,34.59%,39.28%,22,4.33%,-11.37%,,,,,,,,,,,,
,,,,,,,,,,,,,,,,,,2019,4/16/2019,470.00 CHF,,,,,,,,,,4.68%,470.00 CHF,22.00,605.43,446.00,507.50,15%,29%,3.63%,4.93%,4.68%,34.36%,39.04%,22,4.33%,-11.22%,,,,,,,,,,,,
,,,,,,,,,,,,,,,,,,2019,4/17/2019,468.50 CHF,,,,,,,,,,4.70%,468.50 CHF,22.00,605.43,446.00,507.50,14%,29%,3.63%,4.93%,4.70%,34.79%,39.49%,22,4.33%,-11.50%,,,,,,,,,,,,
,,,,,,,,,,,,,,,,,,2019,4/18/2019,471.20 CHF,,,,,,,,,,4.67%,471.20 CHF,22.00,605.43,446.00,507.50,16%,28%,3.63%,4.93%,4.67%,34.02%,38.69%,22,4.33%,-10.99%,,,,,,,,,,,,
,,,,,,,,,,,,,,,,,,2019,4/23/2019,475.40 CHF,,,,,,,,,,4.63%,475.40 CHF,22.00,605.43,446.00,507.50,18%,27%,3.63%,4.93%,4.63%,32.84%,37.46%,22,4.33%,-10.20%,,,,,,,,,,,,
,,,,,,,,,,,,,,,,,,2019,4/24/2019,471.30 CHF,,,,,,,,,,4.67%,471.30 CHF,22.00,605.43,446.00,507.50,16%,28%,3.63%,4.93%,4.67%,33.99%,38.66%,22,4.33%,-10.97%,,,,,,,,,,,,
,,,,,,,,,,,,,,,,,,2019,4/25/2019,472.50 CHF,,,,,,,,,,4.66%,472.50 CHF,22.00,605.43,446.00,507.50,17%,28%,3.63%,4.93%,4.66%,33.65%,38.31%,22,4.33%,-10.75%,,,,,,,,,,,,
,,,,,,,,,,,,,,,,,,2019,4/26/2019,478.00 CHF,,,,,,,,,,4.60%,478.00 CHF,22.00,605.43,446.00,507.50,20%,27%,3.63%,4.93%,4.60%,32.11%,36.72%,22,4.33%,-9.71%,,,,,,,,,,,,
,,,,,,,,,,,,,,,,,,2019,4/29/2019,479.50 CHF,,,,,,,,,,4.59%,479.50 CHF,22.00,605.43,446.00,507.50,21%,26%,3.63%,4.93%,4.59%,31.70%,36.29%,22,4.33%,-9.43%,,,,,,,,,,,,
,,,,,,,,,,,,,,,,,,2019,4/30/2019,474.70 CHF,,,,,,,,,,4.63%,474.70 CHF,22.00,605.43,446.00,507.50,18%,28%,3.63%,4.93%,4.63%,33.03%,37.67%,22,4.33%,-10.33%,,,,,,,,,,,,
,,,,,,,,,,,,,,,,,,2019,5/2/2019,471.70 CHF,,,,,,,,,,4.66%,471.70 CHF,22.00,605.43,446.00,507.50,16%,28%,3.63%,4.93%,4.66%,33.88%,38.54%,22,4.33%,-10.90%,,,,,,,,,,,,
,,,,,,,,,,,,,,,,,,2019,5/3/2019,470.60 CHF,,,,,,,,,,4.67%,470.60 CHF,22.00,605.43,446.00,507.50,15%,29%,3.63%,4.93%,4.67%,34.19%,38.87%,22,4.33%,-11.11%,,,,,,,,,,,,
,,,,,,,,,,,,,,,,,,2019,5/6/2019,469.30 CHF,,,,,,,,,,4.69%,469.30 CHF,22.00,605.43,446.00,507.50,15%,29%,3.63%,4.93%,4.69%,34.56%,39.25%,22,4.33%,-11.35%,,,,,,,,,,,,
,,,,,,,,,,,,,,,,,,2019,5/7/2019,473.60 CHF,,,,,,,,,,4.65%,473.60 CHF,22.00,605.43,446.00,507.50,17%,28%,3.63%,4.93%,4.65%,33.34%,37.99%,22,4.33%,-10.54%,,,,,,,,,,,,
,,,,,,,,,,,,,,,,,,2019,5/8/2019,474.80 CHF,,,,,,,,,,4.63%,474.80 CHF,22.00,605.43,446.00,507.50,18%,28%,3.63%,4.93%,4.63%,33.00%,37.64%,22,4.33%,-10.31%,,,,,,,,,,,,
,,,,,,,,,,,,,,,,,,2019,5/9/2019,470.40 CHF,,,,,,,,,,4.68%,470.40 CHF,22.00,605.43,446.00,507.50,15%,29%,3.63%,4.93%,4.68%,34.25%,38.92%,22,4.33%,-11.14%,,,,,,,,,,,,
,,,,,,,,,,,,,,,,,,2019,5/10/2019,470.50 CHF,,,,,,,,,,4.68%,470.50 CHF,22.00,605.43,446.00,507.50,15%,29%,3.63%,4.93%,4.68%,34.22%,38.89%,22,4.33%,-11.13%,,,,,,,,,,,,
,,,,,,,,,,,,,,,,,,2019,5/13/2019,465.70 CHF,,,,,,,,,,4.72%,465.70 CHF,22.00,605.43,446.00,507.50,12%,30%,3.63%,4.93%,4.72%,35.60%,40.33%,22,4.33%,-12.03%,,,,,,,,,,,,
,,,,,,,,,,,,,,,,,,2019,5/14/2019,468.50 CHF,,,,,,,,,,4.70%,468.50 CHF,22.00,605.43,446.00,507.50,14%,29%,3.63%,4.93%,4.70%,34.79%,39.49%,22,4.33%,-11.50%,,,,,,,,,,,,
,,,,,,,,,,,,,,,,,,2019,5/15/2019,472.90 CHF,,,,,,,,,,4.65%,472.90 CHF,22.00,605.43,446.00,507.50,17%,28%,3.63%,4.93%,4.65%,33.54%,38.19%,22,4.33%,-10.67%,,,,,,,,,,,,
,,,,,,,,,,,,,,,,,,2019,5/16/2019,481.50 CHF,,,,,,,,,,4.57%,481.50 CHF,22.00,605.43,446.00,507.50,22%,26%,3.63%,4.93%,4.57%,31.15%,35.72%,22,4.33%,-9.05%,,,,,,,,,,,,
,,,,,,,,,,,,,,,,,,2019,5/17/2019,483.80 CHF,,,,,,,,,,4.55%,483.80 CHF,22.00,605.43,446.00,507.50,24%,25%,3.63%,4.93%,4.55%,30.53%,35.08%,22,4.33%,-8.61%,,,,,,,,,,,,
,,,,,,,,,,,,,,,,,,2019,5/20/2019,488.00 CHF,,,,,,,,,,4.51%,488.00 CHF,22.00,605.43,446.00,507.50,26%,24%,3.63%,4.93%,4.51%,29.41%,33.91%,22,4.33%,-7.82%,,,,,,,,,,,,
,,,,,,,,,,,,,,,,,,2019,5/21/2019,488.40 CHF,,,,,,,,,,4.50%,488.40 CHF,22.00,605.43,446.00,507.50,27%,24%,3.63%,4.93%,4.50%,29.30%,33.80%,22,4.33%,-7.74%,,,,,,,,,,,,
,,,,,,,,,,,,,,,,,,2019,5/22/2019,488.10 CHF,,,,,,,,,,4.51%,488.10 CHF,22.00,605.43,446.00,507.50,26%,24%,3.63%,4.93%,4.51%,29.38%,33.89%,22,4.33%,-7.80%,,,,,,,,,,,,
,,,,,,,,,,,,,,,,,,2019,5/23/2019,486.10 CHF,,,,,,,,,,4.53%,486.10 CHF,22.00,605.43,446.00,507.50,25%,25%,3.63%,4.93%,4.53%,29.91%,34.44%,22,4.33%,-8.18%,,,,,,,,,,,,
,,,,,,,,,,,,,,,,,,2019,5/24/2019,485.50 CHF,,,,,,,,,,4.53%,485.50 CHF,22.00,605.43,446.00,507.50,25%,25%,3.63%,4.93%,4.53%,30.07%,34.60%,22,4.33%,-8.29%,,,,,,,,,,,,
,,,,,,,,,,,,,,,,,,2019,5/27/2019,488.20 CHF,,,,,,,,,,4.51%,488.20 CHF,22.00,605.43,446.00,507.50,26%,24%,3.63%,4.93%,4.51%,29.35%,33.86%,22,4.33%,-7.78%,,,,,,,,,,,,
,,,,,,,,,,,,,,,,,,2019,5/28/2019,488.20 CHF,,,,,,,,,,4.51%,488.20 CHF,22.00,605.43,446.00,507.50,26%,24%,3.63%,4.93%,4.51%,29.35%,33.86%,22,4.33%,-7.78%,,,,,,,,,,,,
,,,,,,,,,,,,,,,,,,2019,5/29/2019,480.10 CHF,,,,,,,,,,4.58%,480.10 CHF,22.00,605.43,446.00,507.50,21%,26%,3.63%,4.93%,4.58%,31.54%,36.12%,22,4.33%,-9.31%,,,,,,,,,,,,
,,,,,,,,,,,,,,,,,,2019,5/31/2019,479.60 CHF,,,,,,,,,,4.59%,479.60 CHF,22.00,605.43,446.00,507.50,21%,26%,3.63%,4.93%,4.59%,31.67%,36.26%,22,4.33%,-9.41%,,,,,,,,,,,,
,,,,,,,,,,,,,,,,,,2019,6/3/2019,483.70 CHF,,,,,,,,,,4.55%,483.70 CHF,22.00,605.43,446.00,507.50,24%,25%,3.63%,4.93%,4.55%,30.56%,35.10%,22,4.33%,-8.63%,,,,,,,,,,,,
,,,,,,,,,,,,,,,,,,2019,6/4/2019,484.30 CHF,,,,,,,,,,4.54%,484.30 CHF,22.00,605.43,446.00,507.50,24%,25%,3.63%,4.93%,4.54%,30.39%,34.94%,22,4.33%,-8.52%,,,,,,,,,,,,
,,,,,,,,,,,,,,,,,,2019,6/5/2019,488.30 CHF,,,,,,,,,,4.51%,488.30 CHF,22.00,605.43,446.00,507.50,27%,24%,3.63%,4.93%,4.51%,29.33%,33.83%,22,4.33%,-7.76%,,,,,,,,,,,,
,,,,,,,,,,,,,,,,,,2019,6/6/2019,491.10 CHF,,,,,,,,,,4.48%,491.10 CHF,22.00,605.43,446.00,507.50,28%,23%,3.63%,4.93%,4.48%,28.59%,33.07%,22,4.33%,-7.23%,,,,,,,,,,,,
,,,,,,,,,,,,,,,,,,2019,6/7/2019,493.40 CHF,,,,,,,,,,4.46%,493.40 CHF,22.00,605.43,446.00,507.50,30%,23%,3.63%,4.93%,4.46%,27.99%,32.45%,22,4.33%,-6.80%,,,,,,,,,,,,
,,,,,,,,,,,,,,,,,,2019,6/11/2019,494.10 CHF,,,,,,,,,,4.45%,494.10 CHF,22.00,605.43,446.00,507.50,30%,23%,3.63%,4.93%,4.45%,27.81%,32.26%,22,4.33%,-6.67%,,,,,,,,,,,,
,,,,,,,,,,,,,,,,,,2019,6/12/2019,496.50 CHF,,,,,,,,,,4.43%,496.50 CHF,22.00,605.43,446.00,507.50,32%,22%,3.63%,4.93%,4.43%,27.19%,31.62%,22,4.33%,-6.21%,,,,,,,,,,,,
,,,,,,,,,,,,,,,,,,2019,6/13/2019,497.20 CHF,,,,,,,,,,4.42%,497.20 CHF,22.00,605.43,446.00,507.50,32%,22%,3.63%,4.93%,4.42%,27.01%,31.44%,22,4.33%,-6.08%,,,,,,,,,,,,
,,,,,,,,,,,,,,,,,,2019,6/14/2019,496.00 CHF,,,,,,,,,,4.44%,496.00 CHF,22.00,605.43,446.00,507.50,31%,22%,3.63%,4.93%,4.44%,27.32%,31.75%,22,4.33%,-6.31%,,,,,,,,,,,,
,,,,,,,,,,,,,,,,,,2019,6/17/2019,494.60 CHF,,,,,,,,,,4.45%,494.60 CHF,22.00,605.43,446.00,507.50,30%,22%,3.63%,4.93%,4.45%,27.68%,32.13%,22,4.33%,-6.57%,,,,,,,,,,,,
,,,,,,,,,,,,,,,,,,2019,6/18/2019,496.50 CHF,,,,,,,,,,4.43%,496.50 CHF,22.00,605.43,446.00,507.50,32%,22%,3.63%,4.93%,4.43%,27.19%,31.62%,22,4.33%,-6.21%,,,,,,,,,,,,
,,,,,,,,,,,,,,,,,,2019,6/19/2019,495.00 CHF,,,,,,,,,,4.44%,495.00 CHF,22.00,605.43,446.00,507.50,31%,22%,3.63%,4.93%,4.44%,27.58%,32.02%,22,4.33%,-6.50%,,,,,,,,,,,,
,,,,,,,,,,,,,,,,,,2019,6/20/2019,494.70 CHF,,,,,,,,,,4.45%,494.70 CHF,22.00,605.43,446.00,507.50,31%,22%,3.63%,4.93%,4.45%,27.65%,32.10%,22,4.33%,-6.55%,,,,,,,,,,,,
,,,,,,,,,,,,,,,,,,2019,6/21/2019,493.10 CHF,,,,,,,,,,4.46%,493.10 CHF,22.00,605.43,446.00,507.50,30%,23%,3.63%,4.93%,4.46%,28.07%,32.53%,22,4.33%,-6.86%,,,,,,,,,,,,
,,,,,,,,,,,,,,,,,,2019,6/24/2019,491.00 CHF,,,,,,,,,,4.48%,491.00 CHF,22.00,605.43,446.00,507.50,28%,23%,3.63%,4.93%,4.48%,28.62%,33.10%,22,4.33%,-7.25%,,,,,,,,,,,,
,,,,,,,,,,,,,,,,,,2019,6/25/2019,490.10 CHF,,,,,,,,,,4.49%,490.10 CHF,22.00,605.43,446.00,507.50,28%,24%,3.63%,4.93%,4.49%,28.85%,33.34%,22,4.33%,-7.42%,,,,,,,,,,,,
,,,,,,,,,,,,,,,,,,2019,6/26/2019,488.10 CHF,,,,,,,,,,4.51%,488.10 CHF,22.00,605.43,446.00,507.50,26%,24%,3.63%,4.93%,4.51%,29.38%,33.89%,22,4.33%,-7.80%,,,,,,,,,,,,
,,,,,,,,,,,,,,,,,,2019,6/27/2019,488.30 CHF,,,,,,,,,,4.51%,488.30 CHF,22.00,605.43,446.00,507.50,27%,24%,3.63%,4.93%,4.51%,29.33%,33.83%,22,4.33%,-7.76%,,,,,,,,,,,,
,,,,,,,,,,,,,,,,,,2019,6/28/2019,490.10 CHF,,,,,,,,,,4.49%,490.10 CHF,22.00,605.43,446.00,507.50,28%,24%,3.63%,4.93%,4.49%,28.85%,33.34%,22,4.33%,-7.42%,,,,,,,,,,,,
,,,,,,,,,,,,,,,,,,2019,7/1/2019,488.50 CHF,,,,,,,,,,4.50%,488.50 CHF,22.00,605.43,446.00,507.50,27%,24%,3.63%,4.93%,4.50%,29.27%,33.78%,22,4.33%,-7.73%,,,,,,,,,,,,
,,,,,,,,,,,,,,,,,,2019,7/2/2019,490.30 CHF,,,,,,,,,,4.49%,490.30 CHF,22.00,605.43,446.00,507.50,28%,23%,3.63%,4.93%,4.49%,28.80%,33.29%,22,4.33%,-7.39%,,,,,,,,,,,,
,,,,,,,,,,,,,,,,,,2019,7/3/2019,494.10 CHF,,,,,,,,,,4.45%,494.10 CHF,22.00,605.43,446.00,507.50,30%,23%,3.63%,4.93%,4.45%,27.81%,32.26%,22,4.33%,-6.67%,,,,,,,,,,,,
,,,,,,,,,,,,,,,,,,2019,7/4/2019,493.90 CHF,,,,,,,,,,4.45%,493.90 CHF,22.00,605.43,446.00,507.50,30%,23%,3.63%,4.93%,4.45%,27.86%,32.31%,22,4.33%,-6.71%,,,,,,,,,,,,
,,,,,,,,,,,,,,,,,,2019,7/5/2019,489.80 CHF,,,,,,,,,,4.49%,489.80 CHF,22.00,605.43,446.00,507.50,27%,24%,3.63%,4.93%,4.49%,28.93%,33.42%,22,4.33%,-7.48%,,,,,,,,,,,,
,,,,,,,,,,,,,,,,,,2019,7/8/2019,487.80 CHF,,,,,,,,,,4.51%,487.80 CHF,22.00,605.43,446.00,507.50,26%,24%,3.63%,4.93%,4.51%,29.46%,33.97%,22,4.33%,-7.86%,,,,,,,,,,,,
,,,,,,,,,,,,,,,,,,2019,7/9/2019,487.20 CHF,,,,,,,,,,4.52%,487.20 CHF,22.00,605.43,446.00,507.50,26%,24%,3.63%,4.93%,4.52%,29.62%,34.13%,22,4.33%,-7.97%,,,,,,,,,,,,
,,,,,,,,,,,,,,,,,,2019,7/10/2019,483.80 CHF,,,,,,,,,,4.55%,483.80 CHF,22.00,605.43,446.00,507.50,24%,25%,3.63%,4.93%,4.55%,30.53%,35.08%,22,4.33%,-8.61%,,,,,,,,,,,,
,,,,,,,,,,,,,,,,,,2019,7/11/2019,482.70 CHF,,,,,,,,,,4.56%,482.70 CHF,22.00,605.43,446.00,507.50,23%,25%,3.63%,4.93%,4.56%,30.83%,35.38%,22,4.33%,-8.82%,,,,,,,,,,,,
,,,,,,,,,,,,,,,,,,2019,7/12/2019,482.70 CHF,,,,,,,,,,4.56%,482.70 CHF,22.00,605.43,446.00,507.50,23%,25%,3.63%,4.93%,4.56%,30.83%,35.38%,22,4.33%,-8.82%,,,,,,,,,,,,
,,,,,,,,,,,,,,,,,,2019,7/15/2019,483.20 CHF,,,,,,,,,,4.55%,483.20 CHF,22.00,605.43,446.00,507.50,23%,25%,3.63%,4.93%,4.55%,30.69%,35.24%,22,4.33%,-8.73%,,,,,,,,,,,,
,,,,,,,,,,,,,,,,,,2019,7/16/2019,479.20 CHF,,,,,,,,,,4.59%,479.20 CHF,22.00,605.43,446.00,507.50,21%,26%,3.63%,4.93%,4.59%,31.78%,36.37%,22,4.33%,-9.48%,,,,,,,,,,,,
,,,,,,,,,,,,,,,,,,2019,7/17/2019,482.40 CHF,,,,,,,,,,4.56%,482.40 CHF,22.00,605.43,446.00,507.50,23%,26%,3.63%,4.93%,4.56%,30.91%,35.47%,22,4.33%,-8.88%,,,,,,,,,,,,
,,,,,,,,,,,,,,,,,,2019,7/18/2019,484.10 CHF,,,,,,,,,,4.54%,484.10 CHF,22.00,605.43,446.00,507.50,24%,25%,3.63%,4.93%,4.54%,30.45%,34.99%,22,4.33%,-8.56%,,,,,,,,,,,,
,,,,,,,,,,,,,,,,,,2019,7/19/2019,482.30 CHF,,,,,,,,,,4.56%,482.30 CHF,22.00,605.43,446.00,507.50,23%,26%,3.63%,4.93%,4.56%,30.94%,35.50%,22,4.33%,-8.90%,,,,,,,,,,,,
,,,,,,,,,,,,,,,,,,2019,7/22/2019,482.00 CHF,,,,,,,,,,4.56%,482.00 CHF,22.00,605.43,446.00,507.50,23%,26%,3.63%,4.93%,4.56%,31.02%,35.58%,22,4.33%,-8.95%,,,,,,,,,,,,
,,,,,,,,,,,,,,,,,,2019,7/23/2019,481.20 CHF,,,,,,,,,,4.57%,481.20 CHF,22.00,605.43,446.00,507.50,22%,26%,3.63%,4.93%,4.57%,31.23%,35.81%,22,4.33%,-9.10%,,,,,,,,,,,,
,,,,,,,,,,,,,,,,,,2019,7/24/2019,478.60 CHF,,,,,,,,,,4.60%,478.60 CHF,22.00,605.43,446.00,507.50,20%,27%,3.63%,4.93%,4.60%,31.95%,36.54%,22,4.33%,-9.60%,,,,,,,,,,,,
,,,,,,,,,,,,,,,,,,2019,7/25/2019,480.70 CHF,,,,,,,,,,4.58%,480.70 CHF,22.00,605.43,446.00,507.50,22%,26%,3.63%,4.93%,4.58%,31.37%,35.95%,22,4.33%,-9.20%,,,,,,,,,,,,
,,,,,,,,,,,,,,,,,,2019,7/26/2019,485.00 CHF,,,,,,,,,,4.54%,485.00 CHF,22.00,605.43,446.00,507.50,24%,25%,3.63%,4.93%,4.54%,30.21%,34.74%,22,4.33%,-8.39%,,,,,,,,,,,,
,,,,,,,,,,,,,,,,,,2019,7/29/2019,488.80 CHF,,,,,,,,,,4.50%,488.80 CHF,22.00,605.43,446.00,507.50,27%,24%,3.63%,4.93%,4.50%,29.19%,33.69%,22,4.33%,-7.67%,,,,,,,,,,,,
,,,,,,,,,,,,,,,,,,2019,7/30/2019,480.60 CHF,,,,,,,,,,4.58%,480.60 CHF,22.00,605.43,446.00,507.50,22%,26%,3.63%,4.93%,4.58%,31.40%,35.98%,22,4.33%,-9.22%,,,,,,,,,,,,
,,,,,,,,,,,,,,,,,,2019,7/31/2019,482.50 CHF,,,,,,,,,,4.56%,482.50 CHF,22.00,605.43,446.00,507.50,23%,25%,3.63%,4.93%,4.56%,30.88%,35.44%,22,4.33%,-8.86%,,,,,,,,,,,,
,,,,,,,,,,,,,,,,,,2019,8/2/2019,478.90 CHF,,,,,,,,,,4.59%,478.90 CHF,22.00,605.43,446.00,507.50,21%,26%,3.63%,4.93%,4.59%,31.86%,36.46%,22,4.33%,-9.54%,,,,,,,,,,,,
,,,,,,,,,,,,,,,,,,2019,8/5/2019,476.70 CHF,,,,,,,,,,4.62%,476.70 CHF,22.00,605.43,446.00,507.50,19%,27%,3.63%,4.93%,4.62%,32.47%,37.09%,22,4.33%,-9.95%,,,,,,,,,,,,
,,,,,,,,,,,,,,,,,,2019,8/6/2019,475.80 CHF,,,,,,,,,,4.62%,475.80 CHF,22.00,605.43,446.00,507.50,19%,27%,3.63%,4.93%,4.62%,32.72%,37.35%,22,4.33%,-10.12%,,,,,,,,,,,,
,,,,,,,,,,,,,,,,,,2019,8/7/2019,479.10 CHF,,,,,,,,,,4.59%,479.10 CHF,22.00,605.43,446.00,507.50,21%,26%,3.63%,4.93%,4.59%,31.81%,36.40%,22,4.33%,-9.50%,,,,,,,,,,,,
,,,,,,,,,,,,,,,,,,2019,8/8/2019,484.80 CHF,,,,,,,,,,4.54%,484.80 CHF,22.00,605.43,446.00,507.50,24%,25%,3.63%,4.93%,4.54%,30.26%,34.80%,22,4.33%,-8.42%,,,,,,,,,,,,
,,,,,,,,,,,,,,,,,,2019,8/9/2019,480.10 CHF,,,,,,,,,,4.58%,480.10 CHF,22.00,605.43,446.00,507.50,21%,26%,3.63%,4.93%,4.58%,31.54%,36.12%,22,4.33%,-9.31%,,,,,,,,,,,,
,,,,,,,,,,,,,,,,,,2019,8/12/2019,482.10 CHF,,,,,,,,,,4.56%,482.10 CHF,22.00,605.43,446.00,507.50,23%,26%,3.63%,4.93%,4.56%,30.99%,35.55%,22,4.33%,-8.93%,,,,,,,,,,,,
,,,,,,,,,,,,,,,,,,2019,8/13/2019,486.70 CHF,,,,,,,,,,4.52%,486.70 CHF,22.00,605.43,446.00,507.50,26%,24%,3.63%,4.93%,4.52%,29.75%,34.27%,22,4.33%,-8.07%,,,,,,,,,,,,
,,,,,,,,,,,,,,,,,,2019,8/14/2019,479.90 CHF,,,,,,,,,,4.58%,479.90 CHF,22.00,605.43,446.00,507.50,21%,26%,3.63%,4.93%,4.58%,31.59%,36.17%,22,4.33%,-9.35%,,,,,,,,,,,,
,,,,,,,,,,,,,,,,,,2019,8/15/2019,473.10 CHF,,,,,,,,,,4.65%,473.10 CHF,22.00,605.43,446.00,507.50,17%,28%,3.63%,4.93%,4.65%,33.48%,38.13%,22,4.33%,-10.63%,,,,,,,,,,,,
,,,,,,,,,,,,,,,,,,2019,8/16/2019,487.20 CHF,,,,,,,,,,4.52%,487.20 CHF,22.00,605.43,446.00,507.50,26%,24%,3.63%,4.93%,4.52%,29.62%,34.13%,22,4.33%,-7.97%,,,,,,,,,,,,
,,,,,,,,,,,,,,,,,,2019,8/19/2019,488.20 CHF,,,,,,,,,,4.51%,488.20 CHF,22.00,605.43,446.00,507.50,26%,24%,3.63%,4.93%,4.51%,29.35%,33.86%,22,4.33%,-7.78%,,,,,,,,,,,,
,,,,,,,,,,,,,,,,,,2019,8/20/2019,486.70 CHF,,,,,,,,,,4.52%,486.70 CHF,22.00,605.43,446.00,507.50,26%,24%,3.63%,4.93%,4.52%,29.75%,34.27%,22,4.33%,-8.07%,,,,,,,,,,,,
,,,,,,,,,,,,,,,,,,2019,8/21/2019,488.70 CHF,,,,,,,,,,4.50%,488.70 CHF,22.00,605.43,446.00,507.50,27%,24%,3.63%,4.93%,4.50%,29.22%,33.72%,22,4.33%,-7.69%,,,,,,,,,,,,
,,,,,,,,,,,,,,,,,,2019,8/22/2019,482.60 CHF,,,,,,,,,,4.56%,482.60 CHF,22.00,605.43,446.00,507.50,23%,25%,3.63%,4.93%,4.56%,30.85%,35.41%,22,4.33%,-8.84%,,,,,,,,,,,,
,,,,,,,,,,,,,,,,,,2019,8/23/2019,478.80 CHF,,,,,,,,,,4.59%,478.80 CHF,22.00,605.43,446.00,507.50,21%,26%,3.63%,4.93%,4.59%,31.89%,36.49%,22,4.33%,-9.56%,,,,,,,,,,,,
,,,,,,,,,,,,,,,,,,2019,8/26/2019,480.10 CHF,,,,,,,,,,4.58%,480.10 CHF,22.00,605.43,446.00,507.50,21%,26%,3.63%,4.93%,4.58%,31.54%,36.12%,22,4.33%,-9.31%,,,,,,,,,,,,
,,,,,,,,,,,,,,,,,,2019,8/27/2019,484.70 CHF,,,,,,,,,,4.54%,484.70 CHF,22.00,605.43,446.00,507.50,24%,25%,3.63%,4.93%,4.54%,30.29%,34.83%,22,4.33%,-8.44%,,,,,,,,,,,,
,,,,,,,,,,,,,,,,,,2019,8/28/2019,487.00 CHF,,,,,,,,,,4.52%,487.00 CHF,22.00,605.43,446.00,507.50,26%,24%,3.63%,4.93%,4.52%,29.67%,34.19%,22,4.33%,-8.01%,,,,,,,,,,,,
,,,,,,,,,,,,,,,,,,2019,8/29/2019,491.20 CHF,,,,,,,,,,4.48%,491.20 CHF,22.00,605.43,446.00,507.50,28%,23%,3.63%,4.93%,4.48%,28.56%,33.04%,22,4.33%,-7.22%,,,,,,,,,,,,
,,,,,,,,,,,,,,,,,,2019,8/30/2019,494.10 CHF,,,,,,,,,,4.45%,494.10 CHF,22.00,605.43,446.00,507.50,30%,23%,3.63%,4.93%,4.45%,27.81%,32.26%,22,4.33%,-6.67%,,,,,,,,,,,,
,,,,,,,,,,,,,,,,,,2019,9/2/2019,495.40 CHF,,,,,,,,,,4.44%,495.40 CHF,22.00,605.43,446.00,507.50,31%,22%,3.63%,4.93%,4.44%,27.47%,31.91%,22,4.33%,-6.42%,,,,,,,,,,,,
,,,,,,,,,,,,,,,,,,2019,9/3/2019,494.60 CHF,,,,,,,,,,4.45%,494.60 CHF,22.00,605.43,446.00,507.50,30%,22%,3.63%,4.93%,4.45%,27.68%,32.13%,22,4.33%,-6.57%,,,,,,,,,,,,
,,,,,,,,,,,,,,,,,,2019,9/4/2019,491.20 CHF,,,,,,,,,,4.48%,491.20 CHF,22.00,605.43,446.00,507.50,28%,23%,3.63%,4.93%,4.48%,28.56%,33.04%,22,4.33%,-7.22%,,,,,,,,,,,,
,,,,,,,,,,,,,,,,,,2019,9/5/2019,490.00 CHF,,,,,,,,,,4.49%,490.00 CHF,22.00,605.43,446.00,507.50,28%,24%,3.63%,4.93%,4.49%,28.88%,33.37%,22,4.33%,-7.44%,,,,,,,,,,,,
,,,,,,,,,,,,,,,,,,2019,9/6/2019,489.40 CHF,,,,,,,,,,4.50%,489.40 CHF,22.00,605.43,446.00,507.50,27%,24%,3.63%,4.93%,4.50%,29.04%,33.53%,22,4.33%,-7.56%,,,,,,,,,,,,
,,,,,,,,,,,,,,,,,,2019,9/9/2019,485.50 CHF,,,,,,,,,,4.53%,485.50 CHF,22.00,605.43,446.00,507.50,25%,25%,3.63%,4.93%,4.53%,30.07%,34.60%,22,4.33%,-8.29%,,,,,,,,,,,,
,,,,,,,,,,,,,,,,,,2019,9/10/2019,482.70 CHF,,,,,,,,,,4.56%,482.70 CHF,22.00,605.43,446.00,507.50,23%,25%,3.63%,4.93%,4.56%,30.83%,35.38%,22,4.33%,-8.82%,,,,,,,,,,,,
,,,,,,,,,,,,,,,,,,2019,9/11/2019,487.90 CHF,,,,,,,,,,4.51%,487.90 CHF,22.00,605.43,446.00,507.50,26%,24%,3.63%,4.93%,4.51%,29.43%,33.94%,22,4.33%,-7.84%,,,,,,,,,,,,
,,,,,,,,,,,,,,,,,,2019,9/12/2019,492.20 CHF,,,,,,,,,,4.47%,492.20 CHF,22.00,605.43,446.00,507.50,29%,23%,3.63%,4.93%,4.47%,28.30%,32.77%,22,4.33%,-7.03%,,,,,,,,,,,,
,,,,,,,,,,,,,,,,,,2019,9/13/2019,490.30 CHF,,,,,,,,,,4.49%,490.30 CHF,22.00,605.43,446.00,507.50,28%,23%,3.63%,4.93%,4.49%,28.80%,33.29%,22,4.33%,-7.39%,,,,,,,,,,,,
,,,,,,,,,,,,,,,,,,2019,9/16/2019,489.00 CHF,,,,,,,,,,4.50%,489.00 CHF,22.00,605.43,446.00,507.50,27%,24%,3.63%,4.93%,4.50%,29.14%,33.64%,22,4.33%,-7.63%,,,,,,,,,,,,
,,,,,,,,,,,,,,,,,,2019,9/17/2019,489.00 CHF,,,,,,,,,,4.50%,489.00 CHF,22.00,605.43,446.00,507.50,27%,24%,3.63%,4.93%,4.50%,29.14%,33.64%,22,4.33%,-7.63%,,,,,,,,,,,,
,,,,,,,,,,,,,,,,,,2019,9/18/2019,487.70 CHF,,,,,,,,,,4.51%,487.70 CHF,22.00,605.43,446.00,507.50,26%,24%,3.63%,4.93%,4.51%,29.49%,34.00%,22,4.33%,-7.88%,,,,,,,,,,,,
,,,,,,,,,,,,,,,,,,2019,9/19/2019,490.00 CHF,,,,,,,,,,4.49%,490.00 CHF,22.00,605.43,446.00,507.50,28%,24%,3.63%,4.93%,4.49%,28.88%,33.37%,22,4.33%,-7.44%,,,,,,,,,,,,
,,,,,,,,,,,,,,,,,,2019,9/20/2019,494.20 CHF,,,,,,,,,,4.45%,494.20 CHF,22.00,605.43,446.00,507.50,30%,23%,3.63%,4.93%,4.45%,27.78%,32.23%,22,4.33%,-6.65%,,,,,,,,,,,,
,,,,,,,,,,,,,,,,,,2019,9/23/2019,492.10 CHF,,,,,,,,,,4.47%,492.10 CHF,22.00,605.43,446.00,507.50,29%,23%,3.63%,4.93%,4.47%,28.33%,32.80%,22,4.33%,-7.05%,,,,,,,,,,,,
,,,,,,,,,,,,,,,,,,2019,9/24/2019,492.10 CHF,,,,,,,,,,4.47%,492.10 CHF,22.00,605.43,446.00,507.50,29%,23%,3.63%,4.93%,4.47%,28.33%,32.80%,22,4.33%,-7.05%,,,,,,,,,,,,
,,,,,,,,,,,,,,,,,,2019,9/25/2019,487.20 CHF,,,,,,,,,,4.52%,487.20 CHF,22.00,605.43,446.00,507.50,26%,24%,3.63%,4.93%,4.52%,29.62%,34.13%,22,4.33%,-7.97%,,,,,,,,,,,,
,,,,,,,,,,,,,,,,,,2019,9/26/2019,491.70 CHF,,,,,,,,,,4.47%,491.70 CHF,22.00,605.43,446.00,507.50,29%,23%,3.63%,4.93%,4.47%,28.43%,32.91%,22,4.33%,-7.12%,,,,,,,,,,,,
,,,,,,,,,,,,,,,,,,2019,9/27/2019,493.50 CHF,,,,,,,,,,4.46%,493.50 CHF,22.00,605.43,446.00,507.50,30%,23%,3.63%,4.93%,4.46%,27.96%,32.42%,22,4.33%,-6.78%,,,,,,,,,,,,
,,,,,,,,,,,,,,,,,,2019,9/30/2019,492.30 CHF,,,,,,,,,,4.47%,492.30 CHF,22.00,605.43,446.00,507.50,29%,23%,3.63%,4.93%,4.47%,28.28%,32.74%,22,4.33%,-7.01%,,,,,,,,,,,,
,,,,,,,,,,,,,,,,,,2019,10/1/2019,494.20 CHF,,,,,,,,,,4.45%,494.20 CHF,22.00,605.43,446.00,507.50,30%,23%,3.63%,4.93%,4.45%,27.78%,32.23%,22,4.33%,-6.65%,,,,,,,,,,,,
,,,,,,,,,,,,,,,,,,2019,10/2/2019,491.40 CHF,,,,,,,,,,4.48%,491.40 CHF,22.00,605.43,446.00,507.50,28%,23%,3.63%,4.93%,4.48%,28.51%,32.99%,22,4.33%,-7.18%,,,,,,,,,,,,
,,,,,,,,,,,,,,,,,,2019,10/3/2019,491.40 CHF,,,,,,,,,,4.48%,491.40 CHF,22.00,605.43,446.00,507.50,28%,23%,3.63%,4.93%,4.48%,28.51%,32.99%,22,4.33%,-7.18%,,,,,,,,,,,,
,,,,,,,,,,,,,,,,,,2019,10/4/2019,499.00 CHF,,,,,,,,,,4.41%,499.00 CHF,22.00,605.43,446.00,507.50,33%,21%,3.63%,4.93%,4.41%,26.55%,30.96%,22,4.33%,-5.74%,,,,,,,,,,,,
,,,,,,,,,,,,,,,,,,2019,10/7/2019,500.00 CHF,,,,,,,,,,4.40%,500.00 CHF,22.00,605.43,446.00,507.50,34%,21%,3.63%,4.93%,4.40%,26.30%,30.70%,22,4.33%,-5.55%,,,,,,,,,,,,
,,,,,,,,,,,,,,,,,,2019,10/8/2019,497.50 CHF,,,,,,,,,,4.42%,497.50 CHF,22.00,605.43,446.00,507.50,32%,22%,3.63%,4.93%,4.42%,26.93%,31.36%,22,4.33%,-6.03%,,,,,,,,,,,,
,,,,,,,,,,,,,,,,,,2019,10/9/2019,497.40 CHF,,,,,,,,,,4.42%,497.40 CHF,22.00,605.43,446.00,507.50,32%,22%,3.63%,4.93%,4.42%,26.96%,31.38%,22,4.33%,-6.04%,,,,,,,,,,,,
,,,,,,,,,,,,,,,,,,2019,10/10/2019,500.40 CHF,,,,,,,,,,4.40%,500.40 CHF,22.00,605.43,446.00,507.50,34%,21%,3.63%,4.93%,4.40%,26.20%,30.60%,22,4.33%,-5.48%,,,,,,,,,,,,
,,,,,,,,,,,,,,,,,,2019,10/11/2019,506.00 CHF,,,,,,,,,,4.35%,506.00 CHF,22.00,605.43,446.00,507.50,38%,20%,3.63%,4.93%,4.35%,24.80%,29.15%,22,4.33%,-4.42%,,,,,,,,,,,,
,,,,,,,,,,,,,,,,,,2019,10/14/2019,502.60 CHF,,,,,,,,,,4.38%,502.60 CHF,22.00,605.43,446.00,507.50,36%,20%,3.63%,4.93%,4.38%,25.65%,30.02%,22,4.33%,-5.06%,,,,,,,,,,,,
,,,,,,,,,,,,,,,,,,2019,10/15/2019,506.60 CHF,,,,,,,,,,4.34%,506.60 CHF,22.00,605.43,446.00,507.50,38%,20%,3.63%,4.93%,4.34%,24.65%,29.00%,22,4.33%,-4.31%,,,,,,,,,,,,
,,,,,,,,,,,,,,,,,,2019,10/16/2019,505.20 CHF,,,,,,,,,,4.35%,505.20 CHF,22.00,605.43,446.00,507.50,37%,20%,3.63%,4.93%,4.35%,25.00%,29.35%,22,4.33%,-4.57%,,,,,,,,,,,,
,,,,,,,,,,,,,,,,,,2019,10/17/2019,502.00 CHF,,,,,,,,,,4.38%,502.00 CHF,22.00,605.43,446.00,507.50,35%,21%,3.63%,4.93%,4.38%,25.80%,30.18%,22,4.33%,-5.18%,,,,,,,,,,,,
,,,,,,,,,,,,,,,,,,2019,10/18/2019,506.80 CHF,,,,,,,,,,4.34%,506.80 CHF,22.00,605.43,446.00,507.50,38%,19%,3.63%,4.93%,4.34%,24.61%,28.95%,22,4.33%,-4.27%,,,,,,,,,,,,
,,,,,,,,,,,,,,,,,,2019,10/21/2019,507.20 CHF,,,,,,,,,,4.34%,507.20 CHF,22.00,605.43,446.00,507.50,38%,19%,3.63%,4.93%,4.34%,24.51%,28.84%,22,4.33%,-4.19%,,,,,,,,,,,,
,,,,,,,,,,,,,,,,,,2019,10/22/2019,511.60 CHF,,,,,,,,,,4.30%,511.60 CHF,22.00,605.43,446.00,507.50,41%,18%,3.63%,4.93%,4.30%,23.44%,27.74%,22,4.33%,-3.36%,,,,,,,,,,,,
,,,,,,,,,,,,,,,,,,2019,10/23/2019,513.00 CHF,,,,,,,,,,4.29%,513.00 CHF,22.00,605.43,446.00,507.50,42%,18%,3.63%,4.93%,4.29%,23.10%,27.39%,22,4.33%,-3.10%,,,,,,,,,,,,
,,,,,,,,,,,,,,,,,,2019,10/24/2019,507.60 CHF,,,,,,,,,,4.33%,507.60 CHF,22.00,605.43,446.00,507.50,39%,19%,3.63%,4.93%,4.33%,24.41%,28.74%,22,4.33%,-4.12%,,,,,,,,,,,,
,,,,,,,,,,,,,,,,,,2019,10/25/2019,507.00 CHF,,,,,,,,,,4.34%,507.00 CHF,22.00,605.43,446.00,507.50,38%,19%,3.63%,4.93%,4.34%,24.56%,28.90%,22,4.33%,-4.23%,,,,,,,,,,,,
,,,,,,,,,,,,,,,,,,2019,10/28/2019,506.00 CHF,,,,,,,,,,4.35%,506.00 CHF,22.00,605.43,446.00,507.50,38%,20%,3.63%,4.93%,4.35%,24.80%,29.15%,22,4.33%,-4.42%,,,,,,,,,,,,
,,,,,,,,,,,,,,,,,,2019,10/29/2019,501.00 CHF,,,,,,,,,,4.39%,501.00 CHF,22.00,605.43,446.00,507.50,34%,21%,3.63%,4.93%,4.39%,26.05%,30.44%,22,4.33%,-5.36%,,,,,,,,,,,,
,,,,,,,,,,,,,,,,,,2019,10/30/2019,500.60 CHF,,,,,,,,,,4.39%,500.60 CHF,22.00,605.43,446.00,507.50,34%,21%,3.63%,4.93%,4.39%,26.15%,30.54%,22,4.33%,-5.44%,,,,,,,,,,,,
,,,,,,,,,,,,,,,,,,2019,10/31/2019,504.00 CHF,,,,,,,,,,4.37%,504.00 CHF,22.00,605.43,446.00,507.50,36%,20%,3.63%,4.93%,4.37%,25.30%,29.66%,22,4.33%,-4.80%,,,,,,,,,,,,
,,,,,,,,,,,,,,,,,,2019,11/1/2019,507.40 CHF,,,,,,,,,,4.34%,507.40 CHF,22.00,605.43,446.00,507.50,39%,19%,3.63%,4.93%,4.34%,24.46%,28.79%,22,4.33%,-4.16%,,,,,,,,,,,,
,,,,,,,,,,,,,,,,,,2019,11/4/2019,511.80 CHF,,,,,,,,,,4.30%,511.80 CHF,22.00,605.43,446.00,507.50,41%,18%,3.63%,4.93%,4.30%,23.39%,27.69%,22,4.33%,-3.32%,,,,,,,,,,,,
,,,,,,,,,,,,,,,,,,2019,11/5/2019,510.60 CHF,,,,,,,,,,4.31%,510.60 CHF,22.00,605.43,446.00,507.50,41%,19%,3.63%,4.93%,4.31%,23.68%,27.99%,22,4.33%,-3.55%,,,,,,,,,,,,
,,,,,,,,,,,,,,,,,,2019,11/6/2019,518.00 CHF,,,,,,,,,,4.25%,518.00 CHF,22.00,605.43,446.00,507.50,45%,17%,3.63%,4.93%,4.25%,21.91%,26.16%,22,4.33%,-2.15%,,,,,,,,,,,,
,,,,,,,,,,,,,,,,,,2019,11/7/2019,514.40 CHF,,,,,,,,,,4.28%,514.40 CHF,22.00,605.43,446.00,507.50,43%,18%,3.63%,4.93%,4.28%,22.76%,27.04%,22,4.33%,-2.83%,,,,,,,,,,,,
,,,,,,,,,,,,,,,,,,2019,11/8/2019,513.60 CHF,,,,,,,,,,4.28%,513.60 CHF,22.00,605.43,446.00,507.50,42%,18%,3.63%,4.93%,4.28%,22.96%,27.24%,22,4.33%,-2.98%,,,,,,,,,,,,
,,,,,,,,,,,,,,,,,,2019,11/11/2019,512.20 CHF,,,,,,,,,,4.30%,512.20 CHF,22.00,605.43,446.00,507.50,42%,18%,3.63%,4.93%,4.30%,23.29%,27.59%,22,4.33%,-3.25%,,,,,,,,,,,,
,,,,,,,,,,,,,,,,,,2019,11/12/2019,515.60 CHF,,,,,,,,,,4.27%,515.60 CHF,22.00,605.43,446.00,507.50,44%,17%,3.63%,4.93%,4.27%,22.48%,26.75%,22,4.33%,-2.61%,,,,,,,,,,,,
,,,,,,,,,,,,,,,,,,2019,11/13/2019,512.20 CHF,,,,,,,,,,4.30%,512.20 CHF,22.00,605.43,446.00,507.50,42%,18%,3.63%,4.93%,4.30%,23.29%,27.59%,22,4.33%,-3.25%,,,,,,,,,,,,
,,,,,,,,,,,,,,,,,,2019,11/14/2019,507.20 CHF,,,,,,,,,,4.34%,507.20 CHF,22.00,605.43,446.00,507.50,38%,19%,3.63%,4.93%,4.34%,24.51%,28.84%,22,4.33%,-4.19%,,,,,,,,,,,,
,,,,,,,,,,,,,,,,,,2019,11/15/2019,508.60 CHF,,,,,,,,,,4.33%,508.60 CHF,22.00,605.43,446.00,507.50,39%,19%,3.63%,4.93%,4.33%,24.16%,28.49%,22,4.33%,-3.93%,,,,,,,,,,,,
,,,,,,,,,,,,,,,,,,2019,11/18/2019,513.20 CHF,,,,,,,,,,4.29%,513.20 CHF,22.00,605.43,446.00,507.50,42%,18%,3.63%,4.93%,4.29%,23.05%,27.34%,22,4.33%,-3.06%,,,,,,,,,,,,
,,,,,,,,,,,,,,,,,,2019,11/19/2019,514.40 CHF,,,,,,,,,,4.28%,514.40 CHF,22.00,605.43,446.00,507.50,43%,18%,3.63%,4.93%,4.28%,22.76%,27.04%,22,4.33%,-2.83%,,,,,,,,,,,,
,,,,,,,,,,,,,,,,,,2019,11/20/2019,516.40 CHF,,,,,,,,,,4.26%,516.40 CHF,22.00,605.43,446.00,507.50,44%,17%,3.63%,4.93%,4.26%,22.29%,26.55%,22,4.33%,-2.46%,,,,,,,,,,,,
,,,,,,,,,,,,,,,,,,2019,11/21/2019,512.00 CHF,,,,,,,,,,4.30%,512.00 CHF,22.00,605.43,446.00,507.50,41%,18%,3.63%,4.93%,4.30%,23.34%,27.64%,22,4.33%,-3.29%,,,,,,,,,,,,
,,,,,,,,,,,,,,,,,,2019,11/22/2019,513.80 CHF,,,,,,,,,,4.28%,513.80 CHF,22.00,605.43,446.00,507.50,43%,18%,3.63%,4.93%,4.28%,22.91%,27.19%,22,4.33%,-2.95%,,,,,,,,,,,,
,,,,,,,,,,,,,,,,,,2019,11/25/2019,517.60 CHF,,,,,,,,,,4.25%,517.60 CHF,22.00,605.43,446.00,507.50,45%,17%,3.63%,4.93%,4.25%,22.01%,26.26%,22,4.33%,-2.23%,,,,,,,,,,,,
,,,,,,,,,,,,,,,,,,2019,11/26/2019,518.00 CHF,,,,,,,,,,4.25%,518.00 CHF,22.00,605.43,446.00,507.50,45%,17%,3.63%,4.93%,4.25%,21.91%,26.16%,22,4.33%,-2.15%,,,,,,,,,,,,
,,,,,,,,,,,,,,,,,,2019,11/27/2019,520.40 CHF,,,,,,,,,,4.23%,520.40 CHF,22.00,605.43,446.00,507.50,47%,16%,3.63%,4.93%,4.23%,21.35%,25.58%,22,4.33%,-1.70%,,,,,,,,,,,,
,,,,,,,,,,,,,,,,,,2019,11/28/2019,518.40 CHF,,,,,,,,,,4.24%,518.40 CHF,22.00,605.43,446.00,507.50,45%,17%,3.63%,4.93%,4.24%,21.82%,26.06%,22,4.33%,-2.08%,,,,,,,,,,,,
,,,,,,,,,,,,,,,,,,2019,11/29/2019,517.60 CHF,,,,,,,,,,4.25%,517.60 CHF,22.00,605.43,446.00,507.50,45%,17%,3.63%,4.93%,4.25%,22.01%,26.26%,22,4.33%,-2.23%,,,,,,,,,,,,
,,,,,,,,,,,,,,,,,,2019,12/2/2019,508.40 CHF,,,,,,,,,,4.33%,508.40 CHF,22.00,605.43,446.00,507.50,39%,19%,3.63%,4.93%,4.33%,24.21%,28.54%,22,4.33%,-3.97%,,,,,,,,,,,,
,,,,,,,,,,,,,,,,,,2019,12/3/2019,510.40 CHF,,,,,,,,,,4.31%,510.40 CHF,22.00,605.43,446.00,507.50,40%,19%,3.63%,4.93%,4.31%,23.73%,28.04%,22,4.33%,-3.59%,,,,,,,,,,,,
,,,,,,,,,,,,,,,,,,2019,12/4/2019,518.20 CHF,,,,,,,,,,4.25%,518.20 CHF,22.00,605.43,446.00,507.50,45%,17%,3.63%,4.93%,4.25%,21.86%,26.11%,22,4.33%,-2.12%,,,,,,,,,,,,
,,,,,,,,,,,,,,,,,,2019,12/5/2019,517.40 CHF,,,,,,,,,,4.25%,517.40 CHF,22.00,605.43,446.00,507.50,45%,17%,3.63%,4.93%,4.25%,22.05%,26.30%,22,4.33%,-2.27%,,,,,,,,,,,,
,,,,,,,,,,,,,,,,,,2019,12/6/2019,519.60 CHF,,,,,,,,,,4.23%,519.60 CHF,22.00,605.43,446.00,507.50,46%,17%,3.63%,4.93%,4.23%,21.54%,25.77%,22,4.33%,-1.85%,,,,,,,,,,,,
,,,,,,,,,,,,,,,,,,2019,12/9/2019,522.20 CHF,,,,,,,,,,4.21%,522.20 CHF,22.00,605.43,446.00,507.50,48%,16%,3.63%,4.93%,4.21%,20.93%,25.14%,22,4.33%,-1.36%,,,,,,,,,,,,
,,,,,,,,,,,,,,,,,,2019,12/10/2019,517.00 CHF,,,,,,,,,,4.26%,517.00 CHF,22.00,605.43,446.00,507.50,45%,17%,3.63%,4.93%,4.26%,22.15%,26.40%,22,4.33%,-2.34%,,,,,,,,,,,,
,,,,,,,,,,,,,,,,,,2019,12/11/2019,518.40 CHF,,,,,,,,,,4.24%,518.40 CHF,22.00,605.43,446.00,507.50,45%,17%,3.63%,4.93%,4.24%,21.82%,26.06%,22,4.33%,-2.08%,,,,,,,,,,,,
,,,,,,,,,,,,,,,,,,2019,12/12/2019,518.60 CHF,,,,,,,,,,4.24%,518.60 CHF,22.00,605.43,446.00,507.50,46%,17%,3.63%,4.93%,4.24%,21.77%,26.01%,22,4.33%,-2.04%,,,,,,,,,,,,
,,,,,,,,,,,,,,,,,,2019,12/13/2019,517.60 CHF,,,,,,,,,,4.25%,517.60 CHF,22.00,605.43,446.00,507.50,45%,17%,3.63%,4.93%,4.25%,22.01%,26.26%,22,4.33%,-2.23%,,,,,,,,,,,,
,,,,,,,,,,,,,,,,,,2019,12/16/2019,520.80 CHF,,,,,,,,,,4.22%,520.80 CHF,22.00,605.43,446.00,507.50,47%,16%,3.63%,4.93%,4.22%,21.26%,25.48%,22,4.33%,-1.62%,,,,,,,,,,,,
,,,,,,,,,,,,,,,,,,2019,12/17/2019,519.20 CHF,,,,,,,,,,4.24%,519.20 CHF,22.00,605.43,446.00,507.50,46%,17%,3.63%,4.93%,4.24%,21.63%,25.87%,22,4.33%,-1.93%,,,,,,,,,,,,
,,,,,,,,,,,,,,,,,,2019,12/18/2019,521.20 CHF,,,,,,,,,,4.22%,521.20 CHF,22.00,605.43,446.00,507.50,47%,16%,3.63%,4.93%,4.22%,21.16%,25.38%,22,4.33%,-1.55%,,,,,,,,,,,,
,,,,,,,,,,,,,,,,,,2019,12/19/2019,520.00 CHF,,,,,,,,,,4.23%,520.00 CHF,22.00,605.43,446.00,507.50,46%,16%,3.63%,4.93%,4.23%,21.44%,25.67%,22,4.33%,-1.78%,,,,,,,,,,,,
,,,,,,,,,,,,,,,,,,2019,12/20/2019,515.60 CHF,,,,,,,,,,4.27%,515.60 CHF,22.00,605.43,446.00,507.50,44%,17%,3.63%,4.93%,4.27%,22.48%,26.75%,22,4.33%,-2.61%,,,,,,,,,,,,
,,,,,,,,,,,,,,,,,,2019,12/23/2019,516.00 CHF,,,,,,,,,,4.26%,516.00 CHF,22.00,605.43,446.00,507.50,44%,17%,3.63%,4.93%,4.26%,22.38%,26.65%,22,4.33%,-2.53%,,,,,,,,,,,,
,,,,,,,,,,,,,,,,,,2019,12/27/2019,516.60 CHF,,,,,,,,,,4.26%,516.60 CHF,22.00,605.43,446.00,507.50,44%,17%,3.63%,4.93%,4.26%,22.24%,26.50%,22,4.33%,-2.42%,,,,,,,,,,,,
,,,,,,,,,,,,,,,,,,2019,12/30/2019,512.60 CHF,,,,,,,,,,4.29%,512.60 CHF,22.00,605.43,446.00,507.50,42%,18%,3.63%,4.93%,4.29%,23.20%,27.49%,22,4.33%,-3.17%,,,,,,,,,,,,
,,,,,,,,,,,,,,,,,,2020,1/3/2020,515.20 CHF,,,,,,,,,,4.27%,515.20 CHF,22.00,605.43,446.00,507.50,43%,18%,3.63%,4.93%,4.27%,22.57%,22.57%,0,4.33%,-2.68%,,,,,,,,,,,,
,,,,,,,,,,,,,,,,,,2020,1/6/2020,517.60 CHF,,,,,,,,,,4.25%,517.60 CHF,22.00,605.43,446.00,507.50,45%,17%,3.63%,4.93%,4.25%,22.01%,22.01%,0,4.33%,-2.23%,,,,,,,,,,,,
,,,,,,,,,,,,,,,,,,2020,1/7/2020,518.60 CHF,,,,,,,,,,4.24%,518.60 CHF,22.00,605.43,446.00,507.50,46%,17%,3.63%,4.93%,4.24%,21.77%,21.77%,0,4.33%,-2.04%,,,,,,,,,,,,
,,,,,,,,,,,,,,,,,,2020,1/8/2020,518.80 CHF,,,,,,,,,,4.24%,518.80 CHF,22.00,605.43,446.00,507.50,46%,17%,3.63%,4.93%,4.24%,21.72%,21.72%,0,4.33%,-2.00%,,,,,,,,,,,,
,,,,,,,,,,,,,,,,,,2020,1/9/2020,520.00 CHF,,,,,,,,,,4.23%,520.00 CHF,22.00,605.43,446.00,507.50,46%,16%,3.63%,4.93%,4.23%,21.44%,21.44%,0,4.33%,-1.78%,,,,,,,,,,,,
,,,,,,,,,,,,,,,,,,2020,1/10/2020,518.80 CHF,,,,,,,,,,4.24%,518.80 CHF,22.00,605.43,446.00,507.50,46%,17%,3.63%,4.93%,4.24%,21.72%,21.72%,0,4.33%,-2.00%,,,,,,,,,,,,
,,,,,,,,,,,,,,,,,,2020,1/13/2020,519.20 CHF,,,,,,,,,,4.24%,519.20 CHF,22.00,605.43,446.00,507.50,46%,17%,3.63%,4.93%,4.24%,21.63%,21.63%,0,4.33%,-1.93%,,,,,,,,,,,,
,,,,,,,,,,,,,,,,,,2020,1/14/2020,522.60 CHF,,,,,,,,,,4.21%,522.60 CHF,22.00,605.43,446.00,507.50,48%,16%,3.63%,4.93%,4.21%,20.84%,20.84%,0,4.33%,-1.28%,,,,,,,,,,,,
,,,,,,,,,,,,,,,,,,2020,1/15/2020,518.20 CHF,,,,,,,,,,4.25%,518.20 CHF,22.00,605.43,446.00,507.50,45%,17%,3.63%,4.93%,4.25%,21.86%,21.86%,0,4.33%,-2.12%,,,,,,,,,,,,
,,,,,,,,,,,,,,,,,,2020,1/16/2020,523.00 CHF,,,,,,,,,,4.21%,523.00 CHF,22.00,605.43,446.00,507.50,48%,16%,3.63%,4.93%,4.21%,20.75%,20.75%,0,4.33%,-1.21%,,,,,,,,,,,,
,,,,,,,,,,,,,,,,,,2020,1/17/2020,523.00 CHF,,,,,,,,,,4.21%,523.00 CHF,22.00,605.43,446.00,507.50,48%,16%,3.63%,4.93%,4.21%,20.75%,20.75%,0,4.33%,-1.21%,,,,,,,,,,,,
,,,,,,,,,,,,,,,,,,2020,1/20/2020,526.00 CHF,,,,,,,,,,4.18%,526.00 CHF,22.00,605.43,446.00,507.50,50%,15%,3.63%,4.93%,4.18%,20.06%,20.06%,0,4.33%,-0.64%,,,,,,,,,,,,
,,,,,,,,,,,,,,,,,,2020,1/21/2020,529.80 CHF,,,,,,,,,,4.15%,529.80 CHF,22.00,605.43,446.00,507.50,53%,14%,3.63%,4.93%,4.15%,19.20%,19.20%,0,4.33%,0.00%,,,,,,,,,,,,
,,,,,,,,,,,,,,,,,,2020,1/22/2020,530.80 CHF,,,,,,,,,,4.14%,530.80 CHF,22.00,605.43,446.00,507.50,53%,14%,3.63%,4.93%,4.14%,18.97%,18.97%,0,4.33%,0.00%,,,,,,,,,,,,
,,,,,,,,,,,,,,,,,,2020,1/23/2020,527.80 CHF,,,,,,,,,,4.17%,527.80 CHF,22.00,605.43,446.00,507.50,51%,15%,3.63%,4.93%,4.17%,19.65%,19.65%,0,4.33%,-0.57%,,,,,,,,,,,,
,,,,,,,,,,,,,,,,,,2020,1/24/2020,534.40 CHF,,,,,,,,,,4.12%,534.40 CHF,22.00,605.43,446.00,507.50,55%,13%,3.63%,4.93%,4.12%,18.17%,18.17%,0,4.33%,0.00%,,,,,,,,,,,,
,,,,,,,,,,,,,,,,,,2020,1/27/2020,528.00 CHF,,,,,,,,,,4.17%,528.00 CHF,22.00,605.43,446.00,507.50,51%,15%,3.63%,4.93%,4.17%,19.60%,19.60%,0,4.33%,-1.20%,,,,,,,,,,,,
,,,,,,,,,,,,,,,,,,2020,1/28/2020,536.60 CHF,,,,,,,,,,4.10%,536.60 CHF,22.00,605.43,446.00,507.50,57%,13%,3.63%,4.93%,4.10%,17.69%,17.69%,0,4.33%,0.00%,,,,,,,,,,,,
,,,,,,,,,,,,,,,,,,2020,1/29/2020,537.40 CHF,,,,,,,,,,4.09%,537.40 CHF,22.00,605.43,446.00,507.50,57%,13%,3.63%,4.93%,4.09%,17.51%,17.51%,0,4.33%,0.00%,,,,,,,,,,,,
,,,,,,,,,,,,,,,,,,2020,1/30/2020,535.60 CHF,,,,,,,,,,4.11%,535.60 CHF,22.00,605.43,446.00,507.50,56%,13%,3.63%,4.93%,4.11%,17.91%,17.91%,0,4.33%,-0.33%,,,,,,,,,,,,
,,,,,,,,,,,,,,,,,,2020,1/31/2020,529.60 CHF,,,,,,,,,,4.15%,529.60 CHF,22.00,605.43,446.00,507.50,52%,14%,3.63%,4.93%,4.15%,19.24%,19.24%,0,4.33%,-1.45%,,,,,,,,,,,,
,,,,,,,,,,,,,,,,,,2020,2/3/2020,531.00 CHF,,,,,,,,,,4.14%,531.00 CHF,22.00,605.43,446.00,507.50,53%,14%,3.63%,4.93%,4.14%,18.93%,18.93%,0,4.33%,-1.19%,,,,,,,,,,,,
,,,,,,,,,,,,,,,,,,2020,2/4/2020,531.40 CHF,,,,,,,,,,4.14%,531.40 CHF,22.00,605.43,446.00,507.50,54%,14%,3.63%,4.93%,4.14%,18.84%,18.84%,0,4.33%,-1.12%,,,,,,,,,,,,
,,,,,,,,,,,,,,,,,,2020,2/5/2020,533.60 CHF,,,,,,,,,,4.12%,533.60 CHF,22.00,605.43,446.00,507.50,55%,13%,3.63%,4.93%,4.12%,18.35%,18.35%,0,4.33%,-0.71%,,,,,,,,,,,,
,,,,,,,,,,,,,,,,,,2020,2/6/2020,547.60 CHF,,,,,,,,,,4.02%,547.60 CHF,22.00,605.43,446.00,507.50,64%,11%,3.63%,4.93%,4.02%,15.32%,15.32%,0,4.33%,0.00%,,,,,,,,,,,,
,,,,,,,,,,,,,,,,,,2020,2/7/2020,561.40 CHF,,,,,,,,,,3.92%,561.40 CHF,22.00,605.43,446.00,507.50,72%,8%,3.63%,4.93%,3.92%,12.49%,12.49%,0,4.33%,0.00%,,,,,,,,,,,,
,,,,,,,,,,,,,,,,,,2020,2/10/2020,563.00 CHF,,,,,,,,,,3.91%,563.00 CHF,22.00,605.43,446.00,507.50,73%,8%,3.63%,4.93%,3.91%,12.17%,12.17%,0,4.33%,0.00%,,,,,,,,,,,,
,,,,,,,,,,,,,,,,,,2020,2/11/2020,568.60 CHF,,,,,,,,,,3.87%,568.60 CHF,22.00,605.43,446.00,507.50,77%,6%,3.63%,4.93%,3.87%,11.06%,11.06%,0,4.33%,0.00%,,,,,,,,,,,,
,,,,,,,,,,,,,,,,,,2020,2/12/2020,571.20 CHF,,,,,,,,,,3.85%,571.20 CHF,22.00,605.43,446.00,507.50,79%,6%,3.63%,4.93%,3.85%,10.56%,10.56%,0,4.33%,0.00%,,,,,,,,,,,,
,,,,,,,,,,,,,,,,,,2020,2/13/2020,569.00 CHF,,,,,,,,,,3.87%,569.00 CHF,22.00,605.43,446.00,507.50,77%,6%,3.63%,4.93%,3.87%,10.98%,10.98%,0,4.33%,-0.39%,,,,,,,,,,,,
,,,,,,,,,,,,,,,,,,2020,2/14/2020,571.00 CHF,,,,,,,,,,3.85%,571.00 CHF,22.00,605.43,446.00,507.50,78%,6%,3.63%,4.93%,3.85%,10.60%,10.60%,0,4.33%,-0.04%,,,,,,,,,,,,
,,,,,,,,,,,,,,,,,,2020,2/17/2020,572.40 CHF,,,,,,,,,,3.84%,572.40 CHF,22.00,605.43,446.00,507.50,79%,6%,3.63%,4.93%,3.84%,10.32%,10.32%,0,4.33%,0.00%,,,,,,,,,,,,
,,,,,,,,,,,,,,,,,,2020,2/18/2020,575.80 CHF,,,,,,,,,,3.82%,575.80 CHF,22.00,605.43,446.00,507.50,81%,5%,3.63%,4.93%,3.82%,9.67%,9.67%,0,4.33%,0.00%,,,,,,,,,,,,
,,,,,,,,,,,,,,,,,,2020,2/19/2020,575.60 CHF,,,,,,,,,,3.82%,575.60 CHF,22.00,605.43,446.00,507.50,81%,5%,3.63%,4.93%,3.82%,9.71%,9.71%,0,4.33%,-0.03%,,,,,,,,,,,,
,,,,,,,,,,,,,,,,,,2020,2/20/2020,574.40 CHF,,,,,,,,,,3.83%,574.40 CHF,22.00,605.43,446.00,507.50,81%,5%,3.63%,4.93%,3.83%,9.94%,9.94%,0,4.33%,-0.24%,,,,,,,,,,,,
,,,,,,,,,,,,,,,,,,2020,2/21/2020,572.20 CHF,,,,,,,,,,3.84%,572.20 CHF,22.00,605.43,446.00,507.50,79%,6%,3.63%,4.93%,3.84%,10.36%,10.36%,0,4.33%,-0.63%,,,,,,,,,,,,
,,,,,,,,,,,,,,,,,,2020,2/24/2020,568.60 CHF,,,,,,,,,,3.87%,568.60 CHF,22.00,605.43,446.00,507.50,77%,6%,3.63%,4.93%,3.87%,11.06%,11.06%,0,4.33%,-1.25%,,,,,,,,,,,,
,,,,,,,,,,,,,,,,,,2020,2/25/2020,556.20 CHF,,,,,,,,,,3.96%,556.20 CHF,22.00,605.43,446.00,507.50,69%,9%,3.63%,4.93%,3.96%,13.54%,13.54%,0,4.33%,-3.40%,,,,,,,,,,,,
,,,,,,,,,,,,,,,,,,2020,2/26/2020,551.80 CHF,,,,,,,,,,3.99%,551.80 CHF,22.00,605.43,446.00,507.50,66%,10%,3.63%,4.93%,3.99%,14.44%,14.44%,0,4.33%,-4.17%,,,,,,,,,,,,
,,,,,,,,,,,,,,,,,,2020,2/27/2020,534.20 CHF,,,,,,,,,,4.12%,534.20 CHF,22.00,605.43,446.00,507.50,55%,13%,3.63%,4.93%,4.12%,18.21%,18.21%,0,4.33%,-7.22%,,,,,,,,,,,,
,,,,,,,,,,,,,,,,,,2020,2/28/2020,513.60 CHF,,,,,,,,,,4.28%,513.60 CHF,22.00,605.43,446.00,507.50,42%,18%,3.63%,4.93%,4.28%,22.96%,22.96%,0,4.33%,-10.80%,,,,,,,,,,,,
,,,,,,,,,,,,,,,,,,2020,3/2/2020,526.00 CHF,,,,,,,,,,4.18%,526.00 CHF,22.00,605.43,446.00,507.50,50%,15%,3.63%,4.93%,4.18%,20.06%,20.06%,0,4.33%,-8.65%,,,,,,,,,,,,
,,,,,,,,,,,,,,,,,,2020,3/3/2020,537.20 CHF,,,,,,,,,,4.10%,537.20 CHF,22.00,605.43,446.00,507.50,57%,13%,3.63%,4.93%,4.10%,17.55%,17.55%,0,4.33%,-6.70%,,,,,,,,,,,,
,,,,,,,,,,,,,,,,,,2020,3/4/2020,555.80 CHF,,,,,,,,,,3.96%,555.80 CHF,22.00,605.43,446.00,507.50,69%,9%,3.63%,4.93%,3.96%,13.62%,13.62%,0,4.33%,-3.47%,,,,,,,,,,,,
,,,,,,,,,,,,,,,,,,2020,3/5/2020,557.20 CHF,,,,,,,,,,3.95%,557.20 CHF,22.00,605.43,446.00,507.50,70%,9%,3.63%,4.93%,3.95%,13.33%,13.33%,0,4.33%,-3.23%,,,,,,,,,,,,
,,,,,,,,,,,,,,,,,,2020,3/6/2020,544.00 CHF,,,,,,,,,,4.04%,544.00 CHF,22.00,605.43,446.00,507.50,61%,11%,3.63%,4.93%,4.04%,16.08%,16.08%,0,4.33%,-5.52%,,,,,,,,,,,,
,,,,,,,,,,,,,,,,,,2020,3/9/2020,519.80 CHF,,,,,,,,,,4.23%,519.80 CHF,22.00,605.43,446.00,507.50,46%,16%,3.63%,4.93%,4.23%,21.49%,21.49%,0,4.33%,-9.73%,,,,,,,,,,,,
,,,,,,,,,,,,,,,,,,2020,3/10/2020,510.00 CHF,,,,,,,,,,4.31%,510.00 CHF,22.00,605.43,446.00,507.50,40%,19%,3.63%,4.93%,4.31%,23.82%,23.82%,0,4.33%,-11.43%,,,,,,,,,,,,
,,,,,,,,,,,,,,,,,,2020,3/11/2020,504.20 CHF,,,,,,,,,,4.36%,504.20 CHF,22.00,605.43,446.00,507.50,37%,20%,3.63%,4.93%,4.36%,25.25%,25.25%,0,4.33%,-12.43%,,,,,,,,,,,,
,,,,,,,,,,,,,,,,,,2020,3/12/2020,466.40 CHF,,,,,,,,,,4.72%,466.40 CHF,22.00,605.43,446.00,507.50,13%,30%,3.63%,4.93%,4.72%,35.40%,35.40%,0,4.33%,-19.00%,,,,,,,,,,,,
,,,,,,,,,,,,,,,,,,2020,3/13/2020,474.50 CHF,,,,,,,,,,4.64%,474.50 CHF,22.00,605.43,446.00,507.50,18%,28%,3.63%,4.93%,4.64%,33.09%,33.09%,0,4.33%,-17.59%,,,,,,,,,,,,
,,,,,,,,,,,,,,,,,,2020,3/16/2020,480.50 CHF,,,,,,,,,,4.58%,480.50 CHF,22.00,605.43,446.00,507.50,22%,26%,3.63%,4.93%,4.58%,31.43%,31.43%,0,4.33%,-16.55%,,,,,,,,,,,,
,,,,,,,,,,,,,,,,,,2020,3/17/2020,527.20 CHF,,,,,,,,,,4.17%,527.20 CHF,22.00,605.43,446.00,507.50,51%,15%,3.63%,4.93%,4.17%,19.78%,19.78%,0,4.33%,-8.44%,,,,,,,,,,,,
,,,,,,,,,,,,,,,,,,2020,3/18/2020,523.20 CHF,,,,,,,,,,4.20%,523.20 CHF,22.00,605.43,446.00,507.50,48%,16%,3.63%,4.93%,4.20%,20.70%,20.70%,0,4.33%,-9.14%,,,,,,,,,,,,
,,,,,,,,,,,,,,,,,,2020,3/19/2020,527.00 CHF,,,,,,,,,,4.17%,527.00 CHF,22.00,605.43,446.00,507.50,51%,15%,3.63%,4.93%,4.17%,19.83%,19.83%,0,4.33%,-8.48%,,,,,,,,,,,,
,,,,,,,,,,,,,,,,,,2020,3/20/2020,518.20 CHF,,,,,,,,,,4.25%,518.20 CHF,22.00,605.43,446.00,507.50,45%,17%,3.63%,4.93%,4.25%,21.86%,21.86%,0,4.33%,-10.00%,,,,,,,,,,,,
,,,,,,,,,,,,,,,,,,2020,3/23/2020,485.00 CHF,,,,,,,,,,4.54%,485.00 CHF,22.00,605.43,446.00,507.50,24%,25%,3.63%,4.93%,4.54%,30.21%,30.21%,0,4.33%,-15.77%,,,,,,,,,,,,
,,,,,,,,,,,,,,,,,,2020,3/24/2020,517.60 CHF,,,,,,,,,,4.25%,517.60 CHF,22.00,605.43,446.00,507.50,45%,17%,3.63%,4.93%,4.25%,22.01%,22.01%,0,4.33%,-10.11%,,,,,,,,,,,,
,,,,,,,,,,,,,,,,,,2020,3/25/2020,510.60 CHF,,,,,,,,,,4.31%,510.60 CHF,22.00,605.43,446.00,507.50,41%,19%,3.63%,4.93%,4.31%,23.68%,23.68%,0,4.33%,-11.32%,,,,,,,,,,,,
,,,,,,,,,,,,,,,,,,2020,3/26/2020,513.60 CHF,,,,,,,,,,4.28%,513.60 CHF,22.00,605.43,446.00,507.50,42%,18%,3.63%,4.93%,4.28%,22.96%,22.96%,0,4.33%,-10.80%,,,,,,,,,,,,
,,,,,,,,,,,,,,,,,,2020,3/27/2020,515.00 CHF,,,,,,,,,,4.27%,515.00 CHF,22.00,605.43,446.00,507.50,43%,18%,3.63%,4.93%,4.27%,22.62%,22.62%,0,4.33%,-10.56%,,,,,,,,,,,,
,,,,,,,,,,,,,,,,,,2020,3/30/2020,536.00 CHF,,,,,,,,,,4.10%,536.00 CHF,22.00,605.43,446.00,507.50,56%,13%,3.63%,4.93%,4.10%,17.82%,17.82%,0,4.33%,-6.91%,,,,,,,,,,,,
,,,,,,,,,,,,,,,,,,2020,3/31/2020,520.20 CHF,,,,,,,,,,4.23%,520.20 CHF,22.00,605.43,446.00,507.50,47%,16%,3.63%,4.93%,4.23%,21.40%,21.40%,0,4.33%,-9.66%,,,,,,,,,,,,
,,,,,,,,,,,,,,,,,,2020,4/1/2020,522.80 CHF,,,,,,,,,,4.21%,522.80 CHF,22.00,605.43,446.00,507.50,48%,16%,3.63%,4.93%,4.21%,20.79%,20.79%,0,4.33%,-9.20%,,,,,,,,,,,,
,,,,,,,,,,,,,,,,,,2020,4/2/2020,530.20 CHF,,,,,,,,,,4.15%,530.20 CHF,22.00,605.43,446.00,507.50,53%,14%,3.63%,4.93%,4.15%,19.11%,19.11%,0,4.33%,-7.92%,,,,,,,,,,,,
,,,,,,,,,,,,,,,,,,2020,4/3/2020,531.80 CHF,,,,,,,,,,4.14%,531.80 CHF,22.00,605.43,446.00,507.50,54%,14%,3.63%,4.93%,4.14%,18.75%,18.75%,0,4.33%,-7.64%,,,,,,,,,,,,
,,,,,,,,,,,,,,,,,,2020,4/6/2020,532.00 CHF,,,,,,,,,,4.14%,532.00 CHF,22.00,605.43,446.00,507.50,54%,14%,3.63%,4.93%,4.14%,18.70%,18.70%,0,4.33%,-7.61%,,,,,,,,,,,,
,,,,,,,,,,,,,,,,,,2020,4/7/2020,546.60 CHF,,,,,,,,,,4.02%,546.60 CHF,22.00,605.43,446.00,507.50,63%,11%,3.63%,4.93%,4.02%,15.53%,15.53%,0,4.33%,-5.07%,,,,,,,,,,,,
,,,,,,,,,,,,,,,,,,2020,4/8/2020,519.60 CHF,,,,,,,,,,4.23%,519.60 CHF,22.00,605.43,446.00,507.50,46%,17%,3.63%,4.93%,4.23%,21.54%,21.54%,0,4.33%,-9.76%,,,,,,,,,,,,
,,,,,,,,,,,,,,,,,,2020,4/9/2020,517.00 CHF,,,,,,,,,,4.26%,517.00 CHF,22.00,605.43,446.00,507.50,45%,17%,3.63%,4.93%,4.26%,22.15%,22.15%,0,4.33%,-10.21%,,,,,,,,,,,,
,,,,,,,,,,,,,,,,,,2020,4/14/2020,522.00 CHF,,,,,,,,,,4.21%,522.00 CHF,22.00,605.43,446.00,507.50,48%,16%,3.63%,4.93%,4.21%,20.98%,20.98%,0,4.33%,-9.34%,,,,,,,,,,,,
,,,,,,,,,,,,,,,,,,2020,4/15/2020,515.00 CHF,,,,,,,,,,4.27%,515.00 CHF,22.00,605.43,446.00,507.50,43%,18%,3.63%,4.93%,4.27%,22.62%,22.62%,0,4.33%,-10.56%,,,,,,,,,,,,
,,,,,,,,,,,,,,,,,,2020,4/16/2020,519.80 CHF,,,,,,,,,,4.23%,519.80 CHF,22.00,605.43,446.00,507.50,46%,16%,3.63%,4.93%,4.23%,21.49%,21.49%,0,4.33%,-9.73%,,,,,,,,,,,,
,,,,,,,,,,,,,,,,,,2020,4/17/2020,517.60 CHF,,,,,,,,,,4.25%,517.60 CHF,22.00,605.43,446.00,507.50,45%,17%,3.63%,4.93%,4.25%,22.01%,22.01%,0,4.33%,-10.11%,,,,,,,,,,,,
,,,,,,,,,,,,,,,,,,2020,4/20/2020,520.80 CHF,,,,,,,,,,4.22%,520.80 CHF,22.00,605.43,446.00,507.50,47%,16%,3.63%,4.93%,4.22%,21.26%,21.26%,0,4.33%,-9.55%,,,,,,,,,,,,
,,,,,,,,,,,,,,,,,,2020,4/21/2020,511.20 CHF,,,,,,,,,,4.30%,511.20 CHF,22.00,605.43,446.00,507.50,41%,18%,3.63%,4.93%,4.30%,23.53%,23.53%,0,4.33%,-11.22%,,,,,,,,,,,,
,,,,,,,,,,,,,,,,,,2020,4/22/2020,519.20 CHF,,,,,,,,,,4.24%,519.20 CHF,22.00,605.43,446.00,507.50,46%,17%,3.63%,4.93%,4.24%,21.63%,21.63%,0,4.33%,-9.83%,,,,,,,,,,,,
,,,,,,,,,,,,,,,,,,2020,4/23/2020,513.60 CHF,,,,,,,,,,4.28%,513.60 CHF,22.00,605.43,446.00,507.50,42%,18%,3.63%,4.93%,4.28%,22.96%,22.96%,0,4.33%,-10.80%,,,,,,,,,,,,
,,,,,,,,,,,,,,,,,,2020,4/24/2020,511.00 CHF,,,,,,,,,,4.31%,511.00 CHF,22.00,605.43,446.00,507.50,41%,18%,3.63%,4.93%,4.31%,23.58%,23.58%,0,4.33%,-11.25%,,,,,,,,,,,,
,,,,,,,,,,,,,,,,,,2020,4/27/2020,514.80 CHF,,,,,,,,,,4.27%,514.80 CHF,22.00,605.43,446.00,507.50,43%,18%,3.63%,4.93%,4.27%,22.67%,22.67%,0,4.33%,-10.59%,,,,,,,,,,,,
,,,,,,,,,,,,,,,,,,2020,4/28/2020,519.80 CHF,,,,,,,,,,4.23%,519.80 CHF,22.00,605.43,446.00,507.50,46%,16%,3.63%,4.93%,4.23%,21.49%,21.49%,0,4.33%,-9.73%,,,,,,,,,,,,
,,,,,,,,,,,,,,,,,,2020,4/29/2020,519.00 CHF,,,,,,,,,,4.24%,519.00 CHF,22.00,605.43,446.00,507.50,46%,17%,3.63%,4.93%,4.24%,21.68%,21.68%,0,4.33%,-9.86%,,,,,,,,,,,,
,,,,,,,,,,,,,,,,,,2020,4/30/2020,501.80 CHF,,,,,,,,,,4.38%,501.80 CHF,22.00,605.43,446.00,507.50,35%,21%,3.63%,4.93%,4.38%,25.85%,25.85%,0,4.33%,-12.85%,,,,,,,,,,,,
,,,,,,,,,,,,,,,,,,2020,5/4/2020,494.00 CHF,,,,,,,,,,4.45%,494.00 CHF,22.00,605.43,446.00,507.50,30%,23%,3.63%,4.93%,4.45%,27.83%,27.83%,0,4.33%,-14.21%,,,,,,,,,,,,
,,,,,,,,,,,,,,,,,,2020,5/5/2020,497.00 CHF,,,,,,,,,,4.43%,497.00 CHF,22.00,605.43,446.00,507.50,32%,22%,3.63%,4.93%,4.43%,27.06%,27.06%,0,4.33%,-13.69%,,,,,,,,,,,,
,,,,,,,,,,,,,,,,,,2020,5/6/2020,492.60 CHF,,,,,,,,,,4.47%,492.60 CHF,22.00,605.43,446.00,507.50,29%,23%,3.63%,4.93%,4.47%,28.20%,28.20%,0,4.33%,-14.45%,,,,,,,,,,,,
,,,,,,,,,,,,,,,,,,2020,5/7/2020,488.20 CHF,,,,,,,,,,4.51%,488.20 CHF,22.00,605.43,446.00,507.50,26%,24%,3.63%,4.93%,4.51%,29.35%,29.35%,0,4.33%,-15.21%,,,,,,,,,,,,
,,,,,,,,,,,,,,,,,,2020,5/8/2020,500.00 CHF,,,,,,,,,,4.40%,500.00 CHF,22.00,605.43,446.00,507.50,34%,21%,3.63%,4.93%,4.40%,26.30%,26.30%,0,4.33%,-13.16%,,,,,,,,,,,,
,,,,,,,,,,,,,,,,,,2020,5/11/2020,497.30 CHF,,,,,,,,,,4.42%,497.30 CHF,22.00,605.43,446.00,507.50,32%,22%,3.63%,4.93%,4.42%,26.99%,26.99%,0,4.33%,-13.63%,,,,,,,,,,,,
,,,,,,,,,,,,,,,,,,2020,5/12/2020,501.40 CHF,,,,,,,,,,4.39%,501.40 CHF,22.00,605.43,446.00,507.50,35%,21%,3.63%,4.93%,4.39%,25.95%,25.95%,0,4.33%,-12.92%,,,,,,,,,,,,
,,,,,,,,,,,,,,,,,,2020,5/13/2020,505.60 CHF,,,,,,,,,,4.35%,505.60 CHF,22.00,605.43,446.00,507.50,37%,20%,3.63%,4.93%,4.35%,24.90%,24.90%,0,4.33%,-12.19%,,,,,,,,,,,,
,,,,,,,,,,,,,,,,,,2020,5/14/2020,493.90 CHF,,,,,,,,,,4.45%,493.90 CHF,22.00,605.43,446.00,507.50,30%,23%,3.63%,4.93%,4.45%,27.86%,27.86%,0,4.33%,-14.22%,,,,,,,,,,,,
,,,,,,,,,,,,,,,,,,2020,5/15/2020,490.30 CHF,,,,,,,,,,4.49%,490.30 CHF,22.00,605.43,446.00,507.50,28%,23%,3.63%,4.93%,4.49%,28.80%,28.80%,0,4.33%,-14.85%,,,,,,,,,,,,
,,,,,,,,,,,,,,,,,,2020,5/18/2020,501.60 CHF,,,,,,,,,,4.39%,501.60 CHF,22.00,605.43,446.00,507.50,35%,21%,3.63%,4.93%,4.39%,25.90%,25.90%,0,4.33%,-12.89%,,,,,,,,,,,,
,,,,,,,,,,,,,,,,,,2020,5/19/2020,486.10 CHF,,,,,,,,,,4.53%,486.10 CHF,22.00,605.43,446.00,507.50,25%,25%,3.63%,4.93%,4.53%,29.91%,29.91%,0,4.33%,-15.58%,,,,,,,,,,,,
,,,,,,,,,,,,,,,,,,2020,5/20/2020,491.00 CHF,,,,,,,,,,4.48%,491.00 CHF,22.00,605.43,446.00,507.50,28%,23%,3.63%,4.93%,4.48%,28.62%,28.62%,0,4.33%,-14.73%,,,,,,,,,,,,
,,,,,,,,,,,,,,,,,,2020,5/22/2020,492.90 CHF,,,,,,,,,,4.46%,492.90 CHF,22.00,605.43,446.00,507.50,29%,23%,3.63%,4.93%,4.46%,28.12%,28.12%,0,4.33%,-14.40%,,,,,,,,,,,,
,,,,,,,,,,,,,,,,,,2020,5/25/2020,492.70 CHF,,,,,,,,,,4.47%,492.70 CHF,22.00,605.43,446.00,507.50,29%,23%,3.63%,4.93%,4.47%,28.17%,28.17%,0,4.33%,-14.43%,,,,,,,,,,,,
,,,,,,,,,,,,,,,,,,2020,5/26/2020,494.50 CHF,,,,,,,,,,4.45%,494.50 CHF,22.00,605.43,446.00,507.50,30%,22%,3.63%,4.93%,4.45%,27.70%,27.70%,0,4.33%,-14.12%,,,,,,,,,,,,
,,,,,,,,,,,,,,,,,,2020,5/27/2020,487.10 CHF,,,,,,,,,,4.52%,487.10 CHF,22.00,605.43,446.00,507.50,26%,24%,3.63%,4.93%,4.52%,29.64%,29.64%,0,4.33%,-15.40%,,,,,,,,,,,,
,,,,,,,,,,,,,,,,,,2020,5/28/2020,492.80 CHF,,,,,,,,,,4.46%,492.80 CHF,22.00,605.43,446.00,507.50,29%,23%,3.63%,4.93%,4.46%,28.15%,28.15%,0,4.33%,-14.41%,,,,,,,,,,,,
,,,,,,,,,,,,,,,,,,2020,5/29/2020,499.80 CHF,,,,,,,,,,4.40%,499.80 CHF,22.00,605.43,446.00,507.50,34%,21%,3.63%,4.93%,4.40%,26.35%,26.35%,0,4.33%,-13.20%,,,,,,,,,,,,
,,,,,,,,,,,,,,,,,,2020,6/2/2020,497.30 CHF,,,,,,,,,,4.42%,497.30 CHF,22.00,605.43,446.00,507.50,32%,22%,3.63%,4.93%,4.42%,26.99%,26.99%,0,4.33%,-13.63%,,,,,,,,,,,,
,,,,,,,,,,,,,,,,,,2020,6/3/2020,504.00 CHF,,,,,,,,,,4.37%,504.00 CHF,22.00,605.43,446.00,507.50,36%,20%,3.63%,4.93%,4.37%,25.30%,25.30%,0,4.33%,-12.47%,,,,,,,,,,,,
,,,,,,,,,,,,,,,,,,2020,6/4/2020,508.20 CHF,,,,,,,,,,4.33%,508.20 CHF,22.00,605.43,446.00,507.50,39%,19%,3.63%,4.93%,4.33%,24.26%,24.26%,0,4.33%,-11.74%,,,,,,,,,,,,
,,,,,,,,,,,,,,,,,,2020,6/5/2020,501.20 CHF,,,,,,,,,,4.39%,501.20 CHF,22.00,605.43,446.00,507.50,35%,21%,3.63%,4.93%,4.39%,26.00%,26.00%,0,4.33%,-12.96%,,,,,,,,,,,,
,,,,,,,,,,,,,,,,,,2020,6/8/2020,505.40 CHF,,,,,,,,,,4.35%,505.40 CHF,22.00,605.43,446.00,507.50,37%,20%,3.63%,4.93%,4.35%,24.95%,24.95%,0,4.33%,-12.23%,,,,,,,,,,,,
,,,,,,,,,,,,,,,,,,2020,6/9/2020,506.20 CHF,,,,,,,,,,4.35%,506.20 CHF,22.00,605.43,446.00,507.50,38%,20%,3.63%,4.93%,4.35%,24.75%,24.75%,0,4.33%,-12.09%,,,,,,,,,,,,
,,,,,,,,,,,,,,,,,,2020,6/10/2020,507.80 CHF,,,,,,,,,,4.33%,507.80 CHF,22.00,605.43,446.00,507.50,39%,19%,3.63%,4.93%,4.33%,24.36%,24.36%,0,4.33%,-11.81%,,,,,,,,,,,,
,,,,,,,,,,,,,,,,,,2020,6/11/2020,484.70 CHF,,,,,,,,,,4.54%,484.70 CHF,22.00,605.43,446.00,507.50,24%,25%,3.63%,4.93%,4.54%,30.29%,30.29%,0,4.33%,-15.82%,,,,,,,,,,,,
,,,,,,,,,,,,,,,,,,2020,6/12/2020,487.20 CHF,,,,,,,,,,4.52%,487.20 CHF,22.00,605.43,446.00,507.50,26%,24%,3.63%,4.93%,4.52%,29.62%,29.62%,0,4.33%,-15.39%,,,,,,,,,,,,
,,,,,,,,,,,,,,,,,,2020,6/15/2020,485.00 CHF,,,,,,,,,,4.54%,485.00 CHF,22.00,605.43,446.00,507.50,24%,25%,3.63%,4.93%,4.54%,30.21%,30.21%,0,4.33%,-15.77%,,,,,,,,,,,,
,,,,,,,,,,,,,,,,,,2020,6/16/2020,497.10 CHF,,,,,,,,,,4.43%,497.10 CHF,22.00,605.43,446.00,507.50,32%,22%,3.63%,4.93%,4.43%,27.04%,27.04%,0,4.33%,-13.67%,,,,,,,,,,,,
,,,,,,,,,,,,,,,,,,2020,6/17/2020,493.60 CHF,,,,,,,,,,4.46%,493.60 CHF,22.00,605.43,446.00,507.50,30%,23%,3.63%,4.93%,4.46%,27.94%,27.94%,0,4.33%,-14.28%,,,,,,,,,,,,
,,,,,,,,,,,,,,,,,,2020,6/18/2020,499.90 CHF,,,,,,,,,,4.40%,499.90 CHF,22.00,605.43,446.00,507.50,34%,21%,3.63%,4.93%,4.40%,26.33%,26.33%,0,4.33%,-13.18%,,,,,,,,,,,,
,,,,,,,,,,,,,,,,,,2020,6/19/2020,503.60 CHF,,,,,,,,,,4.37%,503.60 CHF,22.00,605.43,446.00,507.50,36%,20%,3.63%,4.93%,4.37%,25.40%,25.40%,0,4.33%,-12.54%,,,,,,,,,,,,
,,,,,,,,,,,,,,,,,,2020,6/22/2020,501.20 CHF,,,,,,,,,,4.39%,501.20 CHF,22.00,605.43,446.00,507.50,35%,21%,3.63%,4.93%,4.39%,26.00%,26.00%,0,4.33%,-12.96%,,,,,,,,,,,,
,,,,,,,,,,,,,,,,,,2020,6/23/2020,498.50 CHF,,,,,,,,,,4.41%,498.50 CHF,22.00,605.43,446.00,507.50,33%,21%,3.63%,4.93%,4.41%,26.68%,26.68%,0,4.33%,-13.42%,,,,,,,,,,,,
,,,,,,,,,,,,,,,,,,2020,6/24/2020,492.50 CHF,,,,,,,,,,4.47%,492.50 CHF,22.00,605.43,446.00,507.50,29%,23%,3.63%,4.93%,4.47%,28.22%,28.22%,0,4.33%,-14.47%,,,,,,,,,,,,
,,,,,,,,,,,,,,,,,,2020,6/25/2020,496.80 CHF,,,,,,,,,,4.43%,496.80 CHF,22.00,605.43,446.00,507.50,32%,22%,3.63%,4.93%,4.43%,27.11%,27.11%,0,4.33%,-13.72%,,,,,,,,,,,,
,,,,,,,,,,,,,,,,,,2020,6/26/2020,491.40 CHF,,,,,,,,,,4.48%,491.40 CHF,22.00,605.43,446.00,507.50,28%,23%,3.63%,4.93%,4.48%,28.51%,28.51%,0,4.33%,-14.66%,,,,,,,,,,,,
,,,,,,,,,,,,,,,,,,2020,6/29/2020,494.90 CHF,,,,,,,,,,4.45%,494.90 CHF,22.00,605.43,446.00,507.50,31%,22%,3.63%,4.93%,4.45%,27.60%,27.60%,0,4.33%,-14.05%,,,,,,,,,,,,
,,,,,,,,,,,,,,,,,,2020,6/30/2020,495.90 CHF,,,,,,,,,,4.44%,495.90 CHF,22.00,605.43,446.00,507.50,31%,22%,3.63%,4.93%,4.44%,27.34%,27.34%,0,4.33%,-13.88%,,,,,,,,,,,,
,,,,,,,,,,,,,,,,,,2020,7/1/2020,491.90 CHF,,,,,,,,,,4.47%,491.90 CHF,22.00,605.43,446.00,507.50,29%,23%,3.63%,4.93%,4.47%,28.38%,28.38%,0,4.33%,-14.57%,,,,,,,,,,,,
,,,,,,,,,,,,,,,,,,2020,7/2/2020,496.20 CHF,,,,,,,,,,4.43%,496.20 CHF,22.00,605.43,446.00,507.50,31%,22%,3.63%,4.93%,4.43%,27.27%,27.27%,0,4.33%,-13.82%,,,,,,,,,,,,
,,,,,,,,,,,,,,,,,,2020,7/3/2020,493.30 CHF,,,,,,,,,,4.46%,493.30 CHF,22.00,605.43,446.00,507.50,30%,23%,3.63%,4.93%,4.46%,28.02%,28.02%,0,4.33%,-14.33%,,,,,,,,,,,,
,,,,,,,,,,,,,,,,,,2020,7/6/2020,495.00 CHF,,,,,,,,,,4.44%,495.00 CHF,22.00,605.43,446.00,507.50,31%,22%,3.63%,4.93%,4.44%,27.58%,27.58%,0,4.33%,-14.03%,,,,,,,,,,,,
,,,,,,,,,,,,,,,,,,2020,7/7/2020,490.10 CHF,,,,,,,,,,4.49%,490.10 CHF,22.00,605.43,446.00,507.50,28%,24%,3.63%,4.93%,4.49%,28.85%,28.85%,0,4.33%,-14.88%,,,,,,,,,,,,
,,,,,,,,,,,,,,,,,,2020,7/8/2020,491.10 CHF,,,,,,,,,,4.48%,491.10 CHF,22.00,605.43,446.00,507.50,28%,23%,3.63%,4.93%,4.48%,28.59%,28.59%,0,4.33%,-14.71%,,,,,,,,,,,,
,,,,,,,,,,,,,,,,,,2020,7/9/2020,489.00 CHF,,,,,,,,,,4.50%,489.00 CHF,22.00,605.43,446.00,507.50,27%,24%,3.63%,4.93%,4.50%,29.14%,29.14%,0,4.33%,-15.07%,,,,,,,,,,,,
,,,,,,,,,,,,,,,,,,2020,7/10/2020,492.20 CHF,,,,,,,,,,4.47%,492.20 CHF,22.00,605.43,446.00,507.50,29%,23%,3.63%,4.93%,4.47%,28.30%,28.30%,0,4.33%,-14.52%,,,,,,,,,,,,
,,,,,,,,,,,,,,,,,,2020,7/13/2020,495.70 CHF,,,,,,,,,,4.44%,495.70 CHF,22.00,605.43,446.00,507.50,31%,22%,3.63%,4.93%,4.44%,27.40%,27.40%,0,4.33%,-13.91%,,,,,,,,,,,,
,,,,,,,,,,,,,,,,,,2020,7/14/2020,500.40 CHF,,,,,,,,,,4.40%,500.40 CHF,22.00,605.43,446.00,507.50,34%,21%,3.63%,4.93%,4.40%,26.20%,26.20%,0,4.33%,-13.09%,,,,,,,,,,,,
,,,,,,,,,,,,,,,,,,2020,7/15/2020,496.60 CHF,,,,,,,,,,4.43%,496.60 CHF,22.00,605.43,446.00,507.50,32%,22%,3.63%,4.93%,4.43%,27.16%,27.16%,0,4.33%,-13.75%,,,,,,,,,,,,
,,,,,,,,,,,,,,,,,,2020,7/16/2020,500.00 CHF,,,,,,,,,,4.40%,500.00 CHF,22.00,605.43,446.00,507.50,34%,21%,3.63%,4.93%,4.40%,26.30%,26.30%,0,4.33%,-13.16%,,,,,,,,,,,,
,,,,,,,,,,,,,,,,,,2020,7/17/2020,500.20 CHF,,,,,,,,,,4.40%,500.20 CHF,22.00,605.43,446.00,507.50,34%,21%,3.63%,4.93%,4.40%,26.25%,26.25%,0,4.33%,-13.13%,,,,,,,,,,,,
,,,,,,,,,,,,,,,,,,2020,7/20/2020,502.20 CHF,,,,,,,,,,4.38%,502.20 CHF,22.00,605.43,446.00,507.50,35%,21%,3.63%,4.93%,4.38%,25.75%,25.75%,0,4.33%,-12.78%,,,,,,,,,,,,
,,,,,,,,,,,,,,,,,,2020,7/21/2020,500.00 CHF,,,,,,,,,,4.40%,500.00 CHF,22.00,605.43,446.00,507.50,34%,21%,3.63%,4.93%,4.40%,26.30%,26.30%,0,4.33%,-13.16%,,,,,,,,,,,,
,,,,,,,,,,,,,,,,,,2020,7/22/2020,498.00 CHF,,,,,,,,,,4.42%,498.00 CHF,22.00,605.43,446.00,507.50,33%,22%,3.63%,4.93%,4.42%,26.81%,26.81%,0,4.33%,-13.51%,,,,,,,,,,,,
,,,,,,,,,,,,,,,,,,2020,7/23/2020,495.50 CHF,,,,,,,,,,4.44%,495.50 CHF,22.00,605.43,446.00,507.50,31%,22%,3.63%,4.93%,4.44%,27.45%,27.45%,0,4.33%,-13.95%,,,,,,,,,,,,
,,,,,,,,,,,,,,,,,,2020,7/24/2020,494.10 CHF,,,,,,,,,,4.45%,494.10 CHF,22.00,605.43,446.00,507.50,30%,23%,3.63%,4.93%,4.45%,27.81%,27.81%,0,4.33%,-14.19%,,,,,,,,,,,,
,,,,,,,,,,,,,,,,,,2020,7/27/2020,491.40 CHF,,,,,,,,,,4.48%,491.40 CHF,22.00,605.43,446.00,507.50,28%,23%,3.63%,4.93%,4.48%,28.51%,28.51%,0,4.33%,-14.66%,,,,,,,,,,,,
,,,,,,,,,,,,,,,,,,2020,7/28/2020,490.00 CHF,,,,,,,,,,4.49%,490.00 CHF,22.00,605.43,446.00,507.50,28%,24%,3.63%,4.93%,4.49%,28.88%,28.88%,0,4.33%,-14.90%,,,,,,,,,,,,
,,,,,,,,,,,,,,,,,,2020,7/29/2020,494.10 CHF,,,,,,,,,,4.45%,494.10 CHF,22.00,605.43,446.00,507.50,30%,23%,3.63%,4.93%,4.45%,27.81%,27.81%,0,4.33%,-14.19%,,,,,,,,,,,,
,,,,,,,,,,,,,,,,,,2020,7/30/2020,487.80 CHF,,,,,,,,,,4.51%,487.80 CHF,22.00,605.43,446.00,507.50,26%,24%,3.63%,4.93%,4.51%,29.46%,29.46%,0,4.33%,-15.28%,,,,,,,,,,,,
,,,,,,,,,,,,,,,,,,2020,7/31/2020,485.80 CHF,,,,,,,,,,4.53%,485.80 CHF,22.00,605.43,446.00,507.50,25%,25%,3.63%,4.93%,4.53%,29.99%,29.99%,0,4.33%,-15.63%,,,,,,,,,,,,
,,,,,,,,,,,,,,,,,,2020,8/3/2020,492.60 CHF,,,,,,,,,,4.47%,492.60 CHF,22.00,605.43,446.00,507.50,29%,23%,3.63%,4.93%,4.47%,28.20%,28.20%,0,4.33%,-14.45%,,,,,,,,,,,,
,,,,,,,,,,,,,,,,,,2020,8/4/2020,493.70 CHF,,,,,,,,,,4.46%,493.70 CHF,22.00,605.43,446.00,507.50,30%,23%,3.63%,4.93%,4.46%,27.91%,27.91%,0,4.33%,-14.26%,,,,,,,,,,,,
,,,,,,,,,,,,,,,,,,2020,8/5/2020,487.60 CHF,,,,,,,,,,4.51%,487.60 CHF,22.00,605.43,446.00,507.50,26%,24%,3.63%,4.93%,4.51%,29.51%,29.51%,0,4.33%,-15.32%,,,,,,,,,,,,
,,,,,,,,,,,,,,,,,,2020,8/6/2020,479.80 CHF,,,,,,,,,,4.59%,479.80 CHF,22.00,605.43,446.00,507.50,21%,26%,3.63%,4.93%,4.59%,31.62%,31.62%,0,4.33%,-16.67%,,,,,,,,,,,,
,,,,,,,,,,,,,,,,,,2020,8/7/2020,481.80 CHF,,,,,,,,,,4.57%,481.80 CHF,22.00,605.43,446.00,507.50,22%,26%,3.63%,4.93%,4.57%,31.07%,31.07%,0,4.33%,-16.33%,,,,,,,,,,,,
,,,,,,,,,,,,,,,,,,2020,8/10/2020,486.80 CHF,,,,,,,,,,4.52%,486.80 CHF,22.00,605.43,446.00,507.50,26%,24%,3.63%,4.93%,4.52%,29.72%,29.72%,0,4.33%,-15.46%,,,,,,,,,,,,
,,,,,,,,,,,,,,,,,,2020,8/11/2020,494.30 CHF,,,,,,,,,,4.45%,494.30 CHF,22.00,605.43,446.00,507.50,30%,22%,3.63%,4.93%,4.45%,27.76%,27.76%,0,4.33%,-14.15%,,,,,,,,,,,,
,,,,,,,,,,,,,,,,,,2020,8/12/2020,506.80 CHF,,,,,,,,,,4.34%,506.80 CHF,22.00,605.43,446.00,507.50,38%,19%,3.63%,4.93%,4.34%,24.61%,24.61%,0,4.33%,-11.98%,,,,,,,,,,,,
,,,,,,,,,,,,,,,,,,2020,8/13/2020,506.00 CHF,,,,,,,,,,4.35%,506.00 CHF,22.00,605.43,446.00,507.50,38%,20%,3.63%,4.93%,4.35%,24.80%,24.80%,0,4.33%,-12.12%,,,,,,,,,,,,
,,,,,,,,,,,,,,,,,,2020,8/14/2020,505.00 CHF,,,,,,,,,,4.36%,505.00 CHF,22.00,605.43,446.00,507.50,37%,20%,3.63%,4.93%,4.36%,25.05%,25.05%,0,4.33%,-12.30%,,,,,,,,,,,,
,,,,,,,,,,,,,,,,,,2020,8/17/2020,508.00 CHF,,,,,,,,,,4.33%,508.00 CHF,22.00,605.43,446.00,507.50,39%,19%,3.63%,4.93%,4.33%,24.31%,24.31%,0,4.33%,-11.77%,,,,,,,,,,,,
,,,,,,,,,,,,,,,,,,2020,8/18/2020,511.60 CHF,,,,,,,,,,4.30%,511.60 CHF,22.00,605.43,446.00,507.50,41%,18%,3.63%,4.93%,4.30%,23.44%,23.44%,0,4.33%,-11.15%,,,,,,,,,,,,
,,,,,,,,,,,,,,,,,,2020,8/19/2020,523.00 CHF,,,,,,,,,,4.21%,523.00 CHF,22.00,605.43,446.00,507.50,48%,16%,3.63%,4.93%,4.21%,20.75%,20.75%,0,4.33%,-9.17%,,,,,,,,,,,,
,,,,,,,,,,,,,,,,,,2020,8/20/2020,518.00 CHF,,,,,,,,,,4.25%,518.00 CHF,22.00,605.43,446.00,507.50,45%,17%,3.63%,4.93%,4.25%,21.91%,21.91%,0,4.33%,-10.04%,,,,,,,,,,,,
,,,,,,,,,,,,,,,,,,2020,8/21/2020,515.60 CHF,,,,,,,,,,4.27%,515.60 CHF,22.00,605.43,446.00,507.50,44%,17%,3.63%,4.93%,4.27%,22.48%,22.48%,0,4.33%,-10.46%,,,,,,,,,,,,
,,,,,,,,,,,,,,,,,,2020,8/24/2020,518.80 CHF,,,,,,,,,,4.24%,518.80 CHF,22.00,605.43,446.00,507.50,46%,17%,3.63%,4.93%,4.24%,21.72%,21.72%,0,4.33%,-9.90%,,,,,,,,,,,,
,,,,,,,,,,,,,,,,,,2020,8/25/2020,510.00 CHF,,,,,,,,,,4.31%,510.00 CHF,22.00,605.43,446.00,507.50,40%,19%,3.63%,4.93%,4.31%,23.82%,23.82%,0,4.33%,-11.43%,,,,,,,,,,,,
,,,,,,,,,,,,,,,,,,2020,8/26/2020,511.40 CHF,,,,,,,,,,4.30%,511.40 CHF,22.00,605.43,446.00,507.50,41%,18%,3.63%,4.93%,4.30%,23.48%,23.48%,0,4.33%,-11.18%,,,,,,,,,,,,
,,,,,,,,,,,,,,,,,,2020,8/27/2020,511.20 CHF,,,,,,,,,,4.30%,511.20 CHF,22.00,605.43,446.00,507.50,41%,18%,3.63%,4.93%,4.30%,23.53%,23.53%,0,4.33%,-11.22%,,,,,,,,,,,,
,,,,,,,,,,,,,,,,,,2020,8/28/2020,504.20 CHF,,,,,,,,,,4.36%,504.20 CHF,22.00,605.43,446.00,507.50,37%,20%,3.63%,4.93%,4.36%,25.25%,25.25%,0,4.33%,-12.43%,,,,,,,,,,,,
,,,,,,,,,,,,,,,,,,2020,8/31/2020,500.00 CHF,,,,,,,,,,4.40%,500.00 CHF,22.00,605.43,446.00,507.50,34%,21%,3.63%,4.93%,4.40%,26.30%,26.30%,0,4.33%,-13.16%,,,,,,,,,,,,
,,,,,,,,,,,,,,,,,,2020,9/1/2020,496.70 CHF,,,,,,,,,,4.43%,496.70 CHF,22.00,605.43,446.00,507.50,32%,22%,3.63%,4.93%,4.43%,27.14%,27.14%,0,4.33%,-13.74%,,,,,,,,,,,,
,,,,,,,,,,,,,,,,,,2020,9/2/2020,504.60 CHF,,,,,,,,,,4.36%,504.60 CHF,22.00,605.43,446.00,507.50,37%,20%,3.63%,4.93%,4.36%,25.15%,25.15%,0,4.33%,-12.37%,,,,,,,,,,,,
,,,,,,,,,,,,,,,,,,2020,9/3/2020,503.00 CHF,,,,,,,,,,4.37%,503.00 CHF,22.00,605.43,446.00,507.50,36%,20%,3.63%,4.93%,4.37%,25.55%,25.55%,0,4.33%,-12.64%,,,,,,,,,,,,
,,,,,,,,,,,,,,,,,,2020,9/4/2020,502.60 CHF,,,,,,,,,,4.38%,502.60 CHF,22.00,605.43,446.00,507.50,36%,20%,3.63%,4.93%,4.38%,25.65%,25.65%,0,4.33%,-12.71%,,,,,,,,,,,,
,,,,,,,,,,,,,,,,,,2020,9/7/2020,505.00 CHF,,,,,,,,,,4.36%,505.00 CHF,22.00,605.43,446.00,507.50,37%,20%,3.63%,4.93%,4.36%,25.05%,25.05%,0,4.33%,-12.30%,,,,,,,,,,,,
,,,,,,,,,,,,,,,,,,2020,9/8/2020,500.00 CHF,,,,,,,,,,4.40%,500.00 CHF,22.00,605.43,446.00,507.50,34%,21%,3.63%,4.93%,4.40%,26.30%,26.30%,0,4.33%,-13.16%,,,,,,,,,,,,
,,,,,,,,,,,,,,,,,,2020,9/9/2020,509.40 CHF,,,,,,,,,,4.32%,509.40 CHF,22.00,605.43,446.00,507.50,40%,19%,3.63%,4.93%,4.32%,23.97%,23.97%,0,4.33%,-11.53%,,,,,,,,,,,,
,,,,,,,,,,,,,,,,,,2020,9/10/2020,501.60 CHF,,,,,,,,,,4.39%,501.60 CHF,22.00,605.43,446.00,507.50,35%,21%,3.63%,4.93%,4.39%,25.90%,25.90%,0,4.33%,-12.89%,,,,,,,,,,,,
,,,,,,,,,,,,,,,,,,2020,9/11/2020,500.40 CHF,,,,,,,,,,4.40%,500.40 CHF,22.00,605.43,446.00,507.50,34%,21%,3.63%,4.93%,4.40%,26.20%,26.20%,0,4.33%,-13.09%,,,,,,,,,,,,
,,,,,,,,,,,,,,,,,,2020,9/14/2020,494.50 CHF,,,,,,,,,,4.45%,494.50 CHF,22.00,605.43,446.00,507.50,30%,22%,3.63%,4.93%,4.45%,27.70%,27.70%,0,4.33%,-14.12%,,,,,,,,,,,,
,,,,,,,,,,,,,,,,,,2020,9/15/2020,495.60 CHF,,,,,,,,,,4.44%,495.60 CHF,22.00,605.43,446.00,507.50,31%,22%,3.63%,4.93%,4.44%,27.42%,27.42%,0,4.33%,-13.93%,,,,,,,,,,,,
,,,,,,,,,,,,,,,,,,2020,9/16/2020,500.60 CHF,,,,,,,,,,4.39%,500.60 CHF,22.00,605.43,446.00,507.50,34%,21%,3.63%,4.93%,4.39%,26.15%,26.15%,0,4.33%,-13.06%,,,,,,,,,,,,
,,,,,,,,,,,,,,,,,,2020,9/17/2020,500.60 CHF,,,,,,,,,,4.39%,500.60 CHF,22.00,605.43,446.00,507.50,34%,21%,3.63%,4.93%,4.39%,26.15%,26.15%,0,4.33%,-13.06%,,,,,,,,,,,,
,,,,,,,,,,,,,,,,,,2020,9/18/2020,499.50 CHF,,,,,,,,,,4.40%,499.50 CHF,22.00,605.43,446.00,507.50,34%,21%,3.63%,4.93%,4.40%,26.43%,26.43%,0,4.33%,-13.25%,,,,,,,,,,,,
,,,,,,,,,,,,,,,,,,2020,9/21/2020,499.20 CHF,,,,,,,,,,4.41%,499.20 CHF,22.00,605.43,446.00,507.50,33%,21%,3.63%,4.93%,4.41%,26.50%,26.50%,0,4.33%,-13.30%,,,,,,,,,,,,
,,,,,,,,,,,,,,,,,,2020,9/22/2020,503.00 CHF,,,,,,,,,,4.37%,503.00 CHF,22.00,605.43,446.00,507.50,36%,20%,3.63%,4.93%,4.37%,25.55%,25.55%,0,4.33%,-12.64%,,,,,,,,,,,,
,,,,,,,,,,,,,,,,,,2020,9/23/2020,501.00 CHF,,,,,,,,,,4.39%,501.00 CHF,22.00,605.43,446.00,507.50,34%,21%,3.63%,4.93%,4.39%,26.05%,26.05%,0,4.33%,-12.99%,,,,,,,,,,,,
,,,,,,,,,,,,,,,,,,2020,9/24/2020,498.40 CHF,,,,,,,,,,4.41%,498.40 CHF,22.00,605.43,446.00,507.50,33%,21%,3.63%,4.93%,4.41%,26.71%,26.71%,0,4.33%,-13.44%,,,,,,,,,,,,
,,,,,,,,,,,,,,,,,,2020,9/25/2020,494.00 CHF,,,,,,,,,,4.45%,494.00 CHF,22.00,605.43,446.00,507.50,30%,23%,3.63%,4.93%,4.45%,27.83%,27.83%,0,4.33%,-14.21%,,,,,,,,,,,,
,,,,,,,,,,,,,,,,,,2020,9/28/2020,495.50 CHF,,,,,,,,,,4.44%,495.50 CHF,22.00,605.43,446.00,507.50,31%,22%,3.63%,4.93%,4.44%,27.45%,27.45%,0,4.33%,-13.95%,,,,,,,,,,,,
,,,,,,,,,,,,,,,,,,2020,9/29/2020,492.20 CHF,,,,,,,,,,4.47%,492.20 CHF,22.00,605.43,446.00,507.50,29%,23%,3.63%,4.93%,4.47%,28.30%,28.30%,0,4.33%,-14.52%,,,,,,,,,,,,
,,,,,,,,,,,,,,,,,,2020,9/30/2020,488.60 CHF,,,,,,,,,,4.50%,488.60 CHF,22.00,605.43,446.00,507.50,27%,24%,3.63%,4.93%,4.50%,29.25%,29.25%,0,4.33%,-15.14%,,,,,,,,,,,,
,,,,,,,,,,,,,,,,,,2020,10/1/2020,491.30 CHF,,,,,,,,,,4.48%,491.30 CHF,22.00,605.43,446.00,507.50,28%,23%,3.63%,4.93%,4.48%,28.54%,28.54%,0,4.33%,-14.68%,,,,,,,,,,,,
,,,,,,,,,,,,,,,,,,2020,10/2/2020,494.90 CHF,,,,,,,,,,4.45%,494.90 CHF,22.00,605.43,446.00,507.50,31%,22%,3.63%,4.93%,4.45%,27.60%,27.60%,0,4.33%,-14.05%,,,,,,,,,,,,
,,,,,,,,,,,,,,,,,,2020,10/5/2020,495.60 CHF,,,,,,,,,,4.44%,495.60 CHF,22.00,605.43,446.00,507.50,31%,22%,3.63%,4.93%,4.44%,27.42%,27.42%,0,4.33%,-13.93%,,,,,,,,,,,,
,,,,,,,,,,,,,,,,,,2020,10/6/2020,494.20 CHF,,,,,,,,,,4.45%,494.20 CHF,22.00,605.43,446.00,507.50,30%,23%,3.63%,4.93%,4.45%,27.78%,27.78%,0,4.33%,-14.17%,,,,,,,,,,,,
,,,,,,,,,,,,,,,,,,2020,10/7/2020,488.40 CHF,,,,,,,,,,4.50%,488.40 CHF,22.00,605.43,446.00,507.50,27%,24%,3.63%,4.93%,4.50%,29.30%,29.30%,0,4.33%,-15.18%,,,,,,,,,,,,
,,,,,,,,,,,,,,,,,,2020,10/8/2020,494.00 CHF,,,,,,,,,,4.45%,494.00 CHF,22.00,605.43,446.00,507.50,30%,23%,3.63%,4.93%,4.45%,27.83%,27.83%,0,4.33%,-14.21%,,,,,,,,,,,,
,,,,,,,,,,,,,,,,,,2020,10/9/2020,494.10 CHF,,,,,,,,,,4.45%,494.10 CHF,22.00,605.43,446.00,507.50,30%,23%,3.63%,4.93%,4.45%,27.81%,27.81%,0,4.33%,-14.19%,,,,,,,,,,,,
,,,,,,,,,,,,,,,,,,2020,10/12/2020,498.00 CHF,,,,,,,,,,4.42%,498.00 CHF,22.00,605.43,446.00,507.50,33%,22%,3.63%,4.93%,4.42%,26.81%,26.81%,0,4.33%,-13.51%,,,,,,,,,,,,
,,,,,,,,,,,,,,,,,,2020,10/13/2020,500.40 CHF,,,,,,,,,,4.40%,500.40 CHF,22.00,605.43,446.00,507.50,34%,21%,3.63%,4.93%,4.40%,26.20%,26.20%,0,4.33%,-13.09%,,,,,,,,,,,,
,,,,,,,,,,,,,,,,,,2020,10/14/2020,499.40 CHF,,,,,,,,,,4.41%,499.40 CHF,22.00,605.43,446.00,507.50,33%,21%,3.63%,4.93%,4.41%,26.45%,26.45%,0,4.33%,-13.27%,,,,,,,,,,,,
,,,,,,,,,,,,,,,,,,2020,10/15/2020,487.30 CHF,,,,,,,,,,4.51%,487.30 CHF,22.00,605.43,446.00,507.50,26%,24%,3.63%,4.93%,4.51%,29.59%,29.59%,0,4.33%,-15.37%,,,,,,,,,,,,
,,,,,,,,,,,,,,,,,,2020,10/16/2020,486.30 CHF,,,,,,,,,,4.52%,486.30 CHF,22.00,605.43,446.00,507.50,25%,24%,3.63%,4.93%,4.52%,29.86%,29.86%,0,4.33%,-15.54%,,,,,,,,,,,,
,,,,,,,,,,,,,,,,,,2020,10/19/2020,482.40 CHF,,,,,,,,,,4.56%,482.40 CHF,22.00,605.43,446.00,507.50,23%,26%,3.63%,4.93%,4.56%,30.91%,30.91%,0,4.33%,-16.22%,,,,,,,,,,,,
,,,,,,,,,,,,,,,,,,2020,10/20/2020,476.70 CHF,,,,,,,,,,4.62%,476.70 CHF,22.00,605.43,446.00,507.50,19%,27%,3.63%,4.93%,4.62%,32.47%,32.47%,0,4.33%,-17.21%,,,,,,,,,,,,
,,,,,,,,,,,,,,,,,,2020,10/21/2020,468.90 CHF,,,,,,,,,,4.69%,468.90 CHF,22.00,605.43,446.00,507.50,14%,29%,3.63%,4.93%,4.69%,34.68%,34.68%,0,4.33%,-18.57%,,,,,,,,,,,,
,,,,,,,,,,,,,,,,,,2020,10/22/2020,468.40 CHF,,,,,,,,,,4.70%,468.40 CHF,22.00,605.43,446.00,507.50,14%,29%,3.63%,4.93%,4.70%,34.82%,34.82%,0,4.33%,-18.65%,,,,,,,,,,,,
,,,,,,,,,,,,,,,,,,2020,10/23/2020,469.80 CHF,,,,,,,,,,4.68%,469.80 CHF,22.00,605.43,446.00,507.50,15%,29%,3.63%,4.93%,4.68%,34.42%,34.42%,0,4.33%,-18.41%,,,,,,,,,,,,
,,,,,,,,,,,,,,,,,,2020,10/26/2020,471.10 CHF,,,,,,,,,,4.67%,471.10 CHF,22.00,605.43,446.00,507.50,16%,29%,3.63%,4.93%,4.67%,34.05%,34.05%,0,4.33%,-18.18%,,,,,,,,,,,,
,,,,,,,,,,,,,,,,,,2020,10/27/2020,467.30 CHF,,,,,,,,,,4.71%,467.30 CHF,22.00,605.43,446.00,507.50,13%,30%,3.63%,4.93%,4.71%,35.14%,35.14%,0,4.33%,-18.84%,,,,,,,,,,,,
,,,,,,,,,,,,,,,,,,2020,10/28/2020,462.90 CHF,,,,,,,,,,4.75%,462.90 CHF,22.00,605.43,446.00,507.50,11%,31%,3.63%,4.93%,4.75%,36.42%,36.42%,0,4.33%,-19.61%,,,,,,,,,,,,
,,,,,,,,,,,,,,,,,,2020,10/29/2020,471.00 CHF,,,,,,,,,,4.67%,471.00 CHF,22.00,605.43,446.00,507.50,16%,29%,3.63%,4.93%,4.67%,34.08%,34.08%,0,4.33%,-18.20%,,,,,,,,,,,,
,,,,,,,,,,,,,,,,,,2020,10/30/2020,466.30 CHF,,,,,,,,,,4.72%,466.30 CHF,22.00,605.43,446.00,507.50,13%,30%,3.63%,4.93%,4.72%,35.43%,35.43%,0,4.33%,-19.02%,,,,,,,,,,,,
,,,,,,,,,,,,,,,,,,2020,11/2/2020,471.00 CHF,,,,,,,,,,4.67%,471.00 CHF,22.00,605.43,446.00,507.50,16%,29%,3.63%,4.93%,4.67%,34.08%,34.08%,0,4.33%,-18.20%,,,,,,,,,,,,
,,,,,,,,,,,,,,,,,,2020,11/3/2020,473.40 CHF,,,,,,,,,,4.65%,473.40 CHF,22.00,605.43,446.00,507.50,17%,28%,3.63%,4.93%,4.65%,33.40%,33.40%,0,4.33%,-17.78%,,,,,,,,,,,,
,,,,,,,,,,,,,,,,,,2020,11/4/2020,479.40 CHF,,,,,,,,,,4.59%,479.40 CHF,22.00,605.43,446.00,507.50,21%,26%,3.63%,4.93%,4.59%,31.73%,31.73%,0,4.33%,-16.74%,,,,,,,,,,,,
,,,,,,,,,,,,,,,,,,2020,11/5/2020,477.60 CHF,,,,,,,,,,4.61%,477.60 CHF,22.00,605.43,446.00,507.50,20%,27%,3.63%,4.93%,4.61%,32.22%,32.22%,0,4.33%,-17.05%,,,,,,,,,,,,
,,,,,,,,,,,,,,,,,,2020,11/6/2020,472.30 CHF,,,,,,,,,,4.66%,472.30 CHF,22.00,605.43,446.00,507.50,16%,28%,3.63%,4.93%,4.66%,33.71%,33.71%,0,4.33%,-17.97%,,,,,,,,,,,,
,,,,,,,,,,,,,,,,,,2020,11/9/2020,477.00 CHF,,,,,,,,,,4.61%,477.00 CHF,22.00,605.43,446.00,507.50,19%,27%,3.63%,4.93%,4.61%,32.39%,32.39%,0,4.33%,-17.16%,,,,,,,,,,,,
,,,,,,,,,,,,,,,,,,2020,11/10/2020,476.60 CHF,,,,,,,,,,4.62%,476.60 CHF,22.00,605.43,446.00,507.50,19%,27%,3.63%,4.93%,4.62%,32.50%,32.50%,0,4.33%,-17.23%,,,,,,,,,,,,
,,,,,,,,,,,,,,,,,,2020,11/11/2020,479.60 CHF,,,,,,,,,,4.59%,479.60 CHF,22.00,605.43,446.00,507.50,21%,26%,3.63%,4.93%,4.59%,31.67%,31.67%,0,4.33%,-16.71%,,,,,,,,,,,,
,,,,,,,,,,,,,,,,,,2020,11/12/2020,480.60 CHF,,,,,,,,,,4.58%,480.60 CHF,22.00,605.43,446.00,507.50,22%,26%,3.63%,4.93%,4.58%,31.40%,31.40%,0,4.33%,-16.53%,,,,,,,,,,,,
,,,,,,,,,,,,,,,,,,2020,11/13/2020,479.60 CHF,,,,,,,,,,4.59%,479.60 CHF,22.00,605.43,446.00,507.50,21%,26%,3.63%,4.93%,4.59%,31.67%,31.67%,0,4.33%,-16.71%,,,,,,,,,,,,
,,,,,,,,,,,,,,,,,,2020,11/16/2020,484.50 CHF,,,,,,,,,,4.54%,484.50 CHF,22.00,605.43,446.00,507.50,24%,25%,3.63%,4.93%,4.54%,30.34%,30.34%,0,4.33%,-15.86%,,,,,,,,,,,,
,,,,,,,,,,,,,,,,,,2020,11/17/2020,485.50 CHF,,,,,,,,,,4.53%,485.50 CHF,22.00,605.43,446.00,507.50,25%,25%,3.63%,4.93%,4.53%,30.07%,30.07%,0,4.33%,-15.68%,,,,,,,,,,,,
,,,,,,,,,,,,,,,,,,2020,11/18/2020,485.30 CHF,,,,,,,,,,4.53%,485.30 CHF,22.00,605.43,446.00,507.50,25%,25%,3.63%,4.93%,4.53%,30.13%,30.13%,0,4.33%,-15.72%,,,,,,,,,,,,
,,,,,,,,,,,,,,,,,,2020,11/19/2020,478.80 CHF,,,,,,,,,,4.59%,478.80 CHF,22.00,605.43,446.00,507.50,21%,26%,3.63%,4.93%,4.59%,31.89%,31.89%,0,4.33%,-16.85%,,,,,,,,,,,,
,,,,,,,,,,,,,,,,,,2020,11/20/2020,479.30 CHF,,,,,,,,,,4.59%,479.30 CHF,22.00,605.43,446.00,507.50,21%,26%,3.63%,4.93%,4.59%,31.75%,31.75%,0,4.33%,-16.76%,,,,,,,,,,,,
,,,,,,,,,,,,,,,,,,2020,11/23/2020,476.50 CHF,,,,,,,,,,4.62%,476.50 CHF,22.00,605.43,446.00,507.50,19%,27%,3.63%,4.93%,4.62%,32.53%,32.53%,0,4.33%,-17.25%,,,,,,,,,,,,
,,,,,,,,,,,,,,,,,,2020,11/24/2020,474.00 CHF,,,,,,,,,,4.64%,474.00 CHF,22.00,605.43,446.00,507.50,18%,28%,3.63%,4.93%,4.64%,33.23%,33.23%,0,4.33%,-17.68%,,,,,,,,,,,,
,,,,,,,,,,,,,,,,,,2020,11/25/2020,480.50 CHF,,,,,,,,,,4.58%,480.50 CHF,22.00,605.43,446.00,507.50,22%,26%,3.63%,4.93%,4.58%,31.43%,31.43%,0,4.33%,-16.55%,,,,,,,,,,,,
,,,,,,,,,,,,,,,,,,2020,11/26/2020,480.00 CHF,,,,,,,,,,4.58%,480.00 CHF,22.00,605.43,446.00,507.50,21%,26%,3.63%,4.93%,4.58%,31.56%,31.56%,0,4.33%,-16.64%,,,,,,,,,,,,
,,,,,,,,,,,,,,,,,,2020,11/27/2020,481.10 CHF,,,,,,,,,,4.57%,481.10 CHF,22.00,605.43,446.00,507.50,22%,26%,3.63%,4.93%,4.57%,31.26%,31.26%,0,4.33%,-16.45%,,,,,,,,,,,,
,,,,,,,,,,,,,,,,,,2020,11/30/2020,480.00 CHF,,,,,,,,,,4.58%,480.00 CHF,22.00,605.43,446.00,507.50,21%,26%,3.63%,4.93%,4.58%,31.56%,31.56%,0,4.33%,-16.64%,,,,,,,,,,,,
,,,,,,,,,,,,,,,,,,2020,12/1/2020,480.00 CHF,,,,,,,,,,4.58%,480.00 CHF,22.00,605.43,446.00,507.50,21%,26%,3.63%,4.93%,4.58%,31.56%,31.56%,0,4.33%,-16.64%,,,,,,,,,,,,
,,,,,,,,,,,,,,,,,,2020,12/2/2020,479.00 CHF,,,,,,,,,,4.59%,479.00 CHF,22.00,605.43,446.00,507.50,21%,26%,3.63%,4.93%,4.59%,31.84%,31.84%,0,4.33%,-16.81%,,,,,,,,,,,,
,,,,,,,,,,,,,,,,,,2020,12/3/2020,476.10 CHF,,,,,,,,,,4.62%,476.10 CHF,22.00,605.43,446.00,507.50,19%,27%,3.63%,4.93%,4.62%,32.64%,32.64%,0,4.33%,-17.32%,,,,,,,,,,,,
,,,,,,,,,,,,,,,,,,2020,12/4/2020,475.50 CHF,,,,,,,,,,4.63%,475.50 CHF,22.00,605.43,446.00,507.50,19%,27%,3.63%,4.93%,4.63%,32.81%,32.81%,0,4.33%,-17.42%,,,,,,,,,,,,
,,,,,,,,,,,,,,,,,,2020,12/7/2020,473.20 CHF,,,,,,,,,,4.65%,473.20 CHF,22.00,605.43,446.00,507.50,17%,28%,3.63%,4.93%,4.65%,33.45%,33.45%,0,4.33%,-17.82%,,,,,,,,,,,,
,,,,,,,,,,,,,,,,,,2020,12/8/2020,473.30 CHF,,,,,,,,,,4.65%,473.30 CHF,22.00,605.43,446.00,507.50,17%,28%,3.63%,4.93%,4.65%,33.42%,33.42%,0,4.33%,-17.80%,,,,,,,,,,,,
,,,,,,,,,,,,,,,,,,2020,12/9/2020,478.70 CHF,,,,,,,,,,4.60%,478.70 CHF,22.00,605.43,446.00,507.50,21%,26%,3.63%,4.93%,4.60%,31.92%,31.92%,0,4.33%,-16.86%,,,,,,,,,,,,
,,,,,,,,,,,,,,,,,,2020,12/10/2020,477.40 CHF,,,,,,,,,,4.61%,477.40 CHF,22.00,605.43,446.00,507.50,20%,27%,3.63%,4.93%,4.61%,32.28%,32.28%,0,4.33%,-17.09%,,,,,,,,,,,,
,,,,,,,,,,,,,,,,,,2020,12/11/2020,475.30 CHF,,,,,,,,,,4.63%,475.30 CHF,22.00,605.43,446.00,507.50,18%,27%,3.63%,4.93%,4.63%,32.86%,32.86%,0,4.33%,-17.45%,,,,,,,,,,,,
,,,,,,,,,,,,,,,,,,2020,12/14/2020,475.90 CHF,,,,,,,,,,4.62%,475.90 CHF,22.00,605.43,446.00,507.50,19%,27%,3.63%,4.93%,4.62%,32.70%,32.70%,0,4.33%,-17.35%,,,,,,,,,,,,
,,,,,,,,,,,,,,,,,,2020,12/15/2020,470.50 CHF,,,,,,,,,,4.68%,470.50 CHF,22.00,605.43,446.00,507.50,15%,29%,3.63%,4.93%,4.68%,34.22%,34.22%,0,4.33%,-18.29%,,,,,,,,,,,,
,,,,,,,,,,,,,,,,,,2020,12/16/2020,473.80 CHF,,,,,,,,,,4.64%,473.80 CHF,22.00,605.43,446.00,507.50,17%,28%,3.63%,4.93%,4.64%,33.28%,33.28%,0,4.33%,-17.71%,,,,,,,,,,,,
,,,,,,,,,,,,,,,,,,2020,12/17/2020,470.50 CHF,,,,,,,,,,4.68%,470.50 CHF,22.00,605.43,446.00,507.50,15%,29%,3.63%,4.93%,4.68%,34.22%,34.22%,0,4.33%,-18.29%,,,,,,,,,,,,
,,,,,,,,,,,,,,,,,,2020,12/18/2020,472.70 CHF,,,,,,,,,,4.65%,472.70 CHF,22.00,605.43,446.00,507.50,17%,28%,3.63%,4.93%,4.65%,33.59%,33.59%,0,4.33%,-17.91%,,,,,,,,,,,,
,,,,,,,,,,,,,,,,,,2020,12/21/2020,467.30 CHF,,,,,,,,,,4.71%,467.30 CHF,22.00,605.43,446.00,507.50,13%,30%,3.63%,4.93%,4.71%,35.14%,35.14%,0,4.33%,-18.84%,,,,,,,,,,,,
,,,,,,,,,,,,,,,,,,2020,12/22/2020,468.00 CHF,,,,,,,,,,4.70%,468.00 CHF,22.00,605.43,446.00,507.50,14%,29%,3.63%,4.93%,4.70%,34.94%,34.94%,0,4.33%,-18.72%,,,,,,,,,,,,
,,,,,,,,,,,,,,,,,,2020,12/23/2020,470.10 CHF,,,,,,,,,,4.68%,470.10 CHF,22.00,605.43,446.00,507.50,15%,29%,3.63%,4.93%,4.68%,34.33%,34.33%,0,4.33%,-18.36%,,,,,,,,,,,,
,,,,,,,,,,,,,,,,,,2020,12/28/2020,476.40 CHF,,,,,,,,,,4.62%,476.40 CHF,22.00,605.43,446.00,507.50,19%,27%,3.63%,4.93%,4.62%,32.56%,32.56%,0,4.33%,-17.26%,,,,,,,,,,,,
,,,,,,,,,,,,,,,,,,2020,12/29/2020,479.00 CHF,,,,,,,,,,4.59%,479.00 CHF,22.00,605.43,446.00,507.50,21%,26%,3.63%,4.93%,4.59%,31.84%,31.84%,0,4.33%,-16.81%,,,,,,,,,,,,
,,,,,,,,,,,,,,,,,,2020,12/30/2020,477.10 CHF,,,,,,,,,,4.61%,477.10 CHF,22.00,605.43,446.00,507.50,20%,27%,3.63%,4.93%,4.61%,32.36%,32.36%,0,4.33%,-17.14%,,,,,,,,,,,,
,,,,,,,,,,,,,,,,,,2021,1/4/2021,481.40 CHF,,,,,,,,,,4.57%,481.40 CHF,22.00,605.43,446.00,507.50,22%,26%,3.63%,4.93%,4.57%,31.18%,31.18%,0,4.33%,-16.39%,,,,,,,,,,,,
,,,,,,,,,,,,,,,,,,2021,1/5/2021,477.90 CHF,,,,,,,,,,4.60%,477.90 CHF,22.00,605.43,446.00,507.50,20%,27%,3.63%,4.93%,4.60%,32.14%,32.14%,0,4.33%,-17.00%,,,,,,,,,,,,
,,,,,,,,,,,,,,,,,,2021,1/6/2021,482.10 CHF,,,,,,,,,,4.56%,482.10 CHF,22.00,605.43,446.00,507.50,23%,26%,3.63%,4.93%,4.56%,30.99%,30.99%,0,4.33%,-16.27%,,,,,,,,,,,,
,,,,,,,,,,,,,,,,,,2021,1/7/2021,480.00 CHF,,,,,,,,,,4.58%,480.00 CHF,22.00,605.43,446.00,507.50,21%,26%,3.63%,4.93%,4.58%,31.56%,31.56%,0,4.33%,-16.64%,,,,,,,,,,,,
,,,,,,,,,,,,,,,,,,2021,1/8/2021,473.60 CHF,,,,,,,,,,4.65%,473.60 CHF,22.00,605.43,446.00,507.50,17%,28%,3.63%,4.93%,4.65%,33.34%,33.34%,0,4.33%,-17.75%,,,,,,,,,,,,
,,,,,,,,,,,,,,,,,,2021,1/11/2021,476.50 CHF,,,,,,,,,,4.62%,476.50 CHF,22.00,605.43,446.00,507.50,19%,27%,3.63%,4.93%,4.62%,32.53%,32.53%,0,4.33%,-17.25%,,,,,,,,,,,,
,,,,,,,,,,,,,,,,,,2021,1/12/2021,475.00 CHF,,,,,,,,,,4.63%,475.00 CHF,22.00,605.43,446.00,507.50,18%,27%,3.63%,4.93%,4.63%,32.95%,32.95%,0,4.33%,-17.51%,,,,,,,,,,,,
,,,,,,,,,,,,,,,,,,2021,1/13/2021,477.00 CHF,,,,,,,,,,4.61%,477.00 CHF,22.00,605.43,446.00,507.50,19%,27%,3.63%,4.93%,4.61%,32.39%,32.39%,0,4.33%,-17.16%,,,,,,,,,,,,
,,,,,,,,,,,,,,,,,,2021,1/14/2021,472.70 CHF,,,,,,,,,,4.65%,472.70 CHF,22.00,605.43,446.00,507.50,17%,28%,3.63%,4.93%,4.65%,33.59%,33.59%,0,4.33%,-17.91%,,,,,,,,,,,,
,,,,,,,,,,,,,,,,,,2021,1/15/2021,477.50 CHF,,,,,,,,,,4.61%,477.50 CHF,22.00,605.43,446.00,507.50,20%,27%,3.63%,4.93%,4.61%,32.25%,32.25%,0,4.33%,-17.07%,,,,,,,,,,,,
,,,,,,,,,,,,,,,,,,2021,1/18/2021,477.70 CHF,,,,,,,,,,4.61%,477.70 CHF,22.00,605.43,446.00,507.50,20%,27%,3.63%,4.93%,4.61%,32.20%,32.20%,0,4.33%,-17.04%,,,,,,,,,,,,
,,,,,,,,,,,,,,,,,,2021,1/19/2021,474.10 CHF,,,,,,,,,,4.64%,474.10 CHF,22.00,605.43,446.00,507.50,18%,28%,3.63%,4.93%,4.64%,33.20%,33.20%,0,4.33%,-17.66%,,,,,,,,,,,,
,,,,,,,,,,,,,,,,,,2021,1/20/2021,473.90 CHF,,,,,,,,,,4.64%,473.90 CHF,22.00,605.43,446.00,507.50,17%,28%,3.63%,4.93%,4.64%,33.26%,33.26%,0,4.33%,-17.70%,,,,,,,,,,,,
,,,,,,,,,,,,,,,,,,2021,1/21/2021,470.10 CHF,,,,,,,,,,4.68%,470.10 CHF,22.00,605.43,446.00,507.50,15%,29%,3.63%,4.93%,4.68%,34.33%,34.33%,0,4.33%,-18.36%,,,,,,,,,,,,
,,,,,,,,,,,,,,,,,,2021,1/22/2021,469.40 CHF,,,,,,,,,,4.69%,469.40 CHF,22.00,605.43,446.00,507.50,15%,29%,3.63%,4.93%,4.69%,34.53%,34.53%,0,4.33%,-18.48%,,,,,,,,,,,,
,,,,,,,,,,,,,,,,,,2021,1/25/2021,477.40 CHF,,,,,,,,,,4.61%,477.40 CHF,22.00,605.43,446.00,507.50,20%,27%,3.63%,4.93%,4.61%,32.28%,32.28%,0,4.33%,-17.09%,,,,,,,,,,,,
,,,,,,,,,,,,,,,,,,2021,1/26/2021,483.20 CHF,,,,,,,,,,4.55%,483.20 CHF,22.00,605.43,446.00,507.50,23%,25%,3.63%,4.93%,4.55%,30.69%,30.69%,0,4.33%,-16.08%,,,,,,,,,,,,
,,,,,,,,,,,,,,,,,,2021,1/27/2021,505.80 CHF,,,,,,,,,,4.35%,505.80 CHF,22.00,605.43,446.00,507.50,38%,20%,3.63%,4.93%,4.35%,24.85%,24.85%,0,4.33%,-12.16%,,,,,,,,,,,,
,,,,,,,,,,,,,,,,,,2021,1/28/2021,490.30 CHF,,,,,,,,,,4.49%,490.30 CHF,22.00,605.43,446.00,507.50,28%,23%,3.63%,4.93%,4.49%,28.80%,28.80%,0,4.33%,-14.85%,,,,,,,,,,,,
,,,,,,,,,,,,,,,,,,2021,1/29/2021,485.40 CHF,,,,,,,,,,4.53%,485.40 CHF,22.00,605.43,446.00,507.50,25%,25%,3.63%,4.93%,4.53%,30.10%,30.10%,0,4.33%,-15.70%,,,,,,,,,,,,
,,,,,,,,,,,,,,,,,,2021,2/1/2021,483.90 CHF,,,,,,,,,,4.55%,483.90 CHF,22.00,605.43,446.00,507.50,24%,25%,3.63%,4.93%,4.55%,30.50%,30.50%,0,4.33%,-15.96%,,,,,,,,,,,,
,,,,,,,,,,,,,,,,,,2021,2/2/2021,484.20 CHF,,,,,,,,,,4.54%,484.20 CHF,22.00,605.43,446.00,507.50,24%,25%,3.63%,4.93%,4.54%,30.42%,30.42%,0,4.33%,-15.91%,,,,,,,,,,,,
,,,,,,,,,,,,,,,,,,2021,2/3/2021,485.50 CHF,,,,,,,,,,4.53%,485.50 CHF,22.00,605.43,446.00,507.50,25%,25%,3.63%,4.93%,4.53%,30.07%,30.07%,0,4.33%,-15.68%,,,,,,,,,,,,
,,,,,,,,,,,,,,,,,,2021,2/4/2021,485.60 CHF,,,,,,,,,,4.53%,485.60 CHF,22.00,605.43,446.00,507.50,25%,25%,3.63%,4.93%,4.53%,30.05%,30.05%,0,4.33%,-15.67%,,,,,,,,,,,,
,,,,,,,,,,,,,,,,,,2021,2/5/2021,477.00 CHF,,,,,,,,,,4.61%,477.00 CHF,22.00,605.43,446.00,507.50,19%,27%,3.63%,4.93%,4.61%,32.39%,32.39%,0,4.33%,-17.16%,,,,,,,,,,,,
,,,,,,,,,,,,,,,,,,2021,2/8/2021,470.50 CHF,,,,,,,,,,4.68%,470.50 CHF,22.00,605.43,446.00,507.50,15%,29%,3.63%,4.93%,4.68%,34.22%,34.22%,0,4.33%,-18.29%,,,,,,,,,,,,
,,,,,,,,,,,,,,,,,,2021,2/9/2021,470.70 CHF,,,,,,,,,,4.67%,470.70 CHF,22.00,605.43,446.00,507.50,15%,29%,3.63%,4.93%,4.67%,34.16%,34.16%,0,4.33%,-18.25%,,,,,,,,,,,,
,,,,,,,,,,,,,,,,,,2021,2/10/2021,469.40 CHF,,,,,,,,,,4.69%,469.40 CHF,22.00,605.43,446.00,507.50,15%,29%,3.63%,4.93%,4.69%,34.53%,34.53%,0,4.33%,-18.48%,,,,,,,,,,,,
,,,,,,,,,,,,,,,,,,2021,2/11/2021,465.50 CHF,,,,,,,,,,4.73%,465.50 CHF,22.00,605.43,446.00,507.50,12%,30%,3.63%,4.93%,4.73%,35.66%,35.66%,0,4.33%,-19.16%,,,,,,,,,,,,
,,,,,,,,,,,,,,,,,,2021,2/12/2021,464.80 CHF,,,,,,,,,,4.73%,464.80 CHF,22.00,605.43,446.00,507.50,12%,30%,3.63%,4.93%,4.73%,35.86%,35.86%,0,4.33%,-19.28%,,,,,,,,,,,,
,,,,,,,,,,,,,,,,,,2021,2/15/2021,468.30 CHF,,,,,,,,,,4.70%,468.30 CHF,22.00,605.43,446.00,507.50,14%,29%,3.63%,4.93%,4.70%,34.85%,34.85%,0,4.33%,-18.67%,,,,,,,,,,,,
,,,,,,,,,,,,,,,,,,2021,2/16/2021,465.90 CHF,,,,,,,,,,4.72%,465.90 CHF,22.00,605.43,446.00,507.50,12%,30%,3.63%,4.93%,4.72%,35.54%,35.54%,0,4.33%,-19.09%,,,,,,,,,,,,
,,,,,,,,,,,,,,,,,,2021,2/17/2021,468.00 CHF,,,,,,,,,,4.70%,468.00 CHF,22.00,605.43,446.00,507.50,14%,29%,3.63%,4.93%,4.70%,34.94%,34.94%,0,4.33%,-18.72%,,,,,,,,,,,,
,,,,,,,,,,,,,,,,,,2021,2/18/2021,465.50 CHF,,,,,,,,,,4.73%,465.50 CHF,22.00,605.43,446.00,507.50,12%,30%,3.63%,4.93%,4.73%,35.66%,35.66%,0,4.33%,-19.16%,,,,,,,,,,,,
,,,,,,,,,,,,,,,,,,2021,2/19/2021,464.80 CHF,,,,,,,,,,4.73%,464.80 CHF,22.00,605.43,446.00,507.50,12%,30%,3.63%,4.93%,4.73%,35.86%,35.86%,0,4.33%,-19.28%,,,,,,,,,,,,
,,,,,,,,,,,,,,,,,,2021,2/22/2021,469.10 CHF,,,,,,,,,,4.69%,469.10 CHF,22.00,605.43,446.00,507.50,14%,29%,3.63%,4.93%,4.69%,34.62%,34.62%,0,4.33%,-18.53%,,,,,,,,,,,,
,,,,,,,,,,,,,,,,,,2021,2/23/2021,467.50 CHF,,,,,,,,,,4.71%,467.50 CHF,22.00,605.43,446.00,507.50,13%,30%,3.63%,4.93%,4.71%,35.08%,35.08%,0,4.33%,-18.81%,,,,,,,,,,,,
,,,,,,,,,,,,,,,,,,2021,2/24/2021,468.20 CHF,,,,,,,,,,4.70%,468.20 CHF,22.00,605.43,446.00,507.50,14%,29%,3.63%,4.93%,4.70%,34.88%,34.88%,0,4.33%,-18.69%,,,,,,,,,,,,
,,,,,,,,,,,,,,,,,,2021,2/25/2021,467.00 CHF,,,,,,,,,,4.71%,467.00 CHF,22.00,605.43,446.00,507.50,13%,30%,3.63%,4.93%,4.71%,35.22%,35.22%,0,4.33%,-18.90%,,,,,,,,,,,,
,,,,,,,,,,,,,,,,,,2021,2/26/2021,456.50 CHF,,,,,,,,,,4.82%,456.50 CHF,22.00,605.43,446.00,507.50,7%,33%,3.63%,4.93%,4.82%,38.34%,38.34%,0,4.33%,-20.72%,,,,,,,,,,,,
,,,,,,,,,,,,,,,,,,2021,3/1/2021,461.80 CHF,,,,,,,,,,4.76%,461.80 CHF,22.00,605.43,446.00,507.50,10%,31%,3.63%,4.93%,4.76%,36.75%,36.75%,0,4.33%,-19.80%,,,,,,,,,,,,
,,,,,,,,,,,,,,,,,,2021,3/2/2021,464.70 CHF,,,,,,,,,,4.73%,464.70 CHF,22.00,605.43,446.00,507.50,12%,30%,3.63%,4.93%,4.73%,35.89%,35.89%,0,4.33%,-19.29%,,,,,,,,,,,,
,,,,,,,,,,,,,,,,,,2021,3/3/2021,462.00 CHF,,,,,,,,,,4.76%,462.00 CHF,22.00,605.43,446.00,507.50,10%,31%,3.63%,4.93%,4.76%,36.69%,36.69%,0,4.33%,-19.76%,,,,,,,,,,,,
,,,,,,,,,,,,,,,,,,2021,3/4/2021,466.40 CHF,,,,,,,,,,4.72%,466.40 CHF,22.00,605.43,446.00,507.50,13%,30%,3.63%,4.93%,4.72%,35.40%,35.40%,0,4.33%,-19.00%,,,,,,,,,,,,
,,,,,,,,,,,,,,,,,,2021,3/5/2021,467.00 CHF,,,,,,,,,,4.71%,467.00 CHF,22.00,605.43,446.00,507.50,13%,30%,3.63%,4.93%,4.71%,35.22%,35.22%,0,4.33%,-18.90%,,,,,,,,,,,,
,,,,,,,,,,,,,,,,,,2021,3/8/2021,476.40 CHF,,,,,,,,,,4.62%,476.40 CHF,22.00,605.43,446.00,507.50,19%,27%,3.63%,4.93%,4.62%,32.56%,32.56%,0,4.33%,-17.26%,,,,,,,,,,,,
,,,,,,,,,,,,,,,,,,2021,3/9/2021,473.20 CHF,,,,,,,,,,4.65%,473.20 CHF,22.00,605.43,446.00,507.50,17%,28%,3.63%,4.93%,4.65%,33.45%,33.45%,0,4.33%,-17.82%,,,,,,,,,,,,
,,,,,,,,,,,,,,,,,,2021,3/10/2021,478.80 CHF,,,,,,,,,,4.59%,478.80 CHF,22.00,605.43,446.00,507.50,21%,26%,3.63%,4.93%,4.59%,31.89%,31.89%,0,4.33%,-16.85%,,,,,,,,,,,,
,,,,,,,,,,,,,,,,,,2021,3/11/2021,477.70 CHF,,,,,,,,,,4.61%,477.70 CHF,22.00,605.43,446.00,507.50,20%,27%,3.63%,4.93%,4.61%,32.20%,32.20%,0,4.33%,-17.04%,,,,,,,,,,,,
,,,,,,,,,,,,,,,,,,2021,3/12/2021,479.20 CHF,,,,,,,,,,4.59%,479.20 CHF,22.00,605.43,446.00,507.50,21%,26%,3.63%,4.93%,4.59%,31.78%,31.78%,0,4.33%,-16.78%,,,,,,,,,,,,
,,,,,,,,,,,,,,,,,,2021,3/15/2021,482.90 CHF,,,,,,,,,,4.56%,482.90 CHF,22.00,605.43,446.00,507.50,23%,25%,3.63%,4.93%,4.56%,30.77%,30.77%,0,4.33%,-16.13%,,,,,,,,,,,,
,,,,,,,,,,,,,,,,,,2021,3/16/2021,484.10 CHF,,,,,,,,,,4.54%,484.10 CHF,22.00,605.43,446.00,507.50,24%,25%,3.63%,4.93%,4.54%,30.45%,30.45%,0,4.33%,-15.93%,,,,,,,,,,,,
,,,,,,,,,,,,,,,,,,2021,3/17/2021,485.60 CHF,,,,,,,,,,4.53%,485.60 CHF,22.00,605.43,446.00,507.50,25%,25%,3.63%,4.93%,4.53%,30.05%,30.05%,0,4.33%,-15.67%,,,,,,,,,,,,
,,,,,,,,,,,,,,,,,,2021,3/18/2021,487.50 CHF,,,,,,,,,,4.51%,487.50 CHF,22.00,605.43,446.00,507.50,26%,24%,3.63%,4.93%,4.51%,29.54%,29.54%,0,4.33%,-15.34%,,,,,,,,,,,,
,,,,,,,,,,,,,,,,,,2021,3/19/2021,486.50 CHF,,,,,,,,,,4.52%,486.50 CHF,22.00,605.43,446.00,507.50,25%,24%,3.63%,4.93%,4.52%,29.80%,29.80%,0,4.33%,-15.51%,,,,,,,,,,,,
,,,,,,,,,,,,,,,,,,2021,3/22/2021,490.80 CHF,,,,,,,,,,4.48%,490.80 CHF,22.00,605.43,446.00,507.50,28%,23%,3.63%,4.93%,4.48%,28.67%,28.67%,0,4.33%,-14.76%,,,,,,,,,,,,
,,,,,,,,,,,,,,,,,,2021,3/23/2021,502.00 CHF,,,,,,,,,,4.38%,502.00 CHF,22.00,605.43,446.00,507.50,35%,21%,3.63%,4.93%,4.38%,25.80%,25.80%,0,4.33%,-12.82%,,,,,,,,,,,,
,,,,,,,,,,,,,,,,,,2021,3/24/2021,504.00 CHF,,,,,,,,,,4.37%,504.00 CHF,22.00,605.43,446.00,507.50,36%,20%,3.63%,4.93%,4.37%,25.30%,25.30%,0,4.33%,-12.47%,,,,,,,,,,,,
,,,,,,,,,,,,,,,,,,2021,3/25/2021,502.80 CHF,,,,,,,,,,4.38%,502.80 CHF,22.00,605.43,446.00,507.50,36%,20%,3.63%,4.93%,4.38%,25.60%,25.60%,0,4.33%,-12.68%,,,,,,,,,,,,
,,,,,,,,,,,,,,,,,,2021,3/26/2021,505.20 CHF,,,,,,,,,,4.35%,505.20 CHF,22.00,605.43,446.00,507.50,37%,20%,3.63%,4.93%,4.35%,25.00%,25.00%,0,4.33%,-12.26%,,,,,,,,,,,,
,,,,,,,,,,,,,,,,,,2021,3/29/2021,508.20 CHF,,,,,,,,,,4.33%,508.20 CHF,22.00,605.43,446.00,507.50,39%,19%,3.63%,4.93%,4.33%,24.26%,24.26%,0,4.33%,-11.74%,,,,,,,,,,,,
,,,,,,,,,,,,,,,,,,2021,3/30/2021,507.60 CHF,,,,,,,,,,4.33%,507.60 CHF,22.00,605.43,446.00,507.50,39%,19%,3.63%,4.93%,4.33%,24.41%,24.41%,0,4.33%,-11.84%,,,,,,,,,,,,
,,,,,,,,,,,,,,,,,,2021,3/31/2021,507.00 CHF,,,,,,,,,,4.34%,507.00 CHF,22.00,605.43,446.00,507.50,38%,19%,3.63%,4.93%,4.34%,24.56%,24.56%,0,4.33%,-11.95%,,,,,,,,,,,,
,,,,,,,,,,,,,,,,,,2021,4/1/2021,510.80 CHF,,,,,,,,,,4.31%,510.80 CHF,22.00,605.43,446.00,507.50,41%,19%,3.63%,4.93%,4.31%,23.63%,23.63%,0,4.33%,-11.29%,,,,,,,,,,,,
,,,,,,,,,,,,,,,,,,2021,4/6/2021,484.70 CHF,,,,,,,,,,4.54%,484.70 CHF,22.00,605.43,446.00,507.50,24%,25%,3.63%,4.93%,4.54%,30.29%,30.29%,0,4.33%,-15.82%,,,,,,,,,,,,
,,,,,,,,,,,,,,,,,,2021,4/7/2021,486.40 CHF,,,,,,,,,,4.52%,486.40 CHF,22.00,605.43,446.00,507.50,25%,24%,3.63%,4.93%,4.52%,29.83%,29.83%,0,4.33%,-15.53%,,,,,,,,,,,,
,,,,,,,,,,,,,,,,,,2021,4/8/2021,486.80 CHF,,,,,,,,,,4.52%,486.80 CHF,22.00,605.43,446.00,507.50,26%,24%,3.63%,4.93%,4.52%,29.72%,29.72%,0,4.33%,-15.46%,,,,,,,,,,,,
,,,,,,,,,,,,,,,,,,2021,4/9/2021,485.00 CHF,,,,,,,,,,4.54%,485.00 CHF,22.00,605.43,446.00,507.50,24%,25%,3.63%,4.93%,4.54%,30.21%,30.21%,0,4.33%,-15.77%,,,,,,,,,,,,
,,,,,,,,,,,,,,,,,,2021,4/12/2021,482.80 CHF,,,,,,,,,,4.56%,482.80 CHF,22.00,605.43,446.00,507.50,23%,25%,3.63%,4.93%,4.56%,30.80%,30.80%,0,4.33%,-16.15%,,,,,,,,,,,,
,,,,,,,,,,,,,,,,,,2021,4/13/2021,474.40 CHF,,,,,,,,,,4.64%,474.40 CHF,22.00,605.43,446.00,507.50,18%,28%,3.63%,4.93%,4.64%,33.12%,33.12%,0,4.33%,-17.61%,,,,,,,,,,,,
,,,,,,,,,,,,,,,,,,2021,4/14/2021,473.80 CHF,,,,,,,,,,4.64%,473.80 CHF,22.00,605.43,446.00,507.50,17%,28%,3.63%,4.93%,4.64%,33.28%,33.28%,0,4.33%,-17.71%,,,,,,,,,,,,
,,,,,,,,,,,,,,,,,,2021,4/15/2021,475.50 CHF,,,,,,,,,,4.63%,475.50 CHF,22.00,605.43,446.00,507.50,19%,27%,3.63%,4.93%,4.63%,32.81%,32.81%,0,4.33%,-17.42%,,,,,,,,,,,,
,,,,,,,,,,,,,,,,,,2021,4/16/2021,479.30 CHF,,,,,,,,,,4.59%,479.30 CHF,22.00,605.43,446.00,507.50,21%,26%,3.63%,4.93%,4.59%,31.75%,31.75%,0,4.33%,-16.76%,,,,,,,,,,,,
,,,,,,,,,,,,,,,,,,2021,4/19/2021,482.90 CHF,,,,,,,,,,4.56%,482.90 CHF,22.00,605.43,446.00,507.50,23%,25%,3.63%,4.93%,4.56%,30.77%,30.77%,0,4.33%,-16.13%,,,,,,,,,,,,
,,,,,,,,,,,,,,,,,,2021,4/20/2021,481.50 CHF,,,,,,,,,,4.57%,481.50 CHF,22.00,605.43,446.00,507.50,22%,26%,3.63%,4.93%,4.57%,31.15%,31.15%,0,4.33%,-16.38%,,,,,,,,,,,,
,,,,,,,,,,,,,,,,,,2021,4/21/2021,483.40 CHF,,,,,,,,,,4.55%,483.40 CHF,22.00,605.43,446.00,507.50,23%,25%,3.63%,4.93%,4.55%,30.64%,30.64%,0,4.33%,-16.05%,,,,,,,,,,,,
,,,,,,,,,,,,,,,,,,2021,4/22/2021,480.30 CHF,,,,,,,,,,4.58%,480.30 CHF,22.00,605.43,446.00,507.50,22%,26%,3.63%,4.93%,4.58%,31.48%,31.48%,0,4.33%,-16.59%,,,,,,,,,,,,
,,,,,,,,,,,,,,,,,,2021,4/23/2021,477.50 CHF,,,,,,,,,,4.61%,477.50 CHF,22.00,605.43,446.00,507.50,20%,27%,3.63%,4.93%,4.61%,32.25%,32.25%,0,4.33%,-17.07%,,,,,,,,,,,,
,,,,,,,,,,,,,,,,,,2021,4/26/2021,475.60 CHF,,,,,,,,,,4.63%,475.60 CHF,22.00,605.43,446.00,507.50,19%,27%,3.63%,4.93%,4.63%,32.78%,32.78%,0,4.33%,-17.40%,,,,,,,,,,,,
,,,,,,,,,,,,,,,,,,2021,4/27/2021,476.90 CHF,,,,,,,,,,4.61%,476.90 CHF,22.00,605.43,446.00,507.50,19%,27%,3.63%,4.93%,4.61%,32.42%,32.42%,0,4.33%,-17.18%,,,,,,,,,,,,
,,,,,,,,,,,,,,,,,,2021,4/28/2021,475.30 CHF,,,,,,,,,,4.63%,475.30 CHF,22.00,605.43,446.00,507.50,18%,27%,3.63%,4.93%,4.63%,32.86%,32.86%,0,4.33%,-17.45%,,,,,,,,,,,,
,,,,,,,,,,,,,,,,,,2021,4/29/2021,496.00 CHF,,,,,,,,,,4.44%,496.00 CHF,22.00,605.43,446.00,507.50,31%,22%,3.63%,4.93%,4.44%,27.32%,27.32%,0,4.33%,-13.86%,,,,,,,,,,,,
,,,,,,,,,,,,,,,,,,2021,4/30/2021,495.30 CHF,,,,,,,,,,4.44%,495.30 CHF,22.00,605.43,446.00,507.50,31%,22%,3.63%,4.93%,4.44%,27.50%,27.50%,0,4.33%,-13.98%,,,,,,,,,,,,
,,,,,,,,,,,,,,,,,,2021,5/3/2021,497.00 CHF,,,,,,,,,,4.43%,497.00 CHF,22.00,605.43,446.00,507.50,32%,22%,3.63%,4.93%,4.43%,27.06%,27.06%,0,4.33%,-13.69%,,,,,,,,,,,,
,,,,,,,,,,,,,,,,,,2021,5/4/2021,496.00 CHF,,,,,,,,,,4.44%,496.00 CHF,22.00,605.43,446.00,507.50,31%,22%,3.63%,4.93%,4.44%,27.32%,27.32%,0,4.33%,-13.86%,,,,,,,,,,,,
,,,,,,,,,,,,,,,,,,2021,5/5/2021,498.70 CHF,,,,,,,,,,4.41%,498.70 CHF,22.00,605.43,446.00,507.50,33%,21%,3.63%,4.93%,4.41%,26.63%,26.63%,0,4.33%,-13.39%,,,,,,,,,,,,
,,,,,,,,,,,,,,,,,,2021,5/6/2021,497.40 CHF,,,,,,,,,,4.42%,497.40 CHF,22.00,605.43,446.00,507.50,32%,22%,3.63%,4.93%,4.42%,26.96%,26.96%,0,4.33%,-13.62%,,,,,,,,,,,,
,,,,,,,,,,,,,,,,,,2021,5/7/2021,494.80 CHF,,,,,,,,,,4.45%,494.80 CHF,22.00,605.43,446.00,507.50,31%,22%,3.63%,4.93%,4.45%,27.63%,27.63%,0,4.33%,-14.07%,,,,,,,,,,,,
,,,,,,,,,,,,,,,,,,2021,5/10/2021,494.80 CHF,,,,,,,,,,4.45%,494.80 CHF,22.00,605.43,446.00,507.50,31%,22%,3.63%,4.93%,4.45%,27.63%,27.63%,0,4.33%,-14.07%,,,,,,,,,,,,
,,,,,,,,,,,,,,,,,,2021,5/11/2021,495.80 CHF,,,,,,,,,,4.44%,495.80 CHF,22.00,605.43,446.00,507.50,31%,22%,3.63%,4.93%,4.44%,27.37%,27.37%,0,4.33%,-13.89%,,,,,,,,,,,,
,,,,,,,,,,,,,,,,,,2021,5/12/2021,501.80 CHF,,,,,,,,,,4.38%,501.80 CHF,22.00,605.43,446.00,507.50,35%,21%,3.63%,4.93%,4.38%,25.85%,25.85%,0,4.33%,-12.85%,,,,,,,,,,,,
,,,,,,,,,,,,,,,,,,2021,5/14/2021,503.80 CHF,,,,,,,,,,4.37%,503.80 CHF,22.00,605.43,446.00,507.50,36%,20%,3.63%,4.93%,4.37%,25.35%,25.35%,0,4.33%,-12.50%,,,,,,,,,,,,
,,,,,,,,,,,,,,,,,,2021,5/17/2021,505.80 CHF,,,,,,,,,,4.35%,505.80 CHF,22.00,605.43,446.00,507.50,38%,20%,3.63%,4.93%,4.35%,24.85%,24.85%,0,4.33%,-12.16%,,,,,,,,,,,,
,,,,,,,,,,,,,,,,,,2021,5/18/2021,508.00 CHF,,,,,,,,,,4.33%,508.00 CHF,22.00,605.43,446.00,507.50,39%,19%,3.63%,4.93%,4.33%,24.31%,24.31%,0,4.33%,-11.77%,,,,,,,,,,,,
,,,,,,,,,,,,,,,,,,2021,5/19/2021,508.00 CHF,,,,,,,,,,4.33%,508.00 CHF,22.00,605.43,446.00,507.50,39%,19%,3.63%,4.93%,4.33%,24.31%,24.31%,0,4.33%,-11.77%,,,,,,,,,,,,
,,,,,,,,,,,,,,,,,,2021,5/20/2021,509.80 CHF,,,,,,,,,,4.32%,509.80 CHF,22.00,605.43,446.00,507.50,40%,19%,3.63%,4.93%,4.32%,23.87%,23.87%,0,4.33%,-11.46%,,,,,,,,,,,,
,,,,,,,,,,,,,,,,,,2021,5/21/2021,510.00 CHF,,,,,,,,,,4.31%,510.00 CHF,22.00,605.43,446.00,507.50,40%,19%,3.63%,4.93%,4.31%,23.82%,23.82%,0,4.33%,-11.43%,,,,,,,,,,,,
,,,,,,,,,,,,,,,,,,2021,5/25/2021,510.00 CHF,,,,,,,,,,4.31%,510.00 CHF,22.00,605.43,446.00,507.50,40%,19%,3.63%,4.93%,4.31%,23.82%,23.82%,0,4.33%,-11.43%,,,,,,,,,,,,
,,,,,,,,,,,,,,,,,,2021,5/26/2021,509.80 CHF,,,,,,,,,,4.32%,509.80 CHF,22.00,605.43,446.00,507.50,40%,19%,3.63%,4.93%,4.32%,23.87%,23.87%,0,4.33%,-11.46%,,,,,,,,,,,,
,,,,,,,,,,,,,,,,,,2021,5/27/2021,507.80 CHF,,,,,,,,,,4.33%,507.80 CHF,22.00,605.43,446.00,507.50,39%,19%,3.63%,4.93%,4.33%,24.36%,24.36%,0,4.33%,-11.81%,,,,,,,,,,,,
,,,,,,,,,,,,,,,,,,2021,5/28/2021,508.80 CHF,,,,,,,,,,4.32%,508.80 CHF,22.00,605.43,446.00,507.50,39%,19%,3.63%,4.93%,4.32%,24.12%,24.12%,0,4.33%,-11.64%,,,,,,,,,,,,
,,,,,,,,,,,,,,,,,,2021,5/31/2021,506.00 CHF,,,,,,,,,,4.35%,506.00 CHF,22.00,605.43,446.00,507.50,38%,20%,3.63%,4.93%,4.35%,24.80%,24.80%,0,4.33%,-12.12%,,,,,,,,,,,,
,,,,,,,,,,,,,,,,,,2021,6/1/2021,508.60 CHF,,,,,,,,,,4.33%,508.60 CHF,22.00,605.43,446.00,507.50,39%,19%,3.63%,4.93%,4.33%,24.16%,24.16%,0,4.33%,-11.67%,,,,,,,,,,,,
,,,,,,,,,,,,,,,,,,2021,6/2/2021,512.00 CHF,,,,,,,,,,4.30%,512.00 CHF,22.00,605.43,446.00,507.50,41%,18%,3.63%,4.93%,4.30%,23.34%,23.34%,0,4.33%,-11.08%,,,,,,,,,,,,
,,,,,,,,,,,,,,,,,,2021,6/3/2021,517.00 CHF,,,,,,,,,,4.26%,517.00 CHF,22.00,605.43,446.00,507.50,45%,17%,3.63%,4.93%,4.26%,22.15%,22.15%,0,4.33%,-10.21%,,,,,,,,,,,,
,,,,,,,,,,,,,,,,,,2021,6/4/2021,515.60 CHF,,,,,,,,,,4.27%,515.60 CHF,22.00,605.43,446.00,507.50,44%,17%,3.63%,4.93%,4.27%,22.48%,22.48%,0,4.33%,-10.46%,,,,,,,,,,,,
,,,,,,,,,,,,,,,,,,2021,6/7/2021,515.20 CHF,,,,,,,,,,4.27%,515.20 CHF,22.00,605.43,446.00,507.50,43%,18%,3.63%,4.93%,4.27%,22.57%,22.57%,0,4.33%,-10.52%,,,,,,,,,,,,
,,,,,,,,,,,,,,,,,,2021,6/8/2021,520.00 CHF,,,,,,,,,,4.23%,520.00 CHF,22.00,605.43,446.00,507.50,46%,16%,3.63%,4.93%,4.23%,21.44%,21.44%,0,4.33%,-9.69%,,,,,,,,,,,,
,,,,,,,,,,,,,,,,,,2021,6/9/2021,522.60 CHF,,,,,,,,,,4.21%,522.60 CHF,22.00,605.43,446.00,507.50,48%,16%,3.63%,4.93%,4.21%,20.84%,20.84%,0,4.33%,-9.24%,,,,,,,,,,,,
,,,,,,,,,,,,,,,,,,2021,6/10/2021,527.20 CHF,,,,,,,,,,4.17%,527.20 CHF,22.00,605.43,446.00,507.50,51%,15%,3.63%,4.93%,4.17%,19.78%,19.78%,0,4.33%,-8.44%,,,,,,,,,,,,
,,,,,,,,,,,,,,,,,,2021,6/11/2021,523.00 CHF,,,,,,,,,,4.21%,523.00 CHF,22.00,605.43,446.00,507.50,48%,16%,3.63%,4.93%,4.21%,20.75%,20.75%,0,4.33%,-9.17%,,,,,,,,,,,,
,,,,,,,,,,,,,,,,,,2021,6/14/2021,525.00 CHF,,,,,,,,,,4.19%,525.00 CHF,22.00,605.43,446.00,507.50,50%,15%,3.63%,4.93%,4.19%,20.29%,20.29%,0,4.33%,-8.82%,,,,,,,,,,,,
,,,,,,,,,,,,,,,,,,2021,6/15/2021,526.00 CHF,,,,,,,,,,4.18%,526.00 CHF,22.00,605.43,446.00,507.50,50%,15%,3.63%,4.93%,4.18%,20.06%,20.06%,0,4.33%,-8.65%,,,,,,,,,,,,
,,,,,,,,,,,,,,,,,,2021,6/16/2021,530.00 CHF,,,,,,,,,,4.15%,530.00 CHF,22.00,605.43,446.00,507.50,53%,14%,3.63%,4.93%,4.15%,19.15%,19.15%,0,4.33%,-7.95%,,,,,,,,,,,,
,,,,,,,,,,,,,,,,,,2021,6/17/2021,531.20 CHF,,,,,,,,,,4.14%,531.20 CHF,22.00,605.43,446.00,507.50,53%,14%,3.63%,4.93%,4.14%,18.88%,18.88%,0,4.33%,-7.75%,,,,,,,,,,,,
,,,,,,,,,,,,,,,,,,2021,6/18/2021,528.60 CHF,,,,,,,,,,4.16%,528.60 CHF,22.00,605.43,446.00,507.50,52%,15%,3.63%,4.93%,4.16%,19.47%,19.47%,0,4.33%,-8.20%,,,,,,,,,,,,
,,,,,,,,,,,,,,,,,,2021,6/21/2021,532.80 CHF,,,,,,,,,,4.13%,532.80 CHF,22.00,605.43,446.00,507.50,54%,14%,3.63%,4.93%,4.13%,18.52%,18.52%,0,4.33%,-7.47%,,,,,,,,,,,,
,,,,,,,,,,,,,,,,,,2021,6/22/2021,533.20 CHF,,,,,,,,,,4.13%,533.20 CHF,22.00,605.43,446.00,507.50,55%,14%,3.63%,4.93%,4.13%,18.44%,18.44%,0,4.33%,-7.40%,,,,,,,,,,,,
,,,,,,,,,,,,,,,,,,2021,6/23/2021,526.40 CHF,,,,,,,,,,4.18%,526.40 CHF,22.00,605.43,446.00,507.50,50%,15%,3.63%,4.93%,4.18%,19.97%,19.97%,0,4.33%,-8.58%,,,,,,,,,,,,
,,,,,,,,,,,,,,,,,,2021,6/24/2021,527.40 CHF,,,,,,,,,,4.17%,527.40 CHF,22.00,605.43,446.00,507.50,51%,15%,3.63%,4.93%,4.17%,19.74%,19.74%,0,4.33%,-8.41%,,,,,,,,,,,,
,,,,,,,,,,,,,,,,,,2021,6/25/2021,527.80 CHF,,,,,,,,,,4.17%,527.80 CHF,22.00,605.43,446.00,507.50,51%,15%,3.63%,4.93%,4.17%,19.65%,19.65%,0,4.33%,-8.34%,,,,,,,,,,,,
,,,,,,,,,,,,,,,,,,2021,6/28/2021,529.60 CHF,,,,,,,,,,4.15%,529.60 CHF,22.00,605.43,446.00,507.50,52%,14%,3.63%,4.93%,4.15%,19.24%,19.24%,0,4.33%,-8.02%,,,,,,,,,,,,
,,,,,,,,,,,,,,,,,,2021,6/29/2021,528.00 CHF,,,,,,,,,,4.17%,528.00 CHF,22.00,605.43,446.00,507.50,51%,15%,3.63%,4.93%,4.17%,19.60%,19.60%,0,4.33%,-8.30%,,,,,,,,,,,,
,,,,,,,,,,,,,,,,,,2021,6/30/2021,528.20 CHF,,,,,,,,,,4.17%,528.20 CHF,22.00,605.43,446.00,507.50,52%,15%,3.63%,4.93%,4.17%,19.56%,19.56%,0,4.33%,-8.27%,,,,,,,,,,,,
,,,,,,,,,,,,,,,,,,2021,7/1/2021,528.20 CHF,,,,,,,,,,4.17%,528.20 CHF,22.00,605.43,446.00,507.50,52%,15%,3.63%,4.93%,4.17%,19.56%,19.56%,0,4.33%,-8.27%,,,,,,,,,,,,
,,,,,,,,,,,,,,,,,,2021,7/2/2021,527.60 CHF,,,,,,,,,,4.17%,527.60 CHF,22.00,605.43,446.00,507.50,51%,15%,3.63%,4.93%,4.17%,19.69%,19.69%,0,4.33%,-8.37%,,,,,,,,,,,,
,,,,,,,,,,,,,,,,,,2021,7/5/2021,528.80 CHF,,,,,,,,,,4.16%,528.80 CHF,22.00,605.43,446.00,507.50,52%,14%,3.63%,4.93%,4.16%,19.42%,19.42%,0,4.33%,-8.16%,,,,,,,,,,,,
,,,,,,,,,,,,,,,,,,2021,7/6/2021,531.60 CHF,,,,,,,,,,4.14%,531.60 CHF,22.00,605.43,446.00,507.50,54%,14%,3.63%,4.93%,4.14%,18.79%,18.79%,0,4.33%,-7.68%,,,,,,,,,,,,
,,,,,,,,,,,,,,,,,,2021,7/7/2021,536.80 CHF,,,,,,,,,,4.10%,536.80 CHF,22.00,605.43,446.00,507.50,57%,13%,3.63%,4.93%,4.10%,17.64%,17.64%,0,4.33%,-6.77%,,,,,,,,,,,,
,,,,,,,,,,,,,,,,,,2021,7/8/2021,531.40 CHF,,,,,,,,,,4.14%,531.40 CHF,22.00,605.43,446.00,507.50,54%,14%,3.63%,4.93%,4.14%,18.84%,18.84%,0,4.33%,-7.71%,,,,,,,,,,,,
,,,,,,,,,,,,,,,,,,2021,7/9/2021,535.80 CHF,,,,,,,,,,4.11%,535.80 CHF,22.00,605.43,446.00,507.50,56%,13%,3.63%,4.93%,4.11%,17.86%,17.86%,0,4.33%,-6.95%,,,,,,,,,,,,
,,,,,,,,,,,,,,,,,,2021,7/12/2021,542.00 CHF,,,,,,,,,,4.06%,542.00 CHF,22.00,605.43,446.00,507.50,60%,12%,3.63%,4.93%,4.06%,16.51%,16.51%,0,4.33%,-5.87%,,,,,,,,,,,,
,,,,,,,,,,,,,,,,,,2021,7/13/2021,543.00 CHF,,,,,,,,,,4.05%,543.00 CHF,22.00,605.43,446.00,507.50,61%,11%,3.63%,4.93%,4.05%,16.30%,16.30%,0,4.33%,-5.70%,,,,,,,,,,,,
,,,,,,,,,,,,,,,,,,2021,7/14/2021,537.60 CHF,,,,,,,,,,4.09%,537.60 CHF,22.00,605.43,446.00,507.50,57%,13%,3.63%,4.93%,4.09%,17.47%,17.47%,0,4.33%,-6.63%,,,,,,,,,,,,
,,,,,,,,,,,,,,,,,,2021,7/15/2021,537.60 CHF,,,,,,,,,,4.09%,537.60 CHF,22.00,605.43,446.00,507.50,57%,13%,3.63%,4.93%,4.09%,17.47%,17.47%,0,4.33%,-6.63%,,,,,,,,,,,,
,,,,,,,,,,,,,,,,,,2021,7/16/2021,544.80 CHF,,,,,,,,,,4.04%,544.80 CHF,22.00,605.43,446.00,507.50,62%,11%,3.63%,4.93%,4.04%,15.91%,15.91%,0,4.33%,-5.38%,,,,,,,,,,,,
,,,,,,,,,,,,,,,,,,2021,7/19/2021,539.60 CHF,,,,,,,,,,4.08%,539.60 CHF,22.00,605.43,446.00,507.50,59%,12%,3.63%,4.93%,4.08%,17.03%,17.03%,0,4.33%,-6.29%,,,,,,,,,,,,
,,,,,,,,,,,,,,,,,,2021,7/20/2021,544.20 CHF,,,,,,,,,,4.04%,544.20 CHF,22.00,605.43,446.00,507.50,62%,11%,3.63%,4.93%,4.04%,16.04%,16.04%,0,4.33%,-5.49%,,,,,,,,,,,,
,,,,,,,,,,,,,,,,,,2021,7/21/2021,546.60 CHF,,,,,,,,,,4.02%,546.60 CHF,22.00,605.43,446.00,507.50,63%,11%,3.63%,4.93%,4.02%,15.53%,15.53%,0,4.33%,-5.07%,,,,,,,,,,,,
,,,,,,,,,,,,,,,,,,2021,7/22/2021,546.00 CHF,,,,,,,,,,4.03%,546.00 CHF,22.00,605.43,446.00,507.50,63%,11%,3.63%,4.93%,4.03%,15.66%,15.66%,0,4.33%,-5.18%,,,,,,,,,,,,
,,,,,,,,,,,,,,,,,,2021,7/23/2021,544.80 CHF,,,,,,,,,,4.04%,544.80 CHF,22.00,605.43,446.00,507.50,62%,11%,3.63%,4.93%,4.04%,15.91%,15.91%,0,4.33%,-5.38%,,,,,,,,,,,,
,,,,,,,,,,,,,,,,,,2021,7/26/2021,543.40 CHF,,,,,,,,,,4.05%,543.40 CHF,22.00,605.43,446.00,507.50,61%,11%,3.63%,4.93%,4.05%,16.21%,16.21%,0,4.33%,-5.63%,,,,,,,,,,,,
,,,,,,,,,,,,,,,,,,2021,7/27/2021,546.60 CHF,,,,,,,,,,4.02%,546.60 CHF,22.00,605.43,446.00,507.50,63%,11%,3.63%,4.93%,4.02%,15.53%,15.53%,0,4.33%,-5.07%,,,,,,,,,,,,
,,,,,,,,,,,,,,,,,,2021,7/28/2021,546.00 CHF,,,,,,,,,,4.03%,546.00 CHF,22.00,605.43,446.00,507.50,63%,11%,3.63%,4.93%,4.03%,15.66%,15.66%,0,4.33%,-5.18%,,,,,,,,,,,,
,,,,,,,,,,,,,,,,,,2021,7/29/2021,543.20 CHF,,,,,,,,,,4.05%,543.20 CHF,22.00,605.43,446.00,507.50,61%,11%,3.63%,4.93%,4.05%,16.26%,16.26%,0,4.33%,-5.66%,,,,,,,,,,,,
,,,,,,,,,,,,,,,,,,2021,7/30/2021,545.00 CHF,,,,,,,,,,4.04%,545.00 CHF,22.00,605.43,446.00,507.50,62%,11%,3.63%,4.93%,4.04%,15.87%,15.87%,0,4.33%,-5.35%,,,,,,,,,,,,
,,,,,,,,,,,,,,,,,,2021,8/2/2021,546.60 CHF,,,,,,,,,,4.02%,546.60 CHF,22.00,605.43,446.00,507.50,63%,11%,3.63%,4.93%,4.02%,15.53%,15.53%,0,4.33%,-5.07%,,,,,,,,,,,,
,,,,,,,,,,,,,,,,,,2021,8/3/2021,549.00 CHF,,,,,,,,,,4.01%,549.00 CHF,22.00,605.43,446.00,507.50,65%,10%,3.63%,4.93%,4.01%,15.03%,15.03%,0,4.33%,-4.65%,,,,,,,,,,,,
,,,,,,,,,,,,,,,,,,2021,8/4/2021,547.20 CHF,,,,,,,,,,4.02%,547.20 CHF,22.00,605.43,446.00,507.50,63%,11%,3.63%,4.93%,4.02%,15.41%,15.41%,0,4.33%,-4.97%,,,,,,,,,,,,
,,,,,,,,,,,,,,,,,,2021,8/5/2021,553.00 CHF,,,,,,,,,,3.98%,553.00 CHF,22.00,605.43,446.00,507.50,67%,9%,3.63%,4.93%,3.98%,14.20%,14.20%,0,4.33%,-3.96%,,,,,,,,,,,,
,,,,,,,,,,,,,,,,,,2021,8/6/2021,544.00 CHF,,,,,,,,,,4.04%,544.00 CHF,22.00,605.43,446.00,507.50,61%,11%,3.63%,4.93%,4.04%,16.08%,16.08%,0,4.33%,-5.52%,,,,,,,,,,,,
,,,,,,,,,,,,,,,,,,2021,8/9/2021,550.00 CHF,,,,,,,,,,4.00%,550.00 CHF,22.00,605.43,446.00,507.50,65%,10%,3.63%,4.93%,4.00%,14.82%,14.82%,0,4.33%,-4.48%,,,,,,,,,,,,
,,,,,,,,,,,,,,,,,,2021,8/10/2021,549.00 CHF,,,,,,,,,,4.01%,549.00 CHF,22.00,605.43,446.00,507.50,65%,10%,3.63%,4.93%,4.01%,15.03%,15.03%,0,4.33%,-4.65%,,,,,,,,,,,,
,,,,,,,,,,,,,,,,,,2021,8/11/2021,548.00 CHF,,,,,,,,,,4.01%,548.00 CHF,22.00,605.43,446.00,507.50,64%,10%,3.63%,4.93%,4.01%,15.24%,15.24%,0,4.33%,-4.83%,,,,,,,,,,,,
,,,,,,,,,,,,,,,,,,2021,8/12/2021,548.20 CHF,,,,,,,,,,4.01%,548.20 CHF,22.00,605.43,446.00,507.50,64%,10%,3.63%,4.93%,4.01%,15.20%,15.20%,0,4.33%,-4.79%,,,,,,,,,,,,
,,,,,,,,,,,,,,,,,,2021,8/13/2021,547.60 CHF,,,,,,,,,,4.02%,547.60 CHF,22.00,605.43,446.00,507.50,64%,11%,3.63%,4.93%,4.02%,15.32%,15.32%,0,4.33%,-4.90%,,,,,,,,,,,,
,,,,,,,,,,,,,,,,,,2021,8/16/2021,546.20 CHF,,,,,,,,,,4.03%,546.20 CHF,22.00,605.43,446.00,507.50,63%,11%,3.63%,4.93%,4.03%,15.62%,15.62%,0,4.33%,-5.14%,,,,,,,,,,,,
,,,,,,,,,,,,,,,,,,2021,8/17/2021,547.20 CHF,,,,,,,,,,4.02%,547.20 CHF,22.00,605.43,446.00,507.50,63%,11%,3.63%,4.93%,4.02%,15.41%,15.41%,0,4.33%,-4.97%,,,,,,,,,,,,
,,,,,,,,,,,,,,,,,,2021,8/18/2021,548.00 CHF,,,,,,,,,,4.01%,548.00 CHF,22.00,605.43,446.00,507.50,64%,10%,3.63%,4.93%,4.01%,15.24%,15.24%,0,4.33%,-4.83%,,,,,,,,,,,,
,,,,,,,,,,,,,,,,,,2021,8/19/2021,545.00 CHF,,,,,,,,,,4.04%,545.00 CHF,22.00,605.43,446.00,507.50,62%,11%,3.63%,4.93%,4.04%,15.87%,15.87%,0,4.33%,-5.35%,,,,,,,,,,,,
,,,,,,,,,,,,,,,,,,2021,8/20/2021,548.20 CHF,,,,,,,,,,4.01%,548.20 CHF,22.00,605.43,446.00,507.50,64%,10%,3.63%,4.93%,4.01%,15.20%,15.20%,0,4.33%,-4.79%,,,,,,,,,,,,
,,,,,,,,,,,,,,,,,,2021,8/23/2021,550.20 CHF,,,,,,,,,,4.00%,550.20 CHF,22.00,605.43,446.00,507.50,65%,10%,3.63%,4.93%,4.00%,14.78%,14.78%,0,4.33%,-4.45%,,,,,,,,,,,,
,,,,,,,,,,,,,,,,,,2021,8/24/2021,541.60 CHF,,,,,,,,,,4.06%,541.60 CHF,22.00,605.43,446.00,507.50,60%,12%,3.63%,4.93%,4.06%,16.60%,16.60%,0,4.33%,-5.94%,,,,,,,,,,,,
,,,,,,,,,,,,,,,,,,2021,8/25/2021,538.80 CHF,,,,,,,,,,4.08%,538.80 CHF,22.00,605.43,446.00,507.50,58%,12%,3.63%,4.93%,4.08%,17.20%,17.20%,0,4.33%,-6.43%,,,,,,,,,,,,
,,,,,,,,,,,,,,,,,,2021,8/26/2021,538.80 CHF,,,,,,,,,,4.08%,538.80 CHF,22.00,605.43,446.00,507.50,58%,12%,3.63%,4.93%,4.08%,17.20%,17.20%,0,4.33%,-6.43%,,,,,,,,,,,,
,,,,,,,,,,,,,,,,,,2021,8/27/2021,539.00 CHF,,,,,,,,,,4.08%,539.00 CHF,22.00,605.43,446.00,507.50,58%,12%,3.63%,4.93%,4.08%,17.16%,17.16%,0,4.33%,-6.39%,,,,,,,,,,,,
,,,,,,,,,,,,,,,,,,2021,8/30/2021,539.80 CHF,,,,,,,,,,4.08%,539.80 CHF,22.00,605.43,446.00,507.50,59%,12%,3.63%,4.93%,4.08%,16.99%,16.99%,0,4.33%,-6.25%,,,,,,,,,,,,
,,,,,,,,,,,,,,,,,,2021,8/31/2021,537.40 CHF,,,,,,,,,,4.09%,537.40 CHF,22.00,605.43,446.00,507.50,57%,13%,3.63%,4.93%,4.09%,17.51%,17.51%,0,4.33%,-6.67%,,,,,,,,,,,,
,,,,,,,,,,,,,,,,,,2021,9/1/2021,535.60 CHF,,,,,,,,,,4.11%,535.60 CHF,22.00,605.43,446.00,507.50,56%,13%,3.63%,4.93%,4.11%,17.91%,17.91%,0,4.33%,-6.98%,,,,,,,,,,,,
,,,,,,,,,,,,,,,,,,2021,9/2/2021,533.80 CHF,,,,,,,,,,4.12%,533.80 CHF,22.00,605.43,446.00,507.50,55%,13%,3.63%,4.93%,4.12%,18.30%,18.30%,0,4.33%,-7.29%,,,,,,,,,,,,
,,,,,,,,,,,,,,,,,,2021,9/3/2021,535.20 CHF,,,,,,,,,,4.11%,535.20 CHF,22.00,605.43,446.00,507.50,56%,13%,3.63%,4.93%,4.11%,17.99%,17.99%,0,4.33%,-7.05%,,,,,,,,,,,,
,,,,,,,,,,,,,,,,,,2021,9/6/2021,537.40 CHF,,,,,,,,,,4.09%,537.40 CHF,22.00,605.43,446.00,507.50,57%,13%,3.63%,4.93%,4.09%,17.51%,17.51%,0,4.33%,-6.67%,,,,,,,,,,,,
,,,,,,,,,,,,,,,,,,2021,9/7/2021,537.20 CHF,,,,,,,,,,4.10%,537.20 CHF,22.00,605.43,446.00,507.50,57%,13%,3.63%,4.93%,4.10%,17.55%,17.55%,0,4.33%,-6.70%,,,,,,,,,,,,
,,,,,,,,,,,,,,,,,,2021,9/8/2021,537.40 CHF,,,,,,,,,,4.09%,537.40 CHF,22.00,605.43,446.00,507.50,57%,13%,3.63%,4.93%,4.09%,17.51%,17.51%,0,4.33%,-6.67%,,,,,,,,,,,,
,,,,,,,,,,,,,,,,,,2021,9/9/2021,534.80 CHF,,,,,,,,,,4.11%,534.80 CHF,22.00,605.43,446.00,507.50,56%,13%,3.63%,4.93%,4.11%,18.08%,18.08%,0,4.33%,-7.12%,,,,,,,,,,,,
,,,,,,,,,,,,,,,,,,2021,9/10/2021,526.20 CHF,,,,,,,,,,4.18%,526.20 CHF,22.00,605.43,446.00,507.50,50%,15%,3.63%,4.93%,4.18%,20.01%,20.01%,0,4.33%,-8.61%,,,,,,,,,,,,
,,,,,,,,,,,,,,,,,,2021,9/13/2021,530.20 CHF,,,,,,,,,,4.15%,530.20 CHF,22.00,605.43,446.00,507.50,53%,14%,3.63%,4.93%,4.15%,19.11%,19.11%,0,4.33%,-7.92%,,,,,,,,,,,,
,,,,,,,,,,,,,,,,,,2021,9/14/2021,532.60 CHF,,,,,,,,,,4.13%,532.60 CHF,22.00,605.43,446.00,507.50,54%,14%,3.63%,4.93%,4.13%,18.57%,18.57%,0,4.33%,-7.50%,,,,,,,,,,,,
,,,,,,,,,,,,,,,,,,2021,9/15/2021,532.20 CHF,,,,,,,,,,4.13%,532.20 CHF,22.00,605.43,446.00,507.50,54%,14%,3.63%,4.93%,4.13%,18.66%,18.66%,0,4.33%,-7.57%,,,,,,,,,,,,
,,,,,,,,,,,,,,,,,,2021,9/16/2021,531.20 CHF,,,,,,,,,,4.14%,531.20 CHF,22.00,605.43,446.00,507.50,53%,14%,3.63%,4.93%,4.14%,18.88%,18.88%,0,4.33%,-7.75%,,,,,,,,,,,,
,,,,,,,,,,,,,,,,,,2021,9/17/2021,535.80 CHF,,,,,,,,,,4.11%,535.80 CHF,22.00,605.43,446.00,507.50,56%,13%,3.63%,4.93%,4.11%,17.86%,17.86%,0,4.33%,-6.95%,,,,,,,,,,,,
,,,,,,,,,,,,,,,,,,2021,9/20/2021,530.00 CHF,,,,,,,,,,4.15%,530.00 CHF,22.00,605.43,446.00,507.50,53%,14%,3.63%,4.93%,4.15%,19.15%,19.15%,0,4.33%,-7.95%,,,,,,,,,,,,
,,,,,,,,,,,,,,,,,,2021,9/21/2021,531.40 CHF,,,,,,,,,,4.14%,531.40 CHF,22.00,605.43,446.00,507.50,54%,14%,3.63%,4.93%,4.14%,18.84%,18.84%,0,4.33%,-7.71%,,,,,,,,,,,,
,,,,,,,,,,,,,,,,,,2021,9/22/2021,532.00 CHF,,,,,,,,,,4.14%,532.00 CHF,22.00,605.43,446.00,507.50,54%,14%,3.63%,4.93%,4.14%,18.70%,18.70%,0,4.33%,-7.61%,,,,,,,,,,,,
,,,,,,,,,,,,,,,,,,2021,9/23/2021,534.00 CHF,,,,,,,,,,4.12%,534.00 CHF,22.00,605.43,446.00,507.50,55%,13%,3.63%,4.93%,4.12%,18.26%,18.26%,0,4.33%,-7.26%,,,,,,,,,,,,
,,,,,,,,,,,,,,,,,,2021,9/24/2021,532.80 CHF,,,,,,,,,,4.13%,532.80 CHF,22.00,605.43,446.00,507.50,54%,14%,3.63%,4.93%,4.13%,18.52%,18.52%,0,4.33%,-7.47%,,,,,,,,,,,,
,,,,,,,,,,,,,,,,,,2021,9/27/2021,528.00 CHF,,,,,,,,,,4.17%,528.00 CHF,22.00,605.43,446.00,507.50,51%,15%,3.63%,4.93%,4.17%,19.60%,19.60%,0,4.33%,-8.30%,,,,,,,,,,,,
,,,,,,,,,,,,,,,,,,2021,9/28/2021,526.00 CHF,,,,,,,,,,4.18%,526.00 CHF,22.00,605.43,446.00,507.50,50%,15%,3.63%,4.93%,4.18%,20.06%,20.06%,0,4.33%,-8.65%,,,,,,,,,,,,
,,,,,,,,,,,,,,,,,,2021,9/29/2021,538.00 CHF,,,,,,,,,,4.09%,538.00 CHF,22.00,605.43,446.00,507.50,58%,13%,3.63%,4.93%,4.09%,17.38%,17.38%,0,4.33%,-6.56%,,,,,,,,,,,,
,,,,,,,,,,,,,,,,,,2021,9/30/2021,537.40 CHF,,,,,,,,,,4.09%,537.40 CHF,22.00,605.43,446.00,507.50,57%,13%,3.63%,4.93%,4.09%,17.51%,17.51%,0,4.33%,-6.67%,,,,,,,,,,,,
,,,,,,,,,,,,,,,,,,2021,10/1/2021,534.60 CHF,,,,,,,,,,4.12%,534.60 CHF,22.00,605.43,446.00,507.50,56%,13%,3.63%,4.93%,4.12%,18.13%,18.13%,0,4.33%,-7.16%,,,,,,,,,,,,
,,,,,,,,,,,,,,,,,,2021,10/4/2021,543.40 CHF,,,,,,,,,,4.05%,543.40 CHF,22.00,605.43,446.00,507.50,61%,11%,3.63%,4.93%,4.05%,16.21%,16.21%,0,4.33%,-5.63%,,,,,,,,,,,,
,,,,,,,,,,,,,,,,,,2021,10/5/2021,543.20 CHF,,,,,,,,,,4.05%,543.20 CHF,22.00,605.43,446.00,507.50,61%,11%,3.63%,4.93%,4.05%,16.26%,16.26%,0,4.33%,-5.66%,,,,,,,,,,,,
,,,,,,,,,,,,,,,,,,2021,10/6/2021,536.00 CHF,,,,,,,,,,4.10%,536.00 CHF,22.00,605.43,446.00,507.50,56%,13%,3.63%,4.93%,4.10%,17.82%,17.82%,0,4.33%,-6.91%,,,,,,,,,,,,
,,,,,,,,,,,,,,,,,,2021,10/7/2021,534.20 CHF,,,,,,,,,,4.12%,534.20 CHF,22.00,605.43,446.00,507.50,55%,13%,3.63%,4.93%,4.12%,18.21%,18.21%,0,4.33%,-7.22%,,,,,,,,,,,,
,,,,,,,,,,,,,,,,,,2021,10/8/2021,537.00 CHF,,,,,,,,,,4.10%,537.00 CHF,22.00,605.43,446.00,507.50,57%,13%,3.63%,4.93%,4.10%,17.60%,17.60%,0,4.33%,-6.74%,,,,,,,,,,,,
,,,,,,,,,,,,,,,,,,2021,10/11/2021,538.40 CHF,,,,,,,,,,4.09%,538.40 CHF,22.00,605.43,446.00,507.50,58%,12%,3.63%,4.93%,4.09%,17.29%,17.29%,0,4.33%,-6.50%,,,,,,,,,,,,
,,,,,,,,,,,,,,,,,,2021,10/12/2021,542.60 CHF,,,,,,,,,,4.05%,542.60 CHF,22.00,605.43,446.00,507.50,61%,12%,3.63%,4.93%,4.05%,16.38%,16.38%,0,4.33%,-5.77%,,,,,,,,,,,,
,,,,,,,,,,,,,,,,,,2021,10/13/2021,544.00 CHF,,,,,,,,,,4.04%,544.00 CHF,22.00,605.43,446.00,507.50,61%,11%,3.63%,4.93%,4.04%,16.08%,16.08%,0,4.33%,-5.52%,,,,,,,,,,,,
,,,,,,,,,,,,,,,,,,2021,10/14/2021,542.60 CHF,,,,,,,,,,4.05%,542.60 CHF,22.00,605.43,446.00,507.50,61%,12%,3.63%,4.93%,4.05%,16.38%,16.38%,0,4.33%,-5.77%,,,,,,,,,,,,
,,,,,,,,,,,,,,,,,,2021,10/15/2021,544.80 CHF,,,,,,,,,,4.04%,544.80 CHF,22.00,605.43,446.00,507.50,62%,11%,3.63%,4.93%,4.04%,15.91%,15.91%,0,4.33%,-5.38%,,,,,,,,,,,,
,,,,,,,,,,,,,,,,,,2021,10/18/2021,543.00 CHF,,,,,,,,,,4.05%,543.00 CHF,22.00,605.43,446.00,507.50,61%,11%,3.63%,4.93%,4.05%,16.30%,16.30%,0,4.33%,-5.70%,,,,,,,,,,,,
,,,,,,,,,,,,,,,,,,2021,10/19/2021,539.40 CHF,,,,,,,,,,4.08%,539.40 CHF,22.00,605.43,446.00,507.50,59%,12%,3.63%,4.93%,4.08%,17.07%,17.07%,0,4.33%,-6.32%,,,,,,,,,,,,
,,,,,,,,,,,,,,,,,,2021,10/20/2021,544.60 CHF,,,,,,,,,,4.04%,544.60 CHF,22.00,605.43,446.00,507.50,62%,11%,3.63%,4.93%,4.04%,15.96%,15.96%,0,4.33%,-5.42%,,,,,,,,,,,,
,,,,,,,,,,,,,,,,,,2021,10/21/2021,543.80 CHF,,,,,,,,,,4.05%,543.80 CHF,22.00,605.43,446.00,507.50,61%,11%,3.63%,4.93%,4.05%,16.13%,16.13%,0,4.33%,-5.56%,,,,,,,,,,,,
,,,,,,,,,,,,,,,,,,2021,10/22/2021,547.40 CHF,,,,,,,,,,4.02%,547.40 CHF,22.00,605.43,446.00,507.50,64%,11%,3.63%,4.93%,4.02%,15.36%,15.36%,0,4.33%,-4.93%,,,,,,,,,,,,
,,,,,,,,,,,,,,,,,,2021,10/25/2021,550.40 CHF,,,,,,,,,,4.00%,550.40 CHF,22.00,605.43,446.00,507.50,65%,10%,3.63%,4.93%,4.00%,14.73%,14.73%,0,4.33%,-4.41%,,,,,,,,,,,,
,,,,,,,,,,,,,,,,,,2021,10/26/2021,555.20 CHF,,,,,,,,,,3.96%,555.20 CHF,22.00,605.43,446.00,507.50,68%,9%,3.63%,4.93%,3.96%,13.74%,13.74%,0,4.33%,-3.58%,,,,,,,,,,,,
,,,,,,,,,,,,,,,,,,2021,10/27/2021,547.80 CHF,,,,,,,,,,4.02%,547.80 CHF,22.00,605.43,446.00,507.50,64%,11%,3.63%,4.93%,4.02%,15.28%,15.28%,0,4.33%,-4.86%,,,,,,,,,,,,
,,,,,,,,,,,,,,,,,,2021,10/28/2021,507.20 CHF,,,,,,,,,,4.34%,507.20 CHF,22.00,605.43,446.00,507.50,38%,19%,3.63%,4.93%,4.34%,24.51%,24.51%,0,4.33%,-11.91%,,,,,,,,,,,,
,,,,,,,,,,,,,,,,,,2021,10/29/2021,498.40 CHF,,,,,,,,,,4.41%,498.40 CHF,22.00,605.43,446.00,507.50,33%,21%,3.63%,4.93%,4.41%,26.71%,26.71%,0,4.33%,-13.44%,,,,,,,,,,,,
,,,,,,,,,,,,,,,,,,2021,11/1/2021,497.10 CHF,,,,,,,,,,4.43%,497.10 CHF,22.00,605.43,446.00,507.50,32%,22%,3.63%,4.93%,4.43%,27.04%,27.04%,0,4.33%,-13.67%,,,,,,,,,,,,
,,,,,,,,,,,,,,,,,,2021,11/2/2021,498.50 CHF,,,,,,,,,,4.41%,498.50 CHF,22.00,605.43,446.00,507.50,33%,21%,3.63%,4.93%,4.41%,26.68%,26.68%,0,4.33%,-13.42%,,,,,,,,,,,,
,,,,,,,,,,,,,,,,,,2021,11/3/2021,500.60 CHF,,,,,,,,,,4.39%,500.60 CHF,22.00,605.43,446.00,507.50,34%,21%,3.63%,4.93%,4.39%,26.15%,26.15%,0,4.33%,-13.06%,,,,,,,,,,,,
,,,,,,,,,,,,,,,,,,2021,11/4/2021,501.00 CHF,,,,,,,,,,4.39%,501.00 CHF,22.00,605.43,446.00,507.50,34%,21%,3.63%,4.93%,4.39%,26.05%,26.05%,0,4.33%,-12.99%,,,,,,,,,,,,
,,,,,,,,,,,,,,,,,,2021,11/5/2021,500.80 CHF,,,,,,,,,,4.39%,500.80 CHF,22.00,605.43,446.00,507.50,34%,21%,3.63%,4.93%,4.39%,26.10%,26.10%,0,4.33%,-13.03%,,,,,,,,,,,,
,,,,,,,,,,,,,,,,,,2021,11/8/2021,498.40 CHF,,,,,,,,,,4.41%,498.40 CHF,22.00,605.43,446.00,507.50,33%,21%,3.63%,4.93%,4.41%,26.71%,26.71%,0,4.33%,-13.44%,,,,,,,,,,,,
,,,,,,,,,,,,,,,,,,2021,11/9/2021,506.80 CHF,,,,,,,,,,4.34%,506.80 CHF,22.00,605.43,446.00,507.50,38%,19%,3.63%,4.93%,4.34%,24.61%,24.61%,0,4.33%,-11.98%,,,,,,,,,,,,
,,,,,,,,,,,,,,,,,,2021,11/10/2021,507.40 CHF,,,,,,,,,,4.34%,507.40 CHF,22.00,605.43,446.00,507.50,39%,19%,3.63%,4.93%,4.34%,24.46%,24.46%,0,4.33%,-11.88%,,,,,,,,,,,,
,,,,,,,,,,,,,,,,,,2021,11/11/2021,505.20 CHF,,,,,,,,,,4.35%,505.20 CHF,22.00,605.43,446.00,507.50,37%,20%,3.63%,4.93%,4.35%,25.00%,25.00%,0,4.33%,-12.26%,,,,,,,,,,,,
,,,,,,,,,,,,,,,,,,2021,11/12/2021,510.00 CHF,,,,,,,,,,4.31%,510.00 CHF,22.00,605.43,446.00,507.50,40%,19%,3.63%,4.93%,4.31%,23.82%,23.82%,0,4.33%,-11.43%,,,,,,,,,,,,
,,,,,,,,,,,,,,,,,,2021,11/15/2021,509.20 CHF,,,,,,,,,,4.32%,509.20 CHF,22.00,605.43,446.00,507.50,40%,19%,3.63%,4.93%,4.32%,24.02%,24.02%,0,4.33%,-11.57%,,,,,,,,,,,,
,,,,,,,,,,,,,,,,,,2021,11/16/2021,510.00 CHF,,,,,,,,,,4.31%,510.00 CHF,22.00,605.43,446.00,507.50,40%,19%,3.63%,4.93%,4.31%,23.82%,23.82%,0,4.33%,-11.43%,,,,,,,,,,,,
,,,,,,,,,,,,,,,,,,2021,11/17/2021,522.60 CHF,,,,,,,,,,4.21%,522.60 CHF,22.00,605.43,446.00,507.50,48%,16%,3.63%,4.93%,4.21%,20.84%,20.84%,0,4.33%,-9.24%,,,,,,,,,,,,
,,,,,,,,,,,,,,,,,,2021,11/18/2021,523.20 CHF,,,,,,,,,,4.20%,523.20 CHF,22.00,605.43,446.00,507.50,48%,16%,3.63%,4.93%,4.20%,20.70%,20.70%,0,4.33%,-9.14%,,,,,,,,,,,,
,,,,,,,,,,,,,,,,,,2021,11/19/2021,517.00 CHF,,,,,,,,,,4.26%,517.00 CHF,22.00,605.43,446.00,507.50,45%,17%,3.63%,4.93%,4.26%,22.15%,22.15%,0,4.33%,-10.21%,,,,,,,,,,,,
,,,,,,,,,,,,,,,,,,2021,11/22/2021,522.00 CHF,,,,,,,,,,4.21%,522.00 CHF,22.00,605.43,446.00,507.50,48%,16%,3.63%,4.93%,4.21%,20.98%,20.98%,0,4.33%,-9.34%,,,,,,,,,,,,
,,,,,,,,,,,,,,,,,,2021,11/23/2021,523.60 CHF,,,,,,,,,,4.20%,523.60 CHF,22.00,605.43,446.00,507.50,49%,16%,3.63%,4.93%,4.20%,20.61%,20.61%,0,4.33%,-9.07%,,,,,,,,,,,,
,,,,,,,,,,,,,,,,,,2021,11/24/2021,528.40 CHF,,,,,,,,,,4.16%,528.40 CHF,22.00,605.43,446.00,507.50,52%,15%,3.63%,4.93%,4.16%,19.51%,19.51%,0,4.33%,-8.23%,,,,,,,,,,,,
,,,,,,,,,,,,,,,,,,2021,11/25/2021,527.80 CHF,,,,,,,,,,4.17%,527.80 CHF,22.00,605.43,446.00,507.50,51%,15%,3.63%,4.93%,4.17%,19.65%,19.65%,0,4.33%,-8.34%,,,,,,,,,,,,
,,,,,,,,,,,,,,,,,,2021,11/26/2021,518.00 CHF,,,,,,,,,,4.25%,518.00 CHF,22.00,605.43,446.00,507.50,45%,17%,3.63%,4.93%,4.25%,21.91%,21.91%,0,4.33%,-10.04%,,,,,,,,,,,,
,,,,,,,,,,,,,,,,,,2021,11/29/2021,513.40 CHF,,,,,,,,,,4.29%,513.40 CHF,22.00,605.43,446.00,507.50,42%,18%,3.63%,4.93%,4.29%,23.00%,23.00%,0,4.33%,-10.84%,,,,,,,,,,,,
,,,,,,,,,,,,,,,,,,2021,11/30/2021,510.40 CHF,,,,,,,,,,4.31%,510.40 CHF,22.00,605.43,446.00,507.50,40%,19%,3.63%,4.93%,4.31%,23.73%,23.73%,0,4.33%,-11.36%,,,,,,,,,,,,
,,,,,,,,,,,,,,,,,,2021,12/1/2021,512.00 CHF,,,,,,,,,,4.30%,512.00 CHF,22.00,605.43,446.00,507.50,41%,18%,3.63%,4.93%,4.30%,23.34%,23.34%,0,4.33%,-11.08%,,,,,,,,,,,,
,,,,,,,,,,,,,,,,,,2021,12/2/2021,507.20 CHF,,,,,,,,,,4.34%,507.20 CHF,22.00,605.43,446.00,507.50,38%,19%,3.63%,4.93%,4.34%,24.51%,24.51%,0,4.33%,-11.91%,,,,,,,,,,,,
,,,,,,,,,,,,,,,,,,2021,12/3/2021,508.00 CHF,,,,,,,,,,4.33%,508.00 CHF,22.00,605.43,446.00,507.50,39%,19%,3.63%,4.93%,4.33%,24.31%,24.31%,0,4.33%,-11.77%,,,,,,,,,,,,
,,,,,,,,,,,,,,,,,,2021,12/6/2021,509.20 CHF,,,,,,,,,,4.32%,509.20 CHF,22.00,605.43,446.00,507.50,40%,19%,3.63%,4.93%,4.32%,24.02%,24.02%,0,4.33%,-11.57%,,,,,,,,,,,,
,,,,,,,,,,,,,,,,,,2021,12/7/2021,510.00 CHF,,,,,,,,,,4.31%,510.00 CHF,22.00,605.43,446.00,507.50,40%,19%,3.63%,4.93%,4.31%,23.82%,23.82%,0,4.33%,-11.43%,,,,,,,,,,,,
,,,,,,,,,,,,,,,,,,2021,12/8/2021,506.40 CHF,,,,,,,,,,4.34%,506.40 CHF,22.00,605.43,446.00,507.50,38%,20%,3.63%,4.93%,4.34%,24.70%,24.70%,0,4.33%,-12.05%,,,,,,,,,,,,
,,,,,,,,,,,,,,,,,,2021,12/9/2021,508.60 CHF,,,,,,,,,,4.33%,508.60 CHF,22.00,605.43,446.00,507.50,39%,19%,3.63%,4.93%,4.33%,24.16%,24.16%,0,4.33%,-11.67%,,,,,,,,,,,,
,,,,,,,,,,,,,,,,,,2021,12/10/2021,509.80 CHF,,,,,,,,,,4.32%,509.80 CHF,22.00,605.43,446.00,507.50,40%,19%,3.63%,4.93%,4.32%,23.87%,23.87%,0,4.33%,-11.46%,,,,,,,,,,,,
,,,,,,,,,,,,,,,,,,2021,12/13/2021,509.20 CHF,,,,,,,,,,4.32%,509.20 CHF,22.00,605.43,446.00,507.50,40%,19%,3.63%,4.93%,4.32%,24.02%,24.02%,0,4.33%,-11.57%,,,,,,,,,,,,
,,,,,,,,,,,,,,,,,,2021,12/14/2021,512.80 CHF,,,,,,,,,,4.29%,512.80 CHF,22.00,605.43,446.00,507.50,42%,18%,3.63%,4.93%,4.29%,23.15%,23.15%,0,4.33%,-10.94%,,,,,,,,,,,,
,,,,,,,,,,,,,,,,,,2021,12/15/2021,513.20 CHF,,,,,,,,,,4.29%,513.20 CHF,22.00,605.43,446.00,507.50,42%,18%,3.63%,4.93%,4.29%,23.05%,23.05%,0,4.33%,-10.87%,,,,,,,,,,,,
,,,,,,,,,,,,,,,,,,2021,12/16/2021,519.80 CHF,,,,,,,,,,4.23%,519.80 CHF,22.00,605.43,446.00,507.50,46%,16%,3.63%,4.93%,4.23%,21.49%,21.49%,0,4.33%,-9.73%,,,,,,,,,,,,
,,,,,,,,,,,,,,,,,,2021,12/17/2021,518.00 CHF,,,,,,,,,,4.25%,518.00 CHF,22.00,605.43,446.00,507.50,45%,17%,3.63%,4.93%,4.25%,21.91%,21.91%,0,4.33%,-10.04%,,,,,,,,,,,,
,,,,,,,,,,,,,,,,,,2021,12/20/2021,514.40 CHF,,,,,,,,,,4.28%,514.40 CHF,22.00,605.43,446.00,507.50,43%,18%,3.63%,4.93%,4.28%,22.76%,22.76%,0,4.33%,-10.66%,,,,,,,,,,,,
,,,,,,,,,,,,,,,,,,2021,12/21/2021,518.80 CHF,,,,,,,,,,4.24%,518.80 CHF,22.00,605.43,446.00,507.50,46%,17%,3.63%,4.93%,4.24%,21.72%,21.72%,0,4.33%,-9.90%,,,,,,,,,,,,
,,,,,,,,,,,,,,,,,,2021,12/22/2021,515.00 CHF,,,,,,,,,,4.27%,515.00 CHF,22.00,605.43,446.00,507.50,43%,18%,3.63%,4.93%,4.27%,22.62%,22.62%,0,4.33%,-10.56%,,,,,,,,,,,,
,,,,,,,,,,,,,,,,,,2021,12/23/2021,517.40 CHF,,,,,,,,,,4.25%,517.40 CHF,22.00,605.43,446.00,507.50,45%,17%,3.63%,4.93%,4.25%,22.05%,22.05%,0,4.33%,-10.14%,,,,,,,,,,,,
,,,,,,,,,,,,,,,,,,2021,12/27/2021,515.00 CHF,,,,,,,,,,4.27%,515.00 CHF,22.00,605.43,446.00,507.50,43%,18%,3.63%,4.93%,4.27%,22.62%,22.62%,0,4.33%,-10.56%,,,,,,,,,,,,
,,,,,,,,,,,,,,,,,,2021,12/28/2021,517.60 CHF,,,,,,,,,,4.25%,517.60 CHF,22.00,605.43,446.00,507.50,45%,17%,3.63%,4.93%,4.25%,22.01%,22.01%,0,4.33%,-10.11%,,,,,,,,,,,,
,,,,,,,,,,,,,,,,,,2021,12/29/2021,514.00 CHF,,,,,,,,,,4.28%,514.00 CHF,22.00,605.43,446.00,507.50,43%,18%,3.63%,4.93%,4.28%,22.86%,22.86%,0,4.33%,-10.73%,,,,,,,,,,,,
,,,,,,,,,,,,,,,,,,2021,12/30/2021,514.60 CHF,,,,,,,,,,4.28%,514.60 CHF,22.00,605.43,446.00,507.50,43%,18%,3.63%,4.93%,4.28%,22.72%,22.72%,0,4.33%,-10.63%,,,,,,,,,,,,
,,,,,,,,,,,,,,,,,,2022,1/3/2022,517.60 CHF,,,,,,,,,,4.25%,517.60 CHF,22.00,605.43,446.00,507.50,45%,17%,3.63%,4.93%,4.25%,22.01%,22.01%,0,4.33%,-10.11%,,,,,,,,,,,,
,,,,,,,,,,,,,,,,,,2022,1/4/2022,514.20 CHF,,,,,,,,,,4.28%,514.20 CHF,22.00,605.43,446.00,507.50,43%,18%,3.63%,4.93%,4.28%,22.81%,22.81%,0,4.33%,-10.70%,,,,,,,,,,,,
,,,,,,,,,,,,,,,,,,2022,1/5/2022,514.00 CHF,,,,,,,,,,4.28%,514.00 CHF,22.00,605.43,446.00,507.50,43%,18%,3.63%,4.93%,4.28%,22.86%,22.86%,0,4.33%,-10.73%,,,,,,,,,,,,
,,,,,,,,,,,,,,,,,,2022,1/6/2022,513.80 CHF,,,,,,,,,,4.28%,513.80 CHF,22.00,605.43,446.00,507.50,43%,18%,3.63%,4.93%,4.28%,22.91%,22.91%,0,4.33%,-10.77%,,,,,,,,,,,,
,,,,,,,,,,,,,,,,,,2022,1/7/2022,512.60 CHF,,,,,,,,,,4.29%,512.60 CHF,22.00,605.43,446.00,507.50,42%,18%,3.63%,4.93%,4.29%,23.20%,23.20%,0,4.33%,-10.98%,,,,,,,,,,,,
,,,,,,,,,,,,,,,,,,2022,1/10/2022,519.60 CHF,,,,,,,,,,4.23%,519.60 CHF,22.00,605.43,446.00,507.50,46%,17%,3.63%,4.93%,4.23%,21.54%,21.54%,0,4.33%,-9.76%,,,,,,,,,,,,
,,,,,,,,,,,,,,,,,,2022,1/11/2022,519.80 CHF,,,,,,,,,,4.23%,519.80 CHF,22.00,605.43,446.00,507.50,46%,16%,3.63%,4.93%,4.23%,21.49%,21.49%,0,4.33%,-9.73%,,,,,,,,,,,,
,,,,,,,,,,,,,,,,,,2022,1/12/2022,513.60 CHF,,,,,,,,,,4.28%,513.60 CHF,22.00,605.43,446.00,507.50,42%,18%,3.63%,4.93%,4.28%,22.96%,22.96%,0,4.33%,-10.80%,,,,,,,,,,,,
,,,,,,,,,,,,,,,,,,2022,1/13/2022,516.40 CHF,,,,,,,,,,4.26%,516.40 CHF,22.00,605.43,446.00,507.50,44%,17%,3.63%,4.93%,4.26%,22.29%,22.29%,0,4.33%,-10.32%,,,,,,,,,,,,
,,,,,,,,,,,,,,,,,,2022,1/14/2022,518.00 CHF,,,,,,,,,,4.25%,518.00 CHF,22.00,605.43,446.00,507.50,45%,17%,3.63%,4.93%,4.25%,21.91%,21.91%,0,4.33%,-10.04%,,,,,,,,,,,,
,,,,,,,,,,,,,,,,,,2022,1/17/2022,516.60 CHF,,,,,,,,,,4.26%,516.60 CHF,22.00,605.43,446.00,507.50,44%,17%,3.63%,4.93%,4.26%,22.24%,22.24%,0,4.33%,-10.28%,,,,,,,,,,,,
,,,,,,,,,,,,,,,,,,2022,1/18/2022,520.20 CHF,,,,,,,,,,4.23%,520.20 CHF,22.00,605.43,446.00,507.50,47%,16%,3.63%,4.93%,4.23%,21.40%,21.40%,0,4.33%,-9.66%,,,,,,,,,,,,
,,,,,,,,,,,,,,,,,,2022,1/19/2022,518.40 CHF,,,,,,,,,,4.24%,518.40 CHF,22.00,605.43,446.00,507.50,45%,17%,3.63%,4.93%,4.24%,21.82%,21.82%,0,4.33%,-9.97%,,,,,,,,,,,,
,,,,,,,,,,,,,,,,,,2022,1/20/2022,520.60 CHF,,,,,,,,,,4.23%,520.60 CHF,22.00,605.43,446.00,507.50,47%,16%,3.63%,4.93%,4.23%,21.30%,21.30%,0,4.33%,-9.59%,,,,,,,,,,,,
,,,,,,,,,,,,,,,,,,2022,1/21/2022,518.40 CHF,,,,,,,,,,4.24%,518.40 CHF,22.00,605.43,446.00,507.50,45%,17%,3.63%,4.93%,4.24%,21.82%,21.82%,0,4.33%,-9.97%,,,,,,,,,,,,
,,,,,,,,,,,,,,,,,,2022,1/24/2022,515.60 CHF,,,,,,,,,,4.27%,515.60 CHF,22.00,605.43,446.00,507.50,44%,17%,3.63%,4.93%,4.27%,22.48%,22.48%,0,4.33%,-10.46%,,,,,,,,,,,,
,,,,,,,,,,,,,,,,,,2022,1/25/2022,528.60 CHF,,,,,,,,,,4.16%,528.60 CHF,22.00,605.43,446.00,507.50,52%,15%,3.63%,4.93%,4.16%,19.47%,19.47%,0,4.33%,-8.20%,,,,,,,,,,,,
,,,,,,,,,,,,,,,,,,2022,1/26/2022,524.80 CHF,,,,,,,,,,4.19%,524.80 CHF,22.00,605.43,446.00,507.50,49%,15%,3.63%,4.93%,4.19%,20.33%,20.33%,0,4.33%,-8.86%,,,,,,,,,,,,
,,,,,,,,,,,,,,,,,,2022,1/27/2022,529.00 CHF,,,,,,,,,,4.16%,529.00 CHF,22.00,605.43,446.00,507.50,52%,14%,3.63%,4.93%,4.16%,19.38%,19.38%,0,4.33%,-8.13%,,,,,,,,,,,,
,,,,,,,,,,,,,,,,,,2022,1/28/2022,531.80 CHF,,,,,,,,,,4.14%,531.80 CHF,22.00,605.43,446.00,507.50,54%,14%,3.63%,4.93%,4.14%,18.75%,18.75%,0,4.33%,-7.64%,,,,,,,,,,,,
,,,,,,,,,,,,,,,,,,2022,1/31/2022,528.20 CHF,,,,,,,,,,4.17%,528.20 CHF,22.00,605.43,446.00,507.50,52%,15%,3.63%,4.93%,4.17%,19.56%,19.56%,0,4.33%,-8.27%,,,,,,,,,,,,
,,,,,,,,,,,,,,,,,,2022,2/1/2022,525.80 CHF,,,,,,,,,,4.18%,525.80 CHF,22.00,605.43,446.00,507.50,50%,15%,3.63%,4.93%,4.18%,20.10%,20.10%,0,4.33%,-8.68%,,,,,,,,,,,,
,,,,,,,,,,,,,,,,,,2022,2/2/2022,526.00 CHF,,,,,,,,,,4.18%,526.00 CHF,22.00,605.43,446.00,507.50,50%,15%,3.63%,4.93%,4.18%,20.06%,20.06%,0,4.33%,-8.65%,,,,,,,,,,,,
,,,,,,,,,,,,,,,,,,2022,2/3/2022,536.20 CHF,,,,,,,,,,4.10%,536.20 CHF,22.00,605.43,446.00,507.50,57%,13%,3.63%,4.93%,4.10%,17.77%,17.77%,0,4.33%,-6.88%,,,,,,,,,,,,
,,,,,,,,,,,,,,,,,,2022,2/4/2022,537.80 CHF,,,,,,,,,,4.09%,537.80 CHF,22.00,605.43,446.00,507.50,58%,13%,3.63%,4.93%,4.09%,17.42%,17.42%,0,4.33%,-6.60%,,,,,,,,,,,,
,,,,,,,,,,,,,,,,,,2022,2/7/2022,540.40 CHF,,,,,,,,,,4.07%,540.40 CHF,22.00,605.43,446.00,507.50,59%,12%,3.63%,4.93%,4.07%,16.86%,16.86%,0,4.33%,-6.15%,,,,,,,,,,,,
,,,,,,,,,,,,,,,,,,2022,2/8/2022,543.80 CHF,,,,,,,,,,4.05%,543.80 CHF,22.00,605.43,446.00,507.50,61%,11%,3.63%,4.93%,4.05%,16.13%,16.13%,0,4.33%,-5.56%,,,,,,,,,,,,
,,,,,,,,,,,,,,,,,,2022,2/9/2022,545.00 CHF,,,,,,,,,,4.04%,545.00 CHF,22.00,605.43,446.00,507.50,62%,11%,3.63%,4.93%,4.04%,15.87%,15.87%,0,4.33%,-5.35%,,,,,,,,,,,,
,,,,,,,,,,,,,,,,,,2022,2/10/2022,545.40 CHF,,,,,,,,,,4.03%,545.40 CHF,22.00,605.43,446.00,507.50,62%,11%,3.63%,4.93%,4.03%,15.79%,15.79%,0,4.33%,-5.28%,,,,,,,,,,,,
,,,,,,,,,,,,,,,,,,2022,2/11/2022,550.00 CHF,,,,,,,,,,4.00%,550.00 CHF,22.00,605.43,446.00,507.50,65%,10%,3.63%,4.93%,4.00%,14.82%,14.82%,0,4.33%,-4.48%,,,,,,,,,,,,
,,,,,,,,,,,,,,,,,,2022,2/14/2022,548.00 CHF,,,,,,,,,,4.01%,548.00 CHF,22.00,605.43,446.00,507.50,64%,10%,3.63%,4.93%,4.01%,15.24%,15.24%,0,4.33%,-4.83%,,,,,,,,,,,,
,,,,,,,,,,,,,,,,,,2022,2/15/2022,547.40 CHF,,,,,,,,,,4.02%,547.40 CHF,22.00,605.43,446.00,507.50,64%,11%,3.63%,4.93%,4.02%,15.36%,15.36%,0,4.33%,-4.93%,,,,,,,,,,,,
,,,,,,,,,,,,,,,,,,2022,2/16/2022,546.60 CHF,,,,,,,,,,4.02%,546.60 CHF,22.00,605.43,446.00,507.50,63%,11%,3.63%,4.93%,4.02%,15.53%,15.53%,0,4.33%,-5.07%,,,,,,,,,,,,
,,,,,,,,,,,,,,,,,,2022,2/17/2022,545.20 CHF,,,,,,,,,,4.04%,545.20 CHF,22.00,605.43,446.00,507.50,62%,11%,3.63%,4.93%,4.04%,15.83%,15.83%,0,4.33%,-5.31%,,,,,,,,,,,,
,,,,,,,,,,,,,,,,,,2022,2/18/2022,549.00 CHF,,,,,,,,,,4.01%,549.00 CHF,22.00,605.43,446.00,507.50,65%,10%,3.63%,4.93%,4.01%,15.03%,15.03%,0,4.33%,-4.65%,,,,,,,,,,,,
,,,,,,,,,,,,,,,,,,2022,2/21/2022,545.00 CHF,,,,,,,,,,4.04%,545.00 CHF,22.00,605.43,446.00,507.50,62%,11%,3.63%,4.93%,4.04%,15.87%,15.87%,0,4.33%,-5.35%,,,,,,,,,,,,
,,,,,,,,,,,,,,,,,,2022,2/22/2022,546.80 CHF,,,,,,,,,,4.02%,546.80 CHF,22.00,605.43,446.00,507.50,63%,11%,3.63%,4.93%,4.02%,15.49%,15.49%,0,4.33%,-5.04%,,,,,,,,,,,,
,,,,,,,,,,,,,,,,,,2022,2/23/2022,548.00 CHF,,,,,,,,,,4.01%,548.00 CHF,22.00,605.43,446.00,507.50,64%,10%,3.63%,4.93%,4.01%,15.24%,15.24%,0,4.33%,-4.83%,,,,,,,,,,,,
,,,,,,,,,,,,,,,,,,2022,2/24/2022,537.20 CHF,,,,,,,,,,4.10%,537.20 CHF,22.00,605.43,446.00,507.50,57%,13%,3.63%,4.93%,4.10%,17.55%,17.55%,0,4.33%,-6.70%,,,,,,,,,,,,
,,,,,,,,,,,,,,,,,,2022,2/25/2022,549.20 CHF,,,,,,,,,,4.01%,549.20 CHF,22.00,605.43,446.00,507.50,65%,10%,3.63%,4.93%,4.01%,14.99%,14.99%,0,4.33%,-4.62%,,,,,,,,,,,,
,,,,,,,,,,,,,,,,,,2022,2/28/2022,550.60 CHF,,,,,,,,,,4.00%,550.60 CHF,22.00,605.43,446.00,507.50,66%,10%,3.63%,4.93%,4.00%,14.69%,14.69%,0,4.33%,-4.38%,,,,,,,,,,,,
,,,,,,,,,,,,,,,,,,2022,3/1/2022,561.00 CHF,,,,,,,,,,3.92%,561.00 CHF,22.00,605.43,446.00,507.50,72%,8%,3.63%,4.93%,3.92%,12.57%,12.57%,0,4.33%,-2.57%,,,,,,,,,,,,
,,,,,,,,,,,,,,,,,,2022,3/2/2022,558.00 CHF,,,,,,,,,,3.94%,558.00 CHF,22.00,605.43,446.00,507.50,70%,9%,3.63%,4.93%,3.94%,13.17%,13.17%,0,4.33%,-3.09%,,,,,,,,,,,,
,,,,,,,,,,,,,,,,,,2022,3/3/2022,561.40 CHF,,,,,,,,,,3.92%,561.40 CHF,22.00,605.43,446.00,507.50,72%,8%,3.63%,4.93%,3.92%,12.49%,12.49%,0,4.33%,-2.50%,,,,,,,,,,,,
,,,,,,,,,,,,,,,,,,2022,3/4/2022,554.40 CHF,,,,,,,,,,3.97%,554.40 CHF,22.00,605.43,446.00,507.50,68%,9%,3.63%,4.93%,3.97%,13.91%,13.91%,0,4.33%,-3.72%,,,,,,,,,,,,
,,,,,,,,,,,,,,,,,,2022,3/7/2022,558.60 CHF,,,,,,,,,,3.94%,558.60 CHF,22.00,605.43,446.00,507.50,71%,8%,3.63%,4.93%,3.94%,13.05%,13.05%,0,4.33%,-2.99%,,,,,,,,,,,,
,,,,,,,,,,,,,,,,,,2022,3/8/2022,553.40 CHF,,,,,,,,,,3.98%,553.40 CHF,22.00,605.43,446.00,507.50,67%,9%,3.63%,4.93%,3.98%,14.11%,14.11%,0,4.33%,-3.89%,,,,,,,,,,,,
,,,,,,,,,,,,,,,,,,2022,3/9/2022,553.40 CHF,,,,,,,,,,3.98%,553.40 CHF,22.00,605.43,446.00,507.50,67%,9%,3.63%,4.93%,3.98%,14.11%,14.11%,0,4.33%,-3.89%,,,,,,,,,,,,
,,,,,,,,,,,,,,,,,,2022,3/10/2022,553.20 CHF,,,,,,,,,,3.98%,553.20 CHF,22.00,605.43,446.00,507.50,67%,9%,3.63%,4.93%,3.98%,14.15%,14.15%,0,4.33%,-3.92%,,,,,,,,,,,,
,,,,,,,,,,,,,,,,,,2022,3/11/2022,550.80 CHF,,,,,,,,,,3.99%,550.80 CHF,22.00,605.43,446.00,507.50,66%,10%,3.63%,4.93%,3.99%,14.65%,14.65%,0,4.33%,-4.34%,,,,,,,,,,,,
,,,,,,,,,,,,,,,,,,2022,3/14/2022,546.60 CHF,,,,,,,,,,4.02%,546.60 CHF,22.00,605.43,446.00,507.50,63%,11%,3.63%,4.93%,4.02%,15.53%,15.53%,0,4.33%,-5.07%,,,,,,,,,,,,
,,,,,,,,,,,,,,,,,,2022,3/15/2022,555.80 CHF,,,,,,,,,,3.96%,555.80 CHF,22.00,605.43,446.00,507.50,69%,9%,3.63%,4.93%,3.96%,13.62%,13.62%,0,4.33%,-3.47%,,,,,,,,,,,,
,,,,,,,,,,,,,,,,,,2022,3/16/2022,550.00 CHF,,,,,,,,,,4.00%,550.00 CHF,22.00,605.43,446.00,507.50,65%,10%,3.63%,4.93%,4.00%,14.82%,14.82%,0,4.33%,-4.48%,,,,,,,,,,,,
,,,,,,,,,,,,,,,,,,2022,3/17/2022,556.40 CHF,,,,,,,,,,3.95%,556.40 CHF,22.00,605.43,446.00,507.50,69%,9%,3.63%,4.93%,3.95%,13.50%,13.50%,0,4.33%,-3.37%,,,,,,,,,,,,
,,,,,,,,,,,,,,,,,,2022,3/18/2022,551.00 CHF,,,,,,,,,,3.99%,551.00 CHF,22.00,605.43,446.00,507.50,66%,10%,3.63%,4.93%,3.99%,14.61%,14.61%,0,4.33%,-4.31%,,,,,,,,,,,,
,,,,,,,,,,,,,,,,,,2022,3/21/2022,557.20 CHF,,,,,,,,,,3.95%,557.20 CHF,22.00,605.43,446.00,507.50,70%,9%,3.63%,4.93%,3.95%,13.33%,13.33%,0,4.33%,-3.23%,,,,,,,,,,,,
,,,,,,,,,,,,,,,,,,2022,3/22/2022,554.80 CHF,,,,,,,,,,3.97%,554.80 CHF,22.00,605.43,446.00,507.50,68%,9%,3.63%,4.93%,3.97%,13.82%,13.82%,0,4.33%,-3.65%,,,,,,,,,,,,
,,,,,,,,,,,,,,,,,,2022,3/23/2022,557.00 CHF,,,,,,,,,,3.95%,557.00 CHF,22.00,605.43,446.00,507.50,70%,9%,3.63%,4.93%,3.95%,13.38%,13.38%,0,4.33%,-3.27%,,,,,,,,,,,,
,,,,,,,,,,,,,,,,,,2022,3/24/2022,561.20 CHF,,,,,,,,,,3.92%,561.20 CHF,22.00,605.43,446.00,507.50,72%,8%,3.63%,4.93%,3.92%,12.53%,12.53%,0,4.33%,-2.54%,,,,,,,,,,,,
,,,,,,,,,,,,,,,,,,2022,3/25/2022,562.60 CHF,,,,,,,,,,3.91%,562.60 CHF,22.00,605.43,446.00,507.50,73%,8%,3.63%,4.93%,3.91%,12.25%,12.25%,0,4.33%,-2.29%,,,,,,,,,,,,
,,,,,,,,,,,,,,,,,,2022,3/28/2022,567.40 CHF,,,,,,,,,,3.88%,567.40 CHF,22.00,605.43,446.00,507.50,76%,7%,3.63%,4.93%,3.88%,11.30%,11.30%,0,4.33%,-1.46%,,,,,,,,,,,,
,,,,,,,,,,,,,,,,,,2022,3/29/2022,565.00 CHF,,,,,,,,,,3.89%,565.00 CHF,22.00,605.43,446.00,507.50,75%,7%,3.63%,4.93%,3.89%,11.77%,11.77%,0,4.33%,-1.88%,,,,,,,,,,,,
,,,,,,,,,,,,,,,,,,2022,3/30/2022,565.40 CHF,,,,,,,,,,3.89%,565.40 CHF,22.00,605.43,446.00,507.50,75%,7%,3.63%,4.93%,3.89%,11.69%,11.69%,0,4.33%,-1.81%,,,,,,,,,,,,
,,,,,,,,,,,,,,,,,,2022,3/31/2022,555.00 CHF,,,,,,,,,,3.96%,555.00 CHF,22.00,605.43,446.00,507.50,68%,9%,3.63%,4.93%,3.96%,13.78%,13.78%,0,4.33%,-3.61%,,,,,,,,,,,,
,,,,,,,,,,,,,,,,,,2022,4/1/2022,538.00 CHF,,,,,,,,,,4.09%,538.00 CHF,22.00,605.43,446.00,507.50,58%,13%,3.63%,4.93%,4.09%,17.38%,17.38%,0,4.33%,-6.56%,,,,,,,,,,,,
,,,,,,,,,,,,,,,,,,2022,4/4/2022,536.40 CHF,,,,,,,,,,4.10%,536.40 CHF,22.00,605.43,446.00,507.50,57%,13%,3.63%,4.93%,4.10%,17.73%,17.73%,0,4.33%,-6.84%,,,,,,,,,,,,
,,,,,,,,,,,,,,,,,,2022,4/5/2022,538.00 CHF,,,,,,,,,,4.09%,538.00 CHF,22.00,605.43,446.00,507.50,58%,13%,3.63%,4.93%,4.09%,17.38%,17.38%,0,4.33%,-6.56%,,,,,,,,,,,,
,,,,,,,,,,,,,,,,,,2022,4/6/2022,544.60 CHF,,,,,,,,,,4.04%,544.60 CHF,22.00,605.43,446.00,507.50,62%,11%,3.63%,4.93%,4.04%,15.96%,15.96%,0,4.33%,-5.42%,,,,,,,,,,,,
,,,,,,,,,,,,,,,,,,2022,4/7/2022,552.40 CHF,,,,,,,,,,3.98%,552.40 CHF,22.00,605.43,446.00,507.50,67%,10%,3.63%,4.93%,3.98%,14.32%,14.32%,0,4.33%,-4.06%,,,,,,,,,,,,
,,,,,,,,,,,,,,,,,,2022,4/8/2022,559.20 CHF,,,,,,,,,,3.93%,559.20 CHF,22.00,605.43,446.00,507.50,71%,8%,3.63%,4.93%,3.93%,12.93%,12.93%,0,4.33%,-2.88%,,,,,,,,,,,,
,,,,,,,,,,,,,,,,,,2022,4/11/2022,568.20 CHF,,,,,,,,,,3.87%,568.20 CHF,22.00,605.43,446.00,507.50,77%,7%,3.63%,4.93%,3.87%,11.14%,11.14%,0,4.33%,-1.32%,,,,,,,,,,,,
,,,,,,,,,,,,,,,,,,2022,4/12/2022,567.40 CHF,,,,,,,,,,3.88%,567.40 CHF,22.00,605.43,446.00,507.50,76%,7%,3.63%,4.93%,3.88%,11.30%,11.30%,0,4.33%,-1.46%,,,,,,,,,,,,
,,,,,,,,,,,,,,,,,,2022,4/13/2022,571.60 CHF,,,,,,,,,,3.85%,571.60 CHF,22.00,605.43,446.00,507.50,79%,6%,3.63%,4.93%,3.85%,10.48%,10.48%,0,4.33%,-0.73%,,,,,,,,,,,,
,,,,,,,,,,,,,,,,,,2022,4/14/2022,576.20 CHF,,,,,,,,,,3.82%,576.20 CHF,22.00,605.43,446.00,507.50,82%,5%,3.63%,4.93%,3.82%,9.60%,9.60%,0,4.33%,0.00%,,,,,,,,,,,,
,,,,,,,,,,,,,,,,,,2022,4/19/2022,568.60 CHF,,,,,,,,,,3.87%,568.60 CHF,22.00,605.43,446.00,507.50,77%,6%,3.63%,4.93%,3.87%,11.06%,11.06%,0,4.33%,-1.32%,,,,,,,,,,,,
,,,,,,,,,,,,,,,,,,2022,4/20/2022,566.40 CHF,,,,,,,,,,3.88%,566.40 CHF,22.00,605.43,446.00,507.50,76%,7%,3.63%,4.93%,3.88%,11.49%,11.49%,0,4.33%,-1.70%,,,,,,,,,,,,
,,,,,,,,,,,,,,,,,,2022,4/21/2022,559.80 CHF,,,,,,,,,,3.93%,559.80 CHF,22.00,605.43,446.00,507.50,71%,8%,3.63%,4.93%,3.93%,12.81%,12.81%,0,4.33%,-2.85%,,,,,,,,,,,,
,,,,,,,,,,,,,,,,,,2022,4/22/2022,559.40 CHF,,,,,,,,,,3.93%,559.40 CHF,22.00,605.43,446.00,507.50,71%,8%,3.63%,4.93%,3.93%,12.89%,12.89%,0,4.33%,-2.92%,,,,,,,,,,,,
,,,,,,,,,,,,,,,,,,2022,4/25/2022,561.00 CHF,,,,,,,,,,3.92%,561.00 CHF,22.00,605.43,446.00,507.50,72%,8%,3.63%,4.93%,3.92%,12.57%,12.57%,0,4.33%,-2.64%,,,,,,,,,,,,
,,,,,,,,,,,,,,,,,,2022,4/26/2022,562.80 CHF,,,,,,,,,,3.91%,562.80 CHF,22.00,605.43,446.00,507.50,73%,8%,3.63%,4.93%,3.91%,12.21%,12.21%,0,4.33%,-2.33%,,,,,,,,,,,,
,,,,,,,,,,,,,,,,,,2022,4/27/2022,561.00 CHF,,,,,,,,,,3.92%,561.00 CHF,22.00,605.43,446.00,507.50,72%,8%,3.63%,4.93%,3.92%,12.57%,12.57%,0,4.33%,-2.64%,,,,,,,,,,,,
,,,,,,,,,,,,,,,,,,2022,4/28/2022,572.40 CHF,,,,,,,,,,3.84%,572.40 CHF,22.00,605.43,446.00,507.50,79%,6%,3.63%,4.93%,3.84%,10.32%,10.32%,0,4.33%,-0.66%,,,,,,,,,,,,
,,,,,,,,,,,,,,,,,,2022,4/29/2022,576.80 CHF,,,,,,,,,,3.81%,576.80 CHF,22.00,605.43,446.00,507.50,82%,5%,3.63%,4.93%,3.81%,9.48%,9.48%,0,4.33%,0.00%,,,,,,,,,,,,
,,,,,,,,,,,,,,,,,,2022,5/2/2022,577.20 CHF,,,,,,,,,,3.81%,577.20 CHF,22.00,605.43,446.00,507.50,82%,5%,3.63%,4.93%,3.81%,9.41%,9.41%,0,4.33%,0.00%,,,,,,,,,,,,
,,,,,,,,,,,,,,,,,,2022,5/3/2022,583.60 CHF,,,,,,,,,,3.77%,583.60 CHF,22.00,605.43,446.00,507.50,86%,4%,3.63%,4.93%,3.77%,8.21%,8.21%,0,4.33%,0.00%,,,,,,,,,,,,
,,,,,,,,,,,,,,,,,,2022,5/4/2022,586.60 CHF,,,,,,,,,,3.75%,586.60 CHF,22.00,605.43,446.00,507.50,88%,3%,3.63%,4.93%,3.75%,7.65%,7.65%,0,4.33%,0.00%,,,,,,,,,,,,
,,,,,,,,,,,,,,,,,,2022,5/5/2022,583.20 CHF,,,,,,,,,,3.77%,583.20 CHF,22.00,605.43,446.00,507.50,86%,4%,3.63%,4.93%,3.77%,8.28%,8.28%,0,4.33%,-0.58%,,,,,,,,,,,,
,,,,,,,,,,,,,,,,,,2022,5/6/2022,585.40 CHF,,,,,,,,,,3.76%,585.40 CHF,22.00,605.43,446.00,507.50,87%,3%,3.63%,4.93%,3.76%,7.87%,7.87%,0,4.33%,-0.20%,,,,,,,,,,,,
,,,,,,,,,,,,,,,,,,2022,5/9/2022,575.20 CHF,,,,,,,,,,3.82%,575.20 CHF,22.00,605.43,446.00,507.50,81%,5%,3.63%,4.93%,3.82%,9.79%,9.79%,0,4.33%,-1.94%,,,,,,,,,,,,
,,,,,,,,,,,,,,,,,,2022,5/10/2022,580.60 CHF,,,,,,,,,,3.79%,580.60 CHF,22.00,605.43,446.00,507.50,84%,4%,3.63%,4.93%,3.79%,8.77%,8.77%,0,4.33%,-1.02%,,,,,,,,,,,,
,,,,,,,,,,,,,,,,,,2022,5/11/2022,580.20 CHF,,,,,,,,,,3.79%,580.20 CHF,22.00,605.43,446.00,507.50,84%,4%,3.63%,4.93%,3.79%,8.84%,8.84%,0,4.33%,-1.09%,,,,,,,,,,,,
,,,,,,,,,,,,,,,,,,2022,5/12/2022,584.80 CHF,,,,,,,,,,3.76%,584.80 CHF,22.00,605.43,446.00,507.50,87%,4%,3.63%,4.93%,3.76%,7.99%,7.99%,0,4.33%,-0.31%,,,,,,,,,,,,
,,,,,,,,,,,,,,,,,,2022,5/13/2022,580.60 CHF,,,,,,,,,,3.79%,580.60 CHF,22.00,605.43,446.00,507.50,84%,4%,3.63%,4.93%,3.79%,8.77%,8.77%,0,4.33%,-1.02%,,,,,,,,,,,,
,,,,,,,,,,,,,,,,,,2022,5/16/2022,580.00 CHF,,,,,,,,,,3.79%,580.00 CHF,22.00,605.43,446.00,507.50,84%,4%,3.63%,4.93%,3.79%,8.88%,8.88%,0,4.33%,-1.13%,,,,,,,,,,,,
,,,,,,,,,,,,,,,,,,2022,5/17/2022,580.40 CHF,,,,,,,,,,3.79%,580.40 CHF,22.00,605.43,446.00,507.50,84%,4%,3.63%,4.93%,3.79%,8.80%,8.80%,0,4.33%,-1.06%,,,,,,,,,,,,
,,,,,,,,,,,,,,,,,,2022,5/18/2022,573.00 CHF,,,,,,,,,,3.84%,573.00 CHF,22.00,605.43,446.00,507.50,80%,6%,3.63%,4.93%,3.84%,10.21%,10.21%,0,4.33%,-2.32%,,,,,,,,,,,,
,,,,,,,,,,,,,,,,,,2022,5/19/2022,563.00 CHF,,,,,,,,,,3.91%,563.00 CHF,22.00,605.43,446.00,507.50,73%,8%,3.63%,4.93%,3.91%,12.17%,12.17%,0,4.33%,-4.02%,,,,,,,,,,,,
,,,,,,,,,,,,,,,,,,2022,5/20/2022,567.40 CHF,,,,,,,,,,3.88%,567.40 CHF,22.00,605.43,446.00,507.50,76%,7%,3.63%,4.93%,3.88%,11.30%,11.30%,0,4.33%,-3.27%,,,,,,,,,,,,
,,,,,,,,,,,,,,,,,,2022,5/23/2022,565.00 CHF,,,,,,,,,,3.89%,565.00 CHF,22.00,605.43,446.00,507.50,75%,7%,3.63%,4.93%,3.89%,11.77%,11.77%,0,4.33%,-3.68%,,,,,,,,,,,,
,,,,,,,,,,,,,,,,,,2022,5/24/2022,573.80 CHF,,,,,,,,,,3.83%,573.80 CHF,22.00,605.43,446.00,507.50,80%,6%,3.63%,4.93%,3.83%,10.06%,10.06%,0,4.33%,-2.18%,,,,,,,,,,,,
,,,,,,,,,,,,,,,,,,2022,5/25/2022,572.40 CHF,,,,,,,,,,3.84%,572.40 CHF,22.00,605.43,446.00,507.50,79%,6%,3.63%,4.93%,3.84%,10.32%,10.32%,0,4.33%,-2.42%,,,,,,,,,,,,
,,,,,,,,,,,,,,,,,,2022,5/27/2022,574.40 CHF,,,,,,,,,,3.83%,574.40 CHF,22.00,605.43,446.00,507.50,81%,5%,3.63%,4.93%,3.83%,9.94%,9.94%,0,4.33%,-2.08%,,,,,,,,,,,,
,,,,,,,,,,,,,,,,,,2022,5/30/2022,567.60 CHF,,,,,,,,,,3.88%,567.60 CHF,22.00,605.43,446.00,507.50,76%,7%,3.63%,4.93%,3.88%,11.26%,11.26%,0,4.33%,-3.24%,,,,,,,,,,,,
,,,,,,,,,,,,,,,,,,2022,5/31/2022,566.80 CHF,,,,,,,,,,3.88%,566.80 CHF,22.00,605.43,446.00,507.50,76%,7%,3.63%,4.93%,3.88%,11.41%,11.41%,0,4.33%,-3.38%,,,,,,,,,,,,
,,,,,,,,,,,,,,,,,,2022,6/1/2022,568.20 CHF,,,,,,,,,,3.87%,568.20 CHF,22.00,605.43,446.00,507.50,77%,7%,3.63%,4.93%,3.87%,11.14%,11.14%,0,4.33%,-3.14%,,,,,,,,,,,,
,,,,,,,,,,,,,,,,,,2022,6/2/2022,566.60 CHF,,,,,,,,,,3.88%,566.60 CHF,22.00,605.43,446.00,507.50,76%,7%,3.63%,4.93%,3.88%,11.45%,11.45%,0,4.33%,-3.41%,,,,,,,,,,,,
,,,,,,,,,,,,,,,,,,2022,6/3/2022,570.20 CHF,,,,,,,,,,3.86%,570.20 CHF,22.00,605.43,446.00,507.50,78%,6%,3.63%,4.93%,3.86%,10.75%,10.75%,0,4.33%,-2.80%,,,,,,,,,,,,
,,,,,,,,,,,,,,,,,,2022,6/7/2022,562.00 CHF,,,,,,,,,,3.91%,562.00 CHF,22.00,605.43,446.00,507.50,73%,8%,3.63%,4.93%,3.91%,12.37%,12.37%,0,4.33%,-4.19%,,,,,,,,,,,,
,,,,,,,,,,,,,,,,,,2022,6/8/2022,557.60 CHF,,,,,,,,,,3.95%,557.60 CHF,22.00,605.43,446.00,507.50,70%,9%,3.63%,4.93%,3.95%,13.25%,13.25%,0,4.33%,-4.94%,,,,,,,,,,,,
,,,,,,,,,,,,,,,,,,2022,6/9/2022,553.80 CHF,,,,,,,,,,3.97%,553.80 CHF,22.00,605.43,446.00,507.50,68%,9%,3.63%,4.93%,3.97%,14.03%,14.03%,0,4.33%,-5.59%,,,,,,,,,,,,
,,,,,,,,,,,,,,,,,,2022,6/10/2022,538.60 CHF,,,,,,,,,,4.08%,538.60 CHF,22.00,605.43,446.00,507.50,58%,12%,3.63%,4.93%,4.08%,17.25%,17.25%,0,4.33%,-8.18%,,,,,,,,,,,,
,,,,,,,,,,,,,,,,,,2022,6/13/2022,534.40 CHF,,,,,,,,,,4.12%,534.40 CHF,22.00,605.43,446.00,507.50,55%,13%,3.63%,4.93%,4.12%,18.17%,18.17%,0,4.33%,-8.90%,,,,,,,,,,,,
,,,,,,,,,,,,,,,,,,2022,6/14/2022,530.20 CHF,,,,,,,,,,4.15%,530.20 CHF,22.00,605.43,446.00,507.50,53%,14%,3.63%,4.93%,4.15%,19.11%,19.11%,0,4.33%,-9.61%,,,,,,,,,,,,
,,,,,,,,,,,,,,,,,,2022,6/15/2022,530.20 CHF,,,,,,,,,,4.15%,530.20 CHF,22.00,605.43,446.00,507.50,53%,14%,3.63%,4.93%,4.15%,19.11%,19.11%,0,4.33%,-9.61%,,,,,,,,,,,,
,,,,,,,,,,,,,,,,,,2022,6/16/2022,520.20 CHF,,,,,,,,,,4.23%,520.20 CHF,22.00,605.43,446.00,507.50,47%,16%,3.63%,4.93%,4.23%,21.40%,21.40%,0,4.33%,-11.32%,,,,,,,,,,,,
,,,,,,,,,,,,,,,,,,2022,6/17/2022,518.20 CHF,,,,,,,,,,4.25%,518.20 CHF,22.00,605.43,446.00,507.50,45%,17%,3.63%,4.93%,4.25%,21.86%,21.86%,0,4.33%,-11.66%,,,,,,,,,,,,
,,,,,,,,,,,,,,,,,,2022,6/20/2022,526.80 CHF,,,,,,,,,,4.18%,526.80 CHF,22.00,605.43,446.00,507.50,51%,15%,3.63%,4.93%,4.18%,19.87%,19.87%,0,4.33%,-10.19%,,,,,,,,,,,,
,,,,,,,,,,,,,,,,,,2022,6/21/2022,521.00 CHF,,,,,,,,,,4.22%,521.00 CHF,22.00,605.43,446.00,507.50,47%,16%,3.63%,4.93%,4.22%,21.21%,21.21%,0,4.33%,-11.18%,,,,,,,,,,,,
,,,,,,,,,,,,,,,,,,2022,6/22/2022,523.40 CHF,,,,,,,,,,4.20%,523.40 CHF,22.00,605.43,446.00,507.50,49%,16%,3.63%,4.93%,4.20%,20.65%,20.65%,0,4.33%,-10.77%,,,,,,,,,,,,
,,,,,,,,,,,,,,,,,,2022,6/23/2022,513.80 CHF,,,,,,,,,,4.28%,513.80 CHF,22.00,605.43,446.00,507.50,43%,18%,3.63%,4.93%,4.28%,22.91%,22.91%,0,4.33%,-12.41%,,,,,,,,,,,,
,,,,,,,,,,,,,,,,,,2022,6/24/2022,522.40 CHF,,,,,,,,,,4.21%,522.40 CHF,22.00,605.43,446.00,507.50,48%,16%,3.63%,4.93%,4.21%,20.88%,20.88%,0,4.33%,-10.94%,,,,,,,,,,,,
,,,,,,,,,,,,,,,,,,2022,6/27/2022,522.20 CHF,,,,,,,,,,4.21%,522.20 CHF,22.00,605.43,446.00,507.50,48%,16%,3.63%,4.93%,4.21%,20.93%,20.93%,0,4.33%,-10.98%,,,,,,,,,,,,
,,,,,,,,,,,,,,,,,,2022,6/28/2022,524.00 CHF,,,,,,,,,,4.20%,524.00 CHF,22.00,605.43,446.00,507.50,49%,16%,3.63%,4.93%,4.20%,20.52%,20.52%,0,4.33%,-10.67%,,,,,,,,,,,,
,,,,,,,,,,,,,,,,,,2022,6/29/2022,521.40 CHF,,,,,,,,,,4.22%,521.40 CHF,22.00,605.43,446.00,507.50,47%,16%,3.63%,4.93%,4.22%,21.12%,21.12%,0,4.33%,-11.11%,,,,,,,,,,,,
,,,,,,,,,,,,,,,,,,2022,6/30/2022,527.40 CHF,,,,,,,,,,4.17%,527.40 CHF,22.00,605.43,446.00,507.50,51%,15%,3.63%,4.93%,4.17%,19.74%,19.74%,0,4.33%,-10.09%,,,,,,,,,,,,
,,,,,,,,,,,,,,,,,,2022,7/1/2022,525.40 CHF,,,,,,,,,,4.19%,525.40 CHF,22.00,605.43,446.00,507.50,50%,15%,3.63%,4.93%,4.19%,20.19%,20.19%,0,4.33%,-10.43%,,,,,,,,,,,,
,,,,,,,,,,,,,,,,,,2022,7/4/2022,530.20 CHF,,,,,,,,,,4.15%,530.20 CHF,22.00,605.43,446.00,507.50,53%,14%,3.63%,4.93%,4.15%,19.11%,19.11%,0,4.33%,-9.61%,,,,,,,,,,,,
,,,,,,,,,,,,,,,,,,2022,7/5/2022,525.00 CHF,,,,,,,,,,4.19%,525.00 CHF,22.00,605.43,446.00,507.50,50%,15%,3.63%,4.93%,4.19%,20.29%,20.29%,0,4.33%,-10.50%,,,,,,,,,,,,
,,,,,,,,,,,,,,,,,,2022,7/6/2022,520.00 CHF,,,,,,,,,,4.23%,520.00 CHF,22.00,605.43,446.00,507.50,46%,16%,3.63%,4.93%,4.23%,21.44%,21.44%,0,4.33%,-11.35%,,,,,,,,,,,,
,,,,,,,,,,,,,,,,,,2022,7/7/2022,528.80 CHF,,,,,,,,,,4.16%,528.80 CHF,22.00,605.43,446.00,507.50,52%,14%,3.63%,4.93%,4.16%,19.42%,19.42%,0,4.33%,-9.85%,,,,,,,,,,,,
,,,,,,,,,,,,,,,,,,2022,7/8/2022,533.40 CHF,,,,,,,,,,4.12%,533.40 CHF,22.00,605.43,446.00,507.50,55%,14%,3.63%,4.93%,4.12%,18.39%,18.39%,0,4.33%,-9.07%,,,,,,,,,,,,
,,,,,,,,,,,,,,,,,,2022,7/11/2022,529.80 CHF,,,,,,,,,,4.15%,529.80 CHF,22.00,605.43,446.00,507.50,53%,14%,3.63%,4.93%,4.15%,19.20%,19.20%,0,4.33%,-9.68%,,,,,,,,,,,,
,,,,,,,,,,,,,,,,,,2022,7/12/2022,531.20 CHF,,,,,,,,,,4.14%,531.20 CHF,22.00,605.43,446.00,507.50,53%,14%,3.63%,4.93%,4.14%,18.88%,18.88%,0,4.33%,-9.44%,,,,,,,,,,,,
,,,,,,,,,,,,,,,,,,2022,7/13/2022,531.80 CHF,,,,,,,,,,4.14%,531.80 CHF,22.00,605.43,446.00,507.50,54%,14%,3.63%,4.93%,4.14%,18.75%,18.75%,0,4.33%,-9.34%,,,,,,,,,,,,
,,,,,,,,,,,,,,,,,,2022,7/14/2022,525.00 CHF,,,,,,,,,,4.19%,525.00 CHF,22.00,605.43,446.00,507.50,50%,15%,3.63%,4.93%,4.19%,20.29%,20.29%,0,4.33%,-10.50%,,,,,,,,,,,,
,,,,,,,,,,,,,,,,,,2022,7/15/2022,525.00 CHF,,,,,,,,,,4.19%,525.00 CHF,22.00,605.43,446.00,507.50,50%,15%,3.63%,4.93%,4.19%,20.29%,20.29%,0,4.33%,-10.50%,,,,,,,,,,,,
,,,,,,,,,,,,,,,,,,2022,7/18/2022,528.80 CHF,,,,,,,,,,4.16%,528.80 CHF,22.00,605.43,446.00,507.50,52%,14%,3.63%,4.93%,4.16%,19.42%,19.42%,0,4.33%,-9.85%,,,,,,,,,,,,
,,,,,,,,,,,,,,,,,,2022,7/19/2022,526.40 CHF,,,,,,,,,,4.18%,526.40 CHF,22.00,605.43,446.00,507.50,50%,15%,3.63%,4.93%,4.18%,19.97%,19.97%,0,4.33%,-10.26%,,,,,,,,,,,,
,,,,,,,,,,,,,,,,,,2022,7/20/2022,523.60 CHF,,,,,,,,,,4.20%,523.60 CHF,22.00,605.43,446.00,507.50,49%,16%,3.63%,4.93%,4.20%,20.61%,20.61%,0,4.33%,-10.74%,,,,,,,,,,,,
,,,,,,,,,,,,,,,,,,2022,7/21/2022,516.00 CHF,,,,,,,,,,4.26%,516.00 CHF,22.00,605.43,446.00,507.50,44%,17%,3.63%,4.93%,4.26%,22.38%,22.38%,0,4.33%,-12.04%,,,,,,,,,,,,
,,,,,,,,,,,,,,,,,,2022,7/22/2022,513.60 CHF,,,,,,,,,,4.28%,513.60 CHF,22.00,605.43,446.00,507.50,42%,18%,3.63%,4.93%,4.28%,22.96%,22.96%,0,4.33%,-12.44%,,,,,,,,,,,,
,,,,,,,,,,,,,,,,,,2022,7/25/2022,518.60 CHF,,,,,,,,,,4.24%,518.60 CHF,22.00,605.43,446.00,507.50,46%,17%,3.63%,4.93%,4.24%,21.77%,21.77%,0,4.33%,-11.59%,,,,,,,,,,,,
,,,,,,,,,,,,,,,,,,2022,7/26/2022,520.40 CHF,,,,,,,,,,4.23%,520.40 CHF,22.00,605.43,446.00,507.50,47%,16%,3.63%,4.93%,4.23%,21.35%,21.35%,0,4.33%,-11.29%,,,,,,,,,,,,
,,,,,,,,,,,,,,,,,,2022,7/27/2022,514.60 CHF,,,,,,,,,,4.28%,514.60 CHF,22.00,605.43,446.00,507.50,43%,18%,3.63%,4.93%,4.28%,22.72%,22.72%,0,4.33%,-12.27%,,,,,,,,,,,,
,,,,,,,,,,,,,,,,,,2022,7/28/2022,507.40 CHF,,,,,,,,,,4.34%,507.40 CHF,22.00,605.43,446.00,507.50,39%,19%,3.63%,4.93%,4.34%,24.46%,24.46%,0,4.33%,-13.50%,,,,,,,,,,,,
,,,,,,,,,,,,,,,,,,2022,7/29/2022,513.80 CHF,,,,,,,,,,4.28%,513.80 CHF,22.00,605.43,446.00,507.50,43%,18%,3.63%,4.93%,4.28%,22.91%,22.91%,0,4.33%,-12.41%,,,,,,,,,,,,
,,,,,,,,,,,,,,,,,,2022,8/2/2022,517.40 CHF,,,,,,,,,,4.25%,517.40 CHF,22.00,605.43,446.00,507.50,45%,17%,3.63%,4.93%,4.25%,22.05%,22.05%,0,4.33%,-11.80%,,,,,,,,,,,,
,,,,,,,,,,,,,,,,,,2022,8/3/2022,504.40 CHF,,,,,,,,,,4.36%,504.40 CHF,22.00,605.43,446.00,507.50,37%,20%,3.63%,4.93%,4.36%,25.20%,25.20%,0,4.33%,-14.01%,,,,,,,,,,,,
,,,,,,,,,,,,,,,,,,2022,8/4/2022,503.80 CHF,,,,,,,,,,4.37%,503.80 CHF,22.00,605.43,446.00,507.50,36%,20%,3.63%,4.93%,4.37%,25.35%,25.35%,0,4.33%,-14.12%,,,,,,,,,,,,
,,,,,,,,,,,,,,,,,,2022,8/5/2022,514.20 CHF,,,,,,,,,,4.28%,514.20 CHF,22.00,605.43,446.00,507.50,43%,18%,3.63%,4.93%,4.28%,22.81%,22.81%,0,4.33%,-12.34%,,,,,,,,,,,,
,,,,,,,,,,,,,,,,,,2022,8/8/2022,507.80 CHF,,,,,,,,,,4.33%,507.80 CHF,22.00,605.43,446.00,507.50,39%,19%,3.63%,4.93%,4.33%,24.36%,24.36%,0,4.33%,-13.43%,,,,,,,,,,,,
,,,,,,,,,,,,,,,,,,2022,8/9/2022,513.80 CHF,,,,,,,,,,4.28%,513.80 CHF,22.00,605.43,446.00,507.50,43%,18%,3.63%,4.93%,4.28%,22.91%,22.91%,0,4.33%,-12.41%,,,,,,,,,,,,
,,,,,,,,,,,,,,,,,,2022,8/10/2022,506.80 CHF,,,,,,,,,,4.34%,506.80 CHF,22.00,605.43,446.00,507.50,38%,19%,3.63%,4.93%,4.34%,24.61%,24.61%,0,4.33%,-13.60%,,,,,,,,,,,,
,,,,,,,,,,,,,,,,,,2022,8/11/2022,510.20 CHF,,,,,,,,,,4.31%,510.20 CHF,22.00,605.43,446.00,507.50,40%,19%,3.63%,4.93%,4.31%,23.77%,23.77%,0,4.33%,-13.02%,,,,,,,,,,,,
,,,,,,,,,,,,,,,,,,2022,8/12/2022,504.60 CHF,,,,,,,,,,4.36%,504.60 CHF,22.00,605.43,446.00,507.50,37%,20%,3.63%,4.93%,4.36%,25.15%,25.15%,0,4.33%,-13.98%,,,,,,,,,,,,
,,,,,,,,,,,,,,,,,,2022,8/15/2022,505.20 CHF,,,,,,,,,,4.35%,505.20 CHF,22.00,605.43,446.00,507.50,37%,20%,3.63%,4.93%,4.35%,25.00%,25.00%,0,4.33%,-13.88%,,,,,,,,,,,,
,,,,,,,,,,,,,,,,,,2022,8/16/2022,510.00 CHF,,,,,,,,,,4.31%,510.00 CHF,22.00,605.43,446.00,507.50,40%,19%,3.63%,4.93%,4.31%,23.82%,23.82%,0,4.33%,-13.06%,,,,,,,,,,,,
,,,,,,,,,,,,,,,,,,2022,8/17/2022,508.00 CHF,,,,,,,,,,4.33%,508.00 CHF,22.00,605.43,446.00,507.50,39%,19%,3.63%,4.93%,4.33%,24.31%,24.31%,0,4.33%,-13.40%,,,,,,,,,,,,
,,,,,,,,,,,,,,,,,,2022,8/18/2022,513.60 CHF,,,,,,,,,,4.28%,513.60 CHF,22.00,605.43,446.00,507.50,42%,18%,3.63%,4.93%,4.28%,22.96%,22.96%,0,4.33%,-12.44%,,,,,,,,,,,,
,,,,,,,,,,,,,,,,,,2022,8/19/2022,512.60 CHF,,,,,,,,,,4.29%,512.60 CHF,22.00,605.43,446.00,507.50,42%,18%,3.63%,4.93%,4.29%,23.20%,23.20%,0,4.33%,-12.62%,,,,,,,,,,,,
,,,,,,,,,,,,,,,,,,2022,8/22/2022,514.40 CHF,,,,,,,,,,4.28%,514.40 CHF,22.00,605.43,446.00,507.50,43%,18%,3.63%,4.93%,4.28%,22.76%,22.76%,0,4.33%,-12.31%,,,,,,,,,,,,
,,,,,,,,,,,,,,,,,,2022,8/23/2022,510.60 CHF,,,,,,,,,,4.31%,510.60 CHF,22.00,605.43,446.00,507.50,41%,19%,3.63%,4.93%,4.31%,23.68%,23.68%,0,4.33%,-12.96%,,,,,,,,,,,,
,,,,,,,,,,,,,,,,,,2022,8/24/2022,509.40 CHF,,,,,,,,,,4.32%,509.40 CHF,22.00,605.43,446.00,507.50,40%,19%,3.63%,4.93%,4.32%,23.97%,23.97%,0,4.33%,-13.16%,,,,,,,,,,,,
,,,,,,,,,,,,,,,,,,2022,8/25/2022,510.00 CHF,,,,,,,,,,4.31%,510.00 CHF,22.00,605.43,446.00,507.50,40%,19%,3.63%,4.93%,4.31%,23.82%,23.82%,0,4.33%,-13.06%,,,,,,,,,,,,
,,,,,,,,,,,,,,,,,,2022,8/26/2022,505.00 CHF,,,,,,,,,,4.36%,505.00 CHF,22.00,605.43,446.00,507.50,37%,20%,3.63%,4.93%,4.36%,25.05%,25.05%,0,4.33%,-13.91%,,,,,,,,,,,,
,,,,,,,,,,,,,,,,,,2022,8/29/2022,514.00 CHF,,,,,,,,,,4.28%,514.00 CHF,22.00,605.43,446.00,507.50,43%,18%,3.63%,4.93%,4.28%,22.86%,22.86%,0,4.33%,-12.38%,,,,,,,,,,,,
,,,,,,,,,,,,,,,,,,2022,8/30/2022,510.00 CHF,,,,,,,,,,4.31%,510.00 CHF,22.00,605.43,446.00,507.50,40%,19%,3.63%,4.93%,4.31%,23.82%,23.82%,0,4.33%,-13.06%,,,,,,,,,,,,
,,,,,,,,,,,,,,,,,,2022,8/31/2022,506.20 CHF,,,,,,,,,,4.35%,506.20 CHF,22.00,605.43,446.00,507.50,38%,20%,3.63%,4.93%,4.35%,24.75%,24.75%,0,4.33%,-13.71%,,,,,,,,,,,,
,,,,,,,,,,,,,,,,,,2022,9/1/2022,506.40 CHF,,,,,,,,,,4.34%,506.40 CHF,22.00,605.43,446.00,507.50,38%,20%,3.63%,4.93%,4.34%,24.70%,24.70%,0,4.33%,-13.67%,,,,,,,,,,,,
,,,,,,,,,,,,,,,,,,2022,9/2/2022,508.20 CHF,,,,,,,,,,4.33%,508.20 CHF,22.00,605.43,446.00,507.50,39%,19%,3.63%,4.93%,4.33%,24.26%,24.26%,0,4.33%,-13.37%,,,,,,,,,,,,
,,,,,,,,,,,,,,,,,,2022,9/5/2022,503.00 CHF,,,,,,,,,,4.37%,503.00 CHF,22.00,605.43,446.00,507.50,36%,20%,3.63%,4.93%,4.37%,25.55%,25.55%,0,4.33%,-14.25%,,,,,,,,,,,,
,,,,,,,,,,,,,,,,,,2022,9/6/2022,503.80 CHF,,,,,,,,,,4.37%,503.80 CHF,22.00,605.43,446.00,507.50,36%,20%,3.63%,4.93%,4.37%,25.35%,25.35%,0,4.33%,-14.12%,,,,,,,,,,,,
,,,,,,,,,,,,,,,,,,2022,9/7/2022,496.70 CHF,,,,,,,,,,4.43%,496.70 CHF,22.00,605.43,446.00,507.50,32%,22%,3.63%,4.93%,4.43%,27.14%,27.14%,0,4.33%,-15.33%,,,,,,,,,,,,
,,,,,,,,,,,,,,,,,,2022,9/8/2022,491.80 CHF,,,,,,,,,,4.47%,491.80 CHF,22.00,605.43,446.00,507.50,29%,23%,3.63%,4.93%,4.47%,28.41%,28.41%,0,4.33%,-16.16%,,,,,,,,,,,,
,,,,,,,,,,,,,,,,,,2022,9/9/2022,494.40 CHF,,,,,,,,,,4.45%,494.40 CHF,22.00,605.43,446.00,507.50,30%,22%,3.63%,4.93%,4.45%,27.73%,27.73%,0,4.33%,-15.72%,,,,,,,,,,,,
,,,,,,,,,,,,,,,,,,2022,9/12/2022,497.30 CHF,,,,,,,,,,4.42%,497.30 CHF,22.00,605.43,446.00,507.50,32%,22%,3.63%,4.93%,4.42%,26.99%,26.99%,0,4.33%,-15.22%,,,,,,,,,,,,
,,,,,,,,,,,,,,,,,,2022,9/13/2022,498.00 CHF,,,,,,,,,,4.42%,498.00 CHF,22.00,605.43,446.00,507.50,33%,22%,3.63%,4.93%,4.42%,26.81%,26.81%,0,4.33%,-15.10%,,,,,,,,,,,,
,,,,,,,,,,,,,,,,,,2022,9/14/2022,495.20 CHF,,,,,,,,,,4.44%,495.20 CHF,22.00,605.43,446.00,507.50,31%,22%,3.63%,4.93%,4.44%,27.52%,27.52%,0,4.33%,-15.58%,,,,,,,,,,,,
,,,,,,,,,,,,,,,,,,2022,9/15/2022,495.70 CHF,,,,,,,,,,4.44%,495.70 CHF,22.00,605.43,446.00,507.50,31%,22%,3.63%,4.93%,4.44%,27.40%,27.40%,0,4.33%,-15.50%,,,,,,,,,,,,
,,,,,,,,,,,,,,,,,,2022,9/16/2022,500.60 CHF,,,,,,,,,,4.39%,500.60 CHF,22.00,605.43,446.00,507.50,34%,21%,3.63%,4.93%,4.39%,26.15%,26.15%,0,4.33%,-14.66%,,,,,,,,,,,,
,,,,,,,,,,,,,,,,,,2022,9/19/2022,497.30 CHF,,,,,,,,,,4.42%,497.30 CHF,22.00,605.43,446.00,507.50,32%,22%,3.63%,4.93%,4.42%,26.99%,26.99%,0,4.33%,-15.22%,,,,,,,,,,,,
,,,,,,,,,,,,,,,,,,2022,9/20/2022,483.70 CHF,,,,,,,,,,4.55%,483.70 CHF,22.00,605.43,446.00,507.50,24%,25%,3.63%,4.93%,4.55%,30.56%,30.56%,0,4.33%,-17.54%,,,,,,,,,,,,
,,,,,,,,,,,,,,,,,,2022,9/21/2022,482.50 CHF,,,,,,,,,,4.56%,482.50 CHF,22.00,605.43,446.00,507.50,23%,25%,3.63%,4.93%,4.56%,30.88%,30.88%,0,4.33%,-17.75%,,,,,,,,,,,,
,,,,,,,,,,,,,,,,,,2022,9/22/2022,484.70 CHF,,,,,,,,,,4.54%,484.70 CHF,22.00,605.43,446.00,507.50,24%,25%,3.63%,4.93%,4.54%,30.29%,30.29%,0,4.33%,-17.37%,,,,,,,,,,,,
,,,,,,,,,,,,,,,,,,2022,9/23/2022,479.10 CHF,,,,,,,,,,4.59%,479.10 CHF,22.00,605.43,446.00,507.50,21%,26%,3.63%,4.93%,4.59%,31.81%,31.81%,0,4.33%,-18.33%,,,,,,,,,,,,
,,,,,,,,,,,,,,,,,,2022,9/26/2022,472.00 CHF,,,,,,,,,,4.66%,472.00 CHF,22.00,605.43,446.00,507.50,16%,28%,3.63%,4.93%,4.66%,33.79%,33.79%,0,4.33%,-19.54%,,,,,,,,,,,,
,,,,,,,,,,,,,,,,,,2022,9/27/2022,474.90 CHF,,,,,,,,,,4.63%,474.90 CHF,22.00,605.43,446.00,507.50,18%,27%,3.63%,4.93%,4.63%,32.98%,32.98%,0,4.33%,-19.04%,,,,,,,,,,,,
,,,,,,,,,,,,,,,,,,2022,9/28/2022,472.30 CHF,,,,,,,,,,4.66%,472.30 CHF,22.00,605.43,446.00,507.50,16%,28%,3.63%,4.93%,4.66%,33.71%,33.71%,0,4.33%,-19.49%,,,,,,,,,,,,
,,,,,,,,,,,,,,,,,,2022,9/29/2022,466.90 CHF,,,,,,,,,,4.71%,466.90 CHF,22.00,605.43,446.00,507.50,13%,30%,3.63%,4.93%,4.71%,35.25%,35.25%,0,4.33%,-20.41%,,,,,,,,,,,,
,,,,,,,,,,,,,,,,,,2022,9/30/2022,463.50 CHF,,,,,,,,,,4.75%,463.50 CHF,22.00,605.43,446.00,507.50,11%,31%,3.63%,4.93%,4.75%,36.25%,36.25%,0,4.33%,-20.99%,,,,,,,,,,,,
,,,,,,,,,,,,,,,,,,2022,10/3/2022,473.10 CHF,,,,,,,,,,4.65%,473.10 CHF,22.00,605.43,446.00,507.50,17%,28%,3.63%,4.93%,4.65%,33.48%,33.48%,0,4.33%,-19.35%,,,,,,,,,,,,
,,,,,,,,,,,,,,,,,,2022,10/4/2022,471.90 CHF,,,,,,,,,,4.66%,471.90 CHF,22.00,605.43,446.00,507.50,16%,28%,3.63%,4.93%,4.66%,33.82%,33.82%,0,4.33%,-19.55%,,,,,,,,,,,,
,,,,,,,,,,,,,,,,,,2022,10/5/2022,462.50 CHF,,,,,,,,,,4.76%,462.50 CHF,22.00,605.43,446.00,507.50,10%,31%,3.63%,4.93%,4.76%,36.54%,36.54%,0,4.33%,-21.16%,,,,,,,,,,,,
,,,,,,,,,,,,,,,,,,2022,10/6/2022,454.50 CHF,,,,,,,,,,4.84%,454.50 CHF,22.00,605.43,446.00,507.50,5%,33%,3.63%,4.93%,4.84%,38.94%,38.94%,0,4.33%,-22.52%,,,,,,,,,,,,
,,,,,,,,,,,,,,,,,,2022,10/7/2022,451.60 CHF,,,,,,,,,,4.87%,451.60 CHF,22.00,605.43,446.00,507.50,4%,34%,3.63%,4.93%,4.87%,39.84%,39.84%,0,4.33%,-23.01%,,,,,,,,,,,,
,,,,,,,,,,,,,,,,,,2022,10/10/2022,453.20 CHF,,,,,,,,,,4.85%,453.20 CHF,22.00,605.43,446.00,507.50,5%,34%,3.63%,4.93%,4.85%,39.34%,39.34%,0,4.33%,-22.74%,,,,,,,,,,,,
,,,,,,,,,,,,,,,,,,2022,10/11/2022,451.50 CHF,,,,,,,,,,4.87%,451.50 CHF,22.00,605.43,446.00,507.50,3%,34%,3.63%,4.93%,4.87%,39.87%,39.87%,0,4.33%,-23.03%,,,,,,,,,,,,
,,,,,,,,,,,,,,,,,,2022,10/12/2022,447.30 CHF,,,,,,,,,,4.92%,447.30 CHF,22.00,605.43,446.00,507.50,1%,35%,3.63%,4.93%,4.92%,41.18%,41.18%,0,4.33%,-23.75%,,,,,,,,,,,,
,,,,,,,,,,,,,,,,,,2022,10/13/2022,447.30 CHF,,,,,,,,,,4.92%,447.30 CHF,22.00,605.43,446.00,507.50,1%,35%,3.63%,4.93%,4.92%,41.18%,41.18%,0,4.33%,-23.75%,,,,,,,,,,,,
,,,,,,,,,,,,,,,,,,2022,10/14/2022,450.90 CHF,,,,,,,,,,4.88%,450.90 CHF,22.00,605.43,446.00,507.50,3%,34%,3.63%,4.93%,4.88%,40.05%,40.05%,0,4.33%,-23.13%,,,,,,,,,,,,
,,,,,,,,,,,,,,,,,,2022,10/17/2022,457.30 CHF,,,,,,,,,,4.81%,457.30 CHF,22.00,605.43,446.00,507.50,7%,32%,3.63%,4.93%,4.81%,38.09%,38.09%,0,4.33%,-22.04%,,,,,,,,,,,,
,,,,,,,,,,,,,,,,,,2022,10/18/2022,459.30 CHF,,,,,,,,,,4.79%,459.30 CHF,22.00,605.43,446.00,507.50,8%,32%,3.63%,4.93%,4.79%,37.49%,37.49%,0,4.33%,-21.70%,,,,,,,,,,,,
,,,,,,,,,,,,,,,,,,2022,10/19/2022,456.40 CHF,,,,,,,,,,4.82%,456.40 CHF,22.00,605.43,446.00,507.50,7%,33%,3.63%,4.93%,4.82%,38.37%,38.37%,0,4.33%,-22.20%,,,,,,,,,,,,
,,,,,,,,,,,,,,,,,,2022,10/20/2022,455.30 CHF,,,,,,,,,,4.83%,455.30 CHF,22.00,605.43,446.00,507.50,6%,33%,3.63%,4.93%,4.83%,38.70%,38.70%,0,4.33%,-22.38%,,,,,,,,,,,,
,,,,,,,,,,,,,,,,,,2022,10/21/2022,449.80 CHF,,,,,,,,,,4.89%,449.80 CHF,22.00,605.43,446.00,507.50,2%,35%,3.63%,4.93%,4.89%,40.40%,40.40%,0,4.33%,-23.32%,,,,,,,,,,,,
,,,,,,,,,,,,,,,,,,2022,10/24/2022,454.30 CHF,,,,,,,,,,4.84%,454.30 CHF,22.00,605.43,446.00,507.50,5%,33%,3.63%,4.93%,4.84%,39.01%,39.01%,0,4.33%,-22.55%,,,,,,,,,,,,
,,,,,,,,,,,,,,,,,,2022,10/25/2022,456.30 CHF,,,,,,,,,,4.82%,456.30 CHF,22.00,605.43,446.00,507.50,6%,33%,3.63%,4.93%,4.82%,38.40%,38.40%,0,4.33%,-22.21%,,,,,,,,,,,,
,,,,,,,,,,,,,,,,,,2022,10/26/2022,457.30 CHF,,,,,,,,,,4.81%,457.30 CHF,22.00,605.43,446.00,507.50,7%,32%,3.63%,4.93%,4.81%,38.09%,38.09%,0,4.33%,-22.04%,,,,,,,,,,,,
,,,,,,,,,,,,,,,,,,2022,10/27/2022,479.50 CHF,,,,,,,,,,4.59%,479.50 CHF,22.00,605.43,446.00,507.50,21%,26%,3.63%,4.93%,4.59%,31.70%,31.70%,0,4.33%,-18.26%,,,,,,,,,,,,
,,,,,,,,,,,,,,,,,,2022,10/28/2022,485.80 CHF,,,,,,,,,,4.53%,485.80 CHF,22.00,605.43,446.00,507.50,25%,25%,3.63%,4.93%,4.53%,29.99%,29.99%,0,4.33%,-17.18%,,,,,,,,,,,,
,,,,,,,,,,,,,,,,,,2022,10/31/2022,494.30 CHF,,,,,,,,,,4.45%,494.30 CHF,22.00,605.43,446.00,507.50,30%,22%,3.63%,4.93%,4.45%,27.76%,27.76%,0,4.33%,-15.73%,,,,,,,,,,,,
,,,,,,,,,,,,,,,,,,2022,11/1/2022,489.50 CHF,,,,,,,,,,4.49%,489.50 CHF,22.00,605.43,446.00,507.50,27%,24%,3.63%,4.93%,4.49%,29.01%,29.01%,0,4.33%,-16.55%,,,,,,,,,,,,
,,,,,,,,,,,,,,,,,,2022,11/2/2022,494.80 CHF,,,,,,,,,,4.45%,494.80 CHF,22.00,605.43,446.00,507.50,31%,22%,3.63%,4.93%,4.45%,27.63%,27.63%,0,4.33%,-15.65%,,,,,,,,,,,,
,,,,,,,,,,,,,,,,,,2022,11/3/2022,487.90 CHF,,,,,,,,,,4.51%,487.90 CHF,22.00,605.43,446.00,507.50,26%,24%,3.63%,4.93%,4.51%,29.43%,29.43%,0,4.33%,-16.83%,,,,,,,,,,,,
,,,,,,,,,,,,,,,,,,2022,11/4/2022,488.50 CHF,,,,,,,,,,4.50%,488.50 CHF,22.00,605.43,446.00,507.50,27%,24%,3.63%,4.93%,4.50%,29.27%,29.27%,0,4.33%,-16.72%,,,,,,,,,,,,
,,,,,,,,,,,,,,,,,,2022,11/7/2022,493.30 CHF,,,,,,,,,,4.46%,493.30 CHF,22.00,605.43,446.00,507.50,30%,23%,3.63%,4.93%,4.46%,28.02%,28.02%,0,4.33%,-15.91%,,,,,,,,,,,,
,,,,,,,,,,,,,,,,,,2022,11/8/2022,490.80 CHF,,,,,,,,,,4.48%,490.80 CHF,22.00,605.43,446.00,507.50,28%,23%,3.63%,4.93%,4.48%,28.67%,28.67%,0,4.33%,-16.33%,,,,,,,,,,,,
,,,,,,,,,,,,,,,,,,2022,11/9/2022,499.00 CHF,,,,,,,,,,4.41%,499.00 CHF,22.00,605.43,446.00,507.50,33%,21%,3.63%,4.93%,4.41%,26.55%,26.55%,0,4.33%,-14.93%,,,,,,,,,,,,
,,,,,,,,,,,,,,,,,,2022,11/10/2022,501.60 CHF,,,,,,,,,,4.39%,501.60 CHF,22.00,605.43,446.00,507.50,35%,21%,3.63%,4.93%,4.39%,25.90%,25.90%,0,4.33%,-14.49%,,,,,,,,,,,,
,,,,,,,,,,,,,,,,,,2022,11/11/2022,488.10 CHF,,,,,,,,,,4.51%,488.10 CHF,22.00,605.43,446.00,507.50,26%,24%,3.63%,4.93%,4.51%,29.38%,29.38%,0,4.33%,-16.79%,,,,,,,,,,,,
,,,,,,,,,,,,,,,,,,2022,11/14/2022,494.40 CHF,,,,,,,,,,4.45%,494.40 CHF,22.00,605.43,446.00,507.50,30%,22%,3.63%,4.93%,4.45%,27.73%,27.73%,0,4.33%,-15.72%,,,,,,,,,,,,
,,,,,,,,,,,,,,,,,,2022,11/15/2022,492.70 CHF,,,,,,,,,,4.47%,492.70 CHF,22.00,605.43,446.00,507.50,29%,23%,3.63%,4.93%,4.47%,28.17%,28.17%,0,4.33%,-16.01%,,,,,,,,,,,,
,,,,,,,,,,,,,,,,,,2022,11/16/2022,492.30 CHF,,,,,,,,,,4.47%,492.30 CHF,22.00,605.43,446.00,507.50,29%,23%,3.63%,4.93%,4.47%,28.28%,28.28%,0,4.33%,-16.08%,,,,,,,,,,,,
,,,,,,,,,,,,,,,,,,2022,11/17/2022,494.40 CHF,,,,,,,,,,4.45%,494.40 CHF,22.00,605.43,446.00,507.50,30%,22%,3.63%,4.93%,4.45%,27.73%,27.73%,0,4.33%,-15.72%,,,,,,,,,,,,
,,,,,,,,,,,,,,,,,,2022,11/18/2022,499.70 CHF,,,,,,,,,,4.40%,499.70 CHF,22.00,605.43,446.00,507.50,34%,21%,3.63%,4.93%,4.40%,26.38%,26.38%,0,4.33%,-14.81%,,,,,,,,,,,,
,,,,,,,,,,,,,,,,,,2022,11/21/2022,507.80 CHF,,,,,,,,,,4.33%,507.80 CHF,22.00,605.43,446.00,507.50,39%,19%,3.63%,4.93%,4.33%,24.36%,24.36%,0,4.33%,-13.43%,,,,,,,,,,,,
,,,,,,,,,,,,,,,,,,2022,11/22/2022,502.00 CHF,,,,,,,,,,4.38%,502.00 CHF,22.00,605.43,446.00,507.50,35%,21%,3.63%,4.93%,4.38%,25.80%,25.80%,0,4.33%,-14.42%,,,,,,,,,,,,
,,,,,,,,,,,,,,,,,,2022,11/23/2022,502.00 CHF,,,,,,,,,,4.38%,502.00 CHF,22.00,605.43,446.00,507.50,35%,21%,3.63%,4.93%,4.38%,25.80%,25.80%,0,4.33%,-14.42%,,,,,,,,,,,,
,,,,,,,,,,,,,,,,,,2022,11/24/2022,506.40 CHF,,,,,,,,,,4.34%,506.40 CHF,22.00,605.43,446.00,507.50,38%,20%,3.63%,4.93%,4.34%,24.70%,24.70%,0,4.33%,-13.67%,,,,,,,,,,,,
,,,,,,,,,,,,,,,,,,2022,11/25/2022,505.60 CHF,,,,,,,,,,4.35%,505.60 CHF,22.00,605.43,446.00,507.50,37%,20%,3.63%,4.93%,4.35%,24.90%,24.90%,0,4.33%,-13.81%,,,,,,,,,,,,
,,,,,,,,,,,,,,,,,,2022,11/28/2022,508.40 CHF,,,,,,,,,,4.33%,508.40 CHF,22.00,605.43,446.00,507.50,39%,19%,3.63%,4.93%,4.33%,24.21%,24.21%,0,4.33%,-13.33%,,,,,,,,,,,,
,,,,,,,,,,,,,,,,,,2022,11/29/2022,504.80 CHF,,,,,,,,,,4.36%,504.80 CHF,22.00,605.43,446.00,507.50,37%,20%,3.63%,4.93%,4.36%,25.10%,25.10%,0,4.33%,-13.94%,,,,,,,,,,,,
,,,,,,,,,,,,,,,,,,2022,11/30/2022,508.20 CHF,,,,,,,,,,4.33%,508.20 CHF,22.00,605.43,446.00,507.50,39%,19%,3.63%,4.93%,4.33%,24.26%,24.26%,0,4.33%,-13.37%,,,,,,,,,,,,
,,,,,,,,,,,,,,,,,,2022,12/1/2022,516.80 CHF,,,,,,,,,,4.26%,516.80 CHF,22.00,605.43,446.00,507.50,44%,17%,3.63%,4.93%,4.26%,22.19%,22.19%,0,4.33%,-11.90%,,,,,,,,,,,,
,,,,,,,,,,,,,,,,,,2022,12/2/2022,511.80 CHF,,,,,,,,,,4.30%,511.80 CHF,22.00,605.43,446.00,507.50,41%,18%,3.63%,4.93%,4.30%,23.39%,23.39%,0,4.33%,-12.75%,,,,,,,,,,,,
,,,,,,,,,,,,,,,,,,2022,12/5/2022,507.80 CHF,,,,,,,,,,4.33%,507.80 CHF,22.00,605.43,446.00,507.50,39%,19%,3.63%,4.93%,4.33%,24.36%,24.36%,0,4.33%,-13.43%,,,,,,,,,,,,
,,,,,,,,,,,,,,,,,,2022,12/6/2022,514.40 CHF,,,,,,,,,,4.28%,514.40 CHF,22.00,605.43,446.00,507.50,43%,18%,3.63%,4.93%,4.28%,22.76%,22.76%,0,4.33%,-12.31%,,,,,,,,,,,,
,,,,,,,,,,,,,,,,,,2022,12/7/2022,508.80 CHF,,,,,,,,,,4.32%,508.80 CHF,22.00,605.43,446.00,507.50,39%,19%,3.63%,4.93%,4.32%,24.12%,24.12%,0,4.33%,-13.26%,,,,,,,,,,,,
,,,,,,,,,,,,,,,,,,2022,12/8/2022,509.40 CHF,,,,,,,,,,4.32%,509.40 CHF,22.00,605.43,446.00,507.50,40%,19%,3.63%,4.93%,4.32%,23.97%,23.97%,0,4.33%,-13.16%,,,,,,,,,,,,
,,,,,,,,,,,,,,,,,,2022,12/9/2022,512.60 CHF,,,,,,,,,,4.29%,512.60 CHF,22.00,605.43,446.00,507.50,42%,18%,3.63%,4.93%,4.29%,23.20%,23.20%,0,4.33%,-12.62%,,,,,,,,,,,,
,,,,,,,,,,,,,,,,,,2022,12/12/2022,510.00 CHF,,,,,,,,,,4.31%,510.00 CHF,22.00,605.43,446.00,507.50,40%,19%,3.63%,4.93%,4.31%,23.82%,23.82%,0,4.33%,-13.06%,,,,,,,,,,,,
,,,,,,,,,,,,,,,,,,2022,12/13/2022,510.00 CHF,,,,,,,,,,4.31%,510.00 CHF,22.00,605.43,446.00,507.50,40%,19%,3.63%,4.93%,4.31%,23.82%,23.82%,0,4.33%,-13.06%,,,,,,,,,,,,
,,,,,,,,,,,,,,,,,,2022,12/14/2022,510.00 CHF,,,,,,,,,,4.31%,510.00 CHF,22.00,605.43,446.00,507.50,40%,19%,3.63%,4.93%,4.31%,23.82%,23.82%,0,4.33%,-13.06%,,,,,,,,,,,,
,,,,,,,,,,,,,,,,,,2022,12/15/2022,509.20 CHF,,,,,,,,,,4.32%,509.20 CHF,22.00,605.43,446.00,507.50,40%,19%,3.63%,4.93%,4.32%,24.02%,24.02%,0,4.33%,-13.19%,,,,,,,,,,,,
,,,,,,,,,,,,,,,,,,2022,12/16/2022,500.40 CHF,,,,,,,,,,4.40%,500.40 CHF,22.00,605.43,446.00,507.50,34%,21%,3.63%,4.93%,4.40%,26.20%,26.20%,0,4.33%,-14.69%,,,,,,,,,,,,
,,,,,,,,,,,,,,,,,,2022,12/19/2022,498.30 CHF,,,,,,,,,,4.42%,498.30 CHF,22.00,605.43,446.00,507.50,33%,22%,3.63%,4.93%,4.42%,26.73%,26.73%,0,4.33%,-15.05%,,,,,,,,,,,,
,,,,,,,,,,,,,,,,,,2022,12/20/2022,501.20 CHF,,,,,,,,,,4.39%,501.20 CHF,22.00,605.43,446.00,507.50,35%,21%,3.63%,4.93%,4.39%,26.00%,26.00%,0,4.33%,-14.56%,,,,,,,,,,,,
,,,,,,,,,,,,,,,,,,2022,12/21/2022,503.60 CHF,,,,,,,,,,4.37%,503.60 CHF,22.00,605.43,446.00,507.50,36%,20%,3.63%,4.93%,4.37%,25.40%,25.40%,0,4.33%,-14.15%,,,,,,,,,,,,
,,,,,,,,,,,,,,,,,,2022,12/22/2022,507.60 CHF,,,,,,,,,,4.33%,507.60 CHF,22.00,605.43,446.00,507.50,39%,19%,3.63%,4.93%,4.33%,24.41%,24.41%,0,4.33%,-13.47%,,,,,,,,,,,,
,,,,,,,,,,,,,,,,,,2022,12/23/2022,508.20 CHF,,,,,,,,,,4.33%,508.20 CHF,22.00,605.43,446.00,507.50,39%,19%,3.63%,4.93%,4.33%,24.26%,24.26%,0,4.33%,-13.37%,,,,,,,,,,,,
,,,,,,,,,,,,,,,,,,2022,12/27/2022,508.80 CHF,,,,,,,,,,4.32%,508.80 CHF,22.00,605.43,446.00,507.50,39%,19%,3.63%,4.93%,4.32%,24.12%,24.12%,0,4.33%,-13.26%,,,,,,,,,,,,
,,,,,,,,,,,,,,,,,,2022,12/28/2022,505.20 CHF,,,,,,,,,,4.35%,505.20 CHF,22.00,605.43,446.00,507.50,37%,20%,3.63%,4.93%,4.35%,25.00%,25.00%,0,4.33%,-13.88%,,,,,,,,,,,,
,,,,,,,,,,,,,,,,,,2022,12/29/2022,510.40 CHF,,,,,,,,,,4.31%,510.40 CHF,22.00,605.43,446.00,507.50,40%,19%,3.63%,4.93%,4.31%,23.73%,23.73%,0,4.33%,-12.99%,,,,,,,,,,,,
,,,,,,,,,,,,,,,,,,2022,12/30/2022,506.60 CHF,,,,,,,,,,4.34%,506.60 CHF,22.00,605.43,446.00,507.50,38%,20%,3.63%,4.93%,4.34%,24.65%,24.65%,0,4.33%,-13.64%,,,,,,,,,,,,
,,,,,,,,,,,,,,,,,,2023,1/3/2023,515.60 CHF,,,,,,,,,,4.27%,515.60 CHF,22.00,605.43,446.00,507.50,44%,17%,3.63%,4.93%,4.27%,22.48%,22.48%,0,4.33%,-12.10%,,,,,,,,,,,,
,,,,,,,,,,,,,,,,,,2023,1/4/2023,521.20 CHF,,,,,,,,,,4.22%,521.20 CHF,22.00,605.43,446.00,507.50,47%,16%,3.63%,4.93%,4.22%,21.16%,21.16%,0,4.33%,-11.15%,,,,,,,,,,,,
,,,,,,,,,,,,,,,,,,2023,1/5/2023,523.60 CHF,,,,,,,,,,4.20%,523.60 CHF,22.00,605.43,446.00,507.50,49%,16%,3.63%,4.93%,4.20%,20.61%,20.61%,0,4.33%,-10.74%,,,,,,,,,,,,
,,,,,,,,,,,,,,,,,,2023,1/6/2023,528.20 CHF,,,,,,,,,,4.17%,528.20 CHF,22.00,605.43,446.00,507.50,52%,15%,3.63%,4.93%,4.17%,19.56%,19.56%,0,4.33%,-9.96%,,,,,,,,,,,,
,,,,,,,,,,,,,,,,,,2023,1/9/2023,530.40 CHF,,,,,,,,,,4.15%,530.40 CHF,22.00,605.43,446.00,507.50,53%,14%,3.63%,4.93%,4.15%,19.06%,19.06%,0,4.33%,-9.58%,,,,,,,,,,,,
,,,,,,,,,,,,,,,,,,2023,1/10/2023,528.40 CHF,,,,,,,,,,4.16%,528.40 CHF,22.00,605.43,446.00,507.50,52%,15%,3.63%,4.93%,4.16%,19.51%,19.51%,0,4.33%,-9.92%,,,,,,,,,,,,
,,,,,,,,,,,,,,,,,,2023,1/11/2023,539.40 CHF,,,,,,,,,,4.08%,539.40 CHF,22.00,605.43,446.00,507.50,59%,12%,3.63%,4.93%,4.08%,17.07%,17.07%,0,4.33%,-8.05%,,,,,,,,,,,,
,,,,,,,,,,,,,,,,,,2023,1/12/2023,544.00 CHF,,,,,,,,,,4.04%,544.00 CHF,22.00,605.43,446.00,507.50,61%,11%,3.63%,4.93%,4.04%,16.08%,16.08%,0,4.33%,-7.26%,,,,,,,,,,,,
,,,,,,,,,,,,,,,,,,2023,1/13/2023,537.60 CHF,,,,,,,,,,4.09%,537.60 CHF,22.00,605.43,446.00,507.50,57%,13%,3.63%,4.93%,4.09%,17.47%,17.47%,0,4.33%,-8.35%,,,,,,,,,,,,
,,,,,,,,,,,,,,,,,,2023,1/16/2023,539.20 CHF,,,,,,,,,,4.08%,539.20 CHF,22.00,605.43,446.00,507.50,58%,12%,3.63%,4.93%,4.08%,17.12%,17.12%,0,4.33%,-8.08%,,,,,,,,,,,,
,,,,,,,,,,,,,,,,,,2023,1/17/2023,538.60 CHF,,,,,,,,,,4.08%,538.60 CHF,22.00,605.43,446.00,507.50,58%,12%,3.63%,4.93%,4.08%,17.25%,17.25%,0,4.33%,-8.18%,,,,,,,,,,,,
,,,,,,,,,,,,,,,,,,2023,1/18/2023,533.80 CHF,,,,,,,,,,4.12%,533.80 CHF,22.00,605.43,446.00,507.50,55%,13%,3.63%,4.93%,4.12%,18.30%,18.30%,0,4.33%,-9.00%,,,,,,,,,,,,
,,,,,,,,,,,,,,,,,,2023,1/19/2023,533.80 CHF,,,,,,,,,,4.12%,533.80 CHF,22.00,605.43,446.00,507.50,55%,13%,3.63%,4.93%,4.12%,18.30%,18.30%,0,4.33%,-9.00%,,,,,,,,,,,,
,,,,,,,,,,,,,,,,,,2023,1/20/2023,536.20 CHF,,,,,,,,,,4.10%,536.20 CHF,22.00,605.43,446.00,507.50,57%,13%,3.63%,4.93%,4.10%,17.77%,17.77%,0,4.33%,-8.59%,,,,,,,,,,,,
,,,,,,,,,,,,,,,,,,2023,1/23/2023,538.60 CHF,,,,,,,,,,4.08%,538.60 CHF,22.00,605.43,446.00,507.50,58%,12%,3.63%,4.93%,4.08%,17.25%,17.25%,0,4.33%,-8.18%,,,,,,,,,,,,
,,,,,,,,,,,,,,,,,,2023,1/24/2023,541.20 CHF,,,,,,,,,,4.07%,541.20 CHF,22.00,605.43,446.00,507.50,60%,12%,3.63%,4.93%,4.07%,16.69%,16.69%,0,4.33%,-7.74%,,,,,,,,,,,,
,,,,,,,,,,,,,,,,,,2023,1/25/2023,539.00 CHF,,,,,,,,,,4.08%,539.00 CHF,22.00,605.43,446.00,507.50,58%,12%,3.63%,4.93%,4.08%,17.16%,17.16%,0,4.33%,-8.11%,,,,,,,,,,,,
,,,,,,,,,,,,,,,,,,2023,1/26/2023,534.40 CHF,,,,,,,,,,4.12%,534.40 CHF,22.00,605.43,446.00,507.50,55%,13%,3.63%,4.93%,4.12%,18.17%,18.17%,0,4.33%,-8.90%,,,,,,,,,,,,
,,,,,,,,,,,,,,,,,,2023,1/27/2023,534.20 CHF,,,,,,,,,,4.12%,534.20 CHF,22.00,605.43,446.00,507.50,55%,13%,3.63%,4.93%,4.12%,18.21%,18.21%,0,4.33%,-8.93%,,,,,,,,,,,,
,,,,,,,,,,,,,,,,,,2023,1/30/2023,541.80 CHF,,,,,,,,,,4.06%,541.80 CHF,22.00,605.43,446.00,507.50,60%,12%,3.63%,4.93%,4.06%,16.56%,16.56%,0,4.33%,-7.64%,,,,,,,,,,,,
,,,,,,,,,,,,,,,,,,2023,1/31/2023,540.00 CHF,,,,,,,,,,4.07%,540.00 CHF,22.00,605.43,446.00,507.50,59%,12%,3.63%,4.93%,4.07%,16.94%,16.94%,0,4.33%,-7.94%,,,,,,,,,,,,
,,,,,,,,,,,,,,,,,,2023,2/1/2023,543.80 CHF,,,,,,,,,,4.05%,543.80 CHF,22.00,605.43,446.00,507.50,61%,11%,3.63%,4.93%,4.05%,16.13%,16.13%,0,4.33%,-7.30%,,,,,,,,,,,,
,,,,,,,,,,,,,,,,,,2023,2/2/2023,539.80 CHF,,,,,,,,,,4.08%,539.80 CHF,22.00,605.43,446.00,507.50,59%,12%,3.63%,4.93%,4.08%,16.99%,16.99%,0,4.33%,-7.98%,,,,,,,,,,,,
,,,,,,,,,,,,,,,,,,2023,2/3/2023,541.60 CHF,,,,,,,,,,4.06%,541.60 CHF,22.00,605.43,446.00,507.50,60%,12%,3.63%,4.93%,4.06%,16.60%,16.60%,0,4.33%,-7.67%,,,,,,,,,,,,
,,,,,,,,,,,,,,,,,,2023,2/6/2023,537.20 CHF,,,,,,,,,,4.10%,537.20 CHF,22.00,605.43,446.00,507.50,57%,13%,3.63%,4.93%,4.10%,17.55%,17.55%,0,4.33%,-8.42%,,,,,,,,,,,,
,,,,,,,,,,,,,,,,,,2023,2/7/2023,541.00 CHF,,,,,,,,,,4.07%,541.00 CHF,22.00,605.43,446.00,507.50,60%,12%,3.63%,4.93%,4.07%,16.73%,16.73%,0,4.33%,-7.77%,,,,,,,,,,,,
,,,,,,,,,,,,,,,,,,2023,2/8/2023,547.00 CHF,,,,,,,,,,4.02%,547.00 CHF,22.00,605.43,446.00,507.50,63%,11%,3.63%,4.93%,4.02%,15.45%,15.45%,0,4.33%,-6.75%,,,,,,,,,,,,
,,,,,,,,,,,,,,,,,,2023,2/9/2023,565.60 CHF,,,,,,,,,,3.89%,565.60 CHF,22.00,605.43,446.00,507.50,75%,7%,3.63%,4.93%,3.89%,11.65%,11.65%,0,4.33%,-3.58%,,,,,,,,,,,,
,,,,,,,,,,,,,,,,,,2023,2/10/2023,570.20 CHF,,,,,,,,,,3.86%,570.20 CHF,22.00,605.43,446.00,507.50,78%,6%,3.63%,4.93%,3.86%,10.75%,10.75%,0,4.33%,-2.80%,,,,,,,,,,,,
,,,,,,,,,,,,,,,,,,2023,2/13/2023,566.20 CHF,,,,,,,,,,3.89%,566.20 CHF,22.00,605.43,446.00,507.50,75%,7%,3.63%,4.93%,3.89%,11.53%,11.53%,0,4.33%,-3.48%,,,,,,,,,,,,
,,,,,,,,,,,,,,,,,,2023,2/14/2023,569.60 CHF,,,,,,,,,,3.86%,569.60 CHF,22.00,605.43,446.00,507.50,78%,6%,3.63%,4.93%,3.86%,10.87%,10.87%,0,4.33%,-2.90%,,,,,,,,,,,,
,,,,,,,,,,,,,,,,,,2023,2/15/2023,571.20 CHF,,,,,,,,,,3.85%,571.20 CHF,22.00,605.43,446.00,507.50,79%,6%,3.63%,4.93%,3.85%,10.56%,10.56%,0,4.33%,-2.63%,,,,,,,,,,,,
,,,,,,,,,,,,,,,,,,2023,2/16/2023,568.60 CHF,,,,,,,,,,3.87%,568.60 CHF,22.00,605.43,446.00,507.50,77%,6%,3.63%,4.93%,3.87%,11.06%,11.06%,0,4.33%,-3.07%,,,,,,,,,,,,
,,,,,,,,,,,,,,,,,,2023,2/17/2023,574.00 CHF,,,,,,,,,,3.83%,574.00 CHF,22.00,605.43,446.00,507.50,80%,5%,3.63%,4.93%,3.83%,10.02%,10.02%,0,4.33%,-2.15%,,,,,,,,,,,,
,,,,,,,,,,,,,,,,,,2023,2/20/2023,575.20 CHF,,,,,,,,,,3.82%,575.20 CHF,22.00,605.43,446.00,507.50,81%,5%,3.63%,4.93%,3.82%,9.79%,9.79%,0,4.33%,-1.94%,,,,,,,,,,,,
,,,,,,,,,,,,,,,,,,2023,2/21/2023,574.00 CHF,,,,,,,,,,3.83%,574.00 CHF,22.00,605.43,446.00,507.50,80%,5%,3.63%,4.93%,3.83%,10.02%,10.02%,0,4.33%,-2.15%,,,,,,,,,,,,
,,,,,,,,,,,,,,,,,,2023,2/22/2023,585.20 CHF,,,,,,,,,,3.76%,585.20 CHF,22.00,605.43,446.00,507.50,87%,3%,3.63%,4.93%,3.76%,7.91%,7.91%,0,4.33%,-0.24%,,,,,,,,,,,,
,,,,,,,,,,,,,,,,,,2023,2/23/2023,579.60 CHF,,,,,,,,,,3.80%,579.60 CHF,22.00,605.43,446.00,507.50,84%,4%,3.63%,4.93%,3.80%,8.95%,8.95%,0,4.33%,-1.19%,,,,,,,,,,,,
,,,,,,,,,,,,,,,,,,2023,2/24/2023,581.40 CHF,,,,,,,,,,3.78%,581.40 CHF,22.00,605.43,446.00,507.50,85%,4%,3.63%,4.93%,3.78%,8.62%,8.62%,0,4.33%,-0.89%,,,,,,,,,,,,
,,,,,,,,,,,,,,,,,,2023,2/27/2023,586.00 CHF,,,,,,,,,,3.75%,586.00 CHF,22.00,605.43,446.00,507.50,88%,3%,3.63%,4.93%,3.75%,7.76%,7.76%,0,4.33%,-0.10%,,,,,,,,,,,,
,,,,,,,,,,,,,,,,,,2023,2/28/2023,580.40 CHF,,,,,,,,,,3.79%,580.40 CHF,22.00,605.43,446.00,507.50,84%,4%,3.63%,4.93%,3.79%,8.80%,8.80%,0,4.33%,-1.06%,,,,,,,,,,,,
,,,,,,,,,,,,,,,,,,2023,3/1/2023,578.60 CHF,,,,,,,,,,3.80%,578.60 CHF,22.00,605.43,446.00,507.50,83%,5%,3.63%,4.93%,3.80%,9.14%,9.14%,0,4.33%,-1.36%,,,,,,,,,,,,
,,,,,,,,,,,,,,,,,,2023,3/2/2023,586.20 CHF,,,,,,,,,,3.75%,586.20 CHF,22.00,605.43,446.00,507.50,88%,3%,3.63%,4.93%,3.75%,7.73%,7.73%,0,4.33%,-0.07%,,,,,,,,,,,,
,,,,,,,,,,,,,,,,,,2023,3/3/2023,585.00 CHF,,,,,,,,,,3.76%,585.00 CHF,22.00,605.43,446.00,507.50,87%,3%,3.63%,4.93%,3.76%,7.95%,7.95%,0,4.33%,-0.27%,,,,,,,,,,,,
,,,,,,,,,,,,,,,,,,2023,3/6/2023,585.80 CHF,,,,,,,,,,3.76%,585.80 CHF,22.00,605.43,446.00,507.50,88%,3%,3.63%,4.93%,3.76%,7.80%,7.80%,0,4.33%,-0.14%,,,,,,,,,,,,
,,,,,,,,,,,,,,,,,,2023,3/7/2023,581.20 CHF,,,,,,,,,,3.79%,581.20 CHF,22.00,605.43,446.00,507.50,85%,4%,3.63%,4.93%,3.79%,8.65%,8.65%,0,4.33%,-0.92%,,,,,,,,,,,,
,,,,,,,,,,,,,,,,,,2023,3/8/2023,585.20 CHF,,,,,,,,,,3.76%,585.20 CHF,22.00,605.43,446.00,507.50,87%,3%,3.63%,4.93%,3.76%,7.91%,7.91%,0,4.33%,-0.24%,,,,,,,,,,,,
,,,,,,,,,,,,,,,,,,2023,3/9/2023,585.80 CHF,,,,,,,,,,3.76%,585.80 CHF,22.00,605.43,446.00,507.50,88%,3%,3.63%,4.93%,3.76%,7.80%,7.80%,0,4.33%,-0.14%,,,,,,,,,,,,
,,,,,,,,,,,,,,,,,,2023,3/10/2023,581.40 CHF,,,,,,,,,,3.78%,581.40 CHF,22.00,605.43,446.00,507.50,85%,4%,3.63%,4.93%,3.78%,8.62%,8.62%,0,4.33%,-0.89%,,,,,,,,,,,,
,,,,,,,,,,,,,,,,,,2023,3/13/2023,579.00 CHF,,,,,,,,,,3.80%,579.00 CHF,22.00,605.43,446.00,507.50,83%,5%,3.63%,4.93%,3.80%,9.07%,9.07%,0,4.33%,-1.30%,,,,,,,,,,,,
,,,,,,,,,,,,,,,,,,2023,3/14/2023,578.60 CHF,,,,,,,,,,3.80%,578.60 CHF,22.00,605.43,446.00,507.50,83%,5%,3.63%,4.93%,3.80%,9.14%,9.14%,0,4.33%,-1.36%,,,,,,,,,,,,
,,,,,,,,,,,,,,,,,,2023,3/15/2023,581.20 CHF,,,,,,,,,,3.79%,581.20 CHF,22.00,605.43,446.00,507.50,85%,4%,3.63%,4.93%,3.79%,8.65%,8.65%,0,4.33%,-0.92%,,,,,,,,,,,,
,,,,,,,,,,,,,,,,,,2023,3/16/2023,585.80 CHF,,,,,,,,,,3.76%,585.80 CHF,22.00,605.43,446.00,507.50,88%,3%,3.63%,4.93%,3.76%,7.80%,7.80%,0,4.33%,-0.14%,,,,,,,,,,,,
,,,,,,,,,,,,,,,,,,2023,3/17/2023,581.80 CHF,,,,,,,,,,3.78%,581.80 CHF,22.00,605.43,446.00,507.50,85%,4%,3.63%,4.93%,3.78%,8.54%,8.54%,0,4.33%,-0.82%,,,,,,,,,,,,
,,,,,,,,,,,,,,,,,,2023,3/20/2023,587.80 CHF,,,,,,,,,,3.74%,587.80 CHF,22.00,605.43,446.00,507.50,89%,3%,3.63%,4.93%,3.74%,7.43%,7.43%,0,4.33%,0.00%,,,,,,,,,,,,
,,,,,,,,,,,,,,,,,,2023,3/21/2023,589.60 CHF,,,,,,,,,,3.73%,589.60 CHF,22.00,605.43,446.00,507.50,90%,3%,3.63%,4.93%,3.73%,7.11%,7.11%,0,4.33%,0.00%,,,,,,,,,,,,
,,,,,,,,,,,,,,,,,,2023,3/22/2023,591.80 CHF,,,,,,,,,,3.72%,591.80 CHF,22.00,605.43,446.00,507.50,91%,2%,3.63%,4.93%,3.72%,6.71%,6.71%,0,4.33%,0.00%,,,,,,,,,,,,
,,,,,,,,,,,,,,,,,,2023,3/23/2023,592.40 CHF,,,,,,,,,,3.71%,592.40 CHF,22.00,605.43,446.00,507.50,92%,2%,3.63%,4.93%,3.71%,6.60%,6.60%,0,4.33%,0.00%,,,,,,,,,,,,
,,,,,,,,,,,,,,,,,,2023,3/24/2023,587.60 CHF,,,,,,,,,,3.74%,587.60 CHF,22.00,605.43,446.00,507.50,89%,3%,3.63%,4.93%,3.74%,7.47%,7.47%,0,4.33%,-0.81%,,,,,,,,,,,,
,,,,,,,,,,,,,,,,,,2023,3/27/2023,590.40 CHF,,,,,,,,,,3.73%,590.40 CHF,22.00,605.43,446.00,507.50,91%,3%,3.63%,4.93%,3.73%,6.96%,6.96%,0,4.33%,-0.34%,,,,,,,,,,,,
,,,,,,,,,,,,,,,,,,2023,3/28/2023,591.80 CHF,,,,,,,,,,3.72%,591.80 CHF,22.00,605.43,446.00,507.50,91%,2%,3.63%,4.93%,3.72%,6.71%,6.71%,0,4.33%,-0.10%,,,,,,,,,,,,
,,,,,,,,,,,,,,,,,,2023,3/29/2023,594.80 CHF,,,,,,,,,,3.70%,594.80 CHF,22.00,605.43,446.00,507.50,93%,2%,3.63%,4.93%,3.70%,6.17%,6.17%,0,4.33%,0.00%,,,,,,,,,,,,
,,,,,,,,,,,,,,,,,,2023,3/30/2023,573.00 CHF,,,,,,,,,,3.84%,573.00 CHF,22.00,605.43,446.00,507.50,80%,6%,3.63%,4.93%,3.84%,10.21%,10.21%,0,4.33%,-3.67%,,,,,,,,,,,,
,,,,,,,,,,,,,,,,,,2023,3/31/2023,583.20 CHF,,,,,,,,,,3.77%,583.20 CHF,22.00,605.43,446.00,507.50,86%,4%,3.63%,4.93%,3.77%,8.28%,8.28%,0,4.33%,-1.95%,,,,,,,,,,,,
,,,,,,,,,,,,,,,,,,2023,4/3/2023,588.40 CHF,,,,,,,,,,3.74%,588.40 CHF,22.00,605.43,446.00,507.50,89%,3%,3.63%,4.93%,3.74%,7.32%,7.32%,0,4.33%,-1.08%,,,,,,,,,,,,
,,,,,,,,,,,,,,,,,,2023,4/4/2023,590.00 CHF,,,,,,,,,,3.73%,590.00 CHF,22.00,605.43,446.00,507.50,90%,3%,3.63%,4.93%,3.73%,7.03%,7.03%,0,4.33%,-0.81%,,,,,,,,,,,,
,,,,,,,,,,,,,,,,,,2023,4/5/2023,595.80 CHF,,,,,,,,,,3.69%,595.80 CHF,22.00,605.43,446.00,507.50,94%,2%,3.63%,4.93%,3.69%,5.99%,5.99%,0,4.33%,0.00%,,,,,,,,,,,,
,,,,,,,,,,,,,,,,,,2023,4/6/2023,602.60 CHF,,,,,,,,,,3.65%,602.60 CHF,22.00,605.43,446.00,507.50,98%,0%,3.63%,4.93%,3.65%,4.80%,4.80%,0,4.33%,0.00%,,,,,,,,,,,,
,,,,,,,,,,,,,,,,,,2023,4/11/2023,603.60 CHF,,,,,,,,,,3.64%,603.60 CHF,22.00,605.43,446.00,507.50,99%,0%,3.63%,4.93%,3.64%,4.62%,4.62%,0,4.33%,0.00%,,,,,,,,,,,,
,,,,,,,,,,,,,,,,,,2023,4/12/2023,601.40 CHF,,,,,,,,,,3.66%,601.40 CHF,22.00,605.43,446.00,507.50,97%,1%,3.63%,4.93%,3.66%,5.00%,5.00%,0,4.33%,-0.36%,,,,,,,,,,,,
,,,,,,,,,,,,,,,,,,2023,4/13/2023,600.60 CHF,,,,,,,,,,3.66%,600.60 CHF,22.00,605.43,446.00,507.50,97%,1%,3.63%,4.93%,3.66%,5.14%,5.14%,0,4.33%,-0.50%,,,,,,,,,,,,
,,,,,,,,,,,,,,,,,,2023,4/14/2023,599.00 CHF,,,,,,,,,,3.67%,599.00 CHF,22.00,605.43,446.00,507.50,96%,1%,3.63%,4.93%,3.67%,5.43%,5.43%,0,4.33%,-0.76%,,,,,,,,,,,,
,,,,,,,,,,,,,,,,,,2023,4/17/2023,602.00 CHF,,,,,,,,,,3.65%,602.00 CHF,22.00,605.43,446.00,507.50,98%,1%,3.63%,4.93%,3.65%,4.90%,4.90%,0,4.33%,-0.27%,,,,,,,,,,,,
,,,,,,,,,,,,,,,,,,2023,4/18/2023,602.80 CHF,,,,,,,,,,3.65%,602.80 CHF,22.00,605.43,446.00,507.50,98%,0%,3.63%,4.93%,3.65%,4.76%,4.76%,0,4.33%,-0.13%,,,,,,,,,,,,
,,,,,,,,,,,,,,,,,,2023,4/19/2023,602.80 CHF,,,,,,,,,,3.65%,602.80 CHF,22.00,605.43,446.00,507.50,98%,0%,3.63%,4.93%,3.65%,4.76%,4.76%,0,4.33%,-0.13%,,,,,,,,,,,,
,,,,,,,,,,,,,,,,,,2023,4/20/2023,603.60 CHF,,,,,,,,,,3.64%,603.60 CHF,22.00,605.43,446.00,507.50,99%,0%,3.63%,4.93%,3.64%,4.62%,4.62%,0,4.33%,0.00%,,,,,,,,,,,,
,,,,,,,,,,,,,,,,,,2023,4/21/2023,605.60 CHF,,,,,,,,,,3.63%,605.60 CHF,22.00,605.43,446.00,507.50,100%,0%,3.63%,4.93%,3.63%,4.28%,4.28%,0,4.33%,0.00%,,,,,,,,,,,,
,,,,,,,,,,,,,,,,,,2023,4/24/2023,605.00 CHF,,,,,,,,,,3.64%,605.00 CHF,22.00,605.43,446.00,507.50,100%,0%,3.63%,4.93%,3.64%,4.38%,4.38%,0,4.33%,-0.10%,,,,,,,,,,,,
,,,,,,,,,,,,,,,,,,2023,4/25/2023,605.60 CHF,,,,,,,,,,3.63%,605.60 CHF,22.00,605.43,446.00,507.50,100%,0%,3.63%,4.93%,3.63%,4.28%,4.28%,0,4.33%,0.00%,,,,,,,,,,,,
,,,,,,,,,,,,,,,,,,2023,4/26/2023,609.20 CHF,,,,,,,,,,3.61%,609.20 CHF,22.00,605.43,446.00,507.50,102%,-1%,3.63%,4.93%,3.61%,3.66%,3.66%,0,4.33%,0.00%,,,,,,,,,,,,
,,,,,,,,,,,,,,,,,,2023,4/27/2023,614.40 CHF,,,,,,,,,,3.58%,614.40 CHF,22.00,605.43,446.00,507.50,106%,-1%,3.63%,4.93%,3.58%,2.78%,2.78%,0,4.33%,0.00%,,,,,,,,,,,,
,,,,,,,,,,,,,,,,,,2023,4/28/2023,613.00 CHF,,,,,,,,,,3.59%,613.00 CHF,22.00,605.43,446.00,507.50,105%,-1%,3.63%,4.93%,3.59%,3.02%,3.02%,0,4.33%,-0.23%,,,,,,,,,,,,
,,,,,,,,,,,,,,,,,,2023,5/2/2023,614.80 CHF,,,,,,,,,,3.58%,614.80 CHF,22.00,605.43,446.00,507.50,106%,-2%,3.63%,4.93%,3.58%,2.72%,2.72%,0,4.33%,0.00%,,,,,,,,,,,,
,,,,,,,,,,,,,,,,,,2023,5/3/2023,619.40 CHF,,,,,,,,,,3.55%,619.40 CHF,22.00,605.43,446.00,507.50,109%,-2%,3.63%,4.93%,3.55%,1.95%,1.95%,0,4.33%,0.00%,,,,,,,,,,,,
,,,,,,,,,,,,,,,,,,2023,5/4/2023,605.20 CHF,,,,,,,,,,3.64%,605.20 CHF,22.00,605.43,446.00,507.50,100%,0%,3.63%,4.93%,3.64%,4.35%,4.35%,0,4.33%,-2.29%,,,,,,,,,,,,
,,,,,,,,,,,,,,,,,,2023,5/5/2023,605.40 CHF,,,,,,,,,,3.63%,605.40 CHF,22.00,605.43,446.00,507.50,100%,0%,3.63%,4.93%,3.63%,4.31%,4.31%,0,4.33%,-2.26%,,,,,,,,,,,,
,,,,,,,,,,,,,,,,,,2023,5/8/2023,602.00 CHF,,,,,,,,,,3.65%,602.00 CHF,22.00,605.43,446.00,507.50,98%,1%,3.63%,4.93%,3.65%,4.90%,4.90%,0,4.33%,-2.81%,,,,,,,,,,,,
,,,,,,,,,,,,,,,,,,2023,5/9/2023,605.20 CHF,,,,,,,,,,3.64%,605.20 CHF,22.00,605.43,446.00,507.50,100%,0%,3.63%,4.93%,3.64%,4.35%,4.35%,0,4.33%,-2.29%,,,,,,,,,,,,
,,,,,,,,,,,,,,,,,,2023,5/10/2023,594.00 CHF,,,,,,,,,,3.70%,594.00 CHF,22.00,605.43,446.00,507.50,93%,2%,3.63%,4.93%,3.70%,6.31%,6.31%,0,4.33%,-4.10%,,,,,,,,,,,,
,,,,,,,,,,,,,,,,,,2023,5/11/2023,592.40 CHF,,,,,,,,,,3.71%,592.40 CHF,22.00,605.43,446.00,507.50,92%,2%,3.63%,4.93%,3.71%,6.60%,6.60%,0,4.33%,-4.36%,,,,,,,,,,,,
,,,,,,,,,,,,,,,,,,2023,5/12/2023,590.40 CHF,,,,,,,,,,3.73%,590.40 CHF,22.00,605.43,446.00,507.50,91%,3%,3.63%,4.93%,3.73%,6.96%,6.96%,0,4.33%,-4.68%,,,,,,,,,,,,
,,,,,,,,,,,,,,,,,,2023,5/15/2023,594.60 CHF,,,,,,,,,,3.70%,594.60 CHF,22.00,605.43,446.00,507.50,93%,2%,3.63%,4.93%,3.70%,6.21%,6.21%,0,4.33%,-4.00%,,,,,,,,,,,,
,,,,,,,,,,,,,,,,,,2023,5/16/2023,595.00 CHF,,,,,,,,,,3.70%,595.00 CHF,22.00,605.43,446.00,507.50,93%,2%,3.63%,4.93%,3.70%,6.13%,6.13%,0,4.33%,-3.94%,,,,,,,,,,,,
,,,,,,,,,,,,,,,,,,2023,5/17/2023,585.40 CHF,,,,,,,,,,3.76%,585.40 CHF,22.00,605.43,446.00,507.50,87%,3%,3.63%,4.93%,3.76%,7.87%,7.87%,0,4.33%,-5.49%,,,,,,,,,,,,
,,,,,,,,,,,,,,,,,,2023,5/19/2023,584.60 CHF,,,,,,,,,,3.76%,584.60 CHF,22.00,605.43,446.00,507.50,87%,4%,3.63%,4.93%,3.76%,8.02%,8.02%,0,4.33%,-5.62%,,,,,,,,,,,,
,,,,,,,,,,,,,,,,,,2023,5/22/2023,583.00 CHF,,,,,,,,,,3.77%,583.00 CHF,22.00,605.43,446.00,507.50,86%,4%,3.63%,4.93%,3.77%,8.32%,8.32%,0,4.33%,-5.88%,,,,,,,,,,,,
,,,,,,,,,,,,,,,,,,2023,5/23/2023,583.00 CHF,,,,,,,,,,3.77%,583.00 CHF,22.00,605.43,446.00,507.50,86%,4%,3.63%,4.93%,3.77%,8.32%,8.32%,0,4.33%,-5.88%,,,,,,,,,,,,
,,,,,,,,,,,,,,,,,,2023,5/24/2023,583.60 CHF,,,,,,,,,,3.77%,583.60 CHF,22.00,605.43,446.00,507.50,86%,4%,3.63%,4.93%,3.77%,8.21%,8.21%,0,4.33%,-5.78%,,,,,,,,,,,,
,,,,,,,,,,,,,,,,,,2023,5/25/2023,575.60 CHF,,,,,,,,,,3.82%,575.60 CHF,22.00,605.43,446.00,507.50,81%,5%,3.63%,4.93%,3.82%,9.71%,9.71%,0,4.33%,-7.07%,,,,,,,,,,,,
,,,,,,,,,,,,,,,,,,2023,5/26/2023,573.40 CHF,,,,,,,,,,3.84%,573.40 CHF,22.00,605.43,446.00,507.50,80%,6%,3.63%,4.93%,3.84%,10.13%,10.13%,0,4.33%,-7.43%,,,,,,,,,,,,
,,,,,,,,,,,,,,,,,,2023,5/30/2023,573.40 CHF,,,,,,,,,,3.84%,573.40 CHF,22.00,605.43,446.00,507.50,80%,6%,3.63%,4.93%,3.84%,10.13%,10.13%,0,4.33%,-7.43%,,,,,,,,,,,,
,,,,,,,,,,,,,,,,,,2023,5/31/2023,576.80 CHF,,,,,,,,,,3.81%,576.80 CHF,22.00,605.43,446.00,507.50,82%,5%,3.63%,4.93%,3.81%,9.48%,9.48%,0,4.33%,-6.88%,,,,,,,,,,,,
,,,,,,,,,,,,,,,,,,2023,6/1/2023,575.80 CHF,,,,,,,,,,3.82%,575.80 CHF,22.00,605.43,446.00,507.50,81%,5%,3.63%,4.93%,3.82%,9.67%,9.67%,0,4.33%,-7.04%,,,,,,,,,,,,
,,,,,,,,,,,,,,,,,,2023,6/2/2023,568.80 CHF,,,,,,,,,,3.87%,568.80 CHF,22.00,605.43,446.00,507.50,77%,6%,3.63%,4.93%,3.87%,11.02%,11.02%,0,4.33%,-8.17%,,,,,,,,,,,,
,,,,,,,,,,,,,,,,,,2023,6/5/2023,568.60 CHF,,,,,,,,,,3.87%,568.60 CHF,22.00,605.43,446.00,507.50,77%,6%,3.63%,4.93%,3.87%,11.06%,11.06%,0,4.33%,-8.20%,,,,,,,,,,,,
,,,,,,,,,,,,,,,,,,2023,6/6/2023,568.00 CHF,,,,,,,,,,3.87%,568.00 CHF,22.00,605.43,446.00,507.50,77%,7%,3.63%,4.93%,3.87%,11.18%,11.18%,0,4.33%,-8.30%,,,,,,,,,,,,
,,,,,,,,,,,,,,,,,,2023,6/7/2023,561.80 CHF,,,,,,,,,,3.92%,561.80 CHF,22.00,605.43,446.00,507.50,73%,8%,3.63%,4.93%,3.92%,12.41%,12.41%,0,4.33%,-9.30%,,,,,,,,,,,,
,,,,,,,,,,,,,,,,,,2023,6/8/2023,554.40 CHF,,,,,,,,,,3.97%,554.40 CHF,22.00,605.43,446.00,507.50,68%,9%,3.63%,4.93%,3.97%,13.91%,13.91%,0,4.33%,-10.49%,,,,,,,,,,,,
,,,,,,,,,,,,,,,,,,2023,6/9/2023,557.20 CHF,,,,,,,,,,3.95%,557.20 CHF,22.00,605.43,446.00,507.50,70%,9%,3.63%,4.93%,3.95%,13.33%,13.33%,0,4.33%,-10.04%,,,,,,,,,,,,
,,,,,,,,,,,,,,,,,,2023,6/12/2023,547.80 CHF,,,,,,,,,,4.02%,547.80 CHF,22.00,605.43,446.00,507.50,64%,11%,3.63%,4.93%,4.02%,15.28%,15.28%,0,4.33%,-11.56%,,,,,,,,,,,,
,,,,,,,,,,,,,,,,,,2023,6/13/2023,547.20 CHF,,,,,,,,,,4.02%,547.20 CHF,22.00,605.43,446.00,507.50,63%,11%,3.63%,4.93%,4.02%,15.41%,15.41%,0,4.33%,-11.66%,,,,,,,,,,,,
,,,,,,,,,,,,,,,,,,2023,6/14/2023,552.20 CHF,,,,,,,,,,3.98%,552.20 CHF,22.00,605.43,446.00,507.50,67%,10%,3.63%,4.93%,3.98%,14.36%,14.36%,0,4.33%,-10.85%,,,,,,,,,,,,
,,,,,,,,,,,,,,,,,,2023,6/15/2023,556.00 CHF,,,,,,,,,,3.96%,556.00 CHF,22.00,605.43,446.00,507.50,69%,9%,3.63%,4.93%,3.96%,13.58%,13.58%,0,4.33%,-10.24%,,,,,,,,,,,,
,,,,,,,,,,,,,,,,,,2023,6/16/2023,560.40 CHF,,,,,,,,,,3.93%,560.40 CHF,22.00,605.43,446.00,507.50,72%,8%,3.63%,4.93%,3.93%,12.69%,12.69%,0,4.33%,-9.53%,,,,,,,,,,,,
,,,,,,,,,,,,,,,,,,2023,6/19/2023,558.40 CHF,,,,,,,,,,3.94%,558.40 CHF,22.00,605.43,446.00,507.50,70%,8%,3.63%,4.93%,3.94%,13.09%,13.09%,0,4.33%,-9.85%,,,,,,,,,,,,
,,,,,,,,,,,,,,,,,,2023,6/20/2023,557.80 CHF,,,,,,,,,,3.94%,557.80 CHF,22.00,605.43,446.00,507.50,70%,9%,3.63%,4.93%,3.94%,13.21%,13.21%,0,4.33%,-9.95%,,,,,,,,,,,,
,,,,,,,,,,,,,,,,,,2023,6/21/2023,553.00 CHF,,,,,,,,,,3.98%,553.00 CHF,22.00,605.43,446.00,507.50,67%,9%,3.63%,4.93%,3.98%,14.20%,14.20%,0,4.33%,-10.72%,,,,,,,,,,,,
,,,,,,,,,,,,,,,,,,2023,6/22/2023,551.00 CHF,,,,,,,,,,3.99%,551.00 CHF,22.00,605.43,446.00,507.50,66%,10%,3.63%,4.93%,3.99%,14.61%,14.61%,0,4.33%,-11.04%,,,,,,,,,,,,
,,,,,,,,,,,,,,,,,,2023,6/23/2023,556.20 CHF,,,,,,,,,,3.96%,556.20 CHF,22.00,605.43,446.00,507.50,69%,9%,3.63%,4.93%,3.96%,13.54%,13.54%,0,4.33%,-10.20%,,,,,,,,,,,,
,,,,,,,,,,,,,,,,,,2023,6/26/2023,555.00 CHF,,,,,,,,,,3.96%,555.00 CHF,22.00,605.43,446.00,507.50,68%,9%,3.63%,4.93%,3.96%,13.78%,13.78%,0,4.33%,-10.40%,,,,,,,,,,,,
,,,,,,,,,,,,,,,,,,2023,6/27/2023,555.60 CHF,,,,,,,,,,3.96%,555.60 CHF,22.00,605.43,446.00,507.50,69%,9%,3.63%,4.93%,3.96%,13.66%,13.66%,0,4.33%,-10.30%,,,,,,,,,,,,
,,,,,,,,,,,,,,,,,,2023,6/28/2023,555.60 CHF,,,,,,,,,,3.96%,555.60 CHF,22.00,605.43,446.00,507.50,69%,9%,3.63%,4.93%,3.96%,13.66%,13.66%,0,4.33%,-10.30%,,,,,,,,,,,,
,,,,,,,,,,,,,,,,,,2023,6/29/2023,558.00 CHF,,,,,,,,,,3.94%,558.00 CHF,22.00,605.43,446.00,507.50,70%,9%,3.63%,4.93%,3.94%,13.17%,13.17%,0,4.33%,-9.91%,,,,,,,,,,,,
,,,,,,,,,,,,,,,,,,2023,6/30/2023,557.80 CHF,,,,,,,,,,3.94%,557.80 CHF,22.00,605.43,446.00,507.50,70%,9%,3.63%,4.93%,3.94%,13.21%,13.21%,0,4.33%,-9.95%,,,,,,,,,,,,
,,,,,,,,,,,,,,,,,,2023,7/3/2023,559.20 CHF,,,,,,,,,,3.93%,559.20 CHF,22.00,605.43,446.00,507.50,71%,8%,3.63%,4.93%,3.93%,12.93%,12.93%,0,4.33%,-9.72%,,,,,,,,,,,,
,,,,,,,,,,,,,,,,,,2023,7/4/2023,558.40 CHF,,,,,,,,,,3.94%,558.40 CHF,22.00,605.43,446.00,507.50,70%,8%,3.63%,4.93%,3.94%,13.09%,13.09%,0,4.33%,-9.85%,,,,,,,,,,,,
,,,,,,,,,,,,,,,,,,2023,7/5/2023,560.20 CHF,,,,,,,,,,3.93%,560.20 CHF,22.00,605.43,446.00,507.50,72%,8%,3.63%,4.93%,3.93%,12.73%,12.73%,0,4.33%,-9.56%,,,,,,,,,,,,
,,,,,,,,,,,,,,,,,,2023,7/6/2023,555.20 CHF,,,,,,,,,,3.96%,555.20 CHF,22.00,605.43,446.00,507.50,68%,9%,3.63%,4.93%,3.96%,13.74%,13.74%,0,4.33%,-10.36%,,,,,,,,,,,,
,,,,,,,,,,,,,,,,,,2023,7/7/2023,551.20 CHF,,,,,,,,,,3.99%,551.20 CHF,22.00,605.43,446.00,507.50,66%,10%,3.63%,4.93%,3.99%,14.57%,14.57%,0,4.33%,-11.01%,,,,,,,,,,,,
,,,,,,,,,,,,,,,,,,2023,7/10/2023,545.20 CHF,,,,,,,,,,4.04%,545.20 CHF,22.00,605.43,446.00,507.50,62%,11%,3.63%,4.93%,4.04%,15.83%,15.83%,0,4.33%,-11.98%,,,,,,,,,,,,
,,,,,,,,,,,,,,,,,,2023,7/11/2023,543.40 CHF,,,,,,,,,,4.05%,543.40 CHF,22.00,605.43,446.00,507.50,61%,11%,3.63%,4.93%,4.05%,16.21%,16.21%,0,4.33%,-12.27%,,,,,,,,,,,,
,,,,,,,,,,,,,,,,,,2023,7/12/2023,550.20 CHF,,,,,,,,,,4.00%,550.20 CHF,22.00,605.43,446.00,507.50,65%,10%,3.63%,4.93%,4.00%,14.78%,14.78%,0,4.33%,-11.17%,,,,,,,,,,,,
,,,,,,,,,,,,,,,,,,2023,7/13/2023,550.40 CHF,,,,,,,,,,4.00%,550.40 CHF,22.00,605.43,446.00,507.50,65%,10%,3.63%,4.93%,4.00%,14.73%,14.73%,0,4.33%,-11.14%,,,,,,,,,,,,
,,,,,,,,,,,,,,,,,,2023,7/14/2023,554.20 CHF,,,,,,,,,,3.97%,554.20 CHF,22.00,605.43,446.00,507.50,68%,9%,3.63%,4.93%,3.97%,13.95%,13.95%,0,4.33%,-10.53%,,,,,,,,,,,,
,,,,,,,,,,,,,,,,,,2023,7/17/2023,555.80 CHF,,,,,,,,,,3.96%,555.80 CHF,22.00,605.43,446.00,507.50,69%,9%,3.63%,4.93%,3.96%,13.62%,13.62%,0,4.33%,-10.27%,,,,,,,,,,,,
,,,,,,,,,,,,,,,,,,2023,7/18/2023,551.60 CHF,,,,,,,,,,3.99%,551.60 CHF,22.00,605.43,446.00,507.50,66%,10%,3.63%,4.93%,3.99%,14.49%,14.49%,0,4.33%,-10.95%,,,,,,,,,,,,
,,,,,,,,,,,,,,,,,,2023,7/19/2023,553.60 CHF,,,,,,,,,,3.97%,553.60 CHF,22.00,605.43,446.00,507.50,67%,9%,3.63%,4.93%,3.97%,14.07%,14.07%,0,4.33%,-10.62%,,,,,,,,,,,,
,,,,,,,,,,,,,,,,,,2023,7/20/2023,558.20 CHF,,,,,,,,,,3.94%,558.20 CHF,22.00,605.43,446.00,507.50,70%,8%,3.63%,4.93%,3.94%,13.13%,13.13%,0,4.33%,-9.88%,,,,,,,,,,,,
,,,,,,,,,,,,,,,,,,2023,7/21/2023,557.80 CHF,,,,,,,,,,3.94%,557.80 CHF,22.00,605.43,446.00,507.50,70%,9%,3.63%,4.93%,3.94%,13.21%,13.21%,0,4.33%,-9.95%,,,,,,,,,,,,
,,,,,,,,,,,,,,,,,,2023,7/24/2023,561.00 CHF,,,,,,,,,,3.92%,561.00 CHF,22.00,605.43,446.00,507.50,72%,8%,3.63%,4.93%,3.92%,12.57%,12.57%,0,4.33%,-9.43%,,,,,,,,,,,,
,,,,,,,,,,,,,,,,,,2023,7/25/2023,559.00 CHF,,,,,,,,,,3.94%,559.00 CHF,22.00,605.43,446.00,507.50,71%,8%,3.63%,4.93%,3.94%,12.97%,12.97%,0,4.33%,-9.75%,,,,,,,,,,,,
,,,,,,,,,,,,,,,,,,2023,7/26/2023,560.60 CHF,,,,,,,,,,3.92%,560.60 CHF,22.00,605.43,446.00,507.50,72%,8%,3.63%,4.93%,3.92%,12.65%,12.65%,0,4.33%,-9.49%,,,,,,,,,,,,
,,,,,,,,,,,,,,,,,,2023,7/27/2023,563.20 CHF,,,,,,,,,,3.91%,563.20 CHF,22.00,605.43,446.00,507.50,74%,7%,3.63%,4.93%,3.91%,12.13%,12.13%,0,4.33%,-9.07%,,,,,,,,,,,,
,,,,,,,,,,,,,,,,,,2023,7/28/2023,564.00 CHF,,,,,,,,,,3.90%,564.00 CHF,22.00,605.43,446.00,507.50,74%,7%,3.63%,4.93%,3.90%,11.97%,11.97%,0,4.33%,-8.94%,,,,,,,,,,,,
,,,,,,,,,,,,,,,,,,2023,7/31/2023,560.40 CHF,,,,,,,,,,3.93%,560.40 CHF,22.00,605.43,446.00,507.50,72%,8%,3.63%,4.93%,3.93%,12.69%,12.69%,0,4.33%,-9.53%,,,,,,,,,,,,
,,,,,,,,,,,,,,,,,,2023,8/2/2023,557.80 CHF,,,,,,,,,,3.94%,557.80 CHF,22.00,605.43,446.00,507.50,70%,9%,3.63%,4.93%,3.94%,13.21%,13.21%,0,4.33%,-9.95%,,,,,,,,,,,,
,,,,,,,,,,,,,,,,,,2023,8/3/2023,532.60 CHF,,,,,,,,,,4.13%,532.60 CHF,22.00,605.43,446.00,507.50,54%,14%,3.63%,4.93%,4.13%,18.57%,18.57%,0,4.33%,-14.01%,,,,,,,,,,,,
,,,,,,,,,,,,,,,,,,2023,8/4/2023,528.20 CHF,,,,,,,,,,4.17%,528.20 CHF,22.00,605.43,446.00,507.50,52%,15%,3.63%,4.93%,4.17%,19.56%,19.56%,0,4.33%,-14.72%,,,,,,,,,,,,
,,,,,,,,,,,,,,,,,,2023,8/7/2023,527.00 CHF,,,,,,,,,,4.17%,527.00 CHF,22.00,605.43,446.00,507.50,51%,15%,3.63%,4.93%,4.17%,19.83%,19.83%,0,4.33%,-14.92%,,,,,,,,,,,,
,,,,,,,,,,,,,,,,,,2023,8/8/2023,527.80 CHF,,,,,,,,,,4.17%,527.80 CHF,22.00,605.43,446.00,507.50,51%,15%,3.63%,4.93%,4.17%,19.65%,19.65%,0,4.33%,-14.79%,,,,,,,,,,,,
,,,,,,,,,,,,,,,,,,2023,8/9/2023,530.80 CHF,,,,,,,,,,4.14%,530.80 CHF,22.00,605.43,446.00,507.50,53%,14%,3.63%,4.93%,4.14%,18.97%,18.97%,0,4.33%,-14.30%,,,,,,,,,,,,
,,,,,,,,,,,,,,,,,,2023,8/10/2023,534.00 CHF,,,,,,,,,,4.12%,534.00 CHF,22.00,605.43,446.00,507.50,55%,13%,3.63%,4.93%,4.12%,18.26%,18.26%,0,4.33%,-13.79%,,,,,,,,,,,,
,,,,,,,,,,,,,,,,,,2023,8/11/2023,534.60 CHF,,,,,,,,,,4.12%,534.60 CHF,22.00,605.43,446.00,507.50,56%,13%,3.63%,4.93%,4.12%,18.13%,18.13%,0,4.33%,-13.69%,,,,,,,,,,,,
,,,,,,,,,,,,,,,,,,2023,8/14/2023,534.40 CHF,,,,,,,,,,4.12%,534.40 CHF,22.00,605.43,446.00,507.50,55%,13%,3.63%,4.93%,4.12%,18.17%,18.17%,0,4.33%,-13.72%,,,,,,,,,,,,
,,,,,,,,,,,,,,,,,,2023,8/15/2023,531.80 CHF,,,,,,,,,,4.14%,531.80 CHF,22.00,605.43,446.00,507.50,54%,14%,3.63%,4.93%,4.14%,18.75%,18.75%,0,4.33%,-14.14%,,,,,,,,,,,,
,,,,,,,,,,,,,,,,,,2023,8/16/2023,532.40 CHF,,,,,,,,,,4.13%,532.40 CHF,22.00,605.43,446.00,507.50,54%,14%,3.63%,4.93%,4.13%,18.61%,18.61%,0,4.33%,-14.05%,,,,,,,,,,,,
,,,,,,,,,,,,,,,,,,2023,8/17/2023,527.20 CHF,,,,,,,,,,4.17%,527.20 CHF,22.00,605.43,446.00,507.50,51%,15%,3.63%,4.93%,4.17%,19.78%,19.78%,0,4.33%,-14.89%,,,,,,,,,,,,
,,,,,,,,,,,,,,,,,,2023,8/18/2023,528.40 CHF,,,,,,,,,,4.16%,528.40 CHF,22.00,605.43,446.00,507.50,52%,15%,3.63%,4.93%,4.16%,19.51%,19.51%,0,4.33%,-14.69%,,,,,,,,,,,,
,,,,,,,,,,,,,,,,,,2023,8/21/2023,529.60 CHF,,,,,,,,,,4.15%,529.60 CHF,22.00,605.43,446.00,507.50,52%,14%,3.63%,4.93%,4.15%,19.24%,19.24%,0,4.33%,-14.50%,,,,,,,,,,,,
,,,,,,,,,,,,,,,,,,2023,8/22/2023,525.80 CHF,,,,,,,,,,4.18%,525.80 CHF,22.00,605.43,446.00,507.50,50%,15%,3.63%,4.93%,4.18%,20.10%,20.10%,0,4.33%,-15.11%,,,,,,,,,,,,
,,,,,,,,,,,,,,,,,,2023,8/23/2023,529.80 CHF,,,,,,,,,,4.15%,529.80 CHF,22.00,605.43,446.00,507.50,53%,14%,3.63%,4.93%,4.15%,19.20%,19.20%,0,4.33%,-14.47%,,,,,,,,,,,,
,,,,,,,,,,,,,,,,,,2023,8/24/2023,530.00 CHF,,,,,,,,,,4.15%,530.00 CHF,22.00,605.43,446.00,507.50,53%,14%,3.63%,4.93%,4.15%,19.15%,19.15%,0,4.33%,-14.43%,,,,,,,,,,,,
,,,,,,,,,,,,,,,,,,2023,8/25/2023,530.40 CHF,,,,,,,,,,4.15%,530.40 CHF,22.00,605.43,446.00,507.50,53%,14%,3.63%,4.93%,4.15%,19.06%,19.06%,0,4.33%,-14.37%,,,,,,,,,,,,
,,,,,,,,,,,,,,,,,,2023,8/28/2023,532.20 CHF,,,,,,,,,,4.13%,532.20 CHF,22.00,605.43,446.00,507.50,54%,14%,3.63%,4.93%,4.13%,18.66%,18.66%,0,4.33%,-14.08%,,,,,,,,,,,,
,,,,,,,,,,,,,,,,,,2023,8/29/2023,533.80 CHF,,,,,,,,,,4.12%,533.80 CHF,22.00,605.43,446.00,507.50,55%,13%,3.63%,4.93%,4.12%,18.30%,18.30%,0,4.33%,-13.82%,,,,,,,,,,,,
,,,,,,,,,,,,,,,,,,2023,8/30/2023,535.20 CHF,,,,,,,,,,4.11%,535.20 CHF,22.00,605.43,446.00,507.50,56%,13%,3.63%,4.93%,4.11%,17.99%,17.99%,0,4.33%,-13.59%,,,,,,,,,,,,
,,,,,,,,,,,,,,,,,,2023,8/31/2023,538.00 CHF,,,,,,,,,,4.09%,538.00 CHF,22.00,605.43,446.00,507.50,58%,13%,3.63%,4.93%,4.09%,17.38%,17.38%,0,4.33%,-13.14%,,,,,,,,,,,,
,,,,,,,,,,,,,,,,,,2023,9/1/2023,535.00 CHF,,,,,,,,,,4.11%,535.00 CHF,22.00,605.43,446.00,507.50,56%,13%,3.63%,4.93%,4.11%,18.04%,18.04%,0,4.33%,-13.63%,,,,,,,,,,,,
,,,,,,,,,,,,,,,,,,2023,9/4/2023,534.00 CHF,,,,,,,,,,4.12%,534.00 CHF,22.00,605.43,446.00,507.50,55%,13%,3.63%,4.93%,4.12%,18.26%,18.26%,0,4.33%,-13.79%,,,,,,,,,,,,
,,,,,,,,,,,,,,,,,,2023,9/5/2023,529.20 CHF,,,,,,,,,,4.16%,529.20 CHF,22.00,605.43,446.00,507.50,52%,14%,3.63%,4.93%,4.16%,19.33%,19.33%,0,4.33%,-14.56%,,,,,,,,,,,,
,,,,,,,,,,,,,,,,,,2023,9/6/2023,533.80 CHF,,,,,,,,,,4.12%,533.80 CHF,22.00,605.43,446.00,507.50,55%,13%,3.63%,4.93%,4.12%,18.30%,18.30%,0,4.33%,-13.82%,,,,,,,,,,,,
,,,,,,,,,,,,,,,,,,2023,9/7/2023,540.40 CHF,,,,,,,,,,4.07%,540.40 CHF,22.00,605.43,446.00,507.50,59%,12%,3.63%,4.93%,4.07%,16.86%,16.86%,0,4.33%,-12.75%,,,,,,,,,,,,
,,,,,,,,,,,,,,,,,,2023,9/8/2023,541.80 CHF,,,,,,,,,,4.06%,541.80 CHF,22.00,605.43,446.00,507.50,60%,12%,3.63%,4.93%,4.06%,16.56%,16.56%,0,4.33%,-12.53%,,,,,,,,,,,,
,,,,,,,,,,,,,,,,,,2023,9/11/2023,542.20 CHF,,,,,,,,,,4.06%,542.20 CHF,22.00,605.43,446.00,507.50,60%,12%,3.63%,4.93%,4.06%,16.47%,16.47%,0,4.33%,-12.46%,,,,,,,,,,,,
,,,,,,,,,,,,,,,,,,2023,9/12/2023,542.80 CHF,,,,,,,,,,4.05%,542.80 CHF,22.00,605.43,446.00,507.50,61%,12%,3.63%,4.93%,4.05%,16.34%,16.34%,0,4.33%,-12.37%,,,,,,,,,,,,
,,,,,,,,,,,,,,,,,,2023,9/13/2023,544.40 CHF,,,,,,,,,,4.04%,544.40 CHF,22.00,605.43,446.00,507.50,62%,11%,3.63%,4.93%,4.04%,16.00%,16.00%,0,4.33%,-12.11%,,,,,,,,,,,,
,,,,,,,,,,,,,,,,,,2023,9/14/2023,545.20 CHF,,,,,,,,,,4.04%,545.20 CHF,22.00,605.43,446.00,507.50,62%,11%,3.63%,4.93%,4.04%,15.83%,15.83%,0,4.33%,-11.98%,,,,,,,,,,,,
,,,,,,,,,,,,,,,,,,2023,9/15/2023,547.40 CHF,,,,,,,,,,4.02%,547.40 CHF,22.00,605.43,446.00,507.50,64%,11%,3.63%,4.93%,4.02%,15.36%,15.36%,0,4.33%,-11.62%,,,,,,,,,,,,
,,,,,,,,,,,,,,,,,,2023,9/18/2023,548.20 CHF,,,,,,,,,,4.01%,548.20 CHF,22.00,605.43,446.00,507.50,64%,10%,3.63%,4.93%,4.01%,15.20%,15.20%,0,4.33%,-11.49%,,,,,,,,,,,,
,,,,,,,,,,,,,,,,,,2023,9/19/2023,548.20 CHF,,,,,,,,,,4.01%,548.20 CHF,22.00,605.43,446.00,507.50,64%,10%,3.63%,4.93%,4.01%,15.20%,15.20%,0,4.33%,-11.49%,,,,,,,,,,,,
,,,,,,,,,,,,,,,,,,2023,9/20/2023,551.00 CHF,,,,,,,,,,3.99%,551.00 CHF,22.00,605.43,446.00,507.50,66%,10%,3.63%,4.93%,3.99%,14.61%,14.61%,0,4.33%,-11.04%,,,,,,,,,,,,
,,,,,,,,,,,,,,,,,,2023,9/21/2023,556.00 CHF,,,,,,,,,,3.96%,556.00 CHF,22.00,605.43,446.00,507.50,69%,9%,3.63%,4.93%,3.96%,13.58%,13.58%,0,4.33%,-10.24%,,,,,,,,,,,,
,,,,,,,,,,,,,,,,,,2023,9/22/2023,552.00 CHF,,,,,,,,,,3.99%,552.00 CHF,22.00,605.43,446.00,507.50,66%,10%,3.63%,4.93%,3.99%,14.40%,14.40%,0,4.33%,-10.88%,,,,,,,,,,,,
,,,,,,,,,,,,,,,,,,2023,9/25/2023,545.20 CHF,,,,,,,,,,4.04%,545.20 CHF,22.00,605.43,446.00,507.50,62%,11%,3.63%,4.93%,4.04%,15.83%,15.83%,0,4.33%,-11.98%,,,,,,,,,,,,
,,,,,,,,,,,,,,,,,,2023,9/26/2023,549.00 CHF,,,,,,,,,,4.01%,549.00 CHF,22.00,605.43,446.00,507.50,65%,10%,3.63%,4.93%,4.01%,15.03%,15.03%,0,4.33%,-11.37%,,,,,,,,,,,,
,,,,,,,,,,,,,,,,,,2023,9/27/2023,543.00 CHF,,,,,,,,,,4.05%,543.00 CHF,22.00,605.43,446.00,507.50,61%,11%,3.63%,4.93%,4.05%,16.30%,16.30%,0,4.33%,-12.33%,,,,,,,,,,,,
,,,,,,,,,,,,,,,,,,2023,9/28/2023,542.40 CHF,,,,,,,,,,4.06%,542.40 CHF,22.00,605.43,446.00,507.50,60%,12%,3.63%,4.93%,4.06%,16.43%,16.43%,0,4.33%,-12.43%,,,,,,,,,,,,
,,,,,,,,,,,,,,,,,,2023,9/29/2023,544.20 CHF,,,,,,,,,,4.04%,544.20 CHF,22.00,605.43,446.00,507.50,62%,11%,3.63%,4.93%,4.04%,16.04%,16.04%,0,4.33%,-12.14%,,,,,,,,,,,,
,,,,,,,,,,,,,,,,,,2023,10/2/2023,542.60 CHF,,,,,,,,,,4.05%,542.60 CHF,22.00,605.43,446.00,507.50,61%,12%,3.63%,4.93%,4.05%,16.38%,16.38%,0,4.33%,-12.40%,,,,,,,,,,,,
,,,,,,,,,,,,,,,,,,2023,10/3/2023,539.40 CHF,,,,,,,,,,4.08%,539.40 CHF,22.00,605.43,446.00,507.50,59%,12%,3.63%,4.93%,4.08%,17.07%,17.07%,0,4.33%,-12.92%,,,,,,,,,,,,
,,,,,,,,,,,,,,,,,,2023,10/4/2023,536.40 CHF,,,,,,,,,,4.10%,536.40 CHF,22.00,605.43,446.00,507.50,57%,13%,3.63%,4.93%,4.10%,17.73%,17.73%,0,4.33%,-13.40%,,,,,,,,,,,,
,,,,,,,,,,,,,,,,,,2023,10/5/2023,537.40 CHF,,,,,,,,,,4.09%,537.40 CHF,22.00,605.43,446.00,507.50,57%,13%,3.63%,4.93%,4.09%,17.51%,17.51%,0,4.33%,-13.24%,,,,,,,,,,,,
,,,,,,,,,,,,,,,,,,2023,10/6/2023,538.80 CHF,,,,,,,,,,4.08%,538.80 CHF,22.00,605.43,446.00,507.50,58%,12%,3.63%,4.93%,4.08%,17.20%,17.20%,0,4.33%,-13.01%,,,,,,,,,,,,
,,,,,,,,,,,,,,,,,,2023,10/9/2023,543.00 CHF,,,,,,,,,,4.05%,543.00 CHF,22.00,605.43,446.00,507.50,61%,11%,3.63%,4.93%,4.05%,16.30%,16.30%,0,4.33%,-12.33%,,,,,,,,,,,,
,,,,,,,,,,,,,,,,,,2023,10/10/2023,545.20 CHF,,,,,,,,,,4.04%,545.20 CHF,22.00,605.43,446.00,507.50,62%,11%,3.63%,4.93%,4.04%,15.83%,15.83%,0,4.33%,-11.98%,,,,,,,,,,,,
,,,,,,,,,,,,,,,,,,2023,10/11/2023,548.00 CHF,,,,,,,,,,4.01%,548.00 CHF,22.00,605.43,446.00,507.50,64%,10%,3.63%,4.93%,4.01%,15.24%,15.24%,0,4.33%,-11.53%,,,,,,,,,,,,
,,,,,,,,,,,,,,,,,,2023,10/12/2023,545.20 CHF,,,,,,,,,,4.04%,545.20 CHF,22.00,605.43,446.00,507.50,62%,11%,3.63%,4.93%,4.04%,15.83%,15.83%,0,4.33%,-11.98%,,,,,,,,,,,,
,,,,,,,,,,,,,,,,,,2023,10/13/2023,546.20 CHF,,,,,,,,,,4.03%,546.20 CHF,22.00,605.43,446.00,507.50,63%,11%,3.63%,4.93%,4.03%,15.62%,15.62%,0,4.33%,-11.82%,,,,,,,,,,,,
,,,,,,,,,,,,,,,,,,2023,10/16/2023,544.00 CHF,,,,,,,,,,4.04%,544.00 CHF,22.00,605.43,446.00,507.50,61%,11%,3.63%,4.93%,4.04%,16.08%,16.08%,0,4.33%,-12.17%,,,,,,,,,,,,
,,,,,,,,,,,,,,,,,,2023,10/17/2023,544.00 CHF,,,,,,,,,,4.04%,544.00 CHF,22.00,605.43,446.00,507.50,61%,11%,3.63%,4.93%,4.04%,16.08%,16.08%,0,4.33%,-12.17%,,,,,,,,,,,,
,,,,,,,,,,,,,,,,,,2023,10/18/2023,544.40 CHF,,,,,,,,,,4.04%,544.40 CHF,22.00,605.43,446.00,507.50,62%,11%,3.63%,4.93%,4.04%,16.00%,16.00%,0,4.33%,-12.11%,,,,,,,,,,,,
,,,,,,,,,,,,,,,,,,2023,10/19/2023,539.40 CHF,,,,,,,,,,4.08%,539.40 CHF,22.00,605.43,446.00,507.50,59%,12%,3.63%,4.93%,4.08%,17.07%,17.07%,0,4.33%,-12.92%,,,,,,,,,,,,
,,,,,,,,,,,,,,,,,,2023,10/20/2023,536.20 CHF,,,,,,,,,,4.10%,536.20 CHF,22.00,605.43,446.00,507.50,57%,13%,3.63%,4.93%,4.10%,17.77%,17.77%,0,4.33%,-13.43%,,,,,,,,,,,,
,,,,,,,,,,,,,,,,,,2023,10/23/2023,533.80 CHF,,,,,,,,,,4.12%,533.80 CHF,22.00,605.43,446.00,507.50,55%,13%,3.63%,4.93%,4.12%,18.30%,18.30%,0,4.33%,-13.82%,,,,,,,,,,,,
,,,,,,,,,,,,,,,,,,2023,10/24/2023,534.80 CHF,,,,,,,,,,4.11%,534.80 CHF,22.00,605.43,446.00,507.50,56%,13%,3.63%,4.93%,4.11%,18.08%,18.08%,0,4.33%,-13.66%,,,,,,,,,,,,
,,,,,,,,,,,,,,,,,,2023,10/25/2023,534.00 CHF,,,,,,,,,,4.12%,534.00 CHF,22.00,605.43,446.00,507.50,55%,13%,3.63%,4.93%,4.12%,18.26%,18.26%,0,4.33%,-13.79%,,,,,,,,,,,,
,,,,,,,,,,,,,,,,,,2023,10/26/2023,533.40 CHF,,,,,,,,,,4.12%,533.40 CHF,22.00,605.43,446.00,507.50,55%,14%,3.63%,4.93%,4.12%,18.39%,18.39%,0,4.33%,-13.88%,,,,,,,,,,,,
,,,,,,,,,,,,,,,,,,2023,10/27/2023,534.80 CHF,,,,,,,,,,4.11%,534.80 CHF,22.00,605.43,446.00,507.50,56%,13%,3.63%,4.93%,4.11%,18.08%,18.08%,0,4.33%,-13.66%,,,,,,,,,,,,
,,,,,,,,,,,,,,,,,,2023,10/30/2023,538.20 CHF,,,,,,,,,,4.09%,538.20 CHF,22.00,605.43,446.00,507.50,58%,12%,3.63%,4.93%,4.09%,17.34%,17.34%,0,4.33%,-13.11%,,,,,,,,,,,,
,,,,,,,,,,,,,,,,,,2023,10/31/2023,544.00 CHF,,,,,,,,,,4.04%,544.00 CHF,22.00,605.43,446.00,507.50,61%,11%,3.63%,4.93%,4.04%,16.08%,16.08%,0,4.33%,-12.17%,,,,,,,,,,,,
,,,,,,,,,,,,,,,,,,2023,11/1/2023,549.80 CHF,,,,,,,,,,4.00%,549.80 CHF,22.00,605.43,446.00,507.50,65%,10%,3.63%,4.93%,4.00%,14.86%,14.86%,0,4.33%,-11.24%,,,,,,,,,,,,
,,,,,,,,,,,,,,,,,,2023,11/2/2023,514.60 CHF,,,,,,,,,,4.28%,514.60 CHF,22.00,605.43,446.00,507.50,43%,18%,3.63%,4.93%,4.28%,22.72%,22.72%,0,4.33%,-16.92%,,,,,,,,,,,,
,,,,,,,,,,,,,,,,,,2023,11/3/2023,513.80 CHF,,,,,,,,,,4.28%,513.80 CHF,22.00,605.43,446.00,507.50,43%,18%,3.63%,4.93%,4.28%,22.91%,22.91%,0,4.33%,-17.05%,,,,,,,,,,,,
,,,,,,,,,,,,,,,,,,2023,11/6/2023,515.60 CHF,,,,,,,,,,4.27%,515.60 CHF,22.00,605.43,446.00,507.50,44%,17%,3.63%,4.93%,4.27%,22.48%,22.48%,0,4.33%,-16.76%,,,,,,,,,,,,
,,,,,,,,,,,,,,,,,,2023,11/7/2023,511.00 CHF,,,,,,,,,,4.31%,511.00 CHF,22.00,605.43,446.00,507.50,41%,18%,3.63%,4.93%,4.31%,23.58%,23.58%,0,4.33%,-17.50%,,,,,,,,,,,,
,,,,,,,,,,,,,,,,,,2023,11/8/2023,510.40 CHF,,,,,,,,,,4.31%,510.40 CHF,22.00,605.43,446.00,507.50,40%,19%,3.63%,4.93%,4.31%,23.73%,23.73%,0,4.33%,-17.60%,,,,,,,,,,,,
,,,,,,,,,,,,,,,,,,2023,11/9/2023,515.20 CHF,,,,,,,,,,4.27%,515.20 CHF,22.00,605.43,446.00,507.50,43%,18%,3.63%,4.93%,4.27%,22.57%,22.57%,0,4.33%,-16.82%,,,,,,,,,,,,
,,,,,,,,,,,,,,,,,,2023,11/10/2023,512.20 CHF,,,,,,,,,,4.30%,512.20 CHF,22.00,605.43,446.00,507.50,42%,18%,3.63%,4.93%,4.30%,23.29%,23.29%,0,4.33%,-17.31%,,,,,,,,,,,,
,,,,,,,,,,,,,,,,,,2023,11/13/2023,511.20 CHF,,,,,,,,,,4.30%,511.20 CHF,22.00,605.43,446.00,507.50,41%,18%,3.63%,4.93%,4.30%,23.53%,23.53%,0,4.33%,-17.47%,,,,,,,,,,,,
,,,,,,,,,,,,,,,,,,2023,11/14/2023,507.80 CHF,,,,,,,,,,4.33%,507.80 CHF,22.00,605.43,446.00,507.50,39%,19%,3.63%,4.93%,4.33%,24.36%,24.36%,0,4.33%,-18.02%,,,,,,,,,,,,
,,,,,,,,,,,,,,,,,,2023,11/15/2023,505.00 CHF,,,,,,,,,,4.36%,505.00 CHF,22.00,605.43,446.00,507.50,37%,20%,3.63%,4.93%,4.36%,25.05%,25.05%,0,4.33%,-18.47%,,,,,,,,,,,,
,,,,,,,,,,,,,,,,,,2023,11/16/2023,509.20 CHF,,,,,,,,,,4.32%,509.20 CHF,22.00,605.43,446.00,507.50,40%,19%,3.63%,4.93%,4.32%,24.02%,24.02%,0,4.33%,-17.79%,,,,,,,,,,,,
,,,,,,,,,,,,,,,,,,2023,11/17/2023,509.00 CHF,,,,,,,,,,4.32%,509.00 CHF,22.00,605.43,446.00,507.50,40%,19%,3.63%,4.93%,4.32%,24.07%,24.07%,0,4.33%,-17.82%,,,,,,,,,,,,
,,,,,,,,,,,,,,,,,,2023,11/20/2023,510.40 CHF,,,,,,,,,,4.31%,510.40 CHF,22.00,605.43,446.00,507.50,40%,19%,3.63%,4.93%,4.31%,23.73%,23.73%,0,4.33%,-17.60%,,,,,,,,,,,,
,,,,,,,,,,,,,,,,,,2023,11/21/2023,511.00 CHF,,,,,,,,,,4.31%,511.00 CHF,22.00,605.43,446.00,507.50,41%,18%,3.63%,4.93%,4.31%,23.58%,23.58%,0,4.33%,-17.50%,,,,,,,,,,,,
,,,,,,,,,,,,,,,,,,2023,11/22/2023,512.20 CHF,,,,,,,,,,4.30%,512.20 CHF,22.00,605.43,446.00,507.50,42%,18%,3.63%,4.93%,4.30%,23.29%,23.29%,0,4.33%,-17.31%,,,,,,,,,,,,
,,,,,,,,,,,,,,,,,,2023,11/23/2023,516.20 CHF,,,,,,,,,,4.26%,516.20 CHF,22.00,605.43,446.00,507.50,44%,17%,3.63%,4.93%,4.26%,22.34%,22.34%,0,4.33%,-16.66%,,,,,,,,,,,,
,,,,,,,,,,,,,,,,,,2023,11/24/2023,515.80 CHF,,,,,,,,,,4.27%,515.80 CHF,22.00,605.43,446.00,507.50,44%,17%,3.63%,4.93%,4.27%,22.43%,22.43%,0,4.33%,-16.73%,,,,,,,,,,,,
,,,,,,,,,,,,,,,,,,2023,11/27/2023,514.60 CHF,,,,,,,,,,4.28%,514.60 CHF,22.00,605.43,446.00,507.50,43%,18%,3.63%,4.93%,4.28%,22.72%,22.72%,0,4.33%,-16.92%,,,,,,,,,,,,
,,,,,,,,,,,,,,,,,,2023,11/28/2023,513.00 CHF,,,,,,,,,,4.29%,513.00 CHF,22.00,605.43,446.00,507.50,42%,18%,3.63%,4.93%,4.29%,23.10%,23.10%,0,4.33%,-17.18%,,,,,,,,,,,,
,,,,,,,,,,,,,,,,,,2023,11/29/2023,511.40 CHF,,,,,,,,,,4.30%,511.40 CHF,22.00,605.43,446.00,507.50,41%,18%,3.63%,4.93%,4.30%,23.48%,23.48%,0,4.33%,-17.44%,,,,,,,,,,,,
,,,,,,,,,,,,,,,,,,2023,11/30/2023,510.40 CHF,,,,,,,,,,4.31%,510.40 CHF,22.00,605.43,446.00,507.50,40%,19%,3.63%,4.93%,4.31%,23.73%,23.73%,0,4.33%,-17.60%,,,,,,,,,,,,
,,,,,,,,,,,,,,,,,,2023,12/1/2023,510.20 CHF,,,,,,,,,,4.31%,510.20 CHF,22.00,605.43,446.00,507.50,40%,19%,3.63%,4.93%,4.31%,23.77%,23.77%,0,4.33%,-17.63%,,,,,,,,,,,,
,,,,,,,,,,,,,,,,,,2023,12/4/2023,507.00 CHF,,,,,,,,,,4.34%,507.00 CHF,22.00,605.43,446.00,507.50,38%,19%,3.63%,4.93%,4.34%,24.56%,24.56%,0,4.33%,-18.15%,,,,,,,,,,,,
,,,,,,,,,,,,,,,,,,2023,12/5/2023,507.20 CHF,,,,,,,,,,4.34%,507.20 CHF,22.00,605.43,446.00,507.50,38%,19%,3.63%,4.93%,4.34%,24.51%,24.51%,0,4.33%,-18.11%,,,,,,,,,,,,
,,,,,,,,,,,,,,,,,,2023,12/6/2023,506.20 CHF,,,,,,,,,,4.35%,506.20 CHF,22.00,605.43,446.00,507.50,38%,20%,3.63%,4.93%,4.35%,24.75%,24.75%,0,4.33%,-18.28%,,,,,,,,,,,,
,,,,,,,,,,,,,,,,,,2023,12/7/2023,509.40 CHF,,,,,,,,,,4.32%,509.40 CHF,22.00,605.43,446.00,507.50,40%,19%,3.63%,4.93%,4.32%,23.97%,23.97%,0,4.33%,-17.76%,,,,,,,,,,,,
,,,,,,,,,,,,,,,,,,2023,12/8/2023,508.60 CHF,,,,,,,,,,4.33%,508.60 CHF,22.00,605.43,446.00,507.50,39%,19%,3.63%,4.93%,4.33%,24.16%,24.16%,0,4.33%,-17.89%,,,,,,,,,,,,
,,,,,,,,,,,,,,,,,,2023,12/11/2023,508.40 CHF,,,,,,,,,,4.33%,508.40 CHF,22.00,605.43,446.00,507.50,39%,19%,3.63%,4.93%,4.33%,24.21%,24.21%,0,4.33%,-17.92%,,,,,,,,,,,,
,,,,,,,,,,,,,,,,,,2023,12/12/2023,510.60 CHF,,,,,,,,,,4.31%,510.60 CHF,22.00,605.43,446.00,507.50,41%,19%,3.63%,4.93%,4.31%,23.68%,23.68%,0,4.33%,-17.57%,,,,,,,,,,,,
,,,,,,,,,,,,,,,,,,2023,12/13/2023,509.80 CHF,,,,,,,,,,4.32%,509.80 CHF,22.00,605.43,446.00,507.50,40%,19%,3.63%,4.93%,4.32%,23.87%,23.87%,0,4.33%,-17.69%,,,,,,,,,,,,
,,,,,,,,,,,,,,,,,,2023,12/14/2023,509.60 CHF,,,,,,,,,,4.32%,509.60 CHF,22.00,605.43,446.00,507.50,40%,19%,3.63%,4.93%,4.32%,23.92%,23.92%,0,4.33%,-17.73%,,,,,,,,,,,,
,,,,,,,,,,,,,,,,,,2023,12/15/2023,505.80 CHF,,,,,,,,,,4.35%,505.80 CHF,22.00,605.43,446.00,507.50,38%,20%,3.63%,4.93%,4.35%,24.85%,24.85%,0,4.33%,-18.34%,,,,,,,,,,,,
,,,,,,,,,,,,,,,,,,2023,12/18/2023,511.40 CHF,,,,,,,,,,4.30%,511.40 CHF,22.00,605.43,446.00,507.50,41%,18%,3.63%,4.93%,4.30%,23.48%,23.48%,0,4.33%,-17.44%,,,,,,,,,,,,
,,,,,,,,,,,,,,,,,,2023,12/19/2023,507.40 CHF,,,,,,,,,,4.34%,507.40 CHF,22.00,605.43,446.00,507.50,39%,19%,3.63%,4.93%,4.34%,24.46%,24.46%,0,4.33%,-18.08%,,,,,,,,,,,,
,,,,,,,,,,,,,,,,,,2023,12/20/2023,508.40 CHF,,,,,,,,,,4.33%,508.40 CHF,22.00,605.43,446.00,507.50,39%,19%,3.63%,4.93%,4.33%,24.21%,24.21%,0,4.33%,-17.92%,,,,,,,,,,,,
,,,,,,,,,,,,,,,,,,2023,12/21/2023,507.00 CHF,,,,,,,,,,4.34%,507.00 CHF,22.00,605.43,446.00,507.50,38%,19%,3.63%,4.93%,4.34%,24.56%,24.56%,0,4.33%,-18.15%,,,,,,,,,,,,
,,,,,,,,,,,,,,,,,,2023,12/22/2023,509.40 CHF,,,,,,,,,,4.32%,509.40 CHF,22.00,605.43,446.00,507.50,40%,19%,3.63%,4.93%,4.32%,23.97%,23.97%,0,4.33%,-17.76%,,,,,,,,,,,,
,,,,,,,,,,,,,,,,,,2023,12/27/2023,506.60 CHF,,,,,,,,,,4.34%,506.60 CHF,22.00,605.43,446.00,507.50,38%,20%,3.63%,4.93%,4.34%,24.65%,24.65%,0,4.33%,-18.21%,,,,,,,,,,,,
,,,,,,,,,,,,,,,,,,2023,12/28/2023,502.60 CHF,,,,,,,,,,4.38%,502.60 CHF,22.00,605.43,446.00,507.50,36%,20%,3.63%,4.93%,4.38%,25.65%,25.65%,0,4.33%,-18.86%,,,,,,,,,,,,
,,,,,,,,,,,,,,,,,,2023,12/29/2023,506.00 CHF,,,,,,,,,,4.35%,506.00 CHF,22.00,605.43,446.00,507.50,38%,20%,3.63%,4.93%,4.35%,24.80%,24.80%,0,4.33%,-18.31%,,,,,,,,,,,,
,,,,,,,,,,,,,,,,,,2024,1/3/2024,515.80 CHF,,,,,,,,,,4.27%,515.80 CHF,22.00,605.43,446.00,507.50,44%,17%,3.63%,4.93%,4.27%,22.43%,22.43%,0,4.33%,-16.73%,,,,,,,,,,,,
,,,,,,,,,,,,,,,,,,2024,1/4/2024,517.80 CHF,,,,,,,,,,4.25%,517.80 CHF,22.00,605.43,446.00,507.50,45%,17%,3.63%,4.93%,4.25%,21.96%,21.96%,0,4.33%,-16.40%,,,,,,,,,,,,
,,,,,,,,,,,,,,,,,,2024,1/5/2024,515.60 CHF,,,,,,,,,,4.27%,515.60 CHF,22.00,605.43,446.00,507.50,44%,17%,3.63%,4.93%,4.27%,22.48%,22.48%,0,4.33%,-16.76%,,,,,,,,,,,,
,,,,,,,,,,,,,,,,,,2024,1/8/2024,513.60 CHF,,,,,,,,,,4.28%,513.60 CHF,22.00,605.43,446.00,507.50,42%,18%,3.63%,4.93%,4.28%,22.96%,22.96%,0,4.33%,-17.08%,,,,,,,,,,,,
,,,,,,,,,,,,,,,,,,2024,1/9/2024,508.00 CHF,,,,,,,,,,4.33%,508.00 CHF,22.00,605.43,446.00,507.50,39%,19%,3.63%,4.93%,4.33%,24.31%,24.31%,0,4.33%,-17.99%,,,,,,,,,,,,
,,,,,,,,,,,,,,,,,,2024,1/10/2024,509.60 CHF,,,,,,,,,,4.32%,509.60 CHF,22.00,605.43,446.00,507.50,40%,19%,3.63%,4.93%,4.32%,23.92%,23.92%,0,4.33%,-17.73%,,,,,,,,,,,,
,,,,,,,,,,,,,,,,,,2024,1/11/2024,508.60 CHF,,,,,,,,,,4.33%,508.60 CHF,22.00,605.43,446.00,507.50,39%,19%,3.63%,4.93%,4.33%,24.16%,24.16%,0,4.33%,-17.89%,,,,,,,,,,,,
,,,,,,,,,,,,,,,,,,2024,1/12/2024,511.40 CHF,,,,,,,,,,4.30%,511.40 CHF,22.00,605.43,446.00,507.50,41%,18%,3.63%,4.93%,4.30%,23.48%,23.48%,0,4.33%,-17.44%,,,,,,,,,,,,
,,,,,,,,,,,,,,,,,,2024,1/15/2024,514.00 CHF,,,,,,,,,,4.28%,514.00 CHF,22.00,605.43,446.00,507.50,43%,18%,3.63%,4.93%,4.28%,22.86%,22.86%,0,4.33%,-17.02%,,,,,,,,,,,,
,,,,,,,,,,,,,,,,,,2024,1/16/2024,513.20 CHF,,,,,,,,,,4.29%,513.20 CHF,22.00,605.43,446.00,507.50,42%,18%,3.63%,4.93%,4.29%,23.05%,23.05%,0,4.33%,-17.15%,,,,,,,,,,,,
,,,,,,,,,,,,,,,,,,2024,1/17/2024,509.00 CHF,,,,,,,,,,4.32%,509.00 CHF,22.00,605.43,446.00,507.50,40%,19%,3.63%,4.93%,4.32%,24.07%,24.07%,0,4.33%,-17.82%,,,,,,,,,,,,
,,,,,,,,,,,,,,,,,,2024,1/18/2024,506.40 CHF,,,,,,,,,,4.34%,506.40 CHF,22.00,605.43,446.00,507.50,38%,20%,3.63%,4.93%,4.34%,24.70%,24.70%,0,4.33%,-18.24%,,,,,,,,,,,,
,,,,,,,,,,,,,,,,,,2024,1/19/2024,511.00 CHF,,,,,,,,,,4.31%,511.00 CHF,22.00,605.43,446.00,507.50,41%,18%,3.63%,4.93%,4.31%,23.58%,23.58%,0,4.33%,-17.50%,,,,,,,,,,,,
,,,,,,,,,,,,,,,,,,2024,1/22/2024,516.40 CHF,,,,,,,,,,4.26%,516.40 CHF,22.00,605.43,446.00,507.50,44%,17%,3.63%,4.93%,4.26%,22.29%,22.29%,0,4.33%,-16.63%,,,,,,,,,,,,
,,,,,,,,,,,,,,,,,,2024,1/23/2024,514.60 CHF,,,,,,,,,,4.28%,514.60 CHF,22.00,605.43,446.00,507.50,43%,18%,3.63%,4.93%,4.28%,22.72%,22.72%,0,4.33%,-16.92%,,,,,,,,,,,,
,,,,,,,,,,,,,,,,,,2024,1/24/2024,515.00 CHF,,,,,,,,,,4.27%,515.00 CHF,22.00,605.43,446.00,507.50,43%,18%,3.63%,4.93%,4.27%,22.62%,22.62%,0,4.33%,-16.86%,,,,,,,,,,,,
,,,,,,,,,,,,,,,,,,2024,1/25/2024,516.00 CHF,,,,,,,,,,4.26%,516.00 CHF,22.00,605.43,446.00,507.50,44%,17%,3.63%,4.93%,4.26%,22.38%,22.38%,0,4.33%,-16.69%,,,,,,,,,,,,
,,,,,,,,,,,,,,,,,,2024,1/26/2024,522.00 CHF,,,,,,,,,,4.21%,522.00 CHF,22.00,605.43,446.00,507.50,48%,16%,3.63%,4.93%,4.21%,20.98%,20.98%,0,4.33%,-15.72%,,,,,,,,,,,,
,,,,,,,,,,,,,,,,,,2024,1/29/2024,517.80 CHF,,,,,,,,,,4.25%,517.80 CHF,22.00,605.43,446.00,507.50,45%,17%,3.63%,4.93%,4.25%,21.96%,21.96%,0,4.33%,-16.40%,,,,,,,,,,,,
,,,,,,,,,,,,,,,,,,2024,1/30/2024,515.60 CHF,,,,,,,,,,4.27%,515.60 CHF,22.00,605.43,446.00,507.50,44%,17%,3.63%,4.93%,4.27%,22.48%,22.48%,0,4.33%,-16.76%,,,,,,,,,,,,
,,,,,,,,,,,,,,,,,,2024,1/31/2024,516.20 CHF,,,,,,,,,,4.26%,516.20 CHF,22.00,605.43,446.00,507.50,44%,17%,3.63%,4.93%,4.26%,22.34%,22.34%,0,4.33%,-16.66%,,,,,,,,,,,,
,,,,,,,,,,,,,,,,,,2024,2/1/2024,508.80 CHF,,,,,,,,,,4.32%,508.80 CHF,22.00,605.43,446.00,507.50,39%,19%,3.63%,4.93%,4.32%,24.12%,24.12%,0,4.33%,-17.86%,,,,,,,,,,,,
,,,,,,,,,,,,,,,,,,2024,2/2/2024,510.00 CHF,,,,,,,,,,4.31%,510.00 CHF,22.00,605.43,446.00,507.50,40%,19%,3.63%,4.93%,4.31%,23.82%,23.82%,0,4.33%,-17.66%,,,,,,,,,,,,
,,,,,,,,,,,,,,,,,,2024,2/5/2024,506.00 CHF,,,,,,,,,,4.35%,506.00 CHF,22.00,605.43,446.00,507.50,38%,20%,3.63%,4.93%,4.35%,24.80%,24.80%,0,4.33%,-18.31%,,,,,,,,,,,,
,,,,,,,,,,,,,,,,,,2024,2/6/2024,505.80 CHF,,,,,,,,,,4.35%,505.80 CHF,22.00,605.43,446.00,507.50,38%,20%,3.63%,4.93%,4.35%,24.85%,24.85%,0,4.33%,-18.34%,,,,,,,,,,,,
,,,,,,,,,,,,,,,,,,2024,2/7/2024,502.40 CHF,,,,,,,,,,4.38%,502.40 CHF,22.00,605.43,446.00,507.50,35%,21%,3.63%,4.93%,4.38%,25.70%,25.70%,0,4.33%,-18.89%,,,,,,,,,,,,
,,,,,,,,,,,,,,,,,,2024,2/8/2024,498.80 CHF,,,,,,,,,,4.41%,498.80 CHF,22.00,605.43,446.00,507.50,33%,21%,3.63%,4.93%,4.41%,26.60%,26.60%,0,4.33%,-19.47%,,,,,,,,,,,,
,,,,,,,,,,,,,,,,,,2024,2/9/2024,498.20 CHF,,,,,,,,,,4.42%,498.20 CHF,22.00,605.43,446.00,507.50,33%,22%,3.63%,4.93%,4.42%,26.76%,26.76%,0,4.33%,-19.57%,,,,,,,,,,,,
,,,,,,,,,,,,,,,,,,2024,2/12/2024,497.50 CHF,,,,,,,,,,4.42%,497.50 CHF,22.00,605.43,446.00,507.50,32%,22%,3.63%,4.93%,4.42%,26.93%,26.93%,0,4.33%,-19.68%,,,,,,,,,,,,
,,,,,,,,,,,,,,,,,,2024,2/13/2024,500.80 CHF,,,,,,,,,,4.39%,500.80 CHF,22.00,605.43,446.00,507.50,34%,21%,3.63%,4.93%,4.39%,26.10%,26.10%,0,4.33%,-19.15%,,,,,,,,,,,,
,,,,,,,,,,,,,,,,,,2024,2/14/2024,503.20 CHF,,,,,,,,,,4.37%,503.20 CHF,22.00,605.43,446.00,507.50,36%,20%,3.63%,4.93%,4.37%,25.50%,25.50%,0,4.33%,-18.76%,,,,,,,,,,,,
,,,,,,,,,,,,,,,,,,2024,2/15/2024,508.60 CHF,,,,,,,,,,4.33%,508.60 CHF,22.00,605.43,446.00,507.50,39%,19%,3.63%,4.93%,4.33%,24.16%,24.16%,0,4.33%,-17.89%,,,,,,,,,,,,
,,,,,,,,,,,,,,,,,,2024,2/16/2024,509.40 CHF,,,,,,,,,,4.32%,509.40 CHF,22.00,605.43,446.00,507.50,40%,19%,3.63%,4.93%,4.32%,23.97%,23.97%,0,4.33%,-17.76%,,,,,,,,,,,,
,,,,,,,,,,,,,,,,,,2024,2/19/2024,516.40 CHF,,,,,,,,,,4.26%,516.40 CHF,22.00,605.43,446.00,507.50,44%,17%,3.63%,4.93%,4.26%,22.29%,22.29%,0,4.33%,-16.63%,,,,,,,,,,,,
,,,,,,,,,,,,,,,,,,2024,2/20/2024,520.60 CHF,,,,,,,,,,4.23%,520.60 CHF,22.00,605.43,446.00,507.50,47%,16%,3.63%,4.93%,4.23%,21.30%,21.30%,0,4.33%,-15.95%,,,,,,,,,,,,
,,,,,,,,,,,,,,,,,,2024,2/21/2024,517.40 CHF,,,,,,,,,,4.25%,517.40 CHF,22.00,605.43,446.00,507.50,45%,17%,3.63%,4.93%,4.25%,22.05%,22.05%,0,4.33%,-16.47%,,,,,,,,,,,,
,,,,,,,,,,,,,,,,,,2024,2/22/2024,514.80 CHF,,,,,,,,,,4.27%,514.80 CHF,22.00,605.43,446.00,507.50,43%,18%,3.63%,4.93%,4.27%,22.67%,22.67%,0,4.33%,-16.89%,,,,,,,,,,,,
,,,,,,,,,,,,,,,,,,2024,2/23/2024,516.20 CHF,,,,,,,,,,4.26%,516.20 CHF,22.00,605.43,446.00,507.50,44%,17%,3.63%,4.93%,4.26%,22.34%,22.34%,0,4.33%,-16.66%,,,,,,,,,,,,
,,,,,,,,,,,,,,,,,,2024,2/26/2024,512.60 CHF,,,,,,,,,,4.29%,512.60 CHF,22.00,605.43,446.00,507.50,42%,18%,3.63%,4.93%,4.29%,23.20%,23.20%,0,4.33%,-17.24%,,,,,,,,,,,,
,,,,,,,,,,,,,,,,,,2024,2/27/2024,510.00 CHF,,,,,,,,,,4.31%,510.00 CHF,22.00,605.43,446.00,507.50,40%,19%,3.63%,4.93%,4.31%,23.82%,23.82%,0,4.33%,-17.66%,,,,,,,,,,,,
,,,,,,,,,,,,,,,,,,2024,2/28/2024,503.00 CHF,,,,,,,,,,4.37%,503.00 CHF,22.00,605.43,446.00,507.50,36%,20%,3.63%,4.93%,4.37%,25.55%,25.55%,0,4.33%,-18.79%,,,,,,,,,,,,
,,,,,,,,,,,,,,,,,,2024,2/29/2024,505.40 CHF,,,,,,,,,,4.35%,505.40 CHF,22.00,605.43,446.00,507.50,37%,20%,3.63%,4.93%,4.35%,24.95%,24.95%,0,4.33%,-18.40%,,,,,,,,,,,,
,,,,,,,,,,,,,,,,,,2024,3/1/2024,503.20 CHF,,,,,,,,,,4.37%,503.20 CHF,22.00,605.43,446.00,507.50,36%,20%,3.63%,4.93%,4.37%,25.50%,25.50%,0,4.33%,-18.76%,,,,,,,,,,,,
,,,,,,,,,,,,,,,,,,2024,3/4/2024,506.40 CHF,,,,,,,,,,4.34%,506.40 CHF,22.00,605.43,446.00,507.50,38%,20%,3.63%,4.93%,4.34%,24.70%,24.70%,0,4.33%,-18.24%,,,,,,,,,,,,
,,,,,,,,,,,,,,,,,,2024,3/5/2024,507.20 CHF,,,,,,,,,,4.34%,507.20 CHF,22.00,605.43,446.00,507.50,38%,19%,3.63%,4.93%,4.34%,24.51%,24.51%,0,4.33%,-18.11%,,,,,,,,,,,,
,,,,,,,,,,,,,,,,,,2024,3/6/2024,508.80 CHF,,,,,,,,,,4.32%,508.80 CHF,22.00,605.43,446.00,507.50,39%,19%,3.63%,4.93%,4.32%,24.12%,24.12%,0,4.33%,-17.86%,,,,,,,,,,,,
,,,,,,,,,,,,,,,,,,2024,3/7/2024,506.80 CHF,,,,,,,,,,4.34%,506.80 CHF,22.00,605.43,446.00,507.50,38%,19%,3.63%,4.93%,4.34%,24.61%,24.61%,0,4.33%,-18.18%,,,,,,,,,,,,
,,,,,,,,,,,,,,,,,,2024,3/8/2024,507.60 CHF,,,,,,,,,,4.33%,507.60 CHF,22.00,605.43,446.00,507.50,39%,19%,3.63%,4.93%,4.33%,24.41%,24.41%,0,4.33%,-18.05%,,,,,,,,,,,,
,,,,,,,,,,,,,,,,,,2024,3/11/2024,508.80 CHF,,,,,,,,,,4.32%,508.80 CHF,22.00,605.43,446.00,507.50,39%,19%,3.63%,4.93%,4.32%,24.12%,24.12%,0,4.33%,-17.86%,,,,,,,,,,,,
,,,,,,,,,,,,,,,,,,2024,3/12/2024,506.20 CHF,,,,,,,,,,4.35%,506.20 CHF,22.00,605.43,446.00,507.50,38%,20%,3.63%,4.93%,4.35%,24.75%,24.75%,0,4.33%,-18.28%,,,,,,,,,,,,
,,,,,,,,,,,,,,,,,,2024,3/13/2024,505.40 CHF,,,,,,,,,,4.35%,505.40 CHF,22.00,605.43,446.00,507.50,37%,20%,3.63%,4.93%,4.35%,24.95%,24.95%,0,4.33%,-18.40%,,,,,,,,,,,,
,,,,,,,,,,,,,,,,,,2024,3/14/2024,503.80 CHF,,,,,,,,,,4.37%,503.80 CHF,22.00,605.43,446.00,507.50,36%,20%,3.63%,4.93%,4.37%,25.35%,25.35%,0,4.33%,-18.66%,,,,,,,,,,,,
,,,,,,,,,,,,,,,,,,2024,3/15/2024,528.40 CHF,,,,,,,,,,4.16%,528.40 CHF,22.00,605.43,446.00,507.50,52%,15%,3.63%,4.93%,4.16%,19.51%,19.51%,0,4.33%,-14.69%,,,,,,,,,,,,
,,,,,,,,,,,,,,,,,,2024,3/18/2024,526.60 CHF,,,,,,,,,,4.18%,526.60 CHF,22.00,605.43,446.00,507.50,51%,15%,3.63%,4.93%,4.18%,19.92%,19.92%,0,4.33%,-14.98%,,,,,,,,,,,,
,,,,,,,,,,,,,,,,,,2024,3/19/2024,529.00 CHF,,,,,,,,,,4.16%,529.00 CHF,22.00,605.43,446.00,507.50,52%,14%,3.63%,4.93%,4.16%,19.38%,19.38%,0,4.33%,-14.59%,,,,,,,,,,,,
,,,,,,,,,,,,,,,,,,2024,3/20/2024,531.20 CHF,,,,,,,,,,4.14%,531.20 CHF,22.00,605.43,446.00,507.50,53%,14%,3.63%,4.93%,4.14%,18.88%,18.88%,0,4.33%,-14.24%,,,,,,,,,,,,
,,,,,,,,,,,,,,,,,,2024,3/21/2024,533.00 CHF,,,,,,,,,,4.13%,533.00 CHF,22.00,605.43,446.00,507.50,55%,14%,3.63%,4.93%,4.13%,18.48%,18.48%,0,4.33%,-13.95%,,,,,,,,,,,,
,,,,,,,,,,,,,,,,,,2024,3/22/2024,535.60 CHF,,,,,,,,,,4.11%,535.60 CHF,22.00,605.43,446.00,507.50,56%,13%,3.63%,4.93%,4.11%,17.91%,17.91%,0,4.33%,-13.53%,,,,,,,,,,,,
,,,,,,,,,,,,,,,,,,2024,3/25/2024,538.00 CHF,,,,,,,,,,4.09%,538.00 CHF,22.00,605.43,446.00,507.50,58%,13%,3.63%,4.93%,4.09%,17.38%,17.38%,0,4.33%,-13.14%,,,,,,,,,,,,
,,,,,,,,,,,,,,,,,,2024,3/26/2024,548.60 CHF,,,,,,,,,,4.01%,548.60 CHF,22.00,605.43,446.00,507.50,64%,10%,3.63%,4.93%,4.01%,15.11%,15.11%,0,4.33%,-11.43%,,,,,,,,,,,,
,,,,,,,,,,,,,,,,,,2024,3/27/2024,555.20 CHF,,,,,,,,,,3.96%,555.20 CHF,22.00,605.43,446.00,507.50,68%,9%,3.63%,4.93%,3.96%,13.74%,13.74%,0,4.33%,-10.36%,,,,,,,,,,,,
,,,,,,,,,,,,,,,,,,2024,3/28/2024,551.40 CHF,,,,,,,,,,3.99%,551.40 CHF,22.00,605.43,446.00,507.50,66%,10%,3.63%,4.93%,3.99%,14.53%,14.53%,0,4.33%,-10.98%,,,,,,,,,,,,
,,,,,,,,,,,,,,,,,,2024,4/2/2024,522.00 CHF,,,,,,,,,,4.21%,522.00 CHF,22.00,605.43,446.00,507.50,48%,16%,3.63%,4.93%,4.21%,20.98%,20.98%,0,4.33%,-15.72%,,,,,,,,,,,,
,,,,,,,,,,,,,,,,,,2024,4/3/2024,523.50 CHF,,,,,,,,,,4.20%,523.50 CHF,22.00,605.43,446.00,507.50,49%,16%,3.63%,4.93%,4.20%,20.63%,20.63%,0,4.33%,-15.48%,,,,,,,,,,,,
,,,,,,,,,,,,,,,,,,2024,4/4/2024,528.00 CHF,,,,,,,,,,4.17%,528.00 CHF,22.00,605.43,446.00,507.50,51%,15%,3.63%,4.93%,4.17%,19.60%,19.60%,0,4.33%,-14.76%,,,,,,,,,,,,
,,,,,,,,,,,,,,,,,,2024,4/5/2024,522.50 CHF,,,,,,,,,,4.21%,522.50 CHF,22.00,605.43,446.00,507.50,48%,16%,3.63%,4.93%,4.21%,20.86%,20.86%,0,4.33%,-15.64%,,,,,,,,,,,,
,,,,,,,,,,,,,,,,,,2024,4/8/2024,518.00 CHF,,,,,,,,,,4.25%,518.00 CHF,22.00,605.43,446.00,507.50,45%,17%,3.63%,4.93%,4.25%,21.91%,21.91%,0,4.33%,-16.37%,,,,,,,,,,,,
,,,,,,,,,,,,,,,,,,2024,4/9/2024,520.00 CHF,,,,,,,,,,4.23%,520.00 CHF,22.00,605.43,446.00,507.50,46%,16%,3.63%,4.93%,4.23%,21.44%,21.44%,0,4.33%,-16.05%,,,,,,,,,,,,
,,,,,,,,,,,,,,,,,,2024,4/10/2024,519.50 CHF,,,,,,,,,,4.23%,519.50 CHF,22.00,605.43,446.00,507.50,46%,17%,3.63%,4.93%,4.23%,21.56%,21.56%,0,4.33%,-16.13%,,,,,,,,,,,,
,,,,,,,,,,,,,,,,,,2024,4/11/2024,517.50 CHF,,,,,,,,,,4.25%,517.50 CHF,22.00,605.43,446.00,507.50,45%,17%,3.63%,4.93%,4.25%,22.03%,22.03%,0,4.33%,-16.45%,,,,,,,,,,,,
,,,,,,,,,,,,,,,,,,2024,4/12/2024,518.00 CHF,,,,,,,,,,4.25%,518.00 CHF,22.00,605.43,446.00,507.50,45%,17%,3.63%,4.93%,4.25%,21.91%,21.91%,0,4.33%,-16.37%,,,,,,,,,,,,
,,,,,,,,,,,,,,,,,,2024,4/15/2024,517.00 CHF,,,,,,,,,,4.26%,517.00 CHF,22.00,605.43,446.00,507.50,45%,17%,3.63%,4.93%,4.26%,22.15%,22.15%,0,4.33%,-16.53%,,,,,,,,,,,,
,,,,,,,,,,,,,,,,,,2024,4/16/2024,510.00 CHF,,,,,,,,,,4.31%,510.00 CHF,22.00,605.43,446.00,507.50,40%,19%,3.63%,4.93%,4.31%,23.82%,23.82%,0,4.33%,-17.66%,,,,,,,,,,,,
,,,,,,,,,,,,,,,,,,2024,4/17/2024,514.00 CHF,,,,,,,,,,4.28%,514.00 CHF,22.00,605.43,446.00,507.50,43%,18%,3.63%,4.93%,4.28%,22.86%,22.86%,0,4.33%,-17.02%,,,,,,,,,,,,
,,,,,,,,,,,,,,,,,,2024,4/18/2024,511.00 CHF,,,,,,,,,,4.31%,511.00 CHF,22.00,605.43,446.00,507.50,41%,18%,3.63%,4.93%,4.31%,23.58%,23.58%,0,4.33%,-17.50%,,,,,,,,,,,,
,,,,,,,,,,,,,,,,,,2024,4/19/2024,518.50 CHF,,,,,,,,,,4.24%,518.50 CHF,22.00,605.43,446.00,507.50,45%,17%,3.63%,4.93%,4.24%,21.79%,21.79%,0,4.33%,-16.29%,,,,,,,,,,,,
,,,,,,,,,,,,,,,,,,2024,4/22/2024,520.00 CHF,,,,,,,,,,4.23%,520.00 CHF,22.00,605.43,446.00,507.50,46%,16%,3.63%,4.93%,4.23%,21.44%,21.44%,0,4.33%,-16.05%,,,,,,,,,,,,
,,,,,,,,,,,,,,,,,,2024,4/23/2024,516.00 CHF,,,,,,,,,,4.26%,516.00 CHF,22.00,605.43,446.00,507.50,44%,17%,3.63%,4.93%,4.26%,22.38%,22.38%,0,4.33%,-16.69%,,,,,,,,,,,,
,,,,,,,,,,,,,,,,,,2024,4/24/2024,510.50 CHF,,,,,,,,,,4.31%,510.50 CHF,22.00,605.43,446.00,507.50,40%,19%,3.63%,4.93%,4.31%,23.70%,23.70%,0,4.33%,-17.58%,,,,,,,,,,,,
,,,,,,,,,,,,,,,,,,2024,4/25/2024,506.50 CHF,,,,,,,,,,4.34%,506.50 CHF,22.00,605.43,446.00,507.50,38%,20%,3.63%,4.93%,4.34%,24.68%,24.68%,0,4.33%,-18.23%,,,,,,,,,,,,
,,,,,,,,,,,,,,,,,,2024,4/26/2024,505.00 CHF,,,,,,,,,,4.36%,505.00 CHF,22.00,605.43,446.00,507.50,37%,20%,3.63%,4.93%,4.36%,25.05%,25.05%,0,4.33%,-18.47%,,,,,,,,,,,,
,,,,,,,,,,,,,,,,,,2024,4/29/2024,507.00 CHF,,,,,,,,,,4.34%,507.00 CHF,22.00,605.43,446.00,507.50,38%,19%,3.63%,4.93%,4.34%,24.56%,24.56%,0,4.33%,-18.15%,,,,,,,,,,,,
,,,,,,,,,,,,,,,,,,2024,4/30/2024,503.50 CHF,,,,,,,,,,4.37%,503.50 CHF,22.00,605.43,446.00,507.50,36%,20%,3.63%,4.93%,4.37%,25.42%,25.42%,0,4.33%,-18.71%,,,,,,,,,,,,
,,,,,,,,,,,,,,,,,,2024,5/2/2024,493.80 CHF,,,,,,,,,,4.46%,493.80 CHF,22.00,605.43,446.00,507.50,30%,23%,3.63%,4.93%,4.46%,27.89%,27.89%,0,4.33%,-20.28%,,,,,,,,,,,,
,,,,,,,,,,,,,,,,,,2024,5/3/2024,494.00 CHF,,,,,,,,,,4.45%,494.00 CHF,22.00,605.43,446.00,507.50,30%,23%,3.63%,4.93%,4.45%,27.83%,27.83%,0,4.33%,-20.25%,,,,,,,,,,,,
,,,,,,,,,,,,,,,,,,2024,5/6/2024,494.80 CHF,,,,,,,,,,4.45%,494.80 CHF,22.00,605.43,446.00,507.50,31%,22%,3.63%,4.93%,4.45%,27.63%,27.63%,0,4.33%,-20.12%,,,,,,,,,,,,
,,,,,,,,,,,,,,,,,,2024,5/7/2024,495.80 CHF,,,,,,,,,,4.44%,495.80 CHF,22.00,605.43,446.00,507.50,31%,22%,3.63%,4.93%,4.44%,27.37%,27.37%,0,4.33%,-19.95%,,,,,,,,,,,,
,,,,,,,,,,,,,,,,,,2024,5/8/2024,497.00 CHF,,,,,,,,,,4.43%,497.00 CHF,22.00,605.43,446.00,507.50,32%,22%,3.63%,4.93%,4.43%,27.06%,27.06%,0,4.33%,-19.76%,,,,,,,,,,,,
,,,,,,,,,,,,,,,,,,2024,5/10/2024,501.00 CHF,,,,,,,,,,4.39%,501.00 CHF,22.00,605.43,446.00,507.50,34%,21%,3.63%,4.93%,4.39%,26.05%,26.05%,0,4.33%,-19.12%,,,,,,,,,,,,
,,,,,,,,,,,,,,,,,,2024,5/13/2024,506.00 CHF,,,,,,,,,,4.35%,506.00 CHF,22.00,605.43,446.00,507.50,38%,20%,3.63%,4.93%,4.35%,24.80%,24.80%,0,4.33%,-18.31%,,,,,,,,,,,,
,,,,,,,,,,,,,,,,,,2024,5/14/2024,502.00 CHF,,,,,,,,,,4.38%,502.00 CHF,22.00,605.43,446.00,507.50,35%,21%,3.63%,4.93%,4.38%,25.80%,25.80%,0,4.33%,-18.95%,,,,,,,,,,,,
,,,,,,,,,,,,,,,,,,2024,5/15/2024,503.50 CHF,,,,,,,,,,4.37%,503.50 CHF,22.00,605.43,446.00,507.50,36%,20%,3.63%,4.93%,4.37%,25.42%,25.42%,0,4.33%,-18.71%,,,,,,,,,,,,
,,,,,,,,,,,,,,,,,,2024,5/16/2024,502.00 CHF,,,,,,,,,,4.38%,502.00 CHF,22.00,605.43,446.00,507.50,35%,21%,3.63%,4.93%,4.38%,25.80%,25.80%,0,4.33%,-18.95%,,,,,,,,,,,,
,,,,,,,,,,,,,,,,,,2024,5/17/2024,503.00 CHF,,,,,,,,,,4.37%,503.00 CHF,22.00,605.43,446.00,507.50,36%,20%,3.63%,4.93%,4.37%,25.55%,25.55%,0,4.33%,-18.79%,,,,,,,,,,,,
,,,,,,,,,,,,,,,,,,2024,5/21/2024,499.20 CHF,,,,,,,,,,4.41%,499.20 CHF,22.00,605.43,446.00,507.50,33%,21%,3.63%,4.93%,4.41%,26.50%,26.50%,0,4.33%,-19.41%,,,,,,,,,,,,
,,,,,,,,,,,,,,,,,,2024,5/22/2024,497.40 CHF,,,,,,,,,,4.42%,497.40 CHF,22.00,605.43,446.00,507.50,32%,22%,3.63%,4.93%,4.42%,26.96%,26.96%,0,4.33%,-19.70%,,,,,,,,,,,,
,,,,,,,,,,,,,,,,,,2024,5/23/2024,494.00 CHF,,,,,,,,,,4.45%,494.00 CHF,22.00,605.43,446.00,507.50,30%,23%,3.63%,4.93%,4.45%,27.83%,27.83%,0,4.33%,-20.25%,,,,,,,,,,,,
,,,,,,,,,,,,,,,,,,2024,5/24/2024,492.00 CHF,,,,,,,,,,4.47%,492.00 CHF,22.00,605.43,446.00,507.50,29%,23%,3.63%,4.93%,4.47%,28.35%,28.35%,0,4.33%,-20.57%,,,,,,,,,,,,
,,,,,,,,,,,,,,,,,,2024,5/27/2024,491.20 CHF,,,,,,,,,,4.48%,491.20 CHF,22.00,605.43,446.00,507.50,28%,23%,3.63%,4.93%,4.48%,28.56%,28.56%,0,4.33%,-20.70%,,,,,,,,,,,,
,,,,,,,,,,,,,,,,,,2024,5/28/2024,491.80 CHF,,,,,,,,,,4.47%,491.80 CHF,22.00,605.43,446.00,507.50,29%,23%,3.63%,4.93%,4.47%,28.41%,28.41%,0,4.33%,-20.60%,,,,,,,,,,,,
,,,,,,,,,,,,,,,,,,2024,5/29/2024,489.80 CHF,,,,,,,,,,4.49%,489.80 CHF,22.00,605.43,446.00,507.50,27%,24%,3.63%,4.93%,4.49%,28.93%,28.93%,0,4.33%,-20.92%,,,,,,,,,,,,
,,,,,,,,,,,,,,,,,,2024,5/30/2024,490.40 CHF,,,,,,,,,,4.49%,490.40 CHF,22.00,605.43,446.00,507.50,28%,23%,3.63%,4.93%,4.49%,28.77%,28.77%,0,4.33%,-20.83%,,,,,,,,,,,,
,,,,,,,,,,,,,,,,,,2024,5/31/2024,498.20 CHF,,,,,,,,,,4.42%,498.20 CHF,22.00,605.43,446.00,507.50,33%,22%,3.63%,4.93%,4.42%,26.76%,26.76%,0,4.33%,-19.57%,,,,,,,,,,,,
,,,,,,,,,,,,,,,,,,2024,6/3/2024,500.00 CHF,,,,,,,,,,4.40%,500.00 CHF,22.00,605.43,446.00,507.50,34%,21%,3.63%,4.93%,4.40%,26.30%,26.30%,0,4.33%,-19.28%,,,,,,,,,,,,
,,,,,,,,,,,,,,,,,,2024,6/4/2024,502.50 CHF,,,,,,,,,,4.38%,502.50 CHF,22.00,605.43,446.00,507.50,35%,20%,3.63%,4.93%,4.38%,25.67%,25.67%,0,4.33%,-18.87%,,,,,,,,,,,,
,,,,,,,,,,,,,,,,,,2024,6/5/2024,507.00 CHF,,,,,,,,,,4.34%,507.00 CHF,22.00,605.43,446.00,507.50,38%,19%,3.63%,4.93%,4.34%,24.56%,24.56%,0,4.33%,-18.15%,,,,,,,,,,,,
,,,,,,,,,,,,,,,,,,2024,6/6/2024,507.50 CHF,,,,,,,,,,4.33%,507.50 CHF,22.00,605.43,446.00,507.50,39%,19%,3.63%,4.93%,4.33%,24.43%,24.43%,0,4.33%,-18.07%,,,,,,,,,,,,
,,,,,,,,,,,,,,,,,,2024,6/7/2024,503.50 CHF,,,,,,,,,,4.37%,503.50 CHF,22.00,605.43,446.00,507.50,36%,20%,3.63%,4.93%,4.37%,25.42%,25.42%,0,4.33%,-18.71%,,,,,,,,,,,,
,,,,,,,,,,,,,,,,,,2024,6/10/2024,502.00 CHF,,,,,,,,,,4.38%,502.00 CHF,22.00,605.43,446.00,507.50,35%,21%,3.63%,4.93%,4.38%,25.80%,25.80%,0,4.33%,-18.95%,,,,,,,,,,,,
,,,,,,,,,,,,,,,,,,2024,6/11/2024,499.00 CHF,,,,,,,,,,4.41%,499.00 CHF,22.00,605.43,446.00,507.50,33%,21%,3.63%,4.93%,4.41%,26.55%,26.55%,0,4.33%,-19.44%,,,,,,,,,,,,
,,,,,,,,,,,,,,,,,,2024,6/12/2024,492.60 CHF,,,,,,,,,,4.47%,492.60 CHF,22.00,605.43,446.00,507.50,29%,23%,3.63%,4.93%,4.47%,28.20%,28.20%,0,4.33%,-20.47%,,,,,,,,,,,,
,,,,,,,,,,,,,,,,,,2024,6/13/2024,495.80 CHF,,,,,,,,,,4.44%,495.80 CHF,22.00,605.43,446.00,507.50,31%,22%,3.63%,4.93%,4.44%,27.37%,27.37%,0,4.33%,-19.95%,,,,,,,,,,,,
,,,,,,,,,,,,,,,,,,2024,6/14/2024,496.00 CHF,,,,,,,,,,4.44%,496.00 CHF,22.00,605.43,446.00,507.50,31%,22%,3.63%,4.93%,4.44%,27.32%,27.32%,0,4.33%,-19.92%,,,,,,,,,,,,
,,,,,,,,,,,,,,,,,,2024,6/17/2024,496.00 CHF,,,,,,,,,,4.44%,496.00 CHF,22.00,605.43,446.00,507.50,31%,22%,3.63%,4.93%,4.44%,27.32%,27.32%,0,4.33%,-19.92%,,,,,,,,,,,,
,,,,,,,,,,,,,,,,,,2024,6/18/2024,496.40 CHF,,,,,,,,,,4.43%,496.40 CHF,22.00,605.43,446.00,507.50,32%,22%,3.63%,4.93%,4.43%,27.22%,27.22%,0,4.33%,-19.86%,,,,,,,,,,,,
,,,,,,,,,,,,,,,,,,2024,6/19/2024,498.40 CHF,,,,,,,,,,4.41%,498.40 CHF,22.00,605.43,446.00,507.50,33%,21%,3.63%,4.93%,4.41%,26.71%,26.71%,0,4.33%,-19.54%,,,,,,,,,,,,
,,,,,,,,,,,,,,,,,,2024,6/20/2024,501.00 CHF,,,,,,,,,,4.39%,501.00 CHF,22.00,605.43,446.00,507.50,34%,21%,3.63%,4.93%,4.39%,26.05%,26.05%,0,4.33%,-19.12%,,,,,,,,,,,,
,,,,,,,,,,,,,,,,,,2024,6/21/2024,500.00 CHF,,,,,,,,,,4.40%,500.00 CHF,22.00,605.43,446.00,507.50,34%,21%,3.63%,4.93%,4.40%,26.30%,26.30%,0,4.33%,-19.28%,,,,,,,,,,,,
,,,,,,,,,,,,,,,,,,2024,6/24/2024,506.50 CHF,,,,,,,,,,4.34%,506.50 CHF,22.00,605.43,446.00,507.50,38%,20%,3.63%,4.93%,4.34%,24.68%,24.68%,0,4.33%,-18.23%,,,,,,,,,,,,
,,,,,,,,,,,,,,,,,,2024,6/25/2024,505.50 CHF,,,,,,,,,,4.35%,505.50 CHF,22.00,605.43,446.00,507.50,37%,20%,3.63%,4.93%,4.35%,24.93%,24.93%,0,4.33%,-18.39%,,,,,,,,,,,,
,,,,,,,,,,,,,,,,,,2024,6/26/2024,502.50 CHF,,,,,,,,,,4.38%,502.50 CHF,22.00,605.43,446.00,507.50,35%,20%,3.63%,4.93%,4.38%,25.67%,25.67%,0,4.33%,-18.87%,,,,,,,,,,,,
,,,,,,,,,,,,,,,,,,2024,6/27/2024,499.80 CHF,,,,,,,,,,4.40%,499.80 CHF,22.00,605.43,446.00,507.50,34%,21%,3.63%,4.93%,4.40%,26.35%,26.35%,0,4.33%,-19.31%,,,,,,,,,,,,
,,,,,,,,,,,,,,,,,,2024,6/28/2024,505.50 CHF,,,,,,,,,,4.35%,505.50 CHF,22.00,605.43,446.00,507.50,37%,20%,3.63%,4.93%,4.35%,24.93%,24.93%,0,4.33%,-18.39%,,,,,,,,,,,,
,,,,,,,,,,,,,,,,,,2024,7/1/2024,508.50 CHF,,,,,,,,,,4.33%,508.50 CHF,22.00,605.43,446.00,507.50,39%,19%,3.63%,4.93%,4.33%,24.19%,24.19%,0,4.33%,-17.90%,,,,,,,,,,,,
,,,,,,,,,,,,,,,,,,2024,7/2/2024,506.00 CHF,,,,,,,,,,4.35%,506.00 CHF,22.00,605.43,446.00,507.50,38%,20%,3.63%,4.93%,4.35%,24.80%,24.80%,0,4.33%,-18.31%,,,,,,,,,,,,
,,,,,,,,,,,,,,,,,,2024,7/3/2024,509.00 CHF,,,,,,,,,,4.32%,509.00 CHF,22.00,605.43,446.00,507.50,40%,19%,3.63%,4.93%,4.32%,24.07%,24.07%,0,4.33%,-17.82%,,,,,,,,,,,,
,,,,,,,,,,,,,,,,,,2024,7/4/2024,512.00 CHF,,,,,,,,,,4.30%,512.00 CHF,22.00,605.43,446.00,507.50,41%,18%,3.63%,4.93%,4.30%,23.34%,23.34%,0,4.33%,-17.34%,,,,,,,,,,,,
,,,,,,,,,,,,,,,,,,2024,7/5/2024,511.50 CHF,,,,,,,,,,4.30%,511.50 CHF,22.00,605.43,446.00,507.50,41%,18%,3.63%,4.93%,4.30%,23.46%,23.46%,0,4.33%,-17.42%,,,,,,,,,,,,
,,,,,,,,,,,,,,,,,,2024,7/8/2024,512.00 CHF,,,,,,,,,,4.30%,512.00 CHF,22.00,605.43,446.00,507.50,41%,18%,3.63%,4.93%,4.30%,23.34%,23.34%,0,4.33%,-17.34%,,,,,,,,,,,,
,,,,,,,,,,,,,,,,,,2024,7/9/2024,515.50 CHF,,,,,,,,,,4.27%,515.50 CHF,22.00,605.43,446.00,507.50,44%,17%,3.63%,4.93%,4.27%,22.50%,22.50%,0,4.33%,-16.77%,,,,,,,,,,,,
,,,,,,,,,,,,,,,,,,2024,7/10/2024,526.00 CHF,,,,,,,,,,4.18%,526.00 CHF,22.00,605.43,446.00,507.50,50%,15%,3.63%,4.93%,4.18%,20.06%,20.06%,0,4.33%,-15.08%,,,,,,,,,,,,
,,,,,,,,,,,,,,,,,,2024,7/11/2024,525.50 CHF,,,,,,,,,,4.19%,525.50 CHF,22.00,605.43,446.00,507.50,50%,15%,3.63%,4.93%,4.19%,20.17%,20.17%,0,4.33%,-15.16%,,,,,,,,,,,,
,,,,,,,,,,,,,,,,,,2024,7/12/2024,525.50 CHF,,,,,,,,,,4.19%,525.50 CHF,22.00,605.43,446.00,507.50,50%,15%,3.63%,4.93%,4.19%,20.17%,20.17%,0,4.33%,-15.16%,,,,,,,,,,,,
,,,,,,,,,,,,,,,,,,2024,7/15/2024,526.00 CHF,,,,,,,,,,4.18%,526.00 CHF,22.00,605.43,446.00,507.50,50%,15%,3.63%,4.93%,4.18%,20.06%,20.06%,0,4.33%,-15.08%,,,,,,,,,,,,
,,,,,,,,,,,,,,,,,,2024,7/16/2024,526.50 CHF,,,,,,,,,,4.18%,526.50 CHF,22.00,605.43,446.00,507.50,50%,15%,3.63%,4.93%,4.18%,19.94%,19.94%,0,4.33%,-15.00%,,,,,,,,,,,,
,,,,,,,,,,,,,,,,,,2024,7/17/2024,528.50 CHF,,,,,,,,,,4.16%,528.50 CHF,22.00,605.43,446.00,507.50,52%,15%,3.63%,4.93%,4.16%,19.49%,19.49%,0,4.33%,-14.68%,,,,,,,,,,,,
,,,,,,,,,,,,,,,,,,2024,7/18/2024,530.50 CHF,,,,,,,,,,4.15%,530.50 CHF,22.00,605.43,446.00,507.50,53%,14%,3.63%,4.93%,4.15%,19.04%,19.04%,0,4.33%,-14.35%,,,,,,,,,,,,
,,,,,,,,,,,,,,,,,,2024,7/19/2024,531.50 CHF,,,,,,,,,,4.14%,531.50 CHF,22.00,605.43,446.00,507.50,54%,14%,3.63%,4.93%,4.14%,18.81%,18.81%,0,4.33%,-14.19%,,,,,,,,,,,,
,,,,,,,,,,,,,,,,,,2024,7/22/2024,534.00 CHF,,,,,,,,,,4.12%,534.00 CHF,22.00,605.43,446.00,507.50,55%,13%,3.63%,4.93%,4.12%,18.26%,18.26%,0,4.33%,-13.79%,,,,,,,,,,,,
,,,,,,,,,,,,,,,,,,2024,7/23/2024,533.00 CHF,,,,,,,,,,4.13%,533.00 CHF,22.00,605.43,446.00,507.50,55%,14%,3.63%,4.93%,4.13%,18.48%,18.48%,0,4.33%,-13.95%,,,,,,,,,,,,
,,,,,,,,,,,,,,,,,,2024,7/24/2024,532.00 CHF,,,,,,,,,,4.14%,532.00 CHF,22.00,605.43,446.00,507.50,54%,14%,3.63%,4.93%,4.14%,18.70%,18.70%,0,4.33%,-14.11%,,,,,,,,,,,,
,,,,,,,,,,,,,,,,,,2024,7/25/2024,534.50 CHF,,,,,,,,,,4.12%,534.50 CHF,22.00,605.43,446.00,507.50,56%,13%,3.63%,4.93%,4.12%,18.15%,18.15%,0,4.33%,-13.71%,,,,,,,,,,,,
,,,,,,,,,,,,,,,,,,2024,7/26/2024,535.00 CHF,,,,,,,,,,4.11%,535.00 CHF,22.00,605.43,446.00,507.50,56%,13%,3.63%,4.93%,4.11%,18.04%,18.04%,0,4.33%,-13.63%,,,,,,,,,,,,
,,,,,,,,,,,,,,,,,,2024,7/29/2024,536.00 CHF,,,,,,,,,,4.10%,536.00 CHF,22.00,605.43,446.00,507.50,56%,13%,3.63%,4.93%,4.10%,17.82%,17.82%,0,4.33%,-13.46%,,,,,,,,,,,,
,,,,,,,,,,,,,,,,,,2024,7/30/2024,538.50 CHF,,,,,,,,,,4.09%,538.50 CHF,22.00,605.43,446.00,507.50,58%,12%,3.63%,4.93%,4.09%,17.27%,17.27%,0,4.33%,-13.06%,,,,,,,,,,,,
,,,,,,,,,,,,,,,,,,2024,7/31/2024,538.00 CHF,,,,,,,,,,4.09%,538.00 CHF,22.00,605.43,446.00,507.50,58%,13%,3.63%,4.93%,4.09%,17.38%,17.38%,0,4.33%,-13.14%,,,,,,,,,,,,
,,,,,,,,,,,,,,,,,,2024,8/2/2024,529.50 CHF,,,,,,,,,,4.15%,529.50 CHF,22.00,605.43,446.00,507.50,52%,14%,3.63%,4.93%,4.15%,19.26%,19.26%,0,4.33%,-14.51%,,,,,,,,,,,,
,,,,,,,,,,,,,,,,,,2024,8/5/2024,518.00 CHF,,,,,,,,,,4.25%,518.00 CHF,22.00,605.43,446.00,507.50,45%,17%,3.63%,4.93%,4.25%,21.91%,21.91%,0,4.33%,-16.37%,,,,,,,,,,,,
,,,,,,,,,,,,,,,,,,2024,8/6/2024,515.50 CHF,,,,,,,,,,4.27%,515.50 CHF,22.00,605.43,446.00,507.50,44%,17%,3.63%,4.93%,4.27%,22.50%,22.50%,0,4.33%,-16.77%,,,,,,,,,,,,
,,,,,,,,,,,,,,,,,,2024,8/7/2024,521.50 CHF,,,,,,,,,,4.22%,521.50 CHF,22.00,605.43,446.00,507.50,47%,16%,3.63%,4.93%,4.22%,21.09%,21.09%,0,4.33%,-15.81%,,,,,,,,,,,,
,,,,,,,,,,,,,,,,,,2024,8/8/2024,521.00 CHF,,,,,,,,,,4.22%,521.00 CHF,22.00,605.43,446.00,507.50,47%,16%,3.63%,4.93%,4.22%,21.21%,21.21%,0,4.33%,-15.89%,,,,,,,,,,,,
,,,,,,,,,,,,,,,,,,2024,8/9/2024,522.50 CHF,,,,,,,,,,4.21%,522.50 CHF,22.00,605.43,446.00,507.50,48%,16%,3.63%,4.93%,4.21%,20.86%,20.86%,0,4.33%,-15.64%,,,,,,,,,,,,
,,,,,,,,,,,,,,,,,,2024,8/12/2024,525.00 CHF,,,,,,,,,,4.19%,525.00 CHF,22.00,605.43,446.00,507.50,50%,15%,3.63%,4.93%,4.19%,20.29%,20.29%,0,4.33%,-15.24%,,,,,,,,,,,,
,,,,,,,,,,,,,,,,,,2024,8/13/2024,526.50 CHF,,,,,,,,,,4.18%,526.50 CHF,22.00,605.43,446.00,507.50,50%,15%,3.63%,4.93%,4.18%,19.94%,19.94%,0,4.33%,-15.00%,,,,,,,,,,,,
,,,,,,,,,,,,,,,,,,2024,8/14/2024,532.50 CHF,,,,,,,,,,4.13%,532.50 CHF,22.00,605.43,446.00,507.50,54%,14%,3.63%,4.93%,4.13%,18.59%,18.59%,0,4.33%,-14.03%,,,,,,,,,,,,
,,,,,,,,,,,,,,,,,,2024,8/15/2024,528.50 CHF,,,,,,,,,,4.16%,528.50 CHF,22.00,605.43,446.00,507.50,52%,15%,3.63%,4.93%,4.16%,19.49%,19.49%,0,4.33%,-14.68%,,,,,,,,,,,,
,,,,,,,,,,,,,,,,,,2024,8/16/2024,530.50 CHF,,,,,,,,,,4.15%,530.50 CHF,22.00,605.43,446.00,507.50,53%,14%,3.63%,4.93%,4.15%,19.04%,19.04%,0,4.33%,-14.35%,,,,,,,,,,,,
,,,,,,,,,,,,,,,,,,2024,8/19/2024,532.00 CHF,,,,,,,,,,4.14%,532.00 CHF,22.00,605.43,446.00,507.50,54%,14%,3.63%,4.93%,4.14%,18.70%,18.70%,0,4.33%,-14.11%,,,,,,,,,,,,
,,,,,,,,,,,,,,,,,,2024,8/20/2024,530.50 CHF,,,,,,,,,,4.15%,530.50 CHF,22.00,605.43,446.00,507.50,53%,14%,3.63%,4.93%,4.15%,19.04%,19.04%,0,4.33%,-14.35%,,,,,,,,,,,,
,,,,,,,,,,,,,,,,,,2024,8/21/2024,530.00 CHF,,,,,,,,,,4.15%,530.00 CHF,22.00,605.43,446.00,507.50,53%,14%,3.63%,4.93%,4.15%,19.15%,19.15%,0,4.33%,-14.43%,,,,,,,,,,,,
,,,,,,,,,,,,,,,,,,2024,8/22/2024,530.50 CHF,,,,,,,,,,4.15%,530.50 CHF,22.00,605.43,446.00,507.50,53%,14%,3.63%,4.93%,4.15%,19.04%,19.04%,0,4.33%,-14.35%,,,,,,,,,,,,
,,,,,,,,,,,,,,,,,,2024,8/23/2024,534.00 CHF,,,,,,,,,,4.12%,534.00 CHF,22.00,605.43,446.00,507.50,55%,13%,3.63%,4.93%,4.12%,18.26%,18.26%,0,4.33%,-13.79%,,,,,,,,,,,,
,,,,,,,,,,,,,,,,,,2024,8/26/2024,536.50 CHF,,,,,,,,,,4.10%,536.50 CHF,22.00,605.43,446.00,507.50,57%,13%,3.63%,4.93%,4.10%,17.71%,17.71%,0,4.33%,-13.38%,,,,,,,,,,,,
,,,,,,,,,,,,,,,,,,2024,8/27/2024,535.50 CHF,,,,,,,,,,4.11%,535.50 CHF,22.00,605.43,446.00,507.50,56%,13%,3.63%,4.93%,4.11%,17.93%,17.93%,0,4.33%,-13.55%,,,,,,,,,,,,
,,,,,,,,,,,,,,,,,,2024,8/28/2024,538.00 CHF,,,,,,,,,,4.09%,538.00 CHF,22.00,605.43,446.00,507.50,58%,13%,3.63%,4.93%,4.09%,17.38%,17.38%,0,4.33%,-13.14%,,,,,,,,,,,,
,,,,,,,,,,,,,,,,,,2024,8/29/2024,534.00 CHF,,,,,,,,,,4.12%,534.00 CHF,22.00,605.43,446.00,507.50,55%,13%,3.63%,4.93%,4.12%,18.26%,18.26%,0,4.33%,-13.79%,,,,,,,,,,,,
,,,,,,,,,,,,,,,,,,2024,8/30/2024,536.50 CHF,,,,,,,,,,4.10%,536.50 CHF,22.00,605.43,446.00,507.50,57%,13%,3.63%,4.93%,4.10%,17.71%,17.71%,0,4.33%,-13.38%,,,,,,,,,,,,
,,,,,,,,,,,,,,,,,,2024,9/2/2024,543.00 CHF,,,,,,,,,,4.05%,543.00 CHF,22.00,605.43,446.00,507.50,61%,11%,3.63%,4.93%,4.05%,16.30%,16.30%,0,4.33%,-12.33%,,,,,,,,,,,,
,,,,,,,,,,,,,,,,,,2024,9/3/2024,545.00 CHF,,,,,,,,,,4.04%,545.00 CHF,22.00,605.43,446.00,507.50,62%,11%,3.63%,4.93%,4.04%,15.87%,15.87%,0,4.33%,-12.01%,,,,,,,,,,,,
,,,,,,,,,,,,,,,,,,2024,9/4/2024,545.00 CHF,,,,,,,,,,4.04%,545.00 CHF,22.00,605.43,446.00,507.50,62%,11%,3.63%,4.93%,4.04%,15.87%,15.87%,0,4.33%,-12.01%,,,,,,,,,,,,
,,,,,,,,,,,,,,,,,,2024,9/5/2024,550.00 CHF,,,,,,,,,,4.00%,550.00 CHF,22.00,605.43,446.00,507.50,65%,10%,3.63%,4.93%,4.00%,14.82%,14.82%,0,4.33%,-11.20%,,,,,,,,,,,,
,,,,,,,,,,,,,,,,,,2024,9/6/2024,548.50 CHF,,,,,,,,,,4.01%,548.50 CHF,22.00,605.43,446.00,507.50,64%,10%,3.63%,4.93%,4.01%,15.13%,15.13%,0,4.33%,-11.45%,,,,,,,,,,,,
,,,,,,,,,,,,,,,,,,2024,9/9/2024,550.50 CHF,,,,,,,,,,4.00%,550.50 CHF,22.00,605.43,446.00,507.50,66%,10%,3.63%,4.93%,4.00%,14.71%,14.71%,0,4.33%,-11.12%,,,,,,,,,,,,
,,,,,,,,,,,,,,,,,,2024,9/10/2024,547.00 CHF,,,,,,,,,,4.02%,547.00 CHF,22.00,605.43,446.00,507.50,63%,11%,3.63%,4.93%,4.02%,15.45%,15.45%,0,4.33%,-11.69%,,,,,,,,,,,,
,,,,,,,,,,,,,,,,,,2024,9/11/2024,547.00 CHF,,,,,,,,,,4.02%,547.00 CHF,22.00,605.43,446.00,507.50,63%,11%,3.63%,4.93%,4.02%,15.45%,15.45%,0,4.33%,-11.69%,,,,,,,,,,,,
,,,,,,,,,,,,,,,,,,2024,9/12/2024,548.00 CHF,,,,,,,,,,4.01%,548.00 CHF,22.00,605.43,446.00,507.50,64%,10%,3.63%,4.93%,4.01%,15.24%,15.24%,0,4.33%,-11.53%,,,,,,,,,,,,
,,,,,,,,,,,,,,,,,,2024,9/13/2024,551.50 CHF,,,,,,,,,,3.99%,551.50 CHF,22.00,605.43,446.00,507.50,66%,10%,3.63%,4.93%,3.99%,14.51%,14.51%,0,4.33%,-10.96%,,,,,,,,,,,,
,,,,,,,,,,,,,,,,,,2024,9/16/2024,552.00 CHF,,,,,,,,,,3.99%,552.00 CHF,22.00,605.43,446.00,507.50,66%,10%,3.63%,4.93%,3.99%,14.40%,14.40%,0,4.33%,-10.88%,,,,,,,,,,,,
,,,,,,,,,,,,,,,,,,2024,9/17/2024,550.00 CHF,,,,,,,,,,4.00%,550.00 CHF,22.00,605.43,446.00,507.50,65%,10%,3.63%,4.93%,4.00%,14.82%,14.82%,0,4.33%,-11.20%,,,,,,,,,,,,
,,,,,,,,,,,,,,,,,,2024,9/18/2024,549.50 CHF,,,,,,,,,,4.00%,549.50 CHF,22.00,605.43,446.00,507.50,65%,10%,3.63%,4.93%,4.00%,14.92%,14.92%,0,4.33%,-11.29%,,,,,,,,,,,,
,,,,,,,,,,,,,,,,,,2024,9/19/2024,542.50 CHF,,,,,,,,,,4.06%,542.50 CHF,22.00,605.43,446.00,507.50,61%,12%,3.63%,4.93%,4.06%,16.41%,16.41%,0,4.33%,-12.42%,,,,,,,,,,,,
,,,,,,,,,,,,,,,,,,2024,9/20/2024,547.50 CHF,,,,,,,,,,4.02%,547.50 CHF,22.00,605.43,446.00,507.50,64%,11%,3.63%,4.93%,4.02%,15.34%,15.34%,0,4.33%,-11.61%,,,,,,,,,,,,
,,,,,,,,,,,,,,,,,,2024,9/23/2024,549.00 CHF,,,,,,,,,,4.01%,549.00 CHF,22.00,605.43,446.00,507.50,65%,10%,3.63%,4.93%,4.01%,15.03%,15.03%,0,4.33%,-11.37%,,,,,,,,,,,,
,,,,,,,,,,,,,,,,,,2024,9/24/2024,551.00 CHF,,,,,,,,,,3.99%,551.00 CHF,22.00,605.43,446.00,507.50,66%,10%,3.63%,4.93%,3.99%,14.61%,14.61%,0,4.33%,-11.04%,,,,,,,,,,,,
,,,,,,,,,,,,,,,,,,2024,9/25/2024,556.00 CHF,,,,,,,,,,3.96%,556.00 CHF,22.00,605.43,446.00,507.50,69%,9%,3.63%,4.93%,3.96%,13.58%,13.58%,0,4.33%,-10.24%,,,,,,,,,,,,
,,,,,,,,,,,,,,,,,,2024,9/26/2024,554.00 CHF,,,,,,,,,,3.97%,554.00 CHF,22.00,605.43,446.00,507.50,68%,9%,3.63%,4.93%,3.97%,13.99%,13.99%,0,4.33%,-10.56%,,,,,,,,,,,,
,,,,,,,,,,,,,,,,,,2024,9/27/2024,552.50 CHF,,,,,,,,,,3.98%,552.50 CHF,22.00,605.43,446.00,507.50,67%,10%,3.63%,4.93%,3.98%,14.30%,14.30%,0,4.33%,-10.80%,,,,,,,,,,,,
,,,,,,,,,,,,,,,,,,2024,9/30/2024,552.50 CHF,,,,,,,,,,3.98%,552.50 CHF,22.00,605.43,446.00,507.50,67%,10%,3.63%,4.93%,3.98%,14.30%,14.30%,0,4.33%,-10.80%,,,,,,,,,,,,
,,,,,,,,,,,,,,,,,,2024,10/1/2024,555.50 CHF,,,,,,,,,,3.96%,555.50 CHF,22.00,605.43,446.00,507.50,69%,9%,3.63%,4.93%,3.96%,13.68%,13.68%,0,4.33%,-10.32%,,,,,,,,,,,,
,,,,,,,,,,,,,,,,,,2024,10/2/2024,551.50 CHF,,,,,,,,,,3.99%,551.50 CHF,22.00,605.43,446.00,507.50,66%,10%,3.63%,4.93%,3.99%,14.51%,14.51%,0,4.33%,-10.96%,,,,,,,,,,,,
,,,,,,,,,,,,,,,,,,2024,10/3/2024,547.50 CHF,,,,,,,,,,4.02%,547.50 CHF,22.00,605.43,446.00,507.50,64%,11%,3.63%,4.93%,4.02%,15.34%,15.34%,0,4.33%,-11.61%,,,,,,,,,,,,
,,,,,,,,,,,,,,,,,,2024,10/4/2024,545.50 CHF,,,,,,,,,,4.03%,545.50 CHF,22.00,605.43,446.00,507.50,62%,11%,3.63%,4.93%,4.03%,15.77%,15.77%,0,4.33%,-11.93%,,,,,,,,,,,,
,,,,,,,,,,,,,,,,,,2024,10/7/2024,547.50 CHF,,,,,,,,,,4.02%,547.50 CHF,22.00,605.43,446.00,507.50,64%,11%,3.63%,4.93%,4.02%,15.34%,15.34%,0,4.33%,-11.61%,,,,,,,,,,,,
,,,,,,,,,,,,,,,,,,2024,10/8/2024,552.00 CHF,,,,,,,,,,3.99%,552.00 CHF,22.00,605.43,446.00,507.50,66%,10%,3.63%,4.93%,3.99%,14.40%,14.40%,0,4.33%,-10.88%,,,,,,,,,,,,
,,,,,,,,,,,,,,,,,,2024,10/9/2024,555.00 CHF,,,,,,,,,,3.96%,555.00 CHF,22.00,605.43,446.00,507.50,68%,9%,3.63%,4.93%,3.96%,13.78%,13.78%,0,4.33%,-10.40%,,,,,,,,,,,,
,,,,,,,,,,,,,,,,,,2024,10/10/2024,554.00 CHF,,,,,,,,,,3.97%,554.00 CHF,22.00,605.43,446.00,507.50,68%,9%,3.63%,4.93%,3.97%,13.99%,13.99%,0,4.33%,-10.56%,,,,,,,,,,,,
,,,,,,,,,,,,,,,,,,2024,10/11/2024,553.00 CHF,,,,,,,,,,3.98%,553.00 CHF,22.00,605.43,446.00,507.50,67%,9%,3.63%,4.93%,3.98%,14.20%,14.20%,0,4.33%,-10.72%,,,,,,,,,,,,
,,,,,,,,,,,,,,,,,,2024,10/14/2024,557.00 CHF,,,,,,,,,,3.95%,557.00 CHF,22.00,605.43,446.00,507.50,70%,9%,3.63%,4.93%,3.95%,13.38%,13.38%,0,4.33%,-10.07%,,,,,,,,,,,,
,,,,,,,,,,,,,,,,,,2024,10/15/2024,562.50 CHF,,,,,,,,,,3.91%,562.50 CHF,22.00,605.43,446.00,507.50,73%,8%,3.63%,4.93%,3.91%,12.27%,12.27%,0,4.33%,-9.19%,,,,,,,,,,,,
,,,,,,,,,,,,,,,,,,2024,10/16/2024,566.00 CHF,,,,,,,,,,3.89%,566.00 CHF,22.00,605.43,446.00,507.50,75%,7%,3.63%,4.93%,3.89%,11.57%,11.57%,0,4.33%,-8.62%,,,,,,,,,,,,
,,,,,,,,,,,,,,,,,,2024,10/17/2024,564.50 CHF,,,,,,,,,,3.90%,564.50 CHF,22.00,605.43,446.00,507.50,74%,7%,3.63%,4.93%,3.90%,11.87%,11.87%,0,4.33%,-8.86%,,,,,,,,,,,,
,,,,,,,,,,,,,,,,,,2024,10/18/2024,565.50 CHF,,,,,,,,,,3.89%,565.50 CHF,22.00,605.43,446.00,507.50,75%,7%,3.63%,4.93%,3.89%,11.67%,11.67%,0,4.33%,-8.70%,,,,,,,,,,,,
,,,,,,,,,,,,,,,,,,2024,10/21/2024,562.50 CHF,,,,,,,,,,3.91%,562.50 CHF,22.00,605.43,446.00,507.50,73%,8%,3.63%,4.93%,3.91%,12.27%,12.27%,0,4.33%,-9.19%,,,,,,,,,,,,
,,,,,,,,,,,,,,,,,,2024,10/22/2024,558.00 CHF,,,,,,,,,,3.94%,558.00 CHF,22.00,605.43,446.00,507.50,70%,9%,3.63%,4.93%,3.94%,13.17%,13.17%,0,4.33%,-9.91%,,,,,,,,,,,,
,,,,,,,,,,,,,,,,,,2024,10/23/2024,560.50 CHF,,,,,,,,,,3.93%,560.50 CHF,22.00,605.43,446.00,507.50,72%,8%,3.63%,4.93%,3.93%,12.67%,12.67%,0,4.33%,-9.51%,,,,,,,,,,,,
,,,,,,,,,,,,,,,,,,2024,10/24/2024,559.00 CHF,,,,,,,,,,3.94%,559.00 CHF,22.00,605.43,446.00,507.50,71%,8%,3.63%,4.93%,3.94%,12.97%,12.97%,0,4.33%,-9.75%,,,,,,,,,,,,
,,,,,,,,,,,,,,,,,,2024,10/25/2024,559.00 CHF,,,,,,,,,,3.94%,559.00 CHF,22.00,605.43,446.00,507.50,71%,8%,3.63%,4.93%,3.94%,12.97%,12.97%,0,4.33%,-9.75%,,,,,,,,,,,,
,,,,,,,,,,,,,,,,,,2024,10/28/2024,560.00 CHF,,,,,,,,,,3.93%,560.00 CHF,22.00,605.43,446.00,507.50,72%,8%,3.63%,4.93%,3.93%,12.77%,12.77%,0,4.33%,-9.59%,,,,,,,,,,,,
,,,,,,,,,,,,,,,,,,2024,10/29/2024,557.50 CHF,,,,,,,,,,3.95%,557.50 CHF,22.00,605.43,446.00,507.50,70%,9%,3.63%,4.93%,3.95%,13.27%,13.27%,0,4.33%,-9.99%,,,,,,,,,,,,
,,,,,,,,,,,,,,,,,,2024,10/30/2024,554.00 CHF,,,,,,,,,,3.97%,554.00 CHF,22.00,605.43,446.00,507.50,68%,9%,3.63%,4.93%,3.97%,13.99%,13.99%,0,4.33%,-10.56%,,,,,,,,,,,,
,,,,,,,,,,,,,,,,,,2024,10/31/2024,526.00 CHF,,,,,,,,,,4.18%,526.00 CHF,22.00,605.43,446.00,507.50,50%,15%,3.63%,4.93%,4.18%,20.06%,20.06%,0,4.33%,-15.08%,,,,,,,,,,,,
,,,,,,,,,,,,,,,,,,2024,11/1/2024,532.50 CHF,,,,,,,,,,4.13%,532.50 CHF,22.00,605.43,446.00,507.50,54%,14%,3.63%,4.93%,4.13%,18.59%,18.59%,0,4.33%,-14.03%,,,,,,,,,,,,
,,,,,,,,,,,,,,,,,,2024,11/4/2024,534.50 CHF,,,,,,,,,,4.12%,534.50 CHF,22.00,605.43,446.00,507.50,56%,13%,3.63%,4.93%,4.12%,18.15%,18.15%,0,4.33%,-13.71%,,,,,,,,,,,,
,,,,,,,,,,,,,,,,,,2024,11/5/2024,529.00 CHF,,,,,,,,,,4.16%,529.00 CHF,22.00,605.43,446.00,507.50,52%,14%,3.63%,4.93%,4.16%,19.38%,19.38%,0,4.33%,-14.59%,,,,,,,,,,,,
,,,,,,,,,,,,,,,,,,2024,11/6/2024,524.00 CHF,,,,,,,,,,4.20%,524.00 CHF,22.00,605.43,446.00,507.50,49%,16%,3.63%,4.93%,4.20%,20.52%,20.52%,0,4.33%,-15.40%,,,,,,,,,,,,
,,,,,,,,,,,,,,,,,,2024,11/7/2024,523.50 CHF,,,,,,,,,,4.20%,523.50 CHF,22.00,605.43,446.00,507.50,49%,16%,3.63%,4.93%,4.20%,20.63%,20.63%,0,4.33%,-15.48%,,,,,,,,,,,,
,,,,,,,,,,,,,,,,,,2024,11/8/2024,519.00 CHF,,,,,,,,,,4.24%,519.00 CHF,22.00,605.43,446.00,507.50,46%,17%,3.63%,4.93%,4.24%,21.68%,21.68%,0,4.33%,-16.21%,,,,,,,,,,,,
,,,,,,,,,,,,,,,,,,2024,11/11/2024,521.50 CHF,,,,,,,,,,4.22%,521.50 CHF,22.00,605.43,446.00,507.50,47%,16%,3.63%,4.93%,4.22%,21.09%,21.09%,0,4.33%,-15.81%,,,,,,,,,,,,
,,,,,,,,,,,,,,,,,,2024,11/12/2024,513.00 CHF,,,,,,,,,,4.29%,513.00 CHF,22.00,605.43,446.00,507.50,42%,18%,3.63%,4.93%,4.29%,23.10%,23.10%,0,4.33%,-17.18%,,,,,,,,,,,,
,,,,,,,,,,,,,,,,,,2024,11/13/2024,513.50 CHF,,,,,,,,,,4.28%,513.50 CHF,22.00,605.43,446.00,507.50,42%,18%,3.63%,4.93%,4.28%,22.98%,22.98%,0,4.33%,-17.10%,,,,,,,,,,,,
,,,,,,,,,,,,,,,,,,2024,11/14/2024,516.50 CHF,,,,,,,,,,4.26%,516.50 CHF,22.00,605.43,446.00,507.50,44%,17%,3.63%,4.93%,4.26%,22.27%,22.27%,0,4.33%,-16.61%,,,,,,,,,,,,
,,,,,,,,,,,,,,,,,,2024,11/15/2024,512.50 CHF,,,,,,,,,,4.29%,512.50 CHF,22.00,605.43,446.00,507.50,42%,18%,3.63%,4.93%,4.29%,23.22%,23.22%,0,4.33%,-17.26%,,,,,,,,,,,,
,,,,,,,,,,,,,,,,,,2024,11/18/2024,512.50 CHF,,,,,,,,,,4.29%,512.50 CHF,22.00,605.43,446.00,507.50,42%,18%,3.63%,4.93%,4.29%,23.22%,23.22%,0,4.33%,-17.26%,,,,,,,,,,,,
,,,,,,,,,,,,,,,,,,2024,11/19/2024,508.50 CHF,,,,,,,,,,4.33%,508.50 CHF,22.00,605.43,446.00,507.50,39%,19%,3.63%,4.93%,4.33%,24.19%,24.19%,0,4.33%,-17.90%,,,,,,,,,,,,
,,,,,,,,,,,,,,,,,,2024,11/20/2024,508.00 CHF,,,,,,,,,,4.33%,508.00 CHF,22.00,605.43,446.00,507.50,39%,19%,3.63%,4.93%,4.33%,24.31%,24.31%,0,4.33%,-17.99%,,,,,,,,,,,,
,,,,,,,,,,,,,,,,,,2024,11/21/2024,505.50 CHF,,,,,,,,,,4.35%,505.50 CHF,22.00,605.43,446.00,507.50,37%,20%,3.63%,4.93%,4.35%,24.93%,24.93%,0,4.33%,-18.39%,,,,,,,,,,,,
,,,,,,,,,,,,,,,,,,2024,11/22/2024,509.50 CHF,,,,,,,,,,4.32%,509.50 CHF,22.00,605.43,446.00,507.50,40%,19%,3.63%,4.93%,4.32%,23.95%,23.95%,0,4.33%,-17.74%,,,,,,,,,,,,
,,,,,,,,,,,,,,,,,,2024,11/25/2024,509.00 CHF,,,,,,,,,,4.32%,509.00 CHF,22.00,605.43,446.00,507.50,40%,19%,3.63%,4.93%,4.32%,24.07%,24.07%,0,4.33%,-17.82%,,,,,,,,,,,,
,,,,,,,,,,,,,,,,,,2024,11/26/2024,504.00 CHF,,,,,,,,,,4.37%,504.00 CHF,22.00,605.43,446.00,507.50,36%,20%,3.63%,4.93%,4.37%,25.30%,25.30%,0,4.33%,-18.63%,,,,,,,,,,,,
,,,,,,,,,,,,,,,,,,2024,11/27/2024,506.50 CHF,,,,,,,,,,4.34%,506.50 CHF,22.00,605.43,446.00,507.50,38%,20%,3.63%,4.93%,4.34%,24.68%,24.68%,0,4.33%,-18.23%,,,,,,,,,,,,
,,,,,,,,,,,,,,,,,,2024,11/28/2024,510.00 CHF,,,,,,,,,,4.31%,510.00 CHF,22.00,605.43,446.00,507.50,40%,19%,3.63%,4.93%,4.31%,23.82%,23.82%,0,4.33%,-17.66%,,,,,,,,,,,,
,,,,,,,,,,,,,,,,,,2024,11/29/2024,508.50 CHF,,,,,,,,,,4.33%,508.50 CHF,22.00,605.43,446.00,507.50,39%,19%,3.63%,4.93%,4.33%,24.19%,24.19%,0,4.33%,-17.90%,,,,,,,,,,,,
,,,,,,,,,,,,,,,,,,2024,12/2/2024,507.00 CHF,,,,,,,,,,4.34%,507.00 CHF,22.00,605.43,446.00,507.50,38%,19%,3.63%,4.93%,4.34%,24.56%,24.56%,0,4.33%,-18.15%,,,,,,,,,,,,
,,,,,,,,,,,,,,,,,,2024,12/3/2024,508.50 CHF,,,,,,,,,,4.33%,508.50 CHF,22.00,605.43,446.00,507.50,39%,19%,3.63%,4.93%,4.33%,24.19%,24.19%,0,4.33%,-17.90%,,,,,,,,,,,,
,,,,,,,,,,,,,,,,,,2024,12/4/2024,506.50 CHF,,,,,,,,,,4.34%,506.50 CHF,22.00,605.43,446.00,507.50,38%,20%,3.63%,4.93%,4.34%,24.68%,24.68%,0,4.33%,-18.23%,,,,,,,,,,,,
,,,,,,,,,,,,,,,,,,2024,12/5/2024,510.50 CHF,,,,,,,,,,4.31%,510.50 CHF,22.00,605.43,446.00,507.50,40%,19%,3.63%,4.93%,4.31%,23.70%,23.70%,0,4.33%,-17.58%,,,,,,,,,,,,
,,,,,,,,,,,,,,,,,,2024,12/6/2024,510.50 CHF,,,,,,,,,,4.31%,510.50 CHF,22.00,605.43,446.00,507.50,40%,19%,3.63%,4.93%,4.31%,23.70%,23.70%,0,4.33%,-17.58%,,,,,,,,,,,,
,,,,,,,,,,,,,,,,,,2024,12/9/2024,508.00 CHF,,,,,,,,,,4.33%,508.00 CHF,22.00,605.43,446.00,507.50,39%,19%,3.63%,4.93%,4.33%,24.31%,24.31%,0,4.33%,-17.99%,,,,,,,,,,,,
,,,,,,,,,,,,,,,,,,2024,12/10/2024,504.00 CHF,,,,,,,,,,4.37%,504.00 CHF,22.00,605.43,446.00,507.50,36%,20%,3.63%,4.93%,4.37%,25.30%,25.30%,0,4.33%,-18.63%,,,,,,,,,,,,
,,,,,,,,,,,,,,,,,,2024,12/11/2024,503.50 CHF,,,,,,,,,,4.37%,503.50 CHF,22.00,605.43,446.00,507.50,36%,20%,3.63%,4.93%,4.37%,25.42%,25.42%,0,4.33%,-18.71%,,,,,,,,,,,,
,,,,,,,,,,,,,,,,,,2024,12/12/2024,504.50 CHF,,,,,,,,,,4.36%,504.50 CHF,22.00,605.43,446.00,507.50,37%,20%,3.63%,4.93%,4.36%,25.17%,25.17%,0,4.33%,-18.55%,,,,,,,,,,,,
,,,,,,,,,,,,,,,,,,2024,12/13/2024,505.50 CHF,,,,,,,,,,4.35%,505.50 CHF,22.00,605.43,446.00,507.50,37%,20%,3.63%,4.93%,4.35%,24.93%,24.93%,0,4.33%,-18.39%,,,,,,,,,,,,
,,,,,,,,,,,,,,,,,,2024,12/16/2024,505.50 CHF,,,,,,,,,,4.35%,505.50 CHF,22.00,605.43,446.00,507.50,37%,20%,3.63%,4.93%,4.35%,24.93%,24.93%,0,4.33%,-18.39%,,,,,,,,,,,,
,,,,,,,,,,,,,,,,,,2024,12/17/2024,507.00 CHF,,,,,,,,,,4.34%,507.00 CHF,22.00,605.43,446.00,507.50,38%,19%,3.63%,4.93%,4.34%,24.56%,24.56%,0,4.33%,-18.15%,,,,,,,,,,,,
,,,,,,,,,,,,,,,,,,2024,12/18/2024,503.00 CHF,,,,,,,,,,4.37%,503.00 CHF,22.00,605.43,446.00,507.50,36%,20%,3.63%,4.93%,4.37%,25.55%,25.55%,0,4.33%,-18.79%,,,,,,,,,,,,
,,,,,,,,,,,,,,,,,,2024,12/19/2024,501.50 CHF,,,,,,,,,,4.39%,501.50 CHF,22.00,605.43,446.00,507.50,35%,21%,3.63%,4.93%,4.39%,25.92%,25.92%,0,4.33%,-19.03%,,,,,,,,,,,,
,,,,,,,,,,,,,,,,,,2024,12/20/2024,498.40 CHF,,,,,,,,,,4.41%,498.40 CHF,22.00,605.43,446.00,507.50,33%,21%,3.63%,4.93%,4.41%,26.71%,26.71%,0,4.33%,-19.54%,,,,,,,,,,,,
,,,,,,,,,,,,,,,,,,2024,12/23/2024,501.00 CHF,,,,,,,,,,4.39%,501.00 CHF,22.00,605.43,446.00,507.50,34%,21%,3.63%,4.93%,4.39%,26.05%,26.05%,0,4.33%,-19.12%,,,,,,,,,,,,
,,,,,,,,,,,,,,,,,,2024,12/27/2024,503.00 CHF,,,,,,,,,,4.37%,503.00 CHF,22.00,605.43,446.00,507.50,36%,20%,3.63%,4.93%,4.37%,25.55%,25.55%,0,4.33%,-18.79%,,,,,,,,,,,,
,,,,,,,,,,,,,,,,,,2024,12/30/2024,504.50 CHF,,,,,,,,,,4.36%,504.50 CHF,22.00,605.43,446.00,507.50,37%,20%,3.63%,4.93%,4.36%,25.17%,25.17%,0,4.33%,-18.55%,,,,,,,,,,,,
,,,,,,,,,,,,,,,,,,2025,1/3/2025,504.50 CHF,,,,,,,,,,4.36%,504.50 CHF,22.00,605.43,446.00,507.50,37%,20%,3.63%,4.93%,4.36%,25.17%,25.17%,0,4.33%,-18.55%,,,,,,,,,,,,
,,,,,,,,,,,,,,,,,,2025,1/6/2025,504.00 CHF,,,,,,,,,,4.37%,504.00 CHF,22.00,605.43,446.00,507.50,36%,20%,3.63%,4.93%,4.37%,25.30%,25.30%,0,4.33%,-18.63%,,,,,,,,,,,,
,,,,,,,,,,,,,,,,,,2025,1/7/2025,508.50 CHF,,,,,,,,,,4.33%,508.50 CHF,22.00,605.43,446.00,507.50,39%,19%,3.63%,4.93%,4.33%,24.19%,24.19%,0,4.33%,-17.90%,,,,,,,,,,,,
,,,,,,,,,,,,,,,,,,2025,1/8/2025,508.00 CHF,,,,,,,,,,4.33%,508.00 CHF,22.00,605.43,446.00,507.50,39%,19%,3.63%,4.93%,4.33%,24.31%,24.31%,0,4.33%,-17.99%,,,,,,,,,,,,
,,,,,,,,,,,,,,,,,,2025,1/9/2025,510.50 CHF,,,,,,,,,,4.31%,510.50 CHF,22.00,605.43,446.00,507.50,40%,19%,3.63%,4.93%,4.31%,23.70%,23.70%,0,4.33%,-17.58%,,,,,,,,,,,,
,,,,,,,,,,,,,,,,,,2025,1/10/2025,506.50 CHF,,,,,,,,,,4.34%,506.50 CHF,22.00,605.43,446.00,507.50,38%,20%,3.63%,4.93%,4.34%,24.68%,24.68%,0,4.33%,-18.23%,,,,,,,,,,,,
,,,,,,,,,,,,,,,,,,2025,1/13/2025,507.50 CHF,,,,,,,,,,4.33%,507.50 CHF,22.00,605.43,446.00,507.50,39%,19%,3.63%,4.93%,4.33%,24.43%,24.43%,0,4.33%,-18.07%,,,,,,,,,,,,
,,,,,,,,,,,,,,,,,,2025,1/14/2025,507.50 CHF,,,,,,,,,,4.33%,507.50 CHF,22.00,605.43,446.00,507.50,39%,19%,3.63%,4.93%,4.33%,24.43%,24.43%,0,4.33%,-18.07%,,,,,,,,,,,,
,,,,,,,,,,,,,,,,,,2025,1/15/2025,509.00 CHF,,,,,,,,,,4.32%,509.00 CHF,22.00,605.43,446.00,507.50,40%,19%,3.63%,4.93%,4.32%,24.07%,24.07%,0,4.33%,-17.82%,,,,,,,,,,,,
,,,,,,,,,,,,,,,,,,2025,1/16/2025,512.00 CHF,,,,,,,,,,4.30%,512.00 CHF,22.00,605.43,446.00,507.50,41%,18%,3.63%,4.93%,4.30%,23.34%,23.34%,0,4.33%,-17.34%,,,,,,,,,,,,
,,,,,,,,,,,,,,,,,,2025,1/17/2025,512.50 CHF,,,,,,,,,,4.29%,512.50 CHF,22.00,605.43,446.00,507.50,42%,18%,3.63%,4.93%,4.29%,23.22%,23.22%,0,4.33%,-17.26%,,,,,,,,,,,,
,,,,,,,,,,,,,,,,,,2025,1/20/2025,512.50 CHF,,,,,,,,,,4.29%,512.50 CHF,22.00,605.43,446.00,507.50,42%,18%,3.63%,4.93%,4.29%,23.22%,23.22%,0,4.33%,-17.26%,,,,,,,,,,,,
,,,,,,,,,,,,,,,,,,2025,1/21/2025,515.00 CHF,,,,,,,,,,4.27%,515.00 CHF,22.00,605.43,446.00,507.50,43%,18%,3.63%,4.93%,4.27%,22.62%,22.62%,0,4.33%,-16.86%,,,,,,,,,,,,
,,,,,,,,,,,,,,,,,,2025,1/22/2025,506.50 CHF,,,,,,,,,,4.34%,506.50 CHF,22.00,605.43,446.00,507.50,38%,20%,3.63%,4.93%,4.34%,24.68%,24.68%,0,4.33%,-18.23%,,,,,,,,,,,,
,,,,,,,,,,,,,,,,,,2025,1/23/2025,507.50 CHF,,,,,,,,,,4.33%,507.50 CHF,22.00,605.43,446.00,507.50,39%,19%,3.63%,4.93%,4.33%,24.43%,24.43%,0,4.33%,-18.07%,,,,,,,,,,,,
,,,,,,,,,,,,,,,,,,2025,1/24/2025,506.00 CHF,,,,,,,,,,4.35%,506.00 CHF,22.00,605.43,446.00,507.50,38%,20%,3.63%,4.93%,4.35%,24.80%,24.80%,0,4.33%,-18.31%,,,,,,,,,,,,
,,,,,,,,,,,,,,,,,,2025,1/27/2025,513.00 CHF,,,,,,,,,,4.29%,513.00 CHF,22.00,605.43,446.00,507.50,42%,18%,3.63%,4.93%,4.29%,23.10%,23.10%,0,4.33%,-17.18%,,,,,,,,,,,,
,,,,,,,,,,,,,,,,,,2025,1/28/2025,517.00 CHF,,,,,,,,,,4.26%,517.00 CHF,22.00,605.43,446.00,507.50,45%,17%,3.63%,4.93%,4.26%,22.15%,22.15%,0,4.33%,-16.53%,,,,,,,,,,,,
,,,,,,,,,,,,,,,,,,2025,1/29/2025,519.00 CHF,,,,,,,,,,4.24%,519.00 CHF,22.00,605.43,446.00,507.50,46%,17%,3.63%,4.93%,4.24%,21.68%,21.68%,0,4.33%,-16.21%,,,,,,,,,,,,
,,,,,,,,,,,,,,,,,,2025,1/30/2025,515.50 CHF,,,,,,,,,,4.27%,515.50 CHF,22.00,605.43,446.00,507.50,44%,17%,3.63%,4.93%,4.27%,22.50%,22.50%,0,4.33%,-16.77%,,,,,,,,,,,,
,,,,,,,,,,,,,,,,,,2025,1/31/2025,513.50 CHF,,,,,,,,,,4.28%,513.50 CHF,22.00,605.43,446.00,507.50,42%,18%,3.63%,4.93%,4.28%,22.98%,22.98%,0,4.33%,-17.10%,,,,,,,,,,,,
,,,,,,,,,,,,,,,,,,2025,2/3/2025,510.00 CHF,,,,,,,,,,4.31%,510.00 CHF,22.00,605.43,446.00,507.50,40%,19%,3.63%,4.93%,4.31%,23.82%,23.82%,0,4.33%,-17.66%,,,,,,,,,,,,
,,,,,,,,,,,,,,,,,,2025,2/4/2025,506.00 CHF,,,,,,,,,,4.35%,506.00 CHF,22.00,605.43,446.00,507.50,38%,20%,3.63%,4.93%,4.35%,24.80%,24.80%,0,4.33%,-18.31%,,,,,,,,,,,,
,,,,,,,,,,,,,,,,,,2025,2/5/2025,509.00 CHF,,,,,,,,,,4.32%,509.00 CHF,22.00,605.43,446.00,507.50,40%,19%,3.63%,4.93%,4.32%,24.07%,24.07%,0,4.33%,-17.82%,,,,,,,,,,,,
,,,,,,,,,,,,,,,,,,2025,2/6/2025,515.00 CHF,,,,,,,,,,4.27%,515.00 CHF,22.00,605.43,446.00,507.50,43%,18%,3.63%,4.93%,4.27%,22.62%,22.62%,0,4.33%,-16.86%,,,,,,,,,,,,
,,,,,,,,,,,,,,,,,,2025,2/7/2025,527.00 CHF,,,,,,,,,,4.17%,527.00 CHF,22.00,605.43,446.00,507.50,51%,15%,3.63%,4.93%,4.17%,19.83%,19.83%,0,4.33%,-14.92%,,,,,,,,,,,,
,,,,,,,,,,,,,,,,,,2025,2/10/2025,526.00 CHF,,,,,,,,,,4.18%,526.00 CHF,22.00,605.43,446.00,507.50,50%,15%,3.63%,4.93%,4.18%,20.06%,20.06%,0,4.33%,-15.08%,,,,,,,,,,,,
,,,,,,,,,,,,,,,,,,2025,2/11/2025,527.50 CHF,,,,,,,,,,4.17%,527.50 CHF,22.00,605.43,446.00,507.50,51%,15%,3.63%,4.93%,4.17%,19.72%,19.72%,0,4.33%,-14.84%,,,,,,,,,,,,
,,,,,,,,,,,,,,,,,,2025,2/12/2025,526.00 CHF,,,,,,,,,,4.18%,526.00 CHF,22.00,605.43,446.00,507.50,50%,15%,3.63%,4.93%,4.18%,20.06%,20.06%,0,4.33%,-15.08%,,,,,,,,,,,,
,,,,,,,,,,,,,,,,,,2025,2/13/2025,510.00 CHF,,,,,,,,,,4.31%,510.00 CHF,22.00,605.43,446.00,507.50,40%,19%,3.63%,4.93%,4.31%,23.82%,23.82%,0,4.33%,-17.66%,,,,,,,,,,,,
,,,,,,,,,,,,,,,,,,2025,2/14/2025,499.80 CHF,,,,,,,,,,4.40%,499.80 CHF,22.00,605.43,446.00,507.50,34%,21%,3.63%,4.93%,4.40%,26.35%,26.35%,0,4.33%,-19.31%,,,,,,,,,,,,
,,,,,,,,,,,,,,,,,,2025,2/17/2025,495.80 CHF,,,,,,,,,,4.44%,495.80 CHF,22.00,605.43,446.00,507.50,31%,22%,3.63%,4.93%,4.44%,27.37%,27.37%,0,4.33%,-19.95%,,,,,,,,,,,,
,,,,,,,,,,,,,,,,,,2025,2/18/2025,499.00 CHF,,,,,,,,,,4.41%,499.00 CHF,22.00,605.43,446.00,507.50,33%,21%,3.63%,4.93%,4.41%,26.55%,26.55%,0,4.33%,-19.44%,,,,,,,,,,,,
,,,,,,,,,,,,,,,,,,2025,2/19/2025,496.00 CHF,,,,,,,,,,4.44%,496.00 CHF,22.00,605.43,446.00,507.50,31%,22%,3.63%,4.93%,4.44%,27.32%,27.32%,0,4.33%,-19.92%,,,,,,,,,,,,
,,,,,,,,,,,,,,,,,,2025,2/20/2025,495.40 CHF,,,,,,,,,,4.44%,495.40 CHF,22.00,605.43,446.00,507.50,31%,22%,3.63%,4.93%,4.44%,27.47%,27.47%,0,4.33%,-20.02%,,,,,,,,,,,,
,,,,,,,,,,,,,,,,,,2025,2/21/2025,499.60 CHF,,,,,,,,,,4.40%,499.60 CHF,22.00,605.43,446.00,507.50,34%,21%,3.63%,4.93%,4.40%,26.40%,26.40%,0,4.33%,-19.34%,,,,,,,,,,,,
,,,,,,,,,,,,,,,,,,2025,2/24/2025,503.50 CHF,,,,,,,,,,4.37%,503.50 CHF,22.00,605.43,446.00,507.50,36%,20%,3.63%,4.93%,4.37%,25.42%,25.42%,0,4.33%,-18.71%,,,,,,,,,,,,
,,,,,,,,,,,,,,,,,,2025,2/25/2025,506.00 CHF,,,,,,,,,,4.35%,506.00 CHF,22.00,605.43,446.00,507.50,38%,20%,3.63%,4.93%,4.35%,24.80%,24.80%,0,4.33%,-18.31%,,,,,,,,,,,,
,,,,,,,,,,,,,,,,,,2025,2/26/2025,507.00 CHF,,,,,,,,,,4.34%,507.00 CHF,22.00,605.43,446.00,507.50,38%,19%,3.63%,4.93%,4.34%,24.56%,24.56%,0,4.33%,-18.15%,,,,,,,,,,,,
,,,,,,,,,,,,,,,,,,2025,2/27/2025,510.00 CHF,,,,,,,,,,4.31%,510.00 CHF,22.00,605.43,446.00,507.50,40%,19%,3.63%,4.93%,4.31%,23.82%,23.82%,0,4.33%,-17.66%,,,,,,,,,,,,
,,,,,,,,,,,,,,,,,,2025,2/28/2025,513.50 CHF,,,,,,,,,,4.28%,513.50 CHF,22.00,605.43,446.00,507.50,42%,18%,3.63%,4.93%,4.28%,22.98%,22.98%,0,4.33%,-17.10%,,,,,,,,,,,,
,,,,,,,,,,,,,,,,,,2025,3/3/2025,513.50 CHF,,,,,,,,,,4.28%,513.50 CHF,22.00,605.43,446.00,507.50,42%,18%,3.63%,4.93%,4.28%,22.98%,22.98%,0,4.33%,-17.10%,,,,,,,,,,,,
,,,,,,,,,,,,,,,,,,2025,3/4/2025,513.50 CHF,,,,,,,,,,4.28%,513.50 CHF,22.00,605.43,446.00,507.50,42%,18%,3.63%,4.93%,4.28%,22.98%,22.98%,0,4.33%,-17.10%,,,,,,,,,,,,
,,,,,,,,,,,,,,,,,,2025,3/5/2025,510.50 CHF,,,,,,,,,,4.31%,510.50 CHF,22.00,605.43,446.00,507.50,40%,19%,3.63%,4.93%,4.31%,23.70%,23.70%,0,4.33%,-17.58%,,,,,,,,,,,,
,,,,,,,,,,,,,,,,,,2025,3/6/2025,511.50 CHF,,,,,,,,,,4.30%,511.50 CHF,22.00,605.43,446.00,507.50,41%,18%,3.63%,4.93%,4.30%,23.46%,23.46%,0,4.33%,-17.42%,,,,,,,,,,,,
,,,,,,,,,,,,,,,,,,2025,3/7/2025,519.50 CHF,,,,,,,,,,4.23%,519.50 CHF,22.00,605.43,446.00,507.50,46%,17%,3.63%,4.93%,4.23%,21.56%,21.56%,0,4.33%,-16.13%,,,,,,,,,,,,
,,,,,,,,,,,,,,,,,,2025,3/10/2025,530.00 CHF,,,,,,,,,,4.15%,530.00 CHF,22.00,605.43,446.00,507.50,53%,14%,3.63%,4.93%,4.15%,19.15%,19.15%,0,4.33%,-14.43%,,,,,,,,,,,,
,,,,,,,,,,,,,,,,,,2025,3/11/2025,531.00 CHF,,,,,,,,,,4.14%,531.00 CHF,22.00,605.43,446.00,507.50,53%,14%,3.63%,4.93%,4.14%,18.93%,18.93%,0,4.33%,-14.27%,,,,,,,,,,,,
,,,,,,,,,,,,,,,,,,2025,3/12/2025,530.00 CHF,,,,,,,,,,4.15%,530.00 CHF,22.00,605.43,446.00,507.50,53%,14%,3.63%,4.93%,4.15%,19.15%,19.15%,0,4.33%,-14.43%,,,,,,,,,,,,
,,,,,,,,,,,,,,,,,,2025,3/13/2025,531.50 CHF,,,,,,,,,,4.14%,531.50 CHF,22.00,605.43,446.00,507.50,54%,14%,3.63%,4.93%,4.14%,18.81%,18.81%,0,4.33%,-14.19%,,,,,,,,,,,,
,,,,,,,,,,,,,,,,,,2025,3/14/2025,529.50 CHF,,,,,,,,,,4.15%,529.50 CHF,22.00,605.43,446.00,507.50,52%,14%,3.63%,4.93%,4.15%,19.26%,19.26%,0,4.33%,-14.51%,,,,,,,,,,,,
,,,,,,,,,,,,,,,,,,2025,3/17/2025,532.00 CHF,,,,,,,,,,4.14%,532.00 CHF,22.00,605.43,446.00,507.50,54%,14%,3.63%,4.93%,4.14%,18.70%,18.70%,0,4.33%,-14.11%,,,,,,,,,,,,
,,,,,,,,,,,,,,,,,,2025,3/18/2025,529.50 CHF,,,,,,,,,,4.15%,529.50 CHF,22.00,605.43,446.00,507.50,52%,14%,3.63%,4.93%,4.15%,19.26%,19.26%,0,4.33%,-14.51%,,,,,,,,,,,,
,,,,,,,,,,,,,,,,,,2025,3/19/2025,522.00 CHF,,,,,,,,,,4.21%,522.00 CHF,22.00,605.43,446.00,507.50,48%,16%,3.63%,4.93%,4.21%,20.98%,20.98%,0,4.33%,-15.72%,,,,,,,,,,,,
,,,,,,,,,,,,,,,,,,2025,3/20/2025,522.50 CHF,,,,,,,,,,4.21%,522.50 CHF,22.00,605.43,446.00,507.50,48%,16%,3.63%,4.93%,4.21%,20.86%,20.86%,0,4.33%,-15.64%,,,,,,,,,,,,
,,,,,,,,,,,,,,,,,,2025,3/21/2025,529.50 CHF,,,,,,,,,,4.15%,529.50 CHF,22.00,605.43,446.00,507.50,52%,14%,3.63%,4.93%,4.15%,19.26%,19.26%,0,4.33%,-14.51%,,,,,,,,,,,,
,,,,,,,,,,,,,,,,,,2025,3/24/2025,526.50 CHF,,,,,,,,,,4.18%,526.50 CHF,22.00,605.43,446.00,507.50,50%,15%,3.63%,4.93%,4.18%,19.94%,19.94%,0,4.33%,-15.00%,,,,,,,,,,,,
,,,,,,,,,,,,,,,,,,2025,3/25/2025,529.50 CHF,,,,,,,,,,4.15%,529.50 CHF,22.00,605.43,446.00,507.50,52%,14%,3.63%,4.93%,4.15%,19.26%,19.26%,0,4.33%,-14.51%,,,,,,,,,,,,
,,,,,,,,,,,,,,,,,,2025,3/26/2025,533.50 CHF,,,,,,,,,,4.12%,533.50 CHF,22.00,605.43,446.00,507.50,55%,13%,3.63%,4.93%,4.12%,18.37%,18.37%,0,4.33%,-13.87%,,,,,,,,,,,,
,,,,,,,,,,,,,,,,,,2025,3/27/2025,534.00 CHF,,,,,,,,,,4.12%,534.00 CHF,22.00,605.43,446.00,507.50,55%,13%,3.63%,4.93%,4.12%,18.26%,18.26%,0,4.33%,-13.79%,,,,,,,,,,,,
,,,,,,,,,,,,,,,,,,2025,3/28/2025,513.00 CHF,,,,,,,,,,4.29%,513.00 CHF,22.00,605.43,446.00,507.50,42%,18%,3.63%,4.93%,4.29%,23.10%,23.10%,0,4.33%,-17.18%,,,,,,,,,,,,
,,,,,,,,,,,,,,,,,,2025,3/31/2025,509.50 CHF,,,,,,,,,,4.32%,509.50 CHF,22.00,605.43,446.00,507.50,40%,19%,3.63%,4.93%,4.32%,23.95%,23.95%,0,4.33%,-17.74%,,,,,,,,,,,,
,,,,,,,,,,,,,,,,,,2025,4/1/2025,512.50 CHF,,,,,,,,,,4.29%,512.50 CHF,22.00,605.43,446.00,507.50,42%,18%,3.63%,4.93%,4.29%,23.22%,23.22%,0,4.33%,-17.26%,,,,,,,,,,,,
,,,,,,,,,,,,,,,,,,2025,4/2/2025,513.50 CHF,,,,,,,,,,4.28%,513.50 CHF,22.00,605.43,446.00,507.50,42%,18%,3.63%,4.93%,4.28%,22.98%,22.98%,0,4.33%,-17.10%,,,,,,,,,,,,
,,,,,,,,,,,,,,,,,,2025,4/3/2025,532.50 CHF,,,,,,,,,,4.13%,532.50 CHF,22.00,605.43,446.00,507.50,54%,14%,3.63%,4.93%,4.13%,18.59%,18.59%,0,4.33%,-14.03%,,,,,,,,,,,,
,,,,,,,,,,,,,,,,,,2025,4/4/2025,518.00 CHF,,,,,,,,,,4.25%,518.00 CHF,22.00,605.43,446.00,507.50,45%,17%,3.63%,4.93%,4.25%,21.91%,21.91%,0,4.33%,-16.37%,,,,,,,,,,,,
,,,,,,,,,,,,,,,,,,2025,4/7/2025,502.00 CHF,,,,,,,,,,4.38%,502.00 CHF,22.00,605.43,446.00,507.50,35%,21%,3.63%,4.93%,4.38%,25.80%,25.80%,0,4.33%,-18.95%,,,,,,,,,,,,
,,,,,,,,,,,,,,,,,,2025,4/8/2025,506.50 CHF,,,,,,,,,,4.34%,506.50 CHF,22.00,605.43,446.00,507.50,38%,20%,3.63%,4.93%,4.34%,24.68%,24.68%,0,4.33%,-18.23%,,,,,,,,,,,,
,,,,,,,,,,,,,,,,,,2025,4/9/2025,506.50 CHF,,,,,,,,,,4.34%,506.50 CHF,22.00,605.43,446.00,507.50,38%,20%,3.63%,4.93%,4.34%,24.68%,24.68%,0,4.33%,-18.23%,,,,,,,,,,,,
,,,,,,,,,,,,,,,,,,2025,4/10/2025,510.00 CHF,,,,,,,,,,4.31%,510.00 CHF,22.00,605.43,446.00,507.50,40%,19%,3.63%,4.93%,4.31%,23.82%,23.82%,0,4.33%,-17.66%,,,,,,,,,,,,
,,,,,,,,,,,,,,,,,,2025,4/11/2025,515.50 CHF,,,,,,,,,,4.27%,515.50 CHF,22.00,605.43,446.00,507.50,44%,17%,3.63%,4.93%,4.27%,22.50%,22.50%,0,4.33%,-16.77%,,,,,,,,,,,,
,,,,,,,,,,,,,,,,,,2025,4/14/2025,522.00 CHF,,,,,,,,,,4.21%,522.00 CHF,22.00,605.43,446.00,507.50,48%,16%,3.63%,4.93%,4.21%,20.98%,20.98%,0,4.33%,-15.72%,,,,,,,,,,,,
,,,,,,,,,,,,,,,,,,2025,4/15/2025,527.50 CHF,,,,,,,,,,4.17%,527.50 CHF,22.00,605.43,446.00,507.50,51%,15%,3.63%,4.93%,4.17%,19.72%,19.72%,0,4.33%,-14.84%,,,,,,,,,,,,
,,,,,,,,,,,,,,,,,,2025,4/16/2025,531.50 CHF,,,,,,,,,,4.14%,531.50 CHF,22.00,605.43,446.00,507.50,54%,14%,3.63%,4.93%,4.14%,18.81%,18.81%,0,4.33%,-14.19%,,,,,,,,,,,,
,,,,,,,,,,,,,,,,,,2025,4/17/2025,536.00 CHF,,,,,,,,,,4.10%,536.00 CHF,22.00,605.43,446.00,507.50,56%,13%,3.63%,4.93%,4.10%,17.82%,17.82%,0,4.33%,-13.46%,,,,,,,,,,,,
,,,,,,,,,,,,,,,,,,2025,4/22/2025,537.50 CHF,,,,,,,,,,4.09%,537.50 CHF,22.00,605.43,446.00,507.50,57%,13%,3.63%,4.93%,4.09%,17.49%,17.49%,0,4.33%,-13.22%,,,,,,,,,,,,
,,,,,,,,,,,,,,,,,,2025,4/23/2025,536.50 CHF,,,,,,,,,,4.10%,536.50 CHF,22.00,605.43,446.00,507.50,57%,13%,3.63%,4.93%,4.10%,17.71%,17.71%,0,4.33%,-13.38%,,,,,,,,,,,,
,,,,,,,,,,,,,,,,,,2025,4/24/2025,538.50 CHF,,,,,,,,,,4.09%,538.50 CHF,22.00,605.43,446.00,507.50,58%,12%,3.63%,4.93%,4.09%,17.27%,17.27%,0,4.33%,-13.06%,,,,,,,,,,,,
,,,,,,,,,,,,,,,,,,2025,4/25/2025,538.50 CHF,,,,,,,,,,4.09%,538.50 CHF,22.00,605.43,446.00,507.50,58%,12%,3.63%,4.93%,4.09%,17.27%,17.27%,0,4.33%,-13.06%,,,,,,,,,,,,
,,,,,,,,,,,,,,,,,,2025,4/28/2025,542.50 CHF,,,,,,,,,,4.06%,542.50 CHF,22.00,605.43,446.00,507.50,61%,12%,3.63%,4.93%,4.06%,16.41%,16.41%,0,4.33%,-12.42%,,,,,,,,,,,,
,,,,,,,,,,,,,,,,,,2025,4/29/2025,547.50 CHF,,,,,,,,,,4.02%,547.50 CHF,22.00,605.43,446.00,507.50,64%,11%,3.63%,4.93%,4.02%,15.34%,15.34%,0,4.33%,-11.61%,,,,,,,,,,,,
,,,,,,,,,,,,,,,,,,2025,4/30/2025,550.00 CHF,,,,,,,,,,4.00%,550.00 CHF,22.00,605.43,446.00,507.50,65%,10%,3.63%,4.93%,4.00%,14.82%,14.82%,0,4.33%,-11.20%,,,,,,,,,,,,
,,,,,,,,,,,,,,,,,,2025,5/2/2025,548.00 CHF,,,,,,,,,,4.01%,548.00 CHF,22.00,605.43,446.00,507.50,64%,10%,3.63%,4.93%,4.01%,15.24%,15.24%,0,4.33%,-11.53%,,,,,,,,,,,,
,,,,,,,,,,,,,,,,,,2025,5/5/2025,545.50 CHF,,,,,,,,,,4.03%,545.50 CHF,22.00,605.43,446.00,507.50,62%,11%,3.63%,4.93%,4.03%,15.77%,15.77%,0,4.33%,-11.93%,,,,,,,,,,,,
,,,,,,,,,,,,,,,,,,2025,5/6/2025,551.00 CHF,,,,,,,,,,3.99%,551.00 CHF,22.00,605.43,446.00,507.50,66%,10%,3.63%,4.93%,3.99%,14.61%,14.61%,0,4.33%,-11.04%,,,,,,,,,,,,
,,,,,,,,,,,,,,,,,,2025,5/7/2025,545.50 CHF,,,,,,,,,,4.03%,545.50 CHF,22.00,605.43,446.00,507.50,62%,11%,3.63%,4.93%,4.03%,15.77%,15.77%,0,4.33%,-11.93%,,,,,,,,,,,,
,,,,,,,,,,,,,,,,,,2025,5/8/2025,540.00 CHF,,,,,,,,,,4.07%,540.00 CHF,22.00,605.43,446.00,507.50,59%,12%,3.63%,4.93%,4.07%,16.94%,16.94%,0,4.33%,-12.82%,,,,,,,,,,,,
,,,,,,,,,,,,,,,,,,2025,5/9/2025,544.00 CHF,,,,,,,,,,4.04%,544.00 CHF,22.00,605.43,446.00,507.50,61%,11%,3.63%,4.93%,4.04%,16.08%,16.08%,0,4.33%,-12.17%,,,,,,,,,,,,
,,,,,,,,,,,,,,,,,,2025,5/12/2025,532.00 CHF,,,,,,,,,,4.14%,532.00 CHF,22.00,605.43,446.00,507.50,54%,14%,3.63%,4.93%,4.14%,18.70%,18.70%,0,4.33%,-14.11%,,,,,,,,,,,,
,,,,,,,,,,,,,,,,,,2025,5/13/2025,532.50 CHF,,,,,,,,,,4.13%,532.50 CHF,22.00,605.43,446.00,507.50,54%,14%,3.63%,4.93%,4.13%,18.59%,18.59%,0,4.33%,-14.03%,,,,,,,,,,,,
,,,,,,,,,,,,,,,,,,2025,5/14/2025,536.50 CHF,,,,,,,,,,4.10%,536.50 CHF,22.00,605.43,446.00,507.50,57%,13%,3.63%,4.93%,4.10%,17.71%,17.71%,0,4.33%,-13.38%,,,,,,,,,,,,
,,,,,,,,,,,,,,,,,,2025,5/15/2025,545.50 CHF,,,,,,,,,,4.03%,545.50 CHF,22.00,605.43,446.00,507.50,62%,11%,3.63%,4.93%,4.03%,15.77%,15.77%,0,4.33%,-11.93%,,,,,,,,,,,,
,,,,,,,,,,,,,,,,,,2025,5/16/2025,552.00 CHF,,,,,,,,,,3.99%,552.00 CHF,22.00,605.43,446.00,507.50,66%,10%,3.63%,4.93%,3.99%,14.40%,14.40%,0,4.33%,-10.88%,,,,,,,,,,,,
,,,,,,,,,,,,,,,,,,2025,5/19/2025,559.00 CHF,,,,,,,,,,3.94%,559.00 CHF,22.00,605.43,446.00,507.50,71%,8%,3.63%,4.93%,3.94%,12.97%,12.97%,0,4.33%,-9.75%,,,,,,,,,,,,
,,,,,,,,,,,,,,,,,,2025,5/20/2025,567.00 CHF,,,,,,,,,,3.88%,567.00 CHF,22.00,605.43,446.00,507.50,76%,7%,3.63%,4.93%,3.88%,11.38%,11.38%,0,4.33%,-8.46%,,,,,,,,,,,,
,,,,,,,,,,,,,,,,,,2025,5/21/2025,567.50 CHF,,,,,,,,,,3.88%,567.50 CHF,22.00,605.43,446.00,507.50,76%,7%,3.63%,4.93%,3.88%,11.28%,11.28%,0,4.33%,-8.38%,,,,,,,,,,,,
,,,,,,,,,,,,,,,,,,2025,5/22/2025,568.50 CHF,,,,,,,,,,3.87%,568.50 CHF,22.00,605.43,446.00,507.50,77%,6%,3.63%,4.93%,3.87%,11.08%,11.08%,0,4.33%,-8.22%,,,,,,,,,,,,
,,,,,,,,,,,,,,,,,,2025,5/23/2025,568.50 CHF,,,,,,,,,,3.87%,568.50 CHF,22.00,605.43,446.00,507.50,77%,6%,3.63%,4.93%,3.87%,11.08%,11.08%,0,4.33%,-8.22%,,,,,,,,,,,,
,,,,,,,,,,,,,,,,,,2025,5/26/2025,570.00 CHF,,,,,,,,,,3.86%,570.00 CHF,22.00,605.43,446.00,507.50,78%,6%,3.63%,4.93%,3.86%,10.79%,10.79%,0,4.33%,-7.98%,,,,,,,,,,,,
,,,,,,,,,,,,,,,,,,2025,5/27/2025,567.00 CHF,,,,,,,,,,3.88%,567.00 CHF,22.00,605.43,446.00,507.50,76%,7%,3.63%,4.93%,3.88%,11.38%,11.38%,0,4.33%,-8.46%,,,,,,,,,,,,
,,,,,,,,,,,,,,,,,,2025,5/28/2025,565.50 CHF,,,,,,,,,,3.89%,565.50 CHF,22.00,605.43,446.00,507.50,75%,7%,3.63%,4.93%,3.89%,11.67%,11.67%,0,4.33%,-8.70%,,,,,,,,,,,,
,,,,,,,,,,,,,,,,,,2025,5/30/2025,565.50 CHF,,,,,,,,,,3.89%,565.50 CHF,22.00,605.43,446.00,507.50,75%,7%,3.63%,4.93%,3.89%,11.67%,11.67%,0,4.33%,-8.70%,,,,,,,,,,,,
,,,,,,,,,,,,,,,,,,2025,6/2/2025,566.50 CHF,,,,,,,,,,3.88%,566.50 CHF,22.00,605.43,446.00,507.50,76%,7%,3.63%,4.93%,3.88%,11.47%,11.47%,0,4.33%,-8.54%,,,,,,,,,,,,
,,,,,,,,,,,,,,,,,,2025,6/3/2025,566.50 CHF,,,,,,,,,,3.88%,566.50 CHF,22.00,605.43,446.00,507.50,76%,7%,3.63%,4.93%,3.88%,11.47%,11.47%,0,4.33%,-8.54%,,,,,,,,,,,,
,,,,,,,,,,,,,,,,,,2025,6/4/2025,567.00 CHF,,,,,,,,,,3.88%,567.00 CHF,22.00,605.43,446.00,507.50,76%,7%,3.63%,4.93%,3.88%,11.38%,11.38%,0,4.33%,-8.46%,,,,,,,,,,,,
,,,,,,,,,,,,,,,,,,2025,6/5/2025,569.50 CHF,,,,,,,,,,3.86%,569.50 CHF,22.00,605.43,446.00,507.50,77%,6%,3.63%,4.93%,3.86%,10.89%,10.89%,0,4.33%,-8.06%,,,,,,,,,,,,
,,,,,,,,,,,,,,,,,,2025,6/6/2025,565.50 CHF,,,,,,,,,,3.89%,565.50 CHF,22.00,605.43,446.00,507.50,75%,7%,3.63%,4.93%,3.89%,11.67%,11.67%,0,4.33%,-8.70%,,,,,,,,,,,,
,,,,,,,,,,,,,,,,,,2025,6/10/2025,560.50 CHF,,,,,,,,,,3.93%,560.50 CHF,22.00,605.43,446.00,507.50,72%,8%,3.63%,4.93%,3.93%,12.67%,12.67%,0,4.33%,-9.51%,,,,,,,,,,,,
,,,,,,,,,,,,,,,,,,2025,6/11/2025,561.00 CHF,,,,,,,,,,3.92%,561.00 CHF,22.00,605.43,446.00,507.50,72%,8%,3.63%,4.93%,3.92%,12.57%,12.57%,0,4.33%,-9.43%,,,,,,,,,,,,
,,,,,,,,,,,,,,,,,,2025,6/12/2025,564.50 CHF,,,,,,,,,,3.90%,564.50 CHF,22.00,605.43,446.00,507.50,74%,7%,3.63%,4.93%,3.90%,11.87%,11.87%,0,4.33%,-8.86%,,,,,,,,,,,,
,,,,,,,,,,,,,,,,,,2025,6/13/2025,556.50 CHF,,,,,,,,,,3.95%,556.50 CHF,22.00,605.43,446.00,507.50,69%,9%,3.63%,4.93%,3.95%,13.48%,13.48%,0,4.33%,-10.15%,,,,,,,,,,,,
,,,,,,,,,,,,,,,,,,2025,6/16/2025,557.00 CHF,,,,,,,,,,3.95%,557.00 CHF,22.00,605.43,446.00,507.50,70%,9%,3.63%,4.93%,3.95%,13.38%,13.38%,0,4.33%,-10.07%,,,,,,,,,,,,
,,,,,,,,,,,,,,,,,,2025,6/17/2025,556.00 CHF,,,,,,,,,,3.96%,556.00 CHF,22.00,605.43,446.00,507.50,69%,9%,3.63%,4.93%,3.96%,13.58%,13.58%,0,4.33%,-10.24%,,,,,,,,,,,,
,,,,,,,,,,,,,,,,,,2025,6/18/2025,562.50 CHF,,,,,,,,,,3.91%,562.50 CHF,22.00,605.43,446.00,507.50,73%,8%,3.63%,4.93%,3.91%,12.27%,12.27%,0,4.33%,-9.19%,,,,,,,,,,,,
,,,,,,,,,,,,,,,,,,2025,6/19/2025,559.50 CHF,,,,,,,,,,3.93%,559.50 CHF,22.00,605.43,446.00,507.50,71%,8%,3.63%,4.93%,3.93%,12.87%,12.87%,0,4.33%,-9.67%,,,,,,,,,,,,
,,,,,,,,,,,,,,,,,,2025,6/20/2025,561.50 CHF,,,,,,,,,,3.92%,561.50 CHF,22.00,605.43,446.00,507.50,72%,8%,3.63%,4.93%,3.92%,12.47%,12.47%,0,4.33%,-9.35%,,,,,,,,,,,,
,,,,,,,,,,,,,,,,,,2025,6/23/2025,568.00 CHF,,,,,,,,,,3.87%,568.00 CHF,22.00,605.43,446.00,507.50,77%,7%,3.63%,4.93%,3.87%,11.18%,11.18%,0,4.33%,-8.30%,,,,,,,,,,,,
,,,,,,,,,,,,,,,,,,2025,6/24/2025,568.50 CHF,,,,,,,,,,3.87%,568.50 CHF,22.00,605.43,446.00,507.50,77%,6%,3.63%,4.93%,3.87%,11.08%,11.08%,0,4.33%,-8.22%,,,,,,,,,,,,
,,,,,,,,,,,,,,,,,,2025,6/25/2025,559.00 CHF,,,,,,,,,,3.94%,559.00 CHF,22.00,605.43,446.00,507.50,71%,8%,3.63%,4.93%,3.94%,12.97%,12.97%,0,4.33%,-9.75%,,,,,,,,,,,,
,,,,,,,,,,,,,,,,,,2025,6/26/2025,561.50 CHF,,,,,,,,,,3.92%,561.50 CHF,22.00,605.43,446.00,507.50,72%,8%,3.63%,4.93%,3.92%,12.47%,12.47%,0,4.33%,-9.35%,,,,,,,,,,,,
,,,,,,,,,,,,,,,,,,2025,6/27/2025,563.50 CHF,,,,,,,,,,3.90%,563.50 CHF,22.00,605.43,446.00,507.50,74%,7%,3.63%,4.93%,3.90%,12.07%,12.07%,0,4.33%,-9.02%,,,,,,,,,,,,
,,,,,,,,,,,,,,,,,,2025,6/30/2025,562.50 CHF,,,,,,,,,,3.91%,562.50 CHF,22.00,605.43,446.00,507.50,73%,8%,3.63%,4.93%,3.91%,12.27%,12.27%,0,4.33%,-9.19%,,,,,,,,,,,,
,,,,,,,,,,,,,,,,,,2025,7/1/2025,566.00 CHF,,,,,,,,,,3.89%,566.00 CHF,22.00,605.43,446.00,507.50,75%,7%,3.63%,4.93%,3.89%,11.57%,11.57%,0,4.33%,-8.62%,,,,,,,,,,,,
,,,,,,,,,,,,,,,,,,2025,7/2/2025,561.50 CHF,,,,,,,,,,3.92%,561.50 CHF,22.00,605.43,446.00,507.50,72%,8%,3.63%,4.93%,3.92%,12.47%,12.47%,0,4.33%,-9.35%,,,,,,,,,,,,
,,,,,,,,,,,,,,,,,,2025,7/3/2025,562.00 CHF,,,,,,,,,,3.91%,562.00 CHF,22.00,605.43,446.00,507.50,73%,8%,3.63%,4.93%,3.91%,12.37%,12.37%,0,4.33%,-9.27%,,,,,,,,,,,,
,,,,,,,,,,,,,,,,,,2025,7/4/2025,567.50 CHF,,,,,,,,,,3.88%,567.50 CHF,22.00,605.43,446.00,507.50,76%,7%,3.63%,4.93%,3.88%,11.28%,11.28%,0,4.33%,-8.38%,,,,,,,,,,,,
,,,,,,,,,,,,,,,,,,2025,7/7/2025,566.50 CHF,,,,,,,,,,3.88%,566.50 CHF,22.00,605.43,446.00,507.50,76%,7%,3.63%,4.93%,3.88%,11.47%,11.47%,0,4.33%,-8.54%,,,,,,,,,,,,
,,,,,,,,,,,,,,,,,,2025,7/8/2025,561.50 CHF,,,,,,,,,,3.92%,561.50 CHF,22.00,605.43,446.00,507.50,72%,8%,3.63%,4.93%,3.92%,12.47%,12.47%,0,4.33%,-9.35%,,,,,,,,,,,,
,,,,,,,,,,,,,,,,,,2025,7/9/2025,562.50 CHF,,,,,,,,,,3.91%,562.50 CHF,22.00,605.43,446.00,507.50,73%,8%,3.63%,4.93%,3.91%,12.27%,12.27%,0,4.33%,-9.19%,,,,,,,,,,,,
,,,,,,,,,,,,,,,,,,2025,7/10/2025,562.00 CHF,,,,,,,,,,3.91%,562.00 CHF,22.00,605.43,446.00,507.50,73%,8%,3.63%,4.93%,3.91%,12.37%,12.37%,0,4.33%,-9.27%,,,,,,,,,,,,
,,,,,,,,,,,,,,,,,,2025,7/11/2025,559.00 CHF,,,,,,,,,,3.94%,559.00 CHF,22.00,605.43,446.00,507.50,71%,8%,3.63%,4.93%,3.94%,12.97%,12.97%,0,4.33%,-9.75%,,,,,,,,,,,,
,,,,,,,,,,,,,,,,,,2025,7/14/2025,563.50 CHF,,,,,,,,,,3.90%,563.50 CHF,22.00,605.43,446.00,507.50,74%,7%,3.63%,4.93%,3.90%,12.07%,12.07%,0,4.33%,-9.02%,,,,,,,,,,,,
,,,,,,,,,,,,,,,,,,2025,7/15/2025,559.00 CHF,,,,,,,,,,3.94%,559.00 CHF,22.00,605.43,446.00,507.50,71%,8%,3.63%,4.93%,3.94%,12.97%,12.97%,0,4.33%,-9.75%,,,,,,,,,,,,
,,,,,,,,,,,,,,,,,,2025,7/16/2025,557.50 CHF,,,,,,,,,,3.95%,557.50 CHF,22.00,605.43,446.00,507.50,70%,9%,3.63%,4.93%,3.95%,13.27%,13.27%,0,4.33%,-9.99%,,,,,,,,,,,,
,,,,,,,,,,,,,,,,,,2025,7/17/2025,557.00 CHF,,,,,,,,,,3.95%,557.00 CHF,22.00,605.43,446.00,507.50,70%,9%,3.63%,4.93%,3.95%,13.38%,13.38%,0,4.33%,-10.07%,,,,,,,,,,,,
,,,,,,,,,,,,,,,,,,2025,7/18/2025,558.50 CHF,,,,,,,,,,3.94%,558.50 CHF,22.00,605.43,446.00,507.50,71%,8%,3.63%,4.93%,3.94%,13.07%,13.07%,0,4.33%,-9.83%,,,,,,,,,,,,
,,,,,,,,,,,,,,,,,,2025,7/21/2025,558.00 CHF,,,,,,,,,,3.94%,558.00 CHF,22.00,605.43,446.00,507.50,70%,9%,3.63%,4.93%,3.94%,13.17%,13.17%,0,4.33%,-9.91%,,,,,,,,,,,,
,,,,,,,,,,,,,,,,,,2025,7/22/2025,562.00 CHF,,,,,,,,,,3.91%,562.00 CHF,22.00,605.43,446.00,507.50,73%,8%,3.63%,4.93%,3.91%,12.37%,12.37%,0,4.33%,-9.27%,,,,,,,,,,,,
,,,,,,,,,,,,,,,,,,2025,7/23/2025,563.50 CHF,,,,,,,,,,3.90%,563.50 CHF,22.00,605.43,446.00,507.50,74%,7%,3.63%,4.93%,3.90%,12.07%,12.07%,0,4.33%,-9.02%,,,,,,,,,,,,
,,,,,,,,,,,,,,,,,,2025,7/24/2025,569.50 CHF,,,,,,,,,,3.86%,569.50 CHF,22.00,605.43,446.00,507.50,77%,6%,3.63%,4.93%,3.86%,10.89%,10.89%,0,4.33%,-8.06%,,,,,,,,,,,,
,,,,,,,,,,,,,,,,,,2025,7/25/2025,570.00 CHF,,,,,,,,,,3.86%,570.00 CHF,22.00,605.43,446.00,507.50,78%,6%,3.63%,4.93%,3.86%,10.79%,10.79%,0,4.33%,-7.98%,,,,,,,,,,,,
,,,,,,,,,,,,,,,,,,2025,7/28/2025,564.50 CHF,,,,,,,,,,3.90%,564.50 CHF,22.00,605.43,446.00,507.50,74%,7%,3.63%,4.93%,3.90%,11.87%,11.87%,0,4.33%,-8.86%,,,,,,,,,,,,
,,,,,,,,,,,,,,,,,,2025,7/29/2025,565.50 CHF,,,,,,,,,,3.89%,565.50 CHF,22.00,605.43,446.00,507.50,75%,7%,3.63%,4.93%,3.89%,11.67%,11.67%,0,4.33%,-8.70%,,,,,,,,,,,,
,,,,,,,,,,,,,,,,,,2025,7/30/2025,568.50 CHF,,,,,,,,,,3.87%,568.50 CHF,22.00,605.43,446.00,507.50,77%,6%,3.63%,4.93%,3.87%,11.08%,11.08%,0,4.33%,-8.22%,,,,,,,,,,,,
,,,,,,,,,,,,,,,,,,2025,7/31/2025,565.50 CHF,,,,,,,,,,3.89%,565.50 CHF,22.00,605.43,446.00,507.50,75%,7%,3.63%,4.93%,3.89%,11.67%,11.67%,0,4.33%,-8.70%,,,,,,,,,,,,
,,,,,,,,,,,,,,,,,,2025,8/4/2025,581.00 CHF,,,,,,,,,,3.79%,581.00 CHF,22.00,605.43,446.00,507.50,85%,4%,3.63%,4.93%,3.79%,8.69%,8.69%,0,4.33%,-6.20%,,,,,,,,,,,,
,,,,,,,,,,,,,,,,,,2025,8/5/2025,580.00 CHF,,,,,,,,,,3.79%,580.00 CHF,22.00,605.43,446.00,507.50,84%,4%,3.63%,4.93%,3.79%,8.88%,8.88%,0,4.33%,-6.36%,,,,,,,,,,,,
,,,,,,,,,,,,,,,,,,2025,8/6/2025,580.00 CHF,,,,,,,,,,3.79%,580.00 CHF,22.00,605.43,446.00,507.50,84%,4%,3.63%,4.93%,3.79%,8.88%,8.88%,0,4.33%,-6.36%,,,,,,,,,,,,
,,,,,,,,,,,,,,,,,,2025,8/7/2025,576.50 CHF,,,,,,,,,,3.82%,576.50 CHF,22.00,605.43,446.00,507.50,82%,5%,3.63%,4.93%,3.82%,9.54%,9.54%,0,4.33%,-6.93%,,,,,,,,,,,,
,,,,,,,,,,,,,,,,,,2025,8/8/2025,578.50 CHF,,,,,,,,,,3.80%,578.50 CHF,22.00,605.43,446.00,507.50,83%,5%,3.63%,4.93%,3.80%,9.16%,9.16%,0,4.33%,-6.60%,,,,,,,,,,,,
,,,,,,,,,,,,,,,,,,2025,8/11/2025,584.50 CHF,,,,,,,,,,3.76%,584.50 CHF,22.00,605.43,446.00,507.50,87%,4%,3.63%,4.93%,3.76%,8.04%,8.04%,0,4.33%,-5.63%,,,,,,,,,,,,
,,,,,,,,,,,,,,,,,,2025,8/12/2025,582.00 CHF,,,,,,,,,,3.78%,582.00 CHF,22.00,605.43,446.00,507.50,85%,4%,3.63%,4.93%,3.78%,8.51%,8.51%,0,4.33%,-6.04%,,,,,,,,,,,,
,,,,,,,,,,,,,,,,,,2025,8/13/2025,583.00 CHF,,,,,,,,,,3.77%,583.00 CHF,22.00,605.43,446.00,507.50,86%,4%,3.63%,4.93%,3.77%,8.32%,8.32%,0,4.33%,-5.88%,,,,,,,,,,,,
,,,,,,,,,,,,,,,,,,2025,8/14/2025,582.00 CHF,,,,,,,,,,3.78%,582.00 CHF,22.00,605.43,446.00,507.50,85%,4%,3.63%,4.93%,3.78%,8.51%,8.51%,0,4.33%,-6.04%,,,,,,,,,,,,
,,,,,,,,,,,,,,,,,,2025,8/15/2025,578.00 CHF,,,,,,,,,,3.81%,578.00 CHF,22.00,605.43,446.00,507.50,83%,5%,3.63%,4.93%,3.81%,9.26%,9.26%,0,4.33%,-6.68%,,,,,,,,,,,,
,,,,,,,,,,,,,,,,,,2025,8/18/2025,582.00 CHF,,,,,,,,,,3.78%,582.00 CHF,22.00,605.43,446.00,507.50,85%,4%,3.63%,4.93%,3.78%,8.51%,8.51%,0,4.33%,-6.04%,,,,,,,,,,,,
,,,,,,,,,,,,,,,,,,2025,8/19/2025,586.00 CHF,,,,,,,,,,3.75%,586.00 CHF,22.00,605.43,446.00,507.50,88%,3%,3.63%,4.93%,3.75%,7.76%,7.76%,0,4.33%,-5.39%,,,,,,,,,,,,
,,,,,,,,,,,,,,,,,,2025,8/20/2025,592.50 CHF,,,,,,,,,,3.71%,592.50 CHF,22.00,605.43,446.00,507.50,92%,2%,3.63%,4.93%,3.71%,6.58%,6.58%,0,4.33%,-4.34%,,,,,,,,,,,,
,,,,,,,,,,,,,,,,,,2025,8/21/2025,593.50 CHF,,,,,,,,,,3.71%,593.50 CHF,22.00,605.43,446.00,507.50,93%,2%,3.63%,4.93%,3.71%,6.40%,6.40%,0,4.33%,-4.18%,,,,,,,,,,,,
,,,,,,,,,,,,,,,,,,2025,8/22/2025,591.50 CHF,,,,,,,,,,3.72%,591.50 CHF,22.00,605.43,446.00,507.50,91%,2%,3.63%,4.93%,3.72%,6.76%,6.76%,0,4.33%,-4.50%,,,,,,,,,,,,
,,,,,,,,,,,,,,,,,,2025,8/25/2025,591.50 CHF,,,,,,,,,,3.72%,591.50 CHF,22.00,605.43,446.00,507.50,91%,2%,3.63%,4.93%,3.72%,6.76%,6.76%,0,4.33%,-4.50%,,,,,,,,,,,,
,,,,,,,,,,,,,,,,,,2025,8/26/2025,592.00 CHF,,,,,,,,,,3.72%,592.00 CHF,22.00,605.43,446.00,507.50,92%,2%,3.63%,4.93%,3.72%,6.67%,6.67%,0,4.33%,-4.42%,,,,,,,,,,,,
,,,,,,,,,,,,,,,,,,2025,8/27/2025,591.50 CHF,,,,,,,,,,3.72%,591.50 CHF,22.00,605.43,446.00,507.50,91%,2%,3.63%,4.93%,3.72%,6.76%,6.76%,0,4.33%,-4.50%,,,,,,,,,,,,
,,,,,,,,,,,,,,,,,,2025,8/28/2025,574.50 CHF,,,,,,,,,,3.83%,574.50 CHF,22.00,605.43,446.00,507.50,81%,5%,3.63%,4.93%,3.83%,9.92%,9.92%,0,4.33%,-7.25%,,,,,,,,,,,,
,,,,,,,,,,,,,,,,,,2025,8/29/2025,578.00 CHF,,,,,,,,,,3.81%,578.00 CHF,22.00,605.43,446.00,507.50,83%,5%,3.63%,4.93%,3.81%,9.26%,9.26%,0,4.33%,-6.68%,,,,,,,,,,,,
,,,,,,,,,,,,,,,,,,2025,9/1/2025,581.00 CHF,,,,,,,,,,3.79%,581.00 CHF,22.00,605.43,446.00,507.50,85%,4%,3.63%,4.93%,3.79%,8.69%,8.69%,0,4.33%,-6.20%,,,,,,,,,,,,
,,,,,,,,,,,,,,,,,,2025,9/2/2025,581.00 CHF,,,,,,,,,,3.79%,581.00 CHF,22.00,605.43,446.00,507.50,85%,4%,3.63%,4.93%,3.79%,8.69%,8.69%,0,4.33%,-6.20%,,,,,,,,,,,,
,,,,,,,,,,,,,,,,,,2025,9/3/2025,577.00 CHF,,,,,,,,,,3.81%,577.00 CHF,22.00,605.43,446.00,507.50,82%,5%,3.63%,4.93%,3.81%,9.45%,9.45%,0,4.33%,-6.85%,,,,,,,,,,,,
,,,,,,,,,,,,,,,,,,2025,9/4/2025,585.50 CHF,,,,,,,,,,3.76%,585.50 CHF,22.00,605.43,446.00,507.50,87%,3%,3.63%,4.93%,3.76%,7.86%,7.86%,0,4.33%,-5.47%,,,,,,,,,,,,
,,,,,,,,,,,,,,,,,,2025,9/5/2025,587.50 CHF,,,,,,,,,,3.74%,587.50 CHF,22.00,605.43,446.00,507.50,89%,3%,3.63%,4.93%,3.74%,7.49%,7.49%,0,4.33%,-5.15%,,,,,,,,,,,,
,,,,,,,,,,,,,,,,,,2025,9/8/2025,584.00 CHF,,,,,,,,,,3.77%,584.00 CHF,22.00,605.43,446.00,507.50,87%,4%,3.63%,4.93%,3.77%,8.13%,8.13%,0,4.33%,-5.72%,,,,,,,,,,,,
,,,,,,,,,,,,,,,,,,2025,9/9/2025,588.50 CHF,,,,,,,,,,3.74%,588.50 CHF,22.00,605.43,446.00,507.50,89%,3%,3.63%,4.93%,3.74%,7.31%,7.31%,0,4.33%,-4.99%,,,,,,,,,,,,
,,,,,,,,,,,,,,,,,,2025,9/10/2025,586.50 CHF,,,,,,,,,,3.75%,586.50 CHF,22.00,605.43,446.00,507.50,88%,3%,3.63%,4.93%,3.75%,7.67%,7.67%,0,4.33%,-5.31%,,,,,,,,,,,,
,,,,,,,,,,,,,,,,,,2025,9/11/2025,586.50 CHF,,,,,,,,,,3.75%,586.50 CHF,22.00,605.43,446.00,507.50,88%,3%,3.63%,4.93%,3.75%,7.67%,7.67%,0,4.33%,-5.31%,,,,,,,,,,,,
,,,,,,,,,,,,,,,,,,2025,9/12/2025,593.00 CHF,,,,,,,,,,3.71%,593.00 CHF,22.00,605.43,446.00,507.50,92%,2%,3.63%,4.93%,3.71%,6.49%,6.49%,0,4.33%,-4.26%,,,,,,,,,,,,
,,,,,,,,,,,,,,,,,,2025,9/15/2025,584.50 CHF,,,,,,,,,,3.76%,584.50 CHF,22.00,605.43,446.00,507.50,87%,4%,3.63%,4.93%,3.76%,8.04%,8.04%,0,4.33%,-5.63%,,,,,,,,,,,,
,,,,,,,,,,,,,,,,,,2025,9/16/2025,584.00 CHF,,,,,,,,,,3.77%,584.00 CHF,22.00,605.43,446.00,507.50,87%,4%,3.63%,4.93%,3.77%,8.13%,8.13%,0,4.33%,-5.72%,,,,,,,,,,,,
,,,,,,,,,,,,,,,,,,2025,9/17/2025,583.50 CHF,,,,,,,,,,3.77%,583.50 CHF,22.00,605.43,446.00,507.50,86%,4%,3.63%,4.93%,3.77%,8.23%,8.23%,0,4.33%,-5.80%,,,,,,,,,,,,
,,,,,,,,,,,,,,,,,,2025,9/18/2025,575.50 CHF,,,,,,,,,,3.82%,575.50 CHF,22.00,605.43,446.00,507.50,81%,5%,3.63%,4.93%,3.82%,9.73%,9.73%,0,4.33%,-7.09%,,,,,,,,,,,,
,,,,,,,,,,,,,,,,,,2025,9/19/2025,578.50 CHF,,,,,,,,,,3.80%,578.50 CHF,22.00,605.43,446.00,507.50,83%,5%,3.63%,4.93%,3.80%,9.16%,9.16%,0,4.33%,-6.60%,,,,,,,,,,,,
,,,,,,,,,,,,,,,,,,2025,9/22/2025,571.50 CHF,,,,,,,,,,3.85%,571.50 CHF,22.00,605.43,446.00,507.50,79%,6%,3.63%,4.93%,3.85%,10.50%,10.50%,0,4.33%,-7.73%,,,,,,,,,,,,
,,,,,,,,,,,,,,,,,,2025,9/23/2025,570.00 CHF,,,,,,,,,,3.86%,570.00 CHF,22.00,605.43,446.00,507.50,78%,6%,3.63%,4.93%,3.86%,10.79%,10.79%,0,4.33%,-7.98%,,,,,,,,,,,,
,,,,,,,,,,,,,,,,,,2025,9/24/2025,571.00 CHF,,,,,,,,,,3.85%,571.00 CHF,22.00,605.43,446.00,507.50,78%,6%,3.63%,4.93%,3.85%,10.60%,10.60%,0,4.33%,-7.81%,,,,,,,,,,,,
,,,,,,,,,,,,,,,,,,2025,9/25/2025,576.50 CHF,,,,,,,,,,3.82%,576.50 CHF,22.00,605.43,446.00,507.50,82%,5%,3.63%,4.93%,3.82%,9.54%,9.54%,0,4.33%,-6.93%,,,,,,,,,,,,
,,,,,,,,,,,,,,,,,,2025,9/26/2025,580.50 CHF,,,,,,,,,,3.79%,580.50 CHF,22.00,605.43,446.00,507.50,84%,4%,3.63%,4.93%,3.79%,8.79%,8.79%,0,4.33%,-6.28%,,,,,,,,,,,,
,,,,,,,,,,,,,,,,,,2025,9/29/2025,578.00 CHF,,,,,,,,,,3.81%,578.00 CHF,22.00,605.43,446.00,507.50,83%,5%,3.63%,4.93%,3.81%,9.26%,9.26%,0,4.33%,-6.68%,,,,,,,,,,,,
,,,,,,,,,,,,,,,,,,2025,9/30/2025,577.50 CHF,,,,,,,,,,3.81%,577.50 CHF,22.00,605.43,446.00,507.50,82%,5%,3.63%,4.93%,3.81%,9.35%,9.35%,0,4.33%,-6.76%,,,,,,,,,,,,
,,,,,,,,,,,,,,,,,,2025,10/1/2025,578.00 CHF,,,,,,,,,,3.81%,578.00 CHF,22.00,605.43,446.00,507.50,83%,5%,3.63%,4.93%,3.81%,9.26%,9.26%,0,4.33%,-6.68%,,,,,,,,,,,,
,,,,,,,,,,,,,,,,,,2025,10/2/2025,585.00 CHF,,,,,,,,,,3.76%,585.00 CHF,22.00,605.43,446.00,507.50,87%,3%,3.63%,4.93%,3.76%,7.95%,7.95%,0,4.33%,-5.55%,,,,,,,,,,,,
,,,,,,,,,,,,,,,,,,2025,10/3/2025,586.00 CHF,,,,,,,,,,3.75%,586.00 CHF,22.00,605.43,446.00,507.50,88%,3%,3.63%,4.93%,3.75%,7.76%,7.76%,0,4.33%,-5.39%,,,,,,,,,,,,
,,,,,,,,,,,,,,,,,,2025,10/6/2025,588.00 CHF,,,,,,,,,,3.74%,588.00 CHF,22.00,605.43,446.00,507.50,89%,3%,3.63%,4.93%,3.74%,7.40%,7.40%,0,4.33%,-5.07%,,,,,,,,,,,,
,,,,,,,,,,,,,,,,,,2025,10/7/2025,592.50 CHF,,,,,,,,,,3.71%,592.50 CHF,22.00,605.43,446.00,507.50,92%,2%,3.63%,4.93%,3.71%,6.58%,6.58%,0,4.33%,-4.34%,,,,,,,,,,,,
,,,,,,,,,,,,,,,,,,2025,10/8/2025,592.00 CHF,,,,,,,,,,3.72%,592.00 CHF,22.00,605.43,446.00,507.50,92%,2%,3.63%,4.93%,3.72%,6.67%,6.67%,0,4.33%,-4.42%,,,,,,,,,,,,
,,,,,,,,,,,,,,,,,,2025,10/9/2025,593.50 CHF,,,,,,,,,,3.71%,593.50 CHF,22.00,605.43,446.00,507.50,93%,2%,3.63%,4.93%,3.71%,6.40%,6.40%,0,4.33%,-4.18%,,,,,,,,,,,,
,,,,,,,,,,,,,,,,,,2025,10/10/2025,587.50 CHF,,,,,,,,,,3.74%,587.50 CHF,22.00,605.43,446.00,507.50,89%,3%,3.63%,4.93%,3.74%,7.49%,7.49%,0,4.33%,-5.15%,,,,,,,,,,,,
,,,,,,,,,,,,,,,,,,2025,10/13/2025,576.00 CHF,,,,,,,,,,3.82%,576.00 CHF,22.00,605.43,446.00,507.50,82%,5%,3.63%,4.93%,3.82%,9.64%,9.64%,0,4.33%,-7.01%,,,,,,,,,,,,
,,,,,,,,,,,,,,,,,,2025,10/14/2025,581.50 CHF,,,,,,,,,,3.78%,581.50 CHF,22.00,605.43,446.00,507.50,85%,4%,3.63%,4.93%,3.78%,8.60%,8.60%,0,4.33%,-6.12%,,,,,,,,,,,,
,,,,,,,,,,,,,,,,,,2025,10/15/2025,587.50 CHF,,,,,,,,,,3.74%,587.50 CHF,22.00,605.43,446.00,507.50,89%,3%,3.63%,4.93%,3.74%,7.49%,7.49%,0,4.33%,-5.15%,,,,,,,,,,,,
,,,,,,,,,,,,,,,,,,2025,10/16/2025,589.00 CHF,,,,,,,,,,3.74%,589.00 CHF,22.00,605.43,446.00,507.50,90%,3%,3.63%,4.93%,3.74%,7.22%,7.22%,0,4.33%,-4.91%,,,,,,,,,,,,
,,,,,,,,,,,,,,,,,,2025,10/17/2025,594.50 CHF,,,,,,,,,,3.70%,594.50 CHF,22.00,605.43,446.00,507.50,93%,2%,3.63%,4.93%,3.70%,6.22%,6.22%,0,4.33%,-4.02%,,,,,,,,,,,,
,,,,,,,,,,,,,,,,,,2025,10/20/2025,592.50 CHF,,,,,,,,,,3.71%,592.50 CHF,22.00,605.43,446.00,507.50,92%,2%,3.63%,4.93%,3.71%,6.58%,6.58%,0,4.33%,-4.34%,,,,,,,,,,,,
,,,,,,,,,,,,,,,,,,2025,10/21/2025,595.50 CHF,,,,,,,,,,3.69%,595.50 CHF,22.00,605.43,446.00,507.50,94%,2%,3.63%,4.93%,3.69%,6.05%,6.05%,0,4.33%,-3.86%,,,,,,,,,,,,
,,,,,,,,,,,,,,,,,,2025,10/22/2025,592.00 CHF,,,,,,,,,,3.72%,592.00 CHF,22.00,605.43,446.00,507.50,92%,2%,3.63%,4.93%,3.72%,6.67%,6.67%,0,4.33%,-4.42%,,,,,,,,,,,,
,,,,,,,,,,,,,,,,,,2025,10/23/2025,587.50 CHF,,,,,,,,,,3.74%,587.50 CHF,22.00,605.43,446.00,507.50,89%,3%,3.63%,4.93%,3.74%,7.49%,7.49%,0,4.33%,-5.15%,,,,,,,,,,,,
,,,,,,,,,,,,,,,,,,2025,10/24/2025,588.50 CHF,,,,,,,,,,3.74%,588.50 CHF,22.00,605.43,446.00,507.50,89%,3%,3.63%,4.93%,3.74%,7.31%,7.31%,0,4.33%,-4.99%,,,,,,,,,,,,
,,,,,,,,,,,,,,,,,,2025,10/27/2025,585.00 CHF,,,,,,,,,,3.76%,585.00 CHF,22.00,605.43,446.00,507.50,87%,3%,3.63%,4.93%,3.76%,7.95%,7.95%,0,4.33%,-5.55%,,,,,,,,,,,,
,,,,,,,,,,,,,,,,,,2025,10/28/2025,583.50 CHF,,,,,,,,,,3.77%,583.50 CHF,22.00,605.43,446.00,507.50,86%,4%,3.63%,4.93%,3.77%,8.23%,8.23%,0,4.33%,-5.80%,,,,,,,,,,,,
,,,,,,,,,,,,,,,,,,2025,10/29/2025,577.00 CHF,,,,,,,,,,3.81%,577.00 CHF,22.00,605.43,446.00,507.50,82%,5%,3.63%,4.93%,3.81%,9.45%,9.45%,0,4.33%,-6.85%,,,,,,,,,,,,
,,,,,,,,,,,,,,,,,,2025,10/30/2025,592.00 CHF,,,,,,,,,,3.72%,592.00 CHF,22.00,605.43,446.00,507.50,92%,2%,3.63%,4.93%,3.72%,6.67%,6.67%,0,4.33%,-4.42%,,,,,,,,,,,,
,,,,,,,,,,,,,,,,,,2025,10/31/2025,589.50 CHF,,,,,,,,,,3.73%,589.50 CHF,22.00,605.43,446.00,507.50,90%,3%,3.63%,4.93%,3.73%,7.12%,7.12%,0,4.33%,-4.83%,,,,,,,,,,,,
,,,,,,,,,,,,,,,,,,2025,11/3/2025,585.50 CHF,,,,,,,,,,3.76%,585.50 CHF,22.00,605.43,446.00,507.50,87%,3%,3.63%,4.93%,3.76%,7.86%,7.86%,0,4.33%,-5.47%,,,,,,,,,,,,
,,,,,,,,,,,,,,,,,,2025,11/4/2025,577.00 CHF,,,,,,,,,,3.81%,577.00 CHF,22.00,605.43,446.00,507.50,82%,5%,3.63%,4.93%,3.81%,9.45%,9.45%,0,4.33%,-6.85%,,,,,,,,,,,,
,,,,,,,,,,,,,,,,,,2025,11/5/2025,573.00 CHF,,,,,,,,,,3.84%,573.00 CHF,22.00,605.43,446.00,507.50,80%,6%,3.63%,4.93%,3.84%,10.21%,10.21%,0,4.33%,-7.49%,,,,,,,,,,,,
,,,,,,,,,,,,,,,,,,2025,11/6/2025,591.50 CHF,,,,,,,,,,3.72%,591.50 CHF,22.00,605.43,446.00,507.50,91%,2%,3.63%,4.93%,3.72%,6.76%,6.76%,0,4.33%,-4.50%,,,,,,,,,,,,
,,,,,,,,,,,,,,,,,,2025,11/7/2025,603.00 CHF,,,,,,,,,,3.65%,603.00 CHF,22.00,605.43,446.00,507.50,98%,0%,3.63%,4.93%,3.65%,4.73%,4.73%,0,4.33%,-2.65%,,,,,,,,,,,,
,,,,,,,,,,,,,,,,,,2025,11/10/2025,599.50 CHF,,,,,,,,,,3.67%,599.50 CHF,22.00,605.43,446.00,507.50,96%,1%,3.63%,4.93%,3.67%,5.34%,5.34%,0,4.33%,-3.21%,,,,,,,,,,,,
,,,,,,,,,,,,,,,,,,2025,11/11/2025,600.50 CHF,,,,,,,,,,3.66%,600.50 CHF,22.00,605.43,446.00,507.50,97%,1%,3.63%,4.93%,3.66%,5.16%,5.16%,0,4.33%,-3.05%,,,,,,,,,,,,
,,,,,,,,,,,,,,,,,,2025,11/12/2025,597.00 CHF,,,,,,,,,,3.69%,597.00 CHF,22.00,605.43,446.00,507.50,95%,1%,3.63%,4.93%,3.69%,5.78%,5.78%,0,4.33%,-3.62%,,,,,,,,,,,,
,,,,,,,,,,,,,,,,,,2025,11/13/2025,590.50 CHF,,,,,,,,,,3.73%,590.50 CHF,22.00,605.43,446.00,507.50,91%,3%,3.63%,4.93%,3.73%,6.94%,6.94%,0,4.33%,-4.67%,,,,,,,,,,,,
,,,,,,,,,,,,,,,,,,2025,11/14/2025,582.00 CHF,,,,,,,,,,3.78%,582.00 CHF,22.00,605.43,446.00,507.50,85%,4%,3.63%,4.93%,3.78%,8.51%,8.51%,0,4.33%,-6.04%,,,,,,,,,,,,
,,,,,,,,,,,,,,,,,,2025,11/17/2025,583.50 CHF,,,,,,,,,,3.77%,583.50 CHF,22.00,605.43,446.00,507.50,86%,4%,3.63%,4.93%,3.77%,8.23%,8.23%,0,4.33%,-5.80%,,,,,,,,,,,,
,,,,,,,,,,,,,,,,,,2025,11/18/2025,581.00 CHF,,,,,,,,,,3.79%,581.00 CHF,22.00,605.43,446.00,507.50,85%,4%,3.63%,4.93%,3.79%,8.69%,8.69%,0,4.33%,-6.20%,,,,,,,,,,,,
,,,,,,,,,,,,,,,,,,2025,11/19/2025,577.50 CHF,,,,,,,,,,3.81%,577.50 CHF,22.00,605.43,446.00,507.50,82%,5%,3.63%,4.93%,3.81%,9.35%,9.35%,0,4.33%,-6.76%,,,,,,,,,,,,
,,,,,,,,,,,,,,,,,,2025,11/20/2025,576.50 CHF,,,,,,,,,,3.82%,576.50 CHF,22.00,605.43,446.00,507.50,82%,5%,3.63%,4.93%,3.82%,9.54%,9.54%,0,4.33%,-6.93%,,,,,,,,,,,,
,,,,,,,,,,,,,,,,,,2025,11/21/2025,574.50 CHF,,,,,,,,,,3.83%,574.50 CHF,22.00,605.43,446.00,507.50,81%,5%,3.63%,4.93%,3.83%,9.92%,9.92%,0,4.33%,-7.25%,,,,,,,,,,,,
,,,,,,,,,,,,,,,,,,2025,11/24/2025,580.50 CHF,,,,,,,,,,3.79%,580.50 CHF,22.00,605.43,446.00,507.50,84%,4%,3.63%,4.93%,3.79%,8.79%,8.79%,0,4.33%,-6.28%,,,,,,,,,,,,
,,,,,,,,,,,,,,,,,,2025,11/25/2025,582.50 CHF,,,,,,,,,,3.78%,582.50 CHF,22.00,605.43,446.00,507.50,86%,4%,3.63%,4.93%,3.78%,8.41%,8.41%,0,4.33%,-5.96%,,,,,,,,,,,,
,,,,,,,,,,,,,,,,,,2025,11/26/2025,585.50 CHF,,,,,,,,,,3.76%,585.50 CHF,22.00,605.43,446.00,507.50,87%,3%,3.63%,4.93%,3.76%,7.86%,7.86%,0,4.33%,-5.47%,,,,,,,,,,,,
,,,,,,,,,,,,,,,,,,2025,11/27/2025,583.50 CHF,,,,,,,,,,3.77%,583.50 CHF,22.00,605.43,446.00,507.50,86%,4%,3.63%,4.93%,3.77%,8.23%,8.23%,0,4.33%,-5.80%,,,,,,,,,,,,
,,,,,,,,,,,,,,,,,,2025,11/28/2025,576.50 CHF,,,,,,,,,,3.82%,576.50 CHF,22.00,605.43,446.00,507.50,82%,5%,3.63%,4.93%,3.82%,9.54%,9.54%,0,4.33%,-6.93%,,,,,,,,,,,,
,,,,,,,,,,,,,,,,,,2025,12/1/2025,572.50 CHF,,,,,,,,,,3.84%,572.50 CHF,22.00,605.43,446.00,507.50,79%,6%,3.63%,4.93%,3.84%,10.31%,10.31%,0,4.33%,-7.57%,,,,,,,,,,,,
,,,,,,,,,,,,,,,,,,2025,12/2/2025,568.00 CHF,,,,,,,,,,3.87%,568.00 CHF,22.00,605.43,446.00,507.50,77%,7%,3.63%,4.93%,3.87%,11.18%,11.18%,0,4.33%,-8.30%,,,,,,,,,,,,
,,,,,,,,,,,,,,,,,,2025,12/3/2025,562.50 CHF,,,,,,,,,,3.91%,562.50 CHF,22.00,605.43,446.00,507.50,73%,8%,3.63%,4.93%,3.91%,12.27%,12.27%,0,4.33%,-9.19%,,,,,,,,,,,,
,,,,,,,,,,,,,,,,,,2025,12/4/2025,561.00 CHF,,,,,,,,,,3.92%,561.00 CHF,22.00,605.43,446.00,507.50,72%,8%,3.63%,4.93%,3.92%,12.57%,12.57%,0,4.33%,-9.43%,,,,,,,,,,,,
,,,,,,,,,,,,,,,,,,2025,12/5/2025,557.50 CHF,,,,,,,,,,3.95%,557.50 CHF,22.00,605.43,446.00,507.50,70%,9%,3.63%,4.93%,3.95%,13.27%,13.27%,0,4.33%,-9.99%,,,,,,,,,,,,
,,,,,,,,,,,,,,,,,,2025,12/8/2025,555.50 CHF,,,,,,,,,,3.96%,555.50 CHF,22.00,605.43,446.00,507.50,69%,9%,3.63%,4.93%,3.96%,13.68%,13.68%,0,4.33%,-10.32%,,,,,,,,,,,,
,,,,,,,,,,,,,,,,,,2025,12/9/2025,551.50 CHF,,,,,,,,,,3.99%,551.50 CHF,22.00,605.43,446.00,507.50,66%,10%,3.63%,4.93%,3.99%,14.51%,14.51%,0,4.33%,-10.96%,,,,,,,,,,,,
,,,,,,,,,,,,,,,,,,2025,12/10/2025,553.00 CHF,,,,,,,,,,3.98%,553.00 CHF,22.00,605.43,446.00,507.50,67%,9%,3.63%,4.93%,3.98%,14.20%,14.20%,0,4.33%,-10.72%,,,,,,,,,,,,
,,,,,,,,,,,,,,,,,,2025,12/11/2025,549.00 CHF,,,,,,,,,,4.01%,549.00 CHF,22.00,605.43,446.00,507.50,65%,10%,3.63%,4.93%,4.01%,15.03%,15.03%,0,4.33%,-11.37%,,,,,,,,,,,,
,,,,,,,,,,,,,,,,,,2025,12/12/2025,557.00 CHF,,,,,,,,,,3.95%,557.00 CHF,22.00,605.43,446.00,507.50,70%,9%,3.63%,4.93%,3.95%,13.38%,13.38%,0,4.33%,-10.07%,,,,,,,,,,,,
,,,,,,,,,,,,,,,,,,2025,12/15/2025,559.00 CHF,,,,,,,,,,3.94%,559.00 CHF,22.00,605.43,446.00,507.50,71%,8%,3.63%,4.93%,3.94%,12.97%,12.97%,0,4.33%,-9.75%,,,,,,,,,,,,
,,,,,,,,,,,,,,,,,,2025,12/16/2025,562.00 CHF,,,,,,,,,,3.91%,562.00 CHF,22.00,605.43,446.00,507.50,73%,8%,3.63%,4.93%,3.91%,12.37%,12.37%,0,4.33%,-9.27%,,,,,,,,,,,,
,,,,,,,,,,,,,,,,,,2025,12/17/2025,564.00 CHF,,,,,,,,,,3.90%,564.00 CHF,22.00,605.43,446.00,507.50,74%,7%,3.63%,4.93%,3.90%,11.97%,11.97%,0,4.33%,-8.94%,,,,,,,,,,,,
,,,,,,,,,,,,,,,,,,2025,12/18/2025,565.00 CHF,,,,,,,,,,3.89%,565.00 CHF,22.00,605.43,446.00,507.50,75%,7%,3.63%,4.93%,3.89%,11.77%,11.77%,0,4.33%,-8.78%,,,,,,,,,,,,
,,,,,,,,,,,,,,,,,,2025,12/19/2025,569.50 CHF,,,,,,,,,,3.86%,569.50 CHF,22.00,605.43,446.00,507.50,77%,6%,3.63%,4.93%,3.86%,10.89%,10.89%,0,4.33%,-8.06%,,,,,,,,,,,,
,,,,,,,,,,,,,,,,,,2025,12/22/2025,568.00 CHF,,,,,,,,,,3.87%,568.00 CHF,22.00,605.43,446.00,507.50,77%,7%,3.63%,4.93%,3.87%,11.18%,11.18%,0,4.33%,-8.30%,,,,,,,,,,,,
,,,,,,,,,,,,,,,,,,2025,12/23/2025,568.50 CHF,,,,,,,,,,3.87%,568.50 CHF,22.00,605.43,446.00,507.50,77%,6%,3.63%,4.93%,3.87%,11.08%,11.08%,0,4.33%,-8.22%,,,,,,,,,,,,
,,,,,,,,,,,,,,,,,,2025,12/29/2025,573.50 CHF,,,,,,,,,,3.84%,573.50 CHF,22.00,605.43,446.00,507.50,80%,6%,3.63%,4.93%,3.84%,10.11%,10.11%,0,4.33%,-7.41%,,,,,,,,,,,,
,,,,,,,,,,,,,,,,,,2025,12/30/2025,575.50 CHF,,,,,,,,,,3.82%,575.50 CHF,22.00,605.43,446.00,507.50,81%,5%,3.63%,4.93%,3.82%,9.73%,9.73%,0,4.33%,-7.09%,,,,,,,,,,,,
,,,,,,,,,,,,,,,,,,2026,1/5/2026,579.00 CHF,,,,,,,,,,3.80%,579.00 CHF,22.00,605.43,446.00,507.50,83%,5%,3.63%,4.93%,3.80%,9.07%,9.07%,0,4.33%,-6.52%,,,,,,,,,,,,
,,,,,,,,,,,,,,,,,,2026,1/6/2026,584.00 CHF,,,,,,,,,,3.77%,584.00 CHF,22.00,605.43,446.00,507.50,87%,4%,3.63%,4.93%,3.77%,8.13%,8.13%,0,4.33%,-5.72%,,,,,,,,,,,,
,,,,,,,,,,,,,,,,,,2026,1/7/2026,589.50 CHF,,,,,,,,,,3.73%,589.50 CHF,22.00,605.43,446.00,507.50,90%,3%,3.63%,4.93%,3.73%,7.12%,7.12%,0,4.33%,-4.83%,,,,,,,,,,,,
,,,,,,,,,,,,,,,,,,2026,1/8/2026,590.50 CHF,,,,,,,,,,3.73%,590.50 CHF,22.00,605.43,446.00,507.50,91%,3%,3.63%,4.93%,3.73%,6.94%,6.94%,0,4.33%,-4.67%,,,,,,,,,,,,
,,,,,,,,,,,,,,,,,,2026,1/9/2026,586.50 CHF,,,,,,,,,,3.75%,586.50 CHF,22.00,605.43,446.00,507.50,88%,3%,3.63%,4.93%,3.75%,7.67%,7.67%,0,4.33%,-5.31%,,,,,,,,,,,,
,,,,,,,,,,,,,,,,,,2026,1/12/2026,587.50 CHF,,,,,,,,,,3.74%,587.50 CHF,22.00,605.43,446.00,507.50,89%,3%,3.63%,4.93%,3.74%,7.49%,7.49%,0,4.33%,-5.15%,,,,,,,,,,,,
,,,,,,,,,,,,,,,,,,2026,1/13/2026,585.00 CHF,,,,,,,,,,3.76%,585.00 CHF,22.00,605.43,446.00,507.50,87%,3%,3.63%,4.93%,3.76%,7.95%,7.95%,0,4.33%,-5.55%,,,,,,,,,,,,
,,,,,,,,,,,,,,,,,,2026,1/14/2026,595.50 CHF,,,,,,,,,,3.69%,595.50 CHF,22.00,605.43,446.00,507.50,94%,2%,3.63%,4.93%,3.69%,6.05%,6.05%,0,4.33%,-3.86%,,,,,,,,,,,,
,,,,,,,,,,,,,,,,,,2026,1/15/2026,595.00 CHF,,,,,,,,,,3.70%,595.00 CHF,22.00,605.43,446.00,507.50,93%,2%,3.63%,4.93%,3.70%,6.13%,6.13%,0,4.33%,-3.94%,,,,,,,,,,,,
,,,,,,,,,,,,,,,,,,2026,1/16/2026,595.00 CHF,,,,,,,,,,3.70%,595.00 CHF,22.00,605.43,446.00,507.50,93%,2%,3.63%,4.93%,3.70%,6.13%,6.13%,0,4.33%,-3.94%,,,,,,,,,,,,
,,,,,,,,,,,,,,,,,,2026,1/19/2026,602.00 CHF,,,,,,,,,,3.65%,602.00 CHF,22.00,605.43,446.00,507.50,98%,1%,3.63%,4.93%,3.65%,4.90%,4.90%,0,4.33%,-2.81%,,,,,,,,,,,,
,,,,,,,,,,,,,,,,,,2026,1/20/2026,599.00 CHF,,,,,,,,,,3.67%,599.00 CHF,22.00,605.43,446.00,507.50,96%,1%,3.63%,4.93%,3.67%,5.43%,5.43%,0,4.33%,-3.29%,,,,,,,,,,,,
,,,,,,,,,,,,,,,,,,2026,1/21/2026,597.00 CHF,,,,,,,,,,3.69%,597.00 CHF,22.00,605.43,446.00,507.50,95%,1%,3.63%,4.93%,3.69%,5.78%,5.78%,0,4.33%,-3.62%,,,,,,,,,,,,
,,,,,,,,,,,,,,,,,,2026,1/22/2026,602.00 CHF,,,,,,,,,,3.65%,602.00 CHF,22.00,605.43,446.00,507.50,98%,1%,3.63%,4.93%,3.65%,4.90%,4.90%,0,4.33%,-2.81%,,,,,,,,,,,,
,,,,,,,,,,,,,,,,,,2026,1/23/2026,608.50 CHF,,,,,,,,,,3.62%,608.50 CHF,22.00,605.43,446.00,507.50,102%,-1%,3.63%,4.93%,3.62%,3.78%,3.78%,0,4.33%,-1.76%,,,,,,,,,,,,
,,,,,,,,,,,,,,,,,,2026,1/26/2026,605.50 CHF,,,,,,,,,,3.63%,605.50 CHF,22.00,605.43,446.00,507.50,100%,0%,3.63%,4.93%,3.63%,4.29%,4.29%,0,4.33%,-2.24%,,,,,,,,,,,,
,,,,,,,,,,,,,,,,,,2026,1/27/2026,629.50 CHF,,,,,,,,,,3.49%,629.50 CHF,22.00,605.43,446.00,507.50,115%,-4%,3.63%,4.93%,3.49%,0.32%,0.32%,0,4.33%,0.00%,,,,,,,,,,,,
,,,,,,,,,,,,,,,,,,2026,1/28/2026,633.00 CHF,,,,,,,,,,3.48%,633.00 CHF,22.00,605.43,446.00,507.50,117%,-4%,3.63%,4.93%,3.48%,-0.24%,-0.24%,0,4.33%,0.00%,,,,,,,,,,,,
,,,,,,,,,,,,,,,,,,2026,1/29/2026,632.00 CHF,,,,,,,,,,3.48%,632.00 CHF,22.00,605.43,446.00,507.50,117%,-4%,3.63%,4.93%,3.48%,-0.08%,-0.08%,0,4.33%,-0.16%,,,,,,,,,,,,
,,,,,,,,,,,,,,,,,,2026,1/30/2026,633.50 CHF,,,,,,,,,,3.47%,633.50 CHF,22.00,605.43,446.00,507.50,118%,-4%,3.63%,4.93%,3.47%,-0.32%,-0.32%,0,4.33%,0.00%,,,,,,,,,,,,
,,,,,,,,,,,,,,,,,,2026,2/2/2026,635.00 CHF,,,,,,,,,,3.46%,635.00 CHF,22.00,605.43,446.00,507.50,119%,-5%,3.63%,4.93%,3.46%,-0.55%,-0.55%,0,4.33%,0.00%,,,,,,,,,,,,
,,,,,,,,,,,,,,,,,,2026,2/3/2026,636.50 CHF,,,,,,,,,,3.46%,636.50 CHF,22.00,605.43,446.00,507.50,119%,-5%,3.63%,4.93%,3.46%,-0.79%,-0.79%,0,4.33%,0.00%,,,,,,,,,,,,
,,,,,,,,,,,,,,,,,,2026,2/4/2026,661.50 CHF,,,,,,,,,,3.33%,661.50 CHF,22.00,605.43,446.00,507.50,135%,-8%,3.63%,4.93%,3.33%,-4.54%,-4.54%,0,4.33%,0.00%,,,,,,,,,,,,
,,,,,,,,,,,,,,,,,,2026,2/5/2026,662.00 CHF,,,,,,,,,,3.32%,662.00 CHF,22.00,605.43,446.00,507.50,135%,-9%,3.63%,4.93%,3.32%,-4.61%,-4.61%,0,4.33%,0.00%,,,,,,,,,,,,
,,,,,,,,,,,,,,,,,,2026,2/6/2026,662.00 CHF,,,,,,,,,,3.32%,662.00 CHF,22.00,605.43,446.00,507.50,135%,-9%,3.63%,4.93%,3.32%,-4.61%,-4.61%,0,4.33%,0.00%,,,,,,,,,,,,
,,,,,,,,,,,,,,,,,,2026,2/9/2026,657.00 CHF,,,,,,,,,,3.35%,657.00 CHF,22.00,605.43,446.00,507.50,132%,-8%,3.63%,4.93%,3.35%,-3.88%,-3.88%,0,4.33%,-0.76%,,,,,,,,,,,,
,,,,,,,,,,,,,,,,,,2026,2/10/2026,654.50 CHF,,,,,,,,,,3.36%,654.50 CHF,22.00,605.43,446.00,507.50,131%,-7%,3.63%,4.93%,3.36%,-3.51%,-3.51%,0,4.33%,-1.13%,,,,,,,,,,,,
,,,,,,,,,,,,,,,,,,2026,2/11/2026,673.50 CHF,,,,,,,,,,3.27%,673.50 CHF,22.00,605.43,446.00,507.50,143%,-10%,3.63%,4.93%,3.27%,-6.24%,-6.24%,0,4.33%,0.00%,,,,,,,,,,,,
,,,,,,,,,,,,,,,,,,2026,2/12/2026,686.50 CHF,,,,,,,,,,3.20%,686.50 CHF,22.00,605.43,446.00,507.50,151%,-12%,3.63%,4.93%,3.20%,-8.01%,-8.01%,0,4.33%,0.00%,,,,,,,,,,,,
,,,,,,,,,,,,,,,,,,2026,2/13/2026,702.50 CHF,,,,,,,,,,3.13%,702.50 CHF,22.00,605.43,446.00,507.50,161%,-14%,3.63%,4.93%,3.13%,-10.11%,-10.11%,0,4.33%,0.00%,,,,,,,,,,,,
,,,,,,,,,,,,,,,,,,2026,2/16/2026,700.50 CHF,,,,,,,,,,3.14%,700.50 CHF,22.00,605.43,446.00,507.50,160%,-14%,3.63%,4.93%,3.14%,-9.85%,-9.85%,0,4.33%,-0.28%,,,,,,,,,,,,
,,,,,,,,,,,,,,,,,,2026,2/17/2026,707.00 CHF,,,,,,,,,,3.11%,707.00 CHF,22.00,605.43,446.00,507.50,164%,-14%,3.63%,4.93%,3.11%,-10.68%,-10.68%,0,4.33%,0.00%,,,,,,,,,,,,
,,,,,,,,,,,,,,,,,,2026,2/18/2026,702.50 CHF,,,,,,,,,,3.13%,702.50 CHF,22.00,605.43,446.00,507.50,161%,-14%,3.63%,4.93%,3.13%,-10.11%,-10.11%,0,4.33%,-0.64%,,,,,,,,,,,,
,,,,,,,,,,,,,,,,,,2026,2/19/2026,706.50 CHF,,,,,,,,,,3.11%,706.50 CHF,22.00,605.43,446.00,507.50,163%,-14%,3.63%,4.93%,3.11%,-10.62%,-10.62%,0,4.33%,-0.07%,,,,,,,,,,,,
,,,,,,,,,,,,,,,,,,2026,2/20/2026,703.50 CHF,,,,,,,,,,3.13%,703.50 CHF,22.00,605.43,446.00,507.50,162%,-14%,3.63%,4.93%,3.13%,-10.23%,-10.23%,0,4.33%,-0.50%,,,,,,,,,,,,
,,,,,,,,,,,,,,,,,,2026,2/23/2026,716.00 CHF,,,,,,,,,,3.07%,716.00 CHF,22.00,605.43,446.00,507.50,169%,-15%,3.63%,4.93%,3.07%,-11.80%,-11.80%,0,4.33%,0.00%,,,,,,,,,,,,
,,,,,,,,,,,,,,,,,,2026,2/24/2026,716.00 CHF,,,,,,,,,,3.07%,716.00 CHF,22.00,605.43,446.00,507.50,169%,-15%,3.63%,4.93%,3.07%,-11.80%,-11.80%,0,4.33%,0.00%,,,,,,,,,,,,
,,,,,,,,,,,,,,,,,,2026,2/25/2026,711.00 CHF,,,,,,,,,,3.09%,711.00 CHF,22.00,605.43,446.00,507.50,166%,-15%,3.63%,4.93%,3.09%,-11.18%,-11.18%,0,4.33%,-0.70%,,,,,,,,,,,,
,,,,,,,,,,,,,,,,,,2026,2/26/2026,708.00 CHF,,,,,,,,,,3.11%,708.00 CHF,22.00,605.43,446.00,507.50,164%,-14%,3.63%,4.93%,3.11%,-10.81%,-10.81%,0,4.33%,-1.12%,,,,,,,,,,,,
,,,,,,,,,,,,,,,,,,2026,2/27/2026,721.50 CHF,,,,,,,,,,3.05%,721.50 CHF,22.00,605.43,446.00,507.50,173%,-16%,3.63%,4.93%,3.05%,-12.47%,-12.47%,0,4.33%,0.00%,,,,,,,,,,,,
,,,,,,,,,,,,,,,,,,2026,3/2/2026,717.00 CHF,,,,,,,,,,3.07%,717.00 CHF,22.00,605.43,446.00,507.50,170%,-16%,3.63%,4.93%,3.07%,-11.92%,-11.92%,0,4.33%,-0.62%,,,,,,,,,,,,
,,,,,,,,,,,,,,,,,,2026,3/3/2026,715.50 CHF,,,,,,,,,,3.07%,715.50 CHF,22.00,605.43,446.00,507.50,169%,-15%,3.63%,4.93%,3.07%,-11.74%,-11.74%,0,4.33%,-0.83%,,,,,,,,,,,,
,,,,,,,,,,,,,,,,,,2026,3/4/2026,720.50 CHF,,,,,,,,,,3.05%,720.50 CHF,22.00,605.43,446.00,507.50,172%,-16%,3.63%,4.93%,3.05%,-12.35%,-12.35%,0,4.33%,-0.14%,,,,,,,,,,,,
,,,,,,,,,,,,,,,,,,2026,3/5/2026,714.50 CHF,,,,,,,,,,3.08%,714.50 CHF,22.00,605.43,446.00,507.50,168%,-15%,3.63%,4.93%,3.08%,-11.62%,-11.62%,0,4.33%,-0.97%,,,,,,,,,,,,
,,,,,,,,,,,,,,,,,,2026,3/6/2026,718.00 CHF,,,,,,,,,,3.06%,718.00 CHF,22.00,605.43,446.00,507.50,171%,-16%,3.63%,4.93%,3.06%,-12.05%,-12.05%,0,4.33%,-0.49%,,,,,,,,,,,,
,,,,,,,,,,,,,,,,,,2026,3/9/2026,724.50 CHF,,,,,,,,,,3.04%,724.50 CHF,22.00,605.43,446.00,507.50,175%,-16%,3.63%,4.93%,3.04%,-12.84%,-12.84%,0,4.33%,0.00%,,,,,,,,,,,,
,,,,,,,,,,,,,,,,,,2026,3/10/2026,716.00 CHF,,,,,,,,,,3.07%,716.00 CHF,22.00,605.43,446.00,507.50,169%,-15%,3.63%,4.93%,3.07%,-11.80%,-11.80%,0,4.33%,-1.17%,,,,,,,,,,,,
,,,,,,,,,,,,,,,,,,2026,3/11/2026,713.50 CHF,,,,,,,,,,3.08%,713.50 CHF,22.00,605.43,446.00,507.50,168%,-15%,3.63%,4.93%,3.08%,-11.49%,-11.49%,0,4.33%,-1.52%,,,,,,,,,,,,
,,,,,,,,,,,,,,,,,,2026,3/12/2026,710.50 CHF,,,,,,,,,,3.10%,710.50 CHF,22.00,605.43,446.00,507.50,166%,-15%,3.63%,4.93%,3.10%,-11.12%,-11.12%,0,4.33%,-1.93%,,,,,,,,,,,,
,,,,,,,,,,,,,,,,,,2026,3/13/2026,717.50 CHF,,,,,,,,,,3.07%,717.50 CHF,22.00,605.43,446.00,507.50,170%,-16%,3.63%,4.93%,3.07%,-11.99%,-11.99%,0,4.33%,-0.97%,,,,,,,,,,,,
,,,,,,,,,,,,,,,,,,2026,3/16/2026,721.00 CHF,,,,,,,,,,3.05%,721.00 CHF,22.00,605.43,446.00,507.50,172%,-16%,3.63%,4.93%,3.05%,-12.41%,-12.41%,0,4.33%,-0.48%,,,,,,,,,,,,
,,,,,,,,,,,,,,,,,,2026,3/17/2026,726.50 CHF,,,,,,,,,,3.03%,726.50 CHF,22.00,605.43,446.00,507.50,176%,-17%,3.63%,4.93%,3.03%,-13.08%,-13.08%,0,4.33%,0.00%,,,,,,,,,,,,
,,,,,,,,,,,,,,,,,,2026,3/18/2026,712.00 CHF,,,,,,,,,,3.09%,712.00 CHF,22.00,605.43,446.00,507.50,167%,-15%,3.63%,4.93%,3.09%,-11.31%,-11.31%,0,4.33%,-2.00%,,,,,,,,,,,,
,,,,,,,,,,,,,,,,,,2026,3/19/2026,704.50 CHF,,,,,,,,,,3.12%,704.50 CHF,22.00,605.43,446.00,507.50,162%,-14%,3.63%,4.93%,3.12%,-10.36%,-10.36%,0,4.33%,-3.03%,,,,,,,,,,,,
,,,,,,,,,,,,,,,,,,2026,3/20/2026,687.00 CHF,,,,,,,,,,3.20%,687.00 CHF,22.00,605.43,446.00,507.50,151%,-12%,3.63%,4.93%,3.20%,-8.08%,-8.08%,0,4.33%,-5.44%,,,,,,,,,,,,
,,,,,,,,,,,,,,,,,,2026,3/23/2026,689.50 CHF,,,,,,,,,,3.19%,689.50 CHF,22.00,605.43,446.00,507.50,153%,-12%,3.63%,4.93%,3.19%,-8.41%,-8.41%,0,4.33%,-5.09%,,,,,,,,,,,,
,,,,,,,,,,,,,,,,,,2026,3/24/2026,701.00 CHF,,,,,,,,,,3.14%,701.00 CHF,22.00,605.43,446.00,507.50,160%,-14%,3.63%,4.93%,3.14%,-9.91%,-9.91%,0,4.33%,-3.51%,,,,,,,,,,,,
,,,,,,,,,,,,,,,,,,2026,3/25/2026,701.00 CHF,,,,,,,,,,3.14%,701.00 CHF,22.00,605.43,446.00,507.50,160%,-14%,3.63%,4.93%,3.14%,-9.91%,-9.91%,0,4.33%,-3.51%,,,,,,,,,,,,
,,,,,,,,,,,,,,,,,,2026,3/26/2026,695.00 CHF,,,,,,,,,,3.17%,695.00 CHF,22.00,605.43,446.00,507.50,156%,-13%,3.63%,4.93%,3.17%,-9.14%,-9.14%,0,4.33%,-4.34%,,,,,,,,,,,,
,,,,,,,,,,,,,,,,,,2026,3/27/2026,668.00 CHF,,,,,,,,,,3.29%,668.00 CHF,22.00,605.43,446.00,507.50,139%,-9%,3.63%,4.93%,3.29%,-5.46%,-5.46%,0,4.33%,-8.05%,,,,,,,,,,,,
,,,,,,,,,,,,,,,,,,2026,3/30/2026,672.50 CHF,,,,,,,,,,3.27%,672.50 CHF,22.00,605.43,446.00,507.50,142%,-10%,3.63%,4.93%,3.27%,-6.10%,-6.10%,0,4.33%,-7.43%,,,,,,,,,,,,
,,,,,,,,,,,,,,,,,,2026,3/31/2026,667.00 CHF,,,,,,,,,,3.30%,667.00 CHF,22.00,605.43,446.00,507.50,139%,-9%,3.63%,4.93%,3.30%,-5.32%,-5.32%,0,4.33%,-8.19%,,,,,,,,,,,,
,,,,,,,,,,,,,,,,,,2026,4/1/2026,666.50 CHF,,,,,,,,,,3.30%,666.50 CHF,22.00,605.43,446.00,507.50,138%,-9%,3.63%,4.93%,3.30%,-5.25%,-5.25%,0,4.33%,-8.26%,,,,,,,,,,,,
,,,,,,,,,,,,,,,,,,2026,4/2/2026,671.50 CHF,,,,,,,,,,3.28%,671.50 CHF,22.00,605.43,446.00,507.50,141%,-10%,3.63%,4.93%,3.28%,-5.96%,-5.96%,0,4.33%,-7.57%,,,,,,,,,,,,
,,,,,,,,,,,,,,,,,,2026,4/7/2026,670.50 CHF,,,,,,,,,,3.28%,670.50 CHF,22.00,605.43,446.00,507.50,141%,-10%,3.63%,4.93%,3.28%,-5.82%,-5.82%,0,4.33%,-7.71%,,,,,,,,,,,,
,,,,,,,,,,,,,,,,,,2026,4/8/2026,674.00 CHF,,,,,,,,,,3.26%,674.00 CHF,22.00,605.43,446.00,507.50,143%,-10%,3.63%,4.93%,3.26%,-6.31%,-6.31%,0,4.33%,-7.23%,,,,,,,,,,,,
,,,,,,,,,,,,,,,,,,2026,4/9/2026,681.50 CHF,,,,,,,,,,3.23%,681.50 CHF,22.00,605.43,446.00,507.50,148%,-11%,3.63%,4.93%,3.23%,-7.34%,-7.34%,0,4.33%,-6.19%,,,,,,,,,,,,
,,,,,,,,,,,,,,,,,,2026,4/10/2026,677.50 CHF,,,,,,,,,,3.25%,677.50 CHF,22.00,605.43,446.00,507.50,145%,-11%,3.63%,4.93%,3.25%,-6.79%,-6.79%,0,4.33%,-6.74%,,,,,,,,,,,,
,,,,,,,,,,,,,,,,,,2026,4/13/2026,661.00 CHF,,,,,,,,,,3.33%,661.00 CHF,22.00,605.43,446.00,507.50,135%,-8%,3.63%,4.93%,3.33%,-4.46%,-4.46%,0,4.33%,-9.02%,,,,,,,,,,,,
,,,,,,,,,,,,,,,,,,2026,4/14/2026,666.50 CHF,,,,,,,,,,3.30%,666.50 CHF,22.00,605.43,446.00,507.50,138%,-9%,3.63%,4.93%,3.30%,-5.25%,-5.25%,0,4.33%,-8.26%,,,,,,,,,,,,
,,,,,,,,,,,,,,,,,,2026,4/15/2026,659.00 CHF,,,,,,,,,,3.34%,659.00 CHF,22.00,605.43,446.00,507.50,134%,-8%,3.63%,4.93%,3.34%,-4.17%,-4.17%,0,4.33%,-9.29%,,,,,,,,,,,,
,,,,,,,,,,,,,,,,,,2026,4/16/2026,658.50 CHF,,,,,,,,,,3.34%,658.50 CHF,22.00,605.43,446.00,507.50,133%,-8%,3.63%,4.93%,3.34%,-4.10%,-4.10%,0,4.33%,-9.36%,,,,,,,,,,,,
,,,,,,,,,,,,,,,,,,2026,4/17/2026,650.50 CHF,,,,,,,,,,3.38%,650.50 CHF,22.00,605.43,446.00,507.50,128%,-7%,3.63%,4.93%,3.38%,-2.92%,-2.92%,0,4.33%,-10.46%,,,,,,,,,,,,
,,,,,,,,,,,,,,,,,,2026,4/20/2026,660.50 CHF,,,,,,,,,,3.33%,660.50 CHF,22.00,605.43,446.00,507.50,135%,-8%,3.63%,4.93%,3.33%,-4.39%,-4.39%,0,4.33%,-9.08%,,,,,,,,,,,,
,,,,,,,,,,,,,,,,,,2026,4/21/2026,658.50 CHF,,,,,,,,,,3.34%,658.50 CHF,22.00,605.43,446.00,507.50,133%,-8%,3.63%,4.93%,3.34%,-4.10%,-4.10%,0,4.33%,-9.36%,,,,,,,,,,,,
,,,,,,,,,,,,,,,,,,2026,4/22/2026,656.00 CHF,,,,,,,,,,3.35%,656.00 CHF,22.00,605.43,446.00,507.50,132%,-8%,3.63%,4.93%,3.35%,-3.73%,-3.73%,0,4.33%,-9.70%,,,,,,,,,,,,
,,,,,,,,,,,,,,,,,,2026,4/23/2026,664.50 CHF,,,,,,,,,,3.31%,664.50 CHF,22.00,605.43,446.00,507.50,137%,-9%,3.63%,4.93%,3.31%,-4.97%,-4.97%,0,4.33%,-8.53%,,,,,,,,,,,,
,,,,,,,,,,,,,,,,,,2026,4/24/2026,669.00 CHF,,,,,,,,,,3.29%,669.00 CHF,22.00,605.43,446.00,507.50,140%,-10%,3.63%,4.93%,3.29%,-5.61%,-5.61%,0,4.33%,-7.91%,,,,,,,,,,,,
,,,,,,,,,,,,,,,,,,2026,4/27/2026,657.00 CHF,,,,,,,,,,3.35%,657.00 CHF,22.00,605.43,446.00,507.50,132%,-8%,3.63%,4.93%,3.35%,-3.88%,-3.88%,0,4.33%,-9.57%,,,,,,,,,,,,
,,,,,,,,,,,,,,,,,,2026,4/28/2026,657.00 CHF,,,,,,,,,,3.35%,657.00 CHF,22.00,605.43,446.00,507.50,132%,-8%,3.63%,4.93%,3.35%,-3.88%,-3.88%,0,4.33%,-9.57%,,,,,,,,,,,,
,,,,,,,,,,,,,,,,,,2026,4/29/2026,651.00 CHF,,,,,,,,,,3.38%,651.00 CHF,22.00,605.43,446.00,507.50,129%,-7%,3.63%,4.93%,3.38%,-3.00%,-3.00%,0,4.33%,-10.39%,,,,,,,,,,,,
,,,,,,,,,,,,,,,,,,2026,4/30/2026,661.50 CHF,,,,,,,,,,3.33%,661.50 CHF,22.00,605.43,446.00,507.50,135%,-8%,3.63%,4.93%,3.33%,-4.54%,-4.54%,0,4.33%,-8.95%,,,,,,,,,,,,
,,,,,,,,,,,,,,,,,,2026,5/4/2026,660.00 CHF,,,,,,,,,,3.33%,660.00 CHF,22.00,605.43,446.00,507.50,134%,-8%,3.63%,4.93%,3.33%,-4.32%,-4.32%,0,4.33%,-9.15%,,,,,,,,,,,,
,,,,,,,,,,,,,,,,,,2026,5/5/2026,669.00 CHF,,,,,,,,,,3.29%,669.00 CHF,22.00,605.43,446.00,507.50,140%,-10%,3.63%,4.93%,3.29%,-5.61%,-5.61%,0,4.33%,-7.91%,,,,,,,,,,,,
,,,,,,,,,,,,,,,,,,2026,5/6/2026,671.00 CHF,,,,,,,,,,3.28%,671.00 CHF,22.00,605.43,446.00,507.50,141%,-10%,3.63%,4.93%,3.28%,-5.89%,-5.89%,0,4.33%,-7.64%,,,,,,,,,,,,
,,,,,,,,,,,,,,,,,,2026,5/7/2026,669.00 CHF,,,,,,,,,,3.29%,669.00 CHF,22.00,605.43,446.00,507.50,140%,-10%,3.63%,4.93%,3.29%,-5.61%,-5.61%,0,4.33%,-7.91%,,,,,,,,,,,,
,,,,,,,,,,,,,,,,,,2026,5/8/2026,669.50 CHF,,,,,,,,,,3.29%,669.50 CHF,22.00,605.43,446.00,507.50,140%,-10%,3.63%,4.93%,3.29%,-5.68%,-5.68%,0,4.33%,-7.85%,,,,,,,,,,,,
,,,,,,,,,,,,,,,,,,2026,5/11/2026,671.00 CHF,,,,,,,,,,3.28%,671.00 CHF,22.00,605.43,446.00,507.50,141%,-10%,3.63%,4.93%,3.28%,-5.89%,-5.89%,0,4.33%,-7.64%,,,,,,,,,,,,
,,,,,,,,,,,,,,,,,,2026,5/12/2026,673.50 CHF,,,,,,,,,,3.27%,673.50 CHF,22.00,605.43,446.00,507.50,143%,-10%,3.63%,4.93%,3.27%,-6.24%,-6.24%,0,4.33%,-7.30%,,,,,,,,,,,,
,,,,,,,,,,,,,,,,,,2026,5/13/2026,678.00 CHF,,,,,,,,,,3.24%,678.00 CHF,22.00,605.43,446.00,507.50,146%,-11%,3.63%,4.93%,3.24%,-6.86%,-6.86%,0,4.33%,-6.68%,,,,,,,,,,,,
,,,,,,,,,,,,,,,,,,2026,5/15/2026,676.00 CHF,,,,,,,,,,3.25%,676.00 CHF,22.00,605.43,446.00,507.50,144%,-10%,3.63%,4.93%,3.25%,-6.58%,-6.58%,0,4.33%,-6.95%,,,,,,,,,,,,
,,,,,,,,,,,,,,,,,,2026,5/18/2026,680.50 CHF,,,,,,,,,,3.23%,680.50 CHF,22.00,605.43,446.00,507.50,147%,-11%,3.63%,4.93%,3.23%,-7.20%,-7.20%,0,4.33%,-6.33%,,,,,,,,,,,,
,,,,,,,,,,,,,,,,,,2026,5/19/2026,$                                                    684.50,,,,,,,,,,3.21%,684.50 CHF,22.00,605.43,446.00,507.50,150%,-12%,3.63%,4.93%,3.21%,-7.74%,-7.74%,0,4.33%,-5.78%,,,,,,,,,,,,
,,,,,,,,,,,,,,,,,,2026,5/20/2026,686.00 CHF,,,,,,,,,,3.21%,686.00 CHF,22.00,605.43,446.00,507.50,151%,-12%,3.63%,4.93%,3.21%,-7.94%,-7.94%,0,4.33%,-5.57%,,,,,,,,,,,,
,,,,,,,,,,,,,,,,,,2026,5/21/2026,680.00 CHF,,,,,,,,,,3.24%,680.00 CHF,22.00,605.43,446.00,507.50,147%,-11%,3.63%,4.93%,3.24%,-7.13%,-7.13%,0,4.33%,-6.40%,,,,,,,,,,,,
,,,,,,,,,,,,,,,,,,2026,5/22/2026,679.00 CHF,,,,,,,,,,3.24%,679.00 CHF,22.00,605.43,446.00,507.50,146%,-11%,3.63%,4.93%,3.24%,-7.00%,-7.00%,0,4.33%,-6.54%,,,,,,,,,,,,
,,,,,,,,,,,,,,,,,,2026,5/26/2026,671.00 CHF,,,,,,,,,,3.28%,671.00 CHF,22.00,605.43,446.00,507.50,141%,-10%,3.63%,4.93%,3.28%,-5.89%,-5.89%,0,4.33%,-7.64%,,,,,,,,,,,,
,,,,,,,,,,,,,,,,,,2026,5/27/2026,668.50 CHF,,,,,,,,,,3.29%,668.50 CHF,22.00,605.43,446.00,507.50,140%,-9%,3.63%,4.93%,3.29%,-5.53%,-5.53%,0,4.33%,-7.98%,,,,,,,,,,,,
,,,,,,,,,,,,,,,,,,2026,5/28/2026,666.50 CHF,,,,,,,,,,3.30%,666.50 CHF,22.00,605.43,446.00,507.50,138%,-9%,3.63%,4.93%,3.30%,-5.25%,-5.25%,0,4.33%,-8.26%,,,,,,,,,,,,
,,,,,,,,,,,,,,,,,,2026,5/29/2026,668.50 CHF,,,,,,,,,,3.29%,668.50 CHF,22.00,605.43,446.00,507.50,140%,-9%,3.63%,4.93%,3.29%,-5.53%,-5.53%,0,4.33%,-7.98%,,,,,,,,,,,,
,,,,,,,,,,,,,,,,,,2026,6/1/2026,663.50 CHF,,,,,,,,,,3.32%,663.50 CHF,22.00,605.43,446.00,507.50,136%,-9%,3.63%,4.93%,3.32%,-4.82%,-4.82%,0,4.33%,-8.67%,,,,,,,,,,,,
,,,,,,,,,,,,,,,,,,2026,6/2/2026,661.00 CHF,,,,,,,,,,3.33%,661.00 CHF,22.00,605.43,446.00,507.50,135%,-8%,3.63%,4.93%,3.33%,-4.46%,-4.46%,0,4.33%,-9.02%,,,,,,,,,,,,
,,,,,,,,,,,,,,,,,,2026,6/3/2026,656.00 CHF,,,,,,,,,,3.35%,656.00 CHF,22.00,605.43,446.00,507.50,132%,-8%,3.63%,4.93%,3.35%,-3.73%,-3.73%,0,4.33%,-9.70%,,,,,,,,,,,,
,,,,,,,,,,,,,,,,,,2026,6/4/2026,653.00 CHF,,,,,,,,,,3.37%,653.00 CHF,22.00,605.43,446.00,507.50,130%,-7%,3.63%,4.93%,3.37%,-3.29%,-3.29%,0,4.33%,-10.12%,,,,,,,,,,,,
,,,,,,,,,,,,,,,,,,2026,6/5/2026,649.00 CHF,,,,,,,,,,3.39%,649.00 CHF,22.00,605.43,446.00,507.50,127%,-7%,3.63%,4.93%,3.39%,-2.70%,-2.70%,0,4.33%,-10.67%,,,,,,,,,,,,
,,,,,,,,,,,,,,,,,,2026,6/8/2026,646.50 CHF,,,,,,,,,,3.40%,646.50 CHF,22.00,605.43,446.00,507.50,126%,-6%,3.63%,4.93%,3.40%,-2.32%,-2.32%,0,4.33%,-11.01%,,,,,,,,,,,,
,,,,,,,,,,,,,,,,,,2026,6/9/2026,647.50 CHF,,,,,,,,,,3.40%,647.50 CHF,22.00,605.43,446.00,507.50,126%,-6%,3.63%,4.93%,3.40%,-2.47%,-2.47%,0,4.33%,-10.87%,,,,,,,,,,,,
,,,,,,,,,,,,,,,,,,2026,6/10/2026,659.50 CHF,,,,,,,,,,3.34%,659.50 CHF,22.00,605.43,446.00,507.50,134%,-8%,3.63%,4.93%,3.34%,-4.25%,-4.25%,0,4.33%,-9.22%,,,,,,,,,,,,
,,,,,,,,,,,,,,,,,,2026,6/11/2026,651.50 CHF,,,,,,,,,,3.38%,651.50 CHF,22.00,605.43,446.00,507.50,129%,-7%,3.63%,4.93%,3.38%,-3.07%,-3.07%,0,4.33%,-10.32%,,,,,,,,,,,,
,,,,,,,,,,,,,,,,,,2026,6/12/2026,656.50 CHF,,,,,,,,,,3.35%,656.50 CHF,22.00,605.43,446.00,507.50,132%,-8%,3.63%,4.93%,3.35%,-3.81%,-3.81%,0,4.33%,-9.64%,,,,,,,,,,,,
,,,,,,,,,,,,,,,,,,2026,6/15/2026,648.00 CHF,,,,,,,,,,3.40%,648.00 CHF,22.00,605.43,446.00,507.50,127%,-7%,3.63%,4.93%,3.40%,-2.55%,-2.55%,0,4.33%,-10.81%,,,,,,,,,,,,
,,,,,,,,,,,,,,,,,,2026,6/16/2026,639.00 CHF,,,,,,,,,,3.44%,639.00 CHF,22.00,605.43,446.00,507.50,121%,-5%,3.63%,4.93%,3.44%,-1.17%,-1.17%,0,4.33%,-12.04%,,,,,,,,,,,,
,,,,,,,,,,,,,,,,,,2026,6/17/2026,628.00 CHF,,,,,,,,,,3.50%,628.00 CHF,22.00,605.43,446.00,507.50,114%,-4%,3.63%,4.93%,3.50%,0.56%,0.56%,0,4.33%,-13.56%,,,,,,,,,,,,
,,,,,,,,,,,,,,,,,,2026,6/18/2026,630.00 CHF,,,,,,,,,,3.49%,630.00 CHF,22.00,605.43,446.00,507.50,115%,-4%,3.63%,4.93%,3.49%,0.24%,0.24%,0,4.33%,-13.28%,,,,,,,,,,,,
,,,,,,,,,,,,,,,,,,2026,6/19/2026,632.00 CHF,,,,,,,,,,3.48%,632.00 CHF,22.00,605.43,446.00,507.50,117%,-4%,3.63%,4.93%,3.48%,-0.08%,-0.08%,0,4.33%,-13.01%,,,,,,,,,,,,
,,,,,,,,,,,,,,,,,,2026,6/22/2026,631.50 CHF,,,,,,,,,,3.48%,631.50 CHF,22.00,605.43,446.00,507.50,116%,-4%,3.63%,4.93%,3.48%,0.00%,0.00%,0,4.33%,-13.08%,,,,,,,,,,,,
,,,,,,,,,,,,,,,,,,2026,6/23/2026,638.00 CHF,,,,,,,,,,3.45%,638.00 CHF,22.00,605.43,446.00,507.50,120%,-5%,3.63%,4.93%,3.45%,-1.02%,-1.02%,0,4.33%,-12.18%,,,,,,,,,,,,
,,,,,,,,,,,,,,,,,,2026,6/24/2026,639.50 CHF,,,,,,,,,,3.44%,639.50 CHF,22.00,605.43,446.00,507.50,121%,-5%,3.63%,4.93%,3.44%,-1.25%,-1.25%,0,4.33%,-11.98%,,,,,,,,,,,,
,,,,,,,,,,,,,,,,,,2026,6/25/2026,639.00 CHF,,,,,,,,,,3.44%,639.00 CHF,22.00,605.43,446.00,507.50,121%,-5%,3.63%,4.93%,3.44%,-1.17%,-1.17%,0,4.33%,-12.04%,,,,,,,,,,,,
,,,,,,,,,,,,,,,,,,2026,6/26/2026,638.50 CHF,,,,,,,,,,3.45%,638.50 CHF,22.00,605.43,446.00,507.50,121%,-5%,3.63%,4.93%,3.45%,-1.10%,-1.10%,0,4.33%,-12.11%,,,,,,,,,,,,
,,,,,,,,,,,,,,,,,,2026,6/29/2026,632.50 CHF,,,,,,,,,,3.48%,632.50 CHF,22.00,605.43,446.00,507.50,117%,-4%,3.63%,4.93%,3.48%,-0.16%,-0.16%,0,4.33%,-12.94%,,,,,,,,,,,,
,,,,,,,,,,,,,,,,,,2026,6/30/2026,623.50 CHF,,,,,,,,,,3.53%,623.50 CHF,22.00,605.43,446.00,507.50,111%,-3%,3.63%,4.93%,3.53%,1.28%,1.28%,0,4.33%,-14.18%,,,,,,,,,,,,
,,,,,,,,,,,,,,,,,,2026,7/1/2026,608.50 CHF,,,,,,,,,,3.62%,608.50 CHF,22.00,605.43,446.00,507.50,102%,-1%,3.63%,4.93%,3.62%,3.78%,3.78%,0,4.33%,-16.24%,,,,,,,,,,,,
,,,,,,,,,,,,,,,,,,2026,7/2/2026,614.00 CHF,,,,,,,,,,3.58%,614.00 CHF,22.00,605.43,446.00,507.50,105%,-1%,3.63%,4.93%,3.58%,2.85%,2.85%,0,4.33%,-15.49%,,,,,,,,,,,,
,,,,,,,,,,,,,,,,,,2026,7/3/2026,613.00 CHF,,,,,,,,,,3.59%,613.00 CHF,22.00,605.43,446.00,507.50,105%,-1%,3.63%,4.93%,3.59%,3.02%,3.02%,0,4.33%,-15.62%,,,,,,,,,,,,
,,,,,,,,,,,,,,,,,,2026,7/6/2026,604.00 CHF,,,,,,,,,,3.64%,604.00 CHF,22.00,605.43,446.00,507.50,99%,0%,3.63%,4.93%,3.64%,4.55%,4.55%,0,4.33%,-16.86%,,,,,,,,,,,,
,,,,,,,,,,,,,,,,,,2026,7/7/2026,612.50 CHF,,,,,,,,,,3.59%,612.50 CHF,22.00,605.43,446.00,507.50,104%,-1%,3.63%,4.93%,3.59%,3.10%,3.10%,0,4.33%,-15.69%,,,,,,,,,,,,
,,,,,,,,,,,,,,,,,,2026,7/8/2026,615.00 CHF,,,,,,,,,,3.58%,615.00 CHF,22.00,605.43,446.00,507.50,106%,-2%,3.63%,4.93%,3.58%,2.68%,2.68%,0,4.33%,-15.35%,,,,,,,,,,,,
,,,,,,,,,,,,,,,,,,2026,7/9/2026,611.00 CHF,,,,,,,,,,3.60%,611.00 CHF,22.00,605.43,446.00,507.50,103%,-1%,3.63%,4.93%,3.60%,3.36%,3.36%,0,4.33%,-15.90%,,,,,,,,,,,,
,,,,,,,,,,,,,,,,,,2026,7/10/2026,618.50 CHF,,,,,,,,,,3.56%,618.50 CHF,22.00,605.43,446.00,507.50,108%,-2%,3.63%,4.93%,3.56%,2.10%,2.10%,0,4.33%,-14.87%,,,,,,,,,,,,
,,,,,,,,,,,,,,,,,,2026,7/13/2026,631.50 CHF,,,,,,,,,,3.48%,631.50 CHF,22.00,605.43,446.00,507.50,116%,-4%,3.63%,4.93%,3.48%,0.00%,0.00%,0,4.33%,-13.08%,,,,,,,,,,,,
,,,,,,,,,,,,,,,,,,2026,7/14/2026,632.00 CHF,,,,,,,,,,3.48%,632.00 CHF,22.00,605.43,446.00,507.50,117%,-4%,3.63%,4.93%,3.48%,-0.08%,-0.08%,0,4.33%,-13.01%,,,,,,,,,,,,
,,,,,,,,,,,,,,,,,,2026,7/15/2026,627.50 CHF,,,,,,,,,,3.51%,627.50 CHF,22.00,605.43,446.00,507.50,114%,-4%,3.63%,4.93%,3.51%,0.64%,0.64%,0,4.33%,-13.63%,,,,,,,,,,,,
,,,,,,,,,,,,,,,,,,2026,7/16/2026,625.00 CHF,,,,,,,,,,3.52%,625.00 CHF,22.00,605.43,446.00,507.50,112%,-3%,3.63%,4.93%,3.52%,1.04%,1.04%,0,4.33%,-13.97%,,,,,,,,,,,,
,,,,,,,,,,,,,,,,,,2026,7/17/2026,634.00 CHF,,,,,,,,,,3.47%,634.00 CHF,22.00,605.43,446.00,507.50,118%,-5%,3.63%,4.93%,3.47%,-0.39%,-0.39%,0,4.33%,-12.73%,,,,,,,,,,,,
,,,,,,,,,,,,,,,,,,2026,7/20/2026,630.00 CHF,,,,,,,,,,3.49%,630.00 CHF,22.00,605.43,446.00,507.50,115%,-4%,3.63%,4.93%,3.49%,0.24%,0.24%,0,4.33%,-13.28%,,,,,,,,,,,,
,,,,,,,,,,,,,,,,,,2026,7/21/2026,624.00 CHF,,,,,,,,,,3.53%,624.00 CHF,22.00,605.43,446.00,507.50,112%,-3%,3.63%,4.93%,3.53%,1.20%,1.20%,0,4.33%,-14.11%,,,,,,,,,,,,
,,,,,,,,,,,,,,,,,,2026,7/22/2026,627.00 CHF,,,,,,,,,,3.51%,627.00 CHF,22.00,605.43,446.00,507.50,114%,-3%,3.63%,4.93%,3.51%,0.72%,0.72%,0,4.33%,-13.70%,,,,,,,,,,,,
,,,,,,,,,,,,,,,,,,2026,7/23/2026,625.00 CHF,,,,,,,,,,3.52%,625.00 CHF,22.00,605.43,446.00,507.50,112%,-3%,3.63%,4.93%,3.52%,1.04%,1.04%,0,4.33%,-13.97%,,,,,,,,,,,,
,,,,,,,,,,,,,,,,,,2026,7/24/2026,622.50 CHF,,,,,,,,,,3.53%,622.50 CHF,22.00,605.43,446.00,507.50,111%,-3%,3.63%,4.93%,3.53%,1.45%,1.45%,0,4.33%,-14.32%,,,,,,,,,,,,
,,,,,,,,,,,,,,,,,,2026,7/27/2026,631.50 CHF,,,,,,,,,,3.48%,631.50 CHF,22.00,605.43,446.00,507.50,116%,-4%,3.63%,4.93%,3.48%,0.00%,0.00%,0,4.33%,-13.08%,,,,,,,,,,,,
