,,,,,,,,,,,,,,,,,TRAIL 12M,AÑO DE INICIO,TICKER,Nombre,,,,,,,,,,RATING,UPSIDE,PRECIO ACTUAL,PRECIO COMPRA,MEDIANA MAXIMA,PRECIO MAXIMO,BANDA MAXIMA,YIELD MAXIMO,YIELD OVERVALUED,YIELD MEDIO,YOC MAXIMO,G/P MAXIMAS,G/P MAXIMAS CON DIV,RATING MAXIMO,,,,COTIZACIÓN,,,SI,,,MAXIMO,MINIMO,ANCHO,DIVISION,MARCAS
,,,,,,,,,,,,,,,,,NO,2016,TXN US,Texas Instruments,,,,,,,,,,135%,-11%,$     279.41,$        165.63,$       202.36,$          332.28,$       249.90,3.98%,2.18%,2.69%,10.45%,481.74%,501.73%,198%,,,,,,,NO,,,3.71%,1.77%,1.94%,0.03%,65
,,,,,,,,,,,,,,,,,CONFIANZA,EXTRA,YOC,FECHA COMPRA,,,,,,,,,,PRECIO MEDIANA,UPSIDE MEDIANA,YIELD ACTUAL,PRECIO VENTA,MEDIANA MINIMA,PRECIO MINIMO,BANDA MINIMA,YIELD MINIMO,YIELD UNDERVALUED,MEDIANA YIELD,YOC MINIMO,G/P MINIMAS,G/P MINIMAS CON DIV,RATING MINIMO,,,,3Y CAGR,2.71%,,Texas Instruments - Max. DrawDown (%),,,,,,,
,,,,,,,,,,,,,,,,,90%,NO,3.28%,11/10/2017,,,,,,,,,,$       202.36,-28%,1.95%,$       249.90,$           61.00,$             48.03,$          49.93,1.64%,3.28%,2.69%,1.51%,-15.91%,-15.91%,-34%,,,,5Y CAGR,5.26%,,Texas Instruments - Returns (%),,,,,,,
,,,,,,,,,,,,,,,,,,,,,,,,,,,,,,,,,,,,,,,,,,,,,,,10Y CAGR,12.74%,,Texas Instruments - Yield On Cost (YOC),,,,,,,
,,,,,,,,,,,,,,,,,,YEAR,Date,Close,RSM POSITIVO,RSM NEGATIVO,Date,Close,Date,Close,RSD,MA(RSD),MRS = (( RSD(today) /ma(RSD(today). n)) - 1 ) * 100,YIELD,PRICE,DPS,CHANEL O,CHANEL U,CHANEL M,RATING,UPSIDE,OVERVALUED,UNDERVALUED,YOC,PRECIO,DIVIDENDOS,DIVIDENDOS DESDE COMPRA,MEDIANA YIELD,MAX. DRAWDOWN,,AÑO,DIVIDENDOS,% YoY,Texas Instruments - Rating: 135% - Upside: -11%,,,Nº,INTERVALOS,FRECUENCIA,F. ACUMULADA,% TOTAL
,,,,,,,,,,,,,,,,,,2016,1/4/2016,$                                                       54.34,,,12/29/2014,,12/29/2014,,,,,3.02%,$             54.34,1.64,75.34,49.93,61.00,17%,39%,2.18%,3.28%,9.24%,414.19%,431.85%,9.6,2.69%,0.00%,,1997,0.00,-,135,,,0,1.77%,10,10,0.38%
,,,,,,,,,,,,,,,,,,2016,1/5/2016,$                                                       53.77,,,1/5/2015,,1/5/2015,,,,,3.05%,$             53.77,1.64,75.34,49.93,61.00,15%,40%,2.18%,3.28%,9.34%,419.64%,437.49%,9.6,2.69%,-1.05%,,1998,0.00,,-11,,,1,1.80%,11,21,0.41%
,,,,,,,,,,,,,,,,,,2016,1/6/2016,$                                                       53.42,,,1/12/2015,,1/12/2015,,,,,3.07%,$             53.42,1.64,75.34,49.93,61.00,14%,41%,2.18%,3.28%,9.40%,423.04%,441.01%,9.6,2.69%,-1.69%,,1999,0.00,,,,,2,1.83%,6,27,0.23%
,,,,,,,,,,,,,,,,,,2016,1/7/2016,$                                                        51.70,,,1/20/2015,,1/20/2015,,,,,3.17%,$              51.70,1.64,75.34,49.93,61.00,7%,46%,2.18%,3.28%,9.71%,440.44%,459.01%,9.6,2.69%,-4.86%,,2000,0.00,,1/1/1970,1970,,3,1.86%,5,32,0.19%
,,,,,,,,,,,,,,,,,,2016,1/8/2016,$                                                       50.36,,,1/26/2015,,1/26/2015,,,,,3.26%,$             50.36,1.64,75.34,49.93,61.00,2%,50%,2.18%,3.28%,9.97%,454.83%,473.89%,9.6,2.69%,-7.32%,,2001,0.00,,1/1/1971,1971,,4,1.89%,8,40,0.30%
,,,,,,,,,,,,,,,,,,2016,1/11/2016,$                                                         51.21,,,2/2/2015,,2/2/2015,,,,,3.20%,$               51.21,1.64,75.34,49.93,61.00,5%,47%,2.18%,3.28%,9.80%,445.62%,464.36%,9.6,2.69%,-5.76%,,2002,0.09,,1/1/1972,1972,,5,1.92%,8,48,0.30%
,,,,,,,,,,,,,,,,,,2016,1/12/2016,$                                                        51.53,,,2/9/2015,,2/9/2015,,,,,3.18%,$              51.53,1.64,75.34,49.93,61.00,6%,46%,2.18%,3.28%,9.74%,442.23%,460.86%,9.6,2.69%,-5.17%,,2003,0.09,0.00%,1/1/1973,1973,,6,1.95%,1,49,0.04%
,,,,,,,,,,,,,,,,,,2016,1/13/2016,$                                                       49.82,,,2/17/2015,,2/17/2015,,,,,3.29%,$             49.82,1.64,75.34,49.93,61.00,0%,51%,2.18%,3.28%,10.08%,460.84%,480.11%,9.6,2.69%,-8.32%,,2004,0.09,4.41%,1/1/1974,1974,,7,1.98%,0,49,0.00%
,,,,,,,,,,,,,,,,,,2016,1/14/2016,$                                                       50.03,,,2/23/2015,,2/23/2015,,,,,3.28%,$             50.03,1.64,75.34,49.93,61.00,0%,51%,2.18%,3.28%,10.03%,458.48%,477.67%,9.6,2.69%,-7.93%,,2005,0.11,18.31%,1/1/1975,1975,,8,2.01%,10,59,0.38%
,,,,,,,,,,,,,,,,,,2016,1/15/2016,$                                                       48.03,,,3/2/2015,,3/2/2015,,,,,3.41%,$             48.03,1.64,75.34,49.93,61.00,-7%,57%,2.18%,3.28%,10.45%,481.74%,501.73%,9.6,2.69%,-11.61%,,2006,0.13,23.81%,1/1/1976,1976,,9,2.04%,2,61,0.08%
,,,,,,,,,,,,,,,,,,2016,1/19/2016,$                                                       48.22,,,3/9/2015,,3/9/2015,,,,,3.40%,$             48.22,1.64,75.34,49.93,61.00,-7%,56%,2.18%,3.28%,10.41%,479.45%,499.36%,9.6,2.69%,-11.26%,,2007,0.30,130.77%,1/1/1977,1977,,10,2.07%,3,64,0.11%
,,,,,,,,,,,,,,,,,,2016,1/20/2016,$                                                        49.01,,,3/16/2015,,3/16/2015,,,,,3.35%,$              49.01,1.64,75.34,49.93,61.00,-4%,54%,2.18%,3.28%,10.24%,470.11%,489.70%,9.6,2.69%,-9.81%,,2008,0.41,36.67%,1/1/1978,1978,,11,2.10%,8,72,0.30%
,,,,,,,,,,,,,,,,,,2016,1/21/2016,$                                                       49.83,,,3/23/2015,,3/23/2015,,,,,3.29%,$             49.83,1.64,75.34,49.93,61.00,0%,51%,2.18%,3.28%,10.07%,460.73%,479.99%,9.6,2.69%,-8.30%,,2009,0.45,9.76%,1/1/1979,1979,,12,2.13%,26,98,0.98%
,,,,,,,,,,,,,,,,,,2016,1/22/2016,$                                                       50.30,,,3/30/2015,,3/30/2015,,,,,3.26%,$             50.30,1.64,75.34,49.93,61.00,1%,50%,2.18%,3.28%,9.98%,455.49%,474.57%,9.6,2.69%,-7.43%,,2010,0.49,8.89%,1/1/1980,1980,,13,2.16%,48,146,1.81%
,,,,,,,,,,,,,,,,,,2016,1/25/2016,$                                                       50.08,,,4/6/2015,,4/6/2015,,,,,3.27%,$             50.08,1.64,75.34,49.93,61.00,1%,50%,2.18%,3.28%,10.02%,457.93%,477.10%,9.6,2.69%,-7.84%,,2011,0.56,14.29%,1/1/1981,1981,,14,2.19%,68,214,2.56%
,,,,,,,,,,,,,,,,,,2016,1/26/2016,$                                                       50.70,,,4/13/2015,,4/13/2015,,,,,3.23%,$             50.70,1.64,75.34,49.93,61.00,3%,49%,2.18%,3.28%,9.90%,451.10%,470.04%,9.6,2.69%,-6.70%,,2012,0.72,28.57%,1/1/1982,1982,,15,2.22%,63,277,2.37%
,,,,,,,,,,,,,,,,,,2016,1/27/2016,$                                                       50.67,,,4/20/2015,,4/20/2015,,,,,3.24%,$             50.67,1.64,75.34,49.93,61.00,3%,49%,2.18%,3.28%,9.91%,451.43%,470.38%,9.6,2.69%,-6.75%,,2013,1.07,48.61%,1/1/1983,1983,,16,2.25%,54,331,2.03%
,,,,,,,,,,,,,,,,,,2016,1/28/2016,$                                                         51.13,,,4/27/2015,,4/27/2015,,,,,3.21%,$               51.13,1.64,75.34,49.93,61.00,5%,47%,2.18%,3.28%,9.82%,446.47%,465.25%,9.6,2.69%,-5.91%,,2014,1.24,15.89%,1/1/1984,1984,,17,2.28%,48,379,1.81%
,,,,,,,,,,,,,,,,,,2016,1/29/2016,$                                                       52.93,,,5/4/2015,,5/4/2015,,,,,3.10%,$             52.93,1.64,75.34,49.93,61.00,12%,42%,2.18%,3.28%,9.48%,427.89%,446.02%,9.6,2.69%,-2.59%,,2015,1.40,12.90%,1/1/1985,1985,,18,2.31%,50,429,1.88%
,,,,,,,,,,,,,,,,,,2016,2/1/2016,$                                                       52.83,,,5/11/2015,,5/11/2015,,,,,3.10%,$             52.83,1.64,75.34,49.93,61.00,11%,43%,2.18%,3.28%,9.50%,428.89%,447.06%,9.6,2.69%,-2.78%,,2016,1.64,17.14%,1/1/1986,1986,,19,2.34%,86,515,3.24%
,,,,,,,,,,,,,,,,,,2016,2/2/2016,$                                                       50.64,,,5/18/2015,,5/18/2015,,,,,3.24%,$             50.64,1.64,75.34,49.93,61.00,3%,49%,2.18%,3.28%,9.91%,451.76%,470.71%,9.6,2.69%,-6.81%,,2017,2.12,29.27%,1/1/1987,1987,,20,2.37%,59,574,2.22%
,,,,,,,,,,,,,,,,,,2016,2/3/2016,$                                                       50.25,,,5/26/2015,,5/26/2015,,,,,3.26%,$             50.25,1.64,75.34,49.93,61.00,1%,50%,2.18%,3.28%,9.99%,456.04%,475.14%,9.6,2.69%,-7.53%,,2018,2.63,24.06%,1/1/1988,1988,,21,2.40%,55,629,2.07%
,,,,,,,,,,,,,,,,,,2016,2/4/2016,$                                                        51.26,,,6/1/2015,,6/1/2015,,,,,3.20%,$              51.26,1.64,75.34,49.93,61.00,5%,47%,2.18%,3.28%,9.79%,445.08%,463.81%,9.6,2.69%,-5.67%,,2019,3.21,22.05%,1/1/1989,1989,,22,2.43%,43,672,1.62%
,,,,,,,,,,,,,,,,,,2016,2/5/2016,$                                                       49.88,,,6/8/2015,,6/8/2015,,,,,3.29%,$             49.88,1.64,75.34,49.93,61.00,0%,51%,2.18%,3.28%,10.06%,460.16%,479.41%,9.6,2.69%,-8.21%,,2020,3.72,15.89%,1/1/1990,1990,,23,2.46%,53,725,2.00%
,,,,,,,,,,,,,,,,,,2016,2/8/2016,$                                                       50.90,,,6/15/2015,,6/15/2015,,,,,3.22%,$             50.90,1.64,75.34,49.93,61.00,4%,48%,2.18%,3.28%,9.86%,448.94%,467.80%,9.6,2.69%,-6.33%,,2021,4.21,13.17%,1/1/1991,1991,,24,2.49%,69,794,2.60%
,,,,,,,,,,,,,,,,,,2016,2/9/2016,$                                                       50.68,,,6/22/2015,,6/22/2015,,,,,3.24%,$             50.68,1.64,75.34,49.93,61.00,3%,49%,2.18%,3.28%,9.91%,451.32%,470.26%,9.6,2.69%,-6.74%,,2022,4.69,11.40%,1/1/1992,1992,,25,2.52%,70,864,2.64%
,,,,,,,,,,,,,,,,,,2016,2/10/2016,$                                                       50.75,,,6/29/2015,,6/29/2015,,,,,3.23%,$             50.75,1.64,75.34,49.93,61.00,3%,48%,2.18%,3.28%,9.89%,450.56%,469.48%,9.6,2.69%,-6.61%,,2023,5.02,7.04%,1/1/1993,1993,,26,2.55%,80,944,3.01%
,,,,,,,,,,,,,,,,,,2016,2/11/2016,$                                                       50.38,,,7/6/2015,,7/6/2015,,,,,3.26%,$             50.38,1.64,75.34,49.93,61.00,2%,50%,2.18%,3.28%,9.96%,454.61%,473.66%,9.6,2.69%,-7.29%,,2024,5.20,3.59%,1/1/1994,1994,,27,2.58%,89,1033,3.35%
,,,,,,,,,,,,,,,,,,2016,2/12/2016,$                                                         51.14,,,7/13/2015,,7/13/2015,,,,,3.21%,$               51.14,1.64,75.34,49.93,61.00,5%,47%,2.18%,3.28%,9.82%,446.36%,465.13%,9.6,2.69%,-5.89%,,2025,5.44,4.62%,1/1/1995,1995,,28,2.61%,107,1140,4.03%
,,,,,,,,,,,,,,,,,,2016,2/16/2016,$                                                       52.54,,,7/20/2015,,7/20/2015,,,,,3.12%,$             52.54,1.64,75.34,49.93,61.00,10%,43%,2.18%,3.28%,9.55%,431.80%,450.08%,9.6,2.69%,-3.31%,,2026,5.44,0.00%,1/1/1996,1996,,29,2.64%,109,1249,4.11%
,,,,,,,,,,,,,,,,,,2016,2/17/2016,$                                                       53.69,,,7/27/2015,,7/27/2015,,,,,3.05%,$             53.69,1.64,75.34,49.93,61.00,15%,40%,2.18%,3.28%,9.35%,420.41%,438.29%,9.6,2.69%,-1.20%,,,,,1/1/1997,1997,,30,2.67%,96,1345,3.62%
,,,,,,,,,,,,,,,,,,2016,2/18/2016,$                                                       53.06,,,8/3/2015,,8/3/2015,,,,,3.09%,$             53.06,1.64,75.34,49.93,61.00,12%,42%,2.18%,3.28%,9.46%,426.59%,444.69%,9.6,2.69%,-2.36%,,,,,1/1/1998,1998,,31,2.70%,91,1436,3.43%
,,,,,,,,,,,,,,,,,,2016,2/19/2016,$                                                       52.76,,,8/10/2015,,8/10/2015,,,,,3.11%,$             52.76,1.64,75.34,49.93,61.00,11%,43%,2.18%,3.28%,9.51%,429.59%,447.78%,9.6,2.69%,-2.91%,,,,,1/1/1999,1999,,32,2.73%,76,1512,2.86%
,,,,,,,,,,,,,,,,,,2016,2/22/2016,$                                                       53.30,,,8/17/2015,,8/17/2015,,,,,3.08%,$             53.30,1.64,75.34,49.93,61.00,13%,41%,2.18%,3.28%,9.42%,424.22%,442.23%,9.6,2.69%,-1.91%,,,,,1/1/2000,2000,,33,2.76%,88,1600,3.31%
,,,,,,,,,,,,,,,,,,2016,2/23/2016,$                                                       52.24,,,8/24/2015,,8/24/2015,,,,,3.14%,$             52.24,1.64,75.34,49.93,61.00,9%,44%,2.18%,3.28%,9.61%,434.86%,453.24%,9.6,2.69%,-3.86%,,,,,1/1/2001,2001,,34,2.79%,104,1704,3.92%
,,,,,,,,,,,,,,,,,,2016,2/24/2016,$                                                       52.46,,,8/31/2015,,8/31/2015,,,,,3.13%,$             52.46,1.64,75.34,49.93,61.00,10%,44%,2.18%,3.28%,9.57%,432.62%,450.91%,9.6,2.69%,-3.46%,,,,,1/1/2002,2002,,35,2.82%,100,1804,3.77%
,,,,,,,,,,,,,,,,,,2016,2/25/2016,$                                                         53.11,,,9/8/2015,,9/8/2015,,,,,3.09%,$               53.11,1.64,75.34,49.93,61.00,13%,42%,2.18%,3.28%,9.45%,426.10%,444.17%,9.6,2.69%,-2.26%,,,,,1/1/2003,2003,,36,2.85%,86,1890,3.24%
,,,,,,,,,,,,,,,,,,2016,2/26/2016,$                                                       53.30,,,9/14/2015,,9/14/2015,,,,,3.08%,$             53.30,1.64,75.34,49.93,61.00,13%,41%,2.18%,3.28%,9.42%,424.22%,442.23%,9.6,2.69%,-1.91%,,,,,1/1/2004,2004,,37,2.88%,73,1963,2.75%
,,,,,,,,,,,,,,,,,,2016,2/29/2016,$                                                       53.02,,,9/21/2015,,9/21/2015,,,,,3.09%,$             53.02,1.64,75.34,49.93,61.00,12%,42%,2.18%,3.28%,9.47%,426.99%,445.10%,9.6,2.69%,-2.43%,,,,,1/1/2005,2005,,38,2.91%,59,2022,2.22%
,,,,,,,,,,,,,,,,,,2016,3/1/2016,$                                                       54.22,,,9/28/2015,,9/28/2015,,,,,3.02%,$             54.22,1.64,75.34,49.93,61.00,17%,39%,2.18%,3.28%,9.26%,415.33%,433.03%,9.6,2.69%,-0.22%,,,,,1/1/2006,2006,,39,2.94%,62,2084,2.34%
,,,,,,,,,,,,,,,,,,2016,3/2/2016,$                                                       54.42,,,10/5/2015,,10/5/2015,,,,,3.01%,$             54.42,1.64,75.34,49.93,61.00,18%,38%,2.18%,3.28%,9.22%,413.43%,431.07%,9.6,2.69%,0.00%,,,,,1/1/2007,2007,,40,2.97%,71,2155,2.67%
,,,,,,,,,,,,,,,,,,2016,3/3/2016,$                                                       54.87,,,10/12/2015,,10/12/2015,,,,,2.99%,$             54.87,1.64,75.34,49.93,61.00,19%,37%,2.18%,3.28%,9.15%,409.22%,426.72%,9.6,2.69%,0.00%,,,,,1/1/2008,2008,,41,3.00%,69,2224,2.60%
,,,,,,,,,,,,,,,,,,2016,3/4/2016,$                                                       54.89,,,10/19/2015,,10/19/2015,,,,,2.99%,$             54.89,1.64,75.34,49.93,61.00,20%,37%,2.18%,3.28%,9.15%,409.04%,426.53%,9.6,2.69%,0.00%,,,,,1/1/2009,2009,,42,3.03%,58,2282,2.18%
,,,,,,,,,,,,,,,,,,2016,3/7/2016,$                                                       55.49,,,10/26/2015,,10/26/2015,,,,,2.96%,$             55.49,1.64,75.34,49.93,61.00,22%,36%,2.18%,3.28%,9.05%,403.53%,420.83%,9.6,2.69%,0.00%,,,,,1/1/2010,2010,,43,3.06%,51,2333,1.92%
,,,,,,,,,,,,,,,,,,2016,3/8/2016,$                                                       54.53,,,11/2/2015,,11/2/2015,,,,,3.01%,$             54.53,1.64,75.34,49.93,61.00,18%,38%,2.18%,3.28%,9.21%,412.40%,430.00%,9.6,2.69%,-1.73%,,,,,1/1/2011,2011,,44,3.09%,35,2368,1.32%
,,,,,,,,,,,,,,,,,,2016,3/9/2016,$                                                       54.75,,,11/9/2015,,11/9/2015,,,,,3.00%,$             54.75,1.64,75.34,49.93,61.00,19%,38%,2.18%,3.28%,9.17%,410.34%,427.87%,9.6,2.69%,-1.33%,,,,,1/1/2012,2012,,45,3.12%,31,2399,1.17%
,,,,,,,,,,,,,,,,,,2016,3/10/2016,$                                                       55.49,,,11/16/2015,,11/16/2015,,,,,2.96%,$             55.49,1.64,75.34,49.93,61.00,22%,36%,2.18%,3.28%,9.05%,403.53%,420.83%,9.6,2.69%,0.00%,,,,,1/1/2013,2013,,46,3.15%,26,2425,0.98%
,,,,,,,,,,,,,,,,,,2016,3/11/2016,$                                                       56.06,,,11/23/2015,,11/23/2015,,,,,2.93%,$             56.06,1.64,75.34,49.93,61.00,24%,34%,2.18%,3.28%,8.95%,398.41%,415.54%,9.6,2.69%,0.00%,,,,,1/1/2014,2014,,47,3.18%,23,2448,0.87%
,,,,,,,,,,,,,,,,,,2016,3/14/2016,$                                                        55.61,,,11/30/2015,,11/30/2015,,,,,2.95%,$              55.61,1.64,75.34,49.93,61.00,22%,35%,2.18%,3.28%,9.03%,402.45%,419.71%,9.6,2.69%,-0.80%,,,,,1/1/2015,2015,,48,3.21%,23,2471,0.87%
,,,,,,,,,,,,,,,,,,2016,3/15/2016,$                                                       55.73,,,12/7/2015,,12/7/2015,,,,,2.94%,$             55.73,1.64,75.34,49.93,61.00,23%,35%,2.18%,3.28%,9.01%,401.36%,418.59%,9.6,2.69%,-0.59%,,,,,1/1/2016,2016,,49,3.24%,23,2494,0.87%
,,,,,,,,,,,,,,,,,,2016,3/16/2016,$                                                        56.14,,,12/14/2015,,12/14/2015,,,,,2.92%,$              56.14,1.64,75.34,49.93,61.00,24%,34%,2.18%,3.28%,8.94%,397.70%,414.80%,9.6,2.69%,0.00%,,,,,1/1/2017,2017,,50,3.27%,28,2522,1.05%
,,,,,,,,,,,,,,,,,,2016,3/17/2016,$                                                       56.60,,,12/21/2015,,12/21/2015,,,,,2.90%,$             56.60,1.64,75.34,49.93,61.00,26%,33%,2.18%,3.28%,8.87%,393.66%,410.62%,9.6,2.69%,0.00%,,,,,1/1/2018,2018,,51,3.30%,15,2537,0.56%
,,,,,,,,,,,,,,,,,,2016,3/18/2016,$                                                       57.09,,,12/28/2015,,12/28/2015,,,,,2.87%,$             57.09,1.64,75.34,49.93,61.00,28%,32%,2.18%,3.28%,8.79%,389.42%,406.24%,9.6,2.69%,0.00%,,,,,1/1/2019,2019,,52,3.33%,16,2553,0.60%
,,,,,,,,,,,,,,,,,,2016,3/21/2016,$                                                       57.02,,,1/4/2016,,1/4/2016,,,,,2.88%,$             57.02,1.64,75.34,49.93,61.00,28%,32%,2.18%,3.28%,8.80%,390.02%,406.86%,9.6,2.69%,-0.12%,,,,,1/1/2020,2020,,53,3.36%,14,2567,0.53%
,,,,,,,,,,,,,,,,,,2016,3/22/2016,$                                                       56.90,,,1/11/2016,,1/11/2016,,,,,2.88%,$             56.90,1.64,75.34,49.93,61.00,27%,32%,2.18%,3.28%,8.82%,391.05%,407.93%,9.6,2.69%,-0.33%,,,,,,,,54,3.39%,20,2587,0.75%
,,,,,,,,,,,,,,,,,,2016,3/23/2016,$                                                       56.60,,,1/19/2016,,1/19/2016,,,,,2.90%,$             56.60,1.64,75.34,49.93,61.00,26%,33%,2.18%,3.28%,8.87%,393.66%,410.62%,9.6,2.69%,-0.86%,,,,,,,,55,3.42%,6,2593,0.23%
,,,,,,,,,,,,,,,,,,2016,3/24/2016,$                                                       56.70,,,1/25/2016,,1/25/2016,,,,,2.89%,$             56.70,1.64,75.34,49.93,61.00,27%,33%,2.18%,3.28%,8.85%,392.79%,409.72%,9.6,2.69%,-0.68%,,,,,,,,56,3.45%,8,2601,0.30%
,,,,,,,,,,,,,,,,,,2016,3/28/2016,$                                                       56.52,,,2/1/2016,,2/1/2016,,,,,2.90%,$             56.52,1.64,75.34,49.93,61.00,26%,33%,2.18%,3.28%,8.88%,394.36%,411.34%,9.6,2.69%,-1.00%,,,,,,80%,,57,3.48%,9,2610,0.34%
,,,,,,,,,,,,,,,,,,2016,3/29/2016,$                                                        57.41,,,2/8/2016,,2/8/2016,,,,,2.86%,$              57.41,1.64,75.34,49.93,61.00,29%,31%,2.18%,3.28%,8.74%,386.69%,403.41%,9.6,2.69%,0.00%,,,,,,81%,,58,3.51%,4,2614,0.15%
,,,,,,,,,,,,,,,,,,2016,3/30/2016,$                                                       58.37,,,2/16/2016,,2/16/2016,,,,,2.81%,$             58.37,1.64,75.34,49.93,61.00,33%,29%,2.18%,3.28%,8.60%,378.69%,395.13%,9.6,2.69%,0.00%,,,,,,82%,,59,3.54%,3,2617,0.11%
,,,,,,,,,,,,,,,,,,2016,3/31/2016,$                                                       57.42,,,2/22/2016,,2/22/2016,,,,,2.86%,$             57.42,1.64,75.34,49.93,61.00,29%,31%,2.18%,3.28%,8.74%,386.61%,403.33%,9.6,2.69%,-1.63%,,,,,,83%,,60,3.57%,4,2621,0.15%
,,,,,,,,,,,,,,,,,,2016,4/1/2016,$                                                       57.94,,,2/29/2016,,2/29/2016,,,,,2.83%,$             57.94,1.64,75.34,49.93,61.00,32%,30%,2.18%,3.28%,8.66%,382.24%,398.81%,9.6,2.69%,-0.74%,,,,,,84%,,61,3.60%,2,2623,0.08%
,,,,,,,,,,,,,,,,,,2016,4/4/2016,$                                                       57.72,,,3/7/2016,,3/7/2016,,,,,2.84%,$             57.72,1.64,75.34,49.93,61.00,31%,31%,2.18%,3.28%,8.70%,384.08%,400.71%,9.6,2.69%,-1.11%,,,,,,85%,,62,3.63%,2,2625,0.08%
,,,,,,,,,,,,,,,,,,2016,4/5/2016,$                                                        57.71,,,3/14/2016,,3/14/2016,,,,,2.84%,$              57.71,1.64,75.34,49.93,61.00,31%,31%,2.18%,3.28%,8.70%,384.16%,400.80%,9.6,2.69%,-1.13%,,,,,,86%,,63,3.66%,3,2628,0.11%
,,,,,,,,,,,,,,,,,,2016,4/6/2016,$                                                       58.36,,,3/21/2016,,3/21/2016,,,,,2.81%,$             58.36,1.64,75.34,49.93,61.00,33%,29%,2.18%,3.28%,8.60%,378.77%,395.22%,9.6,2.69%,-0.02%,,,,,,87%,,64,3.69%,0,2628,0.00%
,,,,,,,,,,,,,,,,,,2016,4/7/2016,$                                                        57.15,,,3/28/2016,,3/28/2016,,,,,2.87%,$              57.15,1.64,75.34,49.93,61.00,28%,32%,2.18%,3.28%,8.78%,388.91%,405.70%,9.6,2.69%,-2.09%,,,,,,88%,,65,,,,
,,,,,,,,,,,,,,,,,,2016,4/8/2016,$                                                       57.89,,,4/4/2016,,4/4/2016,,,,,2.83%,$             57.89,1.64,75.34,49.93,61.00,31%,30%,2.18%,3.28%,8.67%,382.66%,399.24%,9.6,2.69%,-0.82%,,,,,,89%,,66,,,,
,,,,,,,,,,,,,,,,,,2016,4/11/2016,$                                                       57.82,,,4/11/2016,,4/11/2016,,,,,2.84%,$             57.82,1.64,75.34,49.93,61.00,31%,30%,2.18%,3.28%,8.68%,383.24%,399.84%,9.6,2.69%,-0.94%,,,,,,90%,,67,,,,
,,,,,,,,,,,,,,,,,,2016,4/12/2016,$                                                       58.44,,,4/18/2016,,4/18/2016,,,,,2.81%,$             58.44,1.64,75.34,49.93,61.00,33%,29%,2.18%,3.28%,8.59%,378.11%,394.54%,9.6,2.69%,0.00%,,,,,,91%,,68,,,,
,,,,,,,,,,,,,,,,,,2016,4/13/2016,$                                                        59.17,,,4/25/2016,,4/25/2016,,,,,2.77%,$              59.17,1.64,75.34,49.93,61.00,36%,27%,2.18%,3.28%,8.48%,372.22%,388.44%,9.6,2.69%,0.00%,,,,,,92%,,69,,,,
,,,,,,,,,,,,,,,,,,2016,4/14/2016,$                                                       59.22,,,5/2/2016,,5/2/2016,,,,,2.77%,$             59.22,1.64,75.34,49.93,61.00,37%,27%,2.18%,3.28%,8.48%,371.82%,388.03%,9.6,2.69%,0.00%,,,,,,93%,,70,,,,
,,,,,,,,,,,,,,,,,,2016,4/15/2016,$                                                       58.93,,,5/9/2016,,5/9/2016,,,,,2.78%,$             58.93,1.64,75.34,49.93,61.00,35%,28%,2.18%,3.28%,8.52%,374.14%,390.43%,9.6,2.69%,-0.49%,,,,,,94%,,71,,,,
,,,,,,,,,,,,,,,,,,2016,4/18/2016,$                                                       58.95,,,5/16/2016,,5/16/2016,,,,,2.78%,$             58.95,1.64,75.34,49.93,61.00,35%,28%,2.18%,3.28%,8.52%,373.98%,390.26%,9.6,2.69%,-0.46%,,,,,,95%,,72,,,,
,,,,,,,,,,,,,,,,,,2016,4/19/2016,$                                                       58.42,,,5/23/2016,,5/23/2016,,,,,2.81%,$             58.42,1.64,75.34,49.93,61.00,33%,29%,2.18%,3.28%,8.59%,378.28%,394.71%,9.6,2.69%,-1.35%,,,,,,96%,,73,,,,
,,,,,,,,,,,,,,,,,,2016,4/20/2016,$                                                       59.05,,,5/31/2016,,5/31/2016,,,,,2.78%,$             59.05,1.64,75.34,49.93,61.00,36%,28%,2.18%,3.28%,8.50%,373.18%,389.43%,9.6,2.69%,-0.29%,,,,,,97%,,74,,,,
,,,,,,,,,,,,,,,,,,2016,4/21/2016,$                                                       58.86,,,6/6/2016,,6/6/2016,,,,,2.79%,$             58.86,1.64,75.34,49.93,61.00,35%,28%,2.18%,3.28%,8.53%,374.70%,391.01%,9.6,2.69%,-0.61%,,,,,,98%,,75,,,,
,,,,,,,,,,,,,,,,,,2016,4/22/2016,$                                                       58.68,,,6/13/2016,,6/13/2016,,,,,2.79%,$             58.68,1.64,75.34,49.93,61.00,34%,28%,2.18%,3.28%,8.55%,376.16%,392.52%,9.6,2.69%,-0.91%,,,,,,99%,,76,,,,
,,,,,,,,,,,,,,,,,,2016,4/25/2016,$                                                       59.02,,,6/20/2016,,6/20/2016,,,,,2.78%,$             59.02,1.64,75.34,49.93,61.00,36%,28%,2.18%,3.28%,8.51%,373.42%,389.68%,9.6,2.69%,-0.34%,,,,,,100%,,77,,,,
,,,,,,,,,,,,,,,,,,2016,4/26/2016,$                                                       59.40,,,6/27/2016,,6/27/2016,,,,,2.76%,$             59.40,1.64,75.34,49.93,61.00,37%,27%,2.18%,3.28%,8.45%,370.39%,386.55%,9.6,2.69%,0.00%,,,,,,,,78,,,,
,,,,,,,,,,,,,,,,,,2016,4/27/2016,$                                                       59.92,,,7/5/2016,,7/5/2016,,,,,2.74%,$             59.92,1.64,75.34,49.93,61.00,39%,26%,2.18%,3.28%,8.38%,366.31%,382.33%,9.6,2.69%,0.00%,,,,,,,,79,,,,
,,,,,,,,,,,,,,,,,,2016,4/28/2016,$                                                       58.69,,,7/11/2016,,7/11/2016,,,,,2.79%,$             58.69,1.64,75.34,49.93,61.00,34%,28%,2.18%,3.28%,8.55%,376.08%,392.43%,9.6,2.69%,-2.05%,,,,,,,,80,,,,
,,,,,,,,,,,,,,,,,,2016,4/29/2016,$                                                       57.04,,,7/18/2016,,7/18/2016,,,,,2.88%,$             57.04,1.64,75.34,49.93,61.00,28%,32%,2.18%,3.28%,8.80%,389.85%,406.68%,9.6,2.69%,-4.81%,,,,,,,,,,,,
,,,,,,,,,,,,,,,,,,2016,5/2/2016,$                                                       57.85,,,7/25/2016,,7/25/2016,,,,,2.83%,$             57.85,1.64,75.34,49.93,61.00,31%,30%,2.18%,3.28%,8.68%,382.99%,399.59%,9.6,2.69%,-3.45%,,,,,,,,,,,,
,,,,,,,,,,,,,,,,,,2016,5/3/2016,$                                                       57.20,,,8/1/2016,,8/1/2016,,,,,2.87%,$             57.20,1.64,75.34,49.93,61.00,29%,32%,2.18%,3.28%,8.78%,388.48%,405.26%,9.6,2.69%,-4.54%,,,,,,,,,,,,
,,,,,,,,,,,,,,,,,,2016,5/4/2016,$                                                       56.43,,,8/8/2016,,8/8/2016,,,,,2.91%,$             56.43,1.64,75.34,49.93,61.00,26%,34%,2.18%,3.28%,8.90%,395.14%,412.16%,9.6,2.69%,-5.82%,,,,,,,,,,,,
,,,,,,,,,,,,,,,,,,2016,5/5/2016,$                                                       56.64,,,8/15/2016,,8/15/2016,,,,,2.90%,$             56.64,1.64,75.34,49.93,61.00,26%,33%,2.18%,3.28%,8.86%,393.31%,410.26%,9.6,2.69%,-5.47%,,,,,,,,,,,,
,,,,,,,,,,,,,,,,,,2016,5/6/2016,$                                                       57.20,,,8/22/2016,,8/22/2016,,,,,2.87%,$             57.20,1.64,75.34,49.93,61.00,29%,32%,2.18%,3.28%,8.78%,388.48%,405.26%,9.6,2.69%,-4.54%,,,,,,,,,,,,
,,,,,,,,,,,,,,,,,,2016,5/9/2016,$                                                        56.91,,,8/29/2016,,8/29/2016,,,,,2.88%,$              56.91,1.64,75.34,49.93,61.00,27%,32%,2.18%,3.28%,8.82%,390.97%,407.84%,9.6,2.69%,-5.02%,,,,,,,,,,,,
,,,,,,,,,,,,,,,,,,2016,5/10/2016,$                                                       57.63,,,9/6/2016,,9/6/2016,,,,,2.85%,$             57.63,1.64,75.34,49.93,61.00,30%,31%,2.18%,3.28%,8.71%,384.83%,401.49%,9.6,2.69%,-3.82%,,,,,,,,,,,,
,,,,,,,,,,,,,,,,,,2016,5/11/2016,$                                                       57.63,,,9/12/2016,,9/12/2016,,,,,2.85%,$             57.63,1.64,75.34,49.93,61.00,30%,31%,2.18%,3.28%,8.71%,384.83%,401.49%,9.6,2.69%,-3.82%,,,,,,,,,,,,
,,,,,,,,,,,,,,,,,,2016,5/12/2016,$                                                        57.16,,,9/19/2016,,9/19/2016,,,,,2.87%,$              57.16,1.64,75.34,49.93,61.00,28%,32%,2.18%,3.28%,8.78%,388.82%,405.62%,9.6,2.69%,-4.61%,,,,,,,,,,,,
,,,,,,,,,,,,,,,,,,2016,5/13/2016,$                                                        57.12,,,9/26/2016,,9/26/2016,,,,,2.87%,$              57.12,1.64,75.34,49.93,61.00,28%,32%,2.18%,3.28%,8.79%,389.16%,405.97%,9.6,2.69%,-4.67%,,,,,,,,,,,,
,,,,,,,,,,,,,,,,,,2016,5/16/2016,$                                                       58.02,,,10/3/2016,,10/3/2016,,,,,2.83%,$             58.02,1.64,75.34,49.93,61.00,32%,30%,2.18%,3.28%,8.65%,381.58%,398.12%,9.6,2.69%,-3.17%,,,,,,,,,,,,
,,,,,,,,,,,,,,,,,,2016,5/17/2016,$                                                       57.43,,,10/10/2016,,10/10/2016,,,,,2.86%,$             57.43,1.64,75.34,49.93,61.00,30%,31%,2.18%,3.28%,8.74%,386.52%,403.24%,9.6,2.69%,-4.16%,,,,,,,,,,,,
,,,,,,,,,,,,,,,,,,2016,5/18/2016,$                                                        58.01,,,10/17/2016,,10/17/2016,,,,,2.83%,$              58.01,1.64,75.34,49.93,61.00,32%,30%,2.18%,3.28%,8.65%,381.66%,398.21%,9.6,2.69%,-3.19%,,,,,,,,,,,,
,,,,,,,,,,,,,,,,,,2016,5/19/2016,$                                                       57.23,,,10/24/2016,,10/24/2016,,,,,2.87%,$             57.23,1.64,75.34,49.93,61.00,29%,32%,2.18%,3.28%,8.77%,388.22%,405.00%,9.6,2.69%,-4.49%,,,,,,,,,,,,
,,,,,,,,,,,,,,,,,,2016,5/20/2016,$                                                       58.53,,,10/31/2016,,10/31/2016,,,,,2.80%,$             58.53,1.64,75.34,49.93,61.00,34%,29%,2.18%,3.28%,8.58%,377.38%,393.78%,9.6,2.69%,-2.32%,,,,,,,,,,,,
,,,,,,,,,,,,,,,,,,2016,5/23/2016,$                                                       58.73,,,11/7/2016,,11/7/2016,,,,,2.79%,$             58.73,1.64,75.34,49.93,61.00,35%,28%,2.18%,3.28%,8.55%,375.75%,392.10%,9.6,2.69%,-1.99%,,,,,,,,,,,,
,,,,,,,,,,,,,,,,,,2016,5/24/2016,$                                                       60.09,,,11/14/2016,,11/14/2016,,,,,2.73%,$             60.09,1.64,75.34,49.93,61.00,40%,25%,2.18%,3.28%,8.35%,364.99%,380.96%,9.6,2.69%,0.00%,,,,,,,,,,,,
,,,,,,,,,,,,,,,,,,2016,5/25/2016,$                                                       60.44,,,11/21/2016,,11/21/2016,,,,,2.71%,$             60.44,1.64,75.34,49.93,61.00,41%,25%,2.18%,3.28%,8.31%,362.29%,378.18%,9.6,2.69%,0.00%,,,,,,,,,,,,
,,,,,,,,,,,,,,,,,,2016,5/26/2016,$                                                       60.77,,,11/28/2016,,11/28/2016,,,,,2.70%,$             60.77,1.64,75.34,49.93,61.00,43%,24%,2.18%,3.28%,8.26%,359.78%,375.58%,9.6,2.69%,0.00%,,,,,,,,,,,,
,,,,,,,,,,,,,,,,,,2016,5/27/2016,$                                                        61.02,,,12/5/2016,,12/5/2016,,,,,2.69%,$              61.02,1.64,75.34,49.93,61.00,44%,23%,2.18%,3.28%,8.23%,357.90%,373.63%,9.6,2.69%,0.00%,,,,,,,,,,,,
,,,,,,,,,,,,,,,,,,2016,5/31/2016,$                                                       60.60,,,12/12/2016,,12/12/2016,,,,,2.71%,$             60.60,1.64,75.34,49.93,61.00,42%,24%,2.18%,3.28%,8.28%,361.07%,376.91%,9.6,2.69%,-0.69%,,,,,,,,,,,,
,,,,,,,,,,,,,,,,,,2016,6/1/2016,$                                                        61.07,,,12/19/2016,,12/19/2016,,,,,2.69%,$              61.07,1.64,75.34,49.93,61.00,44%,23%,2.18%,3.28%,8.22%,357.52%,373.24%,9.6,2.69%,0.00%,,,,,,,,,,,,
,,,,,,,,,,,,,,,,,,2016,6/2/2016,$                                                       60.76,,,12/27/2016,,12/27/2016,,,,,2.70%,$             60.76,1.64,75.34,49.93,61.00,43%,24%,2.18%,3.28%,8.26%,359.86%,375.66%,9.6,2.69%,-0.51%,,,,,,,,,,,,
,,,,,,,,,,,,,,,,,,2016,6/3/2016,$                                                       60.53,,,1/3/2017,,1/3/2017,,,,,2.71%,$             60.53,1.64,75.34,49.93,61.00,42%,24%,2.18%,3.28%,8.29%,361.61%,377.47%,9.6,2.69%,-0.88%,,,,,,,,,,,,
,,,,,,,,,,,,,,,,,,2016,6/6/2016,$                                                        61.29,,,1/9/2017,,1/9/2017,,,,,2.68%,$              61.29,1.64,75.34,49.93,61.00,45%,23%,2.18%,3.28%,8.19%,355.88%,371.55%,9.6,2.69%,0.00%,,,,,,,,,,,,
,,,,,,,,,,,,,,,,,,2016,6/7/2016,$                                                        61.56,,,1/17/2017,,1/17/2017,,,,,2.66%,$              61.56,1.64,75.34,49.93,61.00,46%,22%,2.18%,3.28%,8.15%,353.88%,369.48%,9.6,2.69%,0.00%,,,,,,,,,,,,
,,,,,,,,,,,,,,,,,,2016,6/8/2016,$                                                       62.08,,,1/23/2017,,1/23/2017,,,,,2.64%,$             62.08,1.64,75.34,49.93,61.00,48%,21%,2.18%,3.28%,8.09%,350.08%,365.54%,9.6,2.69%,0.00%,,,,,,,,,,,,
,,,,,,,,,,,,,,,,,,2016,6/9/2016,$                                                        62.14,,,1/30/2017,,1/30/2017,,,,,2.64%,$              62.14,1.64,75.34,49.93,61.00,48%,21%,2.18%,3.28%,8.08%,349.65%,365.09%,9.6,2.69%,0.00%,,,,,,,,,,,,
,,,,,,,,,,,,,,,,,,2016,6/10/2016,$                                                         61.91,,,2/6/2017,,2/6/2017,,,,,2.65%,$               61.91,1.64,75.34,49.93,61.00,47%,22%,2.18%,3.28%,8.11%,351.32%,366.82%,9.6,2.69%,-0.37%,,,,,,,,,,,,
,,,,,,,,,,,,,,,,,,2016,6/13/2016,$                                                        61.53,,,2/13/2017,,2/13/2017,,,,,2.67%,$              61.53,1.64,75.34,49.93,61.00,46%,22%,2.18%,3.28%,8.16%,354.10%,369.71%,9.6,2.69%,-0.98%,,,,,,,,,,,,
,,,,,,,,,,,,,,,,,,2016,6/14/2016,$                                                        61.90,,,2/21/2017,,2/21/2017,,,,,2.65%,$              61.90,1.64,75.34,49.93,61.00,47%,22%,2.18%,3.28%,8.11%,351.39%,366.90%,9.6,2.69%,-0.39%,,,,,,,,,,,,
,,,,,,,,,,,,,,,,,,2016,6/15/2016,$                                                        61.69,,,2/27/2017,,2/27/2017,,,,,2.66%,$              61.69,1.64,75.34,49.93,61.00,46%,22%,2.18%,3.28%,8.14%,352.93%,368.49%,9.6,2.69%,-0.72%,,,,,,,,,,,,
,,,,,,,,,,,,,,,,,,2016,6/16/2016,$                                                       62.06,,,3/6/2017,,3/6/2017,,,,,2.64%,$             62.06,1.64,75.34,49.93,61.00,48%,21%,2.18%,3.28%,8.09%,350.23%,365.69%,9.6,2.69%,-0.13%,,,,,,,,,,,,
,,,,,,,,,,,,,,,,,,2016,6/17/2016,$                                                        61.62,,,3/13/2017,,3/13/2017,,,,,2.66%,$              61.62,1.64,75.34,49.93,61.00,46%,22%,2.18%,3.28%,8.15%,353.44%,369.02%,9.6,2.69%,-0.84%,,,,,,,,,,,,
,,,,,,,,,,,,,,,,,,2016,6/20/2016,$                                                        62.01,,,3/20/2017,,3/20/2017,,,,,2.64%,$              62.01,1.64,75.34,49.93,61.00,48%,21%,2.18%,3.28%,8.10%,350.59%,366.07%,9.6,2.69%,-0.21%,,,,,,,,,,,,
,,,,,,,,,,,,,,,,,,2016,6/21/2016,$                                                       62.04,,,3/27/2017,,3/27/2017,,,,,2.64%,$             62.04,1.64,75.34,49.93,61.00,48%,21%,2.18%,3.28%,8.09%,350.37%,365.84%,9.6,2.69%,-0.16%,,,,,,,,,,,,
,,,,,,,,,,,,,,,,,,2016,6/22/2016,$                                                       62.06,,,4/3/2017,,4/3/2017,,,,,2.64%,$             62.06,1.64,75.34,49.93,61.00,48%,21%,2.18%,3.28%,8.09%,350.23%,365.69%,9.6,2.69%,-0.13%,,,,,,,,,,,,
,,,,,,,,,,,,,,,,,,2016,6/23/2016,$                                                       63.30,,,4/10/2017,,4/10/2017,,,,,2.59%,$             63.30,1.64,75.34,49.93,61.00,53%,19%,2.18%,3.28%,7.93%,341.41%,356.57%,9.6,2.69%,0.00%,,,,,,,,,,,,
,,,,,,,,,,,,,,,,,,2016,6/24/2016,$                                                       60.54,,,4/17/2017,,4/17/2017,,,,,2.71%,$             60.54,1.64,75.34,49.93,61.00,42%,24%,2.18%,3.28%,8.29%,361.53%,377.39%,9.6,2.69%,-4.36%,,,,,,,,,,,,
,,,,,,,,,,,,,,,,,,2016,6/27/2016,$                                                       59.07,,,4/24/2017,,4/24/2017,,,,,2.78%,$             59.07,1.64,75.34,49.93,61.00,36%,28%,2.18%,3.28%,8.50%,373.02%,389.27%,9.6,2.69%,-6.68%,,,,,,,,,,,,
,,,,,,,,,,,,,,,,,,2016,6/28/2016,$                                                       60.27,,,5/1/2017,,5/1/2017,,,,,2.72%,$             60.27,1.64,75.34,49.93,61.00,41%,25%,2.18%,3.28%,8.33%,363.60%,379.53%,9.6,2.69%,-4.79%,,,,,,,,,,,,
,,,,,,,,,,,,,,,,,,2016,6/29/2016,$                                                        61.25,,,5/8/2017,,5/8/2017,,,,,2.68%,$              61.25,1.64,75.34,49.93,61.00,45%,23%,2.18%,3.28%,8.20%,356.18%,371.85%,9.6,2.69%,-3.24%,,,,,,,,,,,,
,,,,,,,,,,,,,,,,,,2016,6/30/2016,$                                                       62.65,,,5/15/2017,,5/15/2017,,,,,2.62%,$             62.65,1.64,75.34,49.93,61.00,50%,20%,2.18%,3.28%,8.01%,345.99%,361.31%,9.6,2.69%,-1.03%,,,,,,,,,,,,
,,,,,,,,,,,,,,,,,,2016,7/1/2016,$                                                         62.11,,,5/22/2017,,5/22/2017,,,,,2.64%,$               62.11,1.64,75.34,49.93,61.00,48%,21%,2.18%,3.28%,8.08%,349.86%,365.32%,9.6,2.69%,-1.88%,,,,,,,,,,,,
,,,,,,,,,,,,,,,,,,2016,7/5/2016,$                                                        61.25,,,5/30/2017,,5/30/2017,,,,,2.68%,$              61.25,1.64,75.34,49.93,61.00,45%,23%,2.18%,3.28%,8.20%,356.18%,371.85%,9.6,2.69%,-3.24%,,,,,,,,,,,,
,,,,,,,,,,,,,,,,,,2016,7/6/2016,$                                                        61.06,,,6/5/2017,,6/5/2017,,,,,2.69%,$              61.06,1.64,75.34,49.93,61.00,44%,23%,2.18%,3.28%,8.22%,357.60%,373.32%,9.6,2.69%,-3.54%,,,,,,,,,,,,
,,,,,,,,,,,,,,,,,,2016,7/7/2016,$                                                        61.77,,,6/12/2017,,6/12/2017,,,,,2.66%,$              61.77,1.64,75.34,49.93,61.00,47%,22%,2.18%,3.28%,8.13%,352.34%,367.88%,9.6,2.69%,-2.42%,,,,,,,,,,,,
,,,,,,,,,,,,,,,,,,2016,7/8/2016,$                                                       63.27,,,6/19/2017,,6/19/2017,,,,,2.59%,$             63.27,1.64,75.34,49.93,61.00,52%,19%,2.18%,3.28%,7.93%,341.62%,356.79%,9.6,2.69%,-0.05%,,,,,,,,,,,,
,,,,,,,,,,,,,,,,,,2016,7/11/2016,$                                                       63.40,,,6/26/2017,,6/26/2017,,,,,2.59%,$             63.40,1.64,75.34,49.93,61.00,53%,19%,2.18%,3.28%,7.92%,340.71%,355.85%,9.6,2.69%,0.00%,,,,,,,,,,,,
,,,,,,,,,,,,,,,,,,2016,7/12/2016,$                                                       64.38,,,7/3/2017,,7/3/2017,,,,,2.55%,$             64.38,1.64,75.34,49.93,61.00,57%,17%,2.18%,3.28%,7.80%,334.00%,348.91%,9.6,2.69%,0.00%,,,,,,,,,,,,
,,,,,,,,,,,,,,,,,,2016,7/13/2016,$                                                       64.54,,,7/10/2017,,7/10/2017,,,,,2.54%,$             64.54,1.64,75.34,49.93,61.00,57%,17%,2.18%,3.28%,7.78%,332.93%,347.80%,9.6,2.69%,0.00%,,,,,,,,,,,,
,,,,,,,,,,,,,,,,,,2016,7/14/2016,$                                                        64.81,,,7/17/2017,,7/17/2017,,,,,2.53%,$              64.81,1.64,75.34,49.93,61.00,59%,16%,2.18%,3.28%,7.75%,331.12%,345.93%,9.6,2.69%,0.00%,,,,,,,,,,,,
,,,,,,,,,,,,,,,,,,2016,7/15/2016,$                                                       64.85,,,7/24/2017,,7/24/2017,,,,,2.53%,$             64.85,1.64,75.34,49.93,61.00,59%,16%,2.18%,3.28%,7.74%,330.86%,345.66%,9.6,2.69%,0.00%,,,,,,,,,,,,
,,,,,,,,,,,,,,,,,,2016,7/18/2016,$                                                        65.19,,,7/31/2017,,7/31/2017,,,,,2.52%,$              65.19,1.64,75.34,49.93,61.00,60%,16%,2.18%,3.28%,7.70%,328.61%,343.33%,9.6,2.69%,0.00%,,,,,,,,,,,,
,,,,,,,,,,,,,,,,,,2016,7/19/2016,$                                                       64.94,,,8/7/2017,,8/7/2017,,,,,2.53%,$             64.94,1.64,75.34,49.93,61.00,59%,16%,2.18%,3.28%,7.73%,330.26%,345.04%,9.6,2.69%,-0.38%,,,,,,,,,,,,
,,,,,,,,,,,,,,,,,,2016,7/20/2016,$                                                       65.45,,,8/14/2017,,8/14/2017,,,,,2.51%,$             65.45,1.64,75.34,49.93,61.00,61%,15%,2.18%,3.28%,7.67%,326.91%,341.57%,9.6,2.69%,0.00%,,,,,,,,,,,,
,,,,,,,,,,,,,,,,,,2016,7/21/2016,$                                                        64.91,,,8/21/2017,,8/21/2017,,,,,2.53%,$              64.91,1.64,75.34,49.93,61.00,59%,16%,2.18%,3.28%,7.73%,330.46%,345.25%,9.6,2.69%,-0.83%,,,,,,,,,,,,
,,,,,,,,,,,,,,,,,,2016,7/22/2016,$                                                       65.49,,,8/28/2017,,8/28/2017,,,,,2.50%,$             65.49,1.64,75.34,49.93,61.00,61%,15%,2.18%,3.28%,7.67%,326.65%,341.30%,9.6,2.69%,0.00%,,,,,,,,,,,,
,,,,,,,,,,,,,,,,,,2016,7/25/2016,$                                                       66.22,,,9/5/2017,,9/5/2017,,,,,2.48%,$             66.22,1.64,75.34,49.93,61.00,64%,14%,2.18%,3.28%,7.58%,321.94%,336.44%,9.6,2.69%,0.00%,,,,,,,,,,,,
,,,,,,,,,,,,,,,,,,2016,7/26/2016,$                                                        71.42,,,9/11/2017,,9/11/2017,,,,,2.30%,$              71.42,1.64,75.34,49.93,61.00,85%,5%,2.18%,3.28%,7.03%,291.22%,304.66%,9.6,2.69%,0.00%,,,,,,,,,,,,
,,,,,,,,,,,,,,,,,,2016,7/27/2016,$                                                        71.27,,,9/18/2017,,9/18/2017,,,,,2.30%,$              71.27,1.64,75.34,49.93,61.00,84%,6%,2.18%,3.28%,7.04%,292.04%,305.51%,9.6,2.69%,-0.21%,,,,,,,,,,,,
,,,,,,,,,,,,,,,,,,2016,7/28/2016,$                                                       70.23,,,9/25/2017,,9/25/2017,,,,,2.34%,$             70.23,1.64,75.34,49.93,61.00,80%,7%,2.18%,3.28%,7.15%,297.85%,311.52%,9.6,2.69%,-1.67%,,,,,,,,,,,,
,,,,,,,,,,,,,,,,,,2016,7/29/2016,$                                                       69.75,,,10/2/2017,,10/2/2017,,,,,2.35%,$             69.75,1.64,75.34,49.93,61.00,78%,8%,2.18%,3.28%,7.20%,300.59%,314.35%,9.6,2.69%,-2.34%,,,,,,,,,,,,
,,,,,,,,,,,,,,,,,,2016,8/1/2016,$                                                       69.88,,,10/9/2017,,10/9/2017,,,,,2.35%,$             69.88,1.64,75.34,49.93,61.00,79%,8%,2.18%,3.28%,7.18%,299.84%,313.58%,9.6,2.69%,-2.16%,,,,,,,,,,,,
,,,,,,,,,,,,,,,,,,2016,8/2/2016,$                                                       68.85,,,10/16/2017,,10/16/2017,,,,,2.38%,$             68.85,1.64,75.34,49.93,61.00,74%,9%,2.18%,3.28%,7.29%,305.82%,319.77%,9.6,2.69%,-3.60%,,,,,,,,,,,,
,,,,,,,,,,,,,,,,,,2016,8/3/2016,$                                                       68.88,,,10/23/2017,,10/23/2017,,,,,2.38%,$             68.88,1.64,75.34,49.93,61.00,75%,9%,2.18%,3.28%,7.29%,305.65%,319.58%,9.6,2.69%,-3.56%,,,,,,,,,,,,
,,,,,,,,,,,,,,,,,,2016,8/4/2016,$                                                        69.61,,,10/30/2017,,10/30/2017,,,,,2.36%,$              69.61,1.64,75.34,49.93,61.00,77%,8%,2.18%,3.28%,7.21%,301.39%,315.18%,9.6,2.69%,-2.53%,,,,,,,,,,,,
,,,,,,,,,,,,,,,,,,2016,8/5/2016,$                                                        70.15,,,11/6/2017,,11/6/2017,,,,,2.34%,$              70.15,1.64,75.34,49.93,61.00,80%,7%,2.18%,3.28%,7.16%,298.30%,311.99%,9.6,2.69%,-1.78%,,,,,,,,,,,,
,,,,,,,,,,,,,,,,,,2016,8/8/2016,$                                                        70.14,,,11/13/2017,,11/13/2017,,,,,2.34%,$              70.14,1.64,75.34,49.93,61.00,80%,7%,2.18%,3.28%,7.16%,298.36%,312.05%,9.6,2.69%,-1.79%,,,,,,,,,,,,
,,,,,,,,,,,,,,,,,,2016,8/9/2016,$                                                       70.25,,,11/20/2017,,11/20/2017,,,,,2.33%,$             70.25,1.64,75.34,49.93,61.00,80%,7%,2.18%,3.28%,7.15%,297.74%,311.40%,9.6,2.69%,-1.64%,,,,,,,,,,,,
,,,,,,,,,,,,,,,,,,2016,8/10/2016,$                                                       69.89,,,11/27/2017,,11/27/2017,,,,,2.35%,$             69.89,1.64,75.34,49.93,61.00,79%,8%,2.18%,3.28%,7.18%,299.79%,313.52%,9.6,2.69%,-2.14%,,,,,,,,,,,,
,,,,,,,,,,,,,,,,,,2016,8/11/2016,$                                                       70.00,,,12/4/2017,,12/4/2017,,,,,2.34%,$             70.00,1.64,75.34,49.93,61.00,79%,8%,2.18%,3.28%,7.17%,299.16%,312.87%,9.6,2.69%,-1.99%,,,,,,,,,,,,
,,,,,,,,,,,,,,,,,,2016,8/12/2016,$                                                       69.84,,,12/11/2017,,12/11/2017,,,,,2.35%,$             69.84,1.64,75.34,49.93,61.00,78%,8%,2.18%,3.28%,7.19%,300.07%,313.82%,9.6,2.69%,-2.21%,,,,,,,,,,,,
,,,,,,,,,,,,,,,,,,2016,8/15/2016,$                                                       70.33,,,12/18/2017,,12/18/2017,,,,,2.33%,$             70.33,1.64,75.34,49.93,61.00,80%,7%,2.18%,3.28%,7.14%,297.28%,310.93%,9.6,2.69%,-1.53%,,,,,,,,,,,,
,,,,,,,,,,,,,,,,,,2016,8/16/2016,$                                                       69.82,,,12/26/2017,,12/26/2017,,,,,2.35%,$             69.82,1.64,75.34,49.93,61.00,78%,8%,2.18%,3.28%,7.19%,300.19%,313.94%,9.6,2.69%,-2.24%,,,,,,,,,,,,
,,,,,,,,,,,,,,,,,,2016,8/17/2016,$                                                       69.82,,,1/2/2018,,1/2/2018,,,,,2.35%,$             69.82,1.64,75.34,49.93,61.00,78%,8%,2.18%,3.28%,7.19%,300.19%,313.94%,9.6,2.69%,-2.24%,,,,,,,,,,,,
,,,,,,,,,,,,,,,,,,2016,8/18/2016,$                                                        70.13,,,1/8/2018,,1/8/2018,,,,,2.34%,$              70.13,1.64,75.34,49.93,61.00,79%,7%,2.18%,3.28%,7.16%,298.42%,312.11%,9.6,2.69%,-1.81%,,,,,,,,,,,,
,,,,,,,,,,,,,,,,,,2016,8/19/2016,$                                                       70.27,,,1/16/2018,,1/16/2018,,,,,2.33%,$             70.27,1.64,75.34,49.93,61.00,80%,7%,2.18%,3.28%,7.14%,297.62%,311.29%,9.6,2.69%,-1.61%,,,,,,,,,,,,
,,,,,,,,,,,,,,,,,,2016,8/22/2016,$                                                       70.00,,,1/22/2018,,1/22/2018,,,,,2.34%,$             70.00,1.64,75.34,49.93,61.00,79%,8%,2.18%,3.28%,7.17%,299.16%,312.87%,9.6,2.69%,-1.99%,,,,,,,,,,,,
,,,,,,,,,,,,,,,,,,2016,8/23/2016,$                                                       69.98,,,1/29/2018,,1/29/2018,,,,,2.34%,$             69.98,1.64,75.34,49.93,61.00,79%,8%,2.18%,3.28%,7.17%,299.27%,312.99%,9.6,2.69%,-2.02%,,,,,,,,,,,,
,,,,,,,,,,,,,,,,,,2016,8/24/2016,$                                                       69.90,,,2/5/2018,,2/5/2018,,,,,2.35%,$             69.90,1.64,75.34,49.93,61.00,79%,8%,2.18%,3.28%,7.18%,299.73%,313.46%,9.6,2.69%,-2.13%,,,,,,,,,,,,
,,,,,,,,,,,,,,,,,,2016,8/25/2016,$                                                       69.82,,,2/12/2018,,2/12/2018,,,,,2.35%,$             69.82,1.64,75.34,49.93,61.00,78%,8%,2.18%,3.28%,7.19%,300.19%,313.94%,9.6,2.69%,-2.24%,,,,,,,,,,,,
,,,,,,,,,,,,,,,,,,2016,8/26/2016,$                                                       69.75,,,2/20/2018,,2/20/2018,,,,,2.35%,$             69.75,1.64,75.34,49.93,61.00,78%,8%,2.18%,3.28%,7.20%,300.59%,314.35%,9.6,2.69%,-2.34%,,,,,,,,,,,,
,,,,,,,,,,,,,,,,,,2016,8/29/2016,$                                                       69.98,,,2/26/2018,,2/26/2018,,,,,2.34%,$             69.98,1.64,75.34,49.93,61.00,79%,8%,2.18%,3.28%,7.17%,299.27%,312.99%,9.6,2.69%,-2.02%,,,,,,,,,,,,
,,,,,,,,,,,,,,,,,,2016,8/30/2016,$                                                        69.31,,,3/5/2018,,3/5/2018,,,,,2.37%,$              69.31,1.64,75.34,49.93,61.00,76%,9%,2.18%,3.28%,7.24%,303.13%,316.98%,9.6,2.69%,-2.95%,,,,,,,,,,,,
,,,,,,,,,,,,,,,,,,2016,8/31/2016,$                                                       69.54,,,3/12/2018,,3/12/2018,,,,,2.36%,$             69.54,1.64,75.34,49.93,61.00,77%,8%,2.18%,3.28%,7.22%,301.80%,315.60%,9.6,2.69%,-2.63%,,,,,,,,,,,,
,,,,,,,,,,,,,,,,,,2016,9/1/2016,$                                                       69.70,,,3/19/2018,,3/19/2018,,,,,2.35%,$             69.70,1.64,75.34,49.93,61.00,78%,8%,2.18%,3.28%,7.20%,300.88%,314.65%,9.6,2.69%,-2.41%,,,,,,,,,,,,
,,,,,,,,,,,,,,,,,,2016,9/2/2016,$                                                       69.68,,,3/26/2018,,3/26/2018,,,,,2.35%,$             69.68,1.64,75.34,49.93,61.00,78%,8%,2.18%,3.28%,7.20%,300.99%,314.77%,9.6,2.69%,-2.44%,,,,,,,,,,,,
,,,,,,,,,,,,,,,,,,2016,9/6/2016,$                                                       69.79,,,4/2/2018,,4/2/2018,,,,,2.35%,$             69.79,1.64,75.34,49.93,61.00,78%,8%,2.18%,3.28%,7.19%,300.36%,314.11%,9.6,2.69%,-2.28%,,,,,,,,,,,,
,,,,,,,,,,,,,,,,,,2016,9/7/2016,$                                                       69.49,,,4/9/2018,,4/9/2018,,,,,2.36%,$             69.49,1.64,75.34,49.93,61.00,77%,8%,2.18%,3.28%,7.22%,302.09%,315.90%,9.6,2.69%,-2.70%,,,,,,,,,,,,
,,,,,,,,,,,,,,,,,,2016,9/8/2016,$                                                       68.99,,,4/16/2018,,4/16/2018,,,,,2.38%,$             68.99,1.64,75.34,49.93,61.00,75%,9%,2.18%,3.28%,7.28%,305.00%,318.92%,9.6,2.69%,-3.40%,,,,,,,,,,,,
,,,,,,,,,,,,,,,,,,2016,9/9/2016,$                                                       66.67,,,4/23/2018,,4/23/2018,,,,,2.46%,$             66.67,1.64,75.34,49.93,61.00,66%,13%,2.18%,3.28%,7.53%,319.09%,333.49%,9.6,2.69%,-6.65%,,,,,,,,,,,,
,,,,,,,,,,,,,,,,,,2016,9/12/2016,$                                                       67.94,,,4/30/2018,,4/30/2018,,,,,2.41%,$             67.94,1.64,75.34,49.93,61.00,71%,11%,2.18%,3.28%,7.39%,311.26%,325.39%,9.6,2.69%,-4.87%,,,,,,,,,,,,
,,,,,,,,,,,,,,,,,,2016,9/13/2016,$                                                       67.45,,,5/7/2018,,5/7/2018,,,,,2.43%,$             67.45,1.64,75.34,49.93,61.00,69%,12%,2.18%,3.28%,7.44%,314.25%,328.48%,9.6,2.69%,-5.56%,,,,,,,,,,,,
,,,,,,,,,,,,,,,,,,2016,9/14/2016,$                                                       67.79,,,5/14/2018,,5/14/2018,,,,,2.42%,$             67.79,1.64,75.34,49.93,61.00,70%,11%,2.18%,3.28%,7.41%,312.17%,326.33%,9.6,2.69%,-5.08%,,,,,,,,,,,,
,,,,,,,,,,,,,,,,,,2016,9/15/2016,$                                                       69.22,,,5/21/2018,,5/21/2018,,,,,2.37%,$             69.22,1.64,75.34,49.93,61.00,76%,9%,2.18%,3.28%,7.25%,303.66%,317.52%,9.6,2.69%,-3.08%,,,,,,,,,,,,
,,,,,,,,,,,,,,,,,,2016,9/16/2016,$                                                       69.36,,,5/29/2018,,5/29/2018,,,,,2.36%,$             69.36,1.64,75.34,49.93,61.00,76%,9%,2.18%,3.28%,7.24%,302.84%,316.68%,9.6,2.69%,-2.88%,,,,,,,,,,,,
,,,,,,,,,,,,,,,,,,2016,9/19/2016,$                                                       69.54,,,6/4/2018,,6/4/2018,,,,,2.36%,$             69.54,1.64,75.34,49.93,61.00,77%,8%,2.18%,3.28%,7.22%,301.80%,315.60%,9.6,2.69%,-2.63%,,,,,,,,,,,,
,,,,,,,,,,,,,,,,,,2016,9/20/2016,$                                                        69.18,,,6/11/2018,,6/11/2018,,,,,2.37%,$              69.18,1.64,75.34,49.93,61.00,76%,9%,2.18%,3.28%,7.26%,303.89%,317.77%,9.6,2.69%,-3.14%,,,,,,,,,,,,
,,,,,,,,,,,,,,,,,,2016,9/21/2016,$                                                       69.56,,,6/18/2018,,6/18/2018,,,,,2.36%,$             69.56,1.64,75.34,49.93,61.00,77%,8%,2.18%,3.28%,7.22%,301.68%,315.48%,9.6,2.69%,-2.60%,,,,,,,,,,,,
,,,,,,,,,,,,,,,,,,2016,9/22/2016,$                                                       69.76,,,6/25/2018,,6/25/2018,,,,,2.35%,$             69.76,1.64,75.34,49.93,61.00,78%,8%,2.18%,3.28%,7.20%,300.53%,314.29%,9.6,2.69%,-2.32%,,,,,,,,,,,,
,,,,,,,,,,,,,,,,,,2016,9/23/2016,$                                                       68.98,,,7/2/2018,,7/2/2018,,,,,2.38%,$             68.98,1.64,75.34,49.93,61.00,75%,9%,2.18%,3.28%,7.28%,305.06%,318.98%,9.6,2.69%,-3.42%,,,,,,,,,,,,
,,,,,,,,,,,,,,,,,,2016,9/26/2016,$                                                       68.42,,,7/9/2018,,7/9/2018,,,,,2.40%,$             68.42,1.64,75.34,49.93,61.00,73%,10%,2.18%,3.28%,7.34%,308.37%,322.41%,9.6,2.69%,-4.20%,,,,,,,,,,,,
,,,,,,,,,,,,,,,,,,2016,9/27/2016,$                                                       69.45,,,7/16/2018,,7/16/2018,,,,,2.36%,$             69.45,1.64,75.34,49.93,61.00,77%,8%,2.18%,3.28%,7.23%,302.32%,316.14%,9.6,2.69%,-2.76%,,,,,,,,,,,,
,,,,,,,,,,,,,,,,,,2016,9/28/2016,$                                                       69.74,,,7/23/2018,,7/23/2018,,,,,2.35%,$             69.74,1.64,75.34,49.93,61.00,78%,8%,2.18%,3.28%,7.20%,300.65%,314.41%,9.6,2.69%,-2.35%,,,,,,,,,,,,
,,,,,,,,,,,,,,,,,,2016,9/29/2016,$                                                       69.84,,,7/30/2018,,7/30/2018,,,,,2.35%,$             69.84,1.64,75.34,49.93,61.00,78%,8%,2.18%,3.28%,7.19%,300.07%,313.82%,9.6,2.69%,-2.21%,,,,,,,,,,,,
,,,,,,,,,,,,,,,,,,2016,9/30/2016,$                                                        70.18,,,8/6/2018,,8/6/2018,,,,,2.34%,$              70.18,1.64,75.34,49.93,61.00,80%,7%,2.18%,3.28%,7.15%,298.13%,311.81%,9.6,2.69%,-1.74%,,,,,,,,,,,,
,,,,,,,,,,,,,,,,,,2016,10/3/2016,$                                                       69.66,,,8/13/2018,,8/13/2018,,,,,2.35%,$             69.66,1.64,75.34,49.93,61.00,78%,8%,2.18%,3.28%,7.21%,301.11%,314.89%,9.6,2.69%,-2.46%,,,,,,,,,,,,
,,,,,,,,,,,,,,,,,,2016,10/4/2016,$                                                       69.59,,,8/20/2018,,8/20/2018,,,,,2.36%,$             69.59,1.64,75.34,49.93,61.00,77%,8%,2.18%,3.28%,7.21%,301.51%,315.30%,9.6,2.69%,-2.56%,,,,,,,,,,,,
,,,,,,,,,,,,,,,,,,2016,10/5/2016,$                                                       70.60,,,8/27/2018,,8/27/2018,,,,,2.32%,$             70.60,1.64,75.34,49.93,61.00,81%,7%,2.18%,3.28%,7.11%,295.76%,309.36%,9.6,2.69%,-1.15%,,,,,,,,,,,,
,,,,,,,,,,,,,,,,,,2016,10/6/2016,$                                                       70.96,,,9/4/2018,,9/4/2018,,,,,2.31%,$             70.96,1.64,75.34,49.93,61.00,83%,6%,2.18%,3.28%,7.07%,293.76%,307.29%,9.6,2.69%,-0.64%,,,,,,,,,,,,
,,,,,,,,,,,,,,,,,,2016,10/7/2016,$                                                       70.87,,,9/10/2018,,9/10/2018,,,,,2.31%,$             70.87,1.64,75.34,49.93,61.00,82%,6%,2.18%,3.28%,7.08%,294.26%,307.80%,9.6,2.69%,-0.77%,,,,,,,,,,,,
,,,,,,,,,,,,,,,,,,2016,10/10/2016,$                                                       69.93,,,9/17/2018,,9/17/2018,,,,,2.35%,$             69.93,1.64,75.34,49.93,61.00,79%,8%,2.18%,3.28%,7.18%,299.56%,313.28%,9.6,2.69%,-2.09%,,,,,,,,,,,,
,,,,,,,,,,,,,,,,,,2016,10/11/2016,$                                                       68.76,,,9/24/2018,,9/24/2018,,,,,2.39%,$             68.76,1.64,75.34,49.93,61.00,74%,10%,2.18%,3.28%,7.30%,306.36%,320.32%,9.6,2.69%,-3.72%,,,,,,,,,,,,
,,,,,,,,,,,,,,,,,,2016,10/12/2016,$                                                       68.46,,,10/1/2018,,10/1/2018,,,,,2.40%,$             68.46,1.64,75.34,49.93,61.00,73%,10%,2.18%,3.28%,7.33%,308.14%,322.16%,9.6,2.69%,-4.14%,,,,,,,,,,,,
,,,,,,,,,,,,,,,,,,2016,10/13/2016,$                                                       67.77,,,10/8/2018,,10/8/2018,,,,,2.42%,$             67.77,1.64,75.34,49.93,61.00,70%,11%,2.18%,3.28%,7.41%,312.29%,326.46%,9.6,2.69%,-5.11%,,,,,,,,,,,,
,,,,,,,,,,,,,,,,,,2016,10/14/2016,$                                                       68.49,,,10/15/2018,,10/15/2018,,,,,2.39%,$             68.49,1.64,75.34,49.93,61.00,73%,10%,2.18%,3.28%,7.33%,307.96%,321.97%,9.6,2.69%,-4.10%,,,,,,,,,,,,
,,,,,,,,,,,,,,,,,,2016,10/17/2016,$                                                       68.42,,,10/22/2018,,10/22/2018,,,,,2.40%,$             68.42,1.64,75.34,49.93,61.00,73%,10%,2.18%,3.28%,7.34%,308.37%,322.41%,9.6,2.69%,-4.20%,,,,,,,,,,,,
,,,,,,,,,,,,,,,,,,2016,10/18/2016,$                                                       69.25,,,10/29/2018,,10/29/2018,,,,,2.37%,$             69.25,1.64,75.34,49.93,61.00,76%,9%,2.18%,3.28%,7.25%,303.48%,317.34%,9.6,2.69%,-3.04%,,,,,,,,,,,,
,,,,,,,,,,,,,,,,,,2016,10/19/2016,$                                                       69.49,,,11/5/2018,,11/5/2018,,,,,2.36%,$             69.49,1.64,75.34,49.93,61.00,77%,8%,2.18%,3.28%,7.22%,302.09%,315.90%,9.6,2.69%,-2.70%,,,,,,,,,,,,
,,,,,,,,,,,,,,,,,,2016,10/20/2016,$                                                       69.75,,,11/12/2018,,11/12/2018,,,,,2.35%,$             69.75,1.64,75.34,49.93,61.00,78%,8%,2.18%,3.28%,7.20%,300.59%,314.35%,9.6,2.69%,-2.34%,,,,,,,,,,,,
,,,,,,,,,,,,,,,,,,2016,10/21/2016,$                                                       69.97,,,11/19/2018,,11/19/2018,,,,,2.34%,$             69.97,1.64,75.34,49.93,61.00,79%,8%,2.18%,3.28%,7.17%,299.33%,313.05%,9.6,2.69%,-2.03%,,,,,,,,,,,,
,,,,,,,,,,,,,,,,,,2016,10/24/2016,$                                                        71.68,,,11/26/2018,,11/26/2018,,,,,2.29%,$              71.68,1.64,75.34,49.93,61.00,86%,5%,2.18%,3.28%,7.00%,289.80%,303.19%,9.6,2.69%,0.00%,,,,,,,,,,,,
,,,,,,,,,,,,,,,,,,2016,10/25/2016,$                                                        71.20,,,12/3/2018,,12/3/2018,,,,,2.30%,$              71.20,1.64,75.34,49.93,61.00,84%,6%,2.18%,3.28%,7.05%,292.43%,305.91%,9.6,2.69%,-0.67%,,,,,,,,,,,,
,,,,,,,,,,,,,,,,,,2016,10/26/2016,$                                                         71.71,,,12/10/2018,,12/10/2018,,,,,2.29%,$               71.71,1.64,75.34,49.93,61.00,86%,5%,2.18%,3.28%,7.00%,289.64%,303.03%,9.6,2.69%,0.00%,,,,,,,,,,,,
,,,,,,,,,,,,,,,,,,2016,10/27/2016,$                                                       70.73,,,12/17/2018,,12/17/2018,,,,,2.32%,$             70.73,1.64,75.34,49.93,61.00,82%,7%,2.18%,3.28%,7.10%,295.04%,308.61%,9.6,2.69%,-1.37%,,,,,,,,,,,,
,,,,,,,,,,,,,,,,,,2016,10/28/2016,$                                                       70.80,,,12/24/2018,,12/24/2018,,,,,2.32%,$             70.80,1.64,75.34,49.93,61.00,82%,6%,2.18%,3.28%,7.09%,294.65%,308.21%,9.6,2.69%,-1.27%,,,,,,,,,,,,
,,,,,,,,,,,,,,,,,,2016,10/31/2016,$                                                       70.85,,,12/31/2018,,12/31/2018,,,,,2.31%,$             70.85,1.64,75.34,49.93,61.00,82%,6%,2.18%,3.28%,7.09%,294.37%,307.92%,9.6,2.69%,-1.20%,,,,,,,,,,,,
,,,,,,,,,,,,,,,,,,2016,11/1/2016,$                                                       69.44,,,1/7/2019,,1/7/2019,,,,,2.36%,$             69.44,1.64,75.34,49.93,61.00,77%,8%,2.18%,3.28%,7.23%,302.38%,316.20%,9.6,2.69%,-3.17%,,,,,,,,,,,,
,,,,,,,,,,,,,,,,,,2016,11/2/2016,$                                                       68.84,,,1/14/2019,,1/14/2019,,,,,2.38%,$             68.84,1.64,75.34,49.93,61.00,74%,9%,2.18%,3.28%,7.29%,305.88%,319.83%,9.6,2.69%,-4.00%,,,,,,,,,,,,
,,,,,,,,,,,,,,,,,,2016,11/3/2016,$                                                       67.90,,,1/22/2019,,1/22/2019,,,,,2.42%,$             67.90,1.64,75.34,49.93,61.00,71%,11%,2.18%,3.28%,7.39%,311.50%,325.64%,9.6,2.69%,-5.31%,,,,,,,,,,,,
,,,,,,,,,,,,,,,,,,2016,11/4/2016,$                                                       67.60,,,1/28/2019,,1/28/2019,,,,,2.43%,$             67.60,1.64,75.34,49.93,61.00,70%,11%,2.18%,3.28%,7.43%,313.33%,327.53%,9.6,2.69%,-5.73%,,,,,,,,,,,,
,,,,,,,,,,,,,,,,,,2016,11/7/2016,$                                                        69.01,,,2/4/2019,,2/4/2019,,,,,2.38%,$              69.01,1.64,75.34,49.93,61.00,75%,9%,2.18%,3.28%,7.27%,304.88%,318.79%,9.6,2.69%,-3.77%,,,,,,,,,,,,
,,,,,,,,,,,,,,,,,,2016,11/8/2016,$                                                       69.83,,,2/11/2019,,2/11/2019,,,,,2.35%,$             69.83,1.64,75.34,49.93,61.00,78%,8%,2.18%,3.28%,7.19%,300.13%,313.88%,9.6,2.69%,-2.62%,,,,,,,,,,,,
,,,,,,,,,,,,,,,,,,2016,11/9/2016,$                                                       69.79,,,2/19/2019,,2/19/2019,,,,,2.35%,$             69.79,1.64,75.34,49.93,61.00,78%,8%,2.18%,3.28%,7.19%,300.36%,314.11%,9.6,2.69%,-2.68%,,,,,,,,,,,,
,,,,,,,,,,,,,,,,,,2016,11/10/2016,$                                                        69.14,,,2/25/2019,,2/25/2019,,,,,2.37%,$              69.14,1.64,75.34,49.93,61.00,76%,9%,2.18%,3.28%,7.26%,304.12%,318.01%,9.6,2.69%,-3.58%,,,,,,,,,,,,
,,,,,,,,,,,,,,,,,,2016,11/11/2016,$                                                       69.85,,,3/4/2019,,3/4/2019,,,,,2.35%,$             69.85,1.64,75.34,49.93,61.00,78%,8%,2.18%,3.28%,7.19%,300.01%,313.76%,9.6,2.69%,-2.59%,,,,,,,,,,,,
,,,,,,,,,,,,,,,,,,2016,11/14/2016,$                                                       70.02,,,3/11/2019,,3/11/2019,,,,,2.34%,$             70.02,1.64,75.34,49.93,61.00,79%,8%,2.18%,3.28%,7.17%,299.04%,312.75%,9.6,2.69%,-2.36%,,,,,,,,,,,,
,,,,,,,,,,,,,,,,,,2016,11/15/2016,$                                                        71.03,,,3/18/2019,,3/18/2019,,,,,2.31%,$              71.03,1.64,75.34,49.93,61.00,83%,6%,2.18%,3.28%,7.07%,293.37%,306.88%,9.6,2.69%,-0.95%,,,,,,,,,,,,
,,,,,,,,,,,,,,,,,,2016,11/16/2016,$                                                        71.20,,,3/25/2019,,3/25/2019,,,,,2.30%,$              71.20,1.64,75.34,49.93,61.00,84%,6%,2.18%,3.28%,7.05%,292.43%,305.91%,9.6,2.69%,-0.71%,,,,,,,,,,,,
,,,,,,,,,,,,,,,,,,2016,11/17/2016,$                                                       72.08,,,4/1/2019,,4/1/2019,,,,,2.28%,$             72.08,1.64,75.34,49.93,61.00,87%,5%,2.18%,3.28%,6.96%,287.64%,300.96%,9.6,2.69%,0.00%,,,,,,,,,,,,
,,,,,,,,,,,,,,,,,,2016,11/18/2016,$                                                       72.60,,,4/8/2019,,4/8/2019,,,,,2.26%,$             72.60,1.64,75.34,49.93,61.00,89%,4%,2.18%,3.28%,6.91%,284.86%,298.09%,9.6,2.69%,0.00%,,,,,,,,,,,,
,,,,,,,,,,,,,,,,,,2016,11/21/2016,$                                                       73.68,,,4/15/2019,,4/15/2019,,,,,2.23%,$             73.68,1.64,75.34,49.93,61.00,93%,2%,2.18%,3.28%,6.81%,279.22%,292.25%,9.6,2.69%,0.00%,,,,,,,,,,,,
,,,,,,,,,,,,,,,,,,2016,11/22/2016,$                                                       74.40,,,4/22/2019,,4/22/2019,,,,,2.20%,$             74.40,1.64,75.34,49.93,61.00,96%,1%,2.18%,3.28%,6.75%,275.55%,288.45%,9.6,2.69%,0.00%,,,,,,,,,,,,
,,,,,,,,,,,,,,,,,,2016,11/23/2016,$                                                       74.06,,,4/29/2019,,4/29/2019,,,,,2.21%,$             74.06,1.64,75.34,49.93,61.00,95%,2%,2.18%,3.28%,6.78%,277.28%,290.24%,9.6,2.69%,-0.46%,,,,,,,,,,,,
,,,,,,,,,,,,,,,,,,2016,11/25/2016,$                                                       74.43,,,5/6/2019,,5/6/2019,,,,,2.20%,$             74.43,1.64,75.34,49.93,61.00,96%,1%,2.18%,3.28%,6.74%,275.40%,288.30%,9.6,2.69%,0.00%,,,,,,,,,,,,
,,,,,,,,,,,,,,,,,,2016,11/28/2016,$                                                       74.53,,,5/13/2019,,5/13/2019,,,,,2.20%,$             74.53,1.64,75.34,49.93,61.00,97%,1%,2.18%,3.28%,6.74%,274.90%,287.78%,9.6,2.69%,0.00%,,,,,,,,,,,,
,,,,,,,,,,,,,,,,,,2016,11/29/2016,$                                                       74.40,,,5/20/2019,,5/20/2019,,,,,2.20%,$             74.40,1.64,75.34,49.93,61.00,96%,1%,2.18%,3.28%,6.75%,275.55%,288.45%,9.6,2.69%,-0.17%,,,,,,,,,,,,
,,,,,,,,,,,,,,,,,,2016,11/30/2016,$                                                       73.93,,,5/28/2019,,5/28/2019,,,,,2.22%,$             73.93,1.64,75.34,49.93,61.00,94%,2%,2.18%,3.28%,6.79%,277.94%,290.92%,9.6,2.69%,-0.81%,,,,,,,,,,,,
,,,,,,,,,,,,,,,,,,2016,12/1/2016,$                                                        70.41,,,6/3/2019,,6/3/2019,,,,,2.33%,$              70.41,1.64,75.34,49.93,61.00,81%,7%,2.18%,3.28%,7.13%,296.83%,310.47%,9.6,2.69%,-5.53%,,,,,,,,,,,,
,,,,,,,,,,,,,,,,,,2016,12/2/2016,$                                                       70.72,,,6/10/2019,,6/10/2019,,,,,2.32%,$             70.72,1.64,75.34,49.93,61.00,82%,7%,2.18%,3.28%,7.10%,295.09%,308.67%,9.6,2.69%,-5.11%,,,,,,,,,,,,
,,,,,,,,,,,,,,,,,,2016,12/5/2016,$                                                        70.51,,,6/17/2019,,6/17/2019,,,,,2.33%,$              70.51,1.64,75.34,49.93,61.00,81%,7%,2.18%,3.28%,7.12%,296.27%,309.89%,9.6,2.69%,-5.39%,,,,,,,,,,,,
,,,,,,,,,,,,,,,,,,2016,12/6/2016,$                                                        71.37,,,6/24/2019,,6/24/2019,,,,,2.30%,$              71.37,1.64,75.34,49.93,61.00,84%,6%,2.18%,3.28%,7.03%,291.50%,304.95%,9.6,2.69%,-4.24%,,,,,,,,,,,,
,,,,,,,,,,,,,,,,,,2016,12/7/2016,$                                                       72.20,,,7/1/2019,,7/1/2019,,,,,2.27%,$             72.20,1.64,75.34,49.93,61.00,88%,4%,2.18%,3.28%,6.95%,286.99%,300.29%,9.6,2.69%,-3.13%,,,,,,,,,,,,
,,,,,,,,,,,,,,,,,,2016,12/8/2016,$                                                        72.13,,,7/8/2019,,7/8/2019,,,,,2.27%,$              72.13,1.64,75.34,49.93,61.00,87%,4%,2.18%,3.28%,6.96%,287.37%,300.68%,9.6,2.69%,-3.22%,,,,,,,,,,,,
,,,,,,,,,,,,,,,,,,2016,12/9/2016,$                                                        71.99,,,7/15/2019,,7/15/2019,,,,,2.28%,$              71.99,1.64,75.34,49.93,61.00,87%,5%,2.18%,3.28%,6.97%,288.12%,301.46%,9.6,2.69%,-3.41%,,,,,,,,,,,,
,,,,,,,,,,,,,,,,,,2016,12/12/2016,$                                                        71.73,,,7/22/2019,,7/22/2019,,,,,2.29%,$              71.73,1.64,75.34,49.93,61.00,86%,5%,2.18%,3.28%,7.00%,289.53%,302.91%,9.6,2.69%,-3.76%,,,,,,,,,,,,
,,,,,,,,,,,,,,,,,,2016,12/13/2016,$                                                       73.20,,,7/29/2019,,7/29/2019,,,,,2.24%,$             73.20,1.64,75.34,49.93,61.00,92%,3%,2.18%,3.28%,6.86%,281.71%,294.82%,9.6,2.69%,-1.78%,,,,,,,,,,,,
,,,,,,,,,,,,,,,,,,2016,12/14/2016,$                                                       72.50,,,8/5/2019,,8/5/2019,,,,,2.26%,$             72.50,1.64,75.34,49.93,61.00,89%,4%,2.18%,3.28%,6.92%,285.39%,298.63%,9.6,2.69%,-2.72%,,,,,,,,,,,,
,,,,,,,,,,,,,,,,,,2016,12/15/2016,$                                                       73.45,,,8/12/2019,,8/12/2019,,,,,2.23%,$             73.45,1.64,75.34,49.93,61.00,93%,3%,2.18%,3.28%,6.83%,280.41%,293.48%,9.6,2.69%,-1.45%,,,,,,,,,,,,
,,,,,,,,,,,,,,,,,,2016,12/16/2016,$                                                       72.89,,,8/19/2019,,8/19/2019,,,,,2.25%,$             72.89,1.64,75.34,49.93,61.00,90%,3%,2.18%,3.28%,6.89%,283.33%,296.50%,9.6,2.69%,-2.20%,,,,,,,,,,,,
,,,,,,,,,,,,,,,,,,2016,12/19/2016,$                                                       73.57,,,8/26/2019,,8/26/2019,,,,,2.23%,$             73.57,1.64,75.34,49.93,61.00,93%,2%,2.18%,3.28%,6.82%,279.79%,292.84%,9.6,2.69%,-1.29%,,,,,,,,,,,,
,,,,,,,,,,,,,,,,,,2016,12/20/2016,$                                                       74.04,,,9/3/2019,,9/3/2019,,,,,2.22%,$             74.04,1.64,75.34,49.93,61.00,95%,2%,2.18%,3.28%,6.78%,277.38%,290.34%,9.6,2.69%,-0.66%,,,,,,,,,,,,
,,,,,,,,,,,,,,,,,,2016,12/21/2016,$                                                        74.17,,,9/9/2019,,9/9/2019,,,,,2.21%,$              74.17,1.64,75.34,49.93,61.00,95%,2%,2.18%,3.28%,6.77%,276.72%,289.66%,9.6,2.69%,-0.48%,,,,,,,,,,,,
,,,,,,,,,,,,,,,,,,2016,12/22/2016,$                                                       74.20,,,9/16/2019,,9/16/2019,,,,,2.21%,$             74.20,1.64,75.34,49.93,61.00,96%,2%,2.18%,3.28%,6.77%,276.56%,289.50%,9.6,2.69%,-0.44%,,,,,,,,,,,,
,,,,,,,,,,,,,,,,,,2016,12/23/2016,$                                                       74.38,,,9/23/2019,,9/23/2019,,,,,2.20%,$             74.38,1.64,75.34,49.93,61.00,96%,1%,2.18%,3.28%,6.75%,275.65%,288.56%,9.6,2.69%,-0.20%,,,,,,,,,,,,
,,,,,,,,,,,,,,,,,,2016,12/27/2016,$                                                       74.87,,,9/30/2019,,9/30/2019,,,,,2.19%,$             74.87,1.64,75.34,49.93,61.00,98%,1%,2.18%,3.28%,6.70%,273.19%,286.02%,9.6,2.69%,0.00%,,,,,,,,,,,,
,,,,,,,,,,,,,,,,,,2016,12/28/2016,$                                                       74.05,,,10/7/2019,,10/7/2019,,,,,2.21%,$             74.05,1.64,75.34,49.93,61.00,95%,2%,2.18%,3.28%,6.78%,277.33%,290.29%,9.6,2.69%,-1.10%,,,,,,,,,,,,
,,,,,,,,,,,,,,,,,,2016,12/29/2016,$                                                        74.15,,,10/14/2019,,10/14/2019,,,,,2.21%,$              74.15,1.64,75.34,49.93,61.00,95%,2%,2.18%,3.28%,6.77%,276.82%,289.76%,9.6,2.69%,-0.96%,,,,,,,,,,,,
,,,,,,,,,,,,,,,,,,2016,12/30/2016,$                                                       72.97,,,10/21/2019,,10/21/2019,,,,,2.25%,$             72.97,1.64,75.34,49.93,61.00,91%,3%,2.18%,3.28%,6.88%,282.91%,296.07%,9.6,2.69%,-2.54%,,,,,,,,,,,,
,,,,,,,,,,,,,,,,,,2017,1/3/2017,$                                                       73.58,,,10/28/2019,,10/28/2019,,,,,2.88%,$             73.58,2.12,97.39,64.55,78.86,28%,32%,2.18%,3.28%,6.82%,279.74%,290.55%,7.96,2.69%,-1.72%,,,,,,,,,,,,
,,,,,,,,,,,,,,,,,,2017,1/4/2017,$                                                       73.49,,,11/4/2019,,11/4/2019,,,,,2.88%,$             73.49,2.12,97.39,64.55,78.86,27%,33%,2.18%,3.28%,6.83%,280.20%,291.03%,7.96,2.69%,-1.84%,,,,,,,,,,,,
,,,,,,,,,,,,,,,,,,2017,1/5/2017,$                                                       72.92,,,11/11/2019,,11/11/2019,,,,,2.91%,$             72.92,2.12,97.39,64.55,78.86,25%,34%,2.18%,3.28%,6.88%,283.17%,294.09%,7.96,2.69%,-2.60%,,,,,,,,,,,,
,,,,,,,,,,,,,,,,,,2017,1/6/2017,$                                                        74.15,,,11/18/2019,,11/18/2019,,,,,2.86%,$              74.15,2.12,97.39,64.55,78.86,29%,31%,2.18%,3.28%,6.77%,276.82%,287.55%,7.96,2.69%,-0.96%,,,,,,,,,,,,
,,,,,,,,,,,,,,,,,,2017,1/9/2017,$                                                       74.34,,,11/25/2019,,11/25/2019,,,,,2.85%,$             74.34,2.12,97.39,64.55,78.86,30%,31%,2.18%,3.28%,6.75%,275.85%,286.56%,7.96,2.69%,-0.71%,,,,,,,,,,,,
,,,,,,,,,,,,,,,,,,2017,1/10/2017,$                                                       74.60,,,12/2/2019,,12/2/2019,,,,,2.84%,$             74.60,2.12,97.39,64.55,78.86,31%,31%,2.18%,3.28%,6.73%,274.54%,285.21%,7.96,2.69%,-0.36%,,,,,,,,,,,,
,,,,,,,,,,,,,,,,,,2017,1/11/2017,$                                                       75.20,,,12/9/2019,,12/9/2019,,,,,2.82%,$             75.20,2.12,97.39,64.55,78.86,32%,30%,2.18%,3.28%,6.68%,271.56%,282.14%,7.96,2.69%,0.00%,,,,,,,,,,,,
,,,,,,,,,,,,,,,,,,2017,1/12/2017,$                                                       74.85,,,12/16/2019,,12/16/2019,,,,,2.83%,$             74.85,2.12,97.39,64.55,78.86,31%,30%,2.18%,3.28%,6.71%,273.29%,283.93%,7.96,2.69%,-0.47%,,,,,,,,,,,,
,,,,,,,,,,,,,,,,,,2017,1/13/2017,$                                                       75.00,,,12/23/2019,,12/23/2019,,,,,2.83%,$             75.00,2.12,97.39,64.55,78.86,32%,30%,2.18%,3.28%,6.69%,272.55%,283.16%,7.96,2.69%,-0.27%,,,,,,,,,,,,
,,,,,,,,,,,,,,,,,,2017,1/17/2017,$                                                       74.49,,,12/30/2019,,12/30/2019,,,,,2.85%,$             74.49,2.12,97.39,64.55,78.86,30%,31%,2.18%,3.28%,6.74%,275.10%,285.78%,7.96,2.69%,-0.94%,,,,,,,,,,,,
,,,,,,,,,,,,,,,,,,2017,1/18/2017,$                                                       74.38,,,1/6/2020,,1/6/2020,,,,,2.85%,$             74.38,2.12,97.39,64.55,78.86,30%,31%,2.18%,3.28%,6.75%,275.65%,286.35%,7.96,2.69%,-1.09%,,,,,,,,,,,,
,,,,,,,,,,,,,,,,,,2017,1/19/2017,$                                                       73.88,,,1/13/2020,,1/13/2020,,,,,2.87%,$             73.88,2.12,97.39,64.55,78.86,28%,32%,2.18%,3.28%,6.79%,278.19%,288.97%,7.96,2.69%,-1.76%,,,,,,,,,,,,
,,,,,,,,,,,,,,,,,,2017,1/20/2017,$                                                       74.75,,,1/21/2020,,1/21/2020,,,,,2.84%,$             74.75,2.12,97.39,64.55,78.86,31%,30%,2.18%,3.28%,6.72%,273.79%,284.44%,7.96,2.69%,-0.60%,,,,,,,,,,,,
,,,,,,,,,,,,,,,,,,2017,1/23/2017,$                                                       75.73,,,1/27/2020,,1/27/2020,,,,,2.80%,$             75.73,2.12,97.39,64.55,78.86,34%,29%,2.18%,3.28%,6.63%,268.96%,279.47%,7.96,2.69%,0.00%,,,,,,,,,,,,
,,,,,,,,,,,,,,,,,,2017,1/24/2017,$                                                       77.08,,,2/3/2020,,2/3/2020,,,,,2.75%,$             77.08,2.12,97.39,64.55,78.86,38%,26%,2.18%,3.28%,6.51%,262.49%,272.82%,7.96,2.69%,0.00%,,,,,,,,,,,,
,,,,,,,,,,,,,,,,,,2017,1/25/2017,$                                                       78.58,,,2/10/2020,,2/10/2020,,,,,2.70%,$             78.58,2.12,97.39,64.55,78.86,43%,24%,2.18%,3.28%,6.39%,255.57%,265.70%,7.96,2.69%,0.00%,,,,,,,,,,,,
,,,,,,,,,,,,,,,,,,2017,1/26/2017,$                                                       79.26,,,2/18/2020,,2/18/2020,,,,,2.67%,$             79.26,2.12,97.39,64.55,78.86,45%,23%,2.18%,3.28%,6.33%,252.52%,262.57%,7.96,2.69%,0.00%,,,,,,,,,,,,
,,,,,,,,,,,,,,,,,,2017,1/27/2017,$                                                       78.03,,,2/24/2020,,2/24/2020,,,,,2.72%,$             78.03,2.12,97.39,64.55,78.86,41%,25%,2.18%,3.28%,6.43%,258.08%,268.28%,7.96,2.69%,-1.55%,,,,,,,,,,,,
,,,,,,,,,,,,,,,,,,2017,1/30/2017,$                                                       77.90,,,3/2/2020,,3/2/2020,,,,,2.72%,$             77.90,2.12,97.39,64.55,78.86,41%,25%,2.18%,3.28%,6.44%,258.68%,268.90%,7.96,2.69%,-1.72%,,,,,,,,,,,,
,,,,,,,,,,,,,,,,,,2017,1/31/2017,$                                                       75.54,,,3/9/2020,,3/9/2020,,,,,2.81%,$             75.54,2.12,97.39,64.55,78.86,33%,29%,2.18%,3.28%,6.65%,269.88%,280.42%,7.96,2.69%,-4.69%,,,,,,,,,,,,
,,,,,,,,,,,,,,,,,,2017,2/1/2017,$                                                       76.27,,,3/16/2020,,3/16/2020,,,,,2.78%,$             76.27,2.12,97.39,64.55,78.86,36%,28%,2.18%,3.28%,6.58%,266.34%,276.78%,7.96,2.69%,-3.77%,,,,,,,,,,,,
,,,,,,,,,,,,,,,,,,2017,2/2/2017,$                                                       75.89,,,3/23/2020,,3/23/2020,,,,,2.79%,$             75.89,2.12,97.39,64.55,78.86,35%,28%,2.18%,3.28%,6.61%,268.18%,278.67%,7.96,2.69%,-4.25%,,,,,,,,,,,,
,,,,,,,,,,,,,,,,,,2017,2/3/2017,$                                                       76.50,,,3/30/2020,,3/30/2020,,,,,2.77%,$             76.50,2.12,97.39,64.55,78.86,36%,27%,2.18%,3.28%,6.56%,265.24%,275.65%,7.96,2.69%,-3.48%,,,,,,,,,,,,
,,,,,,,,,,,,,,,,,,2017,2/6/2017,$                                                       76.22,,,4/6/2020,,4/6/2020,,,,,2.78%,$             76.22,2.12,97.39,64.55,78.86,36%,28%,2.18%,3.28%,6.59%,266.58%,277.03%,7.96,2.69%,-3.84%,,,,,,,,,,,,
,,,,,,,,,,,,,,,,,,2017,2/7/2017,$                                                        76.18,,,4/13/2020,,4/13/2020,,,,,2.78%,$              76.18,2.12,97.39,64.55,78.86,35%,28%,2.18%,3.28%,6.59%,266.78%,277.22%,7.96,2.69%,-3.89%,,,,,,,,,,,,
,,,,,,,,,,,,,,,,,,2017,2/8/2017,$                                                       75.95,,,4/20/2020,,4/20/2020,,,,,2.79%,$             75.95,2.12,97.39,64.55,78.86,35%,28%,2.18%,3.28%,6.61%,267.89%,278.37%,7.96,2.69%,-4.18%,,,,,,,,,,,,
,,,,,,,,,,,,,,,,,,2017,2/9/2017,$                                                       75.30,,,4/27/2020,,4/27/2020,,,,,2.82%,$             75.30,2.12,97.39,64.55,78.86,33%,29%,2.18%,3.28%,6.67%,271.06%,281.63%,7.96,2.69%,-5.00%,,,,,,,,,,,,
,,,,,,,,,,,,,,,,,,2017,2/10/2017,$                                                        75.16,,,5/4/2020,,5/4/2020,,,,,2.82%,$              75.16,2.12,97.39,64.55,78.86,32%,30%,2.18%,3.28%,6.68%,271.75%,282.34%,7.96,2.69%,-5.17%,,,,,,,,,,,,
,,,,,,,,,,,,,,,,,,2017,2/13/2017,$                                                       75.52,,,5/11/2020,,5/11/2020,,,,,2.81%,$             75.52,2.12,97.39,64.55,78.86,33%,29%,2.18%,3.28%,6.65%,269.98%,280.52%,7.96,2.69%,-4.72%,,,,,,,,,,,,
,,,,,,,,,,,,,,,,,,2017,2/14/2017,$                                                       75.64,,,5/18/2020,,5/18/2020,,,,,2.80%,$             75.64,2.12,97.39,64.55,78.86,34%,29%,2.18%,3.28%,6.64%,269.39%,279.92%,7.96,2.69%,-4.57%,,,,,,,,,,,,
,,,,,,,,,,,,,,,,,,2017,2/15/2017,$                                                       75.67,,,5/26/2020,,5/26/2020,,,,,2.80%,$             75.67,2.12,97.39,64.55,78.86,34%,29%,2.18%,3.28%,6.63%,269.25%,279.77%,7.96,2.69%,-4.53%,,,,,,,,,,,,
,,,,,,,,,,,,,,,,,,2017,2/16/2017,$                                                       76.25,,,6/1/2020,,6/1/2020,,,,,2.78%,$             76.25,2.12,97.39,64.55,78.86,36%,28%,2.18%,3.28%,6.58%,266.44%,276.88%,7.96,2.69%,-3.80%,,,,,,,,,,,,
,,,,,,,,,,,,,,,,,,2017,2/17/2017,$                                                       76.44,,,6/8/2020,,6/8/2020,,,,,2.77%,$             76.44,2.12,97.39,64.55,78.86,36%,27%,2.18%,3.28%,6.57%,265.53%,275.94%,7.96,2.69%,-3.56%,,,,,,,,,,,,
,,,,,,,,,,,,,,,,,,2017,2/21/2017,$                                                       77.08,,,6/15/2020,,6/15/2020,,,,,2.75%,$             77.08,2.12,97.39,64.55,78.86,38%,26%,2.18%,3.28%,6.51%,262.49%,272.82%,7.96,2.69%,-2.75%,,,,,,,,,,,,
,,,,,,,,,,,,,,,,,,2017,2/22/2017,$                                                       77.23,,,6/22/2020,,6/22/2020,,,,,2.75%,$             77.23,2.12,97.39,64.55,78.86,39%,26%,2.18%,3.28%,6.50%,261.79%,272.10%,7.96,2.69%,-2.56%,,,,,,,,,,,,
,,,,,,,,,,,,,,,,,,2017,2/23/2017,$                                                        77.14,,,6/29/2020,,6/29/2020,,,,,2.75%,$              77.14,2.12,97.39,64.55,78.86,38%,26%,2.18%,3.28%,6.51%,262.21%,272.53%,7.96,2.69%,-2.67%,,,,,,,,,,,,
,,,,,,,,,,,,,,,,,,2017,2/24/2017,$                                                       77.24,,,7/6/2020,,7/6/2020,,,,,2.74%,$             77.24,2.12,97.39,64.55,78.86,39%,26%,2.18%,3.28%,6.50%,261.74%,272.05%,7.96,2.69%,-2.55%,,,,,,,,,,,,
,,,,,,,,,,,,,,,,,,2017,2/27/2017,$                                                        77.19,,,7/13/2020,,7/13/2020,,,,,2.75%,$              77.19,2.12,97.39,64.55,78.86,38%,26%,2.18%,3.28%,6.50%,261.98%,272.29%,7.96,2.69%,-2.61%,,,,,,,,,,,,
,,,,,,,,,,,,,,,,,,2017,2/28/2017,$                                                       76.62,,,7/20/2020,,7/20/2020,,,,,2.77%,$             76.62,2.12,97.39,64.55,78.86,37%,27%,2.18%,3.28%,6.55%,264.67%,275.06%,7.96,2.69%,-3.33%,,,,,,,,,,,,
,,,,,,,,,,,,,,,,,,2017,3/1/2017,$                                                        78.15,,,7/27/2020,,7/27/2020,,,,,2.71%,$              78.15,2.12,97.39,64.55,78.86,41%,25%,2.18%,3.28%,6.42%,257.53%,267.72%,7.96,2.69%,-1.40%,,,,,,,,,,,,
,,,,,,,,,,,,,,,,,,2017,3/2/2017,$                                                       78.08,,,8/3/2020,,8/3/2020,,,,,2.72%,$             78.08,2.12,97.39,64.55,78.86,41%,25%,2.18%,3.28%,6.43%,257.85%,268.05%,7.96,2.69%,-1.49%,,,,,,,,,,,,
,,,,,,,,,,,,,,,,,,2017,3/3/2017,$                                                       77.86,,,8/10/2020,,8/10/2020,,,,,2.72%,$             77.86,2.12,97.39,64.55,78.86,41%,25%,2.18%,3.28%,6.45%,258.86%,269.09%,7.96,2.69%,-1.77%,,,,,,,,,,,,
,,,,,,,,,,,,,,,,,,2017,3/6/2017,$                                                        78.31,,,8/17/2020,,8/17/2020,,,,,2.71%,$              78.31,2.12,97.39,64.55,78.86,42%,24%,2.18%,3.28%,6.41%,256.80%,266.96%,7.96,2.69%,-1.20%,,,,,,,,,,,,
,,,,,,,,,,,,,,,,,,2017,3/7/2017,$                                                        79.12,,,8/24/2020,,8/24/2020,,,,,2.68%,$              79.12,2.12,97.39,64.55,78.86,44%,23%,2.18%,3.28%,6.34%,253.15%,263.21%,7.96,2.69%,-0.18%,,,,,,,,,,,,
,,,,,,,,,,,,,,,,,,2017,3/8/2017,$                                                       79.34,,,8/31/2020,,8/31/2020,,,,,2.67%,$             79.34,2.12,97.39,64.55,78.86,45%,23%,2.18%,3.28%,6.33%,252.17%,262.20%,7.96,2.69%,0.00%,,,,,,,,,,,,
,,,,,,,,,,,,,,,,,,2017,3/9/2017,$                                                        79.13,,,9/8/2020,,9/8/2020,,,,,2.68%,$              79.13,2.12,97.39,64.55,78.86,44%,23%,2.18%,3.28%,6.34%,253.10%,263.16%,7.96,2.69%,-0.26%,,,,,,,,,,,,
,,,,,,,,,,,,,,,,,,2017,3/10/2017,$                                                       80.33,,,9/14/2020,,9/14/2020,,,,,2.64%,$             80.33,2.12,97.39,64.55,78.86,48%,21%,2.18%,3.28%,6.25%,247.83%,257.74%,7.96,2.69%,0.00%,,,,,,,,,,,,
,,,,,,,,,,,,,,,,,,2017,3/13/2017,$                                                        81.02,,,9/21/2020,,9/21/2020,,,,,2.62%,$              81.02,2.12,97.39,64.55,78.86,50%,20%,2.18%,3.28%,6.20%,244.87%,254.69%,7.96,2.69%,0.00%,,,,,,,,,,,,
,,,,,,,,,,,,,,,,,,2017,3/14/2017,$                                                        81.09,,,9/28/2020,,9/28/2020,,,,,2.61%,$              81.09,2.12,97.39,64.55,78.86,50%,20%,2.18%,3.28%,6.19%,244.57%,254.38%,7.96,2.69%,0.00%,,,,,,,,,,,,
,,,,,,,,,,,,,,,,,,2017,3/15/2017,$                                                        81.82,,,10/5/2020,,10/5/2020,,,,,2.59%,$              81.82,2.12,97.39,64.55,78.86,53%,19%,2.18%,3.28%,6.14%,241.49%,251.22%,7.96,2.69%,0.00%,,,,,,,,,,,,
,,,,,,,,,,,,,,,,,,2017,3/16/2017,$                                                         81.71,,,10/12/2020,,10/12/2020,,,,,2.59%,$               81.71,2.12,97.39,64.55,78.86,52%,19%,2.18%,3.28%,6.14%,241.95%,251.70%,7.96,2.69%,-0.13%,,,,,,,,,,,,
,,,,,,,,,,,,,,,,,,2017,3/17/2017,$                                                       82.20,,,10/19/2020,,10/19/2020,,,,,2.58%,$             82.20,2.12,97.39,64.55,78.86,54%,18%,2.18%,3.28%,6.11%,239.91%,249.60%,7.96,2.69%,0.00%,,,,,,,,,,,,
,,,,,,,,,,,,,,,,,,2017,3/20/2017,$                                                        81.59,,,10/26/2020,,10/26/2020,,,,,2.60%,$              81.59,2.12,97.39,64.55,78.86,52%,19%,2.18%,3.28%,6.15%,242.46%,252.21%,7.96,2.69%,-0.74%,,,,,,,,,,,,
,,,,,,,,,,,,,,,,,,2017,3/21/2017,$                                                       79.75,,,11/2/2020,,11/2/2020,,,,,2.66%,$             79.75,2.12,97.39,64.55,78.86,46%,22%,2.18%,3.28%,6.29%,250.36%,260.34%,7.96,2.69%,-2.98%,,,,,,,,,,,,
,,,,,,,,,,,,,,,,,,2017,3/22/2017,$                                                       80.69,,,11/9/2020,,11/9/2020,,,,,2.63%,$             80.69,2.12,97.39,64.55,78.86,49%,21%,2.18%,3.28%,6.22%,246.28%,256.14%,7.96,2.69%,-1.84%,,,,,,,,,,,,
,,,,,,,,,,,,,,,,,,2017,3/23/2017,$                                                       80.67,,,11/16/2020,,11/16/2020,,,,,2.63%,$             80.67,2.12,97.39,64.55,78.86,49%,21%,2.18%,3.28%,6.22%,246.36%,256.23%,7.96,2.69%,-1.86%,,,,,,,,,,,,
,,,,,,,,,,,,,,,,,,2017,3/24/2017,$                                                       80.59,,,11/23/2020,,11/23/2020,,,,,2.63%,$             80.59,2.12,97.39,64.55,78.86,49%,21%,2.18%,3.28%,6.23%,246.71%,256.58%,7.96,2.69%,-1.96%,,,,,,,,,,,,
,,,,,,,,,,,,,,,,,,2017,3/27/2017,$                                                       80.53,,,11/30/2020,,11/30/2020,,,,,2.63%,$             80.53,2.12,97.39,64.55,78.86,49%,21%,2.18%,3.28%,6.23%,246.96%,256.85%,7.96,2.69%,-2.03%,,,,,,,,,,,,
,,,,,,,,,,,,,,,,,,2017,3/28/2017,$                                                        80.61,,,12/7/2020,,12/7/2020,,,,,2.63%,$              80.61,2.12,97.39,64.55,78.86,49%,21%,2.18%,3.28%,6.23%,246.62%,256.49%,7.96,2.69%,-1.93%,,,,,,,,,,,,
,,,,,,,,,,,,,,,,,,2017,3/29/2017,$                                                       80.49,,,12/14/2020,,12/14/2020,,,,,2.63%,$             80.49,2.12,97.39,64.55,78.86,49%,21%,2.18%,3.28%,6.24%,247.14%,257.03%,7.96,2.69%,-2.08%,,,,,,,,,,,,
,,,,,,,,,,,,,,,,,,2017,3/30/2017,$                                                        81.04,,,12/21/2020,,12/21/2020,,,,,2.62%,$              81.04,2.12,97.39,64.55,78.86,50%,20%,2.18%,3.28%,6.19%,244.78%,254.60%,7.96,2.69%,-1.41%,,,,,,,,,,,,
,,,,,,,,,,,,,,,,,,2017,3/31/2017,$                                                       80.56,,,12/28/2020,,12/28/2020,,,,,2.63%,$             80.56,2.12,97.39,64.55,78.86,49%,21%,2.18%,3.28%,6.23%,246.83%,256.72%,7.96,2.69%,-2.00%,,,,,,,,,,,,
,,,,,,,,,,,,,,,,,,2017,4/3/2017,$                                                       80.36,,,1/4/2021,,1/4/2021,,,,,2.64%,$             80.36,2.12,97.39,64.55,78.86,48%,21%,2.18%,3.28%,6.25%,247.70%,257.60%,7.96,2.69%,-2.24%,,,,,,,,,,,,
,,,,,,,,,,,,,,,,,,2017,4/4/2017,$                                                       80.60,,,1/11/2021,,1/11/2021,,,,,2.63%,$             80.60,2.12,97.39,64.55,78.86,49%,21%,2.18%,3.28%,6.23%,246.66%,256.54%,7.96,2.69%,-1.95%,,,,,,,,,,,,
,,,,,,,,,,,,,,,,,,2017,4/5/2017,$                                                       80.08,,,1/19/2021,,1/19/2021,,,,,2.65%,$             80.08,2.12,97.39,64.55,78.86,47%,22%,2.18%,3.28%,6.27%,248.91%,258.85%,7.96,2.69%,-2.58%,,,,,,,,,,,,
,,,,,,,,,,,,,,,,,,2017,4/6/2017,$                                                        80.10,,,1/25/2021,,1/25/2021,,,,,2.65%,$              80.10,2.12,97.39,64.55,78.86,47%,22%,2.18%,3.28%,6.27%,248.83%,258.76%,7.96,2.69%,-2.55%,,,,,,,,,,,,
,,,,,,,,,,,,,,,,,,2017,4/7/2017,$                                                       80.53,,,2/1/2021,,2/1/2021,,,,,2.63%,$             80.53,2.12,97.39,64.55,78.86,49%,21%,2.18%,3.28%,6.23%,246.96%,256.85%,7.96,2.69%,-2.03%,,,,,,,,,,,,
,,,,,,,,,,,,,,,,,,2017,4/10/2017,$                                                        80.13,,,2/8/2021,,2/8/2021,,,,,2.65%,$              80.13,2.12,97.39,64.55,78.86,47%,22%,2.18%,3.28%,6.26%,248.70%,258.63%,7.96,2.69%,-2.52%,,,,,,,,,,,,
,,,,,,,,,,,,,,,,,,2017,4/11/2017,$                                                        79.41,,,2/16/2021,,2/16/2021,,,,,2.67%,$              79.41,2.12,97.39,64.55,78.86,45%,23%,2.18%,3.28%,6.32%,251.86%,261.88%,7.96,2.69%,-3.39%,,,,,,,,,,,,
,,,,,,,,,,,,,,,,,,2017,4/12/2017,$                                                       78.48,,,2/22/2021,,2/22/2021,,,,,2.70%,$             78.48,2.12,97.39,64.55,78.86,42%,24%,2.18%,3.28%,6.40%,256.03%,266.17%,7.96,2.69%,-4.53%,,,,,,,,,,,,
,,,,,,,,,,,,,,,,,,2017,4/13/2017,$                                                       77.84,,,3/1/2021,,3/1/2021,,,,,2.72%,$             77.84,2.12,97.39,64.55,78.86,40%,25%,2.18%,3.28%,6.45%,258.95%,269.18%,7.96,2.69%,-5.30%,,,,,,,,,,,,
,,,,,,,,,,,,,,,,,,2017,4/17/2017,$                                                       78.72,,,3/8/2021,,3/8/2021,,,,,2.69%,$             78.72,2.12,97.39,64.55,78.86,43%,24%,2.18%,3.28%,6.38%,254.94%,265.05%,7.96,2.69%,-4.23%,,,,,,,,,,,,
,,,,,,,,,,,,,,,,,,2017,4/18/2017,$                                                        79.61,,,3/15/2021,,3/15/2021,,,,,2.66%,$              79.61,2.12,97.39,64.55,78.86,46%,22%,2.18%,3.28%,6.31%,250.97%,260.97%,7.96,2.69%,-3.15%,,,,,,,,,,,,
,,,,,,,,,,,,,,,,,,2017,4/19/2017,$                                                       79.37,,,3/22/2021,,3/22/2021,,,,,2.67%,$             79.37,2.12,97.39,64.55,78.86,45%,23%,2.18%,3.28%,6.32%,252.03%,262.06%,7.96,2.69%,-3.44%,,,,,,,,,,,,
,,,,,,,,,,,,,,,,,,2017,4/20/2017,$                                                       80.76,,,3/29/2021,,3/29/2021,,,,,2.63%,$             80.76,2.12,97.39,64.55,78.86,49%,21%,2.18%,3.28%,6.22%,245.98%,255.83%,7.96,2.69%,-1.75%,,,,,,,,,,,,
,,,,,,,,,,,,,,,,,,2017,4/21/2017,$                                                        79.81,,,4/5/2021,,4/5/2021,,,,,2.66%,$              79.81,2.12,97.39,64.55,78.86,46%,22%,2.18%,3.28%,6.29%,250.09%,260.07%,7.96,2.69%,-2.91%,,,,,,,,,,,,
,,,,,,,,,,,,,,,,,,2017,4/24/2017,$                                                        81.08,,,4/12/2021,,4/12/2021,,,,,2.61%,$              81.08,2.12,97.39,64.55,78.86,50%,20%,2.18%,3.28%,6.19%,244.61%,254.43%,7.96,2.69%,-1.36%,,,,,,,,,,,,
,,,,,,,,,,,,,,,,,,2017,4/25/2017,$                                                       82.36,,,4/19/2021,,4/19/2021,,,,,2.57%,$             82.36,2.12,97.39,64.55,78.86,54%,18%,2.18%,3.28%,6.10%,239.25%,248.92%,7.96,2.69%,0.00%,,,,,,,,,,,,
,,,,,,,,,,,,,,,,,,2017,4/26/2017,$                                                          81.11,,,4/26/2021,,4/26/2021,,,,,2.61%,$                81.11,2.12,97.39,64.55,78.86,50%,20%,2.18%,3.28%,6.19%,244.48%,254.30%,7.96,2.69%,-1.52%,,,,,,,,,,,,
,,,,,,,,,,,,,,,,,,2017,4/27/2017,$                                                       80.80,,,5/3/2021,,5/3/2021,,,,,2.62%,$             80.80,2.12,97.39,64.55,78.86,49%,21%,2.18%,3.28%,6.21%,245.80%,255.66%,7.96,2.69%,-1.89%,,,,,,,,,,,,
,,,,,,,,,,,,,,,,,,2017,4/28/2017,$                                                        79.18,,,5/10/2021,,5/10/2021,,,,,2.68%,$              79.18,2.12,97.39,64.55,78.86,45%,23%,2.18%,3.28%,6.34%,252.88%,262.93%,7.96,2.69%,-3.86%,,,,,,,,,,,,
,,,,,,,,,,,,,,,,,,2017,5/1/2017,$                                                       79.29,,,5/17/2021,,5/17/2021,,,,,2.67%,$             79.29,2.12,97.39,64.55,78.86,45%,23%,2.18%,3.28%,6.33%,252.39%,262.43%,7.96,2.69%,-3.73%,,,,,,,,,,,,
,,,,,,,,,,,,,,,,,,2017,5/2/2017,$                                                       79.25,,,5/24/2021,,5/24/2021,,,,,2.68%,$             79.25,2.12,97.39,64.55,78.86,45%,23%,2.18%,3.28%,6.33%,252.57%,262.61%,7.96,2.69%,-3.78%,,,,,,,,,,,,
,,,,,,,,,,,,,,,,,,2017,5/3/2017,$                                                       79.77,,,6/1/2021,,6/1/2021,,,,,2.66%,$             79.77,2.12,97.39,64.55,78.86,46%,22%,2.18%,3.28%,6.29%,250.27%,260.25%,7.96,2.69%,-3.14%,,,,,,,,,,,,
,,,,,,,,,,,,,,,,,,2017,5/4/2017,$                                                       79.30,,,6/7/2021,,6/7/2021,,,,,2.67%,$             79.30,2.12,97.39,64.55,78.86,45%,23%,2.18%,3.28%,6.33%,252.35%,262.38%,7.96,2.69%,-3.72%,,,,,,,,,,,,
,,,,,,,,,,,,,,,,,,2017,5/5/2017,$                                                       79.63,,,6/14/2021,,6/14/2021,,,,,2.66%,$             79.63,2.12,97.39,64.55,78.86,46%,22%,2.18%,3.28%,6.30%,250.89%,260.88%,7.96,2.69%,-3.31%,,,,,,,,,,,,
,,,,,,,,,,,,,,,,,,2017,5/8/2017,$                                                       79.46,,,6/21/2021,,6/21/2021,,,,,2.67%,$             79.46,2.12,97.39,64.55,78.86,45%,23%,2.18%,3.28%,6.32%,251.64%,261.65%,7.96,2.69%,-3.52%,,,,,,,,,,,,
,,,,,,,,,,,,,,,,,,2017,5/9/2017,$                                                       79.45,,,6/28/2021,,6/28/2021,,,,,2.67%,$             79.45,2.12,97.39,64.55,78.86,45%,23%,2.18%,3.28%,6.32%,251.68%,261.70%,7.96,2.69%,-3.53%,,,,,,,,,,,,
,,,,,,,,,,,,,,,,,,2017,5/10/2017,$                                                       80.49,,,7/6/2021,,7/6/2021,,,,,2.63%,$             80.49,2.12,97.39,64.55,78.86,49%,21%,2.18%,3.28%,6.24%,247.14%,257.03%,7.96,2.69%,-2.27%,,,,,,,,,,,,
,,,,,,,,,,,,,,,,,,2017,5/11/2017,$                                                       80.40,,,7/12/2021,,7/12/2021,,,,,2.64%,$             80.40,2.12,97.39,64.55,78.86,48%,21%,2.18%,3.28%,6.24%,247.52%,257.43%,7.96,2.69%,-2.38%,,,,,,,,,,,,
,,,,,,,,,,,,,,,,,,2017,5/12/2017,$                                                       80.69,,,7/19/2021,,7/19/2021,,,,,2.63%,$             80.69,2.12,97.39,64.55,78.86,49%,21%,2.18%,3.28%,6.22%,246.28%,256.14%,7.96,2.69%,-2.03%,,,,,,,,,,,,
,,,,,,,,,,,,,,,,,,2017,5/15/2017,$                                                        81.55,,,7/26/2021,,7/26/2021,,,,,2.60%,$              81.55,2.12,97.39,64.55,78.86,52%,19%,2.18%,3.28%,6.16%,242.62%,252.39%,7.96,2.69%,-0.98%,,,,,,,,,,,,
,,,,,,,,,,,,,,,,,,2017,5/16/2017,$                                                       82.27,,,8/2/2021,,8/2/2021,,,,,2.58%,$             82.27,2.12,97.39,64.55,78.86,54%,18%,2.18%,3.28%,6.10%,239.63%,249.30%,7.96,2.69%,-0.11%,,,,,,,,,,,,
,,,,,,,,,,,,,,,,,,2017,5/17/2017,$                                                       78.68,,,8/9/2021,,8/9/2021,,,,,2.69%,$             78.68,2.12,97.39,64.55,78.86,43%,24%,2.18%,3.28%,6.38%,255.12%,265.24%,7.96,2.69%,-4.47%,,,,,,,,,,,,
,,,,,,,,,,,,,,,,,,2017,5/18/2017,$                                                       79.23,,,8/16/2021,,8/16/2021,,,,,2.68%,$             79.23,2.12,97.39,64.55,78.86,45%,23%,2.18%,3.28%,6.34%,252.66%,262.70%,7.96,2.69%,-3.80%,,,,,,,,,,,,
,,,,,,,,,,,,,,,,,,2017,5/19/2017,$                                                       80.30,,,8/23/2021,,8/23/2021,,,,,2.64%,$             80.30,2.12,97.39,64.55,78.86,48%,21%,2.18%,3.28%,6.25%,247.96%,257.87%,7.96,2.69%,-2.50%,,,,,,,,,,,,
,,,,,,,,,,,,,,,,,,2017,5/22/2017,$                                                       80.37,,,8/30/2021,,8/30/2021,,,,,2.64%,$             80.37,2.12,97.39,64.55,78.86,48%,21%,2.18%,3.28%,6.25%,247.65%,257.56%,7.96,2.69%,-2.42%,,,,,,,,,,,,
,,,,,,,,,,,,,,,,,,2017,5/23/2017,$                                                       79.69,,,9/7/2021,,9/7/2021,,,,,2.66%,$             79.69,2.12,97.39,64.55,78.86,46%,22%,2.18%,3.28%,6.30%,250.62%,260.61%,7.96,2.69%,-3.24%,,,,,,,,,,,,
,,,,,,,,,,,,,,,,,,2017,5/24/2017,$                                                       80.05,,,9/13/2021,,9/13/2021,,,,,2.65%,$             80.05,2.12,97.39,64.55,78.86,47%,22%,2.18%,3.28%,6.27%,249.04%,258.99%,7.96,2.69%,-2.80%,,,,,,,,,,,,
,,,,,,,,,,,,,,,,,,2017,5/25/2017,$                                                       80.79,,,9/20/2021,,9/20/2021,,,,,2.62%,$             80.79,2.12,97.39,64.55,78.86,49%,21%,2.18%,3.28%,6.21%,245.85%,255.70%,7.96,2.69%,-1.91%,,,,,,,,,,,,
,,,,,,,,,,,,,,,,,,2017,5/26/2017,$                                                         81.12,,,9/27/2021,,9/27/2021,,,,,2.61%,$               81.12,2.12,97.39,64.55,78.86,50%,20%,2.18%,3.28%,6.19%,244.44%,254.25%,7.96,2.69%,-1.51%,,,,,,,,,,,,
,,,,,,,,,,,,,,,,,,2017,5/30/2017,$                                                        81.97,,,10/4/2021,,10/4/2021,,,,,2.59%,$              81.97,2.12,97.39,64.55,78.86,53%,19%,2.18%,3.28%,6.12%,240.87%,250.58%,7.96,2.69%,-0.47%,,,,,,,,,,,,
,,,,,,,,,,,,,,,,,,2017,5/31/2017,$                                                       82.49,,,10/11/2021,,10/11/2021,,,,,2.57%,$             82.49,2.12,97.39,64.55,78.86,55%,18%,2.18%,3.28%,6.09%,238.72%,248.37%,7.96,2.69%,0.00%,,,,,,,,,,,,
,,,,,,,,,,,,,,,,,,2017,6/1/2017,$                                                        81.49,,,10/18/2021,,10/18/2021,,,,,2.60%,$              81.49,2.12,97.39,64.55,78.86,52%,20%,2.18%,3.28%,6.16%,242.88%,252.64%,7.96,2.69%,-1.21%,,,,,,,,,,,,
,,,,,,,,,,,,,,,,,,2017,6/2/2017,$                                                        81.63,,,10/25/2021,,10/25/2021,,,,,2.60%,$              81.63,2.12,97.39,64.55,78.86,52%,19%,2.18%,3.28%,6.15%,242.29%,252.04%,7.96,2.69%,-1.04%,,,,,,,,,,,,
,,,,,,,,,,,,,,,,,,2017,6/5/2017,$                                                        81.89,,,11/1/2021,,11/1/2021,,,,,2.59%,$              81.89,2.12,97.39,64.55,78.86,53%,19%,2.18%,3.28%,6.13%,241.22%,250.94%,7.96,2.69%,-0.73%,,,,,,,,,,,,
,,,,,,,,,,,,,,,,,,2017,6/6/2017,$                                                       82.22,,,11/8/2021,,11/8/2021,,,,,2.58%,$             82.22,2.12,97.39,64.55,78.86,54%,18%,2.18%,3.28%,6.11%,239.83%,249.51%,7.96,2.69%,-0.33%,,,,,,,,,,,,
,,,,,,,,,,,,,,,,,,2017,6/7/2017,$                                                       82.89,,,11/15/2021,,11/15/2021,,,,,2.56%,$             82.89,2.12,97.39,64.55,78.86,56%,17%,2.18%,3.28%,6.06%,237.09%,246.69%,7.96,2.69%,0.00%,,,,,,,,,,,,
,,,,,,,,,,,,,,,,,,2017,6/8/2017,$                                                       84.34,,,11/22/2021,,11/22/2021,,,,,2.51%,$             84.34,2.12,97.39,64.55,78.86,60%,15%,2.18%,3.28%,5.95%,231.29%,240.73%,7.96,2.69%,0.00%,,,,,,,,,,,,
,,,,,,,,,,,,,,,,,,2017,6/9/2017,$                                                       80.90,,,11/29/2021,,11/29/2021,,,,,2.62%,$             80.90,2.12,97.39,64.55,78.86,50%,20%,2.18%,3.28%,6.21%,245.38%,255.22%,7.96,2.69%,-4.08%,,,,,,,,,,,,
,,,,,,,,,,,,,,,,,,2017,6/12/2017,$                                                        81.05,,,12/6/2021,,12/6/2021,,,,,2.62%,$              81.05,2.12,97.39,64.55,78.86,50%,20%,2.18%,3.28%,6.19%,244.74%,254.56%,7.96,2.69%,-3.90%,,,,,,,,,,,,
,,,,,,,,,,,,,,,,,,2017,6/13/2017,$                                                       80.99,,,12/13/2021,,12/13/2021,,,,,2.62%,$             80.99,2.12,97.39,64.55,78.86,50%,20%,2.18%,3.28%,6.20%,244.99%,254.82%,7.96,2.69%,-3.97%,,,,,,,,,,,,
,,,,,,,,,,,,,,,,,,2017,6/14/2017,$                                                        80.16,,,12/20/2021,,12/20/2021,,,,,2.64%,$              80.16,2.12,97.39,64.55,78.86,48%,21%,2.18%,3.28%,6.26%,248.57%,258.50%,7.96,2.69%,-4.96%,,,,,,,,,,,,
,,,,,,,,,,,,,,,,,,2017,6/15/2017,$                                                       80.08,,,12/27/2021,,12/27/2021,,,,,2.65%,$             80.08,2.12,97.39,64.55,78.86,47%,22%,2.18%,3.28%,6.27%,248.91%,258.85%,7.96,2.69%,-5.05%,,,,,,,,,,,,
,,,,,,,,,,,,,,,,,,2017,6/16/2017,$                                                       79.70,,,1/3/2022,,1/3/2022,,,,,2.66%,$             79.70,2.12,97.39,64.55,78.86,46%,22%,2.18%,3.28%,6.30%,250.58%,260.56%,7.96,2.69%,-5.50%,,,,,,,,,,,,
,,,,,,,,,,,,,,,,,,2017,6/19/2017,$                                                        81.42,,,1/10/2022,,1/10/2022,,,,,2.60%,$              81.42,2.12,97.39,64.55,78.86,51%,20%,2.18%,3.28%,6.17%,243.17%,252.95%,7.96,2.69%,-3.46%,,,,,,,,,,,,
,,,,,,,,,,,,,,,,,,2017,6/20/2017,$                                                       79.57,,,1/18/2022,,1/18/2022,,,,,2.66%,$             79.57,2.12,97.39,64.55,78.86,46%,22%,2.18%,3.28%,6.31%,251.15%,261.15%,7.96,2.69%,-5.66%,,,,,,,,,,,,
,,,,,,,,,,,,,,,,,,2017,6/21/2017,$                                                       79.67,,,1/24/2022,,1/24/2022,,,,,2.66%,$             79.67,2.12,97.39,64.55,78.86,46%,22%,2.18%,3.28%,6.30%,250.71%,260.70%,7.96,2.69%,-5.54%,,,,,,,,,,,,
,,,,,,,,,,,,,,,,,,2017,6/22/2017,$                                                       79.05,,,1/31/2022,,1/31/2022,,,,,2.68%,$             79.05,2.12,97.39,64.55,78.86,44%,23%,2.18%,3.28%,6.35%,253.46%,263.53%,7.96,2.69%,-6.27%,,,,,,,,,,,,
,,,,,,,,,,,,,,,,,,2017,6/23/2017,$                                                       79.58,,,2/7/2022,,2/7/2022,,,,,2.66%,$             79.58,2.12,97.39,64.55,78.86,46%,22%,2.18%,3.28%,6.31%,251.11%,261.11%,7.96,2.69%,-5.64%,,,,,,,,,,,,
,,,,,,,,,,,,,,,,,,2017,6/26/2017,$                                                        78.31,,,2/14/2022,,2/14/2022,,,,,2.71%,$              78.31,2.12,97.39,64.55,78.86,42%,24%,2.18%,3.28%,6.41%,256.80%,266.96%,7.96,2.69%,-7.15%,,,,,,,,,,,,
,,,,,,,,,,,,,,,,,,2017,6/27/2017,$                                                       76.95,,,2/22/2022,,2/22/2022,,,,,2.76%,$             76.95,2.12,97.39,64.55,78.86,38%,27%,2.18%,3.28%,6.52%,263.11%,273.45%,7.96,2.69%,-8.76%,,,,,,,,,,,,
,,,,,,,,,,,,,,,,,,2017,6/28/2017,$                                                       78.06,,,2/28/2022,,2/28/2022,,,,,2.72%,$             78.06,2.12,97.39,64.55,78.86,41%,25%,2.18%,3.28%,6.43%,257.94%,268.14%,7.96,2.69%,-7.45%,,,,,,,,,,,,
,,,,,,,,,,,,,,,,,,2017,6/29/2017,$                                                       76.90,,,3/7/2022,,3/7/2022,,,,,2.76%,$             76.90,2.12,97.39,64.55,78.86,38%,27%,2.18%,3.28%,6.53%,263.34%,273.69%,7.96,2.69%,-8.82%,,,,,,,,,,,,
,,,,,,,,,,,,,,,,,,2017,6/30/2017,$                                                       76.93,,,3/14/2022,,3/14/2022,,,,,2.76%,$             76.93,2.12,97.39,64.55,78.86,38%,27%,2.18%,3.28%,6.53%,263.20%,273.55%,7.96,2.69%,-8.79%,,,,,,,,,,,,
,,,,,,,,,,,,,,,,,,2017,7/3/2017,$                                                        76.41,,,3/21/2022,,3/21/2022,,,,,2.77%,$              76.41,2.12,97.39,64.55,78.86,36%,27%,2.18%,3.28%,6.57%,265.67%,276.09%,7.96,2.69%,-9.40%,,,,,,,,,,,,
,,,,,,,,,,,,,,,,,,2017,7/5/2017,$                                                        76.91,,,3/28/2022,,3/28/2022,,,,,2.76%,$              76.91,2.12,97.39,64.55,78.86,38%,27%,2.18%,3.28%,6.53%,263.29%,273.64%,7.96,2.69%,-8.81%,,,,,,,,,,,,
,,,,,,,,,,,,,,,,,,2017,7/6/2017,$                                                       76.86,,,4/4/2022,,4/4/2022,,,,,2.76%,$             76.86,2.12,97.39,64.55,78.86,37%,27%,2.18%,3.28%,6.53%,263.53%,273.89%,7.96,2.69%,-8.87%,,,,,,,,,,,,
,,,,,,,,,,,,,,,,,,2017,7/7/2017,$                                                       78.48,,,4/11/2022,,4/11/2022,,,,,2.70%,$             78.48,2.12,97.39,64.55,78.86,42%,24%,2.18%,3.28%,6.40%,256.03%,266.17%,7.96,2.69%,-6.95%,,,,,,,,,,,,
,,,,,,,,,,,,,,,,,,2017,7/10/2017,$                                                       78.78,,,4/18/2022,,4/18/2022,,,,,2.69%,$             78.78,2.12,97.39,64.55,78.86,43%,24%,2.18%,3.28%,6.37%,254.67%,264.78%,7.96,2.69%,-6.59%,,,,,,,,,,,,
,,,,,,,,,,,,,,,,,,2017,7/11/2017,$                                                       79.04,,,4/25/2022,,4/25/2022,,,,,2.68%,$             79.04,2.12,97.39,64.55,78.86,44%,23%,2.18%,3.28%,6.35%,253.50%,263.58%,7.96,2.69%,-6.28%,,,,,,,,,,,,
,,,,,,,,,,,,,,,,,,2017,7/12/2017,$                                                       80.52,,,5/2/2022,,5/2/2022,,,,,2.63%,$             80.52,2.12,97.39,64.55,78.86,49%,21%,2.18%,3.28%,6.23%,247.01%,256.89%,7.96,2.69%,-4.53%,,,,,,,,,,,,
,,,,,,,,,,,,,,,,,,2017,7/13/2017,$                                                       80.54,,,5/9/2022,,5/9/2022,,,,,2.63%,$             80.54,2.12,97.39,64.55,78.86,49%,21%,2.18%,3.28%,6.23%,246.92%,256.80%,7.96,2.69%,-4.51%,,,,,,,,,,,,
,,,,,,,,,,,,,,,,,,2017,7/14/2017,$                                                       82.00,,,5/16/2022,,5/16/2022,,,,,2.59%,$             82.00,2.12,97.39,64.55,78.86,53%,19%,2.18%,3.28%,6.12%,240.74%,250.45%,7.96,2.69%,-2.77%,,,,,,,,,,,,
,,,,,,,,,,,,,,,,,,2017,7/17/2017,$                                                        81.66,,,5/23/2022,,5/23/2022,,,,,2.60%,$              81.66,2.12,97.39,64.55,78.86,52%,19%,2.18%,3.28%,6.15%,242.16%,251.91%,7.96,2.69%,-3.18%,,,,,,,,,,,,
,,,,,,,,,,,,,,,,,,2017,7/18/2017,$                                                        82.16,,,5/31/2022,,5/31/2022,,,,,2.58%,$              82.16,2.12,97.39,64.55,78.86,54%,19%,2.18%,3.28%,6.11%,240.08%,249.77%,7.96,2.69%,-2.58%,,,,,,,,,,,,
,,,,,,,,,,,,,,,,,,2017,7/19/2017,$                                                        82.16,,,6/6/2022,,6/6/2022,,,,,2.58%,$              82.16,2.12,97.39,64.55,78.86,54%,19%,2.18%,3.28%,6.11%,240.08%,249.77%,7.96,2.69%,-2.58%,,,,,,,,,,,,
,,,,,,,,,,,,,,,,,,2017,7/20/2017,$                                                       82.69,,,6/13/2022,,6/13/2022,,,,,2.56%,$             82.69,2.12,97.39,64.55,78.86,55%,18%,2.18%,3.28%,6.07%,237.90%,247.53%,7.96,2.69%,-1.96%,,,,,,,,,,,,
,,,,,,,,,,,,,,,,,,2017,7/21/2017,$                                                        81.70,,,6/21/2022,,6/21/2022,,,,,2.59%,$              81.70,2.12,97.39,64.55,78.86,52%,19%,2.18%,3.28%,6.14%,242.00%,251.74%,7.96,2.69%,-3.13%,,,,,,,,,,,,
,,,,,,,,,,,,,,,,,,2017,7/24/2017,$                                                       80.92,,,6/27/2022,,6/27/2022,,,,,2.62%,$             80.92,2.12,97.39,64.55,78.86,50%,20%,2.18%,3.28%,6.20%,245.29%,255.13%,7.96,2.69%,-4.06%,,,,,,,,,,,,
,,,,,,,,,,,,,,,,,,2017,7/25/2017,$                                                        81.39,,,7/5/2022,,7/5/2022,,,,,2.60%,$              81.39,2.12,97.39,64.55,78.86,51%,20%,2.18%,3.28%,6.17%,243.30%,253.08%,7.96,2.69%,-3.50%,,,,,,,,,,,,
,,,,,,,,,,,,,,,,,,2017,7/26/2017,$                                                       82.53,,,7/11/2022,,7/11/2022,,,,,2.57%,$             82.53,2.12,97.39,64.55,78.86,55%,18%,2.18%,3.28%,6.08%,238.56%,248.20%,7.96,2.69%,-2.15%,,,,,,,,,,,,
,,,,,,,,,,,,,,,,,,2017,7/27/2017,$                                                       80.97,,,7/18/2022,,7/18/2022,,,,,2.62%,$             80.97,2.12,97.39,64.55,78.86,50%,20%,2.18%,3.28%,6.20%,245.08%,254.91%,7.96,2.69%,-4.00%,,,,,,,,,,,,
,,,,,,,,,,,,,,,,,,2017,7/28/2017,$                                                        80.71,,,7/25/2022,,7/25/2022,,,,,2.63%,$              80.71,2.12,97.39,64.55,78.86,49%,21%,2.18%,3.28%,6.22%,246.19%,256.05%,7.96,2.69%,-4.30%,,,,,,,,,,,,
,,,,,,,,,,,,,,,,,,2017,7/31/2017,$                                                        81.38,,,8/1/2022,,8/1/2022,,,,,2.61%,$              81.38,2.12,97.39,64.55,78.86,51%,20%,2.18%,3.28%,6.17%,243.34%,253.12%,7.96,2.69%,-3.51%,,,,,,,,,,,,
,,,,,,,,,,,,,,,,,,2017,8/1/2017,$                                                         81.71,,,8/8/2022,,8/8/2022,,,,,2.59%,$               81.71,2.12,97.39,64.55,78.86,52%,19%,2.18%,3.28%,6.14%,241.95%,251.70%,7.96,2.69%,-3.12%,,,,,,,,,,,,
,,,,,,,,,,,,,,,,,,2017,8/2/2017,$                                                         81.31,,,8/15/2022,,8/15/2022,,,,,2.61%,$               81.31,2.12,97.39,64.55,78.86,51%,20%,2.18%,3.28%,6.17%,243.64%,253.43%,7.96,2.69%,-3.59%,,,,,,,,,,,,
,,,,,,,,,,,,,,,,,,2017,8/3/2017,$                                                        81.36,,,8/22/2022,,8/22/2022,,,,,2.61%,$              81.36,2.12,97.39,64.55,78.86,51%,20%,2.18%,3.28%,6.17%,243.42%,253.21%,7.96,2.69%,-3.53%,,,,,,,,,,,,
,,,,,,,,,,,,,,,,,,2017,8/4/2017,$                                                        81.43,,,8/29/2022,,8/29/2022,,,,,2.60%,$              81.43,2.12,97.39,64.55,78.86,51%,20%,2.18%,3.28%,6.16%,243.13%,252.90%,7.96,2.69%,-3.45%,,,,,,,,,,,,
,,,,,,,,,,,,,,,,,,2017,8/7/2017,$                                                        82.17,,,9/6/2022,,9/6/2022,,,,,2.58%,$              82.17,2.12,97.39,64.55,78.86,54%,19%,2.18%,3.28%,6.11%,240.04%,249.73%,7.96,2.69%,-2.57%,,,,,,,,,,,,
,,,,,,,,,,,,,,,,,,2017,8/8/2017,$                                                       82.45,,,9/12/2022,,9/12/2022,,,,,2.57%,$             82.45,2.12,97.39,64.55,78.86,55%,18%,2.18%,3.28%,6.09%,238.88%,248.54%,7.96,2.69%,-2.24%,,,,,,,,,,,,
,,,,,,,,,,,,,,,,,,2017,8/9/2017,$                                                       82.28,,,9/19/2022,,9/19/2022,,,,,2.58%,$             82.28,2.12,97.39,64.55,78.86,54%,18%,2.18%,3.28%,6.10%,239.58%,249.26%,7.96,2.69%,-2.44%,,,,,,,,,,,,
,,,,,,,,,,,,,,,,,,2017,8/10/2017,$                                                       80.36,,,9/26/2022,,9/26/2022,,,,,2.64%,$             80.36,2.12,97.39,64.55,78.86,48%,21%,2.18%,3.28%,6.25%,247.70%,257.60%,7.96,2.69%,-4.72%,,,,,,,,,,,,
,,,,,,,,,,,,,,,,,,2017,8/11/2017,$                                                       80.89,,,10/3/2022,,10/3/2022,,,,,2.62%,$             80.89,2.12,97.39,64.55,78.86,50%,20%,2.18%,3.28%,6.21%,245.42%,255.26%,7.96,2.69%,-4.09%,,,,,,,,,,,,
,,,,,,,,,,,,,,,,,,2017,8/14/2017,$                                                       82.05,,,10/10/2022,,10/10/2022,,,,,2.58%,$             82.05,2.12,97.39,64.55,78.86,53%,19%,2.18%,3.28%,6.12%,240.54%,250.24%,7.96,2.69%,-2.72%,,,,,,,,,,,,
,,,,,,,,,,,,,,,,,,2017,8/15/2017,$                                                        81.95,,,10/17/2022,,10/17/2022,,,,,2.59%,$              81.95,2.12,97.39,64.55,78.86,53%,19%,2.18%,3.28%,6.13%,240.95%,250.67%,7.96,2.69%,-2.83%,,,,,,,,,,,,
,,,,,,,,,,,,,,,,,,2017,8/16/2017,$                                                       82.46,,,10/24/2022,,10/24/2022,,,,,2.57%,$             82.46,2.12,97.39,64.55,78.86,55%,18%,2.18%,3.28%,6.09%,238.84%,248.50%,7.96,2.69%,-2.23%,,,,,,,,,,,,
,,,,,,,,,,,,,,,,,,2017,8/17/2017,$                                                        80.15,,,10/31/2022,,10/31/2022,,,,,2.65%,$              80.15,2.12,97.39,64.55,78.86,48%,22%,2.18%,3.28%,6.26%,248.61%,258.54%,7.96,2.69%,-4.97%,,,,,,,,,,,,
,,,,,,,,,,,,,,,,,,2017,8/18/2017,$                                                       79.97,,,11/7/2022,,11/7/2022,,,,,2.65%,$             79.97,2.12,97.39,64.55,78.86,47%,22%,2.18%,3.28%,6.28%,249.39%,259.35%,7.96,2.69%,-5.18%,,,,,,,,,,,,
,,,,,,,,,,,,,,,,,,2017,8/21/2017,$                                                       79.89,,,11/14/2022,,11/14/2022,,,,,2.65%,$             79.89,2.12,97.39,64.55,78.86,47%,22%,2.18%,3.28%,6.28%,249.74%,259.71%,7.96,2.69%,-5.28%,,,,,,,,,,,,
,,,,,,,,,,,,,,,,,,2017,8/22/2017,$                                                       80.75,,,11/21/2022,,11/21/2022,,,,,2.63%,$             80.75,2.12,97.39,64.55,78.86,49%,21%,2.18%,3.28%,6.22%,246.02%,255.88%,7.96,2.69%,-4.26%,,,,,,,,,,,,
,,,,,,,,,,,,,,,,,,2017,8/23/2017,$                                                       80.89,,,11/28/2022,,11/28/2022,,,,,2.62%,$             80.89,2.12,97.39,64.55,78.86,50%,20%,2.18%,3.28%,6.21%,245.42%,255.26%,7.96,2.69%,-4.09%,,,,,,,,,,,,
,,,,,,,,,,,,,,,,,,2017,8/24/2017,$                                                        81.25,,,12/5/2022,,12/5/2022,,,,,2.61%,$              81.25,2.12,97.39,64.55,78.86,51%,20%,2.18%,3.28%,6.18%,243.89%,253.69%,7.96,2.69%,-3.66%,,,,,,,,,,,,
,,,,,,,,,,,,,,,,,,2017,8/25/2017,$                                                       80.98,,,12/12/2022,,12/12/2022,,,,,2.62%,$             80.98,2.12,97.39,64.55,78.86,50%,20%,2.18%,3.28%,6.20%,245.04%,254.87%,7.96,2.69%,-3.98%,,,,,,,,,,,,
,,,,,,,,,,,,,,,,,,2017,8/28/2017,$                                                       80.76,,,12/19/2022,,12/19/2022,,,,,2.63%,$             80.76,2.12,97.39,64.55,78.86,49%,21%,2.18%,3.28%,6.22%,245.98%,255.83%,7.96,2.69%,-4.24%,,,,,,,,,,,,
,,,,,,,,,,,,,,,,,,2017,8/29/2017,$                                                        81.03,,,12/27/2022,,12/27/2022,,,,,2.62%,$              81.03,2.12,97.39,64.55,78.86,50%,20%,2.18%,3.28%,6.20%,244.82%,254.65%,7.96,2.69%,-3.92%,,,,,,,,,,,,
,,,,,,,,,,,,,,,,,,2017,8/30/2017,$                                                        82.31,,,1/3/2023,,1/3/2023,,,,,2.58%,$              82.31,2.12,97.39,64.55,78.86,54%,18%,2.18%,3.28%,6.10%,239.46%,249.13%,7.96,2.69%,-2.41%,,,,,,,,,,,,
,,,,,,,,,,,,,,,,,,2017,8/31/2017,$                                                       82.82,,,1/9/2023,,1/9/2023,,,,,2.56%,$             82.82,2.12,97.39,64.55,78.86,56%,18%,2.18%,3.28%,6.06%,237.37%,246.98%,7.96,2.69%,-1.80%,,,,,,,,,,,,
,,,,,,,,,,,,,,,,,,2017,9/1/2017,$                                                       82.54,,,1/17/2023,,1/17/2023,,,,,2.57%,$             82.54,2.12,97.39,64.55,78.86,55%,18%,2.18%,3.28%,6.08%,238.51%,248.16%,7.96,2.69%,-2.13%,,,,,,,,,,,,
,,,,,,,,,,,,,,,,,,2017,9/5/2017,$                                                        81.85,,,1/23/2023,,1/23/2023,,,,,2.59%,$              81.85,2.12,97.39,64.55,78.86,53%,19%,2.18%,3.28%,6.13%,241.37%,251.09%,7.96,2.69%,-2.95%,,,,,,,,,,,,
,,,,,,,,,,,,,,,,,,2017,9/6/2017,$                                                       82.07,,,1/30/2023,,1/30/2023,,,,,2.58%,$             82.07,2.12,97.39,64.55,78.86,53%,19%,2.18%,3.28%,6.12%,240.45%,250.15%,7.96,2.69%,-2.69%,,,,,,,,,,,,
,,,,,,,,,,,,,,,,,,2017,9/7/2017,$                                                       82.00,,,2/6/2023,,2/6/2023,,,,,2.59%,$             82.00,2.12,97.39,64.55,78.86,53%,19%,2.18%,3.28%,6.12%,240.74%,250.45%,7.96,2.69%,-2.77%,,,,,,,,,,,,
,,,,,,,,,,,,,,,,,,2017,9/8/2017,$                                                        81.38,,,2/13/2023,,2/13/2023,,,,,2.61%,$              81.38,2.12,97.39,64.55,78.86,51%,20%,2.18%,3.28%,6.17%,243.34%,253.12%,7.96,2.69%,-3.51%,,,,,,,,,,,,
,,,,,,,,,,,,,,,,,,2017,9/11/2017,$                                                       82.22,,,2/21/2023,,2/21/2023,,,,,2.58%,$             82.22,2.12,97.39,64.55,78.86,54%,18%,2.18%,3.28%,6.11%,239.83%,249.51%,7.96,2.69%,-2.51%,,,,,,,,,,,,
,,,,,,,,,,,,,,,,,,2017,9/12/2017,$                                                       82.89,,,2/27/2023,,2/27/2023,,,,,2.56%,$             82.89,2.12,97.39,64.55,78.86,56%,17%,2.18%,3.28%,6.06%,237.09%,246.69%,7.96,2.69%,-1.72%,,,,,,,,,,,,
,,,,,,,,,,,,,,,,,,2017,9/13/2017,$                                                       82.70,,,3/6/2023,,3/6/2023,,,,,2.56%,$             82.70,2.12,97.39,64.55,78.86,55%,18%,2.18%,3.28%,6.07%,237.86%,247.48%,7.96,2.69%,-1.94%,,,,,,,,,,,,
,,,,,,,,,,,,,,,,,,2017,9/14/2017,$                                                       83.29,,,3/13/2023,,3/13/2023,,,,,2.55%,$             83.29,2.12,97.39,64.55,78.86,57%,17%,2.18%,3.28%,6.03%,235.47%,245.02%,7.96,2.69%,-1.24%,,,,,,,,,,,,
,,,,,,,,,,,,,,,,,,2017,9/15/2017,$                                                       84.84,,,3/20/2023,,3/20/2023,,,,,2.50%,$             84.84,2.12,97.39,64.55,78.86,62%,15%,2.18%,3.28%,5.92%,229.34%,238.72%,7.96,2.69%,0.00%,,,,,,,,,,,,
,,,,,,,,,,,,,,,,,,2017,9/18/2017,$                                                        86.14,,,3/27/2023,,3/27/2023,,,,,2.46%,$              86.14,2.12,97.39,64.55,78.86,66%,13%,2.18%,3.28%,5.83%,224.37%,233.61%,7.96,2.69%,0.00%,,,,,,,,,,,,
,,,,,,,,,,,,,,,,,,2017,9/19/2017,$                                                        86.81,,,4/3/2023,,4/3/2023,,,,,2.44%,$              86.81,2.12,97.39,64.55,78.86,68%,12%,2.18%,3.28%,5.78%,221.86%,231.03%,7.96,2.69%,0.00%,,,,,,,,,,,,
,,,,,,,,,,,,,,,,,,2017,9/20/2017,$                                                       85.83,,,4/10/2023,,4/10/2023,,,,,2.47%,$             85.83,2.12,97.39,64.55,78.86,65%,13%,2.18%,3.28%,5.85%,225.54%,234.81%,7.96,2.69%,-1.13%,,,,,,,,,,,,
,,,,,,,,,,,,,,,,,,2017,9/21/2017,$                                                       86.05,,,4/17/2023,,4/17/2023,,,,,2.46%,$             86.05,2.12,97.39,64.55,78.86,65%,13%,2.18%,3.28%,5.83%,224.71%,233.96%,7.96,2.69%,-0.88%,,,,,,,,,,,,
,,,,,,,,,,,,,,,,,,2017,9/22/2017,$                                                       88.27,,,4/24/2023,,4/24/2023,,,,,2.40%,$             88.27,2.12,97.39,64.55,78.86,72%,10%,2.18%,3.28%,5.69%,216.54%,225.56%,7.96,2.69%,0.00%,,,,,,,,,,,,
,,,,,,,,,,,,,,,,,,2017,9/25/2017,$                                                       87.50,,,5/1/2023,,5/1/2023,,,,,2.42%,$             87.50,2.12,97.39,64.55,78.86,70%,11%,2.18%,3.28%,5.74%,219.33%,228.42%,7.96,2.69%,-0.87%,,,,,,,,,,,,
,,,,,,,,,,,,,,,,,,2017,9/26/2017,$                                                       87.70,,,5/8/2023,,5/8/2023,,,,,2.42%,$             87.70,2.12,97.39,64.55,78.86,70%,11%,2.18%,3.28%,5.72%,218.60%,227.67%,7.96,2.69%,-0.65%,,,,,,,,,,,,
,,,,,,,,,,,,,,,,,,2017,9/27/2017,$                                                        88.81,,,5/15/2023,,5/15/2023,,,,,2.39%,$              88.81,2.12,97.39,64.55,78.86,74%,10%,2.18%,3.28%,5.65%,214.62%,223.58%,7.96,2.69%,0.00%,,,,,,,,,,,,
,,,,,,,,,,,,,,,,,,2017,9/28/2017,$                                                       89.65,,,5/22/2023,,5/22/2023,,,,,2.36%,$             89.65,2.12,97.39,64.55,78.86,76%,9%,2.18%,3.28%,5.60%,211.67%,220.55%,7.96,2.69%,0.00%,,,,,,,,,,,,
,,,,,,,,,,,,,,,,,,2017,9/29/2017,$                                                       89.64,,,5/30/2023,,5/30/2023,,,,,2.37%,$             89.64,2.12,97.39,64.55,78.86,76%,9%,2.18%,3.28%,5.60%,211.70%,220.58%,7.96,2.69%,-0.01%,,,,,,,,,,,,
,,,,,,,,,,,,,,,,,,2017,10/2/2017,$                                                       89.65,,,6/5/2023,,6/5/2023,,,,,2.36%,$             89.65,2.12,97.39,64.55,78.86,76%,9%,2.18%,3.28%,5.60%,211.67%,220.55%,7.96,2.69%,0.00%,,,,,,,,,,,,
,,,,,,,,,,,,,,,,,,2017,10/3/2017,$                                                       89.94,,,6/12/2023,,6/12/2023,,,,,2.36%,$             89.94,2.12,97.39,64.55,78.86,77%,8%,2.18%,3.28%,5.58%,210.66%,219.51%,7.96,2.69%,0.00%,,,,,,,,,,,,
,,,,,,,,,,,,,,,,,,2017,10/4/2017,$                                                       90.49,,,6/20/2023,,6/20/2023,,,,,2.34%,$             90.49,2.12,97.39,64.55,78.86,79%,8%,2.18%,3.28%,5.55%,208.77%,217.57%,7.96,2.69%,0.00%,,,,,,,,,,,,
,,,,,,,,,,,,,,,,,,2017,10/5/2017,$                                                         91.14,,,6/26/2023,,6/26/2023,,,,,2.33%,$               91.14,2.12,97.39,64.55,78.86,81%,7%,2.18%,3.28%,5.51%,206.57%,215.31%,7.96,2.69%,0.00%,,,,,,,,,,,,
,,,,,,,,,,,,,,,,,,2017,10/6/2017,$                                                        91.35,,,7/3/2023,,7/3/2023,,,,,2.32%,$              91.35,2.12,97.39,64.55,78.86,82%,7%,2.18%,3.28%,5.50%,205.87%,214.58%,7.96,2.69%,0.00%,,,,,,,,,,,,
,,,,,,,,,,,,,,,,,,2017,10/9/2017,$                                                        91.58,,,7/10/2023,,7/10/2023,,,,,2.31%,$              91.58,2.12,97.39,64.55,78.86,82%,6%,2.18%,3.28%,5.48%,205.10%,213.79%,7.96,2.69%,0.00%,,,,,,,,,,,,
,,,,,,,,,,,,,,,,,,2017,10/10/2017,$                                                       92.38,,,7/17/2023,,7/17/2023,,,,,2.29%,$             92.38,2.12,97.39,64.55,78.86,85%,5%,2.18%,3.28%,5.43%,202.46%,211.07%,7.96,2.69%,0.00%,,,,,,,,,,,,
,,,,,,,,,,,,,,,,,,2017,10/11/2017,$                                                       92.87,,,7/24/2023,,7/24/2023,,,,,2.28%,$             92.87,2.12,97.39,64.55,78.86,86%,5%,2.18%,3.28%,5.41%,200.86%,209.43%,7.96,2.69%,0.00%,,,,,,,,,,,,
,,,,,,,,,,,,,,,,,,2017,10/12/2017,$                                                       92.62,,,7/31/2023,,7/31/2023,,,,,2.29%,$             92.62,2.12,97.39,64.55,78.86,85%,5%,2.18%,3.28%,5.42%,201.67%,210.27%,7.96,2.69%,-0.27%,,,,,,,,,,,,
,,,,,,,,,,,,,,,,,,2017,10/13/2017,$                                                       93.59,,,8/7/2023,,8/7/2023,,,,,2.27%,$             93.59,2.12,97.39,64.55,78.86,88%,4%,2.18%,3.28%,5.36%,198.55%,207.05%,7.96,2.69%,0.00%,,,,,,,,,,,,
,,,,,,,,,,,,,,,,,,2017,10/16/2017,$                                                       94.23,,,8/14/2023,,8/14/2023,,,,,2.25%,$             94.23,2.12,97.39,64.55,78.86,90%,3%,2.18%,3.28%,5.33%,196.52%,204.97%,7.96,2.69%,0.00%,,,,,,,,,,,,
,,,,,,,,,,,,,,,,,,2017,10/17/2017,$                                                       94.27,,,8/21/2023,,8/21/2023,,,,,2.25%,$             94.27,2.12,97.39,64.55,78.86,91%,3%,2.18%,3.28%,5.33%,196.39%,204.84%,7.96,2.69%,0.00%,,,,,,,,,,,,
,,,,,,,,,,,,,,,,,,2017,10/18/2017,$                                                       93.43,,,8/28/2023,,8/28/2023,,,,,2.27%,$             93.43,2.12,97.39,64.55,78.86,88%,4%,2.18%,3.28%,5.37%,199.06%,207.58%,7.96,2.69%,-0.89%,,,,,,,,,,,,
,,,,,,,,,,,,,,,,,,2017,10/19/2017,$                                                       93.45,,,9/5/2023,,9/5/2023,,,,,2.27%,$             93.45,2.12,97.39,64.55,78.86,88%,4%,2.18%,3.28%,5.37%,198.99%,207.51%,7.96,2.69%,-0.87%,,,,,,,,,,,,
,,,,,,,,,,,,,,,,,,2017,10/20/2017,$                                                        95.18,,,9/11/2023,,9/11/2023,,,,,2.23%,$              95.18,2.12,97.39,64.55,78.86,93%,2%,2.18%,3.28%,5.27%,193.56%,201.92%,7.96,2.69%,0.00%,,,,,,,,,,,,
,,,,,,,,,,,,,,,,,,2017,10/23/2017,$                                                        96.21,,,9/18/2023,,9/18/2023,,,,,2.20%,$              96.21,2.12,97.39,64.55,78.86,96%,1%,2.18%,3.28%,5.22%,190.42%,198.69%,7.96,2.69%,0.00%,,,,,,,,,,,,
,,,,,,,,,,,,,,,,,,2017,10/24/2017,$                                                       96.44,,,9/25/2023,,9/25/2023,,,,,2.20%,$             96.44,2.12,97.39,64.55,78.86,97%,1%,2.18%,3.28%,5.21%,189.72%,197.98%,7.96,2.69%,0.00%,,,,,,,,,,,,
,,,,,,,,,,,,,,,,,,2017,10/25/2017,$                                                       95.82,,,10/2/2023,,10/2/2023,,,,,2.21%,$             95.82,2.12,97.39,64.55,78.86,95%,2%,2.18%,3.28%,5.24%,191.60%,199.91%,7.96,2.69%,-0.64%,,,,,,,,,,,,
,,,,,,,,,,,,,,,,,,2017,10/26/2017,$                                                        96.15,,,10/9/2023,,10/9/2023,,,,,2.20%,$              96.15,2.12,97.39,64.55,78.86,96%,1%,2.18%,3.28%,5.22%,190.60%,198.88%,7.96,2.69%,-0.30%,,,,,,,,,,,,
,,,,,,,,,,,,,,,,,,2017,10/27/2017,$                                                       97.50,,,10/16/2023,,10/16/2023,,,,,2.17%,$             97.50,2.12,97.39,64.55,78.86,100%,0%,2.18%,3.28%,5.15%,186.57%,194.74%,7.96,2.69%,0.00%,,,,,,,,,,,,
,,,,,,,,,,,,,,,,,,2017,10/30/2017,$                                                       96.06,,,10/23/2023,,10/23/2023,,,,,2.21%,$             96.06,2.12,97.39,64.55,78.86,96%,1%,2.18%,3.28%,5.23%,190.87%,199.16%,7.96,2.69%,-1.48%,,,,,,,,,,,,
,,,,,,,,,,,,,,,,,,2017,10/31/2017,$                                                       96.69,,,10/30/2023,,10/30/2023,,,,,2.19%,$             96.69,2.12,97.39,64.55,78.86,98%,1%,2.18%,3.28%,5.19%,188.98%,197.21%,7.96,2.69%,-0.83%,,,,,,,,,,,,
,,,,,,,,,,,,,,,,,,2017,11/1/2017,$                                                       96.35,,,11/6/2023,,11/6/2023,,,,,2.20%,$             96.35,2.12,97.39,64.55,78.86,97%,1%,2.18%,3.28%,5.21%,189.99%,198.26%,7.96,2.69%,-1.18%,,,,,,,,,,,,
,,,,,,,,,,,,,,,,,,2017,11/2/2017,$                                                       96.79,,,11/13/2023,,11/13/2023,,,,,2.19%,$             96.79,2.12,97.39,64.55,78.86,98%,1%,2.18%,3.28%,5.19%,188.68%,196.90%,7.96,2.69%,-0.73%,,,,,,,,,,,,
,,,,,,,,,,,,,,,,,,2017,11/3/2017,$                                                       97.98,,,11/20/2023,,11/20/2023,,,,,2.16%,$             97.98,2.12,97.39,64.55,78.86,102%,-1%,2.18%,3.28%,5.12%,185.17%,193.29%,7.96,2.69%,0.00%,,,,,,,,,,,,
,,,,,,,,,,,,,,,,,,2017,11/6/2017,$                                                       98.54,,,11/27/2023,,11/27/2023,,,,,2.15%,$             98.54,2.12,97.39,64.55,78.86,104%,-1%,2.18%,3.28%,5.09%,183.55%,191.63%,7.96,2.69%,0.00%,,,,,,,,,,,,
,,,,,,,,,,,,,,,,,,2017,11/7/2017,$                                                       98.40,,,12/4/2023,,12/4/2023,,,,,2.15%,$             98.40,2.12,97.39,64.55,78.86,103%,-1%,2.18%,3.28%,5.10%,183.95%,192.04%,7.96,2.69%,-0.14%,,,,,,,,,,,,
,,,,,,,,,,,,,,,,,,2017,11/8/2017,$                                                       98.44,,,12/11/2023,,12/11/2023,,,,,2.15%,$             98.44,2.12,97.39,64.55,78.86,103%,-1%,2.18%,3.28%,5.10%,183.84%,191.92%,7.96,2.69%,-0.10%,,,,,,,,,,,,
,,,,,,,,,,,,,,,,,,2017,11/9/2017,$                                                       97.05,,,12/18/2023,,12/18/2023,,,,,2.18%,$             97.05,2.12,97.39,64.55,78.86,99%,0%,2.18%,3.28%,5.17%,187.90%,196.11%,7.96,2.69%,-1.51%,,,,,,,,,,,,
,,,,,,,,,,,,,,,,,,2017,11/10/2017,$                                                       96.94,,,12/26/2023,,12/26/2023,,,,,2.19%,$             96.94,2.12,97.39,64.55,78.86,99%,0%,2.18%,3.28%,5.18%,188.23%,196.44%,7.96,2.69%,-1.62%,,,,,,,,,,,,
,,,,,,,,,,,,,,,,,,2017,11/13/2017,$                                                       97.03,,,1/2/2024,,1/2/2024,,,,,2.18%,$             97.03,2.12,97.39,64.55,78.86,99%,0%,2.18%,3.28%,5.17%,187.96%,196.17%,7.96,2.69%,-1.53%,,,,,,,,,,,,
,,,,,,,,,,,,,,,,,,2017,11/14/2017,$                                                       96.96,,,1/8/2024,,1/8/2024,,,,,2.19%,$             96.96,2.12,97.39,64.55,78.86,99%,0%,2.18%,3.28%,5.18%,188.17%,196.38%,7.96,2.69%,-1.60%,,,,,,,,,,,,
,,,,,,,,,,,,,,,,,,2017,11/15/2017,$                                                       96.77,,,1/16/2024,,1/16/2024,,,,,2.19%,$             96.77,2.12,97.39,64.55,78.86,98%,1%,2.18%,3.28%,5.19%,188.74%,196.96%,7.96,2.69%,-1.80%,,,,,,,,,,,,
,,,,,,,,,,,,,,,,,,2017,11/16/2017,$                                                       98.32,,,1/22/2024,,1/22/2024,,,,,2.16%,$             98.32,2.12,97.39,64.55,78.86,103%,-1%,2.18%,3.28%,5.11%,184.18%,192.28%,7.96,2.69%,-0.22%,,,,,,,,,,,,
,,,,,,,,,,,,,,,,,,2017,11/17/2017,$                                                       97.74,,,1/29/2024,,1/29/2024,,,,,2.17%,$             97.74,2.12,97.39,64.55,78.86,101%,0%,2.18%,3.28%,5.14%,185.87%,194.01%,7.96,2.69%,-0.81%,,,,,,,,,,,,
,,,,,,,,,,,,,,,,,,2017,11/20/2017,$                                                       98.28,,,2/5/2024,,2/5/2024,,,,,2.16%,$             98.28,2.12,97.39,64.55,78.86,103%,-1%,2.18%,3.28%,5.11%,184.30%,192.40%,7.96,2.69%,-0.26%,,,,,,,,,,,,
,,,,,,,,,,,,,,,,,,2017,11/21/2017,$                                                        99.19,,,2/12/2024,,2/12/2024,,,,,2.14%,$              99.19,2.12,97.39,64.55,78.86,105%,-2%,2.18%,3.28%,5.06%,181.69%,189.72%,7.96,2.69%,0.00%,,,,,,,,,,,,
,,,,,,,,,,,,,,,,,,2017,11/22/2017,$                                                       98.08,,,2/20/2024,,2/20/2024,,,,,2.16%,$             98.08,2.12,97.39,64.55,78.86,102%,-1%,2.18%,3.28%,5.12%,184.88%,193.00%,7.96,2.69%,-1.12%,,,,,,,,,,,,
,,,,,,,,,,,,,,,,,,2017,11/24/2017,$                                                       99.30,,,2/26/2024,,2/26/2024,,,,,2.13%,$             99.30,2.12,97.39,64.55,78.86,106%,-2%,2.18%,3.28%,5.06%,181.38%,189.40%,7.96,2.69%,0.00%,,,,,,,,,,,,
,,,,,,,,,,,,,,,,,,2017,11/27/2017,$                                                       98.63,,,3/4/2024,,3/4/2024,,,,,2.15%,$             98.63,2.12,97.39,64.55,78.86,104%,-1%,2.18%,3.28%,5.09%,183.29%,191.36%,7.96,2.69%,-0.67%,,,,,,,,,,,,
,,,,,,,,,,,,,,,,,,2017,11/28/2017,$                                                       99.48,,,3/11/2024,,3/11/2024,,,,,2.13%,$             99.48,2.12,97.39,64.55,78.86,106%,-2%,2.18%,3.28%,5.05%,180.87%,188.87%,7.96,2.69%,0.00%,,,,,,,,,,,,
,,,,,,,,,,,,,,,,,,2017,11/29/2017,$                                                       96.88,,,3/18/2024,,3/18/2024,,,,,2.19%,$             96.88,2.12,97.39,64.55,78.86,98%,1%,2.18%,3.28%,5.18%,188.41%,196.62%,7.96,2.69%,-2.61%,,,,,,,,,,,,
,,,,,,,,,,,,,,,,,,2017,11/30/2017,$                                                       97.29,,,3/25/2024,,3/25/2024,,,,,2.18%,$             97.29,2.12,97.39,64.55,78.86,100%,0%,2.18%,3.28%,5.16%,187.19%,195.37%,7.96,2.69%,-2.20%,,,,,,,,,,,,
,,,,,,,,,,,,,,,,,,2017,12/1/2017,$                                                        97.18,,,4/1/2024,,4/1/2024,,,,,2.18%,$              97.18,2.12,97.39,64.55,78.86,99%,0%,2.18%,3.28%,5.17%,187.52%,195.71%,7.96,2.69%,-2.31%,,,,,,,,,,,,
,,,,,,,,,,,,,,,,,,2017,12/4/2017,$                                                       95.97,,,4/8/2024,,4/8/2024,,,,,2.21%,$             95.97,2.12,97.39,64.55,78.86,96%,1%,2.18%,3.28%,5.23%,191.14%,199.44%,7.96,2.69%,-3.53%,,,,,,,,,,,,
,,,,,,,,,,,,,,,,,,2017,12/5/2017,$                                                       96.90,,,4/15/2024,,4/15/2024,,,,,2.19%,$             96.90,2.12,97.39,64.55,78.86,99%,1%,2.18%,3.28%,5.18%,188.35%,196.56%,7.96,2.69%,-2.59%,,,,,,,,,,,,
,,,,,,,,,,,,,,,,,,2017,12/6/2017,$                                                       97.02,,,4/22/2024,,4/22/2024,,,,,2.19%,$             97.02,2.12,97.39,64.55,78.86,99%,0%,2.18%,3.28%,5.17%,187.99%,196.20%,7.96,2.69%,-2.47%,,,,,,,,,,,,
,,,,,,,,,,,,,,,,,,2017,12/7/2017,$                                                       97.78,,,4/29/2024,,4/29/2024,,,,,2.17%,$             97.78,2.12,97.39,64.55,78.86,101%,0%,2.18%,3.28%,5.13%,185.75%,193.89%,7.96,2.69%,-1.71%,,,,,,,,,,,,
,,,,,,,,,,,,,,,,,,2017,12/8/2017,$                                                       98.02,,,5/6/2024,,5/6/2024,,,,,2.16%,$             98.02,2.12,97.39,64.55,78.86,102%,-1%,2.18%,3.28%,5.12%,185.05%,193.17%,7.96,2.69%,-1.47%,,,,,,,,,,,,
,,,,,,,,,,,,,,,,,,2017,12/11/2017,$                                                       98.83,,,5/13/2024,,5/13/2024,,,,,2.15%,$             98.83,2.12,97.39,64.55,78.86,104%,-1%,2.18%,3.28%,5.08%,182.72%,190.77%,7.96,2.69%,-0.65%,,,,,,,,,,,,
,,,,,,,,,,,,,,,,,,2017,12/12/2017,$                                                       98.43,,,5/20/2024,,5/20/2024,,,,,2.15%,$             98.43,2.12,97.39,64.55,78.86,103%,-1%,2.18%,3.28%,5.10%,183.87%,191.95%,7.96,2.69%,-1.06%,,,,,,,,,,,,
,,,,,,,,,,,,,,,,,,2017,12/13/2017,$                                                       98.86,,,5/28/2024,,5/28/2024,,,,,2.14%,$             98.86,2.12,97.39,64.55,78.86,104%,-1%,2.18%,3.28%,5.08%,182.63%,190.68%,7.96,2.69%,-0.62%,,,,,,,,,,,,
,,,,,,,,,,,,,,,,,,2017,12/14/2017,$                                                     100.25,,,6/3/2024,,6/3/2024,,,,,2.11%,$           100.25,2.12,97.39,64.55,78.86,109%,-3%,2.18%,3.28%,5.01%,178.71%,186.65%,7.96,2.69%,0.00%,,,,,,,,,,,,
,,,,,,,,,,,,,,,,,,2017,12/15/2017,$                                                      101.22,,,6/10/2024,,6/10/2024,,,,,2.09%,$            101.22,2.12,97.39,64.55,78.86,112%,-4%,2.18%,3.28%,4.96%,176.04%,183.91%,7.96,2.69%,0.00%,,,,,,,,,,,,
,,,,,,,,,,,,,,,,,,2017,12/18/2017,$                                                     103.27,,,6/17/2024,,6/17/2024,,,,,2.05%,$           103.27,2.12,97.39,64.55,78.86,118%,-6%,2.18%,3.28%,4.86%,170.56%,178.27%,7.96,2.69%,0.00%,,,,,,,,,,,,
,,,,,,,,,,,,,,,,,,2017,12/19/2017,$                                                      104.10,,,6/24/2024,,6/24/2024,,,,,2.04%,$            104.10,2.12,97.39,64.55,78.86,120%,-6%,2.18%,3.28%,4.82%,168.41%,176.05%,7.96,2.69%,0.00%,,,,,,,,,,,,
,,,,,,,,,,,,,,,,,,2017,12/20/2017,$                                                     104.80,,,7/1/2024,,7/1/2024,,,,,2.02%,$           104.80,2.12,97.39,64.55,78.86,123%,-7%,2.18%,3.28%,4.79%,166.61%,174.21%,7.96,2.69%,0.00%,,,,,,,,,,,,
,,,,,,,,,,,,,,,,,,2017,12/21/2017,$                                                     104.07,,,7/8/2024,,7/8/2024,,,,,2.04%,$           104.07,2.12,97.39,64.55,78.86,120%,-6%,2.18%,3.28%,4.82%,168.48%,176.13%,7.96,2.69%,-0.70%,,,,,,,,,,,,
,,,,,,,,,,,,,,,,,,2017,12/22/2017,$                                                      104.13,,,7/15/2024,,7/15/2024,,,,,2.04%,$            104.13,2.12,97.39,64.55,78.86,121%,-6%,2.18%,3.28%,4.82%,168.33%,175.97%,7.96,2.69%,-0.64%,,,,,,,,,,,,
,,,,,,,,,,,,,,,,,,2017,12/26/2017,$                                                      104.15,,,7/22/2024,,7/22/2024,,,,,2.04%,$            104.15,2.12,97.39,64.55,78.86,121%,-6%,2.18%,3.28%,4.82%,168.28%,175.92%,7.96,2.69%,-0.62%,,,,,,,,,,,,
,,,,,,,,,,,,,,,,,,2017,12/27/2017,$                                                     104.53,,,7/29/2024,,7/29/2024,,,,,2.03%,$           104.53,2.12,97.39,64.55,78.86,122%,-7%,2.18%,3.28%,4.80%,167.30%,174.92%,7.96,2.69%,-0.26%,,,,,,,,,,,,
,,,,,,,,,,,,,,,,,,2017,12/28/2017,$                                                     104.82,,,8/5/2024,,8/5/2024,,,,,2.02%,$           104.82,2.12,97.39,64.55,78.86,123%,-7%,2.18%,3.28%,4.79%,166.56%,174.16%,7.96,2.69%,0.00%,,,,,,,,,,,,
,,,,,,,,,,,,,,,,,,2017,12/29/2017,$                                                     104.44,,,8/12/2024,,8/12/2024,,,,,2.03%,$           104.44,2.12,97.39,64.55,78.86,121%,-7%,2.18%,3.28%,4.81%,167.53%,175.15%,7.96,2.69%,-0.36%,,,,,,,,,,,,
,,,,,,,,,,,,,,,,,,2018,1/2/2018,$                                                     105.57,,,8/19/2024,,8/19/2024,,,,,2.49%,$           105.57,2.63,120.82,80.07,97.83,63%,14%,2.18%,3.28%,4.76%,164.67%,170.20%,5.84,2.69%,0.00%,,,,,,,,,,,,
,,,,,,,,,,,,,,,,,,2018,1/3/2018,$                                                     108.43,,,8/26/2024,,8/26/2024,,,,,2.43%,$           108.43,2.63,120.82,80.07,97.83,70%,11%,2.18%,3.28%,4.63%,157.69%,163.07%,5.84,2.69%,0.00%,,,,,,,,,,,,
,,,,,,,,,,,,,,,,,,2018,1/4/2018,$                                                     108.29,,,9/3/2024,,9/3/2024,,,,,2.43%,$           108.29,2.63,120.82,80.07,97.83,69%,12%,2.18%,3.28%,4.64%,158.02%,163.41%,5.84,2.69%,-0.13%,,,,,,,,,,,,
,,,,,,,,,,,,,,,,,,2018,1/5/2018,$                                                      109.12,,,9/9/2024,,9/9/2024,,,,,2.41%,$            109.12,2.63,120.82,80.07,97.83,71%,11%,2.18%,3.28%,4.60%,156.06%,161.41%,5.84,2.69%,0.00%,,,,,,,,,,,,
,,,,,,,,,,,,,,,,,,2018,1/8/2018,$                                                     109.64,,,9/16/2024,,9/16/2024,,,,,2.40%,$           109.64,2.63,120.82,80.07,97.83,73%,10%,2.18%,3.28%,4.58%,154.84%,160.17%,5.84,2.69%,0.00%,,,,,,,,,,,,
,,,,,,,,,,,,,,,,,,2018,1/9/2018,$                                                      110.39,,,9/23/2024,,9/23/2024,,,,,2.38%,$            110.39,2.63,120.82,80.07,97.83,74%,9%,2.18%,3.28%,4.55%,153.11%,158.40%,5.84,2.69%,0.00%,,,,,,,,,,,,
,,,,,,,,,,,,,,,,,,2018,1/10/2018,$                                                     109.70,,,9/30/2024,,9/30/2024,,,,,2.40%,$           109.70,2.63,120.82,80.07,97.83,73%,10%,2.18%,3.28%,4.58%,154.70%,160.03%,5.84,2.69%,-0.63%,,,,,,,,,,,,
,,,,,,,,,,,,,,,,,,2018,1/11/2018,$                                                      110.67,,,10/7/2024,,10/7/2024,,,,,2.38%,$            110.67,2.63,120.82,80.07,97.83,75%,9%,2.18%,3.28%,4.54%,152.47%,157.75%,5.84,2.69%,0.00%,,,,,,,,,,,,
,,,,,,,,,,,,,,,,,,2018,1/12/2018,$                                                      112.72,,,10/14/2024,,10/14/2024,,,,,2.33%,$            112.72,2.63,120.82,80.07,97.83,80%,7%,2.18%,3.28%,4.45%,147.88%,153.06%,5.84,2.69%,0.00%,,,,,,,,,,,,
,,,,,,,,,,,,,,,,,,2018,1/16/2018,$                                                      112.92,,,10/21/2024,,10/21/2024,,,,,2.33%,$            112.92,2.63,120.82,80.07,97.83,81%,7%,2.18%,3.28%,4.45%,147.44%,152.61%,5.84,2.69%,0.00%,,,,,,,,,,,,
,,,,,,,,,,,,,,,,,,2018,1/17/2018,$                                                       119.16,,,10/28/2024,,10/28/2024,,,,,2.21%,$             119.16,2.63,120.82,80.07,97.83,96%,1%,2.18%,3.28%,4.21%,134.48%,139.38%,5.84,2.69%,0.00%,,,,,,,,,,,,
,,,,,,,,,,,,,,,,,,2018,1/18/2018,$                                                       116.41,,,11/4/2024,,11/4/2024,,,,,2.26%,$             116.41,2.63,120.82,80.07,97.83,89%,4%,2.18%,3.28%,4.31%,140.02%,145.04%,5.84,2.69%,-2.31%,,,,,,,,,,,,
,,,,,,,,,,,,,,,,,,2018,1/19/2018,$                                                      116.83,,,11/11/2024,,11/11/2024,,,,,2.25%,$            116.83,2.63,120.82,80.07,97.83,90%,3%,2.18%,3.28%,4.30%,139.16%,144.16%,5.84,2.69%,-1.96%,,,,,,,,,,,,
,,,,,,,,,,,,,,,,,,2018,1/22/2018,$                                                      119.44,,,11/18/2024,,11/18/2024,,,,,2.20%,$            119.44,2.63,120.82,80.07,97.83,97%,1%,2.18%,3.28%,4.20%,133.93%,138.82%,5.84,2.69%,0.00%,,,,,,,,,,,,
,,,,,,,,,,,,,,,,,,2018,1/23/2018,$                                                      119.89,,,11/25/2024,,11/25/2024,,,,,2.19%,$            119.89,2.63,120.82,80.07,97.83,98%,1%,2.18%,3.28%,4.19%,133.06%,137.93%,5.84,2.69%,0.00%,,,,,,,,,,,,
,,,,,,,,,,,,,,,,,,2018,1/24/2018,$                                                     109.70,,,12/2/2024,,12/2/2024,,,,,2.40%,$           109.70,2.63,120.82,80.07,97.83,73%,10%,2.18%,3.28%,4.58%,154.70%,160.03%,5.84,2.69%,-8.50%,,,,,,,,,,,,
,,,,,,,,,,,,,,,,,,2018,1/25/2018,$                                                       110.15,,,12/9/2024,,12/9/2024,,,,,2.39%,$             110.15,2.63,120.82,80.07,97.83,74%,10%,2.18%,3.28%,4.56%,153.66%,158.97%,5.84,2.69%,-8.12%,,,,,,,,,,,,
,,,,,,,,,,,,,,,,,,2018,1/26/2018,$                                                      113.69,,,12/16/2024,,12/16/2024,,,,,2.31%,$            113.69,2.63,120.82,80.07,97.83,83%,6%,2.18%,3.28%,4.42%,145.76%,150.90%,5.84,2.69%,-5.17%,,,,,,,,,,,,
,,,,,,,,,,,,,,,,,,2018,1/29/2018,$                                                      112.65,,,12/23/2024,,12/23/2024,,,,,2.33%,$            112.65,2.63,120.82,80.07,97.83,80%,7%,2.18%,3.28%,4.46%,148.03%,153.22%,5.84,2.69%,-6.04%,,,,,,,,,,,,
,,,,,,,,,,,,,,,,,,2018,1/30/2018,$                                                     109.89,,,12/30/2024,,12/30/2024,,,,,2.39%,$           109.89,2.63,120.82,80.07,97.83,73%,10%,2.18%,3.28%,4.57%,154.26%,159.58%,5.84,2.69%,-8.34%,,,,,,,,,,,,
,,,,,,,,,,,,,,,,,,2018,1/31/2018,$                                                     109.67,,,1/6/2025,,1/6/2025,,,,,2.40%,$           109.67,2.63,120.82,80.07,97.83,73%,10%,2.18%,3.28%,4.58%,154.77%,160.10%,5.84,2.69%,-8.52%,,,,,,,,,,,,
,,,,,,,,,,,,,,,,,,2018,2/1/2018,$                                                      110.08,,,1/13/2025,,1/13/2025,,,,,2.39%,$            110.08,2.63,120.82,80.07,97.83,74%,10%,2.18%,3.28%,4.56%,153.82%,159.13%,5.84,2.69%,-8.18%,,,,,,,,,,,,
,,,,,,,,,,,,,,,,,,2018,2/2/2018,$                                                     107.66,,,1/21/2025,,1/21/2025,,,,,2.44%,$           107.66,2.63,120.82,80.07,97.83,68%,12%,2.18%,3.28%,4.66%,159.53%,164.95%,5.84,2.69%,-10.20%,,,,,,,,,,,,
,,,,,,,,,,,,,,,,,,2018,2/5/2018,$                                                      104.21,,,1/27/2025,,1/27/2025,,,,,2.52%,$            104.21,2.63,120.82,80.07,97.83,59%,16%,2.18%,3.28%,4.82%,168.12%,173.73%,5.84,2.69%,-13.08%,,,,,,,,,,,,
,,,,,,,,,,,,,,,,,,2018,2/6/2018,$                                                     105.87,,,2/3/2025,,2/3/2025,,,,,2.48%,$           105.87,2.63,120.82,80.07,97.83,63%,14%,2.18%,3.28%,4.74%,163.92%,169.43%,5.84,2.69%,-11.69%,,,,,,,,,,,,
,,,,,,,,,,,,,,,,,,2018,2/7/2018,$                                                      101.98,,,2/10/2025,,2/10/2025,,,,,2.58%,$            101.98,2.63,120.82,80.07,97.83,54%,18%,2.18%,3.28%,4.92%,173.99%,179.71%,5.84,2.69%,-14.94%,,,,,,,,,,,,
,,,,,,,,,,,,,,,,,,2018,2/8/2018,$                                                       97.66,,,2/18/2025,,2/18/2025,,,,,2.69%,$             97.66,2.63,120.82,80.07,97.83,43%,24%,2.18%,3.28%,5.14%,186.10%,192.08%,5.84,2.69%,-18.54%,,,,,,,,,,,,
,,,,,,,,,,,,,,,,,,2018,2/9/2018,$                                                     100.49,,,2/24/2025,,2/24/2025,,,,,2.62%,$           100.49,2.63,120.82,80.07,97.83,50%,20%,2.18%,3.28%,5.00%,178.05%,183.86%,5.84,2.69%,-16.18%,,,,,,,,,,,,
,,,,,,,,,,,,,,,,,,2018,2/12/2018,$                                                      101.94,,,3/3/2025,,3/3/2025,,,,,2.58%,$            101.94,2.63,120.82,80.07,97.83,54%,19%,2.18%,3.28%,4.92%,174.09%,179.82%,5.84,2.69%,-14.97%,,,,,,,,,,,,
,,,,,,,,,,,,,,,,,,2018,2/13/2018,$                                                     100.98,,,3/10/2025,,3/10/2025,,,,,2.60%,$           100.98,2.63,120.82,80.07,97.83,51%,20%,2.18%,3.28%,4.97%,176.70%,182.48%,5.84,2.69%,-15.77%,,,,,,,,,,,,
,,,,,,,,,,,,,,,,,,2018,2/14/2018,$                                                     102.68,,,3/17/2025,,3/17/2025,,,,,2.56%,$           102.68,2.63,120.82,80.07,97.83,55%,18%,2.18%,3.28%,4.89%,172.12%,177.80%,5.84,2.69%,-14.35%,,,,,,,,,,,,
,,,,,,,,,,,,,,,,,,2018,2/15/2018,$                                                     104.57,,,3/24/2025,,3/24/2025,,,,,2.52%,$           104.57,2.63,120.82,80.07,97.83,60%,16%,2.18%,3.28%,4.80%,167.20%,172.78%,5.84,2.69%,-12.78%,,,,,,,,,,,,
,,,,,,,,,,,,,,,,,,2018,2/16/2018,$                                                     104.47,,,3/31/2025,,3/31/2025,,,,,2.52%,$           104.47,2.63,120.82,80.07,97.83,60%,16%,2.18%,3.28%,4.81%,167.45%,173.04%,5.84,2.69%,-12.86%,,,,,,,,,,,,
,,,,,,,,,,,,,,,,,,2018,2/20/2018,$                                                     105.29,,,4/7/2025,,4/7/2025,,,,,2.50%,$           105.29,2.63,120.82,80.07,97.83,62%,15%,2.18%,3.28%,4.77%,165.37%,170.92%,5.84,2.69%,-12.18%,,,,,,,,,,,,
,,,,,,,,,,,,,,,,,,2018,2/21/2018,$                                                     103.66,,,4/14/2025,,4/14/2025,,,,,2.54%,$           103.66,2.63,120.82,80.07,97.83,58%,17%,2.18%,3.28%,4.84%,169.54%,175.18%,5.84,2.69%,-13.54%,,,,,,,,,,,,
,,,,,,,,,,,,,,,,,,2018,2/22/2018,$                                                     103.93,,,4/21/2025,,4/21/2025,,,,,2.53%,$           103.93,2.63,120.82,80.07,97.83,59%,16%,2.18%,3.28%,4.83%,168.84%,174.46%,5.84,2.69%,-13.31%,,,,,,,,,,,,
,,,,,,,,,,,,,,,,,,2018,2/23/2018,$                                                     107.04,,,4/28/2025,,4/28/2025,,,,,2.46%,$           107.04,2.63,120.82,80.07,97.83,66%,13%,2.18%,3.28%,4.69%,161.03%,166.49%,5.84,2.69%,-10.72%,,,,,,,,,,,,
,,,,,,,,,,,,,,,,,,2018,2/26/2018,$                                                     109.63,,,5/5/2025,,5/5/2025,,,,,2.40%,$           109.63,2.63,120.82,80.07,97.83,73%,10%,2.18%,3.28%,4.58%,154.87%,160.19%,5.84,2.69%,-8.56%,,,,,,,,,,,,
,,,,,,,,,,,,,,,,,,2018,2/27/2018,$                                                     108.34,,,5/12/2025,,5/12/2025,,,,,2.43%,$           108.34,2.63,120.82,80.07,97.83,69%,12%,2.18%,3.28%,4.63%,157.90%,163.29%,5.84,2.69%,-9.63%,,,,,,,,,,,,
,,,,,,,,,,,,,,,,,,2018,2/28/2018,$                                                     108.35,,,5/19/2025,,5/19/2025,,,,,2.43%,$           108.35,2.63,120.82,80.07,97.83,69%,12%,2.18%,3.28%,4.63%,157.88%,163.27%,5.84,2.69%,-9.63%,,,,,,,,,,,,
,,,,,,,,,,,,,,,,,,2018,3/1/2018,$                                                     106.53,,,5/27/2025,,5/27/2025,,,,,2.47%,$           106.53,2.63,120.82,80.07,97.83,65%,13%,2.18%,3.28%,4.71%,162.28%,167.76%,5.84,2.69%,-11.14%,,,,,,,,,,,,
,,,,,,,,,,,,,,,,,,2018,3/2/2018,$                                                     108.22,,,6/2/2025,,6/2/2025,,,,,2.43%,$           108.22,2.63,120.82,80.07,97.83,69%,12%,2.18%,3.28%,4.64%,158.19%,163.58%,5.84,2.69%,-9.73%,,,,,,,,,,,,
,,,,,,,,,,,,,,,,,,2018,3/5/2018,$                                                      109.01,,,6/9/2025,,6/9/2025,,,,,2.41%,$            109.01,2.63,120.82,80.07,97.83,71%,11%,2.18%,3.28%,4.61%,156.32%,161.67%,5.84,2.69%,-9.07%,,,,,,,,,,,,
,,,,,,,,,,,,,,,,,,2018,3/6/2018,$                                                     109.69,,,6/16/2025,,6/16/2025,,,,,2.40%,$           109.69,2.63,120.82,80.07,97.83,73%,10%,2.18%,3.28%,4.58%,154.73%,160.05%,5.84,2.69%,-8.51%,,,,,,,,,,,,
,,,,,,,,,,,,,,,,,,2018,3/7/2018,$                                                     108.56,,,6/23/2025,,6/23/2025,,,,,2.42%,$           108.56,2.63,120.82,80.07,97.83,70%,11%,2.18%,3.28%,4.62%,157.38%,162.76%,5.84,2.69%,-9.45%,,,,,,,,,,,,
,,,,,,,,,,,,,,,,,,2018,3/8/2018,$                                                     109.49,,,6/30/2025,,6/30/2025,,,,,2.40%,$           109.49,2.63,120.82,80.07,97.83,72%,10%,2.18%,3.28%,4.58%,155.19%,160.53%,5.84,2.69%,-8.67%,,,,,,,,,,,,
,,,,,,,,,,,,,,,,,,2018,3/9/2018,$                                                       111.53,,,7/7/2025,,7/7/2025,,,,,2.36%,$             111.53,2.63,120.82,80.07,97.83,77%,8%,2.18%,3.28%,4.50%,150.52%,155.76%,5.84,2.69%,-6.97%,,,,,,,,,,,,
,,,,,,,,,,,,,,,,,,2018,3/12/2018,$                                                       111.63,,,7/14/2025,,7/14/2025,,,,,2.36%,$             111.63,2.63,120.82,80.07,97.83,77%,8%,2.18%,3.28%,4.50%,150.30%,155.53%,5.84,2.69%,-6.89%,,,,,,,,,,,,
,,,,,,,,,,,,,,,,,,2018,3/13/2018,$                                                      110.59,,,7/21/2025,,7/21/2025,,,,,2.38%,$            110.59,2.63,120.82,80.07,97.83,75%,9%,2.18%,3.28%,4.54%,152.65%,157.93%,5.84,2.69%,-7.76%,,,,,,,,,,,,
,,,,,,,,,,,,,,,,,,2018,3/14/2018,$                                                     109.97,,,7/28/2025,,7/28/2025,,,,,2.39%,$           109.97,2.63,120.82,80.07,97.83,73%,10%,2.18%,3.28%,4.56%,154.08%,159.39%,5.84,2.69%,-8.27%,,,,,,,,,,,,
,,,,,,,,,,,,,,,,,,2018,3/15/2018,$                                                      109.71,,,8/4/2025,,8/4/2025,,,,,2.40%,$            109.71,2.63,120.82,80.07,97.83,73%,10%,2.18%,3.28%,4.58%,154.68%,160.00%,5.84,2.69%,-8.49%,,,,,,,,,,,,
,,,,,,,,,,,,,,,,,,2018,3/16/2018,$                                                     109.97,,,8/11/2025,,8/11/2025,,,,,2.39%,$           109.97,2.63,120.82,80.07,97.83,73%,10%,2.18%,3.28%,4.56%,154.08%,159.39%,5.84,2.69%,-8.27%,,,,,,,,,,,,
,,,,,,,,,,,,,,,,,,2018,3/19/2018,$                                                     107.86,,,8/18/2025,,8/18/2025,,,,,2.44%,$           107.86,2.63,120.82,80.07,97.83,68%,12%,2.18%,3.28%,4.65%,159.05%,164.46%,5.84,2.69%,-10.03%,,,,,,,,,,,,
,,,,,,,,,,,,,,,,,,2018,3/20/2018,$                                                     109.46,,,8/25/2025,,8/25/2025,,,,,2.40%,$           109.46,2.63,120.82,80.07,97.83,72%,10%,2.18%,3.28%,4.59%,155.26%,160.60%,5.84,2.69%,-8.70%,,,,,,,,,,,,
,,,,,,,,,,,,,,,,,,2018,3/21/2018,$                                                     108.64,,,9/2/2025,,9/2/2025,,,,,2.42%,$           108.64,2.63,120.82,80.07,97.83,70%,11%,2.18%,3.28%,4.62%,157.19%,162.56%,5.84,2.69%,-9.38%,,,,,,,,,,,,
,,,,,,,,,,,,,,,,,,2018,3/22/2018,$                                                     103.90,,,9/8/2025,,9/8/2025,,,,,2.53%,$           103.90,2.63,120.82,80.07,97.83,58%,16%,2.18%,3.28%,4.83%,168.92%,174.54%,5.84,2.69%,-13.34%,,,,,,,,,,,,
,,,,,,,,,,,,,,,,,,2018,3/23/2018,$                                                      101.36,,,9/15/2025,,9/15/2025,,,,,2.59%,$            101.36,2.63,120.82,80.07,97.83,52%,19%,2.18%,3.28%,4.95%,175.66%,181.42%,5.84,2.69%,-15.46%,,,,,,,,,,,,
,,,,,,,,,,,,,,,,,,2018,3/26/2018,$                                                     106.60,,,9/22/2025,,9/22/2025,,,,,2.47%,$           106.60,2.63,120.82,80.07,97.83,65%,13%,2.18%,3.28%,4.71%,162.11%,167.59%,5.84,2.69%,-11.09%,,,,,,,,,,,,
,,,,,,,,,,,,,,,,,,2018,3/27/2018,$                                                     102.56,,,9/29/2025,,9/29/2025,,,,,2.56%,$           102.56,2.63,120.82,80.07,97.83,55%,18%,2.18%,3.28%,4.89%,172.44%,178.13%,5.84,2.69%,-14.45%,,,,,,,,,,,,
,,,,,,,,,,,,,,,,,,2018,3/28/2018,$                                                       101.91,,,10/6/2025,,10/6/2025,,,,,2.58%,$             101.91,2.63,120.82,80.07,97.83,54%,19%,2.18%,3.28%,4.93%,174.17%,179.90%,5.84,2.69%,-15.00%,,,,,,,,,,,,
,,,,,,,,,,,,,,,,,,2018,3/29/2018,$                                                     103.89,,,10/13/2025,,10/13/2025,,,,,2.53%,$           103.89,2.63,120.82,80.07,97.83,58%,16%,2.18%,3.28%,4.83%,168.95%,174.57%,5.84,2.69%,-13.35%,,,,,,,,,,,,
,,,,,,,,,,,,,,,,,,2018,4/2/2018,$                                                     100.65,,,10/20/2025,,10/20/2025,,,,,2.61%,$           100.65,2.63,120.82,80.07,97.83,51%,20%,2.18%,3.28%,4.99%,177.61%,183.41%,5.84,2.69%,-16.05%,,,,,,,,,,,,
,,,,,,,,,,,,,,,,,,2018,4/3/2018,$                                                      102.18,,,10/27/2025,,10/27/2025,,,,,2.57%,$            102.18,2.63,120.82,80.07,97.83,54%,18%,2.18%,3.28%,4.91%,173.45%,179.16%,5.84,2.69%,-14.77%,,,,,,,,,,,,
,,,,,,,,,,,,,,,,,,2018,4/4/2018,$                                                      104.21,,,11/3/2025,,11/3/2025,,,,,2.52%,$            104.21,2.63,120.82,80.07,97.83,59%,16%,2.18%,3.28%,4.82%,168.12%,173.73%,5.84,2.69%,-13.08%,,,,,,,,,,,,
,,,,,,,,,,,,,,,,,,2018,4/5/2018,$                                                     102.24,,,11/10/2025,,11/10/2025,,,,,2.57%,$           102.24,2.63,120.82,80.07,97.83,54%,18%,2.18%,3.28%,4.91%,173.29%,179.00%,5.84,2.69%,-14.72%,,,,,,,,,,,,
,,,,,,,,,,,,,,,,,,2018,4/6/2018,$                                                       99.46,,,11/17/2025,,11/17/2025,,,,,2.64%,$             99.46,2.63,120.82,80.07,97.83,48%,21%,2.18%,3.28%,5.05%,180.93%,186.80%,5.84,2.69%,-17.04%,,,,,,,,,,,,
,,,,,,,,,,,,,,,,,,2018,4/9/2018,$                                                        99.81,,,11/24/2025,,11/24/2025,,,,,2.64%,$              99.81,2.63,120.82,80.07,97.83,48%,21%,2.18%,3.28%,5.03%,179.94%,185.79%,5.84,2.69%,-16.75%,,,,,,,,,,,,
,,,,,,,,,,,,,,,,,,2018,4/10/2018,$                                                     102.36,,,12/1/2025,,12/1/2025,,,,,2.57%,$           102.36,2.63,120.82,80.07,97.83,55%,18%,2.18%,3.28%,4.90%,172.97%,178.67%,5.84,2.69%,-14.62%,,,,,,,,,,,,
,,,,,,,,,,,,,,,,,,2018,4/11/2018,$                                                     102.34,,,12/8/2025,,12/8/2025,,,,,2.57%,$           102.34,2.63,120.82,80.07,97.83,55%,18%,2.18%,3.28%,4.91%,173.02%,178.73%,5.84,2.69%,-14.64%,,,,,,,,,,,,
,,,,,,,,,,,,,,,,,,2018,4/12/2018,$                                                     104.24,,,12/15/2025,,12/15/2025,,,,,2.52%,$           104.24,2.63,120.82,80.07,97.83,59%,16%,2.18%,3.28%,4.82%,168.04%,173.65%,5.84,2.69%,-13.05%,,,,,,,,,,,,
,,,,,,,,,,,,,,,,,,2018,4/13/2018,$                                                      102.16,,,12/22/2025,,12/22/2025,,,,,2.57%,$            102.16,2.63,120.82,80.07,97.83,54%,18%,2.18%,3.28%,4.91%,173.50%,179.22%,5.84,2.69%,-14.79%,,,,,,,,,,,,
,,,,,,,,,,,,,,,,,,2018,4/16/2018,$                                                     103.50,,,12/29/2025,,12/29/2025,,,,,2.54%,$           103.50,2.63,120.82,80.07,97.83,57%,17%,2.18%,3.28%,4.85%,169.96%,175.60%,5.84,2.69%,-13.67%,,,,,,,,,,,,
,,,,,,,,,,,,,,,,,,2018,4/17/2018,$                                                     105.39,,,1/5/2026,,1/5/2026,,,,,2.50%,$           105.39,2.63,120.82,80.07,97.83,62%,15%,2.18%,3.28%,4.76%,165.12%,170.66%,5.84,2.69%,-12.09%,,,,,,,,,,,,
,,,,,,,,,,,,,,,,,,2018,4/18/2018,$                                                     105.35,,,1/12/2026,,1/12/2026,,,,,2.50%,$           105.35,2.63,120.82,80.07,97.83,62%,15%,2.18%,3.28%,4.77%,165.22%,170.76%,5.84,2.69%,-12.13%,,,,,,,,,,,,
,,,,,,,,,,,,,,,,,,2018,4/19/2018,$                                                      101.29,,,1/20/2026,,1/20/2026,,,,,2.60%,$            101.29,2.63,120.82,80.07,97.83,52%,19%,2.18%,3.28%,4.96%,175.85%,181.62%,5.84,2.69%,-15.51%,,,,,,,,,,,,
,,,,,,,,,,,,,,,,,,2018,4/20/2018,$                                                       99.96,,,1/26/2026,,1/26/2026,,,,,2.63%,$             99.96,2.63,120.82,80.07,97.83,49%,21%,2.18%,3.28%,5.02%,179.52%,185.36%,5.84,2.69%,-16.62%,,,,,,,,,,,,
,,,,,,,,,,,,,,,,,,2018,4/23/2018,$                                                       98.09,,,2/2/2026,,2/2/2026,,,,,2.68%,$             98.09,2.63,120.82,80.07,97.83,44%,23%,2.18%,3.28%,5.12%,184.85%,190.80%,5.84,2.69%,-18.18%,,,,,,,,,,,,
,,,,,,,,,,,,,,,,,,2018,4/24/2018,$                                                       98.42,,,2/9/2026,,2/9/2026,,,,,2.67%,$             98.42,2.63,120.82,80.07,97.83,45%,23%,2.18%,3.28%,5.10%,183.90%,189.83%,5.84,2.69%,-17.91%,,,,,,,,,,,,
,,,,,,,,,,,,,,,,,,2018,4/25/2018,$                                                     103.00,,,2/17/2026,,2/17/2026,,,,,2.55%,$           103.00,2.63,120.82,80.07,97.83,56%,17%,2.18%,3.28%,4.87%,171.27%,176.94%,5.84,2.69%,-14.09%,,,,,,,,,,,,
,,,,,,,,,,,,,,,,,,2018,4/26/2018,$                                                     102.72,,,2/23/2026,,2/23/2026,,,,,2.56%,$           102.72,2.63,120.82,80.07,97.83,56%,18%,2.18%,3.28%,4.89%,172.01%,177.70%,5.84,2.69%,-14.32%,,,,,,,,,,,,
,,,,,,,,,,,,,,,,,,2018,4/27/2018,$                                                      102.51,,,3/2/2026,,3/2/2026,,,,,2.57%,$            102.51,2.63,120.82,80.07,97.83,55%,18%,2.18%,3.28%,4.90%,172.57%,178.27%,5.84,2.69%,-14.50%,,,,,,,,,,,,
,,,,,,,,,,,,,,,,,,2018,4/30/2018,$                                                      101.43,,,3/9/2026,,3/9/2026,,,,,2.59%,$            101.43,2.63,120.82,80.07,97.83,52%,19%,2.18%,3.28%,4.95%,175.47%,181.23%,5.84,2.69%,-15.40%,,,,,,,,,,,,
,,,,,,,,,,,,,,,,,,2018,5/1/2018,$                                                     103.40,,,3/16/2026,,3/16/2026,,,,,2.54%,$           103.40,2.63,120.82,80.07,97.83,57%,17%,2.18%,3.28%,4.85%,170.22%,175.87%,5.84,2.69%,-13.75%,,,,,,,,,,,,
,,,,,,,,,,,,,,,,,,2018,5/2/2018,$                                                     102.96,,,3/23/2026,,3/23/2026,,,,,2.55%,$           102.96,2.63,120.82,80.07,97.83,56%,17%,2.18%,3.28%,4.88%,171.38%,177.05%,5.84,2.69%,-14.12%,,,,,,,,,,,,
,,,,,,,,,,,,,,,,,,2018,5/3/2018,$                                                     103.60,,,3/30/2026,,3/30/2026,,,,,2.54%,$           103.60,2.63,120.82,80.07,97.83,58%,17%,2.18%,3.28%,4.85%,169.70%,175.34%,5.84,2.69%,-13.59%,,,,,,,,,,,,
,,,,,,,,,,,,,,,,,,2018,5/4/2018,$                                                     104.69,,,4/6/2026,,4/6/2026,,,,,2.51%,$           104.69,2.63,120.82,80.07,97.83,60%,15%,2.18%,3.28%,4.80%,166.89%,172.47%,5.84,2.69%,-12.68%,,,,,,,,,,,,
,,,,,,,,,,,,,,,,,,2018,5/7/2018,$                                                      104.51,,,4/13/2026,,4/13/2026,,,,,2.52%,$            104.51,2.63,120.82,80.07,97.83,60%,16%,2.18%,3.28%,4.80%,167.35%,172.94%,5.84,2.69%,-12.83%,,,,,,,,,,,,
,,,,,,,,,,,,,,,,,,2018,5/8/2018,$                                                     105.46,,,4/20/2026,,4/20/2026,,,,,2.49%,$           105.46,2.63,120.82,80.07,97.83,62%,15%,2.18%,3.28%,4.76%,164.94%,170.48%,5.84,2.69%,-12.04%,,,,,,,,,,,,
,,,,,,,,,,,,,,,,,,2018,5/9/2018,$                                                     107.54,,,4/27/2026,,4/27/2026,,,,,2.45%,$           107.54,2.63,120.82,80.07,97.83,67%,12%,2.18%,3.28%,4.67%,159.82%,165.25%,5.84,2.69%,-10.30%,,,,,,,,,,,,
,,,,,,,,,,,,,,,,,,2018,5/10/2018,$                                                     109.97,,,5/4/2026,,5/4/2026,,,,,2.39%,$           109.97,2.63,120.82,80.07,97.83,73%,10%,2.18%,3.28%,4.56%,154.08%,159.39%,5.84,2.69%,-8.27%,,,,,,,,,,,,
,,,,,,,,,,,,,,,,,,2018,5/11/2018,$                                                     109.25,,,5/11/2026,,5/11/2026,,,,,2.41%,$           109.25,2.63,120.82,80.07,97.83,72%,11%,2.18%,3.28%,4.59%,155.75%,161.10%,5.84,2.69%,-8.87%,,,,,,,,,,,,
,,,,,,,,,,,,,,,,,,2018,5/14/2018,$                                                      110.64,,,5/18/2026,,5/18/2026,,,,,2.38%,$            110.64,2.63,120.82,80.07,97.83,75%,9%,2.18%,3.28%,4.54%,152.54%,157.82%,5.84,2.69%,-7.72%,,,,,,,,,,,,
,,,,,,,,,,,,,,,,,,2018,5/15/2018,$                                                      109.21,,,5/26/2026,,5/26/2026,,,,,2.41%,$            109.21,2.63,120.82,80.07,97.83,72%,11%,2.18%,3.28%,4.60%,155.85%,161.19%,5.84,2.69%,-8.91%,,,,,,,,,,,,
,,,,,,,,,,,,,,,,,,2018,5/16/2018,$                                                       111.40,,,6/1/2026,,6/1/2026,,,,,2.36%,$             111.40,2.63,120.82,80.07,97.83,77%,8%,2.18%,3.28%,4.51%,150.82%,156.06%,5.84,2.69%,-7.08%,,,,,,,,,,,,
,,,,,,,,,,,,,,,,,,2018,5/17/2018,$                                                      110.33,,,6/8/2026,,6/8/2026,,,,,2.38%,$            110.33,2.63,120.82,80.07,97.83,74%,10%,2.18%,3.28%,4.55%,153.25%,158.54%,5.84,2.69%,-7.97%,,,,,,,,,,,,
,,,,,,,,,,,,,,,,,,2018,5/18/2018,$                                                      110.54,,,6/15/2026,,6/15/2026,,,,,2.38%,$            110.54,2.63,120.82,80.07,97.83,75%,9%,2.18%,3.28%,4.54%,152.77%,158.05%,5.84,2.69%,-7.80%,,,,,,,,,,,,
,,,,,,,,,,,,,,,,,,2018,5/21/2018,$                                                       110.41,,,6/22/2026,,6/22/2026,,,,,2.38%,$             110.41,2.63,120.82,80.07,97.83,74%,9%,2.18%,3.28%,4.55%,153.07%,158.36%,5.84,2.69%,-7.91%,,,,,,,,,,,,
,,,,,,,,,,,,,,,,,,2018,5/22/2018,$                                                      110.86,,,6/29/2026,,6/29/2026,,,,,2.37%,$            110.86,2.63,120.82,80.07,97.83,76%,9%,2.18%,3.28%,4.53%,152.04%,157.31%,5.84,2.69%,-7.53%,,,,,,,,,,,,
,,,,,,,,,,,,,,,,,,2018,5/23/2018,$                                                       111.07,,,7/6/2026,,7/6/2026,,,,,2.37%,$             111.07,2.63,120.82,80.07,97.83,76%,9%,2.18%,3.28%,4.52%,151.56%,156.82%,5.84,2.69%,-7.36%,,,,,,,,,,,,
,,,,,,,,,,,,,,,,,,2018,5/24/2018,$                                                      110.75,,,7/13/2026,,7/13/2026,,,,,2.37%,$            110.75,2.63,120.82,80.07,97.83,75%,9%,2.18%,3.28%,4.53%,152.29%,157.56%,5.84,2.69%,-7.62%,,,,,,,,,,,,
,,,,,,,,,,,,,,,,,,2018,5/25/2018,$                                                       111.56,,,7/20/2026,,7/20/2026,,,,,2.36%,$             111.56,2.63,120.82,80.07,97.83,77%,8%,2.18%,3.28%,4.50%,150.46%,155.69%,5.84,2.69%,-6.95%,,,,,,,,,,,,
,,,,,,,,,,,,,,,,,,2018,5/29/2018,$                                                      110.94,,,7/27/2026,,7/27/2026,,,,,2.37%,$            110.94,2.63,120.82,80.07,97.83,76%,9%,2.18%,3.28%,4.52%,151.86%,157.12%,5.84,2.69%,-7.47%,,,,,,,,,,,,
,,,,,,,,,,,,,,,,,,2018,5/30/2018,$                                                       111.85,,,,,,,,,,2.35%,$             111.85,2.63,120.82,80.07,97.83,78%,8%,2.18%,3.28%,4.49%,149.81%,155.03%,5.84,2.69%,-6.71%,,,,,,,,,,,,
,,,,,,,,,,,,,,,,,,2018,5/31/2018,$                                                        111.91,,,,,,,,,,2.35%,$              111.91,2.63,120.82,80.07,97.83,78%,8%,2.18%,3.28%,4.49%,149.67%,154.89%,5.84,2.69%,-6.66%,,,,,,,,,,,,
,,,,,,,,,,,,,,,,,,2018,6/1/2018,$                                                      114.80,,,,,,,,,,2.29%,$            114.80,2.63,120.82,80.07,97.83,85%,5%,2.18%,3.28%,4.37%,143.39%,148.48%,5.84,2.69%,-4.25%,,,,,,,,,,,,
,,,,,,,,,,,,,,,,,,2018,6/4/2018,$                                                      115.74,,,,,,,,,,2.27%,$            115.74,2.63,120.82,80.07,97.83,88%,4%,2.18%,3.28%,4.34%,141.41%,146.46%,5.84,2.69%,-3.46%,,,,,,,,,,,,
,,,,,,,,,,,,,,,,,,2018,6/5/2018,$                                                      117.66,,,,,,,,,,2.24%,$            117.66,2.63,120.82,80.07,97.83,92%,3%,2.18%,3.28%,4.27%,137.47%,142.44%,5.84,2.69%,-1.86%,,,,,,,,,,,,
,,,,,,,,,,,,,,,,,,2018,6/6/2018,$                                                        118.11,,,,,,,,,,2.23%,$              118.11,2.63,120.82,80.07,97.83,93%,2%,2.18%,3.28%,4.25%,136.57%,141.51%,5.84,2.69%,-1.48%,,,,,,,,,,,,
,,,,,,,,,,,,,,,,,,2018,6/7/2018,$                                                      117.24,,,,,,,,,,2.24%,$            117.24,2.63,120.82,80.07,97.83,91%,3%,2.18%,3.28%,4.28%,138.32%,143.30%,5.84,2.69%,-2.21%,,,,,,,,,,,,
,,,,,,,,,,,,,,,,,,2018,6/8/2018,$                                                      115.74,,,,,,,,,,2.27%,$            115.74,2.63,120.82,80.07,97.83,88%,4%,2.18%,3.28%,4.34%,141.41%,146.46%,5.84,2.69%,-3.46%,,,,,,,,,,,,
,,,,,,,,,,,,,,,,,,2018,6/11/2018,$                                                      115.28,,,,,,,,,,2.28%,$            115.28,2.63,120.82,80.07,97.83,86%,5%,2.18%,3.28%,4.35%,142.38%,147.44%,5.84,2.69%,-3.85%,,,,,,,,,,,,
,,,,,,,,,,,,,,,,,,2018,6/12/2018,$                                                       115.41,,,,,,,,,,2.28%,$             115.41,2.63,120.82,80.07,97.83,87%,5%,2.18%,3.28%,4.35%,142.10%,147.16%,5.84,2.69%,-3.74%,,,,,,,,,,,,
,,,,,,,,,,,,,,,,,,2018,6/13/2018,$                                                      114.00,,,,,,,,,,2.31%,$            114.00,2.63,120.82,80.07,97.83,83%,6%,2.18%,3.28%,4.40%,145.10%,150.22%,5.84,2.69%,-4.91%,,,,,,,,,,,,
,,,,,,,,,,,,,,,,,,2018,6/14/2018,$                                                      114.72,,,,,,,,,,2.29%,$            114.72,2.63,120.82,80.07,97.83,85%,5%,2.18%,3.28%,4.38%,143.56%,148.65%,5.84,2.69%,-4.31%,,,,,,,,,,,,
,,,,,,,,,,,,,,,,,,2018,6/15/2018,$                                                      115.89,,,,,,,,,,2.27%,$            115.89,2.63,120.82,80.07,97.83,88%,4%,2.18%,3.28%,4.33%,141.10%,146.14%,5.84,2.69%,-3.34%,,,,,,,,,,,,
,,,,,,,,,,,,,,,,,,2018,6/18/2018,$                                                      114.39,,,,,,,,,,2.30%,$            114.39,2.63,120.82,80.07,97.83,84%,6%,2.18%,3.28%,4.39%,144.26%,149.37%,5.84,2.69%,-4.59%,,,,,,,,,,,,
,,,,,,,,,,,,,,,,,,2018,6/19/2018,$                                                      113.66,,,,,,,,,,2.31%,$            113.66,2.63,120.82,80.07,97.83,82%,6%,2.18%,3.28%,4.42%,145.83%,150.97%,5.84,2.69%,-5.20%,,,,,,,,,,,,
,,,,,,,,,,,,,,,,,,2018,6/20/2018,$                                                      114.24,,,,,,,,,,2.30%,$            114.24,2.63,120.82,80.07,97.83,84%,6%,2.18%,3.28%,4.39%,144.58%,149.69%,5.84,2.69%,-4.71%,,,,,,,,,,,,
,,,,,,,,,,,,,,,,,,2018,6/21/2018,$                                                        112.11,,,,,,,,,,2.35%,$              112.11,2.63,120.82,80.07,97.83,79%,8%,2.18%,3.28%,4.48%,149.23%,154.44%,5.84,2.69%,-6.49%,,,,,,,,,,,,
,,,,,,,,,,,,,,,,,,2018,6/22/2018,$                                                      112.38,,,,,,,,,,2.34%,$            112.38,2.63,120.82,80.07,97.83,79%,8%,2.18%,3.28%,4.47%,148.63%,153.83%,5.84,2.69%,-6.26%,,,,,,,,,,,,
,,,,,,,,,,,,,,,,,,2018,6/25/2018,$                                                       110.19,,,,,,,,,,2.39%,$             110.19,2.63,120.82,80.07,97.83,74%,10%,2.18%,3.28%,4.56%,153.57%,158.87%,5.84,2.69%,-8.09%,,,,,,,,,,,,
,,,,,,,,,,,,,,,,,,2018,6/26/2018,$                                                        111.51,,,,,,,,,,2.36%,$              111.51,2.63,120.82,80.07,97.83,77%,8%,2.18%,3.28%,4.50%,150.57%,155.81%,5.84,2.69%,-6.99%,,,,,,,,,,,,
,,,,,,,,,,,,,,,,,,2018,6/27/2018,$                                                     108.78,,,,,,,,,,2.42%,$           108.78,2.63,120.82,80.07,97.83,70%,11%,2.18%,3.28%,4.61%,156.86%,162.23%,5.84,2.69%,-9.27%,,,,,,,,,,,,
,,,,,,,,,,,,,,,,,,2018,6/28/2018,$                                                      109.10,,,,,,,,,,2.41%,$            109.10,2.63,120.82,80.07,97.83,71%,11%,2.18%,3.28%,4.60%,156.10%,161.46%,5.84,2.69%,-9.00%,,,,,,,,,,,,
,,,,,,,,,,,,,,,,,,2018,6/29/2018,$                                                      110.25,,,,,,,,,,2.39%,$            110.25,2.63,120.82,80.07,97.83,74%,10%,2.18%,3.28%,4.55%,153.43%,158.73%,5.84,2.69%,-8.04%,,,,,,,,,,,,
,,,,,,,,,,,,,,,,,,2018,7/2/2018,$                                                      110.24,,,,,,,,,,2.39%,$            110.24,2.63,120.82,80.07,97.83,74%,10%,2.18%,3.28%,4.55%,153.46%,158.75%,5.84,2.69%,-8.05%,,,,,,,,,,,,
,,,,,,,,,,,,,,,,,,2018,7/3/2018,$                                                      108.91,,,,,,,,,,2.41%,$            108.91,2.63,120.82,80.07,97.83,71%,11%,2.18%,3.28%,4.61%,156.55%,161.91%,5.84,2.69%,-9.16%,,,,,,,,,,,,
,,,,,,,,,,,,,,,,,,2018,7/5/2018,$                                                        111.51,,,,,,,,,,2.36%,$              111.51,2.63,120.82,80.07,97.83,77%,8%,2.18%,3.28%,4.50%,150.57%,155.81%,5.84,2.69%,-6.99%,,,,,,,,,,,,
,,,,,,,,,,,,,,,,,,2018,7/6/2018,$                                                       112.71,,,,,,,,,,2.33%,$             112.71,2.63,120.82,80.07,97.83,80%,7%,2.18%,3.28%,4.45%,147.90%,153.08%,5.84,2.69%,-5.99%,,,,,,,,,,,,
,,,,,,,,,,,,,,,,,,2018,7/9/2018,$                                                      112.09,,,,,,,,,,2.35%,$            112.09,2.63,120.82,80.07,97.83,79%,8%,2.18%,3.28%,4.48%,149.27%,154.48%,5.84,2.69%,-6.51%,,,,,,,,,,,,
,,,,,,,,,,,,,,,,,,2018,7/10/2018,$                                                      113.73,,,,,,,,,,2.31%,$            113.73,2.63,120.82,80.07,97.83,83%,6%,2.18%,3.28%,4.41%,145.68%,150.81%,5.84,2.69%,-5.14%,,,,,,,,,,,,
,,,,,,,,,,,,,,,,,,2018,7/11/2018,$                                                       111.76,,,,,,,,,,2.35%,$             111.76,2.63,120.82,80.07,97.83,78%,8%,2.18%,3.28%,4.49%,150.01%,155.23%,5.84,2.69%,-6.78%,,,,,,,,,,,,
,,,,,,,,,,,,,,,,,,2018,7/12/2018,$                                                      115.84,,,,,,,,,,2.27%,$            115.84,2.63,120.82,80.07,97.83,88%,4%,2.18%,3.28%,4.33%,141.20%,146.24%,5.84,2.69%,-3.38%,,,,,,,,,,,,
,,,,,,,,,,,,,,,,,,2018,7/13/2018,$                                                       115.14,,,,,,,,,,2.28%,$             115.14,2.63,120.82,80.07,97.83,86%,5%,2.18%,3.28%,4.36%,142.67%,147.74%,5.84,2.69%,-3.96%,,,,,,,,,,,,
,,,,,,,,,,,,,,,,,,2018,7/16/2018,$                                                      114.56,,,,,,,,,,2.30%,$            114.56,2.63,120.82,80.07,97.83,85%,5%,2.18%,3.28%,4.38%,143.90%,149.00%,5.84,2.69%,-4.45%,,,,,,,,,,,,
,,,,,,,,,,,,,,,,,,2018,7/17/2018,$                                                      115.80,,,,,,,,,,2.27%,$            115.80,2.63,120.82,80.07,97.83,88%,4%,2.18%,3.28%,4.34%,141.29%,146.33%,5.84,2.69%,-3.41%,,,,,,,,,,,,
,,,,,,,,,,,,,,,,,,2018,7/18/2018,$                                                      115.68,,,,,,,,,,2.27%,$            115.68,2.63,120.82,80.07,97.83,87%,4%,2.18%,3.28%,4.34%,141.54%,146.59%,5.84,2.69%,-3.51%,,,,,,,,,,,,
,,,,,,,,,,,,,,,,,,2018,7/19/2018,$                                                      114.59,,,,,,,,,,2.30%,$            114.59,2.63,120.82,80.07,97.83,85%,5%,2.18%,3.28%,4.38%,143.83%,148.93%,5.84,2.69%,-4.42%,,,,,,,,,,,,
,,,,,,,,,,,,,,,,,,2018,7/20/2018,$                                                      115.00,,,,,,,,,,2.29%,$            115.00,2.63,120.82,80.07,97.83,86%,5%,2.18%,3.28%,4.37%,142.97%,148.04%,5.84,2.69%,-4.08%,,,,,,,,,,,,
,,,,,,,,,,,,,,,,,,2018,7/23/2018,$                                                      114.67,,,,,,,,,,2.29%,$            114.67,2.63,120.82,80.07,97.83,85%,5%,2.18%,3.28%,4.38%,143.66%,148.76%,5.84,2.69%,-4.35%,,,,,,,,,,,,
,,,,,,,,,,,,,,,,,,2018,7/24/2018,$                                                      113.80,,,,,,,,,,2.31%,$            113.80,2.63,120.82,80.07,97.83,83%,6%,2.18%,3.28%,4.41%,145.53%,150.66%,5.84,2.69%,-5.08%,,,,,,,,,,,,
,,,,,,,,,,,,,,,,,,2018,7/25/2018,$                                                      113.22,,,,,,,,,,2.32%,$            113.22,2.63,120.82,80.07,97.83,81%,7%,2.18%,3.28%,4.43%,146.79%,151.94%,5.84,2.69%,-5.56%,,,,,,,,,,,,
,,,,,,,,,,,,,,,,,,2018,7/26/2018,$                                                      113.30,,,,,,,,,,2.32%,$            113.30,2.63,120.82,80.07,97.83,82%,7%,2.18%,3.28%,4.43%,146.61%,151.77%,5.84,2.69%,-5.50%,,,,,,,,,,,,
,,,,,,,,,,,,,,,,,,2018,7/27/2018,$                                                      112.60,,,,,,,,,,2.34%,$            112.60,2.63,120.82,80.07,97.83,80%,7%,2.18%,3.28%,4.46%,148.14%,153.33%,5.84,2.69%,-6.08%,,,,,,,,,,,,
,,,,,,,,,,,,,,,,,,2018,7/30/2018,$                                                       110.91,,,,,,,,,,2.37%,$             110.91,2.63,120.82,80.07,97.83,76%,9%,2.18%,3.28%,4.53%,151.92%,157.19%,5.84,2.69%,-7.49%,,,,,,,,,,,,
,,,,,,,,,,,,,,,,,,2018,7/31/2018,$                                                       111.32,,,,,,,,,,2.36%,$             111.32,2.63,120.82,80.07,97.83,77%,9%,2.18%,3.28%,4.51%,151.00%,156.24%,5.84,2.69%,-7.15%,,,,,,,,,,,,
,,,,,,,,,,,,,,,,,,2018,8/1/2018,$                                                       111.00,,,,,,,,,,2.37%,$             111.00,2.63,120.82,80.07,97.83,76%,9%,2.18%,3.28%,4.52%,151.72%,156.98%,5.84,2.69%,-7.42%,,,,,,,,,,,,
,,,,,,,,,,,,,,,,,,2018,8/2/2018,$                                                       112.21,,,,,,,,,,2.34%,$             112.21,2.63,120.82,80.07,97.83,79%,8%,2.18%,3.28%,4.47%,149.01%,154.21%,5.84,2.69%,-6.41%,,,,,,,,,,,,
,,,,,,,,,,,,,,,,,,2018,8/3/2018,$                                                      112.84,,,,,,,,,,2.33%,$            112.84,2.63,120.82,80.07,97.83,80%,7%,2.18%,3.28%,4.45%,147.62%,152.79%,5.84,2.69%,-5.88%,,,,,,,,,,,,
,,,,,,,,,,,,,,,,,,2018,8/6/2018,$                                                        113.11,,,,,,,,,,2.33%,$              113.11,2.63,120.82,80.07,97.83,81%,7%,2.18%,3.28%,4.44%,147.03%,152.19%,5.84,2.69%,-5.66%,,,,,,,,,,,,
,,,,,,,,,,,,,,,,,,2018,8/7/2018,$                                                      115.76,,,,,,,,,,2.27%,$            115.76,2.63,120.82,80.07,97.83,88%,4%,2.18%,3.28%,4.34%,141.37%,146.41%,5.84,2.69%,-3.44%,,,,,,,,,,,,
,,,,,,,,,,,,,,,,,,2018,8/8/2018,$                                                       116.16,,,,,,,,,,2.26%,$             116.16,2.63,120.82,80.07,97.83,89%,4%,2.18%,3.28%,4.32%,140.54%,145.57%,5.84,2.69%,-3.11%,,,,,,,,,,,,
,,,,,,,,,,,,,,,,,,2018,8/9/2018,$                                                      114.34,,,,,,,,,,2.30%,$            114.34,2.63,120.82,80.07,97.83,84%,6%,2.18%,3.28%,4.39%,144.37%,149.48%,5.84,2.69%,-4.63%,,,,,,,,,,,,
,,,,,,,,,,,,,,,,,,2018,8/10/2018,$                                                      110.09,,,,,,,,,,2.39%,$            110.09,2.63,120.82,80.07,97.83,74%,10%,2.18%,3.28%,4.56%,153.80%,159.11%,5.84,2.69%,-8.17%,,,,,,,,,,,,
,,,,,,,,,,,,,,,,,,2018,8/13/2018,$                                                     109.94,,,,,,,,,,2.39%,$           109.94,2.63,120.82,80.07,97.83,73%,10%,2.18%,3.28%,4.57%,154.15%,159.46%,5.84,2.69%,-8.30%,,,,,,,,,,,,
,,,,,,,,,,,,,,,,,,2018,8/14/2018,$                                                      110.34,,,,,,,,,,2.38%,$            110.34,2.63,120.82,80.07,97.83,74%,9%,2.18%,3.28%,4.55%,153.23%,158.52%,5.84,2.69%,-7.97%,,,,,,,,,,,,
,,,,,,,,,,,,,,,,,,2018,8/15/2018,$                                                     109.60,,,,,,,,,,2.40%,$           109.60,2.63,120.82,80.07,97.83,72%,10%,2.18%,3.28%,4.58%,154.94%,160.26%,5.84,2.69%,-8.58%,,,,,,,,,,,,
,,,,,,,,,,,,,,,,,,2018,8/16/2018,$                                                     109.40,,,,,,,,,,2.40%,$           109.40,2.63,120.82,80.07,97.83,72%,10%,2.18%,3.28%,4.59%,155.40%,160.74%,5.84,2.69%,-8.75%,,,,,,,,,,,,
,,,,,,,,,,,,,,,,,,2018,8/17/2018,$                                                     109.64,,,,,,,,,,2.40%,$           109.64,2.63,120.82,80.07,97.83,73%,10%,2.18%,3.28%,4.58%,154.84%,160.17%,5.84,2.69%,-8.55%,,,,,,,,,,,,
,,,,,,,,,,,,,,,,,,2018,8/20/2018,$                                                     109.03,,,,,,,,,,2.41%,$           109.03,2.63,120.82,80.07,97.83,71%,11%,2.18%,3.28%,4.60%,156.27%,161.63%,5.84,2.69%,-9.06%,,,,,,,,,,,,
,,,,,,,,,,,,,,,,,,2018,8/21/2018,$                                                        111.51,,,,,,,,,,2.36%,$              111.51,2.63,120.82,80.07,97.83,77%,8%,2.18%,3.28%,4.50%,150.57%,155.81%,5.84,2.69%,-6.99%,,,,,,,,,,,,
,,,,,,,,,,,,,,,,,,2018,8/22/2018,$                                                       112.19,,,,,,,,,,2.34%,$             112.19,2.63,120.82,80.07,97.83,79%,8%,2.18%,3.28%,4.47%,149.05%,154.26%,5.84,2.69%,-6.42%,,,,,,,,,,,,
,,,,,,,,,,,,,,,,,,2018,8/23/2018,$                                                      112.40,,,,,,,,,,2.34%,$            112.40,2.63,120.82,80.07,97.83,79%,7%,2.18%,3.28%,4.47%,148.59%,153.78%,5.84,2.69%,-6.25%,,,,,,,,,,,,
,,,,,,,,,,,,,,,,,,2018,8/24/2018,$                                                      113.64,,,,,,,,,,2.31%,$            113.64,2.63,120.82,80.07,97.83,82%,6%,2.18%,3.28%,4.42%,145.87%,151.01%,5.84,2.69%,-5.21%,,,,,,,,,,,,
,,,,,,,,,,,,,,,,,,2018,8/27/2018,$                                                      115.25,,,,,,,,,,2.28%,$            115.25,2.63,120.82,80.07,97.83,86%,5%,2.18%,3.28%,4.36%,142.44%,147.51%,5.84,2.69%,-3.87%,,,,,,,,,,,,
,,,,,,,,,,,,,,,,,,2018,8/28/2018,$                                                      115.02,,,,,,,,,,2.29%,$            115.02,2.63,120.82,80.07,97.83,86%,5%,2.18%,3.28%,4.36%,142.92%,148.00%,5.84,2.69%,-4.06%,,,,,,,,,,,,
,,,,,,,,,,,,,,,,,,2018,8/29/2018,$                                                      115.47,,,,,,,,,,2.28%,$            115.47,2.63,120.82,80.07,97.83,87%,5%,2.18%,3.28%,4.35%,141.98%,147.03%,5.84,2.69%,-3.69%,,,,,,,,,,,,
,,,,,,,,,,,,,,,,,,2018,8/30/2018,$                                                      112.58,,,,,,,,,,2.34%,$            112.58,2.63,120.82,80.07,97.83,80%,7%,2.18%,3.28%,4.46%,148.19%,153.38%,5.84,2.69%,-6.10%,,,,,,,,,,,,
,,,,,,,,,,,,,,,,,,2018,8/31/2018,$                                                      112.40,,,,,,,,,,2.34%,$            112.40,2.63,120.82,80.07,97.83,79%,7%,2.18%,3.28%,4.47%,148.59%,153.78%,5.84,2.69%,-6.25%,,,,,,,,,,,,
,,,,,,,,,,,,,,,,,,2018,9/4/2018,$                                                      112.54,,,,,,,,,,2.34%,$            112.54,2.63,120.82,80.07,97.83,80%,7%,2.18%,3.28%,4.46%,148.28%,153.47%,5.84,2.69%,-6.13%,,,,,,,,,,,,
,,,,,,,,,,,,,,,,,,2018,9/5/2018,$                                                        111.13,,,,,,,,,,2.37%,$              111.13,2.63,120.82,80.07,97.83,76%,9%,2.18%,3.28%,4.52%,151.43%,156.68%,5.84,2.69%,-7.31%,,,,,,,,,,,,
,,,,,,,,,,,,,,,,,,2018,9/6/2018,$                                                      110.89,,,,,,,,,,2.37%,$            110.89,2.63,120.82,80.07,97.83,76%,9%,2.18%,3.28%,4.53%,151.97%,157.24%,5.84,2.69%,-7.51%,,,,,,,,,,,,
,,,,,,,,,,,,,,,,,,2018,9/7/2018,$                                                     108.46,,,,,,,,,,2.42%,$           108.46,2.63,120.82,80.07,97.83,70%,11%,2.18%,3.28%,4.63%,157.62%,163.00%,5.84,2.69%,-9.53%,,,,,,,,,,,,
,,,,,,,,,,,,,,,,,,2018,9/10/2018,$                                                     108.32,,,,,,,,,,2.43%,$           108.32,2.63,120.82,80.07,97.83,69%,12%,2.18%,3.28%,4.63%,157.95%,163.34%,5.84,2.69%,-9.65%,,,,,,,,,,,,
,,,,,,,,,,,,,,,,,,2018,9/11/2018,$                                                     106.05,,,,,,,,,,2.48%,$           106.05,2.63,120.82,80.07,97.83,64%,14%,2.18%,3.28%,4.73%,163.47%,168.98%,5.84,2.69%,-11.54%,,,,,,,,,,,,
,,,,,,,,,,,,,,,,,,2018,9/12/2018,$                                                     104.54,,,,,,,,,,2.52%,$           104.54,2.63,120.82,80.07,97.83,60%,16%,2.18%,3.28%,4.80%,167.28%,172.86%,5.84,2.69%,-12.80%,,,,,,,,,,,,
,,,,,,,,,,,,,,,,,,2018,9/13/2018,$                                                     105.72,,,,,,,,,,2.49%,$           105.72,2.63,120.82,80.07,97.83,63%,14%,2.18%,3.28%,4.75%,164.29%,169.82%,5.84,2.69%,-11.82%,,,,,,,,,,,,
,,,,,,,,,,,,,,,,,,2018,9/14/2018,$                                                     105.36,,,,,,,,,,2.50%,$           105.36,2.63,120.82,80.07,97.83,62%,15%,2.18%,3.28%,4.76%,165.20%,170.74%,5.84,2.69%,-12.12%,,,,,,,,,,,,
,,,,,,,,,,,,,,,,,,2018,9/17/2018,$                                                     103.70,,,,,,,,,,2.54%,$           103.70,2.63,120.82,80.07,97.83,58%,17%,2.18%,3.28%,4.84%,169.44%,175.07%,5.84,2.69%,-13.50%,,,,,,,,,,,,
,,,,,,,,,,,,,,,,,,2018,9/18/2018,$                                                      104.91,,,,,,,,,,2.51%,$            104.91,2.63,120.82,80.07,97.83,61%,15%,2.18%,3.28%,4.79%,166.33%,171.90%,5.84,2.69%,-12.49%,,,,,,,,,,,,
,,,,,,,,,,,,,,,,,,2018,9/19/2018,$                                                     107.37,,,,,,,,,,2.45%,$           107.37,2.63,120.82,80.07,97.83,67%,13%,2.18%,3.28%,4.68%,160.23%,165.67%,5.84,2.69%,-10.44%,,,,,,,,,,,,
,,,,,,,,,,,,,,,,,,2018,9/20/2018,$                                                     108.49,,,,,,,,,,2.42%,$           108.49,2.63,120.82,80.07,97.83,70%,11%,2.18%,3.28%,4.63%,157.54%,162.93%,5.84,2.69%,-9.51%,,,,,,,,,,,,
,,,,,,,,,,,,,,,,,,2018,9/21/2018,$                                                      110.05,,,,,,,,,,2.39%,$            110.05,2.63,120.82,80.07,97.83,74%,10%,2.18%,3.28%,4.56%,153.89%,159.20%,5.84,2.69%,-8.21%,,,,,,,,,,,,
,,,,,,,,,,,,,,,,,,2018,9/24/2018,$                                                     109.80,,,,,,,,,,2.40%,$           109.80,2.63,120.82,80.07,97.83,73%,10%,2.18%,3.28%,4.57%,154.47%,159.79%,5.84,2.69%,-8.42%,,,,,,,,,,,,
,,,,,,,,,,,,,,,,,,2018,9/25/2018,$                                                     107.55,,,,,,,,,,2.45%,$           107.55,2.63,120.82,80.07,97.83,67%,12%,2.18%,3.28%,4.67%,159.80%,165.23%,5.84,2.69%,-10.29%,,,,,,,,,,,,
,,,,,,,,,,,,,,,,,,2018,9/26/2018,$                                                     106.22,,,,,,,,,,2.48%,$           106.22,2.63,120.82,80.07,97.83,64%,14%,2.18%,3.28%,4.73%,163.05%,168.55%,5.84,2.69%,-11.40%,,,,,,,,,,,,
,,,,,,,,,,,,,,,,,,2018,9/27/2018,$                                                     107.29,,,,,,,,,,2.45%,$           107.29,2.63,120.82,80.07,97.83,67%,13%,2.18%,3.28%,4.68%,160.43%,165.87%,5.84,2.69%,-10.51%,,,,,,,,,,,,
,,,,,,,,,,,,,,,,,,2018,9/28/2018,$                                                     107.29,,,,,,,,,,2.45%,$           107.29,2.63,120.82,80.07,97.83,67%,13%,2.18%,3.28%,4.68%,160.43%,165.87%,5.84,2.69%,-10.51%,,,,,,,,,,,,
,,,,,,,,,,,,,,,,,,2018,10/1/2018,$                                                     107.74,,,,,,,,,,2.44%,$           107.74,2.63,120.82,80.07,97.83,68%,12%,2.18%,3.28%,4.66%,159.34%,164.76%,5.84,2.69%,-10.13%,,,,,,,,,,,,
,,,,,,,,,,,,,,,,,,2018,10/2/2018,$                                                     108.46,,,,,,,,,,2.42%,$           108.46,2.63,120.82,80.07,97.83,70%,11%,2.18%,3.28%,4.63%,157.62%,163.00%,5.84,2.69%,-9.53%,,,,,,,,,,,,
,,,,,,,,,,,,,,,,,,2018,10/3/2018,$                                                      108.18,,,,,,,,,,2.43%,$            108.18,2.63,120.82,80.07,97.83,69%,12%,2.18%,3.28%,4.64%,158.28%,163.68%,5.84,2.69%,-9.77%,,,,,,,,,,,,
,,,,,,,,,,,,,,,,,,2018,10/4/2018,$                                                     105.87,,,,,,,,,,2.48%,$           105.87,2.63,120.82,80.07,97.83,63%,14%,2.18%,3.28%,4.74%,163.92%,169.43%,5.84,2.69%,-11.69%,,,,,,,,,,,,
,,,,,,,,,,,,,,,,,,2018,10/5/2018,$                                                     103.28,,,,,,,,,,2.55%,$           103.28,2.63,120.82,80.07,97.83,57%,17%,2.18%,3.28%,4.86%,170.54%,176.19%,5.84,2.69%,-13.85%,,,,,,,,,,,,
,,,,,,,,,,,,,,,,,,2018,10/8/2018,$                                                      101.93,,,,,,,,,,2.58%,$            101.93,2.63,120.82,80.07,97.83,54%,19%,2.18%,3.28%,4.92%,174.12%,179.85%,5.84,2.69%,-14.98%,,,,,,,,,,,,
,,,,,,,,,,,,,,,,,,2018,10/9/2018,$                                                     102.87,,,,,,,,,,2.56%,$           102.87,2.63,120.82,80.07,97.83,56%,17%,2.18%,3.28%,4.88%,171.61%,177.29%,5.84,2.69%,-14.20%,,,,,,,,,,,,
,,,,,,,,,,,,,,,,,,2018,10/10/2018,$                                                       99.24,,,,,,,,,,2.65%,$             99.24,2.63,120.82,80.07,97.83,47%,22%,2.18%,3.28%,5.06%,181.55%,187.43%,5.84,2.69%,-17.22%,,,,,,,,,,,,
,,,,,,,,,,,,,,,,,,2018,10/11/2018,$                                                       99.53,,,,,,,,,,2.64%,$             99.53,2.63,120.82,80.07,97.83,48%,21%,2.18%,3.28%,5.04%,180.73%,186.60%,5.84,2.69%,-16.98%,,,,,,,,,,,,
,,,,,,,,,,,,,,,,,,2018,10/12/2018,$                                                      101.09,,,,,,,,,,2.60%,$            101.09,2.63,120.82,80.07,97.83,52%,20%,2.18%,3.28%,4.97%,176.40%,182.17%,5.84,2.69%,-15.68%,,,,,,,,,,,,
,,,,,,,,,,,,,,,,,,2018,10/15/2018,$                                                       99.43,,,,,,,,,,2.65%,$             99.43,2.63,120.82,80.07,97.83,48%,22%,2.18%,3.28%,5.05%,181.01%,186.89%,5.84,2.69%,-17.07%,,,,,,,,,,,,
,,,,,,,,,,,,,,,,,,2018,10/16/2018,$                                                      102.15,,,,,,,,,,2.57%,$            102.15,2.63,120.82,80.07,97.83,54%,18%,2.18%,3.28%,4.91%,173.53%,179.25%,5.84,2.69%,-14.80%,,,,,,,,,,,,
,,,,,,,,,,,,,,,,,,2018,10/17/2018,$                                                      101.54,,,,,,,,,,2.59%,$            101.54,2.63,120.82,80.07,97.83,53%,19%,2.18%,3.28%,4.94%,175.17%,180.92%,5.84,2.69%,-15.31%,,,,,,,,,,,,
,,,,,,,,,,,,,,,,,,2018,10/18/2018,$                                                       99.54,,,,,,,,,,2.64%,$             99.54,2.63,120.82,80.07,97.83,48%,21%,2.18%,3.28%,5.04%,180.70%,186.57%,5.84,2.69%,-16.97%,,,,,,,,,,,,
,,,,,,,,,,,,,,,,,,2018,10/19/2018,$                                                       98.26,,,,,,,,,,2.68%,$             98.26,2.63,120.82,80.07,97.83,45%,23%,2.18%,3.28%,5.11%,184.36%,190.30%,5.84,2.69%,-18.04%,,,,,,,,,,,,
,,,,,,,,,,,,,,,,,,2018,10/22/2018,$                                                       99.72,,,,,,,,,,2.64%,$             99.72,2.63,120.82,80.07,97.83,48%,21%,2.18%,3.28%,5.03%,180.19%,186.05%,5.84,2.69%,-16.82%,,,,,,,,,,,,
,,,,,,,,,,,,,,,,,,2018,10/23/2018,$                                                     100.25,,,,,,,,,,2.62%,$           100.25,2.63,120.82,80.07,97.83,50%,21%,2.18%,3.28%,5.01%,178.71%,184.54%,5.84,2.69%,-16.38%,,,,,,,,,,,,
,,,,,,,,,,,,,,,,,,2018,10/24/2018,$                                                        92.01,,,,,,,,,,2.86%,$              92.01,2.63,120.82,80.07,97.83,29%,31%,2.18%,3.28%,5.46%,203.67%,210.02%,5.84,2.69%,-23.25%,,,,,,,,,,,,
,,,,,,,,,,,,,,,,,,2018,10/25/2018,$                                                        91.77,,,,,,,,,,2.87%,$              91.77,2.63,120.82,80.07,97.83,29%,32%,2.18%,3.28%,5.47%,204.47%,210.83%,5.84,2.69%,-23.45%,,,,,,,,,,,,
,,,,,,,,,,,,,,,,,,2018,10/26/2018,$                                                       90.56,,,,,,,,,,2.90%,$             90.56,2.63,120.82,80.07,97.83,26%,33%,2.18%,3.28%,5.54%,208.54%,214.98%,5.84,2.69%,-24.46%,,,,,,,,,,,,
,,,,,,,,,,,,,,,,,,2018,10/29/2018,$                                                        90.18,,,,,,,,,,2.92%,$              90.18,2.63,120.82,80.07,97.83,25%,34%,2.18%,3.28%,5.57%,209.84%,216.31%,5.84,2.69%,-24.78%,,,,,,,,,,,,
,,,,,,,,,,,,,,,,,,2018,10/30/2018,$                                                       92.99,,,,,,,,,,2.83%,$             92.99,2.63,120.82,80.07,97.83,32%,30%,2.18%,3.28%,5.40%,200.47%,206.75%,5.84,2.69%,-22.44%,,,,,,,,,,,,
,,,,,,,,,,,,,,,,,,2018,10/31/2018,$                                                       92.83,,,,,,,,,,2.83%,$             92.83,2.63,120.82,80.07,97.83,31%,30%,2.18%,3.28%,5.41%,200.99%,207.28%,5.84,2.69%,-22.57%,,,,,,,,,,,,
,,,,,,,,,,,,,,,,,,2018,11/1/2018,$                                                       97.60,,,,,,,,,,2.69%,$             97.60,2.63,120.82,80.07,97.83,43%,24%,2.18%,3.28%,5.14%,186.28%,192.26%,5.84,2.69%,-18.59%,,,,,,,,,,,,
,,,,,,,,,,,,,,,,,,2018,11/2/2018,$                                                       95.06,,,,,,,,,,2.77%,$             95.06,2.63,120.82,80.07,97.83,37%,27%,2.18%,3.28%,5.28%,193.93%,200.07%,5.84,2.69%,-20.71%,,,,,,,,,,,,
,,,,,,,,,,,,,,,,,,2018,11/5/2018,$                                                       95.66,,,,,,,,,,2.75%,$             95.66,2.63,120.82,80.07,97.83,38%,26%,2.18%,3.28%,5.25%,192.09%,198.19%,5.84,2.69%,-20.21%,,,,,,,,,,,,
,,,,,,,,,,,,,,,,,,2018,11/6/2018,$                                                        97.14,,,,,,,,,,2.71%,$              97.14,2.63,120.82,80.07,97.83,42%,24%,2.18%,3.28%,5.17%,187.64%,193.65%,5.84,2.69%,-18.98%,,,,,,,,,,,,
,,,,,,,,,,,,,,,,,,2018,11/7/2018,$                                                       97.20,,,,,,,,,,2.71%,$             97.20,2.63,120.82,80.07,97.83,42%,24%,2.18%,3.28%,5.16%,187.46%,193.47%,5.84,2.69%,-18.93%,,,,,,,,,,,,
,,,,,,,,,,,,,,,,,,2018,11/8/2018,$                                                       98.48,,,,,,,,,,2.67%,$             98.48,2.63,120.82,80.07,97.83,45%,23%,2.18%,3.28%,5.10%,183.72%,189.65%,5.84,2.69%,-17.86%,,,,,,,,,,,,
,,,,,,,,,,,,,,,,,,2018,11/9/2018,$                                                        96.10,,,,,,,,,,2.74%,$              96.10,2.63,120.82,80.07,97.83,39%,26%,2.18%,3.28%,5.22%,190.75%,196.83%,5.84,2.69%,-19.84%,,,,,,,,,,,,
,,,,,,,,,,,,,,,,,,2018,11/12/2018,$                                                       93.47,,,,,,,,,,2.81%,$             93.47,2.63,120.82,80.07,97.83,33%,29%,2.18%,3.28%,5.37%,198.93%,205.18%,5.84,2.69%,-22.04%,,,,,,,,,,,,
,,,,,,,,,,,,,,,,,,2018,11/13/2018,$                                                       94.48,,,,,,,,,,2.78%,$             94.48,2.63,120.82,80.07,97.83,35%,28%,2.18%,3.28%,5.31%,195.73%,201.92%,5.84,2.69%,-21.19%,,,,,,,,,,,,
,,,,,,,,,,,,,,,,,,2018,11/14/2018,$                                                       94.70,,,,,,,,,,2.78%,$             94.70,2.63,120.82,80.07,97.83,36%,28%,2.18%,3.28%,5.30%,195.05%,201.21%,5.84,2.69%,-21.01%,,,,,,,,,,,,
,,,,,,,,,,,,,,,,,,2018,11/15/2018,$                                                       97.96,,,,,,,,,,2.68%,$             97.96,2.63,120.82,80.07,97.83,44%,23%,2.18%,3.28%,5.12%,185.23%,191.19%,5.84,2.69%,-18.29%,,,,,,,,,,,,
,,,,,,,,,,,,,,,,,,2018,11/16/2018,$                                                       97.85,,,,,,,,,,2.69%,$             97.85,2.63,120.82,80.07,97.83,44%,23%,2.18%,3.28%,5.13%,185.55%,191.52%,5.84,2.69%,-18.38%,,,,,,,,,,,,
,,,,,,,,,,,,,,,,,,2018,11/19/2018,$                                                       94.62,,,,,,,,,,2.78%,$             94.62,2.63,120.82,80.07,97.83,36%,28%,2.18%,3.28%,5.31%,195.30%,201.47%,5.84,2.69%,-21.08%,,,,,,,,,,,,
,,,,,,,,,,,,,,,,,,2018,11/20/2018,$                                                       96.84,,,,,,,,,,2.72%,$             96.84,2.63,120.82,80.07,97.83,41%,25%,2.18%,3.28%,5.18%,188.53%,194.56%,5.84,2.69%,-19.23%,,,,,,,,,,,,
,,,,,,,,,,,,,,,,,,2018,11/21/2018,$                                                        96.13,,,,,,,,,,2.74%,$              96.13,2.63,120.82,80.07,97.83,39%,26%,2.18%,3.28%,5.22%,190.66%,196.73%,5.84,2.69%,-19.82%,,,,,,,,,,,,
,,,,,,,,,,,,,,,,,,2018,11/23/2018,$                                                        95.10,,,,,,,,,,2.77%,$              95.10,2.63,120.82,80.07,97.83,37%,27%,2.18%,3.28%,5.28%,193.81%,199.95%,5.84,2.69%,-20.68%,,,,,,,,,,,,
,,,,,,,,,,,,,,,,,,2018,11/26/2018,$                                                       96.38,,,,,,,,,,2.73%,$             96.38,2.63,120.82,80.07,97.83,40%,25%,2.18%,3.28%,5.21%,189.90%,195.96%,5.84,2.69%,-19.61%,,,,,,,,,,,,
,,,,,,,,,,,,,,,,,,2018,11/27/2018,$                                                       96.28,,,,,,,,,,2.73%,$             96.28,2.63,120.82,80.07,97.83,40%,25%,2.18%,3.28%,5.21%,190.21%,196.27%,5.84,2.69%,-19.69%,,,,,,,,,,,,
,,,,,,,,,,,,,,,,,,2018,11/28/2018,$                                                       98.26,,,,,,,,,,2.68%,$             98.26,2.63,120.82,80.07,97.83,45%,23%,2.18%,3.28%,5.11%,184.36%,190.30%,5.84,2.69%,-18.04%,,,,,,,,,,,,
,,,,,,,,,,,,,,,,,,2018,11/29/2018,$                                                       97.43,,,,,,,,,,2.70%,$             97.43,2.63,120.82,80.07,97.83,43%,24%,2.18%,3.28%,5.15%,186.78%,192.77%,5.84,2.69%,-18.73%,,,,,,,,,,,,
,,,,,,,,,,,,,,,,,,2018,11/30/2018,$                                                       99.85,,,,,,,,,,2.63%,$             99.85,2.63,120.82,80.07,97.83,49%,21%,2.18%,3.28%,5.03%,179.83%,185.68%,5.84,2.69%,-16.72%,,,,,,,,,,,,
,,,,,,,,,,,,,,,,,,2018,12/3/2018,$                                                       101.17,,,,,,,,,,2.60%,$             101.17,2.63,120.82,80.07,97.83,52%,19%,2.18%,3.28%,4.96%,176.18%,181.95%,5.84,2.69%,-15.61%,,,,,,,,,,,,
,,,,,,,,,,,,,,,,,,2018,12/4/2018,$                                                         96.11,,,,,,,,,,2.74%,$               96.11,2.63,120.82,80.07,97.83,39%,26%,2.18%,3.28%,5.22%,190.72%,196.80%,5.84,2.69%,-19.83%,,,,,,,,,,,,
,,,,,,,,,,,,,,,,,,2018,12/6/2018,$                                                       97.32,,,,,,,,,,2.70%,$             97.32,2.63,120.82,80.07,97.83,42%,24%,2.18%,3.28%,5.16%,187.10%,193.11%,5.84,2.69%,-18.83%,,,,,,,,,,,,
,,,,,,,,,,,,,,,,,,2018,12/7/2018,$                                                       92.38,,,,,,,,,,2.85%,$             92.38,2.63,120.82,80.07,97.83,30%,31%,2.18%,3.28%,5.43%,202.46%,208.78%,5.84,2.69%,-22.95%,,,,,,,,,,,,
,,,,,,,,,,,,,,,,,,2018,12/10/2018,$                                                       93.80,,,,,,,,,,2.80%,$             93.80,2.63,120.82,80.07,97.83,34%,29%,2.18%,3.28%,5.35%,197.88%,204.10%,5.84,2.69%,-21.76%,,,,,,,,,,,,
,,,,,,,,,,,,,,,,,,2018,12/11/2018,$                                                       94.54,,,,,,,,,,2.78%,$             94.54,2.63,120.82,80.07,97.83,36%,28%,2.18%,3.28%,5.31%,195.55%,201.72%,5.84,2.69%,-21.14%,,,,,,,,,,,,
,,,,,,,,,,,,,,,,,,2018,12/12/2018,$                                                        95.81,,,,,,,,,,2.75%,$              95.81,2.63,120.82,80.07,97.83,39%,26%,2.18%,3.28%,5.24%,191.63%,197.72%,5.84,2.69%,-20.09%,,,,,,,,,,,,
,,,,,,,,,,,,,,,,,,2018,12/13/2018,$                                                       95.84,,,,,,,,,,2.74%,$             95.84,2.63,120.82,80.07,97.83,39%,26%,2.18%,3.28%,5.24%,191.54%,197.63%,5.84,2.69%,-20.06%,,,,,,,,,,,,
,,,,,,,,,,,,,,,,,,2018,12/14/2018,$                                                       94.26,,,,,,,,,,2.79%,$             94.26,2.63,120.82,80.07,97.83,35%,28%,2.18%,3.28%,5.33%,196.42%,202.62%,5.84,2.69%,-21.38%,,,,,,,,,,,,
,,,,,,,,,,,,,,,,,,2018,12/17/2018,$                                                        91.92,,,,,,,,,,2.86%,$              91.92,2.63,120.82,80.07,97.83,29%,31%,2.18%,3.28%,5.46%,203.97%,210.32%,5.84,2.69%,-23.33%,,,,,,,,,,,,
,,,,,,,,,,,,,,,,,,2018,12/18/2018,$                                                       94.54,,,,,,,,,,2.78%,$             94.54,2.63,120.82,80.07,97.83,36%,28%,2.18%,3.28%,5.31%,195.55%,201.72%,5.84,2.69%,-21.14%,,,,,,,,,,,,
,,,,,,,,,,,,,,,,,,2018,12/19/2018,$                                                       90.53,,,,,,,,,,2.91%,$             90.53,2.63,120.82,80.07,97.83,26%,33%,2.18%,3.28%,5.55%,208.64%,215.09%,5.84,2.69%,-24.49%,,,,,,,,,,,,
,,,,,,,,,,,,,,,,,,2018,12/20/2018,$                                                       90.09,,,,,,,,,,2.92%,$             90.09,2.63,120.82,80.07,97.83,25%,34%,2.18%,3.28%,5.57%,210.15%,216.63%,5.84,2.69%,-24.86%,,,,,,,,,,,,
,,,,,,,,,,,,,,,,,,2018,12/21/2018,$                                                        90.41,,,,,,,,,,2.91%,$              90.41,2.63,120.82,80.07,97.83,25%,34%,2.18%,3.28%,5.55%,209.05%,215.51%,5.84,2.69%,-24.59%,,,,,,,,,,,,
,,,,,,,,,,,,,,,,,,2018,12/24/2018,$                                                       87.80,,,,,,,,,,3.00%,$             87.80,2.63,120.82,80.07,97.83,19%,38%,2.18%,3.28%,5.72%,218.23%,224.89%,5.84,2.69%,-26.77%,,,,,,,,,,,,
,,,,,,,,,,,,,,,,,,2018,12/26/2018,$                                                       92.98,,,,,,,,,,2.83%,$             92.98,2.63,120.82,80.07,97.83,32%,30%,2.18%,3.28%,5.40%,200.51%,206.79%,5.84,2.69%,-22.45%,,,,,,,,,,,,
,,,,,,,,,,,,,,,,,,2018,12/27/2018,$                                                        93.81,,,,,,,,,,2.80%,$              93.81,2.63,120.82,80.07,97.83,34%,29%,2.18%,3.28%,5.35%,197.85%,204.07%,5.84,2.69%,-21.75%,,,,,,,,,,,,
,,,,,,,,,,,,,,,,,,2018,12/28/2018,$                                                        93.81,,,,,,,,,,2.80%,$              93.81,2.63,120.82,80.07,97.83,34%,29%,2.18%,3.28%,5.35%,197.85%,204.07%,5.84,2.69%,-21.75%,,,,,,,,,,,,
,,,,,,,,,,,,,,,,,,2018,12/31/2018,$                                                       94.50,,,,,,,,,,2.78%,$             94.50,2.63,120.82,80.07,97.83,35%,28%,2.18%,3.28%,5.31%,195.67%,201.85%,5.84,2.69%,-21.18%,,,,,,,,,,,,
,,,,,,,,,,,,,,,,,,2019,1/2/2019,$                                                       94.45,,,,,,,,,,3.40%,$             94.45,3.21,147.46,97.73,119.41,-7%,56%,2.18%,3.28%,5.31%,195.83%,199.23%,3.21,2.69%,-21.22%,,,,,,,,,,,,
,,,,,,,,,,,,,,,,,,2019,1/3/2019,$                                                       88.88,,,,,,,,,,3.61%,$             88.88,3.21,147.46,97.73,119.41,-18%,66%,2.18%,3.28%,5.65%,214.37%,217.98%,3.21,2.69%,-25.87%,,,,,,,,,,,,
,,,,,,,,,,,,,,,,,,2019,1/4/2019,$                                                       92.90,,,,,,,,,,3.46%,$             92.90,3.21,147.46,97.73,119.41,-10%,59%,2.18%,3.28%,5.40%,200.76%,204.22%,3.21,2.69%,-22.51%,,,,,,,,,,,,
,,,,,,,,,,,,,,,,,,2019,1/7/2019,$                                                       94.50,,,,,,,,,,3.40%,$             94.50,3.21,147.46,97.73,119.41,-7%,56%,2.18%,3.28%,5.31%,195.67%,199.07%,3.21,2.69%,-21.18%,,,,,,,,,,,,
,,,,,,,,,,,,,,,,,,2019,1/8/2019,$                                                       94.38,,,,,,,,,,3.40%,$             94.38,3.21,147.46,97.73,119.41,-7%,56%,2.18%,3.28%,5.32%,196.05%,199.45%,3.21,2.69%,-21.28%,,,,,,,,,,,,
,,,,,,,,,,,,,,,,,,2019,1/9/2019,$                                                       96.24,,,,,,,,,,3.34%,$             96.24,3.21,147.46,97.73,119.41,-3%,53%,2.18%,3.28%,5.22%,190.33%,193.66%,3.21,2.69%,-19.73%,,,,,,,,,,,,
,,,,,,,,,,,,,,,,,,2019,1/10/2019,$                                                       97.72,,,,,,,,,,3.28%,$             97.72,3.21,147.46,97.73,119.41,0%,51%,2.18%,3.28%,5.14%,185.93%,189.21%,3.21,2.69%,-18.49%,,,,,,,,,,,,
,,,,,,,,,,,,,,,,,,2019,1/11/2019,$                                                       98.59,,,,,,,,,,3.26%,$             98.59,3.21,147.46,97.73,119.41,2%,50%,2.18%,3.28%,5.09%,183.41%,186.66%,3.21,2.69%,-17.77%,,,,,,,,,,,,
,,,,,,,,,,,,,,,,,,2019,1/14/2019,$                                                       96.33,,,,,,,,,,3.33%,$             96.33,3.21,147.46,97.73,119.41,-3%,53%,2.18%,3.28%,5.21%,190.06%,193.39%,3.21,2.69%,-19.65%,,,,,,,,,,,,
,,,,,,,,,,,,,,,,,,2019,1/15/2019,$                                                       97.63,,,,,,,,,,3.29%,$             97.63,3.21,147.46,97.73,119.41,0%,51%,2.18%,3.28%,5.14%,186.19%,189.48%,3.21,2.69%,-18.57%,,,,,,,,,,,,
,,,,,,,,,,,,,,,,,,2019,1/16/2019,$                                                        97.17,,,,,,,,,,3.30%,$              97.17,3.21,147.46,97.73,119.41,-1%,52%,2.18%,3.28%,5.17%,187.55%,190.85%,3.21,2.69%,-18.95%,,,,,,,,,,,,
,,,,,,,,,,,,,,,,,,2019,1/17/2019,$                                                       97.54,,,,,,,,,,3.29%,$             97.54,3.21,147.46,97.73,119.41,0%,51%,2.18%,3.28%,5.15%,186.46%,189.75%,3.21,2.69%,-18.64%,,,,,,,,,,,,
,,,,,,,,,,,,,,,,,,2019,1/18/2019,$                                                       99.42,,,,,,,,,,3.23%,$             99.42,3.21,147.46,97.73,119.41,3%,48%,2.18%,3.28%,5.05%,181.04%,184.27%,3.21,2.69%,-17.07%,,,,,,,,,,,,
,,,,,,,,,,,,,,,,,,2019,1/22/2019,$                                                       96.62,,,,,,,,,,3.32%,$             96.62,3.21,147.46,97.73,119.41,-2%,53%,2.18%,3.28%,5.20%,189.18%,192.51%,3.21,2.69%,-19.41%,,,,,,,,,,,,
,,,,,,,,,,,,,,,,,,2019,1/23/2019,$                                                       95.49,,,,,,,,,,3.36%,$             95.49,3.21,147.46,97.73,119.41,-5%,54%,2.18%,3.28%,5.26%,192.61%,195.97%,3.21,2.69%,-20.35%,,,,,,,,,,,,
,,,,,,,,,,,,,,,,,,2019,1/24/2019,$                                                     102.09,,,,,,,,,,3.14%,$           102.09,3.21,147.46,97.73,119.41,9%,44%,2.18%,3.28%,4.92%,173.69%,176.83%,3.21,2.69%,-14.85%,,,,,,,,,,,,
,,,,,,,,,,,,,,,,,,2019,1/25/2019,$                                                      104.41,,,,,,,,,,3.07%,$            104.41,3.21,147.46,97.73,119.41,13%,41%,2.18%,3.28%,4.81%,167.61%,170.68%,3.21,2.69%,-12.91%,,,,,,,,,,,,
,,,,,,,,,,,,,,,,,,2019,1/28/2019,$                                                     102.68,,,,,,,,,,3.13%,$           102.68,3.21,147.46,97.73,119.41,10%,44%,2.18%,3.28%,4.89%,172.12%,175.24%,3.21,2.69%,-14.35%,,,,,,,,,,,,
,,,,,,,,,,,,,,,,,,2019,1/29/2019,$                                                      101.35,,,,,,,,,,3.17%,$            101.35,3.21,147.46,97.73,119.41,7%,45%,2.18%,3.28%,4.95%,175.69%,178.86%,3.21,2.69%,-15.46%,,,,,,,,,,,,
,,,,,,,,,,,,,,,,,,2019,1/30/2019,$                                                      102.14,,,,,,,,,,3.14%,$            102.14,3.21,147.46,97.73,119.41,9%,44%,2.18%,3.28%,4.91%,173.56%,176.70%,3.21,2.69%,-14.81%,,,,,,,,,,,,
,,,,,,,,,,,,,,,,,,2019,1/31/2019,$                                                     100.68,,,,,,,,,,3.19%,$           100.68,3.21,147.46,97.73,119.41,6%,46%,2.18%,3.28%,4.99%,177.52%,180.71%,3.21,2.69%,-16.02%,,,,,,,,,,,,
,,,,,,,,,,,,,,,,,,2019,2/1/2019,$                                                      101.99,,,,,,,,,,3.15%,$            101.99,3.21,147.46,97.73,119.41,9%,45%,2.18%,3.28%,4.92%,173.96%,177.11%,3.21,2.69%,-14.93%,,,,,,,,,,,,
,,,,,,,,,,,,,,,,,,2019,2/4/2019,$                                                      101.80,,,,,,,,,,3.15%,$            101.80,3.21,147.46,97.73,119.41,8%,45%,2.18%,3.28%,4.93%,174.47%,177.62%,3.21,2.69%,-15.09%,,,,,,,,,,,,
,,,,,,,,,,,,,,,,,,2019,2/5/2019,$                                                     102.32,,,,,,,,,,3.14%,$           102.32,3.21,147.46,97.73,119.41,9%,44%,2.18%,3.28%,4.91%,173.07%,176.21%,3.21,2.69%,-14.66%,,,,,,,,,,,,
,,,,,,,,,,,,,,,,,,2019,2/6/2019,$                                                     106.48,,,,,,,,,,3.01%,$           106.48,3.21,147.46,97.73,119.41,18%,38%,2.18%,3.28%,4.71%,162.41%,165.42%,3.21,2.69%,-11.19%,,,,,,,,,,,,
,,,,,,,,,,,,,,,,,,2019,2/7/2019,$                                                     103.86,,,,,,,,,,3.09%,$           103.86,3.21,147.46,97.73,119.41,12%,42%,2.18%,3.28%,4.83%,169.03%,172.12%,3.21,2.69%,-13.37%,,,,,,,,,,,,
,,,,,,,,,,,,,,,,,,2019,2/8/2019,$                                                     104.55,,,,,,,,,,3.07%,$           104.55,3.21,147.46,97.73,119.41,14%,41%,2.18%,3.28%,4.80%,167.25%,170.32%,3.21,2.69%,-12.80%,,,,,,,,,,,,
,,,,,,,,,,,,,,,,,,2019,2/11/2019,$                                                     104.76,,,,,,,,,,3.06%,$           104.76,3.21,147.46,97.73,119.41,14%,41%,2.18%,3.28%,4.79%,166.71%,169.78%,3.21,2.69%,-12.62%,,,,,,,,,,,,
,,,,,,,,,,,,,,,,,,2019,2/12/2019,$                                                     106.44,,,,,,,,,,3.02%,$           106.44,3.21,147.46,97.73,119.41,18%,39%,2.18%,3.28%,4.72%,162.50%,165.52%,3.21,2.69%,-11.22%,,,,,,,,,,,,
,,,,,,,,,,,,,,,,,,2019,2/13/2019,$                                                      107.15,,,,,,,,,,3.00%,$            107.15,3.21,147.46,97.73,119.41,19%,38%,2.18%,3.28%,4.69%,160.77%,163.76%,3.21,2.69%,-10.63%,,,,,,,,,,,,
,,,,,,,,,,,,,,,,,,2019,2/14/2019,$                                                     106.97,,,,,,,,,,3.00%,$           106.97,3.21,147.46,97.73,119.41,19%,38%,2.18%,3.28%,4.69%,161.20%,164.20%,3.21,2.69%,-10.78%,,,,,,,,,,,,
,,,,,,,,,,,,,,,,,,2019,2/15/2019,$                                                     107.57,,,,,,,,,,2.98%,$           107.57,3.21,147.46,97.73,119.41,20%,37%,2.18%,3.28%,4.67%,159.75%,162.73%,3.21,2.69%,-10.28%,,,,,,,,,,,,
,,,,,,,,,,,,,,,,,,2019,2/19/2019,$                                                     107.28,,,,,,,,,,2.99%,$           107.28,3.21,147.46,97.73,119.41,19%,37%,2.18%,3.28%,4.68%,160.45%,163.44%,3.21,2.69%,-10.52%,,,,,,,,,,,,
,,,,,,,,,,,,,,,,,,2019,2/20/2019,$                                                     107.94,,,,,,,,,,2.97%,$           107.94,3.21,147.46,97.73,119.41,21%,37%,2.18%,3.28%,4.65%,158.86%,161.83%,3.21,2.69%,-9.97%,,,,,,,,,,,,
,,,,,,,,,,,,,,,,,,2019,2/21/2019,$                                                     106.64,,,,,,,,,,3.01%,$           106.64,3.21,147.46,97.73,119.41,18%,38%,2.18%,3.28%,4.71%,162.01%,165.02%,3.21,2.69%,-11.05%,,,,,,,,,,,,
,,,,,,,,,,,,,,,,,,2019,2/22/2019,$                                                      107.31,,,,,,,,,,2.99%,$            107.31,3.21,147.46,97.73,119.41,19%,37%,2.18%,3.28%,4.68%,160.38%,163.37%,3.21,2.69%,-10.49%,,,,,,,,,,,,
,,,,,,,,,,,,,,,,,,2019,2/25/2019,$                                                      108.19,,,,,,,,,,2.97%,$            108.19,3.21,147.46,97.73,119.41,21%,36%,2.18%,3.28%,4.64%,158.26%,161.23%,3.21,2.69%,-9.76%,,,,,,,,,,,,
,,,,,,,,,,,,,,,,,,2019,2/26/2019,$                                                     107.27,,,,,,,,,,2.99%,$           107.27,3.21,147.46,97.73,119.41,19%,37%,2.18%,3.28%,4.68%,160.47%,163.47%,3.21,2.69%,-10.53%,,,,,,,,,,,,
,,,,,,,,,,,,,,,,,,2019,2/27/2019,$                                                      105.71,,,,,,,,,,3.04%,$            105.71,3.21,147.46,97.73,119.41,16%,39%,2.18%,3.28%,4.75%,164.32%,167.35%,3.21,2.69%,-11.83%,,,,,,,,,,,,
,,,,,,,,,,,,,,,,,,2019,2/28/2019,$                                                     105.78,,,,,,,,,,3.03%,$           105.78,3.21,147.46,97.73,119.41,16%,39%,2.18%,3.28%,4.75%,164.14%,167.18%,3.21,2.69%,-11.77%,,,,,,,,,,,,
,,,,,,,,,,,,,,,,,,2019,3/1/2019,$                                                     106.76,,,,,,,,,,3.01%,$           106.76,3.21,147.46,97.73,119.41,18%,38%,2.18%,3.28%,4.70%,161.72%,164.72%,3.21,2.69%,-10.95%,,,,,,,,,,,,
,,,,,,,,,,,,,,,,,,2019,3/4/2019,$                                                     107.40,,,,,,,,,,2.99%,$           107.40,3.21,147.46,97.73,119.41,19%,37%,2.18%,3.28%,4.67%,160.16%,163.15%,3.21,2.69%,-10.42%,,,,,,,,,,,,
,,,,,,,,,,,,,,,,,,2019,3/5/2019,$                                                     106.57,,,,,,,,,,3.01%,$           106.57,3.21,147.46,97.73,119.41,18%,38%,2.18%,3.28%,4.71%,162.18%,165.20%,3.21,2.69%,-11.11%,,,,,,,,,,,,
,,,,,,,,,,,,,,,,,,2019,3/6/2019,$                                                     105.42,,,,,,,,,,3.04%,$           105.42,3.21,147.46,97.73,119.41,15%,40%,2.18%,3.28%,4.76%,165.04%,168.09%,3.21,2.69%,-12.07%,,,,,,,,,,,,
,,,,,,,,,,,,,,,,,,2019,3/7/2019,$                                                     104.95,,,,,,,,,,3.06%,$           104.95,3.21,147.46,97.73,119.41,15%,41%,2.18%,3.28%,4.78%,166.23%,169.29%,3.21,2.69%,-12.46%,,,,,,,,,,,,
,,,,,,,,,,,,,,,,,,2019,3/8/2019,$                                                     104.86,,,,,,,,,,3.06%,$           104.86,3.21,147.46,97.73,119.41,14%,41%,2.18%,3.28%,4.79%,166.46%,169.52%,3.21,2.69%,-12.54%,,,,,,,,,,,,
,,,,,,,,,,,,,,,,,,2019,3/11/2019,$                                                     106.45,,,,,,,,,,3.02%,$           106.45,3.21,147.46,97.73,119.41,18%,39%,2.18%,3.28%,4.72%,162.48%,165.50%,3.21,2.69%,-11.21%,,,,,,,,,,,,
,,,,,,,,,,,,,,,,,,2019,3/12/2019,$                                                     106.52,,,,,,,,,,3.01%,$           106.52,3.21,147.46,97.73,119.41,18%,38%,2.18%,3.28%,4.71%,162.31%,165.32%,3.21,2.69%,-11.15%,,,,,,,,,,,,
,,,,,,,,,,,,,,,,,,2019,3/13/2019,$                                                     107.58,,,,,,,,,,2.98%,$           107.58,3.21,147.46,97.73,119.41,20%,37%,2.18%,3.28%,4.67%,159.72%,162.71%,3.21,2.69%,-10.27%,,,,,,,,,,,,
,,,,,,,,,,,,,,,,,,2019,3/14/2019,$                                                      107.10,,,,,,,,,,3.00%,$            107.10,3.21,147.46,97.73,119.41,19%,38%,2.18%,3.28%,4.69%,160.89%,163.88%,3.21,2.69%,-10.67%,,,,,,,,,,,,
,,,,,,,,,,,,,,,,,,2019,3/15/2019,$                                                      110.74,,,,,,,,,,2.90%,$            110.74,3.21,147.46,97.73,119.41,26%,33%,2.18%,3.28%,4.53%,152.31%,155.21%,3.21,2.69%,-7.63%,,,,,,,,,,,,
,,,,,,,,,,,,,,,,,,2019,3/18/2019,$                                                      109.81,,,,,,,,,,2.92%,$            109.81,3.21,147.46,97.73,119.41,24%,34%,2.18%,3.28%,4.57%,154.45%,157.37%,3.21,2.69%,-8.41%,,,,,,,,,,,,
,,,,,,,,,,,,,,,,,,2019,3/19/2019,$                                                      110.02,,,,,,,,,,2.92%,$            110.02,3.21,147.46,97.73,119.41,25%,34%,2.18%,3.28%,4.56%,153.96%,156.88%,3.21,2.69%,-8.23%,,,,,,,,,,,,
,,,,,,,,,,,,,,,,,,2019,3/20/2019,$                                                     109.63,,,,,,,,,,2.93%,$           109.63,3.21,147.46,97.73,119.41,24%,35%,2.18%,3.28%,4.58%,154.87%,157.79%,3.21,2.69%,-8.56%,,,,,,,,,,,,
,,,,,,,,,,,,,,,,,,2019,3/21/2019,$                                                      112.22,,,,,,,,,,2.86%,$            112.22,3.21,147.46,97.73,119.41,29%,31%,2.18%,3.28%,4.47%,148.98%,151.84%,3.21,2.69%,-6.40%,,,,,,,,,,,,
,,,,,,,,,,,,,,,,,,2019,3/22/2019,$                                                     109.68,,,,,,,,,,2.93%,$           109.68,3.21,147.46,97.73,119.41,24%,34%,2.18%,3.28%,4.58%,154.75%,157.68%,3.21,2.69%,-8.52%,,,,,,,,,,,,
,,,,,,,,,,,,,,,,,,2019,3/25/2019,$                                                       107.11,,,,,,,,,,3.00%,$             107.11,3.21,147.46,97.73,119.41,19%,38%,2.18%,3.28%,4.69%,160.86%,163.86%,3.21,2.69%,-10.66%,,,,,,,,,,,,
,,,,,,,,,,,,,,,,,,2019,3/26/2019,$                                                     108.33,,,,,,,,,,2.96%,$           108.33,3.21,147.46,97.73,119.41,21%,36%,2.18%,3.28%,4.63%,157.92%,160.89%,3.21,2.69%,-9.64%,,,,,,,,,,,,
,,,,,,,,,,,,,,,,,,2019,3/27/2019,$                                                     105.97,,,,,,,,,,3.03%,$           105.97,3.21,147.46,97.73,119.41,17%,39%,2.18%,3.28%,4.74%,163.67%,166.70%,3.21,2.69%,-11.61%,,,,,,,,,,,,
,,,,,,,,,,,,,,,,,,2019,3/28/2019,$                                                      104.91,,,,,,,,,,3.06%,$            104.91,3.21,147.46,97.73,119.41,14%,41%,2.18%,3.28%,4.79%,166.33%,169.39%,3.21,2.69%,-12.49%,,,,,,,,,,,,
,,,,,,,,,,,,,,,,,,2019,3/29/2019,$                                                     106.07,,,,,,,,,,3.03%,$           106.07,3.21,147.46,97.73,119.41,17%,39%,2.18%,3.28%,4.73%,163.42%,166.45%,3.21,2.69%,-11.53%,,,,,,,,,,,,
,,,,,,,,,,,,,,,,,,2019,4/1/2019,$                                                     108.64,,,,,,,,,,2.95%,$           108.64,3.21,147.46,97.73,119.41,22%,36%,2.18%,3.28%,4.62%,157.19%,160.14%,3.21,2.69%,-9.38%,,,,,,,,,,,,
,,,,,,,,,,,,,,,,,,2019,4/2/2019,$                                                      110.28,,,,,,,,,,2.91%,$            110.28,3.21,147.46,97.73,119.41,25%,34%,2.18%,3.28%,4.55%,153.36%,156.27%,3.21,2.69%,-8.02%,,,,,,,,,,,,
,,,,,,,,,,,,,,,,,,2019,4/3/2019,$                                                      112.75,,,,,,,,,,2.85%,$            112.75,3.21,147.46,97.73,119.41,30%,31%,2.18%,3.28%,4.45%,147.81%,150.66%,3.21,2.69%,-5.96%,,,,,,,,,,,,
,,,,,,,,,,,,,,,,,,2019,4/4/2019,$                                                      113.24,,,,,,,,,,2.83%,$            113.24,3.21,147.46,97.73,119.41,31%,30%,2.18%,3.28%,4.43%,146.74%,149.58%,3.21,2.69%,-5.55%,,,,,,,,,,,,
,,,,,,,,,,,,,,,,,,2019,4/5/2019,$                                                      113.63,,,,,,,,,,2.82%,$            113.63,3.21,147.46,97.73,119.41,32%,30%,2.18%,3.28%,4.42%,145.89%,148.72%,3.21,2.69%,-5.22%,,,,,,,,,,,,
,,,,,,,,,,,,,,,,,,2019,4/8/2019,$                                                      115.22,,,,,,,,,,2.79%,$            115.22,3.21,147.46,97.73,119.41,35%,28%,2.18%,3.28%,4.36%,142.50%,145.29%,3.21,2.69%,-3.90%,,,,,,,,,,,,
,,,,,,,,,,,,,,,,,,2019,4/9/2019,$                                                      113.94,,,,,,,,,,2.82%,$            113.94,3.21,147.46,97.73,119.41,33%,29%,2.18%,3.28%,4.41%,145.23%,148.04%,3.21,2.69%,-4.96%,,,,,,,,,,,,
,,,,,,,,,,,,,,,,,,2019,4/10/2019,$                                                      114.92,,,,,,,,,,2.79%,$            114.92,3.21,147.46,97.73,119.41,35%,28%,2.18%,3.28%,4.37%,143.13%,145.93%,3.21,2.69%,-4.15%,,,,,,,,,,,,
,,,,,,,,,,,,,,,,,,2019,4/11/2019,$                                                      114.88,,,,,,,,,,2.79%,$            114.88,3.21,147.46,97.73,119.41,34%,28%,2.18%,3.28%,4.37%,143.22%,146.01%,3.21,2.69%,-4.18%,,,,,,,,,,,,
,,,,,,,,,,,,,,,,,,2019,4/12/2019,$                                                      116.76,,,,,,,,,,2.75%,$            116.76,3.21,147.46,97.73,119.41,38%,26%,2.18%,3.28%,4.30%,139.30%,142.05%,3.21,2.69%,-2.61%,,,,,,,,,,,,
,,,,,,,,,,,,,,,,,,2019,4/15/2019,$                                                      115.09,,,,,,,,,,2.79%,$            115.09,3.21,147.46,97.73,119.41,35%,28%,2.18%,3.28%,4.36%,142.78%,145.56%,3.21,2.69%,-4.00%,,,,,,,,,,,,
,,,,,,,,,,,,,,,,,,2019,4/16/2019,$                                                      116.37,,,,,,,,,,2.76%,$            116.37,3.21,147.46,97.73,119.41,37%,27%,2.18%,3.28%,4.31%,140.10%,142.86%,3.21,2.69%,-2.94%,,,,,,,,,,,,
,,,,,,,,,,,,,,,,,,2019,4/17/2019,$                                                      115.60,,,,,,,,,,2.78%,$            115.60,3.21,147.46,97.73,119.41,36%,28%,2.18%,3.28%,4.34%,141.70%,144.48%,3.21,2.69%,-3.58%,,,,,,,,,,,,
,,,,,,,,,,,,,,,,,,2019,4/18/2019,$                                                       115.51,,,,,,,,,,2.78%,$             115.51,3.21,147.46,97.73,119.41,36%,28%,2.18%,3.28%,4.35%,141.89%,144.67%,3.21,2.69%,-3.65%,,,,,,,,,,,,
,,,,,,,,,,,,,,,,,,2019,4/22/2019,$                                                      114.95,,,,,,,,,,2.79%,$            114.95,3.21,147.46,97.73,119.41,35%,28%,2.18%,3.28%,4.37%,143.07%,145.86%,3.21,2.69%,-4.12%,,,,,,,,,,,,
,,,,,,,,,,,,,,,,,,2019,4/23/2019,$                                                      116.38,,,,,,,,,,2.76%,$            116.38,3.21,147.46,97.73,119.41,37%,27%,2.18%,3.28%,4.31%,140.08%,142.84%,3.21,2.69%,-2.93%,,,,,,,,,,,,
,,,,,,,,,,,,,,,,,,2019,4/24/2019,$                                                      118.43,,,,,,,,,,2.71%,$            118.43,3.21,147.46,97.73,119.41,42%,25%,2.18%,3.28%,4.24%,135.93%,138.64%,3.21,2.69%,-1.22%,,,,,,,,,,,,
,,,,,,,,,,,,,,,,,,2019,4/25/2019,$                                                       117.17,,,,,,,,,,2.74%,$             117.17,3.21,147.46,97.73,119.41,39%,26%,2.18%,3.28%,4.28%,138.47%,141.21%,3.21,2.69%,-2.27%,,,,,,,,,,,,
,,,,,,,,,,,,,,,,,,2019,4/26/2019,$                                                       117.21,,,,,,,,,,2.74%,$             117.21,3.21,147.46,97.73,119.41,39%,26%,2.18%,3.28%,4.28%,138.38%,141.12%,3.21,2.69%,-2.24%,,,,,,,,,,,,
,,,,,,,,,,,,,,,,,,2019,4/29/2019,$                                                      116.70,,,,,,,,,,2.75%,$            116.70,3.21,147.46,97.73,119.41,38%,26%,2.18%,3.28%,4.30%,139.43%,142.18%,3.21,2.69%,-2.66%,,,,,,,,,,,,
,,,,,,,,,,,,,,,,,,2019,4/30/2019,$                                                      117.83,,,,,,,,,,2.72%,$            117.83,3.21,147.46,97.73,119.41,40%,25%,2.18%,3.28%,4.26%,137.13%,139.85%,3.21,2.69%,-1.72%,,,,,,,,,,,,
,,,,,,,,,,,,,,,,,,2019,5/1/2019,$                                                      116.29,,,,,,,,,,2.76%,$            116.29,3.21,147.46,97.73,119.41,37%,27%,2.18%,3.28%,4.32%,140.27%,143.03%,3.21,2.69%,-3.00%,,,,,,,,,,,,
,,,,,,,,,,,,,,,,,,2019,5/2/2019,$                                                      117.46,,,,,,,,,,2.73%,$            117.46,3.21,147.46,97.73,119.41,40%,26%,2.18%,3.28%,4.27%,137.88%,140.61%,3.21,2.69%,-2.03%,,,,,,,,,,,,
,,,,,,,,,,,,,,,,,,2019,5/3/2019,$                                                      117.47,,,,,,,,,,2.73%,$            117.47,3.21,147.46,97.73,119.41,40%,26%,2.18%,3.28%,4.27%,137.86%,140.59%,3.21,2.69%,-2.02%,,,,,,,,,,,,
,,,,,,,,,,,,,,,,,,2019,5/6/2019,$                                                      115.86,,,,,,,,,,2.77%,$            115.86,3.21,147.46,97.73,119.41,36%,27%,2.18%,3.28%,4.33%,141.16%,143.93%,3.21,2.69%,-3.36%,,,,,,,,,,,,
,,,,,,,,,,,,,,,,,,2019,5/7/2019,$                                                      113.93,,,,,,,,,,2.82%,$            113.93,3.21,147.46,97.73,119.41,33%,29%,2.18%,3.28%,4.41%,145.25%,148.06%,3.21,2.69%,-4.97%,,,,,,,,,,,,
,,,,,,,,,,,,,,,,,,2019,5/8/2019,$                                                      112.56,,,,,,,,,,2.85%,$            112.56,3.21,147.46,97.73,119.41,30%,31%,2.18%,3.28%,4.46%,148.23%,151.08%,3.21,2.69%,-6.11%,,,,,,,,,,,,
,,,,,,,,,,,,,,,,,,2019,5/9/2019,$                                                       112.15,,,,,,,,,,2.86%,$             112.15,3.21,147.46,97.73,119.41,29%,31%,2.18%,3.28%,4.48%,149.14%,152.00%,3.21,2.69%,-6.46%,,,,,,,,,,,,
,,,,,,,,,,,,,,,,,,2019,5/10/2019,$                                                      112.60,,,,,,,,,,2.85%,$            112.60,3.21,147.46,97.73,119.41,30%,31%,2.18%,3.28%,4.46%,148.14%,150.99%,3.21,2.69%,-6.08%,,,,,,,,,,,,
,,,,,,,,,,,,,,,,,,2019,5/13/2019,$                                                       107.11,,,,,,,,,,3.00%,$             107.11,3.21,147.46,97.73,119.41,19%,38%,2.18%,3.28%,4.69%,160.86%,163.86%,3.21,2.69%,-10.66%,,,,,,,,,,,,
,,,,,,,,,,,,,,,,,,2019,5/14/2019,$                                                     109.04,,,,,,,,,,2.94%,$           109.04,3.21,147.46,97.73,119.41,23%,35%,2.18%,3.28%,4.60%,156.25%,159.19%,3.21,2.69%,-9.05%,,,,,,,,,,,,
,,,,,,,,,,,,,,,,,,2019,5/15/2019,$                                                      110.29,,,,,,,,,,2.91%,$            110.29,3.21,147.46,97.73,119.41,25%,34%,2.18%,3.28%,4.55%,153.34%,156.25%,3.21,2.69%,-8.01%,,,,,,,,,,,,
,,,,,,,,,,,,,,,,,,2019,5/16/2019,$                                                      109.21,,,,,,,,,,2.94%,$            109.21,3.21,147.46,97.73,119.41,23%,35%,2.18%,3.28%,4.60%,155.85%,158.79%,3.21,2.69%,-8.91%,,,,,,,,,,,,
,,,,,,,,,,,,,,,,,,2019,5/17/2019,$                                                     106.79,,,,,,,,,,3.01%,$           106.79,3.21,147.46,97.73,119.41,18%,38%,2.18%,3.28%,4.70%,161.64%,164.65%,3.21,2.69%,-10.93%,,,,,,,,,,,,
,,,,,,,,,,,,,,,,,,2019,5/20/2019,$                                                     104.73,,,,,,,,,,3.07%,$           104.73,3.21,147.46,97.73,119.41,14%,41%,2.18%,3.28%,4.79%,166.79%,169.86%,3.21,2.69%,-12.64%,,,,,,,,,,,,
,,,,,,,,,,,,,,,,,,2019,5/21/2019,$                                                     107.00,,,,,,,,,,3.00%,$           107.00,3.21,147.46,97.73,119.41,19%,38%,2.18%,3.28%,4.69%,161.13%,164.13%,3.21,2.69%,-10.75%,,,,,,,,,,,,
,,,,,,,,,,,,,,,,,,2019,5/22/2019,$                                                     106.78,,,,,,,,,,3.01%,$           106.78,3.21,147.46,97.73,119.41,18%,38%,2.18%,3.28%,4.70%,161.67%,164.68%,3.21,2.69%,-10.94%,,,,,,,,,,,,
,,,,,,,,,,,,,,,,,,2019,5/23/2019,$                                                     105.83,,,,,,,,,,3.03%,$           105.83,3.21,147.46,97.73,119.41,16%,39%,2.18%,3.28%,4.74%,164.02%,167.05%,3.21,2.69%,-11.73%,,,,,,,,,,,,
,,,,,,,,,,,,,,,,,,2019,5/24/2019,$                                                     105.06,,,,,,,,,,3.06%,$           105.06,3.21,147.46,97.73,119.41,15%,40%,2.18%,3.28%,4.78%,165.95%,169.01%,3.21,2.69%,-12.37%,,,,,,,,,,,,
,,,,,,,,,,,,,,,,,,2019,5/28/2019,$                                                      103.21,,,,,,,,,,3.11%,$            103.21,3.21,147.46,97.73,119.41,11%,43%,2.18%,3.28%,4.86%,170.72%,173.83%,3.21,2.69%,-13.91%,,,,,,,,,,,,
,,,,,,,,,,,,,,,,,,2019,5/29/2019,$                                                      104.15,,,,,,,,,,3.08%,$            104.15,3.21,147.46,97.73,119.41,13%,42%,2.18%,3.28%,4.82%,168.28%,171.36%,3.21,2.69%,-13.13%,,,,,,,,,,,,
,,,,,,,,,,,,,,,,,,2019,5/30/2019,$                                                     105.44,,,,,,,,,,3.04%,$           105.44,3.21,147.46,97.73,119.41,15%,40%,2.18%,3.28%,4.76%,164.99%,168.04%,3.21,2.69%,-12.05%,,,,,,,,,,,,
,,,,,,,,,,,,,,,,,,2019,5/31/2019,$                                                      104.31,,,,,,,,,,3.08%,$            104.31,3.21,147.46,97.73,119.41,13%,41%,2.18%,3.28%,4.81%,167.87%,170.94%,3.21,2.69%,-13.00%,,,,,,,,,,,,
,,,,,,,,,,,,,,,,,,2019,6/3/2019,$                                                      105.17,,,,,,,,,,3.05%,$            105.17,3.21,147.46,97.73,119.41,15%,40%,2.18%,3.28%,4.77%,165.67%,168.73%,3.21,2.69%,-12.28%,,,,,,,,,,,,
,,,,,,,,,,,,,,,,,,2019,6/4/2019,$                                                      109.12,,,,,,,,,,2.94%,$            109.12,3.21,147.46,97.73,119.41,23%,35%,2.18%,3.28%,4.60%,156.06%,159.00%,3.21,2.69%,-8.98%,,,,,,,,,,,,
,,,,,,,,,,,,,,,,,,2019,6/5/2019,$                                                     109.48,,,,,,,,,,2.93%,$           109.48,3.21,147.46,97.73,119.41,24%,35%,2.18%,3.28%,4.59%,155.22%,158.15%,3.21,2.69%,-8.68%,,,,,,,,,,,,
,,,,,,,,,,,,,,,,,,2019,6/6/2019,$                                                       110.19,,,,,,,,,,2.91%,$             110.19,3.21,147.46,97.73,119.41,25%,34%,2.18%,3.28%,4.56%,153.57%,156.48%,3.21,2.69%,-8.09%,,,,,,,,,,,,
,,,,,,,,,,,,,,,,,,2019,6/7/2019,$                                                        111.17,,,,,,,,,,2.89%,$              111.17,3.21,147.46,97.73,119.41,27%,33%,2.18%,3.28%,4.52%,151.34%,154.22%,3.21,2.69%,-7.27%,,,,,,,,,,,,
,,,,,,,,,,,,,,,,,,2019,6/10/2019,$                                                      112.63,,,,,,,,,,2.85%,$            112.63,3.21,147.46,97.73,119.41,30%,31%,2.18%,3.28%,4.46%,148.08%,150.93%,3.21,2.69%,-6.06%,,,,,,,,,,,,
,,,,,,,,,,,,,,,,,,2019,6/11/2019,$                                                      112.93,,,,,,,,,,2.84%,$            112.93,3.21,147.46,97.73,119.41,31%,31%,2.18%,3.28%,4.45%,147.42%,150.26%,3.21,2.69%,-5.81%,,,,,,,,,,,,
,,,,,,,,,,,,,,,,,,2019,6/12/2019,$                                                      110.34,,,,,,,,,,2.91%,$            110.34,3.21,147.46,97.73,119.41,25%,34%,2.18%,3.28%,4.55%,153.23%,156.14%,3.21,2.69%,-7.97%,,,,,,,,,,,,
,,,,,,,,,,,,,,,,,,2019,6/13/2019,$                                                        111.18,,,,,,,,,,2.89%,$              111.18,3.21,147.46,97.73,119.41,27%,33%,2.18%,3.28%,4.52%,151.31%,154.20%,3.21,2.69%,-7.26%,,,,,,,,,,,,
,,,,,,,,,,,,,,,,,,2019,6/14/2019,$                                                      107.31,,,,,,,,,,2.99%,$            107.31,3.21,147.46,97.73,119.41,19%,37%,2.18%,3.28%,4.68%,160.38%,163.37%,3.21,2.69%,-10.49%,,,,,,,,,,,,
,,,,,,,,,,,,,,,,,,2019,6/17/2019,$                                                     106.72,,,,,,,,,,3.01%,$           106.72,3.21,147.46,97.73,119.41,18%,38%,2.18%,3.28%,4.70%,161.82%,164.82%,3.21,2.69%,-10.99%,,,,,,,,,,,,
,,,,,,,,,,,,,,,,,,2019,6/18/2019,$                                                       111.04,,,,,,,,,,2.89%,$             111.04,3.21,147.46,97.73,119.41,27%,33%,2.18%,3.28%,4.52%,151.63%,154.52%,3.21,2.69%,-7.38%,,,,,,,,,,,,
,,,,,,,,,,,,,,,,,,2019,6/19/2019,$                                                       111.30,,,,,,,,,,2.88%,$             111.30,3.21,147.46,97.73,119.41,27%,32%,2.18%,3.28%,4.51%,151.04%,153.93%,3.21,2.69%,-7.16%,,,,,,,,,,,,
,,,,,,,,,,,,,,,,,,2019,6/20/2019,$                                                       112.71,,,,,,,,,,2.85%,$             112.71,3.21,147.46,97.73,119.41,30%,31%,2.18%,3.28%,4.45%,147.90%,150.75%,3.21,2.69%,-5.99%,,,,,,,,,,,,
,,,,,,,,,,,,,,,,,,2019,6/21/2019,$                                                      112.32,,,,,,,,,,2.86%,$            112.32,3.21,147.46,97.73,119.41,29%,31%,2.18%,3.28%,4.47%,148.76%,151.62%,3.21,2.69%,-6.31%,,,,,,,,,,,,
,,,,,,,,,,,,,,,,,,2019,6/24/2019,$                                                      112.73,,,,,,,,,,2.85%,$            112.73,3.21,147.46,97.73,119.41,30%,31%,2.18%,3.28%,4.45%,147.86%,150.71%,3.21,2.69%,-5.97%,,,,,,,,,,,,
,,,,,,,,,,,,,,,,,,2019,6/25/2019,$                                                       111.48,,,,,,,,,,2.88%,$             111.48,3.21,147.46,97.73,119.41,28%,32%,2.18%,3.28%,4.50%,150.64%,153.52%,3.21,2.69%,-7.01%,,,,,,,,,,,,
,,,,,,,,,,,,,,,,,,2019,6/26/2019,$                                                      114.43,,,,,,,,,,2.81%,$            114.43,3.21,147.46,97.73,119.41,34%,29%,2.18%,3.28%,4.39%,144.18%,146.98%,3.21,2.69%,-4.55%,,,,,,,,,,,,
,,,,,,,,,,,,,,,,,,2019,6/27/2019,$                                                      115.86,,,,,,,,,,2.77%,$            115.86,3.21,147.46,97.73,119.41,36%,27%,2.18%,3.28%,4.33%,141.16%,143.93%,3.21,2.69%,-3.36%,,,,,,,,,,,,
,,,,,,,,,,,,,,,,,,2019,6/28/2019,$                                                      114.76,,,,,,,,,,2.80%,$            114.76,3.21,147.46,97.73,119.41,34%,28%,2.18%,3.28%,4.37%,143.47%,146.27%,3.21,2.69%,-4.28%,,,,,,,,,,,,
,,,,,,,,,,,,,,,,,,2019,7/1/2019,$                                                       117.19,,,,,,,,,,2.74%,$             117.19,3.21,147.46,97.73,119.41,39%,26%,2.18%,3.28%,4.28%,138.42%,141.16%,3.21,2.69%,-2.25%,,,,,,,,,,,,
,,,,,,,,,,,,,,,,,,2019,7/2/2019,$                                                      116.06,,,,,,,,,,2.77%,$            116.06,3.21,147.46,97.73,119.41,37%,27%,2.18%,3.28%,4.33%,140.75%,143.51%,3.21,2.69%,-3.19%,,,,,,,,,,,,
,,,,,,,,,,,,,,,,,,2019,7/3/2019,$                                                      115.94,,,,,,,,,,2.77%,$            115.94,3.21,147.46,97.73,119.41,37%,27%,2.18%,3.28%,4.33%,141.00%,143.76%,3.21,2.69%,-3.29%,,,,,,,,,,,,
,,,,,,,,,,,,,,,,,,2019,7/5/2019,$                                                      115.75,,,,,,,,,,2.77%,$            115.75,3.21,147.46,97.73,119.41,36%,27%,2.18%,3.28%,4.34%,141.39%,144.16%,3.21,2.69%,-3.45%,,,,,,,,,,,,
,,,,,,,,,,,,,,,,,,2019,7/8/2019,$                                                      114.93,,,,,,,,,,2.79%,$            114.93,3.21,147.46,97.73,119.41,35%,28%,2.18%,3.28%,4.37%,143.11%,145.91%,3.21,2.69%,-4.14%,,,,,,,,,,,,
,,,,,,,,,,,,,,,,,,2019,7/9/2019,$                                                      115.78,,,,,,,,,,2.77%,$            115.78,3.21,147.46,97.73,119.41,36%,27%,2.18%,3.28%,4.34%,141.33%,144.10%,3.21,2.69%,-3.43%,,,,,,,,,,,,
,,,,,,,,,,,,,,,,,,2019,7/10/2019,$                                                      116.64,,,,,,,,,,2.75%,$            116.64,3.21,147.46,97.73,119.41,38%,26%,2.18%,3.28%,4.30%,139.55%,142.30%,3.21,2.69%,-2.71%,,,,,,,,,,,,
,,,,,,,,,,,,,,,,,,2019,7/11/2019,$                                                      116.72,,,,,,,,,,2.75%,$            116.72,3.21,147.46,97.73,119.41,38%,26%,2.18%,3.28%,4.30%,139.38%,142.14%,3.21,2.69%,-2.64%,,,,,,,,,,,,
,,,,,,,,,,,,,,,,,,2019,7/12/2019,$                                                      118.32,,,,,,,,,,2.71%,$            118.32,3.21,147.46,97.73,119.41,41%,25%,2.18%,3.28%,4.24%,136.15%,138.86%,3.21,2.69%,-1.31%,,,,,,,,,,,,
,,,,,,,,,,,,,,,,,,2019,7/15/2019,$                                                      119.84,,,,,,,,,,2.68%,$            119.84,3.21,147.46,97.73,119.41,44%,23%,2.18%,3.28%,4.19%,133.15%,135.83%,3.21,2.69%,-0.04%,,,,,,,,,,,,
,,,,,,,,,,,,,,,,,,2019,7/16/2019,$                                                      118.68,,,,,,,,,,2.70%,$            118.68,3.21,147.46,97.73,119.41,42%,24%,2.18%,3.28%,4.23%,135.43%,138.14%,3.21,2.69%,-1.01%,,,,,,,,,,,,
,,,,,,,,,,,,,,,,,,2019,7/17/2019,$                                                       117.18,,,,,,,,,,2.74%,$             117.18,3.21,147.46,97.73,119.41,39%,26%,2.18%,3.28%,4.28%,138.45%,141.18%,3.21,2.69%,-2.26%,,,,,,,,,,,,
,,,,,,,,,,,,,,,,,,2019,7/18/2019,$                                                      118.57,,,,,,,,,,2.71%,$            118.57,3.21,147.46,97.73,119.41,42%,24%,2.18%,3.28%,4.23%,135.65%,138.36%,3.21,2.69%,-1.10%,,,,,,,,,,,,
,,,,,,,,,,,,,,,,,,2019,7/19/2019,$                                                      117.26,,,,,,,,,,2.74%,$            117.26,3.21,147.46,97.73,119.41,39%,26%,2.18%,3.28%,4.28%,138.28%,141.02%,3.21,2.69%,-2.19%,,,,,,,,,,,,
,,,,,,,,,,,,,,,,,,2019,7/22/2019,$                                                       118.18,,,,,,,,,,2.72%,$             118.18,3.21,147.46,97.73,119.41,41%,25%,2.18%,3.28%,4.25%,136.43%,139.14%,3.21,2.69%,-1.43%,,,,,,,,,,,,
,,,,,,,,,,,,,,,,,,2019,7/23/2019,$                                                     120.07,,,,,,,,,,2.67%,$           120.07,3.21,147.46,97.73,119.41,45%,23%,2.18%,3.28%,4.18%,132.71%,135.38%,3.21,2.69%,0.00%,,,,,,,,,,,,
,,,,,,,,,,,,,,,,,,2019,7/24/2019,$                                                     129.00,,,,,,,,,,2.49%,$           129.00,3.21,147.46,97.73,119.41,63%,14%,2.18%,3.28%,3.89%,116.60%,119.09%,3.21,2.69%,0.00%,,,,,,,,,,,,
,,,,,,,,,,,,,,,,,,2019,7/25/2019,$                                                     127.35,,,,,,,,,,2.52%,$           127.35,3.21,147.46,97.73,119.41,60%,16%,2.18%,3.28%,3.94%,119.40%,121.92%,3.21,2.69%,-1.28%,,,,,,,,,,,,
,,,,,,,,,,,,,,,,,,2019,7/26/2019,$                                                      128.16,,,,,,,,,,2.50%,$            128.16,3.21,147.46,97.73,119.41,61%,15%,2.18%,3.28%,3.92%,118.02%,120.52%,3.21,2.69%,-0.65%,,,,,,,,,,,,
,,,,,,,,,,,,,,,,,,2019,7/29/2019,$                                                     129.97,,,,,,,,,,2.47%,$           129.97,3.21,147.46,97.73,119.41,65%,13%,2.18%,3.28%,3.86%,114.98%,117.45%,3.21,2.69%,0.00%,,,,,,,,,,,,
,,,,,,,,,,,,,,,,,,2019,7/30/2019,$                                                     128.54,,,,,,,,,,2.50%,$           128.54,3.21,147.46,97.73,119.41,62%,15%,2.18%,3.28%,3.91%,117.37%,119.87%,3.21,2.69%,-1.10%,,,,,,,,,,,,
,,,,,,,,,,,,,,,,,,2019,7/31/2019,$                                                      125.01,,,,,,,,,,2.57%,$            125.01,3.21,147.46,97.73,119.41,55%,18%,2.18%,3.28%,4.02%,123.51%,126.08%,3.21,2.69%,-3.82%,,,,,,,,,,,,
,,,,,,,,,,,,,,,,,,2019,8/1/2019,$                                                     123.45,,,,,,,,,,2.60%,$           123.45,3.21,147.46,97.73,119.41,52%,19%,2.18%,3.28%,4.07%,126.33%,128.93%,3.21,2.69%,-5.02%,,,,,,,,,,,,
,,,,,,,,,,,,,,,,,,2019,8/2/2019,$                                                      121.82,,,,,,,,,,2.64%,$            121.82,3.21,147.46,97.73,119.41,48%,21%,2.18%,3.28%,4.12%,129.36%,132.00%,3.21,2.69%,-6.27%,,,,,,,,,,,,
,,,,,,,,,,,,,,,,,,2019,8/5/2019,$                                                      116.93,,,,,,,,,,2.75%,$            116.93,3.21,147.46,97.73,119.41,39%,26%,2.18%,3.28%,4.29%,138.95%,141.70%,3.21,2.69%,-10.03%,,,,,,,,,,,,
,,,,,,,,,,,,,,,,,,2019,8/6/2019,$                                                      119.00,,,,,,,,,,2.70%,$            119.00,3.21,147.46,97.73,119.41,43%,24%,2.18%,3.28%,4.22%,134.80%,137.50%,3.21,2.69%,-8.44%,,,,,,,,,,,,
,,,,,,,,,,,,,,,,,,2019,8/7/2019,$                                                     120.72,,,,,,,,,,2.66%,$           120.72,3.21,147.46,97.73,119.41,46%,22%,2.18%,3.28%,4.16%,131.45%,134.11%,3.21,2.69%,-7.12%,,,,,,,,,,,,
,,,,,,,,,,,,,,,,,,2019,8/8/2019,$                                                      124.31,,,,,,,,,,2.58%,$            124.31,3.21,147.46,97.73,119.41,53%,19%,2.18%,3.28%,4.04%,124.77%,127.35%,3.21,2.69%,-4.35%,,,,,,,,,,,,
,,,,,,,,,,,,,,,,,,2019,8/9/2019,$                                                      120.61,,,,,,,,,,2.66%,$            120.61,3.21,147.46,97.73,119.41,46%,22%,2.18%,3.28%,4.16%,131.66%,134.33%,3.21,2.69%,-7.20%,,,,,,,,,,,,
,,,,,,,,,,,,,,,,,,2019,8/12/2019,$                                                     120.08,,,,,,,,,,2.67%,$           120.08,3.21,147.46,97.73,119.41,45%,23%,2.18%,3.28%,4.18%,132.69%,135.36%,3.21,2.69%,-7.61%,,,,,,,,,,,,
,,,,,,,,,,,,,,,,,,2019,8/13/2019,$                                                     123.34,,,,,,,,,,2.60%,$           123.34,3.21,147.46,97.73,119.41,51%,20%,2.18%,3.28%,4.07%,126.54%,129.14%,3.21,2.69%,-5.10%,,,,,,,,,,,,
,,,,,,,,,,,,,,,,,,2019,8/14/2019,$                                                     120.60,,,,,,,,,,2.66%,$           120.60,3.21,147.46,97.73,119.41,46%,22%,2.18%,3.28%,4.16%,131.68%,134.34%,3.21,2.69%,-7.21%,,,,,,,,,,,,
,,,,,,,,,,,,,,,,,,2019,8/15/2019,$                                                      119.85,,,,,,,,,,2.68%,$            119.85,3.21,147.46,97.73,119.41,44%,23%,2.18%,3.28%,4.19%,133.13%,135.81%,3.21,2.69%,-7.79%,,,,,,,,,,,,
,,,,,,,,,,,,,,,,,,2019,8/16/2019,$                                                     122.82,,,,,,,,,,2.61%,$           122.82,3.21,147.46,97.73,119.41,50%,20%,2.18%,3.28%,4.09%,127.50%,130.11%,3.21,2.69%,-5.50%,,,,,,,,,,,,
,,,,,,,,,,,,,,,,,,2019,8/19/2019,$                                                     124.60,,,,,,,,,,2.58%,$           124.60,3.21,147.46,97.73,119.41,54%,18%,2.18%,3.28%,4.03%,124.25%,126.82%,3.21,2.69%,-4.13%,,,,,,,,,,,,
,,,,,,,,,,,,,,,,,,2019,8/20/2019,$                                                      124.31,,,,,,,,,,2.58%,$            124.31,3.21,147.46,97.73,119.41,53%,19%,2.18%,3.28%,4.04%,124.77%,127.35%,3.21,2.69%,-4.35%,,,,,,,,,,,,
,,,,,,,,,,,,,,,,,,2019,8/21/2019,$                                                     126.04,,,,,,,,,,2.55%,$           126.04,3.21,147.46,97.73,119.41,57%,17%,2.18%,3.28%,3.98%,121.68%,124.23%,3.21,2.69%,-3.02%,,,,,,,,,,,,
,,,,,,,,,,,,,,,,,,2019,8/22/2019,$                                                      125.21,,,,,,,,,,2.56%,$            125.21,3.21,147.46,97.73,119.41,55%,18%,2.18%,3.28%,4.01%,123.15%,125.72%,3.21,2.69%,-3.66%,,,,,,,,,,,,
,,,,,,,,,,,,,,,,,,2019,8/23/2019,$                                                     120.29,,,,,,,,,,2.67%,$           120.29,3.21,147.46,97.73,119.41,45%,23%,2.18%,3.28%,4.17%,132.28%,134.95%,3.21,2.69%,-7.45%,,,,,,,,,,,,
,,,,,,,,,,,,,,,,,,2019,8/26/2019,$                                                      121.67,,,,,,,,,,2.64%,$            121.67,3.21,147.46,97.73,119.41,48%,21%,2.18%,3.28%,4.13%,129.65%,132.28%,3.21,2.69%,-6.39%,,,,,,,,,,,,
,,,,,,,,,,,,,,,,,,2019,8/27/2019,$                                                      122.18,,,,,,,,,,2.63%,$            122.18,3.21,147.46,97.73,119.41,49%,21%,2.18%,3.28%,4.11%,128.69%,131.31%,3.21,2.69%,-5.99%,,,,,,,,,,,,
,,,,,,,,,,,,,,,,,,2019,8/28/2019,$                                                     122.74,,,,,,,,,,2.62%,$           122.74,3.21,147.46,97.73,119.41,50%,20%,2.18%,3.28%,4.09%,127.64%,130.26%,3.21,2.69%,-5.56%,,,,,,,,,,,,
,,,,,,,,,,,,,,,,,,2019,8/29/2019,$                                                     123.57,,,,,,,,,,2.60%,$           123.57,3.21,147.46,97.73,119.41,52%,19%,2.18%,3.28%,4.06%,126.11%,128.71%,3.21,2.69%,-4.92%,,,,,,,,,,,,
,,,,,,,,,,,,,,,,,,2019,8/30/2019,$                                                     123.75,,,,,,,,,,2.59%,$           123.75,3.21,147.46,97.73,119.41,52%,19%,2.18%,3.28%,4.06%,125.79%,128.38%,3.21,2.69%,-4.79%,,,,,,,,,,,,
,,,,,,,,,,,,,,,,,,2019,9/3/2019,$                                                      121.74,,,,,,,,,,2.64%,$            121.74,3.21,147.46,97.73,119.41,48%,21%,2.18%,3.28%,4.12%,129.51%,132.15%,3.21,2.69%,-6.33%,,,,,,,,,,,,
,,,,,,,,,,,,,,,,,,2019,9/4/2019,$                                                     124.59,,,,,,,,,,2.58%,$           124.59,3.21,147.46,97.73,119.41,54%,18%,2.18%,3.28%,4.03%,124.26%,126.84%,3.21,2.69%,-4.14%,,,,,,,,,,,,
,,,,,,,,,,,,,,,,,,2019,9/5/2019,$                                                      126.81,,,,,,,,,,2.53%,$            126.81,3.21,147.46,97.73,119.41,58%,16%,2.18%,3.28%,3.96%,120.34%,122.87%,3.21,2.69%,-2.43%,,,,,,,,,,,,
,,,,,,,,,,,,,,,,,,2019,9/6/2019,$                                                     127.09,,,,,,,,,,2.53%,$           127.09,3.21,147.46,97.73,119.41,59%,16%,2.18%,3.28%,3.95%,119.85%,122.38%,3.21,2.69%,-2.22%,,,,,,,,,,,,
,,,,,,,,,,,,,,,,,,2019,9/9/2019,$                                                      127.10,,,,,,,,,,2.53%,$            127.10,3.21,147.46,97.73,119.41,59%,16%,2.18%,3.28%,3.95%,119.83%,122.36%,3.21,2.69%,-2.21%,,,,,,,,,,,,
,,,,,,,,,,,,,,,,,,2019,9/10/2019,$                                                     127.04,,,,,,,,,,2.53%,$           127.04,3.21,147.46,97.73,119.41,59%,16%,2.18%,3.28%,3.95%,119.94%,122.47%,3.21,2.69%,-2.25%,,,,,,,,,,,,
,,,,,,,,,,,,,,,,,,2019,9/11/2019,$                                                     128.58,,,,,,,,,,2.50%,$           128.58,3.21,147.46,97.73,119.41,62%,15%,2.18%,3.28%,3.90%,117.30%,119.80%,3.21,2.69%,-1.07%,,,,,,,,,,,,
,,,,,,,,,,,,,,,,,,2019,9/12/2019,$                                                     130.22,,,,,,,,,,2.47%,$           130.22,3.21,147.46,97.73,119.41,65%,13%,2.18%,3.28%,3.86%,114.57%,117.03%,3.21,2.69%,0.00%,,,,,,,,,,,,
,,,,,,,,,,,,,,,,,,2019,9/13/2019,$                                                      129.61,,,,,,,,,,2.48%,$            129.61,3.21,147.46,97.73,119.41,64%,14%,2.18%,3.28%,3.87%,115.58%,118.05%,3.21,2.69%,-0.47%,,,,,,,,,,,,
,,,,,,,,,,,,,,,,,,2019,9/16/2019,$                                                     128.36,,,,,,,,,,2.50%,$           128.36,3.21,147.46,97.73,119.41,62%,15%,2.18%,3.28%,3.91%,117.68%,120.18%,3.21,2.69%,-1.43%,,,,,,,,,,,,
,,,,,,,,,,,,,,,,,,2019,9/17/2019,$                                                     129.56,,,,,,,,,,2.48%,$           129.56,3.21,147.46,97.73,119.41,64%,14%,2.18%,3.28%,3.87%,115.66%,118.14%,3.21,2.69%,-0.51%,,,,,,,,,,,,
,,,,,,,,,,,,,,,,,,2019,9/18/2019,$                                                      129.31,,,,,,,,,,2.48%,$            129.31,3.21,147.46,97.73,119.41,63%,14%,2.18%,3.28%,3.88%,116.08%,118.56%,3.21,2.69%,-0.70%,,,,,,,,,,,,
,,,,,,,,,,,,,,,,,,2019,9/19/2019,$                                                     128.83,,,,,,,,,,2.49%,$           128.83,3.21,147.46,97.73,119.41,63%,14%,2.18%,3.28%,3.90%,116.88%,119.37%,3.21,2.69%,-1.07%,,,,,,,,,,,,
,,,,,,,,,,,,,,,,,,2019,9/20/2019,$                                                     126.67,,,,,,,,,,2.53%,$           126.67,3.21,147.46,97.73,119.41,58%,16%,2.18%,3.28%,3.96%,120.58%,123.12%,3.21,2.69%,-2.73%,,,,,,,,,,,,
,,,,,,,,,,,,,,,,,,2019,9/23/2019,$                                                     127.77,,,,,,,,,,2.51%,$           127.77,3.21,147.46,97.73,119.41,60%,15%,2.18%,3.28%,3.93%,118.68%,121.19%,3.21,2.69%,-1.88%,,,,,,,,,,,,
,,,,,,,,,,,,,,,,,,2019,9/24/2019,$                                                      125.81,,,,,,,,,,2.55%,$            125.81,3.21,147.46,97.73,119.41,56%,17%,2.18%,3.28%,3.99%,122.09%,124.64%,3.21,2.69%,-3.39%,,,,,,,,,,,,
,,,,,,,,,,,,,,,,,,2019,9/25/2019,$                                                     127.74,,,,,,,,,,2.51%,$           127.74,3.21,147.46,97.73,119.41,60%,15%,2.18%,3.28%,3.93%,118.73%,121.25%,3.21,2.69%,-1.90%,,,,,,,,,,,,
,,,,,,,,,,,,,,,,,,2019,9/26/2019,$                                                       128.11,,,,,,,,,,2.51%,$             128.11,3.21,147.46,97.73,119.41,61%,15%,2.18%,3.28%,3.92%,118.10%,120.61%,3.21,2.69%,-1.62%,,,,,,,,,,,,
,,,,,,,,,,,,,,,,,,2019,9/27/2019,$                                                      127.14,,,,,,,,,,2.52%,$            127.14,3.21,147.46,97.73,119.41,59%,16%,2.18%,3.28%,3.95%,119.77%,122.29%,3.21,2.69%,-2.37%,,,,,,,,,,,,
,,,,,,,,,,,,,,,,,,2019,9/30/2019,$                                                     129.24,,,,,,,,,,2.48%,$           129.24,3.21,147.46,97.73,119.41,63%,14%,2.18%,3.28%,3.88%,116.19%,118.68%,3.21,2.69%,-0.75%,,,,,,,,,,,,
,,,,,,,,,,,,,,,,,,2019,10/1/2019,$                                                     128.59,,,,,,,,,,2.50%,$           128.59,3.21,147.46,97.73,119.41,62%,15%,2.18%,3.28%,3.90%,117.29%,119.78%,3.21,2.69%,-1.25%,,,,,,,,,,,,
,,,,,,,,,,,,,,,,,,2019,10/2/2019,$                                                     126.84,,,,,,,,,,2.53%,$           126.84,3.21,147.46,97.73,119.41,59%,16%,2.18%,3.28%,3.96%,120.29%,122.82%,3.21,2.69%,-2.60%,,,,,,,,,,,,
,,,,,,,,,,,,,,,,,,2019,10/3/2019,$                                                     128.70,,,,,,,,,,2.49%,$           128.70,3.21,147.46,97.73,119.41,62%,15%,2.18%,3.28%,3.90%,117.10%,119.60%,3.21,2.69%,-1.17%,,,,,,,,,,,,
,,,,,,,,,,,,,,,,,,2019,10/4/2019,$                                                      130.14,,,,,,,,,,2.47%,$            130.14,3.21,147.46,97.73,119.41,65%,13%,2.18%,3.28%,3.86%,114.70%,117.17%,3.21,2.69%,-0.06%,,,,,,,,,,,,
,,,,,,,,,,,,,,,,,,2019,10/7/2019,$                                                     128.85,,,,,,,,,,2.49%,$           128.85,3.21,147.46,97.73,119.41,63%,14%,2.18%,3.28%,3.90%,116.85%,119.34%,3.21,2.69%,-1.05%,,,,,,,,,,,,
,,,,,,,,,,,,,,,,,,2019,10/8/2019,$                                                     124.98,,,,,,,,,,2.57%,$           124.98,3.21,147.46,97.73,119.41,55%,18%,2.18%,3.28%,4.02%,123.56%,126.13%,3.21,2.69%,-4.02%,,,,,,,,,,,,
,,,,,,,,,,,,,,,,,,2019,10/9/2019,$                                                     127.44,,,,,,,,,,2.52%,$           127.44,3.21,147.46,97.73,119.41,60%,16%,2.18%,3.28%,3.94%,119.25%,121.77%,3.21,2.69%,-2.13%,,,,,,,,,,,,
,,,,,,,,,,,,,,,,,,2019,10/10/2019,$                                                     127.73,,,,,,,,,,2.51%,$           127.73,3.21,147.46,97.73,119.41,60%,15%,2.18%,3.28%,3.93%,118.75%,121.26%,3.21,2.69%,-1.91%,,,,,,,,,,,,
,,,,,,,,,,,,,,,,,,2019,10/11/2019,$                                                     130.09,,,,,,,,,,2.47%,$           130.09,3.21,147.46,97.73,119.41,65%,13%,2.18%,3.28%,3.86%,114.78%,117.25%,3.21,2.69%,-0.10%,,,,,,,,,,,,
,,,,,,,,,,,,,,,,,,2019,10/14/2019,$                                                     129.75,,,,,,,,,,2.47%,$           129.75,3.21,147.46,97.73,119.41,64%,14%,2.18%,3.28%,3.87%,115.34%,117.82%,3.21,2.69%,-0.36%,,,,,,,,,,,,
,,,,,,,,,,,,,,,,,,2019,10/15/2019,$                                                      131.69,,,,,,,,,,2.44%,$            131.69,3.21,147.46,97.73,119.41,68%,12%,2.18%,3.28%,3.81%,112.17%,114.61%,3.21,2.69%,0.00%,,,,,,,,,,,,
,,,,,,,,,,,,,,,,,,2019,10/16/2019,$                                                     129.50,,,,,,,,,,2.48%,$           129.50,3.21,147.46,97.73,119.41,64%,14%,2.18%,3.28%,3.88%,115.76%,118.24%,3.21,2.69%,-1.66%,,,,,,,,,,,,
,,,,,,,,,,,,,,,,,,2019,10/17/2019,$                                                      130.13,,,,,,,,,,2.47%,$            130.13,3.21,147.46,97.73,119.41,65%,13%,2.18%,3.28%,3.86%,114.72%,117.18%,3.21,2.69%,-1.18%,,,,,,,,,,,,
,,,,,,,,,,,,,,,,,,2019,10/18/2019,$                                                     129.46,,,,,,,,,,2.48%,$           129.46,3.21,147.46,97.73,119.41,64%,14%,2.18%,3.28%,3.88%,115.83%,118.31%,3.21,2.69%,-1.69%,,,,,,,,,,,,
,,,,,,,,,,,,,,,,,,2019,10/21/2019,$                                                     130.93,,,,,,,,,,2.45%,$           130.93,3.21,147.46,97.73,119.41,67%,13%,2.18%,3.28%,3.83%,113.40%,115.86%,3.21,2.69%,-0.58%,,,,,,,,,,,,
,,,,,,,,,,,,,,,,,,2019,10/22/2019,$                                                     128.57,,,,,,,,,,2.50%,$           128.57,3.21,147.46,97.73,119.41,62%,15%,2.18%,3.28%,3.90%,117.32%,119.82%,3.21,2.69%,-2.37%,,,,,,,,,,,,
,,,,,,,,,,,,,,,,,,2019,10/23/2019,$                                                      118.95,,,,,,,,,,2.70%,$            118.95,3.21,147.46,97.73,119.41,43%,24%,2.18%,3.28%,4.22%,134.90%,137.60%,3.21,2.69%,-9.67%,,,,,,,,,,,,
,,,,,,,,,,,,,,,,,,2019,10/24/2019,$                                                       118.41,,,,,,,,,,2.71%,$             118.41,3.21,147.46,97.73,119.41,42%,25%,2.18%,3.28%,4.24%,135.97%,138.68%,3.21,2.69%,-10.08%,,,,,,,,,,,,
,,,,,,,,,,,,,,,,,,2019,10/25/2019,$                                                      120.51,,,,,,,,,,2.66%,$            120.51,3.21,147.46,97.73,119.41,46%,22%,2.18%,3.28%,4.17%,131.86%,134.52%,3.21,2.69%,-8.49%,,,,,,,,,,,,
,,,,,,,,,,,,,,,,,,2019,10/28/2019,$                                                     120.00,,,,,,,,,,2.68%,$           120.00,3.21,147.46,97.73,119.41,45%,23%,2.18%,3.28%,4.18%,132.84%,135.52%,3.21,2.69%,-8.88%,,,,,,,,,,,,
,,,,,,,,,,,,,,,,,,2019,10/29/2019,$                                                     120.29,,,,,,,,,,2.67%,$           120.29,3.21,147.46,97.73,119.41,45%,23%,2.18%,3.28%,4.17%,132.28%,134.95%,3.21,2.69%,-8.66%,,,,,,,,,,,,
,,,,,,,,,,,,,,,,,,2019,10/30/2019,$                                                      117.79,,,,,,,,,,2.73%,$            117.79,3.21,147.46,97.73,119.41,40%,25%,2.18%,3.28%,4.26%,137.21%,139.94%,3.21,2.69%,-10.56%,,,,,,,,,,,,
,,,,,,,,,,,,,,,,,,2019,10/31/2019,$                                                      117.99,,,,,,,,,,2.72%,$            117.99,3.21,147.46,97.73,119.41,41%,25%,2.18%,3.28%,4.25%,136.81%,139.53%,3.21,2.69%,-10.40%,,,,,,,,,,,,
,,,,,,,,,,,,,,,,,,2019,11/1/2019,$                                                      118.04,,,,,,,,,,2.72%,$            118.04,3.21,147.46,97.73,119.41,41%,25%,2.18%,3.28%,4.25%,136.71%,139.43%,3.21,2.69%,-10.37%,,,,,,,,,,,,
,,,,,,,,,,,,,,,,,,2019,11/4/2019,$                                                     120.97,,,,,,,,,,2.65%,$           120.97,3.21,147.46,97.73,119.41,47%,22%,2.18%,3.28%,4.15%,130.97%,133.63%,3.21,2.69%,-8.14%,,,,,,,,,,,,
,,,,,,,,,,,,,,,,,,2019,11/5/2019,$                                                      119.86,,,,,,,,,,2.68%,$            119.86,3.21,147.46,97.73,119.41,44%,23%,2.18%,3.28%,4.19%,133.11%,135.79%,3.21,2.69%,-8.98%,,,,,,,,,,,,
,,,,,,,,,,,,,,,,,,2019,11/6/2019,$                                                     120.36,,,,,,,,,,2.67%,$           120.36,3.21,147.46,97.73,119.41,45%,23%,2.18%,3.28%,4.17%,132.15%,134.81%,3.21,2.69%,-8.60%,,,,,,,,,,,,
,,,,,,,,,,,,,,,,,,2019,11/7/2019,$                                                      119.92,,,,,,,,,,2.68%,$            119.92,3.21,147.46,97.73,119.41,45%,23%,2.18%,3.28%,4.19%,133.00%,135.67%,3.21,2.69%,-8.94%,,,,,,,,,,,,
,,,,,,,,,,,,,,,,,,2019,11/8/2019,$                                                       120.11,,,,,,,,,,2.67%,$             120.11,3.21,147.46,97.73,119.41,45%,23%,2.18%,3.28%,4.18%,132.63%,135.30%,3.21,2.69%,-8.79%,,,,,,,,,,,,
,,,,,,,,,,,,,,,,,,2019,11/11/2019,$                                                      118.08,,,,,,,,,,2.72%,$            118.08,3.21,147.46,97.73,119.41,41%,25%,2.18%,3.28%,4.25%,136.64%,139.36%,3.21,2.69%,-10.34%,,,,,,,,,,,,
,,,,,,,,,,,,,,,,,,2019,11/12/2019,$                                                      119.02,,,,,,,,,,2.70%,$            119.02,3.21,147.46,97.73,119.41,43%,24%,2.18%,3.28%,4.22%,134.76%,137.46%,3.21,2.69%,-9.62%,,,,,,,,,,,,
,,,,,,,,,,,,,,,,,,2019,11/13/2019,$                                                      118.42,,,,,,,,,,2.71%,$            118.42,3.21,147.46,97.73,119.41,42%,25%,2.18%,3.28%,4.24%,135.95%,138.66%,3.21,2.69%,-10.08%,,,,,,,,,,,,
,,,,,,,,,,,,,,,,,,2019,11/14/2019,$                                                      117.57,,,,,,,,,,2.73%,$            117.57,3.21,147.46,97.73,119.41,40%,25%,2.18%,3.28%,4.27%,137.65%,140.38%,3.21,2.69%,-10.72%,,,,,,,,,,,,
,,,,,,,,,,,,,,,,,,2019,11/15/2019,$                                                      118.00,,,,,,,,,,2.72%,$            118.00,3.21,147.46,97.73,119.41,41%,25%,2.18%,3.28%,4.25%,136.79%,139.51%,3.21,2.69%,-10.40%,,,,,,,,,,,,
,,,,,,,,,,,,,,,,,,2019,11/18/2019,$                                                      117.89,,,,,,,,,,2.72%,$            117.89,3.21,147.46,97.73,119.41,41%,25%,2.18%,3.28%,4.26%,137.01%,139.73%,3.21,2.69%,-10.48%,,,,,,,,,,,,
,,,,,,,,,,,,,,,,,,2019,11/19/2019,$                                                      117.84,,,,,,,,,,2.72%,$            117.84,3.21,147.46,97.73,119.41,40%,25%,2.18%,3.28%,4.26%,137.11%,139.83%,3.21,2.69%,-10.52%,,,,,,,,,,,,
,,,,,,,,,,,,,,,,,,2019,11/20/2019,$                                                      116.23,,,,,,,,,,2.76%,$            116.23,3.21,147.46,97.73,119.41,37%,27%,2.18%,3.28%,4.32%,140.39%,143.16%,3.21,2.69%,-11.74%,,,,,,,,,,,,
,,,,,,,,,,,,,,,,,,2019,11/21/2019,$                                                       116.10,,,,,,,,,,2.76%,$             116.10,3.21,147.46,97.73,119.41,37%,27%,2.18%,3.28%,4.32%,140.66%,143.43%,3.21,2.69%,-11.84%,,,,,,,,,,,,
,,,,,,,,,,,,,,,,,,2019,11/22/2019,$                                                       117.01,,,,,,,,,,2.74%,$             117.01,3.21,147.46,97.73,119.41,39%,26%,2.18%,3.28%,4.29%,138.79%,141.53%,3.21,2.69%,-11.15%,,,,,,,,,,,,
,,,,,,,,,,,,,,,,,,2019,11/25/2019,$                                                       119.01,,,,,,,,,,2.70%,$             119.01,3.21,147.46,97.73,119.41,43%,24%,2.18%,3.28%,4.22%,134.78%,137.48%,3.21,2.69%,-9.63%,,,,,,,,,,,,
,,,,,,,,,,,,,,,,,,2019,11/26/2019,$                                                       119.13,,,,,,,,,,2.69%,$             119.13,3.21,147.46,97.73,119.41,43%,24%,2.18%,3.28%,4.21%,134.54%,137.24%,3.21,2.69%,-9.54%,,,,,,,,,,,,
,,,,,,,,,,,,,,,,,,2019,11/27/2019,$                                                      121.73,,,,,,,,,,2.64%,$            121.73,3.21,147.46,97.73,119.41,48%,21%,2.18%,3.28%,4.12%,129.53%,132.17%,3.21,2.69%,-7.56%,,,,,,,,,,,,
,,,,,,,,,,,,,,,,,,2019,11/29/2019,$                                                      120.21,,,,,,,,,,2.67%,$            120.21,3.21,147.46,97.73,119.41,45%,23%,2.18%,3.28%,4.18%,132.43%,135.11%,3.21,2.69%,-8.72%,,,,,,,,,,,,
,,,,,,,,,,,,,,,,,,2019,12/2/2019,$                                                      118.79,,,,,,,,,,2.70%,$            118.79,3.21,147.46,97.73,119.41,42%,24%,2.18%,3.28%,4.23%,135.21%,137.92%,3.21,2.69%,-9.80%,,,,,,,,,,,,
,,,,,,,,,,,,,,,,,,2019,12/3/2019,$                                                      117.75,,,,,,,,,,2.73%,$            117.75,3.21,147.46,97.73,119.41,40%,25%,2.18%,3.28%,4.26%,137.29%,140.02%,3.21,2.69%,-10.59%,,,,,,,,,,,,
,,,,,,,,,,,,,,,,,,2019,12/4/2019,$                                                     120.28,,,,,,,,,,2.67%,$           120.28,3.21,147.46,97.73,119.41,45%,23%,2.18%,3.28%,4.17%,132.30%,134.97%,3.21,2.69%,-8.66%,,,,,,,,,,,,
,,,,,,,,,,,,,,,,,,2019,12/5/2019,$                                                     120.74,,,,,,,,,,2.66%,$           120.74,3.21,147.46,97.73,119.41,46%,22%,2.18%,3.28%,4.16%,131.41%,134.07%,3.21,2.69%,-8.31%,,,,,,,,,,,,
,,,,,,,,,,,,,,,,,,2019,12/6/2019,$                                                     122.37,,,,,,,,,,2.62%,$           122.37,3.21,147.46,97.73,119.41,50%,21%,2.18%,3.28%,4.10%,128.33%,130.96%,3.21,2.69%,-7.08%,,,,,,,,,,,,
,,,,,,,,,,,,,,,,,,2019,12/9/2019,$                                                     122.00,,,,,,,,,,2.63%,$           122.00,3.21,147.46,97.73,119.41,49%,21%,2.18%,3.28%,4.11%,129.02%,131.66%,3.21,2.69%,-7.36%,,,,,,,,,,,,
,,,,,,,,,,,,,,,,,,2019,12/10/2019,$                                                      121.37,,,,,,,,,,2.64%,$            121.37,3.21,147.46,97.73,119.41,48%,21%,2.18%,3.28%,4.14%,130.21%,132.86%,3.21,2.69%,-7.84%,,,,,,,,,,,,
,,,,,,,,,,,,,,,,,,2019,12/11/2019,$                                                     123.72,,,,,,,,,,2.59%,$           123.72,3.21,147.46,97.73,119.41,52%,19%,2.18%,3.28%,4.06%,125.84%,128.44%,3.21,2.69%,-6.05%,,,,,,,,,,,,
,,,,,,,,,,,,,,,,,,2019,12/12/2019,$                                                     126.07,,,,,,,,,,2.55%,$           126.07,3.21,147.46,97.73,119.41,57%,17%,2.18%,3.28%,3.98%,121.63%,124.18%,3.21,2.69%,-4.27%,,,,,,,,,,,,
,,,,,,,,,,,,,,,,,,2019,12/13/2019,$                                                     126.64,,,,,,,,,,2.53%,$           126.64,3.21,147.46,97.73,119.41,58%,16%,2.18%,3.28%,3.96%,120.63%,123.17%,3.21,2.69%,-3.83%,,,,,,,,,,,,
,,,,,,,,,,,,,,,,,,2019,12/16/2019,$                                                     127.07,,,,,,,,,,2.53%,$           127.07,3.21,147.46,97.73,119.41,59%,16%,2.18%,3.28%,3.95%,119.89%,122.41%,3.21,2.69%,-3.51%,,,,,,,,,,,,
,,,,,,,,,,,,,,,,,,2019,12/17/2019,$                                                     127.09,,,,,,,,,,2.53%,$           127.09,3.21,147.46,97.73,119.41,59%,16%,2.18%,3.28%,3.95%,119.85%,122.38%,3.21,2.69%,-3.49%,,,,,,,,,,,,
,,,,,,,,,,,,,,,,,,2019,12/18/2019,$                                                     126.35,,,,,,,,,,2.54%,$           126.35,3.21,147.46,97.73,119.41,58%,17%,2.18%,3.28%,3.97%,121.14%,123.68%,3.21,2.69%,-4.05%,,,,,,,,,,,,
,,,,,,,,,,,,,,,,,,2019,12/19/2019,$                                                     126.40,,,,,,,,,,2.54%,$           126.40,3.21,147.46,97.73,119.41,58%,17%,2.18%,3.28%,3.97%,121.05%,123.59%,3.21,2.69%,-4.02%,,,,,,,,,,,,
,,,,,,,,,,,,,,,,,,2019,12/20/2019,$                                                     128.95,,,,,,,,,,2.49%,$           128.95,3.21,147.46,97.73,119.41,63%,14%,2.18%,3.28%,3.89%,116.68%,119.17%,3.21,2.69%,-2.08%,,,,,,,,,,,,
,,,,,,,,,,,,,,,,,,2019,12/23/2019,$                                                     128.55,,,,,,,,,,2.50%,$           128.55,3.21,147.46,97.73,119.41,62%,15%,2.18%,3.28%,3.91%,117.36%,119.85%,3.21,2.69%,-2.38%,,,,,,,,,,,,
,,,,,,,,,,,,,,,,,,2019,12/24/2019,$                                                     128.53,,,,,,,,,,2.50%,$           128.53,3.21,147.46,97.73,119.41,62%,15%,2.18%,3.28%,3.91%,117.39%,119.89%,3.21,2.69%,-2.40%,,,,,,,,,,,,
,,,,,,,,,,,,,,,,,,2019,12/26/2019,$                                                     128.48,,,,,,,,,,2.50%,$           128.48,3.21,147.46,97.73,119.41,62%,15%,2.18%,3.28%,3.91%,117.47%,119.97%,3.21,2.69%,-2.44%,,,,,,,,,,,,
,,,,,,,,,,,,,,,,,,2019,12/27/2019,$                                                     128.57,,,,,,,,,,2.50%,$           128.57,3.21,147.46,97.73,119.41,62%,15%,2.18%,3.28%,3.90%,117.32%,119.82%,3.21,2.69%,-2.37%,,,,,,,,,,,,
,,,,,,,,,,,,,,,,,,2019,12/30/2019,$                                                     127.66,,,,,,,,,,2.51%,$           127.66,3.21,147.46,97.73,119.41,60%,16%,2.18%,3.28%,3.93%,118.87%,121.38%,3.21,2.69%,-3.06%,,,,,,,,,,,,
,,,,,,,,,,,,,,,,,,2019,12/31/2019,$                                                     128.29,,,,,,,,,,2.50%,$           128.29,3.21,147.46,97.73,119.41,61%,15%,2.18%,3.28%,3.91%,117.80%,120.30%,3.21,2.69%,-2.58%,,,,,,,,,,,,
,,,,,,,,,,,,,,,,,,2020,1/2/2020,$                                                     129.57,,,,,,,,,,2.87%,$           129.57,3.72,170.89,113.26,138.38,28%,32%,2.18%,3.28%,3.87%,115.64%,115.64%,0,2.69%,-1.61%,,,,,,,,,,,,
,,,,,,,,,,,,,,,,,,2020,1/3/2020,$                                                     127.85,,,,,,,,,,2.91%,$           127.85,3.72,170.89,113.26,138.38,25%,34%,2.18%,3.28%,3.93%,118.55%,118.55%,0,2.69%,-2.92%,,,,,,,,,,,,
,,,,,,,,,,,,,,,,,,2020,1/6/2020,$                                                     126.96,,,,,,,,,,2.93%,$           126.96,3.72,170.89,113.26,138.38,24%,35%,2.18%,3.28%,3.95%,120.08%,120.08%,0,2.69%,-3.59%,,,,,,,,,,,,
,,,,,,,,,,,,,,,,,,2020,1/7/2020,$                                                      129.41,,,,,,,,,,2.87%,$            129.41,3.72,170.89,113.26,138.38,28%,32%,2.18%,3.28%,3.88%,115.91%,115.91%,0,2.69%,-1.73%,,,,,,,,,,,,
,,,,,,,,,,,,,,,,,,2020,1/8/2020,$                                                     129.76,,,,,,,,,,2.87%,$           129.76,3.72,170.89,113.26,138.38,29%,32%,2.18%,3.28%,3.87%,115.33%,115.33%,0,2.69%,-1.47%,,,,,,,,,,,,
,,,,,,,,,,,,,,,,,,2020,1/9/2020,$                                                      131.33,,,,,,,,,,2.83%,$            131.33,3.72,170.89,113.26,138.38,31%,30%,2.18%,3.28%,3.82%,112.75%,112.75%,0,2.69%,-0.27%,,,,,,,,,,,,
,,,,,,,,,,,,,,,,,,2020,1/10/2020,$                                                     130.00,,,,,,,,,,2.86%,$           130.00,3.72,170.89,113.26,138.38,29%,31%,2.18%,3.28%,3.86%,114.93%,114.93%,0,2.69%,-1.28%,,,,,,,,,,,,
,,,,,,,,,,,,,,,,,,2020,1/13/2020,$                                                     129.95,,,,,,,,,,2.86%,$           129.95,3.72,170.89,113.26,138.38,29%,32%,2.18%,3.28%,3.86%,115.01%,115.01%,0,2.69%,-1.32%,,,,,,,,,,,,
,,,,,,,,,,,,,,,,,,2020,1/14/2020,$                                                     130.67,,,,,,,,,,2.85%,$           130.67,3.72,170.89,113.26,138.38,30%,31%,2.18%,3.28%,3.84%,113.83%,113.83%,0,2.69%,-0.77%,,,,,,,,,,,,
,,,,,,,,,,,,,,,,,,2020,1/15/2020,$                                                      129.17,,,,,,,,,,2.88%,$            129.17,3.72,170.89,113.26,138.38,28%,32%,2.18%,3.28%,3.89%,116.31%,116.31%,0,2.69%,-1.91%,,,,,,,,,,,,
,,,,,,,,,,,,,,,,,,2020,1/16/2020,$                                                      130.16,,,,,,,,,,2.86%,$            130.16,3.72,170.89,113.26,138.38,29%,31%,2.18%,3.28%,3.86%,114.67%,114.67%,0,2.69%,-1.16%,,,,,,,,,,,,
,,,,,,,,,,,,,,,,,,2020,1/17/2020,$                                                      131.70,,,,,,,,,,2.82%,$            131.70,3.72,170.89,113.26,138.38,32%,30%,2.18%,3.28%,3.81%,112.16%,112.16%,0,2.69%,0.00%,,,,,,,,,,,,
,,,,,,,,,,,,,,,,,,2020,1/21/2020,$                                                     130.86,,,,,,,,,,2.84%,$           130.86,3.72,170.89,113.26,138.38,31%,31%,2.18%,3.28%,3.84%,113.52%,113.52%,0,2.69%,-0.64%,,,,,,,,,,,,
,,,,,,,,,,,,,,,,,,2020,1/22/2020,$                                                     133.34,,,,,,,,,,2.79%,$           133.34,3.72,170.89,113.26,138.38,35%,28%,2.18%,3.28%,3.76%,109.55%,109.55%,0,2.69%,0.00%,,,,,,,,,,,,
,,,,,,,,,,,,,,,,,,2020,1/23/2020,$                                                     134.25,,,,,,,,,,2.77%,$           134.25,3.72,170.89,113.26,138.38,36%,27%,2.18%,3.28%,3.74%,108.13%,108.13%,0,2.69%,0.00%,,,,,,,,,,,,
,,,,,,,,,,,,,,,,,,2020,1/24/2020,$                                                     130.52,,,,,,,,,,2.85%,$           130.52,3.72,170.89,113.26,138.38,30%,31%,2.18%,3.28%,3.85%,114.07%,114.07%,0,2.69%,-2.78%,,,,,,,,,,,,
,,,,,,,,,,,,,,,,,,2020,1/27/2020,$                                                      126.31,,,,,,,,,,2.95%,$            126.31,3.72,170.89,113.26,138.38,23%,35%,2.18%,3.28%,3.97%,121.21%,121.21%,0,2.69%,-5.91%,,,,,,,,,,,,
,,,,,,,,,,,,,,,,,,2020,1/28/2020,$                                                     128.04,,,,,,,,,,2.91%,$           128.04,3.72,170.89,113.26,138.38,26%,33%,2.18%,3.28%,3.92%,118.22%,118.22%,0,2.69%,-4.63%,,,,,,,,,,,,
,,,,,,,,,,,,,,,,,,2020,1/29/2020,$                                                     125.49,,,,,,,,,,2.96%,$           125.49,3.72,170.89,113.26,138.38,21%,36%,2.18%,3.28%,4.00%,122.66%,122.66%,0,2.69%,-6.53%,,,,,,,,,,,,
,,,,,,,,,,,,,,,,,,2020,1/30/2020,$                                                     124.42,,,,,,,,,,2.99%,$           124.42,3.72,170.89,113.26,138.38,19%,37%,2.18%,3.28%,4.03%,124.57%,124.57%,0,2.69%,-7.32%,,,,,,,,,,,,
,,,,,,,,,,,,,,,,,,2020,1/31/2020,$                                                     120.65,,,,,,,,,,3.08%,$           120.65,3.72,170.89,113.26,138.38,13%,42%,2.18%,3.28%,4.16%,131.59%,131.59%,0,2.69%,-10.13%,,,,,,,,,,,,
,,,,,,,,,,,,,,,,,,2020,2/3/2020,$                                                     123.40,,,,,,,,,,3.01%,$           123.40,3.72,170.89,113.26,138.38,18%,38%,2.18%,3.28%,4.07%,126.43%,126.43%,0,2.69%,-8.08%,,,,,,,,,,,,
,,,,,,,,,,,,,,,,,,2020,2/4/2020,$                                                     126.47,,,,,,,,,,2.94%,$           126.47,3.72,170.89,113.26,138.38,23%,35%,2.18%,3.28%,3.97%,120.93%,120.93%,0,2.69%,-5.80%,,,,,,,,,,,,
,,,,,,,,,,,,,,,,,,2020,2/5/2020,$                                                     132.44,,,,,,,,,,2.81%,$           132.44,3.72,170.89,113.26,138.38,33%,29%,2.18%,3.28%,3.79%,110.97%,110.97%,0,2.69%,-1.35%,,,,,,,,,,,,
,,,,,,,,,,,,,,,,,,2020,2/6/2020,$                                                     132.52,,,,,,,,,,2.81%,$           132.52,3.72,170.89,113.26,138.38,33%,29%,2.18%,3.28%,3.79%,110.84%,110.84%,0,2.69%,-1.29%,,,,,,,,,,,,
,,,,,,,,,,,,,,,,,,2020,2/7/2020,$                                                     128.70,,,,,,,,,,2.89%,$           128.70,3.72,170.89,113.26,138.38,27%,33%,2.18%,3.28%,3.90%,117.10%,117.10%,0,2.69%,-4.13%,,,,,,,,,,,,
,,,,,,,,,,,,,,,,,,2020,2/10/2020,$                                                     129.65,,,,,,,,,,2.87%,$           129.65,3.72,170.89,113.26,138.38,28%,32%,2.18%,3.28%,3.87%,115.51%,115.51%,0,2.69%,-3.43%,,,,,,,,,,,,
,,,,,,,,,,,,,,,,,,2020,2/11/2020,$                                                     130.70,,,,,,,,,,2.85%,$           130.70,3.72,170.89,113.26,138.38,30%,31%,2.18%,3.28%,3.84%,113.78%,113.78%,0,2.69%,-2.64%,,,,,,,,,,,,
,,,,,,,,,,,,,,,,,,2020,2/12/2020,$                                                     132.42,,,,,,,,,,2.81%,$           132.42,3.72,170.89,113.26,138.38,33%,29%,2.18%,3.28%,3.79%,111.00%,111.00%,0,2.69%,-1.36%,,,,,,,,,,,,
,,,,,,,,,,,,,,,,,,2020,2/13/2020,$                                                      132.81,,,,,,,,,,2.80%,$            132.81,3.72,170.89,113.26,138.38,34%,29%,2.18%,3.28%,3.78%,110.38%,110.38%,0,2.69%,-1.07%,,,,,,,,,,,,
,,,,,,,,,,,,,,,,,,2020,2/14/2020,$                                                      132.21,,,,,,,,,,2.81%,$            132.21,3.72,170.89,113.26,138.38,33%,29%,2.18%,3.28%,3.80%,111.34%,111.34%,0,2.69%,-1.52%,,,,,,,,,,,,
,,,,,,,,,,,,,,,,,,2020,2/18/2020,$                                                      131.24,,,,,,,,,,2.83%,$            131.24,3.72,170.89,113.26,138.38,31%,30%,2.18%,3.28%,3.83%,112.90%,112.90%,0,2.69%,-2.24%,,,,,,,,,,,,
,,,,,,,,,,,,,,,,,,2020,2/19/2020,$                                                      133.13,,,,,,,,,,2.79%,$            133.13,3.72,170.89,113.26,138.38,34%,28%,2.18%,3.28%,3.77%,109.88%,109.88%,0,2.69%,-0.83%,,,,,,,,,,,,
,,,,,,,,,,,,,,,,,,2020,2/20/2020,$                                                      131.47,,,,,,,,,,2.83%,$            131.47,3.72,170.89,113.26,138.38,32%,30%,2.18%,3.28%,3.82%,112.53%,112.53%,0,2.69%,-2.07%,,,,,,,,,,,,
,,,,,,,,,,,,,,,,,,2020,2/21/2020,$                                                     128.52,,,,,,,,,,2.89%,$           128.52,3.72,170.89,113.26,138.38,26%,33%,2.18%,3.28%,3.91%,117.41%,117.41%,0,2.69%,-4.27%,,,,,,,,,,,,
,,,,,,,,,,,,,,,,,,2020,2/24/2020,$                                                      121.44,,,,,,,,,,3.06%,$            121.44,3.72,170.89,113.26,138.38,14%,41%,2.18%,3.28%,4.13%,130.08%,130.08%,0,2.69%,-9.54%,,,,,,,,,,,,
,,,,,,,,,,,,,,,,,,2020,2/25/2020,$                                                      118.38,,,,,,,,,,3.14%,$            118.38,3.72,170.89,113.26,138.38,9%,44%,2.18%,3.28%,4.24%,136.03%,136.03%,0,2.69%,-11.82%,,,,,,,,,,,,
,,,,,,,,,,,,,,,,,,2020,2/26/2020,$                                                      118.79,,,,,,,,,,3.13%,$            118.79,3.72,170.89,113.26,138.38,10%,44%,2.18%,3.28%,4.23%,135.21%,135.21%,0,2.69%,-11.52%,,,,,,,,,,,,
,,,,,,,,,,,,,,,,,,2020,2/27/2020,$                                                       113.13,,,,,,,,,,3.29%,$             113.13,3.72,170.89,113.26,138.38,0%,51%,2.18%,3.28%,4.44%,146.98%,146.98%,0,2.69%,-15.73%,,,,,,,,,,,,
,,,,,,,,,,,,,,,,,,2020,2/28/2020,$                                                       114.14,,,,,,,,,,3.26%,$             114.14,3.72,170.89,113.26,138.38,2%,50%,2.18%,3.28%,4.40%,144.80%,144.80%,0,2.69%,-14.98%,,,,,,,,,,,,
,,,,,,,,,,,,,,,,,,2020,3/2/2020,$                                                      118.97,,,,,,,,,,3.13%,$            118.97,3.72,170.89,113.26,138.38,10%,44%,2.18%,3.28%,4.22%,134.86%,134.86%,0,2.69%,-11.38%,,,,,,,,,,,,
,,,,,,,,,,,,,,,,,,2020,3/3/2020,$                                                       113.81,,,,,,,,,,3.27%,$             113.81,3.72,170.89,113.26,138.38,1%,50%,2.18%,3.28%,4.41%,145.51%,145.51%,0,2.69%,-15.23%,,,,,,,,,,,,
,,,,,,,,,,,,,,,,,,2020,3/4/2020,$                                                      119.05,,,,,,,,,,3.12%,$            119.05,3.72,170.89,113.26,138.38,10%,44%,2.18%,3.28%,4.22%,134.70%,134.70%,0,2.69%,-11.32%,,,,,,,,,,,,
,,,,,,,,,,,,,,,,,,2020,3/5/2020,$                                                      114.72,,,,,,,,,,3.24%,$            114.72,3.72,170.89,113.26,138.38,3%,49%,2.18%,3.28%,4.38%,143.56%,143.56%,0,2.69%,-14.55%,,,,,,,,,,,,
,,,,,,,,,,,,,,,,,,2020,3/6/2020,$                                                       113.16,,,,,,,,,,3.29%,$             113.16,3.72,170.89,113.26,138.38,0%,51%,2.18%,3.28%,4.44%,146.92%,146.92%,0,2.69%,-15.71%,,,,,,,,,,,,
,,,,,,,,,,,,,,,,,,2020,3/9/2020,$                                                     105.04,,,,,,,,,,3.54%,$           105.04,3.72,170.89,113.26,138.38,-14%,63%,2.18%,3.28%,4.78%,166.00%,166.00%,0,2.69%,-21.76%,,,,,,,,,,,,
,,,,,,,,,,,,,,,,,,2020,3/10/2020,$                                                       112.12,,,,,,,,,,3.32%,$             112.12,3.72,170.89,113.26,138.38,-2%,52%,2.18%,3.28%,4.48%,149.21%,149.21%,0,2.69%,-16.48%,,,,,,,,,,,,
,,,,,,,,,,,,,,,,,,2020,3/11/2020,$                                                     106.50,,,,,,,,,,3.49%,$           106.50,3.72,170.89,113.26,138.38,-12%,60%,2.18%,3.28%,4.71%,162.36%,162.36%,0,2.69%,-20.67%,,,,,,,,,,,,
,,,,,,,,,,,,,,,,,,2020,3/12/2020,$                                                       97.53,,,,,,,,,,3.81%,$             97.53,3.72,170.89,113.26,138.38,-27%,75%,2.18%,3.28%,5.15%,186.49%,186.49%,0,2.69%,-27.35%,,,,,,,,,,,,
,,,,,,,,,,,,,,,,,,2020,3/13/2020,$                                                     106.04,,,,,,,,,,3.51%,$           106.04,3.72,170.89,113.26,138.38,-13%,61%,2.18%,3.28%,4.73%,163.49%,163.49%,0,2.69%,-21.01%,,,,,,,,,,,,
,,,,,,,,,,,,,,,,,,2020,3/16/2020,$                                                       93.50,,,,,,,,,,3.98%,$             93.50,3.72,170.89,113.26,138.38,-34%,83%,2.18%,3.28%,5.37%,198.83%,198.83%,0,2.69%,-30.35%,,,,,,,,,,,,
,,,,,,,,,,,,,,,,,,2020,3/17/2020,$                                                      106.15,,,,,,,,,,3.50%,$            106.15,3.72,170.89,113.26,138.38,-12%,61%,2.18%,3.28%,4.73%,163.22%,163.22%,0,2.69%,-20.93%,,,,,,,,,,,,
,,,,,,,,,,,,,,,,,,2020,3/18/2020,$                                                     100.00,,,,,,,,,,3.72%,$           100.00,3.72,170.89,113.26,138.38,-23%,71%,2.18%,3.28%,5.02%,179.41%,179.41%,0,2.69%,-25.51%,,,,,,,,,,,,
,,,,,,,,,,,,,,,,,,2020,3/19/2020,$                                                      101.57,,,,,,,,,,3.66%,$            101.57,3.72,170.89,113.26,138.38,-20%,68%,2.18%,3.28%,4.94%,175.09%,175.09%,0,2.69%,-24.34%,,,,,,,,,,,,
,,,,,,,,,,,,,,,,,,2020,3/20/2020,$                                                       97.60,,,,,,,,,,3.81%,$             97.60,3.72,170.89,113.26,138.38,-27%,75%,2.18%,3.28%,5.14%,186.28%,186.28%,0,2.69%,-27.30%,,,,,,,,,,,,
,,,,,,,,,,,,,,,,,,2020,3/23/2020,$                                                       98.44,,,,,,,,,,3.78%,$             98.44,3.72,170.89,113.26,138.38,-26%,74%,2.18%,3.28%,5.10%,183.84%,183.84%,0,2.69%,-26.67%,,,,,,,,,,,,
,,,,,,,,,,,,,,,,,,2020,3/24/2020,$                                                     105.36,,,,,,,,,,3.53%,$           105.36,3.72,170.89,113.26,138.38,-14%,62%,2.18%,3.28%,4.76%,165.20%,165.20%,0,2.69%,-21.52%,,,,,,,,,,,,
,,,,,,,,,,,,,,,,,,2020,3/25/2020,$                                                        99.16,,,,,,,,,,3.75%,$              99.16,3.72,170.89,113.26,138.38,-24%,72%,2.18%,3.28%,5.06%,181.78%,181.78%,0,2.69%,-26.14%,,,,,,,,,,,,
,,,,,,,,,,,,,,,,,,2020,3/26/2020,$                                                     107.76,,,,,,,,,,3.45%,$           107.76,3.72,170.89,113.26,138.38,-10%,59%,2.18%,3.28%,4.66%,159.29%,159.29%,0,2.69%,-19.73%,,,,,,,,,,,,
,,,,,,,,,,,,,,,,,,2020,3/27/2020,$                                                     100.50,,,,,,,,,,3.70%,$           100.50,3.72,170.89,113.26,138.38,-22%,70%,2.18%,3.28%,5.00%,178.02%,178.02%,0,2.69%,-25.14%,,,,,,,,,,,,
,,,,,,,,,,,,,,,,,,2020,3/30/2020,$                                                     102.02,,,,,,,,,,3.65%,$           102.02,3.72,170.89,113.26,138.38,-20%,68%,2.18%,3.28%,4.92%,173.88%,173.88%,0,2.69%,-24.01%,,,,,,,,,,,,
,,,,,,,,,,,,,,,,,,2020,3/31/2020,$                                                       99.93,,,,,,,,,,3.72%,$             99.93,3.72,170.89,113.26,138.38,-23%,71%,2.18%,3.28%,5.02%,179.61%,179.61%,0,2.69%,-25.56%,,,,,,,,,,,,
,,,,,,,,,,,,,,,,,,2020,4/1/2020,$                                                       96.89,,,,,,,,,,3.84%,$             96.89,3.72,170.89,113.26,138.38,-28%,76%,2.18%,3.28%,5.18%,188.38%,188.38%,0,2.69%,-27.83%,,,,,,,,,,,,
,,,,,,,,,,,,,,,,,,2020,4/2/2020,$                                                     102.02,,,,,,,,,,3.65%,$           102.02,3.72,170.89,113.26,138.38,-20%,68%,2.18%,3.28%,4.92%,173.88%,173.88%,0,2.69%,-24.01%,,,,,,,,,,,,
,,,,,,,,,,,,,,,,,,2020,4/3/2020,$                                                       99.98,,,,,,,,,,3.72%,$             99.98,3.72,170.89,113.26,138.38,-23%,71%,2.18%,3.28%,5.02%,179.47%,179.47%,0,2.69%,-25.53%,,,,,,,,,,,,
,,,,,,,,,,,,,,,,,,2020,4/6/2020,$                                                     108.96,,,,,,,,,,3.41%,$           108.96,3.72,170.89,113.26,138.38,-7%,57%,2.18%,3.28%,4.61%,156.43%,156.43%,0,2.69%,-18.84%,,,,,,,,,,,,
,,,,,,,,,,,,,,,,,,2020,4/7/2020,$                                                     106.26,,,,,,,,,,3.50%,$           106.26,3.72,170.89,113.26,138.38,-12%,61%,2.18%,3.28%,4.72%,162.95%,162.95%,0,2.69%,-20.85%,,,,,,,,,,,,
,,,,,,,,,,,,,,,,,,2020,4/8/2020,$                                                       110.17,,,,,,,,,,3.38%,$             110.17,3.72,170.89,113.26,138.38,-5%,55%,2.18%,3.28%,4.56%,153.62%,153.62%,0,2.69%,-17.94%,,,,,,,,,,,,
,,,,,,,,,,,,,,,,,,2020,4/9/2020,$                                                     107.69,,,,,,,,,,3.45%,$           107.69,3.72,170.89,113.26,138.38,-10%,59%,2.18%,3.28%,4.66%,159.46%,159.46%,0,2.69%,-19.78%,,,,,,,,,,,,
,,,,,,,,,,,,,,,,,,2020,4/13/2020,$                                                     107.67,,,,,,,,,,3.46%,$           107.67,3.72,170.89,113.26,138.38,-10%,59%,2.18%,3.28%,4.66%,159.51%,159.51%,0,2.69%,-19.80%,,,,,,,,,,,,
,,,,,,,,,,,,,,,,,,2020,4/14/2020,$                                                      110.95,,,,,,,,,,3.35%,$            110.95,3.72,170.89,113.26,138.38,-4%,54%,2.18%,3.28%,4.52%,151.83%,151.83%,0,2.69%,-17.36%,,,,,,,,,,,,
,,,,,,,,,,,,,,,,,,2020,4/15/2020,$                                                     107.98,,,,,,,,,,3.45%,$           107.98,3.72,170.89,113.26,138.38,-9%,58%,2.18%,3.28%,4.65%,158.76%,158.76%,0,2.69%,-19.57%,,,,,,,,,,,,
,,,,,,,,,,,,,,,,,,2020,4/16/2020,$                                                       111.39,,,,,,,,,,3.34%,$             111.39,3.72,170.89,113.26,138.38,-3%,53%,2.18%,3.28%,4.51%,150.84%,150.84%,0,2.69%,-17.03%,,,,,,,,,,,,
,,,,,,,,,,,,,,,,,,2020,4/17/2020,$                                                      113.55,,,,,,,,,,3.28%,$            113.55,3.72,170.89,113.26,138.38,1%,50%,2.18%,3.28%,4.42%,146.07%,146.07%,0,2.69%,-15.42%,,,,,,,,,,,,
,,,,,,,,,,,,,,,,,,2020,4/20/2020,$                                                       111.53,,,,,,,,,,3.34%,$             111.53,3.72,170.89,113.26,138.38,-3%,53%,2.18%,3.28%,4.50%,150.52%,150.52%,0,2.69%,-16.92%,,,,,,,,,,,,
,,,,,,,,,,,,,,,,,,2020,4/21/2020,$                                                     106.84,,,,,,,,,,3.48%,$           106.84,3.72,170.89,113.26,138.38,-11%,60%,2.18%,3.28%,4.70%,161.52%,161.52%,0,2.69%,-20.42%,,,,,,,,,,,,
,,,,,,,,,,,,,,,,,,2020,4/22/2020,$                                                       111.98,,,,,,,,,,3.32%,$             111.98,3.72,170.89,113.26,138.38,-2%,53%,2.18%,3.28%,4.48%,149.52%,149.52%,0,2.69%,-16.59%,,,,,,,,,,,,
,,,,,,,,,,,,,,,,,,2020,4/23/2020,$                                                      110.46,,,,,,,,,,3.37%,$            110.46,3.72,170.89,113.26,138.38,-5%,55%,2.18%,3.28%,4.54%,152.95%,152.95%,0,2.69%,-17.72%,,,,,,,,,,,,
,,,,,,,,,,,,,,,,,,2020,4/24/2020,$                                                      113.93,,,,,,,,,,3.27%,$            113.93,3.72,170.89,113.26,138.38,1%,50%,2.18%,3.28%,4.41%,145.25%,145.25%,0,2.69%,-15.14%,,,,,,,,,,,,
,,,,,,,,,,,,,,,,,,2020,4/27/2020,$                                                      115.78,,,,,,,,,,3.21%,$            115.78,3.72,170.89,113.26,138.38,4%,48%,2.18%,3.28%,4.34%,141.33%,141.33%,0,2.69%,-13.76%,,,,,,,,,,,,
,,,,,,,,,,,,,,,,,,2020,4/28/2020,$                                                      114.24,,,,,,,,,,3.26%,$            114.24,3.72,170.89,113.26,138.38,2%,50%,2.18%,3.28%,4.39%,144.58%,144.58%,0,2.69%,-14.91%,,,,,,,,,,,,
,,,,,,,,,,,,,,,,,,2020,4/29/2020,$                                                      119.40,,,,,,,,,,3.12%,$            119.40,3.72,170.89,113.26,138.38,11%,43%,2.18%,3.28%,4.20%,134.01%,134.01%,0,2.69%,-11.06%,,,,,,,,,,,,
,,,,,,,,,,,,,,,,,,2020,4/30/2020,$                                                      116.07,,,,,,,,,,3.20%,$            116.07,3.72,170.89,113.26,138.38,5%,47%,2.18%,3.28%,4.32%,140.73%,140.73%,0,2.69%,-13.54%,,,,,,,,,,,,
,,,,,,,,,,,,,,,,,,2020,5/1/2020,$                                                      109.71,,,,,,,,,,3.39%,$            109.71,3.72,170.89,113.26,138.38,-6%,56%,2.18%,3.28%,4.58%,154.68%,154.68%,0,2.69%,-18.28%,,,,,,,,,,,,
,,,,,,,,,,,,,,,,,,2020,5/4/2020,$                                                      110.50,,,,,,,,,,3.37%,$            110.50,3.72,170.89,113.26,138.38,-5%,55%,2.18%,3.28%,4.54%,152.86%,152.86%,0,2.69%,-17.69%,,,,,,,,,,,,
,,,,,,,,,,,,,,,,,,2020,5/5/2020,$                                                       111.54,,,,,,,,,,3.34%,$             111.54,3.72,170.89,113.26,138.38,-3%,53%,2.18%,3.28%,4.50%,150.50%,150.50%,0,2.69%,-16.92%,,,,,,,,,,,,
,,,,,,,,,,,,,,,,,,2020,5/6/2020,$                                                      112.42,,,,,,,,,,3.31%,$            112.42,3.72,170.89,113.26,138.38,-1%,52%,2.18%,3.28%,4.47%,148.54%,148.54%,0,2.69%,-16.26%,,,,,,,,,,,,
,,,,,,,,,,,,,,,,,,2020,5/7/2020,$                                                      113.65,,,,,,,,,,3.27%,$            113.65,3.72,170.89,113.26,138.38,1%,50%,2.18%,3.28%,4.42%,145.85%,145.85%,0,2.69%,-15.34%,,,,,,,,,,,,
,,,,,,,,,,,,,,,,,,2020,5/8/2020,$                                                      115.00,,,,,,,,,,3.23%,$            115.00,3.72,170.89,113.26,138.38,3%,49%,2.18%,3.28%,4.37%,142.97%,142.97%,0,2.69%,-14.34%,,,,,,,,,,,,
,,,,,,,,,,,,,,,,,,2020,5/11/2020,$                                                      114.88,,,,,,,,,,3.24%,$            114.88,3.72,170.89,113.26,138.38,3%,49%,2.18%,3.28%,4.37%,143.22%,143.22%,0,2.69%,-14.43%,,,,,,,,,,,,
,,,,,,,,,,,,,,,,,,2020,5/12/2020,$                                                       111.69,,,,,,,,,,3.33%,$             111.69,3.72,170.89,113.26,138.38,-3%,53%,2.18%,3.28%,4.49%,150.17%,150.17%,0,2.69%,-16.80%,,,,,,,,,,,,
,,,,,,,,,,,,,,,,,,2020,5/13/2020,$                                                     109.07,,,,,,,,,,3.41%,$           109.07,3.72,170.89,113.26,138.38,-7%,57%,2.18%,3.28%,4.60%,156.17%,156.17%,0,2.69%,-18.76%,,,,,,,,,,,,
,,,,,,,,,,,,,,,,,,2020,5/14/2020,$                                                      110.35,,,,,,,,,,3.37%,$            110.35,3.72,170.89,113.26,138.38,-5%,55%,2.18%,3.28%,4.55%,153.20%,153.20%,0,2.69%,-17.80%,,,,,,,,,,,,
,,,,,,,,,,,,,,,,,,2020,5/15/2020,$                                                     108.24,,,,,,,,,,3.44%,$           108.24,3.72,170.89,113.26,138.38,-9%,58%,2.18%,3.28%,4.64%,158.14%,158.14%,0,2.69%,-19.37%,,,,,,,,,,,,
,,,,,,,,,,,,,,,,,,2020,5/18/2020,$                                                      114.42,,,,,,,,,,3.25%,$            114.42,3.72,170.89,113.26,138.38,2%,49%,2.18%,3.28%,4.39%,144.20%,144.20%,0,2.69%,-14.77%,,,,,,,,,,,,
,,,,,,,,,,,,,,,,,,2020,5/19/2020,$                                                      112.68,,,,,,,,,,3.30%,$            112.68,3.72,170.89,113.26,138.38,-1%,52%,2.18%,3.28%,4.46%,147.97%,147.97%,0,2.69%,-16.07%,,,,,,,,,,,,
,,,,,,,,,,,,,,,,,,2020,5/20/2020,$                                                      117.48,,,,,,,,,,3.17%,$            117.48,3.72,170.89,113.26,138.38,7%,45%,2.18%,3.28%,4.27%,137.84%,137.84%,0,2.69%,-12.49%,,,,,,,,,,,,
,,,,,,,,,,,,,,,,,,2020,5/21/2020,$                                                      113.46,,,,,,,,,,3.28%,$            113.46,3.72,170.89,113.26,138.38,0%,51%,2.18%,3.28%,4.42%,146.26%,146.26%,0,2.69%,-15.49%,,,,,,,,,,,,
,,,,,,,,,,,,,,,,,,2020,5/22/2020,$                                                      113.43,,,,,,,,,,3.28%,$            113.43,3.72,170.89,113.26,138.38,0%,51%,2.18%,3.28%,4.43%,146.33%,146.33%,0,2.69%,-15.51%,,,,,,,,,,,,
,,,,,,,,,,,,,,,,,,2020,5/26/2020,$                                                      115.73,,,,,,,,,,3.21%,$            115.73,3.72,170.89,113.26,138.38,4%,48%,2.18%,3.28%,4.34%,141.43%,141.43%,0,2.69%,-13.80%,,,,,,,,,,,,
,,,,,,,,,,,,,,,,,,2020,5/27/2020,$                                                      117.82,,,,,,,,,,3.16%,$            117.82,3.72,170.89,113.26,138.38,8%,45%,2.18%,3.28%,4.26%,137.15%,137.15%,0,2.69%,-12.24%,,,,,,,,,,,,
,,,,,,,,,,,,,,,,,,2020,5/28/2020,$                                                      115.87,,,,,,,,,,3.21%,$            115.87,3.72,170.89,113.26,138.38,5%,47%,2.18%,3.28%,4.33%,141.14%,141.14%,0,2.69%,-13.69%,,,,,,,,,,,,
,,,,,,,,,,,,,,,,,,2020,5/29/2020,$                                                      118.74,,,,,,,,,,3.13%,$            118.74,3.72,170.89,113.26,138.38,10%,44%,2.18%,3.28%,4.23%,135.31%,135.31%,0,2.69%,-11.55%,,,,,,,,,,,,
,,,,,,,,,,,,,,,,,,2020,6/1/2020,$                                                      117.86,,,,,,,,,,3.16%,$            117.86,3.72,170.89,113.26,138.38,8%,45%,2.18%,3.28%,4.26%,137.07%,137.07%,0,2.69%,-12.21%,,,,,,,,,,,,
,,,,,,,,,,,,,,,,,,2020,6/2/2020,$                                                     122.67,,,,,,,,,,3.03%,$           122.67,3.72,170.89,113.26,138.38,16%,39%,2.18%,3.28%,4.09%,127.77%,127.77%,0,2.69%,-8.63%,,,,,,,,,,,,
,,,,,,,,,,,,,,,,,,2020,6/3/2020,$                                                      127.21,,,,,,,,,,2.92%,$            127.21,3.72,170.89,113.26,138.38,24%,34%,2.18%,3.28%,3.95%,119.64%,119.64%,0,2.69%,-5.24%,,,,,,,,,,,,
,,,,,,,,,,,,,,,,,,2020,6/4/2020,$                                                     128.58,,,,,,,,,,2.89%,$           128.58,3.72,170.89,113.26,138.38,27%,33%,2.18%,3.28%,3.90%,117.30%,117.30%,0,2.69%,-4.22%,,,,,,,,,,,,
,,,,,,,,,,,,,,,,,,2020,6/5/2020,$                                                      131.44,,,,,,,,,,2.83%,$            131.44,3.72,170.89,113.26,138.38,32%,30%,2.18%,3.28%,3.82%,112.58%,112.58%,0,2.69%,-2.09%,,,,,,,,,,,,
,,,,,,,,,,,,,,,,,,2020,6/8/2020,$                                                     132.86,,,,,,,,,,2.80%,$           132.86,3.72,170.89,113.26,138.38,34%,29%,2.18%,3.28%,3.78%,110.30%,110.30%,0,2.69%,-1.04%,,,,,,,,,,,,
,,,,,,,,,,,,,,,,,,2020,6/9/2020,$                                                      132.12,,,,,,,,,,2.82%,$            132.12,3.72,170.89,113.26,138.38,33%,29%,2.18%,3.28%,3.80%,111.48%,111.48%,0,2.69%,-1.59%,,,,,,,,,,,,
,,,,,,,,,,,,,,,,,,2020,6/10/2020,$                                                      131.40,,,,,,,,,,2.83%,$            131.40,3.72,170.89,113.26,138.38,31%,30%,2.18%,3.28%,3.82%,112.64%,112.64%,0,2.69%,-2.12%,,,,,,,,,,,,
,,,,,,,,,,,,,,,,,,2020,6/11/2020,$                                                      124.61,,,,,,,,,,2.99%,$            124.61,3.72,170.89,113.26,138.38,20%,37%,2.18%,3.28%,4.03%,124.23%,124.23%,0,2.69%,-7.18%,,,,,,,,,,,,
,,,,,,,,,,,,,,,,,,2020,6/12/2020,$                                                     123.97,,,,,,,,,,3.00%,$           123.97,3.72,170.89,113.26,138.38,19%,38%,2.18%,3.28%,4.05%,125.39%,125.39%,0,2.69%,-7.66%,,,,,,,,,,,,
,,,,,,,,,,,,,,,,,,2020,6/15/2020,$                                                     124.23,,,,,,,,,,2.99%,$           124.23,3.72,170.89,113.26,138.38,19%,38%,2.18%,3.28%,4.04%,124.91%,124.91%,0,2.69%,-7.46%,,,,,,,,,,,,
,,,,,,,,,,,,,,,,,,2020,6/16/2020,$                                                       126.11,,,,,,,,,,2.95%,$             126.11,3.72,170.89,113.26,138.38,22%,36%,2.18%,3.28%,3.98%,121.56%,121.56%,0,2.69%,-6.06%,,,,,,,,,,,,
,,,,,,,,,,,,,,,,,,2020,6/17/2020,$                                                     126.22,,,,,,,,,,2.95%,$           126.22,3.72,170.89,113.26,138.38,22%,35%,2.18%,3.28%,3.98%,121.37%,121.37%,0,2.69%,-5.98%,,,,,,,,,,,,
,,,,,,,,,,,,,,,,,,2020,6/18/2020,$                                                     125.98,,,,,,,,,,2.95%,$           125.98,3.72,170.89,113.26,138.38,22%,36%,2.18%,3.28%,3.98%,121.79%,121.79%,0,2.69%,-6.16%,,,,,,,,,,,,
,,,,,,,,,,,,,,,,,,2020,6/19/2020,$                                                     124.89,,,,,,,,,,2.98%,$           124.89,3.72,170.89,113.26,138.38,20%,37%,2.18%,3.28%,4.02%,123.73%,123.73%,0,2.69%,-6.98%,,,,,,,,,,,,
,,,,,,,,,,,,,,,,,,2020,6/22/2020,$                                                     125.23,,,,,,,,,,2.97%,$           125.23,3.72,170.89,113.26,138.38,21%,36%,2.18%,3.28%,4.01%,123.12%,123.12%,0,2.69%,-6.72%,,,,,,,,,,,,
,,,,,,,,,,,,,,,,,,2020,6/23/2020,$                                                     126.62,,,,,,,,,,2.94%,$           126.62,3.72,170.89,113.26,138.38,23%,35%,2.18%,3.28%,3.96%,120.67%,120.67%,0,2.69%,-5.68%,,,,,,,,,,,,
,,,,,,,,,,,,,,,,,,2020,6/24/2020,$                                                     123.99,,,,,,,,,,3.00%,$           123.99,3.72,170.89,113.26,138.38,19%,38%,2.18%,3.28%,4.05%,125.35%,125.35%,0,2.69%,-7.64%,,,,,,,,,,,,
,,,,,,,,,,,,,,,,,,2020,6/25/2020,$                                                     125.06,,,,,,,,,,2.97%,$           125.06,3.72,170.89,113.26,138.38,20%,37%,2.18%,3.28%,4.01%,123.42%,123.42%,0,2.69%,-6.85%,,,,,,,,,,,,
,,,,,,,,,,,,,,,,,,2020,6/26/2020,$                                                     123.37,,,,,,,,,,3.02%,$           123.37,3.72,170.89,113.26,138.38,18%,39%,2.18%,3.28%,4.07%,126.48%,126.48%,0,2.69%,-8.10%,,,,,,,,,,,,
,,,,,,,,,,,,,,,,,,2020,6/29/2020,$                                                     124.77,,,,,,,,,,2.98%,$           124.77,3.72,170.89,113.26,138.38,20%,37%,2.18%,3.28%,4.02%,123.94%,123.94%,0,2.69%,-7.06%,,,,,,,,,,,,
,,,,,,,,,,,,,,,,,,2020,6/30/2020,$                                                     126.97,,,,,,,,,,2.93%,$           126.97,3.72,170.89,113.26,138.38,24%,35%,2.18%,3.28%,3.95%,120.06%,120.06%,0,2.69%,-5.42%,,,,,,,,,,,,
,,,,,,,,,,,,,,,,,,2020,7/1/2020,$                                                     124.80,,,,,,,,,,2.98%,$           124.80,3.72,170.89,113.26,138.38,20%,37%,2.18%,3.28%,4.02%,123.89%,123.89%,0,2.69%,-7.04%,,,,,,,,,,,,
,,,,,,,,,,,,,,,,,,2020,7/2/2020,$                                                      125.81,,,,,,,,,,2.96%,$            125.81,3.72,170.89,113.26,138.38,22%,36%,2.18%,3.28%,3.99%,122.09%,122.09%,0,2.69%,-6.29%,,,,,,,,,,,,
,,,,,,,,,,,,,,,,,,2020,7/6/2020,$                                                     129.53,,,,,,,,,,2.87%,$           129.53,3.72,170.89,113.26,138.38,28%,32%,2.18%,3.28%,3.88%,115.71%,115.71%,0,2.69%,-3.52%,,,,,,,,,,,,
,,,,,,,,,,,,,,,,,,2020,7/7/2020,$                                                     128.60,,,,,,,,,,2.89%,$           128.60,3.72,170.89,113.26,138.38,27%,33%,2.18%,3.28%,3.90%,117.27%,117.27%,0,2.69%,-4.21%,,,,,,,,,,,,
,,,,,,,,,,,,,,,,,,2020,7/8/2020,$                                                     129.26,,,,,,,,,,2.88%,$           129.26,3.72,170.89,113.26,138.38,28%,32%,2.18%,3.28%,3.88%,116.16%,116.16%,0,2.69%,-3.72%,,,,,,,,,,,,
,,,,,,,,,,,,,,,,,,2020,7/9/2020,$                                                     130.43,,,,,,,,,,2.85%,$           130.43,3.72,170.89,113.26,138.38,30%,31%,2.18%,3.28%,3.85%,114.22%,114.22%,0,2.69%,-2.85%,,,,,,,,,,,,
,,,,,,,,,,,,,,,,,,2020,7/10/2020,$                                                     130.53,,,,,,,,,,2.85%,$           130.53,3.72,170.89,113.26,138.38,30%,31%,2.18%,3.28%,3.85%,114.06%,114.06%,0,2.69%,-2.77%,,,,,,,,,,,,
,,,,,,,,,,,,,,,,,,2020,7/13/2020,$                                                     128.82,,,,,,,,,,2.89%,$           128.82,3.72,170.89,113.26,138.38,27%,33%,2.18%,3.28%,3.90%,116.90%,116.90%,0,2.69%,-4.04%,,,,,,,,,,,,
,,,,,,,,,,,,,,,,,,2020,7/14/2020,$                                                      131.89,,,,,,,,,,2.82%,$            131.89,3.72,170.89,113.26,138.38,32%,30%,2.18%,3.28%,3.81%,111.85%,111.85%,0,2.69%,-1.76%,,,,,,,,,,,,
,,,,,,,,,,,,,,,,,,2020,7/15/2020,$                                                      132.15,,,,,,,,,,2.81%,$            132.15,3.72,170.89,113.26,138.38,33%,29%,2.18%,3.28%,3.80%,111.43%,111.43%,0,2.69%,-1.56%,,,,,,,,,,,,
,,,,,,,,,,,,,,,,,,2020,7/16/2020,$                                                      132.18,,,,,,,,,,2.81%,$            132.18,3.72,170.89,113.26,138.38,33%,29%,2.18%,3.28%,3.80%,111.39%,111.39%,0,2.69%,-1.54%,,,,,,,,,,,,
,,,,,,,,,,,,,,,,,,2020,7/17/2020,$                                                     133.89,,,,,,,,,,2.78%,$           133.89,3.72,170.89,113.26,138.38,36%,28%,2.18%,3.28%,3.75%,108.69%,108.69%,0,2.69%,-0.27%,,,,,,,,,,,,
,,,,,,,,,,,,,,,,,,2020,7/20/2020,$                                                     136.58,,,,,,,,,,2.72%,$           136.58,3.72,170.89,113.26,138.38,40%,25%,2.18%,3.28%,3.68%,104.58%,104.58%,0,2.69%,0.00%,,,,,,,,,,,,
,,,,,,,,,,,,,,,,,,2020,7/21/2020,$                                                     135.48,,,,,,,,,,2.75%,$           135.48,3.72,170.89,113.26,138.38,39%,26%,2.18%,3.28%,3.71%,106.24%,106.24%,0,2.69%,-0.81%,,,,,,,,,,,,
,,,,,,,,,,,,,,,,,,2020,7/22/2020,$                                                     132.53,,,,,,,,,,2.81%,$           132.53,3.72,170.89,113.26,138.38,33%,29%,2.18%,3.28%,3.79%,110.83%,110.83%,0,2.69%,-2.97%,,,,,,,,,,,,
,,,,,,,,,,,,,,,,,,2020,7/23/2020,$                                                     129.04,,,,,,,,,,2.88%,$           129.04,3.72,170.89,113.26,138.38,27%,32%,2.18%,3.28%,3.89%,116.53%,116.53%,0,2.69%,-5.52%,,,,,,,,,,,,
,,,,,,,,,,,,,,,,,,2020,7/24/2020,$                                                     129.63,,,,,,,,,,2.87%,$           129.63,3.72,170.89,113.26,138.38,28%,32%,2.18%,3.28%,3.87%,115.54%,115.54%,0,2.69%,-5.09%,,,,,,,,,,,,
,,,,,,,,,,,,,,,,,,2020,7/27/2020,$                                                      132.12,,,,,,,,,,2.82%,$            132.12,3.72,170.89,113.26,138.38,33%,29%,2.18%,3.28%,3.80%,111.48%,111.48%,0,2.69%,-3.27%,,,,,,,,,,,,
,,,,,,,,,,,,,,,,,,2020,7/28/2020,$                                                      130.13,,,,,,,,,,2.86%,$            130.13,3.72,170.89,113.26,138.38,29%,31%,2.18%,3.28%,3.86%,114.72%,114.72%,0,2.69%,-4.72%,,,,,,,,,,,,
,,,,,,,,,,,,,,,,,,2020,7/29/2020,$                                                      131.64,,,,,,,,,,2.83%,$            131.64,3.72,170.89,113.26,138.38,32%,30%,2.18%,3.28%,3.81%,112.25%,112.25%,0,2.69%,-3.62%,,,,,,,,,,,,
,,,,,,,,,,,,,,,,,,2020,7/30/2020,$                                                     128.89,,,,,,,,,,2.89%,$           128.89,3.72,170.89,113.26,138.38,27%,33%,2.18%,3.28%,3.89%,116.78%,116.78%,0,2.69%,-5.63%,,,,,,,,,,,,
,,,,,,,,,,,,,,,,,,2020,7/31/2020,$                                                     127.55,,,,,,,,,,2.92%,$           127.55,3.72,170.89,113.26,138.38,25%,34%,2.18%,3.28%,3.94%,119.06%,119.06%,0,2.69%,-6.61%,,,,,,,,,,,,
,,,,,,,,,,,,,,,,,,2020,8/3/2020,$                                                     129.32,,,,,,,,,,2.88%,$           129.32,3.72,170.89,113.26,138.38,28%,32%,2.18%,3.28%,3.88%,116.06%,116.06%,0,2.69%,-5.32%,,,,,,,,,,,,
,,,,,,,,,,,,,,,,,,2020,8/4/2020,$                                                     132.23,,,,,,,,,,2.81%,$           132.23,3.72,170.89,113.26,138.38,33%,29%,2.18%,3.28%,3.80%,111.31%,111.31%,0,2.69%,-3.18%,,,,,,,,,,,,
,,,,,,,,,,,,,,,,,,2020,8/5/2020,$                                                     132.70,,,,,,,,,,2.80%,$           132.70,3.72,170.89,113.26,138.38,34%,29%,2.18%,3.28%,3.78%,110.56%,110.56%,0,2.69%,-2.84%,,,,,,,,,,,,
,,,,,,,,,,,,,,,,,,2020,8/6/2020,$                                                     133.74,,,,,,,,,,2.78%,$           133.74,3.72,170.89,113.26,138.38,36%,28%,2.18%,3.28%,3.75%,108.92%,108.92%,0,2.69%,-2.08%,,,,,,,,,,,,
,,,,,,,,,,,,,,,,,,2020,8/7/2020,$                                                     133.56,,,,,,,,,,2.79%,$           133.56,3.72,170.89,113.26,138.38,35%,28%,2.18%,3.28%,3.76%,109.20%,109.20%,0,2.69%,-2.21%,,,,,,,,,,,,
,,,,,,,,,,,,,,,,,,2020,8/10/2020,$                                                      135.41,,,,,,,,,,2.75%,$            135.41,3.72,170.89,113.26,138.38,38%,26%,2.18%,3.28%,3.71%,106.34%,106.34%,0,2.69%,-0.86%,,,,,,,,,,,,
,,,,,,,,,,,,,,,,,,2020,8/11/2020,$                                                     136.04,,,,,,,,,,2.73%,$           136.04,3.72,170.89,113.26,138.38,40%,26%,2.18%,3.28%,3.69%,105.39%,105.39%,0,2.69%,-0.40%,,,,,,,,,,,,
,,,,,,,,,,,,,,,,,,2020,8/12/2020,$                                                     138.64,,,,,,,,,,2.68%,$           138.64,3.72,170.89,113.26,138.38,44%,23%,2.18%,3.28%,3.62%,101.54%,101.54%,0,2.69%,0.00%,,,,,,,,,,,,
,,,,,,,,,,,,,,,,,,2020,8/13/2020,$                                                      137.15,,,,,,,,,,2.71%,$            137.15,3.72,170.89,113.26,138.38,41%,25%,2.18%,3.28%,3.66%,103.73%,103.73%,0,2.69%,-1.07%,,,,,,,,,,,,
,,,,,,,,,,,,,,,,,,2020,8/14/2020,$                                                     137.35,,,,,,,,,,2.71%,$           137.35,3.72,170.89,113.26,138.38,42%,24%,2.18%,3.28%,3.65%,103.43%,103.43%,0,2.69%,-0.93%,,,,,,,,,,,,
,,,,,,,,,,,,,,,,,,2020,8/17/2020,$                                                     138.28,,,,,,,,,,2.69%,$           138.28,3.72,170.89,113.26,138.38,43%,24%,2.18%,3.28%,3.63%,102.06%,102.06%,0,2.69%,-0.26%,,,,,,,,,,,,
,,,,,,,,,,,,,,,,,,2020,8/18/2020,$                                                      139.31,,,,,,,,,,2.67%,$            139.31,3.72,170.89,113.26,138.38,45%,23%,2.18%,3.28%,3.60%,100.57%,100.57%,0,2.69%,0.00%,,,,,,,,,,,,
,,,,,,,,,,,,,,,,,,2020,8/19/2020,$                                                     138.48,,,,,,,,,,2.69%,$           138.48,3.72,170.89,113.26,138.38,44%,23%,2.18%,3.28%,3.63%,101.77%,101.77%,0,2.69%,-0.60%,,,,,,,,,,,,
,,,,,,,,,,,,,,,,,,2020,8/20/2020,$                                                     138.57,,,,,,,,,,2.68%,$           138.57,3.72,170.89,113.26,138.38,44%,23%,2.18%,3.28%,3.62%,101.64%,101.64%,0,2.69%,-0.53%,,,,,,,,,,,,
,,,,,,,,,,,,,,,,,,2020,8/21/2020,$                                                     140.33,,,,,,,,,,2.65%,$           140.33,3.72,170.89,113.26,138.38,47%,22%,2.18%,3.28%,3.58%,99.11%,99.11%,0,2.69%,0.00%,,,,,,,,,,,,
,,,,,,,,,,,,,,,,,,2020,8/24/2020,$                                                      141.02,,,,,,,,,,2.64%,$            141.02,3.72,170.89,113.26,138.38,48%,21%,2.18%,3.28%,3.56%,98.14%,98.14%,0,2.69%,0.00%,,,,,,,,,,,,
,,,,,,,,,,,,,,,,,,2020,8/25/2020,$                                                      141.66,,,,,,,,,,2.63%,$            141.66,3.72,170.89,113.26,138.38,49%,21%,2.18%,3.28%,3.54%,97.24%,97.24%,0,2.69%,0.00%,,,,,,,,,,,,
,,,,,,,,,,,,,,,,,,2020,8/26/2020,$                                                     142.45,,,,,,,,,,2.61%,$           142.45,3.72,170.89,113.26,138.38,51%,20%,2.18%,3.28%,3.52%,96.15%,96.15%,0,2.69%,0.00%,,,,,,,,,,,,
,,,,,,,,,,,,,,,,,,2020,8/27/2020,$                                                      141.49,,,,,,,,,,2.63%,$            141.49,3.72,170.89,113.26,138.38,49%,21%,2.18%,3.28%,3.55%,97.48%,97.48%,0,2.69%,-0.67%,,,,,,,,,,,,
,,,,,,,,,,,,,,,,,,2020,8/28/2020,$                                                     143.49,,,,,,,,,,2.59%,$           143.49,3.72,170.89,113.26,138.38,52%,19%,2.18%,3.28%,3.50%,94.72%,94.72%,0,2.69%,0.00%,,,,,,,,,,,,
,,,,,,,,,,,,,,,,,,2020,8/31/2020,$                                                      142.15,,,,,,,,,,2.62%,$            142.15,3.72,170.89,113.26,138.38,50%,20%,2.18%,3.28%,3.53%,96.56%,96.56%,0,2.69%,-0.93%,,,,,,,,,,,,
,,,,,,,,,,,,,,,,,,2020,9/1/2020,$                                                     144.96,,,,,,,,,,2.57%,$           144.96,3.72,170.89,113.26,138.38,55%,18%,2.18%,3.28%,3.46%,92.75%,92.75%,0,2.69%,0.00%,,,,,,,,,,,,
,,,,,,,,,,,,,,,,,,2020,9/2/2020,$                                                     147.64,,,,,,,,,,2.52%,$           147.64,3.72,170.89,113.26,138.38,60%,16%,2.18%,3.28%,3.40%,89.25%,89.25%,0,2.69%,0.00%,,,,,,,,,,,,
,,,,,,,,,,,,,,,,,,2020,9/3/2020,$                                                      141.67,,,,,,,,,,2.63%,$            141.67,3.72,170.89,113.26,138.38,49%,21%,2.18%,3.28%,3.54%,97.23%,97.23%,0,2.69%,-4.04%,,,,,,,,,,,,
,,,,,,,,,,,,,,,,,,2020,9/4/2020,$                                                     140.47,,,,,,,,,,2.65%,$           140.47,3.72,170.89,113.26,138.38,47%,22%,2.18%,3.28%,3.57%,98.91%,98.91%,0,2.69%,-4.86%,,,,,,,,,,,,
,,,,,,,,,,,,,,,,,,2020,9/8/2020,$                                                     136.04,,,,,,,,,,2.73%,$           136.04,3.72,170.89,113.26,138.38,40%,26%,2.18%,3.28%,3.69%,105.39%,105.39%,0,2.69%,-7.86%,,,,,,,,,,,,
,,,,,,,,,,,,,,,,,,2020,9/9/2020,$                                                     139.68,,,,,,,,,,2.66%,$           139.68,3.72,170.89,113.26,138.38,46%,22%,2.18%,3.28%,3.59%,100.04%,100.04%,0,2.69%,-5.39%,,,,,,,,,,,,
,,,,,,,,,,,,,,,,,,2020,9/10/2020,$                                                      137.19,,,,,,,,,,2.71%,$            137.19,3.72,170.89,113.26,138.38,42%,25%,2.18%,3.28%,3.66%,103.67%,103.67%,0,2.69%,-7.08%,,,,,,,,,,,,
,,,,,,,,,,,,,,,,,,2020,9/11/2020,$                                                     136.37,,,,,,,,,,2.73%,$           136.37,3.72,170.89,113.26,138.38,40%,25%,2.18%,3.28%,3.68%,104.89%,104.89%,0,2.69%,-7.63%,,,,,,,,,,,,
,,,,,,,,,,,,,,,,,,2020,9/14/2020,$                                                     138.53,,,,,,,,,,2.69%,$           138.53,3.72,170.89,113.26,138.38,44%,23%,2.18%,3.28%,3.62%,101.70%,101.70%,0,2.69%,-6.17%,,,,,,,,,,,,
,,,,,,,,,,,,,,,,,,2020,9/15/2020,$                                                     140.64,,,,,,,,,,2.65%,$           140.64,3.72,170.89,113.26,138.38,48%,22%,2.18%,3.28%,3.57%,98.67%,98.67%,0,2.69%,-4.74%,,,,,,,,,,,,
,,,,,,,,,,,,,,,,,,2020,9/16/2020,$                                                     139.68,,,,,,,,,,2.66%,$           139.68,3.72,170.89,113.26,138.38,46%,22%,2.18%,3.28%,3.59%,100.04%,100.04%,0,2.69%,-5.39%,,,,,,,,,,,,
,,,,,,,,,,,,,,,,,,2020,9/17/2020,$                                                     140.40,,,,,,,,,,2.65%,$           140.40,3.72,170.89,113.26,138.38,47%,22%,2.18%,3.28%,3.58%,99.01%,99.01%,0,2.69%,-4.90%,,,,,,,,,,,,
,,,,,,,,,,,,,,,,,,2020,9/18/2020,$                                                     138.66,,,,,,,,,,2.68%,$           138.66,3.72,170.89,113.26,138.38,44%,23%,2.18%,3.28%,3.62%,101.51%,101.51%,0,2.69%,-6.08%,,,,,,,,,,,,
,,,,,,,,,,,,,,,,,,2020,9/21/2020,$                                                     136.98,,,,,,,,,,2.72%,$           136.98,3.72,170.89,113.26,138.38,41%,25%,2.18%,3.28%,3.66%,103.98%,103.98%,0,2.69%,-7.22%,,,,,,,,,,,,
,,,,,,,,,,,,,,,,,,2020,9/22/2020,$                                                     138.65,,,,,,,,,,2.68%,$           138.65,3.72,170.89,113.26,138.38,44%,23%,2.18%,3.28%,3.62%,101.52%,101.52%,0,2.69%,-6.09%,,,,,,,,,,,,
,,,,,,,,,,,,,,,,,,2020,9/23/2020,$                                                      135.16,,,,,,,,,,2.75%,$            135.16,3.72,170.89,113.26,138.38,38%,26%,2.18%,3.28%,3.71%,106.73%,106.73%,0,2.69%,-8.45%,,,,,,,,,,,,
,,,,,,,,,,,,,,,,,,2020,9/24/2020,$                                                     136.69,,,,,,,,,,2.72%,$           136.69,3.72,170.89,113.26,138.38,41%,25%,2.18%,3.28%,3.67%,104.41%,104.41%,0,2.69%,-7.42%,,,,,,,,,,,,
,,,,,,,,,,,,,,,,,,2020,9/25/2020,$                                                     138.32,,,,,,,,,,2.69%,$           138.32,3.72,170.89,113.26,138.38,43%,24%,2.18%,3.28%,3.63%,102.00%,102.00%,0,2.69%,-6.31%,,,,,,,,,,,,
,,,,,,,,,,,,,,,,,,2020,9/28/2020,$                                                      141.94,,,,,,,,,,2.62%,$            141.94,3.72,170.89,113.26,138.38,50%,20%,2.18%,3.28%,3.54%,96.85%,96.85%,0,2.69%,-3.86%,,,,,,,,,,,,
,,,,,,,,,,,,,,,,,,2020,9/29/2020,$                                                      141.50,,,,,,,,,,2.63%,$            141.50,3.72,170.89,113.26,138.38,49%,21%,2.18%,3.28%,3.55%,97.46%,97.46%,0,2.69%,-4.16%,,,,,,,,,,,,
,,,,,,,,,,,,,,,,,,2020,9/30/2020,$                                                     142.79,,,,,,,,,,2.61%,$           142.79,3.72,170.89,113.26,138.38,51%,20%,2.18%,3.28%,3.52%,95.68%,95.68%,0,2.69%,-3.29%,,,,,,,,,,,,
,,,,,,,,,,,,,,,,,,2020,10/1/2020,$                                                      144.91,,,,,,,,,,2.57%,$            144.91,3.72,170.89,113.26,138.38,55%,18%,2.18%,3.28%,3.46%,92.82%,92.82%,0,2.69%,-1.85%,,,,,,,,,,,,
,,,,,,,,,,,,,,,,,,2020,10/2/2020,$                                                      141.09,,,,,,,,,,2.64%,$            141.09,3.72,170.89,113.26,138.38,48%,21%,2.18%,3.28%,3.56%,98.04%,98.04%,0,2.69%,-4.44%,,,,,,,,,,,,
,,,,,,,,,,,,,,,,,,2020,10/5/2020,$                                                     144.08,,,,,,,,,,2.58%,$           144.08,3.72,170.89,113.26,138.38,53%,19%,2.18%,3.28%,3.48%,93.93%,93.93%,0,2.69%,-2.41%,,,,,,,,,,,,
,,,,,,,,,,,,,,,,,,2020,10/6/2020,$                                                     143.85,,,,,,,,,,2.59%,$           143.85,3.72,170.89,113.26,138.38,53%,19%,2.18%,3.28%,3.49%,94.24%,94.24%,0,2.69%,-2.57%,,,,,,,,,,,,
,,,,,,,,,,,,,,,,,,2020,10/7/2020,$                                                     146.75,,,,,,,,,,2.53%,$           146.75,3.72,170.89,113.26,138.38,58%,16%,2.18%,3.28%,3.42%,90.40%,90.40%,0,2.69%,-0.60%,,,,,,,,,,,,
,,,,,,,,,,,,,,,,,,2020,10/8/2020,$                                                     148.06,,,,,,,,,,2.51%,$           148.06,3.72,170.89,113.26,138.38,60%,15%,2.18%,3.28%,3.39%,88.71%,88.71%,0,2.69%,0.00%,,,,,,,,,,,,
,,,,,,,,,,,,,,,,,,2020,10/9/2020,$                                                      150.91,,,,,,,,,,2.47%,$            150.91,3.72,170.89,113.26,138.38,65%,13%,2.18%,3.28%,3.33%,85.15%,85.15%,0,2.69%,0.00%,,,,,,,,,,,,
,,,,,,,,,,,,,,,,,,2020,10/12/2020,$                                                     154.90,,,,,,,,,,2.40%,$           154.90,3.72,170.89,113.26,138.38,72%,10%,2.18%,3.28%,3.24%,80.38%,80.38%,0,2.69%,0.00%,,,,,,,,,,,,
,,,,,,,,,,,,,,,,,,2020,10/13/2020,$                                                     154.49,,,,,,,,,,2.41%,$           154.49,3.72,170.89,113.26,138.38,72%,11%,2.18%,3.28%,3.25%,80.86%,80.86%,0,2.69%,-0.26%,,,,,,,,,,,,
,,,,,,,,,,,,,,,,,,2020,10/14/2020,$                                                     152.77,,,,,,,,,,2.44%,$           152.77,3.72,170.89,113.26,138.38,69%,12%,2.18%,3.28%,3.29%,82.90%,82.90%,0,2.69%,-1.38%,,,,,,,,,,,,
,,,,,,,,,,,,,,,,,,2020,10/15/2020,$                                                     152.55,,,,,,,,,,2.44%,$           152.55,3.72,170.89,113.26,138.38,68%,12%,2.18%,3.28%,3.29%,83.16%,83.16%,0,2.69%,-1.52%,,,,,,,,,,,,
,,,,,,,,,,,,,,,,,,2020,10/16/2020,$                                                      153.12,,,,,,,,,,2.43%,$            153.12,3.72,170.89,113.26,138.38,69%,12%,2.18%,3.28%,3.28%,82.48%,82.48%,0,2.69%,-1.15%,,,,,,,,,,,,
,,,,,,,,,,,,,,,,,,2020,10/19/2020,$                                                     150.76,,,,,,,,,,2.47%,$           150.76,3.72,170.89,113.26,138.38,65%,13%,2.18%,3.28%,3.33%,85.33%,85.33%,0,2.69%,-2.67%,,,,,,,,,,,,
,,,,,,,,,,,,,,,,,,2020,10/20/2020,$                                                     150.83,,,,,,,,,,2.47%,$           150.83,3.72,170.89,113.26,138.38,65%,13%,2.18%,3.28%,3.33%,85.25%,85.25%,0,2.69%,-2.63%,,,,,,,,,,,,
,,,,,,,,,,,,,,,,,,2020,10/21/2020,$                                                      146.13,,,,,,,,,,2.55%,$            146.13,3.72,170.89,113.26,138.38,57%,17%,2.18%,3.28%,3.44%,91.21%,91.21%,0,2.69%,-5.66%,,,,,,,,,,,,
,,,,,,,,,,,,,,,,,,2020,10/22/2020,$                                                     148.22,,,,,,,,,,2.51%,$           148.22,3.72,170.89,113.26,138.38,61%,15%,2.18%,3.28%,3.39%,88.51%,88.51%,0,2.69%,-4.31%,,,,,,,,,,,,
,,,,,,,,,,,,,,,,,,2020,10/23/2020,$                                                     149.96,,,,,,,,,,2.48%,$           149.96,3.72,170.89,113.26,138.38,64%,14%,2.18%,3.28%,3.35%,86.32%,86.32%,0,2.69%,-3.19%,,,,,,,,,,,,
,,,,,,,,,,,,,,,,,,2020,10/26/2020,$                                                     145.95,,,,,,,,,,2.55%,$           145.95,3.72,170.89,113.26,138.38,57%,17%,2.18%,3.28%,3.44%,91.44%,91.44%,0,2.69%,-5.78%,,,,,,,,,,,,
,,,,,,,,,,,,,,,,,,2020,10/27/2020,$                                                      147.12,,,,,,,,,,2.53%,$            147.12,3.72,170.89,113.26,138.38,59%,16%,2.18%,3.28%,3.41%,89.92%,89.92%,0,2.69%,-5.02%,,,,,,,,,,,,
,,,,,,,,,,,,,,,,,,2020,10/28/2020,$                                                     143.00,,,,,,,,,,2.60%,$           143.00,3.72,170.89,113.26,138.38,52%,20%,2.18%,3.28%,3.51%,95.39%,95.39%,0,2.69%,-7.68%,,,,,,,,,,,,
,,,,,,,,,,,,,,,,,,2020,10/29/2020,$                                                      146.19,,,,,,,,,,2.54%,$            146.19,3.72,170.89,113.26,138.38,57%,17%,2.18%,3.28%,3.43%,91.13%,91.13%,0,2.69%,-5.62%,,,,,,,,,,,,
,,,,,,,,,,,,,,,,,,2020,10/30/2020,$                                                     144.59,,,,,,,,,,2.57%,$           144.59,3.72,170.89,113.26,138.38,54%,18%,2.18%,3.28%,3.47%,93.24%,93.24%,0,2.69%,-6.66%,,,,,,,,,,,,
,,,,,,,,,,,,,,,,,,2020,11/2/2020,$                                                     145.60,,,,,,,,,,2.55%,$           145.60,3.72,170.89,113.26,138.38,56%,17%,2.18%,3.28%,3.45%,91.90%,91.90%,0,2.69%,-6.00%,,,,,,,,,,,,
,,,,,,,,,,,,,,,,,,2020,11/3/2020,$                                                     147.30,,,,,,,,,,2.53%,$           147.30,3.72,170.89,113.26,138.38,59%,16%,2.18%,3.28%,3.41%,89.69%,89.69%,0,2.69%,-4.91%,,,,,,,,,,,,
,,,,,,,,,,,,,,,,,,2020,11/4/2020,$                                                     152.03,,,,,,,,,,2.45%,$           152.03,3.72,170.89,113.26,138.38,67%,12%,2.18%,3.28%,3.30%,83.79%,83.79%,0,2.69%,-1.85%,,,,,,,,,,,,
,,,,,,,,,,,,,,,,,,2020,11/5/2020,$                                                     155.56,,,,,,,,,,2.39%,$           155.56,3.72,170.89,113.26,138.38,73%,10%,2.18%,3.28%,3.23%,79.62%,79.62%,0,2.69%,0.00%,,,,,,,,,,,,
,,,,,,,,,,,,,,,,,,2020,11/6/2020,$                                                     157.74,,,,,,,,,,2.36%,$           157.74,3.72,170.89,113.26,138.38,77%,8%,2.18%,3.28%,3.18%,77.13%,77.13%,0,2.69%,0.00%,,,,,,,,,,,,
,,,,,,,,,,,,,,,,,,2020,11/9/2020,$                                                     156.22,,,,,,,,,,2.38%,$           156.22,3.72,170.89,113.26,138.38,75%,9%,2.18%,3.28%,3.21%,78.86%,78.86%,0,2.69%,-0.96%,,,,,,,,,,,,
,,,,,,,,,,,,,,,,,,2020,11/10/2020,$                                                      151.49,,,,,,,,,,2.46%,$            151.49,3.72,170.89,113.26,138.38,66%,13%,2.18%,3.28%,3.31%,84.44%,84.44%,0,2.69%,-3.96%,,,,,,,,,,,,
,,,,,,,,,,,,,,,,,,2020,11/11/2020,$                                                     155.70,,,,,,,,,,2.39%,$           155.70,3.72,170.89,113.26,138.38,74%,10%,2.18%,3.28%,3.22%,79.45%,79.45%,0,2.69%,-1.29%,,,,,,,,,,,,
,,,,,,,,,,,,,,,,,,2020,11/12/2020,$                                                     154.50,,,,,,,,,,2.41%,$           154.50,3.72,170.89,113.26,138.38,72%,11%,2.18%,3.28%,3.25%,80.85%,80.85%,0,2.69%,-2.05%,,,,,,,,,,,,
,,,,,,,,,,,,,,,,,,2020,11/13/2020,$                                                     156.65,,,,,,,,,,2.37%,$           156.65,3.72,170.89,113.26,138.38,75%,9%,2.18%,3.28%,3.20%,78.37%,78.37%,0,2.69%,-0.69%,,,,,,,,,,,,
,,,,,,,,,,,,,,,,,,2020,11/16/2020,$                                                      158.31,,,,,,,,,,2.35%,$            158.31,3.72,170.89,113.26,138.38,78%,8%,2.18%,3.28%,3.17%,76.50%,76.50%,0,2.69%,0.00%,,,,,,,,,,,,
,,,,,,,,,,,,,,,,,,2020,11/17/2020,$                                                     155.50,,,,,,,,,,2.39%,$           155.50,3.72,170.89,113.26,138.38,73%,10%,2.18%,3.28%,3.23%,79.68%,79.68%,0,2.69%,-1.77%,,,,,,,,,,,,
,,,,,,,,,,,,,,,,,,2020,11/18/2020,$                                                     153.55,,,,,,,,,,2.42%,$           153.55,3.72,170.89,113.26,138.38,70%,11%,2.18%,3.28%,3.27%,81.97%,81.97%,0,2.69%,-3.01%,,,,,,,,,,,,
,,,,,,,,,,,,,,,,,,2020,11/19/2020,$                                                     157.27,,,,,,,,,,2.37%,$           157.27,3.72,170.89,113.26,138.38,76%,9%,2.18%,3.28%,3.19%,77.66%,77.66%,0,2.69%,-0.66%,,,,,,,,,,,,
,,,,,,,,,,,,,,,,,,2020,11/20/2020,$                                                     156.82,,,,,,,,,,2.37%,$           156.82,3.72,170.89,113.26,138.38,76%,9%,2.18%,3.28%,3.20%,78.17%,78.17%,0,2.69%,-0.94%,,,,,,,,,,,,
,,,,,,,,,,,,,,,,,,2020,11/23/2020,$                                                     157.42,,,,,,,,,,2.36%,$           157.42,3.72,170.89,113.26,138.38,77%,9%,2.18%,3.28%,3.19%,77.49%,77.49%,0,2.69%,-0.56%,,,,,,,,,,,,
,,,,,,,,,,,,,,,,,,2020,11/24/2020,$                                                     159.35,,,,,,,,,,2.33%,$           159.35,3.72,170.89,113.26,138.38,80%,7%,2.18%,3.28%,3.15%,75.34%,75.34%,0,2.69%,0.00%,,,,,,,,,,,,
,,,,,,,,,,,,,,,,,,2020,11/25/2020,$                                                     157.60,,,,,,,,,,2.36%,$           157.60,3.72,170.89,113.26,138.38,77%,8%,2.18%,3.28%,3.19%,77.29%,77.29%,0,2.69%,-1.10%,,,,,,,,,,,,
,,,,,,,,,,,,,,,,,,2020,11/27/2020,$                                                     158.99,,,,,,,,,,2.34%,$           158.99,3.72,170.89,113.26,138.38,79%,7%,2.18%,3.28%,3.16%,75.74%,75.74%,0,2.69%,-0.23%,,,,,,,,,,,,
,,,,,,,,,,,,,,,,,,2020,11/30/2020,$                                                      161.25,,,,,,,,,,2.31%,$            161.25,3.72,170.89,113.26,138.38,83%,6%,2.18%,3.28%,3.11%,73.28%,73.28%,0,2.69%,0.00%,,,,,,,,,,,,
,,,,,,,,,,,,,,,,,,2020,12/1/2020,$                                                     163.49,,,,,,,,,,2.28%,$           163.49,3.72,170.89,113.26,138.38,87%,5%,2.18%,3.28%,3.07%,70.90%,70.90%,0,2.69%,0.00%,,,,,,,,,,,,
,,,,,,,,,,,,,,,,,,2020,12/2/2020,$                                                     162.72,,,,,,,,,,2.29%,$           162.72,3.72,170.89,113.26,138.38,86%,5%,2.18%,3.28%,3.09%,71.71%,71.71%,0,2.69%,-0.47%,,,,,,,,,,,,
,,,,,,,,,,,,,,,,,,2020,12/3/2020,$                                                      161.98,,,,,,,,,,2.30%,$            161.98,3.72,170.89,113.26,138.38,85%,6%,2.18%,3.28%,3.10%,72.50%,72.50%,0,2.69%,-0.92%,,,,,,,,,,,,
,,,,,,,,,,,,,,,,,,2020,12/4/2020,$                                                     166.52,,,,,,,,,,2.23%,$           166.52,3.72,170.89,113.26,138.38,92%,3%,2.18%,3.28%,3.01%,67.79%,67.79%,0,2.69%,0.00%,,,,,,,,,,,,
,,,,,,,,,,,,,,,,,,2020,12/7/2020,$                                                     166.29,,,,,,,,,,2.24%,$           166.29,3.72,170.89,113.26,138.38,92%,3%,2.18%,3.28%,3.02%,68.03%,68.03%,0,2.69%,-0.14%,,,,,,,,,,,,
,,,,,,,,,,,,,,,,,,2020,12/8/2020,$                                                     166.68,,,,,,,,,,2.23%,$           166.68,3.72,170.89,113.26,138.38,93%,3%,2.18%,3.28%,3.01%,67.63%,67.63%,0,2.69%,0.00%,,,,,,,,,,,,
,,,,,,,,,,,,,,,,,,2020,12/9/2020,$                                                     162.76,,,,,,,,,,2.29%,$           162.76,3.72,170.89,113.26,138.38,86%,5%,2.18%,3.28%,3.08%,71.67%,71.67%,0,2.69%,-2.35%,,,,,,,,,,,,
,,,,,,,,,,,,,,,,,,2020,12/10/2020,$                                                     162.00,,,,,,,,,,2.30%,$           162.00,3.72,170.89,113.26,138.38,85%,5%,2.18%,3.28%,3.10%,72.48%,72.48%,0,2.69%,-2.81%,,,,,,,,,,,,
,,,,,,,,,,,,,,,,,,2020,12/11/2020,$                                                      160.61,,,,,,,,,,2.32%,$            160.61,3.72,170.89,113.26,138.38,82%,6%,2.18%,3.28%,3.13%,73.97%,73.97%,0,2.69%,-3.64%,,,,,,,,,,,,
,,,,,,,,,,,,,,,,,,2020,12/14/2020,$                                                      160.12,,,,,,,,,,2.32%,$            160.12,3.72,170.89,113.26,138.38,81%,7%,2.18%,3.28%,3.14%,74.50%,74.50%,0,2.69%,-3.94%,,,,,,,,,,,,
,,,,,,,,,,,,,,,,,,2020,12/15/2020,$                                                     162.38,,,,,,,,,,2.29%,$           162.38,3.72,170.89,113.26,138.38,85%,5%,2.18%,3.28%,3.09%,72.07%,72.07%,0,2.69%,-2.58%,,,,,,,,,,,,
,,,,,,,,,,,,,,,,,,2020,12/16/2020,$                                                      162.12,,,,,,,,,,2.29%,$            162.12,3.72,170.89,113.26,138.38,85%,5%,2.18%,3.28%,3.10%,72.35%,72.35%,0,2.69%,-2.74%,,,,,,,,,,,,
,,,,,,,,,,,,,,,,,,2020,12/17/2020,$                                                     162.69,,,,,,,,,,2.29%,$           162.69,3.72,170.89,113.26,138.38,86%,5%,2.18%,3.28%,3.09%,71.74%,71.74%,0,2.69%,-2.39%,,,,,,,,,,,,
,,,,,,,,,,,,,,,,,,2020,12/18/2020,$                                                     164.07,,,,,,,,,,2.27%,$           164.07,3.72,170.89,113.26,138.38,88%,4%,2.18%,3.28%,3.06%,70.30%,70.30%,0,2.69%,-1.57%,,,,,,,,,,,,
,,,,,,,,,,,,,,,,,,2020,12/21/2020,$                                                     162.43,,,,,,,,,,2.29%,$           162.43,3.72,170.89,113.26,138.38,85%,5%,2.18%,3.28%,3.09%,72.02%,72.02%,0,2.69%,-2.55%,,,,,,,,,,,,
,,,,,,,,,,,,,,,,,,2020,12/22/2020,$                                                     162.52,,,,,,,,,,2.29%,$           162.52,3.72,170.89,113.26,138.38,85%,5%,2.18%,3.28%,3.09%,71.92%,71.92%,0,2.69%,-2.50%,,,,,,,,,,,,
,,,,,,,,,,,,,,,,,,2020,12/23/2020,$                                                     160.98,,,,,,,,,,2.31%,$           160.98,3.72,170.89,113.26,138.38,83%,6%,2.18%,3.28%,3.12%,73.57%,73.57%,0,2.69%,-3.42%,,,,,,,,,,,,
,,,,,,,,,,,,,,,,,,2020,12/24/2020,$                                                      161.64,,,,,,,,,,2.30%,$            161.64,3.72,170.89,113.26,138.38,84%,6%,2.18%,3.28%,3.11%,72.86%,72.86%,0,2.69%,-3.02%,,,,,,,,,,,,
,,,,,,,,,,,,,,,,,,2020,12/28/2020,$                                                      161.47,,,,,,,,,,2.30%,$            161.47,3.72,170.89,113.26,138.38,84%,6%,2.18%,3.28%,3.11%,73.04%,73.04%,0,2.69%,-3.13%,,,,,,,,,,,,
,,,,,,,,,,,,,,,,,,2020,12/29/2020,$                                                       161.18,,,,,,,,,,2.31%,$             161.18,3.72,170.89,113.26,138.38,83%,6%,2.18%,3.28%,3.11%,73.35%,73.35%,0,2.69%,-3.30%,,,,,,,,,,,,
,,,,,,,,,,,,,,,,,,2020,12/30/2020,$                                                     162.70,,,,,,,,,,2.29%,$           162.70,3.72,170.89,113.26,138.38,86%,5%,2.18%,3.28%,3.09%,71.73%,71.73%,0,2.69%,-2.39%,,,,,,,,,,,,
,,,,,,,,,,,,,,,,,,2020,12/31/2020,$                                                      164.13,,,,,,,,,,2.27%,$            164.13,3.72,170.89,113.26,138.38,88%,4%,2.18%,3.28%,3.06%,70.24%,70.24%,0,2.69%,-1.53%,,,,,,,,,,,,
,,,,,,,,,,,,,,,,,,2021,1/4/2021,$                                                     162.22,,,,,,,,,,2.60%,$           162.22,4.21,193.40,128.18,156.60,52%,19%,2.18%,3.28%,3.09%,72.24%,72.24%,0,2.69%,-2.68%,,,,,,,,,,,,
,,,,,,,,,,,,,,,,,,2021,1/5/2021,$                                                      163.41,,,,,,,,,,2.58%,$            163.41,4.21,193.40,128.18,156.60,54%,18%,2.18%,3.28%,3.07%,70.99%,70.99%,0,2.69%,-1.96%,,,,,,,,,,,,
,,,,,,,,,,,,,,,,,,2021,1/6/2021,$                                                     164.22,,,,,,,,,,2.56%,$           164.22,4.21,193.40,128.18,156.60,55%,18%,2.18%,3.28%,3.06%,70.14%,70.14%,0,2.69%,-1.48%,,,,,,,,,,,,
,,,,,,,,,,,,,,,,,,2021,1/7/2021,$                                                     167.94,,,,,,,,,,2.51%,$           167.94,4.21,193.40,128.18,156.60,61%,15%,2.18%,3.28%,2.99%,66.37%,66.37%,0,2.69%,0.00%,,,,,,,,,,,,
,,,,,,,,,,,,,,,,,,2021,1/8/2021,$                                                       171.16,,,,,,,,,,2.46%,$             171.16,4.21,193.40,128.18,156.60,66%,13%,2.18%,3.28%,2.93%,63.24%,63.24%,0,2.69%,0.00%,,,,,,,,,,,,
,,,,,,,,,,,,,,,,,,2021,1/11/2021,$                                                       171.31,,,,,,,,,,2.46%,$             171.31,4.21,193.40,128.18,156.60,66%,13%,2.18%,3.28%,2.93%,63.10%,63.10%,0,2.69%,0.00%,,,,,,,,,,,,
,,,,,,,,,,,,,,,,,,2021,1/12/2021,$                                                     172.30,,,,,,,,,,2.44%,$           172.30,4.21,193.40,128.18,156.60,68%,12%,2.18%,3.28%,2.91%,62.16%,62.16%,0,2.69%,0.00%,,,,,,,,,,,,
,,,,,,,,,,,,,,,,,,2021,1/13/2021,$                                                       171.41,,,,,,,,,,2.46%,$             171.41,4.21,193.40,128.18,156.60,66%,13%,2.18%,3.28%,2.93%,63.01%,63.01%,0,2.69%,-0.52%,,,,,,,,,,,,
,,,,,,,,,,,,,,,,,,2021,1/14/2021,$                                                       171.71,,,,,,,,,,2.45%,$             171.71,4.21,193.40,128.18,156.60,67%,13%,2.18%,3.28%,2.92%,62.72%,62.72%,0,2.69%,-0.34%,,,,,,,,,,,,
,,,,,,,,,,,,,,,,,,2021,1/15/2021,$                                                      169.19,,,,,,,,,,2.49%,$            169.19,4.21,193.40,128.18,156.60,63%,14%,2.18%,3.28%,2.97%,65.15%,65.15%,0,2.69%,-1.80%,,,,,,,,,,,,
,,,,,,,,,,,,,,,,,,2021,1/19/2021,$                                                      174.19,,,,,,,,,,2.42%,$            174.19,4.21,193.40,128.18,156.60,71%,11%,2.18%,3.28%,2.88%,60.41%,60.41%,0,2.69%,0.00%,,,,,,,,,,,,
,,,,,,,,,,,,,,,,,,2021,1/20/2021,$                                                     173.33,,,,,,,,,,2.43%,$           173.33,4.21,193.40,128.18,156.60,69%,12%,2.18%,3.28%,2.90%,61.20%,61.20%,0,2.69%,-0.49%,,,,,,,,,,,,
,,,,,,,,,,,,,,,,,,2021,1/21/2021,$                                                      175.10,,,,,,,,,,2.40%,$            175.10,4.21,193.40,128.18,156.60,72%,10%,2.18%,3.28%,2.87%,59.57%,59.57%,0,2.69%,0.00%,,,,,,,,,,,,
,,,,,,,,,,,,,,,,,,2021,1/22/2021,$                                                      172.81,,,,,,,,,,2.44%,$            172.81,4.21,193.40,128.18,156.60,68%,12%,2.18%,3.28%,2.90%,61.69%,61.69%,0,2.69%,-1.31%,,,,,,,,,,,,
,,,,,,,,,,,,,,,,,,2021,1/25/2021,$                                                     172.92,,,,,,,,,,2.43%,$           172.92,4.21,193.40,128.18,156.60,69%,12%,2.18%,3.28%,2.90%,61.58%,61.58%,0,2.69%,-1.25%,,,,,,,,,,,,
,,,,,,,,,,,,,,,,,,2021,1/26/2021,$                                                      171.47,,,,,,,,,,2.46%,$            171.47,4.21,193.40,128.18,156.60,66%,13%,2.18%,3.28%,2.93%,62.95%,62.95%,0,2.69%,-2.07%,,,,,,,,,,,,
,,,,,,,,,,,,,,,,,,2021,1/27/2021,$                                                     162.93,,,,,,,,,,2.58%,$           162.93,4.21,193.40,128.18,156.60,53%,19%,2.18%,3.28%,3.08%,71.49%,71.49%,0,2.69%,-6.95%,,,,,,,,,,,,
,,,,,,,,,,,,,,,,,,2021,1/28/2021,$                                                     169.23,,,,,,,,,,2.49%,$           169.23,4.21,193.40,128.18,156.60,63%,14%,2.18%,3.28%,2.97%,65.11%,65.11%,0,2.69%,-3.35%,,,,,,,,,,,,
,,,,,,,,,,,,,,,,,,2021,1/29/2021,$                                                     165.69,,,,,,,,,,2.54%,$           165.69,4.21,193.40,128.18,156.60,58%,17%,2.18%,3.28%,3.03%,68.63%,68.63%,0,2.69%,-5.37%,,,,,,,,,,,,
,,,,,,,,,,,,,,,,,,2021,2/1/2021,$                                                     172.46,,,,,,,,,,2.44%,$           172.46,4.21,193.40,128.18,156.60,68%,12%,2.18%,3.28%,2.91%,62.01%,62.01%,0,2.69%,-1.51%,,,,,,,,,,,,
,,,,,,,,,,,,,,,,,,2021,2/2/2021,$                                                     174.75,,,,,,,,,,2.41%,$           174.75,4.21,193.40,128.18,156.60,71%,11%,2.18%,3.28%,2.87%,59.89%,59.89%,0,2.69%,-0.20%,,,,,,,,,,,,
,,,,,,,,,,,,,,,,,,2021,2/3/2021,$                                                     168.58,,,,,,,,,,2.50%,$           168.58,4.21,193.40,128.18,156.60,62%,15%,2.18%,3.28%,2.98%,65.74%,65.74%,0,2.69%,-3.72%,,,,,,,,,,,,
,,,,,,,,,,,,,,,,,,2021,2/4/2021,$                                                     172.00,,,,,,,,,,2.45%,$           172.00,4.21,193.40,128.18,156.60,67%,12%,2.18%,3.28%,2.92%,62.45%,62.45%,0,2.69%,-1.77%,,,,,,,,,,,,
,,,,,,,,,,,,,,,,,,2021,2/5/2021,$                                                     169.93,,,,,,,,,,2.48%,$           169.93,4.21,193.40,128.18,156.60,64%,14%,2.18%,3.28%,2.95%,64.43%,64.43%,0,2.69%,-2.95%,,,,,,,,,,,,
,,,,,,,,,,,,,,,,,,2021,2/8/2021,$                                                      175.12,,,,,,,,,,2.40%,$            175.12,4.21,193.40,128.18,156.60,72%,10%,2.18%,3.28%,2.87%,59.55%,59.55%,0,2.69%,0.00%,,,,,,,,,,,,
,,,,,,,,,,,,,,,,,,2021,2/9/2021,$                                                     173.69,,,,,,,,,,2.42%,$           173.69,4.21,193.40,128.18,156.60,70%,11%,2.18%,3.28%,2.89%,60.87%,60.87%,0,2.69%,-0.82%,,,,,,,,,,,,
,,,,,,,,,,,,,,,,,,2021,2/10/2021,$                                                     174.36,,,,,,,,,,2.41%,$           174.36,4.21,193.40,128.18,156.60,71%,11%,2.18%,3.28%,2.88%,60.25%,60.25%,0,2.69%,-0.43%,,,,,,,,,,,,
,,,,,,,,,,,,,,,,,,2021,2/11/2021,$                                                     179.22,,,,,,,,,,2.35%,$           179.22,4.21,193.40,128.18,156.60,78%,8%,2.18%,3.28%,2.80%,55.90%,55.90%,0,2.69%,0.00%,,,,,,,,,,,,
,,,,,,,,,,,,,,,,,,2021,2/12/2021,$                                                     179.64,,,,,,,,,,2.34%,$           179.64,4.21,193.40,128.18,156.60,79%,8%,2.18%,3.28%,2.79%,55.54%,55.54%,0,2.69%,0.00%,,,,,,,,,,,,
,,,,,,,,,,,,,,,,,,2021,2/16/2021,$                                                     180.76,,,,,,,,,,2.33%,$           180.76,4.21,193.40,128.18,156.60,81%,7%,2.18%,3.28%,2.78%,54.58%,54.58%,0,2.69%,0.00%,,,,,,,,,,,,
,,,,,,,,,,,,,,,,,,2021,2/17/2021,$                                                     178.53,,,,,,,,,,2.36%,$           178.53,4.21,193.40,128.18,156.60,77%,8%,2.18%,3.28%,2.81%,56.51%,56.51%,0,2.69%,-1.23%,,,,,,,,,,,,
,,,,,,,,,,,,,,,,,,2021,2/18/2021,$                                                      176.51,,,,,,,,,,2.39%,$            176.51,4.21,193.40,128.18,156.60,74%,10%,2.18%,3.28%,2.84%,58.30%,58.30%,0,2.69%,-2.35%,,,,,,,,,,,,
,,,,,,,,,,,,,,,,,,2021,2/19/2021,$                                                     178.35,,,,,,,,,,2.36%,$           178.35,4.21,193.40,128.18,156.60,77%,8%,2.18%,3.28%,2.81%,56.66%,56.66%,0,2.69%,-1.33%,,,,,,,,,,,,
,,,,,,,,,,,,,,,,,,2021,2/22/2021,$                                                     173.09,,,,,,,,,,2.43%,$           173.09,4.21,193.40,128.18,156.60,69%,12%,2.18%,3.28%,2.90%,61.42%,61.42%,0,2.69%,-4.24%,,,,,,,,,,,,
,,,,,,,,,,,,,,,,,,2021,2/23/2021,$                                                     172.85,,,,,,,,,,2.44%,$           172.85,4.21,193.40,128.18,156.60,68%,12%,2.18%,3.28%,2.90%,61.65%,61.65%,0,2.69%,-4.38%,,,,,,,,,,,,
,,,,,,,,,,,,,,,,,,2021,2/24/2021,$                                                     179.39,,,,,,,,,,2.35%,$           179.39,4.21,193.40,128.18,156.60,79%,8%,2.18%,3.28%,2.80%,55.76%,55.76%,0,2.69%,-0.76%,,,,,,,,,,,,
,,,,,,,,,,,,,,,,,,2021,2/25/2021,$                                                     170.53,,,,,,,,,,2.47%,$           170.53,4.21,193.40,128.18,156.60,65%,13%,2.18%,3.28%,2.94%,63.85%,63.85%,0,2.69%,-5.66%,,,,,,,,,,,,
,,,,,,,,,,,,,,,,,,2021,2/26/2021,$                                                     172.27,,,,,,,,,,2.44%,$           172.27,4.21,193.40,128.18,156.60,68%,12%,2.18%,3.28%,2.91%,62.19%,62.19%,0,2.69%,-4.70%,,,,,,,,,,,,
,,,,,,,,,,,,,,,,,,2021,3/1/2021,$                                                     177.67,,,,,,,,,,2.37%,$           177.67,4.21,193.40,128.18,156.60,76%,9%,2.18%,3.28%,2.83%,57.26%,57.26%,0,2.69%,-1.71%,,,,,,,,,,,,
,,,,,,,,,,,,,,,,,,2021,3/2/2021,$                                                     174.89,,,,,,,,,,2.41%,$           174.89,4.21,193.40,128.18,156.60,72%,11%,2.18%,3.28%,2.87%,59.76%,59.76%,0,2.69%,-3.25%,,,,,,,,,,,,
,,,,,,,,,,,,,,,,,,2021,3/3/2021,$                                                     170.59,,,,,,,,,,2.47%,$           170.59,4.21,193.40,128.18,156.60,65%,13%,2.18%,3.28%,2.94%,63.79%,63.79%,0,2.69%,-5.63%,,,,,,,,,,,,
,,,,,,,,,,,,,,,,,,2021,3/4/2021,$                                                     163.25,,,,,,,,,,2.58%,$           163.25,4.21,193.40,128.18,156.60,54%,18%,2.18%,3.28%,3.08%,71.15%,71.15%,0,2.69%,-9.69%,,,,,,,,,,,,
,,,,,,,,,,,,,,,,,,2021,3/5/2021,$                                                     167.94,,,,,,,,,,2.51%,$           167.94,4.21,193.40,128.18,156.60,61%,15%,2.18%,3.28%,2.99%,66.37%,66.37%,0,2.69%,-7.09%,,,,,,,,,,,,
,,,,,,,,,,,,,,,,,,2021,3/8/2021,$                                                       162.11,,,,,,,,,,2.60%,$             162.11,4.21,193.40,128.18,156.60,52%,19%,2.18%,3.28%,3.10%,72.36%,72.36%,0,2.69%,-10.32%,,,,,,,,,,,,
,,,,,,,,,,,,,,,,,,2021,3/9/2021,$                                                     170.36,,,,,,,,,,2.47%,$           170.36,4.21,193.40,128.18,156.60,65%,14%,2.18%,3.28%,2.95%,64.01%,64.01%,0,2.69%,-5.75%,,,,,,,,,,,,
,,,,,,,,,,,,,,,,,,2021,3/10/2021,$                                                     169.42,,,,,,,,,,2.48%,$           169.42,4.21,193.40,128.18,156.60,63%,14%,2.18%,3.28%,2.96%,64.92%,64.92%,0,2.69%,-6.27%,,,,,,,,,,,,
,,,,,,,,,,,,,,,,,,2021,3/11/2021,$                                                     174.95,,,,,,,,,,2.41%,$           174.95,4.21,193.40,128.18,156.60,72%,11%,2.18%,3.28%,2.87%,59.71%,59.71%,0,2.69%,-3.21%,,,,,,,,,,,,
,,,,,,,,,,,,,,,,,,2021,3/12/2021,$                                                     173.57,,,,,,,,,,2.43%,$           173.57,4.21,193.40,128.18,156.60,70%,11%,2.18%,3.28%,2.89%,60.98%,60.98%,0,2.69%,-3.98%,,,,,,,,,,,,
,,,,,,,,,,,,,,,,,,2021,3/15/2021,$                                                      174.91,,,,,,,,,,2.41%,$            174.91,4.21,193.40,128.18,156.60,72%,11%,2.18%,3.28%,2.87%,59.75%,59.75%,0,2.69%,-3.24%,,,,,,,,,,,,
,,,,,,,,,,,,,,,,,,2021,3/16/2021,$                                                      177.14,,,,,,,,,,2.38%,$            177.14,4.21,193.40,128.18,156.60,75%,9%,2.18%,3.28%,2.83%,57.73%,57.73%,0,2.69%,-2.00%,,,,,,,,,,,,
,,,,,,,,,,,,,,,,,,2021,3/17/2021,$                                                     179.35,,,,,,,,,,2.35%,$           179.35,4.21,193.40,128.18,156.60,78%,8%,2.18%,3.28%,2.80%,55.79%,55.79%,0,2.69%,-0.78%,,,,,,,,,,,,
,,,,,,,,,,,,,,,,,,2021,3/18/2021,$                                                     174.36,,,,,,,,,,2.41%,$           174.36,4.21,193.40,128.18,156.60,71%,11%,2.18%,3.28%,2.88%,60.25%,60.25%,0,2.69%,-3.54%,,,,,,,,,,,,
,,,,,,,,,,,,,,,,,,2021,3/19/2021,$                                                     175.98,,,,,,,,,,2.39%,$           175.98,4.21,193.40,128.18,156.60,73%,10%,2.18%,3.28%,2.85%,58.77%,58.77%,0,2.69%,-2.64%,,,,,,,,,,,,
,,,,,,,,,,,,,,,,,,2021,3/22/2021,$                                                      180.10,,,,,,,,,,2.34%,$            180.10,4.21,193.40,128.18,156.60,80%,7%,2.18%,3.28%,2.79%,55.14%,55.14%,0,2.69%,-0.37%,,,,,,,,,,,,
,,,,,,,,,,,,,,,,,,2021,3/23/2021,$                                                     178.78,,,,,,,,,,2.35%,$           178.78,4.21,193.40,128.18,156.60,78%,8%,2.18%,3.28%,2.81%,56.29%,56.29%,0,2.69%,-1.10%,,,,,,,,,,,,
,,,,,,,,,,,,,,,,,,2021,3/24/2021,$                                                     178.90,,,,,,,,,,2.35%,$           178.90,4.21,193.40,128.18,156.60,78%,8%,2.18%,3.28%,2.81%,56.18%,56.18%,0,2.69%,-1.03%,,,,,,,,,,,,
,,,,,,,,,,,,,,,,,,2021,3/25/2021,$                                                     178.49,,,,,,,,,,2.36%,$           178.49,4.21,193.40,128.18,156.60,77%,8%,2.18%,3.28%,2.81%,56.54%,56.54%,0,2.69%,-1.26%,,,,,,,,,,,,
,,,,,,,,,,,,,,,,,,2021,3/26/2021,$                                                     188.20,,,,,,,,,,2.24%,$           188.20,4.21,193.40,128.18,156.60,92%,3%,2.18%,3.28%,2.67%,48.46%,48.46%,0,2.69%,0.00%,,,,,,,,,,,,
,,,,,,,,,,,,,,,,,,2021,3/29/2021,$                                                      186.18,,,,,,,,,,2.26%,$            186.18,4.21,193.40,128.18,156.60,89%,4%,2.18%,3.28%,2.70%,50.08%,50.08%,0,2.69%,-1.07%,,,,,,,,,,,,
,,,,,,,,,,,,,,,,,,2021,3/30/2021,$                                                     185.94,,,,,,,,,,2.26%,$           185.94,4.21,193.40,128.18,156.60,89%,4%,2.18%,3.28%,2.70%,50.27%,50.27%,0,2.69%,-1.20%,,,,,,,,,,,,
,,,,,,,,,,,,,,,,,,2021,3/31/2021,$                                                     188.99,,,,,,,,,,2.23%,$           188.99,4.21,193.40,128.18,156.60,93%,2%,2.18%,3.28%,2.66%,47.84%,47.84%,0,2.69%,0.00%,,,,,,,,,,,,
,,,,,,,,,,,,,,,,,,2021,4/1/2021,$                                                     192.06,,,,,,,,,,2.19%,$           192.06,4.21,193.40,128.18,156.60,98%,1%,2.18%,3.28%,2.61%,45.48%,45.48%,0,2.69%,0.00%,,,,,,,,,,,,
,,,,,,,,,,,,,,,,,,2021,4/5/2021,$                                                     196.93,,,,,,,,,,2.14%,$           196.93,4.21,193.40,128.18,156.60,105%,-2%,2.18%,3.28%,2.55%,41.88%,41.88%,0,2.69%,0.00%,,,,,,,,,,,,
,,,,,,,,,,,,,,,,,,2021,4/6/2021,$                                                     194.59,,,,,,,,,,2.16%,$           194.59,4.21,193.40,128.18,156.60,102%,-1%,2.18%,3.28%,2.58%,43.59%,43.59%,0,2.69%,-1.19%,,,,,,,,,,,,
,,,,,,,,,,,,,,,,,,2021,4/7/2021,$                                                     193.09,,,,,,,,,,2.18%,$           193.09,4.21,193.40,128.18,156.60,100%,0%,2.18%,3.28%,2.60%,44.70%,44.70%,0,2.69%,-1.95%,,,,,,,,,,,,
,,,,,,,,,,,,,,,,,,2021,4/8/2021,$                                                     195.20,,,,,,,,,,2.16%,$           195.20,4.21,193.40,128.18,156.60,103%,-1%,2.18%,3.28%,2.57%,43.14%,43.14%,0,2.69%,-0.88%,,,,,,,,,,,,
,,,,,,,,,,,,,,,,,,2021,4/9/2021,$                                                     195.43,,,,,,,,,,2.15%,$           195.43,4.21,193.40,128.18,156.60,103%,-1%,2.18%,3.28%,2.57%,42.97%,42.97%,0,2.69%,-0.76%,,,,,,,,,,,,
,,,,,,,,,,,,,,,,,,2021,4/12/2021,$                                                     192.43,,,,,,,,,,2.19%,$           192.43,4.21,193.40,128.18,156.60,99%,1%,2.18%,3.28%,2.61%,45.20%,45.20%,0,2.69%,-2.29%,,,,,,,,,,,,
,,,,,,,,,,,,,,,,,,2021,4/13/2021,$                                                      191.24,,,,,,,,,,2.20%,$            191.24,4.21,193.40,128.18,156.60,97%,1%,2.18%,3.28%,2.62%,46.10%,46.10%,0,2.69%,-2.89%,,,,,,,,,,,,
,,,,,,,,,,,,,,,,,,2021,4/14/2021,$                                                     190.33,,,,,,,,,,2.21%,$           190.33,4.21,193.40,128.18,156.60,95%,2%,2.18%,3.28%,2.64%,46.80%,46.80%,0,2.69%,-3.35%,,,,,,,,,,,,
,,,,,,,,,,,,,,,,,,2021,4/15/2021,$                                                      193.17,,,,,,,,,,2.18%,$            193.17,4.21,193.40,128.18,156.60,100%,0%,2.18%,3.28%,2.60%,44.64%,44.64%,0,2.69%,-1.91%,,,,,,,,,,,,
,,,,,,,,,,,,,,,,,,2021,4/16/2021,$                                                      191.93,,,,,,,,,,2.19%,$            191.93,4.21,193.40,128.18,156.60,98%,1%,2.18%,3.28%,2.62%,45.58%,45.58%,0,2.69%,-2.54%,,,,,,,,,,,,
,,,,,,,,,,,,,,,,,,2021,4/19/2021,$                                                     187.06,,,,,,,,,,2.25%,$           187.06,4.21,193.40,128.18,156.60,90%,3%,2.18%,3.28%,2.68%,49.37%,49.37%,0,2.69%,-5.01%,,,,,,,,,,,,
,,,,,,,,,,,,,,,,,,2021,4/20/2021,$                                                     185.27,,,,,,,,,,2.27%,$           185.27,4.21,193.40,128.18,156.60,88%,4%,2.18%,3.28%,2.71%,50.81%,50.81%,0,2.69%,-5.92%,,,,,,,,,,,,
,,,,,,,,,,,,,,,,,,2021,4/21/2021,$                                                     188.90,,,,,,,,,,2.23%,$           188.90,4.21,193.40,128.18,156.60,93%,2%,2.18%,3.28%,2.66%,47.91%,47.91%,0,2.69%,-4.08%,,,,,,,,,,,,
,,,,,,,,,,,,,,,,,,2021,4/22/2021,$                                                     185.80,,,,,,,,,,2.27%,$           185.80,4.21,193.40,128.18,156.60,88%,4%,2.18%,3.28%,2.70%,50.38%,50.38%,0,2.69%,-5.65%,,,,,,,,,,,,
,,,,,,,,,,,,,,,,,,2021,4/23/2021,$                                                     188.82,,,,,,,,,,2.23%,$           188.82,4.21,193.40,128.18,156.60,93%,2%,2.18%,3.28%,2.66%,47.98%,47.98%,0,2.69%,-4.12%,,,,,,,,,,,,
,,,,,,,,,,,,,,,,,,2021,4/26/2021,$                                                      191.36,,,,,,,,,,2.20%,$            191.36,4.21,193.40,128.18,156.60,97%,1%,2.18%,3.28%,2.62%,46.01%,46.01%,0,2.69%,-2.83%,,,,,,,,,,,,
,,,,,,,,,,,,,,,,,,2021,4/27/2021,$                                                      190.21,,,,,,,,,,2.21%,$            190.21,4.21,193.40,128.18,156.60,95%,2%,2.18%,3.28%,2.64%,46.90%,46.90%,0,2.69%,-3.41%,,,,,,,,,,,,
,,,,,,,,,,,,,,,,,,2021,4/28/2021,$                                                      181.82,,,,,,,,,,2.32%,$            181.82,4.21,193.40,128.18,156.60,82%,6%,2.18%,3.28%,2.76%,53.67%,53.67%,0,2.69%,-7.67%,,,,,,,,,,,,
,,,,,,,,,,,,,,,,,,2021,4/29/2021,$                                                     185.82,,,,,,,,,,2.27%,$           185.82,4.21,193.40,128.18,156.60,88%,4%,2.18%,3.28%,2.70%,50.37%,50.37%,0,2.69%,-5.64%,,,,,,,,,,,,
,,,,,,,,,,,,,,,,,,2021,4/30/2021,$                                                      180.51,,,,,,,,,,2.33%,$            180.51,4.21,193.40,128.18,156.60,80%,7%,2.18%,3.28%,2.78%,54.79%,54.79%,0,2.69%,-8.34%,,,,,,,,,,,,
,,,,,,,,,,,,,,,,,,2021,5/3/2021,$                                                     178.80,,,,,,,,,,2.35%,$           178.80,4.21,193.40,128.18,156.60,78%,8%,2.18%,3.28%,2.81%,56.27%,56.27%,0,2.69%,-9.21%,,,,,,,,,,,,
,,,,,,,,,,,,,,,,,,2021,5/4/2021,$                                                     179.03,,,,,,,,,,2.35%,$           179.03,4.21,193.40,128.18,156.60,78%,8%,2.18%,3.28%,2.80%,56.07%,56.07%,0,2.69%,-9.09%,,,,,,,,,,,,
,,,,,,,,,,,,,,,,,,2021,5/5/2021,$                                                      181.65,,,,,,,,,,2.32%,$            181.65,4.21,193.40,128.18,156.60,82%,6%,2.18%,3.28%,2.76%,53.82%,53.82%,0,2.69%,-7.76%,,,,,,,,,,,,
,,,,,,,,,,,,,,,,,,2021,5/6/2021,$                                                     184.27,,,,,,,,,,2.28%,$           184.27,4.21,193.40,128.18,156.60,86%,5%,2.18%,3.28%,2.72%,51.63%,51.63%,0,2.69%,-6.43%,,,,,,,,,,,,
,,,,,,,,,,,,,,,,,,2021,5/7/2021,$                                                     187.76,,,,,,,,,,2.24%,$           187.76,4.21,193.40,128.18,156.60,91%,3%,2.18%,3.28%,2.67%,48.81%,48.81%,0,2.69%,-4.66%,,,,,,,,,,,,
,,,,,,,,,,,,,,,,,,2021,5/10/2021,$                                                     182.05,,,,,,,,,,2.31%,$           182.05,4.21,193.40,128.18,156.60,83%,6%,2.18%,3.28%,2.76%,53.48%,53.48%,0,2.69%,-7.56%,,,,,,,,,,,,
,,,,,,,,,,,,,,,,,,2021,5/11/2021,$                                                     183.20,,,,,,,,,,2.30%,$           183.20,4.21,193.40,128.18,156.60,84%,6%,2.18%,3.28%,2.74%,52.52%,52.52%,0,2.69%,-6.97%,,,,,,,,,,,,
,,,,,,,,,,,,,,,,,,2021,5/12/2021,$                                                     176.60,,,,,,,,,,2.38%,$           176.60,4.21,193.40,128.18,156.60,74%,10%,2.18%,3.28%,2.84%,58.22%,58.22%,0,2.69%,-10.32%,,,,,,,,,,,,
,,,,,,,,,,,,,,,,,,2021,5/13/2021,$                                                     178.99,,,,,,,,,,2.35%,$           178.99,4.21,193.40,128.18,156.60,78%,8%,2.18%,3.28%,2.80%,56.10%,56.10%,0,2.69%,-9.11%,,,,,,,,,,,,
,,,,,,,,,,,,,,,,,,2021,5/14/2021,$                                                     183.27,,,,,,,,,,2.30%,$           183.27,4.21,193.40,128.18,156.60,84%,6%,2.18%,3.28%,2.74%,52.46%,52.46%,0,2.69%,-6.94%,,,,,,,,,,,,
,,,,,,,,,,,,,,,,,,2021,5/17/2021,$                                                     180.83,,,,,,,,,,2.33%,$           180.83,4.21,193.40,128.18,156.60,81%,7%,2.18%,3.28%,2.78%,54.52%,54.52%,0,2.69%,-8.18%,,,,,,,,,,,,
,,,,,,,,,,,,,,,,,,2021,5/18/2021,$                                                     178.87,,,,,,,,,,2.35%,$           178.87,4.21,193.40,128.18,156.60,78%,8%,2.18%,3.28%,2.81%,56.21%,56.21%,0,2.69%,-9.17%,,,,,,,,,,,,
,,,,,,,,,,,,,,,,,,2021,5/19/2021,$                                                      181.72,,,,,,,,,,2.32%,$            181.72,4.21,193.40,128.18,156.60,82%,6%,2.18%,3.28%,2.76%,53.76%,53.76%,0,2.69%,-7.72%,,,,,,,,,,,,
,,,,,,,,,,,,,,,,,,2021,5/20/2021,$                                                     185.30,,,,,,,,,,2.27%,$           185.30,4.21,193.40,128.18,156.60,88%,4%,2.18%,3.28%,2.71%,50.79%,50.79%,0,2.69%,-5.91%,,,,,,,,,,,,
,,,,,,,,,,,,,,,,,,2021,5/21/2021,$                                                      185.01,,,,,,,,,,2.28%,$            185.01,4.21,193.40,128.18,156.60,87%,5%,2.18%,3.28%,2.71%,51.02%,51.02%,0,2.69%,-6.05%,,,,,,,,,,,,
,,,,,,,,,,,,,,,,,,2021,5/24/2021,$                                                     188.69,,,,,,,,,,2.23%,$           188.69,4.21,193.40,128.18,156.60,93%,2%,2.18%,3.28%,2.66%,48.08%,48.08%,0,2.69%,-4.18%,,,,,,,,,,,,
,,,,,,,,,,,,,,,,,,2021,5/25/2021,$                                                     188.70,,,,,,,,,,2.23%,$           188.70,4.21,193.40,128.18,156.60,93%,2%,2.18%,3.28%,2.66%,48.07%,48.07%,0,2.69%,-4.18%,,,,,,,,,,,,
,,,,,,,,,,,,,,,,,,2021,5/26/2021,$                                                     188.36,,,,,,,,,,2.24%,$           188.36,4.21,193.40,128.18,156.60,92%,3%,2.18%,3.28%,2.67%,48.34%,48.34%,0,2.69%,-4.35%,,,,,,,,,,,,
,,,,,,,,,,,,,,,,,,2021,5/27/2021,$                                                      189.13,,,,,,,,,,2.23%,$            189.13,4.21,193.40,128.18,156.60,93%,2%,2.18%,3.28%,2.65%,47.73%,47.73%,0,2.69%,-3.96%,,,,,,,,,,,,
,,,,,,,,,,,,,,,,,,2021,5/28/2021,$                                                     189.82,,,,,,,,,,2.22%,$           189.82,4.21,193.40,128.18,156.60,95%,2%,2.18%,3.28%,2.64%,47.20%,47.20%,0,2.69%,-3.61%,,,,,,,,,,,,
,,,,,,,,,,,,,,,,,,2021,6/1/2021,$                                                     189.00,,,,,,,,,,2.23%,$           189.00,4.21,193.40,128.18,156.60,93%,2%,2.18%,3.28%,2.66%,47.84%,47.84%,0,2.69%,-4.03%,,,,,,,,,,,,
,,,,,,,,,,,,,,,,,,2021,6/2/2021,$                                                     190.75,,,,,,,,,,2.21%,$           190.75,4.21,193.40,128.18,156.60,96%,1%,2.18%,3.28%,2.63%,46.48%,46.48%,0,2.69%,-3.14%,,,,,,,,,,,,
,,,,,,,,,,,,,,,,,,2021,6/3/2021,$                                                     186.00,,,,,,,,,,2.26%,$           186.00,4.21,193.40,128.18,156.60,89%,4%,2.18%,3.28%,2.70%,50.22%,50.22%,0,2.69%,-5.55%,,,,,,,,,,,,
,,,,,,,,,,,,,,,,,,2021,6/4/2021,$                                                     190.07,,,,,,,,,,2.21%,$           190.07,4.21,193.40,128.18,156.60,95%,2%,2.18%,3.28%,2.64%,47.00%,47.00%,0,2.69%,-3.48%,,,,,,,,,,,,
,,,,,,,,,,,,,,,,,,2021,6/7/2021,$                                                     188.55,,,,,,,,,,2.23%,$           188.55,4.21,193.40,128.18,156.60,93%,3%,2.18%,3.28%,2.66%,48.19%,48.19%,0,2.69%,-4.26%,,,,,,,,,,,,
,,,,,,,,,,,,,,,,,,2021,6/8/2021,$                                                     186.93,,,,,,,,,,2.25%,$           186.93,4.21,193.40,128.18,156.60,90%,3%,2.18%,3.28%,2.69%,49.47%,49.47%,0,2.69%,-5.08%,,,,,,,,,,,,
,,,,,,,,,,,,,,,,,,2021,6/9/2021,$                                                     186.45,,,,,,,,,,2.26%,$           186.45,4.21,193.40,128.18,156.60,89%,4%,2.18%,3.28%,2.69%,49.86%,49.86%,0,2.69%,-5.32%,,,,,,,,,,,,
,,,,,,,,,,,,,,,,,,2021,6/10/2021,$                                                     188.00,,,,,,,,,,2.24%,$           188.00,4.21,193.40,128.18,156.60,92%,3%,2.18%,3.28%,2.67%,48.62%,48.62%,0,2.69%,-4.53%,,,,,,,,,,,,
,,,,,,,,,,,,,,,,,,2021,6/11/2021,$                                                     188.67,,,,,,,,,,2.23%,$           188.67,4.21,193.40,128.18,156.60,93%,3%,2.18%,3.28%,2.66%,48.09%,48.09%,0,2.69%,-4.19%,,,,,,,,,,,,
,,,,,,,,,,,,,,,,,,2021,6/14/2021,$                                                     190.26,,,,,,,,,,2.21%,$           190.26,4.21,193.40,128.18,156.60,95%,2%,2.18%,3.28%,2.64%,46.86%,46.86%,0,2.69%,-3.39%,,,,,,,,,,,,
,,,,,,,,,,,,,,,,,,2021,6/15/2021,$                                                      188.61,,,,,,,,,,2.23%,$            188.61,4.21,193.40,128.18,156.60,93%,3%,2.18%,3.28%,2.66%,48.14%,48.14%,0,2.69%,-4.22%,,,,,,,,,,,,
,,,,,,,,,,,,,,,,,,2021,6/16/2021,$                                                     187.73,,,,,,,,,,2.24%,$           187.73,4.21,193.40,128.18,156.60,91%,3%,2.18%,3.28%,2.67%,48.84%,48.84%,0,2.69%,-4.67%,,,,,,,,,,,,
,,,,,,,,,,,,,,,,,,2021,6/17/2021,$                                                     187.65,,,,,,,,,,2.24%,$           187.65,4.21,193.40,128.18,156.60,91%,3%,2.18%,3.28%,2.68%,48.90%,48.90%,0,2.69%,-4.71%,,,,,,,,,,,,
,,,,,,,,,,,,,,,,,,2021,6/18/2021,$                                                     183.07,,,,,,,,,,2.30%,$           183.07,4.21,193.40,128.18,156.60,84%,6%,2.18%,3.28%,2.74%,52.62%,52.62%,0,2.69%,-7.04%,,,,,,,,,,,,
,,,,,,,,,,,,,,,,,,2021,6/21/2021,$                                                       186.11,,,,,,,,,,2.26%,$             186.11,4.21,193.40,128.18,156.60,89%,4%,2.18%,3.28%,2.70%,50.13%,50.13%,0,2.69%,-5.49%,,,,,,,,,,,,
,,,,,,,,,,,,,,,,,,2021,6/22/2021,$                                                     187.04,,,,,,,,,,2.25%,$           187.04,4.21,193.40,128.18,156.60,90%,3%,2.18%,3.28%,2.68%,49.39%,49.39%,0,2.69%,-5.02%,,,,,,,,,,,,
,,,,,,,,,,,,,,,,,,2021,6/23/2021,$                                                      186.10,,,,,,,,,,2.26%,$            186.10,4.21,193.40,128.18,156.60,89%,4%,2.18%,3.28%,2.70%,50.14%,50.14%,0,2.69%,-5.50%,,,,,,,,,,,,
,,,,,,,,,,,,,,,,,,2021,6/24/2021,$                                                      188.61,,,,,,,,,,2.23%,$            188.61,4.21,193.40,128.18,156.60,93%,3%,2.18%,3.28%,2.66%,48.14%,48.14%,0,2.69%,-4.22%,,,,,,,,,,,,
,,,,,,,,,,,,,,,,,,2021,6/25/2021,$                                                      188.17,,,,,,,,,,2.24%,$            188.17,4.21,193.40,128.18,156.60,92%,3%,2.18%,3.28%,2.67%,48.49%,48.49%,0,2.69%,-4.45%,,,,,,,,,,,,
,,,,,,,,,,,,,,,,,,2021,6/28/2021,$                                                      191.53,,,,,,,,,,2.20%,$            191.53,4.21,193.40,128.18,156.60,97%,1%,2.18%,3.28%,2.62%,45.88%,45.88%,0,2.69%,-2.74%,,,,,,,,,,,,
,,,,,,,,,,,,,,,,,,2021,6/29/2021,$                                                     192.88,,,,,,,,,,2.18%,$           192.88,4.21,193.40,128.18,156.60,99%,0%,2.18%,3.28%,2.60%,44.86%,44.86%,0,2.69%,-2.06%,,,,,,,,,,,,
,,,,,,,,,,,,,,,,,,2021,6/30/2021,$                                                     192.30,,,,,,,,,,2.19%,$           192.30,4.21,193.40,128.18,156.60,98%,1%,2.18%,3.28%,2.61%,45.30%,45.30%,0,2.69%,-2.35%,,,,,,,,,,,,
,,,,,,,,,,,,,,,,,,2021,7/1/2021,$                                                     190.84,,,,,,,,,,2.21%,$           190.84,4.21,193.40,128.18,156.60,96%,1%,2.18%,3.28%,2.63%,46.41%,46.41%,0,2.69%,-3.09%,,,,,,,,,,,,
,,,,,,,,,,,,,,,,,,2021,7/2/2021,$                                                      192.21,,,,,,,,,,2.19%,$            192.21,4.21,193.40,128.18,156.60,98%,1%,2.18%,3.28%,2.61%,45.37%,45.37%,0,2.69%,-2.40%,,,,,,,,,,,,
,,,,,,,,,,,,,,,,,,2021,7/6/2021,$                                                      191.20,,,,,,,,,,2.20%,$            191.20,4.21,193.40,128.18,156.60,97%,1%,2.18%,3.28%,2.63%,46.13%,46.13%,0,2.69%,-2.91%,,,,,,,,,,,,
,,,,,,,,,,,,,,,,,,2021,7/7/2021,$                                                     189.78,,,,,,,,,,2.22%,$           189.78,4.21,193.40,128.18,156.60,94%,2%,2.18%,3.28%,2.65%,47.23%,47.23%,0,2.69%,-3.63%,,,,,,,,,,,,
,,,,,,,,,,,,,,,,,,2021,7/8/2021,$                                                     188.24,,,,,,,,,,2.24%,$           188.24,4.21,193.40,128.18,156.60,92%,3%,2.18%,3.28%,2.67%,48.43%,48.43%,0,2.69%,-4.41%,,,,,,,,,,,,
,,,,,,,,,,,,,,,,,,2021,7/9/2021,$                                                     190.27,,,,,,,,,,2.21%,$           190.27,4.21,193.40,128.18,156.60,95%,2%,2.18%,3.28%,2.64%,46.85%,46.85%,0,2.69%,-3.38%,,,,,,,,,,,,
,,,,,,,,,,,,,,,,,,2021,7/12/2021,$                                                      191.92,,,,,,,,,,2.19%,$            191.92,4.21,193.40,128.18,156.60,98%,1%,2.18%,3.28%,2.62%,45.59%,45.59%,0,2.69%,-2.54%,,,,,,,,,,,,
,,,,,,,,,,,,,,,,,,2021,7/13/2021,$                                                      191.20,,,,,,,,,,2.20%,$            191.20,4.21,193.40,128.18,156.60,97%,1%,2.18%,3.28%,2.63%,46.13%,46.13%,0,2.69%,-2.91%,,,,,,,,,,,,
,,,,,,,,,,,,,,,,,,2021,7/14/2021,$                                                      191.28,,,,,,,,,,2.20%,$            191.28,4.21,193.40,128.18,156.60,97%,1%,2.18%,3.28%,2.62%,46.07%,46.07%,0,2.69%,-2.87%,,,,,,,,,,,,
,,,,,,,,,,,,,,,,,,2021,7/15/2021,$                                                     188.26,,,,,,,,,,2.24%,$           188.26,4.21,193.40,128.18,156.60,92%,3%,2.18%,3.28%,2.67%,48.42%,48.42%,0,2.69%,-4.40%,,,,,,,,,,,,
,,,,,,,,,,,,,,,,,,2021,7/16/2021,$                                                      186.12,,,,,,,,,,2.26%,$            186.12,4.21,193.40,128.18,156.60,89%,4%,2.18%,3.28%,2.70%,50.12%,50.12%,0,2.69%,-5.49%,,,,,,,,,,,,
,,,,,,,,,,,,,,,,,,2021,7/19/2021,$                                                     186.24,,,,,,,,,,2.26%,$           186.24,4.21,193.40,128.18,156.60,89%,4%,2.18%,3.28%,2.70%,50.03%,50.03%,0,2.69%,-5.43%,,,,,,,,,,,,
,,,,,,,,,,,,,,,,,,2021,7/20/2021,$                                                     187.77,,,,,,,,,,2.24%,$           187.77,4.21,193.40,128.18,156.60,91%,3%,2.18%,3.28%,2.67%,48.80%,48.80%,0,2.69%,-4.65%,,,,,,,,,,,,
,,,,,,,,,,,,,,,,,,2021,7/21/2021,$                                                     194.24,,,,,,,,,,2.17%,$           194.24,4.21,193.40,128.18,156.60,101%,0%,2.18%,3.28%,2.58%,43.85%,43.85%,0,2.69%,-1.37%,,,,,,,,,,,,
,,,,,,,,,,,,,,,,,,2021,7/22/2021,$                                                      183.91,,,,,,,,,,2.29%,$            183.91,4.21,193.40,128.18,156.60,85%,5%,2.18%,3.28%,2.73%,51.93%,51.93%,0,2.69%,-6.61%,,,,,,,,,,,,
,,,,,,,,,,,,,,,,,,2021,7/23/2021,$                                                     186.85,,,,,,,,,,2.25%,$           186.85,4.21,193.40,128.18,156.60,90%,4%,2.18%,3.28%,2.69%,49.54%,49.54%,0,2.69%,-5.12%,,,,,,,,,,,,
,,,,,,,,,,,,,,,,,,2021,7/26/2021,$                                                     188.26,,,,,,,,,,2.24%,$           188.26,4.21,193.40,128.18,156.60,92%,3%,2.18%,3.28%,2.67%,48.42%,48.42%,0,2.69%,-4.40%,,,,,,,,,,,,
,,,,,,,,,,,,,,,,,,2021,7/27/2021,$                                                      185.13,,,,,,,,,,2.27%,$            185.13,4.21,193.40,128.18,156.60,87%,4%,2.18%,3.28%,2.71%,50.93%,50.93%,0,2.69%,-5.99%,,,,,,,,,,,,
,,,,,,,,,,,,,,,,,,2021,7/28/2021,$                                                     186.85,,,,,,,,,,2.25%,$           186.85,4.21,193.40,128.18,156.60,90%,4%,2.18%,3.28%,2.69%,49.54%,49.54%,0,2.69%,-5.12%,,,,,,,,,,,,
,,,,,,,,,,,,,,,,,,2021,7/29/2021,$                                                     189.83,,,,,,,,,,2.22%,$           189.83,4.21,193.40,128.18,156.60,95%,2%,2.18%,3.28%,2.64%,47.19%,47.19%,0,2.69%,-3.61%,,,,,,,,,,,,
,,,,,,,,,,,,,,,,,,2021,7/30/2021,$                                                     190.62,,,,,,,,,,2.21%,$           190.62,4.21,193.40,128.18,156.60,96%,1%,2.18%,3.28%,2.63%,46.58%,46.58%,0,2.69%,-3.20%,,,,,,,,,,,,
,,,,,,,,,,,,,,,,,,2021,8/2/2021,$                                                     190.72,,,,,,,,,,2.21%,$           190.72,4.21,193.40,128.18,156.60,96%,1%,2.18%,3.28%,2.63%,46.50%,46.50%,0,2.69%,-3.15%,,,,,,,,,,,,
,,,,,,,,,,,,,,,,,,2021,8/3/2021,$                                                     189.34,,,,,,,,,,2.22%,$           189.34,4.21,193.40,128.18,156.60,94%,2%,2.18%,3.28%,2.65%,47.57%,47.57%,0,2.69%,-3.85%,,,,,,,,,,,,
,,,,,,,,,,,,,,,,,,2021,8/4/2021,$                                                     192.38,,,,,,,,,,2.19%,$           192.38,4.21,193.40,128.18,156.60,98%,1%,2.18%,3.28%,2.61%,45.24%,45.24%,0,2.69%,-2.31%,,,,,,,,,,,,
,,,,,,,,,,,,,,,,,,2021,8/5/2021,$                                                      193.16,,,,,,,,,,2.18%,$            193.16,4.21,193.40,128.18,156.60,100%,0%,2.18%,3.28%,2.60%,44.65%,44.65%,0,2.69%,-1.91%,,,,,,,,,,,,
,,,,,,,,,,,,,,,,,,2021,8/6/2021,$                                                     192.96,,,,,,,,,,2.18%,$           192.96,4.21,193.40,128.18,156.60,99%,0%,2.18%,3.28%,2.60%,44.80%,44.80%,0,2.69%,-2.02%,,,,,,,,,,,,
,,,,,,,,,,,,,,,,,,2021,8/9/2021,$                                                     190.45,,,,,,,,,,2.21%,$           190.45,4.21,193.40,128.18,156.60,95%,2%,2.18%,3.28%,2.64%,46.71%,46.71%,0,2.69%,-3.29%,,,,,,,,,,,,
,,,,,,,,,,,,,,,,,,2021,8/10/2021,$                                                     189.65,,,,,,,,,,2.22%,$           189.65,4.21,193.40,128.18,156.60,94%,2%,2.18%,3.28%,2.65%,47.33%,47.33%,0,2.69%,-3.70%,,,,,,,,,,,,
,,,,,,,,,,,,,,,,,,2021,8/11/2021,$                                                     189.50,,,,,,,,,,2.22%,$           189.50,4.21,193.40,128.18,156.60,94%,2%,2.18%,3.28%,2.65%,47.45%,47.45%,0,2.69%,-3.77%,,,,,,,,,,,,
,,,,,,,,,,,,,,,,,,2021,8/12/2021,$                                                     187.87,,,,,,,,,,2.24%,$           187.87,4.21,193.40,128.18,156.60,92%,3%,2.18%,3.28%,2.67%,48.73%,48.73%,0,2.69%,-4.60%,,,,,,,,,,,,
,,,,,,,,,,,,,,,,,,2021,8/13/2021,$                                                     188.70,,,,,,,,,,2.23%,$           188.70,4.21,193.40,128.18,156.60,93%,2%,2.18%,3.28%,2.66%,48.07%,48.07%,0,2.69%,-4.18%,,,,,,,,,,,,
,,,,,,,,,,,,,,,,,,2021,8/16/2021,$                                                     189.85,,,,,,,,,,2.22%,$           189.85,4.21,193.40,128.18,156.60,95%,2%,2.18%,3.28%,2.64%,47.17%,47.17%,0,2.69%,-3.60%,,,,,,,,,,,,
,,,,,,,,,,,,,,,,,,2021,8/17/2021,$                                                     186.32,,,,,,,,,,2.26%,$           186.32,4.21,193.40,128.18,156.60,89%,4%,2.18%,3.28%,2.69%,49.96%,49.96%,0,2.69%,-5.39%,,,,,,,,,,,,
,,,,,,,,,,,,,,,,,,2021,8/18/2021,$                                                     183.80,,,,,,,,,,2.29%,$           183.80,4.21,193.40,128.18,156.60,85%,5%,2.18%,3.28%,2.73%,52.02%,52.02%,0,2.69%,-6.67%,,,,,,,,,,,,
,,,,,,,,,,,,,,,,,,2021,8/19/2021,$                                                     185.04,,,,,,,,,,2.28%,$           185.04,4.21,193.40,128.18,156.60,87%,5%,2.18%,3.28%,2.71%,51.00%,51.00%,0,2.69%,-6.04%,,,,,,,,,,,,
,,,,,,,,,,,,,,,,,,2021,8/20/2021,$                                                     184.97,,,,,,,,,,2.28%,$           184.97,4.21,193.40,128.18,156.60,87%,5%,2.18%,3.28%,2.71%,51.06%,51.06%,0,2.69%,-6.07%,,,,,,,,,,,,
,,,,,,,,,,,,,,,,,,2021,8/23/2021,$                                                     187.85,,,,,,,,,,2.24%,$           187.85,4.21,193.40,128.18,156.60,91%,3%,2.18%,3.28%,2.67%,48.74%,48.74%,0,2.69%,-4.61%,,,,,,,,,,,,
,,,,,,,,,,,,,,,,,,2021,8/24/2021,$                                                     187.82,,,,,,,,,,2.24%,$           187.82,4.21,193.40,128.18,156.60,91%,3%,2.18%,3.28%,2.67%,48.76%,48.76%,0,2.69%,-4.63%,,,,,,,,,,,,
,,,,,,,,,,,,,,,,,,2021,8/25/2021,$                                                     188.09,,,,,,,,,,2.24%,$           188.09,4.21,193.40,128.18,156.60,92%,3%,2.18%,3.28%,2.67%,48.55%,48.55%,0,2.69%,-4.49%,,,,,,,,,,,,
,,,,,,,,,,,,,,,,,,2021,8/26/2021,$                                                     187.97,,,,,,,,,,2.24%,$           187.97,4.21,193.40,128.18,156.60,92%,3%,2.18%,3.28%,2.67%,48.65%,48.65%,0,2.69%,-4.55%,,,,,,,,,,,,
,,,,,,,,,,,,,,,,,,2021,8/27/2021,$                                                     190.52,,,,,,,,,,2.21%,$           190.52,4.21,193.40,128.18,156.60,96%,2%,2.18%,3.28%,2.63%,46.66%,46.66%,0,2.69%,-3.25%,,,,,,,,,,,,
,,,,,,,,,,,,,,,,,,2021,8/30/2021,$                                                      191.43,,,,,,,,,,2.20%,$            191.43,4.21,193.40,128.18,156.60,97%,1%,2.18%,3.28%,2.62%,45.96%,45.96%,0,2.69%,-2.79%,,,,,,,,,,,,
,,,,,,,,,,,,,,,,,,2021,8/31/2021,$                                                      190.91,,,,,,,,,,2.21%,$            190.91,4.21,193.40,128.18,156.60,96%,1%,2.18%,3.28%,2.63%,46.36%,46.36%,0,2.69%,-3.06%,,,,,,,,,,,,
,,,,,,,,,,,,,,,,,,2021,9/1/2021,$                                                     188.35,,,,,,,,,,2.24%,$           188.35,4.21,193.40,128.18,156.60,92%,3%,2.18%,3.28%,2.67%,48.35%,48.35%,0,2.69%,-4.36%,,,,,,,,,,,,
,,,,,,,,,,,,,,,,,,2021,9/2/2021,$                                                      189.41,,,,,,,,,,2.22%,$            189.41,4.21,193.40,128.18,156.60,94%,2%,2.18%,3.28%,2.65%,47.52%,47.52%,0,2.69%,-3.82%,,,,,,,,,,,,
,,,,,,,,,,,,,,,,,,2021,9/3/2021,$                                                     189.88,,,,,,,,,,2.22%,$           189.88,4.21,193.40,128.18,156.60,95%,2%,2.18%,3.28%,2.64%,47.15%,47.15%,0,2.69%,-3.58%,,,,,,,,,,,,
,,,,,,,,,,,,,,,,,,2021,9/7/2021,$                                                     189.46,,,,,,,,,,2.22%,$           189.46,4.21,193.40,128.18,156.60,94%,2%,2.18%,3.28%,2.65%,47.48%,47.48%,0,2.69%,-3.79%,,,,,,,,,,,,
,,,,,,,,,,,,,,,,,,2021,9/8/2021,$                                                     188.80,,,,,,,,,,2.23%,$           188.80,4.21,193.40,128.18,156.60,93%,2%,2.18%,3.28%,2.66%,47.99%,47.99%,0,2.69%,-4.13%,,,,,,,,,,,,
,,,,,,,,,,,,,,,,,,2021,9/9/2021,$                                                     188.47,,,,,,,,,,2.23%,$           188.47,4.21,193.40,128.18,156.60,92%,3%,2.18%,3.28%,2.66%,48.25%,48.25%,0,2.69%,-4.30%,,,,,,,,,,,,
,,,,,,,,,,,,,,,,,,2021,9/10/2021,$                                                     190.65,,,,,,,,,,2.21%,$           190.65,4.21,193.40,128.18,156.60,96%,1%,2.18%,3.28%,2.63%,46.56%,46.56%,0,2.69%,-3.19%,,,,,,,,,,,,
,,,,,,,,,,,,,,,,,,2021,9/13/2021,$                                                     193.98,,,,,,,,,,2.17%,$           193.98,4.21,193.40,128.18,156.60,101%,0%,2.18%,3.28%,2.59%,44.04%,44.04%,0,2.69%,-1.50%,,,,,,,,,,,,
,,,,,,,,,,,,,,,,,,2021,9/14/2021,$                                                       195.11,,,,,,,,,,2.16%,$             195.11,4.21,193.40,128.18,156.60,103%,-1%,2.18%,3.28%,2.57%,43.21%,43.21%,0,2.69%,-0.92%,,,,,,,,,,,,
,,,,,,,,,,,,,,,,,,2021,9/15/2021,$                                                     197.50,,,,,,,,,,2.13%,$           197.50,4.21,193.40,128.18,156.60,106%,-2%,2.18%,3.28%,2.54%,41.47%,41.47%,0,2.69%,0.00%,,,,,,,,,,,,
,,,,,,,,,,,,,,,,,,2021,9/16/2021,$                                                     196.82,,,,,,,,,,2.14%,$           196.82,4.21,193.40,128.18,156.60,105%,-2%,2.18%,3.28%,2.55%,41.96%,41.96%,0,2.69%,-0.34%,,,,,,,,,,,,
,,,,,,,,,,,,,,,,,,2021,9/17/2021,$                                                     196.25,,,,,,,,,,2.15%,$           196.25,4.21,193.40,128.18,156.60,104%,-1%,2.18%,3.28%,2.56%,42.37%,42.37%,0,2.69%,-0.63%,,,,,,,,,,,,
,,,,,,,,,,,,,,,,,,2021,9/20/2021,$                                                     192.59,,,,,,,,,,2.19%,$           192.59,4.21,193.40,128.18,156.60,99%,0%,2.18%,3.28%,2.61%,45.08%,45.08%,0,2.69%,-2.49%,,,,,,,,,,,,
,,,,,,,,,,,,,,,,,,2021,9/21/2021,$                                                     192.96,,,,,,,,,,2.18%,$           192.96,4.21,193.40,128.18,156.60,99%,0%,2.18%,3.28%,2.60%,44.80%,44.80%,0,2.69%,-2.30%,,,,,,,,,,,,
,,,,,,,,,,,,,,,,,,2021,9/22/2021,$                                                     195.92,,,,,,,,,,2.15%,$           195.92,4.21,193.40,128.18,156.60,104%,-1%,2.18%,3.28%,2.56%,42.61%,42.61%,0,2.69%,-0.80%,,,,,,,,,,,,
,,,,,,,,,,,,,,,,,,2021,9/23/2021,$                                                     198.67,,,,,,,,,,2.12%,$           198.67,4.21,193.40,128.18,156.60,108%,-3%,2.18%,3.28%,2.53%,40.64%,40.64%,0,2.69%,0.00%,,,,,,,,,,,,
,,,,,,,,,,,,,,,,,,2021,9/24/2021,$                                                    200.65,,,,,,,,,,2.10%,$          200.65,4.21,193.40,128.18,156.60,111%,-4%,2.18%,3.28%,2.50%,39.25%,39.25%,0,2.69%,0.00%,,,,,,,,,,,,
,,,,,,,,,,,,,,,,,,2021,9/27/2021,$                                                    200.33,,,,,,,,,,2.10%,$          200.33,4.21,193.40,128.18,156.60,111%,-3%,2.18%,3.28%,2.51%,39.47%,39.47%,0,2.69%,-0.16%,,,,,,,,,,,,
,,,,,,,,,,,,,,,,,,2021,9/28/2021,$                                                     194.89,,,,,,,,,,2.16%,$           194.89,4.21,193.40,128.18,156.60,102%,-1%,2.18%,3.28%,2.58%,43.37%,43.37%,0,2.69%,-2.87%,,,,,,,,,,,,
,,,,,,,,,,,,,,,,,,2021,9/29/2021,$                                                     193.07,,,,,,,,,,2.18%,$           193.07,4.21,193.40,128.18,156.60,99%,0%,2.18%,3.28%,2.60%,44.72%,44.72%,0,2.69%,-3.78%,,,,,,,,,,,,
,,,,,,,,,,,,,,,,,,2021,9/30/2021,$                                                      192.21,,,,,,,,,,2.19%,$            192.21,4.21,193.40,128.18,156.60,98%,1%,2.18%,3.28%,2.61%,45.37%,45.37%,0,2.69%,-4.21%,,,,,,,,,,,,
,,,,,,,,,,,,,,,,,,2021,10/1/2021,$                                                     193.79,,,,,,,,,,2.17%,$           193.79,4.21,193.40,128.18,156.60,101%,0%,2.18%,3.28%,2.59%,44.18%,44.18%,0,2.69%,-3.42%,,,,,,,,,,,,
,,,,,,,,,,,,,,,,,,2021,10/4/2021,$                                                     190.40,,,,,,,,,,2.21%,$           190.40,4.21,193.40,128.18,156.60,95%,2%,2.18%,3.28%,2.64%,46.75%,46.75%,0,2.69%,-5.11%,,,,,,,,,,,,
,,,,,,,,,,,,,,,,,,2021,10/5/2021,$                                                     193.88,,,,,,,,,,2.17%,$           193.88,4.21,193.40,128.18,156.60,101%,0%,2.18%,3.28%,2.59%,44.11%,44.11%,0,2.69%,-3.37%,,,,,,,,,,,,
,,,,,,,,,,,,,,,,,,2021,10/6/2021,$                                                     194.39,,,,,,,,,,2.17%,$           194.39,4.21,193.40,128.18,156.60,102%,-1%,2.18%,3.28%,2.58%,43.74%,43.74%,0,2.69%,-3.12%,,,,,,,,,,,,
,,,,,,,,,,,,,,,,,,2021,10/7/2021,$                                                      195.31,,,,,,,,,,2.16%,$            195.31,4.21,193.40,128.18,156.60,103%,-1%,2.18%,3.28%,2.57%,43.06%,43.06%,0,2.69%,-2.66%,,,,,,,,,,,,
,,,,,,,,,,,,,,,,,,2021,10/8/2021,$                                                     195.24,,,,,,,,,,2.16%,$           195.24,4.21,193.40,128.18,156.60,103%,-1%,2.18%,3.28%,2.57%,43.11%,43.11%,0,2.69%,-2.70%,,,,,,,,,,,,
,,,,,,,,,,,,,,,,,,2021,10/11/2021,$                                                     193.37,,,,,,,,,,2.18%,$           193.37,4.21,193.40,128.18,156.60,100%,0%,2.18%,3.28%,2.60%,44.50%,44.50%,0,2.69%,-3.63%,,,,,,,,,,,,
,,,,,,,,,,,,,,,,,,2021,10/12/2021,$                                                     188.48,,,,,,,,,,2.23%,$           188.48,4.21,193.40,128.18,156.60,92%,3%,2.18%,3.28%,2.66%,48.24%,48.24%,0,2.69%,-6.07%,,,,,,,,,,,,
,,,,,,,,,,,,,,,,,,2021,10/13/2021,$                                                      187.10,,,,,,,,,,2.25%,$            187.10,4.21,193.40,128.18,156.60,90%,3%,2.18%,3.28%,2.68%,49.34%,49.34%,0,2.69%,-6.75%,,,,,,,,,,,,
,,,,,,,,,,,,,,,,,,2021,10/14/2021,$                                                     192.49,,,,,,,,,,2.19%,$           192.49,4.21,193.40,128.18,156.60,99%,0%,2.18%,3.28%,2.61%,45.16%,45.16%,0,2.69%,-4.07%,,,,,,,,,,,,
,,,,,,,,,,,,,,,,,,2021,10/15/2021,$                                                     194.45,,,,,,,,,,2.17%,$           194.45,4.21,193.40,128.18,156.60,102%,-1%,2.18%,3.28%,2.58%,43.69%,43.69%,0,2.69%,-3.09%,,,,,,,,,,,,
,,,,,,,,,,,,,,,,,,2021,10/18/2021,$                                                      194.91,,,,,,,,,,2.16%,$            194.91,4.21,193.40,128.18,156.60,102%,-1%,2.18%,3.28%,2.58%,43.35%,43.35%,0,2.69%,-2.86%,,,,,,,,,,,,
,,,,,,,,,,,,,,,,,,2021,10/19/2021,$                                                     198.23,,,,,,,,,,2.12%,$           198.23,4.21,193.40,128.18,156.60,107%,-2%,2.18%,3.28%,2.53%,40.95%,40.95%,0,2.69%,-1.21%,,,,,,,,,,,,
,,,,,,,,,,,,,,,,,,2021,10/20/2021,$                                                     199.38,,,,,,,,,,2.11%,$           199.38,4.21,193.40,128.18,156.60,109%,-3%,2.18%,3.28%,2.52%,40.14%,40.14%,0,2.69%,-0.63%,,,,,,,,,,,,
,,,,,,,,,,,,,,,,,,2021,10/21/2021,$                                                     201.29,,,,,,,,,,2.09%,$           201.29,4.21,193.40,128.18,156.60,112%,-4%,2.18%,3.28%,2.49%,38.81%,38.81%,0,2.69%,0.00%,,,,,,,,,,,,
,,,,,,,,,,,,,,,,,,2021,10/22/2021,$                                                     199.07,,,,,,,,,,2.11%,$           199.07,4.21,193.40,128.18,156.60,109%,-3%,2.18%,3.28%,2.52%,40.36%,40.36%,0,2.69%,-1.10%,,,,,,,,,,,,
,,,,,,,,,,,,,,,,,,2021,10/25/2021,$                                                    200.20,,,,,,,,,,2.10%,$          200.20,4.21,193.40,128.18,156.60,110%,-3%,2.18%,3.28%,2.51%,39.57%,39.57%,0,2.69%,-0.54%,,,,,,,,,,,,
,,,,,,,,,,,,,,,,,,2021,10/26/2021,$                                                     196.98,,,,,,,,,,2.14%,$           196.98,4.21,193.40,128.18,156.60,105%,-2%,2.18%,3.28%,2.55%,41.85%,41.85%,0,2.69%,-2.14%,,,,,,,,,,,,
,,,,,,,,,,,,,,,,,,2021,10/27/2021,$                                                      187.10,,,,,,,,,,2.25%,$            187.10,4.21,193.40,128.18,156.60,90%,3%,2.18%,3.28%,2.68%,49.34%,49.34%,0,2.69%,-7.05%,,,,,,,,,,,,
,,,,,,,,,,,,,,,,,,2021,10/28/2021,$                                                     187.87,,,,,,,,,,2.24%,$           187.87,4.21,193.40,128.18,156.60,92%,3%,2.18%,3.28%,2.67%,48.73%,48.73%,0,2.69%,-6.67%,,,,,,,,,,,,
,,,,,,,,,,,,,,,,,,2021,10/29/2021,$                                                     187.48,,,,,,,,,,2.25%,$           187.48,4.21,193.40,128.18,156.60,91%,3%,2.18%,3.28%,2.68%,49.03%,49.03%,0,2.69%,-6.86%,,,,,,,,,,,,
,,,,,,,,,,,,,,,,,,2021,11/1/2021,$                                                     187.47,,,,,,,,,,2.25%,$           187.47,4.21,193.40,128.18,156.60,91%,3%,2.18%,3.28%,2.68%,49.04%,49.04%,0,2.69%,-6.87%,,,,,,,,,,,,
,,,,,,,,,,,,,,,,,,2021,11/2/2021,$                                                     189.34,,,,,,,,,,2.22%,$           189.34,4.21,193.40,128.18,156.60,94%,2%,2.18%,3.28%,2.65%,47.57%,47.57%,0,2.69%,-5.94%,,,,,,,,,,,,
,,,,,,,,,,,,,,,,,,2021,11/3/2021,$                                                      189.19,,,,,,,,,,2.23%,$            189.19,4.21,193.40,128.18,156.60,94%,2%,2.18%,3.28%,2.65%,47.69%,47.69%,0,2.69%,-6.01%,,,,,,,,,,,,
,,,,,,,,,,,,,,,,,,2021,11/4/2021,$                                                        191.11,,,,,,,,,,2.20%,$              191.11,4.21,193.40,128.18,156.60,96%,1%,2.18%,3.28%,2.63%,46.20%,46.20%,0,2.69%,-5.06%,,,,,,,,,,,,
,,,,,,,,,,,,,,,,,,2021,11/5/2021,$                                                     193.40,,,,,,,,,,2.18%,$           193.40,4.21,193.40,128.18,156.60,100%,0%,2.18%,3.28%,2.60%,44.47%,44.47%,0,2.69%,-3.92%,,,,,,,,,,,,
,,,,,,,,,,,,,,,,,,2021,11/8/2021,$                                                     192.36,,,,,,,,,,2.19%,$           192.36,4.21,193.40,128.18,156.60,98%,1%,2.18%,3.28%,2.61%,45.25%,45.25%,0,2.69%,-4.44%,,,,,,,,,,,,
,,,,,,,,,,,,,,,,,,2021,11/9/2021,$                                                     190.79,,,,,,,,,,2.21%,$           190.79,4.21,193.40,128.18,156.60,96%,1%,2.18%,3.28%,2.63%,46.45%,46.45%,0,2.69%,-5.22%,,,,,,,,,,,,
,,,,,,,,,,,,,,,,,,2021,11/10/2021,$                                                     187.02,,,,,,,,,,2.25%,$           187.02,4.21,193.40,128.18,156.60,90%,3%,2.18%,3.28%,2.68%,49.40%,49.40%,0,2.69%,-7.09%,,,,,,,,,,,,
,,,,,,,,,,,,,,,,,,2021,11/11/2021,$                                                     188.60,,,,,,,,,,2.23%,$           188.60,4.21,193.40,128.18,156.60,93%,3%,2.18%,3.28%,2.66%,48.15%,48.15%,0,2.69%,-6.30%,,,,,,,,,,,,
,,,,,,,,,,,,,,,,,,2021,11/12/2021,$                                                     190.08,,,,,,,,,,2.21%,$           190.08,4.21,193.40,128.18,156.60,95%,2%,2.18%,3.28%,2.64%,47.00%,47.00%,0,2.69%,-5.57%,,,,,,,,,,,,
,,,,,,,,,,,,,,,,,,2021,11/15/2021,$                                                     189.23,,,,,,,,,,2.22%,$           189.23,4.21,193.40,128.18,156.60,94%,2%,2.18%,3.28%,2.65%,47.66%,47.66%,0,2.69%,-5.99%,,,,,,,,,,,,
,,,,,,,,,,,,,,,,,,2021,11/16/2021,$                                                     188.52,,,,,,,,,,2.23%,$           188.52,4.21,193.40,128.18,156.60,93%,3%,2.18%,3.28%,2.66%,48.21%,48.21%,0,2.69%,-6.34%,,,,,,,,,,,,
,,,,,,,,,,,,,,,,,,2021,11/17/2021,$                                                     189.57,,,,,,,,,,2.22%,$           189.57,4.21,193.40,128.18,156.60,94%,2%,2.18%,3.28%,2.65%,47.39%,47.39%,0,2.69%,-5.82%,,,,,,,,,,,,
,,,,,,,,,,,,,,,,,,2021,11/18/2021,$                                                     193.47,,,,,,,,,,2.18%,$           193.47,4.21,193.40,128.18,156.60,100%,0%,2.18%,3.28%,2.59%,44.42%,44.42%,0,2.69%,-3.88%,,,,,,,,,,,,
,,,,,,,,,,,,,,,,,,2021,11/19/2021,$                                                      195.16,,,,,,,,,,2.16%,$            195.16,4.21,193.40,128.18,156.60,103%,-1%,2.18%,3.28%,2.57%,43.17%,43.17%,0,2.69%,-3.05%,,,,,,,,,,,,
,,,,,,,,,,,,,,,,,,2021,11/22/2021,$                                                     192.50,,,,,,,,,,2.19%,$           192.50,4.21,193.40,128.18,156.60,99%,0%,2.18%,3.28%,2.61%,45.15%,45.15%,0,2.69%,-4.37%,,,,,,,,,,,,
,,,,,,,,,,,,,,,,,,2021,11/23/2021,$                                                     192.64,,,,,,,,,,2.19%,$           192.64,4.21,193.40,128.18,156.60,99%,0%,2.18%,3.28%,2.61%,45.04%,45.04%,0,2.69%,-4.30%,,,,,,,,,,,,
,,,,,,,,,,,,,,,,,,2021,11/24/2021,$                                                     193.60,,,,,,,,,,2.17%,$           193.60,4.21,193.40,128.18,156.60,100%,0%,2.18%,3.28%,2.59%,44.32%,44.32%,0,2.69%,-3.82%,,,,,,,,,,,,
,,,,,,,,,,,,,,,,,,2021,11/26/2021,$                                                     188.26,,,,,,,,,,2.24%,$           188.26,4.21,193.40,128.18,156.60,92%,3%,2.18%,3.28%,2.67%,48.42%,48.42%,0,2.69%,-6.47%,,,,,,,,,,,,
,,,,,,,,,,,,,,,,,,2021,11/29/2021,$                                                     194.38,,,,,,,,,,2.17%,$           194.38,4.21,193.40,128.18,156.60,102%,-1%,2.18%,3.28%,2.58%,43.74%,43.74%,0,2.69%,-3.43%,,,,,,,,,,,,
,,,,,,,,,,,,,,,,,,2021,11/30/2021,$                                                     192.37,,,,,,,,,,2.19%,$           192.37,4.21,193.40,128.18,156.60,98%,1%,2.18%,3.28%,2.61%,45.25%,45.25%,0,2.69%,-4.43%,,,,,,,,,,,,
,,,,,,,,,,,,,,,,,,2021,12/1/2021,$                                                      191.76,,,,,,,,,,2.20%,$            191.76,4.21,193.40,128.18,156.60,97%,1%,2.18%,3.28%,2.62%,45.71%,45.71%,0,2.69%,-4.73%,,,,,,,,,,,,
,,,,,,,,,,,,,,,,,,2021,12/2/2021,$                                                     193.58,,,,,,,,,,2.17%,$           193.58,4.21,193.40,128.18,156.60,100%,0%,2.18%,3.28%,2.59%,44.34%,44.34%,0,2.69%,-3.83%,,,,,,,,,,,,
,,,,,,,,,,,,,,,,,,2021,12/3/2021,$                                                     193.38,,,,,,,,,,2.18%,$           193.38,4.21,193.40,128.18,156.60,100%,0%,2.18%,3.28%,2.60%,44.49%,44.49%,0,2.69%,-3.93%,,,,,,,,,,,,
,,,,,,,,,,,,,,,,,,2021,12/6/2021,$                                                      194.61,,,,,,,,,,2.16%,$            194.61,4.21,193.40,128.18,156.60,102%,-1%,2.18%,3.28%,2.58%,43.57%,43.57%,0,2.69%,-3.32%,,,,,,,,,,,,
,,,,,,,,,,,,,,,,,,2021,12/7/2021,$                                                     199.03,,,,,,,,,,2.12%,$           199.03,4.21,193.40,128.18,156.60,109%,-3%,2.18%,3.28%,2.52%,40.39%,40.39%,0,2.69%,-1.12%,,,,,,,,,,,,
,,,,,,,,,,,,,,,,,,2021,12/8/2021,$                                                     196.39,,,,,,,,,,2.14%,$           196.39,4.21,193.40,128.18,156.60,105%,-2%,2.18%,3.28%,2.56%,42.27%,42.27%,0,2.69%,-2.43%,,,,,,,,,,,,
,,,,,,,,,,,,,,,,,,2021,12/9/2021,$                                                     193.40,,,,,,,,,,2.18%,$           193.40,4.21,193.40,128.18,156.60,100%,0%,2.18%,3.28%,2.60%,44.47%,44.47%,0,2.69%,-3.92%,,,,,,,,,,,,
,,,,,,,,,,,,,,,,,,2021,12/10/2021,$                                                     196.00,,,,,,,,,,2.15%,$           196.00,4.21,193.40,128.18,156.60,104%,-1%,2.18%,3.28%,2.56%,42.56%,42.56%,0,2.69%,-2.63%,,,,,,,,,,,,
,,,,,,,,,,,,,,,,,,2021,12/13/2021,$                                                     193.24,,,,,,,,,,2.18%,$           193.24,4.21,193.40,128.18,156.60,100%,0%,2.18%,3.28%,2.60%,44.59%,44.59%,0,2.69%,-4.00%,,,,,,,,,,,,
,,,,,,,,,,,,,,,,,,2021,12/14/2021,$                                                     190.27,,,,,,,,,,2.21%,$           190.27,4.21,193.40,128.18,156.60,95%,2%,2.18%,3.28%,2.64%,46.85%,46.85%,0,2.69%,-5.47%,,,,,,,,,,,,
,,,,,,,,,,,,,,,,,,2021,12/15/2021,$                                                     193.44,,,,,,,,,,2.18%,$           193.44,4.21,193.40,128.18,156.60,100%,0%,2.18%,3.28%,2.60%,44.44%,44.44%,0,2.69%,-3.90%,,,,,,,,,,,,
,,,,,,,,,,,,,,,,,,2021,12/16/2021,$                                                     188.24,,,,,,,,,,2.24%,$           188.24,4.21,193.40,128.18,156.60,92%,3%,2.18%,3.28%,2.67%,48.43%,48.43%,0,2.69%,-6.48%,,,,,,,,,,,,
,,,,,,,,,,,,,,,,,,2021,12/17/2021,$                                                     186.30,,,,,,,,,,2.26%,$           186.30,4.21,193.40,128.18,156.60,89%,4%,2.18%,3.28%,2.69%,49.98%,49.98%,0,2.69%,-7.45%,,,,,,,,,,,,
,,,,,,,,,,,,,,,,,,2021,12/20/2021,$                                                     184.24,,,,,,,,,,2.29%,$           184.24,4.21,193.40,128.18,156.60,86%,5%,2.18%,3.28%,2.72%,51.66%,51.66%,0,2.69%,-8.47%,,,,,,,,,,,,
,,,,,,,,,,,,,,,,,,2021,12/21/2021,$                                                     186.37,,,,,,,,,,2.26%,$           186.37,4.21,193.40,128.18,156.60,89%,4%,2.18%,3.28%,2.69%,49.92%,49.92%,0,2.69%,-7.41%,,,,,,,,,,,,
,,,,,,,,,,,,,,,,,,2021,12/22/2021,$                                                     186.93,,,,,,,,,,2.25%,$           186.93,4.21,193.40,128.18,156.60,90%,3%,2.18%,3.28%,2.69%,49.47%,49.47%,0,2.69%,-7.13%,,,,,,,,,,,,
,,,,,,,,,,,,,,,,,,2021,12/23/2021,$                                                     187.40,,,,,,,,,,2.25%,$           187.40,4.21,193.40,128.18,156.60,91%,3%,2.18%,3.28%,2.68%,49.10%,49.10%,0,2.69%,-6.90%,,,,,,,,,,,,
,,,,,,,,,,,,,,,,,,2021,12/27/2021,$                                                      191.84,,,,,,,,,,2.19%,$            191.84,4.21,193.40,128.18,156.60,98%,1%,2.18%,3.28%,2.62%,45.65%,45.65%,0,2.69%,-4.69%,,,,,,,,,,,,
,,,,,,,,,,,,,,,,,,2021,12/28/2021,$                                                       191.10,,,,,,,,,,2.20%,$             191.10,4.21,193.40,128.18,156.60,96%,1%,2.18%,3.28%,2.63%,46.21%,46.21%,0,2.69%,-5.06%,,,,,,,,,,,,
,,,,,,,,,,,,,,,,,,2021,12/29/2021,$                                                      190.81,,,,,,,,,,2.21%,$            190.81,4.21,193.40,128.18,156.60,96%,1%,2.18%,3.28%,2.63%,46.43%,46.43%,0,2.69%,-5.21%,,,,,,,,,,,,
,,,,,,,,,,,,,,,,,,2021,12/30/2021,$                                                      189.41,,,,,,,,,,2.22%,$            189.41,4.21,193.40,128.18,156.60,94%,2%,2.18%,3.28%,2.65%,47.52%,47.52%,0,2.69%,-5.90%,,,,,,,,,,,,
,,,,,,,,,,,,,,,,,,2021,12/31/2021,$                                                     188.47,,,,,,,,,,2.23%,$           188.47,4.21,193.40,128.18,156.60,92%,3%,2.18%,3.28%,2.66%,48.25%,48.25%,0,2.69%,-6.37%,,,,,,,,,,,,
,,,,,,,,,,,,,,,,,,2022,1/3/2022,$                                                     190.60,,,,,,,,,,2.46%,$           190.60,4.69,215.45,142.79,174.46,66%,13%,2.18%,3.28%,2.63%,46.59%,46.59%,0,2.69%,-5.31%,,,,,,,,,,,,
,,,,,,,,,,,,,,,,,,2022,1/4/2022,$                                                     190.80,,,,,,,,,,2.46%,$           190.80,4.69,215.45,142.79,174.46,66%,13%,2.18%,3.28%,2.63%,46.44%,46.44%,0,2.69%,-5.21%,,,,,,,,,,,,
,,,,,,,,,,,,,,,,,,2022,1/5/2022,$                                                     186.82,,,,,,,,,,2.51%,$           186.82,4.69,215.45,142.79,174.46,61%,15%,2.18%,3.28%,2.69%,49.56%,49.56%,0,2.69%,-7.19%,,,,,,,,,,,,
,,,,,,,,,,,,,,,,,,2022,1/6/2022,$                                                     186.76,,,,,,,,,,2.51%,$           186.76,4.69,215.45,142.79,174.46,61%,15%,2.18%,3.28%,2.69%,49.61%,49.61%,0,2.69%,-7.22%,,,,,,,,,,,,
,,,,,,,,,,,,,,,,,,2022,1/7/2022,$                                                     179.44,,,,,,,,,,2.61%,$           179.44,4.69,215.45,142.79,174.46,50%,20%,2.18%,3.28%,2.80%,55.71%,55.71%,0,2.69%,-10.85%,,,,,,,,,,,,
,,,,,,,,,,,,,,,,,,2022,1/10/2022,$                                                     182.96,,,,,,,,,,2.56%,$           182.96,4.69,215.45,142.79,174.46,55%,18%,2.18%,3.28%,2.74%,52.72%,52.72%,0,2.69%,-9.11%,,,,,,,,,,,,
,,,,,,,,,,,,,,,,,,2022,1/11/2022,$                                                     184.64,,,,,,,,,,2.54%,$           184.64,4.69,215.45,142.79,174.46,58%,17%,2.18%,3.28%,2.72%,51.33%,51.33%,0,2.69%,-8.27%,,,,,,,,,,,,
,,,,,,,,,,,,,,,,,,2022,1/12/2022,$                                                     186.03,,,,,,,,,,2.52%,$           186.03,4.69,215.45,142.79,174.46,60%,16%,2.18%,3.28%,2.70%,50.20%,50.20%,0,2.69%,-7.58%,,,,,,,,,,,,
,,,,,,,,,,,,,,,,,,2022,1/13/2022,$                                                      184.15,,,,,,,,,,2.55%,$            184.15,4.69,215.45,142.79,174.46,57%,17%,2.18%,3.28%,2.73%,51.73%,51.73%,0,2.69%,-8.52%,,,,,,,,,,,,
,,,,,,,,,,,,,,,,,,2022,1/14/2022,$                                                      187.01,,,,,,,,,,2.51%,$            187.01,4.69,215.45,142.79,174.46,61%,15%,2.18%,3.28%,2.68%,49.41%,49.41%,0,2.69%,-7.09%,,,,,,,,,,,,
,,,,,,,,,,,,,,,,,,2022,1/18/2022,$                                                     182.28,,,,,,,,,,2.57%,$           182.28,4.69,215.45,142.79,174.46,54%,18%,2.18%,3.28%,2.75%,53.29%,53.29%,0,2.69%,-9.44%,,,,,,,,,,,,
,,,,,,,,,,,,,,,,,,2022,1/19/2022,$                                                     178.30,,,,,,,,,,2.63%,$           178.30,4.69,215.45,142.79,174.46,49%,21%,2.18%,3.28%,2.82%,56.71%,56.71%,0,2.69%,-11.42%,,,,,,,,,,,,
,,,,,,,,,,,,,,,,,,2022,1/20/2022,$                                                     173.45,,,,,,,,,,2.70%,$           173.45,4.69,215.45,142.79,174.46,42%,24%,2.18%,3.28%,2.89%,61.09%,61.09%,0,2.69%,-13.83%,,,,,,,,,,,,
,,,,,,,,,,,,,,,,,,2022,1/21/2022,$                                                     175.64,,,,,,,,,,2.67%,$           175.64,4.69,215.45,142.79,174.46,45%,23%,2.18%,3.28%,2.86%,59.08%,59.08%,0,2.69%,-12.74%,,,,,,,,,,,,
,,,,,,,,,,,,,,,,,,2022,1/24/2022,$                                                     178.34,,,,,,,,,,2.63%,$           178.34,4.69,215.45,142.79,174.46,49%,21%,2.18%,3.28%,2.81%,56.67%,56.67%,0,2.69%,-11.40%,,,,,,,,,,,,
,,,,,,,,,,,,,,,,,,2022,1/25/2022,$                                                     173.96,,,,,,,,,,2.70%,$           173.96,4.69,215.45,142.79,174.46,43%,24%,2.18%,3.28%,2.89%,60.62%,60.62%,0,2.69%,-13.58%,,,,,,,,,,,,
,,,,,,,,,,,,,,,,,,2022,1/26/2022,$                                                     178.33,,,,,,,,,,2.63%,$           178.33,4.69,215.45,142.79,174.46,49%,21%,2.18%,3.28%,2.82%,56.68%,56.68%,0,2.69%,-11.41%,,,,,,,,,,,,
,,,,,,,,,,,,,,,,,,2022,1/27/2022,$                                                      174.81,,,,,,,,,,2.68%,$            174.81,4.69,215.45,142.79,174.46,44%,23%,2.18%,3.28%,2.87%,59.84%,59.84%,0,2.69%,-13.16%,,,,,,,,,,,,
,,,,,,,,,,,,,,,,,,2022,1/28/2022,$                                                     177.29,,,,,,,,,,2.65%,$           177.29,4.69,215.45,142.79,174.46,47%,22%,2.18%,3.28%,2.83%,57.60%,57.60%,0,2.69%,-11.92%,,,,,,,,,,,,
,,,,,,,,,,,,,,,,,,2022,1/31/2022,$                                                     179.49,,,,,,,,,,2.61%,$           179.49,4.69,215.45,142.79,174.46,51%,20%,2.18%,3.28%,2.80%,55.67%,55.67%,0,2.69%,-10.83%,,,,,,,,,,,,
,,,,,,,,,,,,,,,,,,2022,2/1/2022,$                                                      181.29,,,,,,,,,,2.59%,$            181.29,4.69,215.45,142.79,174.46,53%,19%,2.18%,3.28%,2.77%,54.12%,54.12%,0,2.69%,-9.94%,,,,,,,,,,,,
,,,,,,,,,,,,,,,,,,2022,2/2/2022,$                                                     187.84,,,,,,,,,,2.50%,$           187.84,4.69,215.45,142.79,174.46,62%,15%,2.18%,3.28%,2.67%,48.75%,48.75%,0,2.69%,-6.68%,,,,,,,,,,,,
,,,,,,,,,,,,,,,,,,2022,2/3/2022,$                                                     175.59,,,,,,,,,,2.67%,$           175.59,4.69,215.45,142.79,174.46,45%,23%,2.18%,3.28%,2.86%,59.13%,59.13%,0,2.69%,-12.77%,,,,,,,,,,,,
,,,,,,,,,,,,,,,,,,2022,2/4/2022,$                                                      171.42,,,,,,,,,,2.74%,$            171.42,4.69,215.45,142.79,174.46,39%,26%,2.18%,3.28%,2.93%,63.00%,63.00%,0,2.69%,-14.84%,,,,,,,,,,,,
,,,,,,,,,,,,,,,,,,2022,2/7/2022,$                                                     169.95,,,,,,,,,,2.76%,$           169.95,4.69,215.45,142.79,174.46,37%,27%,2.18%,3.28%,2.95%,64.41%,64.41%,0,2.69%,-15.57%,,,,,,,,,,,,
,,,,,,,,,,,,,,,,,,2022,2/8/2022,$                                                     172.63,,,,,,,,,,2.72%,$           172.63,4.69,215.45,142.79,174.46,41%,25%,2.18%,3.28%,2.91%,61.85%,61.85%,0,2.69%,-14.24%,,,,,,,,,,,,
,,,,,,,,,,,,,,,,,,2022,2/9/2022,$                                                      176.71,,,,,,,,,,2.65%,$            176.71,4.69,215.45,142.79,174.46,47%,22%,2.18%,3.28%,2.84%,58.12%,58.12%,0,2.69%,-12.21%,,,,,,,,,,,,
,,,,,,,,,,,,,,,,,,2022,2/10/2022,$                                                     170.66,,,,,,,,,,2.75%,$           170.66,4.69,215.45,142.79,174.46,38%,26%,2.18%,3.28%,2.94%,63.72%,63.72%,0,2.69%,-15.22%,,,,,,,,,,,,
,,,,,,,,,,,,,,,,,,2022,2/11/2022,$                                                     164.40,,,,,,,,,,2.85%,$           164.40,4.69,215.45,142.79,174.46,30%,31%,2.18%,3.28%,3.05%,69.96%,69.96%,0,2.69%,-18.33%,,,,,,,,,,,,
,,,,,,,,,,,,,,,,,,2022,2/14/2022,$                                                     162.47,,,,,,,,,,2.89%,$           162.47,4.69,215.45,142.79,174.46,27%,33%,2.18%,3.28%,3.09%,71.98%,71.98%,0,2.69%,-19.29%,,,,,,,,,,,,
,,,,,,,,,,,,,,,,,,2022,2/15/2022,$                                                      166.17,,,,,,,,,,2.82%,$            166.17,4.69,215.45,142.79,174.46,32%,30%,2.18%,3.28%,3.02%,68.15%,68.15%,0,2.69%,-17.45%,,,,,,,,,,,,
,,,,,,,,,,,,,,,,,,2022,2/16/2022,$                                                     168.24,,,,,,,,,,2.79%,$           168.24,4.69,215.45,142.79,174.46,35%,28%,2.18%,3.28%,2.98%,66.08%,66.08%,0,2.69%,-16.42%,,,,,,,,,,,,
,,,,,,,,,,,,,,,,,,2022,2/17/2022,$                                                     164.65,,,,,,,,,,2.85%,$           164.65,4.69,215.45,142.79,174.46,30%,31%,2.18%,3.28%,3.05%,69.70%,69.70%,0,2.69%,-18.20%,,,,,,,,,,,,
,,,,,,,,,,,,,,,,,,2022,2/18/2022,$                                                     166.74,,,,,,,,,,2.81%,$           166.74,4.69,215.45,142.79,174.46,33%,29%,2.18%,3.28%,3.01%,67.57%,67.57%,0,2.69%,-17.16%,,,,,,,,,,,,
,,,,,,,,,,,,,,,,,,2022,2/22/2022,$                                                     166.69,,,,,,,,,,2.81%,$           166.69,4.69,215.45,142.79,174.46,33%,29%,2.18%,3.28%,3.01%,67.62%,67.62%,0,2.69%,-17.19%,,,,,,,,,,,,
,,,,,,,,,,,,,,,,,,2022,2/23/2022,$                                                     165.64,,,,,,,,,,2.83%,$           165.64,4.69,215.45,142.79,174.46,31%,30%,2.18%,3.28%,3.03%,68.69%,68.69%,0,2.69%,-17.71%,,,,,,,,,,,,
,,,,,,,,,,,,,,,,,,2022,2/24/2022,$                                                     169.59,,,,,,,,,,2.77%,$           169.59,4.69,215.45,142.79,174.46,37%,27%,2.18%,3.28%,2.96%,64.76%,64.76%,0,2.69%,-15.75%,,,,,,,,,,,,
,,,,,,,,,,,,,,,,,,2022,2/25/2022,$                                                     170.82,,,,,,,,,,2.75%,$           170.82,4.69,215.45,142.79,174.46,39%,26%,2.18%,3.28%,2.94%,63.57%,63.57%,0,2.69%,-15.14%,,,,,,,,,,,,
,,,,,,,,,,,,,,,,,,2022,2/28/2022,$                                                     169.99,,,,,,,,,,2.76%,$           169.99,4.69,215.45,142.79,174.46,37%,27%,2.18%,3.28%,2.95%,64.37%,64.37%,0,2.69%,-15.55%,,,,,,,,,,,,
,,,,,,,,,,,,,,,,,,2022,3/1/2022,$                                                     167.29,,,,,,,,,,2.80%,$           167.29,4.69,215.45,142.79,174.46,34%,29%,2.18%,3.28%,3.00%,67.02%,67.02%,0,2.69%,-16.89%,,,,,,,,,,,,
,,,,,,,,,,,,,,,,,,2022,3/2/2022,$                                                      170.10,,,,,,,,,,2.76%,$            170.10,4.69,215.45,142.79,174.46,38%,27%,2.18%,3.28%,2.95%,64.26%,64.26%,0,2.69%,-15.50%,,,,,,,,,,,,
,,,,,,,,,,,,,,,,,,2022,3/3/2022,$                                                      171.00,,,,,,,,,,2.74%,$            171.00,4.69,215.45,142.79,174.46,39%,26%,2.18%,3.28%,2.94%,63.40%,63.40%,0,2.69%,-15.05%,,,,,,,,,,,,
,,,,,,,,,,,,,,,,,,2022,3/4/2022,$                                                     169.98,,,,,,,,,,2.76%,$           169.98,4.69,215.45,142.79,174.46,37%,27%,2.18%,3.28%,2.95%,64.38%,64.38%,0,2.69%,-15.55%,,,,,,,,,,,,
,,,,,,,,,,,,,,,,,,2022,3/7/2022,$                                                     164.89,,,,,,,,,,2.84%,$           164.89,4.69,215.45,142.79,174.46,30%,31%,2.18%,3.28%,3.04%,69.45%,69.45%,0,2.69%,-18.08%,,,,,,,,,,,,
,,,,,,,,,,,,,,,,,,2022,3/8/2022,$                                                     167.34,,,,,,,,,,2.80%,$           167.34,4.69,215.45,142.79,174.46,34%,29%,2.18%,3.28%,3.00%,66.97%,66.97%,0,2.69%,-16.87%,,,,,,,,,,,,
,,,,,,,,,,,,,,,,,,2022,3/9/2022,$                                                     172.46,,,,,,,,,,2.72%,$           172.46,4.69,215.45,142.79,174.46,41%,25%,2.18%,3.28%,2.91%,62.01%,62.01%,0,2.69%,-14.32%,,,,,,,,,,,,
,,,,,,,,,,,,,,,,,,2022,3/10/2022,$                                                     172.75,,,,,,,,,,2.71%,$           172.75,4.69,215.45,142.79,174.46,41%,25%,2.18%,3.28%,2.91%,61.74%,61.74%,0,2.69%,-14.18%,,,,,,,,,,,,
,,,,,,,,,,,,,,,,,,2022,3/11/2022,$                                                     170.36,,,,,,,,,,2.75%,$           170.36,4.69,215.45,142.79,174.46,38%,26%,2.18%,3.28%,2.95%,64.01%,64.01%,0,2.69%,-15.37%,,,,,,,,,,,,
,,,,,,,,,,,,,,,,,,2022,3/14/2022,$                                                     166.72,,,,,,,,,,2.81%,$           166.72,4.69,215.45,142.79,174.46,33%,29%,2.18%,3.28%,3.01%,67.59%,67.59%,0,2.69%,-17.17%,,,,,,,,,,,,
,,,,,,,,,,,,,,,,,,2022,3/15/2022,$                                                     172.32,,,,,,,,,,2.72%,$           172.32,4.69,215.45,142.79,174.46,41%,25%,2.18%,3.28%,2.91%,62.15%,62.15%,0,2.69%,-14.39%,,,,,,,,,,,,
,,,,,,,,,,,,,,,,,,2022,3/16/2022,$                                                     176.33,,,,,,,,,,2.66%,$           176.33,4.69,215.45,142.79,174.46,46%,22%,2.18%,3.28%,2.85%,58.46%,58.46%,0,2.69%,-12.40%,,,,,,,,,,,,
,,,,,,,,,,,,,,,,,,2022,3/17/2022,$                                                     178.47,,,,,,,,,,2.63%,$           178.47,4.69,215.45,142.79,174.46,49%,21%,2.18%,3.28%,2.81%,56.56%,56.56%,0,2.69%,-11.34%,,,,,,,,,,,,
,,,,,,,,,,,,,,,,,,2022,3/18/2022,$                                                      180.10,,,,,,,,,,2.60%,$            180.10,4.69,215.45,142.79,174.46,51%,20%,2.18%,3.28%,2.79%,55.14%,55.14%,0,2.69%,-10.53%,,,,,,,,,,,,
,,,,,,,,,,,,,,,,,,2022,3/21/2022,$                                                     180.46,,,,,,,,,,2.60%,$           180.46,4.69,215.45,142.79,174.46,52%,19%,2.18%,3.28%,2.78%,54.83%,54.83%,0,2.69%,-10.35%,,,,,,,,,,,,
,,,,,,,,,,,,,,,,,,2022,3/22/2022,$                                                     182.35,,,,,,,,,,2.57%,$           182.35,4.69,215.45,142.79,174.46,54%,18%,2.18%,3.28%,2.75%,53.23%,53.23%,0,2.69%,-9.41%,,,,,,,,,,,,
,,,,,,,,,,,,,,,,,,2022,3/23/2022,$                                                     179.08,,,,,,,,,,2.62%,$           179.08,4.69,215.45,142.79,174.46,50%,20%,2.18%,3.28%,2.80%,56.03%,56.03%,0,2.69%,-11.03%,,,,,,,,,,,,
,,,,,,,,,,,,,,,,,,2022,3/24/2022,$                                                      184.21,,,,,,,,,,2.55%,$            184.21,4.69,215.45,142.79,174.46,57%,17%,2.18%,3.28%,2.73%,51.68%,51.68%,0,2.69%,-8.49%,,,,,,,,,,,,
,,,,,,,,,,,,,,,,,,2022,3/25/2022,$                                                     184.90,,,,,,,,,,2.54%,$           184.90,4.69,215.45,142.79,174.46,58%,17%,2.18%,3.28%,2.71%,51.11%,51.11%,0,2.69%,-8.14%,,,,,,,,,,,,
,,,,,,,,,,,,,,,,,,2022,3/28/2022,$                                                     185.68,,,,,,,,,,2.53%,$           185.68,4.69,215.45,142.79,174.46,59%,16%,2.18%,3.28%,2.70%,50.48%,50.48%,0,2.69%,-7.75%,,,,,,,,,,,,
,,,,,,,,,,,,,,,,,,2022,3/29/2022,$                                                       191.01,,,,,,,,,,2.46%,$             191.01,4.69,215.45,142.79,174.46,66%,13%,2.18%,3.28%,2.63%,46.28%,46.28%,0,2.69%,-5.11%,,,,,,,,,,,,
,,,,,,,,,,,,,,,,,,2022,3/30/2022,$                                                     187.45,,,,,,,,,,2.50%,$           187.45,4.69,215.45,142.79,174.46,61%,15%,2.18%,3.28%,2.68%,49.06%,49.06%,0,2.69%,-6.88%,,,,,,,,,,,,
,,,,,,,,,,,,,,,,,,2022,3/31/2022,$                                                     183.48,,,,,,,,,,2.56%,$           183.48,4.69,215.45,142.79,174.46,56%,17%,2.18%,3.28%,2.74%,52.28%,52.28%,0,2.69%,-8.85%,,,,,,,,,,,,
,,,,,,,,,,,,,,,,,,2022,4/1/2022,$                                                     182.08,,,,,,,,,,2.58%,$           182.08,4.69,215.45,142.79,174.46,54%,18%,2.18%,3.28%,2.76%,53.45%,53.45%,0,2.69%,-9.54%,,,,,,,,,,,,
,,,,,,,,,,,,,,,,,,2022,4/4/2022,$                                                      182.71,,,,,,,,,,2.57%,$            182.71,4.69,215.45,142.79,174.46,55%,18%,2.18%,3.28%,2.75%,52.93%,52.93%,0,2.69%,-9.23%,,,,,,,,,,,,
,,,,,,,,,,,,,,,,,,2022,4/5/2022,$                                                      177.18,,,,,,,,,,2.65%,$            177.18,4.69,215.45,142.79,174.46,47%,22%,2.18%,3.28%,2.83%,57.70%,57.70%,0,2.69%,-11.98%,,,,,,,,,,,,
,,,,,,,,,,,,,,,,,,2022,4/6/2022,$                                                     177.25,,,,,,,,,,2.65%,$           177.25,4.69,215.45,142.79,174.46,47%,22%,2.18%,3.28%,2.83%,57.64%,57.64%,0,2.69%,-11.94%,,,,,,,,,,,,
,,,,,,,,,,,,,,,,,,2022,4/7/2022,$                                                     177.60,,,,,,,,,,2.64%,$           177.60,4.69,215.45,142.79,174.46,48%,21%,2.18%,3.28%,2.83%,57.33%,57.33%,0,2.69%,-11.77%,,,,,,,,,,,,
,,,,,,,,,,,,,,,,,,2022,4/8/2022,$                                                       174.11,,,,,,,,,,2.69%,$             174.11,4.69,215.45,142.79,174.46,43%,24%,2.18%,3.28%,2.88%,60.48%,60.48%,0,2.69%,-13.50%,,,,,,,,,,,,
,,,,,,,,,,,,,,,,,,2022,4/11/2022,$                                                      171.94,,,,,,,,,,2.73%,$            171.94,4.69,215.45,142.79,174.46,40%,25%,2.18%,3.28%,2.92%,62.50%,62.50%,0,2.69%,-14.58%,,,,,,,,,,,,
,,,,,,,,,,,,,,,,,,2022,4/12/2022,$                                                     173.00,,,,,,,,,,2.71%,$           173.00,4.69,215.45,142.79,174.46,42%,25%,2.18%,3.28%,2.90%,61.51%,61.51%,0,2.69%,-14.05%,,,,,,,,,,,,
,,,,,,,,,,,,,,,,,,2022,4/13/2022,$                                                       175.11,,,,,,,,,,2.68%,$             175.11,4.69,215.45,142.79,174.46,44%,23%,2.18%,3.28%,2.87%,59.56%,59.56%,0,2.69%,-13.01%,,,,,,,,,,,,
,,,,,,,,,,,,,,,,,,2022,4/14/2022,$                                                     173.66,,,,,,,,,,2.70%,$           173.66,4.69,215.45,142.79,174.46,42%,24%,2.18%,3.28%,2.89%,60.89%,60.89%,0,2.69%,-13.73%,,,,,,,,,,,,
,,,,,,,,,,,,,,,,,,2022,4/18/2022,$                                                     176.56,,,,,,,,,,2.66%,$           176.56,4.69,215.45,142.79,174.46,46%,22%,2.18%,3.28%,2.84%,58.25%,58.25%,0,2.69%,-12.29%,,,,,,,,,,,,
,,,,,,,,,,,,,,,,,,2022,4/19/2022,$                                                     179.06,,,,,,,,,,2.62%,$           179.06,4.69,215.45,142.79,174.46,50%,20%,2.18%,3.28%,2.80%,56.04%,56.04%,0,2.69%,-11.04%,,,,,,,,,,,,
,,,,,,,,,,,,,,,,,,2022,4/20/2022,$                                                     179.42,,,,,,,,,,2.61%,$           179.42,4.69,215.45,142.79,174.46,50%,20%,2.18%,3.28%,2.80%,55.73%,55.73%,0,2.69%,-10.86%,,,,,,,,,,,,
,,,,,,,,,,,,,,,,,,2022,4/21/2022,$                                                     177.23,,,,,,,,,,2.65%,$           177.23,4.69,215.45,142.79,174.46,47%,22%,2.18%,3.28%,2.83%,57.65%,57.65%,0,2.69%,-11.95%,,,,,,,,,,,,
,,,,,,,,,,,,,,,,,,2022,4/22/2022,$                                                      173.31,,,,,,,,,,2.71%,$            173.31,4.69,215.45,142.79,174.46,42%,24%,2.18%,3.28%,2.90%,61.22%,61.22%,0,2.69%,-13.90%,,,,,,,,,,,,
,,,,,,,,,,,,,,,,,,2022,4/25/2022,$                                                      173.91,,,,,,,,,,2.70%,$            173.91,4.69,215.45,142.79,174.46,43%,24%,2.18%,3.28%,2.89%,60.66%,60.66%,0,2.69%,-13.60%,,,,,,,,,,,,
,,,,,,,,,,,,,,,,,,2022,4/26/2022,$                                                     168.44,,,,,,,,,,2.78%,$           168.44,4.69,215.45,142.79,174.46,35%,28%,2.18%,3.28%,2.98%,65.88%,65.88%,0,2.69%,-16.32%,,,,,,,,,,,,
,,,,,,,,,,,,,,,,,,2022,4/27/2022,$                                                     169.39,,,,,,,,,,2.77%,$           169.39,4.69,215.45,142.79,174.46,37%,27%,2.18%,3.28%,2.96%,64.95%,64.95%,0,2.69%,-15.85%,,,,,,,,,,,,
,,,,,,,,,,,,,,,,,,2022,4/28/2022,$                                                     175.85,,,,,,,,,,2.67%,$           175.85,4.69,215.45,142.79,174.46,45%,23%,2.18%,3.28%,2.85%,58.89%,58.89%,0,2.69%,-12.64%,,,,,,,,,,,,
,,,,,,,,,,,,,,,,,,2022,4/29/2022,$                                                     170.25,,,,,,,,,,2.75%,$           170.25,4.69,215.45,142.79,174.46,38%,27%,2.18%,3.28%,2.95%,64.12%,64.12%,0,2.69%,-15.42%,,,,,,,,,,,,
,,,,,,,,,,,,,,,,,,2022,5/2/2022,$                                                     174.00,,,,,,,,,,2.70%,$           174.00,4.69,215.45,142.79,174.46,43%,24%,2.18%,3.28%,2.89%,60.58%,60.58%,0,2.69%,-13.56%,,,,,,,,,,,,
,,,,,,,,,,,,,,,,,,2022,5/3/2022,$                                                     172.54,,,,,,,,,,2.72%,$           172.54,4.69,215.45,142.79,174.46,41%,25%,2.18%,3.28%,2.91%,61.94%,61.94%,0,2.69%,-14.28%,,,,,,,,,,,,
,,,,,,,,,,,,,,,,,,2022,5/4/2022,$                                                     176.23,,,,,,,,,,2.66%,$           176.23,4.69,215.45,142.79,174.46,46%,22%,2.18%,3.28%,2.85%,58.55%,58.55%,0,2.69%,-12.45%,,,,,,,,,,,,
,,,,,,,,,,,,,,,,,,2022,5/5/2022,$                                                     170.28,,,,,,,,,,2.75%,$           170.28,4.69,215.45,142.79,174.46,38%,27%,2.18%,3.28%,2.95%,64.09%,64.09%,0,2.69%,-15.41%,,,,,,,,,,,,
,,,,,,,,,,,,,,,,,,2022,5/6/2022,$                                                     167.45,,,,,,,,,,2.80%,$           167.45,4.69,215.45,142.79,174.46,34%,29%,2.18%,3.28%,3.00%,66.86%,66.86%,0,2.69%,-16.81%,,,,,,,,,,,,
,,,,,,,,,,,,,,,,,,2022,5/9/2022,$                                                     164.94,,,,,,,,,,2.84%,$           164.94,4.69,215.45,142.79,174.46,30%,31%,2.18%,3.28%,3.04%,69.40%,69.40%,0,2.69%,-18.06%,,,,,,,,,,,,
,,,,,,,,,,,,,,,,,,2022,5/10/2022,$                                                     168.24,,,,,,,,,,2.79%,$           168.24,4.69,215.45,142.79,174.46,35%,28%,2.18%,3.28%,2.98%,66.08%,66.08%,0,2.69%,-16.42%,,,,,,,,,,,,
,,,,,,,,,,,,,,,,,,2022,5/11/2022,$                                                     164.69,,,,,,,,,,2.85%,$           164.69,4.69,215.45,142.79,174.46,30%,31%,2.18%,3.28%,3.05%,69.66%,69.66%,0,2.69%,-18.18%,,,,,,,,,,,,
,,,,,,,,,,,,,,,,,,2022,5/12/2022,$                                                     165.90,,,,,,,,,,2.83%,$           165.90,4.69,215.45,142.79,174.46,32%,30%,2.18%,3.28%,3.03%,68.42%,68.42%,0,2.69%,-17.58%,,,,,,,,,,,,
,,,,,,,,,,,,,,,,,,2022,5/13/2022,$                                                     169.74,,,,,,,,,,2.76%,$           169.74,4.69,215.45,142.79,174.46,37%,27%,2.18%,3.28%,2.96%,64.61%,64.61%,0,2.69%,-15.67%,,,,,,,,,,,,
,,,,,,,,,,,,,,,,,,2022,5/16/2022,$                                                     168.50,,,,,,,,,,2.78%,$           168.50,4.69,215.45,142.79,174.46,35%,28%,2.18%,3.28%,2.98%,65.82%,65.82%,0,2.69%,-16.29%,,,,,,,,,,,,
,,,,,,,,,,,,,,,,,,2022,5/17/2022,$                                                     174.98,,,,,,,,,,2.68%,$           174.98,4.69,215.45,142.79,174.46,44%,23%,2.18%,3.28%,2.87%,59.68%,59.68%,0,2.69%,-13.07%,,,,,,,,,,,,
,,,,,,,,,,,,,,,,,,2022,5/18/2022,$                                                     170.30,,,,,,,,,,2.75%,$           170.30,4.69,215.45,142.79,174.46,38%,27%,2.18%,3.28%,2.95%,64.07%,64.07%,0,2.69%,-15.40%,,,,,,,,,,,,
,,,,,,,,,,,,,,,,,,2022,5/19/2022,$                                                     167.62,,,,,,,,,,2.80%,$           167.62,4.69,215.45,142.79,174.46,34%,29%,2.18%,3.28%,2.99%,66.69%,66.69%,0,2.69%,-16.73%,,,,,,,,,,,,
,,,,,,,,,,,,,,,,,,2022,5/20/2022,$                                                      169.81,,,,,,,,,,2.76%,$            169.81,4.69,215.45,142.79,174.46,37%,27%,2.18%,3.28%,2.96%,64.54%,64.54%,0,2.69%,-15.64%,,,,,,,,,,,,
,,,,,,,,,,,,,,,,,,2022,5/23/2022,$                                                     169.93,,,,,,,,,,2.76%,$           169.93,4.69,215.45,142.79,174.46,37%,27%,2.18%,3.28%,2.95%,64.43%,64.43%,0,2.69%,-15.58%,,,,,,,,,,,,
,,,,,,,,,,,,,,,,,,2022,5/24/2022,$                                                     167.86,,,,,,,,,,2.79%,$           167.86,4.69,215.45,142.79,174.46,34%,28%,2.18%,3.28%,2.99%,66.45%,66.45%,0,2.69%,-16.61%,,,,,,,,,,,,
,,,,,,,,,,,,,,,,,,2022,5/25/2022,$                                                      170.01,,,,,,,,,,2.76%,$            170.01,4.69,215.45,142.79,174.46,37%,27%,2.18%,3.28%,2.95%,64.35%,64.35%,0,2.69%,-15.54%,,,,,,,,,,,,
,,,,,,,,,,,,,,,,,,2022,5/26/2022,$                                                      174.13,,,,,,,,,,2.69%,$            174.13,4.69,215.45,142.79,174.46,43%,24%,2.18%,3.28%,2.88%,60.46%,60.46%,0,2.69%,-13.49%,,,,,,,,,,,,
,,,,,,,,,,,,,,,,,,2022,5/27/2022,$                                                     177.97,,,,,,,,,,2.64%,$           177.97,4.69,215.45,142.79,174.46,48%,21%,2.18%,3.28%,2.82%,57.00%,57.00%,0,2.69%,-11.59%,,,,,,,,,,,,
,,,,,,,,,,,,,,,,,,2022,5/31/2022,$                                                     176.76,,,,,,,,,,2.65%,$           176.76,4.69,215.45,142.79,174.46,47%,22%,2.18%,3.28%,2.84%,58.07%,58.07%,0,2.69%,-12.19%,,,,,,,,,,,,
,,,,,,,,,,,,,,,,,,2022,6/1/2022,$                                                     174.42,,,,,,,,,,2.69%,$           174.42,4.69,215.45,142.79,174.46,44%,24%,2.18%,3.28%,2.88%,60.19%,60.19%,0,2.69%,-13.35%,,,,,,,,,,,,
,,,,,,,,,,,,,,,,,,2022,6/2/2022,$                                                     176.72,,,,,,,,,,2.65%,$           176.72,4.69,215.45,142.79,174.46,47%,22%,2.18%,3.28%,2.84%,58.11%,58.11%,0,2.69%,-12.21%,,,,,,,,,,,,
,,,,,,,,,,,,,,,,,,2022,6/3/2022,$                                                     172.33,,,,,,,,,,2.72%,$           172.33,4.69,215.45,142.79,174.46,41%,25%,2.18%,3.28%,2.91%,62.14%,62.14%,0,2.69%,-14.39%,,,,,,,,,,,,
,,,,,,,,,,,,,,,,,,2022,6/6/2022,$                                                     167.76,,,,,,,,,,2.80%,$           167.76,4.69,215.45,142.79,174.46,34%,28%,2.18%,3.28%,2.99%,66.55%,66.55%,0,2.69%,-16.66%,,,,,,,,,,,,
,,,,,,,,,,,,,,,,,,2022,6/7/2022,$                                                     169.85,,,,,,,,,,2.76%,$           169.85,4.69,215.45,142.79,174.46,37%,27%,2.18%,3.28%,2.96%,64.50%,64.50%,0,2.69%,-15.62%,,,,,,,,,,,,
,,,,,,,,,,,,,,,,,,2022,6/8/2022,$                                                     165.37,,,,,,,,,,2.84%,$           165.37,4.69,215.45,142.79,174.46,31%,30%,2.18%,3.28%,3.04%,68.96%,68.96%,0,2.69%,-17.84%,,,,,,,,,,,,
,,,,,,,,,,,,,,,,,,2022,6/9/2022,$                                                      161.58,,,,,,,,,,2.90%,$            161.58,4.69,215.45,142.79,174.46,26%,33%,2.18%,3.28%,3.11%,72.92%,72.92%,0,2.69%,-19.73%,,,,,,,,,,,,
,,,,,,,,,,,,,,,,,,2022,6/10/2022,$                                                     157.78,,,,,,,,,,2.97%,$           157.78,4.69,215.45,142.79,174.46,21%,37%,2.18%,3.28%,3.18%,77.09%,77.09%,0,2.69%,-21.62%,,,,,,,,,,,,
,,,,,,,,,,,,,,,,,,2022,6/13/2022,$                                                     153.53,,,,,,,,,,3.05%,$           153.53,4.69,215.45,142.79,174.46,15%,40%,2.18%,3.28%,3.27%,81.99%,81.99%,0,2.69%,-23.73%,,,,,,,,,,,,
,,,,,,,,,,,,,,,,,,2022,6/14/2022,$                                                     154.08,,,,,,,,,,3.04%,$           154.08,4.69,215.45,142.79,174.46,16%,40%,2.18%,3.28%,3.26%,81.34%,81.34%,0,2.69%,-23.45%,,,,,,,,,,,,
,,,,,,,,,,,,,,,,,,2022,6/15/2022,$                                                     155.92,,,,,,,,,,3.01%,$           155.92,4.69,215.45,142.79,174.46,18%,38%,2.18%,3.28%,3.22%,79.20%,79.20%,0,2.69%,-22.54%,,,,,,,,,,,,
,,,,,,,,,,,,,,,,,,2022,6/16/2022,$                                                      151.37,,,,,,,,,,3.10%,$            151.37,4.69,215.45,142.79,174.46,12%,42%,2.18%,3.28%,3.32%,84.59%,84.59%,0,2.69%,-24.80%,,,,,,,,,,,,
,,,,,,,,,,,,,,,,,,2022,6/17/2022,$                                                     150.20,,,,,,,,,,3.12%,$           150.20,4.69,215.45,142.79,174.46,10%,43%,2.18%,3.28%,3.34%,86.03%,86.03%,0,2.69%,-25.38%,,,,,,,,,,,,
,,,,,,,,,,,,,,,,,,2022,6/21/2022,$                                                     153.46,,,,,,,,,,3.06%,$           153.46,4.69,215.45,142.79,174.46,15%,40%,2.18%,3.28%,3.27%,82.07%,82.07%,0,2.69%,-23.76%,,,,,,,,,,,,
,,,,,,,,,,,,,,,,,,2022,6/22/2022,$                                                     152.60,,,,,,,,,,3.07%,$           152.60,4.69,215.45,142.79,174.46,13%,41%,2.18%,3.28%,3.29%,83.10%,83.10%,0,2.69%,-24.19%,,,,,,,,,,,,
,,,,,,,,,,,,,,,,,,2022,6/23/2022,$                                                       151.14,,,,,,,,,,3.10%,$             151.14,4.69,215.45,142.79,174.46,11%,43%,2.18%,3.28%,3.32%,84.87%,84.87%,0,2.69%,-24.91%,,,,,,,,,,,,
,,,,,,,,,,,,,,,,,,2022,6/24/2022,$                                                     155.95,,,,,,,,,,3.01%,$           155.95,4.69,215.45,142.79,174.46,18%,38%,2.18%,3.28%,3.22%,79.17%,79.17%,0,2.69%,-22.52%,,,,,,,,,,,,
,,,,,,,,,,,,,,,,,,2022,6/27/2022,$                                                     155.62,,,,,,,,,,3.01%,$           155.62,4.69,215.45,142.79,174.46,18%,38%,2.18%,3.28%,3.23%,79.55%,79.55%,0,2.69%,-22.69%,,,,,,,,,,,,
,,,,,,,,,,,,,,,,,,2022,6/28/2022,$                                                      154.16,,,,,,,,,,3.04%,$            154.16,4.69,215.45,142.79,174.46,16%,40%,2.18%,3.28%,3.26%,81.25%,81.25%,0,2.69%,-23.41%,,,,,,,,,,,,
,,,,,,,,,,,,,,,,,,2022,6/29/2022,$                                                     152.78,,,,,,,,,,3.07%,$           152.78,4.69,215.45,142.79,174.46,14%,41%,2.18%,3.28%,3.29%,82.88%,82.88%,0,2.69%,-24.10%,,,,,,,,,,,,
,,,,,,,,,,,,,,,,,,2022,6/30/2022,$                                                     153.65,,,,,,,,,,3.05%,$           153.65,4.69,215.45,142.79,174.46,15%,40%,2.18%,3.28%,3.27%,81.85%,81.85%,0,2.69%,-23.67%,,,,,,,,,,,,
,,,,,,,,,,,,,,,,,,2022,7/1/2022,$                                                     148.54,,,,,,,,,,3.16%,$           148.54,4.69,215.45,142.79,174.46,8%,45%,2.18%,3.28%,3.38%,88.10%,88.10%,0,2.69%,-26.21%,,,,,,,,,,,,
,,,,,,,,,,,,,,,,,,2022,7/5/2022,$                                                      149.10,,,,,,,,,,3.15%,$            149.10,4.69,215.45,142.79,174.46,9%,45%,2.18%,3.28%,3.37%,87.40%,87.40%,0,2.69%,-25.93%,,,,,,,,,,,,
,,,,,,,,,,,,,,,,,,2022,7/6/2022,$                                                      150.81,,,,,,,,,,3.11%,$            150.81,4.69,215.45,142.79,174.46,11%,43%,2.18%,3.28%,3.33%,85.27%,85.27%,0,2.69%,-25.08%,,,,,,,,,,,,
,,,,,,,,,,,,,,,,,,2022,7/7/2022,$                                                     154.69,,,,,,,,,,3.03%,$           154.69,4.69,215.45,142.79,174.46,16%,39%,2.18%,3.28%,3.25%,80.63%,80.63%,0,2.69%,-23.15%,,,,,,,,,,,,
,,,,,,,,,,,,,,,,,,2022,7/8/2022,$                                                     155.53,,,,,,,,,,3.02%,$           155.53,4.69,215.45,142.79,174.46,18%,39%,2.18%,3.28%,3.23%,79.65%,79.65%,0,2.69%,-22.73%,,,,,,,,,,,,
,,,,,,,,,,,,,,,,,,2022,7/11/2022,$                                                     153.56,,,,,,,,,,3.05%,$           153.56,4.69,215.45,142.79,174.46,15%,40%,2.18%,3.28%,3.27%,81.95%,81.95%,0,2.69%,-23.71%,,,,,,,,,,,,
,,,,,,,,,,,,,,,,,,2022,7/12/2022,$                                                     154.46,,,,,,,,,,3.04%,$           154.46,4.69,215.45,142.79,174.46,16%,39%,2.18%,3.28%,3.25%,80.89%,80.89%,0,2.69%,-23.26%,,,,,,,,,,,,
,,,,,,,,,,,,,,,,,,2022,7/13/2022,$                                                     154.29,,,,,,,,,,3.04%,$           154.29,4.69,215.45,142.79,174.46,16%,40%,2.18%,3.28%,3.25%,81.09%,81.09%,0,2.69%,-23.35%,,,,,,,,,,,,
,,,,,,,,,,,,,,,,,,2022,7/14/2022,$                                                     157.85,,,,,,,,,,2.97%,$           157.85,4.69,215.45,142.79,174.46,21%,36%,2.18%,3.28%,3.18%,77.01%,77.01%,0,2.69%,-21.58%,,,,,,,,,,,,
,,,,,,,,,,,,,,,,,,2022,7/15/2022,$                                                     160.54,,,,,,,,,,2.92%,$           160.54,4.69,215.45,142.79,174.46,24%,34%,2.18%,3.28%,3.13%,74.04%,74.04%,0,2.69%,-20.24%,,,,,,,,,,,,
,,,,,,,,,,,,,,,,,,2022,7/18/2022,$                                                     159.67,,,,,,,,,,2.94%,$           159.67,4.69,215.45,142.79,174.46,23%,35%,2.18%,3.28%,3.14%,74.99%,74.99%,0,2.69%,-20.68%,,,,,,,,,,,,
,,,,,,,,,,,,,,,,,,2022,7/19/2022,$                                                     164.64,,,,,,,,,,2.85%,$           164.64,4.69,215.45,142.79,174.46,30%,31%,2.18%,3.28%,3.05%,69.71%,69.71%,0,2.69%,-18.21%,,,,,,,,,,,,
,,,,,,,,,,,,,,,,,,2022,7/20/2022,$                                                     165.33,,,,,,,,,,2.84%,$           165.33,4.69,215.45,142.79,174.46,31%,30%,2.18%,3.28%,3.04%,69.00%,69.00%,0,2.69%,-17.86%,,,,,,,,,,,,
,,,,,,,,,,,,,,,,,,2022,7/21/2022,$                                                     166.54,,,,,,,,,,2.82%,$           166.54,4.69,215.45,142.79,174.46,33%,29%,2.18%,3.28%,3.01%,67.77%,67.77%,0,2.69%,-17.26%,,,,,,,,,,,,
,,,,,,,,,,,,,,,,,,2022,7/22/2022,$                                                     163.90,,,,,,,,,,2.86%,$           163.90,4.69,215.45,142.79,174.46,29%,31%,2.18%,3.28%,3.06%,70.48%,70.48%,0,2.69%,-18.58%,,,,,,,,,,,,
,,,,,,,,,,,,,,,,,,2022,7/25/2022,$                                                     163.20,,,,,,,,,,2.87%,$           163.20,4.69,215.45,142.79,174.46,28%,32%,2.18%,3.28%,3.08%,71.21%,71.21%,0,2.69%,-18.92%,,,,,,,,,,,,
,,,,,,,,,,,,,,,,,,2022,7/26/2022,$                                                     160.84,,,,,,,,,,2.92%,$           160.84,4.69,215.45,142.79,174.46,25%,34%,2.18%,3.28%,3.12%,73.72%,73.72%,0,2.69%,-20.10%,,,,,,,,,,,,
,,,,,,,,,,,,,,,,,,2022,7/27/2022,$                                                      171.54,,,,,,,,,,2.73%,$            171.54,4.69,215.45,142.79,174.46,40%,26%,2.18%,3.28%,2.93%,62.88%,62.88%,0,2.69%,-14.78%,,,,,,,,,,,,
,,,,,,,,,,,,,,,,,,2022,7/28/2022,$                                                     175.75,,,,,,,,,,2.67%,$           175.75,4.69,215.45,142.79,174.46,45%,23%,2.18%,3.28%,2.86%,58.98%,58.98%,0,2.69%,-12.69%,,,,,,,,,,,,
,,,,,,,,,,,,,,,,,,2022,7/29/2022,$                                                     178.89,,,,,,,,,,2.62%,$           178.89,4.69,215.45,142.79,174.46,50%,20%,2.18%,3.28%,2.81%,56.19%,56.19%,0,2.69%,-11.13%,,,,,,,,,,,,
,,,,,,,,,,,,,,,,,,2022,8/1/2022,$                                                     178.80,,,,,,,,,,2.62%,$           178.80,4.69,215.45,142.79,174.46,50%,20%,2.18%,3.28%,2.81%,56.27%,56.27%,0,2.69%,-11.17%,,,,,,,,,,,,
,,,,,,,,,,,,,,,,,,2022,8/2/2022,$                                                     177.22,,,,,,,,,,2.65%,$           177.22,4.69,215.45,142.79,174.46,47%,22%,2.18%,3.28%,2.83%,57.66%,57.66%,0,2.69%,-11.96%,,,,,,,,,,,,
,,,,,,,,,,,,,,,,,,2022,8/3/2022,$                                                     183.47,,,,,,,,,,2.56%,$           183.47,4.69,215.45,142.79,174.46,56%,17%,2.18%,3.28%,2.74%,52.29%,52.29%,0,2.69%,-8.85%,,,,,,,,,,,,
,,,,,,,,,,,,,,,,,,2022,8/4/2022,$                                                      184.91,,,,,,,,,,2.54%,$            184.91,4.69,215.45,142.79,174.46,58%,17%,2.18%,3.28%,2.71%,51.11%,51.11%,0,2.69%,-8.14%,,,,,,,,,,,,
,,,,,,,,,,,,,,,,,,2022,8/5/2022,$                                                     184.30,,,,,,,,,,2.54%,$           184.30,4.69,215.45,142.79,174.46,57%,17%,2.18%,3.28%,2.72%,51.61%,51.61%,0,2.69%,-8.44%,,,,,,,,,,,,
,,,,,,,,,,,,,,,,,,2022,8/8/2022,$                                                     182.80,,,,,,,,,,2.57%,$           182.80,4.69,215.45,142.79,174.46,55%,18%,2.18%,3.28%,2.75%,52.85%,52.85%,0,2.69%,-9.19%,,,,,,,,,,,,
,,,,,,,,,,,,,,,,,,2022,8/9/2022,$                                                      177.71,,,,,,,,,,2.64%,$            177.71,4.69,215.45,142.79,174.46,48%,21%,2.18%,3.28%,2.82%,57.23%,57.23%,0,2.69%,-11.71%,,,,,,,,,,,,
,,,,,,,,,,,,,,,,,,2022,8/10/2022,$                                                      183.12,,,,,,,,,,2.56%,$            183.12,4.69,215.45,142.79,174.46,56%,18%,2.18%,3.28%,2.74%,52.58%,52.58%,0,2.69%,-9.03%,,,,,,,,,,,,
,,,,,,,,,,,,,,,,,,2022,8/11/2022,$                                                     182.06,,,,,,,,,,2.58%,$           182.06,4.69,215.45,142.79,174.46,54%,18%,2.18%,3.28%,2.76%,53.47%,53.47%,0,2.69%,-9.55%,,,,,,,,,,,,
,,,,,,,,,,,,,,,,,,2022,8/12/2022,$                                                     185.38,,,,,,,,,,2.53%,$           185.38,4.69,215.45,142.79,174.46,59%,16%,2.18%,3.28%,2.71%,50.72%,50.72%,0,2.69%,-7.90%,,,,,,,,,,,,
,,,,,,,,,,,,,,,,,,2022,8/15/2022,$                                                     185.40,,,,,,,,,,2.53%,$           185.40,4.69,215.45,142.79,174.46,59%,16%,2.18%,3.28%,2.71%,50.71%,50.71%,0,2.69%,-7.89%,,,,,,,,,,,,
,,,,,,,,,,,,,,,,,,2022,8/16/2022,$                                                     183.36,,,,,,,,,,2.56%,$           183.36,4.69,215.45,142.79,174.46,56%,18%,2.18%,3.28%,2.74%,52.38%,52.38%,0,2.69%,-8.91%,,,,,,,,,,,,
,,,,,,,,,,,,,,,,,,2022,8/17/2022,$                                                      176.71,,,,,,,,,,2.65%,$            176.71,4.69,215.45,142.79,174.46,47%,22%,2.18%,3.28%,2.84%,58.12%,58.12%,0,2.69%,-12.21%,,,,,,,,,,,,
,,,,,,,,,,,,,,,,,,2022,8/18/2022,$                                                     178.46,,,,,,,,,,2.63%,$           178.46,4.69,215.45,142.79,174.46,49%,21%,2.18%,3.28%,2.81%,56.57%,56.57%,0,2.69%,-11.34%,,,,,,,,,,,,
,,,,,,,,,,,,,,,,,,2022,8/19/2022,$                                                     176.45,,,,,,,,,,2.66%,$           176.45,4.69,215.45,142.79,174.46,46%,22%,2.18%,3.28%,2.84%,58.35%,58.35%,0,2.69%,-12.34%,,,,,,,,,,,,
,,,,,,,,,,,,,,,,,,2022,8/22/2022,$                                                      171.44,,,,,,,,,,2.74%,$            171.44,4.69,215.45,142.79,174.46,39%,26%,2.18%,3.28%,2.93%,62.98%,62.98%,0,2.69%,-14.83%,,,,,,,,,,,,
,,,,,,,,,,,,,,,,,,2022,8/23/2022,$                                                     172.52,,,,,,,,,,2.72%,$           172.52,4.69,215.45,142.79,174.46,41%,25%,2.18%,3.28%,2.91%,61.96%,61.96%,0,2.69%,-14.29%,,,,,,,,,,,,
,,,,,,,,,,,,,,,,,,2022,8/24/2022,$                                                      172.19,,,,,,,,,,2.72%,$            172.19,4.69,215.45,142.79,174.46,40%,25%,2.18%,3.28%,2.92%,62.27%,62.27%,0,2.69%,-14.46%,,,,,,,,,,,,
,,,,,,,,,,,,,,,,,,2022,8/25/2022,$                                                      177.31,,,,,,,,,,2.65%,$            177.31,4.69,215.45,142.79,174.46,48%,22%,2.18%,3.28%,2.83%,57.58%,57.58%,0,2.69%,-11.91%,,,,,,,,,,,,
,,,,,,,,,,,,,,,,,,2022,8/26/2022,$                                                     169.49,,,,,,,,,,2.77%,$           169.49,4.69,215.45,142.79,174.46,37%,27%,2.18%,3.28%,2.96%,64.85%,64.85%,0,2.69%,-15.80%,,,,,,,,,,,,
,,,,,,,,,,,,,,,,,,2022,8/29/2022,$                                                     167.94,,,,,,,,,,2.79%,$           167.94,4.69,215.45,142.79,174.46,35%,28%,2.18%,3.28%,2.99%,66.37%,66.37%,0,2.69%,-16.57%,,,,,,,,,,,,
,,,,,,,,,,,,,,,,,,2022,8/30/2022,$                                                     166.74,,,,,,,,,,2.81%,$           166.74,4.69,215.45,142.79,174.46,33%,29%,2.18%,3.28%,3.01%,67.57%,67.57%,0,2.69%,-17.16%,,,,,,,,,,,,
,,,,,,,,,,,,,,,,,,2022,8/31/2022,$                                                      165.21,,,,,,,,,,2.84%,$            165.21,4.69,215.45,142.79,174.46,31%,30%,2.18%,3.28%,3.04%,69.12%,69.12%,0,2.69%,-17.92%,,,,,,,,,,,,
,,,,,,,,,,,,,,,,,,2022,9/1/2022,$                                                      166.16,,,,,,,,,,2.82%,$            166.16,4.69,215.45,142.79,174.46,32%,30%,2.18%,3.28%,3.02%,68.16%,68.16%,0,2.69%,-17.45%,,,,,,,,,,,,
,,,,,,,,,,,,,,,,,,2022,9/2/2022,$                                                     163.00,,,,,,,,,,2.88%,$           163.00,4.69,215.45,142.79,174.46,28%,32%,2.18%,3.28%,3.08%,71.42%,71.42%,0,2.69%,-19.02%,,,,,,,,,,,,
,,,,,,,,,,,,,,,,,,2022,9/6/2022,$                                                      163.10,,,,,,,,,,2.88%,$            163.10,4.69,215.45,142.79,174.46,28%,32%,2.18%,3.28%,3.08%,71.31%,71.31%,0,2.69%,-18.97%,,,,,,,,,,,,
,,,,,,,,,,,,,,,,,,2022,9/7/2022,$                                                     165.82,,,,,,,,,,2.83%,$           165.82,4.69,215.45,142.79,174.46,32%,30%,2.18%,3.28%,3.03%,68.50%,68.50%,0,2.69%,-17.62%,,,,,,,,,,,,
,,,,,,,,,,,,,,,,,,2022,9/8/2022,$                                                      168.41,,,,,,,,,,2.78%,$            168.41,4.69,215.45,142.79,174.46,35%,28%,2.18%,3.28%,2.98%,65.91%,65.91%,0,2.69%,-16.33%,,,,,,,,,,,,
,,,,,,,,,,,,,,,,,,2022,9/9/2022,$                                                     170.74,,,,,,,,,,2.75%,$           170.74,4.69,215.45,142.79,174.46,38%,26%,2.18%,3.28%,2.94%,63.65%,63.65%,0,2.69%,-15.18%,,,,,,,,,,,,
,,,,,,,,,,,,,,,,,,2022,9/12/2022,$                                                     170.58,,,,,,,,,,2.75%,$           170.58,4.69,215.45,142.79,174.46,38%,26%,2.18%,3.28%,2.94%,63.80%,63.80%,0,2.69%,-15.26%,,,,,,,,,,,,
,,,,,,,,,,,,,,,,,,2022,9/13/2022,$                                                     162.65,,,,,,,,,,2.88%,$           162.65,4.69,215.45,142.79,174.46,27%,32%,2.18%,3.28%,3.09%,71.79%,71.79%,0,2.69%,-19.20%,,,,,,,,,,,,
,,,,,,,,,,,,,,,,,,2022,9/14/2022,$                                                     165.26,,,,,,,,,,2.84%,$           165.26,4.69,215.45,142.79,174.46,31%,30%,2.18%,3.28%,3.04%,69.07%,69.07%,0,2.69%,-17.90%,,,,,,,,,,,,
,,,,,,,,,,,,,,,,,,2022,9/15/2022,$                                                     162.67,,,,,,,,,,2.88%,$           162.67,4.69,215.45,142.79,174.46,27%,32%,2.18%,3.28%,3.09%,71.76%,71.76%,0,2.69%,-19.19%,,,,,,,,,,,,
,,,,,,,,,,,,,,,,,,2022,9/16/2022,$                                                     165.26,,,,,,,,,,2.84%,$           165.26,4.69,215.45,142.79,174.46,31%,30%,2.18%,3.28%,3.04%,69.07%,69.07%,0,2.69%,-17.90%,,,,,,,,,,,,
,,,,,,,,,,,,,,,,,,2022,9/19/2022,$                                                     166.25,,,,,,,,,,2.82%,$           166.25,4.69,215.45,142.79,174.46,32%,30%,2.18%,3.28%,3.02%,68.07%,68.07%,0,2.69%,-17.41%,,,,,,,,,,,,
,,,,,,,,,,,,,,,,,,2022,9/20/2022,$                                                     166.06,,,,,,,,,,2.82%,$           166.06,4.69,215.45,142.79,174.46,32%,30%,2.18%,3.28%,3.02%,68.26%,68.26%,0,2.69%,-17.50%,,,,,,,,,,,,
,,,,,,,,,,,,,,,,,,2022,9/21/2022,$                                                     163.30,,,,,,,,,,2.87%,$           163.30,4.69,215.45,142.79,174.46,28%,32%,2.18%,3.28%,3.07%,71.10%,71.10%,0,2.69%,-18.87%,,,,,,,,,,,,
,,,,,,,,,,,,,,,,,,2022,9/22/2022,$                                                     162.62,,,,,,,,,,2.88%,$           162.62,4.69,215.45,142.79,174.46,27%,32%,2.18%,3.28%,3.09%,71.82%,71.82%,0,2.69%,-19.21%,,,,,,,,,,,,
,,,,,,,,,,,,,,,,,,2022,9/23/2022,$                                                      161.29,,,,,,,,,,2.91%,$            161.29,4.69,215.45,142.79,174.46,25%,34%,2.18%,3.28%,3.11%,73.23%,73.23%,0,2.69%,-19.87%,,,,,,,,,,,,
,,,,,,,,,,,,,,,,,,2022,9/26/2022,$                                                     160.46,,,,,,,,,,2.92%,$           160.46,4.69,215.45,142.79,174.46,24%,34%,2.18%,3.28%,3.13%,74.13%,74.13%,0,2.69%,-20.28%,,,,,,,,,,,,
,,,,,,,,,,,,,,,,,,2022,9/27/2022,$                                                      160.71,,,,,,,,,,2.92%,$            160.71,4.69,215.45,142.79,174.46,25%,34%,2.18%,3.28%,3.12%,73.86%,73.86%,0,2.69%,-20.16%,,,,,,,,,,,,
,,,,,,,,,,,,,,,,,,2022,9/28/2022,$                                                     162.80,,,,,,,,,,2.88%,$           162.80,4.69,215.45,142.79,174.46,28%,32%,2.18%,3.28%,3.08%,71.63%,71.63%,0,2.69%,-19.12%,,,,,,,,,,,,
,,,,,,,,,,,,,,,,,,2022,9/29/2022,$                                                     158.45,,,,,,,,,,2.96%,$           158.45,4.69,215.45,142.79,174.46,22%,36%,2.18%,3.28%,3.17%,76.34%,76.34%,0,2.69%,-21.28%,,,,,,,,,,,,
,,,,,,,,,,,,,,,,,,2022,9/30/2022,$                                                     154.78,,,,,,,,,,3.03%,$           154.78,4.69,215.45,142.79,174.46,16%,39%,2.18%,3.28%,3.24%,80.52%,80.52%,0,2.69%,-23.11%,,,,,,,,,,,,
,,,,,,,,,,,,,,,,,,2022,10/3/2022,$                                                     159.84,,,,,,,,,,2.93%,$           159.84,4.69,215.45,142.79,174.46,23%,35%,2.18%,3.28%,3.14%,74.81%,74.81%,0,2.69%,-20.59%,,,,,,,,,,,,
,,,,,,,,,,,,,,,,,,2022,10/4/2022,$                                                      165.15,,,,,,,,,,2.84%,$            165.15,4.69,215.45,142.79,174.46,31%,30%,2.18%,3.28%,3.04%,69.19%,69.19%,0,2.69%,-17.95%,,,,,,,,,,,,
,,,,,,,,,,,,,,,,,,2022,10/5/2022,$                                                     167.80,,,,,,,,,,2.79%,$           167.80,4.69,215.45,142.79,174.46,34%,28%,2.18%,3.28%,2.99%,66.51%,66.51%,0,2.69%,-16.64%,,,,,,,,,,,,
,,,,,,,,,,,,,,,,,,2022,10/6/2022,$                                                     166.54,,,,,,,,,,2.82%,$           166.54,4.69,215.45,142.79,174.46,33%,29%,2.18%,3.28%,3.01%,67.77%,67.77%,0,2.69%,-17.26%,,,,,,,,,,,,
,,,,,,,,,,,,,,,,,,2022,10/7/2022,$                                                     159.28,,,,,,,,,,2.94%,$           159.28,4.69,215.45,142.79,174.46,23%,35%,2.18%,3.28%,3.15%,75.42%,75.42%,0,2.69%,-20.87%,,,,,,,,,,,,
,,,,,,,,,,,,,,,,,,2022,10/10/2022,$                                                     156.79,,,,,,,,,,2.99%,$           156.79,4.69,215.45,142.79,174.46,19%,37%,2.18%,3.28%,3.20%,78.21%,78.21%,0,2.69%,-22.11%,,,,,,,,,,,,
,,,,,,,,,,,,,,,,,,2022,10/11/2022,$                                                     153.45,,,,,,,,,,3.06%,$           153.45,4.69,215.45,142.79,174.46,15%,40%,2.18%,3.28%,3.27%,82.09%,82.09%,0,2.69%,-23.77%,,,,,,,,,,,,
,,,,,,,,,,,,,,,,,,2022,10/12/2022,$                                                      151.55,,,,,,,,,,3.09%,$            151.55,4.69,215.45,142.79,174.46,12%,42%,2.18%,3.28%,3.31%,84.37%,84.37%,0,2.69%,-24.71%,,,,,,,,,,,,
,,,,,,,,,,,,,,,,,,2022,10/13/2022,$                                                     154.34,,,,,,,,,,3.04%,$           154.34,4.69,215.45,142.79,174.46,16%,40%,2.18%,3.28%,3.25%,81.04%,81.04%,0,2.69%,-23.32%,,,,,,,,,,,,
,,,,,,,,,,,,,,,,,,2022,10/14/2022,$                                                     148.34,,,,,,,,,,3.16%,$           148.34,4.69,215.45,142.79,174.46,8%,45%,2.18%,3.28%,3.38%,88.36%,88.36%,0,2.69%,-26.31%,,,,,,,,,,,,
,,,,,,,,,,,,,,,,,,2022,10/17/2022,$                                                     150.99,,,,,,,,,,3.11%,$           150.99,4.69,215.45,142.79,174.46,11%,43%,2.18%,3.28%,3.32%,85.05%,85.05%,0,2.69%,-24.99%,,,,,,,,,,,,
,,,,,,,,,,,,,,,,,,2022,10/18/2022,$                                                       151.51,,,,,,,,,,3.10%,$             151.51,4.69,215.45,142.79,174.46,12%,42%,2.18%,3.28%,3.31%,84.42%,84.42%,0,2.69%,-24.73%,,,,,,,,,,,,
,,,,,,,,,,,,,,,,,,2022,10/19/2022,$                                                     152.65,,,,,,,,,,3.07%,$           152.65,4.69,215.45,142.79,174.46,14%,41%,2.18%,3.28%,3.29%,83.04%,83.04%,0,2.69%,-24.16%,,,,,,,,,,,,
,,,,,,,,,,,,,,,,,,2022,10/20/2022,$                                                     153.72,,,,,,,,,,3.05%,$           153.72,4.69,215.45,142.79,174.46,15%,40%,2.18%,3.28%,3.27%,81.77%,81.77%,0,2.69%,-23.63%,,,,,,,,,,,,
,,,,,,,,,,,,,,,,,,2022,10/21/2022,$                                                     159.72,,,,,,,,,,2.94%,$           159.72,4.69,215.45,142.79,174.46,23%,35%,2.18%,3.28%,3.14%,74.94%,74.94%,0,2.69%,-20.65%,,,,,,,,,,,,
,,,,,,,,,,,,,,,,,,2022,10/24/2022,$                                                      161.65,,,,,,,,,,2.90%,$            161.65,4.69,215.45,142.79,174.46,26%,33%,2.18%,3.28%,3.11%,72.85%,72.85%,0,2.69%,-19.69%,,,,,,,,,,,,
,,,,,,,,,,,,,,,,,,2022,10/25/2022,$                                                      162.16,,,,,,,,,,2.89%,$            162.16,4.69,215.45,142.79,174.46,27%,33%,2.18%,3.28%,3.10%,72.31%,72.31%,0,2.69%,-19.44%,,,,,,,,,,,,
,,,,,,,,,,,,,,,,,,2022,10/26/2022,$                                                     157.87,,,,,,,,,,2.97%,$           157.87,4.69,215.45,142.79,174.46,21%,36%,2.18%,3.28%,3.18%,76.99%,76.99%,0,2.69%,-21.57%,,,,,,,,,,,,
,,,,,,,,,,,,,,,,,,2022,10/27/2022,$                                                     156.76,,,,,,,,,,2.99%,$           156.76,4.69,215.45,142.79,174.46,19%,37%,2.18%,3.28%,3.20%,78.24%,78.24%,0,2.69%,-22.12%,,,,,,,,,,,,
,,,,,,,,,,,,,,,,,,2022,10/28/2022,$                                                      161.36,,,,,,,,,,2.91%,$            161.36,4.69,215.45,142.79,174.46,26%,34%,2.18%,3.28%,3.11%,73.16%,73.16%,0,2.69%,-19.84%,,,,,,,,,,,,
,,,,,,,,,,,,,,,,,,2022,10/31/2022,$                                                     160.63,,,,,,,,,,2.92%,$           160.63,4.69,215.45,142.79,174.46,25%,34%,2.18%,3.28%,3.13%,73.95%,73.95%,0,2.69%,-20.20%,,,,,,,,,,,,
,,,,,,,,,,,,,,,,,,2022,11/1/2022,$                                                     162.90,,,,,,,,,,2.88%,$           162.90,4.69,215.45,142.79,174.46,28%,32%,2.18%,3.28%,3.08%,71.52%,71.52%,0,2.69%,-19.07%,,,,,,,,,,,,
,,,,,,,,,,,,,,,,,,2022,11/2/2022,$                                                     158.49,,,,,,,,,,2.96%,$           158.49,4.69,215.45,142.79,174.46,22%,36%,2.18%,3.28%,3.17%,76.30%,76.30%,0,2.69%,-21.26%,,,,,,,,,,,,
,,,,,,,,,,,,,,,,,,2022,11/3/2022,$                                                     156.52,,,,,,,,,,3.00%,$           156.52,4.69,215.45,142.79,174.46,19%,38%,2.18%,3.28%,3.21%,78.51%,78.51%,0,2.69%,-22.24%,,,,,,,,,,,,
,,,,,,,,,,,,,,,,,,2022,11/4/2022,$                                                     162.65,,,,,,,,,,2.88%,$           162.65,4.69,215.45,142.79,174.46,27%,32%,2.18%,3.28%,3.09%,71.79%,71.79%,0,2.69%,-19.20%,,,,,,,,,,,,
,,,,,,,,,,,,,,,,,,2022,11/7/2022,$                                                     165.69,,,,,,,,,,2.83%,$           165.69,4.69,215.45,142.79,174.46,32%,30%,2.18%,3.28%,3.03%,68.63%,68.63%,0,2.69%,-17.69%,,,,,,,,,,,,
,,,,,,,,,,,,,,,,,,2022,11/8/2022,$                                                       168.11,,,,,,,,,,2.79%,$             168.11,4.69,215.45,142.79,174.46,35%,28%,2.18%,3.28%,2.99%,66.21%,66.21%,0,2.69%,-16.48%,,,,,,,,,,,,
,,,,,,,,,,,,,,,,,,2022,11/9/2022,$                                                     164.99,,,,,,,,,,2.84%,$           164.99,4.69,215.45,142.79,174.46,31%,31%,2.18%,3.28%,3.04%,69.35%,69.35%,0,2.69%,-18.03%,,,,,,,,,,,,
,,,,,,,,,,,,,,,,,,2022,11/10/2022,$                                                     174.69,,,,,,,,,,2.68%,$           174.69,4.69,215.45,142.79,174.46,44%,23%,2.18%,3.28%,2.87%,59.95%,59.95%,0,2.69%,-13.21%,,,,,,,,,,,,
,,,,,,,,,,,,,,,,,,2022,11/11/2022,$                                                     179.49,,,,,,,,,,2.61%,$           179.49,4.69,215.45,142.79,174.46,51%,20%,2.18%,3.28%,2.80%,55.67%,55.67%,0,2.69%,-10.83%,,,,,,,,,,,,
,,,,,,,,,,,,,,,,,,2022,11/14/2022,$                                                     177.44,,,,,,,,,,2.64%,$           177.44,4.69,215.45,142.79,174.46,48%,21%,2.18%,3.28%,2.83%,57.47%,57.47%,0,2.69%,-11.85%,,,,,,,,,,,,
,,,,,,,,,,,,,,,,,,2022,11/15/2022,$                                                     177.57,,,,,,,,,,2.64%,$           177.57,4.69,215.45,142.79,174.46,48%,21%,2.18%,3.28%,2.83%,57.35%,57.35%,0,2.69%,-11.78%,,,,,,,,,,,,
,,,,,,,,,,,,,,,,,,2022,11/16/2022,$                                                     173.46,,,,,,,,,,2.70%,$           173.46,4.69,215.45,142.79,174.46,42%,24%,2.18%,3.28%,2.89%,61.08%,61.08%,0,2.69%,-13.83%,,,,,,,,,,,,
,,,,,,,,,,,,,,,,,,2022,11/17/2022,$                                                     175.36,,,,,,,,,,2.67%,$           175.36,4.69,215.45,142.79,174.46,45%,23%,2.18%,3.28%,2.86%,59.34%,59.34%,0,2.69%,-12.88%,,,,,,,,,,,,
,,,,,,,,,,,,,,,,,,2022,11/18/2022,$                                                      175.18,,,,,,,,,,2.68%,$            175.18,4.69,215.45,142.79,174.46,45%,23%,2.18%,3.28%,2.87%,59.50%,59.50%,0,2.69%,-12.97%,,,,,,,,,,,,
,,,,,,,,,,,,,,,,,,2022,11/21/2022,$                                                     172.40,,,,,,,,,,2.72%,$           172.40,4.69,215.45,142.79,174.46,41%,25%,2.18%,3.28%,2.91%,62.07%,62.07%,0,2.69%,-14.35%,,,,,,,,,,,,
,,,,,,,,,,,,,,,,,,2022,11/22/2022,$                                                     177.22,,,,,,,,,,2.65%,$           177.22,4.69,215.45,142.79,174.46,47%,22%,2.18%,3.28%,2.83%,57.66%,57.66%,0,2.69%,-11.96%,,,,,,,,,,,,
,,,,,,,,,,,,,,,,,,2022,11/23/2022,$                                                     178.98,,,,,,,,,,2.62%,$           178.98,4.69,215.45,142.79,174.46,50%,20%,2.18%,3.28%,2.80%,56.11%,56.11%,0,2.69%,-11.08%,,,,,,,,,,,,
,,,,,,,,,,,,,,,,,,2022,11/25/2022,$                                                     177.07,,,,,,,,,,2.65%,$           177.07,4.69,215.45,142.79,174.46,47%,22%,2.18%,3.28%,2.84%,57.80%,57.80%,0,2.69%,-12.03%,,,,,,,,,,,,
,,,,,,,,,,,,,,,,,,2022,11/28/2022,$                                                     173.00,,,,,,,,,,2.71%,$           173.00,4.69,215.45,142.79,174.46,42%,25%,2.18%,3.28%,2.90%,61.51%,61.51%,0,2.69%,-14.05%,,,,,,,,,,,,
,,,,,,,,,,,,,,,,,,2022,11/29/2022,$                                                     172.98,,,,,,,,,,2.71%,$           172.98,4.69,215.45,142.79,174.46,42%,25%,2.18%,3.28%,2.90%,61.53%,61.53%,0,2.69%,-14.06%,,,,,,,,,,,,
,,,,,,,,,,,,,,,,,,2022,11/30/2022,$                                                     180.46,,,,,,,,,,2.60%,$           180.46,4.69,215.45,142.79,174.46,52%,19%,2.18%,3.28%,2.78%,54.83%,54.83%,0,2.69%,-10.35%,,,,,,,,,,,,
,,,,,,,,,,,,,,,,,,2022,12/1/2022,$                                                     177.50,,,,,,,,,,2.64%,$           177.50,4.69,215.45,142.79,174.46,48%,21%,2.18%,3.28%,2.83%,57.41%,57.41%,0,2.69%,-11.82%,,,,,,,,,,,,
,,,,,,,,,,,,,,,,,,2022,12/2/2022,$                                                     177.66,,,,,,,,,,2.64%,$           177.66,4.69,215.45,142.79,174.46,48%,21%,2.18%,3.28%,2.83%,57.27%,57.27%,0,2.69%,-11.74%,,,,,,,,,,,,
,,,,,,,,,,,,,,,,,,2022,12/5/2022,$                                                     177.39,,,,,,,,,,2.64%,$           177.39,4.69,215.45,142.79,174.46,48%,21%,2.18%,3.28%,2.83%,57.51%,57.51%,0,2.69%,-11.87%,,,,,,,,,,,,
,,,,,,,,,,,,,,,,,,2022,12/6/2022,$                                                     174.34,,,,,,,,,,2.69%,$           174.34,4.69,215.45,142.79,174.46,43%,24%,2.18%,3.28%,2.88%,60.27%,60.27%,0,2.69%,-13.39%,,,,,,,,,,,,
,,,,,,,,,,,,,,,,,,2022,12/7/2022,$                                                     173.75,,,,,,,,,,2.70%,$           173.75,4.69,215.45,142.79,174.46,43%,24%,2.18%,3.28%,2.89%,60.81%,60.81%,0,2.69%,-13.68%,,,,,,,,,,,,
,,,,,,,,,,,,,,,,,,2022,12/8/2022,$                                                     176.36,,,,,,,,,,2.66%,$           176.36,4.69,215.45,142.79,174.46,46%,22%,2.18%,3.28%,2.85%,58.43%,58.43%,0,2.69%,-12.39%,,,,,,,,,,,,
,,,,,,,,,,,,,,,,,,2022,12/9/2022,$                                                     174.26,,,,,,,,,,2.69%,$           174.26,4.69,215.45,142.79,174.46,43%,24%,2.18%,3.28%,2.88%,60.34%,60.34%,0,2.69%,-13.43%,,,,,,,,,,,,
,,,,,,,,,,,,,,,,,,2022,12/12/2022,$                                                     177.48,,,,,,,,,,2.64%,$           177.48,4.69,215.45,142.79,174.46,48%,21%,2.18%,3.28%,2.83%,57.43%,57.43%,0,2.69%,-11.83%,,,,,,,,,,,,
,,,,,,,,,,,,,,,,,,2022,12/13/2022,$                                                     177.50,,,,,,,,,,2.64%,$           177.50,4.69,215.45,142.79,174.46,48%,21%,2.18%,3.28%,2.83%,57.41%,57.41%,0,2.69%,-11.82%,,,,,,,,,,,,
,,,,,,,,,,,,,,,,,,2022,12/14/2022,$                                                     175.82,,,,,,,,,,2.67%,$           175.82,4.69,215.45,142.79,174.46,45%,23%,2.18%,3.28%,2.86%,58.92%,58.92%,0,2.69%,-12.65%,,,,,,,,,,,,
,,,,,,,,,,,,,,,,,,2022,12/15/2022,$                                                      170.01,,,,,,,,,,2.76%,$            170.01,4.69,215.45,142.79,174.46,37%,27%,2.18%,3.28%,2.95%,64.35%,64.35%,0,2.69%,-15.54%,,,,,,,,,,,,
,,,,,,,,,,,,,,,,,,2022,12/16/2022,$                                                     169.55,,,,,,,,,,2.77%,$           169.55,4.69,215.45,142.79,174.46,37%,27%,2.18%,3.28%,2.96%,64.80%,64.80%,0,2.69%,-15.77%,,,,,,,,,,,,
,,,,,,,,,,,,,,,,,,2022,12/19/2022,$                                                      167.61,,,,,,,,,,2.80%,$            167.61,4.69,215.45,142.79,174.46,34%,29%,2.18%,3.28%,3.00%,66.70%,66.70%,0,2.69%,-16.73%,,,,,,,,,,,,
,,,,,,,,,,,,,,,,,,2022,12/20/2022,$                                                     166.09,,,,,,,,,,2.82%,$           166.09,4.69,215.45,142.79,174.46,32%,30%,2.18%,3.28%,3.02%,68.23%,68.23%,0,2.69%,-17.49%,,,,,,,,,,,,
,,,,,,,,,,,,,,,,,,2022,12/21/2022,$                                                     168.73,,,,,,,,,,2.78%,$           168.73,4.69,215.45,142.79,174.46,36%,28%,2.18%,3.28%,2.98%,65.60%,65.60%,0,2.69%,-16.18%,,,,,,,,,,,,
,,,,,,,,,,,,,,,,,,2022,12/22/2022,$                                                     164.70,,,,,,,,,,2.85%,$           164.70,4.69,215.45,142.79,174.46,30%,31%,2.18%,3.28%,3.05%,69.65%,69.65%,0,2.69%,-18.18%,,,,,,,,,,,,
,,,,,,,,,,,,,,,,,,2022,12/23/2022,$                                                     164.38,,,,,,,,,,2.85%,$           164.38,4.69,215.45,142.79,174.46,30%,31%,2.18%,3.28%,3.05%,69.98%,69.98%,0,2.69%,-18.34%,,,,,,,,,,,,
,,,,,,,,,,,,,,,,,,2022,12/27/2022,$                                                     163.78,,,,,,,,,,2.86%,$           163.78,4.69,215.45,142.79,174.46,29%,32%,2.18%,3.28%,3.07%,70.60%,70.60%,0,2.69%,-18.63%,,,,,,,,,,,,
,,,,,,,,,,,,,,,,,,2022,12/28/2022,$                                                       161.19,,,,,,,,,,2.91%,$             161.19,4.69,215.45,142.79,174.46,25%,34%,2.18%,3.28%,3.11%,73.34%,73.34%,0,2.69%,-19.92%,,,,,,,,,,,,
,,,,,,,,,,,,,,,,,,2022,12/29/2022,$                                                     165.02,,,,,,,,,,2.84%,$           165.02,4.69,215.45,142.79,174.46,31%,31%,2.18%,3.28%,3.04%,69.32%,69.32%,0,2.69%,-18.02%,,,,,,,,,,,,
,,,,,,,,,,,,,,,,,,2022,12/30/2022,$                                                     165.22,,,,,,,,,,2.84%,$           165.22,4.69,215.45,142.79,174.46,31%,30%,2.18%,3.28%,3.04%,69.11%,69.11%,0,2.69%,-17.92%,,,,,,,,,,,,
,,,,,,,,,,,,,,,,,,2023,1/3/2023,$                                                      163.21,,,,,,,,,,3.08%,$            163.21,5.02,230.61,152.84,186.73,13%,41%,2.18%,3.28%,3.08%,71.20%,71.20%,0,2.69%,-18.92%,,,,,,,,,,,,
,,,,,,,,,,,,,,,,,,2023,1/4/2023,$                                                      169.17,,,,,,,,,,2.97%,$            169.17,5.02,230.61,152.84,186.73,21%,36%,2.18%,3.28%,2.97%,65.17%,65.17%,0,2.69%,-15.96%,,,,,,,,,,,,
,,,,,,,,,,,,,,,,,,2023,1/5/2023,$                                                     166.93,,,,,,,,,,3.01%,$           166.93,5.02,230.61,152.84,186.73,18%,38%,2.18%,3.28%,3.01%,67.38%,67.38%,0,2.69%,-17.07%,,,,,,,,,,,,
,,,,,,,,,,,,,,,,,,2023,1/6/2023,$                                                      175.16,,,,,,,,,,2.87%,$            175.16,5.02,230.61,152.84,186.73,29%,32%,2.18%,3.28%,2.87%,59.52%,59.52%,0,2.69%,-12.98%,,,,,,,,,,,,
,,,,,,,,,,,,,,,,,,2023,1/9/2023,$                                                     176.68,,,,,,,,,,2.84%,$           176.68,5.02,230.61,152.84,186.73,31%,31%,2.18%,3.28%,2.84%,58.14%,58.14%,0,2.69%,-12.23%,,,,,,,,,,,,
,,,,,,,,,,,,,,,,,,2023,1/10/2023,$                                                     178.40,,,,,,,,,,2.81%,$           178.40,5.02,230.61,152.84,186.73,33%,29%,2.18%,3.28%,2.81%,56.62%,56.62%,0,2.69%,-11.37%,,,,,,,,,,,,
,,,,,,,,,,,,,,,,,,2023,1/11/2023,$                                                     178.87,,,,,,,,,,2.81%,$           178.87,5.02,230.61,152.84,186.73,33%,29%,2.18%,3.28%,2.81%,56.21%,56.21%,0,2.69%,-11.14%,,,,,,,,,,,,
,,,,,,,,,,,,,,,,,,2023,1/12/2023,$                                                      178.13,,,,,,,,,,2.82%,$            178.13,5.02,230.61,152.84,186.73,33%,29%,2.18%,3.28%,2.82%,56.86%,56.86%,0,2.69%,-11.51%,,,,,,,,,,,,
,,,,,,,,,,,,,,,,,,2023,1/13/2023,$                                                      179.01,,,,,,,,,,2.80%,$            179.01,5.02,230.61,152.84,186.73,34%,29%,2.18%,3.28%,2.80%,56.09%,56.09%,0,2.69%,-11.07%,,,,,,,,,,,,
,,,,,,,,,,,,,,,,,,2023,1/17/2023,$                                                     175.40,,,,,,,,,,2.86%,$           175.40,5.02,230.61,152.84,186.73,29%,31%,2.18%,3.28%,2.86%,59.30%,59.30%,0,2.69%,-12.86%,,,,,,,,,,,,
,,,,,,,,,,,,,,,,,,2023,1/18/2023,$                                                     173.76,,,,,,,,,,2.89%,$           173.76,5.02,230.61,152.84,186.73,27%,33%,2.18%,3.28%,2.89%,60.80%,60.80%,0,2.69%,-13.68%,,,,,,,,,,,,
,,,,,,,,,,,,,,,,,,2023,1/19/2023,$                                                     170.93,,,,,,,,,,2.94%,$           170.93,5.02,230.61,152.84,186.73,23%,35%,2.18%,3.28%,2.94%,63.46%,63.46%,0,2.69%,-15.08%,,,,,,,,,,,,
,,,,,,,,,,,,,,,,,,2023,1/20/2023,$                                                     173.00,,,,,,,,,,2.90%,$           173.00,5.02,230.61,152.84,186.73,26%,33%,2.18%,3.28%,2.90%,61.51%,61.51%,0,2.69%,-14.05%,,,,,,,,,,,,
,,,,,,,,,,,,,,,,,,2023,1/23/2023,$                                                      178.17,,,,,,,,,,2.82%,$            178.17,5.02,230.61,152.84,186.73,33%,29%,2.18%,3.28%,2.82%,56.82%,56.82%,0,2.69%,-11.49%,,,,,,,,,,,,
,,,,,,,,,,,,,,,,,,2023,1/24/2023,$                                                     177.04,,,,,,,,,,2.84%,$           177.04,5.02,230.61,152.84,186.73,31%,30%,2.18%,3.28%,2.84%,57.82%,57.82%,0,2.69%,-12.05%,,,,,,,,,,,,
,,,,,,,,,,,,,,,,,,2023,1/25/2023,$                                                     175.04,,,,,,,,,,2.87%,$           175.04,5.02,230.61,152.84,186.73,29%,32%,2.18%,3.28%,2.87%,59.63%,59.63%,0,2.69%,-13.04%,,,,,,,,,,,,
,,,,,,,,,,,,,,,,,,2023,1/26/2023,$                                                      174.10,,,,,,,,,,2.88%,$            174.10,5.02,230.61,152.84,186.73,27%,32%,2.18%,3.28%,2.88%,60.49%,60.49%,0,2.69%,-13.51%,,,,,,,,,,,,
,,,,,,,,,,,,,,,,,,2023,1/27/2023,$                                                     175.24,,,,,,,,,,2.86%,$           175.24,5.02,230.61,152.84,186.73,29%,32%,2.18%,3.28%,2.86%,59.44%,59.44%,0,2.69%,-12.94%,,,,,,,,,,,,
,,,,,,,,,,,,,,,,,,2023,1/30/2023,$                                                      173.13,,,,,,,,,,2.90%,$            173.13,5.02,230.61,152.84,186.73,26%,33%,2.18%,3.28%,2.90%,61.39%,61.39%,0,2.69%,-13.99%,,,,,,,,,,,,
,,,,,,,,,,,,,,,,,,2023,1/31/2023,$                                                      177.21,,,,,,,,,,2.83%,$            177.21,5.02,230.61,152.84,186.73,31%,30%,2.18%,3.28%,2.83%,57.67%,57.67%,0,2.69%,-11.96%,,,,,,,,,,,,
,,,,,,,,,,,,,,,,,,2023,2/1/2023,$                                                      182.10,,,,,,,,,,2.76%,$            182.10,5.02,230.61,152.84,186.73,38%,27%,2.18%,3.28%,2.76%,53.44%,53.44%,0,2.69%,-9.53%,,,,,,,,,,,,
,,,,,,,,,,,,,,,,,,2023,2/2/2023,$                                                     184.72,,,,,,,,,,2.72%,$           184.72,5.02,230.61,152.84,186.73,41%,25%,2.18%,3.28%,2.72%,51.26%,51.26%,0,2.69%,-8.23%,,,,,,,,,,,,
,,,,,,,,,,,,,,,,,,2023,2/3/2023,$                                                     182.29,,,,,,,,,,2.75%,$           182.29,5.02,230.61,152.84,186.73,38%,27%,2.18%,3.28%,2.75%,53.28%,53.28%,0,2.69%,-9.44%,,,,,,,,,,,,
,,,,,,,,,,,,,,,,,,2023,2/6/2023,$                                                      181.00,,,,,,,,,,2.77%,$            181.00,5.02,230.61,152.84,186.73,36%,27%,2.18%,3.28%,2.77%,54.37%,54.37%,0,2.69%,-10.08%,,,,,,,,,,,,
,,,,,,,,,,,,,,,,,,2023,2/7/2023,$                                                     183.49,,,,,,,,,,2.74%,$           183.49,5.02,230.61,152.84,186.73,39%,26%,2.18%,3.28%,2.74%,52.28%,52.28%,0,2.69%,-8.84%,,,,,,,,,,,,
,,,,,,,,,,,,,,,,,,2023,2/8/2023,$                                                     176.50,,,,,,,,,,2.84%,$           176.50,5.02,230.61,152.84,186.73,30%,31%,2.18%,3.28%,2.84%,58.31%,58.31%,0,2.69%,-12.32%,,,,,,,,,,,,
,,,,,,,,,,,,,,,,,,2023,2/9/2023,$                                                     174.99,,,,,,,,,,2.87%,$           174.99,5.02,230.61,152.84,186.73,28%,32%,2.18%,3.28%,2.87%,59.67%,59.67%,0,2.69%,-13.07%,,,,,,,,,,,,
,,,,,,,,,,,,,,,,,,2023,2/10/2023,$                                                     175.79,,,,,,,,,,2.86%,$           175.79,5.02,230.61,152.84,186.73,30%,31%,2.18%,3.28%,2.86%,58.95%,58.95%,0,2.69%,-12.67%,,,,,,,,,,,,
,,,,,,,,,,,,,,,,,,2023,2/13/2023,$                                                      176.71,,,,,,,,,,2.84%,$            176.71,5.02,230.61,152.84,186.73,31%,31%,2.18%,3.28%,2.84%,58.12%,58.12%,0,2.69%,-12.21%,,,,,,,,,,,,
,,,,,,,,,,,,,,,,,,2023,2/14/2023,$                                                     176.34,,,,,,,,,,2.85%,$           176.34,5.02,230.61,152.84,186.73,30%,31%,2.18%,3.28%,2.85%,58.45%,58.45%,0,2.69%,-12.40%,,,,,,,,,,,,
,,,,,,,,,,,,,,,,,,2023,2/15/2023,$                                                     178.50,,,,,,,,,,2.81%,$           178.50,5.02,230.61,152.84,186.73,33%,29%,2.18%,3.28%,2.81%,56.53%,56.53%,0,2.69%,-11.32%,,,,,,,,,,,,
,,,,,,,,,,,,,,,,,,2023,2/16/2023,$                                                     176.08,,,,,,,,,,2.85%,$           176.08,5.02,230.61,152.84,186.73,30%,31%,2.18%,3.28%,2.85%,58.68%,58.68%,0,2.69%,-12.52%,,,,,,,,,,,,
,,,,,,,,,,,,,,,,,,2023,2/17/2023,$                                                     175.32,,,,,,,,,,2.86%,$           175.32,5.02,230.61,152.84,186.73,29%,32%,2.18%,3.28%,2.86%,59.37%,59.37%,0,2.69%,-12.90%,,,,,,,,,,,,
,,,,,,,,,,,,,,,,,,2023,2/21/2023,$                                                     170.76,,,,,,,,,,2.94%,$           170.76,5.02,230.61,152.84,186.73,23%,35%,2.18%,3.28%,2.94%,63.63%,63.63%,0,2.69%,-15.17%,,,,,,,,,,,,
,,,,,,,,,,,,,,,,,,2023,2/22/2023,$                                                     169.80,,,,,,,,,,2.96%,$           169.80,5.02,230.61,152.84,186.73,22%,36%,2.18%,3.28%,2.96%,64.55%,64.55%,0,2.69%,-15.64%,,,,,,,,,,,,
,,,,,,,,,,,,,,,,,,2023,2/23/2023,$                                                      171.82,,,,,,,,,,2.92%,$            171.82,5.02,230.61,152.84,186.73,24%,34%,2.18%,3.28%,2.92%,62.62%,62.62%,0,2.69%,-14.64%,,,,,,,,,,,,
,,,,,,,,,,,,,,,,,,2023,2/24/2023,$                                                      169.14,,,,,,,,,,2.97%,$            169.14,5.02,230.61,152.84,186.73,21%,36%,2.18%,3.28%,2.97%,65.19%,65.19%,0,2.69%,-15.97%,,,,,,,,,,,,
,,,,,,,,,,,,,,,,,,2023,2/27/2023,$                                                     170.74,,,,,,,,,,2.94%,$           170.74,5.02,230.61,152.84,186.73,23%,35%,2.18%,3.28%,2.94%,63.65%,63.65%,0,2.69%,-15.18%,,,,,,,,,,,,
,,,,,,,,,,,,,,,,,,2023,2/28/2023,$                                                      171.45,,,,,,,,,,2.93%,$            171.45,5.02,230.61,152.84,186.73,24%,35%,2.18%,3.28%,2.93%,62.97%,62.97%,0,2.69%,-14.82%,,,,,,,,,,,,
,,,,,,,,,,,,,,,,,,2023,3/1/2023,$                                                      172.17,,,,,,,,,,2.92%,$            172.17,5.02,230.61,152.84,186.73,25%,34%,2.18%,3.28%,2.92%,62.29%,62.29%,0,2.69%,-14.47%,,,,,,,,,,,,
,,,,,,,,,,,,,,,,,,2023,3/2/2023,$                                                     174.08,,,,,,,,,,2.88%,$           174.08,5.02,230.61,152.84,186.73,27%,32%,2.18%,3.28%,2.88%,60.51%,60.51%,0,2.69%,-13.52%,,,,,,,,,,,,
,,,,,,,,,,,,,,,,,,2023,3/3/2023,$                                                     175.68,,,,,,,,,,2.86%,$           175.68,5.02,230.61,152.84,186.73,29%,31%,2.18%,3.28%,2.86%,59.04%,59.04%,0,2.69%,-12.72%,,,,,,,,,,,,
,,,,,,,,,,,,,,,,,,2023,3/6/2023,$                                                     173.05,,,,,,,,,,2.90%,$           173.05,5.02,230.61,152.84,186.73,26%,33%,2.18%,3.28%,2.90%,61.46%,61.46%,0,2.69%,-14.03%,,,,,,,,,,,,
,,,,,,,,,,,,,,,,,,2023,3/7/2023,$                                                     172.06,,,,,,,,,,2.92%,$           172.06,5.02,230.61,152.84,186.73,25%,34%,2.18%,3.28%,2.92%,62.39%,62.39%,0,2.69%,-14.52%,,,,,,,,,,,,
,,,,,,,,,,,,,,,,,,2023,3/8/2023,$                                                     176.22,,,,,,,,,,2.85%,$           176.22,5.02,230.61,152.84,186.73,30%,31%,2.18%,3.28%,2.85%,58.56%,58.56%,0,2.69%,-12.45%,,,,,,,,,,,,
,,,,,,,,,,,,,,,,,,2023,3/9/2023,$                                                     173.44,,,,,,,,,,2.89%,$           173.44,5.02,230.61,152.84,186.73,26%,33%,2.18%,3.28%,2.89%,61.10%,61.10%,0,2.69%,-13.84%,,,,,,,,,,,,
,,,,,,,,,,,,,,,,,,2023,3/10/2023,$                                                      171.64,,,,,,,,,,2.92%,$            171.64,5.02,230.61,152.84,186.73,24%,34%,2.18%,3.28%,2.92%,62.79%,62.79%,0,2.69%,-14.73%,,,,,,,,,,,,
,,,,,,,,,,,,,,,,,,2023,3/13/2023,$                                                     173.89,,,,,,,,,,2.89%,$           173.89,5.02,230.61,152.84,186.73,27%,33%,2.18%,3.28%,2.89%,60.68%,60.68%,0,2.69%,-13.61%,,,,,,,,,,,,
,,,,,,,,,,,,,,,,,,2023,3/14/2023,$                                                     175.73,,,,,,,,,,2.86%,$           175.73,5.02,230.61,152.84,186.73,29%,31%,2.18%,3.28%,2.86%,59.00%,59.00%,0,2.69%,-12.70%,,,,,,,,,,,,
,,,,,,,,,,,,,,,,,,2023,3/15/2023,$                                                     174.39,,,,,,,,,,2.88%,$           174.39,5.02,230.61,152.84,186.73,28%,32%,2.18%,3.28%,2.88%,60.22%,60.22%,0,2.69%,-13.36%,,,,,,,,,,,,
,,,,,,,,,,,,,,,,,,2023,3/16/2023,$                                                      177.13,,,,,,,,,,2.83%,$            177.13,5.02,230.61,152.84,186.73,31%,30%,2.18%,3.28%,2.83%,57.74%,57.74%,0,2.69%,-12.00%,,,,,,,,,,,,
,,,,,,,,,,,,,,,,,,2023,3/17/2023,$                                                      175.71,,,,,,,,,,2.86%,$            175.71,5.02,230.61,152.84,186.73,29%,31%,2.18%,3.28%,2.86%,59.02%,59.02%,0,2.69%,-12.71%,,,,,,,,,,,,
,,,,,,,,,,,,,,,,,,2023,3/20/2023,$                                                      179.16,,,,,,,,,,2.80%,$            179.16,5.02,230.61,152.84,186.73,34%,29%,2.18%,3.28%,2.80%,55.96%,55.96%,0,2.69%,-10.99%,,,,,,,,,,,,
,,,,,,,,,,,,,,,,,,2023,3/21/2023,$                                                      178.41,,,,,,,,,,2.81%,$            178.41,5.02,230.61,152.84,186.73,33%,29%,2.18%,3.28%,2.81%,56.61%,56.61%,0,2.69%,-11.37%,,,,,,,,,,,,
,,,,,,,,,,,,,,,,,,2023,3/22/2023,$                                                     176.32,,,,,,,,,,2.85%,$           176.32,5.02,230.61,152.84,186.73,30%,31%,2.18%,3.28%,2.85%,58.47%,58.47%,0,2.69%,-12.40%,,,,,,,,,,,,
,,,,,,,,,,,,,,,,,,2023,3/23/2023,$                                                     180.28,,,,,,,,,,2.78%,$           180.28,5.02,230.61,152.84,186.73,35%,28%,2.18%,3.28%,2.78%,54.99%,54.99%,0,2.69%,-10.44%,,,,,,,,,,,,
,,,,,,,,,,,,,,,,,,2023,3/24/2023,$                                                      179.51,,,,,,,,,,2.80%,$            179.51,5.02,230.61,152.84,186.73,34%,28%,2.18%,3.28%,2.80%,55.65%,55.65%,0,2.69%,-10.82%,,,,,,,,,,,,
,,,,,,,,,,,,,,,,,,2023,3/27/2023,$                                                     177.05,,,,,,,,,,2.84%,$           177.05,5.02,230.61,152.84,186.73,31%,30%,2.18%,3.28%,2.84%,57.81%,57.81%,0,2.69%,-12.04%,,,,,,,,,,,,
,,,,,,,,,,,,,,,,,,2023,3/28/2023,$                                                     177.49,,,,,,,,,,2.83%,$           177.49,5.02,230.61,152.84,186.73,32%,30%,2.18%,3.28%,2.83%,57.42%,57.42%,0,2.69%,-11.82%,,,,,,,,,,,,
,,,,,,,,,,,,,,,,,,2023,3/29/2023,$                                                      181.04,,,,,,,,,,2.77%,$            181.04,5.02,230.61,152.84,186.73,36%,27%,2.18%,3.28%,2.77%,54.34%,54.34%,0,2.69%,-10.06%,,,,,,,,,,,,
,,,,,,,,,,,,,,,,,,2023,3/30/2023,$                                                     184.24,,,,,,,,,,2.72%,$           184.24,5.02,230.61,152.84,186.73,40%,25%,2.18%,3.28%,2.72%,51.66%,51.66%,0,2.69%,-8.47%,,,,,,,,,,,,
,,,,,,,,,,,,,,,,,,2023,3/31/2023,$                                                      186.01,,,,,,,,,,2.70%,$            186.01,5.02,230.61,152.84,186.73,43%,24%,2.18%,3.28%,2.70%,50.21%,50.21%,0,2.69%,-7.59%,,,,,,,,,,,,
,,,,,,,,,,,,,,,,,,2023,4/3/2023,$                                                      184.16,,,,,,,,,,2.73%,$            184.16,5.02,230.61,152.84,186.73,40%,25%,2.18%,3.28%,2.73%,51.72%,51.72%,0,2.69%,-8.51%,,,,,,,,,,,,
,,,,,,,,,,,,,,,,,,2023,4/4/2023,$                                                     180.40,,,,,,,,,,2.78%,$           180.40,5.02,230.61,152.84,186.73,35%,28%,2.18%,3.28%,2.78%,54.88%,54.88%,0,2.69%,-10.38%,,,,,,,,,,,,
,,,,,,,,,,,,,,,,,,2023,4/5/2023,$                                                     177.20,,,,,,,,,,2.83%,$           177.20,5.02,230.61,152.84,186.73,31%,30%,2.18%,3.28%,2.83%,57.68%,57.68%,0,2.69%,-11.97%,,,,,,,,,,,,
,,,,,,,,,,,,,,,,,,2023,4/6/2023,$                                                      178.12,,,,,,,,,,2.82%,$            178.12,5.02,230.61,152.84,186.73,33%,29%,2.18%,3.28%,2.82%,56.87%,56.87%,0,2.69%,-11.51%,,,,,,,,,,,,
,,,,,,,,,,,,,,,,,,2023,4/10/2023,$                                                     179.42,,,,,,,,,,2.80%,$           179.42,5.02,230.61,152.84,186.73,34%,29%,2.18%,3.28%,2.80%,55.73%,55.73%,0,2.69%,-10.86%,,,,,,,,,,,,
,,,,,,,,,,,,,,,,,,2023,4/11/2023,$                                                     179.87,,,,,,,,,,2.79%,$           179.87,5.02,230.61,152.84,186.73,35%,28%,2.18%,3.28%,2.79%,55.34%,55.34%,0,2.69%,-10.64%,,,,,,,,,,,,
,,,,,,,,,,,,,,,,,,2023,4/12/2023,$                                                     177.55,,,,,,,,,,2.83%,$           177.55,5.02,230.61,152.84,186.73,32%,30%,2.18%,3.28%,2.83%,57.37%,57.37%,0,2.69%,-11.79%,,,,,,,,,,,,
,,,,,,,,,,,,,,,,,,2023,4/13/2023,$                                                       179.11,,,,,,,,,,2.80%,$             179.11,5.02,230.61,152.84,186.73,34%,29%,2.18%,3.28%,2.80%,56.00%,56.00%,0,2.69%,-11.02%,,,,,,,,,,,,
,,,,,,,,,,,,,,,,,,2023,4/14/2023,$                                                     178.98,,,,,,,,,,2.80%,$           178.98,5.02,230.61,152.84,186.73,34%,29%,2.18%,3.28%,2.80%,56.11%,56.11%,0,2.69%,-11.08%,,,,,,,,,,,,
,,,,,,,,,,,,,,,,,,2023,4/17/2023,$                                                     180.05,,,,,,,,,,2.79%,$           180.05,5.02,230.61,152.84,186.73,35%,28%,2.18%,3.28%,2.79%,55.18%,55.18%,0,2.69%,-10.55%,,,,,,,,,,,,
,,,,,,,,,,,,,,,,,,2023,4/18/2023,$                                                     180.32,,,,,,,,,,2.78%,$           180.32,5.02,230.61,152.84,186.73,35%,28%,2.18%,3.28%,2.78%,54.95%,54.95%,0,2.69%,-10.42%,,,,,,,,,,,,
,,,,,,,,,,,,,,,,,,2023,4/19/2023,$                                                     177.08,,,,,,,,,,2.83%,$           177.08,5.02,230.61,152.84,186.73,31%,30%,2.18%,3.28%,2.83%,57.79%,57.79%,0,2.69%,-12.03%,,,,,,,,,,,,
,,,,,,,,,,,,,,,,,,2023,4/20/2023,$                                                     176.62,,,,,,,,,,2.84%,$           176.62,5.02,230.61,152.84,186.73,31%,31%,2.18%,3.28%,2.84%,58.20%,58.20%,0,2.69%,-12.26%,,,,,,,,,,,,
,,,,,,,,,,,,,,,,,,2023,4/21/2023,$                                                     177.02,,,,,,,,,,2.84%,$           177.02,5.02,230.61,152.84,186.73,31%,30%,2.18%,3.28%,2.84%,57.84%,57.84%,0,2.69%,-12.06%,,,,,,,,,,,,
,,,,,,,,,,,,,,,,,,2023,4/24/2023,$                                                     175.90,,,,,,,,,,2.85%,$           175.90,5.02,230.61,152.84,186.73,30%,31%,2.18%,3.28%,2.85%,58.85%,58.85%,0,2.69%,-12.61%,,,,,,,,,,,,
,,,,,,,,,,,,,,,,,,2023,4/25/2023,$                                                     169.39,,,,,,,,,,2.96%,$           169.39,5.02,230.61,152.84,186.73,21%,36%,2.18%,3.28%,2.96%,64.95%,64.95%,0,2.69%,-15.85%,,,,,,,,,,,,
,,,,,,,,,,,,,,,,,,2023,4/26/2023,$                                                     164.46,,,,,,,,,,3.05%,$           164.46,5.02,230.61,152.84,186.73,15%,40%,2.18%,3.28%,3.05%,69.90%,69.90%,0,2.69%,-18.30%,,,,,,,,,,,,
,,,,,,,,,,,,,,,,,,2023,4/27/2023,$                                                     165.27,,,,,,,,,,3.04%,$           165.27,5.02,230.61,152.84,186.73,16%,40%,2.18%,3.28%,3.04%,69.06%,69.06%,0,2.69%,-17.89%,,,,,,,,,,,,
,,,,,,,,,,,,,,,,,,2023,4/28/2023,$                                                     167.20,,,,,,,,,,3.00%,$           167.20,5.02,230.61,152.84,186.73,18%,38%,2.18%,3.28%,3.00%,67.11%,67.11%,0,2.69%,-16.94%,,,,,,,,,,,,
,,,,,,,,,,,,,,,,,,2023,5/1/2023,$                                                     166.68,,,,,,,,,,3.01%,$           166.68,5.02,230.61,152.84,186.73,18%,38%,2.18%,3.28%,3.01%,67.63%,67.63%,0,2.69%,-17.19%,,,,,,,,,,,,
,,,,,,,,,,,,,,,,,,2023,5/2/2023,$                                                     163.94,,,,,,,,,,3.06%,$           163.94,5.02,230.61,152.84,186.73,14%,41%,2.18%,3.28%,3.06%,70.43%,70.43%,0,2.69%,-18.56%,,,,,,,,,,,,
,,,,,,,,,,,,,,,,,,2023,5/3/2023,$                                                     163.35,,,,,,,,,,3.07%,$           163.35,5.02,230.61,152.84,186.73,14%,41%,2.18%,3.28%,3.07%,71.05%,71.05%,0,2.69%,-18.85%,,,,,,,,,,,,
,,,,,,,,,,,,,,,,,,2023,5/4/2023,$                                                     162.30,,,,,,,,,,3.09%,$           162.30,5.02,230.61,152.84,186.73,12%,42%,2.18%,3.28%,3.09%,72.16%,72.16%,0,2.69%,-19.37%,,,,,,,,,,,,
,,,,,,,,,,,,,,,,,,2023,5/5/2023,$                                                     165.82,,,,,,,,,,3.03%,$           165.82,5.02,230.61,152.84,186.73,17%,39%,2.18%,3.28%,3.03%,68.50%,68.50%,0,2.69%,-17.62%,,,,,,,,,,,,
,,,,,,,,,,,,,,,,,,2023,5/8/2023,$                                                     164.22,,,,,,,,,,3.06%,$           164.22,5.02,230.61,152.84,186.73,15%,40%,2.18%,3.28%,3.06%,70.14%,70.14%,0,2.69%,-18.42%,,,,,,,,,,,,
,,,,,,,,,,,,,,,,,,2023,5/9/2023,$                                                     163.00,,,,,,,,,,3.08%,$           163.00,5.02,230.61,152.84,186.73,13%,41%,2.18%,3.28%,3.08%,71.42%,71.42%,0,2.69%,-19.02%,,,,,,,,,,,,
,,,,,,,,,,,,,,,,,,2023,5/10/2023,$                                                     163.05,,,,,,,,,,3.08%,$           163.05,5.02,230.61,152.84,186.73,13%,41%,2.18%,3.28%,3.08%,71.36%,71.36%,0,2.69%,-19.00%,,,,,,,,,,,,
,,,,,,,,,,,,,,,,,,2023,5/11/2023,$                                                       161.17,,,,,,,,,,3.11%,$             161.17,5.02,230.61,152.84,186.73,11%,43%,2.18%,3.28%,3.11%,73.36%,73.36%,0,2.69%,-19.93%,,,,,,,,,,,,
,,,,,,,,,,,,,,,,,,2023,5/12/2023,$                                                      161.88,,,,,,,,,,3.10%,$            161.88,5.02,230.61,152.84,186.73,12%,42%,2.18%,3.28%,3.10%,72.60%,72.60%,0,2.69%,-19.58%,,,,,,,,,,,,
,,,,,,,,,,,,,,,,,,2023,5/15/2023,$                                                     165.26,,,,,,,,,,3.04%,$           165.26,5.02,230.61,152.84,186.73,16%,40%,2.18%,3.28%,3.04%,69.07%,69.07%,0,2.69%,-17.90%,,,,,,,,,,,,
,,,,,,,,,,,,,,,,,,2023,5/16/2023,$                                                     163.38,,,,,,,,,,3.07%,$           163.38,5.02,230.61,152.84,186.73,14%,41%,2.18%,3.28%,3.07%,71.02%,71.02%,0,2.69%,-18.83%,,,,,,,,,,,,
,,,,,,,,,,,,,,,,,,2023,5/17/2023,$                                                     165.34,,,,,,,,,,3.04%,$           165.34,5.02,230.61,152.84,186.73,16%,39%,2.18%,3.28%,3.04%,68.99%,68.99%,0,2.69%,-17.86%,,,,,,,,,,,,
,,,,,,,,,,,,,,,,,,2023,5/18/2023,$                                                      169.81,,,,,,,,,,2.96%,$            169.81,5.02,230.61,152.84,186.73,22%,36%,2.18%,3.28%,2.96%,64.54%,64.54%,0,2.69%,-15.64%,,,,,,,,,,,,
,,,,,,,,,,,,,,,,,,2023,5/19/2023,$                                                       170.11,,,,,,,,,,2.95%,$             170.11,5.02,230.61,152.84,186.73,22%,36%,2.18%,3.28%,2.95%,64.25%,64.25%,0,2.69%,-15.49%,,,,,,,,,,,,
,,,,,,,,,,,,,,,,,,2023,5/22/2023,$                                                     170.86,,,,,,,,,,2.94%,$           170.86,5.02,230.61,152.84,186.73,23%,35%,2.18%,3.28%,2.94%,63.53%,63.53%,0,2.69%,-15.12%,,,,,,,,,,,,
,,,,,,,,,,,,,,,,,,2023,5/23/2023,$                                                     169.74,,,,,,,,,,2.96%,$           169.74,5.02,230.61,152.84,186.73,22%,36%,2.18%,3.28%,2.96%,64.61%,64.61%,0,2.69%,-15.67%,,,,,,,,,,,,
,,,,,,,,,,,,,,,,,,2023,5/24/2023,$                                                     167.07,,,,,,,,,,3.00%,$           167.07,5.02,230.61,152.84,186.73,18%,38%,2.18%,3.28%,3.00%,67.24%,67.24%,0,2.69%,-17.00%,,,,,,,,,,,,
,,,,,,,,,,,,,,,,,,2023,5/25/2023,$                                                     169.62,,,,,,,,,,2.96%,$           169.62,5.02,230.61,152.84,186.73,22%,36%,2.18%,3.28%,2.96%,64.73%,64.73%,0,2.69%,-15.73%,,,,,,,,,,,,
,,,,,,,,,,,,,,,,,,2023,5/26/2023,$                                                     176.29,,,,,,,,,,2.85%,$           176.29,5.02,230.61,152.84,186.73,30%,31%,2.18%,3.28%,2.85%,58.49%,58.49%,0,2.69%,-12.42%,,,,,,,,,,,,
,,,,,,,,,,,,,,,,,,2023,5/30/2023,$                                                     176.55,,,,,,,,,,2.84%,$           176.55,5.02,230.61,152.84,186.73,30%,31%,2.18%,3.28%,2.84%,58.26%,58.26%,0,2.69%,-12.29%,,,,,,,,,,,,
,,,,,,,,,,,,,,,,,,2023,5/31/2023,$                                                     173.88,,,,,,,,,,2.89%,$           173.88,5.02,230.61,152.84,186.73,27%,33%,2.18%,3.28%,2.89%,60.69%,60.69%,0,2.69%,-13.62%,,,,,,,,,,,,
,,,,,,,,,,,,,,,,,,2023,6/1/2023,$                                                      175.81,,,,,,,,,,2.86%,$            175.81,5.02,230.61,152.84,186.73,30%,31%,2.18%,3.28%,2.86%,58.93%,58.93%,0,2.69%,-12.66%,,,,,,,,,,,,
,,,,,,,,,,,,,,,,,,2023,6/2/2023,$                                                     175.23,,,,,,,,,,2.86%,$           175.23,5.02,230.61,152.84,186.73,29%,32%,2.18%,3.28%,2.86%,59.45%,59.45%,0,2.69%,-12.95%,,,,,,,,,,,,
,,,,,,,,,,,,,,,,,,2023,6/5/2023,$                                                     170.26,,,,,,,,,,2.95%,$           170.26,5.02,230.61,152.84,186.73,22%,35%,2.18%,3.28%,2.95%,64.11%,64.11%,0,2.69%,-15.42%,,,,,,,,,,,,
,,,,,,,,,,,,,,,,,,2023,6/6/2023,$                                                     170.36,,,,,,,,,,2.95%,$           170.36,5.02,230.61,152.84,186.73,23%,35%,2.18%,3.28%,2.95%,64.01%,64.01%,0,2.69%,-15.37%,,,,,,,,,,,,
,,,,,,,,,,,,,,,,,,2023,6/7/2023,$                                                     172.00,,,,,,,,,,2.92%,$           172.00,5.02,230.61,152.84,186.73,25%,34%,2.18%,3.28%,2.92%,62.45%,62.45%,0,2.69%,-14.55%,,,,,,,,,,,,
,,,,,,,,,,,,,,,,,,2023,6/8/2023,$                                                     172.23,,,,,,,,,,2.91%,$           172.23,5.02,230.61,152.84,186.73,25%,34%,2.18%,3.28%,2.91%,62.23%,62.23%,0,2.69%,-14.44%,,,,,,,,,,,,
,,,,,,,,,,,,,,,,,,2023,6/9/2023,$                                                     170.59,,,,,,,,,,2.94%,$           170.59,5.02,230.61,152.84,186.73,23%,35%,2.18%,3.28%,2.94%,63.79%,63.79%,0,2.69%,-15.25%,,,,,,,,,,,,
,,,,,,,,,,,,,,,,,,2023,6/12/2023,$                                                     174.04,,,,,,,,,,2.88%,$           174.04,5.02,230.61,152.84,186.73,27%,33%,2.18%,3.28%,2.88%,60.54%,60.54%,0,2.69%,-13.54%,,,,,,,,,,,,
,,,,,,,,,,,,,,,,,,2023,6/13/2023,$                                                      177.41,,,,,,,,,,2.83%,$            177.41,5.02,230.61,152.84,186.73,32%,30%,2.18%,3.28%,2.83%,57.49%,57.49%,0,2.69%,-11.86%,,,,,,,,,,,,
,,,,,,,,,,,,,,,,,,2023,6/14/2023,$                                                      177.12,,,,,,,,,,2.83%,$            177.12,5.02,230.61,152.84,186.73,31%,30%,2.18%,3.28%,2.83%,57.75%,57.75%,0,2.69%,-12.01%,,,,,,,,,,,,
,,,,,,,,,,,,,,,,,,2023,6/15/2023,$                                                     178.09,,,,,,,,,,2.82%,$           178.09,5.02,230.61,152.84,186.73,32%,29%,2.18%,3.28%,2.82%,56.89%,56.89%,0,2.69%,-11.53%,,,,,,,,,,,,
,,,,,,,,,,,,,,,,,,2023,6/16/2023,$                                                     176.76,,,,,,,,,,2.84%,$           176.76,5.02,230.61,152.84,186.73,31%,30%,2.18%,3.28%,2.84%,58.07%,58.07%,0,2.69%,-12.19%,,,,,,,,,,,,
,,,,,,,,,,,,,,,,,,2023,6/20/2023,$                                                     174.36,,,,,,,,,,2.88%,$           174.36,5.02,230.61,152.84,186.73,28%,32%,2.18%,3.28%,2.88%,60.25%,60.25%,0,2.69%,-13.38%,,,,,,,,,,,,
,,,,,,,,,,,,,,,,,,2023,6/21/2023,$                                                     170.48,,,,,,,,,,2.94%,$           170.48,5.02,230.61,152.84,186.73,23%,35%,2.18%,3.28%,2.94%,63.90%,63.90%,0,2.69%,-15.31%,,,,,,,,,,,,
,,,,,,,,,,,,,,,,,,2023,6/22/2023,$                                                     172.63,,,,,,,,,,2.91%,$           172.63,5.02,230.61,152.84,186.73,25%,34%,2.18%,3.28%,2.91%,61.85%,61.85%,0,2.69%,-14.24%,,,,,,,,,,,,
,,,,,,,,,,,,,,,,,,2023,6/23/2023,$                                                     167.68,,,,,,,,,,2.99%,$           167.68,5.02,230.61,152.84,186.73,19%,38%,2.18%,3.28%,2.99%,66.63%,66.63%,0,2.69%,-16.70%,,,,,,,,,,,,
,,,,,,,,,,,,,,,,,,2023,6/26/2023,$                                                     168.75,,,,,,,,,,2.97%,$           168.75,5.02,230.61,152.84,186.73,20%,37%,2.18%,3.28%,2.97%,65.58%,65.58%,0,2.69%,-16.17%,,,,,,,,,,,,
,,,,,,,,,,,,,,,,,,2023,6/27/2023,$                                                      176.31,,,,,,,,,,2.85%,$            176.31,5.02,230.61,152.84,186.73,30%,31%,2.18%,3.28%,2.85%,58.48%,58.48%,0,2.69%,-12.41%,,,,,,,,,,,,
,,,,,,,,,,,,,,,,,,2023,6/28/2023,$                                                     174.96,,,,,,,,,,2.87%,$           174.96,5.02,230.61,152.84,186.73,28%,32%,2.18%,3.28%,2.87%,59.70%,59.70%,0,2.69%,-13.08%,,,,,,,,,,,,
,,,,,,,,,,,,,,,,,,2023,6/29/2023,$                                                     176.79,,,,,,,,,,2.84%,$           176.79,5.02,230.61,152.84,186.73,31%,30%,2.18%,3.28%,2.84%,58.05%,58.05%,0,2.69%,-12.17%,,,,,,,,,,,,
,,,,,,,,,,,,,,,,,,2023,6/30/2023,$                                                     180.02,,,,,,,,,,2.79%,$           180.02,5.02,230.61,152.84,186.73,35%,28%,2.18%,3.28%,2.79%,55.21%,55.21%,0,2.69%,-10.57%,,,,,,,,,,,,
,,,,,,,,,,,,,,,,,,2023,7/3/2023,$                                                     179.76,,,,,,,,,,2.79%,$           179.76,5.02,230.61,152.84,186.73,35%,28%,2.18%,3.28%,2.79%,55.44%,55.44%,0,2.69%,-10.70%,,,,,,,,,,,,
,,,,,,,,,,,,,,,,,,2023,7/5/2023,$                                                     176.53,,,,,,,,,,2.84%,$           176.53,5.02,230.61,152.84,186.73,30%,31%,2.18%,3.28%,2.84%,58.28%,58.28%,0,2.69%,-12.30%,,,,,,,,,,,,
,,,,,,,,,,,,,,,,,,2023,7/6/2023,$                                                     174.82,,,,,,,,,,2.87%,$           174.82,5.02,230.61,152.84,186.73,28%,32%,2.18%,3.28%,2.87%,59.83%,59.83%,0,2.69%,-13.15%,,,,,,,,,,,,
,,,,,,,,,,,,,,,,,,2023,7/7/2023,$                                                     173.70,,,,,,,,,,2.89%,$           173.70,5.02,230.61,152.84,186.73,27%,33%,2.18%,3.28%,2.89%,60.86%,60.86%,0,2.69%,-13.71%,,,,,,,,,,,,
,,,,,,,,,,,,,,,,,,2023,7/10/2023,$                                                     179.44,,,,,,,,,,2.80%,$           179.44,5.02,230.61,152.84,186.73,34%,29%,2.18%,3.28%,2.80%,55.71%,55.71%,0,2.69%,-10.85%,,,,,,,,,,,,
,,,,,,,,,,,,,,,,,,2023,7/11/2023,$                                                     178.82,,,,,,,,,,2.81%,$           178.82,5.02,230.61,152.84,186.73,33%,29%,2.18%,3.28%,2.81%,56.25%,56.25%,0,2.69%,-11.16%,,,,,,,,,,,,
,,,,,,,,,,,,,,,,,,2023,7/12/2023,$                                                     182.37,,,,,,,,,,2.75%,$           182.37,5.02,230.61,152.84,186.73,38%,26%,2.18%,3.28%,2.75%,53.21%,53.21%,0,2.69%,-9.40%,,,,,,,,,,,,
,,,,,,,,,,,,,,,,,,2023,7/13/2023,$                                                      183.12,,,,,,,,,,2.74%,$            183.12,5.02,230.61,152.84,186.73,39%,26%,2.18%,3.28%,2.74%,52.58%,52.58%,0,2.69%,-9.03%,,,,,,,,,,,,
,,,,,,,,,,,,,,,,,,2023,7/14/2023,$                                                     180.85,,,,,,,,,,2.78%,$           180.85,5.02,230.61,152.84,186.73,36%,28%,2.18%,3.28%,2.78%,54.50%,54.50%,0,2.69%,-10.15%,,,,,,,,,,,,
,,,,,,,,,,,,,,,,,,2023,7/17/2023,$                                                     183.40,,,,,,,,,,2.74%,$           183.40,5.02,230.61,152.84,186.73,39%,26%,2.18%,3.28%,2.74%,52.35%,52.35%,0,2.69%,-8.89%,,,,,,,,,,,,
,,,,,,,,,,,,,,,,,,2023,7/18/2023,$                                                     183.68,,,,,,,,,,2.73%,$           183.68,5.02,230.61,152.84,186.73,40%,26%,2.18%,3.28%,2.73%,52.12%,52.12%,0,2.69%,-8.75%,,,,,,,,,,,,
,,,,,,,,,,,,,,,,,,2023,7/19/2023,$                                                     183.67,,,,,,,,,,2.73%,$           183.67,5.02,230.61,152.84,186.73,40%,26%,2.18%,3.28%,2.73%,52.13%,52.13%,0,2.69%,-8.75%,,,,,,,,,,,,
,,,,,,,,,,,,,,,,,,2023,7/20/2023,$                                                     179.92,,,,,,,,,,2.79%,$           179.92,5.02,230.61,152.84,186.73,35%,28%,2.18%,3.28%,2.79%,55.30%,55.30%,0,2.69%,-10.62%,,,,,,,,,,,,
,,,,,,,,,,,,,,,,,,2023,7/21/2023,$                                                     184.32,,,,,,,,,,2.72%,$           184.32,5.02,230.61,152.84,186.73,40%,25%,2.18%,3.28%,2.72%,51.59%,51.59%,0,2.69%,-8.43%,,,,,,,,,,,,
,,,,,,,,,,,,,,,,,,2023,7/24/2023,$                                                     183.89,,,,,,,,,,2.73%,$           183.89,5.02,230.61,152.84,186.73,40%,25%,2.18%,3.28%,2.73%,51.94%,51.94%,0,2.69%,-8.64%,,,,,,,,,,,,
,,,,,,,,,,,,,,,,,,2023,7/25/2023,$                                                     186.08,,,,,,,,,,2.70%,$           186.08,5.02,230.61,152.84,186.73,43%,24%,2.18%,3.28%,2.70%,50.16%,50.16%,0,2.69%,-7.56%,,,,,,,,,,,,
,,,,,,,,,,,,,,,,,,2023,7/26/2023,$                                                     176.00,,,,,,,,,,2.85%,$           176.00,5.02,230.61,152.84,186.73,30%,31%,2.18%,3.28%,2.85%,58.76%,58.76%,0,2.69%,-12.56%,,,,,,,,,,,,
,,,,,,,,,,,,,,,,,,2023,7/27/2023,$                                                     177.72,,,,,,,,,,2.82%,$           177.72,5.02,230.61,152.84,186.73,32%,30%,2.18%,3.28%,2.82%,57.22%,57.22%,0,2.69%,-11.71%,,,,,,,,,,,,
,,,,,,,,,,,,,,,,,,2023,7/28/2023,$                                                     178.37,,,,,,,,,,2.81%,$           178.37,5.02,230.61,152.84,186.73,33%,29%,2.18%,3.28%,2.81%,56.65%,56.65%,0,2.69%,-11.39%,,,,,,,,,,,,
,,,,,,,,,,,,,,,,,,2023,7/31/2023,$                                                     180.00,,,,,,,,,,2.79%,$           180.00,5.02,230.61,152.84,186.73,35%,28%,2.18%,3.28%,2.79%,55.23%,55.23%,0,2.69%,-10.58%,,,,,,,,,,,,
,,,,,,,,,,,,,,,,,,2023,8/1/2023,$                                                     178.37,,,,,,,,,,2.81%,$           178.37,5.02,230.61,152.84,186.73,33%,29%,2.18%,3.28%,2.81%,56.65%,56.65%,0,2.69%,-11.39%,,,,,,,,,,,,
,,,,,,,,,,,,,,,,,,2023,8/2/2023,$                                                     172.44,,,,,,,,,,2.91%,$           172.44,5.02,230.61,152.84,186.73,25%,34%,2.18%,3.28%,2.91%,62.03%,62.03%,0,2.69%,-14.33%,,,,,,,,,,,,
,,,,,,,,,,,,,,,,,,2023,8/3/2023,$                                                      171.80,,,,,,,,,,2.92%,$            171.80,5.02,230.61,152.84,186.73,24%,34%,2.18%,3.28%,2.92%,62.64%,62.64%,0,2.69%,-14.65%,,,,,,,,,,,,
,,,,,,,,,,,,,,,,,,2023,8/4/2023,$                                                     168.44,,,,,,,,,,2.98%,$           168.44,5.02,230.61,152.84,186.73,20%,37%,2.18%,3.28%,2.98%,65.88%,65.88%,0,2.69%,-16.32%,,,,,,,,,,,,
,,,,,,,,,,,,,,,,,,2023,8/7/2023,$                                                     168.96,,,,,,,,,,2.97%,$           168.96,5.02,230.61,152.84,186.73,21%,36%,2.18%,3.28%,2.97%,65.37%,65.37%,0,2.69%,-16.06%,,,,,,,,,,,,
,,,,,,,,,,,,,,,,,,2023,8/8/2023,$                                                     166.73,,,,,,,,,,3.01%,$           166.73,5.02,230.61,152.84,186.73,18%,38%,2.18%,3.28%,3.01%,67.58%,67.58%,0,2.69%,-17.17%,,,,,,,,,,,,
,,,,,,,,,,,,,,,,,,2023,8/9/2023,$                                                     167.27,,,,,,,,,,3.00%,$           167.27,5.02,230.61,152.84,186.73,19%,38%,2.18%,3.28%,3.00%,67.04%,67.04%,0,2.69%,-16.90%,,,,,,,,,,,,
,,,,,,,,,,,,,,,,,,2023,8/10/2023,$                                                     167.56,,,,,,,,,,3.00%,$           167.56,5.02,230.61,152.84,186.73,19%,38%,2.18%,3.28%,3.00%,66.75%,66.75%,0,2.69%,-16.76%,,,,,,,,,,,,
,,,,,,,,,,,,,,,,,,2023,8/11/2023,$                                                     166.20,,,,,,,,,,3.02%,$           166.20,5.02,230.61,152.84,186.73,17%,39%,2.18%,3.28%,3.02%,68.12%,68.12%,0,2.69%,-17.43%,,,,,,,,,,,,
,,,,,,,,,,,,,,,,,,2023,8/14/2023,$                                                     170.48,,,,,,,,,,2.94%,$           170.48,5.02,230.61,152.84,186.73,23%,35%,2.18%,3.28%,2.94%,63.90%,63.90%,0,2.69%,-15.31%,,,,,,,,,,,,
,,,,,,,,,,,,,,,,,,2023,8/15/2023,$                                                      168.16,,,,,,,,,,2.99%,$            168.16,5.02,230.61,152.84,186.73,20%,37%,2.18%,3.28%,2.99%,66.16%,66.16%,0,2.69%,-16.46%,,,,,,,,,,,,
,,,,,,,,,,,,,,,,,,2023,8/16/2023,$                                                     165.72,,,,,,,,,,3.03%,$           165.72,5.02,230.61,152.84,186.73,17%,39%,2.18%,3.28%,3.03%,68.60%,68.60%,0,2.69%,-17.67%,,,,,,,,,,,,
,,,,,,,,,,,,,,,,,,2023,8/17/2023,$                                                     165.76,,,,,,,,,,3.03%,$           165.76,5.02,230.61,152.84,186.73,17%,39%,2.18%,3.28%,3.03%,68.56%,68.56%,0,2.69%,-17.65%,,,,,,,,,,,,
,,,,,,,,,,,,,,,,,,2023,8/18/2023,$                                                     166.49,,,,,,,,,,3.02%,$           166.49,5.02,230.61,152.84,186.73,18%,39%,2.18%,3.28%,3.02%,67.82%,67.82%,0,2.69%,-17.29%,,,,,,,,,,,,
,,,,,,,,,,,,,,,,,,2023,8/21/2023,$                                                     167.95,,,,,,,,,,2.99%,$           167.95,5.02,230.61,152.84,186.73,19%,37%,2.18%,3.28%,2.99%,66.36%,66.36%,0,2.69%,-16.56%,,,,,,,,,,,,
,,,,,,,,,,,,,,,,,,2023,8/22/2023,$                                                       167.11,,,,,,,,,,3.00%,$             167.11,5.02,230.61,152.84,186.73,18%,38%,2.18%,3.28%,3.00%,67.20%,67.20%,0,2.69%,-16.98%,,,,,,,,,,,,
,,,,,,,,,,,,,,,,,,2023,8/23/2023,$                                                     169.83,,,,,,,,,,2.96%,$           169.83,5.02,230.61,152.84,186.73,22%,36%,2.18%,3.28%,2.96%,64.52%,64.52%,0,2.69%,-15.63%,,,,,,,,,,,,
,,,,,,,,,,,,,,,,,,2023,8/24/2023,$                                                     165.59,,,,,,,,,,3.03%,$           165.59,5.02,230.61,152.84,186.73,16%,39%,2.18%,3.28%,3.03%,68.74%,68.74%,0,2.69%,-17.74%,,,,,,,,,,,,
,,,,,,,,,,,,,,,,,,2023,8/25/2023,$                                                      167.81,,,,,,,,,,2.99%,$            167.81,5.02,230.61,152.84,186.73,19%,37%,2.18%,3.28%,2.99%,66.50%,66.50%,0,2.69%,-16.63%,,,,,,,,,,,,
,,,,,,,,,,,,,,,,,,2023,8/28/2023,$                                                     168.70,,,,,,,,,,2.98%,$           168.70,5.02,230.61,152.84,186.73,20%,37%,2.18%,3.28%,2.98%,65.63%,65.63%,0,2.69%,-16.19%,,,,,,,,,,,,
,,,,,,,,,,,,,,,,,,2023,8/29/2023,$                                                     170.69,,,,,,,,,,2.94%,$           170.69,5.02,230.61,152.84,186.73,23%,35%,2.18%,3.28%,2.94%,63.69%,63.69%,0,2.69%,-15.20%,,,,,,,,,,,,
,,,,,,,,,,,,,,,,,,2023,8/30/2023,$                                                     169.23,,,,,,,,,,2.97%,$           169.23,5.02,230.61,152.84,186.73,21%,36%,2.18%,3.28%,2.97%,65.11%,65.11%,0,2.69%,-15.93%,,,,,,,,,,,,
,,,,,,,,,,,,,,,,,,2023,8/31/2023,$                                                     168.06,,,,,,,,,,2.99%,$           168.06,5.02,230.61,152.84,186.73,20%,37%,2.18%,3.28%,2.99%,66.26%,66.26%,0,2.69%,-16.51%,,,,,,,,,,,,
,,,,,,,,,,,,,,,,,,2023,9/1/2023,$                                                     169.83,,,,,,,,,,2.96%,$           169.83,5.02,230.61,152.84,186.73,22%,36%,2.18%,3.28%,2.96%,64.52%,64.52%,0,2.69%,-15.63%,,,,,,,,,,,,
,,,,,,,,,,,,,,,,,,2023,9/5/2023,$                                                     169.74,,,,,,,,,,2.96%,$           169.74,5.02,230.61,152.84,186.73,22%,36%,2.18%,3.28%,2.96%,64.61%,64.61%,0,2.69%,-15.67%,,,,,,,,,,,,
,,,,,,,,,,,,,,,,,,2023,9/6/2023,$                                                     168.05,,,,,,,,,,2.99%,$           168.05,5.02,230.61,152.84,186.73,20%,37%,2.18%,3.28%,2.99%,66.27%,66.27%,0,2.69%,-16.51%,,,,,,,,,,,,
,,,,,,,,,,,,,,,,,,2023,9/7/2023,$                                                      164.71,,,,,,,,,,3.05%,$            164.71,5.02,230.61,152.84,186.73,15%,40%,2.18%,3.28%,3.05%,69.64%,69.64%,0,2.69%,-18.17%,,,,,,,,,,,,
,,,,,,,,,,,,,,,,,,2023,9/8/2023,$                                                     164.66,,,,,,,,,,3.05%,$           164.66,5.02,230.61,152.84,186.73,15%,40%,2.18%,3.28%,3.05%,69.69%,69.69%,0,2.69%,-18.20%,,,,,,,,,,,,
,,,,,,,,,,,,,,,,,,2023,9/11/2023,$                                                     165.84,,,,,,,,,,3.03%,$           165.84,5.02,230.61,152.84,186.73,17%,39%,2.18%,3.28%,3.03%,68.48%,68.48%,0,2.69%,-17.61%,,,,,,,,,,,,
,,,,,,,,,,,,,,,,,,2023,9/12/2023,$                                                     163.49,,,,,,,,,,3.07%,$           163.49,5.02,230.61,152.84,186.73,14%,41%,2.18%,3.28%,3.07%,70.90%,70.90%,0,2.69%,-18.78%,,,,,,,,,,,,
,,,,,,,,,,,,,,,,,,2023,9/13/2023,$                                                     164.36,,,,,,,,,,3.05%,$           164.36,5.02,230.61,152.84,186.73,15%,40%,2.18%,3.28%,3.05%,70.00%,70.00%,0,2.69%,-18.35%,,,,,,,,,,,,
,,,,,,,,,,,,,,,,,,2023,9/14/2023,$                                                     166.05,,,,,,,,,,3.02%,$           166.05,5.02,230.61,152.84,186.73,17%,39%,2.18%,3.28%,3.02%,68.27%,68.27%,0,2.69%,-17.51%,,,,,,,,,,,,
,,,,,,,,,,,,,,,,,,2023,9/15/2023,$                                                     162.62,,,,,,,,,,3.09%,$           162.62,5.02,230.61,152.84,186.73,13%,42%,2.18%,3.28%,3.09%,71.82%,71.82%,0,2.69%,-19.21%,,,,,,,,,,,,
,,,,,,,,,,,,,,,,,,2023,9/18/2023,$                                                     162.83,,,,,,,,,,3.08%,$           162.83,5.02,230.61,152.84,186.73,13%,42%,2.18%,3.28%,3.08%,71.60%,71.60%,0,2.69%,-19.11%,,,,,,,,,,,,
,,,,,,,,,,,,,,,,,,2023,9/19/2023,$                                                      163.14,,,,,,,,,,3.08%,$            163.14,5.02,230.61,152.84,186.73,13%,41%,2.18%,3.28%,3.08%,71.27%,71.27%,0,2.69%,-18.95%,,,,,,,,,,,,
,,,,,,,,,,,,,,,,,,2023,9/20/2023,$                                                      162.10,,,,,,,,,,3.10%,$            162.10,5.02,230.61,152.84,186.73,12%,42%,2.18%,3.28%,3.10%,72.37%,72.37%,0,2.69%,-19.47%,,,,,,,,,,,,
,,,,,,,,,,,,,,,,,,2023,9/21/2023,$                                                     160.40,,,,,,,,,,3.13%,$           160.40,5.02,230.61,152.84,186.73,10%,44%,2.18%,3.28%,3.13%,74.20%,74.20%,0,2.69%,-20.31%,,,,,,,,,,,,
,,,,,,,,,,,,,,,,,,2023,9/22/2023,$                                                      160.31,,,,,,,,,,3.13%,$            160.31,5.02,230.61,152.84,186.73,10%,44%,2.18%,3.28%,3.13%,74.29%,74.29%,0,2.69%,-20.36%,,,,,,,,,,,,
,,,,,,,,,,,,,,,,,,2023,9/25/2023,$                                                     160.90,,,,,,,,,,3.12%,$           160.90,5.02,230.61,152.84,186.73,10%,43%,2.18%,3.28%,3.12%,73.65%,73.65%,0,2.69%,-20.07%,,,,,,,,,,,,
,,,,,,,,,,,,,,,,,,2023,9/26/2023,$                                                     157.96,,,,,,,,,,3.18%,$           157.96,5.02,230.61,152.84,186.73,7%,46%,2.18%,3.28%,3.18%,76.89%,76.89%,0,2.69%,-21.53%,,,,,,,,,,,,
,,,,,,,,,,,,,,,,,,2023,9/27/2023,$                                                      158.14,,,,,,,,,,3.17%,$            158.14,5.02,230.61,152.84,186.73,7%,46%,2.18%,3.28%,3.17%,76.69%,76.69%,0,2.69%,-21.44%,,,,,,,,,,,,
,,,,,,,,,,,,,,,,,,2023,9/28/2023,$                                                     159.09,,,,,,,,,,3.16%,$           159.09,5.02,230.61,152.84,186.73,8%,45%,2.18%,3.28%,3.16%,75.63%,75.63%,0,2.69%,-20.96%,,,,,,,,,,,,
,,,,,,,,,,,,,,,,,,2023,9/29/2023,$                                                      159.01,,,,,,,,,,3.16%,$            159.01,5.02,230.61,152.84,186.73,8%,45%,2.18%,3.28%,3.16%,75.72%,75.72%,0,2.69%,-21.00%,,,,,,,,,,,,
,,,,,,,,,,,,,,,,,,2023,10/2/2023,$                                                     159.95,,,,,,,,,,3.14%,$           159.95,5.02,230.61,152.84,186.73,9%,44%,2.18%,3.28%,3.14%,74.69%,74.69%,0,2.69%,-20.54%,,,,,,,,,,,,
,,,,,,,,,,,,,,,,,,2023,10/3/2023,$                                                     157.25,,,,,,,,,,3.19%,$           157.25,5.02,230.61,152.84,186.73,6%,47%,2.18%,3.28%,3.19%,77.69%,77.69%,0,2.69%,-21.88%,,,,,,,,,,,,
,,,,,,,,,,,,,,,,,,2023,10/4/2023,$                                                     157.97,,,,,,,,,,3.18%,$           157.97,5.02,230.61,152.84,186.73,7%,46%,2.18%,3.28%,3.18%,76.88%,76.88%,0,2.69%,-21.52%,,,,,,,,,,,,
,,,,,,,,,,,,,,,,,,2023,10/5/2023,$                                                       155.11,,,,,,,,,,3.24%,$             155.11,5.02,230.61,152.84,186.73,3%,49%,2.18%,3.28%,3.24%,80.14%,80.14%,0,2.69%,-22.94%,,,,,,,,,,,,
,,,,,,,,,,,,,,,,,,2023,10/6/2023,$                                                     157.00,,,,,,,,,,3.20%,$           157.00,5.02,230.61,152.84,186.73,5%,47%,2.18%,3.28%,3.20%,77.97%,77.97%,0,2.69%,-22.00%,,,,,,,,,,,,
,,,,,,,,,,,,,,,,,,2023,10/9/2023,$                                                     156.72,,,,,,,,,,3.20%,$           156.72,5.02,230.61,152.84,186.73,5%,47%,2.18%,3.28%,3.20%,78.29%,78.29%,0,2.69%,-22.14%,,,,,,,,,,,,
,,,,,,,,,,,,,,,,,,2023,10/10/2023,$                                                     157.66,,,,,,,,,,3.18%,$           157.66,5.02,230.61,152.84,186.73,6%,46%,2.18%,3.28%,3.18%,77.22%,77.22%,0,2.69%,-21.68%,,,,,,,,,,,,
,,,,,,,,,,,,,,,,,,2023,10/11/2023,$                                                     157.33,,,,,,,,,,3.19%,$           157.33,5.02,230.61,152.84,186.73,6%,47%,2.18%,3.28%,3.19%,77.59%,77.59%,0,2.69%,-21.84%,,,,,,,,,,,,
,,,,,,,,,,,,,,,,,,2023,10/12/2023,$                                                     155.00,,,,,,,,,,3.24%,$           155.00,5.02,230.61,152.84,186.73,3%,49%,2.18%,3.28%,3.24%,80.26%,80.26%,0,2.69%,-23.00%,,,,,,,,,,,,
,,,,,,,,,,,,,,,,,,2023,10/13/2023,$                                                     152.75,,,,,,,,,,3.29%,$           152.75,5.02,230.61,152.84,186.73,0%,51%,2.18%,3.28%,3.29%,82.92%,82.92%,0,2.69%,-24.11%,,,,,,,,,,,,
,,,,,,,,,,,,,,,,,,2023,10/16/2023,$                                                     154.30,,,,,,,,,,3.25%,$           154.30,5.02,230.61,152.84,186.73,2%,49%,2.18%,3.28%,3.25%,81.08%,81.08%,0,2.69%,-23.34%,,,,,,,,,,,,
,,,,,,,,,,,,,,,,,,2023,10/17/2023,$                                                     154.26,,,,,,,,,,3.25%,$           154.26,5.02,230.61,152.84,186.73,2%,49%,2.18%,3.28%,3.25%,81.13%,81.13%,0,2.69%,-23.36%,,,,,,,,,,,,
,,,,,,,,,,,,,,,,,,2023,10/18/2023,$                                                      151.82,,,,,,,,,,3.31%,$            151.82,5.02,230.61,152.84,186.73,-1%,52%,2.18%,3.28%,3.31%,84.04%,84.04%,0,2.69%,-24.58%,,,,,,,,,,,,
,,,,,,,,,,,,,,,,,,2023,10/19/2023,$                                                     150.94,,,,,,,,,,3.33%,$           150.94,5.02,230.61,152.84,186.73,-2%,53%,2.18%,3.28%,3.33%,85.11%,85.11%,0,2.69%,-25.01%,,,,,,,,,,,,
,,,,,,,,,,,,,,,,,,2023,10/20/2023,$                                                      147.81,,,,,,,,,,3.40%,$            147.81,5.02,230.61,152.84,186.73,-6%,56%,2.18%,3.28%,3.40%,89.03%,89.03%,0,2.69%,-26.57%,,,,,,,,,,,,
,,,,,,,,,,,,,,,,,,2023,10/23/2023,$                                                     146.32,,,,,,,,,,3.43%,$           146.32,5.02,230.61,152.84,186.73,-8%,58%,2.18%,3.28%,3.43%,90.96%,90.96%,0,2.69%,-27.31%,,,,,,,,,,,,
,,,,,,,,,,,,,,,,,,2023,10/24/2023,$                                                     146.92,,,,,,,,,,3.42%,$           146.92,5.02,230.61,152.84,186.73,-8%,57%,2.18%,3.28%,3.42%,90.18%,90.18%,0,2.69%,-27.01%,,,,,,,,,,,,
,,,,,,,,,,,,,,,,,,2023,10/25/2023,$                                                      141.79,,,,,,,,,,3.54%,$            141.79,5.02,230.61,152.84,186.73,-14%,63%,2.18%,3.28%,3.54%,97.06%,97.06%,0,2.69%,-29.56%,,,,,,,,,,,,
,,,,,,,,,,,,,,,,,,2023,10/26/2023,$                                                      144.01,,,,,,,,,,3.49%,$            144.01,5.02,230.61,152.84,186.73,-11%,60%,2.18%,3.28%,3.49%,94.02%,94.02%,0,2.69%,-28.46%,,,,,,,,,,,,
,,,,,,,,,,,,,,,,,,2023,10/27/2023,$                                                      143.12,,,,,,,,,,3.51%,$            143.12,5.02,230.61,152.84,186.73,-13%,61%,2.18%,3.28%,3.51%,95.23%,95.23%,0,2.69%,-28.90%,,,,,,,,,,,,
,,,,,,,,,,,,,,,,,,2023,10/30/2023,$                                                     140.50,,,,,,,,,,3.57%,$           140.50,5.02,230.61,152.84,186.73,-16%,64%,2.18%,3.28%,3.57%,98.87%,98.87%,0,2.69%,-30.20%,,,,,,,,,,,,
,,,,,,,,,,,,,,,,,,2023,10/31/2023,$                                                      142.01,,,,,,,,,,3.53%,$            142.01,5.02,230.61,152.84,186.73,-14%,62%,2.18%,3.28%,3.53%,96.75%,96.75%,0,2.69%,-29.45%,,,,,,,,,,,,
,,,,,,,,,,,,,,,,,,2023,11/1/2023,$                                                      143.17,,,,,,,,,,3.51%,$            143.17,5.02,230.61,152.84,186.73,-12%,61%,2.18%,3.28%,3.51%,95.16%,95.16%,0,2.69%,-28.87%,,,,,,,,,,,,
,,,,,,,,,,,,,,,,,,2023,11/2/2023,$                                                      147.31,,,,,,,,,,3.41%,$            147.31,5.02,230.61,152.84,186.73,-7%,57%,2.18%,3.28%,3.41%,89.67%,89.67%,0,2.69%,-26.82%,,,,,,,,,,,,
,,,,,,,,,,,,,,,,,,2023,11/3/2023,$                                                     150.23,,,,,,,,,,3.34%,$           150.23,5.02,230.61,152.84,186.73,-3%,54%,2.18%,3.28%,3.34%,85.99%,85.99%,0,2.69%,-25.37%,,,,,,,,,,,,
,,,,,,,,,,,,,,,,,,2023,11/6/2023,$                                                     147.50,,,,,,,,,,3.40%,$           147.50,5.02,230.61,152.84,186.73,-7%,56%,2.18%,3.28%,3.40%,89.43%,89.43%,0,2.69%,-26.72%,,,,,,,,,,,,
,,,,,,,,,,,,,,,,,,2023,11/7/2023,$                                                     146.59,,,,,,,,,,3.42%,$           146.59,5.02,230.61,152.84,186.73,-8%,57%,2.18%,3.28%,3.42%,90.61%,90.61%,0,2.69%,-27.17%,,,,,,,,,,,,
,,,,,,,,,,,,,,,,,,2023,11/8/2023,$                                                     145.22,,,,,,,,,,3.46%,$           145.22,5.02,230.61,152.84,186.73,-10%,59%,2.18%,3.28%,3.46%,92.40%,92.40%,0,2.69%,-27.86%,,,,,,,,,,,,
,,,,,,,,,,,,,,,,,,2023,11/9/2023,$                                                     143.27,,,,,,,,,,3.50%,$           143.27,5.02,230.61,152.84,186.73,-12%,61%,2.18%,3.28%,3.50%,95.02%,95.02%,0,2.69%,-28.82%,,,,,,,,,,,,
,,,,,,,,,,,,,,,,,,2023,11/10/2023,$                                                      147.19,,,,,,,,,,3.41%,$            147.19,5.02,230.61,152.84,186.73,-7%,57%,2.18%,3.28%,3.41%,89.83%,89.83%,0,2.69%,-26.88%,,,,,,,,,,,,
,,,,,,,,,,,,,,,,,,2023,11/13/2023,$                                                     145.87,,,,,,,,,,3.44%,$           145.87,5.02,230.61,152.84,186.73,-9%,58%,2.18%,3.28%,3.44%,91.55%,91.55%,0,2.69%,-27.53%,,,,,,,,,,,,
,,,,,,,,,,,,,,,,,,2023,11/14/2023,$                                                     149.93,,,,,,,,,,3.35%,$           149.93,5.02,230.61,152.84,186.73,-4%,54%,2.18%,3.28%,3.35%,86.36%,86.36%,0,2.69%,-25.52%,,,,,,,,,,,,
,,,,,,,,,,,,,,,,,,2023,11/15/2023,$                                                      151.87,,,,,,,,,,3.31%,$            151.87,5.02,230.61,152.84,186.73,-1%,52%,2.18%,3.28%,3.31%,83.98%,83.98%,0,2.69%,-24.55%,,,,,,,,,,,,
,,,,,,,,,,,,,,,,,,2023,11/16/2023,$                                                      151.89,,,,,,,,,,3.31%,$            151.89,5.02,230.61,152.84,186.73,-1%,52%,2.18%,3.28%,3.31%,83.96%,83.96%,0,2.69%,-24.54%,,,,,,,,,,,,
,,,,,,,,,,,,,,,,,,2023,11/17/2023,$                                                     154.62,,,,,,,,,,3.25%,$           154.62,5.02,230.61,152.84,186.73,2%,49%,2.18%,3.28%,3.25%,80.71%,80.71%,0,2.69%,-23.19%,,,,,,,,,,,,
,,,,,,,,,,,,,,,,,,2023,11/20/2023,$                                                     155.54,,,,,,,,,,3.23%,$           155.54,5.02,230.61,152.84,186.73,3%,48%,2.18%,3.28%,3.23%,79.64%,79.64%,0,2.69%,-22.73%,,,,,,,,,,,,
,,,,,,,,,,,,,,,,,,2023,11/21/2023,$                                                     153.43,,,,,,,,,,3.27%,$           153.43,5.02,230.61,152.84,186.73,1%,50%,2.18%,3.28%,3.27%,82.11%,82.11%,0,2.69%,-23.78%,,,,,,,,,,,,
,,,,,,,,,,,,,,,,,,2023,11/22/2023,$                                                     153.93,,,,,,,,,,3.26%,$           153.93,5.02,230.61,152.84,186.73,1%,50%,2.18%,3.28%,3.26%,81.52%,81.52%,0,2.69%,-23.53%,,,,,,,,,,,,
,,,,,,,,,,,,,,,,,,2023,11/24/2023,$                                                     153.59,,,,,,,,,,3.27%,$           153.59,5.02,230.61,152.84,186.73,1%,50%,2.18%,3.28%,3.27%,81.92%,81.92%,0,2.69%,-23.70%,,,,,,,,,,,,
,,,,,,,,,,,,,,,,,,2023,11/27/2023,$                                                     152.60,,,,,,,,,,3.29%,$           152.60,5.02,230.61,152.84,186.73,0%,51%,2.18%,3.28%,3.29%,83.10%,83.10%,0,2.69%,-24.19%,,,,,,,,,,,,
,,,,,,,,,,,,,,,,,,2023,11/28/2023,$                                                     152.90,,,,,,,,,,3.28%,$           152.90,5.02,230.61,152.84,186.73,0%,51%,2.18%,3.28%,3.28%,82.74%,82.74%,0,2.69%,-24.04%,,,,,,,,,,,,
,,,,,,,,,,,,,,,,,,2023,11/29/2023,$                                                     153.20,,,,,,,,,,3.28%,$           153.20,5.02,230.61,152.84,186.73,0%,51%,2.18%,3.28%,3.28%,82.38%,82.38%,0,2.69%,-23.89%,,,,,,,,,,,,
,,,,,,,,,,,,,,,,,,2023,11/30/2023,$                                                      152.71,,,,,,,,,,3.29%,$            152.71,5.02,230.61,152.84,186.73,0%,51%,2.18%,3.28%,3.29%,82.97%,82.97%,0,2.69%,-24.13%,,,,,,,,,,,,
,,,,,,,,,,,,,,,,,,2023,12/1/2023,$                                                      155.21,,,,,,,,,,3.23%,$            155.21,5.02,230.61,152.84,186.73,3%,49%,2.18%,3.28%,3.23%,80.02%,80.02%,0,2.69%,-22.89%,,,,,,,,,,,,
,,,,,,,,,,,,,,,,,,2023,12/4/2023,$                                                     157.42,,,,,,,,,,3.19%,$           157.42,5.02,230.61,152.84,186.73,6%,46%,2.18%,3.28%,3.19%,77.49%,77.49%,0,2.69%,-21.79%,,,,,,,,,,,,
,,,,,,,,,,,,,,,,,,2023,12/5/2023,$                                                     157.25,,,,,,,,,,3.19%,$           157.25,5.02,230.61,152.84,186.73,6%,47%,2.18%,3.28%,3.19%,77.69%,77.69%,0,2.69%,-21.88%,,,,,,,,,,,,
,,,,,,,,,,,,,,,,,,2023,12/6/2023,$                                                     156.05,,,,,,,,,,3.22%,$           156.05,5.02,230.61,152.84,186.73,4%,48%,2.18%,3.28%,3.22%,79.05%,79.05%,0,2.69%,-22.48%,,,,,,,,,,,,
,,,,,,,,,,,,,,,,,,2023,12/7/2023,$                                                     157.68,,,,,,,,,,3.18%,$           157.68,5.02,230.61,152.84,186.73,6%,46%,2.18%,3.28%,3.18%,77.20%,77.20%,0,2.69%,-21.67%,,,,,,,,,,,,
,,,,,,,,,,,,,,,,,,2023,12/8/2023,$                                                     157.03,,,,,,,,,,3.20%,$           157.03,5.02,230.61,152.84,186.73,5%,47%,2.18%,3.28%,3.20%,77.93%,77.93%,0,2.69%,-21.99%,,,,,,,,,,,,
,,,,,,,,,,,,,,,,,,2023,12/11/2023,$                                                     159.97,,,,,,,,,,3.14%,$           159.97,5.02,230.61,152.84,186.73,9%,44%,2.18%,3.28%,3.14%,74.66%,74.66%,0,2.69%,-20.53%,,,,,,,,,,,,
,,,,,,,,,,,,,,,,,,2023,12/12/2023,$                                                     157.92,,,,,,,,,,3.18%,$           157.92,5.02,230.61,152.84,186.73,7%,46%,2.18%,3.28%,3.18%,76.93%,76.93%,0,2.69%,-21.55%,,,,,,,,,,,,
,,,,,,,,,,,,,,,,,,2023,12/13/2023,$                                                       161.81,,,,,,,,,,3.10%,$             161.81,5.02,230.61,152.84,186.73,12%,43%,2.18%,3.28%,3.10%,72.68%,72.68%,0,2.69%,-19.61%,,,,,,,,,,,,
,,,,,,,,,,,,,,,,,,2023,12/14/2023,$                                                     168.78,,,,,,,,,,2.97%,$           168.78,5.02,230.61,152.84,186.73,20%,37%,2.18%,3.28%,2.97%,65.55%,65.55%,0,2.69%,-16.15%,,,,,,,,,,,,
,,,,,,,,,,,,,,,,,,2023,12/15/2023,$                                                     168.64,,,,,,,,,,2.98%,$           168.64,5.02,230.61,152.84,186.73,20%,37%,2.18%,3.28%,2.98%,65.68%,65.68%,0,2.69%,-16.22%,,,,,,,,,,,,
,,,,,,,,,,,,,,,,,,2023,12/18/2023,$                                                     167.42,,,,,,,,,,3.00%,$           167.42,5.02,230.61,152.84,186.73,19%,38%,2.18%,3.28%,3.00%,66.89%,66.89%,0,2.69%,-16.83%,,,,,,,,,,,,
,,,,,,,,,,,,,,,,,,2023,12/19/2023,$                                                     168.50,,,,,,,,,,2.98%,$           168.50,5.02,230.61,152.84,186.73,20%,37%,2.18%,3.28%,2.98%,65.82%,65.82%,0,2.69%,-16.29%,,,,,,,,,,,,
,,,,,,,,,,,,,,,,,,2023,12/20/2023,$                                                      165.18,,,,,,,,,,3.04%,$            165.18,5.02,230.61,152.84,186.73,16%,40%,2.18%,3.28%,3.04%,69.15%,69.15%,0,2.69%,-17.94%,,,,,,,,,,,,
,,,,,,,,,,,,,,,,,,2023,12/21/2023,$                                                      166.81,,,,,,,,,,3.01%,$            166.81,5.02,230.61,152.84,186.73,18%,38%,2.18%,3.28%,3.01%,67.50%,67.50%,0,2.69%,-17.13%,,,,,,,,,,,,
,,,,,,,,,,,,,,,,,,2023,12/22/2023,$                                                     168.24,,,,,,,,,,2.98%,$           168.24,5.02,230.61,152.84,186.73,20%,37%,2.18%,3.28%,2.98%,66.08%,66.08%,0,2.69%,-16.42%,,,,,,,,,,,,
,,,,,,,,,,,,,,,,,,2023,12/26/2023,$                                                      170.81,,,,,,,,,,2.94%,$            170.81,5.02,230.61,152.84,186.73,23%,35%,2.18%,3.28%,2.94%,63.58%,63.58%,0,2.69%,-15.14%,,,,,,,,,,,,
,,,,,,,,,,,,,,,,,,2023,12/27/2023,$                                                      171.23,,,,,,,,,,2.93%,$            171.23,5.02,230.61,152.84,186.73,24%,35%,2.18%,3.28%,2.93%,63.18%,63.18%,0,2.69%,-14.93%,,,,,,,,,,,,
,,,,,,,,,,,,,,,,,,2023,12/28/2023,$                                                      171.72,,,,,,,,,,2.92%,$            171.72,5.02,230.61,152.84,186.73,24%,34%,2.18%,3.28%,2.92%,62.71%,62.71%,0,2.69%,-14.69%,,,,,,,,,,,,
,,,,,,,,,,,,,,,,,,2023,12/29/2023,$                                                     170.46,,,,,,,,,,2.94%,$           170.46,5.02,230.61,152.84,186.73,23%,35%,2.18%,3.28%,2.94%,63.92%,63.92%,0,2.69%,-15.32%,,,,,,,,,,,,
,,,,,,,,,,,,,,,,,,2024,1/2/2024,$                                                     169.26,,,,,,,,,,3.07%,$           169.26,5.20,238.88,158.32,193.43,14%,41%,2.18%,3.28%,2.97%,65.08%,65.08%,0,2.69%,-15.91%,,,,,,,,,,,,
,,,,,,,,,,,,,,,,,,2024,1/3/2024,$                                                     166.74,,,,,,,,,,3.12%,$           166.74,5.20,238.88,158.32,193.43,10%,43%,2.18%,3.28%,3.01%,67.57%,67.57%,0,2.69%,-17.16%,,,,,,,,,,,,
,,,,,,,,,,,,,,,,,,2024,1/4/2024,$                                                     164.47,,,,,,,,,,3.16%,$           164.47,5.20,238.88,158.32,193.43,8%,45%,2.18%,3.28%,3.05%,69.89%,69.89%,0,2.69%,-18.29%,,,,,,,,,,,,
,,,,,,,,,,,,,,,,,,2024,1/5/2024,$                                                      165.10,,,,,,,,,,3.15%,$            165.10,5.20,238.88,158.32,193.43,8%,45%,2.18%,3.28%,3.04%,69.24%,69.24%,0,2.69%,-17.98%,,,,,,,,,,,,
,,,,,,,,,,,,,,,,,,2024,1/8/2024,$                                                     168.54,,,,,,,,,,3.09%,$           168.54,5.20,238.88,158.32,193.43,13%,42%,2.18%,3.28%,2.98%,65.78%,65.78%,0,2.69%,-16.27%,,,,,,,,,,,,
,,,,,,,,,,,,,,,,,,2024,1/9/2024,$                                                     168.63,,,,,,,,,,3.08%,$           168.63,5.20,238.88,158.32,193.43,13%,42%,2.18%,3.28%,2.98%,65.69%,65.69%,0,2.69%,-16.23%,,,,,,,,,,,,
,,,,,,,,,,,,,,,,,,2024,1/10/2024,$                                                     167.25,,,,,,,,,,3.11%,$           167.25,5.20,238.88,158.32,193.43,11%,43%,2.18%,3.28%,3.00%,67.06%,67.06%,0,2.69%,-16.91%,,,,,,,,,,,,
,,,,,,,,,,,,,,,,,,2024,1/11/2024,$                                                     165.60,,,,,,,,,,3.14%,$           165.60,5.20,238.88,158.32,193.43,9%,44%,2.18%,3.28%,3.03%,68.73%,68.73%,0,2.69%,-17.73%,,,,,,,,,,,,
,,,,,,,,,,,,,,,,,,2024,1/12/2024,$                                                     164.87,,,,,,,,,,3.15%,$           164.87,5.20,238.88,158.32,193.43,8%,45%,2.18%,3.28%,3.04%,69.47%,69.47%,0,2.69%,-18.09%,,,,,,,,,,,,
,,,,,,,,,,,,,,,,,,2024,1/16/2024,$                                                     163.88,,,,,,,,,,3.17%,$           163.88,5.20,238.88,158.32,193.43,7%,46%,2.18%,3.28%,3.06%,70.50%,70.50%,0,2.69%,-18.59%,,,,,,,,,,,,
,,,,,,,,,,,,,,,,,,2024,1/17/2024,$                                                     162.42,,,,,,,,,,3.20%,$           162.42,5.20,238.88,158.32,193.43,5%,47%,2.18%,3.28%,3.09%,72.03%,72.03%,0,2.69%,-19.31%,,,,,,,,,,,,
,,,,,,,,,,,,,,,,,,2024,1/18/2024,$                                                      166.91,,,,,,,,,,3.12%,$            166.91,5.20,238.88,158.32,193.43,11%,43%,2.18%,3.28%,3.01%,67.40%,67.40%,0,2.69%,-17.08%,,,,,,,,,,,,
,,,,,,,,,,,,,,,,,,2024,1/19/2024,$                                                     173.65,,,,,,,,,,2.99%,$           173.65,5.20,238.88,158.32,193.43,19%,38%,2.18%,3.28%,2.89%,60.90%,60.90%,0,2.69%,-13.73%,,,,,,,,,,,,
,,,,,,,,,,,,,,,,,,2024,1/22/2024,$                                                     174.83,,,,,,,,,,2.97%,$           174.83,5.20,238.88,158.32,193.43,20%,37%,2.18%,3.28%,2.87%,59.82%,59.82%,0,2.69%,-13.15%,,,,,,,,,,,,
,,,,,,,,,,,,,,,,,,2024,1/23/2024,$                                                     174.34,,,,,,,,,,2.98%,$           174.34,5.20,238.88,158.32,193.43,20%,37%,2.18%,3.28%,2.88%,60.27%,60.27%,0,2.69%,-13.39%,,,,,,,,,,,,
,,,,,,,,,,,,,,,,,,2024,1/24/2024,$                                                     170.07,,,,,,,,,,3.06%,$           170.07,5.20,238.88,158.32,193.43,15%,40%,2.18%,3.28%,2.95%,64.29%,64.29%,0,2.69%,-15.51%,,,,,,,,,,,,
,,,,,,,,,,,,,,,,,,2024,1/25/2024,$                                                     167.42,,,,,,,,,,3.11%,$           167.42,5.20,238.88,158.32,193.43,11%,43%,2.18%,3.28%,3.00%,66.89%,66.89%,0,2.69%,-16.83%,,,,,,,,,,,,
,,,,,,,,,,,,,,,,,,2024,1/26/2024,$                                                     164.09,,,,,,,,,,3.17%,$           164.09,5.20,238.88,158.32,193.43,7%,46%,2.18%,3.28%,3.06%,70.28%,70.28%,0,2.69%,-18.48%,,,,,,,,,,,,
,,,,,,,,,,,,,,,,,,2024,1/29/2024,$                                                     166.04,,,,,,,,,,3.13%,$           166.04,5.20,238.88,158.32,193.43,10%,44%,2.18%,3.28%,3.02%,68.28%,68.28%,0,2.69%,-17.51%,,,,,,,,,,,,
,,,,,,,,,,,,,,,,,,2024,1/30/2024,$                                                     162.05,,,,,,,,,,3.21%,$           162.05,5.20,238.88,158.32,193.43,5%,47%,2.18%,3.28%,3.10%,72.42%,72.42%,0,2.69%,-19.49%,,,,,,,,,,,,
,,,,,,,,,,,,,,,,,,2024,1/31/2024,$                                                      160.12,,,,,,,,,,3.25%,$            160.12,5.20,238.88,158.32,193.43,2%,49%,2.18%,3.28%,3.14%,74.50%,74.50%,0,2.69%,-20.45%,,,,,,,,,,,,
,,,,,,,,,,,,,,,,,,2024,2/1/2024,$                                                     159.69,,,,,,,,,,3.26%,$           159.69,5.20,238.88,158.32,193.43,2%,50%,2.18%,3.28%,3.14%,74.97%,74.97%,0,2.69%,-20.67%,,,,,,,,,,,,
,,,,,,,,,,,,,,,,,,2024,2/2/2024,$                                                     159.20,,,,,,,,,,3.27%,$           159.20,5.20,238.88,158.32,193.43,1%,50%,2.18%,3.28%,3.15%,75.51%,75.51%,0,2.69%,-20.91%,,,,,,,,,,,,
,,,,,,,,,,,,,,,,,,2024,2/5/2024,$                                                     158.90,,,,,,,,,,3.27%,$           158.90,5.20,238.88,158.32,193.43,1%,50%,2.18%,3.28%,3.16%,75.84%,75.84%,0,2.69%,-21.06%,,,,,,,,,,,,
,,,,,,,,,,,,,,,,,,2024,2/6/2024,$                                                     158.37,,,,,,,,,,3.28%,$           158.37,5.20,238.88,158.32,193.43,0%,51%,2.18%,3.28%,3.17%,76.43%,76.43%,0,2.69%,-21.32%,,,,,,,,,,,,
,,,,,,,,,,,,,,,,,,2024,2/7/2024,$                                                     158.77,,,,,,,,,,3.28%,$           158.77,5.20,238.88,158.32,193.43,1%,50%,2.18%,3.28%,3.16%,75.98%,75.98%,0,2.69%,-21.12%,,,,,,,,,,,,
,,,,,,,,,,,,,,,,,,2024,2/8/2024,$                                                      160.21,,,,,,,,,,3.25%,$            160.21,5.20,238.88,158.32,193.43,2%,49%,2.18%,3.28%,3.13%,74.40%,74.40%,0,2.69%,-20.41%,,,,,,,,,,,,
,,,,,,,,,,,,,,,,,,2024,2/9/2024,$                                                     162.40,,,,,,,,,,3.20%,$           162.40,5.20,238.88,158.32,193.43,5%,47%,2.18%,3.28%,3.09%,72.05%,72.05%,0,2.69%,-19.32%,,,,,,,,,,,,
,,,,,,,,,,,,,,,,,,2024,2/12/2024,$                                                      161.08,,,,,,,,,,3.23%,$            161.08,5.20,238.88,158.32,193.43,3%,48%,2.18%,3.28%,3.12%,73.46%,73.46%,0,2.69%,-19.98%,,,,,,,,,,,,
,,,,,,,,,,,,,,,,,,2024,2/13/2024,$                                                     156.85,,,,,,,,,,3.32%,$           156.85,5.20,238.88,158.32,193.43,-2%,52%,2.18%,3.28%,3.20%,78.14%,78.14%,0,2.69%,-22.08%,,,,,,,,,,,,
,,,,,,,,,,,,,,,,,,2024,2/14/2024,$                                                     157.87,,,,,,,,,,3.29%,$           157.87,5.20,238.88,158.32,193.43,-1%,51%,2.18%,3.28%,3.18%,76.99%,76.99%,0,2.69%,-21.57%,,,,,,,,,,,,
,,,,,,,,,,,,,,,,,,2024,2/15/2024,$                                                      160.71,,,,,,,,,,3.24%,$            160.71,5.20,238.88,158.32,193.43,3%,49%,2.18%,3.28%,3.12%,73.86%,73.86%,0,2.69%,-20.16%,,,,,,,,,,,,
,,,,,,,,,,,,,,,,,,2024,2/16/2024,$                                                     160.38,,,,,,,,,,3.24%,$           160.38,5.20,238.88,158.32,193.43,3%,49%,2.18%,3.28%,3.13%,74.22%,74.22%,0,2.69%,-20.32%,,,,,,,,,,,,
,,,,,,,,,,,,,,,,,,2024,2/20/2024,$                                                     162.74,,,,,,,,,,3.20%,$           162.74,5.20,238.88,158.32,193.43,5%,47%,2.18%,3.28%,3.08%,71.69%,71.69%,0,2.69%,-19.15%,,,,,,,,,,,,
,,,,,,,,,,,,,,,,,,2024,2/21/2024,$                                                     164.08,,,,,,,,,,3.17%,$           164.08,5.20,238.88,158.32,193.43,7%,46%,2.18%,3.28%,3.06%,70.29%,70.29%,0,2.69%,-18.49%,,,,,,,,,,,,
,,,,,,,,,,,,,,,,,,2024,2/22/2024,$                                                     165.43,,,,,,,,,,3.14%,$           165.43,5.20,238.88,158.32,193.43,9%,44%,2.18%,3.28%,3.03%,68.90%,68.90%,0,2.69%,-17.82%,,,,,,,,,,,,
,,,,,,,,,,,,,,,,,,2024,2/23/2024,$                                                     163.69,,,,,,,,,,3.18%,$           163.69,5.20,238.88,158.32,193.43,7%,46%,2.18%,3.28%,3.07%,70.69%,70.69%,0,2.69%,-18.68%,,,,,,,,,,,,
,,,,,,,,,,,,,,,,,,2024,2/26/2024,$                                                     164.30,,,,,,,,,,3.16%,$           164.30,5.20,238.88,158.32,193.43,7%,45%,2.18%,3.28%,3.06%,70.06%,70.06%,0,2.69%,-18.38%,,,,,,,,,,,,
,,,,,,,,,,,,,,,,,,2024,2/27/2024,$                                                     164.94,,,,,,,,,,3.15%,$           164.94,5.20,238.88,158.32,193.43,8%,45%,2.18%,3.28%,3.04%,69.40%,69.40%,0,2.69%,-18.06%,,,,,,,,,,,,
,,,,,,,,,,,,,,,,,,2024,2/28/2024,$                                                     163.04,,,,,,,,,,3.19%,$           163.04,5.20,238.88,158.32,193.43,6%,47%,2.18%,3.28%,3.08%,71.38%,71.38%,0,2.69%,-19.00%,,,,,,,,,,,,
,,,,,,,,,,,,,,,,,,2024,2/29/2024,$                                                     167.33,,,,,,,,,,3.11%,$           167.33,5.20,238.88,158.32,193.43,11%,43%,2.18%,3.28%,3.00%,66.98%,66.98%,0,2.69%,-16.87%,,,,,,,,,,,,
,,,,,,,,,,,,,,,,,,2024,3/1/2024,$                                                      171.05,,,,,,,,,,3.04%,$            171.05,5.20,238.88,158.32,193.43,16%,40%,2.18%,3.28%,2.93%,63.35%,63.35%,0,2.69%,-15.02%,,,,,,,,,,,,
,,,,,,,,,,,,,,,,,,2024,3/4/2024,$                                                     172.44,,,,,,,,,,3.02%,$           172.44,5.20,238.88,158.32,193.43,18%,39%,2.18%,3.28%,2.91%,62.03%,62.03%,0,2.69%,-14.33%,,,,,,,,,,,,
,,,,,,,,,,,,,,,,,,2024,3/5/2024,$                                                     170.64,,,,,,,,,,3.05%,$           170.64,5.20,238.88,158.32,193.43,15%,40%,2.18%,3.28%,2.94%,63.74%,63.74%,0,2.69%,-15.23%,,,,,,,,,,,,
,,,,,,,,,,,,,,,,,,2024,3/6/2024,$                                                      171.87,,,,,,,,,,3.03%,$            171.87,5.20,238.88,158.32,193.43,17%,39%,2.18%,3.28%,2.92%,62.57%,62.57%,0,2.69%,-14.62%,,,,,,,,,,,,
,,,,,,,,,,,,,,,,,,2024,3/7/2024,$                                                     175.27,,,,,,,,,,2.97%,$           175.27,5.20,238.88,158.32,193.43,21%,36%,2.18%,3.28%,2.86%,59.42%,59.42%,0,2.69%,-12.93%,,,,,,,,,,,,
,,,,,,,,,,,,,,,,,,2024,3/8/2024,$                                                     172.30,,,,,,,,,,3.02%,$           172.30,5.20,238.88,158.32,193.43,17%,39%,2.18%,3.28%,2.91%,62.16%,62.16%,0,2.69%,-14.40%,,,,,,,,,,,,
,,,,,,,,,,,,,,,,,,2024,3/11/2024,$                                                      174.19,,,,,,,,,,2.99%,$            174.19,5.20,238.88,158.32,193.43,20%,37%,2.18%,3.28%,2.88%,60.41%,60.41%,0,2.69%,-13.46%,,,,,,,,,,,,
,,,,,,,,,,,,,,,,,,2024,3/12/2024,$                                                     174.80,,,,,,,,,,2.97%,$           174.80,5.20,238.88,158.32,193.43,20%,37%,2.18%,3.28%,2.87%,59.85%,59.85%,0,2.69%,-13.16%,,,,,,,,,,,,
,,,,,,,,,,,,,,,,,,2024,3/13/2024,$                                                     172.68,,,,,,,,,,3.01%,$           172.68,5.20,238.88,158.32,193.43,18%,38%,2.18%,3.28%,2.91%,61.81%,61.81%,0,2.69%,-14.21%,,,,,,,,,,,,
,,,,,,,,,,,,,,,,,,2024,3/14/2024,$                                                       171.14,,,,,,,,,,3.04%,$             171.14,5.20,238.88,158.32,193.43,16%,40%,2.18%,3.28%,2.93%,63.26%,63.26%,0,2.69%,-14.98%,,,,,,,,,,,,
,,,,,,,,,,,,,,,,,,2024,3/15/2024,$                                                     172.52,,,,,,,,,,3.01%,$           172.52,5.20,238.88,158.32,193.43,18%,38%,2.18%,3.28%,2.91%,61.96%,61.96%,0,2.69%,-14.29%,,,,,,,,,,,,
,,,,,,,,,,,,,,,,,,2024,3/18/2024,$                                                      169.21,,,,,,,,,,3.07%,$            169.21,5.20,238.88,158.32,193.43,14%,41%,2.18%,3.28%,2.97%,65.13%,65.13%,0,2.69%,-15.94%,,,,,,,,,,,,
,,,,,,,,,,,,,,,,,,2024,3/19/2024,$                                                     166.76,,,,,,,,,,3.12%,$           166.76,5.20,238.88,158.32,193.43,10%,43%,2.18%,3.28%,3.01%,67.55%,67.55%,0,2.69%,-17.15%,,,,,,,,,,,,
,,,,,,,,,,,,,,,,,,2024,3/20/2024,$                                                     169.98,,,,,,,,,,3.06%,$           169.98,5.20,238.88,158.32,193.43,14%,41%,2.18%,3.28%,2.95%,64.38%,64.38%,0,2.69%,-15.55%,,,,,,,,,,,,
,,,,,,,,,,,,,,,,,,2024,3/21/2024,$                                                     172.59,,,,,,,,,,3.01%,$           172.59,5.20,238.88,158.32,193.43,18%,38%,2.18%,3.28%,2.91%,61.89%,61.89%,0,2.69%,-14.26%,,,,,,,,,,,,
,,,,,,,,,,,,,,,,,,2024,3/22/2024,$                                                     172.48,,,,,,,,,,3.01%,$           172.48,5.20,238.88,158.32,193.43,18%,38%,2.18%,3.28%,2.91%,62.00%,62.00%,0,2.69%,-14.31%,,,,,,,,,,,,
,,,,,,,,,,,,,,,,,,2024,3/25/2024,$                                                     170.85,,,,,,,,,,3.04%,$           170.85,5.20,238.88,158.32,193.43,16%,40%,2.18%,3.28%,2.94%,63.54%,63.54%,0,2.69%,-15.12%,,,,,,,,,,,,
,,,,,,,,,,,,,,,,,,2024,3/26/2024,$                                                      167.91,,,,,,,,,,3.10%,$            167.91,5.20,238.88,158.32,193.43,12%,42%,2.18%,3.28%,2.99%,66.40%,66.40%,0,2.69%,-16.58%,,,,,,,,,,,,
,,,,,,,,,,,,,,,,,,2024,3/27/2024,$                                                     172.87,,,,,,,,,,3.01%,$           172.87,5.20,238.88,158.32,193.43,18%,38%,2.18%,3.28%,2.90%,61.63%,61.63%,0,2.69%,-14.12%,,,,,,,,,,,,
,,,,,,,,,,,,,,,,,,2024,3/28/2024,$                                                      174.21,,,,,,,,,,2.98%,$            174.21,5.20,238.88,158.32,193.43,20%,37%,2.18%,3.28%,2.88%,60.39%,60.39%,0,2.69%,-13.45%,,,,,,,,,,,,
,,,,,,,,,,,,,,,,,,2024,4/1/2024,$                                                      173.17,,,,,,,,,,3.00%,$            173.17,5.20,238.88,158.32,193.43,18%,38%,2.18%,3.28%,2.90%,61.35%,61.35%,0,2.69%,-13.97%,,,,,,,,,,,,
,,,,,,,,,,,,,,,,,,2024,4/2/2024,$                                                     170.36,,,,,,,,,,3.05%,$           170.36,5.20,238.88,158.32,193.43,15%,40%,2.18%,3.28%,2.95%,64.01%,64.01%,0,2.69%,-15.37%,,,,,,,,,,,,
,,,,,,,,,,,,,,,,,,2024,4/3/2024,$                                                     170.34,,,,,,,,,,3.05%,$           170.34,5.20,238.88,158.32,193.43,15%,40%,2.18%,3.28%,2.95%,64.03%,64.03%,0,2.69%,-15.38%,,,,,,,,,,,,
,,,,,,,,,,,,,,,,,,2024,4/4/2024,$                                                     168.53,,,,,,,,,,3.09%,$           168.53,5.20,238.88,158.32,193.43,13%,42%,2.18%,3.28%,2.98%,65.79%,65.79%,0,2.69%,-16.28%,,,,,,,,,,,,
,,,,,,,,,,,,,,,,,,2024,4/5/2024,$                                                     167.50,,,,,,,,,,3.10%,$           167.50,5.20,238.88,158.32,193.43,11%,43%,2.18%,3.28%,3.00%,66.81%,66.81%,0,2.69%,-16.79%,,,,,,,,,,,,
,,,,,,,,,,,,,,,,,,2024,4/8/2024,$                                                     169.46,,,,,,,,,,3.07%,$           169.46,5.20,238.88,158.32,193.43,14%,41%,2.18%,3.28%,2.96%,64.88%,64.88%,0,2.69%,-15.81%,,,,,,,,,,,,
,,,,,,,,,,,,,,,,,,2024,4/9/2024,$                                                     173.46,,,,,,,,,,3.00%,$           173.46,5.20,238.88,158.32,193.43,19%,38%,2.18%,3.28%,2.89%,61.08%,61.08%,0,2.69%,-13.83%,,,,,,,,,,,,
,,,,,,,,,,,,,,,,,,2024,4/10/2024,$                                                     168.92,,,,,,,,,,3.08%,$           168.92,5.20,238.88,158.32,193.43,13%,41%,2.18%,3.28%,2.97%,65.41%,65.41%,0,2.69%,-16.08%,,,,,,,,,,,,
,,,,,,,,,,,,,,,,,,2024,4/11/2024,$                                                      171.20,,,,,,,,,,3.04%,$            171.20,5.20,238.88,158.32,193.43,16%,40%,2.18%,3.28%,2.93%,63.21%,63.21%,0,2.69%,-14.95%,,,,,,,,,,,,
,,,,,,,,,,,,,,,,,,2024,4/12/2024,$                                                     166.33,,,,,,,,,,3.13%,$           166.33,5.20,238.88,158.32,193.43,10%,44%,2.18%,3.28%,3.02%,67.99%,67.99%,0,2.69%,-17.37%,,,,,,,,,,,,
,,,,,,,,,,,,,,,,,,2024,4/15/2024,$                                                     166.35,,,,,,,,,,3.13%,$           166.35,5.20,238.88,158.32,193.43,10%,44%,2.18%,3.28%,3.02%,67.97%,67.97%,0,2.69%,-17.36%,,,,,,,,,,,,
,,,,,,,,,,,,,,,,,,2024,4/16/2024,$                                                     167.59,,,,,,,,,,3.10%,$           167.59,5.20,238.88,158.32,193.43,12%,43%,2.18%,3.28%,3.00%,66.72%,66.72%,0,2.69%,-16.74%,,,,,,,,,,,,
,,,,,,,,,,,,,,,,,,2024,4/17/2024,$                                                     165.70,,,,,,,,,,3.14%,$           165.70,5.20,238.88,158.32,193.43,9%,44%,2.18%,3.28%,3.03%,68.62%,68.62%,0,2.69%,-17.68%,,,,,,,,,,,,
,,,,,,,,,,,,,,,,,,2024,4/18/2024,$                                                     163.67,,,,,,,,,,3.18%,$           163.67,5.20,238.88,158.32,193.43,7%,46%,2.18%,3.28%,3.07%,70.72%,70.72%,0,2.69%,-18.69%,,,,,,,,,,,,
,,,,,,,,,,,,,,,,,,2024,4/19/2024,$                                                     159.68,,,,,,,,,,3.26%,$           159.68,5.20,238.88,158.32,193.43,2%,50%,2.18%,3.28%,3.14%,74.98%,74.98%,0,2.69%,-20.67%,,,,,,,,,,,,
,,,,,,,,,,,,,,,,,,2024,4/22/2024,$                                                     163.43,,,,,,,,,,3.18%,$           163.43,5.20,238.88,158.32,193.43,6%,46%,2.18%,3.28%,3.07%,70.97%,70.97%,0,2.69%,-18.81%,,,,,,,,,,,,
,,,,,,,,,,,,,,,,,,2024,4/23/2024,$                                                     165.47,,,,,,,,,,3.14%,$           165.47,5.20,238.88,158.32,193.43,9%,44%,2.18%,3.28%,3.03%,68.86%,68.86%,0,2.69%,-17.80%,,,,,,,,,,,,
,,,,,,,,,,,,,,,,,,2024,4/24/2024,$                                                      174.81,,,,,,,,,,2.97%,$            174.81,5.20,238.88,158.32,193.43,20%,37%,2.18%,3.28%,2.87%,59.84%,59.84%,0,2.69%,-13.16%,,,,,,,,,,,,
,,,,,,,,,,,,,,,,,,2024,4/25/2024,$                                                     175.25,,,,,,,,,,2.97%,$           175.25,5.20,238.88,158.32,193.43,21%,36%,2.18%,3.28%,2.86%,59.44%,59.44%,0,2.69%,-12.94%,,,,,,,,,,,,
,,,,,,,,,,,,,,,,,,2024,4/26/2024,$                                                     177.48,,,,,,,,,,2.93%,$           177.48,5.20,238.88,158.32,193.43,24%,35%,2.18%,3.28%,2.83%,57.43%,57.43%,0,2.69%,-11.83%,,,,,,,,,,,,
,,,,,,,,,,,,,,,,,,2024,4/29/2024,$                                                     179.29,,,,,,,,,,2.90%,$           179.29,5.20,238.88,158.32,193.43,26%,33%,2.18%,3.28%,2.80%,55.84%,55.84%,0,2.69%,-10.93%,,,,,,,,,,,,
,,,,,,,,,,,,,,,,,,2024,4/30/2024,$                                                     176.42,,,,,,,,,,2.95%,$           176.42,5.20,238.88,158.32,193.43,22%,35%,2.18%,3.28%,2.85%,58.38%,58.38%,0,2.69%,-12.36%,,,,,,,,,,,,
,,,,,,,,,,,,,,,,,,2024,5/1/2024,$                                                     175.20,,,,,,,,,,2.97%,$           175.20,5.20,238.88,158.32,193.43,21%,36%,2.18%,3.28%,2.87%,59.48%,59.48%,0,2.69%,-12.96%,,,,,,,,,,,,
,,,,,,,,,,,,,,,,,,2024,5/2/2024,$                                                     175.80,,,,,,,,,,2.96%,$           175.80,5.20,238.88,158.32,193.43,22%,36%,2.18%,3.28%,2.86%,58.94%,58.94%,0,2.69%,-12.66%,,,,,,,,,,,,
,,,,,,,,,,,,,,,,,,2024,5/3/2024,$                                                      178.91,,,,,,,,,,2.91%,$            178.91,5.20,238.88,158.32,193.43,26%,34%,2.18%,3.28%,2.81%,56.17%,56.17%,0,2.69%,-11.12%,,,,,,,,,,,,
,,,,,,,,,,,,,,,,,,2024,5/6/2024,$                                                      181.67,,,,,,,,,,2.86%,$            181.67,5.20,238.88,158.32,193.43,29%,31%,2.18%,3.28%,2.76%,53.80%,53.80%,0,2.69%,-9.75%,,,,,,,,,,,,
,,,,,,,,,,,,,,,,,,2024,5/7/2024,$                                                     182.67,,,,,,,,,,2.85%,$           182.67,5.20,238.88,158.32,193.43,30%,31%,2.18%,3.28%,2.75%,52.96%,52.96%,0,2.69%,-9.25%,,,,,,,,,,,,
,,,,,,,,,,,,,,,,,,2024,5/8/2024,$                                                     183.95,,,,,,,,,,2.83%,$           183.95,5.20,238.88,158.32,193.43,32%,30%,2.18%,3.28%,2.73%,51.89%,51.89%,0,2.69%,-8.61%,,,,,,,,,,,,
,,,,,,,,,,,,,,,,,,2024,5/9/2024,$                                                     185.32,,,,,,,,,,2.81%,$           185.32,5.20,238.88,158.32,193.43,34%,29%,2.18%,3.28%,2.71%,50.77%,50.77%,0,2.69%,-7.93%,,,,,,,,,,,,
,,,,,,,,,,,,,,,,,,2024,5/10/2024,$                                                     187.05,,,,,,,,,,2.78%,$           187.05,5.20,238.88,158.32,193.43,36%,28%,2.18%,3.28%,2.68%,49.38%,49.38%,0,2.69%,-7.07%,,,,,,,,,,,,
,,,,,,,,,,,,,,,,,,2024,5/13/2024,$                                                     187.82,,,,,,,,,,2.77%,$           187.82,5.20,238.88,158.32,193.43,37%,27%,2.18%,3.28%,2.67%,48.76%,48.76%,0,2.69%,-6.69%,,,,,,,,,,,,
,,,,,,,,,,,,,,,,,,2024,5/14/2024,$                                                       191.13,,,,,,,,,,2.72%,$             191.13,5.20,238.88,158.32,193.43,41%,25%,2.18%,3.28%,2.63%,46.19%,46.19%,0,2.69%,-5.05%,,,,,,,,,,,,
,,,,,,,,,,,,,,,,,,2024,5/15/2024,$                                                     195.53,,,,,,,,,,2.66%,$           195.53,5.20,238.88,158.32,193.43,46%,22%,2.18%,3.28%,2.57%,42.90%,42.90%,0,2.69%,-2.86%,,,,,,,,,,,,
,,,,,,,,,,,,,,,,,,2024,5/16/2024,$                                                     194.97,,,,,,,,,,2.67%,$           194.97,5.20,238.88,158.32,193.43,45%,23%,2.18%,3.28%,2.57%,43.31%,43.31%,0,2.69%,-3.14%,,,,,,,,,,,,
,,,,,,,,,,,,,,,,,,2024,5/17/2024,$                                                     195.02,,,,,,,,,,2.67%,$           195.02,5.20,238.88,158.32,193.43,46%,22%,2.18%,3.28%,2.57%,43.27%,43.27%,0,2.69%,-3.11%,,,,,,,,,,,,
,,,,,,,,,,,,,,,,,,2024,5/20/2024,$                                                     199.20,,,,,,,,,,2.61%,$           199.20,5.20,238.88,158.32,193.43,51%,20%,2.18%,3.28%,2.52%,40.27%,40.27%,0,2.69%,-1.04%,,,,,,,,,,,,
,,,,,,,,,,,,,,,,,,2024,5/21/2024,$                                                      199.01,,,,,,,,,,2.61%,$            199.01,5.20,238.88,158.32,193.43,51%,20%,2.18%,3.28%,2.52%,40.40%,40.40%,0,2.69%,-1.13%,,,,,,,,,,,,
,,,,,,,,,,,,,,,,,,2024,5/22/2024,$                                                    202.54,,,,,,,,,,2.57%,$          202.54,5.20,238.88,158.32,193.43,55%,18%,2.18%,3.28%,2.48%,37.95%,37.95%,0,2.69%,0.00%,,,,,,,,,,,,
,,,,,,,,,,,,,,,,,,2024,5/23/2024,$                                                     197.29,,,,,,,,,,2.64%,$           197.29,5.20,238.88,158.32,193.43,48%,21%,2.18%,3.28%,2.54%,41.62%,41.62%,0,2.69%,-2.59%,,,,,,,,,,,,
,,,,,,,,,,,,,,,,,,2024,5/24/2024,$                                                      199.18,,,,,,,,,,2.61%,$            199.18,5.20,238.88,158.32,193.43,51%,20%,2.18%,3.28%,2.52%,40.28%,40.28%,0,2.69%,-1.66%,,,,,,,,,,,,
,,,,,,,,,,,,,,,,,,2024,5/28/2024,$                                                     199.60,,,,,,,,,,2.61%,$           199.60,5.20,238.88,158.32,193.43,51%,20%,2.18%,3.28%,2.52%,39.98%,39.98%,0,2.69%,-1.45%,,,,,,,,,,,,
,,,,,,,,,,,,,,,,,,2024,5/29/2024,$                                                      194.91,,,,,,,,,,2.67%,$            194.91,5.20,238.88,158.32,193.43,45%,23%,2.18%,3.28%,2.58%,43.35%,43.35%,0,2.69%,-3.77%,,,,,,,,,,,,
,,,,,,,,,,,,,,,,,,2024,5/30/2024,$                                                     195.68,,,,,,,,,,2.66%,$           195.68,5.20,238.88,158.32,193.43,46%,22%,2.18%,3.28%,2.57%,42.79%,42.79%,0,2.69%,-3.39%,,,,,,,,,,,,
,,,,,,,,,,,,,,,,,,2024,5/31/2024,$                                                      195.01,,,,,,,,,,2.67%,$            195.01,5.20,238.88,158.32,193.43,46%,22%,2.18%,3.28%,2.57%,43.28%,43.28%,0,2.69%,-3.72%,,,,,,,,,,,,
,,,,,,,,,,,,,,,,,,2024,6/3/2024,$                                                     193.72,,,,,,,,,,2.68%,$           193.72,5.20,238.88,158.32,193.43,44%,23%,2.18%,3.28%,2.59%,44.23%,44.23%,0,2.69%,-4.35%,,,,,,,,,,,,
,,,,,,,,,,,,,,,,,,2024,6/4/2024,$                                                     193.30,,,,,,,,,,2.69%,$           193.30,5.20,238.88,158.32,193.43,43%,24%,2.18%,3.28%,2.60%,44.55%,44.55%,0,2.69%,-4.56%,,,,,,,,,,,,
,,,,,,,,,,,,,,,,,,2024,6/5/2024,$                                                     196.08,,,,,,,,,,2.65%,$           196.08,5.20,238.88,158.32,193.43,47%,22%,2.18%,3.28%,2.56%,42.50%,42.50%,0,2.69%,-3.19%,,,,,,,,,,,,
,,,,,,,,,,,,,,,,,,2024,6/6/2024,$                                                     196.24,,,,,,,,,,2.65%,$           196.24,5.20,238.88,158.32,193.43,47%,22%,2.18%,3.28%,2.56%,42.38%,42.38%,0,2.69%,-3.11%,,,,,,,,,,,,
,,,,,,,,,,,,,,,,,,2024,6/7/2024,$                                                      195.61,,,,,,,,,,2.66%,$            195.61,5.20,238.88,158.32,193.43,46%,22%,2.18%,3.28%,2.57%,42.84%,42.84%,0,2.69%,-3.42%,,,,,,,,,,,,
,,,,,,,,,,,,,,,,,,2024,6/10/2024,$                                                     197.62,,,,,,,,,,2.63%,$           197.62,5.20,238.88,158.32,193.43,49%,21%,2.18%,3.28%,2.54%,41.39%,41.39%,0,2.69%,-2.43%,,,,,,,,,,,,
,,,,,,,,,,,,,,,,,,2024,6/11/2024,$                                                     197.44,,,,,,,,,,2.63%,$           197.44,5.20,238.88,158.32,193.43,49%,21%,2.18%,3.28%,2.54%,41.52%,41.52%,0,2.69%,-2.52%,,,,,,,,,,,,
,,,,,,,,,,,,,,,,,,2024,6/12/2024,$                                                     198.98,,,,,,,,,,2.61%,$           198.98,5.20,238.88,158.32,193.43,50%,20%,2.18%,3.28%,2.52%,40.42%,40.42%,0,2.69%,-1.76%,,,,,,,,,,,,
,,,,,,,,,,,,,,,,,,2024,6/13/2024,$                                                     196.28,,,,,,,,,,2.65%,$           196.28,5.20,238.88,158.32,193.43,47%,22%,2.18%,3.28%,2.56%,42.35%,42.35%,0,2.69%,-3.09%,,,,,,,,,,,,
,,,,,,,,,,,,,,,,,,2024,6/14/2024,$                                                     193.90,,,,,,,,,,2.68%,$           193.90,5.20,238.88,158.32,193.43,44%,23%,2.18%,3.28%,2.59%,44.10%,44.10%,0,2.69%,-4.27%,,,,,,,,,,,,
,,,,,,,,,,,,,,,,,,2024,6/17/2024,$                                                     194.90,,,,,,,,,,2.67%,$           194.90,5.20,238.88,158.32,193.43,45%,23%,2.18%,3.28%,2.58%,43.36%,43.36%,0,2.69%,-3.77%,,,,,,,,,,,,
,,,,,,,,,,,,,,,,,,2024,6/18/2024,$                                                     196.25,,,,,,,,,,2.65%,$           196.25,5.20,238.88,158.32,193.43,47%,22%,2.18%,3.28%,2.56%,42.37%,42.37%,0,2.69%,-3.11%,,,,,,,,,,,,
,,,,,,,,,,,,,,,,,,2024,6/20/2024,$                                                     192.76,,,,,,,,,,2.70%,$           192.76,5.20,238.88,158.32,193.43,43%,24%,2.18%,3.28%,2.60%,44.95%,44.95%,0,2.69%,-4.83%,,,,,,,,,,,,
,,,,,,,,,,,,,,,,,,2024,6/21/2024,$                                                     195.53,,,,,,,,,,2.66%,$           195.53,5.20,238.88,158.32,193.43,46%,22%,2.18%,3.28%,2.57%,42.90%,42.90%,0,2.69%,-3.46%,,,,,,,,,,,,
,,,,,,,,,,,,,,,,,,2024,6/24/2024,$                                                      193.91,,,,,,,,,,2.68%,$            193.91,5.20,238.88,158.32,193.43,44%,23%,2.18%,3.28%,2.59%,44.09%,44.09%,0,2.69%,-4.26%,,,,,,,,,,,,
,,,,,,,,,,,,,,,,,,2024,6/25/2024,$                                                     194.47,,,,,,,,,,2.67%,$           194.47,5.20,238.88,158.32,193.43,45%,23%,2.18%,3.28%,2.58%,43.68%,43.68%,0,2.69%,-3.98%,,,,,,,,,,,,
,,,,,,,,,,,,,,,,,,2024,6/26/2024,$                                                      193.10,,,,,,,,,,2.69%,$            193.10,5.20,238.88,158.32,193.43,43%,24%,2.18%,3.28%,2.60%,44.70%,44.70%,0,2.69%,-4.66%,,,,,,,,,,,,
,,,,,,,,,,,,,,,,,,2024,6/27/2024,$                                                     193.43,,,,,,,,,,2.69%,$           193.43,5.20,238.88,158.32,193.43,44%,23%,2.18%,3.28%,2.60%,44.45%,44.45%,0,2.69%,-4.50%,,,,,,,,,,,,
,,,,,,,,,,,,,,,,,,2024,6/28/2024,$                                                     194.53,,,,,,,,,,2.67%,$           194.53,5.20,238.88,158.32,193.43,45%,23%,2.18%,3.28%,2.58%,43.63%,43.63%,0,2.69%,-3.95%,,,,,,,,,,,,
,,,,,,,,,,,,,,,,,,2024,7/1/2024,$                                                     194.60,,,,,,,,,,2.67%,$           194.60,5.20,238.88,158.32,193.43,45%,23%,2.18%,3.28%,2.58%,43.58%,43.58%,0,2.69%,-3.92%,,,,,,,,,,,,
,,,,,,,,,,,,,,,,,,2024,7/2/2024,$                                                     198.42,,,,,,,,,,2.62%,$           198.42,5.20,238.88,158.32,193.43,50%,20%,2.18%,3.28%,2.53%,40.82%,40.82%,0,2.69%,-2.03%,,,,,,,,,,,,
,,,,,,,,,,,,,,,,,,2024,7/3/2024,$                                                     198.94,,,,,,,,,,2.61%,$           198.94,5.20,238.88,158.32,193.43,50%,20%,2.18%,3.28%,2.52%,40.45%,40.45%,0,2.69%,-1.78%,,,,,,,,,,,,
,,,,,,,,,,,,,,,,,,2024,7/5/2024,$                                                     198.79,,,,,,,,,,2.62%,$           198.79,5.20,238.88,158.32,193.43,50%,20%,2.18%,3.28%,2.53%,40.56%,40.56%,0,2.69%,-1.85%,,,,,,,,,,,,
,,,,,,,,,,,,,,,,,,2024,7/8/2024,$                                                     201.47,,,,,,,,,,2.58%,$           201.47,5.20,238.88,158.32,193.43,54%,19%,2.18%,3.28%,2.49%,38.69%,38.69%,0,2.69%,-0.53%,,,,,,,,,,,,
,,,,,,,,,,,,,,,,,,2024,7/9/2024,$                                                     200.16,,,,,,,,,,2.60%,$           200.16,5.20,238.88,158.32,193.43,52%,19%,2.18%,3.28%,2.51%,39.59%,39.59%,0,2.69%,-1.18%,,,,,,,,,,,,
,,,,,,,,,,,,,,,,,,2024,7/10/2024,$                                                    203.62,,,,,,,,,,2.55%,$          203.62,5.20,238.88,158.32,193.43,56%,17%,2.18%,3.28%,2.47%,37.22%,37.22%,0,2.69%,0.00%,,,,,,,,,,,,
,,,,,,,,,,,,,,,,,,2024,7/11/2024,$                                                     199.99,,,,,,,,,,2.60%,$           199.99,5.20,238.88,158.32,193.43,52%,19%,2.18%,3.28%,2.51%,39.71%,39.71%,0,2.69%,-1.78%,,,,,,,,,,,,
,,,,,,,,,,,,,,,,,,2024,7/12/2024,$                                                     201.87,,,,,,,,,,2.58%,$           201.87,5.20,238.88,158.32,193.43,54%,18%,2.18%,3.28%,2.49%,38.41%,38.41%,0,2.69%,-0.86%,,,,,,,,,,,,
,,,,,,,,,,,,,,,,,,2024,7/15/2024,$                                                     201.76,,,,,,,,,,2.58%,$           201.76,5.20,238.88,158.32,193.43,54%,18%,2.18%,3.28%,2.49%,38.49%,38.49%,0,2.69%,-0.91%,,,,,,,,,,,,
,,,,,,,,,,,,,,,,,,2024,7/16/2024,$                                                    206.62,,,,,,,,,,2.52%,$          206.62,5.20,238.88,158.32,193.43,60%,16%,2.18%,3.28%,2.43%,35.23%,35.23%,0,2.69%,0.00%,,,,,,,,,,,,
,,,,,,,,,,,,,,,,,,2024,7/17/2024,$                                                    204.26,,,,,,,,,,2.55%,$          204.26,5.20,238.88,158.32,193.43,57%,17%,2.18%,3.28%,2.46%,36.79%,36.79%,0,2.69%,-1.14%,,,,,,,,,,,,
,,,,,,,,,,,,,,,,,,2024,7/18/2024,$                                                    205.87,,,,,,,,,,2.53%,$          205.87,5.20,238.88,158.32,193.43,59%,16%,2.18%,3.28%,2.44%,35.72%,35.72%,0,2.69%,-0.36%,,,,,,,,,,,,
,,,,,,,,,,,,,,,,,,2024,7/19/2024,$                                                      199.10,,,,,,,,,,2.61%,$            199.10,5.20,238.88,158.32,193.43,51%,20%,2.18%,3.28%,2.52%,40.34%,40.34%,0,2.69%,-3.64%,,,,,,,,,,,,
,,,,,,,,,,,,,,,,,,2024,7/22/2024,$                                                    205.88,,,,,,,,,,2.53%,$          205.88,5.20,238.88,158.32,193.43,59%,16%,2.18%,3.28%,2.44%,35.71%,35.71%,0,2.69%,-0.36%,,,,,,,,,,,,
,,,,,,,,,,,,,,,,,,2024,7/23/2024,$                                                     198.29,,,,,,,,,,2.62%,$           198.29,5.20,238.88,158.32,193.43,50%,20%,2.18%,3.28%,2.53%,40.91%,40.91%,0,2.69%,-4.03%,,,,,,,,,,,,
,,,,,,,,,,,,,,,,,,2024,7/24/2024,$                                                     198.28,,,,,,,,,,2.62%,$           198.28,5.20,238.88,158.32,193.43,50%,20%,2.18%,3.28%,2.53%,40.92%,40.92%,0,2.69%,-4.04%,,,,,,,,,,,,
,,,,,,,,,,,,,,,,,,2024,7/25/2024,$                                                      197.15,,,,,,,,,,2.64%,$            197.15,5.20,238.88,158.32,193.43,48%,21%,2.18%,3.28%,2.55%,41.72%,41.72%,0,2.69%,-4.58%,,,,,,,,,,,,
,,,,,,,,,,,,,,,,,,2024,7/26/2024,$                                                     201.99,,,,,,,,,,2.57%,$           201.99,5.20,238.88,158.32,193.43,54%,18%,2.18%,3.28%,2.49%,38.33%,38.33%,0,2.69%,-2.24%,,,,,,,,,,,,
,,,,,,,,,,,,,,,,,,2024,7/29/2024,$                                                     201.88,,,,,,,,,,2.58%,$           201.88,5.20,238.88,158.32,193.43,54%,18%,2.18%,3.28%,2.49%,38.40%,38.40%,0,2.69%,-2.29%,,,,,,,,,,,,
,,,,,,,,,,,,,,,,,,2024,7/30/2024,$                                                    200.99,,,,,,,,,,2.59%,$          200.99,5.20,238.88,158.32,193.43,53%,19%,2.18%,3.28%,2.50%,39.02%,39.02%,0,2.69%,-2.72%,,,,,,,,,,,,
,,,,,,,,,,,,,,,,,,2024,7/31/2024,$                                                     203.81,,,,,,,,,,2.55%,$           203.81,5.20,238.88,158.32,193.43,56%,17%,2.18%,3.28%,2.46%,37.09%,37.09%,0,2.69%,-1.36%,,,,,,,,,,,,
,,,,,,,,,,,,,,,,,,2024,8/1/2024,$                                                     193.33,,,,,,,,,,2.69%,$           193.33,5.20,238.88,158.32,193.43,43%,24%,2.18%,3.28%,2.60%,44.52%,44.52%,0,2.69%,-6.43%,,,,,,,,,,,,
,,,,,,,,,,,,,,,,,,2024,8/2/2024,$                                                     187.46,,,,,,,,,,2.77%,$           187.46,5.20,238.88,158.32,193.43,36%,27%,2.18%,3.28%,2.68%,49.05%,49.05%,0,2.69%,-9.27%,,,,,,,,,,,,
,,,,,,,,,,,,,,,,,,2024,8/5/2024,$                                                       181.19,,,,,,,,,,2.87%,$             181.19,5.20,238.88,158.32,193.43,28%,32%,2.18%,3.28%,2.77%,54.21%,54.21%,0,2.69%,-12.31%,,,,,,,,,,,,
,,,,,,,,,,,,,,,,,,2024,8/6/2024,$                                                     186.95,,,,,,,,,,2.78%,$           186.95,5.20,238.88,158.32,193.43,36%,28%,2.18%,3.28%,2.69%,49.46%,49.46%,0,2.69%,-9.52%,,,,,,,,,,,,
,,,,,,,,,,,,,,,,,,2024,8/7/2024,$                                                     184.07,,,,,,,,,,2.83%,$           184.07,5.20,238.88,158.32,193.43,32%,30%,2.18%,3.28%,2.73%,51.80%,51.80%,0,2.69%,-10.91%,,,,,,,,,,,,
,,,,,,,,,,,,,,,,,,2024,8/8/2024,$                                                     193.30,,,,,,,,,,2.69%,$           193.30,5.20,238.88,158.32,193.43,43%,24%,2.18%,3.28%,2.60%,44.55%,44.55%,0,2.69%,-6.45%,,,,,,,,,,,,
,,,,,,,,,,,,,,,,,,2024,8/9/2024,$                                                      192.21,,,,,,,,,,2.71%,$            192.21,5.20,238.88,158.32,193.43,42%,24%,2.18%,3.28%,2.61%,45.37%,45.37%,0,2.69%,-6.97%,,,,,,,,,,,,
,,,,,,,,,,,,,,,,,,2024,8/12/2024,$                                                     192.06,,,,,,,,,,2.71%,$           192.06,5.20,238.88,158.32,193.43,42%,24%,2.18%,3.28%,2.61%,45.48%,45.48%,0,2.69%,-7.05%,,,,,,,,,,,,
,,,,,,,,,,,,,,,,,,2024,8/13/2024,$                                                     197.25,,,,,,,,,,2.64%,$           197.25,5.20,238.88,158.32,193.43,48%,21%,2.18%,3.28%,2.54%,41.65%,41.65%,0,2.69%,-4.53%,,,,,,,,,,,,
,,,,,,,,,,,,,,,,,,2024,8/14/2024,$                                                      195.61,,,,,,,,,,2.66%,$            195.61,5.20,238.88,158.32,193.43,46%,22%,2.18%,3.28%,2.57%,42.84%,42.84%,0,2.69%,-5.33%,,,,,,,,,,,,
,,,,,,,,,,,,,,,,,,2024,8/15/2024,$                                                     201.93,,,,,,,,,,2.58%,$           201.93,5.20,238.88,158.32,193.43,54%,18%,2.18%,3.28%,2.49%,38.37%,38.37%,0,2.69%,-2.27%,,,,,,,,,,,,
,,,,,,,,,,,,,,,,,,2024,8/16/2024,$                                                    200.53,,,,,,,,,,2.59%,$          200.53,5.20,238.88,158.32,193.43,52%,19%,2.18%,3.28%,2.50%,39.34%,39.34%,0,2.69%,-2.95%,,,,,,,,,,,,
,,,,,,,,,,,,,,,,,,2024,8/19/2024,$                                                    200.66,,,,,,,,,,2.59%,$          200.66,5.20,238.88,158.32,193.43,53%,19%,2.18%,3.28%,2.50%,39.25%,39.25%,0,2.69%,-2.88%,,,,,,,,,,,,
,,,,,,,,,,,,,,,,,,2024,8/20/2024,$                                                    202.54,,,,,,,,,,2.57%,$          202.54,5.20,238.88,158.32,193.43,55%,18%,2.18%,3.28%,2.48%,37.95%,37.95%,0,2.69%,-1.97%,,,,,,,,,,,,
,,,,,,,,,,,,,,,,,,2024,8/21/2024,$                                                    208.37,,,,,,,,,,2.50%,$          208.37,5.20,238.88,158.32,193.43,62%,15%,2.18%,3.28%,2.41%,34.09%,34.09%,0,2.69%,0.00%,,,,,,,,,,,,
,,,,,,,,,,,,,,,,,,2024,8/22/2024,$                                                    203.77,,,,,,,,,,2.55%,$          203.77,5.20,238.88,158.32,193.43,56%,17%,2.18%,3.28%,2.46%,37.12%,37.12%,0,2.69%,-2.21%,,,,,,,,,,,,
,,,,,,,,,,,,,,,,,,2024,8/23/2024,$                                                    209.88,,,,,,,,,,2.48%,$          209.88,5.20,238.88,158.32,193.43,64%,14%,2.18%,3.28%,2.39%,33.13%,33.13%,0,2.69%,0.00%,,,,,,,,,,,,
,,,,,,,,,,,,,,,,,,2024,8/26/2024,$                                                    208.25,,,,,,,,,,2.50%,$          208.25,5.20,238.88,158.32,193.43,62%,15%,2.18%,3.28%,2.41%,34.17%,34.17%,0,2.69%,-0.78%,,,,,,,,,,,,
,,,,,,,,,,,,,,,,,,2024,8/27/2024,$                                                     210.69,,,,,,,,,,2.47%,$           210.69,5.20,238.88,158.32,193.43,65%,13%,2.18%,3.28%,2.38%,32.62%,32.62%,0,2.69%,0.00%,,,,,,,,,,,,
,,,,,,,,,,,,,,,,,,2024,8/28/2024,$                                                    207.74,,,,,,,,,,2.50%,$          207.74,5.20,238.88,158.32,193.43,61%,15%,2.18%,3.28%,2.42%,34.50%,34.50%,0,2.69%,-1.40%,,,,,,,,,,,,
,,,,,,,,,,,,,,,,,,2024,8/29/2024,$                                                      211.09,,,,,,,,,,2.46%,$            211.09,5.20,238.88,158.32,193.43,66%,13%,2.18%,3.28%,2.38%,32.37%,32.37%,0,2.69%,0.00%,,,,,,,,,,,,
,,,,,,,,,,,,,,,,,,2024,8/30/2024,$                                                     214.34,,,,,,,,,,2.43%,$           214.34,5.20,238.88,158.32,193.43,70%,11%,2.18%,3.28%,2.34%,30.36%,30.36%,0,2.69%,0.00%,,,,,,,,,,,,
,,,,,,,,,,,,,,,,,,2024,9/3/2024,$                                                     201.83,,,,,,,,,,2.58%,$           201.83,5.20,238.88,158.32,193.43,54%,18%,2.18%,3.28%,2.49%,38.44%,38.44%,0,2.69%,-5.84%,,,,,,,,,,,,
,,,,,,,,,,,,,,,,,,2024,9/4/2024,$                                                    204.00,,,,,,,,,,2.55%,$          204.00,5.20,238.88,158.32,193.43,57%,17%,2.18%,3.28%,2.46%,36.97%,36.97%,0,2.69%,-4.82%,,,,,,,,,,,,
,,,,,,,,,,,,,,,,,,2024,9/5/2024,$                                                     201.55,,,,,,,,,,2.58%,$           201.55,5.20,238.88,158.32,193.43,54%,19%,2.18%,3.28%,2.49%,38.63%,38.63%,0,2.69%,-5.97%,,,,,,,,,,,,
,,,,,,,,,,,,,,,,,,2024,9/6/2024,$                                                     197.45,,,,,,,,,,2.63%,$           197.45,5.20,238.88,158.32,193.43,49%,21%,2.18%,3.28%,2.54%,41.51%,41.51%,0,2.69%,-7.88%,,,,,,,,,,,,
,,,,,,,,,,,,,,,,,,2024,9/9/2024,$                                                      201.17,,,,,,,,,,2.58%,$            201.17,5.20,238.88,158.32,193.43,53%,19%,2.18%,3.28%,2.50%,38.89%,38.89%,0,2.69%,-6.14%,,,,,,,,,,,,
,,,,,,,,,,,,,,,,,,2024,9/10/2024,$                                                     199.80,,,,,,,,,,2.60%,$           199.80,5.20,238.88,158.32,193.43,51%,20%,2.18%,3.28%,2.51%,39.84%,39.84%,0,2.69%,-6.78%,,,,,,,,,,,,
,,,,,,,,,,,,,,,,,,2024,9/11/2024,$                                                     202.41,,,,,,,,,,2.57%,$           202.41,5.20,238.88,158.32,193.43,55%,18%,2.18%,3.28%,2.48%,38.04%,38.04%,0,2.69%,-5.57%,,,,,,,,,,,,
,,,,,,,,,,,,,,,,,,2024,9/12/2024,$                                                     195.98,,,,,,,,,,2.65%,$           195.98,5.20,238.88,158.32,193.43,47%,22%,2.18%,3.28%,2.56%,42.57%,42.57%,0,2.69%,-8.57%,,,,,,,,,,,,
,,,,,,,,,,,,,,,,,,2024,9/13/2024,$                                                     199.93,,,,,,,,,,2.60%,$           199.93,5.20,238.88,158.32,193.43,52%,19%,2.18%,3.28%,2.51%,39.75%,39.75%,0,2.69%,-6.72%,,,,,,,,,,,,
,,,,,,,,,,,,,,,,,,2024,9/16/2024,$                                                     198.47,,,,,,,,,,2.62%,$           198.47,5.20,238.88,158.32,193.43,50%,20%,2.18%,3.28%,2.53%,40.78%,40.78%,0,2.69%,-7.40%,,,,,,,,,,,,
,,,,,,,,,,,,,,,,,,2024,9/17/2024,$                                                     201.39,,,,,,,,,,2.58%,$           201.39,5.20,238.88,158.32,193.43,53%,19%,2.18%,3.28%,2.49%,38.74%,38.74%,0,2.69%,-6.04%,,,,,,,,,,,,
,,,,,,,,,,,,,,,,,,2024,9/18/2024,$                                                     200.71,,,,,,,,,,2.59%,$           200.71,5.20,238.88,158.32,193.43,53%,19%,2.18%,3.28%,2.50%,39.21%,39.21%,0,2.69%,-6.36%,,,,,,,,,,,,
,,,,,,,,,,,,,,,,,,2024,9/19/2024,$                                                    207.60,,,,,,,,,,2.50%,$          207.60,5.20,238.88,158.32,193.43,61%,15%,2.18%,3.28%,2.42%,34.59%,34.59%,0,2.69%,-3.14%,,,,,,,,,,,,
,,,,,,,,,,,,,,,,,,2024,9/20/2024,$                                                    203.30,,,,,,,,,,2.56%,$          203.30,5.20,238.88,158.32,193.43,56%,18%,2.18%,3.28%,2.47%,37.44%,37.44%,0,2.69%,-5.15%,,,,,,,,,,,,
,,,,,,,,,,,,,,,,,,2024,9/23/2024,$                                                    203.85,,,,,,,,,,2.55%,$          203.85,5.20,238.88,158.32,193.43,57%,17%,2.18%,3.28%,2.46%,37.07%,37.07%,0,2.69%,-4.89%,,,,,,,,,,,,
,,,,,,,,,,,,,,,,,,2024,9/24/2024,$                                                    204.94,,,,,,,,,,2.54%,$          204.94,5.20,238.88,158.32,193.43,58%,17%,2.18%,3.28%,2.45%,36.34%,36.34%,0,2.69%,-4.39%,,,,,,,,,,,,
,,,,,,,,,,,,,,,,,,2024,9/25/2024,$                                                    205.06,,,,,,,,,,2.54%,$          205.06,5.20,238.88,158.32,193.43,58%,16%,2.18%,3.28%,2.45%,36.26%,36.26%,0,2.69%,-4.33%,,,,,,,,,,,,
,,,,,,,,,,,,,,,,,,2024,9/26/2024,$                                                    209.26,,,,,,,,,,2.48%,$          209.26,5.20,238.88,158.32,193.43,63%,14%,2.18%,3.28%,2.40%,33.52%,33.52%,0,2.69%,-2.37%,,,,,,,,,,,,
,,,,,,,,,,,,,,,,,,2024,9/27/2024,$                                                     209.14,,,,,,,,,,2.49%,$           209.14,5.20,238.88,158.32,193.43,63%,14%,2.18%,3.28%,2.40%,33.60%,33.60%,0,2.69%,-2.43%,,,,,,,,,,,,
,,,,,,,,,,,,,,,,,,2024,9/30/2024,$                                                    206.57,,,,,,,,,,2.52%,$          206.57,5.20,238.88,158.32,193.43,60%,16%,2.18%,3.28%,2.43%,35.26%,35.26%,0,2.69%,-3.63%,,,,,,,,,,,,
,,,,,,,,,,,,,,,,,,2024,10/1/2024,$                                                     201.60,,,,,,,,,,2.58%,$           201.60,5.20,238.88,158.32,193.43,54%,18%,2.18%,3.28%,2.49%,38.60%,38.60%,0,2.69%,-5.94%,,,,,,,,,,,,
,,,,,,,,,,,,,,,,,,2024,10/2/2024,$                                                    203.43,,,,,,,,,,2.56%,$          203.43,5.20,238.88,158.32,193.43,56%,17%,2.18%,3.28%,2.47%,37.35%,37.35%,0,2.69%,-5.09%,,,,,,,,,,,,
,,,,,,,,,,,,,,,,,,2024,10/3/2024,$                                                     201.67,,,,,,,,,,2.58%,$           201.67,5.20,238.88,158.32,193.43,54%,18%,2.18%,3.28%,2.49%,38.55%,38.55%,0,2.69%,-5.91%,,,,,,,,,,,,
,,,,,,,,,,,,,,,,,,2024,10/4/2024,$                                                     202.71,,,,,,,,,,2.57%,$           202.71,5.20,238.88,158.32,193.43,55%,18%,2.18%,3.28%,2.48%,37.84%,37.84%,0,2.69%,-5.43%,,,,,,,,,,,,
,,,,,,,,,,,,,,,,,,2024,10/7/2024,$                                                     201.27,,,,,,,,,,2.58%,$           201.27,5.20,238.88,158.32,193.43,53%,19%,2.18%,3.28%,2.49%,38.82%,38.82%,0,2.69%,-6.10%,,,,,,,,,,,,
,,,,,,,,,,,,,,,,,,2024,10/8/2024,$                                                     202.21,,,,,,,,,,2.57%,$           202.21,5.20,238.88,158.32,193.43,54%,18%,2.18%,3.28%,2.48%,38.18%,38.18%,0,2.69%,-5.66%,,,,,,,,,,,,
,,,,,,,,,,,,,,,,,,2024,10/9/2024,$                                                    204.97,,,,,,,,,,2.54%,$          204.97,5.20,238.88,158.32,193.43,58%,17%,2.18%,3.28%,2.45%,36.32%,36.32%,0,2.69%,-4.37%,,,,,,,,,,,,
,,,,,,,,,,,,,,,,,,2024,10/10/2024,$                                                    202.47,,,,,,,,,,2.57%,$          202.47,5.20,238.88,158.32,193.43,55%,18%,2.18%,3.28%,2.48%,38.00%,38.00%,0,2.69%,-5.54%,,,,,,,,,,,,
,,,,,,,,,,,,,,,,,,2024,10/11/2024,$                                                      205.11,,,,,,,,,,2.54%,$            205.11,5.20,238.88,158.32,193.43,58%,16%,2.18%,3.28%,2.45%,36.22%,36.22%,0,2.69%,-4.31%,,,,,,,,,,,,
,,,,,,,,,,,,,,,,,,2024,10/14/2024,$                                                    208.66,,,,,,,,,,2.49%,$          208.66,5.20,238.88,158.32,193.43,62%,14%,2.18%,3.28%,2.41%,33.91%,33.91%,0,2.69%,-2.65%,,,,,,,,,,,,
,,,,,,,,,,,,,,,,,,2024,10/15/2024,$                                                     199.84,,,,,,,,,,2.60%,$           199.84,5.20,238.88,158.32,193.43,52%,20%,2.18%,3.28%,2.51%,39.82%,39.82%,0,2.69%,-6.76%,,,,,,,,,,,,
,,,,,,,,,,,,,,,,,,2024,10/16/2024,$                                                    200.69,,,,,,,,,,2.59%,$          200.69,5.20,238.88,158.32,193.43,53%,19%,2.18%,3.28%,2.50%,39.22%,39.22%,0,2.69%,-6.37%,,,,,,,,,,,,
,,,,,,,,,,,,,,,,,,2024,10/17/2024,$                                                     198.30,,,,,,,,,,2.62%,$           198.30,5.20,238.88,158.32,193.43,50%,20%,2.18%,3.28%,2.53%,40.90%,40.90%,0,2.69%,-7.48%,,,,,,,,,,,,
,,,,,,,,,,,,,,,,,,2024,10/18/2024,$                                                     198.47,,,,,,,,,,2.62%,$           198.47,5.20,238.88,158.32,193.43,50%,20%,2.18%,3.28%,2.53%,40.78%,40.78%,0,2.69%,-7.40%,,,,,,,,,,,,
,,,,,,,,,,,,,,,,,,2024,10/21/2024,$                                                     195.77,,,,,,,,,,2.66%,$           195.77,5.20,238.88,158.32,193.43,46%,22%,2.18%,3.28%,2.56%,42.72%,42.72%,0,2.69%,-8.66%,,,,,,,,,,,,
,,,,,,,,,,,,,,,,,,2024,10/22/2024,$                                                     193.97,,,,,,,,,,2.68%,$           193.97,5.20,238.88,158.32,193.43,44%,23%,2.18%,3.28%,2.59%,44.05%,44.05%,0,2.69%,-9.50%,,,,,,,,,,,,
,,,,,,,,,,,,,,,,,,2024,10/23/2024,$                                                     201.74,,,,,,,,,,2.58%,$           201.74,5.20,238.88,158.32,193.43,54%,18%,2.18%,3.28%,2.49%,38.50%,38.50%,0,2.69%,-5.88%,,,,,,,,,,,,
,,,,,,,,,,,,,,,,,,2024,10/24/2024,$                                                     206.61,,,,,,,,,,2.52%,$           206.61,5.20,238.88,158.32,193.43,60%,16%,2.18%,3.28%,2.43%,35.24%,35.24%,0,2.69%,-3.61%,,,,,,,,,,,,
,,,,,,,,,,,,,,,,,,2024,10/25/2024,$                                                    206.93,,,,,,,,,,2.51%,$          206.93,5.20,238.88,158.32,193.43,60%,15%,2.18%,3.28%,2.43%,35.03%,35.03%,0,2.69%,-3.46%,,,,,,,,,,,,
,,,,,,,,,,,,,,,,,,2024,10/28/2024,$                                                    205.83,,,,,,,,,,2.53%,$          205.83,5.20,238.88,158.32,193.43,59%,16%,2.18%,3.28%,2.44%,35.75%,35.75%,0,2.69%,-3.97%,,,,,,,,,,,,
,,,,,,,,,,,,,,,,,,2024,10/29/2024,$                                                      211.35,,,,,,,,,,2.46%,$            211.35,5.20,238.88,158.32,193.43,66%,13%,2.18%,3.28%,2.38%,32.20%,32.20%,0,2.69%,-1.39%,,,,,,,,,,,,
,,,,,,,,,,,,,,,,,,2024,10/30/2024,$                                                    207.93,,,,,,,,,,2.50%,$          207.93,5.20,238.88,158.32,193.43,62%,15%,2.18%,3.28%,2.41%,34.38%,34.38%,0,2.69%,-2.99%,,,,,,,,,,,,
,,,,,,,,,,,,,,,,,,2024,10/31/2024,$                                                     203.16,,,,,,,,,,2.56%,$           203.16,5.20,238.88,158.32,193.43,56%,18%,2.18%,3.28%,2.47%,37.53%,37.53%,0,2.69%,-5.22%,,,,,,,,,,,,
,,,,,,,,,,,,,,,,,,2024,11/1/2024,$                                                    204.92,,,,,,,,,,2.54%,$          204.92,5.20,238.88,158.32,193.43,58%,17%,2.18%,3.28%,2.45%,36.35%,36.35%,0,2.69%,-4.39%,,,,,,,,,,,,
,,,,,,,,,,,,,,,,,,2024,11/4/2024,$                                                    203.66,,,,,,,,,,2.55%,$          203.66,5.20,238.88,158.32,193.43,56%,17%,2.18%,3.28%,2.46%,37.19%,37.19%,0,2.69%,-4.98%,,,,,,,,,,,,
,,,,,,,,,,,,,,,,,,2024,11/5/2024,$                                                    202.46,,,,,,,,,,2.57%,$          202.46,5.20,238.88,158.32,193.43,55%,18%,2.18%,3.28%,2.48%,38.01%,38.01%,0,2.69%,-5.54%,,,,,,,,,,,,
,,,,,,,,,,,,,,,,,,2024,11/6/2024,$                                                     214.97,,,,,,,,,,2.42%,$           214.97,5.20,238.88,158.32,193.43,70%,11%,2.18%,3.28%,2.34%,29.98%,29.98%,0,2.69%,0.00%,,,,,,,,,,,,
,,,,,,,,,,,,,,,,,,2024,11/7/2024,$                                                     217.54,,,,,,,,,,2.39%,$           217.54,5.20,238.88,158.32,193.43,74%,10%,2.18%,3.28%,2.31%,28.44%,28.44%,0,2.69%,0.00%,,,,,,,,,,,,
,,,,,,,,,,,,,,,,,,2024,11/8/2024,$                                                    220.29,,,,,,,,,,2.36%,$          220.29,5.20,238.88,158.32,193.43,77%,8%,2.18%,3.28%,2.28%,26.84%,26.84%,0,2.69%,0.00%,,,,,,,,,,,,
,,,,,,,,,,,,,,,,,,2024,11/11/2024,$                                                     215.87,,,,,,,,,,2.41%,$           215.87,5.20,238.88,158.32,193.43,71%,11%,2.18%,3.28%,2.33%,29.43%,29.43%,0,2.69%,-2.01%,,,,,,,,,,,,
,,,,,,,,,,,,,,,,,,2024,11/12/2024,$                                                     212.78,,,,,,,,,,2.44%,$           212.78,5.20,238.88,158.32,193.43,68%,12%,2.18%,3.28%,2.36%,31.31%,31.31%,0,2.69%,-3.41%,,,,,,,,,,,,
,,,,,,,,,,,,,,,,,,2024,11/13/2024,$                                                    205.72,,,,,,,,,,2.53%,$          205.72,5.20,238.88,158.32,193.43,59%,16%,2.18%,3.28%,2.44%,35.82%,35.82%,0,2.69%,-6.61%,,,,,,,,,,,,
,,,,,,,,,,,,,,,,,,2024,11/14/2024,$                                                    206.00,,,,,,,,,,2.52%,$          206.00,5.20,238.88,158.32,193.43,59%,16%,2.18%,3.28%,2.44%,35.64%,35.64%,0,2.69%,-6.49%,,,,,,,,,,,,
,,,,,,,,,,,,,,,,,,2024,11/15/2024,$                                                      201.12,,,,,,,,,,2.59%,$            201.12,5.20,238.88,158.32,193.43,53%,19%,2.18%,3.28%,2.50%,38.93%,38.93%,0,2.69%,-8.70%,,,,,,,,,,,,
,,,,,,,,,,,,,,,,,,2024,11/18/2024,$                                                     207.18,,,,,,,,,,2.51%,$           207.18,5.20,238.88,158.32,193.43,61%,15%,2.18%,3.28%,2.42%,34.86%,34.86%,0,2.69%,-5.95%,,,,,,,,,,,,
,,,,,,,,,,,,,,,,,,2024,11/19/2024,$                                                     201.07,,,,,,,,,,2.59%,$           201.07,5.20,238.88,158.32,193.43,53%,19%,2.18%,3.28%,2.50%,38.96%,38.96%,0,2.69%,-8.72%,,,,,,,,,,,,
,,,,,,,,,,,,,,,,,,2024,11/20/2024,$                                                      198.19,,,,,,,,,,2.62%,$            198.19,5.20,238.88,158.32,193.43,49%,21%,2.18%,3.28%,2.53%,40.98%,40.98%,0,2.69%,-10.03%,,,,,,,,,,,,
,,,,,,,,,,,,,,,,,,2024,11/21/2024,$                                                     198.20,,,,,,,,,,2.62%,$           198.20,5.20,238.88,158.32,193.43,50%,21%,2.18%,3.28%,2.53%,40.97%,40.97%,0,2.69%,-10.03%,,,,,,,,,,,,
,,,,,,,,,,,,,,,,,,2024,11/22/2024,$                                                     198.00,,,,,,,,,,2.63%,$           198.00,5.20,238.88,158.32,193.43,49%,21%,2.18%,3.28%,2.54%,41.12%,41.12%,0,2.69%,-10.12%,,,,,,,,,,,,
,,,,,,,,,,,,,,,,,,2024,11/25/2024,$                                                    202.93,,,,,,,,,,2.56%,$          202.93,5.20,238.88,158.32,193.43,55%,18%,2.18%,3.28%,2.47%,37.69%,37.69%,0,2.69%,-7.88%,,,,,,,,,,,,
,,,,,,,,,,,,,,,,,,2024,11/26/2024,$                                                    200.95,,,,,,,,,,2.59%,$          200.95,5.20,238.88,158.32,193.43,53%,19%,2.18%,3.28%,2.50%,39.04%,39.04%,0,2.69%,-8.78%,,,,,,,,,,,,
,,,,,,,,,,,,,,,,,,2024,11/27/2024,$                                                      199.19,,,,,,,,,,2.61%,$            199.19,5.20,238.88,158.32,193.43,51%,20%,2.18%,3.28%,2.52%,40.27%,40.27%,0,2.69%,-9.58%,,,,,,,,,,,,
,,,,,,,,,,,,,,,,,,2024,11/29/2024,$                                                     201.03,,,,,,,,,,2.59%,$           201.03,5.20,238.88,158.32,193.43,53%,19%,2.18%,3.28%,2.50%,38.99%,38.99%,0,2.69%,-8.74%,,,,,,,,,,,,
,,,,,,,,,,,,,,,,,,2024,12/2/2024,$                                                     201.78,,,,,,,,,,2.58%,$           201.78,5.20,238.88,158.32,193.43,54%,18%,2.18%,3.28%,2.49%,38.47%,38.47%,0,2.69%,-8.40%,,,,,,,,,,,,
,,,,,,,,,,,,,,,,,,2024,12/3/2024,$                                                     197.23,,,,,,,,,,2.64%,$           197.23,5.20,238.88,158.32,193.43,48%,21%,2.18%,3.28%,2.55%,41.67%,41.67%,0,2.69%,-10.47%,,,,,,,,,,,,
,,,,,,,,,,,,,,,,,,2024,12/4/2024,$                                                     196.65,,,,,,,,,,2.64%,$           196.65,5.20,238.88,158.32,193.43,48%,21%,2.18%,3.28%,2.55%,42.08%,42.08%,0,2.69%,-10.73%,,,,,,,,,,,,
,,,,,,,,,,,,,,,,,,2024,12/5/2024,$                                                     192.99,,,,,,,,,,2.69%,$           192.99,5.20,238.88,158.32,193.43,43%,24%,2.18%,3.28%,2.60%,44.78%,44.78%,0,2.69%,-12.39%,,,,,,,,,,,,
,,,,,,,,,,,,,,,,,,2024,12/6/2024,$                                                      193.10,,,,,,,,,,2.69%,$            193.10,5.20,238.88,158.32,193.43,43%,24%,2.18%,3.28%,2.60%,44.70%,44.70%,0,2.69%,-12.34%,,,,,,,,,,,,
,,,,,,,,,,,,,,,,,,2024,12/9/2024,$                                                     193.45,,,,,,,,,,2.69%,$           193.45,5.20,238.88,158.32,193.43,44%,23%,2.18%,3.28%,2.59%,44.44%,44.44%,0,2.69%,-12.18%,,,,,,,,,,,,
,,,,,,,,,,,,,,,,,,2024,12/10/2024,$                                                      190.18,,,,,,,,,,2.73%,$            190.18,5.20,238.88,158.32,193.43,40%,26%,2.18%,3.28%,2.64%,46.92%,46.92%,0,2.69%,-13.67%,,,,,,,,,,,,
,,,,,,,,,,,,,,,,,,2024,12/11/2024,$                                                      191.70,,,,,,,,,,2.71%,$            191.70,5.20,238.88,158.32,193.43,41%,25%,2.18%,3.28%,2.62%,45.75%,45.75%,0,2.69%,-12.98%,,,,,,,,,,,,
,,,,,,,,,,,,,,,,,,2024,12/12/2024,$                                                       191.71,,,,,,,,,,2.71%,$             191.71,5.20,238.88,158.32,193.43,41%,25%,2.18%,3.28%,2.62%,45.75%,45.75%,0,2.69%,-12.97%,,,,,,,,,,,,
,,,,,,,,,,,,,,,,,,2024,12/13/2024,$                                                      191.59,,,,,,,,,,2.71%,$            191.59,5.20,238.88,158.32,193.43,41%,25%,2.18%,3.28%,2.62%,45.84%,45.84%,0,2.69%,-13.03%,,,,,,,,,,,,
,,,,,,,,,,,,,,,,,,2024,12/16/2024,$                                                     189.46,,,,,,,,,,2.74%,$           189.46,5.20,238.88,158.32,193.43,39%,26%,2.18%,3.28%,2.65%,47.48%,47.48%,0,2.69%,-14.00%,,,,,,,,,,,,
,,,,,,,,,,,,,,,,,,2024,12/17/2024,$                                                      188.12,,,,,,,,,,2.76%,$            188.12,5.20,238.88,158.32,193.43,37%,27%,2.18%,3.28%,2.67%,48.53%,48.53%,0,2.69%,-14.60%,,,,,,,,,,,,
,,,,,,,,,,,,,,,,,,2024,12/18/2024,$                                                     185.00,,,,,,,,,,2.81%,$           185.00,5.20,238.88,158.32,193.43,33%,29%,2.18%,3.28%,2.71%,51.03%,51.03%,0,2.69%,-16.02%,,,,,,,,,,,,
,,,,,,,,,,,,,,,,,,2024,12/19/2024,$                                                     184.47,,,,,,,,,,2.82%,$           184.47,5.20,238.88,158.32,193.43,32%,29%,2.18%,3.28%,2.72%,51.47%,51.47%,0,2.69%,-16.26%,,,,,,,,,,,,
,,,,,,,,,,,,,,,,,,2024,12/20/2024,$                                                     186.87,,,,,,,,,,2.78%,$           186.87,5.20,238.88,158.32,193.43,35%,28%,2.18%,3.28%,2.69%,49.52%,49.52%,0,2.69%,-15.17%,,,,,,,,,,,,
,,,,,,,,,,,,,,,,,,2024,12/23/2024,$                                                      190.14,,,,,,,,,,2.73%,$            190.14,5.20,238.88,158.32,193.43,39%,26%,2.18%,3.28%,2.64%,46.95%,46.95%,0,2.69%,-13.69%,,,,,,,,,,,,
,,,,,,,,,,,,,,,,,,2024,12/24/2024,$                                                     192.44,,,,,,,,,,2.70%,$           192.44,5.20,238.88,158.32,193.43,42%,24%,2.18%,3.28%,2.61%,45.19%,45.19%,0,2.69%,-12.64%,,,,,,,,,,,,
,,,,,,,,,,,,,,,,,,2024,12/26/2024,$                                                      191.73,,,,,,,,,,2.71%,$            191.73,5.20,238.88,158.32,193.43,41%,25%,2.18%,3.28%,2.62%,45.73%,45.73%,0,2.69%,-12.96%,,,,,,,,,,,,
,,,,,,,,,,,,,,,,,,2024,12/27/2024,$                                                       191.18,,,,,,,,,,2.72%,$             191.18,5.20,238.88,158.32,193.43,41%,25%,2.18%,3.28%,2.63%,46.15%,46.15%,0,2.69%,-13.21%,,,,,,,,,,,,
,,,,,,,,,,,,,,,,,,2024,12/30/2024,$                                                     187.96,,,,,,,,,,2.77%,$           187.96,5.20,238.88,158.32,193.43,37%,27%,2.18%,3.28%,2.67%,48.65%,48.65%,0,2.69%,-14.68%,,,,,,,,,,,,
,,,,,,,,,,,,,,,,,,2024,12/31/2024,$                                                      187.51,,,,,,,,,,2.77%,$            187.51,5.20,238.88,158.32,193.43,36%,27%,2.18%,3.28%,2.68%,49.01%,49.01%,0,2.69%,-14.88%,,,,,,,,,,,,
,,,,,,,,,,,,,,,,,,2025,1/2/2025,$                                                     186.95,,,,,,,,,,2.91%,$           186.95,5.44,249.90,165.63,202.36,25%,34%,2.18%,3.28%,2.69%,49.46%,49.46%,0,2.69%,-15.13%,,,,,,,,,,,,
,,,,,,,,,,,,,,,,,,2025,1/3/2025,$                                                      190.51,,,,,,,,,,2.86%,$            190.51,5.44,249.90,165.63,202.36,30%,31%,2.18%,3.28%,2.64%,46.66%,46.66%,0,2.69%,-13.52%,,,,,,,,,,,,
,,,,,,,,,,,,,,,,,,2025,1/6/2025,$                                                      192.18,,,,,,,,,,2.83%,$            192.18,5.44,249.90,165.63,202.36,32%,30%,2.18%,3.28%,2.61%,45.39%,45.39%,0,2.69%,-12.76%,,,,,,,,,,,,
,,,,,,,,,,,,,,,,,,2025,1/7/2025,$                                                      192.21,,,,,,,,,,2.83%,$            192.21,5.44,249.90,165.63,202.36,32%,30%,2.18%,3.28%,2.61%,45.37%,45.37%,0,2.69%,-12.75%,,,,,,,,,,,,
,,,,,,,,,,,,,,,,,,2025,1/8/2025,$                                                      191.66,,,,,,,,,,2.84%,$            191.66,5.44,249.90,165.63,202.36,31%,30%,2.18%,3.28%,2.62%,45.78%,45.78%,0,2.69%,-13.00%,,,,,,,,,,,,
,,,,,,,,,,,,,,,,,,2025,1/10/2025,$                                                      190.15,,,,,,,,,,2.86%,$            190.15,5.44,249.90,165.63,202.36,29%,31%,2.18%,3.28%,2.64%,46.94%,46.94%,0,2.69%,-13.68%,,,,,,,,,,,,
,,,,,,,,,,,,,,,,,,2025,1/13/2025,$                                                      191.09,,,,,,,,,,2.85%,$            191.09,5.44,249.90,165.63,202.36,30%,31%,2.18%,3.28%,2.63%,46.22%,46.22%,0,2.69%,-13.26%,,,,,,,,,,,,
,,,,,,,,,,,,,,,,,,2025,1/14/2025,$                                                     193.50,,,,,,,,,,2.81%,$           193.50,5.44,249.90,165.63,202.36,33%,29%,2.18%,3.28%,2.59%,44.40%,44.40%,0,2.69%,-12.16%,,,,,,,,,,,,
,,,,,,,,,,,,,,,,,,2025,1/15/2025,$                                                      197.51,,,,,,,,,,2.75%,$            197.51,5.44,249.90,165.63,202.36,38%,27%,2.18%,3.28%,2.54%,41.47%,41.47%,0,2.69%,-10.34%,,,,,,,,,,,,
,,,,,,,,,,,,,,,,,,2025,1/16/2025,$                                                     187.37,,,,,,,,,,2.90%,$           187.37,5.44,249.90,165.63,202.36,26%,33%,2.18%,3.28%,2.68%,49.12%,49.12%,0,2.69%,-14.94%,,,,,,,,,,,,
,,,,,,,,,,,,,,,,,,2025,1/17/2025,$                                                     192.42,,,,,,,,,,2.83%,$           192.42,5.44,249.90,165.63,202.36,32%,30%,2.18%,3.28%,2.61%,45.21%,45.21%,0,2.69%,-12.65%,,,,,,,,,,,,
,,,,,,,,,,,,,,,,,,2025,1/21/2025,$                                                     195.23,,,,,,,,,,2.79%,$           195.23,5.44,249.90,165.63,202.36,35%,28%,2.18%,3.28%,2.57%,43.12%,43.12%,0,2.69%,-11.38%,,,,,,,,,,,,
,,,,,,,,,,,,,,,,,,2025,1/22/2025,$                                                     197.05,,,,,,,,,,2.76%,$           197.05,5.44,249.90,165.63,202.36,37%,27%,2.18%,3.28%,2.55%,41.80%,41.80%,0,2.69%,-10.55%,,,,,,,,,,,,
,,,,,,,,,,,,,,,,,,2025,1/23/2025,$                                                     200.61,,,,,,,,,,2.71%,$           200.61,5.44,249.90,165.63,202.36,42%,25%,2.18%,3.28%,2.50%,39.28%,39.28%,0,2.69%,-8.93%,,,,,,,,,,,,
,,,,,,,,,,,,,,,,,,2025,1/24/2025,$                                                     185.52,,,,,,,,,,2.93%,$           185.52,5.44,249.90,165.63,202.36,24%,35%,2.18%,3.28%,2.71%,50.61%,50.61%,0,2.69%,-15.78%,,,,,,,,,,,,
,,,,,,,,,,,,,,,,,,2025,1/27/2025,$                                                     187.03,,,,,,,,,,2.91%,$           187.03,5.44,249.90,165.63,202.36,25%,34%,2.18%,3.28%,2.68%,49.39%,49.39%,0,2.69%,-15.10%,,,,,,,,,,,,
,,,,,,,,,,,,,,,,,,2025,1/28/2025,$                                                     180.57,,,,,,,,,,3.01%,$           180.57,5.44,249.90,165.63,202.36,18%,38%,2.18%,3.28%,2.78%,54.74%,54.74%,0,2.69%,-18.03%,,,,,,,,,,,,
,,,,,,,,,,,,,,,,,,2025,1/29/2025,$                                                     180.27,,,,,,,,,,3.02%,$           180.27,5.44,249.90,165.63,202.36,17%,39%,2.18%,3.28%,2.78%,55.00%,55.00%,0,2.69%,-18.17%,,,,,,,,,,,,
,,,,,,,,,,,,,,,,,,2025,1/30/2025,$                                                     185.27,,,,,,,,,,2.94%,$           185.27,5.44,249.90,165.63,202.36,23%,35%,2.18%,3.28%,2.71%,50.81%,50.81%,0,2.69%,-15.90%,,,,,,,,,,,,
,,,,,,,,,,,,,,,,,,2025,1/31/2025,$                                                      184.61,,,,,,,,,,2.95%,$            184.61,5.44,249.90,165.63,202.36,23%,35%,2.18%,3.28%,2.72%,51.35%,51.35%,0,2.69%,-16.20%,,,,,,,,,,,,
,,,,,,,,,,,,,,,,,,2025,2/3/2025,$                                                     180.94,,,,,,,,,,3.01%,$           180.94,5.44,249.90,165.63,202.36,18%,38%,2.18%,3.28%,2.77%,54.42%,54.42%,0,2.69%,-17.86%,,,,,,,,,,,,
,,,,,,,,,,,,,,,,,,2025,2/4/2025,$                                                     180.56,,,,,,,,,,3.01%,$           180.56,5.44,249.90,165.63,202.36,18%,38%,2.18%,3.28%,2.78%,54.75%,54.75%,0,2.69%,-18.04%,,,,,,,,,,,,
,,,,,,,,,,,,,,,,,,2025,2/5/2025,$                                                      181.59,,,,,,,,,,3.00%,$            181.59,5.44,249.90,165.63,202.36,19%,38%,2.18%,3.28%,2.76%,53.87%,53.87%,0,2.69%,-17.57%,,,,,,,,,,,,
,,,,,,,,,,,,,,,,,,2025,2/6/2025,$                                                     183.28,,,,,,,,,,2.97%,$           183.28,5.44,249.90,165.63,202.36,21%,36%,2.18%,3.28%,2.74%,52.45%,52.45%,0,2.69%,-16.80%,,,,,,,,,,,,
,,,,,,,,,,,,,,,,,,2025,2/7/2025,$                                                     180.00,,,,,,,,,,3.02%,$           180.00,5.44,249.90,165.63,202.36,17%,39%,2.18%,3.28%,2.79%,55.23%,55.23%,0,2.69%,-18.29%,,,,,,,,,,,,
,,,,,,,,,,,,,,,,,,2025,2/10/2025,$                                                      180.31,,,,,,,,,,3.02%,$            180.31,5.44,249.90,165.63,202.36,17%,39%,2.18%,3.28%,2.78%,54.96%,54.96%,0,2.69%,-18.15%,,,,,,,,,,,,
,,,,,,,,,,,,,,,,,,2025,2/11/2025,$                                                     179.25,,,,,,,,,,3.03%,$           179.25,5.44,249.90,165.63,202.36,16%,39%,2.18%,3.28%,2.80%,55.88%,55.88%,0,2.69%,-18.63%,,,,,,,,,,,,
,,,,,,,,,,,,,,,,,,2025,2/12/2025,$                                                     179.99,,,,,,,,,,3.02%,$           179.99,5.44,249.90,165.63,202.36,17%,39%,2.18%,3.28%,2.79%,55.24%,55.24%,0,2.69%,-18.29%,,,,,,,,,,,,
,,,,,,,,,,,,,,,,,,2025,2/13/2025,$                                                     180.80,,,,,,,,,,3.01%,$           180.80,5.44,249.90,165.63,202.36,18%,38%,2.18%,3.28%,2.78%,54.54%,54.54%,0,2.69%,-17.93%,,,,,,,,,,,,
,,,,,,,,,,,,,,,,,,2025,2/14/2025,$                                                     183.03,,,,,,,,,,2.97%,$           183.03,5.44,249.90,165.63,202.36,21%,37%,2.18%,3.28%,2.74%,52.66%,52.66%,0,2.69%,-16.91%,,,,,,,,,,,,
,,,,,,,,,,,,,,,,,,2025,2/18/2025,$                                                     186.46,,,,,,,,,,2.92%,$           186.46,5.44,249.90,165.63,202.36,25%,34%,2.18%,3.28%,2.69%,49.85%,49.85%,0,2.69%,-15.36%,,,,,,,,,,,,
,,,,,,,,,,,,,,,,,,2025,2/19/2025,$                                                     196.32,,,,,,,,,,2.77%,$           196.32,5.44,249.90,165.63,202.36,36%,27%,2.18%,3.28%,2.56%,42.32%,42.32%,0,2.69%,-10.88%,,,,,,,,,,,,
,,,,,,,,,,,,,,,,,,2025,2/20/2025,$                                                    203.96,,,,,,,,,,2.67%,$          203.96,5.44,249.90,165.63,202.36,45%,23%,2.18%,3.28%,2.46%,36.99%,36.99%,0,2.69%,-7.41%,,,,,,,,,,,,
,,,,,,,,,,,,,,,,,,2025,2/21/2025,$                                                    202.00,,,,,,,,,,2.69%,$          202.00,5.44,249.90,165.63,202.36,43%,24%,2.18%,3.28%,2.49%,38.32%,38.32%,0,2.69%,-8.30%,,,,,,,,,,,,
,,,,,,,,,,,,,,,,,,2025,2/24/2025,$                                                    200.74,,,,,,,,,,2.71%,$          200.74,5.44,249.90,165.63,202.36,42%,24%,2.18%,3.28%,2.50%,39.19%,39.19%,0,2.69%,-8.87%,,,,,,,,,,,,
,,,,,,,,,,,,,,,,,,2025,2/25/2025,$                                                     199.98,,,,,,,,,,2.72%,$           199.98,5.44,249.90,165.63,202.36,41%,25%,2.18%,3.28%,2.51%,39.72%,39.72%,0,2.69%,-9.22%,,,,,,,,,,,,
,,,,,,,,,,,,,,,,,,2025,2/26/2025,$                                                     198.24,,,,,,,,,,2.74%,$           198.24,5.44,249.90,165.63,202.36,39%,26%,2.18%,3.28%,2.53%,40.95%,40.95%,0,2.69%,-10.01%,,,,,,,,,,,,
,,,,,,,,,,,,,,,,,,2025,2/27/2025,$                                                      191.30,,,,,,,,,,2.84%,$            191.30,5.44,249.90,165.63,202.36,30%,31%,2.18%,3.28%,2.62%,46.06%,46.06%,0,2.69%,-13.16%,,,,,,,,,,,,
,,,,,,,,,,,,,,,,,,2025,2/28/2025,$                                                     195.99,,,,,,,,,,2.78%,$           195.99,5.44,249.90,165.63,202.36,36%,28%,2.18%,3.28%,2.56%,42.56%,42.56%,0,2.69%,-11.03%,,,,,,,,,,,,
,,,,,,,,,,,,,,,,,,2025,3/3/2025,$                                                     194.39,,,,,,,,,,2.80%,$           194.39,5.44,249.90,165.63,202.36,34%,29%,2.18%,3.28%,2.58%,43.74%,43.74%,0,2.69%,-11.76%,,,,,,,,,,,,
,,,,,,,,,,,,,,,,,,2025,3/4/2025,$                                                     194.84,,,,,,,,,,2.79%,$           194.84,5.44,249.90,165.63,202.36,35%,28%,2.18%,3.28%,2.58%,43.40%,43.40%,0,2.69%,-11.55%,,,,,,,,,,,,
,,,,,,,,,,,,,,,,,,2025,3/5/2025,$                                                     195.57,,,,,,,,,,2.78%,$           195.57,5.44,249.90,165.63,202.36,36%,28%,2.18%,3.28%,2.57%,42.87%,42.87%,0,2.69%,-11.22%,,,,,,,,,,,,
,,,,,,,,,,,,,,,,,,2025,3/6/2025,$                                                     189.34,,,,,,,,,,2.87%,$           189.34,5.44,249.90,165.63,202.36,28%,32%,2.18%,3.28%,2.65%,47.57%,47.57%,0,2.69%,-14.05%,,,,,,,,,,,,
,,,,,,,,,,,,,,,,,,2025,3/7/2025,$                                                     190.52,,,,,,,,,,2.86%,$           190.52,5.44,249.90,165.63,202.36,30%,31%,2.18%,3.28%,2.63%,46.66%,46.66%,0,2.69%,-13.51%,,,,,,,,,,,,
,,,,,,,,,,,,,,,,,,2025,3/10/2025,$                                                     186.49,,,,,,,,,,2.92%,$           186.49,5.44,249.90,165.63,202.36,25%,34%,2.18%,3.28%,2.69%,49.83%,49.83%,0,2.69%,-15.34%,,,,,,,,,,,,
,,,,,,,,,,,,,,,,,,2025,3/11/2025,$                                                     177.34,,,,,,,,,,3.07%,$           177.34,5.44,249.90,165.63,202.36,14%,41%,2.18%,3.28%,2.83%,57.56%,57.56%,0,2.69%,-19.50%,,,,,,,,,,,,
,,,,,,,,,,,,,,,,,,2025,3/12/2025,$                                                     175.70,,,,,,,,,,3.10%,$           175.70,5.44,249.90,165.63,202.36,12%,42%,2.18%,3.28%,2.86%,59.03%,59.03%,0,2.69%,-20.24%,,,,,,,,,,,,
,,,,,,,,,,,,,,,,,,2025,3/13/2025,$                                                     173.60,,,,,,,,,,3.13%,$           173.60,5.44,249.90,165.63,202.36,9%,44%,2.18%,3.28%,2.89%,60.95%,60.95%,0,2.69%,-21.19%,,,,,,,,,,,,
,,,,,,,,,,,,,,,,,,2025,3/14/2025,$                                                     176.42,,,,,,,,,,3.08%,$           176.42,5.44,249.90,165.63,202.36,13%,42%,2.18%,3.28%,2.85%,58.38%,58.38%,0,2.69%,-19.91%,,,,,,,,,,,,
,,,,,,,,,,,,,,,,,,2025,3/17/2025,$                                                     179.99,,,,,,,,,,3.02%,$           179.99,5.44,249.90,165.63,202.36,17%,39%,2.18%,3.28%,2.79%,55.24%,55.24%,0,2.69%,-18.29%,,,,,,,,,,,,
,,,,,,,,,,,,,,,,,,2025,3/18/2025,$                                                     179.45,,,,,,,,,,3.03%,$           179.45,5.44,249.90,165.63,202.36,16%,39%,2.18%,3.28%,2.80%,55.70%,55.70%,0,2.69%,-18.54%,,,,,,,,,,,,
,,,,,,,,,,,,,,,,,,2025,3/19/2025,$                                                      181.74,,,,,,,,,,2.99%,$            181.74,5.44,249.90,165.63,202.36,19%,38%,2.18%,3.28%,2.76%,53.74%,53.74%,0,2.69%,-17.50%,,,,,,,,,,,,
,,,,,,,,,,,,,,,,,,2025,3/20/2025,$                                                     180.68,,,,,,,,,,3.01%,$           180.68,5.44,249.90,165.63,202.36,18%,38%,2.18%,3.28%,2.78%,54.64%,54.64%,0,2.69%,-17.98%,,,,,,,,,,,,
,,,,,,,,,,,,,,,,,,2025,3/21/2025,$                                                     179.00,,,,,,,,,,3.04%,$           179.00,5.44,249.90,165.63,202.36,16%,40%,2.18%,3.28%,2.80%,56.09%,56.09%,0,2.69%,-18.74%,,,,,,,,,,,,
,,,,,,,,,,,,,,,,,,2025,3/24/2025,$                                                      185.51,,,,,,,,,,2.93%,$            185.51,5.44,249.90,165.63,202.36,24%,35%,2.18%,3.28%,2.71%,50.62%,50.62%,0,2.69%,-15.79%,,,,,,,,,,,,
,,,,,,,,,,,,,,,,,,2025,3/25/2025,$                                                     183.97,,,,,,,,,,2.96%,$           183.97,5.44,249.90,165.63,202.36,22%,36%,2.18%,3.28%,2.73%,51.88%,51.88%,0,2.69%,-16.49%,,,,,,,,,,,,
,,,,,,,,,,,,,,,,,,2025,3/26/2025,$                                                     184.49,,,,,,,,,,2.95%,$           184.49,5.44,249.90,165.63,202.36,22%,35%,2.18%,3.28%,2.72%,51.45%,51.45%,0,2.69%,-16.25%,,,,,,,,,,,,
,,,,,,,,,,,,,,,,,,2025,3/27/2025,$                                                     180.76,,,,,,,,,,3.01%,$           180.76,5.44,249.90,165.63,202.36,18%,38%,2.18%,3.28%,2.78%,54.58%,54.58%,0,2.69%,-17.94%,,,,,,,,,,,,
,,,,,,,,,,,,,,,,,,2025,3/28/2025,$                                                     176.33,,,,,,,,,,3.09%,$           176.33,5.44,249.90,165.63,202.36,13%,42%,2.18%,3.28%,2.85%,58.46%,58.46%,0,2.69%,-19.96%,,,,,,,,,,,,
,,,,,,,,,,,,,,,,,,2025,3/31/2025,$                                                     179.70,,,,,,,,,,3.03%,$           179.70,5.44,249.90,165.63,202.36,17%,39%,2.18%,3.28%,2.79%,55.49%,55.49%,0,2.69%,-18.43%,,,,,,,,,,,,
,,,,,,,,,,,,,,,,,,2025,4/1/2025,$                                                     177.99,,,,,,,,,,3.06%,$           177.99,5.44,249.90,165.63,202.36,15%,40%,2.18%,3.28%,2.82%,56.98%,56.98%,0,2.69%,-19.20%,,,,,,,,,,,,
,,,,,,,,,,,,,,,,,,2025,4/2/2025,$                                                      178.19,,,,,,,,,,3.05%,$            178.19,5.44,249.90,165.63,202.36,15%,40%,2.18%,3.28%,2.82%,56.80%,56.80%,0,2.69%,-19.11%,,,,,,,,,,,,
,,,,,,,,,,,,,,,,,,2025,4/3/2025,$                                                     164.20,,,,,,,,,,3.31%,$           164.20,5.44,249.90,165.63,202.36,-2%,52%,2.18%,3.28%,3.06%,70.16%,70.16%,0,2.69%,-25.46%,,,,,,,,,,,,
,,,,,,,,,,,,,,,,,,2025,4/4/2025,$                                                      151.39,,,,,,,,,,3.59%,$            151.39,5.44,249.90,165.63,202.36,-17%,65%,2.18%,3.28%,3.32%,84.56%,84.56%,0,2.69%,-31.28%,,,,,,,,,,,,
,,,,,,,,,,,,,,,,,,2025,4/7/2025,$                                                     154.00,,,,,,,,,,3.53%,$           154.00,5.44,249.90,165.63,202.36,-14%,62%,2.18%,3.28%,3.26%,81.44%,81.44%,0,2.69%,-30.09%,,,,,,,,,,,,
,,,,,,,,,,,,,,,,,,2025,4/8/2025,$                                                      146.01,,,,,,,,,,3.73%,$            146.01,5.44,249.90,165.63,202.36,-23%,71%,2.18%,3.28%,3.44%,91.36%,91.36%,0,2.69%,-33.72%,,,,,,,,,,,,
,,,,,,,,,,,,,,,,,,2025,4/9/2025,$                                                     169.50,,,,,,,,,,3.21%,$           169.50,5.44,249.90,165.63,202.36,5%,47%,2.18%,3.28%,2.96%,64.84%,64.84%,0,2.69%,-23.06%,,,,,,,,,,,,
,,,,,,,,,,,,,,,,,,2025,4/10/2025,$                                                     156.60,,,,,,,,,,3.47%,$           156.60,5.44,249.90,165.63,202.36,-11%,60%,2.18%,3.28%,3.21%,78.42%,78.42%,0,2.69%,-28.91%,,,,,,,,,,,,
,,,,,,,,,,,,,,,,,,2025,4/11/2025,$                                                     147.60,,,,,,,,,,3.69%,$           147.60,5.44,249.90,165.63,202.36,-21%,69%,2.18%,3.28%,3.40%,89.30%,89.30%,0,2.69%,-33.00%,,,,,,,,,,,,
,,,,,,,,,,,,,,,,,,2025,4/14/2025,$                                                     150.98,,,,,,,,,,3.60%,$           150.98,5.44,249.90,165.63,202.36,-17%,66%,2.18%,3.28%,3.32%,85.06%,85.06%,0,2.69%,-31.46%,,,,,,,,,,,,
,,,,,,,,,,,,,,,,,,2025,4/15/2025,$                                                       151.18,,,,,,,,,,3.60%,$             151.18,5.44,249.90,165.63,202.36,-17%,65%,2.18%,3.28%,3.32%,84.82%,84.82%,0,2.69%,-31.37%,,,,,,,,,,,,
,,,,,,,,,,,,,,,,,,2025,4/16/2025,$                                                     146.55,,,,,,,,,,3.71%,$           146.55,5.44,249.90,165.63,202.36,-23%,71%,2.18%,3.28%,3.43%,90.66%,90.66%,0,2.69%,-33.47%,,,,,,,,,,,,
,,,,,,,,,,,,,,,,,,2025,4/17/2025,$                                                     148.44,,,,,,,,,,3.66%,$           148.44,5.44,249.90,165.63,202.36,-20%,68%,2.18%,3.28%,3.38%,88.23%,88.23%,0,2.69%,-32.62%,,,,,,,,,,,,
,,,,,,,,,,,,,,,,,,2025,4/21/2025,$                                                      145.61,,,,,,,,,,3.74%,$            145.61,5.44,249.90,165.63,202.36,-24%,72%,2.18%,3.28%,3.45%,91.89%,91.89%,0,2.69%,-33.90%,,,,,,,,,,,,
,,,,,,,,,,,,,,,,,,2025,4/22/2025,$                                                     146.76,,,,,,,,,,3.71%,$           146.76,5.44,249.90,165.63,202.36,-22%,70%,2.18%,3.28%,3.42%,90.39%,90.39%,0,2.69%,-33.38%,,,,,,,,,,,,
,,,,,,,,,,,,,,,,,,2025,4/23/2025,$                                                      152.15,,,,,,,,,,3.58%,$            152.15,5.44,249.90,165.63,202.36,-16%,64%,2.18%,3.28%,3.30%,83.64%,83.64%,0,2.69%,-30.93%,,,,,,,,,,,,
,,,,,,,,,,,,,,,,,,2025,4/24/2025,$                                                      162.13,,,,,,,,,,3.36%,$            162.13,5.44,249.90,165.63,202.36,-4%,54%,2.18%,3.28%,3.10%,72.34%,72.34%,0,2.69%,-26.40%,,,,,,,,,,,,
,,,,,,,,,,,,,,,,,,2025,4/25/2025,$                                                     162.86,,,,,,,,,,3.34%,$           162.86,5.44,249.90,165.63,202.36,-3%,53%,2.18%,3.28%,3.08%,71.56%,71.56%,0,2.69%,-26.07%,,,,,,,,,,,,
,,,,,,,,,,,,,,,,,,2025,4/28/2025,$                                                     162.44,,,,,,,,,,3.35%,$           162.44,5.44,249.90,165.63,202.36,-4%,54%,2.18%,3.28%,3.09%,72.01%,72.01%,0,2.69%,-26.26%,,,,,,,,,,,,
,,,,,,,,,,,,,,,,,,2025,4/29/2025,$                                                     160.77,,,,,,,,,,3.38%,$           160.77,5.44,249.90,165.63,202.36,-6%,55%,2.18%,3.28%,3.12%,73.79%,73.79%,0,2.69%,-27.02%,,,,,,,,,,,,
,,,,,,,,,,,,,,,,,,2025,4/30/2025,$                                                     160.05,,,,,,,,,,3.40%,$           160.05,5.44,249.90,165.63,202.36,-7%,56%,2.18%,3.28%,3.14%,74.58%,74.58%,0,2.69%,-27.35%,,,,,,,,,,,,
,,,,,,,,,,,,,,,,,,2025,5/1/2025,$                                                     158.26,,,,,,,,,,3.44%,$           158.26,5.44,249.90,165.63,202.36,-9%,58%,2.18%,3.28%,3.17%,76.55%,76.55%,0,2.69%,-28.16%,,,,,,,,,,,,
,,,,,,,,,,,,,,,,,,2025,5/2/2025,$                                                      164.51,,,,,,,,,,3.31%,$            164.51,5.44,249.90,165.63,202.36,-1%,52%,2.18%,3.28%,3.05%,69.84%,69.84%,0,2.69%,-25.32%,,,,,,,,,,,,
,,,,,,,,,,,,,,,,,,2025,5/5/2025,$                                                     162.42,,,,,,,,,,3.35%,$           162.42,5.44,249.90,165.63,202.36,-4%,54%,2.18%,3.28%,3.09%,72.03%,72.03%,0,2.69%,-26.27%,,,,,,,,,,,,
,,,,,,,,,,,,,,,,,,2025,5/6/2025,$                                                      161.09,,,,,,,,,,3.38%,$            161.09,5.44,249.90,165.63,202.36,-5%,55%,2.18%,3.28%,3.12%,73.45%,73.45%,0,2.69%,-26.87%,,,,,,,,,,,,
,,,,,,,,,,,,,,,,,,2025,5/7/2025,$                                                     164.79,,,,,,,,,,3.30%,$           164.79,5.44,249.90,165.63,202.36,-1%,52%,2.18%,3.28%,3.05%,69.56%,69.56%,0,2.69%,-25.19%,,,,,,,,,,,,
,,,,,,,,,,,,,,,,,,2025,5/8/2025,$                                                     165.64,,,,,,,,,,3.28%,$           165.64,5.44,249.90,165.63,202.36,0%,51%,2.18%,3.28%,3.03%,68.69%,68.69%,0,2.69%,-24.81%,,,,,,,,,,,,
,,,,,,,,,,,,,,,,,,2025,5/9/2025,$                                                     172.27,,,,,,,,,,3.16%,$           172.27,5.44,249.90,165.63,202.36,8%,45%,2.18%,3.28%,2.91%,62.19%,62.19%,0,2.69%,-21.80%,,,,,,,,,,,,
,,,,,,,,,,,,,,,,,,2025,5/12/2025,$                                                     187.28,,,,,,,,,,2.90%,$           187.28,5.44,249.90,165.63,202.36,26%,33%,2.18%,3.28%,2.68%,49.19%,49.19%,0,2.69%,-14.98%,,,,,,,,,,,,
,,,,,,,,,,,,,,,,,,2025,5/13/2025,$                                                     188.20,,,,,,,,,,2.89%,$           188.20,5.44,249.90,165.63,202.36,27%,33%,2.18%,3.28%,2.67%,48.46%,48.46%,0,2.69%,-14.57%,,,,,,,,,,,,
,,,,,,,,,,,,,,,,,,2025,5/14/2025,$                                                     187.34,,,,,,,,,,2.90%,$           187.34,5.44,249.90,165.63,202.36,26%,33%,2.18%,3.28%,2.68%,49.15%,49.15%,0,2.69%,-14.96%,,,,,,,,,,,,
,,,,,,,,,,,,,,,,,,2025,5/15/2025,$                                                     187.83,,,,,,,,,,2.90%,$           187.83,5.44,249.90,165.63,202.36,26%,33%,2.18%,3.28%,2.67%,48.76%,48.76%,0,2.69%,-14.74%,,,,,,,,,,,,
,,,,,,,,,,,,,,,,,,2025,5/16/2025,$                                                     188.50,,,,,,,,,,2.89%,$           188.50,5.44,249.90,165.63,202.36,27%,33%,2.18%,3.28%,2.66%,48.23%,48.23%,0,2.69%,-14.43%,,,,,,,,,,,,
,,,,,,,,,,,,,,,,,,2025,5/19/2025,$                                                     188.34,,,,,,,,,,2.89%,$           188.34,5.44,249.90,165.63,202.36,27%,33%,2.18%,3.28%,2.67%,48.35%,48.35%,0,2.69%,-14.50%,,,,,,,,,,,,
,,,,,,,,,,,,,,,,,,2025,5/20/2025,$                                                      188.71,,,,,,,,,,2.88%,$            188.71,5.44,249.90,165.63,202.36,27%,32%,2.18%,3.28%,2.66%,48.06%,48.06%,0,2.69%,-14.34%,,,,,,,,,,,,
,,,,,,,,,,,,,,,,,,2025,5/21/2025,$                                                     185.42,,,,,,,,,,2.93%,$           185.42,5.44,249.90,165.63,202.36,23%,35%,2.18%,3.28%,2.71%,50.69%,50.69%,0,2.69%,-15.83%,,,,,,,,,,,,
,,,,,,,,,,,,,,,,,,2025,5/22/2025,$                                                      180.21,,,,,,,,,,3.02%,$            180.21,5.44,249.90,165.63,202.36,17%,39%,2.18%,3.28%,2.79%,55.05%,55.05%,0,2.69%,-18.19%,,,,,,,,,,,,
,,,,,,,,,,,,,,,,,,2025,5/23/2025,$                                                     176.30,,,,,,,,,,3.09%,$           176.30,5.44,249.90,165.63,202.36,13%,42%,2.18%,3.28%,2.85%,58.49%,58.49%,0,2.69%,-19.97%,,,,,,,,,,,,
,,,,,,,,,,,,,,,,,,2025,5/27/2025,$                                                     183.24,,,,,,,,,,2.97%,$           183.24,5.44,249.90,165.63,202.36,21%,36%,2.18%,3.28%,2.74%,52.48%,52.48%,0,2.69%,-16.82%,,,,,,,,,,,,
,,,,,,,,,,,,,,,,,,2025,5/28/2025,$                                                      184.15,,,,,,,,,,2.95%,$            184.15,5.44,249.90,165.63,202.36,22%,36%,2.18%,3.28%,2.73%,51.73%,51.73%,0,2.69%,-16.41%,,,,,,,,,,,,
,,,,,,,,,,,,,,,,,,2025,5/29/2025,$                                                     184.99,,,,,,,,,,2.94%,$           184.99,5.44,249.90,165.63,202.36,23%,35%,2.18%,3.28%,2.71%,51.04%,51.04%,0,2.69%,-16.02%,,,,,,,,,,,,
,,,,,,,,,,,,,,,,,,2025,5/30/2025,$                                                     182.85,,,,,,,,,,2.98%,$           182.85,5.44,249.90,165.63,202.36,20%,37%,2.18%,3.28%,2.75%,52.81%,52.81%,0,2.69%,-17.00%,,,,,,,,,,,,
,,,,,,,,,,,,,,,,,,2025,6/2/2025,$                                                      184.21,,,,,,,,,,2.95%,$            184.21,5.44,249.90,165.63,202.36,22%,36%,2.18%,3.28%,2.73%,51.68%,51.68%,0,2.69%,-16.38%,,,,,,,,,,,,
,,,,,,,,,,,,,,,,,,2025,6/3/2025,$                                                     188.08,,,,,,,,,,2.89%,$           188.08,5.44,249.90,165.63,202.36,27%,33%,2.18%,3.28%,2.67%,48.56%,48.56%,0,2.69%,-14.62%,,,,,,,,,,,,
,,,,,,,,,,,,,,,,,,2025,6/4/2025,$                                                     190.72,,,,,,,,,,2.85%,$           190.72,5.44,249.90,165.63,202.36,30%,31%,2.18%,3.28%,2.63%,46.50%,46.50%,0,2.69%,-13.42%,,,,,,,,,,,,
,,,,,,,,,,,,,,,,,,2025,6/5/2025,$                                                     190.49,,,,,,,,,,2.86%,$           190.49,5.44,249.90,165.63,202.36,29%,31%,2.18%,3.28%,2.64%,46.68%,46.68%,0,2.69%,-13.53%,,,,,,,,,,,,
,,,,,,,,,,,,,,,,,,2025,6/6/2025,$                                                     192.42,,,,,,,,,,2.83%,$           192.42,5.44,249.90,165.63,202.36,32%,30%,2.18%,3.28%,2.61%,45.21%,45.21%,0,2.69%,-12.65%,,,,,,,,,,,,
,,,,,,,,,,,,,,,,,,2025,6/9/2025,$                                                      199.21,,,,,,,,,,2.73%,$            199.21,5.44,249.90,165.63,202.36,40%,25%,2.18%,3.28%,2.52%,40.26%,40.26%,0,2.69%,-9.57%,,,,,,,,,,,,
,,,,,,,,,,,,,,,,,,2025,6/10/2025,$                                                    202.29,,,,,,,,,,2.69%,$          202.29,5.44,249.90,165.63,202.36,44%,24%,2.18%,3.28%,2.48%,38.12%,38.12%,0,2.69%,-8.17%,,,,,,,,,,,,
,,,,,,,,,,,,,,,,,,2025,6/11/2025,$                                                     199.69,,,,,,,,,,2.72%,$           199.69,5.44,249.90,165.63,202.36,40%,25%,2.18%,3.28%,2.51%,39.92%,39.92%,0,2.69%,-9.35%,,,,,,,,,,,,
,,,,,,,,,,,,,,,,,,2025,6/12/2025,$                                                     199.66,,,,,,,,,,2.72%,$           199.66,5.44,249.90,165.63,202.36,40%,25%,2.18%,3.28%,2.51%,39.94%,39.94%,0,2.69%,-9.36%,,,,,,,,,,,,
,,,,,,,,,,,,,,,,,,2025,6/13/2025,$                                                     195.00,,,,,,,,,,2.79%,$           195.00,5.44,249.90,165.63,202.36,35%,28%,2.18%,3.28%,2.57%,43.29%,43.29%,0,2.69%,-11.48%,,,,,,,,,,,,
,,,,,,,,,,,,,,,,,,2025,6/16/2025,$                                                     199.22,,,,,,,,,,2.73%,$           199.22,5.44,249.90,165.63,202.36,40%,25%,2.18%,3.28%,2.52%,40.25%,40.25%,0,2.69%,-9.56%,,,,,,,,,,,,
,,,,,,,,,,,,,,,,,,2025,6/17/2025,$                                                     197.69,,,,,,,,,,2.75%,$           197.69,5.44,249.90,165.63,202.36,38%,26%,2.18%,3.28%,2.54%,41.34%,41.34%,0,2.69%,-10.26%,,,,,,,,,,,,
,,,,,,,,,,,,,,,,,,2025,6/18/2025,$                                                     198.35,,,,,,,,,,2.74%,$           198.35,5.44,249.90,165.63,202.36,39%,26%,2.18%,3.28%,2.53%,40.87%,40.87%,0,2.69%,-9.96%,,,,,,,,,,,,
,,,,,,,,,,,,,,,,,,2025,6/20/2025,$                                                     198.20,,,,,,,,,,2.74%,$           198.20,5.44,249.90,165.63,202.36,39%,26%,2.18%,3.28%,2.53%,40.97%,40.97%,0,2.69%,-10.03%,,,,,,,,,,,,
,,,,,,,,,,,,,,,,,,2025,6/23/2025,$                                                     201.39,,,,,,,,,,2.70%,$           201.39,5.44,249.90,165.63,202.36,42%,24%,2.18%,3.28%,2.49%,38.74%,38.74%,0,2.69%,-8.58%,,,,,,,,,,,,
,,,,,,,,,,,,,,,,,,2025,6/24/2025,$                                                     205.81,,,,,,,,,,2.64%,$           205.81,5.44,249.90,165.63,202.36,48%,21%,2.18%,3.28%,2.44%,35.76%,35.76%,0,2.69%,-6.57%,,,,,,,,,,,,
,,,,,,,,,,,,,,,,,,2025,6/25/2025,$                                                    205.38,,,,,,,,,,2.65%,$          205.38,5.44,249.90,165.63,202.36,47%,22%,2.18%,3.28%,2.44%,36.05%,36.05%,0,2.69%,-6.77%,,,,,,,,,,,,
,,,,,,,,,,,,,,,,,,2025,6/26/2025,$                                                     206.31,,,,,,,,,,2.64%,$           206.31,5.44,249.90,165.63,202.36,48%,21%,2.18%,3.28%,2.43%,35.43%,35.43%,0,2.69%,-6.35%,,,,,,,,,,,,
,,,,,,,,,,,,,,,,,,2025,6/27/2025,$                                                    207.08,,,,,,,,,,2.63%,$          207.08,5.44,249.90,165.63,202.36,49%,21%,2.18%,3.28%,2.42%,34.93%,34.93%,0,2.69%,-6.00%,,,,,,,,,,,,
,,,,,,,,,,,,,,,,,,2025,6/30/2025,$                                                    207.62,,,,,,,,,,2.62%,$          207.62,5.44,249.90,165.63,202.36,50%,20%,2.18%,3.28%,2.42%,34.58%,34.58%,0,2.69%,-5.75%,,,,,,,,,,,,
,,,,,,,,,,,,,,,,,,2025,7/1/2025,$                                                     210.45,,,,,,,,,,2.58%,$           210.45,5.44,249.90,165.63,202.36,53%,19%,2.18%,3.28%,2.39%,32.77%,32.77%,0,2.69%,-4.47%,,,,,,,,,,,,
,,,,,,,,,,,,,,,,,,2025,7/2/2025,$                                                     215.59,,,,,,,,,,2.52%,$           215.59,5.44,249.90,165.63,202.36,59%,16%,2.18%,3.28%,2.33%,29.60%,29.60%,0,2.69%,-2.13%,,,,,,,,,,,,
,,,,,,,,,,,,,,,,,,2025,7/3/2025,$                                                     216.02,,,,,,,,,,2.52%,$           216.02,5.44,249.90,165.63,202.36,60%,16%,2.18%,3.28%,2.32%,29.34%,29.34%,0,2.69%,-1.94%,,,,,,,,,,,,
,,,,,,,,,,,,,,,,,,2025,7/7/2025,$                                                      213.41,,,,,,,,,,2.55%,$            213.41,5.44,249.90,165.63,202.36,57%,17%,2.18%,3.28%,2.35%,30.93%,30.93%,0,2.69%,-3.12%,,,,,,,,,,,,
,,,,,,,,,,,,,,,,,,2025,7/8/2025,$                                                     216.63,,,,,,,,,,2.51%,$           216.63,5.44,249.90,165.63,202.36,61%,15%,2.18%,3.28%,2.32%,28.98%,28.98%,0,2.69%,-1.66%,,,,,,,,,,,,
,,,,,,,,,,,,,,,,,,2025,7/9/2025,$                                                     216.39,,,,,,,,,,2.51%,$           216.39,5.44,249.90,165.63,202.36,60%,15%,2.18%,3.28%,2.32%,29.12%,29.12%,0,2.69%,-1.77%,,,,,,,,,,,,
,,,,,,,,,,,,,,,,,,2025,7/10/2025,$                                                     219.66,,,,,,,,,,2.48%,$           219.66,5.44,249.90,165.63,202.36,64%,14%,2.18%,3.28%,2.29%,27.20%,27.20%,0,2.69%,-0.29%,,,,,,,,,,,,
,,,,,,,,,,,,,,,,,,2025,7/11/2025,$                                                     221.25,,,,,,,,,,2.46%,$           221.25,5.44,249.90,165.63,202.36,66%,13%,2.18%,3.28%,2.27%,26.29%,26.29%,0,2.69%,0.00%,,,,,,,,,,,,
,,,,,,,,,,,,,,,,,,2025,7/14/2025,$                                                    220.05,,,,,,,,,,2.47%,$          220.05,5.44,249.90,165.63,202.36,65%,14%,2.18%,3.28%,2.28%,26.98%,26.98%,0,2.69%,-0.54%,,,,,,,,,,,,
,,,,,,,,,,,,,,,,,,2025,7/15/2025,$                                                     218.36,,,,,,,,,,2.49%,$           218.36,5.44,249.90,165.63,202.36,63%,14%,2.18%,3.28%,2.30%,27.96%,27.96%,0,2.69%,-1.31%,,,,,,,,,,,,
,,,,,,,,,,,,,,,,,,2025,7/16/2025,$                                                     216.64,,,,,,,,,,2.51%,$           216.64,5.44,249.90,165.63,202.36,61%,15%,2.18%,3.28%,2.32%,28.97%,28.97%,0,2.69%,-2.08%,,,,,,,,,,,,
,,,,,,,,,,,,,,,,,,2025,7/17/2025,$                                                     216.59,,,,,,,,,,2.51%,$           216.59,5.44,249.90,165.63,202.36,60%,15%,2.18%,3.28%,2.32%,29.00%,29.00%,0,2.69%,-2.11%,,,,,,,,,,,,
,,,,,,,,,,,,,,,,,,2025,7/18/2025,$                                                     216.62,,,,,,,,,,2.51%,$           216.62,5.44,249.90,165.63,202.36,61%,15%,2.18%,3.28%,2.32%,28.99%,28.99%,0,2.69%,-2.09%,,,,,,,,,,,,
,,,,,,,,,,,,,,,,,,2025,7/21/2025,$                                                     214.57,,,,,,,,,,2.54%,$           214.57,5.44,249.90,165.63,202.36,58%,16%,2.18%,3.28%,2.34%,30.22%,30.22%,0,2.69%,-3.02%,,,,,,,,,,,,
,,,,,,,,,,,,,,,,,,2025,7/22/2025,$                                                     214.92,,,,,,,,,,2.53%,$           214.92,5.44,249.90,165.63,202.36,58%,16%,2.18%,3.28%,2.34%,30.01%,30.01%,0,2.69%,-2.86%,,,,,,,,,,,,
,,,,,,,,,,,,,,,,,,2025,7/23/2025,$                                                     186.25,,,,,,,,,,2.92%,$           186.25,5.44,249.90,165.63,202.36,24%,34%,2.18%,3.28%,2.70%,50.02%,50.02%,0,2.69%,-15.82%,,,,,,,,,,,,
,,,,,,,,,,,,,,,,,,2025,7/24/2025,$                                                     185.69,,,,,,,,,,2.93%,$           185.69,5.44,249.90,165.63,202.36,24%,35%,2.18%,3.28%,2.70%,50.47%,50.47%,0,2.69%,-16.07%,,,,,,,,,,,,
,,,,,,,,,,,,,,,,,,2025,7/25/2025,$                                                     184.99,,,,,,,,,,2.94%,$           184.99,5.44,249.90,165.63,202.36,23%,35%,2.18%,3.28%,2.71%,51.04%,51.04%,0,2.69%,-16.39%,,,,,,,,,,,,
,,,,,,,,,,,,,,,,,,2025,7/28/2025,$                                                     189.25,,,,,,,,,,2.87%,$           189.25,5.44,249.90,165.63,202.36,28%,32%,2.18%,3.28%,2.65%,47.64%,47.64%,0,2.69%,-14.46%,,,,,,,,,,,,
,,,,,,,,,,,,,,,,,,2025,7/29/2025,$                                                      191.38,,,,,,,,,,2.84%,$            191.38,5.44,249.90,165.63,202.36,31%,31%,2.18%,3.28%,2.62%,46.00%,46.00%,0,2.69%,-13.50%,,,,,,,,,,,,
,,,,,,,,,,,,,,,,,,2025,7/30/2025,$                                                     189.52,,,,,,,,,,2.87%,$           189.52,5.44,249.90,165.63,202.36,28%,32%,2.18%,3.28%,2.65%,47.43%,47.43%,0,2.69%,-14.34%,,,,,,,,,,,,
,,,,,,,,,,,,,,,,,,2025,7/31/2025,$                                                      181.06,,,,,,,,,,3.00%,$            181.06,5.44,249.90,165.63,202.36,18%,38%,2.18%,3.28%,2.77%,54.32%,54.32%,0,2.69%,-18.16%,,,,,,,,,,,,
,,,,,,,,,,,,,,,,,,2025,8/1/2025,$                                                     180.86,,,,,,,,,,3.01%,$           180.86,5.44,249.90,165.63,202.36,18%,38%,2.18%,3.28%,2.78%,54.49%,54.49%,0,2.69%,-18.26%,,,,,,,,,,,,
,,,,,,,,,,,,,,,,,,2025,8/4/2025,$                                                     182.73,,,,,,,,,,2.98%,$           182.73,5.44,249.90,165.63,202.36,20%,37%,2.18%,3.28%,2.75%,52.91%,52.91%,0,2.69%,-17.41%,,,,,,,,,,,,
,,,,,,,,,,,,,,,,,,2025,8/5/2025,$                                                     185.40,,,,,,,,,,2.93%,$           185.40,5.44,249.90,165.63,202.36,23%,35%,2.18%,3.28%,2.71%,50.71%,50.71%,0,2.69%,-16.20%,,,,,,,,,,,,
,,,,,,,,,,,,,,,,,,2025,8/6/2025,$                                                      185.91,,,,,,,,,,2.93%,$            185.91,5.44,249.90,165.63,202.36,24%,34%,2.18%,3.28%,2.70%,50.29%,50.29%,0,2.69%,-15.97%,,,,,,,,,,,,
,,,,,,,,,,,,,,,,,,2025,8/7/2025,$                                                      185.91,,,,,,,,,,2.93%,$            185.91,5.44,249.90,165.63,202.36,24%,34%,2.18%,3.28%,2.70%,50.29%,50.29%,0,2.69%,-15.97%,,,,,,,,,,,,
,,,,,,,,,,,,,,,,,,2025,8/8/2025,$                                                     187.22,,,,,,,,,,2.91%,$           187.22,5.44,249.90,165.63,202.36,26%,33%,2.18%,3.28%,2.68%,49.24%,49.24%,0,2.69%,-15.38%,,,,,,,,,,,,
,,,,,,,,,,,,,,,,,,2025,8/11/2025,$                                                      183.71,,,,,,,,,,2.96%,$            183.71,5.44,249.90,165.63,202.36,21%,36%,2.18%,3.28%,2.73%,52.09%,52.09%,0,2.69%,-16.97%,,,,,,,,,,,,
,,,,,,,,,,,,,,,,,,2025,8/12/2025,$                                                     192.97,,,,,,,,,,2.82%,$           192.97,5.44,249.90,165.63,202.36,32%,30%,2.18%,3.28%,2.60%,44.79%,44.79%,0,2.69%,-12.78%,,,,,,,,,,,,
,,,,,,,,,,,,,,,,,,2025,8/13/2025,$                                                     193.29,,,,,,,,,,2.81%,$           193.29,5.44,249.90,165.63,202.36,33%,29%,2.18%,3.28%,2.60%,44.55%,44.55%,0,2.69%,-12.64%,,,,,,,,,,,,
,,,,,,,,,,,,,,,,,,2025,8/14/2025,$                                                      193.71,,,,,,,,,,2.81%,$            193.71,5.44,249.90,165.63,202.36,33%,29%,2.18%,3.28%,2.59%,44.24%,44.24%,0,2.69%,-12.45%,,,,,,,,,,,,
,,,,,,,,,,,,,,,,,,2025,8/15/2025,$                                                     194.57,,,,,,,,,,2.80%,$           194.57,5.44,249.90,165.63,202.36,34%,28%,2.18%,3.28%,2.58%,43.60%,43.60%,0,2.69%,-12.06%,,,,,,,,,,,,
,,,,,,,,,,,,,,,,,,2025,8/18/2025,$                                                     194.33,,,,,,,,,,2.80%,$           194.33,5.44,249.90,165.63,202.36,34%,29%,2.18%,3.28%,2.58%,43.78%,43.78%,0,2.69%,-12.17%,,,,,,,,,,,,
,,,,,,,,,,,,,,,,,,2025,8/19/2025,$                                                     195.94,,,,,,,,,,2.78%,$           195.94,5.44,249.90,165.63,202.36,36%,28%,2.18%,3.28%,2.56%,42.60%,42.60%,0,2.69%,-11.44%,,,,,,,,,,,,
,,,,,,,,,,,,,,,,,,2025,8/20/2025,$                                                    200.77,,,,,,,,,,2.71%,$          200.77,5.44,249.90,165.63,202.36,42%,24%,2.18%,3.28%,2.50%,39.17%,39.17%,0,2.69%,-9.26%,,,,,,,,,,,,
,,,,,,,,,,,,,,,,,,2025,8/21/2025,$                                                     200.71,,,,,,,,,,2.71%,$           200.71,5.44,249.90,165.63,202.36,42%,25%,2.18%,3.28%,2.50%,39.21%,39.21%,0,2.69%,-9.28%,,,,,,,,,,,,
,,,,,,,,,,,,,,,,,,2025,8/22/2025,$                                                    206.06,,,,,,,,,,2.64%,$          206.06,5.44,249.90,165.63,202.36,48%,21%,2.18%,3.28%,2.44%,35.60%,35.60%,0,2.69%,-6.87%,,,,,,,,,,,,
,,,,,,,,,,,,,,,,,,2025,8/25/2025,$                                                    205.97,,,,,,,,,,2.64%,$          205.97,5.44,249.90,165.63,202.36,48%,21%,2.18%,3.28%,2.44%,35.66%,35.66%,0,2.69%,-6.91%,,,,,,,,,,,,
,,,,,,,,,,,,,,,,,,2025,8/26/2025,$                                                    205.98,,,,,,,,,,2.64%,$          205.98,5.44,249.90,165.63,202.36,48%,21%,2.18%,3.28%,2.44%,35.65%,35.65%,0,2.69%,-6.90%,,,,,,,,,,,,
,,,,,,,,,,,,,,,,,,2025,8/27/2025,$                                                    205.47,,,,,,,,,,2.65%,$          205.47,5.44,249.90,165.63,202.36,47%,22%,2.18%,3.28%,2.44%,35.99%,35.99%,0,2.69%,-7.13%,,,,,,,,,,,,
,,,,,,,,,,,,,,,,,,2025,8/28/2025,$                                                    204.09,,,,,,,,,,2.67%,$          204.09,5.44,249.90,165.63,202.36,46%,22%,2.18%,3.28%,2.46%,36.91%,36.91%,0,2.69%,-7.76%,,,,,,,,,,,,
,,,,,,,,,,,,,,,,,,2025,8/29/2025,$                                                    202.48,,,,,,,,,,2.69%,$          202.48,5.44,249.90,165.63,202.36,44%,23%,2.18%,3.28%,2.48%,37.99%,37.99%,0,2.69%,-8.48%,,,,,,,,,,,,
,,,,,,,,,,,,,,,,,,2025,9/2/2025,$                                                      199.81,,,,,,,,,,2.72%,$            199.81,5.44,249.90,165.63,202.36,41%,25%,2.18%,3.28%,2.51%,39.84%,39.84%,0,2.69%,-9.69%,,,,,,,,,,,,
,,,,,,,,,,,,,,,,,,2025,9/3/2025,$                                                     195.74,,,,,,,,,,2.78%,$           195.74,5.44,249.90,165.63,202.36,36%,28%,2.18%,3.28%,2.56%,42.75%,42.75%,0,2.69%,-11.53%,,,,,,,,,,,,
,,,,,,,,,,,,,,,,,,2025,9/4/2025,$                                                     187.29,,,,,,,,,,2.90%,$           187.29,5.44,249.90,165.63,202.36,26%,33%,2.18%,3.28%,2.68%,49.19%,49.19%,0,2.69%,-15.35%,,,,,,,,,,,,
,,,,,,,,,,,,,,,,,,2025,9/5/2025,$                                                     187.93,,,,,,,,,,2.89%,$           187.93,5.44,249.90,165.63,202.36,26%,33%,2.18%,3.28%,2.67%,48.68%,48.68%,0,2.69%,-15.06%,,,,,,,,,,,,
,,,,,,,,,,,,,,,,,,2025,9/8/2025,$                                                     185.82,,,,,,,,,,2.93%,$           185.82,5.44,249.90,165.63,202.36,24%,34%,2.18%,3.28%,2.70%,50.37%,50.37%,0,2.69%,-16.01%,,,,,,,,,,,,
,,,,,,,,,,,,,,,,,,2025,9/9/2025,$                                                     185.03,,,,,,,,,,2.94%,$           185.03,5.44,249.90,165.63,202.36,23%,35%,2.18%,3.28%,2.71%,51.01%,51.01%,0,2.69%,-16.37%,,,,,,,,,,,,
,,,,,,,,,,,,,,,,,,2025,9/10/2025,$                                                      184.01,,,,,,,,,,2.96%,$            184.01,5.44,249.90,165.63,202.36,22%,36%,2.18%,3.28%,2.73%,51.85%,51.85%,0,2.69%,-16.83%,,,,,,,,,,,,
,,,,,,,,,,,,,,,,,,2025,9/11/2025,$                                                     184.35,,,,,,,,,,2.95%,$           184.35,5.44,249.90,165.63,202.36,22%,36%,2.18%,3.28%,2.72%,51.56%,51.56%,0,2.69%,-16.68%,,,,,,,,,,,,
,,,,,,,,,,,,,,,,,,2025,9/12/2025,$                                                     182.60,,,,,,,,,,2.98%,$           182.60,5.44,249.90,165.63,202.36,20%,37%,2.18%,3.28%,2.75%,53.02%,53.02%,0,2.69%,-17.47%,,,,,,,,,,,,
,,,,,,,,,,,,,,,,,,2025,9/15/2025,$                                                     178.20,,,,,,,,,,3.05%,$           178.20,5.44,249.90,165.63,202.36,15%,40%,2.18%,3.28%,2.82%,56.80%,56.80%,0,2.69%,-19.46%,,,,,,,,,,,,
,,,,,,,,,,,,,,,,,,2025,9/16/2025,$                                                     177.63,,,,,,,,,,3.06%,$           177.63,5.44,249.90,165.63,202.36,14%,41%,2.18%,3.28%,2.83%,57.30%,57.30%,0,2.69%,-19.72%,,,,,,,,,,,,
,,,,,,,,,,,,,,,,,,2025,9/17/2025,$                                                     180.30,,,,,,,,,,3.02%,$           180.30,5.44,249.90,165.63,202.36,17%,39%,2.18%,3.28%,2.78%,54.97%,54.97%,0,2.69%,-18.51%,,,,,,,,,,,,
,,,,,,,,,,,,,,,,,,2025,9/18/2025,$                                                      181.62,,,,,,,,,,3.00%,$            181.62,5.44,249.90,165.63,202.36,19%,38%,2.18%,3.28%,2.76%,53.84%,53.84%,0,2.69%,-17.91%,,,,,,,,,,,,
,,,,,,,,,,,,,,,,,,2025,9/19/2025,$                                                     179.37,,,,,,,,,,3.03%,$           179.37,5.44,249.90,165.63,202.36,16%,39%,2.18%,3.28%,2.80%,55.77%,55.77%,0,2.69%,-18.93%,,,,,,,,,,,,
,,,,,,,,,,,,,,,,,,2025,9/22/2025,$                                                     179.62,,,,,,,,,,3.03%,$           179.62,5.44,249.90,165.63,202.36,17%,39%,2.18%,3.28%,2.79%,55.56%,55.56%,0,2.69%,-18.82%,,,,,,,,,,,,
,,,,,,,,,,,,,,,,,,2025,9/23/2025,$                                                     182.04,,,,,,,,,,2.99%,$           182.04,5.44,249.90,165.63,202.36,19%,37%,2.18%,3.28%,2.76%,53.49%,53.49%,0,2.69%,-17.72%,,,,,,,,,,,,
,,,,,,,,,,,,,,,,,,2025,9/24/2025,$                                                     184.44,,,,,,,,,,2.95%,$           184.44,5.44,249.90,165.63,202.36,22%,35%,2.18%,3.28%,2.72%,51.50%,51.50%,0,2.69%,-16.64%,,,,,,,,,,,,
,,,,,,,,,,,,,,,,,,2025,9/25/2025,$                                                     182.04,,,,,,,,,,2.99%,$           182.04,5.44,249.90,165.63,202.36,19%,37%,2.18%,3.28%,2.76%,53.49%,53.49%,0,2.69%,-17.72%,,,,,,,,,,,,
,,,,,,,,,,,,,,,,,,2025,9/26/2025,$                                                     184.55,,,,,,,,,,2.95%,$           184.55,5.44,249.90,165.63,202.36,22%,35%,2.18%,3.28%,2.72%,51.40%,51.40%,0,2.69%,-16.59%,,,,,,,,,,,,
,,,,,,,,,,,,,,,,,,2025,9/29/2025,$                                                     183.23,,,,,,,,,,2.97%,$           183.23,5.44,249.90,165.63,202.36,21%,36%,2.18%,3.28%,2.74%,52.49%,52.49%,0,2.69%,-17.18%,,,,,,,,,,,,
,,,,,,,,,,,,,,,,,,2025,9/30/2025,$                                                     183.73,,,,,,,,,,2.96%,$           183.73,5.44,249.90,165.63,202.36,21%,36%,2.18%,3.28%,2.73%,52.08%,52.08%,0,2.69%,-16.96%,,,,,,,,,,,,
,,,,,,,,,,,,,,,,,,2025,10/1/2025,$                                                     180.39,,,,,,,,,,3.02%,$           180.39,5.44,249.90,165.63,202.36,18%,39%,2.18%,3.28%,2.78%,54.89%,54.89%,0,2.69%,-18.47%,,,,,,,,,,,,
,,,,,,,,,,,,,,,,,,2025,10/2/2025,$                                                     182.32,,,,,,,,,,2.98%,$           182.32,5.44,249.90,165.63,202.36,20%,37%,2.18%,3.28%,2.75%,53.25%,53.25%,0,2.69%,-17.60%,,,,,,,,,,,,
,,,,,,,,,,,,,,,,,,2025,10/3/2025,$                                                     180.32,,,,,,,,,,3.02%,$           180.32,5.44,249.90,165.63,202.36,17%,39%,2.18%,3.28%,2.78%,54.95%,54.95%,0,2.69%,-18.50%,,,,,,,,,,,,
,,,,,,,,,,,,,,,,,,2025,10/6/2025,$                                                       181.81,,,,,,,,,,2.99%,$             181.81,5.44,249.90,165.63,202.36,19%,37%,2.18%,3.28%,2.76%,53.68%,53.68%,0,2.69%,-17.83%,,,,,,,,,,,,
,,,,,,,,,,,,,,,,,,2025,10/7/2025,$                                                     177.05,,,,,,,,,,3.07%,$           177.05,5.44,249.90,165.63,202.36,14%,41%,2.18%,3.28%,2.84%,57.81%,57.81%,0,2.69%,-19.98%,,,,,,,,,,,,
,,,,,,,,,,,,,,,,,,2025,10/8/2025,$                                                      181.60,,,,,,,,,,3.00%,$            181.60,5.44,249.90,165.63,202.36,19%,38%,2.18%,3.28%,2.76%,53.86%,53.86%,0,2.69%,-17.92%,,,,,,,,,,,,
,,,,,,,,,,,,,,,,,,2025,10/9/2025,$                                                     178.96,,,,,,,,,,3.04%,$           178.96,5.44,249.90,165.63,202.36,16%,40%,2.18%,3.28%,2.81%,56.13%,56.13%,0,2.69%,-19.11%,,,,,,,,,,,,
,,,,,,,,,,,,,,,,,,2025,10/10/2025,$                                                      171.70,,,,,,,,,,3.17%,$            171.70,5.44,249.90,165.63,202.36,7%,46%,2.18%,3.28%,2.92%,62.73%,62.73%,0,2.69%,-22.40%,,,,,,,,,,,,
,,,,,,,,,,,,,,,,,,2025,10/13/2025,$                                                       175.11,,,,,,,,,,3.11%,$             175.11,5.44,249.90,165.63,202.36,11%,43%,2.18%,3.28%,2.87%,59.56%,59.56%,0,2.69%,-20.85%,,,,,,,,,,,,
,,,,,,,,,,,,,,,,,,2025,10/14/2025,$                                                     173.94,,,,,,,,,,3.13%,$           173.94,5.44,249.90,165.63,202.36,10%,44%,2.18%,3.28%,2.89%,60.64%,60.64%,0,2.69%,-21.38%,,,,,,,,,,,,
,,,,,,,,,,,,,,,,,,2025,10/15/2025,$                                                     175.27,,,,,,,,,,3.10%,$           175.27,5.44,249.90,165.63,202.36,11%,43%,2.18%,3.28%,2.86%,59.42%,59.42%,0,2.69%,-20.78%,,,,,,,,,,,,
,,,,,,,,,,,,,,,,,,2025,10/16/2025,$                                                     175.48,,,,,,,,,,3.10%,$           175.48,5.44,249.90,165.63,202.36,12%,42%,2.18%,3.28%,2.86%,59.23%,59.23%,0,2.69%,-20.69%,,,,,,,,,,,,
,,,,,,,,,,,,,,,,,,2025,10/17/2025,$                                                     176.58,,,,,,,,,,3.08%,$           176.58,5.44,249.90,165.63,202.36,13%,42%,2.18%,3.28%,2.84%,58.23%,58.23%,0,2.69%,-20.19%,,,,,,,,,,,,
,,,,,,,,,,,,,,,,,,2025,10/20/2025,$                                                     179.59,,,,,,,,,,3.03%,$           179.59,5.44,249.90,165.63,202.36,17%,39%,2.18%,3.28%,2.80%,55.59%,55.59%,0,2.69%,-18.83%,,,,,,,,,,,,
,,,,,,,,,,,,,,,,,,2025,10/21/2025,$                                                     180.84,,,,,,,,,,3.01%,$           180.84,5.44,249.90,165.63,202.36,18%,38%,2.18%,3.28%,2.78%,54.51%,54.51%,0,2.69%,-18.26%,,,,,,,,,,,,
,,,,,,,,,,,,,,,,,,2025,10/22/2025,$                                                      170.71,,,,,,,,,,3.19%,$            170.71,5.44,249.90,165.63,202.36,6%,46%,2.18%,3.28%,2.94%,63.68%,63.68%,0,2.69%,-22.84%,,,,,,,,,,,,
,,,,,,,,,,,,,,,,,,2025,10/23/2025,$                                                      172.19,,,,,,,,,,3.16%,$            172.19,5.44,249.90,165.63,202.36,8%,45%,2.18%,3.28%,2.92%,62.27%,62.27%,0,2.69%,-22.17%,,,,,,,,,,,,
,,,,,,,,,,,,,,,,,,2025,10/24/2025,$                                                      169.13,,,,,,,,,,3.22%,$            169.13,5.44,249.90,165.63,202.36,4%,48%,2.18%,3.28%,2.97%,65.20%,65.20%,0,2.69%,-23.56%,,,,,,,,,,,,
,,,,,,,,,,,,,,,,,,2025,10/27/2025,$                                                      169.41,,,,,,,,,,3.21%,$            169.41,5.44,249.90,165.63,202.36,4%,48%,2.18%,3.28%,2.96%,64.93%,64.93%,0,2.69%,-23.43%,,,,,,,,,,,,
,,,,,,,,,,,,,,,,,,2025,10/28/2025,$                                                      166.91,,,,,,,,,,3.26%,$            166.91,5.44,249.90,165.63,202.36,2%,50%,2.18%,3.28%,3.01%,67.40%,67.40%,0,2.69%,-24.56%,,,,,,,,,,,,
,,,,,,,,,,,,,,,,,,2025,10/29/2025,$                                                     160.26,,,,,,,,,,3.39%,$           160.26,5.44,249.90,165.63,202.36,-6%,56%,2.18%,3.28%,3.13%,74.35%,74.35%,0,2.69%,-27.57%,,,,,,,,,,,,
,,,,,,,,,,,,,,,,,,2025,10/30/2025,$                                                      160.51,,,,,,,,,,3.39%,$            160.51,5.44,249.90,165.63,202.36,-6%,56%,2.18%,3.28%,3.13%,74.08%,74.08%,0,2.69%,-27.45%,,,,,,,,,,,,
,,,,,,,,,,,,,,,,,,2025,10/31/2025,$                                                      161.46,,,,,,,,,,3.37%,$            161.46,5.44,249.90,165.63,202.36,-5%,55%,2.18%,3.28%,3.11%,73.05%,73.05%,0,2.69%,-27.02%,,,,,,,,,,,,
,,,,,,,,,,,,,,,,,,2025,11/3/2025,$                                                      161.46,,,,,,,,,,3.37%,$            161.46,5.44,249.90,165.63,202.36,-5%,55%,2.18%,3.28%,3.11%,73.05%,73.05%,0,2.69%,-27.02%,,,,,,,,,,,,
,,,,,,,,,,,,,,,,,,2025,11/4/2025,$                                                     159.36,,,,,,,,,,3.41%,$           159.36,5.44,249.90,165.63,202.36,-7%,57%,2.18%,3.28%,3.15%,75.33%,75.33%,0,2.69%,-27.97%,,,,,,,,,,,,
,,,,,,,,,,,,,,,,,,2025,11/5/2025,$                                                     163.57,,,,,,,,,,3.33%,$           163.57,5.44,249.90,165.63,202.36,-2%,53%,2.18%,3.28%,3.07%,70.82%,70.82%,0,2.69%,-26.07%,,,,,,,,,,,,
,,,,,,,,,,,,,,,,,,2025,11/6/2025,$                                                      161.38,,,,,,,,,,3.37%,$            161.38,5.44,249.90,165.63,202.36,-5%,55%,2.18%,3.28%,3.11%,73.14%,73.14%,0,2.69%,-27.06%,,,,,,,,,,,,
,,,,,,,,,,,,,,,,,,2025,11/7/2025,$                                                     160.55,,,,,,,,,,3.39%,$           160.55,5.44,249.90,165.63,202.36,-6%,56%,2.18%,3.28%,3.13%,74.03%,74.03%,0,2.69%,-27.44%,,,,,,,,,,,,
,,,,,,,,,,,,,,,,,,2025,11/10/2025,$                                                     160.58,,,,,,,,,,3.39%,$           160.58,5.44,249.90,165.63,202.36,-6%,56%,2.18%,3.28%,3.13%,74.00%,74.00%,0,2.69%,-27.42%,,,,,,,,,,,,
,,,,,,,,,,,,,,,,,,2025,11/11/2025,$                                                     159.73,,,,,,,,,,3.41%,$           159.73,5.44,249.90,165.63,202.36,-7%,56%,2.18%,3.28%,3.14%,74.93%,74.93%,0,2.69%,-27.81%,,,,,,,,,,,,
,,,,,,,,,,,,,,,,,,2025,11/12/2025,$                                                     163.09,,,,,,,,,,3.34%,$           163.09,5.44,249.90,165.63,202.36,-3%,53%,2.18%,3.28%,3.08%,71.32%,71.32%,0,2.69%,-26.29%,,,,,,,,,,,,
,,,,,,,,,,,,,,,,,,2025,11/13/2025,$                                                     162.23,,,,,,,,,,3.35%,$           162.23,5.44,249.90,165.63,202.36,-4%,54%,2.18%,3.28%,3.09%,72.23%,72.23%,0,2.69%,-26.68%,,,,,,,,,,,,
,,,,,,,,,,,,,,,,,,2025,11/14/2025,$                                                     159.33,,,,,,,,,,3.41%,$           159.33,5.44,249.90,165.63,202.36,-7%,57%,2.18%,3.28%,3.15%,75.37%,75.37%,0,2.69%,-27.99%,,,,,,,,,,,,
,,,,,,,,,,,,,,,,,,2025,11/17/2025,$                                                     154.99,,,,,,,,,,3.51%,$           154.99,5.44,249.90,165.63,202.36,-13%,61%,2.18%,3.28%,3.24%,80.28%,80.28%,0,2.69%,-29.95%,,,,,,,,,,,,
,,,,,,,,,,,,,,,,,,2025,11/18/2025,$                                                     157.32,,,,,,,,,,3.46%,$           157.32,5.44,249.90,165.63,202.36,-10%,59%,2.18%,3.28%,3.19%,77.61%,77.61%,0,2.69%,-28.89%,,,,,,,,,,,,
,,,,,,,,,,,,,,,,,,2025,11/19/2025,$                                                     157.09,,,,,,,,,,3.46%,$           157.09,5.44,249.90,165.63,202.36,-10%,59%,2.18%,3.28%,3.20%,77.87%,77.87%,0,2.69%,-29.00%,,,,,,,,,,,,
,,,,,,,,,,,,,,,,,,2025,11/20/2025,$                                                     153.33,,,,,,,,,,3.55%,$           153.33,5.44,249.90,165.63,202.36,-15%,63%,2.18%,3.28%,3.27%,82.23%,82.23%,0,2.69%,-30.70%,,,,,,,,,,,,
,,,,,,,,,,,,,,,,,,2025,11/21/2025,$                                                     159.40,,,,,,,,,,3.41%,$           159.40,5.44,249.90,165.63,202.36,-7%,57%,2.18%,3.28%,3.15%,75.29%,75.29%,0,2.69%,-27.95%,,,,,,,,,,,,
,,,,,,,,,,,,,,,,,,2025,11/24/2025,$                                                      161.26,,,,,,,,,,3.37%,$            161.26,5.44,249.90,165.63,202.36,-5%,55%,2.18%,3.28%,3.11%,73.27%,73.27%,0,2.69%,-27.11%,,,,,,,,,,,,
,,,,,,,,,,,,,,,,,,2025,11/25/2025,$                                                      161.77,,,,,,,,,,3.36%,$            161.77,5.44,249.90,165.63,202.36,-5%,54%,2.18%,3.28%,3.10%,72.72%,72.72%,0,2.69%,-26.88%,,,,,,,,,,,,
,,,,,,,,,,,,,,,,,,2025,11/26/2025,$                                                     165.35,,,,,,,,,,3.29%,$           165.35,5.44,249.90,165.63,202.36,0%,51%,2.18%,3.28%,3.04%,68.98%,68.98%,0,2.69%,-25.27%,,,,,,,,,,,,
,,,,,,,,,,,,,,,,,,2025,11/28/2025,$                                                     168.27,,,,,,,,,,3.23%,$           168.27,5.44,249.90,165.63,202.36,3%,49%,2.18%,3.28%,2.98%,66.05%,66.05%,0,2.69%,-23.95%,,,,,,,,,,,,
,,,,,,,,,,,,,,,,,,2025,12/1/2025,$                                                      168.16,,,,,,,,,,3.24%,$            168.16,5.44,249.90,165.63,202.36,3%,49%,2.18%,3.28%,2.99%,66.16%,66.16%,0,2.69%,-24.00%,,,,,,,,,,,,
,,,,,,,,,,,,,,,,,,2025,12/2/2025,$                                                     175.26,,,,,,,,,,3.10%,$           175.26,5.44,249.90,165.63,202.36,11%,43%,2.18%,3.28%,2.86%,59.43%,59.43%,0,2.69%,-20.79%,,,,,,,,,,,,
,,,,,,,,,,,,,,,,,,2025,12/3/2025,$                                                     182.60,,,,,,,,,,2.98%,$           182.60,5.44,249.90,165.63,202.36,20%,37%,2.18%,3.28%,2.75%,53.02%,53.02%,0,2.69%,-17.47%,,,,,,,,,,,,
,,,,,,,,,,,,,,,,,,2025,12/4/2025,$                                                      180.12,,,,,,,,,,3.02%,$            180.12,5.44,249.90,165.63,202.36,17%,39%,2.18%,3.28%,2.79%,55.12%,55.12%,0,2.69%,-18.59%,,,,,,,,,,,,
,,,,,,,,,,,,,,,,,,2025,12/5/2025,$                                                     182.54,,,,,,,,,,2.98%,$           182.54,5.44,249.90,165.63,202.36,20%,37%,2.18%,3.28%,2.75%,53.07%,53.07%,0,2.69%,-17.50%,,,,,,,,,,,,
,,,,,,,,,,,,,,,,,,2025,12/8/2025,$                                                     180.94,,,,,,,,,,3.01%,$           180.94,5.44,249.90,165.63,202.36,18%,38%,2.18%,3.28%,2.77%,54.42%,54.42%,0,2.69%,-18.22%,,,,,,,,,,,,
,,,,,,,,,,,,,,,,,,2025,12/9/2025,$                                                     179.52,,,,,,,,,,3.03%,$           179.52,5.44,249.90,165.63,202.36,16%,39%,2.18%,3.28%,2.80%,55.64%,55.64%,0,2.69%,-18.86%,,,,,,,,,,,,
,,,,,,,,,,,,,,,,,,2025,12/10/2025,$                                                      181.67,,,,,,,,,,2.99%,$            181.67,5.44,249.90,165.63,202.36,19%,38%,2.18%,3.28%,2.76%,53.80%,53.80%,0,2.69%,-17.89%,,,,,,,,,,,,
,,,,,,,,,,,,,,,,,,2025,12/11/2025,$                                                      181.67,,,,,,,,,,2.99%,$            181.67,5.44,249.90,165.63,202.36,19%,38%,2.18%,3.28%,2.76%,53.80%,53.80%,0,2.69%,-17.89%,,,,,,,,,,,,
,,,,,,,,,,,,,,,,,,2025,12/12/2025,$                                                     179.42,,,,,,,,,,3.03%,$           179.42,5.44,249.90,165.63,202.36,16%,39%,2.18%,3.28%,2.80%,55.73%,55.73%,0,2.69%,-18.91%,,,,,,,,,,,,
,,,,,,,,,,,,,,,,,,2025,12/15/2025,$                                                     177.97,,,,,,,,,,3.06%,$           177.97,5.44,249.90,165.63,202.36,15%,40%,2.18%,3.28%,2.82%,57.00%,57.00%,0,2.69%,-19.56%,,,,,,,,,,,,
,,,,,,,,,,,,,,,,,,2025,12/16/2025,$                                                     177.56,,,,,,,,,,3.06%,$           177.56,5.44,249.90,165.63,202.36,14%,41%,2.18%,3.28%,2.83%,57.36%,57.36%,0,2.69%,-19.75%,,,,,,,,,,,,
,,,,,,,,,,,,,,,,,,2025,12/17/2025,$                                                     174.49,,,,,,,,,,3.12%,$           174.49,5.44,249.90,165.63,202.36,11%,43%,2.18%,3.28%,2.88%,60.13%,60.13%,0,2.69%,-21.13%,,,,,,,,,,,,
,,,,,,,,,,,,,,,,,,2025,12/18/2025,$                                                      176.19,,,,,,,,,,3.09%,$            176.19,5.44,249.90,165.63,202.36,13%,42%,2.18%,3.28%,2.85%,58.58%,58.58%,0,2.69%,-20.37%,,,,,,,,,,,,
,,,,,,,,,,,,,,,,,,2025,12/19/2025,$                                                     176.29,,,,,,,,,,3.09%,$           176.29,5.44,249.90,165.63,202.36,13%,42%,2.18%,3.28%,2.85%,58.49%,58.49%,0,2.69%,-20.32%,,,,,,,,,,,,
,,,,,,,,,,,,,,,,,,2025,12/22/2025,$                                                     178.82,,,,,,,,,,3.04%,$           178.82,5.44,249.90,165.63,202.36,16%,40%,2.18%,3.28%,2.81%,56.25%,56.25%,0,2.69%,-19.18%,,,,,,,,,,,,
,,,,,,,,,,,,,,,,,,2025,12/23/2025,$                                                     177.08,,,,,,,,,,3.07%,$           177.08,5.44,249.90,165.63,202.36,14%,41%,2.18%,3.28%,2.83%,57.79%,57.79%,0,2.69%,-19.96%,,,,,,,,,,,,
,,,,,,,,,,,,,,,,,,2025,12/24/2025,$                                                      177.13,,,,,,,,,,3.07%,$            177.13,5.44,249.90,165.63,202.36,14%,41%,2.18%,3.28%,2.83%,57.74%,57.74%,0,2.69%,-19.94%,,,,,,,,,,,,
,,,,,,,,,,,,,,,,,,2025,12/26/2025,$                                                     176.88,,,,,,,,,,3.08%,$           176.88,5.44,249.90,165.63,202.36,13%,41%,2.18%,3.28%,2.84%,57.97%,57.97%,0,2.69%,-20.05%,,,,,,,,,,,,
,,,,,,,,,,,,,,,,,,2025,12/29/2025,$                                                     175.69,,,,,,,,,,3.10%,$           175.69,5.44,249.90,165.63,202.36,12%,42%,2.18%,3.28%,2.86%,59.04%,59.04%,0,2.69%,-20.59%,,,,,,,,,,,,
,,,,,,,,,,,,,,,,,,2025,12/30/2025,$                                                     175.42,,,,,,,,,,3.10%,$           175.42,5.44,249.90,165.63,202.36,12%,42%,2.18%,3.28%,2.86%,59.28%,59.28%,0,2.69%,-20.71%,,,,,,,,,,,,
,,,,,,,,,,,,,,,,,,2025,12/31/2025,$                                                     173.49,,,,,,,,,,3.14%,$           173.49,5.44,249.90,165.63,202.36,9%,44%,2.18%,3.28%,2.89%,61.05%,61.05%,0,2.69%,-21.59%,,,,,,,,,,,,
,,,,,,,,,,,,,,,,,,2026,1/2/2026,$                                                     177.52,,,,,,,,,,3.06%,$           177.52,5.44,249.90,165.63,202.36,14%,41%,2.18%,3.28%,2.83%,57.40%,57.40%,0,2.69%,-19.76%,,,,,,,,,,,,
,,,,,,,,,,,,,,,,,,2026,1/5/2026,$                                                      177.17,,,,,,,,,,3.07%,$            177.17,5.44,249.90,165.63,202.36,14%,41%,2.18%,3.28%,2.83%,57.71%,57.71%,0,2.69%,-19.92%,,,,,,,,,,,,
,,,,,,,,,,,,,,,,,,2026,1/6/2026,$                                                      192.10,,,,,,,,,,2.83%,$            192.10,5.44,249.90,165.63,202.36,31%,30%,2.18%,3.28%,2.61%,45.45%,45.45%,0,2.69%,-13.18%,,,,,,,,,,,,
,,,,,,,,,,,,,,,,,,2026,1/7/2026,$                                                      185.71,,,,,,,,,,2.93%,$            185.71,5.44,249.90,165.63,202.36,24%,35%,2.18%,3.28%,2.70%,50.46%,50.46%,0,2.69%,-16.06%,,,,,,,,,,,,
,,,,,,,,,,,,,,,,,,2026,1/8/2026,$                                                     188.45,,,,,,,,,,2.89%,$           188.45,5.44,249.90,165.63,202.36,27%,33%,2.18%,3.28%,2.66%,48.27%,48.27%,0,2.69%,-14.82%,,,,,,,,,,,,
,,,,,,,,,,,,,,,,,,2026,1/9/2026,$                                                      190.31,,,,,,,,,,2.86%,$            190.31,5.44,249.90,165.63,202.36,29%,31%,2.18%,3.28%,2.64%,46.82%,46.82%,0,2.69%,-13.98%,,,,,,,,,,,,
,,,,,,,,,,,,,,,,,,2026,1/12/2026,$                                                     189.07,,,,,,,,,,2.88%,$           189.07,5.44,249.90,165.63,202.36,28%,32%,2.18%,3.28%,2.66%,47.78%,47.78%,0,2.69%,-14.54%,,,,,,,,,,,,
,,,,,,,,,,,,,,,,,,2026,1/13/2026,$                                                     188.53,,,,,,,,,,2.89%,$           188.53,5.44,249.90,165.63,202.36,27%,33%,2.18%,3.28%,2.66%,48.20%,48.20%,0,2.69%,-14.79%,,,,,,,,,,,,
,,,,,,,,,,,,,,,,,,2026,1/14/2026,$                                                     193.45,,,,,,,,,,2.81%,$           193.45,5.44,249.90,165.63,202.36,33%,29%,2.18%,3.28%,2.59%,44.44%,44.44%,0,2.69%,-12.56%,,,,,,,,,,,,
,,,,,,,,,,,,,,,,,,2026,1/15/2026,$                                                      189.12,,,,,,,,,,2.88%,$            189.12,5.44,249.90,165.63,202.36,28%,32%,2.18%,3.28%,2.65%,47.74%,47.74%,0,2.69%,-14.52%,,,,,,,,,,,,
,,,,,,,,,,,,,,,,,,2026,1/16/2026,$                                                      191.58,,,,,,,,,,2.84%,$            191.58,5.44,249.90,165.63,202.36,31%,30%,2.18%,3.28%,2.62%,45.85%,45.85%,0,2.69%,-13.41%,,,,,,,,,,,,
,,,,,,,,,,,,,,,,,,2026,1/20/2026,$                                                     189.59,,,,,,,,,,2.87%,$           189.59,5.44,249.90,165.63,202.36,28%,32%,2.18%,3.28%,2.65%,47.38%,47.38%,0,2.69%,-14.31%,,,,,,,,,,,,
,,,,,,,,,,,,,,,,,,2026,1/21/2026,$                                                      194.41,,,,,,,,,,2.80%,$            194.41,5.44,249.90,165.63,202.36,34%,29%,2.18%,3.28%,2.58%,43.72%,43.72%,0,2.69%,-12.13%,,,,,,,,,,,,
,,,,,,,,,,,,,,,,,,2026,1/22/2026,$                                                     194.99,,,,,,,,,,2.79%,$           194.99,5.44,249.90,165.63,202.36,35%,28%,2.18%,3.28%,2.57%,43.29%,43.29%,0,2.69%,-11.87%,,,,,,,,,,,,
,,,,,,,,,,,,,,,,,,2026,1/23/2026,$                                                      193.31,,,,,,,,,,2.81%,$            193.31,5.44,249.90,165.63,202.36,33%,29%,2.18%,3.28%,2.60%,44.54%,44.54%,0,2.69%,-12.63%,,,,,,,,,,,,
,,,,,,,,,,,,,,,,,,2026,1/26/2026,$                                                     196.59,,,,,,,,,,2.77%,$           196.59,5.44,249.90,165.63,202.36,37%,27%,2.18%,3.28%,2.55%,42.13%,42.13%,0,2.69%,-11.15%,,,,,,,,,,,,
,,,,,,,,,,,,,,,,,,2026,1/27/2026,$                                                     196.63,,,,,,,,,,2.77%,$           196.63,5.44,249.90,165.63,202.36,37%,27%,2.18%,3.28%,2.55%,42.10%,42.10%,0,2.69%,-11.13%,,,,,,,,,,,,
,,,,,,,,,,,,,,,,,,2026,1/28/2026,$                                                      216.17,,,,,,,,,,2.52%,$            216.17,5.44,249.90,165.63,202.36,60%,16%,2.18%,3.28%,2.32%,29.25%,29.25%,0,2.69%,-2.30%,,,,,,,,,,,,
,,,,,,,,,,,,,,,,,,2026,1/29/2026,$                                                     218.97,,,,,,,,,,2.48%,$           218.97,5.44,249.90,165.63,202.36,63%,14%,2.18%,3.28%,2.29%,27.60%,27.60%,0,2.69%,-1.03%,,,,,,,,,,,,
,,,,,,,,,,,,,,,,,,2026,1/30/2026,$                                                     215.55,,,,,,,,,,2.52%,$           215.55,5.44,249.90,165.63,202.36,59%,16%,2.18%,3.28%,2.33%,29.63%,29.63%,0,2.69%,-2.58%,,,,,,,,,,,,
,,,,,,,,,,,,,,,,,,2026,2/2/2026,$                                                     225.01,,,,,,,,,,2.42%,$           225.01,5.44,249.90,165.63,202.36,70%,11%,2.18%,3.28%,2.23%,24.18%,24.18%,0,2.69%,0.00%,,,,,,,,,,,,
,,,,,,,,,,,,,,,,,,2026,2/3/2026,$                                                     225.21,,,,,,,,,,2.42%,$           225.21,5.44,249.90,165.63,202.36,71%,11%,2.18%,3.28%,2.23%,24.07%,24.07%,0,2.69%,0.00%,,,,,,,,,,,,
,,,,,,,,,,,,,,,,,,2026,2/4/2026,$                                                    222.92,,,,,,,,,,2.44%,$          222.92,5.44,249.90,165.63,202.36,68%,12%,2.18%,3.28%,2.25%,25.34%,25.34%,0,2.69%,-1.02%,,,,,,,,,,,,
,,,,,,,,,,,,,,,,,,2026,2/5/2026,$                                                    223.98,,,,,,,,,,2.43%,$          223.98,5.44,249.90,165.63,202.36,69%,12%,2.18%,3.28%,2.24%,24.75%,24.75%,0,2.69%,-0.55%,,,,,,,,,,,,
,,,,,,,,,,,,,,,,,,2026,2/6/2026,$                                                     221.44,,,,,,,,,,2.46%,$           221.44,5.44,249.90,165.63,202.36,66%,13%,2.18%,3.28%,2.27%,26.18%,26.18%,0,2.69%,-1.67%,,,,,,,,,,,,
,,,,,,,,,,,,,,,,,,2026,2/9/2026,$                                                     218.77,,,,,,,,,,2.49%,$           218.77,5.44,249.90,165.63,202.36,63%,14%,2.18%,3.28%,2.29%,27.72%,27.72%,0,2.69%,-2.86%,,,,,,,,,,,,
,,,,,,,,,,,,,,,,,,2026,2/10/2026,$                                                    220.92,,,,,,,,,,2.46%,$          220.92,5.44,249.90,165.63,202.36,66%,13%,2.18%,3.28%,2.27%,26.48%,26.48%,0,2.69%,-1.90%,,,,,,,,,,,,
,,,,,,,,,,,,,,,,,,2026,2/11/2026,$                                                    226.56,,,,,,,,,,2.40%,$          226.56,5.44,249.90,165.63,202.36,72%,10%,2.18%,3.28%,2.22%,23.33%,23.33%,0,2.69%,0.00%,,,,,,,,,,,,
,,,,,,,,,,,,,,,,,,2026,2/12/2026,$                                                    223.00,,,,,,,,,,2.44%,$          223.00,5.44,249.90,165.63,202.36,68%,12%,2.18%,3.28%,2.25%,25.30%,25.30%,0,2.69%,-1.57%,,,,,,,,,,,,
,,,,,,,,,,,,,,,,,,2026,2/13/2026,$                                                     226.16,,,,,,,,,,2.41%,$           226.16,5.44,249.90,165.63,202.36,72%,10%,2.18%,3.28%,2.22%,23.55%,23.55%,0,2.69%,-0.18%,,,,,,,,,,,,
,,,,,,,,,,,,,,,,,,2026,2/17/2026,$                                                    225.69,,,,,,,,,,2.41%,$          225.69,5.44,249.90,165.63,202.36,71%,11%,2.18%,3.28%,2.22%,23.80%,23.80%,0,2.69%,-0.38%,,,,,,,,,,,,
,,,,,,,,,,,,,,,,,,2026,2/18/2026,$                                                    223.32,,,,,,,,,,2.44%,$          223.32,5.44,249.90,165.63,202.36,68%,12%,2.18%,3.28%,2.25%,25.12%,25.12%,0,2.69%,-1.43%,,,,,,,,,,,,
,,,,,,,,,,,,,,,,,,2026,2/19/2026,$                                                     218.05,,,,,,,,,,2.49%,$           218.05,5.44,249.90,165.63,202.36,62%,15%,2.18%,3.28%,2.30%,28.14%,28.14%,0,2.69%,-3.76%,,,,,,,,,,,,
,,,,,,,,,,,,,,,,,,2026,2/20/2026,$                                                     219.73,,,,,,,,,,2.48%,$           219.73,5.44,249.90,165.63,202.36,64%,14%,2.18%,3.28%,2.28%,27.16%,27.16%,0,2.69%,-3.01%,,,,,,,,,,,,
,,,,,,,,,,,,,,,,,,2026,2/23/2026,$                                                     219.86,,,,,,,,,,2.47%,$           219.86,5.44,249.90,165.63,202.36,64%,14%,2.18%,3.28%,2.28%,27.09%,27.09%,0,2.69%,-2.96%,,,,,,,,,,,,
,,,,,,,,,,,,,,,,,,2026,2/24/2026,$                                                     213.35,,,,,,,,,,2.55%,$           213.35,5.44,249.90,165.63,202.36,57%,17%,2.18%,3.28%,2.35%,30.96%,30.96%,0,2.69%,-5.83%,,,,,,,,,,,,
,,,,,,,,,,,,,,,,,,2026,2/25/2026,$                                                     213.90,,,,,,,,,,2.54%,$           213.90,5.44,249.90,165.63,202.36,57%,17%,2.18%,3.28%,2.35%,30.63%,30.63%,0,2.69%,-5.59%,,,,,,,,,,,,
,,,,,,,,,,,,,,,,,,2026,2/26/2026,$                                                     212.63,,,,,,,,,,2.56%,$           212.63,5.44,249.90,165.63,202.36,56%,18%,2.18%,3.28%,2.36%,31.41%,31.41%,0,2.69%,-6.15%,,,,,,,,,,,,
,,,,,,,,,,,,,,,,,,2026,2/27/2026,$                                                       212.11,,,,,,,,,,2.56%,$             212.11,5.44,249.90,165.63,202.36,55%,18%,2.18%,3.28%,2.37%,31.73%,31.73%,0,2.69%,-6.38%,,,,,,,,,,,,
,,,,,,,,,,,,,,,,,,2026,3/2/2026,$                                                    209.82,,,,,,,,,,2.59%,$          209.82,5.44,249.90,165.63,202.36,52%,19%,2.18%,3.28%,2.39%,33.17%,33.17%,0,2.69%,-7.39%,,,,,,,,,,,,
,,,,,,,,,,,,,,,,,,2026,3/3/2026,$                                                    202.67,,,,,,,,,,2.68%,$          202.67,5.44,249.90,165.63,202.36,44%,23%,2.18%,3.28%,2.48%,37.86%,37.86%,0,2.69%,-10.54%,,,,,,,,,,,,
,,,,,,,,,,,,,,,,,,2026,3/4/2026,$                                                    202.39,,,,,,,,,,2.69%,$          202.39,5.44,249.90,165.63,202.36,44%,23%,2.18%,3.28%,2.48%,38.06%,38.06%,0,2.69%,-10.67%,,,,,,,,,,,,
,,,,,,,,,,,,,,,,,,2026,3/5/2026,$                                                     197.98,,,,,,,,,,2.75%,$           197.98,5.44,249.90,165.63,202.36,38%,26%,2.18%,3.28%,2.54%,41.13%,41.13%,0,2.69%,-12.61%,,,,,,,,,,,,
,,,,,,,,,,,,,,,,,,2026,3/6/2026,$                                                     193.23,,,,,,,,,,2.82%,$           193.23,5.44,249.90,165.63,202.36,33%,29%,2.18%,3.28%,2.60%,44.60%,44.60%,0,2.69%,-14.71%,,,,,,,,,,,,
,,,,,,,,,,,,,,,,,,2026,3/9/2026,$                                                     196.20,,,,,,,,,,2.77%,$           196.20,5.44,249.90,165.63,202.36,36%,27%,2.18%,3.28%,2.56%,42.41%,42.41%,0,2.69%,-13.40%,,,,,,,,,,,,
,,,,,,,,,,,,,,,,,,2026,3/10/2026,$                                                     197.46,,,,,,,,,,2.75%,$           197.46,5.44,249.90,165.63,202.36,38%,27%,2.18%,3.28%,2.54%,41.50%,41.50%,0,2.69%,-12.84%,,,,,,,,,,,,
,,,,,,,,,,,,,,,,,,2026,3/11/2026,$                                                     198.67,,,,,,,,,,2.74%,$           198.67,5.44,249.90,165.63,202.36,39%,26%,2.18%,3.28%,2.53%,40.64%,40.64%,0,2.69%,-12.31%,,,,,,,,,,,,
,,,,,,,,,,,,,,,,,,2026,3/12/2026,$                                                     190.05,,,,,,,,,,2.86%,$           190.05,5.44,249.90,165.63,202.36,29%,31%,2.18%,3.28%,2.64%,47.02%,47.02%,0,2.69%,-16.11%,,,,,,,,,,,,
,,,,,,,,,,,,,,,,,,2026,3/13/2026,$                                                     190.78,,,,,,,,,,2.85%,$           190.78,5.44,249.90,165.63,202.36,30%,31%,2.18%,3.28%,2.63%,46.46%,46.46%,0,2.69%,-15.79%,,,,,,,,,,,,
,,,,,,,,,,,,,,,,,,2026,3/16/2026,$                                                      194.13,,,,,,,,,,2.80%,$            194.13,5.44,249.90,165.63,202.36,34%,29%,2.18%,3.28%,2.59%,43.93%,43.93%,0,2.69%,-14.31%,,,,,,,,,,,,
,,,,,,,,,,,,,,,,,,2026,3/17/2026,$                                                     194.45,,,,,,,,,,2.80%,$           194.45,5.44,249.90,165.63,202.36,34%,29%,2.18%,3.28%,2.58%,43.69%,43.69%,0,2.69%,-14.17%,,,,,,,,,,,,
,,,,,,,,,,,,,,,,,,2026,3/18/2026,$                                                     190.78,,,,,,,,,,2.85%,$           190.78,5.44,249.90,165.63,202.36,30%,31%,2.18%,3.28%,2.63%,46.46%,46.46%,0,2.69%,-15.79%,,,,,,,,,,,,
,,,,,,,,,,,,,,,,,,2026,3/19/2026,$                                                     188.29,,,,,,,,,,2.89%,$           188.29,5.44,249.90,165.63,202.36,27%,33%,2.18%,3.28%,2.67%,48.39%,48.39%,0,2.69%,-16.89%,,,,,,,,,,,,
,,,,,,,,,,,,,,,,,,2026,3/20/2026,$                                                      187.19,,,,,,,,,,2.91%,$            187.19,5.44,249.90,165.63,202.36,26%,34%,2.18%,3.28%,2.68%,49.27%,49.27%,0,2.69%,-17.38%,,,,,,,,,,,,
,,,,,,,,,,,,,,,,,,2026,3/23/2026,$                                                     188.63,,,,,,,,,,2.88%,$           188.63,5.44,249.90,165.63,202.36,27%,32%,2.18%,3.28%,2.66%,48.13%,48.13%,0,2.69%,-16.74%,,,,,,,,,,,,
,,,,,,,,,,,,,,,,,,2026,3/24/2026,$                                                     194.63,,,,,,,,,,2.80%,$           194.63,5.44,249.90,165.63,202.36,34%,28%,2.18%,3.28%,2.58%,43.56%,43.56%,0,2.69%,-14.09%,,,,,,,,,,,,
,,,,,,,,,,,,,,,,,,2026,3/25/2026,$                                                     196.77,,,,,,,,,,2.76%,$           196.77,5.44,249.90,165.63,202.36,37%,27%,2.18%,3.28%,2.55%,42.00%,42.00%,0,2.69%,-13.15%,,,,,,,,,,,,
,,,,,,,,,,,,,,,,,,2026,3/26/2026,$                                                      193.41,,,,,,,,,,2.81%,$            193.41,5.44,249.90,165.63,202.36,33%,29%,2.18%,3.28%,2.60%,44.47%,44.47%,0,2.69%,-14.63%,,,,,,,,,,,,
,,,,,,,,,,,,,,,,,,2026,3/27/2026,$                                                     190.33,,,,,,,,,,2.86%,$           190.33,5.44,249.90,165.63,202.36,29%,31%,2.18%,3.28%,2.64%,46.80%,46.80%,0,2.69%,-15.99%,,,,,,,,,,,,
,,,,,,,,,,,,,,,,,,2026,3/30/2026,$                                                     186.42,,,,,,,,,,2.92%,$           186.42,5.44,249.90,165.63,202.36,25%,34%,2.18%,3.28%,2.69%,49.88%,49.88%,0,2.69%,-17.72%,,,,,,,,,,,,
,,,,,,,,,,,,,,,,,,2026,3/31/2026,$                                                      194.14,,,,,,,,,,2.80%,$            194.14,5.44,249.90,165.63,202.36,34%,29%,2.18%,3.28%,2.59%,43.92%,43.92%,0,2.69%,-14.31%,,,,,,,,,,,,
,,,,,,,,,,,,,,,,,,2026,4/1/2026,$                                                     196.30,,,,,,,,,,2.77%,$           196.30,5.44,249.90,165.63,202.36,36%,27%,2.18%,3.28%,2.56%,42.34%,42.34%,0,2.69%,-13.36%,,,,,,,,,,,,
,,,,,,,,,,,,,,,,,,2026,4/2/2026,$                                                     194.87,,,,,,,,,,2.79%,$           194.87,5.44,249.90,165.63,202.36,35%,28%,2.18%,3.28%,2.58%,43.38%,43.38%,0,2.69%,-13.99%,,,,,,,,,,,,
,,,,,,,,,,,,,,,,,,2026,4/6/2026,$                                                     199.42,,,,,,,,,,2.73%,$           199.42,5.44,249.90,165.63,202.36,40%,25%,2.18%,3.28%,2.52%,40.11%,40.11%,0,2.69%,-11.98%,,,,,,,,,,,,
,,,,,,,,,,,,,,,,,,2026,4/7/2026,$                                                     199.74,,,,,,,,,,2.72%,$           199.74,5.44,249.90,165.63,202.36,40%,25%,2.18%,3.28%,2.51%,39.89%,39.89%,0,2.69%,-11.84%,,,,,,,,,,,,
,,,,,,,,,,,,,,,,,,2026,4/8/2026,$                                                    208.90,,,,,,,,,,2.60%,$          208.90,5.44,249.90,165.63,202.36,51%,20%,2.18%,3.28%,2.40%,33.75%,33.75%,0,2.69%,-7.79%,,,,,,,,,,,,
,,,,,,,,,,,,,,,,,,2026,4/9/2026,$                                                     214.98,,,,,,,,,,2.53%,$           214.98,5.44,249.90,165.63,202.36,59%,16%,2.18%,3.28%,2.34%,29.97%,29.97%,0,2.69%,-5.11%,,,,,,,,,,,,
,,,,,,,,,,,,,,,,,,2026,4/10/2026,$                                                     214.73,,,,,,,,,,2.53%,$           214.73,5.44,249.90,165.63,202.36,58%,16%,2.18%,3.28%,2.34%,30.12%,30.12%,0,2.69%,-5.22%,,,,,,,,,,,,
,,,,,,,,,,,,,,,,,,2026,4/13/2026,$                                                      216.71,,,,,,,,,,2.51%,$            216.71,5.44,249.90,165.63,202.36,61%,15%,2.18%,3.28%,2.32%,28.93%,28.93%,0,2.69%,-4.35%,,,,,,,,,,,,
,,,,,,,,,,,,,,,,,,2026,4/14/2026,$                                                     218.87,,,,,,,,,,2.49%,$           218.87,5.44,249.90,165.63,202.36,63%,14%,2.18%,3.28%,2.29%,27.66%,27.66%,0,2.69%,-3.39%,,,,,,,,,,,,
,,,,,,,,,,,,,,,,,,2026,4/15/2026,$                                                     216.29,,,,,,,,,,2.52%,$           216.29,5.44,249.90,165.63,202.36,60%,16%,2.18%,3.28%,2.32%,29.18%,29.18%,0,2.69%,-4.53%,,,,,,,,,,,,
,,,,,,,,,,,,,,,,,,2026,4/16/2026,$                                                     223.10,,,,,,,,,,2.44%,$           223.10,5.44,249.90,165.63,202.36,68%,12%,2.18%,3.28%,2.25%,25.24%,25.24%,0,2.69%,-1.53%,,,,,,,,,,,,
,,,,,,,,,,,,,,,,,,2026,4/17/2026,$                                                    229.82,,,,,,,,,,2.37%,$          229.82,5.44,249.90,165.63,202.36,76%,9%,2.18%,3.28%,2.18%,21.58%,21.58%,0,2.69%,0.00%,,,,,,,,,,,,
,,,,,,,,,,,,,,,,,,2026,4/20/2026,$                                                    233.70,,,,,,,,,,2.33%,$          233.70,5.44,249.90,165.63,202.36,81%,7%,2.18%,3.28%,2.15%,19.56%,19.56%,0,2.69%,0.00%,,,,,,,,,,,,
,,,,,,,,,,,,,,,,,,2026,4/21/2026,$                                                     233.15,,,,,,,,,,2.33%,$           233.15,5.44,249.90,165.63,202.36,80%,7%,2.18%,3.28%,2.15%,19.84%,19.84%,0,2.69%,-0.24%,,,,,,,,,,,,
,,,,,,,,,,,,,,,,,,2026,4/22/2026,$                                                     236.31,,,,,,,,,,2.30%,$           236.31,5.44,249.90,165.63,202.36,84%,6%,2.18%,3.28%,2.12%,18.24%,18.24%,0,2.69%,0.00%,,,,,,,,,,,,
,,,,,,,,,,,,,,,,,,2026,4/23/2026,$                                                    282.23,,,,,,,,,,1.93%,$          282.23,5.44,249.90,165.63,202.36,138%,-11%,2.18%,3.28%,1.78%,-1.00%,-1.00%,0,2.69%,0.00%,,,,,,,,,,,,
,,,,,,,,,,,,,,,,,,2026,4/24/2026,$                                                     277.14,,,,,,,,,,1.96%,$           277.14,5.44,249.90,165.63,202.36,132%,-10%,2.18%,3.28%,1.81%,0.82%,0.82%,0,2.69%,-1.80%,,,,,,,,,,,,
,,,,,,,,,,,,,,,,,,2026,4/27/2026,$                                                    269.50,,,,,,,,,,2.02%,$          269.50,5.44,249.90,165.63,202.36,123%,-7%,2.18%,3.28%,1.86%,3.68%,3.68%,0,2.69%,-4.51%,,,,,,,,,,,,
,,,,,,,,,,,,,,,,,,2026,4/28/2026,$                                                    265.00,,,,,,,,,,2.05%,$          265.00,5.44,249.90,165.63,202.36,118%,-6%,2.18%,3.28%,1.89%,5.44%,5.44%,0,2.69%,-6.10%,,,,,,,,,,,,
,,,,,,,,,,,,,,,,,,2026,4/29/2026,$                                                    269.22,,,,,,,,,,2.02%,$          269.22,5.44,249.90,165.63,202.36,123%,-7%,2.18%,3.28%,1.86%,3.79%,3.79%,0,2.69%,-4.61%,,,,,,,,,,,,
,,,,,,,,,,,,,,,,,,2026,4/30/2026,$                                                     281.08,,,,,,,,,,1.94%,$           281.08,5.44,249.90,165.63,202.36,137%,-11%,2.18%,3.28%,1.79%,-0.59%,-0.59%,0,2.69%,-0.41%,,,,,,,,,,,,
,,,,,,,,,,,,,,,,,,2026,5/1/2026,$                                                     281.02,,,,,,,,,,1.94%,$           281.02,5.44,249.90,165.63,202.36,137%,-11%,2.18%,3.28%,1.79%,-0.57%,-0.57%,0,2.69%,-0.43%,,,,,,,,,,,,
,,,,,,,,,,,,,,,,,,2026,5/4/2026,$                                                    280.89,,,,,,,,,,1.94%,$          280.89,5.44,249.90,165.63,202.36,137%,-11%,2.18%,3.28%,1.79%,-0.53%,-0.53%,0,2.69%,-0.47%,,,,,,,,,,,,
,,,,,,,,,,,,,,,,,,2026,5/5/2026,$                                                     281.00,,,,,,,,,,1.94%,$           281.00,5.44,249.90,165.63,202.36,137%,-11%,2.18%,3.28%,1.79%,-0.57%,-0.57%,0,2.69%,-0.44%,,,,,,,,,,,,
,,,,,,,,,,,,,,,,,,2026,5/6/2026,$                                                    289.44,,,,,,,,,,1.88%,$          289.44,5.44,249.90,165.63,202.36,147%,-14%,2.18%,3.28%,1.73%,-3.47%,-3.47%,0,2.69%,0.00%,,,,,,,,,,,,
,,,,,,,,,,,,,,,,,,2026,5/7/2026,$                                                    285.24,,,,,,,,,,1.91%,$          285.24,5.44,249.90,165.63,202.36,142%,-12%,2.18%,3.28%,1.76%,-2.04%,-2.04%,0,2.69%,-1.45%,,,,,,,,,,,,
,,,,,,,,,,,,,,,,,,2026,5/8/2026,$                                                    287.80,,,,,,,,,,1.89%,$          287.80,5.44,249.90,165.63,202.36,145%,-13%,2.18%,3.28%,1.74%,-2.92%,-2.92%,0,2.69%,-0.57%,,,,,,,,,,,,
,,,,,,,,,,,,,,,,,,2026,5/11/2026,$                                                    297.76,,,,,,,,,,1.83%,$          297.76,5.44,249.90,165.63,202.36,157%,-16%,2.18%,3.28%,1.69%,-6.16%,-6.16%,0,2.69%,0.00%,,,,,,,,,,,,
,,,,,,,,,,,,,,,,,,2026,5/12/2026,$                                                     295.17,,,,,,,,,,1.84%,$           295.17,5.44,249.90,165.63,202.36,154%,-15%,2.18%,3.28%,1.70%,-5.34%,-5.34%,0,2.69%,-0.87%,,,,,,,,,,,,
,,,,,,,,,,,,,,,,,,2026,5/13/2026,$                                                    306.34,,,,,,,,,,1.78%,$          306.34,5.44,249.90,165.63,202.36,167%,-18%,2.18%,3.28%,1.64%,-8.79%,-8.79%,0,2.69%,0.00%,,,,,,,,,,,,
,,,,,,,,,,,,,,,,,,2026,5/14/2026,$                                                     308.17,,,,,,,,,,1.77%,$           308.17,5.44,249.90,165.63,202.36,169%,-19%,2.18%,3.28%,1.63%,-9.33%,-9.33%,0,2.69%,0.00%,,,,,,,,,,,,
,,,,,,,,,,,,,,,,,,2026,5/15/2026,$                                                    302.73,,,,,,,,,,1.80%,$          302.73,5.44,249.90,165.63,202.36,163%,-17%,2.18%,3.28%,1.66%,-7.70%,-7.70%,0,2.69%,-1.77%,,,,,,,,,,,,
,,,,,,,,,,,,,,,,,,2026,5/18/2026,$                                                    300.60,,,,,,,,,,1.81%,$          300.60,5.44,249.90,165.63,202.36,160%,-17%,2.18%,3.28%,1.67%,-7.05%,-7.05%,0,2.69%,-2.46%,,,,,,,,,,,,
,,,,,,,,,,,,,,,,,,2026,5/19/2026,$                                                     302.31,,,,,,,,,,1.80%,$           302.31,5.44,249.90,165.63,202.36,162%,-17%,2.18%,3.28%,1.66%,-7.58%,-7.58%,0,2.69%,-1.90%,,,,,,,,,,,,
,,,,,,,,,,,,,,,,,,2026,5/20/2026,$                                                    304.88,,,,,,,,,,1.78%,$          304.88,5.44,249.90,165.63,202.36,165%,-18%,2.18%,3.28%,1.65%,-8.35%,-8.35%,0,2.69%,-1.07%,,,,,,,,,,,,
,,,,,,,,,,,,,,,,,,2026,5/21/2026,$                                                    298.39,,,,,,,,,,1.82%,$          298.39,5.44,249.90,165.63,202.36,158%,-16%,2.18%,3.28%,1.68%,-6.36%,-6.36%,0,2.69%,-3.17%,,,,,,,,,,,,
,,,,,,,,,,,,,,,,,,2026,5/22/2026,$                                                     309.21,,,,,,,,,,1.76%,$           309.21,5.44,249.90,165.63,202.36,170%,-19%,2.18%,3.28%,1.62%,-9.64%,-9.64%,0,2.69%,0.00%,,,,,,,,,,,,
,,,,,,,,,,,,,,,,,,2026,5/26/2026,$                                                    324.89,,,,,,,,,,1.67%,$          324.89,5.44,249.90,165.63,202.36,189%,-23%,2.18%,3.28%,1.55%,-14.00%,-14.00%,0,2.69%,0.00%,,,,,,,,,,,,
,,,,,,,,,,,,,,,,,,2026,5/27/2026,$                                                     317.45,,,,,,,,,,1.71%,$           317.45,5.44,249.90,165.63,202.36,180%,-21%,2.18%,3.28%,1.58%,-11.98%,-11.98%,0,2.69%,-2.29%,,,,,,,,,,,,
,,,,,,,,,,,,,,,,,,2026,5/28/2026,$                                                     315.95,,,,,,,,,,1.72%,$           315.95,5.44,249.90,165.63,202.36,178%,-21%,2.18%,3.28%,1.59%,-11.57%,-11.57%,0,2.69%,-2.75%,,,,,,,,,,,,
,,,,,,,,,,,,,,,,,,2026,5/29/2026,$                                                    305.68,,,,,,,,,,1.78%,$          305.68,5.44,249.90,165.63,202.36,166%,-18%,2.18%,3.28%,1.64%,-8.59%,-8.59%,0,2.69%,-5.91%,,,,,,,,,,,,
,,,,,,,,,,,,,,,,,,2026,6/1/2026,$                                                    293.20,,,,,,,,,,1.86%,$          293.20,5.44,249.90,165.63,202.36,151%,-15%,2.18%,3.28%,1.71%,-4.70%,-4.70%,0,2.69%,-9.75%,,,,,,,,,,,,
,,,,,,,,,,,,,,,,,,2026,6/2/2026,$                                                     308.12,,,,,,,,,,1.77%,$           308.12,5.44,249.90,165.63,202.36,169%,-19%,2.18%,3.28%,1.63%,-9.32%,-9.32%,0,2.69%,-5.16%,,,,,,,,,,,,
,,,,,,,,,,,,,,,,,,2026,6/3/2026,$                                                    308.59,,,,,,,,,,1.76%,$          308.59,5.44,249.90,165.63,202.36,170%,-19%,2.18%,3.28%,1.63%,-9.46%,-9.46%,0,2.69%,-5.02%,,,,,,,,,,,,
,,,,,,,,,,,,,,,,,,2026,6/4/2026,$                                                    305.37,,,,,,,,,,1.78%,$          305.37,5.44,249.90,165.63,202.36,166%,-18%,2.18%,3.28%,1.64%,-8.50%,-8.50%,0,2.69%,-6.01%,,,,,,,,,,,,
,,,,,,,,,,,,,,,,,,2026,6/5/2026,$                                                    285.06,,,,,,,,,,1.91%,$          285.06,5.44,249.90,165.63,202.36,142%,-12%,2.18%,3.28%,1.76%,-1.98%,-1.98%,0,2.69%,-12.26%,,,,,,,,,,,,
,,,,,,,,,,,,,,,,,,2026,6/8/2026,$                                                    290.90,,,,,,,,,,1.87%,$          290.90,5.44,249.90,165.63,202.36,149%,-14%,2.18%,3.28%,1.73%,-3.95%,-3.95%,0,2.69%,-10.46%,,,,,,,,,,,,
,,,,,,,,,,,,,,,,,,2026,6/9/2026,$                                                    288.63,,,,,,,,,,1.88%,$          288.63,5.44,249.90,165.63,202.36,146%,-13%,2.18%,3.28%,1.74%,-3.19%,-3.19%,0,2.69%,-11.16%,,,,,,,,,,,,
,,,,,,,,,,,,,,,,,,2026,6/10/2026,$                                                     282.01,,,,,,,,,,1.93%,$           282.01,5.44,249.90,165.63,202.36,138%,-11%,2.18%,3.28%,1.78%,-0.92%,-0.92%,0,2.69%,-13.20%,,,,,,,,,,,,
,,,,,,,,,,,,,,,,,,2026,6/11/2026,$                                                     297.10,,,,,,,,,,1.83%,$           297.10,5.44,249.90,165.63,202.36,156%,-16%,2.18%,3.28%,1.69%,-5.95%,-5.95%,0,2.69%,-8.55%,,,,,,,,,,,,
,,,,,,,,,,,,,,,,,,2026,6/12/2026,$                                                      301.12,,,,,,,,,,1.81%,$            301.12,5.44,249.90,165.63,202.36,161%,-17%,2.18%,3.28%,1.67%,-7.21%,-7.21%,0,2.69%,-7.32%,,,,,,,,,,,,
,,,,,,,,,,,,,,,,,,2026,6/15/2026,$                                                     313.34,,,,,,,,,,1.74%,$           313.34,5.44,249.90,165.63,202.36,175%,-20%,2.18%,3.28%,1.60%,-10.83%,-10.83%,0,2.69%,-3.56%,,,,,,,,,,,,
,,,,,,,,,,,,,,,,,,2026,6/16/2026,$                                                     305.71,,,,,,,,,,1.78%,$           305.71,5.44,249.90,165.63,202.36,166%,-18%,2.18%,3.28%,1.64%,-8.60%,-8.60%,0,2.69%,-5.90%,,,,,,,,,,,,
,,,,,,,,,,,,,,,,,,2026,6/17/2026,$                                                     301.88,,,,,,,,,,1.80%,$           301.88,5.44,249.90,165.63,202.36,162%,-17%,2.18%,3.28%,1.66%,-7.44%,-7.44%,0,2.69%,-7.08%,,,,,,,,,,,,
,,,,,,,,,,,,,,,,,,2026,6/18/2026,$                                                    322.86,,,,,,,,,,1.68%,$          322.86,5.44,249.90,165.63,202.36,187%,-23%,2.18%,3.28%,1.55%,-13.46%,-13.46%,0,2.69%,-0.62%,,,,,,,,,,,,
,,,,,,,,,,,,,,,,,,2026,6/22/2026,$                                                    332.28,,,,,,,,,,1.64%,$          332.28,5.44,249.90,165.63,202.36,198%,-25%,2.18%,3.28%,1.51%,-15.91%,-15.91%,0,2.69%,0.00%,,,,,,,,,,,,
,,,,,,,,,,,,,,,,,,2026,6/23/2026,$                                                    304.36,,,,,,,,,,1.79%,$          304.36,5.44,249.90,165.63,202.36,165%,-18%,2.18%,3.28%,1.65%,-8.20%,-8.20%,0,2.69%,-8.40%,,,,,,,,,,,,
,,,,,,,,,,,,,,,,,,2026,6/24/2026,$                                                      303.11,,,,,,,,,,1.79%,$            303.11,5.44,249.90,165.63,202.36,163%,-18%,2.18%,3.28%,1.66%,-7.82%,-7.82%,0,2.69%,-8.78%,,,,,,,,,,,,
,,,,,,,,,,,,,,,,,,2026,6/25/2026,$                                                       311.81,,,,,,,,,,1.74%,$             311.81,5.44,249.90,165.63,202.36,173%,-20%,2.18%,3.28%,1.61%,-10.39%,-10.39%,0,2.69%,-6.16%,,,,,,,,,,,,
,,,,,,,,,,,,,,,,,,2026,6/26/2026,$                                                    285.43,,,,,,,,,,1.91%,$          285.43,5.44,249.90,165.63,202.36,142%,-12%,2.18%,3.28%,1.76%,-2.11%,-2.11%,0,2.69%,-14.10%,,,,,,,,,,,,
,,,,,,,,,,,,,,,,,,2026,6/29/2026,$                                                    285.48,,,,,,,,,,1.91%,$          285.48,5.44,249.90,165.63,202.36,142%,-12%,2.18%,3.28%,1.76%,-2.13%,-2.13%,0,2.69%,-14.08%,,,,,,,,,,,,
,,,,,,,,,,,,,,,,,,2026,6/30/2026,$                                                    298.07,,,,,,,,,,1.83%,$          298.07,5.44,249.90,165.63,202.36,157%,-16%,2.18%,3.28%,1.68%,-6.26%,-6.26%,0,2.69%,-10.30%,,,,,,,,,,,,
,,,,,,,,,,,,,,,,,,2026,7/1/2026,$                                                     298.41,,,,,,,,,,1.82%,$           298.41,5.44,249.90,165.63,202.36,158%,-16%,2.18%,3.28%,1.68%,-6.37%,-6.37%,0,2.69%,-10.19%,,,,,,,,,,,,
,,,,,,,,,,,,,,,,,,2026,7/2/2026,$                                                    293.08,,,,,,,,,,1.86%,$          293.08,5.44,249.90,165.63,202.36,151%,-15%,2.18%,3.28%,1.71%,-4.66%,-4.66%,0,2.69%,-11.80%,,,,,,,,,,,,
,,,,,,,,,,,,,,,,,,2026,7/6/2026,$                                                    303.50,,,,,,,,,,1.79%,$          303.50,5.44,249.90,165.63,202.36,164%,-18%,2.18%,3.28%,1.65%,-7.94%,-7.94%,0,2.69%,-8.66%,,,,,,,,,,,,
,,,,,,,,,,,,,,,,,,2026,7/7/2026,$                                                    293.30,,,,,,,,,,1.85%,$          293.30,5.44,249.90,165.63,202.36,151%,-15%,2.18%,3.28%,1.71%,-4.74%,-4.74%,0,2.69%,-11.73%,,,,,,,,,,,,
,,,,,,,,,,,,,,,,,,2026,7/8/2026,$                                                     301.32,,,,,,,,,,1.81%,$           301.32,5.44,249.90,165.63,202.36,161%,-17%,2.18%,3.28%,1.67%,-7.27%,-7.27%,0,2.69%,-9.32%,,,,,,,,,,,,
,,,,,,,,,,,,,,,,,,2026,7/9/2026,$                                                    308.53,,,,,,,,,,1.76%,$          308.53,5.44,249.90,165.63,202.36,170%,-19%,2.18%,3.28%,1.63%,-9.44%,-9.44%,0,2.69%,-7.15%,,,,,,,,,,,,
,,,,,,,,,,,,,,,,,,2026,7/10/2026,$                                                      311.46,,,,,,,,,,1.75%,$            311.46,5.44,249.90,165.63,202.36,173%,-20%,2.18%,3.28%,1.61%,-10.29%,-10.29%,0,2.69%,-6.27%,,,,,,,,,,,,
,,,,,,,,,,,,,,,,,,2026,7/13/2026,$                                                    298.57,,,,,,,,,,1.82%,$          298.57,5.44,249.90,165.63,202.36,158%,-16%,2.18%,3.28%,1.68%,-6.42%,-6.42%,0,2.69%,-10.15%,,,,,,,,,,,,
,,,,,,,,,,,,,,,,,,2026,7/14/2026,$                                                    305.55,,,,,,,,,,1.78%,$          305.55,5.44,249.90,165.63,202.36,166%,-18%,2.18%,3.28%,1.64%,-8.56%,-8.56%,0,2.69%,-8.04%,,,,,,,,,,,,
,,,,,,,,,,,,,,,,,,2026,7/15/2026,$                                                      301.19,,,,,,,,,,1.81%,$            301.19,5.44,249.90,165.63,202.36,161%,-17%,2.18%,3.28%,1.67%,-7.23%,-7.23%,0,2.69%,-9.36%,,,,,,,,,,,,
,,,,,,,,,,,,,,,,,,2026,7/16/2026,$                                                     291.22,,,,,,,,,,1.87%,$           291.22,5.44,249.90,165.63,202.36,149%,-14%,2.18%,3.28%,1.72%,-4.06%,-4.06%,0,2.69%,-12.36%,,,,,,,,,,,,
,,,,,,,,,,,,,,,,,,2026,7/17/2026,$                                                    284.02,,,,,,,,,,1.92%,$          284.02,5.44,249.90,165.63,202.36,140%,-12%,2.18%,3.28%,1.77%,-1.62%,-1.62%,0,2.69%,-14.52%,,,,,,,,,,,,
,,,,,,,,,,,,,,,,,,2026,7/20/2026,$                                                    284.07,,,,,,,,,,1.92%,$          284.07,5.44,249.90,165.63,202.36,141%,-12%,2.18%,3.28%,1.77%,-1.64%,-1.64%,0,2.69%,-14.51%,,,,,,,,,,,,
,,,,,,,,,,,,,,,,,,2026,7/21/2026,$                                                     291.30,,,,,,,,,,1.87%,$           291.30,5.44,249.90,165.63,202.36,149%,-14%,2.18%,3.28%,1.72%,-4.08%,-4.08%,0,2.69%,-12.33%,,,,,,,,,,,,
,,,,,,,,,,,,,,,,,,2026,7/22/2026,$                                                     294.19,,,,,,,,,,1.85%,$           294.19,5.44,249.90,165.63,202.36,153%,-15%,2.18%,3.28%,1.71%,-5.02%,-5.02%,0,2.69%,-11.46%,,,,,,,,,,,,
,,,,,,,,,,,,,,,,,,2026,7/23/2026,$                                                    284.99,,,,,,,,,,1.91%,$          284.99,5.44,249.90,165.63,202.36,142%,-12%,2.18%,3.28%,1.76%,-1.96%,-1.96%,0,2.69%,-14.23%,,,,,,,,,,,,
,,,,,,,,,,,,,,,,,,2026,7/24/2026,$                                                    279.58,,,,,,,,,,1.95%,$          279.58,5.44,249.90,165.63,202.36,135%,-11%,2.18%,3.28%,1.80%,-0.06%,-0.06%,0,2.69%,-15.86%,,,,,,,,,,,,
,,,,,,,,,,,,,,,,,,2026,7/27/2026,$                                                     279.41,,,,,,,,,,1.95%,$           279.41,5.44,249.90,165.63,202.36,135%,-11%,2.18%,3.28%,1.80%,0.00%,0.00%,0,2.69%,-15.91%,,,,,,,,,,,,
